273,203,112,-1418,1811,-3033,0,0
252,168,115,-1372,1741,-3068,0,0
229,95,2,-1513,1727,-3240,0,0
236,-119,-113,-1530,1651,-3284,0,0
199,-52,-50,-1323,1732,-3152,0,0
103,-8,-24,-1508,1884,-3268,0,0
-24,-129,-53,-1484,1946,-3316,0,0
-111,-178,-47,-1498,1865,-3283,0,0
-136,-114,4,-1561,1717,-3397,0,0
-156,-47,28,-1517,1659,-3381,0,0
-154,-24,3,-1536,1650,-3394,0,0
-144,12,-3,-1552,1710,-3433,0,0
-152,55,36,-1576,1769,-3367,0,0
-164,104,92,-1554,1822,-3300,0,0
-150,118,114,-1559,1938,-3380,0,0
-154,102,32,-1667,2044,-3374,0,0
-98,8,-50,-1721,2064,-3160,0,0
-48,143,68,-1517,2042,-3003,0,0
-150,403,170,-1327,2087,-2818,0,0
-187,273,112,-1344,2079,-2633,0,0
-246,12,-9,-1485,2159,-2753,0,0
-321,-147,-51,-1525,2428,-2682,0,0
-230,-235,-36,-1520,2684,-2594,0,0
-104,-291,-29,-1623,2813,-2748,0,0
-78,-293,-40,-1660,2908,-2768,0,0
-105,-297,-47,-1802,2843,-2788,0,0
-100,-188,41,-1773,2651,-2656,0,0
-75,45,159,-1608,2412,-2657,0,0
-145,176,208,-1483,2378,-2574,0,0
-190,207,166,-1380,2515,-2403,0,0
-213,134,18,-1540,2695,-2627,0,0
-248,-158,-135,-1684,2772,-2457,0,0
-103,-240,-4,-1453,2761,-2195,0,0
148,12,151,-1361,2610,-2508,0,0
202,-16,95,-1876,2632,-2748,0,0
107,-126,0,-1877,2809,-2663,0,0
134,-158,-59,-1523,2799,-2738,0,0
214,-163,-92,-1381,2770,-3034,0,0
338,-201,-60,-1150,2677,-2721,0,0
426,-195,-43,-971,2183,-2130,0,0
326,-224,-24,-719,1309,-1421,0,0
108,-299,132,-340,777,-968,0,0
-61,-386,253,-182,1245,-1098,0,0
-186,-449,133,-1157,2408,-2973,0,0
-112,-730,286,-2912,5256,-4887,0,0
568,-695,1308,-2592,6641,-6515,0,0
947,844,1406,-2621,5299,-7112,0,0
974,1105,729,-2986,4195,-5639,0,0
1077,84,77,-2165,2386,-4270,0,0
1056,-479,-518,-2413,390,-2783,0,0
1016,-1603,-528,-1965,267,-3392,0,0
862,-1236,-55,-773,-168,-1499,0,0
496,1054,386,198,129,-1159,0,0
-15,1433,411,-281,198,-567,0,0
-490,720,254,-377,-251,-383,0,0
-848,911,129,453,-164,-218,0,0
-1197,1216,161,459,-499,-528,0,0
-1536,1115,414,290,204,-661,0,0
-1557,1286,690,444,1791,-1989,0,0
-1596,897,29,-759,3135,-2827,0,0
-1320,-596,-803,-3167,4401,-3462,0,0
-985,-798,-734,-1841,4380,-4536,0,0
-782,-890,-169,-669,4284,-2824,0,0
-628,-50,-4,-2465,4668,-3349,0,0
-435,-167,56,-2192,4759,-4059,0,0
-414,-1243,269,-842,4222,-2930,0,0
-606,-578,379,-1142,4461,-3279,0,0
-591,209,372,-1157,5119,-3568,0,0
-289,-136,13,-1413,5580,-3181,0,0
-120,107,-247,-1613,5846,-3087,0,0
-16,347,-265,-1548,6119,-3305,0,0
117,124,-142,-1983,6329,-4186,0,0
125,263,213,-1267,6866,-3864,0,0
270,419,544,-892,6205,-3290,0,0
566,386,615,-739,5038,-3079,0,0
879,29,238,-753,3427,-2152,0,0
1281,-712,-575,-960,1491,-969,0,0
1323,-1557,-1090,-1330,187,211,0,0
993,-1729,-670,-2648,-271,305,0,0
621,-314,-221,-134,-888,-174,0,0
402,170,-115,-658,-798,260,0,0
157,-402,194,-810,-709,695,0,0
55,-263,253,203,-775,185,0,0
-128,-110,111,425,-1182,-1229,0,0
-606,60,-95,35,-664,-825,0,0
-613,184,-147,-120,987,-838,0,0
-401,1082,-418,-445,2608,-2963,0,0
-617,16,-904,-1997,4616,-3281,0,0
-740,-323,-882,-2624,6430,-3256,0,0
-143,-170,-547,-1793,5756,-3652,0,0
62,-242,137,-1770,4274,-3175,0,0
-87,223,611,-1904,3440,-2679,0,0
-108,219,864,-1315,3446,-2335,0,0
-154,309,779,-1941,3758,-2967,0,0
-123,-51,414,-2360,4108,-3600,0,0
78,-720,106,-2219,4416,-4027,0,0
231,-635,-83,-2167,4284,-3875,0,0
253,-111,-87,-2233,3865,-3290,0,0
191,90,-13,-1982,3239,-3050,0,0
186,-119,-100,-1973,3094,-2391,0,0
158,-3,-118,-2170,3134,-2897,0,0
9,-108,-221,-2438,3779,-2929,0,0
-21,-119,-123,-3122,4112,-3994,0,0
-89,665,310,-2741,4784,-3945,0,0
218,983,967,-1918,5123,-3923,0,0
612,1036,1414,-1418,4918,-4418,0,0
720,969,1425,-1083,4651,-3740,0,0
715,905,1154,-646,4095,-3308,0,0
622,277,451,-293,2586,-2795,0,0
415,-799,-460,-498,831,-1091,0,0
259,-1202,-830,-705,-495,224,0,0
332,-655,-647,131,-1144,-156,0,0
156,-2,-544,10,-1227,35,0,0
-62,36,-496,-717,-724,582,0,0
-1,-192,-486,-659,-284,542,0,0
153,-256,-461,-260,-294,76,0,0
56,-164,-389,158,-345,-337,0,0
-299,-328,-143,378,-43,-481,0,0
-484,-2440,398,-110,1533,-1539,0,0
-546,-746,593,-777,3421,-3906,0,0
-831,-236,226,-2136,4080,-4490,0,0
-878,-717,97,-2046,5310,-3736,0,0
-908,-1113,-56,-2344,6021,-4793,0,0
-613,-326,-118,-2146,4108,-4702,0,0
-105,-215,175,-1260,3522,-2371,0,0
131,113,93,-1772,3474,-3532,0,0
-94,471,-263,-2417,4127,-4024,0,0
-169,605,-341,-2059,4703,-3424,0,0
-75,101,-427,-1893,4467,-2984,0,0
-166,224,-348,-2474,3969,-2632,0,0
-162,385,-143,-1711,3701,-2543,0,0
-2,-46,-220,-1500,3780,-2624,0,0
158,116,-255,-1789,4039,-3052,0,0
410,355,-115,-1831,4806,-3917,0,0
621,333,226,-2036,5125,-4369,0,0
799,1035,790,-2280,5057,-4770,0,0
957,1552,1081,-2381,4401,-4675,0,0
889,1798,971,-2140,3483,-3714,0,0
643,1720,411,-860,2369,-3230,0,0
294,1067,-538,-799,1708,-2393,0,0
85,-204,-1560,-1599,576,-1551,0,0
43,-1487,-1717,-1371,399,-804,0,0
-23,-2752,-599,-275,845,-89,0,0
57,398,250,-236,61,-413,0,0
-24,-173,630,-827,-542,-487,0,0
-319,-114,876,-265,-694,100,0,0
-565,26,975,104,-811,42,0,0
-781,-53,955,172,-1072,-181,0,0
-1006,203,809,1208,-512,134,0,0
-1064,609,270,575,1212,-1408,0,0
-1108,-125,-825,-1380,2627,-3089,0,0
-1323,-1071,-1305,-2018,5805,-2695,0,0
-732,-509,-1397,-1147,6948,-3553,0,0
-73,-171,-1307,-1598,5898,-4416,0,0
-247,-2144,-713,-1256,4877,-3688,0,0
-438,409,-66,-966,4764,-1454,0,0
-109,185,632,-790,4419,-1729,0,0
-10,179,972,-350,4324,-2659,0,0
-8,191,953,-1085,4574,-2914,0,0
214,-398,772,-1424,4369,-2936,0,0
350,-403,546,-1409,3977,-2981,0,0
326,-329,368,-1647,3815,-3109,0,0
286,-533,178,-1479,3511,-3058,0,0
190,-28,-43,-1345,3380,-2925,0,0
222,121,-282,-1355,3336,-2861,0,0
358,-306,-371,-970,3585,-3048,0,0
418,-2248,-314,-676,4657,-3406,0,0
499,176,-4,-911,5542,-4099,0,0
516,424,503,-1001,5791,-4464,0,0
687,685,1014,-1060,5885,-4595,0,0
867,835,1206,-907,5036,-3964,0,0
846,842,931,-1327,3666,-2789,0,0
666,688,317,-492,1935,-1856,0,0
278,-578,-763,-578,210,-1028,0,0
-137,-1636,-1370,-1234,-638,-212,0,0
-58,-1887,-1309,-798,-542,-146,0,0
254,-1183,-1123,-564,-707,-406,0,0
253,-992,-772,-727,-440,-168,0,0
209,-1019,-448,-469,-32,-125,0,0
254,-617,-276,-185,228,-373,0,0
242,-292,-129,206,-139,-686,0,0
3,222,83,203,-291,-541,0,0
-256,178,482,-63,160,-601,0,0
-264,-509,1008,-867,2510,-1900,0,0
-214,-192,470,-1609,4282,-4233,0,0
-250,-1822,-593,-4141,5409,-4550,0,0
-360,-1933,-602,-3990,5150,-5056,0,0
-528,-797,-275,-2310,4015,-4397,0,0
-322,46,-306,-3373,3726,-3919,0,0
61,201,-489,-3574,3463,-3839,0,0
229,193,-421,-3091,2779,-3064,0,0
187,659,-276,-2516,2820,-2432,0,0
150,361,-236,-2990,3226,-2055,0,0
85,-135,-325,-3093,3016,-2370,0,0
39,-580,-418,-3271,3087,-2734,0,0
180,-689,-235,-3392,2990,-2989,0,0
225,-190,65,-3391,2994,-2998,0,0
247,73,396,-3030,3058,-3559,0,0
83,732,612,-3517,3629,-4892,0,0
-85,1321,999,-3732,4544,-5386,0,0
-128,2053,1574,-2677,4710,-5834,0,0
24,2368,2008,-2300,5124,-4860,0,0
294,2716,2065,-1784,4164,-4095,0,0
292,1979,1316,-396,2983,-2653,0,0
290,1215,-92,-229,1563,-657,0,0
504,233,-1264,-1209,-601,517,0,0
464,-1493,-1446,-961,-1177,1153,0,0
232,-1775,-1101,-276,-599,415,0,0
54,-1499,-578,-884,-301,113,0,0
-43,-1086,-123,-982,55,380,0,0
62,-1340,21,-505,68,232,0,0
124,-1479,-1,-319,-406,-1167,0,0
-162,-742,-32,-539,-582,-1522,0,0
-461,-165,120,-706,-98,-1218,0,0
-527,-87,428,-665,1132,-2126,0,0
-640,-161,231,-1169,2975,-3393,0,0
-786,-364,-387,-3365,4279,-4444,0,0
-622,-694,-852,-3972,4759,-4144,0,0
-308,-332,-474,-2735,5120,-3077,0,0
-41,593,-147,-2362,4496,-3725,0,0
-6,594,-34,-2367,4341,-3272,0,0
13,726,230,-2121,3868,-3100,0,0
85,355,378,-1997,3886,-2988,0,0
224,-12,374,-2527,3716,-3313,0,0
295,-28,150,-2694,3349,-3364,0,0
346,-216,-107,-2927,3259,-3223,0,0
391,-321,-196,-2900,2965,-3527,0,0
231,-15,-274,-2852,2866,-3679,0,0
164,115,-145,-2697,3276,-3889,0,0
186,343,131,-2810,4103,-4255,0,0
420,701,714,-3019,4937,-4986,0,0
730,1048,1448,-1986,4986,-5194,0,0
809,1102,1783,-1801,4271,-4050,0,0
804,1108,1613,-1309,3329,-3683,0,0
634,596,871,-534,2390,-3313,0,0
366,-411,-331,-759,938,-2005,0,0
78,-989,-1298,-865,-800,-821,0,0
4,-1203,-1412,-590,-1063,306,0,0
108,-659,-1086,-290,-1218,314,0,0
-183,-499,-861,-523,-1067,431,0,0
-473,-882,-808,-187,-408,568,0,0
-404,-862,-795,-3,55,324,0,0
-164,-426,-713,-147,-104,-437,0,0
-283,-290,-400,-539,96,-693,0,0
-379,-299,309,-1016,1318,-1167,0,0
-211,-759,779,-1800,3448,-3263,0,0
-268,-1293,199,-4002,3973,-4272,0,0
-194,-1915,-196,-5021,4236,-4479,0,0
-81,-1290,-153,-3934,3416,-4869,0,0
-84,-87,16,-2985,2629,-4112,0,0
4,630,-28,-2832,2367,-3322,0,0
-12,636,-39,-2911,2395,-2996,0,0
-189,532,57,-2947,2719,-2598,0,0
-366,974,54,-2642,2884,-2521,0,0
-348,645,-60,-3226,3186,-2798,0,0
-226,508,7,-3075,3243,-3304,0,0
-98,581,50,-2518,3258,-3359,0,0
12,475,-5,-3193,3278,-3277,0,0
14,419,191,-2855,3080,-3268,0,0
2,453,331,-2338,3288,-3442,0,0
-4,485,497,-2704,3469,-4094,0,0
-26,788,717,-2303,4221,-4667,0,0
38,1308,899,-2138,4358,-5654,0,0
-61,2056,1054,-1662,4508,-5017,0,0
346,1552,1087,-1302,4047,-4890,0,0
538,1525,648,-1170,3120,-4221,0,0
471,1870,33,-671,2549,-2919,0,0
614,1021,-580,-664,1535,-1606,0,0
868,-92,-1071,-1634,432,-503,0,0
897,-1269,-1060,-1540,-227,-29,0,0
412,-864,-629,-518,-553,-340,0,0
-259,-119,-204,-373,-672,66,0,0
-768,-514,290,-654,-602,831,0,0
-997,-797,603,-279,-469,815,0,0
-1052,-945,631,-103,-853,-23,0,0
-1236,-649,504,-278,-729,-534,0,0
-1262,-181,382,-386,497,-1544,0,0
-1170,-406,-136,-344,2393,-2436,0,0
-1060,-1166,-852,-2019,5223,-2888,0,0
-544,-758,-1435,-2818,6350,-4915,0,0
-35,-794,-1056,-1737,5390,-4221,0,0
-40,-199,-580,-1387,5107,-3238,0,0
-135,29,-355,-1658,4305,-2474,0,0
102,-574,-9,-1535,3776,-2135,0,0
211,-364,376,-1699,3893,-2562,0,0
180,147,551,-1746,4078,-2949,0,0
307,-333,483,-2333,4076,-2995,0,0
297,62,342,-2892,3857,-3220,0,0
252,479,176,-2832,3598,-3367,0,0
367,154,1,-2340,3218,-3098,0,0
407,219,-126,-2633,3248,-3338,0,0
407,630,-9,-2323,3530,-3474,0,0
394,760,0,-2063,4043,-3762,0,0
482,509,202,-2416,4683,-4597,0,0
576,1008,844,-1727,5158,-5178,0,0
628,1492,1179,-1236,4765,-3814,0,0
1075,709,1065,-1655,3802,-3624,0,0
1160,544,812,-1645,2234,-3639,0,0
890,703,260,-413,670,-2596,0,0
699,-325,-713,-458,48,-894,0,0
536,-1429,-1262,-1075,-93,-309,0,0
315,-1539,-1288,-871,-169,-564,0,0
-135,-493,-1148,-712,-248,23,0,0
-649,-441,-870,-888,-197,522,0,0
-938,-1044,-569,-531,-261,332,0,0
-1049,-1290,-227,57,-227,256,0,0
-1020,-854,25,137,-287,-213,0,0
-974,-270,304,-886,112,-510,0,0
-816,-181,780,-1488,1990,-1827,0,0
-525,-931,303,-2186,3899,-3686,0,0
-213,-1802,-330,-3663,5340,-4103,0,0
163,-1492,-44,-3321,5217,-3786,0,0
326,-904,173,-3164,4491,-4377,0,0
75,-22,-41,-3183,3511,-5221,0,0
-154,656,-226,-3151,3092,-3397,0,0
41,620,-166,-3299,3201,-2880,0,0
13,681,-199,-3161,3495,-2795,0,0
-49,156,-384,-3418,3812,-2266,0,0
-5,-10,-356,-3420,3522,-2408,0,0
42,-10,-263,-3170,3236,-2852,0,0
185,-280,-123,-2846,2885,-2487,0,0
370,-146,-33,-2261,2319,-2254,0,0
488,-159,-69,-1975,1884,-2165,0,0
483,-309,-90,-1973,1696,-2028,0,0
337,-219,-47,-2143,1758,-2623,0,0
19,-135,110,-2631,2468,-3286,0,0
-216,40,479,-3226,3199,-4155,0,0
-315,881,1070,-3895,4206,-5121,0,0
-144,1507,1736,-3757,5105,-4892,0,0
191,1953,2115,-3495,4697,-4488,0,0
252,2148,1892,-2238,4186,-3815,0,0
108,1732,1085,-468,3539,-2781,0,0
5,1268,-308,-256,2008,-1903,0,0
113,235,-1333,-1155,221,-896,0,0
51,-985,-1334,-1300,-641,258,0,0
-148,-869,-785,16,-734,342,0,0
-168,-485,-516,181,-672,692,0,0
-44,-331,-371,-539,-326,931,0,0
19,-450,-250,-625,-386,419,0,0
-46,-533,-243,-370,-677,-625,0,0
-2448,-395,-270,-349,-596,-1051,0,0
-654,-173,-75,-784,602,-1068,0,0
-620,542,24,-1261,2260,-2837,0,0
-782,-178,-386,-2443,4998,-2870,0,0
-569,-846,-973,-3795,5921,-4055,0,0
-264,-965,-945,-2740,5466,-4391,0,0
-143,-239,-593,-2210,4815,-3482,0,0
-207,405,-284,-2481,4584,-2861,0,0
-139,18,111,-2968,4659,-2687,0,0
5,-382,421,-3152,4679,-3388,0,0
-118,-6,428,-3143,4561,-2983,0,0
-190,437,132,-3747,3857,-3091,0,0
-166,26,-131,-3293,3498,-2655,0,0
2,-244,-153,-2463,3183,-2241,0,0
182,82,-156,-2257,2708,-2558,0,0
205,323,-170,-1833,2319,-2141,0,0
241,314,-259,-1304,1980,-1488,0,0
332,250,-412,-1224,1562,-1301,0,0
351,436,-516,-1384,1284,-1316,0,0
383,203,-522,-1389,1244,-1155,0,0
369,47,-2448,-1619,1289,-1335,0,0
300,331,-137,-1627,2086,-1758,0,0
302,133,170,-2303,3508,-3307,0,0
328,44,797,-3392,5324,-5476,0,0
428,961,1775,-3448,6874,-6468,0,0
608,1485,2483,-3098,6429,-5764,0,0
815,1290,2554,-2324,4683,-4709,0,0
730,1073,1828,-1135,2957,-3546,0,0
425,510,660,-448,1483,-2140,0,0
188,-607,-478,-1177,68,-1243,0,0
35,-1706,-1021,-1613,-625,-635,0,0
108,-1569,-1092,-774,-845,-524,0,0
-92,-867,-971,-240,-1028,-256,0,0
-422,-455,-737,-285,-716,414,0,0
-528,-683,-646,-352,-203,663,0,0
-524,-624,-552,-250,-82,145,0,0
-652,-347,-301,0,-234,-418,0,0
-870,67,86,-476,534,-831,0,0
-1092,731,394,-1078,2613,-1695,0,0
-1051,42,-200,-1891,4899,-2719,0,0
-551,-2224,-504,-4108,5350,-4026,0,0
-406,-1300,-326,-3768,5058,-4030,0,0
-199,-539,-327,-3258,4751,-3798,0,0
72,-724,-507,-3817,4556,-3811,0,0
56,37,-770,-4340,4732,-4484,0,0
134,-297,-718,-4346,4345,-3897,0,0
179,107,-246,-3380,3783,-2633,0,0
185,739,155,-2662,3142,-1800,0,0
269,276,345,-2274,2364,-1211,0,0
350,43,358,-1910,1776,-1037,0,0
429,-38,234,-1634,1355,-1117,0,0
466,-295,20,-1816,1105,-1263,0,0
404,-451,-94,-2025,1251,-1567,0,0
290,-477,-57,-1974,1538,-1685,0,0
162,-476,-15,-2286,2004,-2166,0,0
4,-298,-6,-3010,2780,-2732,0,0
-144,-111,-26,-3579,3606,-3599,0,0
-340,-198,18,-4320,4517,-4511,0,0
-478,195,362,-4768,5318,-4415,0,0
-273,1041,1052,-4408,5743,-4795,0,0
-14,1559,1581,-3507,5715,-4901,0,0
63,1922,1492,-2517,5312,-3547,0,0
147,2323,762,-1405,3934,-2608,0,0
302,2637,-342,-1253,1759,-2663,0,0
628,1666,-1181,-1729,278,-1475,0,0
1128,61,-1093,-2274,19,405,0,0
1374,281,-231,-1126,140,827,0,0
1170,616,358,-301,-126,571,0,0
761,537,709,-1275,-461,317,0,0
68,784,812,-1000,-1169,503,0,0
-611,183,654,-781,-1625,754,0,0
-982,-404,536,-1435,-1455,-91,0,0
-1177,-142,460,-641,-493,-1527,0,0
-1448,-707,109,142,1567,-1848,0,0
-1394,-960,-419,-542,4223,-2603,0,0
-1057,-487,-1243,-986,5534,-5217,0,0
-750,-686,-1274,-538,6388,-4761,0,0
-302,-902,-914,-1187,6340,-4142,0,0
-191,-541,-347,-1853,5924,-3969,0,0
-144,245,358,-1407,5636,-3526,0,0
129,54,496,-1437,5291,-3507,0,0
251,208,408,-2678,4816,-4280,0,0
290,687,468,-2282,4599,-4113,0,0
497,209,368,-1601,3965,-3188,0,0
571,279,124,-1797,2881,-2979,0,0
302,866,-15,-1326,2165,-2612,0,0
194,318,-193,-2656,1734,-1678,0,0
328,-247,-469,-226,1285,-1275,0,0
412,-262,-677,-902,1002,-1439,0,0
371,46,-658,-1021,1019,-1610,0,0
345,-155,-626,-779,1325,-1202,0,0
302,-88,-417,-1177,1452,-1479,0,0
247,-58,-59,-935,2264,-1952,0,0
237,-677,226,-2122,3355,-3488,0,0
148,-59,682,-1905,4747,-4700,0,0
647,-297,1022,-2949,6166,-6395,0,0
1175,-569,1584,-2783,5656,-6870,0,0
1096,270,1603,-1842,4499,-5264,0,0
970,791,1061,-702,3065,-3784,0,0
886,375,-152,123,1368,-2785,0,0
807,-1650,-1423,-1219,-56,-1533,0,0
388,-2221,-1686,-2594,-756,-617,0,0
-130,-510,-1334,-1672,-842,-194,0,0
-592,-213,-671,-746,-622,459,0,0
-820,-1069,-25,-509,-776,870,0,0
-870,-1066,362,285,-674,787,0,0
-731,-809,459,441,-509,148,0,0
-641,-481,525,-418,-318,-840,0,0
-832,-80,602,-1375,1099,-1795,0,0
-722,-936,-84,-2109,4622,-3169,0,0
-221,-2165,-887,-6600,5202,-4373,0,0
283,-1743,-888,-5318,4012,-3998,0,0
472,-224,-636,-4786,3082,-4295,0,0
337,176,-451,-4275,3088,-3700,0,0
314,96,-610,-4469,3831,-3587,0,0
498,-85,-649,-4681,3542,-4287,0,0
325,-58,-598,-4611,2642,-3743,0,0
63,165,-406,-4276,2297,-2256,0,0
155,176,-339,-3246,1815,-1877,0,0
335,-464,-335,-2454,1243,-1684,0,0
457,-946,-248,-2157,947,-1309,0,0
445,-495,-224,-2002,688,-1495,0,0
299,-326,-248,-2360,523,-1692,0,0
50,-327,-173,-2659,581,-1434,0,0
-83,-323,-49,-2789,735,-2010,0,0
-275,226,90,-3635,1437,-3517,0,0
-637,1438,307,-5016,2487,-5626,0,0
-926,2142,815,-6207,3498,-5961,0,0
-832,2845,1592,-5507,4333,-5010,0,0
-369,3009,1993,-4676,4447,-4793,0,0
-75,2590,1690,-3225,3387,-4157,0,0
-24,2246,785,-2543,2173,-3350,0,0
-294,2388,-115,-2549,1278,-2448,0,0
-442,886,-435,-1662,1075,-421,0,0
-289,-334,-430,-782,677,646,0,0
-149,-586,-33,-547,-127,404,0,0
-354,240,483,-82,-586,548,0,0
-539,419,816,-517,-632,993,0,0
-517,291,735,-1095,-965,634,0,0
-562,3,518,-1062,-1263,-152,0,0
-599,-350,444,-934,-1081,-1203,0,0
-870,-434,337,-566,-238,-2146,0,0
-1112,-730,-40,-1216,2466,-1829,0,0
-632,-601,-784,-654,4464,-4060,0,0
-534,-512,-1204,-786,6605,-5287,0,0
-416,-653,-1169,-371,7026,-3978,0,0
-86,-837,-1119,-1431,7101,-4370,0,0
-10,-624,-647,-2003,6434,-4506,0,0
233,-364,-79,-1856,5477,-3309,0,0
573,-238,160,-3184,4500,-3324,0,0
443,596,435,-3184,3719,-3535,0,0
389,573,428,-1665,2949,-3052,0,0
444,447,151,-1908,2244,-3042,0,0
284,698,128,-1475,1929,-2418,0,0
292,155,179,-634,1568,-3544,0,0
301,-43,53,-891,1345,-1401,0,0
179,156,-87,-1236,1252,-1559,0,0
109,-263,-207,-727,1159,-1266,0,0
51,-533,-334,-730,1251,-1347,0,0
-31,-431,-336,-795,1785,-1589,0,0
-59,-514,-363,-1079,2567,-2322,0,0
-203,-249,-347,-1628,3713,-3832,0,0
-111,-295,-77,-1736,5159,-4705,0,0
316,152,594,-2695,7156,-6176,0,0
637,498,1559,-2816,7127,-6340,0,0
897,588,2013,-2592,5773,-4952,0,0
1040,1302,1719,-1840,3874,-3950,0,0
920,1317,888,-773,1884,-2986,0,0
554,153,-429,-987,296,-1918,0,0
149,-1346,-1378,-1428,-508,-1039,0,0
-123,-1715,-1637,-3144,-606,-472,0,0
-45,-1054,-1400,-797,-737,-371,0,0
31,-860,-1005,-851,-671,-82,0,0
16,-1083,-590,-801,-287,329,0,0
-64,-573,-347,139,-35,306,0,0
-188,-418,-192,-39,177,-9,0,0
-456,-124,289,-922,387,-853,0,0
-697,-301,1029,-628,1824,-1379,0,0
-899,175,847,-797,2876,-2400,0,0
-834,-857,254,-2889,4803,-3305,0,0
-414,-1593,49,-4624,5136,-4195,0,0
-229,-1428,-28,-4190,4631,-4572,0,0
-190,-956,-192,-3325,4130,-4494,0,0
-155,145,-421,-3775,4330,-4181,0,0
32,487,-461,-4687,5085,-4618,0,0
32,267,-228,-3903,4359,-3834,0,0
-159,790,107,-2637,3574,-2181,0,0
-75,1269,272,-2734,2925,-1961,0,0
91,979,315,-1966,2331,-1702,0,0
183,277,192,-1350,1770,-1230,0,0
156,-23,-8,-1306,1238,-819,0,0
186,-357,-188,-1165,936,-519,0,0
267,-748,-363,-1426,746,-973,0,0
171,-890,-471,-1451,1012,-1687,0,0
-67,-810,-481,-1767,2021,-2288,0,0
-239,-561,-374,-2300,3178,-3306,0,0
-319,-328,-41,-3487,4576,-5169,0,0
-282,1002,646,-4220,6159,-6760,0,0
-226,2672,1531,-4342,7071,-7149,0,0
-149,3041,2037,-3993,6584,-4412,0,0
346,2491,1633,-1894,4402,-2788,0,0
595,2072,498,-1392,2626,-2474,0,0
503,2007,-331,-2288,1321,-2612,0,0
499,844,-682,-1462,422,-1068,0,0
629,-501,-870,-1284,286,1027,0,0
626,-620,-553,-901,-28,935,0,0
347,-352,-15,-425,-814,220,0,0
-51,-504,410,-229,-721,582,0,0
-300,-635,458,-131,-484,648,0,0
-498,-601,307,-108,-660,-198,0,0
-751,-572,360,-603,-528,-1141,0,0
-902,-354,480,-940,222,-1590,0,0
-1001,-447,179,-1007,1926,-1992,0,0
-815,-593,-391,-1673,3296,-3610,0,0
-733,-1100,-910,-1168,5056,-7120,0,0
-801,-1186,-943,-1096,7466,-4493,0,0
-688,-732,-463,-1287,8602,-4743,0,0
-697,-103,-220,-1896,7709,-4373,0,0
-288,-413,-242,-3062,6293,-3935,0,0
66,-503,-85,-3820,5133,-3333,0,0
71,290,268,-2733,4079,-2453,0,0
-29,915,259,-2043,2678,-2056,0,0
33,892,-44,-1421,1634,-1667,0,0
239,-285,-461,-1022,724,-879,0,0
104,-567,-712,-695,232,-147,0,0
-63,-803,-675,-700,886,275,0,0
26,-1187,-434,-969,1723,-314,0,0
69,-715,-293,-1424,2774,-1679,0,0
115,-984,-356,-1725,4362,-1916,0,0
404,-1107,-602,-3738,5586,-3253,0,0
519,-335,-325,-6400,5919,-4189,0,0
828,-82,308,-4323,5918,-4578,0,0
999,886,983,-5163,5470,-4716,0,0
1032,1375,1505,-4365,4605,-4040,0,0
988,1427,1541,-3695,3273,-2998,0,0
787,1666,1158,-2325,2119,-2123,0,0
516,814,211,-1068,494,-1197,0,0
133,-365,-880,-1072,-818,-291,0,0
-164,-372,-1451,-927,-1790,-255,0,0
-361,-227,-1403,-902,-1978,605,0,0
-549,292,-1025,-972,-1615,990,0,0
-614,-653,-710,-658,-1050,1190,0,0
-647,-614,-455,-649,-296,781,0,0
-713,87,-68,-589,1015,-319,0,0
-974,-212,223,-982,2502,-546,0,0
-1117,-558,195,-1423,4474,-745,0,0
-814,-1321,150,-2349,5840,-1697,0,0
-98,-1545,151,-3706,5664,-3082,0,0
767,-1541,-130,-4365,5469,-4807,0,0
839,-1276,-315,-5308,5534,-4704,0,0
381,62,-235,-5624,6114,-3913,0,0
295,244,89,-4368,5250,-3183,0,0
163,1784,545,-2971,4511,-2840,0,0
199,2174,566,-2252,3373,-2815,0,0
182,986,308,-2339,2561,-2259,0,0
49,845,209,-1946,2150,-1277,0,0
160,761,149,-1424,1767,-672,0,0
344,117,-46,-1451,1345,-668,0,0
394,-164,-200,-1272,1098,-776,0,0
420,-226,-237,-1090,1062,-836,0,0
408,-168,-2296,-1268,1340,-1335,0,0
286,-548,-222,-1346,1825,-1914,0,0
81,-593,-154,-2066,2578,-3284,0,0
-317,-185,173,-2242,4110,-4776,0,0
-472,173,683,-2298,5478,-5296,0,0
-341,1175,1279,-2756,5842,-6201,0,0
-297,1992,1610,-2630,6140,-4516,0,0
173,1597,1429,-2478,5011,-3625,0,0
424,946,757,-1513,4390,-2860,0,0
327,410,-255,-790,3337,-2293,0,0
231,63,-1380,-841,1557,-2493,0,0
183,-875,-1774,-1183,92,-1168,0,0
267,-826,-875,-545,-287,472,0,0
472,164,-105,350,-579,1071,0,0
593,275,144,-597,-635,1032,0,0
516,-86,360,-1023,-843,960,0,0
338,-525,305,-388,-1164,528,0,0
28,-930,102,-590,-1168,-713,0,0
-336,-295,120,-1005,-213,-2380,0,0
-731,47,124,-682,1595,-2681,0,0
-769,292,-152,-1388,3331,-3380,0,0
-852,372,-1063,-2540,4532,-5535,0,0
-883,-622,-1058,-1969,5873,-4451,0,0
-638,-34,-584,-1963,5884,-3675,0,0
-526,60,-345,-2674,5729,-3840,0,0
-453,-408,21,-2901,5439,-3247,0,0
-270,-218,242,-2844,5068,-3596,0,0
-32,-600,347,-3326,4631,-3547,0,0
13,-189,405,-2883,4137,-3074,0,0
98,90,220,-2383,3511,-2963,0,0
193,39,67,-2312,2952,-2586,0,0
235,331,-27,-1949,2444,-2208,0,0
279,170,-171,-1680,1899,-1894,0,0
334,-144,-233,-1670,1485,-1446,0,0
363,-35,-271,-1350,1244,-1214,0,0
376,-352,-386,-1283,1082,-1106,0,0
231,-558,-441,-1232,1075,-914,0,0
37,-576,-413,-1304,1497,-1060,0,0
-169,-479,-256,-1500,1893,-3672,0,0
-276,-194,-14,-1759,3227,-2333,0,0
-68,-132,275,-3171,5220,-4063,0,0
270,436,965,-4301,7049,-6363,0,0
550,851,1726,-4535,7383,-5738,0,0
990,836,2113,-3907,6095,-4316,0,0
1291,976,1974,-1952,3966,-3826,0,0
1074,1067,1072,-408,2175,-2587,0,0
945,-2384,-39,-833,437,-1743,0,0
608,-1081,-629,-1018,-734,-533,0,0
400,-945,-861,-587,-992,84,0,0
105,-755,-910,-411,-1271,168,0,0
-416,-424,-858,-197,-957,620,0,0
-554,-939,-823,52,-389,908,0,0
-487,-950,-730,327,-220,457,0,0
-453,-809,-520,327,76,67,0,0
-512,-599,-24,-1066,425,-822,0,0
-663,-265,545,-1676,2173,-1688,0,0
-641,-886,166,-3135,3919,-2883,0,0
-447,-1788,-153,-5016,5462,-4156,0,0
6,-2019,190,-5549,5949,-3507,0,0
228,-372,536,-4496,5258,-4453,0,0
65,-122,272,-4358,4984,-4696,0,0
-219,-233,99,-5691,5036,-3849,0,0
-335,465,313,-4607,4217,-3223,0,0
-287,920,532,-2896,3281,-1900,0,0
-139,1262,465,-1981,2813,-1281,0,0
80,610,255,-1842,2690,-1226,0,0
224,-250,137,-1646,2311,-1079,0,0
173,-31,121,-1447,1811,-991,0,0
78,102,59,-1031,1485,-801,0,0
58,-267,-141,-851,1169,-591,0,0
56,-469,-424,-1171,1001,-856,0,0
-13,-688,-668,-1425,1319,-1402,0,0
-142,-1040,-809,-1617,1728,-1816,0,0
-287,-609,-876,-2434,2792,-2274,0,0
-232,-398,-727,-3546,4114,-3920,0,0
-278,132,-158,-5370,5775,-5451,0,0
-232,1415,960,-6120,6885,-5412,0,0
57,2380,1904,-5551,6153,-4363,0,0
515,2393,2065,-5397,5796,-3253,0,0
841,1814,1771,-3386,4741,-2439,0,0
905,692,821,-1182,3245,-1619,0,0
802,216,-375,-170,977,-987,0,0
560,-83,-1076,-429,-794,-290,0,0
271,-1098,-762,-452,-887,666,0,0
-14,-826,-356,364,-896,1077,0,0
-92,-443,-258,342,-708,1380,0,0
35,-1012,-334,-267,-439,1358,0,0
196,-964,-410,-639,-464,444,0,0
39,-900,-307,-587,-699,-1194,0,0
-527,-551,-14,-1123,-84,-1917,0,0
-988,501,310,-1068,1097,-2577,0,0
-1299,40,280,-1773,3257,-2271,0,0
-1646,196,-244,-3959,5233,-3718,0,0
-2021,-668,-844,-3922,6624,-3312,0,0
-1841,-365,-899,-4150,7346,-2693,0,0
-1231,499,-558,-4539,6890,-2488,0,0
-522,-40,-239,-5406,6120,-1591,0,0
97,458,57,-5118,5068,-2262,0,0
542,256,186,-3852,4139,-2078,0,0
711,271,254,-2728,3077,-1117,0,0
800,565,171,-1478,2060,-848,0,0
911,336,-60,-972,1327,-976,0,0
883,153,-298,-1047,1310,-1110,0,0
683,50,-466,-1250,1267,-1009,0,0
442,-108,-540,-1392,1060,-1141,0,0
179,-301,-563,-1538,1180,-954,0,0
91,-335,-567,-1715,1310,-1051,0,0
91,-189,-546,-2213,1962,-1598,0,0
166,-63,-423,-2481,2739,-2485,0,0
248,199,-124,-2969,3327,-3477,0,0
386,528,371,-3919,4953,-6472,0,0
511,1048,1292,-5199,6114,-5668,0,0
971,1150,2330,-5207,7114,-5548,0,0
1848,1516,3130,-3830,6229,-6187,0,0
2047,1496,2933,-2556,4419,-5082,0,0
1475,1107,1839,-1858,2190,-2829,0,0
489,1566,463,-315,30,-1604,0,0
-239,-381,-786,116,-999,-276,0,0
-518,-1688,-1422,-1052,-1057,597,0,0
-359,-1026,-1564,-580,-1320,-246,0,0
-473,-1642,-1510,-105,-1162,-28,0,0
-832,-1751,-1467,-241,-810,765,0,0
-843,-1386,-1521,9,-423,849,0,0
-570,-1053,-1353,-495,-54,276,0,0
-437,-755,-882,-1005,719,-141,0,0
-489,-714,-106,-1678,890,-1005,0,0
-587,-879,890,-1195,2362,-1660,0,0
-466,-1315,882,-2511,4307,-2173,0,0
-350,-2032,202,-6189,6108,-2995,0,0
-263,-1917,-27,-6542,5241,-3372,0,0
-44,-788,-59,-5696,4412,-2832,0,0
304,-175,-400,-7006,3552,-3934,0,0
277,406,-447,-6507,3874,-3374,0,0
194,1022,-246,-4941,4129,-2595,0,0
30,725,65,-4370,3003,-1841,0,0
-181,1062,340,-2847,2347,-889,0,0
-114,705,243,-1906,2014,-703,0,0
14,-43,68,-2077,1545,-1031,0,0
28,-33,22,-1754,1201,-886,0,0
110,43,-79,-1235,1020,-755,0,0
212,-350,-283,-1281,838,-812,0,0
147,-389,-465,-1751,713,-1071,0,0
42,-446,-550,-1922,980,-1562,0,0
-113,-330,-494,-2574,1743,-2103,0,0
-236,739,-266,-4377,3545,-4019,0,0
-290,1093,435,-6887,5467,-6048,0,0
-270,2434,1641,-7330,6323,-6443,0,0
-143,3846,2288,-6352,6322,-4591,0,0
47,3779,2238,-4361,4789,-3257,0,0
111,2218,1347,-1380,2955,-1997,0,0
100,845,-189,-2064,1260,-1020,0,0
290,-272,-1207,-534,458,-447,0,0
725,-1122,-760,-824,20,284,0,0
686,224,85,522,-477,514,0,0
399,221,471,-169,-560,950,0,0
78,-463,569,-594,-777,1301,0,0
-333,-918,460,-333,-1360,811,0,0
-864,-814,121,-455,-1508,9,0,0
-1257,-817,-262,-933,-896,-522,0,0
-1461,-445,-522,-1586,-293,-1997,0,0
-1534,-773,-1085,-2693,2768,-2413,0,0
-1344,-812,-1935,-4052,5138,-4429,0,0
-730,-1092,-2043,-3919,7845,-4083,0,0
-6,-989,-1218,-4132,7520,-4242,0,0
250,-164,-414,-5167,7150,-3314,0,0
393,160,600,-5290,5703,-2719,0,0
381,975,1181,-4165,4513,-3220,0,0
405,785,1229,-3067,3806,-2945,0,0
405,397,969,-2531,3127,-2535,0,0
279,730,546,-1706,2485,-2330,0,0
248,623,94,-1218,1919,-2018,0,0
292,103,-234,-1008,1400,-1644,0,0
250,-107,-453,-921,1050,-1056,0,0
223,-42,-622,-980,827,-893,0,0
198,-234,-699,-1131,789,-1099,0,0
-39,-275,-610,-1693,1497,-1641,0,0
-174,-359,-96,-1983,3107,-2239,0,0
-30,-61,609,-2795,5828,-4623,0,0
265,-117,1428,-4549,8954,-5977,0,0
971,1587,2785,-3814,7761,-7501,0,0
1047,2153,2886,-2340,6218,-5161,0,0
1083,372,1855,-2102,3456,-2858,0,0
579,-209,536,-1501,98,-899,0,0
42,8,-539,-527,-1463,48,0,0
-28,-1161,-1164,-536,-1417,227,0,0
6,-1017,-1385,-579,-1709,-280,0,0
-221,-968,-1310,-194,-933,288,0,0
-234,-1421,-1170,-151,-27,787,0,0
-119,-1097,-1033,-119,159,562,0,0
-53,-799,-814,-7,-262,-109,0,0
-244,-796,-529,-296,-231,-530,0,0
-580,-641,-143,-1035,387,-785,0,0
-650,-1079,426,-2321,3034,-1340,0,0
-603,-1329,294,-2674,4725,-2307,0,0
-479,-1888,-143,-4573,5873,-2886,0,0
-206,-1082,-39,-5221,4779,-4382,0,0
-133,95,77,-4319,4606,-3122,0,0
194,109,-28,-4902,4016,-2990,0,0
287,922,288,-4617,4517,-2972,0,0
221,1586,672,-3338,4062,-2973,0,0
20,1866,562,-3270,3311,-2754,0,0
-236,1868,97,-3317,3353,-2459,0,0
-127,640,-183,-3050,3307,-1989,0,0
125,395,-278,-2444,3482,-2104,0,0
318,96,-163,-2312,3407,-2325,0,0
388,230,94,-2114,3111,-2625,0,0
383,149,173,-2860,3048,-3173,0,0
256,339,441,-3287,3618,-3677,0,0
220,413,656,-3092,4309,-4796,0,0
234,910,1080,-3582,5030,-5714,0,0
136,2150,1509,-2425,4848,-4683,0,0
192,1978,1228,-1199,3879,-3326,0,0
194,1286,419,-430,2443,-1982,0,0
156,350,-580,-119,1047,-393,0,0
406,-3560,-1121,-415,44,838,0,0
726,-1869,-881,-123,-1020,858,0,0
738,-1116,-517,57,-1035,770,0,0
331,-238,-512,-421,-948,365,0,0
-260,-697,-617,-726,-1488,-163,0,0
-748,-900,-699,-692,-1525,-600,0,0
-725,-351,-781,30,-585,-961,0,0
-390,479,-1712,87,890,-1634,0,0
511,45,-4094,-3349,943,-5518,0,0
1048,-2848,-6460,-8109,638,-7622,0,0
721,-3909,-6588,-11216,130,-3463,0,0
1130,-1054,-3118,-12543,275,-4961,0,0
750,683,484,-5259,1668,-4519,0,0
-127,1899,1370,-1935,1421,-1975,0,0
-464,2372,1280,-2048,702,-1679,0,0
-828,1755,978,-2444,343,-1986,0,0
-1384,1431,614,-2423,-137,-2056,0,0
-1818,1254,191,-2710,-264,-2389,0,0
-1672,-78,163,-2944,394,-2315,0,0
-1088,-256,416,-2532,1056,-2087,0,0
-510,345,477,-1791,932,-2340,0,0
-94,66,233,-1573,874,-2225,0,0
158,-389,-263,-2340,643,-2158,0,0
257,-924,-698,-2097,406,-2068,0,0
293,-1762,-1254,-1447,189,-1796,0,0
309,-2588,-2037,-2444,-487,-1529,0,0
186,-2849,-2360,-5722,-1388,-1485,0,0
147,-3767,-1923,-4929,-917,-626,0,0
150,-2542,-1674,-3129,-1140,-494,0,0
101,412,-1791,-3612,-1552,-1031,0,0
104,1141,-1637,-4683,-1996,-1775,0,0
38,-720,-1383,-5412,-2452,-1343,0,0
-137,-1842,-1216,-6984,-2313,-973,0,0
-264,-644,-1090,-3993,-1776,-1036,0,0
-140,720,-1186,-2182,-1284,-1540,0,0
65,1110,-1654,-1466,-1444,-1764,0,0
217,889,-1972,-3178,-2436,-955,0,0
351,898,-1888,-3255,-3497,-1004,0,0
376,243,-1849,-2367,-3892,-885,0,0
447,-213,-1990,-2172,-4519,-791,0,0
395,-773,-2276,-2385,-5078,-721,0,0
141,-1273,-2373,-2331,-4515,-350,0,0
32,-1089,-2181,-1790,-4019,-40,0,0
63,-187,-1934,-1821,-4552,-34,0,0
15,433,-1725,-1929,-5125,15,0,0
-81,113,-1389,-1745,-4818,-128,0,0
-111,-494,-897,-1518,-4238,-164,0,0
-40,-776,-390,-1637,-4327,16,0,0
101,-626,-26,-1645,-4575,-16,0,0
218,-403,104,-1385,-4409,-161,0,0
255,-521,111,-1088,-4338,18,0,0
232,-1063,116,-1219,-4071,163,0,0
257,-1002,96,-1136,-4137,187,0,0
306,-1030,171,-1172,-4108,301,0,0
353,-595,347,-1218,-4281,228,0,0
371,272,436,-1224,-4443,83,0,0
272,1076,385,-1011,-4579,-166,0,0
97,1094,238,-875,-4525,-327,0,0
-29,568,78,-1021,-4408,-191,0,0
-56,100,35,-1161,-4261,161,0,0
-6,120,64,-1155,-4164,230,0,0
21,297,65,-1126,-4043,54,0,0
-9,226,55,-1113,-3969,-37,0,0
-60,117,16,-1147,-4140,7,0,0
-107,2,-14,-1238,-4337,57,0,0
-125,-97,-2,-1216,-4407,-20,0,0
-123,-214,41,-1210,-4351,-162,0,0
-125,-244,76,-1177,-4134,-260,0,0
-125,-252,88,-1156,-3992,-169,0,0
-79,-164,57,-1196,-4061,-158,0,0
-35,-49,-15,-1263,-4190,-174,0,0
-13,13,-84,-1307,-4299,-199,0,0
9,77,-83,-1264,-4289,-219,0,0
29,197,-8,-1138,-4218,-260,0,0
33,315,33,-995,-4262,-345,0,0
-1,292,19,-973,-4266,-266,0,0
-31,215,12,-992,-4306,-119,0,0
-31,188,25,-961,-4321,-135,0,0
-38,184,32,-901,-4308,-188,0,0
-49,129,27,-840,-4202,-217,0,0
-57,-6,1,-920,-4261,-188,0,0
-53,-80,-14,-1002,-4268,-142,0,0
-43,-108,-9,-1049,-4193,-240,0,0
-49,-137,12,-1104,-4187,-224,0,0
-48,-109,29,-1152,-4249,-225,0,0
-51,-82,47,-1153,-4269,-206,0,0
-47,-49,76,-1124,-4224,-203,0,0
-40,-25,97,-1114,-4324,-155,0,0
-23,-58,98,-1127,-4316,-168,0,0
-16,-63,71,-1108,-4289,-256,0,0
-22,-89,22,-1193,-4229,-279,0,0
-32,-89,15,-1243,-4209,-262,0,0
-33,-94,44,-1242,-4181,-237,0,0
-18,-65,61,-1183,-4225,-209,0,0
4,-3,37,-1190,-4207,-272,0,0
8,20,10,-1219,-4223,-274,0,0
10,43,-1,-1248,-4242,-274,0,0
9,62,-3,-1224,-4248,-264,0,0
-5,57,-8,-1198,-4251,-210,0,0
-1,38,-12,-1192,-4214,-234,0,0
1,7,8,-1184,-4211,-246,0,0
-1,-11,6,-1236,-4184,-279,0,0
-8,-24,4,-1279,-4208,-242,0,0
3,-14,5,-1289,-4207,-256,0,0
2,11,-7,-1268,-4247,-243,0,0
8,56,-19,-1216,-4277,-242,0,0
17,51,-16,-1214,-4294,-259,0,0
17,21,12,-1194,-4223,-295,0,0
-2,30,25,-1152,-4264,-272,0,0
-23,-21,11,-1170,-4315,-192,0,0
-26,-71,-9,-1191,-4161,-233,0,0
-46,-49,-6,-1191,-4147,-245,0,0
-54,-37,-4,-1221,-4179,-259,0,0
-53,-47,-5,-1197,-4251,-219,0,0
-35,-29,14,-1225,-4278,-225,0,0
-11,2,42,-1186,-4191,-260,0,0
10,-4,39,-1183,-4161,-267,0,0
14,4,22,-1216,-4164,-239,0,0
18,11,25,-1244,-4177,-218,0,0
13,17,25,-1261,-4267,-243,0,0
-13,-16,10,-1282,-4297,-223,0,0
-28,-3,3,-1257,-4286,-201,0,0
-35,49,9,-1182,-4253,-239,0,0
-52,-10,11,-1139,-4295,-153,0,0
-44,-60,-5,-1148,-4298,-171,0,0
-34,-33,-18,-1083,-4194,-232,0,0
-36,-54,-27,-1119,-4147,-305,0,0
-37,-67,-36,-1201,-4176,-310,0,0
-38,-63,-41,-1250,-4174,-292,0,0
-12,-29,-17,-1260,-4141,-283,0,0
18,28,6,-1236,-4183,-350,0,0
30,10,10,-1171,-4207,-360,0,0
36,-1,8,-1160,-4196,-383,0,0
34,35,8,-1167,-4170,-380,0,0
30,32,0,-1231,-4225,-328,0,0
31,31,5,-1264,-4227,-357,0,0
11,57,21,-1224,-4251,-366,0,0
-19,88,47,-1124,-4255,-325,0,0
-51,81,71,-1053,-4230,-284,0,0
-75,-1,89,-1056,-4203,-236,0,0
-67,-72,89,-1114,-4200,-248,0,0
-58,-83,51,-1170,-4254,-265,0,0
-56,-123,15,-1234,-4222,-236,0,0
-42,-111,28,-1238,-4151,-291,0,0
-31,-51,36,-1206,-4212,-360,0,0
-37,-72,-1,-1270,-4275,-410,0,0
-44,-134,-11,-1299,-4270,-343,0,0
-23,-91,10,-1271,-4190,-344,0,0
-11,-23,8,-1199,-4209,-349,0,0
-10,-7,-36,-1204,-4232,-332,0,0
-3,-10,-70,-1207,-4191,-318,0,0
8,-13,-69,-1195,-4192,-332,0,0
13,-13,-70,-1208,-4248,-297,0,0
27,-26,-87,-1235,-4194,-343,0,0
30,-30,-88,-1212,-4208,-337,0,0
29,-29,-80,-1207,-4208,-320,0,0
36,-36,-77,-1219,-4187,-300,0,0
53,-35,-61,-1243,-4165,-264,0,0
70,-19,-53,-1289,-4193,-246,0,0
79,28,-52,-1330,-4226,-262,0,0
78,84,-39,-1319,-4217,-271,0,0
76,151,-8,-1238,-4233,-196,0,0
82,223,21,-1147,-4247,-132,0,0
83,244,21,-1101,-4282,-133,0,0
69,169,16,-1102,-4304,-132,0,0
52,77,48,-1113,-4233,-131,0,0
40,45,79,-1175,-4202,-117,0,0
33,35,84,-1192,-4225,-60,0,0
41,44,72,-1186,-4259,-80,0,0
30,39,61,-1187,-4309,-131,0,0
11,34,53,-1164,-4287,-196,0,0
-8,24,61,-1148,-4280,-131,0,0
-16,55,72,-1170,-4267,-115,0,0
-22,62,67,-1165,-4232,-85,0,0
-27,33,56,-1192,-4229,-37,0,0
-24,23,45,-1225,-4226,-70,0,0
-17,41,41,-1207,-4233,-123,0,0
-24,45,33,-1212,-4246,-145,0,0
-31,30,30,-1231,-4234,-156,0,0
-32,11,35,-1227,-4226,-165,0,0
-45,-12,39,-1227,-4213,-162,0,0
-52,-13,37,-1229,-4213,-162,0,0
-44,10,13,-1208,-4253,-163,0,0
-45,-12,-18,-1201,-4255,-201,0,0
-49,-48,-18,-1193,-4226,-205,0,0
-46,-29,-1,-1157,-4206,-180,0,0
-37,-32,0,-1192,-4199,-221,0,0
-38,-55,-17,-1280,-4232,-217,0,0
-36,-45,-30,-1323,-4190,-205,0,0
-17,-8,-23,-1304,-4168,-193,0,0
13,65,-19,-1250,-4210,-190,0,0
38,92,-39,-1214,-4188,-238,0,0
50,74,-69,-1238,-4206,-227,0,0
51,71,-87,-1268,-4262,-189,0,0
63,76,-75,-1264,-4244,-228,0,0
73,85,-48,-1230,-4199,-252,0,0
68,88,-38,-1182,-4203,-232,0,0
67,90,-45,-1179,-4216,-256,0,0
51,90,-43,-1190,-4256,-242,0,0
27,80,-32,-1155,-4221,-195,0,0
25,81,-24,-1108,-4206,-227,0,0
16,62,-32,-1122,-4259,-233,0,0
-3,52,-41,-1124,-4281,-196,0,0
-3,64,-20,-1120,-4255,-251,0,0
-17,49,15,-1059,-4234,-233,0,0
-33,32,35,-1026,-4225,-188,0,0
-34,29,37,-1029,-4236,-235,0,0
-33,-1,31,-1051,-4238,-257,0,0
-37,-19,19,-1110,-4259,-300,0,0
-62,-16,35,-1105,-4239,-319,0,0
-89,-47,64,-1060,-4154,-325,0,0
-104,-112,89,-1017,-4143,-287,0,0
-97,-156,77,-1040,-4193,-340,0,0
-88,-176,37,-1094,-4273,-323,0,0
-55,-127,-16,-1202,-4357,-311,0,0
-16,-40,-49,-1292,-4286,-397,0,0
-19,12,7,-1251,-4174,-390,0,0
-20,34,80,-1195,-4197,-268,0,0
9,73,62,-1207,-4247,-328,0,0
-3,51,44,-1239,-4223,-320,0,0
-9,101,52,-1207,-4216,-318,0,0
-5,103,49,-1173,-4233,-244,0,0
13,90,36,-1138,-4215,-214,0,0
38,90,10,-1126,-4244,-214,0,0
54,91,-11,-1118,-4244,-288,0,0
40,69,-24,-1135,-4281,-307,0,0
28,27,-19,-1139,-4247,-281,0,0
29,15,-8,-1145,-4257,-285,0,0
28,43,-10,-1180,-4279,-322,0,0
7,39,-22,-1194,-4233,-312,0,0
-16,13,-8,-1158,-4179,-255,0,0
-11,12,3,-1123,-4226,-206,0,0
8,-16,-10,-1166,-4223,-277,0,0
5,-47,-21,-1221,-4253,-337,0,0
-12,-46,-10,-1238,-4257,-311,0,0
-14,-18,9,-1185,-4223,-318,0,0
-17,-19,13,-1144,-4222,-290,0,0
-12,-24,2,-1152,-4212,-266,0,0
0,-20,-3,-1186,-4227,-254,0,0
4,-18,-8,-1231,-4253,-277,0,0
-7,-28,-4,-1219,-4226,-278,0,0
-15,4,20,-1129,-4220,-246,0,0
-10,-21,18,-1114,-4227,-263,0,0
-12,-82,-13,-1152,-4284,-241,0,0
-9,-91,-19,-1188,-4275,-220,0,0
16,-45,-6,-1160,-4219,-299,0,0
12,-43,-14,-1153,-4221,-332,0,0
-12,-82,-31,-1164,-4231,-258,0,0
-19,-106,-17,-1157,-4240,-202,0,0
-8,-100,-2,-1153,-4216,-213,0,0
-9,-69,5,-1144,-4199,-210,0,0
-6,-55,10,-1132,-4219,-245,0,0
-14,-48,9,-1140,-4247,-253,0,0
-29,-61,9,-1150,-4261,-242,0,0
-30,-75,35,-1144,-4299,-205,0,0
-10,-54,50,-1136,-4247,-329,0,0
-26,-73,40,-1170,-4209,-312,0,0
-36,-64,34,-1227,-4201,-260,0,0
-28,-18,48,-1235,-4230,-257,0,0
-27,-24,56,-1233,-4255,-243,0,0
-18,-12,54,-1218,-4235,-208,0,0
6,22,49,-1198,-4233,-251,0,0
8,33,40,-1206,-4208,-278,0,0
-8,57,37,-1186,-4171,-276,0,0
-6,33,31,-1209,-4204,-230,0,0
-1,15,26,-1245,-4226,-220,0,0
3,43,30,-1236,-4221,-239,0,0
5,29,35,-1216,-4263,-222,0,0
10,23,30,-1219,-4203,-251,0,0
12,55,27,-1211,-4187,-274,0,0
-3,23,20,-1236,-4249,-213,0,0
3,20,11,-1242,-4230,-216,0,0
11,27,13,-1248,-4194,-266,0,0
-5,38,19,-1241,-4178,-276,0,0
-19,37,17,-1214,-4189,-254,0,0
-18,-10,10,-1224,-4228,-227,0,0
-14,-15,3,-1235,-4258,-175,0,0
8,16,4,-1220,-4204,-262,0,0
9,4,2,-1243,-4181,-310,0,0
-12,-16,-16,-1274,-4202,-291,0,0
-18,-13,-10,-1264,-4206,-233,0,0
-14,1,15,-1228,-4179,-232,0,0
-15,-9,17,-1217,-4155,-247,0,0
-24,-45,4,-1245,-4155,-271,0,0
-40,-47,11,-1265,-4127,-242,0,0
-46,-40,28,-1250,-4141,-221,0,0
-29,-23,34,-1241,-4183,-217,0,0
-10,-8,29,-1264,-4190,-279,0,0
-9,4,27,-1257,-4271,-291,0,0
7,35,-7,-1288,-4269,-224,0,0
45,105,-40,-1305,-4293,-289,0,0
49,108,-21,-1314,-4225,-374,0,0
19,66,11,-1276,-4187,-339,0,0
6,53,19,-1247,-4224,-278,0,0
-1,25,11,-1235,-4239,-226,0,0
-4,27,8,-1207,-4239,-225,0,0
2,-5,2,-1214,-4238,-245,0,0
6,-38,8,-1224,-4199,-292,0,0
0,-33,10,-1228,-4225,-290,0,0
-5,-42,2,-1263,-4254,-274,0,0
-12,-47,3,-1271,-4243,-250,0,0
-20,-45,11,-1255,-4197,-264,0,0
-33,-68,12,-1260,-4205,-266,0,0
-47,-79,13,-1274,-4231,-216,0,0
-35,-74,7,-1287,-4222,-234,0,0
-23,-50,5,-1296,-4221,-278,0,0
-16,-10,-5,-1297,-4202,-308,0,0
-14,-18,-8,-1270,-4203,-257,0,0
-2,-3,-4,-1240,-4199,-237,0,0
17,43,-12,-1209,-4225,-227,0,0
31,46,-21,-1212,-4214,-267,0,0
31,50,-26,-1237,-4225,-292,0,0
15,41,-19,-1239,-4222,-279,0,0
7,26,-5,-1236,-4220,-241,0,0
13,44,-7,-1241,-4231,-190,0,0
28,71,-13,-1245,-4183,-217,0,0
30,105,-22,-1233,-4210,-280,0,0
11,58,-32,-1258,-4279,-317,0,0
-6,9,-10,-1247,-4275,-293,0,0
-15,26,14,-1190,-4207,-315,0,0
-24,15,9,-1160,-4200,-285,0,0
-20,5,-14,-1178,-4232,-242,0,0
-11,9,-24,-1194,-4251,-240,0,0
3,10,-8,-1184,-4204,-259,0,0
10,8,2,-1170,-4173,-247,0,0
16,-27,-3,-1197,-4141,-270,0,0
15,-27,-10,-1260,-4206,-275,0,0
-4,-36,-13,-1269,-4221,-261,0,0
-4,-46,-3,-1243,-4244,-246,0,0
12,-19,13,-1203,-4278,-292,0,0
8,-3,0,-1192,-4268,-333,0,0
-4,-7,-13,-1221,-4242,-330,0,0
-13,12,1,-1239,-4204,-314,0,0
-25,34,17,-1213,-4218,-247,0,0
-30,13,15,-1200,-4172,-208,0,0
-22,0,14,-1207,-4192,-182,0,0
-10,-1,15,-1217,-4223,-166,0,0
5,25,24,-1164,-4192,-256,0,0
3,5,22,-1150,-4266,-289,0,0
-5,-40,8,-1145,-4285,-274,0,0
-7,-57,8,-1153,-4263,-284,0,0
-10,-56,7,-1182,-4257,-283,0,0
-19,-66,4,-1208,-4197,-256,0,0
-16,-41,7,-1212,-4162,-244,0,0
-19,-46,10,-1236,-4188,-249,0,0
-22,-42,12,-1245,-4216,-210,0,0
-7,-19,12,-1216,-4222,-245,0,0
-7,-10,16,-1202,-4215,-285,0,0
-16,7,17,-1192,-4201,-291,0,0
-14,-10,11,-1204,-4231,-242,0,0
-8,-14,11,-1217,-4194,-245,0,0
-8,-7,13,-1195,-4198,-231,0,0
-7,-19,5,-1200,-4218,-215,0,0
-2,-21,-5,-1194,-4218,-214,0,0
6,-7,-2,-1209,-4233,-256,0,0
5,-8,-3,-1203,-4243,-251,0,0
7,-8,-12,-1222,-4234,-269,0,0
5,5,-12,-1229,-4229,-285,0,0
-19,24,2,-1166,-4177,-239,0,0
-20,-13,0,-1150,-4169,-200,0,0
-10,-49,-11,-1206,-4225,-205,0,0
-11,-46,-14,-1221,-4235,-222,0,0
-8,-29,-6,-1214,-4243,-269,0,0
-19,-46,8,-1210,-4212,-279,0,0
-20,-32,13,-1203,-4231,-263,0,0
-12,-21,7,-1213,-4209,-264,0,0
-10,-4,4,-1228,-4196,-256,0,0
-9,10,2,-1240,-4254,-224,0,0
-9,24,11,-1237,-4241,-243,0,0
-19,26,25,-1217,-4199,-281,0,0
-32,-5,47,-1182,-4200,-260,0,0
-31,-27,54,-1174,-4208,-251,0,0
-35,-63,39,-1185,-4250,-234,0,0
-25,-62,17,-1230,-4232,-238,0,0
-6,-19,5,-1254,-4236,-255,0,0
6,12,8,-1261,-4188,-265,0,0
13,33,13,-1245,-4216,-2320,0,0
3,6,4,-1267,-4296,-235,0,0
4,-13,9,-1252,-4201,-262,0,0
-2,18,26,-1230,-4187,-288,0,0
-11,9,15,-1217,-4217,-256,0,0
-13,-6,-11,-1221,-4237,-244,0,0
-16,-16,-27,-1246,-4224,-258,0,0
-20,-6,-29,-1225,-4244,-299,0,0
-31,-19,-18,-1179,-4222,-317,0,0
-35,-26,-6,-1132,-4197,-342,0,0
-46,-62,-5,-1138,-4198,-320,0,0
-43,-83,-15,-1201,-4238,-285,0,0
-35,-75,2,-1233,-4248,-309,0,0
-39,-38,23,-1222,-4233,-357,0,0
-49,-54,23,-1244,-4198,-335,0,0
-53,-72,35,-1244,-4211,-263,0,0
-48,-66,39,-1228,-4207,-252,0,0
-41,-56,32,-1197,-4245,-268,0,0
-38,-59,20,-1198,-4238,-332,0,0
-43,-69,11,-1189,-4194,-306,0,0
-38,-80,7,-1205,-4187,-279,0,0
-24,-88,4,-1275,-4163,-257,0,0
-25,-76,-7,-1326,-4186,-327,0,0
-39,-64,-11,-1337,-4204,-325,0,0
-23,-37,-2,-1324,-4206,-287,0,0
-5,8,16,-1235,-4210,-303,0,0
13,41,11,-1181,-4243,-305,0,0
15,8,-9,-1190,-4246,-301,0,0
9,-7,-21,-1230,-4229,-329,0,0
1,-22,-13,-1241,-4219,-289,0,0
6,-17,-12,-1224,-4226,-273,0,0
17,-11,-20,-1224,-4217,-292,0,0
21,-5,-33,-1252,-4256,-300,0,0
30,34,-43,-1283,-4229,-337,0,0
20,58,-30,-1270,-4173,-344,0,0
13,50,-9,-1245,-4200,-270,0,0
23,61,-5,-1205,-4234,-262,0,0
25,59,-14,-1188,-4238,-277,0,0
22,57,-19,-1191,-4227,-294,0,0
17,57,-16,-1180,-4201,-320,0,0
4,37,5,-1160,-4198,-291,0,0
-6,3,9,-1160,-4216,-237,0,0
6,4,4,-1178,-4235,-263,0,0
9,8,-2,-1208,-4251,-316,0,0
-11,7,3,-1198,-4207,-321,0,0
-15,-5,16,-1168,-4190,-294,0,0
-18,-23,17,-1156,-4241,-277,0,0
-22,-40,-1,-1176,-4245,-316,0,0
-22,-25,-5,-1208,-4246,-393,0,0
-31,-15,8,-1232,-4230,-310,0,0
-32,10,31,-1190,-4167,-219,0,0
-29,7,37,-1142,-4162,-243,0,0
-31,-50,26,-1192,-4249,-224,0,0
-17,-48,24,-1217,-4256,-299,0,0
-21,-10,36,-1178,-4193,-404,0,0
-32,-19,31,-1208,-4202,-325,0,0
-19,-9,29,-1207,-4249,-232,0,0
-9,-27,33,-1201,-4230,-229,0,0
0,-27,33,-1189,-4200,-296,0,0
-7,-57,26,-1196,-4216,-299,0,0
-12,-73,26,-1210,-4230,-284,0,0
1,-63,19,-1245,-4211,-289,0,0
11,-43,10,-1268,-4217,-290,0,0
8,-14,16,-1268,-4203,-339,0,0
4,9,20,-1261,-4186,-327,0,0
-12,25,21,-1261,-4224,-287,0,0
-23,5,38,-1230,-4237,-280,0,0
-18,19,43,-1227,-4201,-332,0,0
-23,-5,30,-1236,-4213,-316,0,0
-35,-24,19,-1269,-4198,-353,0,0
-41,-17,16,-1247,-4209,-322,0,0
-37,-14,13,-1270,-4232,-257,0,0
-25,-7,15,-1225,-4222,-300,0,0
-9,-23,8,-1245,-4207,-339,0,0
-18,-3,-5,-1257,-4186,-381,0,0
-24,14,-16,-1294,-4198,-300,0,0
-16,9,4,-1282,-4196,-315,0,0
-21,-2,9,-1256,-4202,-359,0,0
-21,-9,-6,-1280,-4202,-355,0,0
-20,9,-10,-1264,-4198,-368,0,0
-25,22,-7,-1255,-4190,-370,0,0
-26,-1,-1,-1273,-4182,-333,0,0
-23,-14,8,-1276,-4190,-331,0,0
-17,-15,10,-1287,-4192,-318,0,0
-12,-6,22,-1265,-4177,-330,0,0
-10,-3,23,-1252,-4198,-354,0,0
-10,-24,16,-1254,-4219,-336,0,0
-8,-23,16,-1250,-4245,-315,0,0
-3,-30,16,-1244,-4206,-363,0,0
-8,-48,14,-1266,-4196,-354,0,0
-14,-47,7,-1281,-4191,-333,0,0
-13,-39,8,-1282,-4189,-325,0,0
-6,-42,8,-1299,-4215,-331,0,0
3,-30,-1,-1295,-4197,-361,0,0
1,5,3,-1280,-4186,-366,0,0
-6,8,9,-1291,-4201,-356,0,0
-14,-16,11,-1291,-4210,-319,0,0
-11,-12,16,-1284,-4203,-309,0,0
-2,8,3,-1271,-4220,-352,0,0
0,15,-11,-1286,-4214,-381,0,0
1,36,-11,-1293,-4210,-376,0,0
-4,46,0,-1272,-4189,-346,0,0
-3,46,-4,-1261,-4201,-315,0,0
5,37,-17,-1282,-4227,-305,0,0
20,59,-17,-1269,-4205,-358,0,0
11,68,-4,-1251,-4178,-383,0,0
1,30,-3,-1265,-4185,-303,0,0
11,22,2,-1284,-4190,-297,0,0
18,32,1,-1281,-4200,-338,0,0
25,30,1,-1286,-4230,-325,0,0
28,39,3,-1276,-4196,-352,0,0
12,24,18,-1265,-4139,-379,0,0
2,24,22,-1267,-4183,-368,0,0
4,21,9,-1295,-4284,-331,0,0
26,35,5,-1289,-4270,-329,0,0
35,77,22,-1223,-4161,-381,0,0
21,83,22,-1179,-4106,-381,0,0
7,26,2,-1228,-4217,-279,0,0
6,2,3,-1270,-4266,-262,0,0
10,9,11,-1255,-4242,-289,0,0
23,1,10,-1250,-4216,-286,0,0
27,19,-3,-1206,-4185,-294,0,0
32,41,-29,-1199,-4188,-329,0,0
23,6,-47,-1243,-4255,-279,0,0
25,0,-37,-1272,-4235,-279,0,0
33,36,-14,-1229,-4186,-296,0,0
16,36,-8,-1185,-4145,-297,0,0
7,16,-20,-1211,-4208,-273,0,0
5,3,-7,-1244,-4236,-276,0,0
-2,27,23,-1230,-4216,-302,0,0
-13,32,55,-1193,-4196,-304,0,0
-15,17,65,-1216,-4233,-318,0,0
-25,13,76,-1165,-4158,-285,0,0
-19,4,77,-1172,-4256,-192,0,0
10,-4,18,-1241,-4210,-256,0,0
11,-78,11,-1313,-4103,-254,0,0
14,-31,19,-1324,-4211,-288,0,0
9,-38,-7,-1387,-4254,-323,0,0
-4,-40,-2,-1375,-4217,-342,0,0
-8,16,20,-1287,-4238,-298,0,0
-4,44,8,-1207,-4218,-310,0,0
-1,20,-16,-1184,-4216,-255,0,0
14,12,-31,-1201,-4193,-229,0,0
30,4,-40,-1232,-4177,-237,0,0
41,9,-56,-1301,-4242,-248,0,0
41,14,-62,-1343,-4217,-303,0,0
24,8,-28,-1309,-4186,-319,0,0
7,11,3,-1258,-4205,-292,0,0
4,4,-1,-1247,-4229,-319,0,0
-21,-30,12,-1227,-4292,-282,0,0
-26,-48,31,-1185,-4212,-230,0,0
-13,-49,24,-1195,-4134,-286,0,0
-25,-72,4,-1287,-4188,-274,0,0
-25,-54,7,-1307,-4159,-298,0,0
-32,-46,34,-1249,-4204,-323,0,0
-39,-89,37,-1239,-4233,-316,0,0
-31,-106,29,-1250,-4245,-272,0,0
-6,-36,12,-1257,-4200,-303,0,0
3,-28,-27,-1306,-4179,-346,0,0
-27,-36,-39,-1374,-4254,-255,0,0
-45,73,-14,-1310,-4247,-136,0,0
-26,80,33,-1176,-4198,-186,0,0
-10,-41,44,-1147,-4184,-261,0,0
7,-31,5,-1180,-4226,-336,0,0
24,2,-15,-1206,-4188,-417,0,0
11,-32,-10,-1262,-4214,-368,0,0
0,-42,-10,-1308,-4269,-283,0,0
7,25,3,-1319,-4214,-310,0,0
-11,61,34,-1271,-4193,-299,0,0
-28,23,51,-1256,-4288,-183,0,0
-2,28,41,-1236,-4227,-198,0,0
15,75,18,-1188,-4168,-246,0,0
7,77,-17,-1198,-4188,-295,0,0
9,36,-29,-1242,-4216,-266,0,0
16,55,-17,-1248,-4232,-257,0,0
24,80,-19,-1228,-4191,-289,0,0
25,71,-29,-1241,-4205,-284,0,0
21,61,-23,-1251,-4207,-273,0,0
13,66,12,-1216,-4192,-249,0,0
10,37,33,-1169,-4228,-191,0,0
22,4,16,-1154,-4255,-201,0,0
34,-4,-12,-1148,-4229,-241,0,0
34,-11,-35,-1189,-4250,-273,0,0
31,-21,-38,-1230,-4223,-275,0,0
27,0,-25,-1253,-4173,-290,0,0
9,12,-18,-1271,-4208,-240,0,0
-5,11,-5,-1271,-4230,-184,0,0
4,31,14,-1247,-4239,-247,0,0
-16,34,33,-1209,-4217,-277,0,0
-44,17,36,-1159,-4199,-253,0,0
-45,-19,34,-1169,-4237,-211,0,0
-38,-26,32,-1188,-4256,-196,0,0
-28,-19,28,-1186,-4213,-249,0,0
-35,-43,27,-1190,-4200,-243,0,0
-37,-60,24,-1189,-4188,-246,0,0
-33,-82,21,-1200,-4209,-263,0,0
-40,-114,12,-1241,-4214,-231,0,0
-25,-79,2,-1252,-4224,-231,0,0
-6,-42,8,-1239,-4216,-266,0,0
-7,-23,7,-1216,-4190,-281,0,0
-1,-23,-12,-1244,-4181,-279,0,0
-2,-23,-20,-1269,-4257,-238,0,0
3,-11,-12,-1276,-4225,-228,0,0
20,32,-4,-1277,-4218,-296,0,0
8,9,0,-1280,-4225,-270,0,0
12,26,3,-1245,-4194,-247,0,0
19,49,3,-1216,-4247,-226,0,0
23,31,-14,-1242,-4251,-216,0,0
30,34,-4,-1250,-4152,-299,0,0
7,50,12,-1229,-4158,-260,0,0
-8,27,3,-1252,-4216,-223,0,0
-11,-12,13,-1259,-4230,-201,0,0
-3,3,34,-1214,-4265,-199,0,0
7,8,20,-1195,-4315,-230,0,0
6,-33,-7,-1247,-4256,-249,0,0
6,-14,-13,-1270,-4137,-297,0,0
-6,4,8,-1240,-4151,-274,0,0
-19,-3,10,-1249,-4246,-205,0,0
-16,-12,-1,-1255,-4253,-209,0,0
-13,14,15,-1201,-4218,-245,0,0
-18,22,8,-1190,-4257,-255,0,0
-24,-12,-17,-1266,-4269,-247,0,0
-26,10,-2,-1290,-4198,-270,0,0
-34,45,30,-1237,-4168,-293,0,0
-42,29,37,-1213,-4152,-261,0,0
-42,5,32,-1219,-4224,-189,0,0
-22,-6,29,-1213,-4207,-201,0,0
-3,-6,18,-1240,-4226,-213,0,0
13,26,-4,-1283,-4229,-281,0,0
14,37,0,-1298,-4202,-280,0,0
12,66,12,-1275,-4178,-271,0,0
12,60,12,-1267,-4189,-217,0,0
16,53,23,-1261,-4216,-193,0,0
28,68,24,-1260,-4230,-238,0,0
32,77,16,-1263,-4215,-273,0,0
31,93,13,-1253,-4216,-276,0,0
30,103,13,-1241,-4224,-263,0,0
28,96,4,-1237,-4221,-246,0,0
25,89,-4,-1237,-4234,-214,0,0
31,91,-12,-1233,-4242,-240,0,0
25,104,-14,-1216,-4219,-276,0,0
7,78,-13,-1207,-4205,-262,0,0
2,33,-7,-1218,-4192,-230,0,0
6,27,-15,-1240,-4218,-217,0,0
6,21,-14,-1265,-4242,-207,0,0
8,17,-5,-1257,-4196,-222,0,0
8,35,12,-1199,-4177,-253,0,0
-4,18,2,-1172,-4223,-271,0,0
-21,-15,-11,-1185,-4264,-252,0,0
-24,-22,-11,-1179,-4293,-295,0,0
-34,-26,-1,-1155,-4274,-346,0,0
-56,-32,2,-1125,-4219,-337,0,0
-60,-58,-16,-1143,-4224,-295,0,0
-56,-75,-34,-1156,-4261,-245,0,0
-46,-69,-36,-1151,-4271,-292,0,0
-40,-79,-22,-1137,-4253,-349,0,0
-37,-103,-15,-1142,-4225,-387,0,0
-36,-107,-14,-1180,-4199,-378,0,0
-27,-75,-16,-1215,-4221,-390,0,0
-18,-35,-19,-1233,-4252,-412,0,0
-18,-8,-16,-1209,-4244,-449,0,0
-21,40,-5,-1143,-4235,-408,0,0
-25,34,0,-1083,-4195,-354,0,0
-19,12,-4,-1113,-4218,-333,0,0
-6,13,-14,-1165,-4234,-347,0,0
0,19,-5,-1182,-4224,-340,0,0
0,21,8,-1174,-4184,-350,0,0
-2,10,11,-1164,-4210,-303,0,0
1,-2,7,-1167,-4226,-269,0,0
14,15,6,-1160,-4249,-282,0,0
25,28,-4,-1152,-4268,-350,0,0
10,6,-12,-1185,-4243,-342,0,0
-9,13,6,-1168,-4162,-311,0,0
-11,-9,22,-1145,-4207,-250,0,0
-3,-33,8,-1193,-4227,-238,0,0
8,-17,8,-1188,-4237,-275,0,0
14,-2,16,-1179,-4234,-335,0,0
11,12,10,-1184,-4243,-364,0,0
-10,-10,15,-1199,-4202,-319,0,0
-18,-12,30,-1192,-4234,-244,0,0
-9,-8,32,-1184,-4247,-247,0,0
1,-13,33,-1188,-4241,-286,0,0
-6,0,39,-1158,-4183,-289,0,0
-9,-8,29,-1161,-4202,-266,0,0
-3,-25,5,-1216,-4268,-237,0,0
11,-16,-4,-1233,-4237,-265,0,0
30,29,6,-1211,-4194,-318,0,0
28,31,-1,-1223,-4198,-339,0,0
10,9,0,-1233,-4233,-276,0,0
6,6,17,-1217,-4196,-210,0,0
20,29,17,-1200,-4178,-194,0,0
34,34,-12,-1222,-4235,-242,0,0
27,33,-11,-1238,-4234,-282,0,0
16,60,15,-1180,-4229,-339,0,0
-3,11,33,-1154,-4245,-316,0,0
-12,-4,34,-1153,-4250,-276,0,0
-5,12,25,-1152,-4250,-271,0,0
-3,9,8,-1180,-4208,-289,0,0
-11,-1,9,-1177,-4176,-260,0,0
-13,-13,4,-1189,-4215,-235,0,0
-16,-37,4,-1197,-4216,-199,0,0
1,-30,9,-1186,-4212,-265,0,0
-6,-38,9,-1181,-4232,-313,0,0
-33,-39,9,-1163,-4240,-274,0,0
-30,-47,8,-1174,-4256,-257,0,0
-28,-74,16,-1200,-4242,-260,0,0
-31,-61,9,-1187,-4210,-270,0,0
-31,-76,-1,-1218,-4214,-266,0,0
-27,-70,-4,-1231,-4219,-262,0,0
-23,-56,8,-1206,-4224,-243,0,0
-11,-58,7,-1200,-4222,-260,0,0
-10,-53,-5,-1224,-4243,-252,0,0
-3,-50,-3,-1228,-4216,-276,0,0
-6,-22,6,-1228,-4215,-298,0,0
-19,-10,-2,-1227,-4198,-316,0,0
-30,-26,8,-1228,-4229,-270,0,0
-29,-16,30,-1229,-4237,-274,0,0
-32,-19,49,-1207,-4206,-299,0,0
-39,-34,50,-1215,-4191,-294,0,0
-42,-24,41,-1228,-4222,-253,0,0
-38,-23,45,-1223,-4168,-274,0,0
-38,-35,43,-1240,-4230,-285,0,0
-37,-36,27,-1279,-4249,-325,0,0
-41,-24,47,-1275,-4203,-349,0,0
-59,-11,60,-1231,-4182,-357,0,0
-67,-53,54,-1234,-4201,-328,0,0
-66,-67,56,-1255,-4260,-277,0,0
-52,-67,45,-1283,-4238,-315,0,0
-42,-54,47,-1298,-4170,-376,0,0
-44,-29,36,-1313,-4195,-366,0,0
-41,-29,24,-1336,-4176,-343,0,0
-31,-16,33,-1314,-4116,-355,0,0
-22,-9,22,-1326,-4223,-313,0,0
0,-14,-4,-1355,-4218,-355,0,0
9,27,7,-1311,-4138,-428,0,0
-5,26,-1,-1302,-4169,-392,0,0
-9,-22,-21,-1336,-4225,-284,0,0
8,-9,-13,-1331,-4183,-324,0,0
9,-11,3,-1313,-4201,-355,0,0
4,-11,-7,-1320,-4167,-395,0,0
-6,-15,-11,-1308,-4192,-381,0,0
-13,-10,-3,-1301,-4205,-334,0,0
-6,4,-1,-1302,-4187,-359,0,0
-14,-18,-4,-1319,-4232,-357,0,0
-16,-15,-1,-1288,-4175,-358,0,0
-19,2,8,-1248,-4166,-369,0,0
-23,-57,0,-1303,-4201,-313,0,0
-18,-59,2,-1321,-4190,-324,0,0
-11,-49,16,-1308,-4193,-341,0,0
-3,-45,14,-1323,-4182,-377,0,0
-13,-49,6,-1325,-4168,-342,0,0
-9,-34,7,-1294,-4166,-321,0,0
1,-24,5,-1275,-4171,-355,0,0
-4,-40,-5,-1307,-4237,-332,0,0
1,-24,-10,-1326,-4222,-369,0,0
-5,8,7,-1318,-4190,-398,0,0
-17,6,10,-1305,-4187,-370,0,0
-22,-20,2,-1310,-4216,-333,0,0
-13,-17,11,-1312,-4192,-286,0,0
13,10,15,-1296,-4136,-320,0,0
18,10,8,-1310,-4144,-334,0,0
15,1,-4,-1333,-4175,-333,0,0
16,6,4,-1345,-4182,-339,0,0
15,18,15,-1324,-4186,-342,0,0
12,13,10,-1305,-4216,-314,0,0
15,8,4,-1294,-4208,-341,0,0
10,30,8,-1262,-4192,-360,0,0
-2,-11,2,-1293,-4201,-336,0,0
-10,-35,2,-1323,-4204,-326,0,0
-14,-19,10,-1315,-4215,-346,0,0
-22,-24,13,-1310,-4220,-330,0,0
-18,-3,13,-1294,-4172,-372,0,0
-27,-9,15,-1292,-4182,-349,0,0
-31,-34,11,-1328,-4183,-289,0,0
-17,-22,9,-1337,-4155,-300,0,0
-4,-2,9,-1325,-4172,-333,0,0
2,9,3,-1303,-4189,-345,0,0
1,19,-2,-1290,-4191,-356,0,0
2,-5,5,-1325,-4188,-346,0,0
2,-5,24,-1325,-4200,-343,0,0
1,-8,33,-1301,-4210,-320,0,0
3,-14,26,-1289,-4184,-356,0,0
-1,-23,19,-1315,-4185,-359,0,0
-5,-17,20,-1316,-4203,-312,0,0
3,2,21,-1303,-4173,-315,0,0
6,-2,13,-1318,-4183,-321,0,0
7,-8,-5,-1355,-4215,-306,0,0
11,14,-11,-1344,-4177,-337,0,0
2,21,5,-1307,-4167,-342,0,0
-3,-18,-1,-1323,-4200,-281,0,0
10,-9,-6,-1340,-4213,-301,0,0
11,-3,-6,-1337,-4203,-335,0,0
9,6,-10,-1334,-4191,-351,0,0
6,16,-16,-1336,-4182,-344,0,0
4,20,-14,-1325,-4182,-297,0,0
7,21,-13,-1317,-4165,-306,0,0
8,21,-15,-1317,-4196,-299,0,0
10,18,-21,-1325,-4202,-309,0,0
6,46,-15,-1304,-4174,-346,0,0
-7,33,-16,-1285,-4171,-322,0,0
-10,1,-8,-1286,-4221,-292,0,0
-5,-4,-8,-1290,-4225,-282,0,0
3,4,-2,-1272,-4181,-308,0,0
2,-1,-3,-1259,-4183,-312,0,0
2,-17,-11,-1280,-4185,-297,0,0
8,-13,-10,-1286,-4185,-305,0,0
7,-18,-6,-1267,-4195,-263,0,0
16,-23,-21,-1282,-4233,-254,0,0
26,-10,-27,-1307,-4210,-311,0,0
11,18,-13,-1271,-4167,-339,0,0
-3,-12,-10,-1266,-4170,-284,0,0
2,-4,-16,-1292,-4221,-269,0,0
1,-5,-8,-1277,-4197,-270,0,0
8,6,6,-1251,-4205,-271,0,0
12,10,5,-1235,-4193,-283,0,0
9,4,3,-1238,-4192,-272,0,0
7,1,1,-1259,-4214,-263,0,0
8,2,-2,-1280,-4258,-247,0,0
13,16,3,-1283,-4231,-310,0,0
-2,39,22,-1215,-4185,-338,0,0
-24,3,21,-1191,-4145,-279,0,0
-33,-51,15,-1215,-4166,-238,0,0
-44,-75,30,-1210,-4186,-205,0,0
-37,-86,26,-1212,-4243,-179,0,0
-18,-94,3,-1286,-4255,-247,0,0
-10,-64,2,-1339,-4229,-312,0,0
-9,-18,18,-1323,-4219,-347,0,0
-18,-12,23,-1292,-4199,-299,0,0
-22,2,13,-1279,-4205,-250,0,0
-15,4,16,-1252,-4212,-223,0,0
-14,15,17,-1223,-4210,-245,0,0
-14,-23,10,-1237,-4203,-264,0,0
-10,-35,11,-1266,-4233,-276,0,0
-8,-27,9,-1275,-4226,-303,0,0
-9,-31,10,-1287,-4203,-320,0,0
-15,-19,10,-1286,-4211,-294,0,0
-17,-18,12,-1280,-4207,-266,0,0
-11,-13,13,-1262,-4193,-279,0,0
-12,-15,0,-1272,-4249,-279,0,0
-11,-32,-12,-1289,-4215,-311,0,0
-10,8,-4,-1250,-4194,-354,0,0
-13,-6,-15,-1264,-4204,-317,0,0
-9,-25,-22,-1312,-4162,-272,0,0
7,9,-11,-1300,-4183,-275,0,0
12,9,-15,-1290,-4221,-265,0,0
20,21,-18,-1273,-4207,-338,0,0
14,25,-9,-1232,-4200,-358,0,0
6,17,-9,-1219,-4201,-329,0,0
5,18,-12,-1237,-4227,-324,0,0
2,13,-9,-1263,-4247,-300,0,0
1,25,1,-1237,-4204,-327,0,0
-7,36,8,-1215,-4185,-330,0,0
-14,6,1,-1244,-4192,-283,0,0
-5,18,2,-1259,-4217,-267,0,0
-1,30,5,-1249,-4231,-308,0,0
-5,7,7,-1250,-4215,-307,0,0
4,29,9,-1251,-4186,-310,0,0
8,47,8,-1242,-4181,-293,0,0
7,33,2,-1267,-4207,-242,0,0
18,39,-9,-1293,-4218,-224,0,0
29,50,7,-1290,-4204,-303,0,0
20,70,20,-1254,-4219,-316,0,0
13,61,22,-1259,-4192,-302,0,0
7,40,24,-1262,-4226,-262,0,0
14,60,23,-1261,-4224,-257,0,0
19,61,16,-1265,-4209,-257,0,0
21,68,7,-1277,-4200,-290,0,0
16,79,1,-1278,-4180,-280,0,0
11,80,8,-1274,-4195,-256,0,0
6,67,9,-1282,-4217,-238,0,0
6,52,11,-1292,-4244,-250,0,0
8,68,22,-1281,-4208,-320,0,0
-8,70,28,-1251,-4166,-307,0,0
-15,45,17,-1248,-4200,-255,0,0
-10,30,9,-1262,-4210,-213,0,0
9,54,6,-1258,-4203,-235,0,0
14,53,4,-1251,-4205,-260,0,0
9,41,-11,-1252,-4183,-279,0,0
9,43,-23,-1269,-4219,-271,0,0
1,30,-21,-1279,-4226,-250,0,0
3,27,-13,-1270,-4206,-242,0,0
19,30,-16,-1297,-4204,-269,0,0
10,42,-14,-1311,-4178,-265,0,0
7,51,-13,-1296,-4134,-256,0,0
15,40,0,-1296,-4182,-223,0,0
22,55,2,-1287,-4213,-215,0,0
33,59,4,-1249,-4219,-226,0,0
34,54,11,-1222,-4213,-267,0,0
24,36,17,-1221,-4201,-255,0,0
15,19,15,-1232,-4215,-229,0,0
8,2,11,-1251,-4242,-199,0,0
14,6,9,-1256,-4243,-215,0,0
13,19,21,-1235,-4222,-270,0,0
-18,15,35,-1175,-4208,-271,0,0
-33,-29,30,-1158,-4238,-224,0,0
-24,-37,23,-1181,-4247,-231,0,0
-31,-50,19,-1213,-4236,-244,0,0
-35,-49,24,-1235,-4209,-269,0,0
-40,-34,35,-1249,-4206,-293,0,0
-55,-28,49,-1242,-4184,-268,0,0
-58,-31,59,-1210,-4200,-244,0,0
-49,-47,39,-1233,-4253,-209,0,0
-30,-43,4,-1296,-4206,-275,0,0
-28,-19,12,-1309,-4224,-327,0,0
-35,-37,30,-1268,-4225,-311,0,0
-26,-67,26,-1241,-4236,-277,0,0
-3,-39,-6,-1287,-4203,-316,0,0
-2,-12,-27,-1306,-4192,-344,0,0
-12,-16,-28,-1301,-4175,-337,0,0
-19,-2,-18,-1275,-4198,-347,0,0
-38,-29,4,-1236,-4210,-304,0,0
-36,-49,9,-1249,-4221,-302,0,0
-29,-67,8,-1286,-4228,-334,0,0
-29,-63,20,-1290,-4174,-356,0,0
-22,-26,24,-1296,-4160,-401,0,0
-31,-38,11,-1328,-4206,-324,0,0
-20,-21,5,-1333,-4161,-315,0,0
-15,-1,8,-1289,-4183,-347,0,0
-20,-17,7,-1271,-4204,-341,0,0
-16,-29,7,-1265,-4181,-353,0,0
-9,-28,13,-1277,-4175,-341,0,0
-4,-19,2,-1322,-4194,-345,0,0
-5,-19,-1,-1361,-4198,-344,0,0
1,24,16,-1317,-4161,-359,0,0
-7,32,23,-1275,-4181,-353,0,0
-17,-21,15,-1317,-4191,-320,0,0
-13,-18,22,-1304,-4219,-313,0,0
-11,-13,19,-1291,-4201,-361,0,0
-15,-26,6,-1312,-4205,-354,0,0
-9,-1,3,-1293,-4191,-326,0,0
2,2,3,-1275,-4157,-310,0,0
11,-17,-11,-1296,-4180,-261,0,0
25,-21,-28,-1332,-4226,-272,0,0
36,-21,-31,-1313,-4215,-320,0,0
31,-13,-29,-1261,-4203,-317,0,0
35,-38,-50,-1309,-4202,-265,0,0
58,12,-65,-1343,-4197,-339,0,0
46,61,-51,-1269,-4183,-379,0,0
26,65,-38,-1207,-4242,-316,0,0
21,43,-29,-1204,-4258,-297,0,0
6,7,-9,-1217,-4230,-237,0,0
21,24,-6,-1198,-4175,-215,0,0
28,36,-32,-1208,-4199,-240,0,0
20,8,-47,-1257,-4223,-253,0,0
12,26,-21,-1256,-4245,-289,0,0
-12,25,19,-1227,-4208,-320,0,0
-33,-20,47,-1231,-4209,-263,0,0
-38,-18,63,-1212,-4194,-231,0,0
-31,13,58,-1183,-4225,-251,0,0
-29,4,38,-1203,-4249,-243,0,0
-18,-10,35,-1207,-4183,-251,0,0
-13,-8,35,-1185,-4175,-228,0,0
-5,-31,20,-1214,-4181,-209,0,0
14,-30,6,-1262,-4207,-258,0,0
15,-22,7,-1278,-4213,-324,0,0
-14,-30,15,-1235,-4180,-284,0,0
-13,-50,14,-1218,-4189,-233,0,0
-1,-62,1,-1253,-4237,-254,0,0
3,-42,-15,-1301,-4302,-252,0,0
17,4,-13,-1328,-4253,-325,0,0
4,26,1,-1328,-4177,-372,0,0
-29,25,10,-1277,-4183,-261,0,0
-31,15,11,-1224,-4196,-185,0,0
-13,4,-4,-1202,-4222,-206,0,0
6,-2,-18,-1217,-4212,-284,0,0
2,20,-15,-1219,-4215,-346,0,0
-22,-22,-12,-1242,-4191,-295,0,0
-28,-47,-3,-1274,-4230,-231,0,0
-29,-52,15,-1279,-4232,-230,0,0
-28,-44,19,-1248,-4230,-263,0,0
-26,-40,9,-1227,-4197,-339,0,0
-37,-54,11,-1209,-4205,-285,0,0
-31,-32,6,-1211,-4224,-282,0,0
-33,-52,-2,-1264,-4228,-289,0,0
-39,-65,10,-1273,-4202,-274,0,0
-34,-27,21,-1253,-4215,-298,0,0
-40,-47,14,-1276,-4181,-290,0,0
-33,-40,18,-1270,-4200,-293,0,0
-29,-48,22,-1243,-4232,-270,0,0
-12,-38,7,-1248,-4203,-292,0,0
2,-8,-1,-1253,-4204,-350,0,0
-5,-20,2,-1262,-4194,-299,0,0
5,-9,1,-1257,-4166,-280,0,0
14,-6,-10,-1303,-4224,-281,0,0
19,4,-14,-1319,-4222,-277,0,0
20,43,7,-1278,-4184,-313,0,0
2,41,15,-1252,-4184,-319,0,0
-11,-6,18,-1254,-4223,-216,0,0
8,5,29,-1227,-4237,-236,0,0
10,-1,17,-1223,-4218,-289,0,0
0,-16,1,-1262,-4207,-283,0,0
9,0,4,-1255,-4190,-314,0,0
5,-2,13,-1232,-4210,-248,0,0
-7,-7,-9,-1276,-4237,-250,0,0
-5,-26,-14,-1296,-4185,-297,0,0
-8,-9,4,-1308,-4197,-267,0,0
-8,12,14,-1300,-4222,-245,0,0
-4,8,13,-1280,-4161,-295,0,0
-18,-7,20,-1239,-4221,-259,0,0
-10,-9,5,-1233,-4249,-245,0,0
6,11,-9,-1233,-4204,-321,0,0
-5,-3,-5,-1240,-4194,-288,0,0
0,-3,3,-1253,-4198,-267,0,0
-3,-14,2,-1280,-4210,-289,0,0
-17,-16,-2,-1268,-4237,-246,0,0
-9,7,-1,-1227,-4229,-286,0,0
-15,11,-5,-1214,-4212,-330,0,0
-26,-15,-14,-1236,-4213,-294,0,0
-25,-32,-5,-1223,-4217,-261,0,0
-12,-23,-11,-1221,-4202,-290,0,0
-7,-23,-17,-1258,-4198,-303,0,0
-6,-14,-11,-1294,-4188,-295,0,0
-4,19,1,-1277,-4192,-277,0,0
0,31,7,-1229,-4205,-265,0,0
6,18,1,-1226,-4228,-291,0,0
6,13,-12,-1256,-4256,-286,0,0
3,46,4,-1243,-4224,-328,0,0
-5,30,8,-1226,-4203,-307,0,0
-9,12,5,-1250,-4225,-263,0,0
-2,28,-3,-1269,-4234,-264,0,0
3,37,1,-1243,-4208,-283,0,0
14,56,-4,-1227,-4207,-336,0,0
8,52,-5,-1224,-4208,-296,0,0
10,44,8,-1207,-4199,-268,0,0
15,36,5,-1217,-4247,-249,0,0
22,35,0,-1256,-4267,-295,0,0
17,56,23,-1192,-4202,-325,0,0
11,34,26,-1168,-4177,-269,0,0
27,22,-12,-1258,-4225,-273,0,0
21,39,-18,-1327,-4248,-283,0,0
11,64,16,-1243,-4224,-261,0,0
13,65,25,-1155,-4178,-285,0,0
5,30,7,-1170,-4183,-253,0,0
2,20,1,-1208,-4207,-235,0,0
6,-6,12,-1227,-4207,-245,0,0
6,-19,11,-1226,-4208,-293,0,0
-3,-16,12,-1209,-4197,-291,0,0
-10,-10,10,-1205,-4216,-264,0,0
-9,-25,0,-1240,-4254,-243,0,0
-9,-33,4,-1256,-4272,-239,0,0
0,-13,5,-1214,-4229,-291,0,0
-3,-16,1,-1206,-4188,-326,0,0
-17,-30,-2,-1221,-4197,-250,0,0
-13,-36,-3,-1222,-4205,-208,0,0
-4,-52,-15,-1230,-4188,-239,0,0
-3,-59,-27,-1265,-4224,-271,0,0
-1,-45,-17,-1256,-4244,-264,0,0
-2,-8,-8,-1237,-4214,-312,0,0
-10,-19,-7,-1252,-4229,-296,0,0
-16,-19,10,-1247,-4233,-252,0,0
-13,7,14,-1215,-4231,-289,0,0
-21,-13,15,-1222,-4236,-271,0,0
-24,-19,26,-1235,-4217,-251,0,0
-23,-17,47,-1227,-4184,-243,0,0
-24,-29,53,-1228,-4170,-228,0,0
-24,-49,36,-1270,-4214,-222,0,0
-27,-56,34,-1279,-4220,-240,0,0
-31,-32,38,-1223,-4206,-281,0,0
-37,-70,25,-1222,-4204,-279,0,0
-47,-86,25,-1261,-4218,-278,0,0
-51,-68,36,-1268,-4240,-249,0,0
-41,-43,39,-1259,-4219,-267,0,0
-30,-42,33,-1260,-4208,-279,0,0
-16,-11,22,-1291,-4228,-297,0,0
1,34,19,-1304,-4198,-359,0,0
0,58,21,-1301,-4202,-319,0,0
2,74,19,-1295,-4199,-304,0,0
-4,98,26,-1269,-4222,-298,0,0
-17,64,27,-1255,-4197,-280,0,0
-17,37,28,-1252,-4204,-281,0,0
-14,28,23,-1267,-4203,-312,0,0
-10,41,15,-1280,-4207,-339,0,0
-7,50,11,-1270,-4209,-339,0,0
0,49,1,-1272,-4189,-313,0,0
12,73,1,-1273,-4191,-313,0,0
15,56,6,-1290,-4212,-297,0,0
21,43,3,-1300,-4209,-322,0,0
16,54,4,-1302,-4199,-353,0,0
4,41,5,-1300,-4174,-340,0,0
0,19,10,-1289,-4196,-299,0,0
4,14,12,-1277,-4198,-286,0,0
17,17,4,-1281,-4190,-316,0,0
21,17,-3,-1301,-4193,-334,0,0
18,32,-6,-1309,-4185,-326,0,0
13,31,-2,-1297,-4178,-286,0,0
9,15,0,-1298,-4195,-250,0,0
21,16,-1,-1301,-4216,-271,0,0
25,31,2,-1290,-4205,-337,0,0
4,32,8,-1273,-4170,-346,0,0
-6,10,4,-1278,-4220,-279,0,0
-4,3,6,-1275,-4216,-244,0,0
3,14,1,-1262,-4188,-275,0,0
3,0,-2,-1274,-4191,-306,0,0
-2,-6,4,-1280,-4172,-318,0,0
-5,-4,14,-1259,-4214,-302,0,0
-9,-31,10,-1261,-4220,-268,0,0
2,-20,9,-1272,-4209,-288,0,0
7,-5,2,-1294,-4196,-351,0,0
-13,-2,3,-1310,-4190,-328,0,0
-22,-7,12,-1292,-4198,-271,0,0
-15,-10,18,-1278,-4216,-270,0,0
-12,-9,17,-1265,-4219,-274,0,0
-3,14,12,-1277,-4201,-333,0,0
-16,19,15,-1306,-4152,-383,0,0
-47,2,39,-1290,-4198,-290,0,0
-50,3,59,-1256,-4203,-260,0,0
-43,-26,67,-1247,-4158,-258,0,0
-30,-29,47,-1271,-4172,-314,0,0
-34,-60,30,-1245,-4192,-295,0,0
-27,-137,-3,-1283,-4185,-254,0,0
17,-113,-49,-1396,-4211,-332,0,0
12,-53,-49,-1498,-4231,-428,0,0
-27,-20,1,-1390,-4144,-369,0,0
-35,-41,58,-1188,-4112,-232,0,0
11,-80,12,-1198,-4220,-227,0,0
31,-97,-65,-1422,-4216,-350,0,0
7,-49,-32,-1489,-4218,-335,0,0
-2,10,38,-1362,-4208,-342,0,0
-12,27,43,-1246,-4176,-347,0,0
-30,-5,7,-1270,-4188,-277,0,0
-16,-1,-5,-1310,-4201,-251,0,0
-2,22,-1,-1307,-4214,-310,0,0
-10,-3,-14,-1327,-4221,-309,0,0
-6,23,-11,-1302,-4182,-333,0,0
-9,33,-2,-1263,-4163,-318,0,0
-12,6,-12,-1289,-4202,-235,0,0
6,22,-24,-1331,-4195,-259,0,0
6,25,-24,-1340,-4179,-323,0,0
-2,40,-13,-1282,-4174,-343,0,0
-13,33,-11,-1260,-4195,-326,0,0
-16,-4,-15,-1294,-4223,-279,0,0
-10,12,1,-1270,-4203,-304,0,0
-13,1,0,-1255,-4215,-316,0,0
-11,-12,-10,-1278,-4205,-309,0,0
-3,16,0,-1257,-4158,-328,0,0
-2,2,6,-1252,-4164,-302,0,0
-2,-23,3,-1305,-4200,-264,0,0
10,-6,6,-1324,-4225,-292,0,0
13,5,17,-1291,-4200,-336,0,0
1,36,19,-1249,-4186,-341,0,0
-8,5,1,-1278,-4215,-266,0,0
-1,7,-1,-1297,-4238,-251,0,0
9,45,6,-1254,-4216,-325,0,0
4,29,4,-1230,-4228,-330,0,0
3,18,0,-1252,-4229,-314,0,0
2,12,4,-1269,-4186,-323,0,0
2,12,10,-1278,-4188,-306,0,0
2,21,5,-1285,-4230,-279,0,0
9,23,-2,-1288,-4214,-317,0,0
5,41,9,-1259,-4192,-356,0,0
-7,28,10,-1258,-4192,-339,0,0
-11,6,11,-1292,-4220,-298,0,0
-7,14,17,-1280,-4237,-296,0,0
-1,17,9,-1259,-4190,-314,0,0
6,29,-2,-1262,-4169,-338,0,0
2,32,-6,-1276,-4191,-310,0,0
-1,24,-5,-1277,-4184,-278,0,0
7,20,-2,-1272,-4184,-276,0,0
11,11,-3,-1285,-4220,-305,0,0
12,18,-11,-1289,-4228,-342,0,0
-3,21,11,-1251,-4170,-333,0,0
0,17,12,-1229,-4187,-305,0,0
0,1,6,-1262,-4218,-271,0,0
7,-3,5,-1277,-4200,-284,0,0
10,13,8,-1273,-4206,-306,0,0
6,1,2,-1277,-4192,-315,0,0
-2,9,5,-1269,-4206,-329,0,0
-4,5,6,-1263,-4207,-320,0,0
-7,6,2,-1254,-4214,-277,0,0
0,8,-6,-1271,-4207,-287,0,0
-10,20,-2,-1260,-4200,-301,0,0
-15,4,7,-1258,-4194,-303,0,0
-18,-15,8,-1282,-4232,-313,0,0
-28,-20,13,-1272,-4202,-313,0,0
-31,-17,21,-1247,-4190,-318,0,0
-34,-26,19,-1243,-4196,-316,0,0
-44,-48,22,-1253,-4197,-295,0,0
-47,-74,28,-1252,-4191,-298,0,0
-49,-91,26,-1261,-4208,-301,0,0
-42,-99,20,-1282,-4210,-335,0,0
-46,-78,28,-1287,-4177,-393,0,0
-64,-86,32,-1290,-4182,-359,0,0
-66,-104,28,-1300,-4201,-302,0,0
-55,-84,31,-1274,-4196,-312,0,0
-47,-87,30,-1267,-4194,-352,0,0
-43,-93,20,-1304,-4192,-380,0,0
-46,-86,22,-1321,-4179,-383,0,0
-47,-89,31,-1336,-4193,-339,0,0
-40,-75,27,-1354,-4195,-326,0,0
-25,-50,26,-1347,-4180,-403,0,0
-33,-58,33,-1337,-4183,-381,0,0
-30,-50,32,-1337,-4153,-348,0,0
-23,-39,19,-1351,-4139,-375,0,0
-26,-54,8,-1373,-4191,-344,0,0
-17,-42,12,-1364,-4195,-349,0,0
-3,-19,20,-1339,-4168,-416,0,0
-12,-22,9,-1339,-4175,-390,0,0
-15,-16,3,-1349,-4157,-338,0,0
-16,-18,9,-1319,-4152,-340,0,0
-20,-34,-2,-1336,-4179,-327,0,0
-10,-29,-7,-1344,-4211,-367,0,0
-7,-19,10,-1328,-4213,-393,0,0
-10,-22,7,-1333,-4185,-414,0,0
-23,-42,10,-1338,-4209,-335,0,0
-18,-45,19,-1341,-4184,-323,0,0
-8,-41,21,-1333,-4170,-355,0,0
-5,-41,12,-1353,-4165,-367,0,0
-4,-29,1,-1388,-4155,-377,0,0
-6,-23,-1,-1391,-4165,-371,0,0
-8,-13,-5,-1398,-4194,-342,0,0
2,9,-6,-1381,-4161,-385,0,0
-5,28,4,-1339,-4159,-421,0,0
-23,6,-8,-1353,-4182,-390,0,0
-27,-5,-8,-1399,-4180,-375,0,0
-25,22,11,-1389,-4187,-373,0,0
-28,30,3,-1361,-4190,-382,0,0
-23,21,-7,-1389,-4151,-367,0,0
-17,41,0,-1373,-4137,-364,0,0
-20,44,-1,-1310,-4150,-385,0,0
-14,26,-25,-1309,-4182,-345,0,0
8,34,-25,-1329,-4188,-319,0,0
19,40,-19,-1313,-4198,-368,0,0
8,16,-18,-1303,-4181,-399,0,0
4,-17,-22,-1346,-4175,-386,0,0
2,-26,-9,-1377,-4192,-359,0,0
6,-10,-8,-1350,-4189,-405,0,0
9,19,-16,-1325,-4165,-427,0,0
8,30,-19,-1331,-4173,-381,0,0
14,35,-14,-1333,-4181,-368,0,0
13,20,-10,-1340,-4166,-412,0,0
3,24,-3,-1318,-4197,-386,0,0
8,25,-14,-1306,-4206,-385,0,0
4,32,-7,-1280,-4173,-407,0,0
0,27,-8,-1257,-4146,-387,0,0
5,17,-8,-1247,-4204,-330,0,0
13,1,-13,-1266,-4216,-349,0,0
9,-15,-12,-1263,-4202,-396,0,0
2,-12,-11,-1267,-4199,-378,0,0
2,-28,-5,-1296,-4202,-330,0,0
2,-48,8,-1306,-4155,-335,0,0
6,-45,14,-1324,-4172,-347,0,0
18,-18,8,-1341,-4193,-390,0,0
10,11,10,-1323,-4182,-404,0,0
-3,8,25,-1293,-4164,-320,0,0
3,-9,40,-1275,-4188,-266,0,0
7,-11,41,-1267,-4185,-312,0,0
12,-6,27,-1280,-4208,-414,0,0
6,-5,21,-1325,-4207,-458,0,0
-9,14,30,-1317,-4183,-394,0,0
-15,18,34,-1262,-4175,-335,0,0
-20,-19,29,-1245,-4203,-279,0,0
-10,-55,14,-1279,-4222,-281,0,0
1,-61,14,-1326,-4177,-328,0,0
-8,-64,17,-1339,-4153,-348,0,0
-15,-84,12,-1338,-4184,-318,0,0
-12,-69,11,-1333,-4204,-351,0,0
-14,-61,15,-1321,-4214,-364,0,0
-11,-52,13,-1366,-4192,-333,0,0
-3,-9,6,-1392,-4146,-375,0,0
-17,0,14,-1375,-4162,-321,0,0
-19,2,10,-1324,-4193,-258,0,0
0,0,-3,-1308,-4232,-301,0,0
4,-12,-11,-1315,-4225,-360,0,0
-5,-22,-14,-1332,-4143,-397,0,0
-8,-36,-10,-1385,-4124,-382,0,0
-3,-4,-6,-1430,-4194,-304,0,0
15,81,-2,-1366,-4238,-313,0,0
30,134,4,-1249,-4200,-358,0,0
31,140,-4,-1239,-4149,-378,0,0
19,130,7,-1317,-4163,-332,0,0
8,125,65,-1287,-4164,-248,0,0
9,88,88,-1227,-4220,-212,0,0
23,15,57,-1251,-4256,-237,0,0
39,0,29,-1284,-4243,-299,0,0
40,1,4,-1313,-4169,-313,0,0
48,10,-18,-1357,-4187,-306,0,0
51,42,-49,-1395,-4222,-248,0,0
54,65,-70,-1387,-4200,-239,0,0
56,99,-79,-1349,-4204,-290,0,0
45,100,-74,-1285,-4191,-260,0,0
43,81,-59,-1249,-4186,-253,0,0
36,53,-53,-1267,-4193,-256,0,0
31,38,-45,-1285,-4151,-279,0,0
18,26,-13,-1263,-4166,-308,0,0
5,-22,6,-1272,-4196,-276,0,0
4,-35,15,-1292,-4208,-296,0,0
-2,-27,30,-1295,-4227,-340,0,0
-19,-35,36,-1297,-4223,-291,0,0
-18,-19,32,-1309,-4169,-301,0,0
-26,-12,34,-1310,-4191,-280,0,0
-24,-8,29,-1301,-4202,-260,0,0
-18,5,21,-1313,-4186,-306,0,0
-22,6,23,-1326,-4232,-314,0,0
-26,30,30,-1263,-4197,-294,0,0
-20,21,18,-1265,-4146,-299,0,0
-19,-2,0,-1340,-4190,-298,0,0
-24,-2,15,-1347,-4211,-262,0,0
-17,11,27,-1272,-4199,-290,0,0
-13,-5,19,-1259,-4186,-301,0,0
-9,-11,6,-1294,-4177,-291,0,0
-6,-4,2,-1308,-4190,-299,0,0
-11,-16,1,-1319,-4228,-307,0,0
-21,-20,-2,-1319,-4228,-325,0,0
-31,-9,18,-1259,-4208,-355,0,0
-47,-35,20,-1245,-4198,-327,0,0
-51,-74,2,-1322,-4179,-302,0,0
-51,-68,14,-1326,-4190,-285,0,0
-48,-65,18,-1298,-4187,-304,0,0
-44,-73,15,-1297,-4174,-333,0,0
-40,-62,20,-1286,-4174,-324,0,0
-36,-69,24,-1290,-4179,-295,0,0
-28,-75,19,-1320,-4154,-326,0,0
-28,-71,14,-1362,-4219,-339,0,0
-25,-50,20,-1351,-4236,-359,0,0
-23,-7,35,-1294,-4161,-413,0,0
-28,-30,28,-1306,-4156,-382,0,0
-31,-45,20,-1346,-4208,-300,0,0
-15,-22,22,-1339,-4191,-339,0,0
-6,-15,20,-1329,-4185,-414,0,0
-13,-7,16,-1335,-4175,-400,0,0
-15,3,24,-1328,-4175,-362,0,0
-10,0,25,-1347,-4172,-353,0,0
-3,20,19,-1368,-4179,-313,0,0
18,64,15,-1337,-4159,-335,0,0
30,86,9,-1271,-4182,-356,0,0
39,24,-24,-1279,-4238,-373,0,0
51,-37,-89,-1422,-4246,-427,0,0
42,18,-103,-1471,-4209,-419,0,0
22,90,-55,-1304,-4190,-293,0,0
24,81,-45,-1194,-4168,-285,0,0
17,30,-62,-1222,-4169,-323,0,0
-7,1,-40,-1263,-4187,-319,0,0
-19,-13,-6,-1257,-4222,-293,0,0
-23,-17,-1,-1302,-4239,-352,0,0
-39,-2,-10,-1352,-4237,-408,0,0
-68,28,11,-1309,-4174,-409,0,0
-81,15,41,-1264,-4200,-365,0,0
-80,-5,56,-1260,-4218,-322,0,0
-70,5,63,-1246,-4162,-342,0,0
-63,5,69,-1250,-4145,-388,0,0
-58,7,57,-1300,-4180,-370,0,0
-52,-2,47,-1299,-4151,-311,0,0
-25,9,43,-1306,-4159,-262,0,0
5,14,28,-1325,-4207,-309,0,0
20,21,17,-1348,-4213,-404,0,0
5,42,25,-1292,-4156,-450,0,0
-9,13,24,-1267,-4135,-403,0,0
-1,-21,16,-1312,-4205,-342,0,0
-1,-35,17,-1333,-4181,-323,0,0
13,-31,27,-1321,-4126,-396,0,0
-4,-47,25,-1326,-4121,-413,0,0
-19,-50,22,-1322,-4146,-387,0,0
-17,-49,16,-1290,-4204,-408,0,0
-27,-93,-1,-1337,-4240,-390,0,0
-15,-97,-5,-1416,-4215,-395,0,0
-20,-67,28,-1428,-4185,-367,0,0
-24,-50,48,-1362,-4147,-380,0,0
-22,-71,30,-1314,-4182,-360,0,0
-6,-73,-2,-1339,-4181,-365,0,0
18,-43,-10,-1390,-4152,-407,0,0
22,-15,-7,-1410,-4147,-408,0,0
17,-8,-5,-1405,-4154,-341,0,0
20,0,0,-1398,-4148,-352,0,0
21,-12,7,-1401,-4197,-328,0,0
34,4,5,-1399,-4194,-369,0,0
29,43,8,-1356,-4183,-417,0,0
2,6,7,-1356,-4178,-358,0,0
-1,-13,10,-1374,-4180,-315,0,0
1,-14,18,-1358,-4149,-302,0,0
10,6,6,-1325,-4161,-341,0,0
12,1,-11,-1350,-4215,-378,0,0
4,4,-10,-1360,-4173,-386,0,0
-6,12,3,-1329,-4155,-363,0,0
-19,-25,0,-1338,-4208,-286,0,0
-12,-46,-11,-1375,-4187,-281,0,0
0,-22,-2,-1350,-4135,-368,0,0
-16,-34,-7,-1343,-4157,-386,0,0
-24,-59,-17,-1371,-4184,-344,0,0
-16,-37,-4,-1372,-4191,-353,0,0
-27,-41,1,-1356,-4167,-349,0,0
-26,-45,-3,-1375,-4157,-335,0,0
-16,-24,6,-1367,-4147,-351,0,0
-14,-22,14,-1357,-4162,-317,0,0
-5,-19,2,-1386,-4196,-305,0,0
7,-9,-3,-1397,-4200,-359,0,0
10,30,7,-1335,-4150,-398,0,0
0,36,-1,-1318,-4159,-342,0,0
4,16,-13,-1386,-4182,-302,0,0
6,27,6,-1371,-4173,-350,0,0
-4,16,16,-1331,-4187,-343,0,0
-5,4,9,-1336,-4184,-347,0,0
-1,24,8,-1320,-4191,-341,0,0
2,26,9,-1326,-4182,-324,0,0
9,23,8,-1346,-4172,-338,0,0
5,14,7,-1370,-4185,-333,0,0
8,27,10,-1343,-4182,-317,0,0
7,36,14,-1294,-4176,-329,0,0
8,9,2,-1335,-4190,-354,0,0
3,2,7,-1352,-4200,-336,0,0
2,13,13,-1336,-4193,-343,0,0
-2,8,7,-1331,-4207,-331,0,0
-1,9,2,-1340,-4192,-324,0,0
2,20,2,-1357,-4182,-334,0,0
2,27,-3,-1377,-4187,-336,0,0
4,38,-5,-1371,-4196,-341,0,0
9,56,2,-1319,-4198,-355,0,0
5,59,1,-1300,-4164,-352,0,0
1,26,-6,-1345,-4155,-325,0,0
3,14,2,-1387,-4190,-309,0,0
7,36,8,-1373,-4189,-330,0,0
9,45,8,-1354,-4179,-382,0,0
1,49,8,-1354,-4180,-375,0,0
-7,63,14,-1322,-4171,-324,0,0
-9,42,11,-1315,-4164,-307,0,0
-5,26,4,-1325,-4184,-289,0,0
5,21,3,-1325,-4195,-332,0,0
6,29,10,-1310,-4177,-389,0,0
-3,15,14,-1314,-4158,-361,0,0
-3,-3,15,-1329,-4187,-328,0,0
2,3,17,-1315,-4212,-323,0,0
3,-3,14,-1304,-4204,-359,0,0
0,-10,3,-1318,-4182,-376,0,0
-9,-16,-1,-1345,-4165,-345,0,0
-10,-13,-1,-1368,-4174,-331,0,0
-7,-10,4,-1366,-4181,-328,0,0
4,5,5,-1352,-4186,-346,0,0
12,28,2,-1350,-4177,-403,0,0
-4,28,14,-1336,-4157,-368,0,0
-5,15,22,-1334,-4157,-333,0,0
-4,7,22,-1345,-4179,-300,0,0
3,4,15,-1348,-4198,-296,0,0
12,17,7,-1354,-4182,-326,0,0
12,25,1,-1335,-4162,-334,0,0
9,27,-7,-1322,-4195,-312,0,0
15,19,-14,-1335,-4196,-320,0,0
16,23,-26,-1346,-4212,-341,0,0
10,29,-19,-1340,-4223,-361,0,0
-8,35,-9,-1303,-4169,-345,0,0
-12,25,-10,-1300,-4165,-321,0,0
-14,18,-20,-1331,-4210,-313,0,0
-15,22,-13,-1327,-4182,-299,0,0
-10,36,14,-1308,-4152,-343,0,0
-21,32,21,-1276,-4107,-358,0,0
-38,0,36,-1264,-4115,-344,0,0
-42,-61,59,-1243,-4130,-285,0,0
-24,-86,42,-1293,-4236,-222,0,0
31,-31,-2,-1394,-4291,-347,0,0
30,8,12,-1420,-4206,-481,0,0
-8,14,27,-1385,-4122,-438,0,0
-14,-2,21,-1370,-4176,-317,0,0
-5,14,11,-1373,-4181,-274,0,0
15,48,-2,-1336,-4206,-333,0,0
18,50,-11,-1327,-4205,-361,0,0
18,56,-28,-1345,-4185,-387,0,0
7,45,-23,-1332,-4175,-324,0,0
13,51,-14,-1297,-4177,-282,0,0
30,46,-31,-1290,-4181,-323,0,0
26,12,-34,-1282,-4188,-302,0,0
32,19,-34,-1258,-4170,-318,0,0
37,-22,-43,-1286,-4221,-291,0,0
40,-42,-39,-1313,-4204,-281,0,0
47,1,-34,-1285,-4193,-340,0,0
38,-3,-31,-1264,-4218,-305,0,0
39,0,-38,-1263,-4212,-301,0,0
34,1,-39,-1243,-4215,-278,0,0
27,-13,-40,-1231,-4244,-239,0,0
30,-8,-59,-1238,-4259,-262,0,0
25,-11,-63,-1210,-4237,-279,0,0
9,-10,-59,-1161,-4233,-273,0,0
1,-32,-76,-1186,-4256,-258,0,0
-4,-64,-72,-1204,-4244,-236,0,0
0,-34,-66,-1191,-4235,-282,0,0
-12,-49,-61,-1190,-4222,-273,0,0
-18,-50,-48,-1189,-4203,-279,0,0
-21,-31,-27,-1160,-4218,-277,0,0
-21,-34,-18,-1158,-4209,-268,0,0
-14,-14,-22,-1167,-4228,-300,0,0
-18,-29,-15,-1211,-4246,-276,0,0
-16,4,12,-1168,-4211,-261,0,0
-11,15,24,-1143,-4186,-261,0,0
-3,-19,13,-1190,-4227,-222,0,0
15,27,16,-1193,-4224,-246,0,0
18,27,25,-1159,-4227,-261,0,0
22,32,22,-1168,-4221,-279,0,0
25,53,22,-1193,-4239,-295,0,0
18,54,29,-1198,-4224,-275,0,0
19,62,34,-1187,-4230,-262,0,0
13,61,37,-1183,-4289,-228,0,0
17,59,32,-1177,-4244,-277,0,0
4,62,40,-1144,-4201,-290,0,0
-8,23,43,-1163,-4210,-248,0,0
-12,-15,44,-1182,-4244,-213,0,0
-8,-17,46,-1171,-4252,-180,0,0
11,-15,39,-1164,-4209,-244,0,0
12,-25,26,-1192,-4201,-288,0,0
6,-17,13,-1227,-4215,-251,0,0
6,-19,6,-1242,-4201,-249,0,0
0,-33,6,-1263,-4237,-227,0,0
0,-11,9,-1268,-4250,-255,0,0
-4,-7,23,-1239,-4210,-278,0,0
-9,14,21,-1220,-4225,-258,0,0
-6,11,2,-1245,-4239,-249,0,0
-4,19,2,-1251,-4231,-263,0,0
-8,30,11,-1229,-4227,-243,0,0
-10,28,11,-1219,-4207,-234,0,0
-15,25,12,-1215,-4223,-224,0,0
-14,19,17,-1210,-4200,-213,0,0
-9,20,17,-1190,-4205,-218,0,0
-6,13,9,-1218,-4241,-225,0,0
1,23,0,-1231,-4224,-260,0,0
-11,34,10,-1214,-4216,-256,0,0
-18,7,17,-1210,-4231,-224,0,0
-10,-8,20,-1222,-4232,-207,0,0
-2,3,21,-1215,-4199,-232,0,0
-7,-10,21,-1205,-4189,-231,0,0
-3,-14,16,-1224,-4189,-241,0,0
-3,-15,15,-1239,-4216,-223,0,0
-1,-11,12,-1240,-4220,-226,0,0
9,-2,9,-1254,-4224,-267,0,0
4,-6,10,-1265,-4246,-274,0,0
-3,21,19,-1224,-4216,-264,0,0
-14,18,19,-1184,-4186,-260,0,0
-20,-39,2,-1211,-4232,-182,0,0
-5,-48,0,-1226,-4240,-156,0,0
20,-26,-8,-1215,-4201,-276,0,0
12,-39,-25,-1243,-4192,-311,0,0
-1,-46,-35,-1237,-4217,-234,0,0
2,-65,-33,-1230,-4238,-180,0,0
10,-80,-47,-1244,-4207,-177,0,0
18,-73,-57,-1260,-4214,-204,0,0
18,-59,-39,-1231,-4195,-274,0,0
-6,-45,-9,-1176,-4213,-233,0,0
-22,-55,-1,-1171,-4253,-193,0,0
-28,-72,9,-1170,-4327,-168,0,0
-20,-81,23,-1179,-4284,-184,0,0
-8,-41,15,-1201,-4230,-278,0,0
-23,-23,2,-1242,-4178,-271,0,0
-34,-18,-6,-1254,-4221,-179,0,0
-31,-21,1,-1238,-4243,-119,0,0
-15,5,5,-1200,-4228,-189,0,0
-17,-5,1,-1195,-4233,-257,0,0
-25,-5,9,-1204,-4219,-290,0,0
-40,7,17,-1221,-4208,-252,0,0
-42,-10,23,-1253,-4196,-199,0,0
-29,15,38,-1239,-4226,-225,0,0
-21,15,40,-1215,-4235,-233,0,0
-7,19,33,-1212,-4223,-270,0,0
1,56,23,-1190,-4227,-275,0,0
4,53,15,-1191,-4208,-225,0,0
15,48,12,-1207,-4179,-190,0,0
27,44,8,-1216,-4214,-163,0,0
37,20,7,-1224,-4225,-183,0,0
43,49,9,-1191,-4226,-248,0,0
43,45,0,-1208,-4250,-285,0,0
31,41,-6,-1237,-4272,-266,0,0
22,54,-10,-1236,-4250,-217,0,0
23,72,0,-1209,-4247,-198,0,0
21,75,-12,-1189,-4220,-213,0,0
17,55,-16,-1194,-4197,-194,0,0
23,50,-7,-1184,-4190,-195,0,0
24,39,-11,-1195,-4230,-192,0,0
34,36,-23,-1213,-4264,-211,0,0
39,74,-23,-1175,-4255,-249,0,0
25,83,-20,-1142,-4225,-233,0,0
19,55,-19,-1153,-4234,-181,0,0
18,44,-13,-1165,-4259,-143,0,0
22,34,-19,-1164,-4256,-160,0,0
22,27,-28,-1154,-4250,-209,0,0
14,25,-19,-1158,-4239,-213,0,0
8,16,-17,-1173,-4234,-195,0,0
5,7,-13,-1178,-4224,-170,0,0
11,22,-13,-1181,-4251,-168,0,0
18,29,-17,-1194,-4256,-202,0,0
11,47,-4,-1163,-4211,-211,0,0
4,45,7,-1130,-4201,-198,0,0
1,6,6,-1159,-4243,-174,0,0
-1,11,6,-1167,-4266,-162,0,0
1,27,14,-1143,-4241,-170,0,0
5,28,23,-1129,-4238,-202,0,0
-6,19,27,-1126,-4258,-171,0,0
-8,4,20,-1142,-4233,-157,0,0
-6,13,19,-1125,-4262,-154,0,0
-4,4,10,-1132,-4265,-178,0,0
-4,9,8,-1146,-4241,-214,0,0
-27,-1,19,-1143,-4239,-198,0,0
-33,-24,20,-1141,-4250,-165,0,0
-23,-16,19,-1144,-4263,-174,0,0
-19,-22,12,-1145,-4236,-199,0,0
-22,-20,9,-1165,-4236,-194,0,0
-21,-13,13,-1170,-4214,-182,0,0
-19,-21,11,-1181,-4227,-156,0,0
-12,1,8,-1188,-4221,-167,0,0
-8,6,18,-1156,-4240,-189,0,0
-6,-8,18,-1147,-4231,-228,0,0
-18,-17,16,-1151,-4223,-195,0,0
-24,-32,14,-1172,-4230,-184,0,0
-24,-47,20,-1188,-4260,-200,0,0
-38,-64,20,-1166,-4223,-203,0,0
-44,-97,17,-1166,-4168,-210,0,0
-46,-107,16,-1159,-4209,-200,0,0
-46,-112,2,-1199,-4240,-177,0,0
-34,-101,-3,-1236,-4218,-199,0,0
-22,-74,13,-1241,-4263,-232,0,0
-24,-69,19,-1240,-4255,-260,0,0
-33,-58,23,-1229,-4223,-267,0,0
-46,-27,31,-1199,-4228,-232,0,0
-45,-56,19,-1185,-4217,-181,0,0
-31,-63,12,-1189,-4220,-171,0,0
-13,-39,4,-1200,-4222,-215,0,0
-2,-42,-6,-1218,-4206,-238,0,0
7,-27,-12,-1246,-4218,-248,0,0
10,22,-10,-1227,-4228,-239,0,0
18,40,-2,-1205,-4250,-234,0,0
25,39,-10,-1220,-4254,-240,0,0
26,46,-10,-1204,-4201,-236,0,0
25,71,-14,-1148,-4197,-211,0,0
26,41,-35,-1203,-4225,-192,0,0
31,33,-40,-1249,-4240,-199,0,0
29,51,-19,-1195,-4246,-223,0,0
25,47,-14,-1145,-4236,-230,0,0
25,48,-23,-1139,-4229,-232,0,0
22,50,-20,-1127,-4244,-188,0,0
22,41,-14,-1111,-4270,-146,0,0
20,29,-20,-1101,-4289,-167,0,0
12,8,-24,-1120,-4270,-203,0,0
-1,11,-11,-1107,-4251,-228,0,0
-21,-6,-5,-1128,-4245,-205,0,0
-32,-25,-1,-1168,-4252,-147,0,0
-28,-8,12,-1136,-4261,-135,0,0
-18,-10,11,-1099,-4231,-162,0,0
-12,-14,3,-1108,-4229,-173,0,0
-13,-20,3,-1127,-4244,-188,0,0
-18,-41,13,-1140,-4237,-157,0,0
-17,-53,10,-1149,-4239,-140,0,0
-6,-33,3,-1138,-4262,-149,0,0
8,-2,-2,-1105,-4275,-208,0,0
6,14,-7,-1082,-4267,-233,0,0
0,-8,-17,-1133,-4260,-215,0,0
-3,-15,-4,-1170,-4262,-168,0,0
-2,-2,3,-1160,-4261,-159,0,0
2,14,-4,-1147,-4238,-203,0,0
-2,25,-3,-1142,-4228,-235,0,0
-8,24,2,-1135,-4243,-214,0,0
-8,13,1,-1141,-4237,-207,0,0
-11,25,1,-1157,-4251,-178,0,0
-5,39,2,-1135,-4252,-193,0,0
2,38,12,-1122,-4222,-229,0,0
-13,46,21,-1112,-4224,-221,0,0
-16,23,20,-1127,-4248,-175,0,0
-8,22,27,-1129,-4272,-167,0,0
0,21,16,-1112,-4253,-202,0,0
0,16,2,-1129,-4244,-230,0,0
-6,25,1,-1147,-4236,-224,0,0
-7,19,14,-1155,-4231,-204,0,0
-3,24,15,-1154,-4224,-188,0,0
-3,23,8,-1152,-4255,-164,0,0
7,30,4,-1130,-4255,-203,0,0
5,29,9,-1098,-4217,-236,0,0
-9,18,8,-1111,-4221,-211,0,0
-9,3,7,-1129,-4262,-181,0,0
-3,-9,7,-1136,-4255,-178,0,0
7,-4,4,-1125,-4220,-196,0,0
7,5,0,-1127,-4224,-228,0,0
0,-4,-1,-1129,-4242,-201,0,0
2,-13,-2,-1130,-4243,-179,0,0
8,-4,0,-1131,-4229,-196,0,0
8,-7,0,-1148,-4262,-197,0,0
11,6,1,-1147,-4252,-226,0,0
-1,21,11,-1109,-4226,-221,0,0
-12,-14,6,-1112,-4232,-177,0,0
-9,-23,4,-1126,-4264,-155,0,0
-2,-16,5,-1141,-4260,-184,0,0
-4,-19,8,-1137,-4235,-226,0,0
-17,-30,8,-1131,-4231,-201,0,0
-19,-21,9,-1120,-4244,-179,0,0
-16,-28,11,-1140,-4254,-184,0,0
-19,-28,15,-1139,-4258,-180,0,0
-18,-22,12,-1120,-4277,-194,0,0
-16,-19,18,-1146,-4234,-227,0,0
-22,-9,21,-1108,-4233,-231,0,0
-32,-25,12,-1191,-4266,-217,0,0
-30,-17,17,-1149,-4265,-173,0,0
-26,-11,21,-1178,-4229,-218,0,0
-32,3,33,-1134,-4229,-242,0,0
-39,-14,21,-1149,-4235,-242,0,0
-43,-13,19,-1174,-4247,-240,0,0
-42,-5,30,-1159,-4244,-243,0,0
-46,-20,28,-1164,-4256,-229,0,0
-40,-14,23,-1165,-4236,-261,0,0
-39,0,31,-1143,-4212,-280,0,0
-44,-6,27,-1155,-4232,-269,0,0
-42,-19,15,-1202,-4273,-218,0,0
-27,15,16,-1210,-4263,-222,0,0
-8,56,22,-1179,-4218,-313,0,0
-16,47,25,-1175,-4238,-337,0,0
-28,34,24,-1177,-4240,-290,0,0
-28,28,41,-1144,-4233,-246,0,0
-17,18,40,-1119,-4207,-239,0,0
-7,-4,20,-1159,-4230,-232,0,0
3,-14,4,-1190,-4233,-261,0,0
3,1,12,-1161,-4202,-305,0,0
-10,-15,14,-1150,-4194,-290,0,0
-11,-48,3,-1171,-4241,-250,0,0
-8,-57,8,-1161,-4227,-256,0,0
-8,-62,9,-1129,-4203,-268,0,0
-5,-81,-4,-1135,-4207,-267,0,0
-5,-83,-16,-1154,-4218,-262,0,0
-4,-95,-16,-1193,-4233,-241,0,0
-2,-90,-16,-1227,-4262,-254,0,0
-5,-95,-4,-1241,-4268,-254,0,0
10,-68,7,-1250,-4245,-288,0,0
15,-7,12,-1250,-4231,-305,0,0
10,33,12,-1255,-4204,-304,0,0
-6,21,29,-1224,-4214,-249,0,0
-18,15,45,-1166,-4206,-197,0,0
-11,-2,33,-1144,-4220,-207,0,0
-9,-45,21,-1211,-4226,-224,0,0
3,-26,11,-1263,-4252,-291,0,0
-5,-23,19,-1267,-4199,-287,0,0
-3,-9,30,-1247,-4201,-248,0,0
-3,6,26,-1231,-4242,-224,0,0
-5,-16,17,-1225,-4195,-235,0,0
-12,-12,13,-1211,-4215,-218,0,0
-25,-54,5,-1214,-4196,-202,0,0
-21,-85,-1,-1216,-4213,-215,0,0
-21,-109,5,-1223,-4252,-220,0,0
-16,-96,-6,-1235,-4228,-269,0,0
-15,-72,-13,-1256,-4229,-304,0,0
-26,-73,-12,-1245,-4219,-262,0,0
-32,-80,-11,-1227,-4171,-219,0,0
-20,-60,-26,-1232,-4227,-223,0,0
-19,-64,-45,-1273,-4251,-194,0,0
-7,-43,-41,-1269,-4216,-220,0,0
0,-8,-15,-1221,-4214,-231,0,0
5,-16,-21,-1244,-4211,-233,0,0
4,4,-26,-1263,-4261,-276,0,0
-6,6,-8,-1234,-4237,-279,0,0
-6,22,9,-1211,-4220,-268,0,0
-15,23,9,-1205,-4203,-252,0,0
-18,28,2,-1209,-4193,-237,0,0
-12,35,-3,-1204,-4209,-224,0,0
-5,14,3,-1214,-4233,-212,0,0
-7,9,5,-1210,-4264,-233,0,0
5,6,14,-1203,-4236,-247,0,0
1,20,31,-1175,-4207,-264,0,0
2,26,25,-1165,-4218,-252,0,0
-19,3,-8,-1207,-4215,-244,0,0
-21,3,-26,-1180,-4233,-242,0,0
-22,-6,-5,-1196,-4228,-234,0,0
-3,4,-7,-1201,-4246,-254,0,0
-13,-20,-17,-1142,-4253,-271,0,0
-29,-42,-7,-1185,-4235,-260,0,0
-27,7,12,-1167,-4234,-279,0,0
-30,-21,13,-1178,-4245,-269,0,0
-39,-36,20,-1202,-4237,-256,0,0
-42,-24,36,-1197,-4249,-257,0,0
-35,-24,35,-1204,-4278,-274,0,0
-37,-29,45,-1224,-4274,-292,0,0
-46,-39,66,-1228,-4242,-313,0,0
-54,-36,72,-1231,-4214,-319,0,0
-60,-44,69,-1230,-4196,-307,0,0
-55,-41,76,-1223,-4191,-286,0,0
-38,-21,74,-1200,-4170,-279,0,0
-21,-12,49,-1203,-4199,-275,0,0
-7,-12,20,-1226,-4236,-288,0,0
4,15,18,-1227,-4220,-307,0,0
7,14,23,-1223,-4174,-332,0,0
-3,-18,13,-1240,-4196,-327,0,0
-11,-35,3,-1261,-4238,-301,0,0
3,-11,-1,-1256,-4211,-298,0,0
16,17,-14,-1264,-4175,-313,0,0
14,37,-36,-1280,-4188,-326,0,0
10,30,-39,-1298,-4199,-324,0,0
13,22,-18,-1299,-4212,-288,0,0
12,25,-1,-1294,-4235,-279,0,0
23,45,-1,-1292,-4216,-311,0,0
13,56,10,-1274,-4173,-336,0,0
-4,35,18,-1260,-4164,-327,0,0
-7,21,20,-1268,-4228,-300,0,0
-10,10,26,-1269,-4242,-273,0,0
0,28,36,-1240,-4179,-295,0,0
5,34,33,-1214,-4161,-318,0,0
-11,0,14,-1216,-4186,-296,0,0
-15,-22,0,-1229,-4207,-261,0,0
6,-17,-1,-1237,-4205,-247,0,0
22,4,-13,-1235,-4221,-278,0,0
21,-4,-28,-1255,-4210,-305,0,0
5,-7,-15,-1266,-4186,-331,0,0
-10,-35,-5,-1258,-4214,-312,0,0
-14,-57,1,-1263,-4224,-265,0,0
-2,-34,2,-1255,-4205,-290,0,0
6,-24,4,-1269,-4228,-286,0,0
3,-2,-10,-1260,-4225,-308,0,0
1,-2,-6,-1274,-4210,-306,0,0
-1,7,3,-1268,-4189,-299,0,0
-9,8,1,-1259,-4214,-272,0,0
-10,-4,4,-1249,-4200,-273,0,0
-9,8,20,-1211,-4186,-271,0,0
-15,0,13,-1208,-4213,-283,0,0
-12,-30,-1,-1243,-4239,-268,0,0
-7,-27,9,-1248,-4233,-288,0,0
-3,-14,15,-1232,-4218,-306,0,0
-4,-15,2,-1235,-4202,-302,0,0
-8,-3,-13,-1229,-4200,-298,0,0
-9,-10,-13,-1231,-4217,-271,0,0
-6,-14,-13,-1224,-4210,-248,0,0
2,-11,-15,-1244,-4236,-246,0,0
2,-25,-7,-1250,-4213,-281,0,0
-7,-12,16,-1222,-4202,-301,0,0
-17,-33,13,-1218,-4236,-289,0,0
-21,-56,10,-1244,-4235,-274,0,0
-14,-26,12,-1230,-4228,-291,0,0
-15,-20,3,-1225,-4221,-297,0,0
-14,-14,-11,-1232,-4200,-296,0,0
-14,-7,-15,-1248,-4218,-279,0,0
-12,-14,-10,-1240,-4207,-259,0,0
-2,-6,-7,-1237,-4199,-265,0,0
4,-1,-11,-1248,-4224,-270,0,0
6,7,-9,-1246,-4216,-301,0,0
-3,10,10,-1230,-4210,-301,0,0
-6,0,6,-1233,-4214,-286,0,0
-11,-11,9,-1234,-4239,-267,0,0
-11,-15,19,-1218,-4226,-264,0,0
-7,-12,16,-1207,-4215,-286,0,0
-5,-2,4,-1226,-4218,-290,0,0
-5,4,0,-1245,-4230,-291,0,0
-9,2,5,-1248,-4214,-284,0,0
-14,-4,10,-1238,-4206,-266,0,0
-12,-6,18,-1226,-4223,-260,0,0
-5,4,26,-1217,-4220,-286,0,0
-9,0,25,-1210,-4220,-312,0,0
-10,-14,19,-1231,-4226,-303,0,0
-7,-8,26,-1238,-4222,-285,0,0
-8,-16,25,-1238,-4222,-285,0,0
-8,-22,24,-1247,-4196,-288,0,0
-5,-8,24,-1241,-4180,-285,0,0
-5,-18,24,-1254,-4199,-264,0,0
-2,-20,19,-1266,-4196,-268,0,0
2,-5,21,-1261,-4209,-268,0,0
11,2,16,-1262,-4239,-298,0,0
11,16,12,-1269,-4229,-317,0,0
-6,27,23,-1260,-4191,-318,0,0
-9,28,25,-1259,-4211,-285,0,0
-7,19,19,-1284,-4229,-251,0,0
0,33,13,-1286,-4210,-260,0,0
9,42,16,-1279,-4187,-277,0,0
9,44,7,-1267,-4188,-280,0,0
8,39,-1,-1256,-4199,-260,0,0
16,38,-7,-1251,-4205,-254,0,0
16,34,-7,-1249,-4219,-258,0,0
18,23,-9,-1246,-4216,-281,0,0
7,17,-3,-1251,-4195,-291,0,0
-8,6,2,-1254,-4176,-292,0,0
-11,-14,5,-1272,-4224,-256,0,0
-11,-22,12,-1284,-4210,-257,0,0
-5,-3,19,-1256,-4169,-291,0,0
-12,-6,14,-1254,-4239,-281,0,0
-11,-5,-1,-1282,-4246,-262,0,0
1,10,14,-1269,-4196,-281,0,0
-5,10,21,-1241,-4173,-284,0,0
-10,-12,1,-1252,-4199,-240,0,0
-1,-25,-2,-1271,-4221,-231,0,0
6,2,10,-1250,-4215,-257,0,0
1,-14,3,-1262,-4184,-310,0,0
-18,-48,11,-1265,-4194,-295,0,0
-29,-56,23,-1240,-4224,-252,0,0
-21,-61,14,-1252,-4219,-259,0,0
-13,-54,6,-1283,-4210,-265,0,0
-6,-26,7,-1283,-4210,-288,0,0
-2,-23,8,-1284,-4195,-304,0,0
-8,-23,1,-1281,-4210,-279,0,0
-8,-14,-9,-1282,-4247,-247,0,0
4,3,-9,-1275,-4202,-285,0,0
-1,23,1,-1255,-4191,-300,0,0
-9,6,-13,-1273,-4214,-266,0,0
-11,10,-16,-1267,-4218,-259,0,0
-7,10,-5,-1271,-4222,-259,0,0
-10,10,-3,-1263,-4224,-277,0,0
-13,-9,-1,-1288,-4199,-273,0,0
-12,14,4,-1266,-4182,-288,0,0
-14,1,3,-1271,-4188,-268,0,0
-12,13,-2,-1271,-4215,-259,0,0
-2,12,-2,-1297,-4233,-289,0,0
-3,26,15,-1274,-4199,-319,0,0
-12,30,21,-1231,-4195,-318,0,0
-14,3,5,-1269,-4221,-272,0,0
-15,4,9,-1270,-4222,-247,0,0
-6,15,15,-1234,-4211,-277,0,0
-4,0,7,-1255,-4211,-310,0,0
-8,2,3,-1285,-4207,-282,0,0
-2,26,11,-1271,-4199,-274,0,0
-4,26,13,-1262,-4204,-294,0,0
-12,13,12,-1267,-4235,-271,0,0
-9,7,20,-1245,-4228,-289,0,0
-11,7,32,-1215,-4202,-325,0,0
-24,-24,24,-1253,-4182,-318,0,0
-29,-52,18,-1309,-4214,-267,0,0
-19,-33,29,-1304,-4210,-261,0,0
-2,-16,26,-1290,-4209,-285,0,0
13,9,7,-1292,-4200,-296,0,0
28,64,-13,-1273,-4171,-305,0,0
30,82,-16,-1256,-4189,-307,0,0
16,62,-17,-1269,-4231,-306,0,0
-1,22,-11,-1288,-4251,-265,0,0
7,20,16,-1273,-4215,-272,0,0
12,48,20,-1254,-4181,-307,0,0
6,51,0,-1270,-4187,-313,0,0
7,48,-8,-1280,-4227,-295,0,0
9,50,4,-1260,-4232,-281,0,0
12,52,6,-1230,-4206,-299,0,0
6,33,0,-1247,-4199,-307,0,0
-2,19,-2,-1257,-4194,-283,0,0
2,23,-1,-1264,-4198,-277,0,0
4,19,-3,-1267,-4205,-276,0,0
2,14,0,-1260,-4228,-272,0,0
6,14,-9,-1254,-4224,-308,0,0
-8,10,9,-1236,-4182,-308,0,0
-18,-3,6,-1234,-4187,-299,0,0
-21,-33,1,-1258,-4214,-266,0,0
-18,-33,5,-1266,-4188,-261,0,0
-7,-25,12,-1251,-4177,-280,0,0
-10,-33,5,-1255,-4162,-298,0,0
-12,-36,2,-1257,-4169,-281,0,0
-10,-43,4,-1264,-4217,-255,0,0
-1,-51,2,-1280,-4224,-272,0,0
5,-50,14,-1278,-4264,-309,0,0
-3,-57,29,-1274,-4252,-307,0,0
-6,-34,31,-1259,-4190,-313,0,0
-17,-45,20,-1247,-4190,-284,0,0
-14,-36,2,-1241,-4200,-241,0,0
-5,-21,-15,-1241,-4220,-252,0,0
-3,-34,-18,-1264,-4209,-237,0,0
5,-16,-18,-1276,-4185,-256,0,0
1,-27,-10,-1304,-4213,-282,0,0
-5,-40,7,-1318,-4209,-277,0,0
-4,-5,13,-1289,-4234,-307,0,0
-13,-8,11,-1253,-4238,-322,0,0
-20,6,12,-1212,-4203,-303,0,0
-23,1,0,-1224,-4206,-291,0,0
-29,-23,-8,-1261,-4222,-261,0,0
-26,-19,0,-1263,-4225,-249,0,0
-16,-8,-2,-1257,-4229,-269,0,0
-13,-8,-7,-1258,-4216,-283,0,0
-13,5,-4,-1238,-4205,-302,0,0
-15,-7,-2,-1226,-4202,-289,0,0
-13,-19,-6,-1246,-4210,-250,0,0
-6,-16,-10,-1261,-4239,-248,0,0
0,-3,-5,-1243,-4206,-315,0,0
-10,-8,3,-1217,-4202,-316,0,0
-14,-33,-5,-1253,-4216,-257,0,0
-9,-31,1,-1273,-4218,-258,0,0
-6,-13,7,-1253,-4213,-289,0,0
-9,-15,2,-1256,-4215,-300,0,0
-10,-10,0,-1291,-4216,-287,0,0
-10,10,10,-1277,-4199,-280,0,0
-5,20,9,-1255,-4201,-259,0,0
1,24,1,-1260,-4222,-269,0,0
3,28,1,-1254,-4231,-295,0,0
6,44,6,-1232,-4201,-326,0,0
-3,41,2,-1223,-4202,-297,0,0
-3,17,-7,-1260,-4224,-253,0,0
5,28,4,-1258,-4231,-260,0,0
12,43,3,-1224,-4216,-306,0,0
8,31,-16,-1230,-4217,-321,0,0
4,40,-9,-1237,-4214,-313,0,0
-2,32,0,-1236,-4213,-290,0,0
-5,19,-5,-1238,-4208,-280,0,0
-4,14,-4,-1241,-4220,-265,0,0
5,18,1,-1234,-4220,-290,0,0
3,25,4,-1212,-4199,-321,0,0
-6,10,-3,-1218,-4198,-306,0,0
-3,-1,-4,-1237,-4225,-286,0,0
5,8,1,-1243,-4235,-292,0,0
11,19,1,-1232,-4215,-316,0,0
6,18,0,-1228,-4205,-325,0,0
-1,15,3,-1240,-4210,-307,0,0
-2,10,10,-1244,-4224,-283,0,0
0,18,9,-1237,-4201,-279,0,0
2,33,6,-1228,-4239,-282,0,0
3,32,5,-1236,-4248,-300,0,0
-9,26,21,-1225,-4204,-313,0,0
-17,7,34,-1222,-4181,-295,0,0
-16,6,31,-1230,-4218,-269,0,0
-15,12,24,-1234,-4230,-266,0,0
-3,21,26,-1218,-4206,-275,0,0
3,25,25,-1215,-4186,-297,0,0
-3,26,15,-1212,-4195,-281,0,0
1,15,4,-1224,-4207,-273,0,0
9,23,-1,-1227,-4219,-260,0,0
14,22,-1,-1227,-4251,-267,0,0
17,22,3,-1227,-4224,-296,0,0
2,17,16,-1205,-4195,-313,0,0
-10,-6,6,-1201,-4214,-301,0,0
-11,-20,4,-1228,-4249,-270,0,0
-9,-12,8,-1220,-4233,-278,0,0
-6,-16,9,-1219,-4198,-285,0,0
-9,-14,2,-1233,-4191,-290,0,0
-15,-20,1,-1237,-4222,-263,0,0
-8,-29,3,-1232,-4207,-254,0,0
2,-19,2,-1228,-4207,-262,0,0
4,-31,-1,-1237,-4232,-275,0,0
5,-30,3,-1238,-4205,-292,0,0
1,-16,4,-1234,-4199,-309,0,0
-10,-39,-6,-1239,-4235,-290,0,0
-10,-42,1,-1252,-4253,-269,0,0
-1,-15,10,-1225,-4218,-292,0,0
-5,-27,7,-1220,-4198,-301,0,0
-13,-24,-7,-1225,-4213,-278,0,0
-9,-17,-11,-1234,-4211,-263,0,0
-4,-13,-5,-1226,-4196,-267,0,0
-4,-13,-5,-1244,-4238,-255,0,0
-2,-13,-12,-1254,-4244,-283,0,0
-3,-9,9,-1248,-4195,-297,0,0
-10,13,23,-1228,-4185,-350,0,0
-15,9,16,-1276,-4172,-502,0,0
-42,23,38,-1313,-4183,-667,0,0
-97,6,73,-1456,-4221,-938,0,0
-244,-13,130,-1707,-4397,-1013,0,0
-402,-24,289,-1925,-4455,-935,0,0
-511,26,540,-2087,-4321,-850,0,0
-556,106,796,-2149,-4255,-666,0,0
-548,143,1061,-2272,-4235,-568,0,0
-508,168,1304,-2544,-4192,-523,0,0
-412,145,1601,-2886,-4191,-446,0,0
-286,72,1981,-3248,-4106,-420,0,0
-188,240,2340,-3714,-4000,-526,0,0
-122,480,2676,-3869,-3772,-523,0,0
1,528,3013,-4396,-3412,-520,0,0
110,828,3331,-4389,-3046,-708,0,0
181,986,3565,-4077,-2611,-824,0,0
256,633,3715,-3918,-2016,-909,0,0
343,507,3644,-3621,-1467,-893,0,0
451,358,3515,-3550,-872,-1269,0,0
424,475,3271,-3071,-218,-1420,0,0
463,392,2936,-2996,204,-1403,0,0
493,515,2599,-2641,865,-1906,0,0
398,769,2188,-2590,1180,-1703,0,0
443,645,1856,-2372,1287,-1789,0,0
416,470,1549,-2378,1321,-2015,0,0
238,743,1293,-2551,1599,-1990,0,0
95,1189,1206,-2490,1714,-2369,0,0
-134,1171,1216,-2121,1805,-2691,0,0
-271,731,1108,-1251,2233,-2490,0,0
-163,-229,805,-1402,2276,-2244,0,0
-23,-315,586,-1526,2484,-2111,0,0
123,-123,469,-1316,2602,-2247,0,0
147,-333,229,-1294,2623,-2589,0,0
29,-202,36,-1957,2445,-2298,0,0
29,341,4,-1767,2553,-2395,0,0
123,-170,-136,-1689,2623,-2433,0,0
96,-362,-198,-1753,2747,-2363,0,0
138,-291,-129,-1776,2977,-2068,0,0
189,-199,-5,-2123,2770,-2418,0,0
27,136,114,-1997,2501,-2964,0,0
-61,141,123,-1910,2464,-2551,0,0
65,242,80,-1795,2470,-2667,0,0
138,192,28,-1743,2523,-2783,0,0
118,210,-50,-1592,2577,-2551,0,0
95,145,-82,-1682,2510,-2737,0,0
-32,-60,-149,-1768,2517,-2773,0,0
-121,-110,-161,-2018,2446,-2220,0,0
-47,340,-132,-1810,2248,-2426,0,0
58,368,-143,-1878,2302,-2512,0,0
113,489,-95,-1947,2317,-2785,0,0
45,331,-118,-1753,2135,-3091,0,0
-52,385,-209,-1699,2249,-2988,0,0
-25,649,-257,-1536,2299,-3120,0,0
-46,700,-274,-1642,2062,-3270,0,0
-119,446,-196,-2022,2010,-2958,0,0
-80,490,-99,-1695,2174,-2793,0,0
-36,323,-34,-1370,2275,-3050,0,0
-58,78,-11,-1317,2250,-3217,0,0
-78,260,43,-1421,2293,-2883,0,0
-2,110,125,-1428,2377,-3125,0,0
-46,62,178,-1328,2231,-3376,0,0
-132,20,198,-1219,2320,-2900,0,0
-109,-75,281,-1174,2422,-2976,0,0
-152,125,339,-1233,2444,-2814,0,0
-77,281,250,-1352,2505,-2681,0,0
-8,146,148,-1392,2396,-3222,0,0
-62,-90,125,-1082,2440,-2940,0,0
-77,52,88,-964,2536,-2717,0,0
-69,26,-26,-1013,2571,-2897,0,0
-132,60,-110,-1242,2619,-2853,0,0
-110,152,-97,-1085,2810,-2574,0,0
-65,36,-108,-1181,2754,-2878,0,0
-136,-1,-123,-1237,2725,-2745,0,0
-92,-70,-75,-1009,2720,-2490,0,0
-88,149,-52,-1092,2726,-2641,0,0
-107,209,-24,-1331,2758,-2554,0,0
-84,-3,10,-1158,2709,-2820,0,0
-96,205,43,-1384,2666,-2623,0,0
-6,772,107,-1116,2487,-2681,0,0
6,809,144,-1135,2589,-2500,0,0
155,365,219,-998,2651,-2739,0,0
147,232,191,-751,2492,-3304,0,0
1,-253,102,-714,2597,-3004,0,0
35,-512,46,-862,2567,-2482,0,0
187,-105,43,-832,2603,-2376,0,0
288,-92,16,-785,2457,-3158,0,0
128,-232,-84,-776,2383,-3447,0,0
11,-366,-200,-783,2416,-2886,0,0
76,-330,-213,-928,2455,-2810,0,0
138,-173,-193,-1125,2544,-2982,0,0
132,-169,-175,-1223,2563,-3074,0,0
93,-284,-140,-1254,2492,-3114,0,0
-16,-75,-79,-1271,2373,-3088,0,0
-74,50,-52,-1153,2359,-3009,0,0
-99,-36,-83,-1293,2369,-2800,0,0
-49,17,-66,-1166,2405,-2769,0,0
-2,-32,-46,-1283,2465,-3041,0,0
-42,-25,-32,-1415,2529,-3074,0,0
-81,78,22,-1180,2533,-2913,0,0
-64,58,52,-1139,2508,-2916,0,0
-38,-29,62,-1204,2461,-2944,0,0
-33,-120,46,-1197,2488,-2893,0,0
-31,-76,47,-1347,2491,-2858,0,0
-53,180,136,-1298,2504,-2893,0,0
-40,152,192,-1199,2512,-2888,0,0
-32,114,180,-1275,2477,-2915,0,0
-51,233,143,-1223,2488,-2957,0,0
-38,177,93,-1175,2460,-2987,0,0
-7,107,61,-983,2446,-2889,0,0
28,106,40,-918,2409,-2793,0,0
46,89,33,-1029,2464,-2934,0,0
-18,106,25,-1012,2573,-2867,0,0
-61,42,-23,-890,2643,-2847,0,0
-60,-122,-30,-878,2695,-2791,0,0
-41,-198,39,-941,2601,-2768,0,0
-48,-92,69,-1008,2498,-2802,0,0
-2112,-40,-6,-1090,2521,-2899,0,0
-90,-7,-83,-1211,2520,-2940,0,0
-61,51,-56,-980,2582,-2834,0,0
7,41,-14,-952,2665,-2895,0,0
25,-23,5,-1026,2691,-2899,0,0
4,-75,24,-1080,2635,-2778,0,0
12,-46,50,-986,2575,-2785,0,0
18,-28,32,-1002,2549,-2833,0,0
20,-41,0,-1102,2548,-2961,0,0
19,-39,-7,-1077,2556,-2877,0,0
39,34,19,-1046,2622,-2893,0,0
33,38,46,-1067,2611,-2964,0,0
13,15,65,-1005,2541,-2908,0,0
11,16,68,-1013,2511,-2877,0,0
21,12,51,-980,2521,-2870,0,0
30,-12,15,-1016,2499,-2921,0,0
30,-1,11,-1021,2496,-2909,0,0
32,46,37,-957,2545,-2913,0,0
18,20,37,-1009,2539,-2980,0,0
-2,-3,27,-995,2534,-2922,0,0
-6,29,26,-965,2515,-2872,0,0
-13,-5,24,-1034,2521,-2903,0,0
-29,-19,26,-1043,2548,-2879,0,0
-23,35,25,-984,2534,-2848,0,0
0,15,25,-999,2514,-2917,0,0
1,0,31,-1006,2537,-2886,0,0
-7,1,26,-1030,2532,-2930,0,0
-19,-39,27,-988,2556,-2908,0,0
-15,-23,28,-920,2559,-2887,0,0
-3,-11,23,-980,2527,-2923,0,0
-7,-27,17,-997,2549,-2919,0,0
-6,-33,17,-976,2539,-2851,0,0
3,-31,16,-994,2556,-2937,0,0
-4,-36,11,-1013,2557,-2922,0,0
0,1,2,-981,2542,-2912,0,0
14,15,7,-984,2533,-2874,0,0
20,28,10,-1015,2536,-2960,0,0
11,11,6,-1003,2560,-2935,0,0
13,12,5,-955,2534,-2920,0,0
18,55,12,-943,2501,-2947,0,0
14,38,9,-962,2518,-2952,0,0
3,13,7,-936,2521,-2907,0,0
3,27,5,-949,2513,-2893,0,0
-2,30,12,-984,2521,-2951,0,0
-18,27,20,-908,2517,-2934,0,0
-28,12,10,-910,2509,-2902,0,0
-30,-23,-1,-928,2520,-2916,0,0
-38,0,-9,-908,2527,-2912,0,0
-33,-12,-14,-917,2515,-2902,0,0
-30,-18,-17,-958,2558,-2925,0,0
-27,-7,-9,-966,2569,-2888,0,0
-21,15,3,-952,2552,-2913,0,0
-27,-7,4,-950,2553,-2911,0,0
-34,-27,-4,-947,2575,-2873,0,0
-28,-26,0,-957,2550,-2881,0,0
-20,-30,6,-997,2550,-2921,0,0
-21,-31,7,-978,2567,-2903,0,0
-18,-12,14,-964,2570,-2893,0,0
-6,-16,24,-974,2565,-2919,0,0
-5,-28,26,-965,2566,-2931,0,0
-6,-38,26,-963,2577,-2908,0,0
-14,-11,23,-941,2559,-2891,0,0
-14,-21,16,-974,2581,-2883,0,0
-17,-33,18,-964,2597,-2849,0,0
-13,-16,21,-931,2561,-2860,0,0
3,-4,18,-928,2574,-2889,0,0
4,-23,3,-1003,2578,-2917,0,0
4,-34,0,-944,2573,-2863,0,0
10,-15,-1,-984,2576,-2901,0,0
11,-25,7,-964,2561,-2889,0,0
11,-39,3,-967,2554,-2893,0,0
13,-23,-1,-946,2552,-2862,0,0
16,-24,-9,-951,2560,-2879,0,0
6,-41,-17,-974,2562,-2874,0,0
-7,-27,-21,-996,2566,-2873,0,0
-10,-13,-5,-987,2565,-2908,0,0
-18,-6,5,-1015,2600,-2901,0,0
-31,14,22,-989,2595,-2875,0,0
-30,18,36,-1005,2572,-2826,0,0
-18,-15,38,-1022,2553,-2865,0,0
-7,-22,33,-990,2541,-2900,0,0
0,-23,26,-1009,2553,-2850,0,0
4,10,22,-983,2544,-2866,0,0
-1,-5,16,-994,2574,-2874,0,0
24,-31,15,-1016,2584,-2859,0,0
64,5,22,-1018,2541,-2890,0,0
94,44,20,-954,2541,-2902,0,0
90,54,-5,-1066,2544,-3009,0,0
55,64,-11,-1036,2503,-2923,0,0
40,77,-5,-1029,2484,-2918,0,0
12,25,2,-1008,2483,-2992,0,0
-8,29,3,-901,2514,-2899,0,0
1,16,-8,-911,2520,-2928,0,0
2,11,-25,-937,2541,-2963,0,0
-3,-11,-26,-934,2536,-2968,0,0
-16,-2,-28,-941,2541,-2865,0,0
-6,2,-33,-981,2512,-2882,0,0
9,-4,-22,-971,2501,-2966,0,0
5,1,-18,-937,2544,-2918,0,0
16,-10,-15,-956,2515,-2911,0,0
31,-61,-48,-840,2474,-2912,0,0
48,-149,-127,-708,2381,-2776,0,0
47,-244,-193,-580,2055,-2476,0,0
5,-284,-134,-464,1507,-1805,0,0
13,-69,203,-413,1182,-1313,0,0
159,175,781,-312,1784,-1628,0,0
388,60,1127,-1124,3684,-3656,0,0
238,-304,1223,-1658,4404,-5430,0,0
-5,215,1349,-336,5280,-4936,0,0
230,556,1090,-488,5860,-5910,0,0
427,725,622,-572,4860,-6746,0,0
195,696,120,-286,3555,-5720,0,0
-49,80,-544,-357,1818,-3006,0,0
242,-1250,-919,-1401,345,-1133,0,0
543,-1135,-622,-1031,-600,-1179,0,0
397,486,-358,-662,-489,-494,0,0
95,881,-320,-498,-410,-85,0,0
-236,418,-346,102,-218,120,0,0
-565,641,-326,238,-144,15,0,0
-802,649,-209,101,-32,-78,0,0
-992,295,86,-135,814,-565,0,0
-1104,101,247,57,2557,-2457,0,0
-1035,-881,138,-515,4688,-3118,0,0
-833,-1306,475,-908,5605,-3954,0,0
-704,-543,764,-422,5014,-4137,0,0
-628,-592,552,-795,5022,-3959,0,0
-477,-251,205,-315,5228,-4578,0,0
-269,270,-166,-167,5245,-4900,0,0
-107,501,-2328,-525,4913,-4370,0,0
78,493,-270,-762,4491,-2862,0,0
261,480,-239,-878,3764,-2231,0,0
309,252,-304,-972,3634,-2837,0,0
233,-215,-397,-1156,4515,-3001,0,0
240,-229,-275,-1154,5139,-4199,0,0
461,-102,83,-596,6293,-4879,0,0
751,287,486,-522,6141,-4895,0,0
941,1196,626,-168,4821,-4645,0,0
1105,1278,95,207,3177,-3838,0,0
1359,-3,-537,-215,1593,-2037,0,0
1485,-1742,-300,-1411,920,474,0,0
1409,-1669,393,-927,-223,658,0,0
862,-121,681,-511,-916,383,0,0
-42,57,777,-850,-1221,775,0,0
-805,-576,651,-182,-1420,824,0,0
-1223,-442,318,110,-1565,170,0,0
-1426,-452,15,-312,-1415,-509,0,0
-1411,-185,-187,86,-122,-868,0,0
-1140,312,-640,-548,1799,-2365,0,0
-1076,268,-1279,-2277,3363,-3605,0,0
-836,176,-943,-1585,6533,-3667,0,0
-121,746,-674,-689,6890,-5026,0,0
213,706,-388,-160,7076,-4730,0,0
347,264,-38,-484,6112,-4286,0,0
356,460,243,-474,5405,-3766,0,0
476,-155,517,-692,4939,-3547,0,0
449,176,478,-421,3580,-3951,0,0
333,270,262,-603,2991,-3348,0,0
417,-86,81,-956,2171,-3900,0,0
269,-72,-63,-501,1652,-3255,0,0
91,-8,-245,-409,1477,-2506,0,0
19,7,-381,-1006,1265,-2576,0,0
-86,70,-360,-893,1548,-2635,0,0
-102,-81,-235,-475,2447,-2428,0,0
-9,146,-54,-829,3807,-3910,0,0
108,-138,436,-1207,5814,-5239,0,0
452,192,1336,-717,6652,-5407,0,0
905,1358,1794,-489,5784,-7608,0,0
940,1291,1461,-212,4009,-5098,0,0
600,388,347,204,1608,-3320,0,0
78,-498,-921,-399,-668,-1831,0,0
-291,-1575,-1315,-788,-570,-134,0,0
47,-816,-1074,-536,-522,-512,0,0
85,59,-833,-1055,-374,-526,0,0
-151,-419,-501,-1046,-93,148,0,0
-132,-954,-350,0,30,290,0,0
21,-440,-368,-7,139,-202,0,0
10,-380,-222,138,119,-434,0,0
-250,-622,52,184,14,-643,0,0
-480,-398,524,237,1114,-3456,0,0
-684,-520,804,42,3027,-3144,0,0
-799,-1234,401,-1665,5037,-3951,0,0
-902,-990,248,-3112,5734,-5802,0,0
-1267,-794,107,-3608,6214,-5105,0,0
-985,-405,-79,-1978,6298,-5830,0,0
-268,224,-183,-2526,5888,-5909,0,0
124,289,121,-2334,4964,-4468,0,0
123,1226,212,-1454,3798,-2992,0,0
226,1439,-1,-1786,3381,-2497,0,0
350,752,118,-1646,2693,-1992,0,0
400,283,383,-880,1815,-885,0,0
370,45,476,-969,1106,-713,0,0
164,-70,385,-641,699,-1239,0,0
-75,-445,64,-479,742,-1302,0,0
-208,-541,-222,-856,1430,-1513,0,0
-246,-377,-364,-2976,2550,-2663,0,0
-177,-585,-370,-1598,4399,-4636,0,0
-260,-239,-114,-2117,6386,-6337,0,0
-157,222,463,-2317,7669,-6661,0,0
212,1257,1242,-1506,7681,-6919,0,0
312,1317,1246,-983,6220,-5207,0,0
238,1773,520,-145,4033,-3295,0,0
394,1826,-526,317,2202,-1133,0,0
947,-486,-1103,-1116,317,386,0,0
863,-1325,-603,-1357,-584,-46,0,0
416,582,216,-446,-483,391,0,0
163,335,759,-944,-420,889,0,0
-59,-378,983,-2656,-596,475,0,0
-358,-327,832,41,-1001,-153,0,0
-612,-164,458,-93,-1399,-653,0,0
-761,-70,212,-115,-983,-940,0,0
-661,32,10,157,459,-1452,0,0
-569,-156,-271,237,2552,-2276,0,0
-773,-125,-611,252,5041,-3193,0,0
-539,-297,-1416,-967,6855,-4634,0,0
75,230,-905,-538,7279,-5514,0,0
228,119,42,721,7030,-3973,0,0
276,21,402,273,5863,-3516,0,0
266,283,540,166,5652,-3858,0,0
214,-118,467,-47,4876,-4124,0,0
120,-23,306,-785,4117,-3761,0,0
119,154,267,-687,3457,-3602,0,0
135,-308,229,-587,2627,-3096,0,0
54,-268,198,-652,1966,-2145,0,0
4,-112,120,-573,1322,-1988,0,0
-26,-272,-48,-482,1031,-1831,0,0
-9,-230,-217,-333,783,-1248,0,0
19,-108,-351,-349,700,-3208,0,0
6,-146,-466,-455,1334,-1479,0,0
-111,27,-577,-566,2576,-2601,0,0
-102,116,-486,-582,5137,-4297,0,0
-3,377,-1,-206,6578,-5782,0,0
139,494,488,-517,7460,-5294,0,0
339,600,809,-1001,7069,-5594,0,0
327,717,1014,-352,5597,-5443,0,0
105,861,838,444,3640,-3866,0,0
114,584,145,568,1694,-1580,0,0
472,-863,-539,-571,-76,-882,0,0
389,-830,-746,-1074,-1262,-859,0,0
8,2,-692,-728,-1609,165,0,0
-296,-197,-515,-406,-1093,1076,0,0
-251,-783,-594,188,-415,1165,0,0
-5,-407,-779,155,-104,330,0,0
94,51,-795,-121,-240,-591,0,0
-82,-327,-537,-208,318,-732,0,0
-336,-785,91,-648,1840,-1315,0,0
-588,-545,370,-540,4142,-2361,0,0
-858,-1805,271,-1972,6417,-3649,0,0
-1126,-1631,612,-2950,6038,-4945,0,0
-1399,-231,574,-906,6046,-4313,0,0
-878,295,182,-937,6222,-4965,0,0
-130,192,53,-1401,5990,-4699,0,0
373,335,268,-1357,5116,-4121,0,0
342,995,119,-1202,4774,-2695,0,0
311,839,-212,-1171,4524,-2042,0,0
329,-126,-266,-1133,4149,-2147,0,0
220,-458,-105,-1123,3368,-1657,0,0
203,-71,34,-828,2662,-1313,0,0
338,-135,-11,-778,1840,-1218,0,0
411,-152,-186,-606,1262,-1223,0,0
460,-279,-345,-745,1067,-1421,0,0
434,-172,-306,-851,1418,-1855,0,0
335,-102,-159,-878,1996,-2177,0,0
264,222,-32,-1029,3414,-3436,0,0
245,260,206,-1435,5422,-5074,0,0
243,793,665,-1602,5966,-6636,0,0
203,1476,871,-1356,6346,-6424,0,0
248,1636,816,-851,5819,-5057,0,0
270,1778,371,-63,4589,-3677,0,0
482,854,-465,-82,2521,-2058,0,0
832,-1035,-945,-797,522,-333,0,0
860,-1804,-512,-611,-204,784,0,0
524,-796,91,624,-425,546,0,0
77,-780,161,-22,-339,451,0,0
-174,-1232,192,-738,-141,659,0,0
-161,-1197,233,-311,-348,115,0,0
-251,-1146,228,-201,-633,-917,0,0
-566,-676,332,-624,-176,-1298,0,0
-719,-77,564,-822,692,-2323,0,0
-857,-25,198,-1548,2945,-2380,0,0
-765,65,-515,-2880,4511,-4555,0,0
-708,-11,-717,-1562,5898,-5545,0,0
-266,-89,-361,-781,7757,-4339,0,0
12,608,-116,-2128,7335,-4858,0,0
-22,685,337,-1346,5896,-4657,0,0
236,-112,499,-1331,4935,-3740,0,0
421,133,601,-1527,3861,-3681,0,0
267,741,596,-940,2990,-3137,0,0
145,856,402,-748,2201,-2457,0,0
217,361,188,-579,1486,-2020,0,0
231,-78,-54,-619,1043,-1513,0,0
156,10,-266,-556,722,-1163,0,0
82,127,-428,-644,565,-1055,0,0
-93,179,-490,-1057,860,-1286,0,0
-359,345,-354,-744,1766,-1558,0,0
-487,264,-251,-710,3148,-2207,0,0
-636,759,-280,-1019,5019,-4164,0,0
-504,128,-265,-968,7188,-5078,0,0
181,-112,271,-668,8178,-5871,0,0
613,560,910,-173,7331,-7824,0,0
704,829,1223,-417,5648,-4678,0,0
825,747,881,78,3646,-3877,0,0
1081,209,-129,496,2227,-3168,0,0
1285,-1102,-872,-1253,1471,-2157,0,0
1247,-1716,-471,-2090,570,-1275,0,0
952,-954,70,-795,-553,-620,0,0
336,-993,243,-68,-875,604,0,0
-258,-931,289,-325,-1097,1408,0,0
-695,196,242,-101,-1249,1600,0,0
-846,1151,65,71,-1322,860,0,0
-908,1053,64,-299,-1238,-152,0,0
-1302,1364,444,-146,-334,-1083,0,0
-2064,414,491,23,2286,-553,0,0
-2023,-870,95,-189,7021,-1840,0,0
-1375,13,-506,-551,7693,-5676,0,0
-1025,-1522,-488,-2400,8555,-5546,0,0
-598,-653,-388,-739,8715,-5602,0,0
-15,384,-106,-403,7527,-5779,0,0
301,493,349,-512,5788,-4666,0,0
347,727,396,-850,4373,-2603,0,0
500,802,391,-857,3281,-1457,0,0
693,348,388,-278,2240,-932,0,0
698,-388,187,-108,1454,-602,0,0
501,-339,16,-305,1026,-747,0,0
276,-191,-95,-142,1023,-725,0,0
112,-99,-215,-23,1071,-747,0,0
59,-3,-368,-153,1305,-1083,0,0
74,-251,-477,-398,2252,-1782,0,0
82,-310,-430,-546,3568,-3345,0,0
34,-105,-234,-1096,5140,-4793,0,0
50,19,149,-1027,6239,-5510,0,0
123,728,297,-708,6684,-5476,0,0
458,828,522,-632,6085,-5313,0,0
756,691,511,-212,5689,-4352,0,0
1058,627,5,221,4754,-3365,0,0
1343,616,-650,268,2779,-2902,0,0
1392,-161,-1086,-795,716,-1952,0,0
1165,-725,-782,-1701,-435,-1045,0,0
905,-518,-128,-802,-292,-323,0,0
489,-280,216,249,-144,122,0,0
-137,-352,312,160,-270,338,0,0
-662,-124,364,62,-475,511,0,0
-930,418,353,6,-789,28,0,0
-1094,170,278,-214,-624,-578,0,0
-1271,16,220,-402,408,-1078,0,0
-1305,-770,-204,-1324,2691,-1292,0,0
-1112,-1350,-682,-2507,4978,-3788,0,0
-851,-509,-604,-1104,6256,-5906,0,0
-227,399,-124,363,6653,-5138,0,0
366,410,222,-266,5826,-4309,0,0
469,296,762,-745,5100,-3676,0,0
309,206,872,-2360,4673,-3723,0,0
62,33,551,-389,4094,-3850,0,0
-76,339,230,-791,3679,-3697,0,0
28,848,-58,-688,3401,-3784,0,0
235,387,-190,-450,3083,-3604,0,0
351,-192,-141,-558,2751,-3051,0,0
271,15,-12,-438,2245,-2509,0,0
148,37,-13,-410,1789,-1868,0,0
141,-68,-121,-567,1509,-1786,0,0
103,-60,-223,-388,1576,-2116,0,0
-39,-131,-274,-293,2013,-2226,0,0
-125,-196,-143,-393,2676,-2278,0,0
-184,242,123,-129,3271,-3026,0,0
-181,167,347,-479,4578,-4025,0,0
-91,200,758,-10,5577,-5072,0,0
0,398,973,347,5991,-5178,0,0
175,358,975,217,5471,-5252,0,0
283,376,760,429,4175,-4691,0,0
466,-58,172,513,2333,-3097,0,0
699,-951,-584,96,809,-1782,0,0
673,-1091,-943,-647,-91,-821,0,0
500,-367,-938,-473,-747,-137,0,0
129,-109,-817,-476,-787,344,0,0
-217,-148,-747,-484,-712,439,0,0
-427,-245,-753,-315,-491,333,0,0
-541,-38,-710,-507,-279,42,0,0
-670,34,-402,-348,247,-389,0,0
-613,-509,331,-532,1906,-1290,0,0
-709,72,922,-15,3626,-2715,0,0
-859,-476,620,-388,5925,-3064,0,0
-733,-1427,456,-1613,5956,-4851,0,0
-680,-994,445,-1195,6023,-4222,0,0
-434,102,256,-356,6021,-4149,0,0
-82,972,-61,-921,5689,-5785,0,0
151,501,11,-1530,4977,-5297,0,0
310,-209,319,-1058,4100,-2653,0,0
220,334,365,-825,3232,-1684,0,0
41,618,205,-536,2610,-2068,0,0
-47,251,-5,-282,2429,-2264,0,0
-6,81,-143,-235,2385,-2074,0,0
121,-47,-135,-412,2460,-1923,0,0
181,-105,-47,-426,2499,-2040,0,0
187,-144,31,-459,2421,-1928,0,0
126,165,105,-475,2585,-2023,0,0
52,20,120,-348,2739,-2383,0,0
-50,-1,67,-414,3070,-2478,0,0
-112,83,-23,-281,3614,-3081,0,0
-83,201,-53,-286,4520,-3994,0,0
77,600,135,-214,5590,-4954,0,0
249,970,421,87,5714,-4976,0,0
408,826,385,-158,5628,-4598,0,0
478,636,132,-313,5204,-4154,0,0
341,691,-227,349,4340,-3577,0,0
297,19,-792,393,3145,-2441,0,0
260,-652,-873,-1197,1005,-969,0,0
361,-151,-174,-720,200,296,0,0
222,402,426,-361,-627,944,0,0
-233,147,554,-188,-1138,861,0,0
-381,-132,387,189,-1143,97,0,0
-293,-228,249,-99,-1030,-59,0,0
-187,-152,302,-201,-723,-279,0,0
-141,-8,394,67,132,-722,0,0
-343,177,132,111,999,-2079,0,0
-893,-410,-610,-240,3399,-3350,0,0
-1140,-563,-1529,-999,5282,-5351,0,0
-1235,-487,-1123,-13,7982,-4020,0,0
-520,410,-234,745,8527,-3958,0,0
-70,526,200,-145,7237,-4193,0,0
86,-109,378,-839,5837,-3749,0,0
218,164,469,-685,4925,-3365,0,0
288,277,573,-374,3961,-2568,0,0
320,438,446,-143,3401,-2462,0,0
338,186,141,-125,2779,-2675,0,0
300,50,-55,-331,2094,-2238,0,0
327,120,-38,-105,1872,-1630,0,0
396,-81,39,17,1903,-1495,0,0
371,-82,50,-57,1858,-1366,0,0
274,-94,-90,47,1597,-1430,0,0
229,-315,-353,-41,1508,-1522,0,0
196,-339,-574,-136,1998,-1994,0,0
185,-434,-607,-230,3164,-2772,0,0
87,-287,-219,61,5007,-4537,0,0
-151,131,322,421,6487,-4842,0,0
-52,145,755,66,6975,-5215,0,0
233,39,974,-120,6417,-5997,0,0
327,338,817,-169,4825,-5108,0,0
380,251,205,-335,3268,-3113,0,0
425,-156,-468,-1039,2169,-2017,0,0
202,-828,-1037,-1582,330,-1309,0,0
-29,-421,-881,-480,-1399,-612,0,0
-98,243,-414,467,-1476,430,0,0
-154,-22,-283,-102,-1026,625,0,0
-215,-276,-405,-306,-683,229,0,0
-227,-177,-583,190,-248,-102,0,0
-337,244,-729,177,-171,-620,0,0
-479,468,-535,-559,1072,-633,0,0
-514,69,-113,-626,3053,-1593,0,0
-562,-746,-222,-734,6271,-2110,0,0
-276,-1866,-143,-2053,7003,-3928,0,0
-53,-1340,396,-1771,5969,-4354,0,0
-62,-469,277,-1237,5767,-4588,0,0
194,-124,-223,-1732,5322,-5513,0,0
424,177,-244,-2331,5008,-5827,0,0
531,-122,141,-1992,4663,-4371,0,0
314,233,416,-1922,4331,-2671,0,0
2,660,646,-1195,3414,-2287,0,0
-155,438,653,-419,2634,-2004,0,0
-142,289,427,-770,2197,-2036,0,0
-45,168,249,-986,1870,-2065,0,0
-7,45,130,-599,1517,-1543,0,0
46,-50,-42,-534,1233,-1160,0,0
84,-65,-234,-596,1202,-1425,0,0
6,-212,-410,-680,1488,-1643,0,0
-100,-436,-492,-662,2210,-1872,0,0
-288,-224,-489,-920,3481,-2921,0,0
-434,-9,-217,-1106,5189,-4617,0,0
-407,297,346,-1299,7008,-5311,0,0
-235,530,1178,-1758,7806,-4959,0,0
-89,1333,1600,-780,6438,-4784,0,0
132,1346,965,108,5276,-3476,0,0
511,989,-174,-305,3892,-2392,0,0
859,-134,-908,-1138,1439,-1594,0,0
840,-1357,-736,-738,-160,95,0,0
375,-522,-75,374,-963,1134,0,0
-55,42,215,408,-942,1086,0,0
-293,-695,283,-381,-842,898,0,0
-343,-672,270,-90,-1136,320,0,0
-359,-235,72,71,-1244,-727,0,0
-443,-102,-120,-299,-395,-1253,0,0
-349,405,-193,-960,1507,-2470,0,0
-178,-227,-480,-749,4495,-2285,0,0
-58,-464,-1001,-1768,6526,-4171,0,0
-59,-403,-959,-1628,7399,-5486,0,0
7,29,-169,-176,6817,-4260,0,0
128,182,204,-479,5875,-3722,0,0
204,-14,758,-1086,4663,-3499,0,0
178,155,1022,-810,4057,-3176,0,0
122,23,772,-1136,3637,-3068,0,0
-3,98,432,-1770,3541,-3449,0,0
-69,214,80,-933,3351,-3398,0,0
38,-262,-204,-550,3013,-2940,0,0
110,-115,-242,-509,2720,-2598,0,0
128,-7,-231,-336,2337,-2142,0,0
148,-295,-327,-344,1828,-1558,0,0
116,-221,-475,-593,1441,-1345,0,0
48,55,-534,-942,1569,-1551,0,0
-45,-29,-492,-1189,2171,-1915,0,0
-114,-101,-287,-1460,3198,-2390,0,0
-59,148,163,-1204,4687,-3624,0,0
34,529,771,-1252,5783,-4709,0,0
103,533,1253,-1157,6176,-4466,0,0
347,62,1459,-943,5934,-3898,0,0
607,66,1252,-474,5294,-3957,0,0
770,-202,491,185,3689,-4281,0,0
519,-580,-710,90,1342,-3835,0,0
242,-1589,-1306,-623,-57,-1456,0,0
133,-1070,-805,-469,-581,-305,0,0
88,447,-547,184,-1054,116,0,0
-47,307,-653,-431,-1259,387,0,0
-300,108,-720,-346,-822,223,0,0
-386,309,-645,-73,-471,267,0,0
-466,632,-425,-234,-80,57,0,0
-743,515,-41,-1129,1377,-607,0,0
-1038,531,-73,-1310,2892,-2065,0,0
-1166,-1336,-544,-1532,6287,-2361,0,0
-759,-2163,-583,-3327,6481,-4725,0,0
-470,-754,-240,-1813,6202,-5006,0,0
-233,-742,-66,-2407,5998,-4221,0,0
-154,-718,-10,-3511,5753,-4148,0,0
-126,-340,318,-2751,5589,-4222,0,0
-145,284,497,-1874,4857,-3569,0,0
-45,648,508,-1403,3586,-1934,0,0
247,614,505,-1770,2761,-1363,0,0
329,471,531,-1542,2227,-1064,0,0
277,280,496,-1411,1794,-1165,0,0
65,320,394,-1285,2086,-1181,0,0
-178,129,231,-1332,2618,-1230,0,0
-348,36,125,-1013,2949,-1818,0,0
-385,-160,42,-665,3345,-2026,0,0
-280,-97,66,-644,3476,-2169,0,0
-180,201,177,-234,3100,-2119,0,0
-132,382,135,75,2820,-1814,0,0
-51,327,61,263,2780,-1811,0,0
61,342,-51,355,2741,-2007,0,0
160,124,-118,345,2778,-2353,0,0
204,122,4,403,3347,-2413,0,0
235,343,278,214,4002,-3072,0,0
201,359,615,163,5127,-3404,0,0
268,-48,1007,-834,6244,-3566,0,0
430,447,1402,-1534,7073,-4082,0,0
614,729,1320,-1308,6238,-4062,0,0
796,542,604,-864,4785,-3263,0,0
949,469,-193,-517,3291,-1720,0,0
1160,-197,-946,199,1419,-678,0,0
1047,-1056,-1254,-76,141,-517,0,0
572,-921,-953,149,-549,57,0,0
154,-767,-583,17,-690,578,0,0
-74,-1049,-266,-494,-614,769,0,0
-214,-742,-118,-236,-777,393,0,0
-388,-784,-136,-319,-839,-496,0,0
-619,-137,0,-446,-19,-1593,0,0
-542,186,237,-619,1927,-2887,0,0
-528,372,109,58,3405,-3066,0,0
-551,389,-676,-1607,5197,-3504,0,0
-398,943,-1328,-2804,6180,-5841,0,0
-103,478,-948,-1691,6852,-5220,0,0
103,248,-380,-2544,6724,-4402,0,0
20,951,134,-3063,5969,-4902,0,0
-74,602,533,-2103,5275,-4467,0,0
-51,244,744,-1485,3967,-3353,0,0
13,686,811,-867,2589,-2578,0,0
181,175,612,-473,1687,-2034,0,0
220,-357,218,-567,1219,-1721,0,0
126,-205,-188,-590,1081,-1354,0,0
101,-561,-541,-493,905,-1216,0,0
49,-461,-658,-610,1031,-1318,0,0
26,-350,-487,-2736,1690,-1568,0,0
30,-445,-48,-827,3106,-2752,0,0
-4,-494,557,-920,5440,-4319,0,0
33,94,1335,-1373,7506,-5409,0,0
181,835,1904,-919,7324,-5963,0,0
382,725,1819,-251,5836,-5386,0,0
485,766,1308,355,4457,-4235,0,0
528,731,500,41,2830,-3340,0,0
581,-564,-229,-331,480,-2246,0,0
437,-1218,-565,-454,-886,-552,0,0
355,-252,-593,-152,-1494,299,0,0
171,-80,-600,34,-1574,574,0,0
-216,-465,-775,-338,-1095,846,0,0
-411,-392,-997,-196,-530,918,0,0
-393,-381,-1160,-109,-249,473,0,0
-577,-130,-1198,-278,-13,-454,0,0
-1109,-162,-991,-948,1120,-1329,0,0
-1341,-183,-591,-1248,3864,-2298,0,0
-875,-1107,-481,-939,7001,-3406,0,0
-284,-2281,111,-2406,7879,-4358,0,0
-132,-972,681,-2722,7584,-6192,0,0
-17,-146,530,-3323,7321,-5491,0,0
16,185,294,-3840,6136,-5751,0,0
70,1051,427,-2554,4714,-4077,0,0
222,1577,501,-1638,3502,-3003,0,0
276,957,439,-1331,2727,-1873,0,0
155,790,470,-765,2212,-1202,0,0
61,593,364,-312,2172,-1000,0,0
59,159,181,-180,2095,-1445,0,0
40,-63,31,-221,1847,-1581,0,0
69,-46,-36,-126,1740,-1399,0,0
198,-168,-70,-128,1709,-1616,0,0
235,-303,-62,-311,1858,-1763,0,0
173,-185,-12,-326,2131,-2053,0,0
93,-309,-57,-501,2624,-2397,0,0
-9,-256,-112,-777,3296,-3514,0,0
-169,41,-40,-943,4724,-4361,0,0
-110,252,303,-1097,5901,-5386,0,0
-83,885,727,-1006,6703,-5369,0,0
-24,847,957,-790,6795,-4572,0,0
88,755,692,-92,6062,-4061,0,0
216,437,146,246,4292,-2699,0,0
566,-268,-469,183,2070,-809,0,0
758,-1060,-770,-498,458,224,0,0
579,-1169,-364,-535,-425,304,0,0
210,-738,10,-45,-834,639,0,0
-32,-841,205,-456,-669,1238,0,0
-52,-1057,265,-453,-637,1071,0,0
-4,-1099,152,-340,-782,123,0,0
-177,-870,174,-514,-664,-1465,0,0
-444,-640,353,-764,659,-2062,0,0
-718,-18,345,-1339,2227,-3351,0,0
-919,466,-161,-1746,4635,-4236,0,0
-787,-215,-1054,-2660,5917,-5395,0,0
-609,-443,-727,-1838,7117,-4664,0,0
-313,506,-305,-1489,7597,-4052,0,0
-129,543,-143,-2084,6720,-3785,0,0
121,193,210,-2268,5544,-3442,0,0
233,654,500,-1693,4581,-3296,0,0
206,625,521,-1107,3726,-2789,0,0
110,521,347,-1020,2908,-2142,0,0
119,582,150,-755,2379,-1863,0,0
270,78,-40,-489,1965,-1845,0,0
309,-196,-104,-421,1592,-1536,0,0
293,-82,-47,-381,1333,-1021,0,0
287,-86,-33,-192,1179,-839,0,0
177,-245,-162,-306,1332,-1074,0,0
-34,-330,-288,-572,1618,-1374,0,0
-204,-310,-333,-728,2388,-1789,0,0
-298,-107,-294,-707,3343,-2962,0,0
-250,-130,-83,-1005,5324,-4280,0,0
-136,18,498,-1791,7713,-5445,0,0
125,363,1275,-1847,8498,-5555,0,0
465,872,1732,-1104,7039,-5884,0,0
451,870,1573,-437,5207,-4315,0,0
321,682,824,-103,3294,-2751,0,0
123,-214,-79,-521,1326,-2020,0,0
-204,-880,-481,-666,-453,-36,0,0
-111,-140,-666,-87,-1828,396,0,0
-90,-64,-801,-92,-2108,433,0,0
-206,-267,-903,-344,-1438,918,0,0
-154,-94,-1070,-158,-756,424,0,0
-84,87,-1166,-205,-331,-99,0,0
-99,-179,-915,-498,171,-243,0,0
-20,-413,-192,-734,1745,-844,0,0
92,-404,625,-9,3952,-1785,0,0
-31,-916,617,-897,6625,-2374,0,0
-164,-658,282,-2421,7484,-5367,0,0
-295,-434,139,-2453,6800,-6228,0,0
-327,178,170,-2065,6406,-4433,0,0
-83,870,11,-2597,6201,-5101,0,0
129,733,-73,-1766,5305,-5703,0,0
56,350,-4,-1093,4017,-3735,0,0
-73,300,146,-1073,3044,-1676,0,0
-140,592,255,-814,2322,-1080,0,0
-147,397,206,-324,1660,-1131,0,0
-116,-24,108,-132,1248,-1052,0,0
-58,-153,-20,-109,1028,-830,0,0
44,-349,-188,-187,1178,-933,0,0
48,-378,-318,-272,1350,-1244,0,0
-32,-446,-359,-342,1784,-1434,0,0
-142,-572,-419,-503,2497,-1901,0,0
-266,-498,-452,-1161,3719,-2788,0,0
-369,-366,-275,-1355,5192,-4084,0,0
-397,57,201,-1456,7020,-4948,0,0
-257,769,877,-1476,7875,-5339,0,0
-18,1014,1446,-1836,8025,-4497,0,0
405,1226,1590,-1565,7180,-4006,0,0
843,787,1092,-1161,5095,-3249,0,0
993,384,377,-670,2778,-1443,0,0
962,-51,-311,-107,664,299,0,0
687,-609,-621,16,-385,734,0,0
70,-706,-477,405,-1069,132,0,0
-455,-893,-392,193,-1139,655,0,0
-441,-1198,-293,-200,-789,1190,0,0
-163,-1160,-192,-68,-658,613,0,0
-73,-824,-166,-266,-643,-518,0,0
-204,-374,-101,-725,121,-1600,0,0
-317,127,-43,-1104,1553,-2489,0,0
-414,130,-246,-1502,3078,-2521,0,0
-222,615,-648,-2216,4897,-4124,0,0
-126,679,-1064,-2063,6666,-5360,0,0
103,320,-932,-1957,7986,-5024,0,0
268,-25,-486,-2202,7910,-4505,0,0
149,192,11,-2561,6766,-4542,0,0
154,398,467,-2462,5573,-4312,0,0
371,-75,820,-1605,4006,-3275,0,0
454,225,953,-960,2847,-2531,0,0
372,816,764,-391,1950,-2439,0,0
283,709,363,-464,1515,-2147,0,0
259,171,-50,-592,1184,-1691,0,0
226,-196,-357,-400,661,-1181,0,0
251,-25,-558,-214,562,-719,0,0
228,83,-653,-856,576,-1107,0,0
-40,99,-639,-820,946,-1588,0,0
-270,-371,-655,-728,1803,-1559,0,0
-406,-216,-541,-791,2642,-2417,0,0
-390,18,-355,-527,3841,-3199,0,0
-242,-163,-45,-479,4690,-4195,0,0
-208,73,247,-648,5389,-4451,0,0
-108,354,753,-638,6316,-5198,0,0
-73,285,1310,-492,6556,-4899,0,0
216,250,1776,-1651,6409,-4817,0,0
449,987,1994,-1273,5121,-5468,0,0
293,715,1518,-348,3757,-3950,0,0
145,443,590,-172,2217,-2671,0,0
-142,-461,-216,11,740,-1672,0,0
-430,-1134,-605,73,-341,-399,0,0
-196,-2136,-584,15,-724,-151,0,0
-29,72,-566,148,-846,415,0,0
-193,-505,-662,-521,-756,906,0,0
-341,-406,-774,-457,-648,420,0,0
-370,-89,-807,-447,-461,-93,0,0
-361,-75,-658,-375,156,-219,0,0
-189,-362,-65,-513,1714,-935,0,0
-145,154,362,503,3279,-2442,0,0
-402,-249,31,-2456,5925,-3175,0,0
-382,-1171,149,-1344,6973,-3819,0,0
-326,-578,294,-956,6424,-4150,0,0
-523,-103,-250,-1439,6244,-4840,0,0
-385,178,-535,-2180,5904,-4836,0,0
34,292,-377,-1926,5330,-4503,0,0
231,274,-16,-2164,4328,-3603,0,0
127,650,292,-1313,3529,-2178,0,0
100,458,302,-528,2837,-1619,0,0
115,172,179,-343,2441,-1562,0,0
92,141,38,-478,2261,-1480,0,0
48,-164,-68,-528,2109,-1373,0,0
4,-118,-112,-497,2176,-1420,0,0
-32,73,-120,-639,2292,-1804,0,0
-54,-89,-80,-487,2738,-2049,0,0
-93,-144,-51,-555,3277,-2285,0,0
-150,-59,40,-802,4353,-3057,0,0
-236,-9,247,-419,5489,-4261,0,0
-283,248,573,-632,7090,-4325,0,0
33,576,1026,-1121,7405,-4662,0,0
292,1022,1080,-274,6377,-4412,0,0
382,940,674,227,5048,-3019,0,0
503,500,-158,240,2688,-1447,0,0
1061,-852,-752,-1037,935,430,0,0
1284,-1204,-334,-349,-497,14,0,0
521,-635,15,307,-1276,868,0,0
-24,-311,24,-625,-870,1391,0,0
-30,-805,-59,-623,-783,102,0,0
-236,-626,-211,-106,-1225,-1456,0,0
-616,-556,-314,-287,-870,-1098,0,0
-632,82,-97,-246,430,-1512,0,0
-265,1031,104,-158,1970,-3205,0,0
-473,1192,68,-312,4027,-3338,0,0
-946,1158,-723,-889,5516,-3634,0,0
-827,437,-1257,-1392,7257,-4286,0,0
-324,357,-985,-1168,8452,-3938,0,0
100,395,-524,-1775,7244,-3987,0,0
247,601,111,-1116,6443,-3137,0,0
375,466,383,-807,5346,-3324,0,0
350,2,348,-832,3536,-2957,0,0
180,84,289,-644,2352,-1845,0,0
246,94,176,-339,1781,-1584,0,0
465,-162,-28,-150,1689,-1809,0,0
495,-326,-224,-581,1701,-1712,0,0
372,-199,-165,-619,1660,-1707,0,0
264,-197,-62,-197,1654,-1535,0,0
149,-415,-115,-491,1615,-1446,0,0
23,-349,-235,-544,1886,-1773,0,0
-83,-324,-434,-545,2148,-2278,0,0
-148,-303,-545,-752,2781,-2819,0,0
-165,-324,-435,-746,3932,-3209,0,0
-184,71,-66,-971,5092,-4456,0,0
-272,295,448,-1198,6151,-4667,0,0
-207,132,967,-1263,6296,-4572,0,0
21,619,1215,-1169,6210,-4836,0,0
328,585,1163,-899,5554,-4820,0,0
359,329,761,-587,4058,-4054,0,0
248,-179,123,-236,2006,-2160,0,0
197,-1160,-500,-379,518,-522,0,0
119,-873,-812,-639,-116,-603,0,0
45,-86,-717,-265,-648,-535,0,0
-216,-298,-515,-240,-664,251,0,0
-404,-351,-381,-283,-380,589,0,0
-415,-128,-251,-21,-318,291,0,0
-389,-88,-135,50,-171,-59,0,0
-339,-272,61,-402,541,-425,0,0
-316,-31,288,-1141,2047,-1750,0,0
-274,-476,322,-855,3702,-2405,0,0
-367,-1306,240,-1261,6228,-2470,0,0
-340,-1155,140,-3123,7938,-4619,0,0
-512,-774,124,-2496,7278,-4835,0,0
-472,-311,-159,-1615,6548,-4059,0,0
-61,409,-532,-2729,6544,-5213,0,0
178,324,-174,-1932,5192,-4415,0,0
274,593,343,-930,3427,-2017,0,0
398,944,491,-793,2456,-785,0,0
473,527,389,-716,2020,-1014,0,0
334,128,195,-468,1887,-1347,0,0
123,-38,12,-593,1812,-1178,0,0
35,-158,-32,-741,1687,-1223,0,0
41,-52,-41,-744,1653,-1475,0,0
40,10,-31,-945,1822,-1859,0,0
-10,40,-14,-974,2587,-2257,0,0
-110,91,-14,-1184,3809,-3518,0,0
-226,369,227,-1432,6311,-5085,0,0
-200,401,781,-794,7374,-5266,0,0
-11,1154,962,-687,7164,-4521,0,0
263,1567,677,-678,6006,-4051,0,0
471,770,18,-424,4298,-3214,0,0
718,-384,-688,-641,2393,-1321,0,0
830,-585,-821,-492,658,452,0,0
433,-753,-168,202,-316,617,0,0
-226,-385,342,325,-615,418,0,0
-648,-128,388,26,-587,588,0,0
-637,-664,266,42,-729,498,0,0
-505,-451,-19,138,-977,-458,0,0
-408,-415,-335,-156,-849,-962,0,0
-416,-432,-417,-957,417,-1266,0,0
-251,236,-352,-1200,1911,-2357,0,0
-344,134,-406,-1000,4474,-3101,0,0
-464,402,-1036,-2839,7252,-5057,0,0
-327,115,-882,-2103,7316,-5157,0,0
6,422,-336,-1127,7292,-3791,0,0
170,941,-184,-2218,6743,-4065,0,0
92,936,204,-1816,6211,-3373,0,0
-2,497,305,-985,5162,-2900,0,0
-120,381,242,-395,3795,-2310,0,0
-139,499,128,-268,2753,-1673,0,0
-9,233,-110,-394,2267,-1479,0,0
117,-289,-355,-532,1977,-1321,0,0
111,-257,-493,-721,1678,-1220,0,0
128,-253,-528,-723,1329,-1128,0,0
170,-444,-484,-852,1410,-1013,0,0
186,-217,-258,-1074,1679,-1137,0,0
199,-258,-43,-1081,2276,-1599,0,0
137,-331,146,-1312,3466,-2771,0,0
89,-360,498,-1577,5748,-4111,0,0
172,117,1026,-1410,7760,-5003,0,0
518,219,1504,-1329,7881,-5803,0,0
815,-306,1570,-1317,6820,-5347,0,0
736,379,1307,-2984,5469,-4128,0,0
575,1031,622,417,3090,-3488,0,0
437,18,-314,42,683,-2167,0,0
255,-674,-662,-1048,-338,-358,0,0
313,-249,-638,-843,-1128,-125,0,0
155,177,-475,-402,-1364,370,0,0
-139,-44,-286,-330,-869,806,0,0
-235,-479,-268,-166,-619,814,0,0
-313,-225,-311,-86,-599,388,0,0
-360,-199,-220,-215,-250,84,0,0
-339,-662,64,-559,460,-481,0,0
-383,-1009,498,-274,2462,-1204,0,0
-629,-853,639,-491,4370,-2360,0,0
-1081,-1028,332,-1969,6675,-3652,0,0
-1257,-755,10,-2019,6939,-4972,0,0
-820,-234,-85,-1320,7117,-4314,0,0
-116,534,-271,-1566,7038,-5182,0,0
236,175,-445,-2243,6441,-5193,0,0
212,-224,-260,-2045,5152,-3102,0,0
94,570,-3,-1131,3679,-1776,0,0
74,1025,82,-571,3036,-1359,0,0
98,510,-51,-584,2585,-1325,0,0
112,72,-200,-803,2399,-1505,0,0
108,-335,-210,-886,2422,-1274,0,0
81,-186,-91,-956,2192,-1264,0,0
74,70,76,-776,2071,-1668,0,0
136,-203,115,-829,2209,-1690,0,0
84,-119,122,-1120,2591,-2066,0,0
18,60,139,-822,3081,-2458,0,0
5,-203,-30,-1084,4032,-2909,0,0
-31,-9,-83,-1436,4956,-3720,0,0
-11,135,265,-1486,6089,-4113,0,0
-115,760,841,-1527,6564,-4697,0,0
-274,803,1275,-1149,6636,-3584,0,0
-71,732,1286,-553,6015,-3263,0,0
169,669,800,-669,5086,-3335,0,0
313,318,296,-594,3651,-2625,0,0
593,-504,-256,-398,1885,-132,0,0
809,-335,-673,-736,102,791,0,0
621,-436,-555,-414,-1149,-371,0,0
204,-2272,-227,9,-1285,-5,0,0
-52,401,17,-227,-868,912,0,0
87,190,105,-432,-628,513,0,0
257,194,0,-321,-217,-1122,0,0
111,657,-94,-1439,1699,-2931,0,0
-106,637,-575,-802,4105,-4783,0,0
232,187,-1580,551,6821,-4758,0,0
1247,-383,-2533,-1599,5919,-6054,0,0
1536,-1252,-2207,-2824,3913,-6005,0,0
589,-496,-798,-933,2979,-2690,0,0
-26,1071,150,-159,2010,-1156,0,0
-163,1246,442,-534,1848,-1692,0,0
-330,942,311,-385,2269,-2351,0,0
-320,268,-351,-518,2539,-3369,0,0
-220,-386,-827,-937,2737,-3797,0,0
24,-1009,-615,-1243,3117,-2304,0,0
317,-440,-52,-1295,2698,-2255,0,0
348,164,278,-968,2431,-3108,0,0
50,136,251,-1466,2390,-3307,0,0
-199,-55,219,-1664,2417,-3115,0,0
-204,-225,201,-1249,2419,-3176,0,0
-188,-171,177,-1238,2215,-3066,0,0
-134,-154,119,-1100,2185,-2607,0,0
-6,-351,-17,-1150,2393,-2588,0,0
22,-218,-99,-1384,2461,-2963,0,0
14,-227,-160,-1198,2483,-2891,0,0
58,-304,-229,-1296,2481,-2852,0,0
46,-180,-191,-1688,2388,-2885,0,0
48,-234,-113,-1794,2351,-2735,0,0
73,-170,-51,-1687,2331,-2731,0,0
98,-137,-11,-1672,2328,-2831,0,0
71,-175,12,-1757,2374,-2936,0,0
10,-184,31,-1723,2386,-2833,0,0
-12,-234,32,-1587,2371,-2653,0,0
-39,-144,32,-1655,2365,-2671,0,0
-64,-165,0,-1571,2371,-2674,0,0
-52,-326,-82,-1596,2395,-2626,0,0
-12,-339,-169,-1602,2386,-2678,0,0
56,-372,-258,-1614,2381,-2630,0,0
136,-285,-356,-1809,2295,-2742,0,0
176,-192,-402,-2014,2294,-2835,0,0
199,-286,-368,-2210,2369,-2714,0,0
186,-206,-245,-2365,2404,-2832,0,0
122,-151,-91,-2231,2342,-2858,0,0
64,-1,15,-2141,2276,-2853,0,0
48,87,72,-2059,2206,-2808,0,0
60,15,85,-2022,2136,-2728,0,0
60,95,74,-2075,2160,-2769,0,0
45,89,66,-2042,2199,-2781,0,0
23,71,55,-2025,2133,-2684,0,0
13,214,60,-2026,2087,-2708,0,0
7,232,53,-1919,2126,-2806,0,0
-4,44,15,-1962,2036,-2793,0,0
-27,113,29,-1980,1953,-2600,0,0
-15,156,45,-1864,1926,-2795,0,0
-23,147,36,-2019,1958,-2996,0,0
-13,214,26,-1963,2065,-3042,0,0
18,52,-76,-1845,2081,-3114,0,0
14,-73,-175,-1761,2119,-2942,0,0
53,-143,-182,-1773,2143,-2726,0,0
92,-126,-133,-1791,2026,-2806,0,0
89,-105,-115,-1788,1980,-2847,0,0
91,-210,-165,-1982,1945,-3019,0,0
83,-307,-178,-2060,1932,-3063,0,0
106,-294,-124,-2127,1916,-3030,0,0
155,-242,-25,-2233,1891,-3051,0,0
176,-222,69,-2226,1895,-3035,0,0
136,-175,101,-2264,1838,-2963,0,0
96,-175,103,-2193,1808,-2764,0,0
75,-101,98,-2134,1772,-2745,0,0
64,-96,35,-2173,1808,-2810,0,0
57,-41,-33,-2296,1833,-2919,0,0
42,-28,-60,-2432,1795,-2974,0,0
48,-49,-26,-2395,1814,-2875,0,0
48,11,36,-2433,1852,-2900,0,0
24,65,102,-2465,1922,-2940,0,0
-18,68,131,-2258,1917,-2954,0,0
-68,61,116,-2181,1873,-2797,0,0
-70,95,126,-2199,1912,-2736,0,0
-65,57,133,-2056,1941,-2806,0,0
-66,-262,61,-2007,1894,-2986,0,0
-159,-304,-69,-1993,1811,-2907,0,0
-204,-319,-200,-2102,1798,-2566,0,0
-178,-547,-335,-2197,1804,-2413,0,0
-143,-661,-472,-2372,1725,-2287,0,0
-112,-819,-582,-2579,1783,-2290,0,0
-157,-657,-663,-2751,1798,-2237,0,0
-136,-690,-714,-2709,1712,-2000,0,0
-40,-805,-792,-2875,1538,-1837,0,0
-5,-295,-878,-2949,1367,-1918,0,0
62,-105,-1070,-2733,1303,-1931,0,0
203,-506,-1309,-2877,1140,-1620,0,0
323,-19,-1507,-2884,875,-1577,0,0
443,573,-1734,-3049,539,-1933,0,0
568,-73,-1944,-3010,225,-1847,0,0
616,-360,-2198,-2939,-206,-1763,0,0
572,198,-2434,-3348,-686,-2129,0,0
653,390,-2574,-3130,-1004,-1886,0,0
961,195,-2594,-4063,-1852,-2005,0,0
946,785,-2380,-3620,-2621,-2410,0,0
987,1436,-2016,-2751,-2599,-2265,0,0
1261,555,-2033,-2532,-2816,-2584,0,0
1397,-739,-2279,-2360,-3245,-2446,0,0
1305,-1842,-2496,-2845,-3912,-1917,0,0
974,-1423,-2316,-3090,-4469,-1731,0,0
771,-1053,-1870,-2324,-4463,-1435,0,0
664,-1290,-1537,-2180,-4275,-1330,0,0
532,-1694,-1338,-2102,-4081,-1077,0,0
314,-1754,-1209,-2097,-4148,-843,0,0
93,-1346,-1022,-1954,-4207,-724,0,0
46,-905,-766,-1680,-4223,-543,0,0
89,-630,-525,-1713,-4310,-583,0,0
83,-521,-318,-1665,-4348,-654,0,0
7,-696,-138,-1548,-4273,-593,0,0
-55,-787,5,-1462,-4066,-585,0,0
-71,-723,125,-1506,-4241,-551,0,0
-75,-616,190,-1456,-4194,-470,0,0
-78,-503,148,-1278,-4046,-497,0,0
-61,-500,85,-1365,-3943,-389,0,0
-12,-410,69,-1390,-4098,-385,0,0
24,-316,89,-1370,-4141,-301,0,0
90,-230,130,-1382,-4119,-313,0,0
139,-113,142,-1399,-4191,-422,0,0
103,-58,103,-1362,-4167,-423,0,0
83,-86,21,-1346,-4182,-448,0,0
52,-120,-43,-1402,-4233,-458,0,0
15,-161,-59,-1492,-4203,-513,0,0
-37,-181,-59,-1513,-4248,-408,0,0
-63,-170,-30,-1516,-4169,-282,0,0
-41,-39,-1,-1461,-4129,-293,0,0
-34,39,22,-1454,-4155,-222,0,0
-21,75,40,-1477,-4148,-241,0,0
-6,104,42,-1471,-4191,-246,0,0
2,127,59,-1447,-4142,-246,0,0
7,160,73,-1409,-4088,-323,0,0
-5,155,56,-1422,-4146,-332,0,0
-15,137,24,-1467,-4119,-400,0,0
-37,145,7,-1486,-4121,-418,0,0
-67,158,21,-1486,-4194,-366,0,0
-85,139,63,-1451,-4171,-411,0,0
-95,92,105,-1429,-4171,-392,0,0
-95,62,127,-1412,-4147,-387,0,0
-84,49,114,-1421,-4138,-433,0,0
-78,42,91,-1453,-4121,-447,0,0
-72,62,67,-1459,-4075,-457,0,0
-64,55,48,-1470,-4107,-470,0,0
-57,22,25,-1499,-4128,-470,0,0
-47,4,0,-1529,-4111,-492,0,0
-40,5,-9,-1529,-4134,-487,0,0
-31,5,1,-1537,-4100,-453,0,0
-7,48,6,-1513,-4052,-514,0,0
-3,41,2,-1508,-4087,-483,0,0
2,-2,1,-1539,-4112,-439,0,0
18,-7,-5,-1534,-4100,-456,0,0
35,42,-13,-1529,-4060,-510,0,0
29,43,-22,-1524,-4131,-499,0,0
21,-4,-18,-1510,-4127,-521,0,0
24,-16,-5,-1503,-4142,-529,0,0
23,22,-1,-1492,-4088,-548,0,0
6,23,0,-1458,-4073,-523,0,0
-13,-11,0,-1475,-4084,-467,0,0
-13,-27,-5,-1470,-4085,-434,0,0
-2,-23,-9,-1508,-4140,-391,0,0
16,8,-13,-1536,-4095,-517,0,0
0,29,20,-1547,-4070,-475,0,0
-19,42,28,-1448,-4124,-460,0,0
-19,-38,11,-1438,-4139,-450,0,0
2,-36,12,-1463,-4109,-443,0,0
9,20,4,-1458,-4128,-483,0,0
0,-11,-8,-1476,-4080,-504,0,0
-7,-12,-10,-1487,-4118,-462,0,0
-5,2,-2,-1498,-4098,-457,0,0
-2,2,0,-1486,-4103,-435,0,0
10,-2,-15,-1507,-4133,-465,0,0
8,19,-18,-1496,-4054,-498,0,0
-6,18,-15,-1481,-4061,-512,0,0
-22,-19,-9,-1463,-4085,-511,0,0
-35,-82,-11,-1443,-4092,-422,0,0
-22,-108,-25,-1421,-4082,-418,0,0
10,-97,-66,-1454,-4160,-431,0,0
41,-62,-111,-1497,-4124,-444,0,0
44,-25,-117,-1518,-4119,-546,0,0
14,-20,-82,-1554,-4175,-519,0,0
-13,-63,-47,-1479,-4208,-473,0,0
-22,-56,-9,-1443,-4127,-460,0,0
-25,6,3,-1409,-4080,-508,0,0
-49,-29,5,-1419,-4143,-448,0,0
-58,-83,15,-1366,-4114,-454,0,0
-44,-106,21,-1398,-4218,-409,0,0
-21,-61,7,-1434,-4164,-429,0,0
-14,-7,-16,-1444,-4067,-504,0,0
-36,-17,-4,-1469,-4093,-489,0,0
-56,-19,13,-1476,-4169,-459,0,0
-56,-38,18,-1490,-4208,-470,0,0
-57,-38,51,-1469,-4155,-474,0,0
-59,3,83,-1416,-4109,-515,0,0
-62,-26,70,-1402,-4096,-495,0,0
-60,-59,46,-1425,-4152,-481,0,0
-53,-64,33,-1451,-4147,-482,0,0
-31,-44,36,-1441,-4091,-512,0,0
-20,-34,36,-1474,-4114,-510,0,0
-20,-37,31,-1493,-4085,-542,0,0
-13,-26,25,-1492,-4113,-502,0,0
8,-9,8,-1530,-4139,-507,0,0
22,53,3,-1529,-4157,-542,0,0
16,76,12,-1546,-4154,-537,0,0
9,79,17,-1535,-4121,-543,0,0
6,97,36,-1513,-4147,-501,0,0
6,121,35,-1466,-4162,-515,0,0
7,104,22,-1422,-4140,-496,0,0
20,89,17,-1406,-4086,-506,0,0
29,113,8,-1412,-4091,-512,0,0
26,85,3,-3496,-4114,-516,0,0
24,57,-1,-1484,-4117,-516,0,0
15,61,9,-1505,-4127,-533,0,0
-11,60,35,-1474,-4084,-547,0,0
-22,31,56,-1427,-4075,-529,0,0
-15,16,44,-1427,-4133,-535,0,0
-24,-6,17,-1479,-4163,-554,0,0
-31,-7,16,-1510,-4158,-559,0,0
-22,4,30,-1506,-4083,-571,0,0
-22,2,36,-1501,-4068,-554,0,0
-22,2,22,-1506,-4120,-534,0,0
-7,-8,6,-1511,-4138,-551,0,0
2,-4,6,-1538,-4153,-579,0,0
-16,25,29,-1505,-4058,-614,0,0
-43,-8,44,-1493,-4066,-596,0,0
-54,-54,42,-1505,-4117,-539,0,0
-42,-43,41,-1497,-4076,-527,0,0
-17,-5,32,-1490,-4094,-553,0,0
-10,-7,11,-1492,-4067,-548,0,0
-11,-10,-2,-1484,-4024,-542,0,0
-6,-17,-11,-1490,-4052,-515,0,0
16,-16,-27,-1519,-4127,-501,0,0
50,40,-40,-1549,-4166,-556,0,0
51,86,-29,-1525,-4076,-587,0,0
18,45,-12,-3552,-4012,-595,0,0
-19,-23,5,-1493,-4040,-546,0,0
-36,-56,10,-1503,-4173,-461,0,0
-14,-62,-7,-1518,-4241,-478,0,0
20,-51,-18,-1511,-4231,-496,0,0
37,-16,-16,-1436,-4094,-516,0,0
47,21,-33,-1341,-4070,-516,0,0
67,-3,-91,-1372,-4174,-466,0,0
90,1,-135,-1402,-4154,-472,0,0
91,31,-113,-1389,-4184,-466,0,0
77,5,-104,-1372,-4160,-475,0,0
54,-76,-103,-1360,-4103,-443,0,0
38,-121,-96,-1377,-4100,-399,0,0
49,-95,-106,-1409,-4130,-422,0,0
59,-80,-99,-1431,-4150,-442,0,0
54,-69,-55,-1422,-4142,-462,0,0
46,-41,-17,-1396,-4119,-481,0,0
31,-33,-17,-1430,-4209,-466,0,0
4,-53,-18,-1456,-4198,-439,0,0
-12,-21,19,-1405,-4140,-402,0,0
-8,-5,32,-1347,-4122,-381,0,0
0,-20,23,-1323,-4176,-351,0,0
5,-20,12,-1319,-4208,-370,0,0
9,-21,13,-1284,-4204,-408,0,0
6,-18,6,-1265,-4200,-460,0,0
-15,-43,-25,-1255,-4171,-474,0,0
-25,-91,-58,-1294,-4156,-435,0,0
-12,-87,-83,-1375,-4159,-395,0,0
3,-39,-80,-1417,-4185,-390,0,0
11,19,-65,-1388,-4229,-380,0,0
16,15,-50,-1349,-4166,-411,0,0
8,12,-21,-1292,-4163,-442,0,0
-15,-40,4,-1289,-4214,-360,0,0
-7,-50,3,-1301,-4196,-342,0,0
21,15,-7,-1294,-4171,-350,0,0
20,37,-13,-1306,-4179,-391,0,0
8,32,-6,-1292,-4175,-420,0,0
-8,3,-7,-1294,-4251,-351,0,0
-18,-32,2,-1297,-4234,-357,0,0
-22,-3,23,-1289,-4204,-398,0,0
-37,-5,24,-1275,-4158,-416,0,0
-49,-45,27,-1293,-4179,-362,0,0
-39,-49,26,-1307,-4153,-304,0,0
-13,-32,17,-1293,-4115,-312,0,0
11,-27,16,-1294,-4129,-342,0,0
28,-19,13,-1284,-4188,-323,0,0
39,-15,-3,-1265,-4226,-327,0,0
39,-54,-15,-1274,-4211,-296,0,0
51,-67,-22,-1311,-4123,-323,0,0
44,-35,-27,-1329,-4004,-324,0,0
19,-38,-37,-1341,-4021,-297,0,0
6,-32,-61,-1363,-4279,-267,0,0
-1,-49,-83,-1422,-4400,-263,0,0
-7,-56,-39,-1428,-4315,-282,0,0
-7,-13,65,-1377,-4183,-316,0,0
-26,15,109,-1297,-4120,-324,0,0
-60,-22,84,-1279,-4114,-307,0,0
-73,-41,40,-1301,-4191,-306,0,0
-69,-42,33,-1339,-4233,-336,0,0
-73,-18,63,-1328,-4207,-409,0,0
-82,-26,71,-1313,-4204,-444,0,0
-78,-45,50,-1324,-4224,-411,0,0
-51,-8,24,-1329,-4146,-433,0,0
-29,50,16,-1309,-4086,-467,0,0
-45,33,17,-1332,-4123,-459,0,0
-65,-15,27,-1364,-4154,-394,0,0
-56,-22,39,-1382,-4129,-385,0,0
-39,-26,42,-1432,-4158,-409,0,0
-33,-22,52,-1464,-4144,-457,0,0
-41,6,71,-1441,-4100,-514,0,0
-54,1,79,-1441,-4066,-498,0,0
-53,19,85,-1437,-4089,-440,0,0
-36,82,66,-1435,-4216,-455,0,0
-37,90,45,-1426,-4247,-418,0,0
-38,74,65,-1399,-4193,-419,0,0
-28,85,83,-1361,-4154,-454,0,0
-33,77,79,-1331,-4100,-454,0,0
-42,47,69,-1351,-4177,-443,0,0
-35,31,61,-1368,-4208,-452,0,0
-27,59,59,-1363,-4189,-477,0,0
-24,53,48,-1351,-4148,-508,0,0
-33,17,46,-1365,-4214,-464,0,0
-31,15,37,-1352,-4231,-471,0,0
-22,16,43,-1302,-4183,-507,0,0
-29,-1,46,-1248,-4118,-522,0,0
-39,-25,25,-1239,-4072,-498,0,0
-30,-51,0,-1293,-4096,-460,0,0
-18,-43,-32,-1351,-4138,-451,0,0
-13,-40,-63,-1391,-4200,-459,0,0
8,-25,-74,-1434,-4148,-507,0,0
31,15,-73,-1455,-4048,-536,0,0
45,26,-66,-1503,-4143,-559,0,0
56,31,-72,-1543,-4253,-575,0,0
44,27,-68,-1555,-4342,-532,0,0
46,36,-52,-1498,-4156,-575,0,0
59,75,-16,-1420,-3973,-603,0,0
38,80,6,-1415,-4017,-594,0,0
-4,23,-12,-1453,-4162,-496,0,0
-6,16,-33,-1465,-4185,-467,0,0
7,46,-23,-1446,-4132,-471,0,0
5,13,18,-1407,-4087,-477,0,0
3,-35,55,-1382,-4080,-463,0,0
1,-64,53,-1381,-4129,-447,0,0
0,-83,28,-1397,-4191,-436,0,0
14,-75,22,-1408,-4165,-461,0,0
30,-25,24,-1388,-4152,-497,0,0
18,-22,8,-1383,-4142,-496,0,0
6,-36,-29,-1444,-4224,-514,0,0
3,14,-54,-1490,-4161,-559,0,0
-33,61,-24,-1469,-4063,-585,0,0
-82,-11,27,-1470,-4175,-548,0,0
-102,-101,60,-1478,-4183,-500,0,0
-91,-86,90,-1456,-4156,-458,0,0
-66,-28,106,-1435,-4173,-469,0,0
-46,5,89,-1394,-4121,-499,0,0
-40,18,74,-1361,-4040,-507,0,0
-42,8,56,-1355,-4120,-478,0,0
-31,-1,4,-1398,-4209,-508,0,0
-17,45,-31,-1422,-4175,-533,0,0
-27,64,-16,-1423,-4098,-577,0,0
-44,27,-3,-1430,-4068,-567,0,0
-46,21,-14,-1464,-4042,-567,0,0
-51,10,-26,-1495,-4086,-565,0,0
-72,-67,-16,-1517,-4125,-550,0,0
-68,-137,41,-1510,-4041,-527,0,0
-25,-112,94,-1500,-4094,-468,0,0
33,-28,67,-1487,-4137,-507,0,0
72,46,1,-1506,-4137,-588,0,0
55,65,-7,-1506,-4080,-613,0,0
18,31,33,-1473,-4022,-626,0,0
1,-6,57,-1461,-4072,-563,0,0
0,-2,31,-1469,-4097,-488,0,0
24,54,-4,-1470,-4140,-506,0,0
46,90,-8,-1450,-4104,-496,0,0
52,91,0,-1427,-4041,-511,0,0
47,70,-12,-1412,-4072,-498,0,0
51,23,-35,-1443,-4183,-470,0,0
68,20,-52,-1470,-4198,-510,0,0
63,39,-27,-1444,-4096,-527,0,0
47,17,-14,-1415,-4086,-545,0,0
38,-14,-42,-1442,-4166,-535,0,0
34,4,-65,-1460,-4207,-536,0,0
24,22,-47,-1451,-4164,-552,0,0
-3,5,-30,-1435,-4124,-550,0,0
-41,-32,-29,-1423,-4048,-514,0,0
-66,-41,-22,-1449,-4094,-455,0,0
-73,1,-25,-1456,-4203,-449,0,0
-76,20,2,-1462,-4169,-450,0,0
-97,-38,71,-1343,-4101,-659,0,0
-167,-332,155,-1365,-4036,-656,0,0
-227,-435,184,-1395,-4159,-600,0,0
-230,-350,129,-1366,-4244,-547,0,0
-189,-297,60,-1406,-4241,-404,0,0
-99,-137,-4,-1364,-4128,-386,0,0
-7,-16,-60,-1288,-3992,-341,0,0
81,-13,-141,-1312,-4085,-336,0,0
156,-4,-270,-1350,-4161,-386,0,0
203,8,-345,-1418,-4141,-422,0,0
229,72,-339,-1446,-4203,-486,0,0
225,55,-290,-1518,-4287,-561,0,0
184,-38,-190,-1593,-4247,-647,0,0
121,-15,-89,-1514,-4151,-676,0,0
53,60,-28,-1299,-4216,-608,0,0
24,44,13,-1180,-4193,-488,0,0
28,-28,35,-1211,-4159,-399,0,0
13,-42,41,-1238,-4122,-309,0,0
10,-30,8,-1233,-4116,-331,0,0
12,-51,-17,-1249,-4161,-284,0,0
20,-34,-19,-1268,-4225,-321,0,0
17,-10,-1,-1242,-4243,-355,0,0
8,-15,26,-1222,-4227,-401,0,0
-5,-16,25,-1223,-4245,-383,0,0
-13,-4,-3,-1241,-4240,-387,0,0
-16,13,-12,-1253,-4226,-370,0,0
-25,18,25,-1260,-4177,-349,0,0
-32,26,62,-1253,-4170,-342,0,0
-44,11,72,-1237,-4230,-337,0,0
-50,-15,77,-1239,-4214,-317,0,0
-33,8,64,-1250,-4253,-330,0,0
-21,31,47,-1252,-4234,-353,0,0
-25,22,45,-1258,-4161,-382,0,0
-34,5,45,-1282,-4193,-389,0,0
-33,7,36,-1309,-4167,-389,0,0
-23,44,31,-1316,-4177,-375,0,0
-6,50,33,-1325,-4127,-383,0,0
18,79,27,-1349,-4183,-397,0,0
21,105,13,-1366,-4225,-421,0,0
10,113,30,-1356,-4160,-461,0,0
-1,97,68,-1333,-4113,-481,0,0
-21,52,95,-1335,-4194,-447,0,0
-36,22,94,-1347,-4198,-426,0,0
-26,22,95,-1345,-4178,-427,0,0
-14,33,102,-1325,-4134,-445,0,0
-15,9,98,-1289,-4129,-447,0,0
-7,-54,77,-1288,-4149,-441,0,0
23,-61,26,-1306,-4185,-439,0,0
49,-13,-58,-1338,-4151,-464,0,0
39,27,-136,-1364,-4100,-498,0,0
7,2,-173,-1416,-4124,-484,0,0
-27,-14,-169,-1455,-4192,-434,0,0
-55,-14,-137,-1489,-4189,-402,0,0
-62,12,-64,-1487,-4177,-395,0,0
-70,16,34,-1467,-4183,-366,0,0
-66,12,112,-1445,-4150,-359,0,0
-43,26,151,-1415,-4128,-344,0,0
-11,30,157,-1408,-4181,-375,0,0
9,51,160,-1397,-4132,-403,0,0
17,68,190,-1358,-4105,-449,0,0
20,38,206,-1334,-4138,-449,0,0
25,21,194,-1323,-4106,-428,0,0
36,35,144,-1316,-4159,-419,0,0
46,38,60,-1324,-4113,-445,0,0
45,12,-7,-1349,-4122,-439,0,0
35,-4,-49,-1391,-4200,-431,0,0
31,6,-84,-1424,-4235,-428,0,0
23,14,-89,-1431,-4144,-450,0,0
-2,28,-37,-1418,-4072,-439,0,0
-32,24,-1,-1392,-4157,-400,0,0
-35,-73,-32,-1409,-4328,-357,0,0
-6,-120,-55,-1432,-4240,-344,0,0
32,-31,-30,-1389,-4020,-374,0,0
45,58,-37,-1338,-3981,-399,0,0
32,19,-99,-1354,-4068,-379,0,0
25,-61,-155,-1445,-4223,-354,0,0
47,-36,-154,-1506,-4220,-373,0,0
77,35,-89,-1499,-4170,-453,0,0
60,99,-13,-1427,-4182,-512,0,0
19,110,-15,-1347,-4177,-513,0,0
-23,29,-22,-1335,-4186,-444,0,0
-43,-14,11,-1352,-4207,-385,0,0
-41,-14,38,-1341,-4234,-343,0,0
-30,-24,38,-1322,-4218,-321,0,0
-6,-31,30,-1303,-4161,-330,0,0
25,-9,16,-1294,-4159,-354,0,0
45,44,-21,-1301,-4159,-406,0,0
38,45,-50,-1320,-4136,-421,0,0
17,19,-33,-1349,-4162,-417,0,0
-10,-36,-11,-1352,-4176,-380,0,0
-28,-110,17,-1382,-4229,-289,0,0
-6,-69,16,-1380,-4261,-279,0,0
37,19,5,-1355,-4170,-315,0,0
55,64,20,-1333,-4131,-378,0,0
35,45,45,-1309,-4144,-454,0,0
-12,-29,77,-1291,-4149,-414,0,0
-51,-81,86,-1268,-4195,-355,0,0
-58,-104,15,-1315,-4252,-327,0,0
-50,-65,-73,-1355,-4234,-336,0,0
-42,-20,-82,-1363,-4197,-384,0,0
-35,-35,-18,-1375,-4241,-396,0,0
-28,-31,29,-1377,-4267,-431,0,0
-24,23,36,-1343,-4171,-480,0,0
-39,76,33,-1325,-4115,-510,0,0
-88,76,5,-1313,-4119,-521,0,0
-146,-25,-16,-1342,-4103,-440,0,0
-156,-75,-18,-1375,-4153,-398,0,0
-131,-59,-7,-1385,-4186,-374,0,0
-103,-31,22,-1380,-4167,-379,0,0
-74,3,29,-1362,-4151,-394,0,0
-51,-10,30,-1360,-4122,-383,0,0
-33,-18,46,-1372,-4130,-391,0,0
-5,12,47,-1378,-4183,-432,0,0
14,0,62,-1370,-4156,-455,0,0
21,3,81,-1360,-4119,-485,0,0
19,30,64,-1365,-4144,-492,0,0
8,17,25,-1393,-4169,-519,0,0
-6,-1,22,-1429,-4140,-512,0,0
-12,22,57,-1427,-4154,-502,0,0
-6,33,72,-1404,-4176,-510,0,0
-3,22,66,-1394,-4152,-495,0,0
-6,34,53,-1390,-4135,-512,0,0
-11,27,38,-1396,-4151,-527,0,0
-21,-8,48,-1398,-4142,-514,0,0
-25,-11,67,-1361,-4060,-498,0,0
-20,-4,51,-1332,-4091,-442,0,0
-6,-22,2,-1324,-4117,-428,0,0
16,-15,-36,-1340,-4152,-416,0,0
38,16,-72,-1329,-4135,-442,0,0
51,-6,-102,-1316,-4150,-476,0,0
51,-43,-98,-1329,-4181,-500,0,0
41,-35,-101,-1312,-4151,-519,0,0
24,-27,-116,-1311,-4129,-521,0,0
-12,-26,-127,-1318,-4093,-489,0,0
-60,-50,-119,-1327,-4149,-453,0,0
-86,-98,-115,-1354,-4230,-391,0,0
-75,-141,-94,-1369,-4132,-361,0,0
-42,-105,-31,-1379,-4183,-316,0,0
4,-40,-29,-1372,-4254,-369,0,0
48,-50,-36,-1333,-4132,-397,0,0
71,-111,2,-1307,-4140,-389,0,0
97,-123,7,-1285,-4157,-389,0,0
128,-84,-43,-1249,-4175,-405,0,0
139,-106,-105,-1270,-4253,-422,0,0
130,-88,-141,-1276,-4280,-439,0,0
111,-38,-148,-1249,-4273,-464,0,0
55,-84,-141,-1247,-4243,-476,0,0
-36,-177,-96,-1233,-4220,-429,0,0
-94,-238,-61,-1218,-4259,-399,0,0
-134,-312,-26,-1224,-4256,-315,0,0
-153,-311,-1,-1235,-4284,-326,0,0
-144,-273,7,-1229,-4236,-259,0,0
-100,-202,15,-1228,-4179,-304,0,0
-56,-101,35,-1199,-4160,-313,0,0
-27,-47,41,-1189,-4211,-315,0,0
4,22,11,-1177,-4241,-354,0,0
28,64,-8,-1167,-4176,-342,0,0
40,120,-25,-1159,-4232,-393,0,0
27,106,-60,-1131,-4215,-374,0,0
18,34,-56,-1152,-4223,-331,0,0
27,55,-43,-1149,-4233,-336,0,0
23,49,-42,-1139,-4196,-315,0,0
15,21,-25,-1142,-4186,-302,0,0
23,14,-15,-1116,-4283,-255,0,0
46,-7,-21,-1068,-4292,-280,0,0
44,-29,-55,-1049,-4226,-284,0,0
44,20,-23,-1099,-4233,-281,0,0
57,103,20,-1079,-4245,-326,0,0
50,35,23,-1104,-4254,-318,0,0
26,-10,13,-1143,-4263,-342,0,0
6,18,26,-1138,-4256,-325,0,0
1,17,46,-1151,-4252,-333,0,0
-12,23,51,-1141,-4274,-320,0,0
-29,14,59,-1161,-4254,-318,0,0
-33,56,53,-1176,-4305,-310,0,0
-34,61,43,-1176,-4251,-322,0,0
-44,78,62,-1181,-4187,-320,0,0
-56,84,63,-1182,-4183,-329,0,0
-67,32,54,-1208,-4206,-312,0,0
-72,9,78,-1223,-4226,-292,0,0
-58,9,122,-1214,-4232,-277,0,0
-27,44,144,-1167,-4207,-289,0,0
-1,28,141,-1143,-4145,-265,0,0
34,46,105,-1134,-4147,-260,0,0
68,80,26,-1137,-4196,-267,0,0
81,50,-36,-1160,-4235,-281,0,0
73,30,-33,-1133,-4285,-266,0,0
81,1,-27,-1119,-4232,-290,0,0
87,8,-63,-1143,-4229,-294,0,0
73,13,-95,-1171,-4212,-312,0,0
51,-22,-108,-1197,-4245,-325,0,0
38,-37,-95,-1231,-4254,-298,0,0
40,4,-73,-1224,-4250,-304,0,0
34,25,-60,-1201,-4247,-298,0,0
20,-4,-58,-1197,-4247,-289,0,0
10,-26,-57,-1198,-4225,-271,0,0
4,-14,-46,-1189,-4183,-260,0,0
4,7,-41,-1162,-4274,-264,0,0
-5,-46,-21,-1161,-4312,-235,0,0
0,-52,2,-1167,-4290,-261,0,0
-3,-29,14,-1129,-4307,-259,0,0
-20,-78,25,-1117,-4265,-262,0,0
-17,-72,32,-1109,-4179,-261,0,0
-3,-42,19,-1118,-4148,-240,0,0
9,-4,-32,-1144,-4176,-285,0,0
2,13,-79,-1175,-4239,-271,0,0
-12,4,-83,-1229,-4249,-299,0,0
-16,20,-53,-1261,-4249,-332,0,0
-40,13,0,-1294,-4253,-326,0,0
-74,1,60,-1314,-4228,-328,0,0
-84,27,120,-1310,-4173,-357,0,0
-111,26,198,-1295,-4079,-341,0,0
-149,-9,248,-1302,-4486,-341,0,0
-173,-137,250,-1304,-4367,-320,0,0
-146,-130,292,-1300,-4075,-357,0,0
-143,-15,323,-1230,-4099,-384,0,0
-178,-80,276,-1217,-4053,-359,0,0
-170,-138,196,-1267,-4056,-313,0,0
-105,-103,123,-1324,-4088,-312,0,0
-39,-18,57,-1353,-4075,-341,0,0
7,49,-1,-1350,-4052,-404,0,0
28,61,-48,-1370,-4059,-425,0,0
25,70,-79,-1378,-4033,-452,0,0
-4,56,-99,-1393,-4195,-435,0,0
-45,-7,-114,-1421,-4273,-412,0,0
-62,-31,-86,-1423,-4255,-389,0,0
-36,2,-23,-1422,-4196,-379,0,0
9,107,12,-1400,-4174,-403,0,0
25,154,6,-1361,-4179,-421,0,0
26,97,3,-1350,-4132,-460,0,0
27,52,24,-1350,-4104,-465,0,0
20,7,35,-1346,-4192,-459,0,0
15,-25,33,-1350,-4151,-465,0,0
14,-25,41,-1344,-4127,-465,0,0
-3,-34,47,-1355,-4191,-432,0,0
-19,-45,43,-1358,-4182,-406,0,0
-10,-56,40,-1383,-4176,-381,0,0
10,-21,46,-1391,-4185,-370,0,0
26,26,40,-1386,-4203,-385,0,0
34,60,26,-1397,-4209,-429,0,0
23,76,36,-1382,-4157,-450,0,0
-8,45,55,-1350,-4158,-466,0,0
-35,-32,50,-1359,-4182,-431,0,0
-34,-46,20,-1381,-4149,-429,0,0
-26,-1,16,-1388,-4161,-420,0,0
-23,20,19,-1385,-4155,-456,0,0
-23,1,15,-1395,-4164,-444,0,0
-29,-10,23,-1419,-4250,-441,0,0
-44,-34,38,-1409,-4290,-429,0,0
-44,-62,70,-1380,-4237,-389,0,0
-15,-18,63,-1327,-4185,-376,0,0
30,39,20,-1299,-4106,-382,0,0
64,102,-31,-1278,-3994,-420,0,0
69,112,-62,-1293,-4045,-405,0,0
64,122,-91,-1315,-4240,-419,0,0
68,89,-141,-1359,-4451,-418,0,0
89,50,-166,-1429,-4454,-452,0,0
110,116,-123,-1419,-4174,-491,0,0
115,216,-73,-1347,-3974,-543,0,0
73,218,-79,-1309,-3968,-557,0,0
0,121,-115,-1369,-4135,-491,0,0
-44,43,-118,-1434,-4292,-469,0,0
-50,10,-51,-1453,-4310,-432,0,0
-38,53,45,-1425,-4191,-453,0,0
-47,115,121,-1349,-4085,-476,0,0
-72,65,144,-1305,-4082,-450,0,0
-73,17,127,-1316,-4161,-427,0,0
-57,18,96,-1323,-4183,-412,0,0
-43,42,98,-1296,-4104,-440,0,0
-41,32,124,-1265,-4091,-432,0,0
-39,-26,120,-1272,-4133,-402,0,0
-12,-27,71,-1299,-4214,-376,0,0
43,20,1,-1331,-4247,-420,0,0
82,104,-41,-1355,-4205,-484,0,0
84,152,-46,-1357,-4128,-549,0,0
62,113,-46,-1352,-4054,-591,0,0
13,22,-28,-1373,-4085,-553,0,0
-20,-38,-26,-1393,-4118,-512,0,0
-19,-33,-48,-1417,-4171,-469,0,0
-14,-8,-51,-1416,-4120,-440,0,0
-15,-5,-10,-1401,-4139,-416,0,0
-5,-24,21,-1395,-4226,-382,0,0
17,-36,31,-1391,-4186,-395,0,0
31,4,56,-1359,-4130,-430,0,0
31,10,73,-1331,-4097,-465,0,0
26,-16,69,-1334,-4175,-462,0,0
21,-19,47,-1344,-4223,-486,0,0
13,-14,28,-1332,-4153,-507,0,0
-1,-19,24,-1316,-4096,-513,0,0
-27,-45,3,-1317,-4091,-480,0,0
-42,-67,-26,-1332,-4097,-414,0,0
-30,-59,-53,-1369,-4195,-381,0,0
-2,-37,-73,-1398,-4193,-375,0,0
11,-2,-58,-1391,-4155,-420,0,0
5,-25,-32,-1391,-4214,-422,0,0
10,-47,-14,-1397,-4197,-431,0,0
16,-29,-7,-1377,-4146,-435,0,0
12,-23,-12,-1382,-4162,-455,0,0
8,-29,-20,-1392,-4131,-493,0,0
-3,-37,6,-1389,-4124,-489,0,0
-28,-46,25,-1378,-4266,-462,0,0
-28,-63,13,-1391,-4237,-486,0,0
-26,-25,43,-1385,-4143,-476,0,0
-46,15,77,-1354,-4161,-488,0,0
-70,-51,73,-1375,-4206,-455,0,0
-90,-137,93,-1414,-4222,-408,0,0
-82,-144,126,-1408,-4114,-391,0,0
-56,-84,127,-1372,-3996,-408,0,0
-45,-75,87,-1374,-4048,-412,0,0
-41,-101,33,-1430,-4167,-402,0,0
-16,-77,4,-1471,-4201,-399,0,0
12,-33,13,-1465,-4150,-462,0,0
7,-17,41,-1418,-4132,-494,0,0
-7,-53,24,-1394,-4087,-508,0,0
-12,-89,-9,-1417,-4121,-442,0,0
-6,-64,-31,-1436,-4216,-399,0,0
8,-36,-39,-1419,-4224,-403,0,0
19,-20,-31,-1392,-4125,-416,0,0
18,9,-48,-1379,-4163,-440,0,0
5,10,-100,-1429,-4181,-450,0,0
-12,21,-129,-1463,-4135,-476,0,0
-33,24,-99,-1450,-4109,-459,0,0
-51,6,-55,-1435,-4101,-439,0,0
-60,-24,-33,-1427,-4097,-392,0,0
-57,-55,-3,-1439,-4168,-341,0,0
-26,-58,27,-1425,-4181,-322,0,0
26,-2,50,-1402,-4160,-351,0,0
65,45,58,-1360,-4147,-407,0,0
76,45,56,-1322,-4130,-482,0,0
71,37,43,-1310,-4191,-540,0,0
53,22,22,-1328,-4245,-589,0,0
21,35,20,-1339,-4217,-604,0,0
-20,31,22,-1347,-4156,-582,0,0
-51,0,8,-1378,-4175,-496,0,0
-65,4,-9,-1393,-4173,-446,0,0
-60,29,-19,-1389,-4146,-418,0,0
-46,45,-20,-1386,-4143,-405,0,0
-40,26,-19,-1396,-4143,-395,0,0
-26,15,-7,-1389,-4122,-396,0,0
-11,-1,13,-1378,-4135,-382,0,0
8,-9,12,-1369,-4145,-394,0,0
24,7,7,-1366,-4115,-401,0,0
33,5,6,-1362,-4115,-422,0,0
47,-7,0,-1367,-4166,-424,0,0
59,-1,-4,-1378,-4167,-433,0,0
67,18,0,-1378,-4148,-464,0,0
64,21,9,-1364,-4124,-485,0,0
50,16,13,-1361,-4146,-479,0,0
36,9,15,-1362,-4160,-463,0,0
35,15,18,-1360,-4193,-454,0,0
35,25,17,-1361,-4175,-460,0,0
19,33,29,-1337,-4112,-450,0,0
9,20,34,-1316,-4128,-439,0,0
12,-4,15,-1324,-4167,-390,0,0
25,21,-19,-1337,-4082,-365,0,0
47,120,-60,-1340,-3981,-388,0,0
30,145,-104,-1394,-4176,-386,0,0
-35,52,-128,-1449,-4409,-365,0,0
-72,-93,-67,-1457,-4358,-289,0,0
-32,-125,60,-1427,-4138,-267,0,0
20,-13,130,-1360,-4001,-268,0,0
27,23,90,-1318,-4015,-262,0,0
32,-28,-26,-1349,-4113,-251,0,0
57,-50,-96,-1411,-4162,-211,0,0
82,-25,-81,-1439,-4161,-223,0,0
97,11,-30,-1417,-4153,-236,0,0
88,-7,3,-1396,-4163,-219,0,0
65,-41,3,-1369,-4148,-230,0,0
30,-78,-7,-1381,-4184,-209,0,0
-15,-109,-23,-1396,-4218,-187,0,0
-54,-111,-34,-1403,-4251,-166,0,0
-87,-131,-36,-1411,-4243,-135,0,0
-101,-155,-44,-1434,-4305,-109,0,0
-88,-134,-56,-1445,-4302,-114,0,0
-67,-101,-45,-1445,-4224,-140,0,0
-58,-60,-15,-1418,-4152,-156,0,0
-50,-45,0,-1384,-4081,-157,0,0
-34,-9,-10,-1385,-4149,-144,0,0
-17,41,-41,-1399,-4330,-158,0,0
11,76,-64,-1420,-4396,-235,0,0
37,137,-46,-1402,-4333,-314,0,0
37,173,3,-1372,-4199,-408,0,0
20,218,67,-1341,-4133,-484,0,0
-28,245,136,-1289,-4138,-520,0,0
-96,149,183,-1257,-4155,-494,0,0
-129,39,205,-1254,-4142,-421,0,0
-101,18,214,-1264,-4176,-355,0,0
-45,69,182,-1255,-4194,-346,0,0
6,114,122,-1226,-4165,-349,0,0
40,101,53,-1220,-4070,-407,0,0
34,67,-8,-1236,-4122,-406,0,0
37,36,-95,-1290,-4189,-417,0,0
59,59,-162,-1330,-4162,-469,0,0
42,51,-170,-1394,-4247,-525,0,0
7,37,-134,-1434,-4227,-535,0,0
-7,74,-57,-1368,-4210,-547,0,0
-10,104,15,-1291,-4196,-518,0,0
-4,132,42,-1261,-4158,-527,0,0
-7,109,30,-1250,-4180,-521,0,0
-7,68,7,-1294,-4172,-501,0,0
2,122,-11,-1277,-4163,-529,0,0
3,103,-24,-1270,-4134,-552,0,0
-3,78,-16,-1274,-4130,-576,0,0
-24,73,-10,-1261,-4159,-592,0,0
-55,18,9,-1274,-4213,-569,0,0
-68,-13,35,-1299,-4220,-538,0,0
-56,11,57,-1278,-4168,-517,0,0
-39,28,46,-1255,-4137,-499,0,0
-15,35,9,-1282,-4135,-501,0,0
4,96,-16,-1304,-4165,-545,0,0
-13,84,-3,-1298,-4189,-539,0,0
-15,38,25,-1305,-4155,-521,0,0
-4,36,55,-1279,-4143,-509,0,0
-5,6,61,-1257,-4174,-477,0,0
3,-12,50,-1252,-4144,-485,0,0
17,-11,41,-1239,-4143,-489,0,0
23,-23,28,-1241,-4125,-506,0,0
21,-62,-2,-1293,-4153,-481,0,0
21,-87,-28,-1344,-4168,-487,0,0
18,-68,-23,-1345,-4131,-476,0,0
18,-68,-12,-1328,-4150,-464,0,0
27,-66,-29,-1349,-4158,-492,0,0
13,-64,-32,-1345,-4154,-482,0,0
-1,-64,-19,-1311,-4182,-439,0,0
8,-62,-22,-1302,-4167,-451,0,0
6,-65,-26,-1319,-4139,-441,0,0
6,-38,-34,-1327,-4176,-443,0,0
7,-33,-41,-1377,-4268,-423,0,0
10,-38,-33,-1400,-4196,-479,0,0
-8,-28,10,-1385,-4175,-465,0,0
-28,-45,35,-1345,-4181,-421,0,0
-28,-66,40,-1316,-4164,-389,0,0
-22,-65,46,-1309,-4182,-363,0,0
-11,-45,33,-1309,-4197,-389,0,0
-7,-45,7,-1338,-4187,-445,0,0
-22,-61,16,-1353,-4154,-447,0,0
-32,-34,33,-1314,-4141,-454,0,0
-41,-63,20,-1292,-4140,-435,0,0
-44,-105,-6,-1313,-4149,-414,0,0
-34,-99,-45,-1330,-4163,-444,0,0
-20,-132,-97,-1377,-4137,-494,0,0
-25,-146,-105,-1445,-4156,-493,0,0
-42,-90,-84,-1431,-4161,-479,0,0
-48,-67,-47,-1416,-4140,-436,0,0
-38,-19,16,-1430,-4143,-456,0,0
-51,56,94,-1389,-4205,-440,0,0
-82,40,140,-1363,-4240,-410,0,0
-82,29,136,-1376,-4205,-417,0,0
-79,49,137,-1395,-4222,-426,0,0
-92,27,166,-1394,-4168,-445,0,0
-78,24,194,-1360,-4159,-449,0,0
-62,12,193,-1340,-4183,-440,0,0
-49,-6,162,-1350,-4211,-426,0,0
-10,54,109,-1328,-4172,-471,0,0
26,76,58,-1335,-4132,-490,0,0
32,80,22,-1331,-4130,-522,0,0
30,65,-18,-1332,-4142,-502,0,0
48,61,-70,-1380,-4208,-516,0,0
52,96,-108,-1402,-4215,-527,0,0
37,84,-125,-1421,-4155,-541,0,0
40,94,-118,-1434,-4154,-559,0,0
30,97,-88,-1440,-4115,-544,0,0
9,87,-55,-1441,-4118,-562,0,0
-13,64,-25,-1429,-4132,-542,0,0
-34,19,12,-1420,-4110,-506,0,0
-44,12,49,-1383,-4148,-482,0,0
-39,-16,66,-1368,-4170,-455,0,0
-13,-6,65,-1358,-4143,-497,0,0
-11,11,71,-1307,-4088,-504,0,0
-22,-49,71,-1299,-4068,-494,0,0
2,-39,49,-1299,-4103,-477,0,0
31,10,-7,-1300,-4133,-482,0,0
47,49,-62,-1331,-4179,-542,0,0
51,60,-90,-1343,-4141,-559,0,0
37,34,-83,-1359,-4114,-568,0,0
8,9,-64,-1372,-4159,-524,0,0
8,-8,-63,-1388,-4197,-513,0,0
28,23,-73,-1403,-4207,-508,0,0
23,34,-64,-1414,-4146,-542,0,0
11,22,-29,-1395,-4129,-550,0,0
1,-12,14,-1379,-4151,-505,0,0
-1,-25,26,-1376,-4164,-475,0,0
15,13,19,-1355,-4148,-506,0,0
17,-1,23,-1358,-4163,-506,0,0
3,-16,36,-1349,-4140,-501,0,0
6,-8,41,-1330,-4150,-490,0,0
13,-15,40,-1328,-4152,-482,0,0
4,-3,43,-1312,-4145,-477,0,0
6,0,21,-1304,-4157,-495,0,0
10,-25,3,-1331,-4188,-482,0,0
13,-11,-2,-1342,-4199,-496,0,0
22,18,-13,-1342,-4160,-522,0,0
11,12,-18,-1364,-4156,-534,0,0
-16,-4,-9,-1371,-4156,-494,0,0
-20,-3,1,-1360,-4149,-455,0,0
-8,2,1,-1369,-4164,-453,0,0
-3,8,5,-1382,-4172,-451,0,0
-6,27,18,-1354,-4155,-489,0,0
-8,4,23,-1342,-4166,-483,0,0
-7,-5,30,-1331,-4162,-492,0,0
-2,6,28,-1320,-4186,-495,0,0
-1,1,14,-1344,-4195,-502,0,0
-6,-4,3,-1368,-4164,-507,0,0
-11,5,13,-1366,-4118,-490,0,0
-10,6,15,-1350,-4174,-440,0,0
-6,-13,2,-1386,-4239,-429,0,0
1,22,15,-1357,-4243,-447,0,0
6,30,31,-1279,-4169,-484,0,0
-3,-41,32,-1286,-4127,-435,0,0
6,-32,20,-1279,-4164,-388,0,0
26,-4,-15,-1254,-4210,-388,0,0
42,-19,-40,-1249,-4204,-408,0,0
58,-6,-53,-1253,-4243,-437,0,0
53,-4,-73,-1250,-4229,-487,0,0
32,-32,-98,-1273,-4181,-493,0,0
21,-37,-116,-1298,-4124,-480,0,0
1,-2,-125,-1315,-4150,-449,0,0
-10,-9,-143,-1334,-4180,-432,0,0
-6,-29,-118,-1389,-4194,-407,0,0
-3,-19,-57,-1397,-4219,-428,0,0
-4,-22,3,-1371,-4241,-460,0,0
-11,-46,66,-1315,-4174,-490,0,0
-27,-67,127,-1259,-4098,-468,0,0
-39,-69,134,-1236,-4130,-415,0,0
-37,-65,68,-1245,-4195,-383,0,0
-25,-46,9,-1280,-4202,-396,0,0
-8,-17,3,-1294,-4178,-443,0,0
1,-13,18,-1312,-4211,-468,0,0
1,6,20,-1318,-4177,-488,0,0
-10,19,15,-1305,-4141,-491,0,0
-28,1,4,-1328,-4151,-470,0,0
-44,-5,-13,-1347,-4178,-440,0,0
-53,-29,-7,-1359,-4207,-394,0,0
-38,-31,21,-1368,-4259,-376,0,0
-10,-25,46,-1359,-4234,-391,0,0
8,11,69,-1324,-4136,-448,0,0
10,28,68,-1280,-4113,-481,0,0
-6,-33,49,-1297,-4184,-461,0,0
-10,-37,38,-1303,-4150,-455,0,0
2,-2,39,-1296,-4164,-463,0,0
-7,-9,27,-1294,-4186,-476,0,0
-25,-44,14,-1307,-4129,-462,0,0
-20,-33,16,-1317,-4133,-443,0,0
-11,-20,6,-1323,-4200,-434,0,0
-5,-13,-13,-1367,-4204,-452,0,0
-2,25,-1,-1355,-4134,-481,0,0
-8,14,20,-1342,-4141,-474,0,0
-20,-9,21,-1356,-4183,-441,0,0
-20,-17,16,-1361,-4196,-434,0,0
-9,-9,27,-1364,-4187,-435,0,0
3,22,29,-1358,-4153,-464,0,0
-2,33,26,-1336,-4167,-461,0,0
-11,13,21,-1355,-4176,-449,0,0
1,35,11,-1357,-4192,-474,0,0
-7,45,21,-1355,-4160,-477,0,0
-27,37,36,-1337,-4098,-493,0,0
-33,13,32,-1338,-4149,-450,0,0
-34,-4,25,-1364,-4158,-428,0,0
-19,31,27,-1349,-4141,-442,0,0
-14,17,29,-1335,-4133,-430,0,0
-15,-6,24,-1347,-4127,-424,0,0
0,7,14,-1336,-4151,-419,0,0
11,-17,2,-1362,-4207,-392,0,0
25,1,-9,-1387,-4185,-458,0,0
27,33,1,-1370,-4119,-491,0,0
4,-14,9,-1372,-4144,-492,0,0
-6,-30,0,-1398,-4173,-468,0,0
0,-12,-3,-1392,-4156,-479,0,0
-5,-17,7,-1381,-4133,-482,0,0
-23,-39,13,-1364,-4096,-468,0,0
-32,-56,16,-1349,-4095,-423,0,0
-26,-61,4,-1353,-4139,-374,0,0
-3,-53,-21,-1366,-4189,-366,0,0
27,-35,-30,-1396,-4165,-393,0,0
47,4,-18,-1381,-4137,-461,0,0
38,-39,-6,-1377,-4175,-483,0,0
21,-72,-4,-1383,-4190,-487,0,0
17,-61,-5,-1368,-4207,-482,0,0
16,-36,-7,-1367,-4170,-485,0,0
11,6,-22,-1350,-4145,-509,0,0
-7,-2,-39,-1345,-4179,-485,0,0
-27,-24,-48,-1373,-4195,-448,0,0
-20,-12,-38,-1381,-4148,-442,0,0
-34,-15,-17,-1379,-4130,-407,0,0
-50,-32,-17,-1363,-4141,-394,0,0
-39,-49,-10,-1381,-4194,-349,0,0
-15,-25,7,-1380,-4219,-363,0,0
8,-6,17,-1358,-4185,-417,0,0
14,-17,38,-1340,-4166,-456,0,0
1,-12,56,-1298,-4138,-483,0,0
-14,-12,40,-1275,-4147,-457,0,0
-21,-17,-5,-1308,-4201,-436,0,0
-16,8,-27,-1342,-4122,-416,0,0
-7,46,-9,-1370,-4102,-445,0,0
-19,38,19,-1402,-4150,-475,0,0
-58,-60,94,-1412,-4161,-467,0,0
-79,-159,186,-1397,-4242,-450,0,0
-66,-169,192,-1405,-4232,-417,0,0
-39,-41,110,-1419,-4155,-460,0,0
-28,68,37,-1405,-4153,-470,0,0
-28,55,23,-1429,-4201,-453,0,0
-13,72,10,-1437,-4190,-448,0,0
-6,99,-7,-1434,-4104,-450,0,0
-13,108,-15,-1398,-4031,-455,0,0
-4,58,-33,-1410,-4124,-417,0,0
26,37,-69,-1464,-4206,-394,0,0
60,75,-86,-1477,-4173,-426,0,0
83,115,-64,-1462,-4125,-485,0,0
80,123,-39,-1429,-4071,-526,0,0
44,60,-24,-1420,-4125,-503,0,0
14,0,-8,-1440,-4158,-464,0,0
26,22,15,-1443,-4159,-476,0,0
27,64,54,-1406,-4121,-512,0,0
-2,39,73,-1346,-4103,-511,0,0
-9,-14,67,-1350,-4196,-442,0,0
8,12,37,-1355,-4206,-439,0,0
20,41,4,-1347,-4182,-468,0,0
12,39,-8,-1359,-4126,-495,0,0
-4,19,-3,-1374,-4105,-475,0,0
-18,5,-16,-1383,-4137,-442,0,0
-13,0,-36,-1399,-4196,-418,0,0
5,21,-37,-1428,-4155,-435,0,0
9,59,-5,-1400,-4102,-478,0,0
-5,39,16,-1396,-4126,-498,0,0
-17,11,14,-1416,-4182,-480,0,0
-20,1,22,-1416,-4192,-469,0,0
-9,21,35,-1396,-4166,-467,0,0
-2,41,20,-1358,-4115,-471,0,0
-14,9,2,-1354,-4125,-435,0,0
-8,3,-14,-1382,-4177,-416,0,0
19,32,-25,-1396,-4180,-446,0,0
20,39,-15,-1394,-4147,-461,0,0
3,28,13,-1365,-4101,-477,0,0
-5,10,-3,-1360,-4151,-474,0,0
-18,-21,-7,-1384,-4183,-436,0,0
-16,-14,11,-1379,-4164,-450,0,0
-2,6,16,-1354,-4139,-459,0,0
-9,-2,6,-1357,-4126,-458,0,0
-16,-11,-4,-1357,-4161,-451,0,0
-9,-22,-6,-1381,-4189,-435,0,0
2,-9,1,-1370,-4147,-457,0,0
1,5,12,-1351,-4127,-461,0,0
-9,-8,-1,-1343,-4135,-464,0,0
-10,-43,-13,-1354,-4161,-432,0,0
4,-32,-8,-1353,-4194,-435,0,0
21,-22,-10,-1345,-4169,-442,0,0
26,4,-26,-1340,-4126,-472,0,0
19,17,-42,-1349,-4142,-473,0,0
12,15,-46,-1377,-4181,-466,0,0
8,7,-39,-1390,-4203,-450,0,0
4,-17,-10,-1389,-4166,-444,0,0
-5,-4,24,-1353,-4149,-451,0,0
-12,-26,15,-1333,-4151,-438,0,0
-13,-46,7,-1345,-4190,-418,0,0
-2,-24,11,-1331,-4189,-430,0,0
4,-20,11,-1312,-4179,-449,0,0
-2,-32,-1,-1316,-4172,-457,0,0
-5,-29,-7,-1327,-4160,-447,0,0
-3,-7,-14,-1328,-4174,-433,0,0
-1,-5,-32,-1340,-4181,-439,0,0
2,0,-23,-1357,-4156,-421,0,0
2,31,-10,-1336,-4174,-451,0,0
-8,-3,-24,-1339,-4189,-423,0,0
-4,-18,-13,-1368,-4183,-416,0,0
3,15,6,-1334,-4170,-441,0,0
-9,2,8,-1306,-4171,-447,0,0
-14,-13,6,-1310,-4161,-431,0,0
-8,-17,10,-1313,-4168,-418,0,0
-1,-3,4,-1331,-4195,-409,0,0
5,-1,-5,-1332,-4177,-435,0,0
2,12,2,-1311,-4174,-440,0,0
-6,-2,4,-1315,-4183,-450,0,0
-12,-30,8,-1312,-4187,-409,0,0
-7,-16,12,-1303,-4188,-413,0,0
-5,-14,5,-1321,-4179,-427,0,0
-8,-14,8,-1329,-4173,-435,0,0
-7,-6,16,-1333,-4172,-425,0,0
-6,7,12,-1337,-4164,-421,0,0
-5,21,2,-1345,-4210,-415,0,0
-4,33,7,-1337,-4194,-422,0,0
-3,51,17,-1305,-4176,-443,0,0
-5,29,7,-1318,-4182,-451,0,0
-5,20,7,-1341,-4206,-433,0,0
-3,35,17,-1337,-4203,-439,0,0
-5,35,25,-1343,-4159,-455,0,0
-13,24,34,-1327,-4173,-443,0,0
-17,16,34,-1321,-4157,-433,0,0
-12,25,30,-1318,-4152,-418,0,0
-6,26,15,-1326,-4187,-442,0,0
-5,21,15,-1335,-4176,-445,0,0
-9,31,20,-1332,-4137,-471,0,0
-18,7,13,-1328,-4162,-468,0,0
-23,-15,8,-1363,-4196,-457,0,0
-12,4,15,-1365,-4174,-437,0,0
-6,14,17,-1335,-4140,-474,0,0
-9,12,4,-1350,-4137,-463,0,0
-10,18,0,-1364,-4164,-458,0,0
-7,11,7,-1374,-4199,-435,0,0
1,16,11,-1367,-4173,-467,0,0
1,35,25,-1353,-4135,-480,0,0
-16,10,29,-1342,-4150,-472,0,0
-19,-21,17,-1347,-4185,-422,0,0
5,5,14,-1359,-4190,-427,0,0
20,39,15,-1340,-4149,-469,0,0
6,14,15,-1348,-4158,-498,0,0
-9,-1,14,-1352,-4162,-478,0,0
-7,14,12,-1343,-4145,-472,0,0
-3,29,1,-1349,-4170,-491,0,0
-11,17,0,-1367,-4145,-485,0,0
-22,22,17,-1351,-4124,-492,0,0
-30,0,13,-1342,-4140,-462,0,0
-30,-29,10,-1355,-4162,-424,0,0
-16,-14,13,-1329,-4143,-441,0,0
-11,-30,17,-1302,-4083,-443,0,0
-12,-46,5,-1301,-4107,-413,0,0
8,-28,-27,-1314,-4161,-397,0,0
40,-18,-44,-1350,-4199,-402,0,0
62,-15,-46,-1360,-4209,-436,0,0
67,-1,-39,-1361,-4161,-467,0,0
49,-8,-31,-1366,-4171,-497,0,0
18,-56,-20,-1381,-4205,-499,0,0
0,-68,5,-1385,-4209,-490,0,0
-9,-43,26,-1354,-4171,-491,0,0
-38,-42,34,-1316,-4152,-443,0,0
-45,-51,17,-1312,-4188,-382,0,0
-21,-45,1,-1335,-4208,-355,0,0
4,-5,-7,-1338,-4212,-394,0,0
10,-3,-5,-1334,-4154,-454,0,0
-2,-12,8,-1324,-4168,-456,0,0
-12,-27,-4,-1327,-4171,-436,0,0
-11,-42,-2,-1336,-4192,-397,0,0
-1,-12,-3,-1322,-4191,-410,0,0
6,-2,-16,-1333,-4165,-433,0,0
2,4,-17,-1341,-4155,-439,0,0
-5,12,-12,-1338,-4164,-433,0,0
-7,5,-9,-1352,-4206,-412,0,0
-4,6,-9,-1354,-4186,-421,0,0
-2,28,10,-1326,-4148,-437,0,0
-6,30,10,-1304,-4165,-444,0,0
-15,-13,3,-1327,-4191,-403,0,0
-11,-8,19,-1314,-4189,-387,0,0
1,6,22,-1285,-4170,-416,0,0
-2,-11,12,-1317,-4162,-428,0,0
0,-4,14,-1346,-4162,-418,0,0
2,14,14,-1344,-4175,-415,0,0
-1,6,14,-1371,-4202,-404,0,0
7,28,22,-1355,-4192,-443,0,0
3,51,33,-1299,-4174,-457,0,0
-5,29,17,-1306,-4164,-456,0,0
-5,18,7,-1343,-4200,-433,0,0
-10,19,16,-1354,-4208,-429,0,0
-8,28,23,-1345,-4163,-453,0,0
-12,22,24,-1349,-4148,-446,0,0
-20,17,20,-1347,-4153,-413,0,0
-12,25,13,-1350,-4166,-408,0,0
-4,24,10,-1362,-4189,-424,0,0
1,28,14,-1368,-4183,-434,0,0
0,37,17,-1347,-4134,-460,0,0
-9,14,10,-1347,-4150,-467,0,0
-14,-12,9,-1370,-4197,-454,0,0
-9,5,14,-1372,-4183,-458,0,0
-10,22,20,-1347,-4152,-484,0,0
-25,5,15,-1350,-4174,-474,0,0
-29,0,11,-1346,-4186,-450,0,0
-16,16,12,-1345,-4182,-438,0,0
-8,34,5,-1337,-4186,-470,0,0
-17,37,3,-1334,-4137,-492,0,0
-34,25,9,-1328,-4124,-489,0,0
-40,-5,7,-1339,-4173,-452,0,0
-33,-1,4,-1346,-4179,-430,0,0
-21,5,11,-1346,-4143,-432,0,0
-10,13,9,-1336,-4139,-438,0,0
-3,13,0,-1328,-4125,-436,0,0
2,9,-6,-1349,-4134,-430,0,0
14,4,-6,-1366,-4182,-430,0,0
27,7,2,-1363,-4154,-457,0,0
20,11,22,-1342,-4122,-483,0,0
1,-31,23,-1329,-4151,-489,0,0
-9,-72,21,-1337,-4181,-445,0,0
-2,-61,21,-1317,-4179,-430,0,0
12,-53,12,-1303,-4153,-431,0,0
17,-43,-11,-1315,-4143,-443,0,0
17,-36,-30,-1340,-4174,-439,0,0
25,-20,-38,-1362,-4196,-450,0,0
28,-13,-37,-1387,-4203,-476,0,0
13,-13,-16,-1397,-4177,-476,0,0
-8,-2,-6,-1370,-4175,-494,0,0
-20,-28,-18,-1385,-4174,-464,0,0
-28,-30,0,-1389,-4168,-421,0,0
-26,-20,21,-1349,-4185,-405,0,0
-20,-32,21,-1350,-4167,-404,0,0
-12,-10,20,-1337,-4138,-413,0,0
-7,-10,21,-1327,-4161,-396,0,0
8,4,13,-1347,-4189,-412,0,0
24,39,1,-1359,-4202,-487,0,0
2,39,15,-1345,-4173,-493,0,0
-19,26,15,-1319,-4159,-464,0,0
-26,-22,8,-1339,-4191,-408,0,0
-27,-27,13,-1339,-4183,-388,0,0
-8,-1,12,-1314,-4163,-388,0,0
4,-7,0,-1328,-4154,-407,0,0
2,-12,-8,-1337,-4155,-420,0,0
4,-18,-6,-1347,-4176,-436,0,0
5,-23,-5,-1376,-4200,-451,0,0
1,-19,4,-1379,-4175,-491,0,0
-14,-7,21,-1358,-4162,-496,0,0
-21,-11,16,-1364,-4165,-485,0,0
-25,-18,14,-1368,-4165,-440,0,0
-19,-5,13,-1350,-4164,-412,0,0
-7,11,4,-1351,-4159,-413,0,0
1,19,-7,-1373,-4144,-438,0,0
2,24,-9,-1371,-4160,-439,0,0
2,22,9,-1353,-4196,-433,0,0
9,30,4,-1352,-4196,-467,0,0
8,30,6,-1350,-4164,-484,0,0
-9,31,20,-1338,-4161,-481,0,0
-19,-1,12,-1352,-4173,-442,0,0
-15,-1,12,-1364,-4186,-423,0,0
-8,12,16,-1348,-4166,-431,0,0
-1,17,13,-1345,-4142,-457,0,0
-7,16,8,-1350,-4155,-467,0,0
-15,1,15,-1357,-4152,-459,0,0
-14,1,18,-1355,-4171,-439,0,0
-10,-2,8,-1360,-4186,-450,0,0
-7,7,14,-1365,-4150,-464,0,0
-14,14,25,-1355,-4129,-481,0,0
-24,-13,11,-1361,-4167,-460,0,0
-22,-30,10,-1382,-4186,-425,0,0
-1,5,15,-1361,-4150,-444,0,0
9,21,12,-1357,-4139,-460,0,0
-2,12,5,-1363,-4140,-470,0,0
-5,6,3,-1367,-4147,-456,0,0
-2,0,7,-1378,-4197,-425,0,0
7,10,7,-1371,-4177,-446,0,0
14,28,16,-1351,-4132,-458,0,0
-1,10,16,-1336,-4135,-475,0,0
-12,-26,4,-1344,-4177,-438,0,0
-1,-11,-1,-1342,-4194,-435,0,0
8,5,-6,-1333,-4165,-443,0,0
5,3,-18,-1339,-4159,-460,0,0
-6,-10,-22,-1345,-4170,-445,0,0
-11,-22,-12,-1346,-4163,-427,0,0
-3,-8,-19,-1350,-4197,-415,0,0
7,-6,-33,-1366,-4173,-440,0,0
7,14,-12,-1359,-4152,-457,0,0
-5,-3,1,-1337,-4168,-464,0,0
-15,-45,0,-1348,-4189,-440,0,0
-9,-26,8,-1333,-4179,-433,0,0
-2,-20,10,-1311,-4171,-431,0,0
-3,-23,-1,-1319,-4157,-443,0,0
-4,-12,-9,-1316,-4158,-444,0,0
-5,-20,-10,-1327,-4180,-420,0,0
1,-16,-16,-1351,-4202,-424,0,0
7,-16,-14,-1367,-4172,-456,0,0
-5,-1,7,-1357,-4173,-474,0,0
-16,-17,4,-1354,-4180,-465,0,0
-22,-29,11,-1354,-4181,-436,0,0
-17,-2,20,-1319,-4186,-436,0,0
-15,-13,8,-1317,-4164,-433,0,0
-13,-6,1,-1338,-4154,-442,0,0
-12,-4,10,-1335,-4162,-427,0,0
-11,-8,9,-1328,-4157,-418,0,0
-2,-2,-3,-1344,-4200,-429,0,0
2,-5,2,-1355,-4177,-463,0,0
-5,16,20,-1319,-4161,-489,0,0
-13,-20,4,-1318,-4170,-467,0,0
-16,-35,0,-1350,-4180,-434,0,0
-8,-4,6,-1335,-4180,-435,0,0
-5,-12,-1,-1342,-4161,-444,0,0
-3,-8,-10,-1357,-4165,-448,0,0
1,3,-6,-1352,-4163,-440,0,0
8,13,-9,-1330,-4171,-434,0,0
19,18,-27,-1358,-4208,-435,0,0
29,39,-33,-1378,-4184,-497,0,0
11,38,1,-1334,-4178,-475,0,0
-1,-11,13,-1330,-4167,-434,0,0
7,1,8,-1326,-4190,-423,0,0
3,-14,13,-1305,-4214,-420,0,0
3,-22,18,-1287,-4164,-403,0,0
16,4,4,-1261,-4166,-415,0,0
10,-11,-19,-1250,-4175,-409,0,0
7,-34,-38,-1266,-4172,-390,0,0
20,-15,-55,-1289,-4197,-392,0,0
29,-7,-61,-1314,-4210,-409,0,0
19,3,-40,-1330,-4186,-440,0,0
1,-6,-14,-1312,-4172,-452,0,0
-18,-68,13,-1304,-4224,-407,0,0
-23,-79,23,-1307,-4209,-391,0,0
-11,-32,18,-1305,-4197,-407,0,0
-17,-27,21,-1303,-4186,-427,0,0
-30,-39,31,-1300,-4177,-411,0,0
-28,-30,36,-1296,-4186,-401,0,0
-26,-19,31,-1306,-4195,-392,0,0
-18,-1,27,-1314,-4197,-419,0,0
-20,14,37,-1312,-4194,-421,0,0
-35,2,52,-1284,-4161,-426,0,0
-38,-25,50,-1281,-4180,-404,0,0
-32,-17,40,-1290,-4184,-388,0,0
-22,10,30,-1289,-4169,-407,0,0
-18,12,21,-1295,-4162,-405,0,0
-21,3,19,-1289,-4133,-399,0,0
-16,-10,12,-1290,-4156,-384,0,0
-8,-17,-2,-1320,-4183,-368,0,0
10,-3,-8,-1337,-4202,-398,0,0
23,8,-2,-1347,-4173,-425,0,0
8,13,10,-1335,-4127,-461,0,0
-10,-22,12,-1327,-4186,-443,0,0
-18,-54,16,-1344,-4209,-408,0,0
-12,-31,21,-1318,-4176,-418,0,0
-6,-20,11,-1306,-4155,-425,0,0
-14,-26,-12,-1312,-4157,-419,0,0
-18,-35,-17,-1317,-4190,-385,0,0
-6,-35,-15,-1319,-4184,-381,0,0
4,-27,-19,-1325,-4219,-382,0,0
14,-19,-25,-1341,-4192,-408,0,0
12,18,-16,-1332,-4159,-434,0,0
-3,-1,-9,-1315,-4182,-449,0,0
-10,-36,-3,-1339,-4207,-421,0,0
-7,-19,-4,-1324,-4188,-430,0,0
-5,-15,-1,-1323,-4160,-431,0,0
-12,-6,0,-1319,-4159,-430,0,0
-19,-20,-4,-1313,-4168,-414,0,0
-14,-27,-5,-1324,-4170,-392,0,0
-3,-11,-8,-1329,-4202,-385,0,0
8,-12,-11,-1343,-4197,-417,0,0
5,-11,9,-1339,-4178,-420,0,0
-8,-18,12,-1321,-4153,-443,0,0
-12,-50,11,-1329,-4182,-423,0,0
-9,-39,16,-1331,-4211,-426,0,0
1,-18,14,-1311,-4191,-441,0,0
1,-4,10,-1291,-4171,-465,0,0
-14,1,-10,-1281,-4182,-456,0,0
-19,-15,-8,-1305,-4188,-413,0,0
-16,-6,-5,-1327,-4175,-388,0,0
-12,5,-11,-1327,-4194,-397,0,0
-11,-8,-5,-1340,-4179,-389,0,0
-13,-4,12,-1328,-4155,-411,0,0
-14,-24,11,-1320,-4169,-414,0,0
-20,-46,13,-1336,-4195,-405,0,0
-16,-24,11,-1325,-4181,-416,0,0
-9,-7,15,-1332,-4192,-422,0,0
-12,5,12,-1340,-4205,-427,0,0
-11,0,20,-1347,-4203,-400,0,0
-2,23,24,-1333,-4174,-410,0,0
-2,27,22,-1325,-4201,-406,0,0
0,14,22,-1326,-4204,-409,0,0
5,42,22,-1299,-4156,-431,0,0
-4,19,9,-1288,-4162,-420,0,0
-6,0,-6,-1305,-4194,-402,0,0
6,21,-19,-1302,-4157,-407,0,0
9,18,-17,-1322,-4172,-412,0,0
6,21,-14,-1322,-4164,-430,0,0
4,12,-11,-1328,-4139,-429,0,0
-1,-1,-5,-1355,-4169,-414,0,0
-4,-16,8,-1367,-4182,-401,0,0
0,-28,25,-1367,-4207,-396,0,0
9,-20,40,-1366,-4178,-403,0,0
5,-4,57,-1344,-4120,-437,0,0
-9,-33,55,-1344,-4166,-428,0,0
-11,-43,50,-1377,-4192,-415,0,0
-6,-17,62,-1368,-4201,-424,0,0
-9,-4,76,-1364,-4168,-457,0,0
-25,2,68,-1350,-4165,-458,0,0
-43,-19,64,-1367,-4159,-450,0,0
-44,-4,63,-1362,-4169,-421,0,0
-41,9,49,-1368,-4207,-403,0,0
-30,19,39,-1375,-4180,-421,0,0
-31,36,47,-1345,-4122,-430,0,0
-44,12,34,-1328,-4120,-420,0,0
-36,-8,7,-1351,-4169,-381,0,0
-19,5,-8,-1365,-4178,-385,0,0
-4,8,-14,-1367,-4132,-413,0,0
-4,-5,-18,-1375,-4098,-419,0,0
-9,-27,-19,-1382,-4117,-392,0,0
5,-20,-26,-1397,-4131,-391,0,0
21,-11,-31,-1405,-4173,-367,0,0
35,-13,-37,-1401,-4160,-409,0,0
40,-3,-32,-1389,-4118,-412,0,0
25,-10,-32,-1378,-4111,-442,0,0
19,-51,-37,-1387,-4165,-415,0,0
24,-52,-25,-1392,-4194,-384,0,0
37,-15,-25,-1353,-4180,-410,0,0
43,-8,-30,-1352,-4156,-435,0,0
19,-21,-26,-1337,-4172,-430,0,0
2,-39,-18,-1320,-4192,-395,0,0
7,-31,-25,-1325,-4205,-372,0,0
11,-23,-39,-1342,-4215,-401,0,0
6,-29,-36,-1354,-4180,-416,0,0
-11,-10,-23,-1342,-4162,-425,0,0
-23,-17,-29,-1341,-4195,-418,0,0
-31,-44,-17,-1355,-4227,-359,0,0
-20,-11,-7,-1326,-4203,-359,0,0
-6,5,-16,-3352,-4181,-363,0,0
-8,8,-31,-1296,-4175,-373,0,0
-2,25,-41,-1285,-4183,-377,0,0
7,30,-47,-1288,-4188,-382,0,0
5,40,-53,-1298,-4221,-397,0,0
7,26,-48,-1300,-4192,-418,0,0
-1,20,-20,-1289,-4166,-409,0,0
-10,12,-18,-1273,-4168,-406,0,0
-14,-20,-16,-1284,-4181,-374,0,0
-15,-28,10,-1281,-4194,-358,0,0
-4,-39,31,-1265,-4207,-336,0,0
13,-15,31,-1267,-4210,-370,0,0
13,10,20,-1243,-4187,-405,0,0
-1,-20,16,-1265,-4182,-385,0,0
0,-7,8,-1293,-4230,-371,0,0
-3,-1,2,-1320,-4239,-408,0,0
-7,20,23,-1318,-4206,-406,0,0
-14,48,31,-1287,-4188,-415,0,0
-22,18,20,-1312,-4218,-386,0,0
-21,36,33,-1316,-4225,-387,0,0
-13,46,51,-1288,-4195,-391,0,0
-11,51,45,-1280,-4183,-397,0,0
-14,54,24,-1270,-4161,-410,0,0
-16,43,25,-1286,-4188,-400,0,0
-16,45,28,-1290,-4195,-392,0,0
-16,42,26,-1292,-4202,-393,0,0
-17,35,37,-1306,-4211,-392,0,0
-25,51,54,-1292,-4165,-415,0,0
-33,22,56,-1287,-4183,-402,0,0
-27,8,55,-1311,-4195,-405,0,0
-21,40,45,-1302,-4167,-424,0,0
-25,21,41,-1325,-4168,-434,0,0
-25,21,39,-1320,-4160,-422,0,0
-19,6,37,-1323,-4180,-409,0,0
-4,22,17,-1317,-4169,-417,0,0
9,26,0,-1330,-4188,-434,0,0
13,23,-5,-1339,-4170,-450,0,0
6,31,1,-1334,-4144,-461,0,0
-5,17,-8,-1331,-4168,-456,0,0
-5,-3,-18,-1366,-4200,-445,0,0
-1,17,-8,-1364,-4190,-458,0,0
-3,10,7,-1345,-4158,-454,0,0
-5,17,1,-1330,-4134,-463,0,0
-14,8,-4,-1341,-4163,-438,0,0
-16,3,-1,-1344,-4158,-430,0,0
-7,15,1,-1330,-4176,-409,0,0
-3,-6,1,-1335,-4169,-425,0,0
2,8,15,-1315,-4125,-428,0,0
1,1,14,-1295,-4152,-427,0,0
0,-35,-5,-1311,-4191,-408,0,0
15,-15,-5,-1308,-4201,-416,0,0
29,1,-6,-1300,-4177,-450,0,0
23,-2,-22,-1304,-4153,-466,0,0
10,-15,-24,-1297,-4154,-448,0,0
8,-15,-25,-1292,-4162,-420,0,0
13,-9,-39,-1307,-4198,-405,0,0
20,-2,-53,-1318,-4201,-443,0,0
12,-11,-36,-1319,-4174,-433,0,0
2,-3,-25,-1291,-4167,-447,0,0
-5,-35,-36,-1305,-4200,-420,0,0
-8,-42,-27,-1330,-4215,-396,0,0
1,-31,-8,-1304,-4187,-424,0,0
2,-36,4,-1305,-4165,-435,0,0
1,-11,-8,-1283,-4177,-436,0,0
3,-24,-16,-1299,-4202,-407,0,0
8,-16,-9,-1299,-4211,-386,0,0
15,16,-18,-1273,-4225,-419,0,0
9,-3,-13,-1271,-4202,-399,0,0
3,10,-1,-1220,-4199,-399,0,0
7,-21,-21,-1236,-4211,-376,0,0
14,-17,-32,-1257,-4209,-370,0,0
26,14,-40,-1250,-4211,-375,0,0
31,15,-46,-1236,-4209,-366,0,0
37,18,-45,-1207,-4213,-342,0,0
47,21,-47,-1186,-4190,-354,0,0
47,7,-51,-1182,-4226,-324,0,0
49,-1,-61,-1200,-4240,-327,0,0
53,13,-52,-1194,-4232,-347,0,0
39,7,-32,-1145,-4232,-331,0,0
35,-9,-40,-1141,-4227,-335,0,0
25,-40,-35,-1161,-4263,-312,0,0
12,-39,-24,-1153,-4279,-286,0,0
13,-19,-22,-1123,-4245,-308,0,0
14,-11,-35,-1122,-4227,-338,0,0
3,-20,-42,-1128,-4258,-291,0,0
11,-4,-43,-1122,-4230,-261,0,0
24,17,-50,-1130,-4252,-279,0,0
18,-1,-49,-1126,-4270,-259,0,0
19,6,-31,-1063,-4222,-245,0,0
29,-13,-35,-1053,-4208,-266,0,0
34,-29,-48,-1090,-4268,-250,0,0
36,-16,-43,-1071,-4254,-243,0,0
42,-4,-37,-1056,-4252,-249,0,0
42,3,-42,-1045,-4239,-254,0,0
39,-15,-50,-1055,-4243,-213,0,0
44,-23,-44,-1057,-4267,-186,0,0
54,-15,-35,-1054,-4284,-204,0,0
58,-14,-35,-1058,-4250,-232,0,0
44,-7,-23,-1040,-4265,-219,0,0
37,-18,-22,-1037,-4269,-211,0,0
37,-23,-22,-1035,-4291,-194,0,0
34,-25,-18,-1020,-4289,-170,0,0
39,2,-20,-995,-4256,-184,0,0
31,-9,-29,-994,-4284,-173,0,0
22,-25,-30,-1000,-4288,-141,0,0
27,-10,-29,-993,-4285,-163,0,0
21,-14,-33,-1003,-4299,-148,0,0
22,-1,-35,-1005,-4280,-189,0,0
6,5,-24,-993,-4269,-180,0,0
-11,-24,-19,-1002,-4285,-127,0,0
-9,-30,-14,-997,-4298,-118,0,0
-9,-32,-3,-981,-4292,-141,0,0
-12,-26,1,-971,-4284,-174,0,0
-24,-32,7,-989,-4280,-216,0,0
-42,-50,24,-1012,-4266,-200,0,0
-47,-48,36,-1035,-4226,-189,0,0
-52,-38,43,-1053,-4288,-146,0,0
-45,-21,45,-1034,-4289,-167,0,0
-44,7,52,-1002,-4268,-214,0,0
-50,4,48,-1012,-4262,-225,0,0
-57,-17,53,-1046,-4287,-203,0,0
-63,-16,74,-1051,-4298,-186,0,0
-59,3,86,-1029,-4250,-213,0,0
-60,5,80,-1040,-4244,-258,0,0
-74,-12,79,-1093,-4264,-261,0,0
-88,-20,100,-1122,-4264,-256,0,0
-98,-27,124,-1132,-4283,-260,0,0
-105,-43,132,-1135,-4241,-265,0,0
-106,-48,144,-1126,-4227,-258,0,0
-98,-65,135,-1114,-4217,-266,0,0
-77,-89,102,-1108,-4208,-277,0,0
-51,-93,63,-1141,-4211,-304,0,0
-26,-63,24,-1157,-4184,-355,0,0
-19,-81,7,-1195,-4169,-366,0,0
-17,-87,7,-1240,-4178,-343,0,0
-14,-65,8,-1261,-4209,-297,0,0
-9,-45,7,-1279,-4263,-223,0,0
10,-13,10,-1258,-4278,-214,0,0
23,-20,38,-1230,-4232,-200,0,0
39,3,47,-1180,-4169,-268,0,0
48,19,12,-1166,-4212,-349,0,0
29,-9,-32,-1224,-4287,-377,0,0
10,-6,-23,-1247,-4268,-377,0,0
4,22,14,-1221,-4219,-361,0,0
-17,-2,38,-1232,-4160,-306,0,0
-23,20,30,-1234,-4173,-290,0,0
-20,20,27,-1273,-4224,-246,0,0
-7,48,35,-1299,-4260,-281,0,0
-11,77,62,-1268,-4257,-309,0,0
-40,11,95,-1247,-4214,-303,0,0
-51,-12,98,-1255,-4211,-302,0,0
-51,29,84,-1252,-4233,-295,0,0
-57,46,71,-1255,-4218,-321,0,0
-66,31,65,-1272,-4216,-322,0,0
-78,0,69,-1276,-4193,-293,0,0
-75,-15,76,-1245,-4174,-238,0,0
-46,-12,58,-1243,-4203,-209,0,0
-5,10,20,-1258,-4206,-250,0,0
14,33,20,-1268,-4150,-296,0,0
9,24,32,-1241,-4140,-333,0,0
2,-20,12,-1268,-4204,-331,0,0
3,-26,-2,-1301,-4248,-331,0,0
14,4,11,-1310,-4246,-382,0,0
14,18,18,-1300,-4167,-404,0,0
-6,19,10,-1296,-4144,-403,0,0
-25,3,0,-1311,-4149,-377,0,0
-23,0,-5,-1335,-4158,-341,0,0
-14,7,-11,-1341,-4181,-325,0,0
-11,26,7,-1336,-4147,-321,0,0
-5,32,10,-1310,-4134,-344,0,0
-5,10,10,-1317,-4176,-325,0,0
-4,23,1,-1317,-4208,-345,0,0
-5,13,-8,-1306,-4202,-364,0,0
-14,-9,-6,-1313,-4209,-356,0,0
-14,6,-21,-1305,-4197,-374,0,0
-6,4,-28,-1307,-4192,-378,0,0
-9,7,-23,-1315,-4211,-364,0,0
-4,1,-23,-1307,-4196,-399,0,0
-5,-7,2,-1307,-4170,-392,0,0
-26,-11,-2,-1309,-4176,-411,0,0
-34,-72,-16,-1329,-4156,-374,0,0
-28,-86,6,-1353,-4107,-356,0,0
-18,-56,22,-1323,-4146,-342,0,0
-4,-73,1,-1339,-4217,-330,0,0
16,-77,-17,-1365,-4221,-352,0,0
33,-51,-16,-1369,-4230,-406,0,0
36,6,-22,-1352,-4211,-451,0,0
24,26,-32,-1339,-4186,-483,0,0
-4,32,-18,-1337,-4151,-455,0,0
-32,10,1,-1361,-4192,-401,0,0
-42,-2,19,-1374,-4223,-358,0,0
-38,11,45,-1350,-4221,-341,0,0
-24,29,63,-1339,-4187,-353,0,0
-16,55,68,-1326,-4167,-383,0,0
-26,43,73,-1326,-4165,-396,0,0
-31,42,84,-1322,-4131,-402,0,0
-33,63,99,-1336,-4163,-395,0,0
-44,63,108,-1363,-4166,-413,0,0
-48,65,142,-1374,-4096,-390,0,0
-33,60,166,-1395,-4085,-374,0,0
-18,44,156,-1421,-4134,-336,0,0
0,39,140,-1432,-4159,-302,0,0
44,56,131,-1436,-4184,-284,0,0
96,88,115,-1413,-4136,-323,0,0
119,80,79,-1412,-4120,-367,0,0
122,62,23,-1432,-4129,-379,0,0
128,60,-17,-1463,-4231,-383,0,0
123,90,-51,-1482,-4224,-435,0,0
79,96,-63,-1463,-4154,-479,0,0
14,34,-36,-1457,-4189,-485,0,0
-37,-29,7,-1432,-4210,-404,0,0
-58,-61,27,-1413,-4185,-369,0,0
-67,-60,13,-1392,-4181,-358,0,0
-80,-73,-25,-1389,-4146,-336,0,0
-81,-78,-64,-1407,-4111,-328,0,0
-76,-88,-77,-1421,-4100,-292,0,0
-70,-108,-79,-1430,-4138,-286,0,0
-51,-118,-92,-1461,-4127,-294,0,0
-42,-102,-89,-1459,-4084,-295,0,0
-28,-106,-79,-1460,-4143,-322,0,0
-5,-108,-62,-1478,-4191,-309,0,0
25,-52,-46,-1471,-4139,-380,0,0
35,-3,-40,-1452,-4150,-413,0,0
18,2,-50,-1458,-4172,-446,0,0
5,22,-49,-1440,-4190,-425,0,0
6,45,-41,-1414,-4233,-413,0,0
6,53,-45,-1381,-4240,-391,0,0
19,65,-37,-1363,-4112,-430,0,0
6,92,-2,-1310,-4096,-456,0,0
-52,-2,23,-1295,-4093,-395,0,0
-74,-62,31,-1292,-4090,-323,0,0
-54,-66,19,-1316,-4098,-277,0,0
-16,27,3,-1318,-4066,-374,0,0
-16,33,7,-1287,-4153,-348,0,0
-7,-5,3,-1309,-4143,-407,0,0
16,59,-17,-1298,-4304,-329,0,0
26,58,-57,-1333,-4326,-362,0,0
57,118,-67,-1324,-4165,-425,0,0
30,83,-7,-1285,-4162,-434,0,0
-26,-17,18,-1269,-4188,-399,0,0
-24,-18,-1,-1266,-4245,-362,0,0
-13,-22,-18,-1285,-4275,-329,0,0
2,22,-7,-1283,-4169,-376,0,0
23,109,-11,-1251,-4233,-414,0,0
-1,85,-41,-1263,-4318,-403,0,0
-21,68,-65,-1254,-4181,-401,0,0
-20,49,-72,-1239,-4118,-408,0,0
-44,-39,-58,-1291,-4124,-398,0,0
-66,-80,-31,-1296,-4154,-381,0,0
-61,-129,-2,-1318,-4198,-356,0,0
-41,-145,39,-1332,-4210,-348,0,0
-16,-110,64,-1317,-4199,-366,0,0
9,-61,53,-1314,-4216,-425,0,0
7,-49,46,-1326,-4209,-448,0,0
-10,-46,61,-1318,-4198,-508,0,0
-41,-82,83,-1309,-4243,-487,0,0
-74,-122,96,-1302,-4186,-482,0,0
-91,-124,118,-1288,-4100,-449,0,0
-92,-113,105,-1315,-4111,-456,0,0
-84,-108,67,-1381,-4155,-408,0,0
-51,-47,59,-1410,-4162,-394,0,0
-6,52,53,-1386,-4187,-429,0,0
10,80,33,-1375,-4184,-444,0,0
15,91,13,-1371,-4169,-446,0,0
17,102,-2,-1378,-4150,-444,0,0
0,77,-7,-1394,-4229,-431,0,0
-9,42,-1,-1397,-4223,-442,0,0
-7,46,22,-1375,-4160,-443,0,0
-13,48,31,-1337,-4122,-451,0,0
-14,27,11,-1341,-4146,-437,0,0
-7,30,-11,-1353,-4180,-430,0,0
0,32,-16,-1354,-4193,-450,0,0
3,18,-5,-1340,-4162,-465,0,0
-2,-3,-9,-1328,-4131,-470,0,0
-11,-23,-27,-1330,-4112,-453,0,0
-9,-32,-31,-1347,-4166,-426,0,0
9,-25,-34,-1352,-4170,-437,0,0
29,16,-42,-1359,-4143,-458,0,0
29,46,-59,-1354,-4138,-486,0,0
23,21,-70,-1380,-4186,-485,0,0
19,10,-46,-1417,-4160,-493,0,0
10,15,-11,-1397,-4154,-503,0,0
-8,-6,9,-1386,-4131,-503,0,0
-23,5,10,-1393,-4143,-457,0,0
-24,33,3,-1385,-4188,-440,0,0
-22,2,19,-1405,-4216,-408,0,0
-11,-7,55,-1395,-4149,-432,0,0
-10,18,90,-1337,-4122,-421,0,0
-23,-27,93,-1307,-4159,-423,0,0
-17,-77,74,-1317,-4182,-381,0,0
9,-41,60,-1322,-4152,-398,0,0
25,7,48,-1302,-4178,-432,0,0
18,-10,24,-1303,-4144,-444,0,0
9,-15,5,-1305,-4150,-442,0,0
-2,-24,-15,-1322,-4190,-416,0,0
-3,-32,-29,-1346,-4176,-408,0,0
9,-7,-29,-1332,-4156,-430,0,0
-5,-21,-17,-1307,-4071,-420,0,0
-20,-66,-30,-1292,-4131,-434,0,0
-18,-166,-58,-1362,-4253,-457,0,0
-34,-212,-49,-1429,-4239,-465,0,0
-36,-131,-6,-1410,-4177,-456,0,0
-26,-48,-1,-1371,-4186,-442,0,0
-30,-23,-20,-1359,-4176,-424,0,0
-27,-12,-19,-1356,-4144,-397,0,0
-13,18,-27,-1368,-4197,-390,0,0
8,47,-31,-1388,-4181,-421,0,0
13,95,-8,-1358,-4148,-450,0,0
-1,68,0,-1329,-4153,-477,0,0
-20,-9,5,-1347,-4184,-434,0,0
-25,-22,12,-1347,-4190,-421,0,0
-20,-30,31,-1327,-4142,-420,0,0
-20,-41,43,-1298,-4118,-416,0,0
-17,-57,34,-1292,-4143,-408,0,0
-6,-68,14,-1322,-4185,-396,0,0
13,-33,-4,-1347,-4186,-431,0,0
23,-2,-3,-1359,-4179,-465,0,0
8,2,5,-1372,-4153,-509,0,0
-9,-9,1,-1360,-4153,-487,0,0
-20,-37,12,-1366,-4218,-421,0,0
-14,-17,6,-1358,-4188,-410,0,0
4,23,-1,-1344,-4181,-423,0,0
3,27,-9,-1341,-4194,-428,0,0
-1,27,-26,-1349,-4168,-444,0,0
-4,31,-12,-1344,-4188,-447,0,0
-20,0,-12,-1355,-4200,-427,0,0
-17,28,-10,-1349,-4177,-415,0,0
-9,53,-3,-1329,-4170,-442,0,0
-18,18,1,-1336,-4184,-440,0,0
-16,23,9,-1332,-4189,-436,0,0
-1,45,3,-1319,-4186,-441,0,0
8,59,-7,-1325,-4188,-447,0,0
17,84,-12,-1320,-4169,-463,0,0
17,74,-8,-1321,-4150,-460,0,0
12,65,-9,-1332,-4203,-431,0,0
17,67,-26,-1338,-4193,-453,0,0
17,69,10,-1346,-4151,-470,0,0
-4,53,34,-1321,-4147,-473,0,0
-15,15,28,-1330,-4183,-443,0,0
-6,10,38,-1334,-4199,-424,0,0
6,38,51,-1310,-4188,-451,0,0
8,48,43,-1277,-4150,-472,0,0
-2,27,31,-1282,-4159,-466,0,0
-10,17,18,-1282,-4183,-440,0,0
-1,17,1,-1297,-4198,-416,0,0
18,41,-17,-1301,-4199,-436,0,0
23,58,-21,-1312,-4159,-457,0,0
14,44,-27,-1312,-4156,-471,0,0
9,12,-15,-1332,-4195,-451,0,0
11,27,-8,-1346,-4189,-466,0,0
12,50,4,-1342,-4181,-483,0,0
-7,30,11,-1336,-4168,-461,0,0
-16,25,17,-1331,-4149,-454,0,0
-13,25,28,-1316,-4185,-433,0,0
-15,3,27,-1329,-4213,-410,0,0
4,25,25,-1329,-4185,-438,0,0
9,48,35,-1307,-4148,-482,0,0
-12,18,33,-1302,-4162,-466,0,0
-12,-3,24,-1305,-4212,-444,0,0
3,22,16,-1310,-4199,-458,0,0
5,46,11,-1291,-4166,-482,0,0
-3,31,-1,-1306,-4156,-486,0,0
-9,35,-15,-1316,-4159,-481,0,0
-16,24,-17,-1341,-4198,-466,0,0
-12,14,-8,-1360,-4237,-486,0,0
-8,22,13,-1356,-4181,-522,0,0
-34,7,44,-1328,-4067,-525,0,0
-50,-4,43,-1311,-4117,-499,0,0
-49,-18,29,-1343,-4174,-424,0,0
-33,7,31,-1344,-4164,-441,0,0
-15,19,43,-1318,-4145,-442,0,0
-15,-6,41,-1312,-4130,-439,0,0
-3,-1,24,-1295,-4135,-435,0,0
11,-10,1,-1311,-4177,-420,0,0
29,7,-19,-1333,-4197,-472,0,0
34,22,-14,-1343,-4150,-507,0,0
14,4,-2,-1327,-4145,-520,0,0
3,-29,-6,-1340,-4196,-499,0,0
3,-17,-9,-1344,-4183,-502,0,0
-3,-15,1,-1323,-4163,-499,0,0
-9,-12,-9,-1310,-4137,-489,0,0
-13,-11,-22,-1317,-4144,-463,0,0
-9,-1,-26,-1321,-4159,-443,0,0
6,11,-34,-1332,-4194,-444,0,0
17,11,-29,-1352,-4171,-467,0,0
7,31,-5,-1335,-4143,-499,0,0
-11,1,-7,-1313,-4221,-472,0,0
-10,-38,-3,-1337,-4204,-444,0,0
8,3,19,-1292,-4181,-463,0,0
3,-32,17,-1265,-4174,-450,0,0
1,-36,-11,-1267,-4119,-455,0,0
13,-22,-15,-1267,-4168,-428,0,0
19,-32,-18,-1287,-4188,-419,0,0
32,-21,-31,-1292,-4187,-446,0,0
34,-37,-14,-1312,-4170,-459,0,0
15,-30,-2,-1301,-4167,-488,0,0
-2,-72,-7,-1320,-4189,-467,0,0
-11,-87,18,-1340,-4226,-435,0,0
-12,-68,35,-1305,-4193,-443,0,0
-6,-62,30,-1296,-4156,-449,0,0
-16,-67,16,-1302,-4159,-432,0,0
-12,-53,2,-1304,-4170,-421,0,0
-1,-43,-2,-1317,-4243,-410,0,0
6,-46,-7,-1320,-4201,-443,0,0
9,-17,-3,-1315,-4180,-462,0,0
-12,-13,-23,-1312,-4172,-472,0,0
-25,-40,-33,-1340,-4199,-439,0,0
-22,-26,-8,-1343,-4218,-407,0,0
-12,1,-4,-1322,-4184,-413,0,0
-4,14,-9,-1318,-4164,-427,0,0
-10,11,-5,-1317,-4167,-434,0,0
-13,12,-2,-1315,-4180,-437,0,0
-18,-3,1,-1322,-4216,-403,0,0
-11,-9,10,-1320,-4178,-403,0,0
3,37,22,-1291,-4166,-405,0,0
-6,15,3,-1290,-4205,-406,0,0
-5,-5,-1,-1307,-4220,-409,0,0
10,24,15,-1282,-4194,-430,0,0
0,8,9,-1271,-4175,-444,0,0
-10,9,-12,-1274,-4171,-450,0,0
-12,6,1,-1273,-4181,-430,0,0
-17,-6,8,-1275,-4191,-412,0,0
-12,-2,-2,-1278,-4205,-400,0,0
-2,1,-2,-1294,-4172,-403,0,0
-6,12,10,-1277,-4181,-418,0,0
-11,-18,5,-1281,-4221,-410,0,0
-7,-34,13,-1287,-4211,-416,0,0
-6,-30,22,-1268,-4190,-426,0,0
-6,-23,8,-1262,-4169,-448,0,0
-8,-15,-12,-1267,-4180,-426,0,0
-12,-18,-16,-1278,-4199,-411,0,0
-6,-11,-16,-1281,-4200,-391,0,0
3,-2,-22,-1290,-4193,-413,0,0
2,0,-12,-1292,-4173,-429,0,0
-8,-6,-4,-1292,-4181,-442,0,0
-10,-30,-8,-1309,-4199,-415,0,0
-2,-18,9,-1323,-4202,-420,0,0
5,10,22,-1299,-4204,-432,0,0
3,10,16,-1295,-4176,-453,0,0
-4,13,15,-1296,-4180,-451,0,0
-5,21,20,-1286,-4200,-442,0,0
-4,26,20,-1289,-4209,-418,0,0
1,37,12,-1286,-4206,-457,0,0
-3,52,18,-1277,-4198,-471,0,0
-19,22,26,-1270,-4189,-460,0,0
-22,-2,27,-1270,-4188,-434,0,0
-15,10,23,-1261,-4176,-434,0,0
-12,7,11,-1268,-4186,-425,0,0
-8,15,4,-1273,-4170,-432,0,0
-4,12,5,-1270,-4155,-420,0,0
-4,4,3,-1277,-4181,-413,0,0
-1,-6,-6,-1295,-4207,-385,0,0
18,8,-7,-1318,-4202,-422,0,0
18,35,6,-1304,-4191,-440,0,0
0,3,9,-1290,-4166,-449,0,0
4,3,14,-1295,-4156,-440,0,0
4,23,10,-1291,-4182,-436,0,0
3,29,-3,-1304,-4199,-445,0,0
5,28,6,-1321,-4202,-450,0,0
0,15,21,-1308,-4188,-462,0,0
1,13,18,-1300,-4171,-446,0,0
7,29,3,-1310,-4207,-442,0,0
12,47,-5,-1321,-4210,-470,0,0
-3,49,13,-1310,-4159,-468,0,0
-14,39,17,-1297,-4161,-459,0,0
-12,32,6,-1319,-4218,-423,0,0
-9,34,3,-1338,-4216,-417,0,0
2,54,19,-1328,-4220,-432,0,0
-1,40,37,-1330,-4181,-468,0,0
-24,21,59,-1320,-4172,-501,0,0
-52,-23,83,-1320,-4197,-469,0,0
-62,-37,88,-1313,-4208,-460,0,0
-61,-16,88,-1299,-4161,-453,0,0
-71,-15,90,-1277,-4069,-448,0,0
-65,-18,69,-1271,-4135,-425,0,0
-50,-36,39,-1299,-4194,-380,0,0
-28,-22,26,-1314,-4161,-387,0,0
3,0,17,-1304,-4141,-421,0,0
7,-30,2,-1316,-4107,-445,0,0
7,-45,-9,-1320,-4128,-433,0,0
21,-48,-26,-3400,-4190,-400,0,0
53,-10,-44,-1377,-4185,-460,0,0
55,14,-33,-1360,-4157,-489,0,0
30,-13,-25,-1368,-4131,-518,0,0
21,-18,-31,-1372,-4195,-502,0,0
9,-26,-27,-1375,-4187,-486,0,0
5,-5,-20,-1355,-4152,-491,0,0
0,-3,-24,-1339,-4148,-476,0,0
-15,-12,-30,-1336,-4153,-453,0,0
-13,-9,-26,-1322,-4170,-428,0,0
-6,-12,-30,-1330,-4223,-407,0,0
7,-6,-34,-1340,-4176,-427,0,0
8,17,-16,-1311,-4159,-443,0,0
-7,-21,-14,-1301,-4173,-443,0,0
-8,-43,-13,-1315,-4181,-424,0,0
-2,-30,-3,-1300,-4209,-414,0,0
7,-19,-4,-1296,-4169,-447,0,0
9,-9,-15,-1286,-4149,-465,0,0
-14,-51,-12,-1304,-4194,-423,0,0
-9,-36,-9,-1301,-4197,-411,0,0
8,-18,-9,-1291,-4191,-427,0,0
8,-23,0,-1307,-4156,-438,0,0
-4,-11,3,-1283,-4169,-435,0,0
-12,-52,-1,-1303,-4208,-413,0,0
-4,-45,16,-1297,-4208,-408,0,0
0,-35,21,-1270,-4185,-408,0,0
5,-20,-2,-1276,-4164,-424,0,0
2,-9,-20,-1279,-4193,-420,0,0
-4,-22,-22,-1300,-4193,-405,0,0
6,-14,-15,-1294,-4195,-392,0,0
10,-10,-15,-1299,-4196,-413,0,0
5,-9,-3,-1296,-4188,-421,0,0
-4,-17,12,-1278,-4175,-429,0,0
-11,-32,10,-1279,-4195,-409,0,0
-20,-46,22,-1282,-4216,-383,0,0
-15,-40,30,-1257,-4200,-385,0,0
-5,-41,28,-1254,-4171,-412,0,0
-8,-51,17,-1277,-4174,-409,0,0
-10,-48,10,-1285,-4185,-407,0,0
-2,-39,5,-1317,-4223,-403,0,0
5,-20,-3,-1326,-4205,-413,0,0
7,12,-1,-1328,-4196,-433,0,0
-5,2,-1,-1316,-4171,-430,0,0
-12,-7,-8,-1302,-4189,-394,0,0
-4,1,-9,-1312,-4209,-372,0,0
5,20,-10,-1316,-4205,-387,0,0
7,33,-6,-1307,-4193,-425,0,0
-4,28,-11,-1300,-4173,-410,0,0
-8,30,-2,-1295,-4192,-377,0,0
-7,30,-3,-1315,-4228,-359,0,0
-1,50,1,-1299,-4199,-393,0,0
-3,64,14,-1264,-4178,-424,0,0
-14,26,15,-1271,-4175,-410,0,0
-17,9,18,-1282,-4209,-378,0,0
-8,7,21,-1282,-4189,-370,0,0
3,16,17,-1280,-4173,-379,0,0
11,27,5,-1286,-4178,-2456,0,0
8,18,3,-1303,-4188,-411,0,0
4,5,20,-1299,-4194,-410,0,0
2,-1,29,-1289,-4219,-389,0,0
12,12,21,-1299,-4199,-419,0,0
9,40,21,-1292,-4171,-457,0,0
-8,8,21,-1305,-4176,-440,0,0
-11,0,24,-1317,-4212,-419,0,0
-14,-1,26,-1316,-4215,-411,0,0
-11,14,27,-1323,-4185,-418,0,0
-7,37,28,-1301,-4182,-421,0,0
-21,8,25,-1312,-4188,-428,0,0
-24,10,16,-1318,-4187,-404,0,0
-14,27,13,-1323,-4207,-407,0,0
-10,40,16,-1321,-4220,-422,0,0
-24,26,29,-1314,-4158,-426,0,0
-28,6,38,-1300,-4149,-424,0,0
-26,-2,37,-1300,-4185,-404,0,0
-17,13,24,-1314,-4182,-424,0,0
-7,33,19,-1318,-4181,-445,0,0
-16,18,23,-1330,-4145,-446,0,0
-25,20,22,-1324,-4151,-435,0,0
-28,3,20,-1348,-4173,-413,0,0
-16,13,20,-1366,-4201,-425,0,0
-8,20,29,-1370,-4173,-441,0,0
-21,15,45,-1358,-4142,-474,0,0
-34,-19,46,-1350,-4183,-463,0,0
-35,-40,46,-1364,-4201,-447,0,0
-26,-18,46,-1348,-4159,-456,0,0
-19,-6,39,-1335,-4119,-472,0,0
-21,-3,22,-1336,-4120,-467,0,0
-20,-3,6,-1343,-4149,-463,0,0
-12,-9,-4,-1363,-4166,-431,0,0
4,11,-12,-1374,-4157,-460,0,0
9,31,-8,-1381,-4132,-485,0,0
-10,10,3,-1373,-4128,-483,0,0
-15,-19,2,-1370,-4169,-456,0,0
-6,-18,5,-1374,-4178,-435,0,0
3,-1,5,-1350,-4148,-460,0,0
4,-3,-1,-1347,-4139,-463,0,0
-6,-18,-4,-1343,-4137,-452,0,0
-3,-15,-1,-1331,-4145,-434,0,0
3,-6,-4,-1347,-4196,-403,0,0
12,7,-5,-1356,-4188,-450,0,0
4,14,23,-1330,-4163,-462,0,0
-19,-9,27,-1297,-4134,-471,0,0
-32,-52,11,-1302,-4196,-427,0,0
-27,-58,-2,-1319,-4173,-416,0,0
-8,-29,-17,-1306,-4192,-409,0,0
-1,-56,-36,-1301,-4150,-401,0,0
19,-50,-52,-1289,-4139,-388,0,0
52,-20,-94,-1298,-4200,-395,0,0
71,-28,-130,-1362,-4205,-420,0,0
78,-17,-108,-1392,-4173,-562,0,0
38,-40,-58,-1417,-4167,-589,0,0
-7,-42,-51,-1387,-4194,-522,0,0
-16,-45,-40,-1357,-4219,-416,0,0
5,13,-17,-1298,-4201,-377,0,0
23,54,-22,-1236,-4182,-369,0,0
26,42,-40,-1237,-4182,-362,0,0
32,33,-41,-1233,-4193,-376,0,0
36,0,-27,-1235,-4234,-378,0,0
31,-16,-32,-1238,-4271,-382,0,0
28,-29,-31,-1238,-4204,-403,0,0
23,-6,-9,-1204,-4170,-434,0,0
16,6,-25,-1192,-4198,-420,0,0
7,-2,-53,-1215,-4264,-372,0,0
11,2,-60,-1207,-4268,-342,0,0
33,46,-57,-1153,-4231,-368,0,0
40,48,-66,-1130,-4189,-383,0,0
34,21,-76,-1143,-4164,-339,0,0
34,18,-81,-1161,-4175,-298,0,0
43,10,-89,-1182,-4216,-2304,0,0
58,34,-86,-1174,-4258,-279,0,0
53,13,-67,-1100,-4272,-314,0,0
44,-22,-58,-1063,-4261,-384,0,0
14,-49,-50,-1091,-4301,-376,0,0
-5,-77,-27,-1134,-4253,-282,0,0
4,-38,-2,-1118,-4181,-281,0,0
-9,-24,14,-1088,-4205,-279,0,0
-29,-60,7,-1138,-4266,-228,0,0
-12,-50,10,-1224,-4259,-250,0,0
-4,6,51,-1198,-4237,-348,0,0
-27,37,81,-1106,-4220,-380,0,0
-41,-7,91,-1132,-4241,-314,0,0
-34,-17,97,-1142,-4222,-255,0,0
-10,11,69,-1124,-4224,-322,0,0
5,18,8,-1143,-4231,-448,0,0
-35,-91,-33,-1256,-4279,-622,0,0
-125,-229,6,-1505,-4292,-619,0,0
-189,-87,167,-1614,-4218,-601,0,0
-230,90,363,-1561,-4311,-599,0,0
-285,29,525,-1616,-4307,-495,0,0
-301,29,671,-1647,-4220,-519,0,0
-289,26,802,-1735,-4164,-520,0,0
-271,-16,921,-1991,-4191,-600,0,0
-234,-13,1065,-2130,-4159,-2704,0,0
-219,60,1119,-2279,-4030,-654,0,0
-226,100,1168,-2425,-3930,-709,0,0
-217,102,1248,-2571,-3796,-706,0,0
-207,232,1302,-2804,-3696,-774,0,0
-215,137,1388,-3035,-3574,-793,0,0
-167,-12,1547,-3884,-3608,-712,0,0
-134,489,1911,-4047,-3434,-765,0,0
-116,603,2278,-4164,-3084,-816,0,0
-59,480,2615,-4501,-2830,-747,0,0
30,645,2929,-4496,-2440,-617,0,0
177,572,3201,-4430,-2018,-853,0,0
273,470,3337,-3994,-1379,-3000,0,0
401,180,3315,-3773,-849,-864,0,0
612,-77,3150,-3411,-337,-1079,0,0
727,26,2853,-3470,22,-1081,0,0
753,439,2560,-3129,321,-1225,0,0
750,452,2249,-2877,724,-1510,0,0
696,437,1903,-2824,835,-1475,0,0
617,473,1583,-2605,1032,-1692,0,0
492,298,1281,-2713,1233,-1859,0,0
413,405,1067,-2876,1362,-1795,0,0
250,835,982,-2829,1643,-2415,0,0
43,569,943,-2396,1986,-2407,0,0
-2,176,837,-2417,2135,-1930,0,0
70,224,755,-2358,2246,-2082,0,0
111,307,664,-2102,2284,-2306,0,0
75,632,570,-2197,2293,-2288,0,0
8,1014,532,-1985,2354,-2609,0,0
5,425,483,-1821,2518,-2592,0,0
11,88,430,-1769,2560,-2418,0,0
3,466,368,-1571,2572,-2443,0,0
25,402,319,-1477,2605,-2563,0,0
25,230,263,-1408,2621,-2559,0,0
-3,415,175,-1460,2586,-2561,0,0
-44,543,150,-1689,2637,-2599,0,0
-36,557,202,-1532,2745,-2414,0,0
37,432,235,-1286,2573,-2381,0,0
160,553,197,-1053,2550,-2453,0,0
249,360,116,-1166,2590,-2821,0,0
162,91,65,-1351,2436,-3250,0,0
89,146,58,-1026,2450,-2891,0,0
183,-144,32,-1109,2421,-2894,0,0
139,-79,-20,-1164,2347,-3129,0,0
62,-158,-107,-1096,2492,-2936,0,0
25,-289,-133,-1347,2520,-2916,0,0
-44,-107,-122,-1269,2531,-2858,0,0
-67,65,-84,-1258,2435,-2972,0,0
-145,139,-86,-1475,2465,-2976,0,0
-135,-140,-100,-1161,2578,-2573,0,0
-65,-245,-113,-1308,2494,-2608,0,0
-70,179,-108,-1363,2580,-2752,0,0
-52,-61,-76,-1422,2563,-2733,0,0
-94,-141,-39,-1551,2539,-2828,0,0
-130,-16,-38,-1419,2504,-2748,0,0
-84,51,-42,-1246,2555,-2909,0,0
-97,68,-60,-1332,2668,-2765,0,0
-105,171,-73,-1540,2587,-2996,0,0
-156,410,-80,-1387,2652,-2784,0,0
-97,222,-68,-1337,2583,-2636,0,0
-76,329,-35,-1404,2604,-2905,0,0
-147,443,28,-1155,2705,-2555,0,0
-97,135,38,-1066,2692,-2404,0,0
-37,117,25,-1266,2646,-2531,0,0
22,115,7,-1327,2719,-2615,0,0
25,186,11,-992,2733,-2835,0,0
-4,130,-3,-985,2633,-2721,0,0
-114,32,-55,-919,2610,-2963,0,0
-167,-190,-138,-969,2805,-2547,0,0
24,-417,-120,-1387,2712,-2323,0,0
103,-269,-63,-1322,2623,-2897,0,0
55,-321,-58,-1324,2606,-2555,0,0
138,-213,-45,-1305,2563,-2349,0,0
208,-214,-31,-1428,2415,-2957,0,0
61,-134,-32,-1656,2489,-3065,0,0
-6,-90,-29,-1471,2614,-2623,0,0
30,-56,-27,-1461,2559,-2783,0,0
20,69,-20,-1555,2552,-2741,0,0
55,-49,7,-1566,2523,-2666,0,0
48,8,52,-1640,2483,-2886,0,0
-13,133,95,-1500,2548,-2788,0,0
-2,4,91,-1182,2537,-2901,0,0
-38,-37,40,-1374,2580,-2955,0,0
-47,-94,-2,-1356,2631,-2739,0,0
20,-252,-49,-1250,2609,-2526,0,0
63,-96,-76,-1527,2513,-2761,0,0
-13,277,-7,-1712,2553,-2848,0,0
-39,364,98,-1356,2575,-2435,0,0
25,240,127,-1322,2541,-2703,0,0
-9,359,125,-1431,2500,-3020,0,0
4,256,112,-1089,2579,-2786,0,0
66,192,94,-1032,2574,-2847,0,0
62,191,62,-1169,2581,-2906,0,0
61,179,36,-1049,2601,-2821,0,0
77,59,-3,-1023,2545,-2854,0,0
34,-87,-34,-1194,2503,-2958,0,0
-28,-33,-20,-1256,2474,-2770,0,0
25,-47,-39,-1069,2487,-2719,0,0
80,-67,-42,-1260,2438,-2912,0,0
65,49,-25,-1269,2518,-2955,0,0
76,1,-20,-1107,2551,-2830,0,0
84,-33,-57,-1163,2440,-2970,0,0
12,-4,-81,-1315,2450,-2895,0,0
-11,45,-74,-1166,2459,-2823,0,0
21,85,-57,-1275,2443,-2950,0,0
36,95,-21,-1276,2500,-2927,0,0
26,68,8,-1145,2494,-2874,0,0
24,62,27,-1192,2494,-2910,0,0
20,34,41,-1163,2399,-2939,0,0
36,-8,36,-1093,2397,-2863,0,0
57,-15,25,-1141,2419,-2899,0,0
49,22,17,-1187,2437,-2979,0,0
37,-23,19,-1139,2447,-2926,0,0
35,-58,20,-1166,2430,-3011,0,0
0,-1,20,-1198,2425,-3038,0,0
-16,18,20,-1111,2422,-2918,0,0
-30,2,-2,-1138,2433,-2965,0,0
-46,19,-15,-1174,2442,-3011,0,0
-37,-20,-14,-1205,2455,-2966,0,0
-17,16,-6,-1143,2442,-2916,0,0
2,19,12,-1158,2436,-2923,0,0
0,12,27,-1121,2471,-2899,0,0
-7,1,23,-1107,2451,-2922,0,0
-15,-13,6,-1114,2443,-2948,0,0
-22,-20,-10,-1143,2484,-2962,0,0
-23,-27,-12,-1146,2439,-2947,0,0
-13,-14,-18,-1173,2391,-2918,0,0
-2,-23,-17,-1177,2419,-2977,0,0
-20,4,-4,-1168,2442,-2959,0,0
-39,31,1,-1100,2471,-2969,0,0
-51,-11,-2,-1137,2449,-3006,0,0
-67,-13,-16,-1154,2466,-2940,0,0
-59,-15,-22,-1167,2476,-2953,0,0
-45,28,-8,-1179,2474,-2948,0,0
-54,29,14,-1199,2460,-2936,0,0
-61,11,21,-1145,2481,-2877,0,0
-57,15,14,-1139,2480,-2919,0,0
-46,51,10,-1076,2468,-2865,0,0
-20,22,-5,-1063,2467,-2878,0,0
-28,28,-32,-1067,2509,-2941,0,0
-57,16,-62,-1030,2526,-2895,0,0
-33,-51,-101,-1040,2504,-2869,0,0
-20,-59,-146,-1014,2355,-2820,0,0
-22,-132,-198,-933,2151,-2606,0,0
-70,-240,-245,-794,1764,-2182,0,0
-135,-278,-191,-556,1183,-1460,0,0
-143,-139,6,-397,977,-1022,0,0
-180,135,261,-507,1234,-1410,0,0
-368,342,454,-1707,2889,-2838,0,0
-423,-71,742,-2240,5327,-4700,0,0
-480,426,1176,-1532,6626,-6025,0,0
-332,804,1181,-1378,6949,-5786,0,0
167,-1,845,-1237,5975,-5187,0,0
346,110,289,-979,4696,-3976,0,0
364,39,-352,-852,2580,-2927,0,0
402,-1012,-892,-999,764,-1966,0,0
612,-1144,-820,-742,-31,-671,0,0
894,-328,-384,-1050,-753,-500,0,0
736,89,-55,-889,-584,-801,0,0
210,449,4,-145,-177,-451,0,0
-180,781,-129,313,90,49,0,0
-376,544,-145,222,-53,91,0,0
-535,870,-79,454,810,-611,0,0
-554,1040,-106,-591,2089,-2690,0,0
-631,-95,-25,-510,4054,-2912,0,0
-455,-1149,366,-1248,5391,-3274,0,0
-370,-314,642,-1210,5055,-4844,0,0
-720,140,309,-923,5580,-5538,0,0
-659,-464,-219,-1479,5435,-5164,0,0
-307,-17,-371,-1777,5143,-5158,0,0
-5,481,-313,-1620,4575,-4898,0,0
79,211,-270,-1145,3744,-3185,0,0
154,251,-279,-727,2640,-1873,0,0
344,294,-308,-750,1826,-1569,0,0
415,-78,-271,-835,1450,-1722,0,0
174,-113,-250,-1244,1796,-2209,0,0
-153,-128,-87,-1791,2641,-3004,0,0
-315,134,354,-1388,4404,-3926,0,0
-350,163,811,-1534,5224,-4775,0,0
-620,979,1054,-1908,4832,-4086,0,0
-638,1241,553,-899,5613,-4804,0,0
-375,354,278,-84,6287,-5120,0,0
-156,465,354,156,5497,-3335,0,0
254,417,-34,254,2755,-1743,0,0
843,-2252,-119,6,-29,27,0,0
663,-2331,588,176,-1049,660,0,0
200,1108,784,747,-448,866,0,0
271,584,629,-885,-223,1001,0,0
241,-799,309,-1001,-1155,149,0,0
-152,-572,21,-588,-1734,-769,0,0
-515,-224,-56,-661,-1253,-320,0,0
-590,-177,40,-183,-143,-761,0,0
-352,210,-94,391,2270,-2279,0,0
-417,319,-474,333,4739,-2888,0,0
-297,-381,-1059,-994,5834,-4661,0,0
-87,471,-868,-604,6570,-5023,0,0
119,1281,-478,343,7115,-4092,0,0
198,768,-307,-626,6639,-4699,0,0
28,284,-18,-923,6201,-4065,0,0
-19,448,135,-626,5765,-3932,0,0
71,-44,109,-674,4698,-3629,0,0
172,-150,229,-910,3249,-2895,0,0
264,221,412,-459,2362,-2580,0,0
308,-227,346,-250,1653,-2334,0,0
202,-263,184,-733,1299,-1743,0,0
103,4,21,-542,1033,-1462,0,0
97,-245,-191,-442,741,-1257,0,0
80,-200,-333,-491,678,-1202,0,0
44,-215,-437,-732,983,-1537,0,0
-140,-284,-504,-1209,2271,-2470,0,0
-174,-640,-306,-1325,5344,-3940,0,0
96,174,437,-1448,7992,-6303,0,0
172,1814,1206,-695,7960,-6084,0,0
312,1437,1462,248,6364,-4888,0,0
292,470,1237,992,4521,-3957,0,0
-32,71,408,927,2570,-2843,0,0
-88,-1006,-771,135,841,-1862,0,0
169,-1349,-1132,-239,195,-1124,0,0
368,-605,-754,-731,-57,-482,0,0
231,290,-231,-878,-219,-439,0,0
-44,415,134,-321,-124,-122,0,0
-259,351,288,275,-555,-10,0,0
-374,479,201,-47,-847,87,0,0
-436,379,2,-250,-829,186,0,0
-345,115,27,198,814,-189,0,0
-209,-520,297,277,2945,-2762,0,0
-552,-737,474,-190,5392,-2673,0,0
-639,-546,540,-751,6103,-4334,0,0
-606,-291,232,224,5959,-5162,0,0
-490,17,-71,831,5959,-4663,0,0
53,624,-370,713,5580,-5355,0,0
413,68,-328,-95,4755,-4813,0,0
220,211,-269,-422,3969,-3168,0,0
-45,474,-240,-258,3370,-1992,0,0
-3,34,-164,-26,2950,-1900,0,0
72,-254,-145,-41,2726,-2073,0,0
94,-186,-92,-145,2555,-2215,0,0
64,-209,-11,-157,2724,-2235,0,0
-37,-216,93,-290,3269,-2801,0,0
-246,198,269,-272,3961,-3504,0,0
-348,283,431,-184,4626,-3769,0,0
-210,238,618,-63,5044,-3979,0,0
-95,500,677,-9,5555,-4121,0,0
-4,690,456,235,5444,-4311,0,0
110,418,6,577,4937,-3052,0,0
469,-376,-762,75,3469,-1450,0,0
965,-834,-1400,-575,1266,-1352,0,0
913,-1292,-1046,-370,292,-1022,0,0
550,-1013,-203,214,-259,180,0,0
262,-85,335,-154,-399,733,0,0
21,44,652,-218,-123,203,0,0
-192,-139,546,4,-114,-725,0,0
-506,-79,341,-142,-399,-1061,0,0
-709,436,313,-172,84,-672,0,0
-566,665,344,-30,1533,-1595,0,0
-451,440,165,-497,2595,-2829,0,0
-650,243,-23,-399,4949,-2207,0,0
-265,-275,-399,-596,5718,-4244,0,0
207,26,-78,348,6215,-4526,0,0
340,341,203,848,6453,-3735,0,0
233,593,398,467,5841,-3917,0,0
-66,974,596,1105,5443,-3807,0,0
-211,786,531,1350,4504,-3170,0,0
-113,234,242,837,3594,-3013,0,0
67,-135,-21,415,2917,-3061,0,0
287,-313,-189,263,2205,-2561,0,0
438,-241,-227,69,1766,-2042,0,0
445,-94,-243,-372,1641,-2109,0,0
297,-120,-269,-469,2011,-2235,0,0
93,-276,-287,-502,3106,-2610,0,0
18,-265,-68,-261,4720,-3737,0,0
68,-171,485,-106,6847,-4330,0,0
247,134,1107,466,6522,-5023,0,0
280,293,1193,1080,5602,-4298,0,0
247,527,814,1006,3968,-3475,0,0
71,190,69,1114,1834,-2630,0,0
-34,-791,-833,127,-4,-676,0,0
149,-1212,-1194,-467,-1091,-318,0,0
123,-463,-1164,-262,-1261,-600,0,0
125,-138,-1046,-808,-682,-107,0,0
219,-563,-896,-734,-80,251,0,0
240,-641,-732,-52,71,345,0,0
146,-409,-610,148,63,132,0,0
-180,-162,-292,-155,818,-687,0,0
-451,-234,412,-386,2729,-2355,0,0
-488,3,924,579,4034,-3479,0,0
-382,-1011,728,-968,5834,-2490,0,0
-261,-677,378,-1749,5247,-5160,0,0
-686,-222,-307,-327,5046,-5429,0,0
-560,-188,-631,-685,5683,-5222,0,0
-6,-320,-622,-1812,5864,-6153,0,0
-89,153,-131,-1825,5107,-4963,0,0
-320,708,328,-1073,4043,-2589,0,0
-227,908,457,-459,3050,-1764,0,0
-53,566,432,-117,2261,-1680,0,0
-23,279,252,-355,1862,-1500,0,0
-77,-18,41,-612,1615,-1314,0,0
-70,-278,-98,-346,1662,-1058,0,0
-15,-278,-180,-297,2000,-1435,0,0
4,-58,-226,-437,3096,-2363,0,0
11,97,-97,-435,4819,-3691,0,0
-24,618,149,-877,6369,-4710,0,0
23,921,448,-1370,6983,-5028,0,0
139,681,938,-724,6401,-4644,0,0
205,899,960,223,5675,-3916,0,0
276,1288,299,439,4532,-3940,0,0
348,707,-443,-373,2858,-3003,0,0
418,-347,-592,-825,1391,-1110,0,0
392,-1248,-74,-170,780,115,0,0
328,-668,473,261,130,663,0,0
290,399,660,144,-389,318,0,0
53,-188,595,-621,-864,347,0,0
-271,-429,429,-544,-1200,519,0,0
-523,-338,306,-248,-1222,95,0,0
-701,-488,310,-107,-921,-257,0,0
-741,-224,204,71,386,-918,0,0
-688,38,-356,-75,3010,-2510,0,0
-487,-659,-1341,-688,6002,-3696,0,0
174,-612,-1442,-732,7384,-6029,0,0
499,592,-439,935,7194,-5532,0,0
384,345,-39,30,7245,-3187,0,0
146,69,231,-816,6340,-4036,0,0
-97,130,519,217,5196,-4142,0,0
-87,293,587,323,4183,-3161,0,0
24,549,550,-246,3174,-3181,0,0
37,418,399,67,2493,-2647,0,0
123,37,135,169,2077,-2059,0,0
242,10,-72,-56,1900,-1965,0,0
299,-116,-149,-202,1746,-1580,0,0
299,-171,-151,-255,1495,-1244,0,0
241,-130,-162,-418,1430,-1447,0,0
107,-174,-195,-491,1864,-1895,0,0
24,-226,-209,-5,3231,-2917,0,0
57,-94,91,692,5533,-4322,0,0
146,-136,498,564,7280,-5535,0,0
298,14,865,402,7352,-6011,0,0
382,269,967,920,5672,-7656,0,0
147,-16,411,187,3187,-4391,0,0
-188,-961,-347,-1158,1158,-2655,0,0
-491,-1500,-586,-760,33,-55,0,0
-611,-1071,-548,-355,-938,445,0,0
-790,248,-623,59,-1597,-75,0,0
-811,401,-896,195,-1065,666,0,0
-487,110,-1189,-21,-421,304,0,0
-87,284,-1237,-220,-87,-344,0,0
148,6,-887,-329,414,-25,0,0
456,-522,-100,-409,2291,-729,0,0
633,-68,823,-298,4128,-3502,0,0
-112,-159,1049,-673,6685,-3033,0,0
-549,-691,824,-1938,6910,-4442,0,0
-795,-473,596,-803,5923,-4723,0,0
-579,546,382,-108,5879,-4238,0,0
72,779,20,-694,5224,-5082,0,0
240,244,93,-825,4352,-3878,0,0
118,172,295,-482,3398,-2395,0,0
38,284,325,-287,2855,-1283,0,0
109,407,279,-57,2689,-1374,0,0
138,439,117,-164,2811,-1700,0,0
108,30,-34,-301,2862,-1765,0,0
81,-422,-113,-220,2493,-1622,0,0
35,-294,-171,-180,2136,-1490,0,0
44,-207,-289,-129,2107,-1784,0,0
34,-291,-478,-269,2727,-2562,0,0
79,-25,-524,-436,4145,-3921,0,0
238,194,-222,-191,5471,-4743,0,0
394,285,179,-650,6470,-5015,0,0
362,1124,548,-1254,6331,-5680,0,0
110,1358,621,-607,5477,-4397,0,0
58,1060,270,-9,4721,-2945,0,0
123,860,-404,153,3029,-2123,0,0
283,-60,-927,-292,1279,-1467,0,0
354,-733,-694,-602,715,37,0,0
291,-83,-3,-244,27,396,0,0
135,111,399,-114,-378,316,0,0
-89,-349,460,-310,-580,545,0,0
-251,-360,372,-205,-639,298,0,0
-304,-430,318,-364,-714,-417,0,0
-412,-326,410,-277,-313,-605,0,0
-381,52,405,-41,935,-1620,0,0
-388,-175,-17,154,3269,-2645,0,0
-429,-958,-785,-790,5590,-3932,0,0
-308,-818,-1061,-1205,7080,-5683,0,0
-18,50,-507,134,7797,-5623,0,0
228,-159,-82,-557,7649,-4786,0,0
140,-252,547,-1059,6271,-4180,0,0
-64,191,940,-362,4687,-3310,0,0
-73,511,875,-291,3408,-2888,0,0
40,436,629,-463,2550,-2469,0,0
143,425,373,-117,1950,-2010,0,0
193,331,54,140,1554,-1608,0,0
229,28,-253,-128,1336,-1248,0,0
262,-204,-398,-131,1320,-1145,0,0
215,-85,-477,-166,1379,-1116,0,0
162,-157,-534,-289,1690,-1421,0,0
72,-280,-534,-307,2373,-2054,0,0
-64,-253,-419,-535,3490,-3043,0,0
-139,51,-68,-200,5290,-4326,0,0
-160,58,443,-71,6777,-5193,0,0
-114,283,911,190,7793,-5115,0,0
98,281,1112,527,7220,-4727,0,0
209,389,926,288,5106,-4701,0,0
-165,748,320,-24,2830,-4074,0,0
-473,-783,-389,30,943,-1641,0,0
-472,-1571,-623,-709,-358,218,0,0
-55,-2080,-417,-599,-1252,-17,0,0
111,331,-188,97,-1293,197,0,0
46,-373,-306,-87,-500,794,0,0
46,-294,-517,-293,-40,314,0,0
28,92,-609,-249,-264,-2496,0,0
-36,-215,-454,-143,141,-79,0,0
50,-628,8,-449,1777,-816,0,0
-170,-287,238,-133,3909,-2301,0,0
-699,-1162,6,-1204,7325,-2664,0,0
-728,-1523,89,-2442,7638,-4586,0,0
-704,-1068,158,-1084,6986,-4115,0,0
-182,200,-28,-622,6742,-4926,0,0
387,415,-225,-1379,5932,-5892,0,0
387,-250,-7,-1508,4598,-3663,0,0
338,-31,227,-1467,3472,-1728,0,0
318,442,458,-1044,2660,-1410,0,0
190,525,615,-448,2069,-1365,0,0
75,348,540,-174,1841,-1155,0,0
24,-7,290,-197,1625,-1048,0,0
-32,-185,-2,-175,1624,-1163,0,0
-104,-219,-248,-215,1785,-1479,0,0
-121,-232,-388,-268,2400,-1879,0,0
-94,-106,-447,-579,3884,-3090,0,0
-20,-27,-259,-688,5827,-5118,0,0
-47,473,123,-852,7562,-5245,0,0
153,645,504,-1675,7685,-4549,0,0
437,1081,600,-1199,6285,-4475,0,0
507,1506,250,-290,5099,-3516,0,0
488,1765,-363,327,3283,-2487,0,0
579,234,-690,-488,1349,-1008,0,0
627,-651,-313,-956,175,61,0,0
430,88,280,-159,-614,524,0,0
180,330,464,88,-725,1111,0,0
71,-529,401,-253,-734,1149,0,0
-10,-726,223,-96,-806,775,0,0
-123,-618,-21,-295,-873,-67,0,0
-284,-227,-138,-868,-165,-1149,0,0
-345,270,-167,-548,1095,-2491,0,0
-424,-202,-314,297,3496,-2484,0,0
-304,-494,-952,-1062,5881,-3959,0,0
-175,548,-772,-1244,7219,-7595,0,0
-368,699,-92,559,8132,-6054,0,0
-310,-585,161,-18,7528,-4030,0,0
-219,-325,435,-887,5645,-3969,0,0
-228,432,430,-595,4269,-3615,0,0
-133,266,368,-669,3346,-2693,0,0
5,338,370,-619,2685,-2001,0,0
63,726,230,-255,2112,-1708,0,0
136,331,1,-321,1646,-1324,0,0
187,-16,-161,-305,1435,-1162,0,0
144,-52,-296,-257,1288,-1130,0,0
51,-178,-390,-399,1418,-1087,0,0
-10,-226,-406,-423,1800,-1241,0,0
-23,-348,-408,-402,2602,-1993,0,0
27,-385,-239,-309,4299,-3489,0,0
95,-416,163,-91,6164,-4834,0,0
201,-231,680,-2376,7739,-5177,0,0
354,-113,1012,-465,7561,-5205,0,0
369,195,951,120,5820,-5091,0,0
234,582,481,479,3623,-4815,0,0
192,569,-269,-47,1367,-3090,0,0
519,-929,-801,-987,28,-350,0,0
644,-1248,-962,-1332,-993,854,0,0
311,514,-758,-766,-1366,906,0,0
-187,266,-492,-402,-855,1092,0,0
-569,-808,-283,-282,-228,1211,0,0
-708,-630,-126,179,-117,667,0,0
-644,-39,-23,-174,351,-619,0,0
-514,-167,227,-653,2069,-2244,0,0
-278,-1003,147,60,4214,-2595,0,0
55,-1212,56,-1257,6320,-3567,0,0
36,-735,497,-1884,6444,-4641,0,0
-568,-2448,577,-1094,6451,-4185,0,0
-669,154,354,-1526,6717,-5050,0,0
-278,47,191,-1670,6247,-4947,0,0
37,163,348,-1324,5086,-4000,0,0
52,766,508,-572,4098,-2632,0,0
114,1086,447,-284,3297,-1676,0,0
278,626,274,-136,2450,-1495,0,0
319,-38,54,-173,1962,-1297,0,0
196,-191,-113,-382,1686,-1038,0,0
88,87,-223,-41,1709,-820,0,0
92,81,-361,-64,1668,-1086,0,0
61,-114,-405,-391,1923,-1728,0,0
33,-202,-271,-681,2848,-2409,0,0
4,-52,23,-661,3945,-3571,0,0
-42,181,210,-577,5221,-3984,0,0
79,309,349,-1180,6179,-4772,0,0
190,864,565,-839,6325,-5250,0,0
226,1282,619,-381,6057,-4422,0,0
309,1604,323,138,5456,-3465,0,0
613,1119,-324,488,3839,-2620,0,0
976,89,-912,261,1829,-1643,0,0
872,-550,-720,-961,550,-597,0,0
545,136,-28,135,-63,293,0,0
150,115,207,-123,-449,971,0,0
-238,62,388,-218,-709,671,0,0
-468,-93,384,-18,-799,113,0,0
-629,-190,336,-299,-781,-252,0,0
-733,89,435,-220,102,-733,0,0
-676,331,401,386,1483,-2244,0,0
-795,129,37,599,3875,-2216,0,0
-774,-249,-647,11,6029,-3410,0,0
-426,-49,-644,191,6702,-5152,0,0
-24,594,-218,1205,6714,-4499,0,0
325,16,227,525,5666,-3573,0,0
224,10,531,295,4894,-2874,0,0
13,52,376,521,4842,-2973,0,0
-89,-130,102,359,4709,-3272,0,0
-96,-127,-43,338,4244,-3166,0,0
45,39,-59,328,3567,-2613,0,0
186,42,-44,249,2754,-2029,0,0
215,-199,-194,25,2114,-1505,0,0
244,-248,-329,-253,1905,-1422,0,0
270,-37,-348,-272,1774,-1793,0,0
279,-73,-266,-123,1961,-1715,0,0
262,-154,-143,-186,2138,-1662,0,0
176,-80,-71,-194,2738,-2257,0,0
12,-38,55,196,4011,-3399,0,0
-74,-69,323,549,5930,-4499,0,0
-7,3,754,710,6571,-4897,0,0
50,133,860,680,6284,-4741,0,0
-7,236,510,468,5026,-4393,0,0
-83,-95,-61,556,2890,-3131,0,0
-61,-808,-642,393,1010,-1332,0,0
53,-1016,-682,-422,405,-155,0,0
119,-416,-394,-665,-414,-323,0,0
-143,95,-108,-312,-682,-47,0,0
-372,-136,-51,7,-701,394,0,0
-406,-124,-129,-165,-654,-13,0,0
-351,-24,-233,-310,-428,-112,0,0
-195,-225,-315,-438,849,-318,0,0
42,-154,-446,-747,2061,-2027,0,0
50,-268,-680,-284,3988,-2183,0,0
-6,-1128,-397,-1356,6753,-2850,0,0
18,-896,122,-1826,6719,-4241,0,0
-202,-680,456,-586,6080,-4105,0,0
-226,-218,408,-421,5994,-4122,0,0
86,78,128,-1161,5928,-5132,0,0
286,-9,195,-1168,5047,-4652,0,0
236,170,287,-2400,3997,-3058,0,0
190,572,144,5,3375,-2133,0,0
342,504,5,96,2741,-2035,0,0
437,147,-143,-335,2234,-1807,0,0
387,-74,-245,-845,1908,-1608,0,0
272,-327,-301,-1125,1722,-1549,0,0
78,28,-314,-1222,2321,-2338,0,0
-45,50,-204,-1165,3371,-3429,0,0
-52,345,141,-966,4340,-6560,0,0
-12,615,493,-887,5541,-4610,0,0
-4,873,763,-733,5690,-4867,0,0
-176,1091,661,-170,5543,-4422,0,0
-374,872,185,353,4774,-3539,0,0
-375,882,-393,353,3369,-2122,0,0
-88,-280,-790,-512,1285,-276,0,0
-28,-1073,-616,-758,4,391,0,0
-185,-2248,-189,360,-883,256,0,0
-246,-166,33,310,-1085,1099,0,0
-236,-520,188,-256,-790,1102,0,0
-234,-441,150,-294,-643,301,0,0
-296,-558,58,-357,-413,-435,0,0
-445,-413,22,-481,910,-1450,0,0
-380,-382,-48,-939,2592,-2436,0,0
-166,20,-175,-1002,4684,-3057,0,0
161,-143,-788,-1726,6428,-4914,0,0
257,-182,-800,-1417,7762,-5759,0,0
352,183,-434,-765,8514,-4743,0,0
377,18,-86,-1192,7736,-3953,0,0
370,-96,282,-1260,5745,-3866,0,0
264,94,498,-1010,3747,-3413,0,0
13,397,532,-728,2603,-2381,0,0
-97,443,362,-338,1866,-1731,0,0
-30,216,62,-316,1558,-1662,0,0
90,109,-137,-385,1575,-1569,0,0
118,23,-174,-320,1587,-1276,0,0
93,-26,-171,-311,1749,-1050,0,0
60,-66,-176,-334,1815,-1156,0,0
-3,21,-170,-418,1952,-1552,0,0
-92,-92,-144,-268,2287,-1888,0,0
-170,-220,-148,-413,3200,-2432,0,0
-280,-149,-50,-682,4396,-3273,0,0
-281,202,215,-522,5507,-3919,0,0
-57,267,439,-804,6517,-4427,0,0
166,342,689,-936,6515,-4677,0,0
225,664,796,-635,5943,-4605,0,0
177,698,657,-301,5071,-4096,0,0
179,289,146,158,3494,-3092,0,0
235,-721,-587,-392,1665,-1533,0,0
102,-1061,-1058,-962,518,-652,0,0
92,-549,-1094,-847,-17,-367,0,0
101,-338,-876,-455,-532,234,0,0
-57,-99,-522,-323,-637,651,0,0
-155,-111,-302,-169,-454,414,0,0
-227,-115,-167,-300,-76,108,0,0
-264,-186,67,-372,455,-341,0,0
-212,-131,497,-560,1812,-1279,0,0
-146,38,734,-775,3387,-2491,0,0
-232,-768,738,-572,5789,-2241,0,0
-102,-1345,961,-1439,6497,-3164,0,0
-198,-506,911,-877,6259,-3920,0,0
-175,-5,331,-930,6309,-5019,0,0
185,-119,-10,-1152,5532,-5428,0,0
383,-58,131,-1063,5234,-3961,0,0
417,253,204,-999,4640,-3243,0,0
338,387,242,-851,4042,-2747,0,0
192,577,262,-334,3386,-2436,0,0
38,539,169,37,2682,-2245,0,0
-73,103,32,-108,2135,-1737,0,0
-135,-147,-126,-103,1694,-1206,0,0
-128,-291,-345,-201,1404,-1161,0,0
-174,-451,-536,-575,1420,-1297,0,0
-266,-177,-600,-628,1743,-1580,0,0
-255,-65,-585,-671,2855,-2307,0,0
-161,160,-285,-750,4324,-3695,0,0
-76,822,129,-665,5303,-4224,0,0
144,1034,402,-1128,6349,-4283,0,0
517,1254,619,-1201,6793,-4745,0,0
584,1635,669,-366,6439,-4248,0,0
465,1486,301,561,5323,-3221,0,0
396,804,-487,172,3366,-1990,0,0
481,-521,-1078,-1060,1051,-967,0,0
599,-1118,-860,-809,252,-527,0,0
423,-367,-285,332,-366,-119,0,0
116,-158,-14,-117,-708,716,0,0
-119,-221,204,-530,-740,1022,0,0
-257,-365,295,84,-902,511,0,0
-389,-634,154,-33,-936,-297,0,0
-540,-277,29,-351,-297,-990,0,0
-407,116,-29,-416,1636,-1744,0,0
-150,-66,-93,54,3922,-3055,0,0
-288,-61,-617,-617,5940,-3965,0,0
-85,-441,-988,-2018,7182,-5281,0,0
263,-157,-527,-1303,8113,-6119,0,0
314,-160,-231,-1281,7818,-5787,0,0
278,-234,150,-1873,6227,-4447,0,0
283,-133,629,-1730,4440,-3653,0,0
172,-4,794,-1110,2798,-2989,0,0
75,187,619,-746,1761,-2380,0,0
16,450,267,-610,1173,-1932,0,0
68,204,-54,-479,841,-1483,0,0
111,-34,-269,-301,671,-1185,0,0
10,-48,-426,-278,838,-915,0,0
-163,-228,-506,-436,1165,-892,0,0
-340,-289,-458,-400,1981,-1317,0,0
-523,-251,-285,-609,3022,-2096,0,0
-606,-28,5,-637,4171,-2709,0,0
-533,-97,208,-674,4899,-3324,0,0
-349,6,427,-988,5819,-3669,0,0
-66,366,558,-1218,6710,-4356,0,0
313,395,805,-1187,7074,-4784,0,0
559,584,1031,-738,6183,-4531,0,0
586,640,786,-704,5126,-4229,0,0
405,583,291,-145,3477,-3399,0,0
146,-223,-364,-16,1488,-1447,0,0
8,-1050,-928,-946,80,-300,0,0
151,-614,-1029,-1209,-563,-935,0,0
144,59,-764,-586,-759,-538,0,0
-28,127,-406,-402,-716,543,0,0
-90,-14,-196,-337,-570,746,0,0
-224,148,-105,-167,-481,92,0,0
-485,169,-35,-244,-112,-264,0,0
-559,-18,360,-370,1330,-474,0,0
-473,-15,838,730,2871,-2038,0,0
-469,-517,681,213,5750,-1864,0,0
-147,-839,542,-1036,6812,-3722,0,0
-20,-751,337,-526,5688,-4776,0,0
-73,-522,-34,-697,5904,-4206,0,0
-12,-222,-457,-1771,5542,-4711,0,0
-32,-28,-473,-1708,4955,-4517,0,0
-78,220,-154,-1207,4342,-3664,0,0
-104,283,-9,-937,3638,-2517,0,0
-98,126,30,-763,2904,-1764,0,0
-7,116,36,-579,2709,-1582,0,0
104,-16,-15,-487,2628,-2042,0,0
107,-119,28,-598,2822,-2096,0,0
86,-122,131,-771,3212,-2154,0,0
14,-111,215,-972,3607,-2764,0,0
-128,19,328,-925,3959,-2993,0,0
-239,285,406,-826,4739,-3580,0,0
-369,615,581,-713,5491,-4214,0,0
-420,895,765,-49,6158,-4131,0,0
-184,1129,621,337,6464,-3555,0,0
242,1153,134,174,5607,-3445,0,0
564,442,-331,58,3873,-2265,0,0
765,-411,-607,-135,1943,29,0,0
906,-877,-684,-302,24,1435,0,0
610,-637,-479,342,-1310,657,0,0
-41,-296,-491,304,-1660,489,0,0
-504,-361,-523,-242,-1353,1229,0,0
-492,-470,-453,-185,-1030,975,0,0
-351,-708,-379,-407,-679,-599,0,0
-449,-224,-87,-1462,231,-1435,0,0
-431,291,271,-1287,2353,-1763,0,0
-140,306,126,-1180,4958,-3049,0,0
-29,355,-457,-2578,6210,-4848,0,0
103,274,-762,-1839,7827,-5225,0,0
578,382,-478,-826,7954,-5294,0,0
746,436,-73,-1277,7227,-4326,0,0
580,493,349,-1401,5896,-3617,0,0
440,636,551,-1001,4242,-3587,0,0
298,362,524,-736,2792,-2748,0,0
103,482,427,-428,1739,-2082,0,0
38,290,241,-221,1574,-1689,0,0
127,-157,177,-370,1746,-1897,0,0
144,-202,233,-98,1887,-1859,0,0
80,-108,260,-508,1969,-1827,0,0
-43,3,301,-175,2115,-2003,0,0
-162,-140,252,164,2218,-1935,0,0
-201,-164,113,36,2385,-1951,0,0
-165,-144,-24,-63,2545,-2476,0,0
-142,-114,-84,-32,2700,-2608,0,0
-88,-151,-37,-39,3134,-2809,0,0
-62,52,143,-194,4185,-3640,0,0
-124,269,456,21,5855,-4418,0,0
22,286,788,143,6886,-4957,0,0
249,297,847,-123,5919,-5106,0,0
279,458,558,388,4489,-6552,0,0
254,54,-9,490,3229,-3011,0,0
279,-678,-684,-51,1543,-1790,0,0
178,-1598,-1156,-729,404,-337,0,0
135,-1176,-1108,-816,-397,-123,0,0
64,-194,-803,-389,-908,-148,0,0
-165,-105,-511,-486,-783,390,0,0
-341,-506,-430,-615,-524,274,0,0
-445,-408,-416,-369,-149,-335,0,0
-489,-253,-280,-450,502,-802,0,0
-298,-169,176,-720,2099,-1372,0,0
-188,458,456,-689,2980,-2484,0,0
-309,-132,499,-1038,5207,-2509,0,0
-358,-941,586,-1266,6234,-2965,0,0
-334,-977,545,-2108,6592,-3971,0,0
-529,-517,404,-1996,6319,-4688,0,0
-695,2,-112,-1412,6434,-4735,0,0
-324,116,-418,-1837,6239,-5149,0,0
78,26,-74,-1543,5076,-3954,0,0
234,380,344,-857,3583,-2169,0,0
252,470,467,-608,2691,-1173,0,0
163,258,331,-629,2409,-1142,0,0
15,-70,145,-655,2306,-1509,0,0
-130,-138,80,-337,2277,-1247,0,0
-116,-199,-5,-506,2125,-1276,0,0
-73,-44,-77,-735,1877,-1559,0,0
-62,203,-130,-438,1962,-1766,0,0
-47,63,-217,-429,2382,-1957,0,0
-77,59,-265,-571,3029,-2199,0,0
-75,144,-236,-499,3876,-2794,0,0
-8,309,-58,-503,5299,-3581,0,0
61,868,259,-823,6301,-4467,0,0
84,832,632,-1110,7121,-4126,0,0
351,543,686,-1186,6887,-3843,0,0
583,630,405,-896,5402,-3388,0,0
814,670,-137,-237,3414,-1880,0,0
1185,-11,-892,-598,1451,-1047,0,0
949,-540,-1265,-1510,-5,-967,0,0
411,-758,-864,-451,-354,-315,0,0
-52,-635,-237,448,-376,731,0,0
-249,-650,220,86,-369,1180,0,0
-209,-808,362,-197,-476,567,0,0
-278,-546,284,-627,-638,-555,0,0
-429,-283,266,-837,-137,-1275,0,0
-418,69,217,-1019,1149,-2089,0,0
-357,536,223,-1041,2539,-2934,0,0
-389,802,-75,-630,5642,-3203,0,0
-105,135,-1058,-2431,6843,-5584,0,0
226,113,-670,-2123,7342,-5982,0,0
426,340,-178,-806,7242,-4462,0,0
559,290,-109,-1526,5900,-3870,0,0
609,135,28,-1714,4791,-3938,0,0
456,192,285,-1236,3647,-3733,0,0
295,260,532,-590,2481,-2417,0,0
264,322,559,-373,1846,-1784,0,0
158,196,367,-441,1454,-1944,0,0
-2,-60,96,-334,1203,-1843,0,0
-90,-66,-95,-392,1148,-1636,0,0
-88,-75,-175,-417,1137,-1673,0,0
-98,-266,-222,-502,1405,-1591,0,0
-148,-206,-247,-667,2016,-1884,0,0
-159,-297,-246,-507,2618,-2358,0,0
-206,-344,-197,-729,3163,-2874,0,0
-240,-191,-82,-841,3817,-3260,0,0
-127,-273,189,-814,4370,-3606,0,0
-31,6,503,-1247,5110,-4254,0,0
-30,213,888,-1178,5476,-4756,0,0
39,520,1156,-1043,5552,-4739,0,0
263,338,1130,-1124,5470,-5118,0,0
291,127,922,-881,4542,-4475,0,0
159,341,330,-224,3067,-3342,0,0
121,-266,-569,-642,1588,-2549,0,0
-21,-1061,-1090,-641,187,-1118,0,0
-100,-880,-1271,-511,-596,191,0,0
-12,-70,-1132,-422,-940,43,0,0
-181,-131,-821,-485,-778,148,0,0
-484,-204,-666,-2328,-467,138,0,0
-647,3,-646,-167,-107,-88,0,0
-574,60,-484,-592,483,-222,0,0
-403,-44,1,-855,1903,-874,0,0
-244,200,465,-228,2831,-2207,0,0
-373,-738,719,-588,5183,-1106,0,0
-290,-1372,877,-1752,6603,-2051,0,0
-261,-661,606,-2369,6627,-4796,0,0
-453,-1106,73,-2646,6931,-5226,0,0
-306,-445,-484,-2579,6737,-5005,0,0
115,335,-599,-3201,6182,-5335,0,0
369,100,-156,-2453,4835,-3825,0,0
491,368,354,-1786,3610,-1751,0,0
445,1132,693,-1150,2568,-1238,0,0
286,904,662,-749,1751,-1407,0,0
126,595,418,-833,1301,-1420,0,0
126,256,190,-781,1194,-1281,0,0
192,77,60,-637,1361,-1510,0,0
166,69,14,-848,2010,-1646,0,0
49,196,64,-734,2277,-1874,0,0
-83,153,118,-777,2470,-2238,0,0
-187,67,138,-836,3196,-2478,0,0
-152,182,193,-701,3770,-3389,0,0
-49,286,304,-735,5083,-4085,0,0
126,642,608,-301,6205,-5180,0,0
63,998,742,-293,6809,-4892,0,0
-20,792,551,-367,6056,-4305,0,0
63,480,100,176,4663,-3730,0,0
317,59,-426,183,3111,-2211,0,0
638,-467,-902,-772,1207,-499,0,0
573,-1079,-863,-880,-398,546,0,0
127,-399,-331,-38,-1165,1240,0,0
-108,-74,28,102,-1095,1172,0,0
-114,-700,47,-326,-972,468,0,0
-213,-409,-95,-150,-1006,-613,0,0
-456,-145,-247,-357,-828,-1247,0,0
-653,16,-338,-2624,410,-1305,0,0
-503,470,-384,-958,2442,-2382,0,0
-382,494,-481,-959,5078,-3066,0,0
-322,301,-1157,-2353,6348,-4992,0,0
-82,172,-929,-2139,8293,-5801,0,0
367,196,-334,-1062,8552,-5427,0,0
