-146,17,-30,3094,-1474,-2193,0,0
-76,-4,-49,3142,-1517,-2094,0,0
-40,-10,-36,3208,-1521,-2007,0,0
-59,-42,-1,3219,-1497,-1957,0,0
-99,-32,20,3157,-1456,-1958,0,0
-120,22,13,3139,-1428,-2044,0,0
-127,21,1,3163,-1427,-2057,0,0
-131,11,-4,3190,-1435,-2009,0,0
-134,16,3,3216,-1411,-2076,0,0
-113,-1,7,3211,-1402,-2086,0,0
-93,-29,15,3161,-1410,-2024,0,0
-90,-14,13,3117,-1379,-2038,0,0
-80,3,-2,3155,-1402,-2034,0,0
-72,11,-12,3179,-1422,-2008,0,0
-65,32,-8,3192,-1416,-1982,0,0
-68,36,-4,3164,-1426,-1970,0,0
-75,50,6,3060,-1403,-1992,0,0
-71,70,10,2923,-1429,-1896,0,0
-86,117,-12,2788,-1492,-1820,0,0
-98,249,-62,2694,-1515,-1806,0,0
-117,427,-126,2531,-1518,-1686,0,0
-188,528,-123,2241,-1429,-1519,0,0
-319,472,28,2204,-1318,-1540,0,0
-490,293,257,2404,-1482,-1634,0,0
-663,156,373,3990,-1779,-2268,0,0
-854,-35,397,6507,-2054,-3250,0,0
-1042,-76,336,7201,-1930,-3409,0,0
-919,487,95,6300,-1370,-3142,0,0
-420,1342,-462,4104,-344,-2500,0,0
343,1733,-774,1457,357,-912,0,0
791,805,-740,186,-353,893,0,0
907,137,-254,-183,-846,842,0,0
847,11,21,-593,-845,258,0,0
672,-52,78,-369,-918,-100,0,0
409,116,-54,-52,-897,-431,0,0
118,398,-61,882,-866,-819,0,0
-203,175,125,3451,-1049,-1489,0,0
-285,-111,167,5874,-985,-1876,0,0
-236,-45,579,6847,-1963,-1617,0,0
-470,-94,1335,6748,-2564,-2187,0,0
-614,-684,1760,6365,-2375,-2431,0,0
-427,-1062,1405,8277,-2592,-3848,0,0
365,-1583,894,8445,-2467,-4040,0,0
977,-2015,549,8148,-3362,-2934,0,0
892,-1679,436,6546,-2807,-2838,0,0
743,-1714,-33,4742,-2298,-1790,0,0
568,-1108,-989,3724,-2318,-361,0,0
377,373,-1728,2911,-1937,-155,0,0
542,1444,-2258,1681,-1415,-67,0,0
679,1620,-2390,962,-1434,18,0,0
517,1161,-1999,1093,-1337,-491,0,0
154,229,-1049,1233,-1105,-2552,0,0
-283,-628,-105,933,-1003,-549,0,0
-465,-705,373,43,-739,-1204,0,0
-114,-677,405,-637,-466,-1433,0,0
363,-731,496,-889,-555,-952,0,0
586,-849,778,261,-1141,-990,0,0
310,-1386,656,3053,-2191,-1851,0,0
72,-855,-99,5488,-1752,-3932,0,0
352,212,-180,6034,-1092,-3953,0,0
310,-346,340,4562,-2457,-2071,0,0
-392,-595,563,3432,-3297,-2456,0,0
-831,-9,351,4099,-3082,-4778,0,0
-750,366,210,5691,-3042,-4946,0,0
-857,-24,562,6594,-2721,-4511,0,0
-824,-255,1019,5315,-2106,-3913,0,0
-668,-100,1149,4497,-2260,-3116,0,0
-653,-47,909,4558,-2237,-3346,0,0
-593,376,606,4924,-1585,-3442,0,0
-468,675,276,4225,-800,-2798,0,0
-243,986,-313,2542,-181,-1992,0,0
224,1580,-968,890,591,-740,0,0
567,1578,-1007,-267,656,556,0,0
434,637,-637,-543,-392,532,0,0
259,-181,-534,-390,-1028,36,0,0
294,269,-513,-353,-1345,-244,0,0
225,605,-489,-152,-1105,-850,0,0
85,352,-432,-55,-795,-1498,0,0
-126,-118,-129,654,-1080,-1653,0,0
-402,-332,383,2987,-1967,-2264,0,0
-594,-665,482,5038,-1612,-3442,0,0
-335,-646,735,6085,-1048,-2855,0,0
109,-280,857,5188,-1477,-2206,0,0
302,-2056,993,4519,-2016,-2118,0,0
164,-358,761,4507,-1979,-2672,0,0
293,-148,390,5500,-1738,-3493,0,0
422,-407,225,5973,-2235,-3219,0,0
334,-734,164,5770,-2655,-3289,0,0
266,-570,137,5758,-2896,-3874,0,0
276,-662,34,5573,-2648,-3944,0,0
262,-843,3,5309,-2684,-3324,0,0
130,-694,8,4825,-2907,-3051,0,0
98,-483,-267,3661,-2489,-2566,0,0
103,-57,-743,2090,-2060,-1335,0,0
74,883,-1109,825,-1546,-612,0,0
150,1264,-1004,345,-848,-270,0,0
-41,786,-461,85,-839,399,0,0
-500,596,153,311,-1086,86,0,0
-820,293,643,37,-946,-603,0,0
-846,214,909,-542,-447,-575,0,0
-729,242,1052,-390,-28,-500,0,0
-625,49,1174,414,-322,-554,0,0
-464,-374,901,2041,-897,-1444,0,0
191,-253,-54,4384,-1651,-2792,0,0
820,1082,-729,6155,-2071,-3747,0,0
816,378,-380,6215,-2978,-2973,0,0
169,-896,127,4004,-3474,-2509,0,0
-250,-436,306,3020,-2630,-3183,0,0
-176,-207,69,4169,-3102,-3381,0,0
-217,-369,-190,5463,-3654,-3584,0,0
-525,-168,150,6486,-3094,-4339,0,0
-653,-811,537,5186,-2651,-3773,0,0
-500,-679,567,4078,-2729,-2740,0,0
-414,-2,314,4325,-2496,-2947,0,0
-238,371,3,4407,-1940,-2939,0,0
-17,560,-212,3929,-1598,-2257,0,0
125,665,-450,2604,-1083,-1528,0,0
336,1066,-806,1180,-403,-618,0,0
559,1446,-1146,349,347,460,0,0
490,1439,-969,204,269,529,0,0
232,593,-513,219,-315,-288,0,0
173,127,-166,-143,-788,-555,0,0
206,339,98,-162,-1192,-566,0,0
78,110,233,-240,-1126,-786,0,0
-152,-26,393,-126,-1090,-737,0,0
-481,-282,636,1684,-1477,-1454,0,0
-546,-742,478,4597,-2087,-2469,0,0
-228,39,-128,6749,-1746,-1907,0,0
-37,861,381,7018,-2371,-2507,0,0
-6,-298,888,5248,-2321,-2394,0,0
-81,-635,607,4203,-1658,-2294,0,0
80,48,280,5541,-2196,-3453,0,0
347,-170,8,6185,-3106,-3188,0,0
339,-202,-42,6588,-3760,-2836,0,0
249,-295,298,6829,-3688,-3165,0,0
134,-948,640,5901,-3321,-2728,0,0
-70,-1023,540,5280,-2675,-2360,0,0
-219,-581,117,5009,-2230,-2265,0,0
-192,-251,-530,4243,-1836,-1888,0,0
-101,89,-1216,2614,-1367,-1592,0,0
171,728,-1743,1017,-816,-1007,0,0
494,1334,-1555,587,-715,-52,0,0
365,865,-890,278,-864,440,0,0
-78,147,-428,44,-887,44,0,0
-291,119,-121,-344,-795,-243,0,0
-322,316,104,-270,-748,-376,0,0
-366,228,206,3,-442,-637,0,0
-335,-58,345,177,-237,-577,0,0
-244,-350,628,1375,-687,-784,0,0
-101,-763,596,3550,-1375,-1617,0,0
344,-125,-34,5837,-1815,-2747,0,0
783,507,-274,6987,-1347,-2856,0,0
616,-94,-47,4731,-2050,-1606,0,0
65,-380,196,2791,-2385,-1925,0,0
-80,-111,-68,3230,-2630,-2624,0,0
41,-76,-526,4982,-3105,-2732,0,0
-27,266,-534,6590,-2913,-3054,0,0
-251,-351,-2080,7146,-2660,-3202,0,0
-431,-891,410,5727,-2438,-2783,0,0
-512,-462,723,5190,-2338,-3001,0,0
-616,-675,763,5193,-2301,-3236,0,0
-571,-643,630,5020,-2009,-2845,0,0
-509,26,343,4470,-1634,-2130,0,0
-316,719,-91,3219,-794,-1586,0,0
126,1213,-627,1803,16,-844,0,0
576,1373,-1126,1108,430,5,0,0
623,1211,-1136,605,209,716,0,0
338,933,-668,384,6,191,0,0
191,258,-172,345,-378,-476,0,0
208,-155,9,37,-778,-433,0,0
201,-95,45,-36,-958,-580,0,0
149,-176,136,126,-819,-923,0,0
32,-661,352,617,-1066,-937,0,0
-182,-1103,700,2675,-1793,-1777,0,0
-381,-1151,642,4746,-2273,-2287,0,0
-416,-6,422,5778,-1598,-2928,0,0
-223,722,580,6890,-2223,-3269,0,0
-246,-669,829,6236,-2291,-2549,0,0
-243,-890,921,5107,-1451,-2598,0,0
84,-81,687,5698,-1834,-3366,0,0
358,-169,262,6482,-2830,-3576,0,0
455,-209,246,6824,-3082,-3480,0,0
309,-658,421,6028,-3264,-3588,0,0
80,-1234,397,5036,-3247,-3349,0,0
-60,-953,139,4243,-2668,-3156,0,0
-52,-318,-369,3527,-2000,-2593,0,0
24,196,-940,2190,-1286,-1819,0,0
220,765,-1035,1062,-1051,-509,0,0
244,598,-735,416,-777,75,0,0
31,-34,-462,-236,-492,302,0,0
-106,-337,-227,-238,-368,251,0,0
-75,-174,56,-266,-358,-101,0,0
54,-200,242,-134,-323,-483,0,0
179,-471,282,-178,-252,-302,0,0
207,-579,385,322,-523,-483,0,0
100,-904,545,1574,-1141,-1703,0,0
103,-1064,178,3580,-2483,-3406,0,0
279,10,-622,4884,-2445,-4876,0,0
602,806,-592,5143,-2299,-4085,0,0
383,-367,-129,4156,-3655,-2640,0,0
-239,-689,452,2669,-2884,-3429,0,0
-182,-372,501,3275,-2908,-4464,0,0
76,-224,175,3790,-3703,-3749,0,0
-119,271,144,4830,-3416,-4237,0,0
-366,128,247,5153,-2998,-5125,0,0
-423,-282,398,4040,-2918,-4278,0,0
-518,202,461,3633,-2977,-3980,0,0
-596,536,243,3907,-2663,-3736,0,0
-550,627,-86,3743,-1768,-2866,0,0
-294,854,-360,3182,-722,-2217,0,0
133,773,-750,1986,-242,-1234,0,0
460,1046,-1089,1066,67,-359,0,0
622,1169,-1023,998,436,-72,0,0
558,464,-505,730,84,61,0,0
300,-189,-28,4,-478,-123,0,0
216,-336,211,-301,-900,-570,0,0
334,-266,254,-579,-1241,-599,0,0
332,-348,309,-393,-1016,-589,0,0
166,-543,601,385,-1122,-1186,0,0
-67,-912,775,2667,-2381,-2734,0,0
-263,-872,121,4633,-2793,-3321,0,0
-285,725,-39,5136,-2000,-3021,0,0
-298,705,343,5200,-2981,-3315,0,0
-458,-548,470,4225,-2809,-3215,0,0
-366,-297,436,4660,-2455,-4013,0,0
64,57,240,5242,-2852,-4180,0,0
277,-104,122,5440,-3250,-3847,0,0
182,-62,262,5547,-3117,-4212,0,0
80,-321,436,4785,-3006,-3916,0,0
-24,-393,401,4530,-3144,-3758,0,0
-68,-173,255,4642,-3000,-4036,0,0
57,-117,-74,4093,-2496,-3318,0,0
160,197,-596,3034,-2087,-2426,0,0
133,650,-1161,1384,-1548,-1510,0,0
244,1259,-1463,125,-784,-455,0,0
280,1467,-1307,233,-575,209,0,0
-148,654,-824,707,-827,288,0,0
-555,74,-199,326,-943,139,0,0
-563,203,301,-55,-738,-307,0,0
-377,75,547,-57,-397,-513,0,0
-185,-274,629,-38,-213,-479,0,0
-53,-558,764,824,-315,-1032,0,0
100,-1120,690,2268,-648,-1825,0,0
447,-879,234,4162,-1835,-2571,0,0
701,-140,-46,5319,-1682,-3971,0,0
865,-106,-55,4973,-2268,-2878,0,0
413,-281,-21,4716,-3645,-2659,0,0
-155,-182,-61,3630,-3006,-3579,0,0
-48,72,-302,3881,-3269,-3280,0,0
-53,153,-339,4450,-3664,-3143,0,0
-322,148,87,5018,-3007,-4091,0,0
-454,-348,424,4811,-2874,-4217,0,0
-463,-328,559,4413,-3232,-3820,0,0
-527,-168,503,4608,-3360,-4086,0,0
-517,-160,303,4244,-2739,-3794,0,0
-433,314,92,3675,-1952,-2637,0,0
-365,545,-152,3314,-1081,-1969,0,0
-57,505,-454,2431,-464,-1361,0,0
416,934,-822,1718,-195,-384,0,0
607,1402,-1002,1321,134,273,0,0
487,1238,-674,768,182,48,0,0
283,201,-247,382,-188,-173,0,0
185,-343,22,-102,-714,-461,0,0
212,-203,277,-460,-1066,-495,0,0
128,-323,399,-609,-1021,-303,0,0
-59,-573,483,-256,-961,-744,0,0
-241,-615,706,800,-1473,-1480,0,0
-465,-748,828,2726,-2386,-2167,0,0
-579,-188,496,4593,-3193,-2935,0,0
-365,420,356,5560,-2432,-2938,0,0
-114,268,499,6316,-2921,-2842,0,0
-84,-75,379,5526,-2122,-3477,0,0
207,117,121,5583,-1974,-3782,0,0
513,-107,-277,5987,-2766,-3899,0,0
577,-114,-408,5822,-3155,-3499,0,0
335,-121,-365,6378,-3269,-4000,0,0
90,-636,-162,5757,-3552,-3739,0,0
-29,-834,140,5311,-3331,-3283,0,0
-113,-833,241,5307,-2831,-3702,0,0
62,-631,242,4844,-2813,-3483,0,0
158,-568,67,3183,-2442,-2716,0,0
210,-290,-463,317,-1665,-1319,0,0
451,526,-566,-1013,-1024,-60,0,0
279,487,-146,-1524,-707,746,0,0
-473,-55,22,-844,-575,616,0,0
-774,166,197,-75,-414,-121,0,0
-563,615,365,-132,-212,430,0,0
-453,512,497,50,58,567,0,0
-364,188,526,297,17,-301,0,0
-98,23,434,919,-420,-1008,0,0
156,-335,258,2267,-1087,-2162,0,0
437,-174,-44,3564,-2395,-3399,0,0
560,415,-326,4643,-2605,-4433,0,0
537,398,-592,5315,-3014,-3603,0,0
167,-81,-567,4683,-3740,-3420,0,0
-136,-19,-364,3898,-3163,-4216,0,0
-17,-120,-286,3728,-3202,-3403,0,0
-74,-280,78,3688,-3316,-2859,0,0
-353,-328,560,4230,-3227,-3534,0,0
-482,-530,731,4593,-3307,-3869,0,0
-437,-368,740,4515,-3281,-3663,0,0
-397,52,628,4484,-3124,-3992,0,0
-354,129,305,4031,-2432,-3894,0,0
-325,482,-49,3351,-1653,-3043,0,0
-257,816,-351,2971,-1018,-2443,0,0
8,701,-729,2439,-671,-1408,0,0
318,920,-1163,1811,-493,-486,0,0
548,1326,-1423,1103,225,16,0,0
645,1353,-1128,991,288,214,0,0
529,264,-471,685,56,-9,0,0
489,-495,-157,-138,-318,-153,0,0
620,-297,-2,-188,-895,-353,0,0
731,-297,-17,-306,-1017,-407,0,0
540,-391,-114,62,-1241,-427,0,0
264,-293,97,2460,-1894,-1837,0,0
-17,-448,154,4979,-3068,-2595,0,0
-302,-219,-118,6202,-2227,-2260,0,0
-343,216,219,5938,-2258,-2493,0,0
-375,-662,716,4901,-2747,-2431,0,0
-499,-887,631,4124,-2408,-2605,0,0
-363,-32,397,4492,-2249,-4112,0,0
-59,-99,30,5587,-2956,-4183,0,0
-69,-74,-217,6641,-2980,-4028,0,0
-34,35,194,6552,-2612,-3775,0,0
-9,-684,476,5368,-2978,-3166,0,0
40,-537,486,5045,-2823,-3534,0,0
271,-152,462,4959,-1920,-3480,0,0
375,-417,353,3357,-1814,-2136,0,0
60,-39,-75,1632,-2507,-1004,0,0
-284,1044,-691,340,-1669,-665,0,0
-195,1906,-953,-439,-404,-597,0,0
-185,1550,-733,-108,-452,176,0,0
-484,577,-306,270,-622,515,0,0
-702,251,82,438,-609,232,0,0
-683,305,314,224,-468,-394,0,0
-456,358,342,161,-209,-747,0,0
-229,220,364,950,-242,-790,0,0
-113,-369,514,2175,-467,-1477,0,0
144,-630,443,3831,-1121,-1920,0,0
483,-30,38,5493,-1417,-2722,0,0
799,295,-70,5361,-1320,-2517,0,0
648,-68,92,4756,-2439,-2018,0,0
87,-507,311,4319,-2895,-2669,0,0
-5,-600,301,3856,-2902,-2758,0,0
146,-376,94,4117,-3299,-2287,0,0
17,86,-77,5032,-3635,-2959,0,0
-73,89,0,6163,-3127,-3915,0,0
-90,-298,265,5664,-2953,-3216,0,0
-316,-257,444,4778,-3128,-2807,0,0
-521,-56,359,4282,-3007,-2912,0,0
-593,119,-17,4349,-2758,-2649,0,0
-574,318,-499,4584,-2071,-2208,0,0
-438,530,-778,3750,-1443,-1764,0,0
-194,781,-1037,2675,-643,-1414,0,0
193,1155,-1272,1932,378,-1000,0,0
512,1275,-1218,1229,539,-1,0,0
417,639,-609,1051,249,18,0,0
260,-297,35,171,81,-345,0,0
356,-403,351,-311,-513,-213,0,0
413,-403,470,-204,-1009,-306,0,0
382,-516,428,-496,-1039,-332,0,0
331,-423,500,-1,-932,-526,0,0
84,-752,698,1396,-1313,-1037,0,0
-159,-1180,682,3100,-1892,-1889,0,0
-233,-802,387,4578,-2967,-2337,0,0
-152,130,206,5194,-2773,-2628,0,0
-17,458,361,5541,-3101,-2484,0,0
-293,71,624,5660,-3168,-3160,0,0
-358,144,624,6137,-2666,-3944,0,0
-29,-45,420,5971,-2539,-3556,0,0
137,-152,129,6033,-2851,-2986,0,0
204,-59,68,5774,-2749,-3248,0,0
404,-127,21,5444,-3203,-3037,0,0
442,-143,-35,5551,-3534,-2848,0,0
324,-73,14,5304,-2794,-2775,0,0
249,-107,-266,4599,-2231,-2096,0,0
89,109,-750,3155,-2085,-1699,0,0
-23,450,-1311,1155,-1451,-1044,0,0
44,1149,-1488,-211,-794,-358,0,0
14,1181,-921,-633,-712,-384,0,0
-356,59,-509,-856,-830,-101,0,0
-461,-253,-273,-498,-947,117,0,0
-303,398,104,91,-1084,96,0,0
-247,521,447,382,-537,-248,0,0
-220,133,851,673,-198,-334,0,0
-184,-389,1032,2059,-539,-400,0,0
32,-787,675,4014,-1091,-1294,0,0
342,-440,216,5238,-1871,-2023,0,0
345,-148,71,5434,-1486,-2621,0,0
220,-201,-6,4691,-1901,-2238,0,0
5,-350,-88,4724,-2668,-2406,0,0
-30,-490,-326,4277,-2778,-2319,0,0
183,112,-618,4504,-3027,-2269,0,0
155,323,-470,5129,-2929,-2940,0,0
14,-267,-91,5217,-2706,-2707,0,0
-117,-414,267,5144,-3073,-2446,0,0
-282,-271,465,5132,-3245,-3251,0,0
-341,-302,457,5185,-3236,-3524,0,0
-400,-117,304,5194,-2764,-2995,0,0
-501,176,177,5214,-2073,-2431,0,0
-493,222,-29,4098,-1391,-1778,0,0
-171,603,-217,3055,-831,-1286,0,0
210,686,-352,2224,-434,-525,0,0
385,774,-612,1279,-59,181,0,0
387,1021,-858,460,440,234,0,0
341,658,-751,270,486,21,0,0
258,83,-438,273,-201,-82,0,0
164,-205,-155,-47,-844,-327,0,0
177,-171,111,-114,-1078,-529,0,0
179,-187,275,-78,-1192,-462,0,0
68,-266,536,741,-1432,-657,0,0
-158,-520,916,2756,-2120,-1734,0,0
-281,-976,928,4711,-2544,-1776,0,0
-333,-577,507,6147,-2105,-1756,0,0
-245,153,559,5640,-1992,-2120,0,0
-182,-36,476,5324,-2181,-2366,0,0
-191,60,44,5883,-2111,-3432,0,0
75,183,-180,6084,-2125,-3746,0,0
246,-266,-378,6385,-2599,-3366,0,0
231,-215,-308,6158,-3074,-3653,0,0
199,-415,-133,5574,-3124,-3418,0,0
97,-615,-15,5285,-3250,-2852,0,0
-2,-477,277,5253,-3029,-2935,0,0
42,-271,365,4635,-2486,-2492,0,0
59,-102,236,3705,-2104,-2057,0,0
-5,-49,-67,2263,-1358,-1577,0,0
23,164,-312,1464,-737,-901,0,0
119,278,-347,771,-423,-71,0,0
63,429,-296,476,-528,623,0,0
-124,288,53,565,-678,330,0,0
-272,-139,331,-85,-761,124,0,0
-293,-92,446,-360,-715,-13,0,0
-280,18,501,-178,-463,-386,0,0
-297,-175,527,67,-319,-509,0,0
-374,-419,682,725,-486,-842,0,0
-306,-663,725,1860,-1032,-1577,0,0
12,-301,228,3678,-2225,-2490,0,0
293,701,-375,4868,-2192,-3417,0,0
463,1393,-242,5711,-2857,-2930,0,0
144,108,70,5136,-3478,-3347,0,0
114,-272,116,4081,-2894,-3457,0,0
377,99,46,4805,-3523,-2533,0,0
265,-187,74,5058,-3722,-2929,0,0
161,-396,224,5321,-3287,-3290,0,0
-11,-670,96,5277,-3447,-2972,0,0
-186,-189,-53,4720,-3513,-3136,0,0
-356,71,-266,4262,-3395,-2743,0,0
-586,86,-756,3417,-2375,-4088,0,0
-507,522,-1232,4162,-1272,-1815,0,0
-207,912,-1378,4775,-1518,-1909,0,0
-33,1055,-1057,3626,-1302,-1441,0,0
-34,1085,-774,2162,-311,-914,0,0
11,1058,-703,1262,341,-725,0,0
149,584,-405,633,620,-304,0,0
210,-207,90,1,355,61,0,0
242,-699,274,-221,-295,-29,0,0
389,-637,257,-249,-792,-69,0,0
481,-559,287,-339,-822,107,0,0
385,-593,433,76,-1024,-391,0,0
136,-569,658,1402,-1827,-1246,0,0
-194,-791,753,3601,-2543,-2161,0,0
-473,-552,520,5316,-2973,-2866,0,0
-430,142,133,6149,-2304,-2987,0,0
-364,286,334,5630,-2322,-2846,0,0
-452,275,521,4751,-2390,-3381,0,0
-317,398,440,5520,-2840,-3767,0,0
41,278,280,6538,-3575,-2993,0,0
43,591,473,7385,-3558,-3003,0,0
-181,-1,827,6503,-2621,-3611,0,0
-79,-610,823,5255,-2276,-3087,0,0
67,-500,541,5344,-2247,-2664,0,0
212,-282,-139,4875,-1959,-2163,0,0
389,-33,-792,3488,-1581,-1758,0,0
414,51,-1358,1631,-1348,-859,0,0
392,611,-1656,295,-1392,272,0,0
346,1069,-1552,-68,-1210,149,0,0
175,939,-1164,438,-819,182,0,0
-168,314,-478,772,-793,229,0,0
-452,2,81,36,-706,84,0,0
-487,-46,339,-226,-386,-612,0,0
-280,-257,386,-240,-79,-579,0,0
-40,-202,448,440,-77,-381,0,0
162,-437,369,1763,-528,-1109,0,0
501,-337,-186,4211,-1519,-1676,0,0
774,313,-482,5857,-793,-2226,0,0
786,202,16,5602,-1075,-1729,0,0
281,-198,315,4957,-2257,-1960,0,0
-122,-191,326,5285,-2503,-2609,0,0
-86,-422,152,5263,-2687,-2019,0,0
-48,21,112,5397,-3326,-2047,0,0
-147,131,122,6312,-3188,-3186,0,0
-54,-309,66,6855,-2871,-3455,0,0
97,-301,280,6580,-3151,-2872,0,0
-100,-489,523,5546,-3125,-2617,0,0
-382,-536,583,4900,-2830,-2756,0,0
-470,-288,493,4337,-2501,-2518,0,0
-498,-1,153,3694,-2172,-1534,0,0
-546,174,-312,3027,-1251,-1408,0,0
-168,612,-478,2265,-289,-682,0,0
160,934,-442,942,210,698,0,0
200,986,-432,99,637,407,0,0
234,447,-397,98,398,-166,0,0
180,-118,-323,-239,-94,146,0,0
96,21,-162,-168,-598,-323,0,0
24,-61,-140,-408,-915,-521,0,0
-66,-149,-124,-421,-1054,-471,0,0
-189,-221,173,341,-1359,-905,0,0
-410,-483,526,1913,-1932,-1779,0,0
-510,-451,545,4719,-2387,-2576,0,0
-460,-58,430,6045,-1941,-2755,0,0
-257,299,520,6555,-2064,-2755,0,0
-183,-147,822,5464,-2306,-2557,0,0
-194,-343,709,5268,-2214,-2918,0,0
-58,-403,216,6452,-2286,-3745,0,0
335,-202,-251,7111,-2346,-3436,0,0
578,159,-272,7367,-2501,-3223,0,0
530,-359,-71,5641,-2715,-2923,0,0
436,-421,-57,4699,-2674,-2597,0,0
371,-91,-242,5161,-2351,-2380,0,0
376,-71,-403,5068,-2114,-1849,0,0
376,159,-546,4144,-1969,-1389,0,0
340,360,-838,2182,-1524,-791,0,0
300,689,-1103,355,-1224,-70,0,0
175,960,-1103,-389,-781,6,0,0
-139,910,-891,-136,-676,63,0,0
-485,637,-446,632,-772,-217,0,0
-673,228,17,585,-716,-235,0,0
-604,158,285,445,-471,-362,0,0
-434,-131,508,205,-252,-337,0,0
-297,-376,749,546,-138,-362,0,0
-134,-662,672,2019,-316,-737,0,0
222,-576,69,4277,-852,-950,0,0
560,36,-224,5708,-540,-1679,0,0
503,-70,69,5965,-1432,-1974,0,0
-13,-772,261,5676,-1799,-2992,0,0
-13,-991,484,5247,-2328,-3483,0,0
200,-878,453,5167,-3468,-2640,0,0
120,-171,324,5263,-3453,-2977,0,0
31,20,381,6067,-2937,-4394,0,0
4,-901,450,6402,-3094,-4208,0,0
-83,-1074,760,5471,-3089,-3322,0,0
-355,-849,862,4950,-3157,-3401,0,0
-613,-805,487,4125,-2643,-3271,0,0
-703,-554,-158,3193,-1624,-2478,0,0
-601,343,-665,2559,-1115,-2358,0,0
-239,586,-803,2102,-666,-1000,0,0
109,470,-599,1018,-504,49,0,0
423,608,-164,680,-100,-360,0,0
462,-587,89,102,255,-294,0,0
536,-859,222,-467,-115,-59,0,0
577,-360,326,-517,-473,-400,0,0
426,-391,246,-897,-403,-316,0,0
249,-553,249,-682,-581,-501,0,0
-63,-700,282,-181,-902,-684,0,0
-382,-653,250,1118,-1659,-2073,0,0
-492,-216,151,3403,-2843,-4063,0,0
-418,-121,-246,4971,-2442,-4171,0,0
-229,-144,-200,5515,-3186,-4284,0,0
-278,-398,69,4459,-3053,-3893,0,0
-534,-315,52,4386,-2715,-4777,0,0
-426,-62,-442,4691,-2956,-6123,0,0
55,770,-1025,6129,-2943,-6365,0,0
-28,680,-269,6281,-2252,-6397,0,0
-147,-964,221,4414,-2321,-5107,0,0
158,-854,366,3677,-2538,-3969,0,0
528,-632,483,3456,-2485,-3910,0,0
778,-775,374,2750,-2090,-3593,0,0
857,-277,134,1675,-1413,-2650,0,0
686,457,-227,287,-946,-658,0,0
279,1220,-563,-507,-713,221,0,0
-104,1658,-680,-300,-421,53,0,0
-314,1303,-424,767,-449,-39,0,0
-455,712,20,763,-679,206,0,0
-384,697,442,207,-824,-196,0,0
-53,478,673,-300,-543,-685,0,0
267,168,764,-756,-336,-268,0,0
358,119,857,-56,-318,-945,0,0
359,-231,652,1077,-748,-1877,0,0
590,204,-30,3861,-2024,-2521,0,0
762,802,-495,5673,-1931,-2838,0,0
674,472,-361,5999,-2838,-2437,0,0
330,-187,-327,5272,-3379,-2987,0,0
211,-159,-358,5125,-4111,-3047,0,0
138,72,-487,6147,-5041,-3925,0,0
51,-1,-471,7081,-4542,-4243,0,0
-140,-653,-46,7043,-3755,-4213,0,0
-387,-1031,604,4578,-3514,-3243,0,0
-626,-774,867,3266,-3091,-2770,0,0
-720,-577,619,2980,-2800,-2871,0,0
-621,-71,227,3670,-2500,-2666,0,0
-491,334,-160,3688,-1830,-2051,0,0
-305,668,-446,2639,-1076,-1705,0,0
25,1074,-879,1203,-278,-876,0,0
243,1665,-1162,550,271,-181,0,0
106,1029,-1077,922,484,-582,0,0
-74,241,-786,585,42,-419,0,0
-162,-12,-325,136,-643,-307,0,0
-190,-220,-9,-228,-1223,-737,0,0
-86,-217,124,-704,-1282,-891,0,0
-21,-426,379,-513,-1135,-764,0,0
-183,-717,744,485,-1564,-1015,0,0
-358,-836,944,2091,-1996,-2416,0,0
-266,-648,857,4325,-2470,-2665,0,0
-310,-333,619,5883,-2500,-2962,0,0
-141,108,313,6315,-2588,-3400,0,0
57,151,298,6153,-2233,-4183,0,0
222,-104,213,5622,-2375,-4201,0,0
253,-230,89,5157,-2897,-4028,0,0
279,-100,-170,5342,-3200,-4180,0,0
271,123,-126,5739,-3321,-4384,0,0
203,-328,159,5205,-3106,-4200,0,0
196,-706,397,4490,-2992,-3877,0,0
258,-793,343,4594,-2853,-3399,0,0
274,-679,-24,3995,-2385,-2431,0,0
227,-130,-360,2415,-1565,-2171,0,0
212,8,-806,444,-1003,-1078,0,0
134,394,-1114,-793,-992,464,0,0
40,968,-992,-458,-876,49,0,0
-125,599,-678,274,-904,30,0,0
-260,385,-195,528,-941,5,0,0
-308,325,302,-145,-571,45,0,0
-244,194,497,-509,-241,-190,0,0
-89,122,588,-274,-268,-381,0,0
53,-76,618,532,-417,-894,0,0
188,-192,338,2230,-1233,-1809,0,0
362,284,-105,4800,-1875,-2892,0,0
389,270,-174,5346,-1770,-2862,0,0
298,228,-52,4837,-2489,-2794,0,0
68,349,17,4674,-3172,-3190,0,0
-117,-97,-20,4640,-3142,-3018,0,0
-119,-120,0,4667,-3815,-3093,0,0
13,124,-101,5201,-3818,-3914,0,0
68,-228,-336,6365,-3331,-4127,0,0
1,-58,-204,6190,-2923,-4009,0,0
-181,-284,181,5116,-2880,-3802,0,0
-300,-613,305,4320,-3421,-3416,0,0
-369,-437,510,4282,-3788,-3079,0,0
-578,-555,717,3563,-3081,-2300,0,0
-559,-164,521,2573,-1724,-1816,0,0
-199,631,4,2107,-682,-1147,0,0
219,1001,-571,2073,-19,-874,0,0
505,972,-837,1507,251,-462,0,0
453,719,-683,548,292,-75,0,0
281,318,-399,318,175,-339,0,0
203,-192,-163,45,-196,-178,0,0
143,-500,41,-390,-720,-115,0,0
192,-474,151,-763,-930,-266,0,0
251,-419,196,-545,-1076,-400,0,0
121,-523,206,382,-1284,-727,0,0
-166,-414,324,2040,-1879,-1481,0,0
-488,-120,343,3907,-2528,-2605,0,0
-639,74,-6,5109,-2586,-2660,0,0
-574,498,-318,6025,-2448,-2973,0,0
-485,313,-340,6585,-2414,-3911,0,0
-289,145,-363,6181,-2036,-4506,0,0
94,435,-314,6148,-2502,-4769,0,0
140,-35,-113,5781,-3352,-4302,0,0
-15,-81,202,5574,-3224,-4165,0,0
-94,-205,579,5728,-2756,-4053,0,0
-14,-723,746,5391,-2248,-3565,0,0
213,-714,764,5004,-2177,-3427,0,0
378,-694,563,4307,-2100,-3166,0,0
419,-679,172,3153,-1596,-2071,0,0
319,-286,-171,1817,-1155,-1031,0,0
169,109,-450,160,-982,0,0,0
98,600,-756,-764,-1058,175,0,0
106,855,-966,-255,-871,38,0,0
11,734,-580,500,-656,399,0,0
-244,312,-17,678,-792,84,0,0
-339,152,424,377,-570,-266,0,0
-286,-28,652,176,-266,-404,0,0
-179,-293,714,343,-152,-543,0,0
-40,-429,676,1030,-510,-989,0,0
99,-315,349,1795,-1381,-1945,0,0
212,367,-19,2784,-2066,-2814,0,0
150,881,-306,4691,-2523,-3814,0,0
16,1020,-423,5978,-3091,-3681,0,0
-231,634,-29,6161,-3623,-3840,0,0
-235,163,94,5955,-3878,-3185,0,0
-46,501,118,6806,-4142,-3232,0,0
-17,331,345,7232,-3686,-4025,0,0
-126,-388,671,6301,-2779,-3518,0,0
-316,-699,732,4806,-2530,-3068,0,0
-325,-391,220,3757,-2360,-2572,0,0
-209,97,-569,3094,-1998,-1921,0,0
-60,343,-1127,2235,-1094,-1065,0,0
181,603,-1432,1392,-188,-470,0,0
423,1033,-1598,987,-234,63,0,0
510,1495,-1393,794,-266,199,0,0
403,1013,-883,752,117,-90,0,0
216,169,-385,924,-194,-596,0,0
59,-292,-20,194,-772,-273,0,0
-71,-449,246,-167,-984,-221,0,0
-67,-748,390,235,-1022,-686,0,0
-89,-1132,465,1280,-1314,-707,0,0
-292,-1071,400,3587,-1675,-1247,0,0
-444,-430,180,5689,-1975,-2282,0,0
-205,85,52,6355,-2174,-2456,0,0
-216,-254,453,5187,-2561,-2267,0,0
-385,46,623,5019,-2153,-3396,0,0
-225,-74,434,5357,-1972,-3573,0,0
-36,0,270,6344,-2585,-3555,0,0
-42,-149,417,7112,-2886,-4273,0,0
4,-892,506,5987,-2875,-3598,0,0
56,-550,661,5184,-2889,-3514,0,0
82,-592,633,5172,-2504,-3728,0,0
275,-851,449,4805,-2139,-3228,0,0
363,-784,235,3914,-2229,-3038,0,0
342,-541,-271,2383,-1726,-1885,0,0
337,131,-720,1336,-902,-433,0,0
379,716,-822,76,-768,533,0,0
272,851,-663,-504,-1046,803,0,0
-25,681,-359,93,-991,432,0,0
-257,473,-23,149,-919,250,0,0
-350,573,157,-96,-492,172,0,0
-378,502,241,88,-109,-332,0,0
-238,266,385,146,20,-583,0,0
-95,-47,470,1242,-341,-1022,0,0
65,-154,354,2858,-770,-1953,0,0
256,-132,124,4738,-1863,-2542,0,0
399,159,-43,5114,-1852,-3005,0,0
410,-20,2,4700,-2822,-2832,0,0
148,-105,56,4569,-4189,-3593,0,0
0,-143,75,4917,-3845,-3586,0,0
29,-118,-130,5546,-3428,-3173,0,0
-20,94,-193,6213,-3482,-3767,0,0
-77,-219,-261,6536,-2961,-3864,0,0
-161,-410,-77,5745,-2904,-3341,0,0
-290,-340,206,4910,-3224,-3323,0,0
-264,-413,157,4642,-3138,-3021,0,0
-211,-334,164,4009,-2686,-2204,0,0
-242,88,251,2178,-1649,-1300,0,0
-114,787,-48,747,-552,-508,0,0
169,1116,-558,-12,154,380,0,0
382,1131,-914,443,407,739,0,0
278,756,-881,716,110,268,0,0
163,631,-635,13,-75,-215,0,0
183,444,-433,129,-398,-720,0,0
110,-31,-439,304,-708,-787,0,0
-14,-184,-279,251,-867,-663,0,0
-130,-241,93,390,-1150,-1032,0,0
-279,-346,424,1801,-1932,-1862,0,0
-424,-650,670,4393,-2475,-2007,0,0
-682,-213,787,6595,-3119,-1785,0,0
-737,631,920,6623,-2609,-2140,0,0
-623,119,905,7159,-2206,-2551,0,0
-404,-352,357,6940,-1120,-2597,0,0
5,-127,-14,5639,-1669,-3470,0,0
393,-380,-494,5819,-2670,-4132,0,0
484,-503,-787,6403,-2982,-3919,0,0
422,-254,-353,7154,-3023,-3949,0,0
113,-1173,429,5744,-3014,-2463,0,0
-162,-1279,695,4137,-2026,-2375,0,0
56,-469,587,3733,-1867,-2669,0,0
240,-426,216,3744,-2103,-2209,0,0
201,-238,-257,2661,-1508,-1486,0,0
123,655,-506,1022,-799,-662,0,0
24,988,-598,-20,-352,-389,0,0
-64,805,-545,-299,-621,-99,0,0
-188,418,-386,423,-839,-2136,0,0
-275,6,-63,921,-824,1,0,0
-267,-110,345,978,-730,-461,0,0
-162,-332,609,1614,-808,-1650,0,0
101,-855,350,3719,-1750,-2826,0,0
481,-931,-398,5238,-2002,-3257,0,0
755,-100,-1042,5744,-1919,-3454,0,0
958,482,-1296,4749,-1511,-2937,0,0
989,136,-967,2792,-1447,-1625,0,0
751,-302,-665,2173,-1282,-1051,0,0
595,-470,-555,2365,-961,-1452,0,0
768,-356,-482,2595,-884,-1848,0,0
1032,-309,-425,2814,-1219,-2110,0,0
1221,-493,-455,3111,-1590,-2102,0,0
1334,-382,-531,3044,-1618,-2070,0,0
1331,-66,-491,3051,-1587,-2107,0,0
1137,-29,-359,2908,-1754,-2217,0,0
807,-58,-288,2682,-1971,-2485,0,0
460,53,-206,2511,-2170,-2491,0,0
112,52,22,2500,-2264,-2334,0,0
-256,-3,291,2600,-2142,-2300,0,0
-545,116,499,2809,-1907,-2400,0,0
-709,288,659,3246,-1920,-2371,0,0
-836,293,743,3393,-2119,-2221,0,0
-957,490,640,3305,-2110,-2088,0,0
-1081,806,517,3310,-1943,-1780,0,0
-1289,814,609,3172,-1817,-1595,0,0
-1456,560,676,2931,-1628,-1462,0,0
-1487,369,654,2995,-1645,-1330,0,0
-1384,349,552,3475,-1881,-1375,0,0
-1135,370,387,3940,-2092,-1306,0,0
-849,367,340,4109,-1984,-1138,0,0
-671,236,408,3656,-1660,-1134,0,0
-545,123,405,3104,-1351,-1383,0,0
-332,198,268,3071,-1270,-1574,0,0
-105,209,105,3364,-1385,-1628,0,0
56,89,-18,3537,-1547,-1757,0,0
209,6,-104,3509,-1681,-1754,0,0
327,-99,-159,3518,-1790,-1619,0,0
392,-251,-191,3400,-1799,-1527,0,0
451,-366,-188,3391,-1855,-1566,0,0
529,-515,-196,3323,-1923,-1592,0,0
620,-521,-229,3317,-1975,-1638,0,0
666,-468,-249,3388,-1969,-1873,0,0
629,-611,-175,3111,-1841,-2024,0,0
489,-751,-34,2958,-1725,-2134,0,0
230,-830,64,2598,-1627,-2207,0,0
-15,-711,124,2596,-1701,-2166,0,0
-119,-454,166,2868,-1839,-2301,0,0
-158,-418,144,2964,-1720,-2396,0,0
-120,-574,161,2950,-1567,-2559,0,0
-55,-535,195,2607,-1496,-2526,0,0
-26,-348,157,2488,-1545,-2533,0,0
-42,-252,106,2530,-1712,-2496,0,0
-88,-228,95,2548,-1832,-2541,0,0
-72,-92,97,2470,-1826,-2648,0,0
-21,-18,84,2446,-1808,-2624,0,0
-25,-52,52,2458,-1835,-2620,0,0
-21,-7,36,2474,-1802,-2797,0,0
-2,-56,21,2600,-1858,-2793,0,0
-11,-140,36,2548,-1798,-2665,0,0
-18,-145,36,2465,-1756,-2671,0,0
4,-135,-3,2378,-1811,-2661,0,0
21,-59,-33,2373,-1852,-2665,0,0
12,-23,-34,2475,-1883,-2751,0,0
3,-79,-16,2422,-1892,-2712,0,0
5,-74,6,2372,-1885,-2721,0,0
17,-48,-2,2347,-1846,-2721,0,0
38,-40,5,2436,-1897,-2703,0,0
44,-37,12,2409,-1907,-2757,0,0
51,-31,15,2437,-1921,-2722,0,0
43,-57,10,2381,-1925,-2655,0,0
34,-4,3,2367,-1903,-2724,0,0
31,16,-18,2409,-1925,-2744,0,0
22,1,-17,2444,-1928,-2735,0,0
3,-5,-1,2407,-1915,-2726,0,0
-21,-7,-4,2381,-1899,-2752,0,0
-22,-20,-23,2379,-1860,-2727,0,0
-12,-2,-39,2425,-1889,-2712,0,0
-10,33,-56,2449,-1870,-2747,0,0
-19,54,-60,2488,-1857,-2724,0,0
-47,31,-56,2387,-1808,-2634,0,0
-57,86,-58,2366,-1823,-2651,0,0
-38,173,-88,2497,-1876,-2719,0,0
-14,196,-105,2575,-1918,-2721,0,0
-25,129,-84,2626,-1976,-2691,0,0
-60,30,-34,2554,-1921,-2636,0,0
-76,16,14,2513,-1840,-2692,0,0
-50,1,16,2554,-1843,-2718,0,0
-19,-41,-12,2551,-1838,-2611,0,0
-4,2,-43,2509,-1757,-2619,0,0
-2,54,-72,2561,-1745,-2645,0,0
-24,20,-69,2560,-1811,-2612,0,0
-40,12,-46,2544,-1809,-2645,0,0
-35,15,-41,2571,-1795,-2646,0,0
-24,19,-50,2568,-1782,-2641,0,0
-17,28,-41,2602,-1783,-2674,0,0
-14,-6,-9,2581,-1776,-2655,0,0
-12,-37,17,2535,-1766,-2619,0,0
-8,-8,-4,2558,-1743,-2647,0,0
-14,24,-23,2604,-1720,-2650,0,0
-40,27,-14,2577,-1725,-2664,0,0
-61,20,4,2558,-1732,-2661,0,0
-58,5,8,2590,-1727,-2648,0,0
-42,3,-12,2596,-1724,-2614,0,0
-16,32,-20,2642,-1716,-2649,0,0
-4,-22,1,2583,-1710,-2631,0,0
-3,-55,6,2552,-1682,-2626,0,0
20,-39,-17,2608,-1658,-2604,0,0
43,-2,-39,2628,-1643,-2605,0,0
48,-14,-40,2618,-1634,-2595,0,0
52,-48,-8,2492,-1658,-2459,0,0
65,17,-3,2486,-1721,-2544,0,0
77,88,-53,2643,-1803,-2668,0,0
65,87,-48,2729,-1787,-2656,0,0
21,46,22,2616,-1758,-2665,0,0
-15,9,45,2491,-1750,-2682,0,0
-26,3,37,2564,-1745,-2681,0,0
-38,-2,25,2653,-1709,-2697,0,0
-28,-16,23,2691,-1677,-2709,0,0
-11,-59,27,2574,-1673,-2659,0,0
6,-41,9,2533,-1638,-2691,0,0
24,-34,-18,2516,-1618,-2611,0,0
20,21,-37,2594,-1634,-2676,0,0
-4,28,-46,2666,-1613,-2742,0,0
-30,-34,-33,2628,-1611,-2698,0,0
-31,-44,-31,2622,-1569,-2718,0,0
-8,-72,-50,2664,-1584,-2653,0,0
14,-80,-76,2626,-1583,-2633,0,0
46,-47,-110,2651,-1580,-2697,0,0
74,-70,-128,2675,-1635,-2645,0,0
92,-93,-128,2596,-1641,-2618,0,0
123,-69,-125,2610,-1671,-2613,0,0
141,-54,-114,2629,-1714,-2659,0,0
144,-67,-85,2601,-1688,-2653,0,0
138,-64,-53,2567,-1714,-2653,0,0
130,-60,-20,2547,-1726,-2614,0,0
110,-50,-14,2508,-1726,-2581,0,0
86,27,-21,2529,-1700,-2644,0,0
54,56,-36,2577,-1713,-2676,0,0
13,52,-24,2642,-1748,-2702,0,0
-15,20,0,2616,-1737,-2684,0,0
-19,22,5,2609,-1767,-2635,0,0
-14,37,12,2615,-1753,-2670,0,0
0,2,28,2624,-1743,-2640,0,0
21,-13,37,2603,-1756,-2558,0,0
41,11,40,2630,-1755,-2556,0,0
42,12,21,2630,-1716,-2575,0,0
29,22,7,2613,-1681,-2622,0,0
2,27,-15,2567,-1673,-2653,0,0
-23,45,-39,2639,-1694,-2712,0,0
-38,14,-39,2706,-1710,-2711,0,0
-60,-32,-18,2652,-1709,-2669,0,0
-58,-39,-18,2587,-1669,-2687,0,0
-30,-24,-30,2633,-1721,-2674,0,0
-13,-55,-24,2652,-1741,-2621,0,0
-5,-68,-3,2592,-1715,-2548,0,0
-7,-18,1,2538,-1676,-2598,0,0
-9,39,-21,2616,-1648,-2673,0,0
-21,23,-30,2663,-1656,-2663,0,0
-19,10,-22,2639,-1639,-2664,0,0
-5,-11,-19,2614,-1607,-2640,0,0
-2,-23,-34,2614,-1583,-2663,0,0
8,2,-63,2629,-1561,-2684,0,0
9,-6,-76,2668,-1582,-2735,0,0
-1,-61,-55,2637,-1615,-2651,0,0
-7,-67,-33,2557,-1626,-2587,0,0
-8,-2,-31,2562,-1592,-2681,0,0
9,23,-29,2626,-1612,-2703,0,0
11,-15,1,2587,-1641,-2584,0,0
5,-7,31,2541,-1613,-2591,0,0
20,40,37,2616,-1605,-2639,0,0
26,44,42,2659,-1614,-2634,0,0
21,68,45,2668,-1593,-2661,0,0
8,55,62,2719,-1610,-2732,0,0
4,-22,92,2642,-1597,-2672,0,0
10,-32,100,2597,-1604,-2589,0,0
9,33,84,2613,-1588,-2638,0,0
-5,67,65,2669,-1625,-2652,0,0
-36,61,79,2683,-1691,-2622,0,0
-64,68,118,2627,-1703,-2621,0,0
-67,82,142,2597,-1744,-2587,0,0
-63,68,146,2606,-1807,-2539,0,0
-57,60,150,2578,-1812,-2549,0,0
-39,67,137,2625,-1854,-2563,0,0
-25,59,144,2667,-1846,-2522,0,0
-17,59,150,2656,-1821,-2491,0,0
-21,77,127,2693,-1774,-2525,0,0
-18,73,97,2672,-1760,-2532,0,0
-9,48,82,2650,-1808,-2499,0,0
12,23,68,2641,-1852,-2504,0,0
45,15,53,2626,-1893,-2438,0,0
64,41,37,2588,-1898,-2425,0,0
65,89,34,2633,-1952,-2473,0,0
39,84,38,2695,-1981,-2562,0,0
13,31,63,2696,-1942,-2522,0,0
-12,-8,83,2626,-1948,-2462,0,0
-10,4,65,2581,-1926,-2461,0,0
22,28,27,2655,-1914,-2469,0,0
43,11,22,2722,-1947,-2452,0,0
44,-17,42,2661,-1962,-2416,0,0
31,6,41,2632,-1974,-2405,0,0
12,43,22,2623,-1947,-2438,0,0
2,48,16,2658,-1958,-2441,0,0
5,24,25,2694,-1964,-2445,0,0
25,2,48,2669,-1967,-2401,0,0
35,12,55,2627,-1977,-2413,0,0
26,18,39,2645,-1968,-2434,0,0
8,26,30,2670,-1978,-2434,0,0
-19,16,39,2685,-2000,-2450,0,0
-30,-4,47,2678,-1986,-2427,0,0
-25,11,48,2713,-1998,-2424,0,0
-22,-2,44,2679,-1970,-2440,0,0
-21,-19,48,2637,-1989,-2416,0,0
-13,-22,54,2595,-2003,-2425,0,0
-1,-13,46,2603,-2017,-2383,0,0
-7,23,23,2652,-2032,-2437,0,0
-25,47,5,2632,-1991,-2500,0,0
-36,50,1,2633,-1990,-2509,0,0
-54,5,9,2609,-2026,-2462,0,0
-56,-16,9,2563,-1989,-2441,0,0
-34,-2,-7,2610,-2000,-2416,0,0
-14,18,-26,2623,-1956,-2442,0,0
-1,48,-32,2698,-1990,-2465,0,0
-16,6,-14,2642,-1986,-2412,0,0
-29,2,-2,2586,-1988,-2382,0,0
-42,32,-16,2610,-1953,-2454,0,0
-50,37,-26,2662,-1945,-2499,0,0
-51,-15,-12,2653,-1965,-2471,0,0
-42,-68,16,2602,-1939,-2419,0,0
-9,-65,12,2598,-1918,-2386,0,0
19,-25,-11,2685,-1949,-2374,0,0
20,-1,-28,2675,-1914,-2388,0,0
3,31,-38,2698,-1913,-2459,0,0
-20,14,-33,2697,-1933,-2450,0,0
-31,-22,-8,2649,-1961,-2429,0,0
-17,-16,0,2598,-1948,-2461,0,0
19,-13,-9,2686,-1960,-2506,0,0
36,-65,8,2678,-1991,-2465,0,0
19,-97,40,2656,-2023,-2519,0,0
-24,-112,62,2666,-2079,-2594,0,0
-83,-184,97,2659,-2091,-2546,0,0
-129,-240,153,2516,-1952,-2456,0,0
-119,-210,147,2485,-1832,-2511,0,0
-30,-156,88,2556,-1769,-2484,0,0
90,-86,33,2533,-1797,-2335,0,0
178,24,-17,2442,-1847,-2429,0,0
235,122,-90,2503,-1920,-2608,0,0
215,89,-128,2566,-1999,-2641,0,0
143,-11,-94,2553,-2006,-2625,0,0
102,-45,-76,2594,-2051,-2603,0,0
79,-78,-59,2632,-2104,-2509,0,0
63,-89,-30,2523,-2078,-2427,0,0
57,-65,-2,2491,-2080,-2458,0,0
72,-45,13,2512,-2063,-2527,0,0
73,-29,17,2525,-2096,-2478,0,0
45,3,20,2440,-2013,-2524,0,0
35,31,-12,2532,-1978,-2528,0,0
11,24,-21,2561,-2045,-2464,0,0
-7,52,1,2522,-2007,-2567,0,0
12,28,4,2476,-1982,-2512,0,0
31,47,16,2502,-2104,-2495,0,0
28,54,14,2569,-2163,-2533,0,0
3,64,-4,2573,-2187,-2495,0,0
-43,59,34,2590,-2139,-2545,0,0
-87,-18,87,2526,-2103,-2471,0,0
-104,-9,83,2496,-2072,-2410,0,0
-83,53,34,2541,-2041,-2449,0,0
-63,63,12,2558,-2041,-2483,0,0
-55,44,12,2531,-2056,-2491,0,0
-38,34,10,2534,-2064,-2447,0,0
-44,22,5,2546,-2107,-2440,0,0
-57,13,2,2570,-2066,-2481,0,0
-49,3,-4,2628,-2058,-2440,0,0
-24,-2,0,2636,-2076,-2426,0,0
6,-10,10,2600,-2070,-2432,0,0
24,-4,15,2540,-2062,-2449,0,0
22,14,14,2542,-2070,-2531,0,0
4,-6,15,2545,-2064,-2518,0,0
-33,-27,36,2544,-2044,-2508,0,0
-67,-34,42,2544,-2040,-2467,0,0
-93,-16,35,2572,-2062,-2453,0,0
-111,4,19,2557,-2008,-2488,0,0
-109,23,4,2593,-1987,-2511,0,0
-93,13,1,2627,-1989,-2532,0,0
-75,-20,16,2618,-1973,-2513,0,0
-63,-34,18,2594,-1949,-2522,0,0
-53,-47,17,2557,-1924,-2530,0,0
-45,-47,-4,2534,-1902,-2560,0,0
-33,-41,-23,2601,-1916,-2559,0,0
-23,-53,-18,2583,-1929,-2547,0,0
-18,-43,-9,2523,-1957,-2511,0,0
-16,-21,-24,2508,-1925,-2574,0,0
-13,-13,-36,2569,-1928,-2635,0,0
-9,-50,-26,2568,-1933,-2611,0,0
8,-76,-5,2537,-1929,-2538,0,0
25,-61,-7,2491,-1907,-2539,0,0
36,-26,-30,2538,-1884,-2581,0,0
38,-29,-49,2530,-1909,-2562,0,0
39,-11,-45,2509,-1926,-2576,0,0
40,-20,-38,2504,-1939,-2584,0,0
41,-19,-27,2510,-1974,-2555,0,0
39,-9,-21,2493,-1944,-2614,0,0
44,-10,-12,2550,-1955,-2612,0,0
38,-55,14,2526,-1953,-2559,0,0
39,-66,42,2483,-1935,-2519,0,0
45,-40,34,2472,-1915,-2521,0,0
49,9,6,2505,-1901,-2569,0,0
42,44,-3,2552,-1926,-2581,0,0
24,33,13,2520,-1939,-2594,0,0
13,33,24,2487,-1939,-2667,0,0
9,14,28,2523,-1966,-2664,0,0
-5,-21,37,2510,-1981,-2663,0,0
-6,-31,47,2527,-1976,-2625,0,0
-12,-59,61,2510,-1985,-2563,0,0
-3,-69,81,2479,-1993,-2479,0,0
22,-38,70,2457,-1998,-2457,0,0
45,30,41,2487,-1974,-2522,0,0
48,59,24,2494,-1985,-2566,0,0
32,62,27,2471,-2025,-2595,0,0
12,45,36,2466,-2047,-2627,0,0
6,29,37,2457,-2047,-2609,0,0
-4,31,43,2506,-2098,-2606,0,0
-23,15,56,2460,-2063,-2573,0,0
-38,8,65,2459,-2087,-2553,0,0
-47,11,75,2493,-2120,-2505,0,0
-51,10,91,2514,-2131,-2490,0,0
-62,12,96,2461,-2122,-2489,0,0
-75,38,77,2458,-2090,-2512,0,0
-89,53,48,2488,-2087,-2505,0,0
-101,57,50,2516,-2091,-2508,0,0
-100,39,50,2490,-2074,-2494,0,0
-89,41,34,2493,-2083,-2515,0,0
-75,55,15,2525,-2050,-2574,0,0
-77,25,12,2562,-2077,-2622,0,0
-83,-58,32,2530,-2074,-2588,0,0
-72,-91,51,2446,-2102,-2461,0,0
-56,-32,48,2414,-2110,-2482,0,0
-33,5,33,2439,-2054,-2546,0,0
-2,15,21,2478,-2082,-2565,0,0
11,23,28,2483,-2139,-2604,0,0
16,1,46,2444,-2110,-2577,0,0
3,-6,56,2406,-2093,-2497,0,0
-16,35,40,2407,-2047,-2558,0,0
-19,63,20,2485,-2090,-2562,0,0
-31,48,24,2458,-2098,-2530,0,0
-25,57,33,2474,-2110,-2495,0,0
-18,76,32,2459,-2110,-2494,0,0
-13,93,33,2459,-2047,-2534,0,0
12,87,27,2466,-2039,-2490,0,0
52,96,31,2496,-2081,-2429,0,0
90,103,35,2509,-2093,-2443,0,0
123,122,43,2499,-2122,-2379,0,0
130,146,40,2498,-2112,-2405,0,0
121,144,26,2585,-2095,-2413,0,0
94,127,15,2612,-2111,-2388,0,0
72,131,32,2635,-2136,-2343,0,0
51,103,38,2609,-2185,-2315,0,0
37,100,23,2584,-2198,-2354,0,0
43,107,-8,2679,-2271,-2405,0,0
40,80,-10,2702,-2332,-2386,0,0
20,42,15,2664,-2292,-2388,0,0
1,-13,36,2609,-2266,-2320,0,0
-24,-27,33,2586,-2329,-2309,0,0
-50,-19,6,2610,-2283,-2361,0,0
-71,-50,2,2621,-2258,-2324,0,0
-92,-88,30,2607,-2290,-2281,0,0
-92,-97,29,2597,-2306,-2292,0,0
-67,-92,13,2576,-2296,-2280,0,0
-36,-100,-4,2561,-2288,-2278,0,0
7,-92,-31,2567,-2289,-2283,0,0
56,-59,-57,2555,-2272,-2290,0,0
80,-43,-52,2490,-2226,-2310,0,0
55,-76,-38,2454,-2256,-2380,0,0
30,-106,-40,2422,-2200,-2446,0,0
26,-119,-45,2523,-2205,-2453,0,0
32,-128,-39,2554,-2250,-2437,0,0
46,-102,-20,2503,-2196,-2409,0,0
43,-75,1,2438,-2207,-2393,0,0
20,-39,18,2406,-2229,-2456,0,0
-3,-18,21,2478,-2178,-2476,0,0
-40,-28,30,2581,-2117,-2453,0,0
-79,-29,43,2587,-2117,-2482,0,0
-98,-33,49,2561,-2142,-2497,0,0
-102,-45,53,2496,-2083,-2504,0,0
-97,-47,67,2488,-2053,-2495,0,0
-98,-86,69,2439,-2078,-2469,0,0
-81,-48,60,2409,-2102,-2412,0,0
-82,14,39,2385,-2086,-2429,0,0
-94,78,9,2421,-2057,-2593,0,0
-102,70,-18,2471,-2054,-2606,0,0
-117,48,-20,2492,-2005,-2557,0,0
-118,34,-14,2483,-2004,-2573,0,0
-95,44,-35,2443,-2031,-2519,0,0
-70,85,-82,2517,-2032,-2534,0,0
-37,56,-112,2626,-1981,-2691,0,0
-33,50,-133,2446,-1909,-2623,0,0
-26,278,-216,2164,-1806,-2509,0,0
3,452,-325,2551,-1855,-2330,0,0
-34,160,-336,3043,-1957,-2260,0,0
-67,0,-158,3164,-2104,-2237,0,0
-109,52,6,2868,-2051,-2411,0,0
-73,96,85,2599,-1885,-2560,0,0
-9,52,71,2474,-1816,-2558,0,0
31,-21,27,2623,-1879,-2522,0,0
14,-53,28,2733,-1895,-2391,0,0
-33,-6,53,2779,-1890,-2466,0,0
-42,-35,72,2768,-1877,-2501,0,0
-35,-81,98,2682,-1902,-2394,0,0
-42,-57,96,2603,-1923,-2370,0,0
-39,2,69,2620,-1904,-2416,0,0
-39,32,56,2635,-1944,-2409,0,0
-59,46,62,2662,-2007,-2437,0,0
-72,30,71,2681,-2009,-2445,0,0
-81,7,69,2655,-2002,-2359,0,0
-93,35,63,2656,-1982,-2402,0,0
-85,49,50,2685,-2011,-2462,0,0
-72,6,46,2677,-2029,-2403,0,0
-53,-12,71,2694,-2021,-2385,0,0
-24,-35,75,2670,-1990,-2428,0,0
10,-36,57,2648,-1947,-2408,0,0
34,-21,37,2630,-1954,-2397,0,0
35,-9,28,2624,-1969,-2397,0,0
25,11,20,2637,-1961,-2413,0,0
25,3,23,2637,-1960,-2452,0,0
29,-39,13,2569,-1957,-2435,0,0
39,-13,-8,2578,-1955,-2415,0,0
44,13,-23,2640,-1981,-2478,0,0
41,-25,-10,2639,-1987,-2462,0,0
24,-37,1,2611,-1996,-2408,0,0
0,-12,-7,2602,-1963,-2476,0,0
-6,-11,-20,2612,-1964,-2484,0,0
-9,-22,-12,2617,-2007,-2443,0,0
-11,-26,5,2613,-2003,-2467,0,0
2,-30,8,2621,-1984,-2435,0,0
4,-17,8,2638,-2047,-2446,0,0
-13,-14,12,2671,-1985,-2569,0,0
-11,-92,38,2661,-1918,-2431,0,0
23,-77,74,2514,-1938,-2229,0,0
48,35,33,2454,-2027,-2346,0,0
43,95,-42,2583,-2047,-2569,0,0
17,66,-38,2735,-2022,-2532,0,0
-20,-2,32,2693,-2040,-2473,0,0
-37,-40,81,2617,-2017,-2501,0,0
-26,-56,76,2578,-1994,-2443,0,0
-13,-32,62,2595,-2025,-2402,0,0
-8,-14,41,2569,-1986,-2429,0,0
-8,0,26,2580,-1972,-2443,0,0
-20,-2,11,2593,-2012,-2447,0,0
-17,10,10,2590,-2030,-2423,0,0
-18,39,0,2607,-2057,-2476,0,0
-34,30,3,2639,-2049,-2514,0,0
-57,1,21,2582,-2037,-2500,0,0
-56,-12,37,2552,-2022,-2511,0,0
-23,-43,37,2579,-2007,-2477,0,0
3,-43,34,2593,-2058,-2413,0,0
5,-15,24,2565,-2029,-2474,0,0
10,6,5,2597,-1990,-2482,0,0
-2,-6,4,2588,-2024,-2449,0,0
-12,-24,29,2559,-2049,-2451,0,0
-6,-21,25,2552,-2060,-2467,0,0
14,-1,2,2587,-2029,-2490,0,0
23,-3,1,2577,-2026,-2473,0,0
13,-17,22,2530,-2043,-2463,0,0
4,-16,18,2538,-2055,-2494,0,0
-2,-15,1,2591,-2065,-2479,0,0
-11,-13,6,2573,-2057,-2481,0,0
-8,-6,16,2546,-2049,-2488,0,0
-14,-28,24,2526,-2050,-2487,0,0
-5,-49,30,2521,-2009,-2433,0,0
18,-38,14,2539,-2014,-2425,0,0
30,-3,-11,2583,-1996,-2490,0,0
23,9,-33,2610,-1999,-2490,0,0
0,-6,-24,2530,-2018,-2458,0,0
-13,-11,-16,2515,-2060,-2479,0,0
0,-7,-27,2564,-2077,-2480,0,0
17,0,-25,2599,-2088,-2483,0,0
30,-12,-11,2537,-2040,-2494,0,0
24,-11,-1,2536,-2066,-2510,0,0
14,-30,11,2573,-2055,-2512,0,0
15,-47,26,2589,-2059,-2457,0,0
19,-35,29,2534,-2046,-2455,0,0
23,-11,13,2517,-2017,-2464,0,0
16,-5,-1,2538,-2028,-2488,0,0
7,-18,4,2560,-2047,-2480,0,0
8,-17,5,2549,-2046,-2474,0,0
10,0,3,2565,-2085,-2471,0,0
6,-1,-2,2550,-2061,-2505,0,0
1,-12,5,2535,-2057,-2489,0,0
-14,-14,15,2547,-2093,-2529,0,0
-22,-39,31,2563,-2104,-2505,0,0
-24,-52,36,2535,-2105,-2482,0,0
-21,-29,26,2499,-2068,-2509,0,0
-21,-15,12,2520,-2059,-2512,0,0
-35,-20,18,2523,-2065,-2518,0,0
-44,-35,27,2506,-2063,-2520,0,0
-38,-39,21,2498,-2078,-2480,0,0
-25,-33,8,2488,-2033,-2498,0,0
-3,-6,-7,2507,-2007,-2505,0,0
12,11,-17,2541,-2110,-2525,0,0
19,-1,1,2512,-2143,-2503,0,0
11,-13,21,2454,-2092,-2552,0,0
1,-3,18,2457,-2047,-2595,0,0
-11,-18,18,2503,-2079,-2558,0,0
-18,-40,37,2500,-2109,-2526,0,0
-10,-37,38,2469,-2081,-2512,0,0
4,-16,26,2480,-2073,-2475,0,0
0,-2,17,2468,-2070,-2510,0,0
0,18,3,2480,-2050,-2545,0,0
-9,5,1,2504,-2096,-2553,0,0
-18,-19,22,2480,-2106,-2535,0,0
-13,-24,25,2459,-2112,-2506,0,0
-12,-16,14,2467,-2045,-2536,0,0
-14,-14,0,2475,-2028,-2506,0,0
-25,4,-4,2474,-2050,-2520,0,0
-20,-1,-10,2498,-2075,-2558,0,0
-12,-4,-14,2467,-2079,-2499,0,0
-13,13,-8,2472,-2104,-2533,0,0
-9,7,-12,2436,-2042,-2519,0,0
-8,28,-13,2518,-2066,-2554,0,0
-11,8,3,2529,-2069,-2555,0,0
-9,-18,15,2497,-2055,-2530,0,0
-5,-8,8,2458,-2052,-2513,0,0
-4,21,-14,2478,-2060,-2549,0,0
-10,9,-20,2519,-2068,-2619,0,0
-11,-74,0,2497,-2061,-2609,0,0
-11,-127,8,2437,-2039,-2537,0,0
-15,-82,0,2487,-2077,-2516,0,0
-30,-79,-16,2491,-2031,-2598,0,0
-20,-38,-9,2477,-2017,-2596,0,0
-18,-27,-2,2474,-2053,-2589,0,0
-10,-34,7,2456,-2038,-2574,0,0
5,-26,5,2451,-2060,-2550,0,0
11,-16,-2,2446,-2047,-2599,0,0
17,-4,-8,2455,-2018,-2603,0,0
-3,14,-11,2468,-2034,-2621,0,0
-38,13,1,2487,-2061,-2654,0,0
-70,-18,27,2473,-2066,-2628,0,0
-84,-45,40,2419,-2009,-2612,0,0
-58,-46,23,2402,-1944,-2584,0,0
-19,-37,-5,2481,-2008,-2605,0,0
14,-35,-8,2504,-2052,-2602,0,0
25,-26,-14,2452,-2066,-2586,0,0
8,-14,-18,2445,-2024,-2676,0,0
-26,-41,-18,2437,-1997,-2695,0,0
-51,-74,-20,2428,-2011,-2663,0,0
-44,-89,-33,2436,-1997,-2651,0,0
-5,-88,-53,2424,-1962,-2601,0,0
30,-62,-90,2368,-1928,-2589,0,0
65,-16,-129,2381,-1910,-2647,0,0
78,-3,-148,2413,-1958,-2664,0,0
80,0,-130,2385,-1982,-2608,0,0
80,13,-116,2406,-2004,-2618,0,0
80,8,-116,2425,-1982,-2710,0,0
95,-8,-101,2470,-1988,-2700,0,0
91,-46,-76,2439,-1985,-2628,0,0
72,-44,-74,2424,-1956,-2632,0,0
59,-32,-76,2475,-1924,-2632,0,0
44,-40,-70,2508,-1986,-2577,0,0
31,-7,-72,2441,-1972,-2615,0,0
21,29,-72,2483,-1982,-2646,0,0
-1,4,-45,2475,-2006,-2667,0,0
-8,-20,-1,2489,-1995,-2627,0,0
-1,-27,12,2442,-1974,-2599,0,0
14,14,8,2470,-1954,-2642,0,0
8,14,-2,2520,-1953,-2653,0,0
-11,-5,20,2514,-1939,-2644,0,0
-22,-7,24,2476,-1936,-2629,0,0
-27,7,26,2489,-1988,-2596,0,0
-33,-4,31,2451,-1968,-2629,0,0
-14,3,29,2456,-1926,-2611,0,0
4,2,24,2508,-1968,-2609,0,0
19,0,47,2516,-1964,-2605,0,0
24,-15,58,2455,-1930,-2578,0,0
38,8,44,2420,-1912,-2569,0,0
53,65,8,2490,-1956,-2607,0,0
35,98,-9,2551,-2031,-2649,0,0
-9,83,15,2559,-2049,-2711,0,0
-61,33,59,2513,-2076,-2659,0,0
-111,1,96,2444,-2077,-2614,0,0
-120,-12,95,2388,-1969,-2593,0,0
-99,-5,83,2482,-1967,-2573,0,0
-74,-5,88,2523,-1988,-2554,0,0
-47,13,83,2526,-2026,-2509,0,0
-40,49,63,2482,-1982,-2535,0,0
-51,79,42,2464,-1952,-2622,0,0
-77,70,24,2510,-2000,-2719,0,0
-103,0,40,2583,-2017,-2740,0,0
-99,-88,84,2479,-1947,-2548,0,0
-64,-38,93,2297,-1970,-2414,0,0
-23,82,6,2336,-1975,-2630,0,0
-11,77,-61,2609,-2006,-2737,0,0
-32,-22,-2,2680,-2014,-2655,0,0
-35,-95,86,2537,-1976,-2589,0,0
-9,-94,83,2390,-1911,-2572,0,0
15,-48,35,2418,-1892,-2573,0,0
14,-23,0,2444,-1919,-2539,0,0
0,7,-5,2436,-1918,-2593,0,0
-12,24,-25,2444,-1896,-2649,0,0
-25,27,-41,2488,-1948,-2634,0,0
-32,30,-47,2445,-1947,-2659,0,0
-18,40,-49,2446,-1961,-2675,0,0
-5,14,-36,2491,-1995,-2700,0,0
5,-26,-2,2506,-1997,-2649,0,0
9,-34,17,2462,-1970,-2606,0,0
12,-20,19,2410,-1905,-2608,0,0
4,9,-3,2440,-1917,-2625,0,0
-18,21,-6,2505,-1953,-2649,0,0
-26,-1,3,2469,-1927,-2628,0,0
-15,15,1,2466,-1940,-2609,0,0
-7,25,-6,2499,-1957,-2646,0,0
3,10,-2,2485,-1918,-2630,0,0
11,6,0,2490,-1944,-2654,0,0
25,-11,4,2502,-1943,-2634,0,0
36,-19,11,2485,-1954,-2569,0,0
31,2,4,2452,-1948,-2595,0,0
26,26,-18,2478,-1946,-2627,0,0
9,31,-20,2518,-1966,-2647,0,0
-15,13,-1,2513,-1990,-2672,0,0
-26,-5,12,2481,-2008,-2634,0,0
-38,-7,25,2511,-2027,-2665,0,0
-41,-29,37,2488,-1960,-2659,0,0
-38,-39,52,2513,-1983,-2624,0,0
-35,-54,66,2481,-1972,-2627,0,0
-21,-55,68,2440,-1938,-2559,0,0
-19,-19,43,2418,-1946,-2565,0,0
-19,24,11,2496,-1946,-2625,0,0
-22,21,3,2494,-1940,-2635,0,0
-22,16,15,2455,-1941,-2660,0,0
-12,3,14,2435,-1939,-2660,0,0
-2,1,8,2466,-1965,-2633,0,0
4,3,4,2452,-1950,-2639,0,0
5,14,11,2481,-1970,-2667,0,0
-6,-2,26,2465,-1967,-2656,0,0
-14,-2,36,2461,-1972,-2625,0,0
-18,15,35,2450,-1961,-2652,0,0
-24,20,38,2439,-1931,-2666,0,0
-24,13,42,2404,-1943,-2638,0,0
-16,12,47,2384,-1961,-2615,0,0
-2,15,41,2400,-1954,-2610,0,0
15,25,41,2457,-1970,-2576,0,0
25,50,31,2436,-1942,-2589,0,0
27,86,17,2497,-1940,-2611,0,0
3,65,28,2488,-1969,-2622,0,0
-12,54,46,2472,-1993,-2591,0,0
-18,55,36,2502,-2055,-2597,0,0
-21,41,31,2508,-2047,-2628,0,0
-21,3,20,2523,-2079,-2600,0,0
-18,-28,5,2519,-2107,-2581,0,0
-5,-47,-12,2496,-2086,-2565,0,0
5,-41,-21,2488,-2111,-2560,0,0
-10,-50,-3,2514,-2162,-2588,0,0
-25,-85,30,2476,-2088,-2587,0,0
-12,-99,56,2358,-1983,-2478,0,0
27,-26,46,2279,-1958,-2422,0,0
55,61,-31,2335,-2053,-2561,0,0
50,108,-88,2545,-2088,-2752,0,0
16,32,-50,2637,-2064,-2731,0,0
-10,-50,39,2503,-2025,-2643,0,0
-7,-66,59,2387,-1994,-2587,0,0
4,-35,19,2405,-1993,-2538,0,0
-3,7,-10,2450,-2027,-2546,0,0
-17,33,-25,2452,-1996,-2590,0,0
-36,47,-31,2475,-2020,-2632,0,0
-57,37,-2,2496,-2055,-2682,0,0
-76,4,36,2495,-2070,-2629,0,0
-89,-14,69,2423,-2040,-2618,0,0
-79,-6,73,2417,-1969,-2613,0,0
-64,0,60,2449,-1982,-2602,0,0
-56,10,52,2493,-2004,-2617,0,0
-52,12,49,2475,-1978,-2594,0,0
-61,29,49,2442,-1976,-2576,0,0
-71,44,32,2436,-1964,-2644,0,0
-69,42,16,2514,-2002,-2674,0,0
-56,6,27,2497,-1997,-2652,0,0
-23,-17,47,2459,-1994,-2587,0,0
-1,-17,43,2414,-1991,-2608,0,0
13,-1,21,2459,-1948,-2635,0,0
14,-7,1,2501,-1951,-2602,0,0
-1,-12,4,2472,-1971,-2602,0,0
-9,-6,-5,2457,-1976,-2631,0,0
-6,-14,-10,2474,-1997,-2579,0,0
1,-11,-11,2409,-1951,-2581,0,0
23,3,-20,2461,-1960,-2608,0,0
35,-9,-21,2478,-1955,-2617,0,0
39,2,-16,2481,-1943,-2606,0,0
24,11,-21,2463,-1942,-2631,0,0
-3,18,-32,2456,-1933,-2639,0,0
-27,11,-16,2465,-1969,-2619,0,0
-35,-1,7,2462,-2013,-2621,0,0
-13,-6,21,2485,-1994,-2646,0,0
20,-10,23,2510,-1993,-2588,0,0
34,13,13,2455,-1974,-2599,0,0
37,27,-3,2459,-1947,-2635,0,0
21,6,-12,2489,-2005,-2641,0,0
11,-7,-1,2498,-2027,-2603,0,0
1,-11,11,2473,-2045,-2589,0,0
-2,-5,13,2427,-2024,-2580,0,0
0,13,9,2443,-2026,-2604,0,0
0,9,19,2484,-2057,-2599,0,0
3,-1,33,2474,-2052,-2608,0,0
13,10,35,2453,-2036,-2601,0,0
8,19,29,2458,-2070,-2610,0,0
-7,6,35,2436,-2016,-2618,0,0
-30,-22,33,2451,-2005,-2640,0,0
-37,-28,27,2480,-1997,-2623,0,0
-33,-23,24,2495,-2008,-2575,0,0
-27,-14,16,2462,-2013,-2572,0,0
-19,6,3,2438,-2003,-2589,0,0
-25,19,2,2460,-2028,-2615,0,0
-39,1,19,2463,-2025,-2653,0,0
-43,-20,34,2461,-2028,-2636,0,0
-38,-19,37,2448,-2023,-2640,0,0
-14,-25,31,2398,-1948,-2612,0,0
12,-12,19,2421,-2011,-2621,0,0
27,-8,15,2445,-2053,-2629,0,0
32,-10,19,2438,-2045,-2556,0,0
15,16,21,2403,-2015,-2584,0,0
-13,35,11,2412,-1989,-2635,0,0
-40,37,-6,2435,-2016,-2624,0,0
-44,42,-16,2465,-2040,-2630,0,0
-31,34,-19,2474,-2053,-2619,0,0
-29,29,-18,2442,-2056,-2628,0,0
-26,32,-34,2439,-2007,-2652,0,0
-27,9,-35,2514,-2030,-2626,0,0
-38,-30,8,2485,-2038,-2591,0,0
-33,-37,31,2437,-2017,-2534,0,0
-22,-10,13,2427,-1960,-2569,0,0
-13,18,-10,2490,-1934,-2588,0,0
-24,15,-14,2473,-1927,-2561,0,0
-37,31,-18,2479,-1917,-2610,0,0
-38,34,-40,2476,-1919,-2604,0,0
-41,48,-47,2487,-1962,-2607,0,0
-38,42,-50,2458,-1942,-2618,0,0
-18,43,-55,2491,-1939,-2597,0,0
8,32,-58,2492,-1897,-2563,0,0
39,28,-73,2519,-1900,-2521,0,0
57,45,-110,2520,-1895,-2511,0,0
67,92,-149,2425,-1811,-2473,0,0
64,152,-189,2212,-1783,-2307,0,0
46,234,-196,1910,-1720,-2022,0,0
-22,302,-134,1592,-1487,-1763,0,0
-153,294,123,1279,-1382,-1552,0,0
-390,289,400,1389,-1822,-1817,0,0
-646,506,400,2564,-2336,-2801,0,0
-772,566,350,4776,-2764,-3498,0,0
-847,383,447,5484,-2658,-3263,0,0
-783,642,486,5585,-2129,-3232,0,0
-552,629,143,4801,-1383,-3233,0,0
-198,586,-248,3964,-1118,-2804,0,0
268,387,-533,3465,-1123,-1985,0,0
726,-20,-608,1858,-1094,-351,0,0
1040,15,-472,16,-849,106,0,0
1089,-275,-392,-774,-428,92,0,0
909,-274,-470,-645,-573,162,0,0
533,142,-622,-49,-737,-263,0,0
132,191,-546,997,-806,-1285,0,0
-135,-250,-185,2058,-1283,-1864,0,0
-357,-181,261,3319,-2380,-2382,0,0
-476,-75,432,4467,-2623,-3822,0,0
-151,20,423,5197,-2918,-3255,0,0
-81,65,743,5473,-3723,-2815,0,0
-334,62,1070,4763,-3541,-3811,0,0
-231,193,1053,4892,-3359,-4539,0,0
-86,-47,658,6019,-3967,-4453,0,0
-187,200,664,6653,-3942,-4206,0,0
-361,-60,838,6682,-3045,-4409,0,0
-160,-677,544,5885,-2276,-3238,0,0
176,-487,89,5305,-1757,-2295,0,0
345,-168,-543,3675,-1251,-2149,0,0
406,192,-1254,1575,-1040,-1380,0,0
436,860,-1752,249,-1261,-688,0,0
526,1010,-1747,-450,-1256,-440,0,0
409,788,-1322,-743,-1146,328,0,0
-55,369,-768,277,-1322,87,0,0
-474,-89,-427,331,-1072,-341,0,0
-473,258,-251,233,-644,-338,0,0
-259,235,-47,780,-409,-645,0,0
-18,-268,250,1459,-487,-923,0,0
166,-677,483,2197,-689,-1195,0,0
252,-577,513,3477,-1182,-2035,0,0
387,-437,387,4407,-1226,-3186,0,0
539,-544,108,4587,-1564,-3260,0,0
397,-208,-30,5024,-2764,-3031,0,0
-17,10,146,5334,-3535,-3468,0,0
-175,187,247,5214,-3800,-2903,0,0
-299,431,294,6241,-3652,-3315,0,0
-381,381,498,7234,-3296,-4197,0,0
-366,86,858,6548,-3135,-3307,0,0
-530,-72,1058,5800,-2997,-3136,0,0
-624,-199,919,4770,-2483,-3068,0,0
-524,-235,404,3700,-1726,-2624,0,0
-401,34,-313,2506,-949,-1543,0,0
-216,520,-1053,1350,144,-265,0,0
128,997,-1359,432,848,255,0,0
398,854,-1118,229,536,-76,0,0
339,-179,-834,75,-303,-535,0,0
259,-485,-553,-438,-1475,-441,0,0
214,-578,-326,-361,-1920,-1238,0,0
330,-1159,-10,-891,-1267,-1946,0,0
404,-1414,529,-437,-1556,-941,0,0
-103,-1625,1010,1810,-2380,-1665,0,0
-315,-1480,1117,4007,-1840,-4442,0,0
236,-993,1420,4358,-2473,-3163,0,0
262,-564,1628,3874,-3403,-2999,0,0
187,-412,1646,3281,-3043,-3674,0,0
158,-125,1162,3261,-2667,-3788,0,0
63,110,497,4429,-2996,-4707,0,0
220,240,-333,4594,-3823,-4844,0,0
471,1062,-781,5605,-4279,-4660,0,0
295,478,-506,4989,-4033,-4726,0,0
77,-154,-254,3815,-3896,-4354,0,0
45,20,-300,3662,-3404,-3879,0,0
70,113,-466,2954,-2653,-3158,0,0
33,62,-748,1511,-2216,-2020,0,0
21,525,-1159,427,-1565,-1037,0,0
174,1014,-1347,435,-704,-2816,0,0
120,776,-1074,667,-753,205,0,0
-119,473,-491,1091,-1137,537,0,0
-358,367,104,455,-874,50,0,0
-378,400,359,-401,-416,-473,0,0
-257,165,359,-361,-241,-788,0,0
-153,-127,385,-63,-316,-628,0,0
-144,-296,517,778,-494,-1070,0,0
-81,-564,413,2380,-1041,-2285,0,0
266,-189,65,4177,-2124,-2840,0,0
457,143,126,4691,-2425,-3066,0,0
291,19,168,4731,-3110,-3735,0,0
-57,-251,187,4355,-3253,-3846,0,0
-261,-148,239,4124,-3056,-3737,0,0
-190,43,180,4455,-3990,-3866,0,0
-165,175,119,5175,-4174,-4647,0,0
-149,197,144,5945,-3758,-4589,0,0
-322,-66,535,5410,-3346,-3768,0,0
-590,-172,789,4064,-2970,-3554,0,0
-586,130,551,3962,-2783,-3843,0,0
-443,82,111,3979,-2484,-3155,0,0
-442,-16,-265,3096,-1660,-2285,0,0
-244,601,-659,1495,-610,-1585,0,0
315,1257,-1057,554,278,-509,0,0
676,1140,-1108,243,407,626,0,0
622,305,-796,788,189,163,0,0
501,-377,-450,251,-186,-179,0,0
461,-190,-402,-307,-618,-208,0,0
382,53,-585,-322,-781,-816,0,0
298,-120,-623,-272,-894,-710,0,0
39,-206,-366,669,-1613,-1237,0,0
-323,-559,102,2732,-2338,-2568,0,0
-456,-1108,628,4585,-2540,-2929,0,0
-428,-1102,696,4890,-2244,-3099,0,0
-105,46,349,4517,-2168,-3074,0,0
136,422,230,4975,-2396,-3096,0,0
8,23,276,4931,-2365,-3489,0,0
24,148,411,4869,-2294,-3852,0,0
199,-73,273,5247,-2438,-3810,0,0
349,-252,210,5610,-2603,-3643,0,0
386,-241,370,5136,-2572,-3863,0,0
364,-387,356,4451,-3038,-3613,0,0
291,-359,261,4133,-3239,-3291,0,0
176,-153,124,3840,-3123,-2967,0,0
-26,33,-121,3375,-2772,-2462,0,0
-258,197,-513,2475,-1934,-1714,0,0
-313,638,-919,1801,-944,-1028,0,0
-158,871,-953,1752,-612,-731,0,0
-11,369,-755,1379,-847,-393,0,0
41,125,-192,1192,-1196,-27,0,0
-94,-417,527,485,-1148,40,0,0
-204,-689,821,-325,-926,-246,0,0
-124,-160,854,-625,-551,-326,0,0
-55,109,951,211,-322,-466,0,0
-140,-503,1065,1291,-539,-1385,0,0
-184,-657,891,2493,-1444,-2091,0,0
-162,-194,556,4002,-1722,-3607,0,0
61,-210,193,4242,-1626,-3814,0,0
199,-200,-57,3930,-2595,-3361,0,0
35,-75,-74,3693,-3248,-4184,0,0
19,-284,-146,3466,-3566,-4058,0,0
6,-189,-187,3333,-4216,-3590,0,0
-183,239,-59,3548,-4164,-4541,0,0
-262,257,-21,4284,-3675,-5208,0,0
-273,57,103,4547,-3488,-4497,0,0
-309,-27,353,4155,-3247,-4200,0,0
-260,-89,386,3586,-2934,-3948,0,0
-201,-22,186,3121,-2463,-3414,0,0
-166,224,-97,2467,-1864,-2632,0,0
-47,531,-523,1691,-1103,-1390,0,0
290,1128,-1000,846,-673,-274,0,0
780,1226,-1202,976,-199,-907,0,0
1045,231,-1105,938,328,-891,0,0
942,-138,-501,562,-37,482,0,0
442,-112,79,390,-542,-244,0,0
-5,-245,81,-592,-723,-874,0,0
-17,-139,8,-823,-856,-546,0,0
-105,-134,94,-104,-1420,-683,0,0
-367,-248,359,1466,-2265,-2003,0,0
-397,-377,734,3823,-3307,-3148,0,0
-461,-581,742,5093,-3400,-3479,0,0
-339,-207,558,4849,-2690,-3247,0,0
-74,-201,307,5038,-2890,-3369,0,0
84,-214,-39,4929,-2681,-3451,0,0
257,277,-156,5024,-3020,-4406,0,0
458,201,-396,5218,-3971,-4365,0,0
369,122,-356,5127,-4028,-4049,0,0
26,-2,-49,4723,-3407,-4430,0,0
-226,-298,54,4524,-2865,-3937,0,0
-345,-232,76,4527,-2421,-3536,0,0
-335,-314,76,4068,-2199,-3029,0,0
-248,-492,-190,2599,-1836,-1924,0,0
-19,382,-569,1365,-1433,-1139,0,0
152,1032,-889,496,-1177,-318,0,0
189,1291,-915,489,-1108,40,0,0
56,1049,-462,1437,-1076,14,0,0
-289,167,113,983,-679,0,0,0
-525,-329,541,235,-293,-188,0,0
-519,-296,721,-112,-4,-711,0,0
-386,-343,649,-335,53,-621,0,0
-201,-440,534,574,-226,-1108,0,0
-41,-707,417,2039,-741,-1734,0,0
150,-399,-75,3924,-1533,-2988,0,0
454,24,-267,4207,-1338,-3403,0,0
499,-245,-213,3822,-2165,-2858,0,0
224,-11,-174,3506,-3002,-3553,0,0
147,153,-114,3593,-3690,-3804,0,0
216,236,-137,3900,-4281,-3221,0,0
49,448,-39,5301,-4269,-4433,0,0
-101,221,5,6053,-3202,-4878,0,0
-193,39,179,5819,-2760,-4413,0,0
-415,-164,297,4779,-2888,-3894,0,0
-649,-172,326,4148,-2853,-3461,0,0
-868,-271,161,3903,-2330,-2741,0,0
-900,-240,-121,3507,-1312,-2305,0,0
-584,157,-288,2789,-772,-2267,0,0
-157,541,-641,1505,-362,-1802,0,0
226,1134,-1099,945,-83,-953,0,0
413,1276,-1340,549,312,-130,0,0
434,952,-1123,716,485,-70,0,0
427,303,-445,879,30,-113,0,0
408,-242,80,302,-835,-73,0,0
400,-269,217,-130,-1384,-631,0,0
404,-240,226,-492,-1175,-407,0,0
212,-506,371,309,-1164,-674,0,0
-93,-665,575,1939,-1697,-1895,0,0
-312,-708,678,4227,-2042,-2869,0,0
-317,-339,266,5630,-1781,-3397,0,0
-119,-22,136,6025,-2205,-3174,0,0
-105,-188,266,5392,-2435,-3348,0,0
-152,337,491,5258,-2537,-4015,0,0
-152,-15,563,5778,-2643,-4123,0,0
-54,-364,422,5953,-2241,-4268,0,0
161,-131,251,5543,-1634,-4558,0,0
336,-303,-4,4871,-2026,-4005,0,0
303,-459,-125,4325,-2457,-3338,0,0
235,-256,-219,4100,-2467,-3614,0,0
283,-144,-332,4133,-2310,-3188,0,0
240,-228,-395,3104,-2030,-2036,0,0
175,202,-610,1659,-1632,-1364,0,0
136,786,-883,729,-1140,-728,0,0
12,819,-912,479,-1105,-143,0,0
-158,594,-546,954,-1178,52,0,0
-265,24,104,835,-749,-40,0,0
-221,-415,638,555,-404,-257,0,0
-83,-533,796,328,-214,-537,0,0
11,-565,802,24,7,-500,0,0
109,-492,812,240,-58,-1021,0,0
177,-708,731,1703,-855,-1978,0,0
144,-774,387,3106,-2052,-2871,0,0
257,50,259,3731,-2275,-3539,0,0
185,-142,418,4385,-2618,-3568,0,0
-126,-717,469,3311,-2799,-3692,0,0
-249,-333,528,2716,-3120,-4177,0,0
-267,-289,413,2719,-3892,-3992,0,0
-282,227,176,3178,-4026,-4632,0,0
-292,1129,108,5285,-3845,-5662,0,0
-453,521,293,5402,-3163,-4826,0,0
-690,60,500,4546,-2657,-3963,0,0
-718,383,535,4300,-2547,-3754,0,0
-639,489,335,4125,-2280,-3273,0,0
-562,635,55,3613,-1524,-3324,0,0
-339,536,-250,2233,-874,-2688,0,0
6,658,-844,899,-229,-1467,0,0
500,1153,-1461,918,481,-1195,0,0
843,1050,-1560,480,402,-51,0,0
792,820,-914,975,-338,-489,0,0
646,-352,-294,1017,-800,-723,0,0
559,-863,-162,-137,-874,-85,0,0
583,-425,-191,-439,-888,-737,0,0
500,-569,-312,-591,-843,-353,0,0
193,-655,-313,439,-1500,-1125,0,0
-143,-622,-211,2867,-2287,-2380,0,0
-398,-328,-339,4975,-2355,-2735,0,0
-482,391,-204,6472,-2458,-3545,0,0
-402,-259,123,6255,-2759,-3376,0,0
-300,-58,341,5584,-2215,-3143,0,0
-276,139,405,5361,-1373,-4451,0,0
25,-208,80,5737,-1339,-4325,0,0
210,-67,75,6435,-1949,-4358,0,0
238,-392,342,5549,-2052,-4243,0,0
343,-694,602,4267,-2262,-3394,0,0
374,-467,735,3387,-2186,-3172,0,0
425,-90,553,2919,-2085,-2683,0,0
378,291,128,2267,-1883,-1616,0,0
195,892,-437,1651,-1210,-837,0,0
-33,1181,-963,1415,-644,-244,0,0
-112,1230,-911,1811,-524,-63,0,0
-197,574,-346,1404,-685,-65,0,0
-222,-69,143,505,-796,-203,0,0
-109,-289,400,122,-783,-689,0,0
26,-488,477,47,-199,-1088,0,0
180,-640,749,430,-331,-1303,0,0
149,-1085,967,1241,-608,-1863,0,0
96,-995,741,2414,-1178,-2895,0,0
231,-403,403,3942,-1720,-3336,0,0
228,-553,79,4205,-2024,-3565,0,0
141,-481,-216,3997,-2255,-3868,0,0
-6,-478,-233,3795,-2800,-4031,0,0
-61,-733,-210,3319,-3019,-3799,0,0
-44,-284,-232,3100,-3460,-3631,0,0
-112,263,-77,3485,-3424,-4850,0,0
-140,151,-10,4368,-3313,-4982,0,0
-253,93,220,4557,-3236,-4292,0,0
-425,137,608,4149,-3081,-4207,0,0
-500,101,784,3557,-2502,-3755,0,0
-530,284,766,3158,-1981,-3331,0,0
-465,518,606,2320,-1482,-2352,0,0
-288,1042,164,1125,-845,-1405,0,0
-45,1344,-624,508,-281,-498,0,0
161,1529,-1249,786,118,-384,0,0
367,1237,-1218,1658,361,-1313,0,0
369,67,-751,1656,-348,-956,0,0
209,-267,-294,1240,-772,-1034,0,0
152,-207,-13,412,-678,-1270,0,0
104,-547,73,-28,-921,-1010,0,0
-49,-785,145,91,-1533,-930,0,0
-321,-1069,416,1330,-1899,-1602,0,0
-499,-958,648,2941,-2513,-3211,0,0
-339,-200,452,4151,-1787,-3471,0,0
-177,-178,217,4716,-2185,-3379,0,0
0,26,22,5127,-2482,-4485,0,0
107,88,54,4693,-2343,-4414,0,0
14,-45,-54,4302,-2259,-4885,0,0
78,231,-398,5141,-2357,-5205,0,0
175,262,-464,5537,-2222,-5050,0,0
169,-55,-251,5364,-2646,-4264,0,0
50,-468,15,4536,-2552,-3705,0,0
40,-237,60,4110,-1983,-4099,0,0
232,-182,95,4034,-1912,-3780,0,0
288,-397,103,2419,-1671,-2387,0,0
277,146,-171,924,-1288,-1264,0,0
251,915,-479,288,-995,-259,0,0
63,1181,-557,380,-880,208,0,0
-159,1046,-334,503,-803,318,0,0
-347,691,69,542,-776,154,0,0
-474,420,362,486,-685,-526,0,0
-476,404,434,281,-270,-690,0,0
-384,279,545,405,103,-836,0,0
-267,-252,731,972,75,-1370,0,0
-54,-555,749,1965,-386,-1844,0,0
181,-347,681,3448,-1714,-2370,0,0
408,-247,382,3731,-1474,-2454,0,0
645,124,-25,4967,-1739,-3133,0,0
483,-109,-209,5235,-2406,-3706,0,0
205,-529,-203,4082,-2605,-3094,0,0
217,-178,-183,3827,-3039,-3275,0,0
272,-71,-239,3648,-3178,-3413,0,0
151,-33,-315,4524,-3408,-4256,0,0
85,209,-306,5978,-3604,-4337,0,0
-173,-166,3,5659,-3393,-3768,0,0
-379,-219,317,4603,-2880,-3971,0,0
-503,-311,375,4451,-2704,-3669,0,0
-723,-564,253,4516,-2149,-3453,0,0
-746,-454,63,4352,-1716,-2908,0,0
-646,-447,-30,3068,-968,-2276,0,0
-272,39,-330,1281,-85,-2051,0,0
232,724,-946,598,-89,-679,0,0
235,1076,-1382,-97,320,472,0,0
214,1412,-1234,226,601,-323,0,0
254,640,-771,378,-91,-366,0,0
193,139,-348,-244,-862,36,0,0
236,333,-29,-101,-1342,-764,0,0
236,-27,161,-420,-1223,-541,0,0
108,-135,458,6,-1470,-974,0,0
-148,-352,847,2092,-2079,-2139,0,0
-464,-730,1153,4084,-2978,-2895,0,0
-589,-208,1121,4922,-2833,-3058,0,0
-497,88,1032,5555,-2471,-2269,0,0
-402,-517,995,5221,-2210,-2883,0,0
-207,-173,710,4910,-1863,-3631,0,0
72,-121,294,4637,-1945,-4200,0,0
323,-128,-249,5049,-2575,-4130,0,0
361,271,-534,5633,-2718,-4521,0,0
297,145,-643,5411,-2726,-4058,0,0
249,34,-451,5154,-2972,-3620,0,0
236,-257,-182,4605,-2702,-3855,0,0
415,-548,-39,4892,-2574,-3549,0,0
468,-872,40,4386,-2064,-2490,0,0
446,-328,-74,3459,-1892,-2168,0,0
294,-113,-252,1955,-1824,-1978,0,0
-16,-290,-563,-476,-1272,175,0,0
-225,1156,-645,-1141,-1582,53,0,0
-251,1021,-632,-211,-1483,-1053,0,0
-398,140,-352,245,-910,-33,0,0
-475,319,500,1058,-699,-942,0,0
-483,-149,763,712,-564,-734,0,0
-343,-80,799,327,-345,-556,0,0
-129,-74,970,887,-295,-770,0,0
-101,-710,948,1527,-458,-1300,0,0
39,-441,712,2405,-1288,-2091,0,0
186,-220,422,3425,-1646,-2879,0,0
324,-409,61,3907,-2013,-3074,0,0
326,-173,-315,3782,-2439,-3456,0,0
162,135,-533,4121,-2656,-4410,0,0
153,107,-537,4470,-2625,-4047,0,0
123,75,-315,4481,-3296,-3855,0,0
66,171,-233,4988,-3900,-4510,0,0
131,153,-391,5824,-3627,-4155,0,0
166,175,-162,5585,-3085,-3832,0,0
93,57,219,4480,-2889,-3581,0,0
-68,-168,207,4025,-2900,-3297,0,0
-170,-4,120,3983,-2676,-2783,0,0
-258,96,141,3429,-2083,-2191,0,0
-208,204,-63,2118,-1153,-1453,0,0
188,827,-653,1109,3,-933,0,0
558,1239,-1225,1007,346,61,0,0
497,1378,-1326,1314,100,191,0,0
200,889,-947,1239,-190,-244,0,0
-53,239,-451,162,-563,-204,0,0
-151,153,-231,-385,-938,-861,0,0
-181,181,-253,-464,-1130,-975,0,0
-302,74,-166,50,-1282,-1171,0,0
-494,-268,242,1508,-1630,-1910,0,0
-683,-873,764,3285,-2227,-2173,0,0
-826,-378,1103,5012,-3239,-2752,0,0
-923,-68,1167,5167,-2979,-3026,0,0
-662,-342,1386,5599,-2705,-2869,0,0
-438,-122,1339,5892,-2228,-2273,0,0
-581,-87,1258,5561,-2072,-3420,0,0
-411,-601,833,4830,-2108,-3194,0,0
178,101,42,5987,-2292,-3193,0,0
638,487,-445,6464,-1779,-3033,0,0
606,195,-558,5104,-1907,-3173,0,0
529,126,-723,5137,-2400,-3349,0,0
476,-247,-999,5315,-2314,-2509,0,0
530,-195,-948,4347,-1814,-2284,0,0
803,-138,-1072,2665,-1526,-1145,0,0
908,310,-1321,1083,-1906,21,0,0
799,780,-1398,-111,-1664,-367,0,0
609,869,-1374,-69,-1354,-216,0,0
275,837,-890,981,-1420,-151,0,0
-277,259,-15,1234,-1372,-315,0,0
-622,-106,495,697,-820,-658,0,0
-488,-4,578,1055,-647,-758,0,0
-339,-373,698,1026,-446,-423,0,0
-152,-513,752,1800,-179,-1359,0,0
103,-870,766,2756,-497,-1106,0,0
146,-673,580,4405,-827,-2006,0,0
304,-602,255,4173,-434,-1928,0,0
426,-384,50,4261,-1762,-2140,0,0
162,-223,-152,4148,-2781,-2549,0,0
7,101,-197,4827,-2941,-2850,0,0
-35,61,21,4876,-3410,-2789,0,0
-152,107,122,4881,-3433,-3290,0,0
-151,313,35,6582,-2678,-4015,0,0
-206,31,39,6850,-2317,-3657,0,0
-290,-12,373,6280,-2427,-3746,0,0
-386,-385,614,4655,-2759,-2854,0,0
-459,-321,610,4437,-2757,-2396,0,0
-594,-317,414,4491,-2015,-1618,0,0
-653,28,7,3372,-1211,-1288,0,0
-321,927,-343,2540,-868,-1729,0,0
104,990,-827,1855,-310,-971,0,0
311,1143,-1268,1006,236,-342,0,0
506,1603,-1144,672,823,-551,0,0
551,473,-674,566,606,-721,0,0
521,-359,-301,207,-287,-556,0,0
453,-394,-28,100,-1300,-297,0,0
317,-446,107,-95,-1452,-650,0,0
140,-596,359,-230,-1562,-458,0,0
-272,-702,801,617,-1779,-991,0,0
-578,-964,1267,2617,-1944,-1949,0,0
-639,-1066,1272,4454,-2734,-1644,0,0
-681,-114,882,4948,-2456,-2090,0,0
-426,288,665,5518,-2150,-2562,0,0
-212,-554,272,6284,-1864,-2900,0,0
-38,-209,20,5128,-1602,-3090,0,0
192,92,-80,4475,-2207,-3874,0,0
310,46,-323,4643,-3160,-3897,0,0
263,448,-213,5858,-3475,-4251,0,0
96,-78,125,6602,-3566,-3877,0,0
-124,-571,765,5218,-3177,-3498,0,0
-99,-726,984,4634,-2568,-3600,0,0
160,-934,664,4382,-1637,-2529,0,0
359,-743,226,3384,-900,-1385,0,0
314,-305,-368,2037,-852,-1310,0,0
146,-45,-1107,662,-1166,-761,0,0
84,427,-1601,384,-1713,-93,0,0
9,1040,-1495,1240,-1769,-241,0,0
-159,657,-746,1033,-1468,-454,0,0
-120,237,83,608,-1207,-794,0,0
-114,-22,554,645,-1138,-541,0,0
-240,-155,672,118,-556,-443,0,0
-119,177,606,167,-186,-810,0,0
-29,58,543,1025,-386,-1010,0,0
-13,-188,490,1953,-854,-1737,0,0
96,103,240,3799,-1315,-2549,0,0
231,-127,143,4659,-1578,-2367,0,0
225,-33,-36,4932,-2463,-3469,0,0
138,-12,-264,5182,-2496,-3401,0,0
-112,-167,-211,4643,-3254,-3340,0,0
-183,141,29,4123,-3792,-3511,0,0
-247,-31,162,4453,-3936,-3788,0,0
-271,188,164,5678,-3055,-4325,0,0
-264,240,231,6208,-2703,-3655,0,0
-496,-157,271,5715,-2751,-3799,0,0
-577,-171,314,4646,-2309,-3464,0,0
-472,-161,245,4388,-2084,-3101,0,0
-412,-143,-87,3775,-1831,-2206,0,0
-377,409,-571,2350,-1003,-1654,0,0
149,1002,-1370,1312,-9,-910,0,0
616,1352,-1877,731,184,523,0,0
744,1700,-1719,867,397,-416,0,0
707,964,-1201,948,-24,-655,0,0
429,93,-674,395,-761,-104,0,0
239,-35,-267,-15,-1359,-525,0,0
139,-220,-152,-720,-1353,-545,0,0
200,-107,36,-918,-1125,-787,0,0
61,-464,299,8,-1455,-815,0,0
-338,-312,617,2651,-1740,-2152,0,0
-498,-482,906,5730,-2051,-2266,0,0
-718,-345,1051,6374,-2295,-1678,0,0
-803,390,1396,6284,-2243,-2225,0,0
-725,-559,1301,6343,-1615,-2113,0,0
-359,-363,945,5894,-1789,-2896,0,0
5,-41,825,5263,-2675,-3641,0,0
68,-358,596,5392,-2718,-3972,0,0
190,-90,385,6766,-2893,-4101,0,0
41,-574,261,7146,-2394,-3406,0,0
-97,-1143,345,5678,-2034,-3169,0,0
43,-1151,118,4948,-1730,-2738,0,0
233,-648,-372,4557,-1241,-2757,0,0
478,-691,-785,3451,-1499,-2042,0,0
383,-548,-1217,1445,-1953,-712,0,0
496,570,-1527,-81,-1889,-334,0,0
620,1104,-1564,-889,-1455,547,0,0
370,1435,-1321,27,-1318,-82,0,0
15,1319,-573,1135,-1630,-643,0,0
-560,256,127,885,-1178,-517,0,0
-731,181,581,675,-526,-809,0,0
-515,12,886,828,-149,-822,0,0
-319,-742,1067,856,-15,-535,0,0
-65,-872,1267,1123,-351,-1410,0,0
249,-1278,1002,2252,-929,-1803,0,0
559,-601,451,3187,-2042,-2812,0,0
713,386,38,4083,-2452,-3799,0,0
424,290,-223,5052,-3099,-3384,0,0
50,-64,193,4433,-2701,-3206,0,0
-100,-405,444,3631,-2766,-2867,0,0
-82,-50,162,4000,-3313,-3299,0,0
68,244,-377,5265,-3508,-4129,0,0
152,382,-801,7144,-3232,-4784,0,0
-35,44,-330,6470,-3670,-4156,0,0
-460,-625,297,4483,-4085,-3727,0,0
-629,-297,638,3787,-3424,-3128,0,0
-577,-68,534,3550,-1844,-1407,0,0
-445,164,26,3197,-372,-915,0,0
-11,506,-822,2450,-97,-2059,0,0
383,1402,-1326,1873,-375,-1046,0,0
85,1266,-1262,1147,-188,-455,0,0
-69,762,-1204,183,108,-586,0,0
239,624,-876,719,-230,-326,0,0
378,-250,-498,511,-377,-187,0,0
571,-535,-268,5,-928,-951,0,0
602,-223,-215,-419,-1215,-769,0,0
380,-227,-36,-240,-1266,-1025,0,0
28,-622,375,1576,-1836,-1590,0,0
-329,-1008,911,3529,-1724,-1841,0,0
-464,-1273,1174,5141,-2060,-1618,0,0
-412,-942,846,4612,-2100,-2262,0,0
-270,-172,366,5319,-1992,-2841,0,0
-379,-101,45,6022,-2319,-4467,0,0
-344,90,53,6100,-2107,-4413,0,0
-279,-130,169,5530,-2252,-3841,0,0
-123,-89,274,4847,-2343,-4828,0,0
24,32,281,5084,-2426,-5059,0,0
-123,-295,273,5239,-2491,-4557,0,0
-248,-480,621,5370,-2534,-4754,0,0
-158,-1055,555,4895,-1676,-4233,0,0
183,-1217,161,4231,-1249,-3364,0,0
368,-1126,-134,2120,-550,-2137,0,0
439,-197,-454,142,-497,-655,0,0
433,611,-783,-732,-1500,564,0,0
292,1206,-924,-787,-1493,853,0,0
194,1551,-701,647,-1295,-144,0,0
-19,978,-75,1769,-1683,-548,0,0
-372,456,498,817,-945,-328,0,0
-360,761,706,593,-120,-1325,0,0
-166,163,681,619,32,-655,0,0
-111,-364,682,1100,119,-876,0,0
43,-431,607,1843,-313,-1986,0,0
290,-445,440,2881,-2015,-2663,0,0
509,-194,59,3308,-2048,-3006,0,0
549,234,-228,3726,-2438,-3143,0,0
258,354,-312,3524,-2927,-3363,0,0
64,-2,-305,3646,-2925,-3097,0,0
55,364,-228,4350,-3235,-3235,0,0
14,377,-286,4624,-3505,-3734,0,0
-76,288,-595,5669,-3318,-4560,0,0
-151,568,-597,7447,-3221,-5023,0,0
-477,-380,63,6661,-3472,-4373,0,0
-674,-935,766,4471,-3403,-3826,0,0
-536,-654,954,3883,-2555,-3053,0,0
-405,-625,612,3375,-1552,-1578,0,0
-253,264,304,2418,-455,-1349,0,0
46,765,-400,1561,271,-840,0,0
166,913,-1194,611,109,-33,0,0
216,1624,-1427,181,152,-7,0,0
304,1313,-1359,1072,-179,-587,0,0
279,240,-957,1355,-657,-416,0,0
357,-16,-385,715,-927,-829,0,0
477,-103,-187,-195,-778,-806,0,0
471,-162,-180,-591,-646,-290,0,0
353,-138,0,317,-1047,-3072,0,0
41,-616,157,2375,-1595,-1763,0,0
-162,-619,524,4464,-1937,-1425,0,0
-475,-413,822,5196,-2335,-1755,0,0
-528,696,600,5203,-2569,-2301,0,0
-606,724,567,6044,-2261,-2413,0,0
-774,-162,381,6374,-1806,-3256,0,0
-459,215,308,5912,-1807,-3315,0,0
-175,6,149,5095,-1496,-3100,0,0
20,114,-109,5644,-1707,-3884,0,0
90,140,-185,6374,-2270,-4179,0,0
-22,-527,18,6143,-2243,-3682,0,0
-50,-732,364,5895,-2165,-3560,0,0
79,-912,408,5527,-1841,-3373,0,0
180,-1216,316,4658,-1433,-2350,0,0
304,-955,-114,3628,-1023,-2101,0,0
406,-537,-865,1938,-842,-1276,0,0
266,22,-1361,752,-745,99,0,0
79,509,-1189,-348,-939,882,0,0
63,937,-879,-436,-998,620,0,0
135,1417,-483,642,-1094,-224,0,0
-40,903,-13,413,-941,-321,0,0
-206,660,377,281,-451,-560,0,0
-227,503,679,9,-26,-513,0,0
-175,270,739,-74,203,-235,0,0
32,184,569,1736,-193,-1857,0,0
343,-304,174,3951,-858,-1972,0,0
542,219,95,6501,-2059,-3035,0,0
518,-93,-161,6336,-1162,-3192,0,0
276,-369,-58,4861,-2359,-1932,0,0
-243,-467,121,2977,-2824,-2593,0,0
-91,122,-97,3164,-2911,-2264,0,0
67,404,-14,4552,-3550,-2262,0,0
32,574,34,6026,-3019,-2652,0,0
-73,501,30,7194,-2432,-3251,0,0
-371,175,187,7362,-2497,-3429,0,0
-623,-237,614,6799,-2640,-3531,0,0
-779,-1015,942,5422,-2555,-3040,0,0
-817,-1027,1002,5326,-2450,-2900,0,0
-727,-996,881,4836,-1764,-1999,0,0
-560,-438,706,2609,-670,-1109,0,0
24,759,206,649,316,-485,0,0
613,1019,-879,-467,679,850,0,0
656,1010,-1727,6,215,327,0,0
418,662,-1661,719,50,-93,0,0
140,74,-1397,-327,124,266,0,0
296,724,-1243,143,-272,-729,0,0
357,180,-1015,561,-803,-566,0,0
217,-248,-711,-97,-1185,-427,0,0
108,-156,-193,708,-1648,-1044,0,0
-206,-668,344,2475,-1766,-1430,0,0
-178,-409,659,5508,-1892,-2143,0,0
-212,-67,732,6666,-1297,-2172,0,0
-542,805,791,6532,-1621,-1934,0,0
-975,345,1178,6567,-1211,-2381,0,0
-712,-569,620,6173,-888,-2613,0,0
-34,300,453,5393,-1879,-3244,0,0
90,-187,443,5140,-2202,-3585,0,0
102,-467,286,6954,-2416,-3964,0,0
166,-503,410,8027,-2021,-3877,0,0
4,-1113,769,6572,-1347,-3177,0,0
-34,-1234,729,5068,-1034,-2999,0,0
252,-976,63,4534,-1002,-2156,0,0
298,-793,-599,2660,-1033,-1233,0,0
134,-165,-1120,1218,-1392,-1219,0,0
337,389,-1196,1163,-1784,-568,0,0
459,-100,-786,99,-1529,681,0,0
465,456,-494,-380,-856,125,0,0
455,1032,-208,78,-816,-197,0,0
57,409,136,406,-937,-207,0,0
-392,319,487,378,-617,-608,0,0
-463,320,784,784,-259,-874,0,0
-329,-354,958,1543,-429,-823,0,0
-163,-529,889,2901,-790,-1880,0,0
85,-395,880,4416,-1736,-1948,0,0
78,-685,859,3938,-1640,-2486,0,0
145,-126,426,3178,-2098,-2839,0,0
211,81,-143,4099,-2094,-3805,0,0
35,-295,-386,3580,-2280,-3355,0,0
-65,160,-268,4050,-2792,-3337,0,0
12,124,-257,3842,-3083,-2963,0,0
167,231,-402,4733,-3373,-3758,0,0
221,510,-663,6260,-3046,-4505,0,0
63,63,-387,6633,-3046,-4310,0,0
-228,-512,221,5118,-3802,-3894,0,0
-420,-463,704,4644,-3738,-3736,0,0
-384,-537,963,4341,-3207,-2594,0,0
-590,-206,1042,3410,-2559,-1526,0,0
-711,562,577,2478,-992,-2531,0,0
-188,952,-173,1522,155,-1641,0,0
193,1041,-448,1040,50,247,0,0
83,464,-537,447,171,-306,0,0
331,151,-694,529,198,-840,0,0
619,-289,-587,646,-48,55,0,0
545,-600,-118,12,-91,178,0,0
408,-424,86,-799,-172,-207,0,0
197,-429,164,-882,-814,31,0,0
-170,-615,303,-282,-1574,-809,0,0
-324,-748,438,1526,-1901,-2069,0,0
-179,-602,350,4161,-2720,-2825,0,0
-50,130,331,4661,-3636,-3373,0,0
-117,671,450,4253,-3792,-2875,0,0
-469,419,710,4183,-2762,-3305,0,0
-484,508,599,4754,-2937,-3368,0,0
-478,848,645,5151,-3917,-3463,0,0
-456,359,899,5429,-3460,-4824,0,0
-135,362,607,6757,-3613,-4485,0,0
-154,236,639,7180,-3005,-4056,0,0
-455,-999,784,5405,-2211,-3370,0,0
-488,-976,390,4971,-1828,-3429,0,0
-127,-321,-673,5896,-927,-2459,0,0
410,-249,-1684,5004,-581,-3222,0,0
841,-816,-2230,2238,-2539,-1830,0,0
1034,-190,-2080,-966,-3048,616,0,0
1177,306,-1481,-2151,-1965,713,0,0
1018,722,-1526,-1604,-703,587,0,0
583,2075,-1060,1005,-1385,706,0,0
-428,1552,-370,835,-1391,298,0,0
-950,1477,-152,-167,-339,-790,0,0
-688,1521,-7,776,-331,-557,0,0
-602,1079,313,876,-116,-516,0,0
-478,606,700,1798,-625,-1590,0,0
-2312,-143,666,2861,-1203,-906,0,0
159,436,422,5718,-1590,-1134,0,0
383,304,143,5705,-464,-1483,0,0
380,758,-32,5812,-2414,-1854,0,0
254,-161,-104,5231,-2494,-1480,0,0
504,46,-74,5215,-2576,-1077,0,0
560,192,205,5789,-3618,-1067,0,0
409,-342,-268,6496,-2966,-945,0,0
593,492,-857,9374,-2695,-2594,0,0
261,-811,-329,8761,-4134,-3309,0,0
-253,-1828,567,6575,-4029,-3413,0,0
-529,-1933,1160,5893,-3583,-2107,0,0
-789,-2074,1300,4977,-2522,-85,0,0
-807,-1140,1255,2317,-788,616,0,0
-284,217,356,452,225,-325,0,0
262,1075,-790,856,263,72,0,0
250,1146,-1147,1950,487,-327,0,0
160,296,-1073,994,512,-1313,0,0
351,87,-1010,-16,-296,-367,0,0
435,112,-637,150,-620,-142,0,0
267,-356,-340,161,-862,-445,0,0
161,-310,-244,274,-1061,-564,0,0
23,-249,91,153,-1166,-226,0,0
-493,-640,556,1213,-1598,-1064,0,0
-729,-575,1004,3382,-1771,-2090,0,0
-711,-724,1206,4627,-2422,-1246,0,0
-820,-105,1222,4315,-2901,-2241,0,0
-705,123,809,4346,-2310,-2420,0,0
-400,311,152,6942,-2027,-3408,0,0
-69,120,58,7175,-1975,-2952,0,0
5,-121,-3,6527,-2351,-4212,0,0
285,-293,-285,6055,-2713,-3616,0,0
115,-224,-406,5817,-2529,-3129,0,0
-222,-65,-250,5184,-2149,-3270,0,0
-288,-262,-1,3934,-1885,-2940,0,0
-209,-262,59,3161,-1827,-3077,0,0
-17,-35,-8,3058,-1849,-2951,0,0
132,101,32,2872,-1881,-2496,0,0
101,143,127,1961,-1551,-1750,0,0
-53,416,-48,774,-980,-692,0,0
-243,756,-376,1602,-682,-584,0,0
-460,350,-376,2606,-860,-425,0,0
-663,150,72,3237,-962,-371,0,0
-623,166,419,3295,-1068,-1176,0,0
-278,48,394,3009,-1443,-1172,0,0
-68,-197,374,3124,-1722,-1250,0,0
95,-646,422,2994,-1422,-1210,0,0
333,-877,495,3278,-1018,-1181,0,0
771,-1407,327,3889,-677,-1786,0,0
1305,-1603,-235,3528,-837,-2038,0,0
1364,-976,-664,2443,-1308,-2859,0,0
1149,-772,-925,1635,-1466,-3179,0,0
951,-593,-850,1782,-2232,-2465,0,0
575,-397,-459,1980,-2785,-2421,0,0
327,-290,-235,2289,-2355,-3212,0,0
439,-268,-112,2530,-1961,-2987,0,0
418,-203,69,2262,-2026,-2632,0,0
194,-130,277,1977,-1932,-3155,0,0
52,-398,448,1690,-1788,-3182,0,0
-75,-545,544,1555,-1887,-2848,0,0
-199,-396,598,1756,-1949,-2968,0,0
-253,-290,506,1972,-2185,-3065,0,0
-265,56,222,2327,-2182,-3064,0,0
-256,341,7,2519,-1954,-2687,0,0
-265,241,113,2383,-1896,-2250,0,0
-275,-244,386,2258,-2236,-2135,0,0
-227,-647,443,1968,-2489,-2379,0,0
-32,-299,39,1760,-2299,-2891,0,0
270,521,-382,2230,-2012,-2969,0,0
332,465,-394,2429,-2277,-2419,0,0
50,-10,-188,2112,-2454,-2567,0,0
-88,-48,-153,1984,-2371,-2852,0,0
24,13,-315,2257,-2305,-2812,0,0
159,84,-368,2394,-2339,-2511,0,0
116,142,-215,2368,-2302,-2396,0,0
20,73,-155,2158,-2160,-2735,0,0
74,65,-207,2125,-2130,-2693,0,0
120,69,-252,2334,-2205,-2599,0,0
93,86,-191,2493,-2209,-2599,0,0
43,66,-97,2482,-2151,-2622,0,0
30,79,-45,2380,-2109,-2643,0,0
57,110,-38,2308,-2052,-2605,0,0
81,120,-29,2409,-2078,-2522,0,0
61,4,-22,2469,-2105,-2514,0,0
48,11,-41,2458,-2068,-2614,0,0
70,171,-101,2704,-2094,-2779,0,0
36,179,-53,2736,-2132,-2675,0,0
-109,12,94,2417,-2072,-2520,0,0
-243,-45,166,2226,-1972,-2617,0,0
-253,14,93,2401,-1983,-2644,0,0
-217,64,16,2697,-1997,-2608,0,0
-199,47,32,2688,-1978,-2593,0,0
-173,38,57,2555,-1974,-2569,0,0
-155,13,69,2596,-2035,-2559,0,0
-153,-42,76,2583,-2016,-2481,0,0
-152,-39,77,2509,-1911,-2410,0,0
-145,-21,68,2497,-1829,-2451,0,0
-113,-48,54,2427,-1764,-2463,0,0
-42,-18,0,2453,-1795,-2485,0,0
23,75,-79,2542,-1906,-2554,0,0
48,128,-116,2515,-1882,-2563,0,0
15,115,-113,2502,-1845,-2651,0,0
-17,98,-131,2539,-1866,-2727,0,0
-47,83,-132,2651,-1904,-2666,0,0
-89,23,-91,2565,-1849,-2647,0,0
-107,-5,-75,2566,-1829,-2704,0,0
-108,-58,-80,2573,-1792,-2644,0,0
-104,-60,-70,2582,-1811,-2662,0,0
-95,-91,-54,2773,-1687,-2740,0,0
-44,-194,14,2545,-1598,-2291,0,0
-17,-47,7,2356,-1633,-2435,0,0
16,107,-99,2716,-1640,-2928,0,0
54,-52,-124,2791,-1582,-2694,0,0
62,-138,-47,2610,-1628,-2474,0,0
82,-33,-62,2443,-1594,-2685,0,0
122,98,-183,2489,-1586,-2814,0,0
100,120,-233,2708,-1639,-2828,0,0
31,15,-160,2772,-1667,-2814,0,0
-3,-79,-74,2644,-1738,-2767,0,0
23,-80,-51,2593,-1750,-2681,0,0
46,-15,-38,2643,-1688,-2632,0,0
33,18,-15,2674,-1583,-2696,0,0
7,-1,-17,2696,-1501,-2745,0,0
0,-50,-43,2640,-1486,-2698,0,0
14,-67,-72,2592,-1519,-2627,0,0
28,-25,-120,2647,-1531,-2681,0,0
48,14,-154,2740,-1558,-2784,0,0
53,-29,-132,2702,-1622,-2737,0,0
37,-72,-68,2583,-1619,-2645,0,0
17,-64,-28,2482,-1546,-2613,0,0
22,-2,-29,2548,-1491,-2691,0,0
50,1,-40,2708,-1468,-2714,0,0
67,-41,-12,2671,-1420,-2603,0,0
55,-10,21,2591,-1428,-2623,0,0
42,29,15,2596,-1429,-2703,0,0
30,-12,20,2590,-1449,-2571,0,0
31,-56,63,2498,-1481,-2485,0,0
64,-1,58,2490,-1501,-2576,0,0
101,93,-17,2610,-1569,-2651,0,0
95,148,-62,2725,-1649,-2702,0,0
60,136,-40,2853,-1631,-2768,0,0
17,16,-5,2760,-1640,-2687,0,0
-7,-33,20,2663,-1635,-2609,0,0
2,-9,17,2619,-1666,-2623,0,0
26,4,2,2740,-1748,-2659,0,0
37,-56,3,2756,-1743,-2530,0,0
37,-37,33,2709,-1694,-2545,0,0
36,3,45,2681,-1668,-2561,0,0
-1,-13,37,2621,-1717,-2548,0,0
-30,9,30,2635,-1708,-2580,0,0
-31,23,14,2711,-1740,-2589,0,0
-22,27,18,2682,-1747,-2606,0,0
-18,7,38,2646,-1712,-2616,0,0
-5,-12,45,2661,-1687,-2639,0,0
26,-26,33,2714,-1683,-2599,0,0
48,-22,17,2658,-1609,-2553,0,0
54,10,8,2648,-1569,-2562,0,0
48,13,-29,2615,-1556,-2604,0,0
48,13,-57,2639,-1555,-2604,0,0
51,11,-89,2676,-1571,-2616,0,0
65,0,-97,2701,-1582,-2638,0,0
81,4,-108,2697,-1614,-2713,0,0
87,3,-105,2761,-1641,-2737,0,0
53,-67,-62,2745,-1666,-2668,0,0
-15,-115,5,2632,-1676,-2638,0,0
-74,-97,21,2556,-1671,-2616,0,0
-96,-28,25,2676,-1704,-2621,0,0
-116,-19,73,2746,-1775,-2579,0,0
-127,-16,113,2670,-1724,-2604,0,0
-107,14,119,2657,-1689,-2643,0,0
-101,-32,133,2641,-1691,-2543,0,0
-101,-63,150,2570,-1693,-2500,0,0
-60,16,122,2573,-1691,-2557,0,0
-16,91,88,2688,-1743,-2585,0,0
-9,63,100,2678,-1789,-2587,0,0
-8,-6,147,2568,-1811,-2535,0,0
-8,-48,170,2479,-1808,-2479,0,0
14,-28,174,2529,-1811,-2486,0,0
28,0,156,2601,-1845,-2509,0,0
31,23,136,2657,-1868,-2470,0,0
6,45,133,2588,-1874,-2465,0,0
-24,108,112,2524,-1828,-2495,0,0
-41,148,71,2557,-1881,-2512,0,0
-51,158,64,2638,-1966,-2527,0,0
-56,129,86,2609,-2004,-2534,0,0
-48,125,99,2556,-1967,-2557,0,0
-39,129,96,2599,-1950,-2565,0,0
-41,84,96,2719,-1939,-2567,0,0
-40,24,117,2724,-1911,-2513,0,0
-49,4,119,2613,-1874,-2478,0,0
-60,24,89,2578,-1826,-2500,0,0
-64,26,43,2604,-1832,-2522,0,0
-48,18,13,2650,-1829,-2512,0,0
-18,18,10,2717,-1837,-2544,0,0
18,-3,-10,2668,-1788,-2506,0,0
37,29,-40,2654,-1834,-2512,0,0
37,44,-50,2752,-1890,-2626,0,0
19,-46,-21,2699,-1900,-2534,0,0
-3,-74,14,2558,-1840,-2527,0,0
-3,-61,-8,2565,-1803,-2555,0,0
16,-54,-42,2622,-1832,-2512,0,0
40,-32,-48,2700,-1865,-2533,0,0
47,-39,-45,2641,-1833,-2555,0,0
57,-11,-57,2638,-1795,-2573,0,0
48,-31,-69,2666,-1857,-2564,0,0
28,-93,-42,2616,-1899,-2510,0,0
22,-73,-33,2574,-1892,-2541,0,0
32,-19,-52,2627,-1863,-2571,0,0
20,-40,-37,2640,-1920,-2501,0,0
0,-53,14,2543,-1961,-2498,0,0
19,-44,46,2481,-1956,-2485,0,0
44,-9,38,2492,-1913,-2422,0,0
54,42,25,2627,-1867,-2502,0,0
68,2,23,2659,-1819,-2488,0,0
84,-1,16,2606,-1788,-2450,0,0
102,74,-30,2671,-1758,-2623,0,0
119,51,-82,2771,-1776,-2734,0,0
95,-57,-79,2698,-1794,-2578,0,0
56,-63,-52,2619,-1786,-2579,0,0
73,-66,-62,2551,-1865,-2556,0,0
115,-15,-87,2502,-1852,-2506,0,0
139,71,-97,2646,-1885,-2551,0,0
126,-13,-72,2716,-1979,-2451,0,0
88,-90,-16,2631,-2017,-2284,0,0
64,-46,9,2544,-1991,-2321,0,0
72,5,-14,2547,-2045,-2374,0,0
69,75,-22,2639,-2129,-2418,0,0
19,53,19,2670,-2165,-2416,0,0
-32,-1,70,2630,-2174,-2355,0,0
-36,3,96,2573,-2139,-2330,0,0
-11,46,83,2599,-2156,-2346,0,0
0,68,63,2688,-2102,-2376,0,0
-25,43,61,2681,-2050,-2328,0,0
-70,38,57,2624,-2004,-2379,0,0
-89,43,9,2663,-1989,-2474,0,0
-72,30,-44,2731,-2020,-2461,0,0
-71,-16,-55,2686,-2001,-2371,0,0
-76,-35,-57,2620,-1927,-2405,0,0
-45,-39,-57,2603,-1914,-2373,0,0
-10,-11,-83,2658,-1962,-2436,0,0
19,-3,-108,2773,-1956,-2514,0,0
-18,-57,-97,2653,-1899,-2423,0,0
-110,21,-57,2598,-1861,-2404,0,0
-168,44,-12,2677,-1904,-2494,0,0
-130,-38,30,2575,-1945,-2396,0,0
-71,40,66,2654,-1911,-2403,0,0
-47,86,65,2755,-1791,-2526,0,0
-56,58,76,2708,-1779,-2449,0,0
-111,53,92,2634,-1831,-2441,0,0
-150,58,109,2606,-1889,-2412,0,0
-167,105,99,2640,-1915,-2437,0,0
-188,153,104,2739,-1843,-2491,0,0
-216,125,120,2766,-1834,-2502,0,0
-232,97,139,2719,-1815,-2477,0,0
-235,90,145,2705,-1848,-2434,0,0
-239,109,137,2707,-1819,-2447,0,0
-236,108,156,2737,-1831,-2450,0,0
-220,85,173,2721,-1804,-2446,0,0
-207,96,176,2760,-1758,-2460,0,0
-199,88,155,2736,-1730,-2526,0,0
-200,76,135,2723,-1718,-2552,0,0
-214,53,119,2756,-1750,-2593,0,0
-224,0,123,2723,-1771,-2629,0,0
-207,-55,128,2708,-1776,-2532,0,0
-155,-47,124,2701,-1666,-2548,0,0
-63,-28,97,2723,-1613,-2572,0,0
21,-32,47,2738,-1575,-2534,0,0
62,-30,-2,2690,-1567,-2529,0,0
77,-10,-55,2690,-1556,-2553,0,0
81,-11,-100,2739,-1561,-2594,0,0
110,-46,-133,2721,-1586,-2604,0,0
159,-78,-165,2676,-1620,-2538,0,0
187,-70,-194,2650,-1649,-2550,0,0
219,-37,-213,2706,-1662,-2655,0,0
221,-97,-214,2734,-1737,-2521,0,0
186,-158,-166,2614,-1753,-2388,0,0
165,-102,-123,2584,-1757,-2419,0,0
154,-28,-130,2654,-1742,-2493,0,0
125,-4,-130,2751,-1781,-2487,0,0
85,-21,-88,2750,-1805,-2500,0,0
72,-53,-42,2653,-1850,-2481,0,0
77,-17,-28,2629,-1872,-2507,0,0
76,-11,-12,2656,-1844,-2523,0,0
72,-31,7,2687,-1867,-2523,0,0
59,-35,29,2778,-1895,-2489,0,0
18,-75,57,2663,-1863,-2418,0,0
-14,-29,66,2583,-1830,-2460,0,0
-34,11,35,2634,-1832,-2525,0,0
-34,10,13,2701,-1832,-2486,0,0
-40,3,25,2699,-1856,-2469,0,0
-40,-2,27,2625,-1820,-2485,0,0
-26,9,22,2680,-1837,-2485,0,0
-13,-4,23,2754,-1845,-2512,0,0
3,-22,35,2734,-1805,-2482,0,0
4,-34,49,2656,-1802,-2472,0,0
-3,-42,35,2582,-1781,-2528,0,0
-8,20,-3,2675,-1800,-2602,0,0
-32,16,2,2750,-1844,-2653,0,0
-67,-70,41,2665,-1901,-2608,0,0
-82,-107,58,2546,-1868,-2499,0,0
-52,-45,56,2615,-1853,-2532,0,0
-13,-21,49,2681,-1877,-2535,0,0
3,-35,64,2621,-1866,-2449,0,0
-14,18,72,2559,-1814,-2496,0,0
-50,86,42,2604,-1791,-2549,0,0
-92,96,13,2692,-1831,-2580,0,0
-101,49,18,2692,-1867,-2543,0,0
-86,4,35,2617,-1878,-2448,0,0
-56,22,23,2607,-1812,-2495,0,0
-11,37,14,2712,-1839,-2513,0,0
-1,-1,31,2710,-1849,-2447,0,0
-5,-25,48,2627,-1799,-2453,0,0
-3,-11,31,2570,-1740,-2455,0,0
0,15,9,2578,-1754,-2453,0,0
10,49,-6,2624,-1773,-2515,0,0
22,37,-23,2692,-1756,-2525,0,0
23,9,-29,2675,-1757,-2502,0,0
34,38,-45,2684,-1744,-2550,0,0
54,22,-56,2705,-1757,-2566,0,0
76,5,-58,2714,-1753,-2578,0,0
97,-12,-55,2717,-1767,-2541,0,0
98,-30,-50,2640,-1717,-2530,0,0
87,-4,-72,2635,-1700,-2555,0,0
68,1,-99,2741,-1757,-2587,0,0
55,-45,-86,2718,-1774,-2548,0,0
57,-48,-71,2678,-1774,-2529,0,0
68,-37,-72,2661,-1754,-2511,0,0
75,-32,-72,2670,-1758,-2525,0,0
86,-28,-71,2758,-1764,-2522,0,0
87,-45,-55,2749,-1794,-2501,0,0
75,-59,-32,2678,-1775,-2547,0,0
67,-69,-31,2679,-1757,-2537,0,0
65,-66,-34,2722,-1750,-2504,0,0
68,-35,-27,2666,-1766,-2409,0,0
36,31,-22,2582,-1858,-2542,0,0
-28,19,-27,2595,-1883,-2628,0,0
-68,-11,3,2763,-1918,-2542,0,0
-58,-67,75,2786,-1923,-2485,0,0
-12,-93,123,2655,-1847,-2434,0,0
30,-4,100,2625,-1751,-2487,0,0
21,39,60,2672,-1717,-2510,0,0
-31,5,54,2630,-1734,-2472,0,0
-52,12,31,2589,-1756,-2489,0,0
-30,52,-14,2691,-1813,-2530,0,0
-4,66,-43,2724,-1798,-2628,0,0
4,36,-42,2745,-1873,-2660,0,0
-16,-54,-4,2639,-1916,-2527,0,0
-25,-87,36,2554,-1888,-2428,0,0
-3,-53,35,2562,-1806,-2400,0,0
28,-18,13,2570,-1817,-2352,0,0
48,21,18,2592,-1838,-2328,0,0
54,76,10,2608,-1816,-2398,0,0
47,116,-13,2699,-1855,-2435,0,0
30,116,-30,2703,-1839,-2454,0,0
24,119,-28,2775,-1905,-2499,0,0
24,63,-11,2780,-1915,-2485,0,0
42,7,16,2734,-1873,-2432,0,0
71,2,12,2691,-1831,-2426,0,0
93,11,-16,2730,-1812,-2433,0,0
92,2,-40,2766,-1825,-2438,0,0
81,-14,-54,2730,-1808,-2423,0,0
81,-26,-69,2691,-1830,-2399,0,0
82,-18,-91,2699,-1851,-2422,0,0
86,-3,-109,2809,-1903,-2439,0,0
84,-31,-88,2824,-1942,-2401,0,0
75,-75,-37,2735,-1914,-2360,0,0
83,-67,-31,2664,-1863,-2349,0,0
102,-30,-55,2713,-1851,-2345,0,0
106,-21,-51,2786,-1903,-2356,0,0
97,-16,-32,2781,-1922,-2404,0,0
76,0,-20,2782,-1949,-2463,0,0
22,-20,13,2723,-1938,-2463,0,0
-55,-65,68,2665,-1976,-2390,0,0
-94,-76,96,2681,-2043,-2393,0,0
-59,-56,116,2709,-2016,-2354,0,0
-26,-2,121,2665,-1972,-2360,0,0
-32,44,102,2674,-1986,-2397,0,0
-78,61,91,2742,-2002,-2436,0,0
-147,26,100,2752,-1964,-2447,0,0
-190,-23,95,2663,-1998,-2359,0,0
-183,9,68,2615,-2030,-2397,0,0
-131,32,51,2737,-2065,-2437,0,0
-102,-34,79,2737,-2052,-2362,0,0
-91,-74,124,2641,-1988,-2352,0,0
-78,-55,120,2568,-1886,-2384,0,0
-62,-44,78,2611,-1856,-2409,0,0
-44,-67,59,2637,-1923,-2390,0,0
-22,-80,60,2547,-1897,-2407,0,0
7,-26,31,2562,-1912,-2453,0,0
22,40,-6,2589,-1905,-2542,0,0
20,83,-12,2684,-1948,-2559,0,0
-5,28,21,2671,-1945,-2535,0,0
-18,-35,66,2573,-1920,-2460,0,0
3,-36,70,2504,-1869,-2499,0,0
36,-46,32,2591,-1861,-2465,0,0
-8,-60,12,2631,-1942,-2343,0,0
-52,24,19,2726,-1977,-2502,0,0
-15,-28,18,2656,-2020,-2532,0,0
22,-41,26,2533,-2022,-2503,0,0
-7,29,56,2513,-1932,-2559,0,0
-61,5,70,2539,-1917,-2503,0,0
-85,1,75,2588,-1933,-2457,0,0
-78,19,65,2619,-1954,-2463,0,0
-38,34,44,2597,-1914,-2482,0,0
3,44,20,2606,-1910,-2490,0,0
25,38,10,2617,-1929,-2530,0,0
36,18,0,2627,-1941,-2520,0,0
33,-3,1,2598,-1934,-2519,0,0
39,-23,1,2540,-1906,-2518,0,0
61,13,-30,2623,-1984,-2593,0,0
68,2,-15,2737,-2071,-2588,0,0
31,-90,51,2609,-2066,-2538,0,0
-2,-121,90,2460,-1998,-2520,0,0
-3,-81,50,2504,-1936,-2494,0,0
24,-49,13,2625,-1954,-2515,0,0
44,-50,5,2554,-2009,-2466,0,0
39,-8,-19,2464,-1996,-2467,0,0
42,66,-48,2541,-2019,-2574,0,0
24,45,-35,2622,-2081,-2582,0,0
3,-21,13,2550,-2039,-2545,0,0
9,-35,25,2473,-2021,-2510,0,0
14,-2,2,2500,-2006,-2525,0,0
18,18,-22,2574,-2044,-2521,0,0
4,-10,-17,2555,-2078,-2475,0,0
-16,-30,0,2466,-2061,-2429,0,0
-36,8,-13,2457,-2044,-2461,0,0
-30,40,-30,2585,-2055,-2512,0,0
-24,-24,-10,2589,-2037,-2451,0,0
-5,-48,9,2504,-1978,-2435,0,0
12,16,-24,2522,-1983,-2471,0,0
-10,44,-57,2661,-1985,-2572,0,0
-45,-32,-37,2662,-1963,-2463,0,0
-52,-47,0,2384,-1957,-2308,0,0
-10,108,-53,2379,-2022,-2532,0,0
18,118,-101,2654,-2064,-2621,0,0
7,23,-30,2772,-2053,-2507,0,0
3,-45,50,2642,-2025,-2503,0,0
34,-48,49,2565,-1973,-2454,0,0
42,-10,31,2581,-1965,-2428,0,0
32,19,22,2564,-1961,-2458,0,0
21,38,-1,2553,-1965,-2471,0,0
7,46,-4,2617,-2041,-2470,0,0
-4,42,24,2590,-2082,-2472,0,0
-19,40,46,2548,-2077,-2470,0,0
-34,59,46,2565,-2026,-2482,0,0
-58,43,50,2615,-2058,-2471,0,0
-78,20,78,2634,-2054,-2440,0,0
-86,27,90,2624,-2049,-2418,0,0
-97,69,76,2637,-2059,-2423,0,0
-127,77,97,2662,-2076,-2454,0,0
-159,31,133,2594,-2127,-2468,0,0
-134,21,141,2596,-2087,-2481,0,0
-87,11,141,2631,-2080,-2413,0,0
-61,23,136,2564,-2032,-2468,0,0
-41,47,114,2637,-2058,-2527,0,0
-57,-3,110,2648,-2043,-2426,0,0
-80,-32,119,2527,-2004,-2377,0,0
-80,29,73,2505,-1977,-2480,0,0
-74,61,5,2593,-1998,-2489,0,0
-80,46,-11,2623,-2053,-2503,0,0
-73,-3,0,2525,-2062,-2480,0,0
-61,-19,7,2479,-2081,-2393,0,0
-50,24,-4,2542,-2052,-2467,0,0
-28,15,4,2641,-2041,-2452,0,0
-27,-42,37,2515,-1967,-2384,0,0
-14,-9,25,2478,-1953,-2410,0,0
-7,65,-39,2582,-1930,-2470,0,0
-30,86,-80,2664,-1941,-2483,0,0
-69,59,-64,2632,-1996,-2493,0,0
-86,13,-41,2528,-1987,-2447,0,0
-53,44,-47,2574,-1985,-2466,0,0
-12,41,-58,2641,-1961,-2468,0,0
16,39,-50,2698,-1966,-2490,0,0
19,16,-31,2726,-1978,-2509,0,0
1,-41,-6,2640,-1946,-2449,0,0
-17,-38,1,2565,-1910,-2457,0,0
-29,-27,-25,2601,-1875,-2439,0,0
-30,-11,-50,2670,-1890,-2462,0,0
-20,3,-54,2686,-1930,-2508,0,0
-14,-19,-52,2653,-1925,-2507,0,0
-28,-22,-52,2653,-1888,-2513,0,0
-41,-20,-47,2662,-1868,-2538,0,0
-47,-57,-39,2647,-1917,-2541,0,0
-39,-89,-17,2657,-1902,-2505,0,0
-30,-97,1,2645,-1879,-2486,0,0
-26,-61,-15,2608,-1818,-2534,0,0
-42,-20,-38,2635,-1790,-2592,0,0
-82,-46,-37,2708,-1825,-2587,0,0
-109,-94,-15,2625,-1824,-2528,0,0
-83,-77,-21,2538,-1804,-2545,0,0
-13,-11,-43,2573,-1791,-2620,0,0
37,2,-48,2659,-1864,-2679,0,0
38,-49,-24,2629,-1845,-2568,0,0
10,-52,8,2548,-1791,-2554,0,0
-12,-8,0,2573,-1742,-2624,0,0
-4,-3,-30,2629,-1740,-2616,0,0
24,-30,-33,2642,-1750,-2575,0,0
75,-47,-35,2601,-1677,-2560,0,0
122,-45,-70,2563,-1641,-2526,0,0
158,-16,-109,2583,-1649,-2619,0,0
171,-42,-116,2646,-1705,-2594,0,0
160,-107,-97,2553,-1713,-2517,0,0
160,-55,-105,2510,-1730,-2577,0,0
143,12,-146,2639,-1777,-2629,0,0
92,-21,-135,2662,-1846,-2553,0,0
49,-32,-73,2625,-1874,-2567,0,0
42,-31,-47,2577,-1837,-2550,0,0
57,-15,-47,2601,-1840,-2544,0,0
73,28,-37,2616,-1832,-2603,0,0
49,13,-18,2662,-1867,-2630,0,0
3,-47,9,2632,-1863,-2554,0,0
-21,-47,32,2597,-1838,-2506,0,0
-19,-17,27,2578,-1805,-2498,0,0
-10,19,2,2636,-1792,-2523,0,0
-21,37,-6,2700,-1811,-2552,0,0
-41,33,3,2650,-1804,-2546,0,0
-65,44,3,2620,-1832,-2577,0,0
-82,31,3,2638,-1804,-2600,0,0
-77,-12,30,2632,-1829,-2551,0,0
-43,-19,44,2645,-1846,-2553,0,0
-12,-7,36,2695,-1830,-2579,0,0
-24,-7,43,2670,-1788,-2589,0,0
-77,-18,60,2617,-1785,-2655,0,0
-128,-55,58,2620,-1780,-2598,0,0
-131,-72,50,2613,-1749,-2556,0,0
-89,-50,38,2620,-1800,-2577,0,0
-45,-18,14,2576,-1763,-2596,0,0
-18,14,8,2591,-1776,-2631,0,0
-35,-4,28,2603,-1826,-2619,0,0
-66,-29,61,2569,-1803,-2571,0,0
-70,5,66,2552,-1760,-2616,0,0
-58,42,36,2583,-1740,-2661,0,0
-56,39,19,2624,-1770,-2653,0,0
-69,-6,36,2573,-1759,-2615,0,0
-71,-35,45,2525,-1751,-2545,0,0
-56,15,23,2537,-1714,-2591,0,0
-24,34,4,2646,-1752,-2620,0,0
-19,-42,22,2621,-1744,-2548,0,0
-5,-68,55,2556,-1683,-2511,0,0
30,-5,43,2468,-1648,-2454,0,0
47,130,-31,2479,-1688,-2599,0,0
22,174,-80,2717,-1795,-2818,0,0
-34,44,-41,2838,-1853,-2740,0,0
-52,-83,43,2644,-1811,-2624,0,0
0,-87,53,2490,-1747,-2606,0,0
52,-42,22,2567,-1733,-2579,0,0
58,-43,13,2611,-1758,-2548,0,0
43,-34,28,2634,-1785,-2536,0,0
13,0,9,2581,-1773,-2557,0,0
-17,41,-22,2570,-1747,-2608,0,0
-36,53,-40,2616,-1776,-2651,0,0
-49,29,-33,2649,-1832,-2657,0,0
-46,-31,0,2603,-1846,-2574,0,0
-32,-28,18,2571,-1787,-2584,0,0
-6,1,0,2585,-1730,-2582,0,0
-12,-6,-3,2649,-1769,-2618,0,0
-39,-37,11,2644,-1757,-2620,0,0
-49,-23,4,2572,-1713,-2621,0,0
-70,36,-18,2612,-1715,-2707,0,0
-121,11,-14,2677,-1738,-2720,0,0
-155,-62,15,2590,-1751,-2656,0,0
-128,-63,33,2528,-1771,-2608,0,0
-91,-40,37,2534,-1782,-2590,0,0
-50,21,38,2570,-1742,-2649,0,0
-44,61,46,2644,-1768,-2664,0,0
-83,40,64,2626,-1738,-2619,0,0
-107,39,79,2575,-1709,-2607,0,0
-97,73,68,2579,-1679,-2639,0,0
-77,95,45,2640,-1668,-2677,0,0
-57,60,33,2631,-1682,-2658,0,0
-36,39,34,2594,-1688,-2635,0,0
-34,34,20,2616,-1692,-2595,0,0
-22,34,6,2662,-1649,-2680,0,0
-3,-28,16,2685,-1657,-2603,0,0
13,-84,29,2592,-1630,-2529,0,0
52,-61,21,2507,-1598,-2514,0,0
87,-3,-15,2528,-1575,-2561,0,0
86,55,-61,2633,-1627,-2633,0,0
54,48,-81,2687,-1659,-2656,0,0
22,-12,-68,2634,-1672,-2598,0,0
32,-24,-70,2585,-1699,-2589,0,0
95,28,-88,2657,-1686,-2617,0,0
136,1,-88,2739,-1706,-2632,0,0
149,-68,-65,2635,-1672,-2597,0,0
157,-53,-49,2625,-1662,-2622,0,0
153,-53,-60,2629,-1630,-2613,0,0
150,-14,-80,2637,-1627,-2632,0,0
128,-3,-84,2698,-1688,-2670,0,0
110,-56,-71,2639,-1682,-2632,0,0
119,-64,-68,2613,-1648,-2626,0,0
151,-53,-82,2629,-1626,-2633,0,0
186,-70,-88,2666,-1670,-2652,0,0
217,-107,-103,2703,-1705,-2626,0,0
225,-103,-121,2679,-1764,-2545,0,0
181,-64,-116,2559,-1759,-2606,0,0
116,-25,-118,2545,-1773,-2652,0,0
50,-20,-106,2630,-1841,-2639,0,0
4,-29,-69,2651,-1841,-2631,0,0
-35,-37,-37,2630,-1820,-2675,0,0
-77,-39,-13,2663,-1760,-2672,0,0
-121,-69,10,2668,-1740,-2650,0,0
-127,-94,11,2615,-1727,-2592,0,0
-98,-78,6,2554,-1730,-2582,0,0
-66,-16,-1,2538,-1734,-2619,0,0
-68,42,-13,2597,-1685,-2628,0,0
-84,52,-15,2639,-1665,-2643,0,0
-90,46,2,2616,-1701,-2652,0,0
-95,38,14,2551,-1717,-2588,0,0
-86,85,9,2609,-1627,-2671,0,0
-63,62,25,2755,-1658,-2713,0,0
-63,-15,60,2677,-1653,-2638,0,0
-59,-26,70,2607,-1644,-2587,0,0
-47,0,55,2587,-1613,-2603,0,0
-38,26,42,2632,-1608,-2618,0,0
-30,9,37,2652,-1645,-2597,0,0
-16,-12,45,2595,-1628,-2579,0,0
-3,-14,40,2572,-1632,-2558,0,0
5,17,15,2575,-1594,-2619,0,0
19,51,-15,2678,-1620,-2644,0,0
7,12,-18,2744,-1640,-2608,0,0
2,-34,6,2656,-1626,-2561,0,0
11,-3,0,2599,-1585,-2613,0,0
15,36,-35,2714,-1592,-2651,0,0
-1,-36,-39,2682,-1598,-2599,0,0
14,-21,-36,2658,-1577,-2703,0,0
29,-32,-63,2703,-1652,-2640,0,0
8,-73,-61,2612,-1656,-2595,0,0
11,-13,-45,2662,-1674,-2692,0,0
8,-66,-43,2705,-1690,-2639,0,0
18,-110,-15,2651,-1641,-2595,0,0
38,-83,-1,2586,-1585,-2619,0,0
50,-27,-37,2589,-1556,-2601,0,0
37,15,-69,2645,-1625,-2630,0,0
23,14,-57,2645,-1672,-2676,0,0
23,-6,-34,2608,-1683,-2645,0,0
27,-6,-23,2577,-1652,-2641,0,0
27,36,-22,2647,-1630,-2670,0,0
12,10,-16,2714,-1652,-2696,0,0
7,-36,21,2682,-1648,-2629,0,0
3,-26,33,2620,-1650,-2593,0,0
-2,18,20,2619,-1624,-2644,0,0
-14,35,4,2708,-1617,-2668,0,0
-38,12,16,2717,-1640,-2681,0,0
-61,-37,51,2668,-1669,-2640,0,0
-80,-73,62,2583,-1649,-2594,0,0
-43,-36,42,2603,-1595,-2648,0,0
5,-29,31,2679,-1677,-2662,0,0
21,-56,47,2637,-1703,-2604,0,0
28,-27,60,2555,-1649,-2632,0,0
24,40,49,2576,-1563,-2752,0,0
2,55,29,2659,-1521,-2796,0,0
-13,39,25,2652,-1555,-2776,0,0
4,37,17,2611,-1540,-2795,0,0
27,30,-10,2531,-1542,-2700,0,0
60,88,-41,2558,-1564,-2843,0,0
74,61,-28,2698,-1701,-2811,0,0
28,-52,75,2515,-1708,-2717,0,0
-26,-118,172,2214,-1688,-2661,0,0
-77,-47,213,2206,-1733,-2699,0,0
-129,34,256,2433,-1770,-2722,0,0
-178,75,301,2576,-1742,-2671,0,0
-196,134,287,2649,-1693,-2677,0,0
-191,179,216,2672,-1660,-2644,0,0
-166,214,142,2654,-1661,-2688,0,0
-122,153,136,2636,-1728,-2722,0,0
-89,23,175,2534,-1706,-2610,0,0
-64,-16,175,2459,-1688,-2551,0,0
-44,49,96,2556,-1668,-2626,0,0
-57,82,4,2720,-1679,-2646,0,0
-94,36,-18,2721,-1738,-2602,0,0
-99,6,1,2602,-1759,-2546,0,0
-71,18,-6,2548,-1833,-2459,0,0
-33,79,-36,2561,-1829,-2514,0,0
-7,133,-41,2681,-1811,-2548,0,0
-40,101,-16,2722,-1808,-2550,0,0
-86,63,37,2696,-1797,-2553,0,0
-118,40,61,2608,-1785,-2501,0,0
-112,71,42,2667,-1738,-2533,0,0
-77,71,28,2778,-1740,-2580,0,0
-46,31,24,2796,-1709,-2603,0,0
-33,1,26,2794,-1696,-2575,0,0
-53,-55,34,2708,-1688,-2510,0,0
-55,-56,32,2621,-1692,-2456,0,0
-15,-17,22,2682,-1763,-2535,0,0
40,-18,19,2690,-1795,-2501,0,0
69,9,24,2635,-1786,-2575,0,0
70,46,19,2653,-1745,-2678,0,0
20,26,21,2743,-1753,-2634,0,0
-30,-49,39,2683,-1766,-2550,0,0
-11,-82,50,2574,-1739,-2505,0,0
37,-41,15,2559,-1699,-2485,0,0
89,37,-33,2708,-1704,-2587,0,0
107,-3,-51,2766,-1774,-2534,0,0
87,-58,-21,2626,-1746,-2513,0,0
82,-34,-31,2532,-1715,-2552,0,0
92,8,-76,2645,-1717,-2591,0,0
96,-32,-86,2706,-1778,-2559,0,0
109,-107,-62,2571,-1751,-2499,0,0
144,-80,-63,2567,-1740,-2485,0,0
142,-47,-92,2659,-1798,-2508,0,0
110,-61,-101,2674,-1838,-2589,0,0
87,-96,-61,2675,-1828,-2722,0,0
102,-188,-13,2783,-1757,-2583,0,0
163,-223,-6,2620,-1737,-2417,0,0
245,-88,-35,2472,-1705,-2465,0,0
278,15,-111,2444,-1786,-2602,0,0
246,14,-132,2532,-1895,-2624,0,0
177,-20,-103,2571,-1905,-2605,0,0
135,-22,-77,2555,-1893,-2528,0,0
135,46,-79,2631,-1909,-2495,0,0
131,96,-96,2682,-2017,-2503,0,0
85,101,-63,2627,-2048,-2531,0,0
-11,77,-2,2630,-2068,-2539,0,0
-114,31,55,2580,-1978,-2535,0,0
-173,23,94,2600,-1906,-2471,0,0
-190,43,108,2696,-1939,-2502,0,0
-174,37,123,2719,-1922,-2513,0,0
-172,25,132,2686,-1861,-2510,0,0
-188,39,115,2622,-1723,-2598,0,0
-205,49,89,2723,-1782,-2623,0,0
-247,-19,102,2758,-1886,-2590,0,0
-251,-92,138,2591,-1879,-2510,0,0
-190,-38,131,2507,-1812,-2547,0,0
-125,28,84,2601,-1759,-2581,0,0
-102,24,66,2667,-1754,-2575,0,0
-107,0,70,2595,-1732,-2585,0,0
-109,10,43,2585,-1769,-2535,0,0
-103,39,10,2603,-1723,-2573,0,0
-63,41,-2,2666,-1726,-2655,0,0
-28,-17,-8,2653,-1761,-2592,0,0
2,-45,2,2583,-1757,-2542,0,0
34,-32,-10,2521,-1702,-2566,0,0
53,7,-50,2573,-1690,-2592,0,0
50,7,-63,2642,-1760,-2593,0,0
40,-45,-34,2617,-1757,-2564,0,0
52,-58,-21,2514,-1724,-2510,0,0
71,20,-52,2585,-1718,-2564,0,0
76,41,-69,2696,-1739,-2610,0,0
61,-12,-46,2669,-1776,-2591,0,0
54,-55,-25,2568,-1774,-2554,0,0
66,-21,-41,2553,-1741,-2595,0,0
68,18,-72,2660,-1719,-2651,0,0
45,-12,-76,2690,-1760,-2686,0,0
17,-67,-49,2630,-1813,-2618,0,0
0,-46,-19,2607,-1825,-2591,0,0
1,-47,4,2572,-1802,-2613,0,0
22,-28,6,2558,-1784,-2655,0,0
34,-44,5,2626,-1776,-2643,0,0
25,-99,28,2602,-1756,-2506,0,0
20,-68,39,2520,-1772,-2479,0,0
23,31,5,2531,-1757,-2545,0,0
13,91,-23,2635,-1767,-2584,0,0
-10,68,-9,2634,-1797,-2605,0,0
-12,59,4,2588,-1785,-2647,0,0
-14,32,3,2627,-1800,-2632,0,0
-17,3,7,2607,-1742,-2617,0,0
7,8,10,2686,-1763,-2603,0,0
28,-37,21,2687,-1767,-2578,0,0
50,-73,40,2618,-1751,-2512,0,0
73,-40,25,2561,-1735,-2527,0,0
101,16,-15,2594,-1723,-2550,0,0
94,55,-37,2668,-1810,-2628,0,0
50,29,-12,2692,-1903,-2728,0,0
-31,-70,26,2750,-1970,-2681,0,0
-72,-197,74,2559,-1751,-2565,0,0
29,-138,104,2355,-1695,-2416,0,0
142,82,26,2419,-1864,-2552,0,0
145,149,-54,2625,-1951,-2594,0,0
35,100,3,2689,-1951,-2619,0,0
-77,42,86,2607,-1907,-2677,0,0
-92,8,85,2588,-1856,-2574,0,0
-62,15,62,2619,-1834,-2529,0,0
-40,17,45,2589,-1846,-2505,0,0
-51,43,19,2569,-1841,-2495,0,0
-67,77,5,2630,-1867,-2553,0,0
-86,54,29,2633,-1909,-2520,0,0
-91,31,62,2571,-1912,-2481,0,0
-62,46,46,2534,-1881,-2465,0,0
-27,61,30,2614,-1853,-2485,0,0
-17,18,41,2607,-1847,-2451,0,0
-13,42,33,2628,-1831,-2452,0,0
-16,69,11,2668,-1830,-2445,0,0
-39,62,10,2680,-1859,-2482,0,0
-41,75,-6,2707,-1851,-2536,0,0
-23,22,1,2737,-1888,-2498,0,0
0,-62,41,2614,-1876,-2474,0,0
39,-33,33,2605,-1905,-2504,0,0
52,-32,4,2640,-1874,-2468,0,0
31,-11,-6,2670,-1896,-2469,0,0
-3,-8,5,2695,-1954,-2492,0,0
-1,-18,7,2609,-1899,-2468,0,0
23,24,-10,2569,-1896,-2451,0,0
28,84,-45,2613,-1884,-2518,0,0
14,89,-47,2678,-1907,-2559,0,0
-13,63,-21,2662,-1936,-2553,0,0
-35,23,-2,2674,-1955,-2555,0,0
-45,-15,16,2659,-1951,-2521,0,0
-51,-27,47,2671,-1931,-2510,0,0
-51,-36,69,2694,-1921,-2476,0,0
-54,-22,82,2694,-1882,-2530,0,0
-83,-27,103,2708,-1925,-2508,0,0
-148,-57,128,2613,-1869,-2469,0,0
-149,-32,120,2592,-1831,-2538,0,0
-87,0,89,2645,-1871,-2582,0,0
-43,-27,90,2636,-1934,-2500,0,0
-37,-21,101,2541,-1906,-2501,0,0
-38,21,84,2566,-1836,-2546,0,0
-46,35,64,2646,-1853,-2522,0,0
-51,21,61,2629,-1884,-2527,0,0
-30,17,51,2578,-1875,-2510,0,0
-10,42,20,2559,-1854,-2494,0,0
11,72,-7,2670,-1883,-2581,0,0
10,4,-1,2665,-1924,-2527,0,0
1,-48,30,2580,-1912,-2482,0,0
19,-51,26,2531,-1863,-2461,0,0
44,-19,-9,2570,-1819,-2453,0,0
51,-4,-31,2593,-1873,-2462,0,0
36,16,-36,2619,-1889,-2489,0,0
8,6,-33,2607,-1879,-2469,0,0
-14,2,-34,2568,-1901,-2463,0,0
-1,60,-52,2617,-1890,-2530,0,0
10,37,-48,2705,-1926,-2543,0,0
16,-5,-26,2673,-1893,-2556,0,0
30,-30,-16,2635,-1867,-2551,0,0
34,-46,-32,2556,-1812,-2507,0,0
39,-2,-50,2587,-1823,-2528,0,0
28,9,-62,2683,-1891,-2540,0,0
15,-30,-38,2672,-1904,-2483,0,0
22,-33,-7,2552,-1886,-2456,0,0
36,28,-14,2567,-1863,-2496,0,0
34,36,-21,2694,-1896,-2490,0,0
29,12,6,2705,-1911,-2505,0,0
33,-11,34,2654,-1918,-2496,0,0
33,-9,34,2607,-1920,-2480,0,0
17,11,25,2617,-1897,-2505,0,0
-11,6,25,2644,-1919,-2508,0,0
-29,-13,36,2640,-1938,-2510,0,0
-38,-1,33,2648,-1941,-2513,0,0
-63,11,27,2634,-1915,-2566,0,0
-114,3,44,2675,-1921,-2558,0,0
-166,-41,70,2675,-1920,-2527,0,0
-145,-69,78,2594,-1880,-2460,0,0
-77,-20,59,2579,-1930,-2462,0,0
-25,43,36,2615,-1921,-2503,0,0
-19,50,34,2612,-1876,-2508,0,0
-45,50,42,2577,-1851,-2544,0,0
-64,51,27,2613,-1862,-2563,0,0
-70,39,4,2660,-1869,-2486,0,0
-63,52,-23,2641,-1803,-2518,0,0
-38,47,-67,2628,-1820,-2526,0,0
-22,37,-88,2642,-1847,-2496,0,0
-12,32,-89,2690,-1865,-2512,0,0
-12,15,-78,2681,-1837,-2498,0,0
-16,6,-61,2682,-1844,-2481,0,0
-15,-13,-23,2644,-1847,-2442,0,0
-10,-30,14,2579,-1799,-2419,0,0
4,6,19,2612,-1777,-2444,0,0
13,52,-17,2712,-1744,-2479,0,0
8,36,-13,2738,-1765,-2480,0,0
-7,31,6,2710,-1776,-2548,0,0
-9,-7,1,2696,-1807,-2477,0,0
7,-17,3,2612,-1763,-2453,0,0
30,32,-17,2636,-1755,-2522,0,0
38,31,-59,2682,-1800,-2499,0,0
33,19,-64,2674,-1791,-2485,0,0
33,47,-61,2648,-1790,-2489,0,0
6,91,-72,2730,-1823,-2512,0,0
-32,74,-55,2788,-1810,-2492,0,0
-41,40,-10,2784,-1789,-2489,0,0
-14,12,19,2787,-1756,-2439,0,0
13,5,26,2781,-1766,-2389,0,0
11,28,22,2749,-1728,-2425,0,0
-13,40,13,2766,-1739,-2451,0,0
-45,16,30,2799,-1812,-2461,0,0
-51,-8,48,2779,-1820,-2442,0,0
-38,-1,49,2755,-1833,-2454,0,0
-18,-3,52,2736,-1807,-2479,0,0
-6,-29,69,2781,-1842,-2493,0,0
4,-45,81,2805,-1838,-2503,0,0
-2,-65,94,2752,-1821,-2479,0,0
-44,-76,113,2659,-1831,-2484,0,0
-87,-76,109,2649,-1823,-2469,0,0
-97,-59,95,2683,-1817,-2445,0,0
-78,-39,95,2663,-1842,-2452,0,0
-61,-5,85,2607,-1870,-2390,0,0
-64,62,61,2616,-1816,-2438,0,0
-68,97,42,2692,-1809,-2523,0,0
-74,83,42,2736,-1833,-2567,0,0
-75,37,50,2708,-1867,-2500,0,0
-67,38,51,2638,-1849,-2514,0,0
-58,50,36,2686,-1812,-2536,0,0
-56,21,22,2718,-1815,-2496,0,0
-47,-17,29,2660,-1795,-2444,0,0
-26,-11,24,2641,-1776,-2404,0,0
-5,10,-7,2625,-1782,-2396,0,0
23,43,-32,2695,-1793,-2449,0,0
44,6,-23,2716,-1791,-2399,0,0
67,2,-16,2668,-1751,-2410,0,0
85,41,-49,2724,-1754,-2456,0,0
76,47,-75,2780,-1731,-2470,0,0
50,26,-72,2770,-1804,-2442,0,0
27,13,-54,2732,-1879,-2464,0,0
29,-6,-43,2735,-1858,-2456,0,0
47,-39,-33,2724,-1847,-2412,0,0
66,-7,-40,2714,-1805,-2470,0,0
55,10,-49,2797,-1822,-2491,0,0
13,-36,-22,2779,-1831,-2457,0,0
-8,-58,16,2702,-1846,-2430,0,0
6,-35,12,2677,-1822,-2429,0,0
7,4,-11,2761,-1811,-2456,0,0
-28,-9,-5,2772,-1803,-2483,0,0
-68,-43,10,2713,-1777,-2460,0,0
-85,-32,4,2722,-1811,-2415,0,0
-82,-13,-8,2737,-1806,-2471,0,0
-65,-17,-8,2760,-1787,-2468,0,0
-53,-34,6,2764,-1776,-2518,0,0
-43,-63,25,2734,-1762,-2495,0,0
-58,-60,30,2716,-1754,-2490,0,0
-87,-36,35,2729,-1746,-2579,0,0
-122,-66,54,2690,-1779,-2527,0,0
-146,-74,69,2667,-1767,-2525,0,0
-101,-59,67,2685,-1775,-2531,0,0
-46,-45,70,2668,-1776,-2529,0,0
-6,-39,63,2596,-1701,-2525,0,0
10,-18,51,2650,-1737,-2563,0,0
-5,-42,53,2681,-1755,-2520,0,0
-21,-42,61,2610,-1762,-2480,0,0
-16,20,49,2614,-1735,-2588,0,0
-16,28,16,2684,-1727,-2630,0,0
-27,-4,5,2668,-1764,-2597,0,0
-24,-34,16,2593,-1786,-2589,0,0
-11,-50,16,2581,-1789,-2538,0,0
-3,-39,-4,2593,-1739,-2564,0,0
8,-19,-23,2659,-1754,-2574,0,0
14,-51,-4,2633,-1760,-2525,0,0
14,-77,12,2574,-1754,-2458,0,0
29,-27,-8,2550,-1718,-2503,0,0
62,50,-53,2626,-1688,-2594,0,0
71,35,-74,2650,-1727,-2582,0,0
48,11,-61,2625,-1750,-2569,0,0
50,50,-63,2630,-1745,-2642,0,0
65,32,-91,2675,-1800,-2544,0,0
49,-14,-75,2653,-1805,-2468,0,0
27,0,-31,2681,-1816,-2545,0,0
35,-11,-6,2703,-1797,-2617,0,0
53,-58,9,2669,-1803,-2576,0,0
53,-63,16,2587,-1730,-2584,0,0
40,-42,-11,2604,-1727,-2582,0,0
5,-33,-31,2647,-1782,-2538,0,0
-25,-31,-11,2653,-1805,-2534,0,0
-29,-18,1,2641,-1825,-2544,0,0
-15,18,-8,2650,-1775,-2606,0,0
-2,25,-6,2668,-1771,-2592,0,0
-24,-9,11,2641,-1767,-2593,0,0
-34,-21,30,2632,-1776,-2577,0,0
-31,-23,24,2627,-1802,-2564,0,0
-22,-11,14,2630,-1766,-2582,0,0
-10,-8,9,2627,-1763,-2586,0,0
-5,-3,7,2631,-1777,-2609,0,0
-8,0,3,2651,-1771,-2616,0,0
-36,-11,11,2659,-1783,-2633,0,0
-68,-33,31,2606,-1731,-2602,0,0
-82,-41,27,2606,-1719,-2626,0,0
-62,-34,18,2645,-1748,-2598,0,0
-47,-36,19,2616,-1800,-2542,0,0
-39,-8,20,2573,-1785,-2593,0,0
-25,0,14,2599,-1723,-2619,0,0
-20,-15,14,2629,-1726,-2642,0,0
-8,-18,20,2630,-1751,-2620,0,0
-7,-18,17,2580,-1745,-2615,0,0
-1,-2,0,2550,-1711,-2617,0,0
9,8,-10,2629,-1735,-2660,0,0
15,-31,-6,2609,-1738,-2630,0,0
26,-43,-4,2572,-1717,-2575,0,0
42,-19,-24,2553,-1689,-2586,0,0
58,3,-41,2598,-1715,-2589,0,0
59,-10,-38,2585,-1764,-2558,0,0
63,-6,-29,2552,-1765,-2535,0,0
72,37,-36,2587,-1753,-2563,0,0
60,47,-48,2610,-1738,-2582,0,0
47,42,-44,2614,-1718,-2564,0,0
34,45,-41,2665,-1751,-2625,0,0
35,32,-43,2695,-1764,-2617,0,0
43,22,-36,2642,-1799,-2546,0,0
44,31,-21,2596,-1771,-2576,0,0
52,28,-26,2597,-1747,-2569,0,0
62,22,-36,2651,-1780,-2564,0,0
82,19,-37,2677,-1786,-2543,0,0
98,26,-32,2648,-1817,-2488,0,0
90,37,-30,2639,-1818,-2530,0,0
82,30,-39,2704,-1812,-2540,0,0
79,16,-31,2741,-1827,-2499,0,0
72,7,2,2712,-1828,-2462,0,0
65,8,-1,2653,-1813,-2455,0,0
70,33,-21,2669,-1796,-2461,0,0
72,40,-34,2707,-1818,-2490,0,0
70,39,-38,2730,-1838,-2511,0,0
61,45,-34,2717,-1850,-2499,0,0
26,42,-20,2694,-1869,-2532,0,0
-7,27,-16,2709,-1823,-2524,0,0
-29,20,-13,2821,-1850,-2528,0,0
-41,-24,28,2821,-1867,-2477,0,0
-50,-59,79,2722,-1888,-2379,0,0
-44,-45,75,2652,-1877,-2381,0,0
-14,-2,33,2702,-1829,-2385,0,0
9,24,4,2785,-1823,-2412,0,0
21,20,1,2775,-1857,-2396,0,0
20,25,13,2712,-1882,-2342,0,0
5,35,13,2683,-1851,-2380,0,0
2,37,-9,2779,-1862,-2413,0,0
6,7,2,2812,-1888,-2413,0,0
20,-30,29,2756,-1869,-2336,0,0
29,-18,27,2649,-1825,-2338,0,0
29,30,-4,2728,-1819,-2410,0,0
15,22,-29,2797,-1866,-2415,0,0
-3,0,-8,2796,-1896,-2384,0,0
-20,-25,24,2741,-1851,-2376,0,0
-29,-42,26,2715,-1823,-2387,0,0
-22,-47,10,2752,-1752,-2416,0,0
-7,-85,-11,2796,-1711,-2426,0,0
20,-97,-42,2780,-1715,-2411,0,0
40,-69,-79,2755,-1748,-2411,0,0
30,-39,-112,2755,-1789,-2474,0,0
0,-40,-115,2739,-1831,-2503,0,0
-32,-65,-80,2666,-1837,-2506,0,0
-47,-82,-52,2657,-1800,-2532,0,0
-42,-81,-53,2727,-1767,-2554,0,0
-42,-94,-41,2722,-1719,-2562,0,0
-46,-115,-26,2678,-1660,-2573,0,0
-40,-127,-32,2694,-1643,-2589,0,0
-22,-130,-40,2683,-1634,-2534,0,0
-12,-111,-54,2648,-1651,-2524,0,0
0,-67,-75,2605,-1603,-2586,0,0
10,-36,-100,2630,-1619,-2633,0,0
9,-58,-100,2638,-1667,-2640,0,0
25,-65,-83,2616,-1648,-2625,0,0
43,-49,-74,2625,-1662,-2620,0,0
51,-45,-64,2610,-1656,-2654,0,0
59,-45,-46,2644,-1648,-2676,0,0
55,-74,-26,2632,-1628,-2656,0,0
57,-78,-6,2607,-1640,-2591,0,0
53,-46,-2,2595,-1658,-2613,0,0
42,-13,-9,2617,-1625,-2668,0,0
20,-4,-15,2656,-1636,-2693,0,0
-12,2,-3,2679,-1664,-2725,0,0
-48,-20,27,2663,-1688,-2702,0,0
-86,-59,57,2556,-1679,-2677,0,0
-85,-41,52,2528,-1624,-2672,0,0
-59,-18,34,2634,-1691,-2694,0,0
-41,-38,53,2664,-1723,-2656,0,0
-33,-48,79,2566,-1700,-2599,0,0
-31,-2,75,2518,-1633,-2629,0,0
-42,32,44,2589,-1637,-2673,0,0
-58,28,34,2650,-1687,-2687,0,0
-67,10,53,2609,-1674,-2695,0,0
-64,-6,52,2558,-1667,-2687,0,0
-51,10,28,2570,-1658,-2688,0,0
-42,9,21,2661,-1689,-2729,0,0
-38,-54,41,2615,-1667,-2676,0,0
-23,-72,53,2517,-1665,-2602,0,0
1,-22,30,2490,-1652,-2637,0,0
16,19,-2,2571,-1630,-2671,0,0
8,-12,-1,2595,-1656,-2623,0,0
-2,-20,11,2524,-1640,-2633,0,0
12,28,-22,2586,-1652,-2658,0,0
6,46,-43,2627,-1689,-2668,0,0
-1,48,-29,2596,-1697,-2722,0,0
-6,10,-14,2590,-1723,-2738,0,0
-7,-36,5,2573,-1719,-2677,0,0
3,-32,12,2563,-1706,-2681,0,0
12,-10,3,2592,-1654,-2711,0,0
1,-26,2,2609,-1653,-2689,0,0
-21,-48,11,2537,-1666,-2679,0,0
-17,-34,0,2522,-1659,-2683,0,0
0,-15,-21,2615,-1670,-2698,0,0
7,-27,-33,2592,-1651,-2710,0,0
12,-17,-19,2597,-1671,-2744,0,0
9,-57,-3,2588,-1689,-2729,0,0
11,-72,10,2556,-1694,-2650,0,0
14,-37,1,2487,-1634,-2688,0,0
30,5,-36,2542,-1589,-2786,0,0
64,3,-54,2621,-1691,-2849,0,0
99,-73,-2,2659,-1745,-2784,0,0
105,-162,45,2502,-1715,-2622,0,0
78,-113,34,2429,-1665,-2525,0,0
26,-11,-22,2429,-1608,-2522,0,0
-43,89,-58,2608,-1631,-2624,0,0
-96,84,-56,2659,-1634,-2666,0,0
-102,69,-25,2572,-1661,-2626,0,0
-73,96,-27,2522,-1656,-2721,0,0
-24,93,-57,2578,-1639,-2828,0,0
5,51,-61,2634,-1658,-2774,0,0
1,9,-24,2637,-1670,-2732,0,0
-14,-33,9,2592,-1655,-2699,0,0
-16,-35,13,2558,-1623,-2667,0,0
4,9,5,2645,-1619,-2685,0,0
18,-19,10,2632,-1610,-2632,0,0
31,-28,26,2562,-1596,-2583,0,0
37,11,-8,2532,-1570,-2592,0,0
38,85,-64,2572,-1548,-2618,0,0
23,130,-96,2676,-1614,-2710,0,0
-6,91,-94,2687,-1674,-2761,0,0
-13,35,-57,2623,-1682,-2680,0,0
-8,12,-29,2569,-1686,-2642,0,0
10,33,-38,2627,-1639,-2656,0,0
14,35,-35,2749,-1615,-2653,0,0
7,-13,0,2716,-1595,-2587,0,0
12,-27,27,2604,-1619,-2508,0,0
32,23,3,2579,-1583,-2561,0,0
53,81,-52,2688,-1561,-2615,0,0
41,84,-62,2763,-1603,-2635,0,0
10,43,-33,2714,-1611,-2641,0,0
4,24,-26,2673,-1632,-2624,0,0
21,8,-28,2705,-1607,-2635,0,0
57,-26,-26,2710,-1558,-2597,0,0
82,-42,-36,2742,-1580,-2591,0,0
100,-19,-36,2792,-1612,-2608,0,0
85,-36,-18,2778,-1644,-2590,0,0
37,-39,6,2651,-1633,-2558,0,0
-10,-29,17,2595,-1591,-2631,0,0
-12,-33,0,2708,-1583,-2669,0,0
32,-33,-13,2738,-1589,-2664,0,0
97,-42,-23,2645,-1613,-2618,0,0
138,-45,-37,2628,-1622,-2637,0,0
139,-50,-43,2712,-1674,-2703,0,0
126,-98,-42,2739,-1697,-2623,0,0
112,-117,-27,2667,-1701,-2503,0,0
92,-68,-25,2593,-1686,-2533,0,0
63,-23,-36,2606,-1693,-2583,0,0
37,-21,-33,2624,-1705,-2567,0,0
32,-21,-15,2623,-1710,-2543,0,0
33,-10,1,2622,-1726,-2543,0,0
25,-5,0,2626,-1719,-2579,0,0
15,9,-7,2630,-1705,-2576,0,0
-6,25,-9,2660,-1701,-2610,0,0
-33,15,5,2720,-1744,-2584,0,0
-65,5,32,2661,-1754,-2597,0,0
-86,29,37,2621,-1712,-2672,0,0
-104,13,41,2660,-1712,-2663,0,0
-116,-36,69,2664,-1706,-2642,0,0
-106,-77,87,2622,-1662,-2582,0,0
-83,-79,83,2580,-1627,-2534,0,0
-52,-20,43,2573,-1567,-2562,0,0
-40,48,-4,2726,-1574,-2648,0,0
-63,11,-1,2776,-1599,-2676,0,0
-89,-42,39,2659,-1628,-2592,0,0
-86,-32,33,2510,-1610,-2608,0,0
-46,19,-13,2578,-1570,-2649,0,0
-16,17,-39,2690,-1614,-2661,0,0
-12,-20,-19,2704,-1622,-2662,0,0
-8,-42,4,2619,-1605,-2639,0,0
-8,-18,0,2612,-1599,-2665,0,0
-15,3,-23,2628,-1580,-2662,0,0
-26,8,-25,2667,-1585,-2686,0,0
-33,-10,-4,2698,-1621,-2696,0,0
-27,-34,13,2642,-1628,-2658,0,0
-1,-27,23,2527,-1570,-2617,0,0
40,9,9,2508,-1549,-2621,0,0
74,48,-14,2627,-1641,-2664,0,0
72,75,-32,2689,-1625,-2738,0,0
23,86,-23,2774,-1671,-2761,0,0
-74,9,12,2699,-1668,-2787,0,0
-144,-101,73,2637,-1628,-2673,0,0
-143,-153,106,2621,-1653,-2592,0,0
-69,-130,111,2624,-1639,-2500,0,0
7,-44,84,2547,-1610,-2475,0,0
36,89,50,2564,-1581,-2633,0,0
-2,124,8,2660,-1560,-2758,0,0
-80,78,9,2643,-1557,-2748,0,0
-144,33,36,2565,-1611,-2725,0,0
-165,3,32,2580,-1661,-2750,0,0
-133,-17,20,2634,-1607,-2705,0,0
-82,-36,27,2668,-1575,-2702,0,0
-33,-69,45,2608,-1562,-2653,0,0
1,-41,32,2569,-1560,-2620,0,0
5,16,7,2587,-1521,-2663,0,0
-9,34,-9,2582,-1494,-2691,0,0
-21,32,-28,2605,-1529,-2717,0,0
-16,19,-33,2642,-1577,-2749,0,0
8,2,-35,2637,-1590,-2715,0,0
34,-3,-36,2553,-1526,-2716,0,0
58,15,-48,2613,-1544,-2707,0,0
57,-4,-44,2666,-1576,-2727,0,0
49,-33,-18,2620,-1565,-2696,0,0
46,-27,-14,2569,-1584,-2655,0,0
44,15,-31,2586,-1586,-2651,0,0
41,52,-40,2636,-1594,-2688,0,0
20,29,-9,2635,-1588,-2714,0,0
5,1,10,2613,-1587,-2677,0,0
2,11,5,2643,-1598,-2665,0,0
3,25,5,2645,-1578,-2640,0,0
-5,31,15,2656,-1609,-2682,0,0
-13,0,43,2660,-1620,-2680,0,0
-13,-18,54,2604,-1602,-2615,0,0
-3,31,43,2609,-1585,-2665,0,0
-7,46,20,2660,-1580,-2693,0,0
-31,17,34,2670,-1595,-2674,0,0
-41,-13,53,2636,-1579,-2679,0,0
-19,-9,37,2652,-1579,-2636,0,0
-1,13,15,2636,-1562,-2627,0,0
5,21,14,2648,-1582,-2609,0,0
3,14,24,2666,-1629,-2636,0,0
6,13,36,2671,-1654,-2605,0,0
8,35,27,2627,-1613,-2638,0,0
10,66,5,2687,-1591,-2707,0,0
-6,43,6,2727,-1597,-2749,0,0
-42,-22,41,2654,-1613,-2704,0,0
-78,-39,45,2584,-1579,-2662,0,0
-105,5,7,2629,-1588,-2650,0,0
-126,25,-5,2656,-1617,-2632,0,0
-131,24,19,2671,-1658,-2631,0,0
-115,26,46,2606,-1610,-2598,0,0
-88,48,48,2618,-1597,-2601,0,0
-68,77,34,2664,-1595,-2659,0,0
-68,78,33,2758,-1574,-2701,0,0
-78,33,59,2697,-1575,-2613,0,0
-81,30,74,2609,-1565,-2607,0,0
-61,50,50,2652,-1575,-2607,0,0
-45,71,22,2717,-1566,-2614,0,0
-42,66,30,2799,-1579,-2624,0,0
-51,21,60,2713,-1561,-2604,0,0
-38,1,74,2628,-1525,-2562,0,0
-8,34,46,2658,-1503,-2593,0,0
12,37,21,2764,-1509,-2632,0,0
8,-14,36,2769,-1506,-2633,0,0
11,-72,52,2680,-1499,-2563,0,0
37,-40,21,2634,-1507,-2563,0,0
55,42,-27,2741,-1559,-2638,0,0
37,38,-35,2816,-1613,-2717,0,0
16,-21,3,2805,-1673,-2828,0,0
37,-118,66,2726,-1684,-2737,0,0
70,-183,122,2561,-1710,-2574,0,0
102,-147,130,2571,-1685,-2647,0,0
117,-152,104,2707,-1667,-2698,0,0
93,-228,119,2646,-1644,-2595,0,0
56,-224,124,2495,-1631,-2494,0,0
25,-113,65,2468,-1669,-2490,0,0
10,-8,6,2541,-1714,-2553,0,0
-4,-14,-11,2584,-1752,-2589,0,0
12,-25,-36,2556,-1759,-2640,0,0
78,-18,-61,2568,-1771,-2609,0,0
124,-17,-82,2567,-1774,-2615,0,0
145,10,-101,2619,-1775,-2713,0,0
156,-29,-95,2602,-1793,-2664,0,0
139,-69,-67,2462,-1800,-2508,0,0
115,-60,-52,2418,-1773,-2501,0,0
142,-31,-65,2463,-1757,-2476,0,0
194,25,-84,2463,-1745,-2453,0,0
226,119,-120,2556,-1767,-2596,0,0
224,195,-158,2650,-1789,-2795,0,0
170,193,-150,2715,-1813,-2862,0,0
75,183,-103,2635,-1802,-2941,0,0
-9,136,-36,2628,-1861,-2953,0,0
-111,-15,43,2552,-1872,-2692,0,0
-176,-73,108,2590,-1790,-2727,0,0
-136,-141,104,2641,-1727,-2720,0,0
-56,-161,87,2622,-1656,-2553,0,0
-11,-109,75,2638,-1624,-2586,0,0
18,-79,36,2597,-1593,-2559,0,0
15,-40,-4,2556,-1575,-2467,0,0
-19,22,-66,2522,-1547,-2552,0,0
-39,76,-142,2571,-1576,-2659,0,0
-26,82,-187,2593,-1631,-2667,0,0
-4,7,-225,2528,-1587,-2686,0,0
86,-129,-269,2585,-1585,-2798,0,0
152,-200,-278,2758,-1586,-2844,0,0
201,-211,-296,2713,-1516,-2762,0,0
231,-282,-301,2728,-1527,-2685,0,0
257,-309,-278,2685,-1427,-2695,0,0
328,-336,-292,2490,-1365,-2559,0,0
373,-265,-358,2422,-1451,-2375,0,0
336,-76,-445,2491,-1482,-2648,0,0
298,9,-508,2715,-1554,-2901,0,0
266,-73,-463,2662,-1614,-2906,0,0
240,-120,-400,2652,-1654,-2957,0,0
232,-149,-348,2527,-1614,-2848,0,0
250,-134,-271,2479,-1621,-2761,0,0
270,-50,-205,2604,-1645,-2763,0,0
259,93,-76,2617,-1656,-2562,0,0
204,99,6,2547,-1651,-2609,0,0
151,-87,-11,2532,-1580,-2841,0,0
153,-168,-33,2627,-1569,-2772,0,0
55,-102,26,2751,-1645,-2508,0,0
-100,-63,72,2705,-1592,-2556,0,0
-145,109,95,2674,-1513,-2617,0,0
-206,195,118,2596,-1586,-2493,0,0
-244,188,124,2609,-1604,-2821,0,0
-183,149,151,2664,-1713,-2687,0,0
-172,104,195,2616,-1696,-2561,0,0
-182,145,250,2579,-1628,-2577,0,0
-142,130,294,2513,-1630,-2445,0,0
-138,-4,233,2580,-1662,-2402,0,0
-192,65,181,2686,-1664,-2419,0,0
-206,149,191,2767,-1669,-2552,0,0
-232,77,212,2730,-1709,-2441,0,0
-272,57,220,2767,-1735,-2494,0,0
-254,64,208,2877,-1751,-2527,0,0
-198,108,185,2964,-1761,-2519,0,0
-199,249,170,2989,-1739,-2467,0,0
-257,324,183,2887,-1640,-2671,0,0
-248,205,193,2631,-1599,-2789,0,0
-207,99,177,2558,-1645,-2609,0,0
-198,67,164,2620,-1649,-2529,0,0
-149,88,152,2735,-1675,-2489,0,0
-70,125,122,2781,-1704,-2512,0,0
3,137,88,2891,-1784,-2488,0,0
26,169,129,2871,-1860,-2454,0,0
-24,119,172,2707,-1777,-2427,0,0
-119,58,142,2642,-1650,-2426,0,0
-200,104,100,2736,-1611,-2467,0,0
-218,157,85,2836,-1664,-2497,0,0
-223,167,96,2870,-1702,-2478,0,0
-201,158,106,2793,-1658,-2504,0,0
-162,90,80,2831,-1639,-2563,0,0
-125,28,72,2831,-1602,-2503,0,0
-105,37,102,2828,-1587,-2409,0,0
-93,47,103,2773,-1524,-2472,0,0
-50,25,76,2731,-1499,-2399,0,0
-23,-34,65,2688,-1534,-2281,0,0
6,3,91,2613,-1520,-2189,0,0
84,103,43,2669,-1555,-2311,0,0
146,120,-56,3007,-1644,-2414,0,0
150,60,-71,3050,-1613,-2339,0,0
124,87,-30,2997,-1519,-2392,0,0
112,67,-12,2904,-1543,-2410,0,0
95,-11,-28,2826,-1596,-2337,0,0
82,8,-79,2869,-1612,-2423,0,0
96,79,-93,2978,-1628,-2330,0,0
131,61,-84,2918,-1703,-2332,0,0
151,24,-90,2882,-1713,-2439,0,0
132,-9,-87,2891,-1704,-2342,0,0
99,-44,-45,2894,-1689,-2357,0,0
99,-109,-31,2873,-1690,-2389,0,0
109,-151,-41,2952,-1707,-2312,0,0
117,-125,-22,2918,-1721,-2285,0,0
127,-84,0,2816,-1727,-2280,0,0
134,-61,-15,2731,-1677,-2248,0,0
122,-12,-39,2774,-1710,-2286,0,0
93,53,-52,2799,-1712,-2353,0,0
55,74,-57,2833,-1773,-2335,0,0
6,71,-59,2800,-1812,-2359,0,0
-32,94,-57,2811,-1841,-2358,0,0
-82,91,-38,2883,-1908,-2388,0,0
-132,72,15,2982,-1904,-2340,0,0
-182,25,106,2862,-1835,-2263,0,0
-192,30,151,2707,-1694,-2248,0,0
-170,74,127,2818,-1676,-2271,0,0
-155,96,99,2969,-1732,-2278,0,0
-150,124,122,2980,-1774,-2255,0,0
-164,137,163,2891,-1774,-2222,0,0
-175,128,182,2854,-1778,-2186,0,0
-182,107,181,2936,-1852,-2206,0,0
-171,112,196,3053,-1892,-2217,0,0
-145,92,211,3099,-1888,-2177,0,0
-112,56,226,3023,-1844,-2190,0,0
-71,16,213,2996,-1838,-2210,0,0
-33,-51,168,3017,-1856,-2206,0,0
9,-125,131,2967,-1866,-2156,0,0
44,-143,81,2883,-1902,-2154,0,0
73,-127,14,2870,-1923,-2184,0,0
80,-166,-9,2811,-1963,-2190,0,0
73,-182,-7,2747,-1970,-2240,0,0
92,-151,-24,2769,-1945,-2242,0,0
112,-131,-37,2741,-1862,-2250,0,0
108,-89,-59,2689,-1825,-2351,0,0
73,-58,-83,2763,-1853,-2425,0,0
14,-92,-67,2756,-1836,-2363,0,0
-30,-93,-54,2721,-1806,-2357,0,0
-45,-60,-79,2798,-1790,-2408,0,0
-54,-60,-93,2776,-1791,-2386,0,0
-53,-26,-79,2747,-1780,-2429,0,0
-41,-27,-76,2730,-1802,-2391,0,0
-46,-37,-66,2658,-1823,-2362,0,0
-44,-9,-74,2634,-1738,-2358,0,0
-30,18,-86,2722,-1746,-2325,0,0
-19,46,-77,2771,-1772,-2377,0,0
-10,71,-63,2830,-1788,-2317,0,0
-46,96,-41,2808,-1781,-2336,0,0
-93,111,-38,2767,-1669,-2363,0,0
-136,100,-59,2874,-1595,-2389,0,0
-161,77,-52,3004,-1580,-2541,0,0
-138,11,-50,2970,-1647,-2504,0,0
-151,0,-26,2932,-1682,-2405,0,0
-197,-3,33,2885,-1637,-2474,0,0
-191,-40,66,2807,-1570,-2514,0,0
-136,-50,61,2803,-1544,-2441,0,0
-83,-25,55,2816,-1567,-2419,0,0
-48,-3,39,2821,-1551,-2451,0,0
-28,0,20,2858,-1537,-2459,0,0
-30,-7,37,2905,-1518,-2478,0,0
-30,-8,57,2811,-1518,-2401,0,0
-31,33,31,2790,-1517,-2448,0,0
-37,52,-1,2842,-1489,-2509,0,0
-37,38,-10,2863,-1495,-2522,0,0
-24,12,6,2828,-1521,-2486,0,0
-7,1,4,2814,-1519,-2432,0,0
-2,8,-5,2797,-1513,-2409,0,0
3,39,-24,2865,-1535,-2442,0,0
0,10,-16,2888,-1544,-2469,0,0
8,-25,20,2829,-1531,-2368,0,0
8,-20,31,2793,-1535,-2348,0,0
0,13,-9,2824,-1509,-2423,0,0
-9,37,-39,2958,-1538,-2440,0,0
-26,20,-18,2888,-1578,-2409,0,0
-37,16,-2,2819,-1577,-2404,0,0
-35,11,-12,2858,-1589,-2382,0,0
-12,19,-5,2848,-1572,-2397,0,0
16,35,-14,2892,-1584,-2422,0,0
29,3,-3,2932,-1575,-2426,0,0
45,-17,9,2853,-1550,-2371,0,0
42,15,-8,2851,-1584,-2372,0,0
25,13,-21,2871,-1563,-2409,0,0
17,25,-22,2894,-1554,-2411,0,0
3,45,-26,2960,-1609,-2410,0,0
-7,14,-9,2909,-1625,-2407,0,0
-4,-10,1,2874,-1592,-2375,0,0
-1,-22,-5,2882,-1579,-2361,0,0
4,-27,-3,2901,-1581,-2396,0,0
9,-31,12,2951,-1559,-2359,0,0
-10,-45,26,2898,-1577,-2361,0,0
-23,-25,25,2875,-1574,-2425,0,0
-37,-33,6,2913,-1581,-2416,0,0
-64,-11,13,2907,-1559,-2423,0,0
-83,-2,38,2924,-1541,-2493,0,0
-98,-46,53,2843,-1579,-2389,0,0
-110,-35,44,2739,-1537,-2352,0,0
-91,14,11,2853,-1532,-2444,0,0
-68,20,3,2983,-1533,-2529,0,0
-62,-11,26,2948,-1586,-2443,0,0
-82,-12,50,2794,-1575,-2432,0,0
-100,3,40,2765,-1488,-2477,0,0
-102,10,13,2851,-1485,-2464,0,0
-88,8,11,2907,-1508,-2478,0,0
-59,-1,18,2872,-1498,-2445,0,0
-51,5,1,2832,-1459,-2413,0,0
-48,39,-18,2850,-1444,-2477,0,0
-33,16,-16,2900,-1472,-2495,0,0
-17,-27,8,2877,-1509,-2406,0,0
-3,-34,27,2802,-1503,-2403,0,0
20,-18,14,2776,-1448,-2441,0,0
40,-6,-4,2848,-1465,-2410,0,0
31,3,-11,2859,-1470,-2437,0,0
11,4,-8,2866,-1460,-2446,0,0
-3,11,-12,2872,-1483,-2401,0,0
-17,30,-12,2880,-1476,-2445,0,0
-20,31,-14,2894,-1489,-2452,0,0
-7,15,-8,2907,-1488,-2471,0,0
19,2,12,2902,-1498,-2434,0,0
34,-3,22,2838,-1501,-2417,0,0
46,3,13,2824,-1444,-2426,0,0
53,25,-23,2878,-1430,-2462,0,0
40,39,-40,2977,-1476,-2506,0,0
19,-9,-17,2906,-1495,-2454,0,0
17,-11,-7,2827,-1499,-2440,0,0
31,9,-25,2853,-1501,-2425,0,0
40,6,-29,2907,-1512,-2434,0,0
45,-3,-5,2924,-1519,-2435,0,0
47,-8,17,2913,-1555,-2364,0,0
36,4,20,2838,-1558,-2357,0,0
22,28,12,2853,-1511,-2406,0,0
5,31,3,2890,-1492,-2415,0,0
-3,25,9,2921,-1511,-2413,0,0
4,33,9,2947,-1539,-2406,0,0
-2,46,-1,2952,-1560,-2445,0,0
-21,23,14,2930,-1506,-2455,0,0
-41,-21,38,2921,-1515,-2446,0,0
-39,-38,47,2905,-1546,-2372,0,0
-24,-21,40,2902,-1556,-2370,0,0
-15,-6,27,2905,-1521,-2400,0,0
-16,4,21,2910,-1511,-2374,0,0
-34,10,34,2892,-1541,-2372,0,0
-49,2,41,2910,-1566,-2397,0,0
-46,-7,34,2921,-1561,-2380,0,0
-32,10,21,2904,-1504,-2411,0,0
-18,5,9,2950,-1497,-2433,0,0
-15,-31,11,2913,-1531,-2416,0,0
0,-26,23,2885,-1564,-2356,0,0
15,-34,18,2861,-1538,-2353,0,0
22,-29,-2,2849,-1498,-2365,0,0
15,-23,-11,2853,-1540,-2360,0,0
6,-17,-5,2842,-1546,-2357,0,0
-3,-6,-11,2811,-1468,-2343,0,0
-12,33,-37,2887,-1446,-2324,0,0
-13,70,-61,2909,-1443,-2349,0,0
-13,88,-68,2949,-1474,-2409,0,0
-28,54,-41,2927,-1486,-2465,0,0
-23,23,-12,2901,-1469,-2450,0,0
-6,8,-18,2921,-1469,-2386,0,0
11,8,-28,2959,-1434,-2394,0,0
35,7,-30,2930,-1426,-2379,0,0
50,22,-34,2962,-1496,-2356,0,0
47,30,-31,2939,-1518,-2346,0,0
44,44,-18,2916,-1552,-2373,0,0
34,46,-15,2890,-1548,-2408,0,0
18,39,-5,2926,-1553,-2398,0,0
11,11,19,2980,-1545,-2396,0,0
11,-1,45,2959,-1546,-2328,0,0
7,14,45,2907,-1505,-2339,0,0
-3,23,20,2905,-1472,-2340,0,0
-18,38,-4,2943,-1497,-2330,0,0
-32,41,-17,2930,-1495,-2356,0,0
-22,48,-28,2930,-1494,-2335,0,0
-13,57,-47,2904,-1514,-2300,0,0
-10,91,-74,2886,-1479,-2329,0,0
-10,121,-113,2893,-1470,-2346,0,0
-28,152,-134,2809,-1454,-2260,0,0
-87,197,-175,2466,-1405,-2040,0,0
-188,298,-323,2156,-1214,-1829,0,0
-270,394,-395,1844,-972,-1575,0,0
-413,425,-246,1300,-833,-1215,0,0
-528,312,109,1717,-1104,-1414,0,0
-674,188,181,3077,-1650,-2523,0,0
-704,159,25,5100,-1340,-3379,0,0
-716,-100,166,6735,-1594,-3516,0,0
-815,11,135,7085,-1565,-3449,0,0
-696,915,-72,6399,-1170,-3132,0,0
-417,1223,-271,4904,-856,-2635,0,0
-119,984,-517,2182,-261,-1010,0,0
275,946,-547,1088,112,259,0,0
604,304,-339,387,17,614,0,0
750,357,-69,76,-638,70,0,0
686,42,198,-72,-875,-604,0,0
464,-269,176,-198,-1017,-402,0,0
-45,146,165,252,-1084,-434,0,0
-498,4,206,1110,-741,-1222,0,0
-597,-149,364,3210,-616,-1670,0,0
-705,-307,600,4971,-1556,-1288,0,0
-863,-255,799,5415,-1519,-1778,0,0
-586,-21,475,5723,-1132,-2967,0,0
102,236,-401,7114,-975,-3310,0,0
443,631,-403,8469,-2386,-3689,0,0
344,-129,215,7856,-2539,-4173,0,0
378,-603,253,8061,-1877,-3165,0,0
445,-527,359,8347,-1496,-2775,0,0
516,-943,351,7073,-954,-2317,0,0
675,-782,192,5908,-696,-2261,0,0
726,-520,9,3593,-972,-1637,0,0
546,-118,-457,1150,-1719,-133,0,0
172,1017,-789,-383,-2197,688,0,0
-136,1250,-838,-1103,-1674,419,0,0
-262,988,-1001,42,-763,114,0,0
-313,1003,-694,1572,-617,300,0,0
-458,595,-138,1757,-350,59,0,0
-380,381,65,945,301,-898,0,0
1,78,118,913,535,-1334,0,0
266,-805,274,1704,568,-1111,0,0
337,-1459,501,2896,-271,-1235,0,0
251,-1539,646,4048,-1336,-1573,0,0
222,-1381,616,3637,-1141,-2224,0,0
343,-823,332,4372,-1275,-3124,0,0
238,-216,75,5318,-1554,-3075,0,0
-57,-316,116,5876,-1556,-4128,0,0
54,-298,81,6306,-2566,-4139,0,0
-20,-274,179,5574,-3135,-3412,0,0
-274,176,495,5313,-2750,-3851,0,0
-511,285,714,4897,-2082,-3443,0,0
-733,177,639,4752,-1495,-2834,0,0
-720,447,392,4551,-1276,-2726,0,0
-503,502,139,3998,-964,-2505,0,0
-272,-166,-133,2931,-92,-1792,0,0
50,66,-234,1871,144,-796,0,0
257,485,-287,949,213,-98,0,0
271,244,-369,-2120,587,156,0,0
392,107,-182,42,322,-135,0,0
439,-198,-146,360,-561,-217,0,0
366,51,-340,-74,-840,-298,0,0
334,453,-335,-197,-890,-795,0,0
221,-194,-29,512,-1519,-1306,0,0
-62,-524,456,2435,-2575,-1417,0,0
-494,-379,794,4449,-2503,-2556,0,0
-502,-7,1070,4918,-2040,-3572,0,0
-232,-477,1110,5392,-2891,-3224,0,0
-3,-736,641,6021,-3131,-3314,0,0
180,113,142,6414,-2281,-4387,0,0
316,-4,-338,7394,-2265,-5484,0,0
664,-697,-478,6695,-2732,-4121,0,0
757,-617,-114,4741,-3256,-2834,0,0
464,-183,-173,3837,-3232,-2699,0,0
221,111,-376,4039,-2592,-2179,0,0
-45,203,-371,3218,-1953,-1189,0,0
-319,573,-541,1777,-1155,-717,0,0
-392,885,-833,2307,-762,-803,0,0
-271,871,-890,1775,-724,-309,0,0
-151,946,-722,731,-554,473,0,0
-78,876,-249,1108,-747,80,0,0
-74,97,187,1004,-672,-273,0,0
-85,-98,392,269,-575,-90,0,0
-27,113,509,312,-459,-924,0,0
58,-155,479,274,-246,-962,0,0
87,-347,457,1251,-455,-1391,0,0
107,-500,302,2773,-1253,-2056,0,0
260,-205,12,4004,-1015,-2113,0,0
351,87,-66,5323,-1890,-2575,0,0
-21,129,-73,5851,-2467,-2787,0,0
-443,-358,-88,5800,-2414,-3221,0,0
-283,-5,-61,6427,-2900,-3753,0,0
-184,219,184,6972,-3252,-3378,0,0
-374,-176,527,6501,-2644,-3876,0,0
-288,-161,712,5932,-2198,-3787,0,0
-233,-235,463,5334,-2139,-2343,0,0
-386,10,193,4911,-1811,-2007,0,0
-470,265,-177,3364,-1022,-1941,0,0
-456,281,-703,2156,-423,-1320,0,0
-248,639,-1051,1691,-79,-562,0,0
56,1269,-1179,714,166,357,0,0
320,1544,-932,1058,0,-53,0,0
373,641,-243,1403,-484,-828,0,0
288,-300,232,259,-872,-167,0,0
209,-208,512,-65,-1075,-677,0,0
69,-435,566,-641,-1006,-847,0,0
-22,-559,461,-2536,-749,-631,0,0
-190,-467,323,1853,-1227,-1293,0,0
-289,-490,91,4438,-1851,-1721,0,0
-160,-94,139,6389,-2435,-2356,0,0
57,48,157,6516,-2464,-2346,0,0
216,97,2,6908,-2353,-3142,0,0
322,400,-210,7157,-2114,-3651,0,0
359,150,-187,7629,-1805,-3619,0,0
353,-469,-106,6640,-1970,-3070,0,0
353,-282,120,5399,-2479,-2584,0,0
202,-134,203,5127,-2475,-1923,0,0
3,-327,227,4515,-1948,-1568,0,0
-30,-336,112,3062,-1485,-1038,0,0
67,288,-158,2629,-1345,-760,0,0
116,516,-347,2185,-1093,-77,0,0
100,513,-593,898,-536,545,0,0
230,873,-511,1243,-512,287,0,0
142,101,-164,1431,-556,434,0,0
-51,-170,174,1109,-385,-167,0,0
-97,-166,443,677,-286,-695,0,0
-194,-458,481,123,-244,-510,0,0
-296,-501,530,873,-455,-957,0,0
-363,-777,479,2453,-1044,-1229,0,0
-350,-265,136,3842,-1293,-2014,0,0
-225,168,269,4262,-1647,-2016,0,0
-222,-108,202,4390,-1998,-2282,0,0
-41,549,-118,4709,-1681,-2763,0,0
23,149,-396,6044,-2018,-2846,0,0
15,222,-460,6421,-2580,-2815,0,0
-38,320,-212,6470,-2824,-3258,0,0
-229,-240,5,5978,-2400,-3763,0,0
-313,-219,338,5695,-2378,-3231,0,0
-485,-432,497,4961,-1925,-2517,0,0
-458,-299,249,4385,-1334,-2167,0,0
-270,74,-207,3654,-1058,-1432,0,0
-174,280,-630,3168,-540,-983,0,0
83,652,-776,2825,-160,-592,0,0
273,997,-815,1724,27,-39,0,0
365,1355,-821,1404,533,-511,0,0
354,847,-576,895,790,-448,0,0
252,252,-223,392,28,-513,0,0
215,-31,-15,503,-915,-776,0,0
322,-223,47,331,-1255,-537,0,0
450,-207,226,287,-1109,-820,0,0
336,-638,645,1369,-1546,-793,0,0
-29,-1108,984,3325,-2021,-1317,0,0
-150,-707,1157,4688,-2165,-1758,0,0
-159,-615,1071,5057,-2016,-1048,0,0
-185,-289,757,5936,-2585,-1258,0,0
-79,223,93,6353,-2039,-1648,0,0
133,450,-465,6046,-1810,-2802,0,0
294,644,-639,6811,-2433,-3565,0,0
115,117,-452,7494,-2888,-3503,0,0
-145,-394,75,6726,-2949,-3595,0,0
-312,-717,552,5757,-2706,-3063,0,0
-422,-735,737,4852,-1878,-2543,0,0
-279,-523,516,3965,-1183,-2090,0,0
-14,-222,-44,3219,-800,-941,0,0
105,162,-577,1984,-387,-42,0,0
178,644,-1099,929,-309,97,0,0
267,1042,-1475,1105,-444,125,0,0
245,1120,-1143,1611,-693,586,0,0
89,472,-255,1534,-859,138,0,0
-94,-209,296,627,-789,-193,0,0
-58,-214,411,187,-755,-407,0,0
108,-138,426,255,-554,-583,0,0
137,-235,530,986,-556,-955,0,0
77,-442,511,2681,-834,-1671,0,0
170,-104,199,4620,-1130,-1902,0,0
193,273,247,4875,-882,-1610,0,0
-36,79,277,4397,-1587,-1823,0,0
-259,378,100,4620,-2076,-2248,0,0
-326,377,39,5510,-2643,-2070,0,0
-297,468,140,6545,-3534,-2002,0,0
-449,261,502,6501,-3715,-2600,0,0
-547,110,693,6794,-2997,-3073,0,0
-617,-389,681,6906,-2026,-2671,0,0
-661,-613,643,5922,-1324,-2411,0,0
-447,-261,191,4991,-1218,-2029,0,0
-266,50,-424,3417,-971,-1166,0,0
-55,523,-1143,1559,-204,-779,0,0
462,1118,-1796,1577,-219,-292,0,0
727,969,-1700,2619,-381,560,0,0
683,1049,-1036,1398,74,16,0,0
763,723,-334,819,-52,-668,0,0
568,-506,76,339,-685,-445,0,0
336,-606,230,-118,-1139,-581,0,0
291,-415,349,-271,-1205,-714,0,0
226,-835,499,53,-1135,-457,0,0
57,-1438,688,1700,-1234,-781,0,0
-58,-1480,555,4147,-1490,-1098,0,0
-9,-622,292,5933,-1209,-1534,0,0
55,-454,7,6658,-1756,-1657,0,0
-26,-170,-217,6808,-2148,-2607,0,0
-72,448,-268,6963,-2226,-3562,0,0
-89,237,-30,7196,-2485,-3686,0,0
-99,-308,330,6828,-2405,-3511,0,0
-42,-470,693,6280,-2476,-3660,0,0
-40,-636,834,5469,-2618,-3034,0,0
-90,-477,802,4548,-2268,-2720,0,0
-84,-156,397,4023,-1851,-2131,0,0
-76,114,-164,3531,-1009,-1631,0,0
93,550,-687,2590,-194,-1107,0,0
118,1000,-855,1623,-474,28,0,0
-33,1151,-827,666,-738,-36,0,0
6,970,-708,38,-742,435,0,0
-4,372,-269,243,-825,322,0,0
-48,0,77,123,-676,-90,0,0
-66,-18,277,-60,-249,-330,0,0
-18,-162,256,222,44,-768,0,0
86,-342,233,1112,47,-812,0,0
265,-557,123,2847,-410,-1405,0,0
407,-89,-37,4761,-1320,-1591,0,0
213,52,178,4396,-982,-1695,0,0
80,173,258,4490,-1240,-2272,0,0
-110,297,192,4700,-1849,-2075,0,0
-304,131,112,5697,-2314,-1866,0,0
-229,399,8,6431,-2370,-1989,0,0
-105,387,-58,6871,-2294,-2859,0,0
-33,63,46,7456,-2222,-3326,0,0
-76,-243,270,7191,-2156,-2875,0,0
-261,-535,444,6716,-2251,-2857,0,0
-463,-787,569,5726,-2100,-2557,0,0
-541,-839,639,4540,-1881,-1993,0,0
-574,-603,423,3412,-1479,-1811,0,0
-466,10,-129,2340,-777,-1471,0,0
-190,610,-905,1564,-29,-398,0,0
110,1233,-1403,1198,765,439,0,0
428,1563,-1113,1125,560,174,0,0
323,515,-543,372,139,-524,0,0
182,-133,-194,-74,-538,-731,0,0
245,-140,-12,-321,-1161,-498,0,0
239,-171,125,-2712,-1096,-461,0,0
141,-345,326,-514,-974,-434,0,0
-108,-572,346,594,-1359,-558,0,0
-295,-397,41,3556,-1738,-1025,0,0
-367,250,0,6441,-1952,-1300,0,0
-511,332,139,7046,-2084,-2101,0,0
-687,194,283,5815,-1662,-1957,0,0
-644,607,262,5807,-1241,-2899,0,0
-349,342,303,6037,-1419,-2285,0,0
-163,-362,480,6371,-1452,-2082,0,0
49,-639,586,6344,-1053,-2554,0,0
327,-693,498,5857,-1203,-2438,0,0
420,-704,325,5499,-1861,-2475,0,0
394,-549,153,5238,-2378,-2425,0,0
301,-426,110,4891,-2773,-1808,0,0
161,-211,127,3581,-2182,-1598,0,0
366,317,-120,4863,-1451,-1895,0,0
557,477,-261,5467,-1523,-1049,0,0
427,445,-40,2989,-1058,-767,0,0
273,234,-235,641,-621,-404,0,0
210,479,-709,-361,-844,418,0,0
233,769,-758,27,-812,382,0,0
135,262,-443,618,-832,99,0,0
-4,-52,-214,818,-514,-471,0,0
62,-166,89,870,-253,-880,0,0
126,-531,381,855,-421,-671,0,0
82,-721,549,1759,-670,-1254,0,0
121,-716,338,3100,-1196,-1468,0,0
186,-103,88,3974,-996,-1558,0,0
119,148,148,4723,-1153,-1830,0,0
7,110,-57,5155,-1214,-2190,0,0
-5,202,-400,5850,-1579,-2259,0,0
-46,85,-519,6477,-2302,-2646,0,0
-54,29,-402,6587,-2859,-2887,0,0
-133,-185,-60,5854,-2921,-3353,0,0
-383,-409,254,5452,-2748,-3259,0,0
-732,-662,574,4600,-2082,-2564,0,0
-887,-459,636,3673,-1220,-2011,0,0
-667,108,410,4276,-1008,-1764,0,0
-296,323,71,4483,-1121,-1352,0,0
67,807,10,4235,-986,-1224,0,0
158,864,-37,2682,-269,-535,0,0
115,1010,-430,1384,602,-575,0,0
292,1172,-902,668,1127,-178,0,0
403,906,-1002,664,1091,301,0,0
445,497,-605,918,393,-348,0,0
480,45,-291,562,-749,-539,0,0
480,-16,-250,446,-1503,-803,0,0
431,-136,-148,804,-1518,-951,0,0
254,-725,138,1939,-1284,-845,0,0
56,-1205,413,3545,-1493,-489,0,0
-22,-845,117,5140,-1242,-779,0,0
200,-2,-556,6145,-555,-957,0,0
284,565,-635,6932,-1523,-1069,0,0
-110,530,-472,6811,-1877,-2067,0,0
-415,196,-171,6457,-1501,-2236,0,0
-490,-197,72,6171,-1049,-2200,0,0
-281,-209,238,6439,-952,-2746,0,0
-57,-361,301,6980,-1318,-2740,0,0
-66,-637,524,6760,-1565,-2200,0,0
-80,-846,741,6112,-1551,-1955,0,0
-27,-856,711,5664,-1252,-1813,0,0
90,-797,410,4599,-831,-1705,0,0
255,-345,-33,3446,-621,-1351,0,0
297,200,-379,1710,-205,-497,0,0
221,624,-587,63,-342,262,0,0
149,1004,-767,-196,-743,420,0,0
21,1180,-706,403,-975,510,0,0
-247,791,-309,658,-1290,170,0,0
-644,415,113,156,-1096,-201,0,0
-878,480,404,21,-414,-663,0,0
-925,175,610,470,-15,-532,0,0
-857,-117,829,1791,20,-719,0,0
-410,-258,791,3673,-300,-1236,0,0
61,-269,532,4980,-325,-1667,0,0
313,-295,375,5332,437,-1610,0,0
361,-404,307,6003,-653,-1826,0,0
361,-617,-9,6391,-1498,-1872,0,0
546,-498,-297,6626,-1640,-1959,0,0
656,-377,-349,6346,-2175,-2598,0,0
492,-453,-206,5937,-2666,-3066,0,0
200,-636,-84,6474,-2558,-3069,0,0
-11,-757,219,6337,-2437,-2836,0,0
-146,-701,617,5405,-2356,-2762,0,0
-328,-714,781,4457,-2345,-2584,0,0
-456,-519,639,4301,-2006,-2295,0,0
-484,-134,358,3592,-1321,-1569,0,0
-451,452,-71,2072,-552,-1044,0,0
-139,1325,-788,895,291,-730,0,0
250,1332,-1231,925,738,-45,0,0
346,728,-1052,893,518,106,0,0
402,226,-475,979,55,-281,0,0
376,-297,-47,158,-329,-433,0,0
305,-328,97,-309,-450,-512,0,0
203,-342,150,-522,-707,-255,0,0
-48,-255,260,-712,-1317,-299,0,0
-372,-78,460,549,-1934,-1010,0,0
-662,-37,381,4363,-2429,-2569,0,0
-637,1096,-367,6684,-1403,-2934,0,0
-517,2200,-318,7294,-1747,-2673,0,0
-865,638,779,6264,-2486,-2002,0,0
-895,-483,1050,5822,-1459,-1500,0,0
-155,-168,955,5518,-1288,-1270,0,0
325,-141,941,4815,-1455,-1810,0,0
513,-230,575,6108,-2095,-2146,0,0
404,-191,216,7626,-2579,-1791,0,0
58,-220,303,7094,-2082,-1470,0,0
-161,-515,212,6003,-1174,-1148,0,0
173,-198,-312,6072,-1009,-809,0,0
629,79,-771,5191,-1325,-869,0,0
706,44,-1251,3087,-1084,-1079,0,0
800,331,-1614,1456,-1285,-410,0,0
700,668,-1556,828,-2321,501,0,0
388,817,-1227,308,-1881,273,0,0
111,820,-938,145,-1063,-16,0,0
-296,446,-414,794,-982,-231,0,0
-770,-5,27,551,-427,-142,0,0
-894,54,272,875,-114,-432,0,0
-755,-238,444,950,-11,-202,0,0
-525,-557,616,1717,230,-736,0,0
-177,-630,362,3648,-231,-594,0,0
-19,-85,105,4436,-98,-1013,0,0
91,212,233,5030,-60,-979,0,0
-43,-144,246,5087,-510,-942,0,0
-96,-211,24,5801,-541,-1803,0,0
199,-69,-310,6636,-807,-1809,0,0
343,154,-438,6347,-1700,-2184,0,0
236,-200,-321,6933,-2178,-2696,0,0
61,-459,-28,6924,-1826,-2399,0,0
-107,-658,312,6606,-1517,-2391,0,0
-108,-963,608,5874,-1329,-2342,0,0
73,-884,805,5553,-1458,-2087,0,0
95,-636,819,5676,-1663,-1845,0,0
-156,-365,815,4714,-1257,-1109,0,0
-414,186,578,2943,-255,-559,0,0
-379,878,-76,1171,460,125,0,0
-112,1513,-804,139,878,671,0,0
234,1461,-1131,29,737,100,0,0
496,935,-1033,542,322,-18,0,0
717,509,-656,872,-267,-113,0,0
708,162,-345,515,-721,-655,0,0
562,194,-272,140,-1117,-729,0,0
318,234,-219,24,-1144,-525,0,0
8,-72,-58,943,-1030,-966,0,0
-181,-411,191,4214,-1414,-932,0,0
-374,-444,604,6124,-1382,-674,0,0
-429,-260,823,6120,-998,-1098,0,0
-366,412,587,6526,-1615,-476,0,0
-739,357,737,6537,-1553,-880,0,0
-837,76,841,6134,-1951,-951,0,0
-635,100,833,5544,-1804,-1135,0,0
-287,-219,625,5882,-1010,-1707,0,0
-10,-270,415,6481,-1577,-1492,0,0
-72,-274,304,6657,-1850,-1604,0,0
-131,-648,132,5865,-1725,-1405,0,0
-68,-769,2,5643,-1819,-1345,0,0
34,-692,-172,6297,-1458,-1574,0,0
234,-605,-320,6438,-1221,-1645,0,0
332,-622,-555,5796,-1195,-1508,0,0
398,-251,-627,4087,-1002,-928,0,0
442,-52,-486,936,-1028,125,0,0
532,415,-500,-1202,-1309,531,0,0
518,548,-644,-1686,-1300,992,0,0
342,763,-774,-600,-970,395,0,0
114,1160,-567,568,-833,47,0,0
-333,1046,-344,330,-110,-240,0,0
-431,968,-252,536,109,-874,0,0
-497,406,-43,1353,-346,-434,0,0
-495,-143,202,2669,59,-1011,0,0
-113,-22,131,4949,-523,-332,0,0
-81,250,240,5515,-189,-428,0,0
-17,175,343,4675,319,-423,0,0
188,208,-87,5313,-478,-332,0,0
390,461,-730,5995,-737,-414,0,0
603,525,-782,6879,-1119,-804,0,0
527,182,-553,6153,-1358,-794,0,0
271,-111,-259,5773,-1191,-1053,0,0
15,-543,41,6238,-1211,-1401,0,0
-155,-879,243,6311,-983,-1366,0,0
-44,-1102,369,6051,-863,-1396,0,0
195,-1277,344,5601,-922,-1162,0,0
211,-1023,208,5472,-981,-787,0,0
-35,-547,41,5281,-716,-327,0,0
-325,158,40,4651,-494,-545,0,0
-678,551,31,3224,-303,-238,0,0
-838,1131,-31,2368,318,-280,0,0
-632,996,-48,1230,610,-75,0,0
-273,681,-60,-76,946,-57,0,0
251,219,-102,-395,830,-212,0,0
673,-81,-154,-287,29,109,0,0
749,-3,-268,321,-615,-406,0,0
643,-215,-339,572,-669,-317,0,0
423,-196,-117,1016,-1059,-516,0,0
23,-576,265,2513,-1071,-991,0,0
-169,-1015,576,5081,-1569,-555,0,0
-230,-406,498,7043,-1768,-713,0,0
-255,583,143,7550,-1669,-549,0,0
-510,1095,151,7328,-913,-1326,0,0
-636,885,192,6408,-689,-1346,0,0
-574,444,558,5314,-1097,-1185,0,0
-592,-249,821,4799,-1161,-1341,0,0
-536,-300,1032,5305,-1680,-1743,0,0
-540,-816,1197,6098,-2083,-1857,0,0
-533,-864,1161,7435,-2613,-1561,0,0
-515,-837,1226,7634,-1934,-1384,0,0
-219,-1196,821,6591,-851,-1009,0,0
143,-920,28,5006,-99,-881,0,0
350,-588,-634,2957,265,-387,0,0
408,-243,-1297,1198,-172,389,0,0
606,573,-2014,230,-844,940,0,0
892,1121,-2134,645,-1422,714,0,0
921,1071,-1496,1346,-1582,-133,0,0
623,512,-711,1222,-1754,-96,0,0
64,136,-82,374,-1420,-155,0,0
-478,46,291,-27,-920,-733,0,0
-734,-188,495,175,-590,-462,0,0
-862,-265,674,1187,-54,-255,0,0
-582,74,353,3703,-90,-742,0,0
-141,551,-161,5872,679,-784,0,0
102,386,11,6226,550,-475,0,0
127,297,-31,5763,-453,-834,0,0
332,451,-651,5692,-646,-990,0,0
493,572,-774,6846,-1383,-1589,0,0
177,287,-415,6749,-2440,-1460,0,0
-325,5,133,6438,-2247,-1639,0,0
-578,-538,617,6946,-1665,-1685,0,0
-591,-949,894,7057,-1106,-1325,0,0
-386,-880,917,6631,-852,-1409,0,0
-149,-835,677,5575,-612,-1166,0,0
-10,-574,176,4285,-110,-1083,0,0
58,-44,-434,3195,-296,-694,0,0
-51,358,-675,2456,-383,-26,0,0
-7,756,-658,1194,160,523,0,0
239,1325,-751,357,612,699,0,0
456,1370,-739,409,400,117,0,0
410,271,-527,261,24,-459,0,0
530,68,-345,178,-446,-694,0,0
553,28,-38,429,-882,-745,0,0
376,-728,141,-23,-991,-664,0,0
202,-689,360,416,-1364,-406,0,0
-107,-870,607,2724,-1237,-893,0,0
34,-881,399,5572,-1022,-386,0,0
237,-221,273,6484,-665,-530,0,0
231,-65,168,6307,-1096,-402,0,0
21,249,91,6976,-1000,-1829,0,0
-89,-139,-78,7248,-694,-1481,0,0
-44,-324,-42,7897,-755,-1535,0,0
39,-463,-102,7336,-717,-2022,0,0
-80,-769,-123,7331,-1430,-2140,0,0
-161,-860,-44,7557,-654,-2194,0,0
2,-936,367,7244,-754,-1673,0,0
-31,-1479,847,5581,-892,-1370,0,0
330,-633,716,4110,-417,-1062,0,0
651,85,264,2115,-564,-401,0,0
331,675,-448,-476,-1263,108,0,0
-84,1630,-1210,-1497,-1464,391,0,0
-735,1925,-1412,69,-1622,866,0,0
-1426,1853,-960,838,-1507,654,0,0
-1715,1700,-423,1131,-699,501,0,0
-1608,1554,115,967,227,-546,0,0
-1325,1119,504,1685,316,-600,0,0
-1002,592,784,2266,649,-726,0,0
-544,565,909,3867,870,-372,0,0
-252,486,847,6055,1115,-231,0,0
219,-224,772,6169,1466,490,0,0
782,-359,661,5748,417,510,0,0
1168,-684,340,6030,28,-140,0,0
1754,-1270,-261,5909,-131,-115,0,0
2033,-994,-766,5023,-1049,-636,0,0
1909,-868,-1113,5227,-1434,-1168,0,0
1668,-950,-1137,6686,-1533,-353,0,0
995,-735,-441,6366,-1744,74,0,0
151,-653,227,5482,-1768,-300,0,0
-493,-669,670,3786,-1253,-853,0,0
-2944,-487,603,2131,-796,-740,0,0
-1180,-76,256,3057,-758,-851,0,0
-1492,123,134,3580,-806,-311,0,0
-1685,261,270,3902,-334,-286,0,0
-1618,244,464,2663,29,-439,0,0
-1401,140,759,1870,94,-799,0,0
-1183,-154,980,2427,-555,-1229,0,0
-990,-334,1010,3321,-950,-2200,0,0
-616,-391,569,5252,-629,-3102,0,0
-212,-306,-43,7920,-814,-3184,0,0
24,-356,-212,7807,-683,-2273,0,0
373,-287,-270,5100,-295,-607,0,0
758,279,-510,2218,-100,102,0,0
1006,676,-752,562,-163,-165,0,0
1249,784,-1009,122,40,-507,0,0
1538,1059,-1083,758,96,-424,0,0
1395,291,-535,886,-210,-287,0,0
1222,-363,-162,911,-535,-604,0,0
1119,-491,81,1410,-1386,-81,0,0
697,-678,363,1110,-1216,-75,0,0
181,-717,632,1563,-929,-583,0,0
-226,-896,523,4094,-950,-925,0,0
-487,-666,235,6534,-1128,-617,0,0
-694,80,244,6211,-1664,-568,0,0
-841,-85,667,4519,-1345,-1472,0,0
-673,-286,495,5120,-1326,-1950,0,0
-400,3,298,6681,-1459,-1820,0,0
-247,-224,315,6471,-622,-2086,0,0
62,-197,55,6166,-692,-2742,0,0
211,-209,-51,7065,-1009,-2792,0,0
137,-524,112,7322,-933,-3150,0,0
177,-779,375,7311,-1466,-3392,0,0
135,-1192,665,5753,-1932,-2821,0,0
27,-1067,671,3205,-1439,-2553,0,0
-5,-410,157,1264,-633,-3640,0,0
48,253,-640,282,-333,96,0,0
-90,870,-1151,459,-468,1337,0,0
87,1557,-1037,1682,-720,716,0,0
132,794,-653,1314,-744,635,0,0
-52,191,-255,1158,-823,-15,0,0
-95,514,148,1326,-1081,37,0,0
-278,354,450,781,-453,-515,0,0
-198,247,679,396,-162,-1243,0,0
-167,76,911,1207,-458,-803,0,0
-295,-275,877,2917,-478,-1830,0,0
11,126,419,4640,-971,-1793,0,0
326,389,212,5058,-526,-1335,0,0
385,526,342,5426,-1065,-1969,0,0
111,172,168,5423,-1324,-1914,0,0
-18,268,-152,5687,-1902,-2087,0,0
-44,-23,-157,5665,-2524,-1887,0,0
-164,-72,-20,5794,-3399,-2189,0,0
-208,115,59,6818,-2876,-3075,0,0
-360,-423,108,7449,-2308,-2697,0,0
-587,-440,366,7650,-2129,-3245,0,0
-681,-625,453,6671,-1926,-2763,0,0
-723,-1081,263,4588,-1701,-1685,0,0
-685,-458,16,2555,-982,-1525,0,0
-397,239,-433,980,-54,-497,0,0
41,753,-753,882,319,331,0,0
453,623,-660,593,654,234,0,0
766,88,-402,109,550,165,0,0
975,-423,-195,53,170,36,0,0
1030,-513,-103,-401,-96,269,0,0
841,-293,-101,-568,-673,342,0,0
498,-232,-147,-838,-911,-34,0,0
279,-117,-287,342,-1516,-624,0,0
20,73,-215,3723,-2252,-1865,0,0
-384,-99,247,5960,-2184,-2168,0,0
-829,-198,591,5397,-2409,-1838,0,0
-914,579,503,5326,-2725,-2530,0,0
-684,590,60,7449,-1267,-2569,0,0
-371,573,37,7116,-824,-2492,0,0
27,356,377,6634,-1414,-2423,0,0
215,-354,457,5586,-1612,-2155,0,0
317,126,352,6025,-2063,-2646,0,0
167,188,224,7303,-2232,-2436,0,0
-42,77,328,7612,-1690,-2233,0,0
-195,-475,380,6021,-1123,-1382,0,0
-140,-506,-154,3178,-505,-1038,0,0
18,228,-717,1033,-320,-365,0,0
94,802,-1063,-149,-840,552,0,0
68,1002,-1211,-267,-1099,646,0,0
162,1641,-1144,151,-891,618,0,0
158,1482,-672,1277,-999,567,0,0
-143,828,-194,1459,-930,172,0,0
-373,699,157,1897,-429,-600,0,0
-396,38,358,2341,-198,-600,0,0
-341,-190,606,3263,-118,-746,0,0
-225,-593,645,4217,-350,-366,0,0
-140,-341,514,4168,25,-923,0,0
-32,-420,376,3787,95,-413,0,0
38,-51,90,4070,-744,-556,0,0
368,362,-401,4823,-1162,-704,0,0
544,488,-480,5231,-1671,-412,0,0
339,681,-190,4836,-2351,-596,0,0
-39,747,-31,5159,-2972,-771,0,0
-421,690,96,6793,-2550,-943,0,0
-492,28,369,6864,-1681,-769,0,0
-490,-154,534,8802,-2455,-897,0,0
-761,-982,762,9126,-1756,-914,0,0
-748,-1295,934,7049,-835,-969,0,0
-668,-811,807,4962,-1256,-526,0,0
-613,-626,367,2277,-589,769,0,0
-77,331,-367,229,374,545,0,0
650,1100,-1051,-9,347,650,0,0
891,878,-1350,649,440,79,0,0
1231,552,-1445,1097,776,-634,0,0
1521,391,-1355,1388,86,-113,0,0
1347,126,-882,1643,-732,-172,0,0
847,-547,-374,564,-1004,-335,0,0
383,-731,30,-501,-2003,-300,0,0
13,-809,350,48,-2172,-655,0,0
-130,-1079,441,3844,-1167,-708,0,0
-282,-779,576,6916,-1272,-884,0,0
-716,-911,425,6634,-1832,-225,0,0
-780,460,105,6594,-1136,-420,0,0
-580,579,-87,6955,-7,-1657,0,0
48,316,-364,7292,525,-1725,0,0
500,-129,-187,7012,115,-1632,0,0
611,-435,-48,5270,-455,-2234,0,0
631,-390,-49,5682,-1199,-2653,0,0
556,-823,189,6851,-1655,-1873,0,0
448,-650,718,7591,-1606,-1169,0,0
417,-802,836,6055,-959,-796,0,0
345,-657,459,2892,-454,-1077,0,0
66,102,153,665,-996,-436,0,0
-417,198,-17,217,-1684,412,0,0
-601,532,-190,921,-1515,889,0,0
-545,894,255,1767,-1454,1063,0,0
-827,156,979,841,-981,1138,0,0
-993,521,1187,156,68,11,0,0
-753,853,1078,390,180,-312,0,0
-801,212,1071,1327,130,-958,0,0
-645,-320,817,3240,148,-2002,0,0
-125,2,133,4931,-1162,-533,0,0
-136,1344,21,5251,-1199,-619,0,0
-179,1010,6,4698,-480,-633,0,0
106,570,30,3687,-478,-261,0,0
645,609,-191,3769,-640,10,0,0
1108,391,-633,4684,-959,-186,0,0
1278,572,-837,5280,-1590,-518,0,0
924,140,-801,5082,-1883,-2568,0,0
612,38,-651,4829,-1900,-769,0,0
436,214,-780,5096,-1963,-823,0,0
203,477,-847,5407,-1948,-1228,0,0
-37,-20,-516,5853,-2325,-1593,0,0
-369,-795,-120,6668,-3050,-1238,0,0
-666,-1084,212,7725,-2417,-1169,0,0
-851,-1523,453,8190,-912,-673,0,0
-791,-1614,632,6635,-168,108,0,0
-729,-933,614,3892,-204,444,0,0
-519,-160,305,1536,43,147,0,0
-87,830,-237,627,-153,607,0,0
280,1320,-673,392,785,-6,0,0
851,753,-1077,878,1105,-291,0,0
1246,396,-1027,1285,281,275,0,0
1136,185,-522,1300,-402,-513,0,0
834,-94,-180,1031,-1038,-429,0,0
376,-502,188,193,-1337,-235,0,0
-35,-773,453,587,-1528,-669,0,0
-392,-1041,696,2542,-1255,-959,0,0
-435,-823,935,4170,-983,-201,0,0
-585,-784,842,5215,-1785,-98,0,0
-648,-233,622,5177,-1584,-171,0,0
-461,281,301,5851,-875,-1228,0,0
-304,598,40,6197,-1280,-2089,0,0
-243,651,-123,7025,-1550,-1938,0,0
-235,333,-106,6694,-1096,-2364,0,0
-187,95,-25,5898,-1329,-2782,0,0
-209,-140,39,7320,-1688,-2872,0,0
-347,-561,425,8024,-1628,-2382,0,0
-350,-1125,829,7584,-1367,-2374,0,0
-146,-1760,922,5982,-1010,-1683,0,0
173,-3344,374,4942,-613,-1344,0,0
506,-362,-368,3358,-208,-986,0,0
472,215,-960,1146,-774,194,0,0
229,676,-941,-675,-1292,415,0,0
313,412,-741,-1692,-1146,314,0,0
849,1303,-648,-184,-1178,274,0,0
748,1506,-88,986,-1669,1012,0,0
6,876,411,178,-663,-132,0,0
-306,1062,437,372,-175,-569,0,0
-483,853,435,1000,-113,-9,0,0
-591,317,607,2268,124,-521,0,0
-385,-93,611,3892,-208,-903,0,0
-34,-2408,757,5273,-1021,-678,0,0
110,-544,675,4896,-1139,-996,0,0
417,70,85,4098,-2612,-1927,0,0
937,554,-567,4624,-2639,-1937,0,0
1272,198,-734,5745,-1656,-2528,0,0
1012,277,-411,6400,-2572,-1364,0,0
615,-19,-254,7641,-2892,-279,0,0
167,-402,-178,6953,-2272,73,0,0
179,-44,-139,6338,-1802,154,0,0
69,208,-359,6884,-1876,171,0,0
-489,146,-213,6573,-2294,-1635,0,0
-1039,-24,215,7442,-3357,-2245,0,0
-1647,-942,505,7548,-3239,-705,0,0
-2357,-421,911,3677,-1793,477,0,0
-2400,161,890,-850,-967,638,0,0
-1006,396,-399,-1184,1473,874,0,0
679,-110,-1120,1056,3169,411,0,0
1396,-866,-1184,188,2171,-94,0,0
1385,-406,-1262,-337,207,408,0,0
638,-487,-1419,1734,-1187,-143,0,0
-123,-449,-1082,3472,-1922,-785,0,0
-614,-391,-113,4856,-2707,-1365,0,0
-840,-895,299,5366,-2167,-2644,0,0
-940,234,-7,7052,-1417,-3985,0,0
-1217,539,-77,4922,42,-2230,0,0
-1737,-88,466,1762,620,-435,0,0
-1660,-1579,515,2119,574,-1253,0,0
-873,-2459,-5,2902,110,-179,0,0
-338,-1797,-605,2949,759,-2464,0,0
-273,-930,-1691,1590,1258,-1466,0,0
-178,236,-2617,682,1973,-1424,0,0
213,1768,-3618,762,3353,-722,0,0
740,2446,-4529,2817,4677,-172,0,0
639,883,-4976,4251,5618,-107,0,0
127,72,-4716,2787,5862,1,0,0
-33,1582,-3839,1583,5264,-101,0,0
220,2913,-3131,2826,4875,-492,0,0
