-37,-251,-417,526,-374,-340,0,0
93,248,240,254,24,-856,0,0
328,-423,727,-864,3006,236,0,0
249,-40,629,-2060,3597,588,0,0
176,4,459,-1870,4030,-562,0,0
256,-124,675,-1740,3305,-869,0,0
359,-197,902,-907,2990,-613,0,0
479,-206,914,-922,3601,-143,0,0
610,775,922,-1346,4125,331,0,0
417,1266,879,-1472,4823,344,0,0
-92,803,451,-1739,6049,-606,0,0
-304,600,42,-843,6755,-783,0,0
-620,-178,-164,67,9829,-911,0,0
-1058,-199,-831,55,10089,-1172,0,0
-979,-363,-1112,646,3811,-1853,0,0
-772,-1167,-329,318,4470,-1318,0,0
-434,-749,-140,-528,4760,-1011,0,0
29,561,124,-283,4120,-749,0,0
262,1357,439,514,3785,-1111,0,0
295,1123,556,655,3816,-1352,0,0
401,484,786,1541,4207,-2052,0,0
676,-395,1388,1473,4794,-1778,0,0
924,-454,2015,926,5547,-1475,0,0
1097,-621,2391,1267,6116,-1229,0,0
958,-511,2327,1407,6927,-594,0,0
571,-32,1487,1044,6715,10,0,0
292,-92,439,741,3595,304,0,0
231,372,585,381,-634,359,0,0
485,486,1616,399,-1140,103,0,0
820,-349,2140,412,-79,224,0,0
1046,231,2189,479,-641,66,0,0
1079,843,2494,913,-1676,-267,0,0
917,235,2886,1063,-1381,-836,0,0
837,140,3405,1448,-805,-864,0,0
882,-401,4140,2404,18,-1084,0,0
1065,-427,4530,2733,141,-903,0,0
797,1128,3780,3565,-1004,-864,0,0
352,1846,2716,4723,-1859,-1803,0,0
-173,1888,2324,4292,-2214,-1373,0,0
-753,1557,2068,3185,-2462,-1108,0,0
-956,1665,1345,3818,-3021,-2356,0,0
-458,-349,387,4303,-3560,-2052,0,0
136,409,-449,4564,-3771,-718,0,0
220,2415,-601,6188,-4093,-1762,0,0
341,-736,-539,5973,-4278,-2107,0,0
476,-1675,-609,4305,-3998,-1316,0,0
443,-720,-1017,3988,-2943,-1396,0,0
196,-1880,-1728,4245,-701,-1706,0,0
-318,-1908,-2525,6641,960,-2050,0,0
-884,-2392,-2775,5601,992,-1746,0,0
-1289,-751,-3290,5627,866,-2197,0,0
-1172,-606,-3278,5372,-662,-2263,0,0
-1340,-1087,-3009,763,-1569,100,0,0
-1627,809,-3593,-190,-825,710,0,0
-1505,1004,-3800,-318,-988,412,0,0
-1322,249,-3215,-166,-975,771,0,0
-1638,-100,-2718,302,477,531,0,0
-1616,47,-2655,376,1453,-221,0,0
-1234,439,-2530,528,1788,-45,0,0
-865,831,-2001,439,1860,-462,0,0
-603,271,-1199,283,1321,-750,0,0
-279,-835,-380,268,3363,-28,0,0
-184,195,-652,423,7186,789,0,0
-449,1712,-1834,1276,7374,-360,0,0
-345,2040,-2181,1574,4611,-614,0,0
-355,2138,-1873,1904,6045,-855,0,0
-488,297,-1618,1471,6500,-462,0,0
-639,-888,-1178,147,3804,-3224,0,0
-390,-1671,-270,-248,3959,-1302,0,0
160,-1938,98,-1456,5844,381,0,0
680,1009,294,-1539,5947,-6,0,0
826,1935,812,-500,5639,-736,0,0
716,314,1264,-579,6098,-316,0,0
733,252,1430,-398,6436,63,0,0
686,1061,1689,-84,6168,274,0,0
454,662,1870,1526,6290,-289,0,0
287,-887,2759,3521,6885,-381,0,0
288,-1485,3872,4643,6816,-633,0,0
81,-2121,4042,5363,5625,-325,0,0
-137,-2513,4132,4643,4146,-133,0,0
-190,-1474,4658,2185,1781,-427,0,0
-167,-1747,4807,14,1049,-140,0,0
232,-2009,4533,-1102,1535,450,0,0
817,-1741,4132,-1762,1542,819,0,0
1291,-1306,3282,-2661,1343,-255,0,0
1761,-642,1978,-1089,798,-962,0,0
1829,-1543,1750,-693,7,869,0,0
1447,-1210,2007,547,-70,799,0,0
1067,-1091,2293,685,-777,-1155,0,0
1001,-647,2205,2459,-2790,-3542,0,0
667,-1293,1140,1264,-3838,-3255,0,0
202,683,-118,3255,-4291,-5297,0,0
55,-472,-80,2814,-4434,-4022,0,0
-326,-691,351,930,-4190,-3907,0,0
-265,132,229,1179,-4447,-3809,0,0
-272,308,-150,1785,-4692,-3474,0,0
-218,1241,-521,3286,-4646,-5667,0,0
195,631,-414,3625,-4608,-5338,0,0
123,-459,-202,3079,-4383,-4372,0,0
-200,239,-211,2995,-4069,-4439,0,0
-410,10,-483,2468,-3118,-3899,0,0
-542,-97,-2776,1976,-2226,-1665,0,0
-982,337,-874,1494,-1745,-103,0,0
-1470,506,-1142,1242,-1113,-287,0,0
-1331,1833,-1563,1443,-374,-371,0,0
-784,1562,-1720,1268,65,71,0,0
-356,1017,-1044,1145,-65,-55,0,0
-132,974,-355,1085,-305,-457,0,0
-73,169,5,792,203,-863,0,0
231,-101,397,693,380,-1438,0,0
628,-452,790,1157,6,-1366,0,0
794,-1115,1026,1712,-385,-1507,0,0
874,-1047,1013,2538,-1208,-2323,0,0
681,-1188,484,3233,-1525,-3385,0,0
590,-322,-160,4055,-1898,-3225,0,0
455,166,39,4531,-3025,-3299,0,0
241,-426,654,4027,-3888,-3351,0,0
47,-870,935,3258,-3804,-3905,0,0
-64,-393,564,3339,-3452,-4249,0,0
-231,-92,206,4034,-2861,-5418,0,0
-352,-255,137,3515,-2664,-5020,0,0
-527,-55,60,3700,-2377,-4601,0,0
-415,-73,-50,4243,-2517,-4540,0,0
-250,19,-278,3353,-2554,-3729,0,0
-131,-5,-466,3497,-2163,-4867,0,0
5,-350,-372,2796,-2813,-4364,0,0
-100,-48,-432,3066,-3135,-3901,0,0
-277,291,-362,2642,-3153,-3323,0,0
-519,486,-195,1958,-2338,-2919,0,0
-2360,438,-96,1382,-881,-2155,0,0
24,257,-78,463,366,-790,0,0
436,480,10,37,1084,64,0,0
857,127,382,-4,205,203,0,0
939,-792,389,-170,-246,197,0,0
979,-22,297,50,-449,586,0,0
930,255,616,-444,-377,302,0,0
938,-279,975,-163,-1117,43,0,0
715,-207,894,1668,-1769,-686,0,0
476,-727,1059,3026,-2207,-3032,0,0
372,-552,676,3596,-3506,-4435,0,0
325,315,341,3735,-3485,-4042,0,0
245,-604,773,3347,-3874,-3135,0,0
49,-498,885,1531,-4540,-3638,0,0
156,0,472,1383,-5274,-4465,0,0
438,-65,222,1396,-5792,-3729,0,0
447,251,191,1743,-5601,-3165,0,0
389,468,383,1697,-5628,-3845,0,0
357,231,284,1245,-5479,-3509,0,0
226,543,-4,2120,-5135,-3373,0,0
40,451,18,2230,-4911,-3776,0,0
-213,-166,171,1669,-4277,-3644,0,0
-435,-317,-45,2176,-4059,-3834,0,0
-616,-16,-469,2413,-3721,-2876,0,0
-3176,191,-900,2083,-2760,-2322,0,0
-1493,-191,-1419,1726,-1862,-2698,0,0
-1444,-148,-1715,754,-1453,-380,0,0
-1272,630,-1661,654,-1510,554,0,0
-846,1240,-1469,460,-905,276,0,0
-252,1342,-588,769,-367,-691,0,0
-184,4,204,478,-651,-809,0,0
-146,-117,415,-35,-313,-645,0,0
170,-440,781,440,-318,-1591,0,0
609,-791,1279,1112,-1007,-1307,0,0
687,-1413,1647,1590,-1315,-1124,0,0
523,-1205,1398,1553,-1617,-2848,0,0
593,-743,1033,1915,-2043,-2927,0,0
576,-547,502,2030,-2773,-2794,0,0
596,132,536,2076,-4033,-3659,0,0
560,-170,579,1746,-4726,-2609,0,0
541,-31,282,2059,-4574,-3596,0,0
531,-480,23,1634,-4985,-3521,0,0
167,-101,-221,1436,-5471,-4325,0,0
-139,61,-328,2090,-5762,-5711,0,0
-294,-201,-277,1850,-5319,-3739,0,0
-360,194,-108,2644,-4962,-4381,0,0
-166,34,115,1998,-5220,-4001,0,0
-91,-10,6,2091,-4406,-3764,0,0
-90,-111,-51,1462,-3935,-3940,0,0
-165,-66,-225,1107,-4266,-3168,0,0
-300,181,-450,1728,-4184,-3644,0,0
-335,505,-733,1064,-3088,-2252,0,0
-434,778,-1033,1220,-1821,-1153,0,0
-272,758,-1337,964,-568,-1046,0,0
12,1122,-1252,254,862,414,0,0
121,463,-637,134,629,-179,0,0
250,-357,-492,-338,-432,-806,0,0
507,524,-440,207,-887,-89,0,0
435,84,203,969,-1371,-201,0,0
323,-553,828,817,-1439,-605,0,0
137,-425,1261,952,-1963,-992,0,0
-71,-416,1434,1473,-3004,-2028,0,0
-112,-430,1062,2096,-4245,-2446,0,0
-151,686,229,2855,-3875,-4572,0,0
72,389,-6,3502,-3342,-4787,0,0
36,-755,373,2657,-3087,-3080,0,0
-53,168,526,1609,-3618,-4101,0,0
74,188,141,1463,-4583,-3875,0,0
244,231,-184,2404,-4937,-3497,0,0
169,46,64,2943,-5036,-3087,0,0
-158,-434,352,1953,-4554,-3678,0,0
-215,-431,291,1366,-4244,-4546,0,0
-143,-250,4,1815,-4102,-3790,0,0
-19,49,-105,3045,-4149,-3823,0,0
43,-265,6,2925,-4326,-3571,0,0
16,-257,-37,1961,-4238,-3695,0,0
-154,-30,-408,1460,-4126,-3735,0,0
-617,288,-975,1099,-3628,-3102,0,0
-1006,392,-1479,442,-2216,-1189,0,0
-863,1224,-1658,962,-974,446,0,0
-508,1420,-1194,1516,-722,68,0,0
-415,291,-190,636,-568,23,0,0
-380,420,467,-391,-20,-353,0,0
-96,205,588,-334,4,-157,0,0
86,-135,475,-218,345,-215,0,0
302,249,366,207,322,-794,0,0
531,-462,412,905,-367,-1517,0,0
708,-907,446,1559,-1639,-2244,0,0
890,-287,284,2711,-3121,-2257,0,0
770,-235,174,3183,-3543,-3315,0,0
548,123,283,2834,-4335,-2108,0,0
33,455,156,3290,-4838,-3585,0,0
-49,49,248,3011,-4069,-3600,0,0
-153,-590,502,2389,-4452,-2721,0,0
-373,82,308,2978,-5155,-4031,0,0
-355,374,-136,3640,-4878,-4174,0,0
-423,46,34,3712,-4513,-4431,0,0
-509,-135,494,3068,-3900,-4391,0,0
-387,-533,388,2762,-3239,-3774,0,0
-156,-337,-102,2664,-3259,-3849,0,0
52,-96,-396,2783,-3560,-4422,0,0
-18,-794,-346,2438,-4288,-3894,0,0
-242,-482,-138,2494,-4581,-3982,0,0
-252,-454,55,2054,-4246,-3329,0,0
-192,-167,36,1224,-3046,-2227,0,0
21,349,-95,1305,-1545,-2250,0,0
208,7,-383,652,-508,-3072,0,0
111,712,-831,219,755,-1004,0,0
257,963,-629,-93,968,-478,0,0
372,-263,-14,-261,-150,273,0,0
457,-205,-230,-354,-509,279,0,0
677,-164,-338,-88,-194,81,0,0
573,-869,-211,492,-144,-24,0,0
453,-486,-88,1023,-906,-408,0,0
395,-446,55,1829,-2691,-1767,0,0
301,-367,167,2511,-4180,-2592,0,0
187,223,46,3186,-4211,-2025,0,0
-31,613,135,3335,-4046,-3481,0,0
-426,582,112,2502,-4425,-4269,0,0
-508,796,42,3613,-3706,-5126,0,0
-240,5,471,3075,-3983,-3411,0,0
-141,-28,658,2725,-4146,-4038,0,0
180,-87,526,2317,-4025,-4565,0,0
411,-472,426,2246,-4111,-3063,0,0
341,-406,340,2026,-4001,-2958,0,0
326,-25,116,1854,-4316,-2893,0,0
230,179,75,1931,-4588,-3269,0,0
177,171,118,1729,-4871,-3290,0,0
204,447,75,2126,-4670,-2708,0,0
141,292,127,1889,-4482,-2871,0,0
50,236,57,1303,-4639,-2857,0,0
-130,525,-143,1626,-4368,-3487,0,0
-295,-91,-77,1918,-3692,-3257,0,0
-484,-336,91,2581,-2865,-2011,0,0
-692,-176,143,2714,-2223,-1926,0,0
-748,-430,-11,1705,-1952,-761,0,0
-727,652,-415,1360,-1511,-250,0,0
-415,871,-705,545,-237,601,0,0
-64,1012,-372,-140,262,899,0,0
-149,1061,83,113,-646,-593,0,0
-234,599,50,282,-393,-631,0,0
-171,67,381,831,-314,-1079,0,0
-63,-443,846,1297,-1690,-1681,0,0
-132,-266,793,1409,-2628,-1915,0,0
-279,118,386,1943,-2599,-3203,0,0
-333,3,169,1853,-1675,-2869,0,0
-160,-177,461,1670,-1437,-1879,0,0
184,-390,553,2221,-2584,-2019,0,0
471,-93,56,2481,-3011,-3087,0,0
625,-123,-330,2833,-3750,-3353,0,0
379,-358,-294,2357,-4413,-3097,0,0
-13,-223,-39,1963,-4742,-3266,0,0
-142,-180,144,2000,-5215,-3670,0,0
-64,-57,60,2164,-5447,-3385,0,0
-15,445,-111,3115,-5249,-4148,0,0
-12,318,42,3217,-4604,-4096,0,0
-163,-163,278,2549,-4208,-3644,0,0
-141,-212,132,2290,-4192,-3988,0,0
1,-215,-159,2187,-4259,-3884,0,0
45,-335,-210,2003,-4170,-4115,0,0
100,-521,-155,2001,-4424,-3409,0,0
82,-514,-195,2045,-4443,-2924,0,0
35,-477,-216,1912,-3739,-2898,0,0
93,-163,-215,1848,-2550,-2071,0,0
190,-289,-114,1698,-1556,-1998,0,0
290,-310,-302,1275,-1078,-1232,0,0
248,495,-796,704,36,-822,0,0
321,407,-920,-24,861,-238,0,0
375,297,-347,-281,131,459,0,0
175,111,-215,-136,-463,29,0,0
262,68,-388,757,-966,-536,0,0
441,26,-7,1530,-1345,-609,0,0
335,-287,882,1596,-2615,-448,0,0
-44,-761,1274,1316,-3936,-2271,0,0
-136,-409,587,1467,-3245,-1968,0,0
17,161,-61,2199,-3038,-2243,0,0
56,-73,-237,2063,-3701,-3167,0,0
-101,-21,-472,1869,-3889,-3986,0,0
13,130,-467,2063,-3575,-3780,0,0
207,-148,36,1935,-3919,-2205,0,0
156,-440,484,1252,-3660,-2096,0,0
134,-555,403,908,-4113,-2521,0,0
166,-144,23,1186,-4268,-3058,0,0
273,-102,-115,2047,-3992,-3518,0,0
372,-220,188,2249,-4612,-2791,0,0
380,-33,290,2248,-4830,-2817,0,0
473,269,99,2285,-4788,-2676,0,0
443,425,-35,2395,-4712,-3016,0,0
332,400,-73,2185,-4575,-2800,0,0
260,394,-79,2346,-4736,-3033,0,0
189,152,-74,2208,-4983,-2542,0,0
29,257,17,2154,-5055,-2649,0,0
-166,143,126,2393,-5157,-3313,0,0
-489,-310,56,2133,-4652,-2820,0,0
-940,-56,-318,2119,-3973,-2894,0,0
-1340,-278,-707,1279,-2910,-1987,0,0
-1463,-63,-1120,101,-1380,106,0,0
-915,1481,-1340,624,-376,83,0,0
-342,1060,-936,506,-108,463,0,0
-370,285,-54,-255,-275,256,0,0
-400,116,231,17,-416,-267,0,0
-271,-113,218,94,2,-156,0,0
-206,5,296,355,292,-1451,0,0
55,-448,425,647,-528,-1992,0,0
270,-1249,638,1572,-1868,-1523,0,0
320,-893,637,2175,-3568,-1942,0,0
178,-320,266,2556,-3521,-3403,0,0
67,-314,-144,2521,-3603,-3719,0,0
8,406,-34,2584,-4773,-3248,0,0
-85,278,422,2074,-4769,-3017,0,0
-50,-303,601,1919,-4628,-2475,0,0
-67,438,510,1937,-4487,-2906,0,0
-141,561,242,2407,-3837,-3770,0,0
-205,82,165,2553,-3022,-3452,0,0
-283,-164,366,2505,-2673,-3414,0,0
-232,-259,256,2617,-2948,-3337,0,0
-40,180,-196,3013,-3240,-4054,0,0
127,-162,-504,3025,-3564,-3866,0,0
102,-238,-422,2691,-3381,-3929,0,0
121,-349,-177,2392,-3522,-3592,0,0
126,-439,-16,2474,-3963,-3292,0,0
213,-435,172,2182,-4113,-3457,0,0
265,-619,327,1857,-4556,-3247,0,0
209,-465,456,1846,-4716,-3975,0,0
203,-539,543,1426,-4810,-4119,0,0
101,-646,410,968,-4721,-3169,0,0
-59,-131,180,896,-3773,-2804,0,0
-141,336,-296,629,-2165,-1939,0,0
-82,747,-800,351,83,-273,0,0
25,878,-928,-177,1775,347,0,0
73,168,-789,-462,980,-102,0,0
159,-485,-918,-251,-91,175,0,0
331,47,-1061,108,-503,363,0,0
414,40,-758,429,-839,-17,0,0
403,-315,-65,330,-1540,-213,0,0
378,-164,650,455,-2000,-872,0,0
347,-487,1432,756,-3177,-1812,0,0
208,-408,1669,791,-4479,-2544,0,0
-59,292,797,1706,-5212,-3476,0,0
-154,696,-392,2291,-4012,-5745,0,0
315,412,-511,2649,-3926,-3269,0,0
-42,-227,67,1955,-4502,-3307,0,0
-162,271,-71,1063,-4132,-4234,0,0
193,66,-321,2054,-4155,-2857,0,0
192,-221,84,2494,-4079,-2182,0,0
30,-249,542,2137,-3682,-2672,0,0
-33,-403,499,1781,-3801,-3273,0,0
-115,14,-24,1628,-4306,-3622,0,0
-186,626,-701,2417,-4124,-3968,0,0
-52,456,-603,3297,-4439,-3292,0,0
-87,-224,-141,2467,-4438,-3125,0,0
-25,211,-28,1992,-4247,-3440,0,0
34,-10,-40,1741,-4246,-3543,0,0
-6,-261,-64,1827,-4317,-3524,0,0
-72,-333,6,2343,-4405,-4434,0,0
-233,-388,67,2432,-4153,-3606,0,0
-694,-122,-50,2173,-3600,-3218,0,0
-1014,-516,-486,1017,-2847,-1676,0,0
-969,505,-974,340,-1589,353,0,0
-704,1414,-1213,865,-817,60,0,0
-187,1264,-726,373,-484,-181,0,0
-30,856,94,91,-508,-353,0,0
-93,149,544,268,-377,-318,0,0
49,-64,872,115,-234,-377,0,0
141,-105,973,515,-71,-822,0,0
277,-510,1069,919,-725,-1142,0,0
158,-1014,982,1043,-1797,-2118,0,0
122,-428,539,1789,-2451,-2860,0,0
185,-407,259,2455,-2598,-3222,0,0
131,-473,84,1786,-2625,-2660,0,0
109,322,180,1644,-3959,-3303,0,0
76,-99,29,1738,-4585,-3802,0,0
167,-96,-102,1624,-4493,-2643,0,0
128,141,163,983,-4330,-3389,0,0
36,-117,246,1188,-4171,-3513,0,0
-45,80,174,1885,-4023,-3165,0,0
-16,260,62,2067,-3880,-3543,0,0
23,-94,55,2108,-3824,-3439,0,0
-33,-123,130,1829,-3891,-3797,0,0
-9,-110,-70,1876,-3870,-3755,0,0
-34,-204,-360,2133,-3729,-3570,0,0
-81,-75,-456,2304,-3855,-4011,0,0
-135,-222,-429,2248,-3823,-3341,0,0
-177,-153,-331,2267,-3750,-3711,0,0
-92,-111,-181,1892,-4114,-3711,0,0
-129,-46,35,1538,-4237,-3321,0,0
-140,-129,283,1636,-4698,-3869,0,0
-172,-163,289,1303,-4876,-3687,0,0
-303,112,10,1544,-3706,-4161,0,0
-263,-201,-197,1268,-2906,-2961,0,0
-179,304,-428,746,-1564,-665,0,0
-74,956,-720,939,214,-110,0,0
44,923,-818,-292,1443,-148,0,0
211,675,-753,-567,912,-1070,0,0
409,-407,-808,-196,138,233,0,0
490,-223,-648,14,-598,822,0,0
440,-245,-303,530,-1273,-355,0,0
484,-257,159,713,-1871,-598,0,0
399,-291,921,1145,-2568,-1711,0,0
296,-1006,1514,1670,-4089,-2572,0,0
122,-230,923,1781,-4218,-2738,0,0
21,845,-104,2921,-3737,-4909,0,0
241,-95,-187,2915,-3656,-4124,0,0
69,-803,377,1846,-3736,-2558,0,0
-166,-156,224,1030,-3867,-4594,0,0
99,-114,-530,1269,-4282,-3800,0,0
232,268,-767,2513,-4285,-2978,0,0
180,33,-113,2638,-4149,-2799,0,0
50,-356,409,1884,-3705,-2445,0,0
-74,196,395,1490,-3334,-2690,0,0
-224,284,161,1592,-3277,-3339,0,0
-254,285,-57,2022,-3395,-3325,0,0
-198,233,-156,2289,-3727,-3500,0,0
-89,170,-204,2290,-4143,-3471,0,0
-3,449,-143,2368,-4080,-3436,0,0
65,263,20,2036,-3989,-3594,0,0
152,172,120,1871,-4226,-3084,0,0
100,50,183,1992,-4432,-3700,0,0
-19,-138,152,2258,-4466,-3860,0,0
-297,-77,104,2502,-3719,-4099,0,0
-536,-614,21,2423,-2899,-3521,0,0
-772,-525,-191,1524,-2366,-1359,0,0
-954,266,-527,903,-1773,-122,0,0
-871,769,-929,306,-856,422,0,0
-414,1780,-865,-242,256,340,0,0
-148,901,-230,424,-358,33,0,0
-250,-55,195,452,-423,527,0,0
-283,310,366,745,128,-449,0,0
-74,219,572,1200,-264,-1574,0,0
210,-495,948,1412,-1221,-1959,0,0
126,-829,1000,1408,-2335,-2254,0,0
-40,183,629,2371,-2583,-3467,0,0
-22,-472,139,2480,-1661,-3585,0,0
150,-185,-86,2346,-2418,-2293,0,0
176,469,-56,2873,-3207,-3766,0,0
276,-300,-76,2577,-3518,-3145,0,0
179,-23,76,2035,-3603,-2707,0,0
-19,-17,161,1028,-3663,-2962,0,0
94,465,35,1745,-3828,-3475,0,0
279,95,133,2124,-4025,-3403,0,0
263,-318,76,2106,-4155,-3020,0,0
260,214,71,2390,-4232,-3708,0,0
64,-479,271,1848,-4273,-3841,0,0
-168,-371,267,1786,-3837,-3605,0,0
-152,-165,10,2207,-3500,-3586,0,0
14,-269,-280,2132,-3917,-3069,0,0
49,309,-470,2068,-4066,-3727,0,0
-5,261,-473,2262,-4378,-3971,0,0
-141,82,-308,2442,-4580,-3940,0,0
-195,-16,-112,2321,-4594,-3901,0,0
-168,-237,-46,2127,-4400,-3572,0,0
-162,55,11,2191,-3680,-3522,0,0
-183,-114,120,2159,-2313,-2760,0,0
-189,-47,266,1737,-1012,-1322,0,0
-81,523,39,1351,-216,-948,0,0
178,754,-732,813,429,-287,0,0
439,1286,-1288,535,677,-121,0,0
406,637,-1069,38,-167,-501,0,0
-47,-95,-451,-400,-777,-742,0,0
-79,-292,-83,612,-1207,-579,0,0
187,-763,320,1448,-1471,-378,0,0
270,-911,934,1247,-1990,-492,0,0
69,-632,979,1323,-2898,-1723,0,0
-55,-150,516,2297,-2965,-1697,0,0
-378,197,195,2539,-2388,-1917,0,0
-586,454,8,2570,-2745,-2817,0,0
-606,244,-315,3457,-2922,-4360,0,0
-351,-86,-378,3588,-2708,-4299,0,0
-299,-191,-12,2606,-2853,-3812,0,0
-455,84,176,2020,-3156,-4175,0,0
-486,-199,16,1881,-3236,-4404,0,0
-308,-334,-184,2033,-3333,-4143,0,0
-140,-301,-156,2384,-3328,-4524,0,0
8,-808,-103,2159,-3066,-4201,0,0
256,-251,-191,2891,-3129,-3987,0,0
462,-218,-190,3014,-3199,-3919,0,0
581,-152,-160,2675,-3163,-3229,0,0
551,339,-107,2300,-3070,-3398,0,0
512,208,-101,2095,-3207,-3770,0,0
466,290,-39,2316,-3603,-3273,0,0
298,611,180,1931,-3681,-2720,0,0
174,755,240,2612,-3657,-3363,0,0
87,503,109,3342,-3465,-3905,0,0
-285,453,-85,2992,-2642,-3373,0,0
-668,-18,-177,2520,-1905,-3484,0,0
-452,-628,-376,1465,-1119,-1236,0,0
48,142,-577,904,-712,990,0,0
370,510,-337,647,-753,700,0,0
534,310,182,-266,-752,487,0,0
306,557,412,-94,-699,379,0,0
-89,315,601,86,-411,-461,0,0
-311,-204,927,-224,-220,-1064,0,0
-268,-292,1177,675,-1144,-1587,0,0
-77,-866,1281,1343,-2156,-1855,0,0
223,-484,1035,2513,-2957,-3487,0,0
477,-962,500,2888,-2334,-4174,0,0
558,-1112,190,2218,-2445,-2322,0,0
265,-48,70,1911,-3834,-3296,0,0
233,84,50,1369,-4218,-3194,0,0
423,-31,318,904,-5021,-2504,0,0
538,60,239,1062,-5810,-2417,0,0
414,362,-216,1806,-4942,-3307,0,0
271,24,-408,2140,-4322,-4149,0,0
85,-415,-101,1967,-4147,-3262,0,0
-148,-617,188,2007,-4354,-3086,0,0
-194,-379,57,1830,-4491,-2747,0,0
-97,167,-179,1922,-4265,-3248,0,0
-17,-53,-228,1577,-4540,-2960,0,0
-190,182,-163,1630,-4402,-3311,0,0
-286,-4,-114,1390,-4465,-3476,0,0
-277,41,-180,1499,-4590,-2924,0,0
-283,132,-143,1606,-4396,-3393,0,0
-291,-43,-178,1067,-4437,-3473,0,0
-359,141,-329,1628,-4418,-4095,0,0
-372,-316,-352,1749,-3758,-3375,0,0
-368,-84,-373,1456,-2753,-1735,0,0
-303,486,-448,1605,-1565,-1631,0,0
-174,-2,-727,964,115,-1098,0,0
-61,454,-960,-325,1359,-461,0,0
46,662,-664,-447,464,-866,0,0
133,-397,-380,-91,-405,388,0,0
304,-83,-345,216,-586,667,0,0
614,-150,-138,582,-1087,-306,0,0
715,-435,333,764,-1439,-570,0,0
328,-498,977,1379,-2713,-1464,0,0
94,-778,1031,1507,-3486,-886,0,0
-89,621,628,2320,-3490,-1913,0,0
-251,1171,81,3157,-3299,-4069,0,0
-258,357,-143,2810,-3293,-3759,0,0
-269,626,98,3227,-3648,-4564,0,0
-88,-116,388,2402,-3893,-3586,0,0
83,-17,217,1950,-4063,-3036,0,0
295,165,-16,2578,-4320,-3974,0,0
575,-303,6,2327,-4328,-3257,0,0
786,52,83,2590,-3970,-3334,0,0
668,-311,219,2200,-4390,-2755,0,0
122,-345,139,1330,-4083,-2971,0,0
-67,-36,-202,1376,-4246,-3334,0,0
2,246,-388,2225,-4812,-2691,0,0
222,468,-108,2795,-4573,-2786,0,0
323,-38,267,2079,-4202,-2238,0,0
297,58,337,2013,-4045,-3003,0,0
338,-208,225,2094,-4201,-3004,0,0
208,-149,66,2421,-4419,-2639,0,0
-86,-78,-10,2564,-4465,-3547,0,0
-526,-526,-85,2058,-4131,-3067,0,0
-1117,-159,-291,1624,-2955,-2043,0,0
-1242,-313,-639,1023,-1580,-309,0,0
-839,113,-991,4,-488,1404,0,0
-345,1940,-1173,84,-112,306,0,0
-218,1088,-394,-214,-571,-151,0,0
-411,84,195,14,-595,651,0,0
-525,387,391,374,24,-544,0,0
-362,-43,518,499,-281,-1358,0,0
-125,-447,606,1021,-1388,-3800,0,0
-121,-376,514,1704,-2199,-2145,0,0
-97,-56,374,2808,-2620,-3210,0,0
4,-560,98,2626,-2013,-2886,0,0
82,24,-115,2658,-2739,-2264,0,0
46,153,-58,2480,-4130,-3870,0,0
131,-159,-45,2240,-4130,-2937,0,0
16,0,325,2244,-4000,-2940,0,0
-54,-283,571,1482,-4500,-2849,0,0
-11,174,318,1742,-4531,-3396,0,0
13,290,-23,2444,-4411,-4240,0,0
-43,-83,116,2423,-4051,-3444,0,0
-67,-124,396,2341,-3706,-3428,0,0
230,-184,154,2410,-3535,-2913,0,0
416,187,-372,3144,-3631,-3663,0,0
281,24,-645,2882,-3636,-3812,0,0
-156,-59,-549,2225,-3802,-3838,0,0
-270,-134,-249,2290,-4303,-3654,0,0
-173,-220,-12,1879,-4740,-2486,0,0
-104,261,178,2199,-4655,-3450,0,0
11,-268,257,2055,-4438,-3317,0,0
-64,-230,157,1878,-3947,-3115,0,0
-90,-299,86,2110,-3249,-4033,0,0
71,-879,14,1681,-2253,-1700,0,0
183,83,-21,1762,-1257,-795,0,0
210,464,-316,1336,-537,-1530,0,0
152,604,-816,169,453,-1028,0,0
-15,820,-684,-150,683,-879,0,0
-82,-632,-121,-218,-98,387,0,0
95,-418,-123,-185,-312,1293,0,0
271,157,-279,364,-522,-23,0,0
496,-265,-53,627,-1133,-654,0,0
403,-251,509,1348,-2800,-1606,0,0
117,-820,893,2195,-3714,-2167,0,0
294,-367,546,2091,-3545,-1632,0,0
304,975,34,3524,-3244,-3202,0,0
64,-335,-8,2774,-3122,-3509,0,0
-134,-228,-38,2128,-3286,-4229,0,0
-54,88,63,2150,-4136,-3408,0,0
-199,-374,12,1847,-4802,-2556,0,0
-144,461,-301,2248,-4805,-4097,0,0
40,422,-335,2699,-4423,-3563,0,0
-77,109,103,2363,-4341,-3103,0,0
-166,16,454,1950,-4078,-3165,0,0
-204,-123,366,1741,-3724,-2726,0,0
-175,426,191,2043,-3771,-3470,0,0
-20,165,84,2163,-3730,-3326,0,0
52,126,-58,2143,-3720,-2932,0,0
68,249,-105,2266,-3590,-3426,0,0
76,-112,-102,1668,-3624,-2897,0,0
117,214,-174,1780,-3788,-3011,0,0
181,31,-222,2117,-4116,-3138,0,0
95,-120,-260,2209,-4209,-3176,0,0
-15,98,-215,2835,-3897,-3725,0,0
-249,-358,-26,2724,-3306,-2823,0,0
-628,-224,87,2382,-2852,-2282,0,0
-857,-507,-96,1721,-1682,-1121,0,0
-676,-343,-593,550,-107,698,0,0
-82,935,-945,260,99,1101,0,0
287,1018,-863,259,-503,718,0,0
82,978,-574,123,-791,581,0,0
-444,1101,-201,285,-177,-1184,0,0
-476,360,409,686,-371,-2124,0,0
-124,-586,867,1364,-1320,-1208,0,0
-32,-565,933,1912,-1761,-1682,0,0
81,-238,604,2442,-2290,-3022,0,0
187,-279,211,2753,-1752,-3708,0,0
320,-482,70,2928,-1967,-2360,0,0
223,-137,34,2813,-3074,-2744,0,0
343,148,14,2954,-3953,-3512,0,0
307,-338,218,2306,-4369,-2352,0,0
-17,-191,480,1704,-4242,-3147,0,0
-161,-194,348,1598,-4276,-3161,0,0
-131,162,48,2921,-4385,-4132,0,0
15,-85,-110,3005,-4314,-3586,0,0
12,330,-313,3130,-4006,-3917,0,0
42,215,-379,3249,-4006,-4219,0,0
21,-65,-265,2741,-4200,-2920,0,0
-84,197,-81,2661,-3988,-3456,0,0
-64,-319,-3,2023,-3951,-3042,0,0
-23,71,-126,2266,-4098,-3297,0,0
29,13,-203,2566,-3852,-3618,0,0
-85,-367,-231,1857,-3700,-3065,0,0
-126,13,-385,2716,-3531,-3809,0,0
8,-689,-303,2427,-2861,-2677,0,0
109,-650,-54,2135,-2308,-2049,0,0
267,-295,166,2457,-1935,-1919,0,0
372,-121,86,1536,-1227,-1148,0,0
325,881,-346,1290,-218,-781,0,0
163,1069,-680,304,519,-721,0,0
-83,401,-549,-807,408,-687,0,0
-56,24,-317,105,-276,179,0,0
56,-325,-256,476,-966,344,0,0
317,-110,-53,1128,-955,-975,0,0
494,-589,575,941,-985,-623,0,0
196,-1041,1200,516,-2165,-1150,0,0
18,-1044,1131,726,-3429,-1215,0,0
-88,-532,649,1849,-3508,-1918,0,0
-43,129,80,3022,-3280,-3233,0,0
-30,16,-170,3006,-3023,-4167,0,0
22,-466,105,2864,-3905,-4287,0,0
34,207,372,2297,-4751,-3890,0,0
-197,192,-22,2937,-7268,-5285,0,0
-980,1163,-1352,3077,-6065,-8096,0,0
-721,1741,-884,3204,-3231,-4097,0,0
-428,-766,551,2848,-3928,-1686,0,0
-191,161,237,2155,-3216,-2492,0,0
204,702,-237,1980,-2219,-2971,0,0
465,128,-252,1537,-3011,-2466,0,0
376,289,-126,2019,-3108,-2628,0,0
266,-466,73,2383,-2904,-2859,0,0
352,-167,51,2306,-2957,-2442,0,0
433,-80,71,2800,-2997,-3308,0,0
476,-500,116,2407,-3588,-2566,0,0
293,581,32,3784,-3907,-3179,0,0
-74,-489,-6,3493,-3418,-2981,0,0
-429,-204,-4,1642,-2873,-1527,0,0
-799,417,-243,1095,-2148,-1114,0,0
-627,-127,-630,267,-1111,623,0,0
-182,1312,-642,82,-183,606,0,0
-50,906,-13,-120,-414,200,0,0
-371,177,458,-91,-406,518,0,0
-545,516,498,243,249,-387,0,0
-321,14,633,531,-50,-920,0,0
-99,-350,809,1130,-808,-1524,0,0
-108,-594,858,1770,-1767,-2014,0,0
5,-132,602,2918,-2614,-2896,0,0
107,-388,302,2975,-2284,-3460,0,0
192,-189,104,2304,-3453,-2771,0,0
144,637,136,2775,-4906,-3742,0,0
-20,-493,319,2063,-4543,-3065,0,0
-91,-130,395,1826,-4269,-3344,0,0
14,17,132,2696,-4498,-3685,0,0
32,-4,-263,3222,-4393,-3805,0,0
24,370,-572,3568,-4263,-4707,0,0
-38,-93,-616,3309,-4446,-3296,0,0
-155,396,-298,3638,-4394,-3850,0,0
-78,-413,-120,2885,-3598,-3591,0,0
-54,-509,-273,2491,-2668,-3091,0,0
-21,-438,-567,2887,-2914,-4174,0,0
-2,-801,-741,2694,-3726,-3277,0,0
-161,-205,-433,3260,-4314,-3502,0,0
-360,-654,-1,2019,-4177,-3199,0,0
-489,-284,92,1919,-3420,-3335,0,0
-294,-328,96,1969,-2372,-3510,0,0
-8,-487,-200,903,-1531,-847,0,0
206,967,-505,1870,-603,-869,0,0
220,874,-803,1334,55,-770,0,0
-55,1167,-852,-817,1196,-551,0,0
-206,785,-358,-531,80,-1678,0,0
77,-601,-279,132,-1181,778,0,0
286,76,-177,1573,-1246,-762,0,0
699,-636,361,1800,-1071,-903,0,0
580,-533,1004,1462,-1668,-803,0,0
132,-446,1024,2129,-2621,-2307,0,0
85,-577,611,2415,-2550,-1191,0,0
155,674,406,2635,-2175,-2062,0,0
241,614,311,2707,-2551,-1905,0,0
53,472,-25,2945,-3089,-3833,0,0
85,328,-205,3122,-2916,-3343,0,0
-214,235,-174,2994,-3020,-3303,0,0
-541,46,-107,2371,-3461,-3935,0,0
-648,-16,-79,1970,-4050,-4320,0,0
-449,-44,-257,2505,-4034,-4306,0,0
-98,-209,-152,3005,-3739,-3430,0,0
1,-421,155,2874,-3545,-3480,0,0
-56,-156,243,2047,-3447,-3320,0,0
-186,-173,138,2113,-3684,-4254,0,0
17,-233,74,2462,-3714,-3478,0,0
317,126,25,3616,-3346,-3681,0,0
544,-314,158,2838,-2950,-3571,0,0
630,142,163,1828,-3227,-2934,0,0
489,432,54,2339,-3710,-3353,0,0
221,148,10,1683,-3538,-2471,0,0
-64,561,-184,1927,-3085,-2464,0,0
-284,229,-144,2653,-2808,-1798,0,0
-514,647,-77,2869,-1972,-1651,0,0
-700,106,-261,2931,-1506,-2431,0,0
-797,-63,-526,1481,-1167,-338,0,0
-775,934,-957,1226,-622,105,0,0
-473,541,-740,532,-522,571,0,0
-255,829,11,-15,-906,103,0,0
-311,6,458,548,-1201,-901,0,0
-217,-430,725,573,-387,-837,0,0
-65,-645,1326,970,-316,-1346,0,0
144,-693,1773,1097,-1033,-1722,0,0
416,-747,1398,2129,-1645,-2538,0,0
566,-1038,946,2389,-1686,-3417,0,0
764,-749,437,2618,-2231,-2985,0,0
604,-703,-15,3064,-4080,-3789,0,0
557,-545,-95,2624,-4494,-3959,0,0
490,-596,174,2105,-4475,-2846,0,0
162,-595,687,1268,-4599,-3768,0,0
-6,-1069,587,335,-4933,-3050,0,0
-206,-413,120,839,-4485,-3938,0,0
-168,-962,58,916,-5203,-4354,0,0
-73,-354,-214,1083,-5016,-3508,0,0
82,332,-250,1672,-3630,-3626,0,0
158,-609,-104,877,-3488,-3045,0,0
26,43,-386,1006,-3432,-3789,0,0
-148,-302,-590,819,-3332,-3568,0,0
-228,-84,-681,856,-3644,-2485,0,0
-267,473,-716,1776,-3866,-3677,0,0
-329,-156,-593,1610,-3865,-3312,0,0
-350,244,-365,2020,-4066,-3817,0,0
-388,35,-24,2011,-4245,-3826,0,0
-484,228,121,1277,-3439,-3214,0,0
-449,934,-14,1269,-2352,-3468,0,0
-308,-33,-232,988,-1791,-2181,0,0
-316,71,-551,607,-779,-947,0,0
-296,1124,-1016,440,-141,-833,0,0
-265,1084,-1377,177,492,-471,0,0
-31,1678,-1049,345,319,-922,0,0
46,229,-431,475,-592,-919,0,0
208,-594,-16,850,-1289,-509,0,0
500,-426,423,1521,-1324,-629,0,0
576,-766,831,1485,-1400,-2616,0,0
406,-632,867,1603,-1882,-1373,0,0
155,-96,551,1999,-2604,-1429,0,0
-22,386,211,2667,-2454,-2599,0,0
4,391,0,3281,-3173,-2531,0,0
-239,343,-92,4069,-3109,-4505,0,0
-141,-20,124,3449,-2640,-4357,0,0
-63,-220,497,2590,-2951,-3908,0,0
-12,303,475,2182,-3996,-4135,0,0
127,299,84,2726,-4694,-5061,0,0
204,-144,-290,2677,-4722,-4806,0,0
257,237,-328,3061,-4404,-4223,0,0
23,-592,-16,2036,-4117,-3456,0,0
-177,-13,28,1481,-4005,-3481,0,0
47,333,-93,2015,-4107,-3865,0,0
397,203,-11,2007,-4233,-2324,0,0
631,759,337,2215,-3994,-2911,0,0
546,-222,406,2036,-3686,-3157,0,0
169,-213,245,2223,-3160,-3174,0,0
-36,103,275,2447,-2730,-3750,0,0
-88,-68,239,2315,-2373,-2063,0,0
-237,77,26,2895,-2068,-2782,0,0
-339,-1275,-407,2157,-1867,-1682,0,0
-627,-247,-1094,1198,-1035,518,0,0
-756,359,-1634,740,-544,655,0,0
-381,645,-1485,-97,-702,827,0,0
-44,1548,-813,659,-1090,-824,0,0
-75,201,-60,1063,-1229,-774,0,0
-219,-98,542,368,-350,-569,0,0
-103,10,1174,1017,-402,-2004,0,0
116,-1159,1602,1478,-1534,-1550,0,0
317,-846,1467,2037,-2249,-2323,0,0
499,-1019,1392,2351,-2036,-3968,0,0
672,-771,1075,1556,-2011,-2676,0,0
592,286,290,2655,-3656,-3428,0,0
558,-469,-75,2356,-4539,-3583,0,0
560,175,-90,1461,-4912,-2484,0,0
166,428,540,1452,-4954,-3859,0,0
-322,-826,931,304,-4443,-3411,0,0
-402,-318,417,1356,-4244,-3753,0,0
-296,-362,-21,1499,-4233,-3836,0,0
-27,-122,-24,1086,-4242,-3212,0,0
226,-409,95,904,-4373,-3374,0,0
241,-507,37,1112,-4194,-2392,0,0
106,-125,37,1421,-3842,-3620,0,0
65,-647,-51,964,-3545,-2994,0,0
-58,-279,-109,989,-3270,-3012,0,0
-17,-277,-186,845,-3382,-3246,0,0
43,-65,-406,848,-3559,-2281,0,0
-45,436,-535,1243,-3718,-3398,0,0
-141,162,-592,823,-4018,-2888,0,0
-379,550,-569,970,-4103,-3668,0,0
-516,78,-492,1291,-4412,-3825,0,0
-580,-296,-453,1243,-4125,-3023,0,0
-519,-194,-506,1552,-3241,-3785,0,0
-421,-374,-531,1343,-2566,-2632,0,0
-393,-436,-393,1706,-2124,-3019,0,0
-66,-494,-316,1453,-1550,-1968,0,0
86,652,-522,1036,-247,-109,0,0
-48,1712,-578,165,482,-639,0,0
-1,1390,-280,-877,548,-1301,0,0
279,13,-102,-413,-294,-337,0,0
617,-282,-346,699,-799,51,0,0
963,-469,-210,1478,-804,-583,0,0
949,-685,331,1106,-1592,-687,0,0
464,-526,617,1423,-2496,-1235,0,0
132,51,356,1861,-3606,-698,0,0
63,1300,84,3077,-3200,-2638,0,0
143,221,42,3319,-3820,-3364,0,0
129,424,82,3560,-4444,-4991,0,0
225,-272,17,3108,-4731,-3996,0,0
78,775,-130,3589,-5217,-3388,0,0
-278,234,-220,2832,-4373,-4675,0,0
-883,-848,-988,422,-2877,-1889,0,0
-2128,491,-2268,1008,-1250,-1865,0,0
-3147,-493,-3557,1448,320,-4378,0,0
-3238,-1968,-4144,4515,1112,-5002,0,0
-3385,-1479,-3310,3778,694,-1981,0,0
-3686,207,-2878,2206,1584,-2998,0,0
-3743,-1173,-2323,2899,3393,-3665,0,0
-3232,1896,-1824,2460,3728,-3159,0,0
-1226,4571,-1439,4862,3583,-4811,0,0
-775,-1214,-1371,1748,3210,-821,0,0
-807,-765,-1362,596,4198,451,0,0
-685,1076,-1479,1965,4243,-498,0,0
-733,580,-1256,2153,3387,-1331,0,0
-1030,-605,-725,1337,2500,-1030,0,0
-1456,-556,-523,712,2517,-1868,0,0
-1564,1801,-582,1341,3357,-3318,0,0
-1335,1745,-521,2529,3218,-3906,0,0
-1017,-103,-371,2041,3259,-3082,0,0
-1069,-1497,103,2151,3664,-2259,0,0
-933,-3976,568,173,3398,-2244,0,0
-353,-2836,351,142,2659,-1335,0,0
-329,-1590,-189,379,2294,-756,0,0
-443,-60,-707,354,2381,-1167,0,0
-344,733,-1062,647,2560,-1385,0,0
-194,171,-1174,756,2854,-944,0,0
-109,-214,-1010,492,3250,-750,0,0
99,188,-783,307,3566,-770,0,0
286,791,-554,408,3928,-598,0,0
424,1424,-372,483,3959,-782,0,0
492,2007,-149,789,3535,-752,0,0
325,1864,80,956,3208,-1000,0,0
164,1147,524,797,3227,-859,0,0
-47,673,614,703,3543,-710,0,0
-219,509,501,582,4059,-849,0,0
-233,356,448,579,4490,-1070,0,0
-54,112,577,349,4643,-866,0,0
81,100,607,274,4400,-590,0,0
90,209,465,397,3873,-711,0,0
62,316,261,524,3494,-782,0,0
-3,281,38,724,3080,-740,0,0
-55,119,-215,905,3181,-460,0,0
-161,121,-452,978,3325,-242,0,0
-353,116,-533,1087,3725,-490,0,0
-443,-163,-504,958,3977,-371,0,0
-380,-120,-403,966,4311,-264,0,0
-185,316,-283,914,4176,-170,0,0
-56,727,-133,866,3956,-331,0,0
-22,911,35,963,3861,-517,0,0
36,767,199,800,3863,-550,0,0
132,543,275,834,3662,-373,0,0
133,361,242,817,3807,-266,0,0
87,276,200,736,3567,-365,0,0
16,235,225,853,3696,-387,0,0
-33,82,198,798,3555,-321,0,0
-40,-62,138,855,3812,-214,0,0
-36,-2160,61,811,4060,-143,0,0
-30,-46,0,780,3930,-324,0,0
-14,41,-3,860,3947,-343,0,0
6,15,5,809,3830,-386,0,0
68,-14,10,786,3850,-460,0,0
104,31,-9,827,3654,-384,0,0
58,20,-41,891,3467,-396,0,0
-12,-90,-83,922,3486,-323,0,0
-100,-183,-162,930,3716,-433,0,0
-123,-208,-227,876,3761,-453,0,0
-56,-129,-249,854,3928,-379,0,0
56,-2,-223,810,4061,-342,0,0
129,181,-131,825,3998,-405,0,0
196,195,-18,790,4006,-417,0,0
276,161,97,732,3851,-339,0,0
282,231,184,698,3728,-362,0,0
233,223,186,735,3493,-465,0,0
176,31,117,752,3439,-474,0,0
123,-21,43,711,3534,-438,0,0
60,34,-27,758,3712,-561,0,0
34,19,-66,802,3852,-559,0,0
39,28,-88,775,3910,-582,0,0
64,107,-56,741,3996,-609,0,0
72,157,9,783,3854,-646,0,0
78,23,85,728,3741,-666,0,0
99,-97,117,639,3753,-643,0,0
93,-34,54,658,3725,-612,0,0
36,16,-36,726,3599,-609,0,0
-59,-99,-89,747,3524,-617,0,0
-150,-237,-132,769,3676,-650,0,0
-197,-297,-189,742,3737,-735,0,0
-155,-258,-207,687,3850,-645,0,0
-80,-83,-199,680,3942,-659,0,0
2,68,-138,720,3915,-676,0,0
40,55,-29,713,3808,-718,0,0
47,-73,56,687,3768,-743,0,0
60,-169,71,621,3671,-636,0,0
40,-149,51,653,3548,-651,0,0
-9,-178,24,715,3541,-693,0,0
-31,-287,15,720,3614,-684,0,0
-3,-282,12,696,3869,-653,0,0
68,-108,24,694,4065,-660,0,0
138,76,105,682,4043,-701,0,0
165,90,212,671,3853,-765,0,0
161,-9,252,610,3706,-800,0,0
164,-42,213,558,3644,-778,0,0
162,6,121,572,3654,-797,0,0
151,62,31,681,3714,-840,0,0
148,55,8,846,3770,-902,0,0
182,73,150,1090,3746,-1044,0,0
236,40,363,1315,3605,-1280,0,0
335,-281,557,1498,3510,-1318,0,0
488,-368,807,1644,3407,-1207,0,0
651,-185,1117,2093,3562,-1461,0,0
825,-179,1499,2272,3519,-1325,0,0
862,-35,1812,2479,3386,-1349,0,0
787,135,2034,2543,3243,-1484,0,0
677,72,2167,2553,2998,-1360,0,0
499,-47,2237,2351,2831,-1229,0,0
265,-3,2133,2270,2491,-1327,0,0
67,102,1925,2526,2486,-1401,0,0
-72,-9,1713,2300,2116,-1175,0,0
-235,399,1390,2515,2026,-1305,0,0
-246,539,1045,2570,1808,-1504,0,0
-181,639,728,2614,1711,-1350,0,0
-77,944,443,2612,1685,-1406,0,0
71,1606,174,3297,1195,-1324,0,0
220,716,140,3371,1030,-839,0,0
138,457,69,3033,957,-619,0,0
-61,1041,-66,3483,911,-274,0,0
-332,761,-203,3485,1012,-283,0,0
-325,461,-317,3390,1113,-672,0,0
-117,259,-420,3644,1196,-880,0,0
8,-200,-425,4092,1310,-347,0,0
-93,-167,-248,4373,1273,-119,0,0
-242,-493,8,4183,1242,-380,0,0
-266,-246,137,3799,1214,-239,0,0
-305,299,272,4299,1217,-110,0,0
-348,-148,524,3991,1193,-469,0,0
-229,-545,486,2733,1358,-1078,0,0
53,-204,200,3484,1142,-940,0,0
173,-545,211,3531,1089,-493,0,0
39,-251,165,3650,1109,-247,0,0
-229,133,93,3497,1155,-63,0,0
-339,310,-32,3205,1267,-519,0,0
-255,523,-127,3625,1241,-999,0,0
-91,393,-114,3824,1229,-830,0,0
-50,95,-80,3686,1120,-373,0,0
-157,151,-72,3850,1152,-365,0,0
-176,168,-44,3830,1094,-362,0,0
-122,87,-9,3797,1125,-468,0,0
-32,88,28,3762,1127,-406,0,0
22,-3,63,3585,1120,-220,0,0
20,-1,35,3647,1221,-302,0,0
47,32,-3,3696,1271,-324,0,0
92,-10,-35,3584,1262,-328,0,0
78,51,-18,3778,1234,-322,0,0
55,-28,29,3786,1174,-253,0,0
35,-73,6,3597,1122,-336,0,0
18,19,-30,3731,1121,-307,0,0
4,-114,-21,3736,1195,-290,0,0
12,-84,-4,3588,1208,-389,0,0
52,41,0,3634,1203,-309,0,0
10,47,-29,3661,1137,-241,0,0
-31,4,-57,3750,1155,-388,0,0
-12,-107,-50,3736,1200,-366,0,0
-11,-14,-31,3771,1216,-350,0,0
-25,45,4,3725,1195,-319,0,0
-23,-16,11,3626,1145,-267,0,0
-58,-109,4,3694,1175,-397,0,0
-48,-79,19,3702,1207,-497,0,0
-4,-39,8,3593,1191,-311,0,0
26,32,11,3696,1240,-347,0,0
52,-65,28,3630,1191,-310,0,0
36,-28,12,3680,1220,-437,0,0
74,-70,27,3565,1215,-405,0,0
107,-62,46,3551,1180,-398,0,0
103,-9,31,3637,1138,-343,0,0
51,16,2,3653,1143,-397,0,0
8,-39,-10,3630,1186,-444,0,0
-11,11,9,3785,1179,-469,0,0
-25,-47,47,3613,1110,-393,0,0
-28,10,44,3619,1097,-472,0,0
-32,89,53,3719,1146,-387,0,0
-55,103,23,3821,1179,-386,0,0
-84,25,22,3807,1169,-441,0,0
-91,-34,56,3552,1184,-442,0,0
-60,21,63,3663,1181,-408,0,0
-14,-25,65,3628,1168,-350,0,0
27,-35,24,3566,1172,-331,0,0
33,0,1,3783,1188,-397,0,0
19,-63,31,3676,1136,-440,0,0
24,-83,30,3602,1063,-448,0,0
-5,-49,-4,3737,1086,-446,0,0
-30,-88,-31,3779,1147,-510,0,0
-4,-156,-11,3713,1183,-494,0,0
44,-79,23,3656,1213,-506,0,0
33,-33,17,3645,1126,-419,0,0
-26,-33,-28,3641,1093,-474,0,0
-1,-127,-9,3686,1187,-503,0,0
46,122,0,3697,1159,-453,0,0
16,95,-49,3583,1160,-367,0,0
-24,26,-49,3614,1170,-622,0,0
3,103,-45,3640,1139,-554,0,0
20,87,-46,3805,1128,-470,0,0
55,-15,-15,3656,1156,-455,0,0
87,50,-19,3578,1204,-415,0,0
87,109,-42,3676,1179,-414,0,0
54,23,-48,3755,1172,-472,0,0
44,-109,-54,3670,1155,-517,0,0
91,-231,-40,3630,1140,-547,0,0
72,-111,-18,3600,1133,-511,0,0
44,16,-44,3551,1159,-512,0,0
-27,88,-69,3715,1191,-511,0,0
-153,130,-65,3704,1199,-445,0,0
-171,249,-15,3694,1239,-508,0,0
-67,68,29,3662,1244,-424,0,0
18,-28,42,3661,1231,-377,0,0
38,-53,9,3639,1309,-489,0,0
46,-83,1,3639,1310,-418,0,0
11,-105,20,3681,1266,-419,0,0
11,-105,42,3579,1240,-462,0,0
35,-41,83,3519,1173,-355,0,0
4,22,95,3507,1135,-415,0,0
-39,46,80,3708,1147,-610,0,0
-28,31,83,3916,1113,-574,0,0
-7,-80,97,4032,1125,-500,0,0
10,-216,123,3709,1052,-415,0,0
-8,-181,116,3599,1023,-426,0,0
-37,-148,115,3465,1002,-485,0,0
-24,-14,74,3491,994,-448,0,0
8,166,42,3760,986,-491,0,0
62,171,63,3807,999,-559,0,0
105,136,61,3835,998,-562,0,0
88,60,62,3754,985,-554,0,0
0,-9,63,3714,930,-537,0,0
-143,-94,67,3691,895,-520,0,0
-279,-107,77,3696,869,-489,0,0
-332,-89,79,3706,936,-460,0,0
-295,-116,41,3737,1050,-413,0,0
-238,-71,8,3798,1119,-470,0,0
-184,-95,19,3699,1222,-574,0,0
-128,-126,33,3575,1206,-597,0,0
-96,-36,10,3641,1157,-605,0,0
-74,-43,-18,3652,1125,-559,0,0
-44,-22,-52,3685,1074,-571,0,0
15,29,-54,3764,1146,-634,0,0
122,-41,-69,3708,1093,-565,0,0
168,-100,-59,3708,1008,-649,0,0
148,-35,-27,3644,971,-710,0,0
101,-35,-16,3725,949,-621,0,0
14,-137,-6,3740,986,-645,0,0
-16,-182,11,3683,1100,-619,0,0
44,-16,-15,3528,1208,-610,0,0
152,156,-18,3736,1195,-622,0,0
223,67,18,3711,1093,-594,0,0
224,62,23,3605,1026,-671,0,0
206,88,30,3724,977,-700,0,0
181,-3,19,3746,1007,-684,0,0
157,-39,-24,3718,1056,-667,0,0
116,-10,-34,3810,1062,-643,0,0
64,-42,6,3634,1028,-633,0,0
26,-29,11,3582,1000,-660,0,0
-4,-49,-15,3607,1053,-623,0,0
-28,-36,-71,3686,1075,-723,0,0
-34,-54,-73,3825,1099,-800,0,0
-43,-129,-30,3689,1099,-747,0,0
-59,-124,-26,3569,1080,-761,0,0
-57,-76,-38,3653,1125,-731,0,0
-57,-43,-33,3573,1086,-696,0,0
-65,5,-39,3648,1114,-749,0,0
-52,-15,-23,3725,1160,-760,0,0
-24,-28,7,3571,1145,-780,0,0
-10,6,18,3685,1117,-773,0,0
-24,-54,44,3650,1053,-804,0,0
-36,-99,97,3516,991,-809,0,0
-29,-113,116,3517,1056,-769,0,0
7,-101,68,3555,1127,-730,0,0
34,-38,47,3544,1128,-749,0,0
21,32,52,3595,1028,-804,0,0
-42,39,76,3662,944,-833,0,0
-106,-6,79,3540,943,-763,0,0
-139,5,3,3580,954,-721,0,0
-142,14,-72,3720,996,-784,0,0
-121,-7,-45,3722,1093,-806,0,0
-74,-18,44,3603,1122,-710,0,0
-38,25,85,3545,1051,-699,0,0
-9,70,64,3718,1049,-702,0,0
22,100,28,3826,1002,-710,0,0
33,92,51,3930,1003,-792,0,0
20,-28,105,3712,1009,-832,0,0
-15,-71,109,3507,965,-705,0,0
-82,-11,55,3603,934,-709,0,0
-130,0,7,3703,933,-791,0,0
-128,-15,-19,3896,992,-701,0,0
-110,-69,-11,3855,1041,-658,0,0
-68,-117,22,3721,1079,-721,0,0
-18,-109,71,3553,1017,-749,0,0
6,-69,88,3471,967,-809,0,0
28,-31,72,3594,961,-834,0,0
52,24,47,3740,921,-807,0,0
61,5,34,3729,938,-812,0,0
59,-3,6,3756,963,-736,0,0
31,10,5,3672,938,-744,0,0
25,16,28,3603,898,-753,0,0
25,34,19,3590,872,-744,0,0
31,72,-5,3729,884,-826,0,0
44,71,-9,3803,879,-823,0,0
44,41,15,3762,914,-792,0,0
52,17,30,3673,937,-751,0,0
59,36,47,3642,903,-698,0,0
49,76,28,3714,859,-676,0,0
18,61,-16,3738,833,-673,0,0
-29,75,-28,3787,858,-700,0,0
-54,30,-2,3742,892,-693,0,0
-47,-12,10,3678,963,-683,0,0
-23,26,1,3668,995,-693,0,0
13,74,2,3777,1030,-696,0,0
34,58,-2,3809,1030,-642,0,0
31,42,1,3725,998,-599,0,0
22,20,42,3581,948,-570,0,0
8,51,57,3488,870,-563,0,0
1,93,32,3634,813,-604,0,0
15,82,21,3811,825,-732,0,0
44,38,20,3970,917,-753,0,0
78,11,55,4060,1012,-652,0,0
101,-34,98,3839,1006,-540,0,0
55,-32,86,3654,945,-477,0,0
-34,-15,37,3762,900,-535,0,0
-120,-109,6,3530,833,-627,0,0
-171,-102,9,3596,844,-703,0,0
-141,-107,45,3586,856,-618,0,0
-89,-87,44,3491,791,-632,0,0
-44,31,9,3829,806,-727,0,0
-14,-18,1,3866,874,-728,0,0
-15,-69,-4,3867,912,-711,0,0
-37,-122,17,3863,959,-651,0,0
-56,-178,29,3585,930,-689,0,0
-57,-116,15,3598,885,-689,0,0
-46,-90,25,3539,889,-596,0,0
-8,-86,-9,3485,1045,-639,0,0
112,-10,-128,3616,1145,-704,0,0
188,28,-191,3716,1041,-796,0,0
131,92,-200,3885,971,-891,0,0
30,211,-175,3963,928,-808,0,0
-42,164,-106,3721,928,-610,0,0
-9,102,-92,3502,917,-624,0,0
7,137,-119,3520,953,-753,0,0
24,176,-158,3746,1075,-737,0,0
45,131,-171,3832,1100,-772,0,0
45,86,-129,3755,1107,-770,0,0
58,51,-121,3632,1121,-678,0,0
64,43,-154,3564,1127,-595,0,0
63,98,-165,3602,1215,-683,0,0
116,190,-161,3631,1172,-709,0,0
151,266,-104,3721,1081,-631,0,0
150,262,-24,3695,1096,-627,0,0
181,196,13,3659,1106,-523,0,0
164,44,11,3658,1139,-534,0,0
185,-130,9,3599,1221,-577,0,0
233,-328,21,3672,1210,-767,0,0
237,-287,87,3697,1145,-772,0,0
277,-181,100,3699,1093,-678,0,0
270,-227,92,3743,1099,-799,0,0
278,-247,76,3524,1117,-889,0,0
256,55,41,3697,1171,-852,0,0
224,84,77,3611,1123,-828,0,0
228,10,40,3567,1084,-845,0,0
213,0,9,3686,1025,-799,0,0
181,-55,19,3494,944,-791,0,0
157,-8,4,3583,913,-854,0,0
130,-39,16,3751,883,-779,0,0
67,-225,51,3731,915,-783,0,0
10,-312,63,3628,882,-825,0,0
-68,-359,116,3590,823,-932,0,0
-118,-289,190,3562,820,-998,0,0
-148,-203,198,3262,833,-987,0,0
-123,202,155,3376,871,-1079,0,0
-99,366,104,3612,859,-1012,0,0
-113,530,46,3897,800,-980,0,0
-139,605,48,4128,805,-828,0,0
-214,252,76,3968,833,-590,0,0
-263,-119,71,3778,871,-588,0,0
-329,-99,38,3741,888,-552,0,0
-413,-162,53,3711,889,-554,0,0
-443,-63,51,3659,898,-738,0,0
-443,119,10,3953,808,-716,0,0
-489,-25,2,3923,888,-615,0,0
-471,-102,12,3763,1032,-709,0,0
-395,-137,37,3706,1101,-719,0,0
-344,-148,50,3526,1053,-685,0,0
-325,-92,31,3585,1057,-644,0,0
-304,-129,-20,3560,1057,-597,0,0
-269,-113,-69,3640,1057,-670,0,0
-198,-38,-70,3752,1080,-672,0,0
-146,-1,-72,3695,1081,-634,0,0
-129,26,-81,3715,1066,-647,0,0
-127,19,-89,3738,1095,-685,0,0
-114,-51,-92,3660,1169,-719,0,0
-71,-87,-89,3579,1201,-715,0,0
-18,-50,-72,3559,1223,-690,0,0
25,-46,-69,3593,1168,-702,0,0
48,-41,-94,3586,1180,-771,0,0
73,53,-111,3781,1125,-829,0,0
106,34,-46,3883,1090,-877,0,0
151,-49,23,3778,1084,-855,0,0
180,-109,69,3662,1036,-821,0,0
180,-179,111,3454,1114,-833,0,0
165,-186,123,3297,1096,-758,0,0
129,-161,101,3388,1135,-831,0,0
148,-101,76,3475,1195,-864,0,0
200,10,47,3594,1141,-886,0,0
229,26,13,3688,1086,-1032,0,0
245,-20,11,3730,974,-981,0,0
228,-42,34,3647,930,-1045,0,0
212,-38,5,3599,978,-1050,0,0
179,-77,-35,3490,1084,-963,0,0
136,2,-73,3405,1136,-897,0,0
97,124,-124,3547,1160,-922,0,0
92,127,-139,3616,1175,-964,0,0
129,130,-102,3625,1116,-891,0,0
165,160,-93,3526,1002,-828,0,0
150,182,-131,3626,978,-860,0,0
141,158,-106,3684,1007,-899,0,0
155,112,-40,3572,1031,-839,0,0
165,126,-11,3528,1053,-779,0,0
154,146,-27,3585,1116,-804,0,0
146,163,-60,3689,1160,-793,0,0
134,150,-53,3691,1129,-812,0,0
129,116,-15,3584,1071,-825,0,0
123,105,24,3618,976,-730,0,0
94,69,40,3588,911,-727,0,0
69,93,28,3670,889,-778,0,0
64,78,40,3843,929,-826,0,0
60,16,70,3779,965,-740,0,0
21,4,80,3726,968,-660,0,0
-44,-9,49,3734,984,-674,0,0
-105,-13,13,3747,983,-641,0,0
-158,-1,4,3763,985,-636,0,0
-186,15,12,3733,941,-665,0,0
-184,39,26,3682,891,-642,0,0
-199,64,39,3579,825,-603,0,0
-260,104,50,3727,790,-666,0,0
-311,59,81,3849,815,-619,0,0
-356,-3,116,3838,845,-509,0,0
-403,-25,155,3822,861,-470,0,0
-426,16,153,3840,879,-453,0,0
-436,37,171,3931,791,-487,0,0
-432,10,257,3811,769,-406,0,0
-408,39,305,3630,730,-418,0,0
-401,59,337,3610,742,-387,0,0
-415,91,332,3643,854,-310,0,0
-413,143,273,3831,979,-397,0,0
-314,117,217,3944,1208,-411,0,0
-168,116,177,3668,1200,-362,0,0
-100,220,124,3750,1064,-474,0,0
-106,129,74,3835,961,-324,0,0
-237,6,10,3783,894,14,0,0
-461,-158,7,3959,930,-354,0,0
-417,-810,7,3442,1014,-625,0,0
-157,-487,-122,3591,1039,-458,0,0
79,247,-245,4129,1027,-395,0,0
278,253,-381,4635,961,-602,0,0
380,17,-325,4369,769,-806,0,0
324,-225,-95,3486,616,-805,0,0
163,-349,83,3322,523,-558,0,0
-23,-423,116,3305,701,-603,0,0
-11,-484,-44,3155,827,-302,0,0
42,-35,-235,3680,991,-151,0,0
102,226,-325,3853,1157,-392,0,0
262,157,-288,3872,1335,-729,0,0
424,49,-118,3735,1120,-730,0,0
442,-156,-17,3691,820,-561,0,0
364,-302,-50,3927,610,-460,0,0
288,-182,-14,3950,553,-459,0,0
286,-298,40,3584,824,-1196,0,0
452,-418,-6,3128,1089,-1593,0,0
498,-55,-83,3285,1204,-1199,0,0
184,202,-50,3716,1124,-886,0,0
-149,124,-34,3906,987,-1052,0,0
-211,-75,-39,3765,857,-1114,0,0
-155,-221,2,3692,753,-897,0,0
-181,-226,57,3606,782,-913,0,0
-167,-99,28,3451,895,-966,0,0
-83,150,-28,3497,1058,-1020,0,0
-22,284,-37,3705,1104,-1084,0,0
-32,123,8,3748,1132,-1104,0,0
-81,68,41,3505,1077,-955,0,0
-164,33,-17,3534,1101,-805,0,0
-240,12,-57,3630,1096,-784,0,0
-256,154,-36,3663,1094,-853,0,0
-200,123,8,3719,917,-772,0,0
-139,36,40,3648,937,-794,0,0
-17,41,58,3535,959,-712,0,0
65,110,83,3611,923,-735,0,0
113,100,101,3587,973,-840,0,0
139,91,93,3702,1031,-861,0,0
115,21,100,3816,1074,-839,0,0
55,-72,109,3703,989,-799,0,0
10,-101,112,3825,922,-777,0,0
-3,-174,139,3819,825,-710,0,0
-11,-198,121,3725,791,-801,0,0
16,-159,70,3792,846,-849,0,0
45,-191,56,3765,871,-811,0,0
54,-195,57,3726,904,-873,0,0
65,-169,73,3603,764,-877,0,0
64,-190,116,3641,712,-949,0,0
94,-223,178,3632,643,-1018,0,0
149,-239,234,3528,593,-906,0,0
162,-105,214,3536,604,-889,0,0
142,62,128,3606,646,-1025,0,0
103,147,30,3816,683,-1072,0,0
30,109,8,4054,741,-1201,0,0
-20,-45,49,3936,684,-1089,0,0
-72,-154,79,3684,623,-1009,0,0
-91,-219,68,3464,651,-979,0,0
-78,-131,37,3472,672,-974,0,0
-44,-10,8,3764,724,-1045,0,0
8,-56,-17,3706,737,-998,0,0
33,-6,-33,3646,729,-1022,0,0
15,62,-48,3733,789,-1038,0,0
-65,47,-67,3595,796,-946,0,0
-177,45,-76,3566,838,-982,0,0
-221,1,-117,3576,879,-1039,0,0
-177,36,-179,3619,854,-1015,0,0
-89,25,-193,3733,863,-1142,0,0
-3,-102,-207,3485,856,-1185,0,0
0,-8,-299,3480,1003,-1012,0,0
-59,70,-392,3617,1230,-945,0,0
-77,78,-424,3567,1233,-961,0,0
-120,215,-403,3845,1216,-1075,0,0
-103,-53,-338,3582,1230,-1087,0,0
14,82,-304,3405,1204,-1330,0,0
211,195,-299,3359,1160,-1441,0,0
427,335,-297,3318,1097,-1105,0,0
500,721,-297,3768,1083,-899,0,0
370,489,-190,3785,1058,-923,0,0
236,328,-54,3500,1080,-1042,0,0
129,237,51,3758,1252,-979,0,0
38,-163,146,3621,1260,-820,0,0
-31,-170,208,3531,1194,-868,0,0
-136,-239,241,3322,1067,-849,0,0
-265,-133,218,3448,921,-887,0,0
-320,-9,246,3819,783,-747,0,0
-493,12,303,3610,677,-460,0,0
-648,84,234,3784,724,-1165,0,0
-534,-117,213,3883,796,-1233,0,0
-428,-238,254,3768,969,-785,0,0
-369,-265,294,3920,1326,-865,0,0
-156,-331,279,3689,1400,-821,0,0
-88,-303,236,3652,1524,-892,0,0
-188,-329,256,3277,1565,-833,0,0
-388,-117,207,3545,1430,-794,0,0
-478,-135,125,3935,1306,-1001,0,0
-331,-298,21,3558,756,-900,0,0
-183,-272,7,3375,338,-841,0,0
-89,-220,55,3528,386,-971,0,0
-18,-279,94,3770,806,-1065,0,0
23,-471,80,3640,1305,-1023,0,0
46,-402,-11,3443,1573,-1153,0,0
99,-325,-66,3178,1781,-1264,0,0
180,17,-129,2919,1553,-1017,0,0
254,609,-199,3470,1128,-1015,0,0
314,691,-243,3541,576,-935,0,0
295,648,-197,3674,306,-943,0,0
250,609,-95,3858,395,-984,0,0
211,436,-39,4191,712,-1008,0,0
206,-96,55,4370,1078,-951,0,0
288,-430,211,3753,1108,-905,0,0
359,-264,286,3362,1116,-933,0,0
391,-40,248,3313,1045,-843,0,0
329,207,142,3357,854,-800,0,0
205,264,87,3639,714,-1022,0,0
95,222,49,3670,595,-1084,0,0
-328,229,63,3721,466,-926,0,0
-937,-173,44,4179,737,-1493,0,0
-1029,-1085,-109,3780,860,-1748,0,0
-754,-1291,-120,3712,1119,-1397,0,0
-348,-384,-95,3551,840,-832,0,0
-58,50,-31,3816,669,-736,0,0
70,-206,66,3695,585,-863,0,0
133,-17,76,3407,661,-1124,0,0
132,194,53,3600,703,-1266,0,0
103,-46,63,3771,1257,-1415,0,0
76,12,120,3431,1393,-1218,0,0
-31,205,204,3665,1125,-1108,0,0
-145,149,247,3884,690,-1196,0,0
-233,128,253,3614,501,-1345,0,0
-291,-96,196,3504,559,-1545,0,0
-273,-303,137,3220,472,-1440,0,0
-250,-238,30,3203,402,-1177,0,0
-239,-48,-61,3457,361,-1070,0,0
-193,-63,-105,3558,513,-1042,0,0
-58,65,-149,3349,675,-904,0,0
109,380,-179,3805,788,-838,0,0
317,406,-147,3872,907,-875,0,0
531,480,-126,3867,983,-896,0,0
701,374,-142,3910,1364,-1468,0,0
850,365,-207,3493,1470,-2053,0,0
664,-17,-131,3277,1182,-1108,0,0
48,-318,60,3031,981,-773,0,0
-389,-335,79,2938,923,-1177,0,0
-419,-28,-158,3438,861,-1257,0,0
-265,355,-423,4298,833,-1213,0,0
-37,405,-350,4900,739,-1391,0,0
250,127,-93,4291,603,-1369,0,0
428,-173,16,3519,644,-1171,0,0
401,-371,11,2966,701,-1188,0,0
258,-224,-47,2877,922,-1380,0,0
115,109,-142,3206,1106,-1246,0,0
-34,229,-265,3483,1402,-1186,0,0
72,398,-338,3775,1764,-1185,0,0
285,534,-284,3892,1550,-823,0,0
165,442,9,4106,1378,-956,0,0
-116,87,266,3710,1211,-768,0,0
-474,-131,214,3482,782,-575,0,0
-796,-453,152,3633,526,-889,0,0
-732,-701,128,3398,864,-1344,0,0
-345,-454,64,3336,1039,-1315,0,0
31,-225,45,3430,1122,-1102,0,0
343,27,-19,3320,1047,-882,0,0
523,543,-106,3611,940,-722,0,0
564,738,-69,3824,896,-722,0,0
523,488,-33,3720,959,-1060,0,0
496,340,-66,3792,1174,-1349,0,0
407,129,-66,3545,1248,-1058,0,0
120,116,-17,3418,1256,-716,0,0
-202,181,-12,3728,1110,-710,0,0
-357,48,-52,3804,1000,-793,0,0
-342,25,-53,3748,877,-700,0,0
-293,159,-41,3897,785,-729,0,0
-211,13,5,3903,929,-826,0,0
-100,-152,79,3639,995,-732,0,0
-62,-191,112,3556,1183,-666,0,0
-45,-176,85,3537,1213,-663,0,0
-60,-141,68,3404,1172,-802,0,0
-54,3,34,3568,1170,-763,0,0
-63,14,10,3575,973,-781,0,0
-86,-40,53,3524,881,-891,0,0
-78,-40,72,3553,847,-779,0,0
-107,-40,53,3770,997,-993,0,0
-69,-247,131,3539,1049,-870,0,0
-50,-242,198,3296,956,-753,0,0
-81,-127,194,3440,879,-846,0,0
-68,-69,133,3680,996,-923,0,0
-2,-26,28,3933,1033,-824,0,0
22,25,-39,4109,1120,-868,0,0
54,-39,17,3904,1092,-973,0,0
77,-155,106,3378,1022,-880,0,0
50,-54,66,3343,980,-930,0,0
48,67,-15,3555,946,-997,0,0
82,129,-60,3767,913,-975,0,0
106,113,-46,3885,892,-971,0,0
119,32,-1,3760,887,-907,0,0
109,-20,13,3631,895,-877,0,0
84,-22,-12,3592,923,-893,0,0
50,12,-19,3666,920,-926,0,0
26,19,-8,3622,877,-965,0,0
11,35,-17,3699,875,-955,0,0
-5,-6,-21,3695,907,-907,0,0
-15,-23,-8,3607,941,-896,0,0
-25,7,-10,3584,948,-889,0,0
-39,28,-23,3630,958,-898,0,0
-45,54,-23,3667,947,-925,0,0
-44,58,-22,3662,927,-936,0,0
-48,34,-28,3643,936,-944,0,0
-50,24,-34,3649,962,-890,0,0
-59,26,-44,3651,981,-865,0,0
-72,33,-50,3678,1002,-877,0,0
-84,17,-45,3642,1039,-871,0,0
-89,26,-40,3610,1053,-926,0,0
-73,44,-27,3662,1047,-938,0,0
-46,18,-4,3682,1027,-875,0,0
-19,-8,6,3651,1014,-845,0,0
3,5,7,3619,1007,-874,0,0
5,8,8,3698,1023,-890,0,0
0,-28,29,3698,1005,-881,0,0
-4,-47,39,3652,984,-890,0,0
-7,-43,29,3623,979,-840,0,0
-24,-26,26,3628,980,-876,0,0
-16,-35,22,3685,999,-909,0,0
-1,-45,17,3661,1029,-857,0,0
3,-20,15,3667,1017,-848,0,0
-1,-27,14,3596,999,-859,0,0
-22,-19,-8,3610,1007,-884,0,0
-47,-20,-17,3704,1021,-919,0,0
-56,-25,-15,3660,995,-919,0,0
-52,-21,-11,3625,971,-895,0,0
-53,-31,-10,3604,965,-863,0,0
-74,-14,-21,3599,995,-892,0,0
-72,0,-32,3683,1028,-916,0,0
-42,-36,-4,3618,1035,-902,0,0
-13,-19,10,3500,995,-846,0,0
1,13,-3,3578,1019,-904,0,0
18,21,-5,3616,1048,-894,0,0
14,43,-12,3709,1063,-910,0,0
11,11,-3,3702,1072,-904,0,0
5,-13,14,3564,1042,-824,0,0
-19,22,-2,3565,1012,-872,0,0
-25,30,-9,3694,1009,-936,0,0
-4,-10,8,3631,1006,-874,0,0
12,-3,19,3603,1025,-858,0,0
22,17,3,3600,1042,-824,0,0
17,47,-12,3638,1075,-861,0,0
18,52,-7,3619,1050,-869,0,0
25,57,-7,3542,1032,-832,0,0
47,106,-20,3535,1084,-812,0,0
73,179,-60,3546,1120,-782,0,0
65,237,-123,3572,1162,-787,0,0
30,280,-165,3701,1183,-779,0,0
16,206,-151,3702,1150,-759,0,0
46,175,-122,3504,1093,-709,0,0
108,282,-104,3372,1060,-691,0,0
181,329,-85,3166,1080,-614,0,0
200,352,-149,2956,1051,-623,0,0
184,443,-221,2881,971,-631,0,0
182,562,-136,2886,800,-553,0,0
152,406,-21,2765,622,-468,0,0
111,376,-43,2857,530,-429,0,0
64,331,-118,3323,428,-464,0,0
23,100,-142,4456,633,-646,0,0
6,-205,-51,5687,853,-815,0,0
1,-404,173,6824,1057,-1335,0,0
132,-350,613,7038,1073,-1672,0,0
333,-778,1039,6632,799,-1931,0,0
439,-764,1316,6180,205,-1184,0,0
213,-653,1415,4939,-235,-752,0,0
69,-733,1216,3100,-467,-970,0,0
369,-614,941,1948,-414,-507,0,0
712,-1278,978,749,-206,-47,0,0
977,-1430,1418,934,12,-310,0,0
1113,-1969,1838,1453,70,-564,0,0
1082,0,1903,1740,-34,-618,0,0
951,-1441,1957,2649,-172,-871,0,0
803,-1351,2284,3004,-700,-1135,0,0
646,-1043,2095,3180,-628,-1660,0,0
493,-540,1867,3499,-508,-1991,0,0
443,-790,1691,3215,-1040,-2915,0,0
528,-722,1195,3024,-1795,-3276,0,0
394,-178,979,2515,-2543,-2895,0,0
95,516,923,2220,-3555,-2907,0,0
-1,96,782,2118,-3952,-3433,0,0
-10,22,485,1845,-4441,-3249,0,0
-83,430,131,2097,-4369,-3538,0,0
-69,514,-236,2438,-4390,-3953,0,0
92,453,-578,3008,-4292,-4390,0,0
391,255,-713,3317,-4124,-3877,0,0
391,-205,-739,3514,-3582,-3598,0,0
133,-439,-702,2245,-3191,-2964,0,0
-45,-525,-932,2481,-3390,-3335,0,0
-169,-1076,-1080,2324,-3971,-2880,0,0
-573,-648,-1048,2259,-4195,-3238,0,0
-973,-501,-1096,2893,-3874,-3856,0,0
-1300,467,-1170,2025,-3216,-2602,0,0
-1549,1205,-1325,2724,-1813,-3090,0,0
-1288,202,-1464,1317,-510,-1637,0,0
-608,959,-1430,359,626,689,0,0
120,676,-965,376,732,474,0,0
543,52,-661,-175,333,-29,0,0
903,260,-724,-151,-384,-264,0,0
1046,299,-747,131,-771,-198,0,0
885,225,-440,191,-800,-136,0,0
612,147,35,1358,-1109,-941,0,0
487,-381,714,2612,-1860,-2009,0,0
434,-824,1227,3440,-2938,-2239,0,0
279,-1362,1259,3814,-3513,-2629,0,0
13,-78,1138,4305,-3116,-4425,0,0
-356,-196,1381,3897,-2539,-4645,0,0
-315,-242,1584,2872,-2395,-4498,0,0
329,-211,1373,3037,-2601,-4326,0,0
835,-407,988,2619,-2842,-3115,0,0
886,427,685,2909,-3117,-2894,0,0
657,114,592,2750,-3224,-3384,0,0
497,-252,465,2058,-3190,-2656,0,0
247,105,275,1950,-3280,-2651,0,0
71,106,16,2338,-3610,-3157,0,0
7,59,-225,2453,-3551,-2929,0,0
6,72,-374,2717,-3652,-3115,0,0
92,163,-402,2671,-4072,-3120,0,0
147,386,-424,3025,-4225,-3477,0,0
149,-2112,-362,3430,-4195,-3427,0,0
-69,-376,-190,3186,-4111,-3532,0,0
-412,-195,-388,2956,-3515,-3713,0,0
-841,243,-1016,2157,-2701,-2508,0,0
-1440,636,-1526,1015,-1627,-1247,0,0
-1547,972,-1558,1139,-1049,-1903,0,0
-852,321,-1246,1333,-1158,-942,0,0
-330,-589,-161,1299,-905,310,0,0
-204,-565,959,456,-589,320,0,0
74,41,1202,-254,-262,-136,0,0
430,25,1117,68,200,-5,0,0
615,189,1088,54,153,-262,0,0
637,-9,1013,219,-82,-869,0,0
633,-119,967,935,-1073,-1526,0,0
641,302,557,2431,-2892,-3130,0,0
565,48,-155,4327,-3265,-5441,0,0
760,-242,-58,3257,-3328,-4055,0,0
691,-823,614,3041,-4721,-1411,0,0
148,-784,695,2294,-5428,-2356,0,0
34,123,211,1930,-4777,-3069,0,0
-57,283,64,1818,-4149,-3150,0,0
-164,-229,341,1784,-3550,-3030,0,0
-62,-37,504,2388,-3299,-2476,0,0
43,-152,474,2831,-3247,-2446,0,0
52,-69,130,2741,-3356,-2934,0,0
-18,-33,-314,2861,-3460,-3879,0,0
-204,-187,-497,2740,-3784,-3611,0,0
-305,127,-373,3323,-4228,-4160,0,0
-216,-258,-82,3283,-4608,-3557,0,0
-162,-63,172,2702,-4422,-3356,0,0
-53,265,267,2332,-4260,-3897,0,0
11,-119,159,1470,-4568,-3083,0,0
-58,501,-112,1715,-4724,-3140,0,0
-241,720,-219,2597,-4190,-3789,0,0
-527,10,-239,2204,-3245,-2983,0,0
-614,215,-465,1560,-1469,-1347,0,0
-480,569,-904,892,511,-193,0,0
-264,522,-1110,333,1620,-330,0,0
73,125,-873,-42,985,-696,0,0
317,-560,-734,-221,452,22,0,0
417,-519,-705,-94,-140,578,0,0
375,-258,-593,226,-772,139,0,0
410,-146,-363,844,-1154,-587,0,0
473,-277,227,1259,-1687,-829,0,0
427,-740,980,1881,-2742,-1690,0,0
525,-1078,1194,2511,-3785,-2438,0,0
596,-744,849,2809,-4552,-2451,0,0
322,328,311,3734,-4128,-4965,0,0
24,-261,513,2434,-3270,-3732,0,0
-345,-753,861,1302,-3431,-3490,0,0
-330,-298,539,1256,-4683,-3675,0,0
-214,35,-210,1730,-4402,-4148,0,0
25,496,-408,2262,-3868,-3299,0,0
0,298,43,2393,-4162,-3051,0,0
-203,-155,302,1856,-3719,-3132,0,0
-270,317,171,1861,-3254,-3194,0,0
-373,201,-152,2072,-3199,-3550,0,0
-346,299,-366,2394,-3423,-3776,0,0
-236,218,-479,2977,-3422,-4237,0,0
-119,-145,-493,2951,-3560,-3742,0,0
-10,279,-344,3353,-3913,-4520,0,0
19,182,57,3017,-3750,-3835,0,0
-235,190,331,2830,-3745,-3478,0,0
-469,-418,93,2615,-3337,-3688,0,0
-556,-443,-522,1718,-2050,-2142,0,0
-784,6,-890,1040,-1114,-186,0,0
-1082,290,-1207,284,-786,830,0,0
-849,2126,-1371,736,-125,-45,0,0
-325,1575,-688,838,-509,-343,0,0
-341,122,133,408,-822,94,0,0
-320,102,500,569,-370,-453,0,0
-115,68,758,793,80,-1024,0,0
200,79,981,1200,-278,-2136,0,0
405,-438,897,1984,-1026,-2014,0,0
425,-145,681,2431,-1629,-2153,0,0
255,477,421,3347,-1638,-3800,0,0
46,-179,411,3329,-1204,-3694,0,0
-33,-485,600,2833,-1691,-2828,0,0
-143,-264,552,2440,-2488,-3360,0,0
-113,-346,541,2088,-3311,-3374,0,0
-96,-794,456,2307,-3663,-2896,0,0
-79,2,282,2066,-3400,-3758,0,0
-208,439,-115,2632,-3333,-4664,0,0
-459,68,-177,3294,-3240,-5397,0,0
-504,-117,170,2879,-3696,-3985,0,0
-587,181,457,2499,-3320,-3875,0,0
-297,331,486,1756,-2905,-5212,0,0
245,138,175,2008,-3125,-4195,0,0
459,211,-36,2789,-2945,-4393,0,0
615,175,-131,2460,-3208,-4169,0,0
513,420,-355,2752,-3433,-4026,0,0
259,35,-508,3465,-3479,-4585,0,0
68,-370,-465,2881,-3336,-3511,0,0
-65,-450,-426,2871,-2422,-3667,0,0
151,-767,-235,2348,-1761,-2767,0,0
404,-678,-42,1243,-1008,-1137,0,0
514,-126,-364,684,-291,-272,0,0
516,484,-817,35,671,71,0,0
687,845,-711,-318,540,-169,0,0
689,-120,-375,-209,-147,156,0,0
611,-285,-329,217,-518,173,0,0
658,-220,-172,936,-701,-231,0,0
618,-534,266,1230,-1029,-448,0,0
422,-552,823,1725,-2382,-1260,0,0
261,-876,826,1991,-2922,-1283,0,0
304,-77,391,2070,-3109,-1537,0,0
282,803,-78,2985,-3376,-2317,0,0
-206,368,-267,3014,-3435,-2919,0,0
-728,293,-274,2942,-3309,-4950,0,0
-646,16,-63,2988,-4082,-3945,0,0
-388,-576,202,3139,-4240,-3438,0,0
-24,-168,347,3311,-4191,-3701,0,0
167,-208,257,3333,-4033,-4339,0,0
300,-292,149,2779,-3917,-3778,0,0
241,-6,109,2401,-3894,-3477,0,0
99,-46,17,2216,-3925,-3230,0,0
63,375,-109,2339,-3970,-3342,0,0
128,334,-221,2793,-3818,-3527,0,0
134,72,-178,2834,-3634,-2995,0,0
179,176,12,2910,-3650,-3618,0,0
252,-94,194,2661,-4010,-3124,0,0
50,16,254,2665,-3945,-3375,0,0
-214,121,76,3052,-3292,-3501,0,0
-398,-116,19,2502,-2989,-2641,0,0
-597,-582,-100,1408,-2201,-1261,0,0
-639,-372,-524,925,-1204,33,0,0
-459,488,-715,305,-64,583,0,0
-239,770,-442,-531,-8,931,0,0
-329,886,-5,-50,-455,508,0,0
-399,480,161,188,-429,74,0,0
-386,244,272,-43,-35,-304,0,0
-209,513,552,161,-598,-1278,0,0
-14,-149,833,1075,-1506,-1623,0,0
-70,-433,862,1865,-2303,-2103,0,0
78,602,586,3179,-2769,-3380,0,0
138,259,96,3235,-2133,-3683,0,0
117,82,-131,3011,-2812,-3032,0,0
2,461,15,3324,-4147,-3389,0,0
-221,-117,33,2906,-4750,-3373,0,0
-416,-142,-104,3062,-4199,-4079,0,0
-411,-358,66,2736,-3533,-4001,0,0
-394,-775,507,2263,-3036,-3430,0,0
-211,-963,726,2449,-3553,-3334,0,0
-303,-288,70,2445,-3995,-3619,0,0
-507,662,-737,2449,-2452,-5107,0,0
-309,-63,-525,2402,-2515,-3288,0,0
-283,-290,-213,3069,-2904,-3334,0,0
-154,-63,-165,2835,-2389,-3726,0,0
22,-287,-224,1915,-2206,-3099,0,0
95,27,-363,2456,-2537,-4213,0,0
135,-281,-275,2317,-2989,-4179,0,0
32,-413,-211,2310,-3258,-3820,0,0
-42,-275,-88,2933,-3638,-4037,0,0
-147,131,100,2087,-3529,-3825,0,0
-246,584,11,2100,-2814,-4422,0,0
-199,-20,-183,1877,-1944,-3050,0,0
-78,318,-373,910,-185,-857,0,0
90,893,-566,123,963,-149,0,0
238,829,-499,-623,1000,-85,0,0
574,555,-484,-402,363,10,0,0
867,190,-581,-78,-389,579,0,0
873,8,-478,201,-862,32,0,0
887,-183,-206,904,-1287,-594,0,0
613,-911,243,1743,-1505,-1352,0,0
377,-1106,457,2631,-2410,-1813,0,0
293,-151,204,3128,-2907,-1752,0,0
343,605,161,4393,-3161,-3080,0,0
171,339,440,3631,-3212,-3028,0,0
-162,275,611,3073,-3005,-3940,0,0
68,-103,756,3115,-3450,-3971,0,0
327,-503,534,2752,-4143,-2795,0,0
310,248,63,3093,-4274,-3902,0,0
224,152,163,2966,-3827,-6328,0,0
8,-641,471,2363,-3751,-2757,0,0
45,-387,604,2629,-3844,-2590,0,0
216,-311,530,2390,-3957,-2551,0,0
281,388,211,2513,-3940,-2803,0,0
276,354,-39,2853,-3850,-3483,0,0
198,-103,-140,2229,-3760,-2385,0,0
34,408,-119,2587,-3807,-3195,0,0
1,18,-18,2332,-3970,-3208,0,0
-31,-18,10,2334,-3825,-2659,0,0
-79,94,83,3065,-4112,-3383,0,0
-259,-297,42,2855,-4159,-3558,0,0
-664,-242,-207,2807,-3284,-3668,0,0
-1165,-809,-498,1892,-2614,-2515,0,0
-1354,-819,-814,595,-1513,-280,0,0
-1018,110,-1054,310,-587,997,0,0
-442,512,-821,98,-568,1489,0,0
-215,903,-349,-52,-704,759,0,0
-229,923,-71,438,-525,-292,0,0
-279,606,212,53,245,-362,0,0
-316,731,511,299,217,-1647,0,0
-148,61,704,1461,-1114,-2213,0,0
-93,-684,632,2101,-1945,-2339,0,0
99,19,423,3027,-2118,-3566,0,0
168,-144,156,2889,-1540,-3307,0,0
223,-233,-108,2958,-2110,-2866,0,0
311,425,-176,3069,-3144,-3515,0,0
306,6,-30,2689,-3691,-3677,0,0
248,-405,169,2484,-4074,-3298,0,0
144,197,35,2696,-4122,-3520,0,0
-47,335,-170,2640,-3334,-4014,0,0
-143,-49,51,2390,-3108,-3655,0,0
-10,-527,414,2422,-3073,-2240,0,0
149,-421,515,2636,-2710,-2364,0,0
293,-233,271,2259,-2539,-3168,0,0
310,-67,-91,2455,-2594,-3717,0,0
183,-264,-278,2961,-3088,-3804,0,0
121,9,-382,3228,-3492,-3436,0,0
130,-20,-309,3066,-3298,-3807,0,0
173,-300,-250,2440,-3240,-3528,0,0
134,-110,-198,2675,-3371,-3616,0,0
80,-543,-66,2416,-3586,-3511,0,0
-32,-390,-44,2289,-3691,-3055,0,0
-199,-27,68,2725,-3830,-3836,0,0
-331,-458,6,2152,-3672,-3568,0,0
-455,111,-323,2072,-2955,-3031,0,0
-511,693,-396,1932,-1822,-2773,0,0
-378,342,-365,996,-848,-1218,0,0
-224,718,-494,262,438,-189,0,0
-79,1039,-572,-586,806,-312,0,0
124,197,-457,-752,115,-271,0,0
477,-148,-530,-207,-279,448,0,0
624,157,-513,41,-514,363,0,0
611,-36,-319,622,-923,-864,0,0
564,-238,69,1950,-1494,-1458,0,0
424,-1048,529,3270,-2668,-2140,0,0
469,-771,631,3232,-3714,-2291,0,0
438,366,372,4109,-3346,-3564,0,0
354,-102,475,3992,-2918,-3410,0,0
133,-442,697,2621,-2751,-3063,0,0
90,-17,527,2405,-3373,-3371,0,0
140,31,196,2533,-4556,-3776,0,0
74,-165,-94,3220,-4261,-3849,0,0
-48,-153,265,3333,-3842,-3333,0,0
-148,-415,551,2471,-3421,-3179,0,0
-167,-419,276,1657,-3226,-2224,0,0
-427,-103,-191,1617,-3032,-3087,0,0
-583,146,-623,2297,-3147,-3217,0,0
-683,-2624,-649,3418,-3167,-4367,0,0
-435,-780,-131,3494,-3792,-3598,0,0
-270,243,672,2440,-3746,-3343,0,0
-23,71,979,1632,-3468,-4837,0,0
416,-557,786,1937,-3533,-3998,0,0
568,-403,796,2485,-3450,-3959,0,0
317,-162,630,1718,-3090,-3143,0,0
-292,1184,94,1202,-2495,-2555,0,0
-1119,1495,-751,205,-1417,-1917,0,0
-1351,840,-1998,-449,-343,-114,0,0
-1002,371,-2609,1316,172,774,0,0
-696,350,-1812,2949,-706,-711,0,0
-129,571,-156,2341,-1395,-591,0,0
137,1097,1000,311,-677,-365,0,0
298,1298,1266,28,-280,-764,0,0
497,1321,1383,235,-386,-732,0,0
589,46,1348,989,-558,-1407,0,0
402,-1577,1056,1539,-1681,-1943,0,0
155,248,319,3924,-1997,-3797,0,0
186,-209,-20,4422,-1298,-4508,0,0
540,-808,268,2568,-2415,-2737,0,0
837,158,218,2868,-3796,-2549,0,0
815,-372,185,2956,-3759,-2076,0,0
470,-1137,347,2091,-3479,-2514,0,0
287,-127,313,1801,-3691,-3285,0,0
68,-369,93,2947,-4368,-3477,0,0
-332,-700,-49,2283,-4755,-3319,0,0
-527,205,-289,1973,-4797,-4190,0,0
-506,-120,-94,2449,-4674,-4000,0,0
-382,41,141,2127,-4193,-3540,0,0
-77,473,0,2741,-3870,-4414,0,0
42,-425,-82,2005,-3515,-3507,0,0
-61,-510,-196,1702,-3379,-3484,0,0
-152,-172,-422,2200,-3573,-3622,0,0
-349,-388,-655,2454,-3516,-3524,0,0
-525,-516,-710,2417,-3144,-3873,0,0
-658,-269,-603,1732,-2458,-3383,0,0
-576,-355,-439,1822,-1693,-3267,0,0
-153,-553,-253,1747,-1033,-2327,0,0
118,-142,-300,1605,-288,-391,0,0
-19,52,-648,292,445,685,0,0
-40,1305,-1119,-1055,653,412,0,0
331,2252,-765,-72,-89,-1274,0,0
606,253,-150,86,-919,-615,0,0
867,-170,73,884,-1092,4,0,0
919,-167,357,2300,-1030,-1199,0,0
788,-512,692,2754,-1885,-1599,0,0
492,-680,594,3193,-2505,-2592,0,0
320,-469,362,3317,-2862,-2070,0,0
80,387,380,3709,-3153,-2787,0,0
-99,122,364,2715,-3642,-2870,0,0
-185,554,171,3133,-3600,-3770,0,0
74,379,422,2988,-3693,-3506,0,0
291,13,505,2562,-3999,-2520,0,0
354,404,353,3030,-4220,-3505,0,0
375,276,226,3187,-4194,-3087,0,0
322,-118,105,3084,-4064,-3410,0,0
295,-310,-16,2555,-4073,-2979,0,0
116,-133,-144,1773,-3884,-2311,0,0
-79,121,-191,1807,-4018,-2830,0,0
-150,24,-137,2091,-4217,-2397,0,0
-144,394,-70,2736,-4331,-2370,0,0
-90,157,51,2885,-4322,-2476,0,0
-129,-262,179,3129,-4047,-2797,0,0
-334,-211,265,3264,-3578,-3476,0,0
-593,-68,302,3073,-2889,-2841,0,0
-847,-142,127,3798,-2368,-3525,0,0
-746,-1004,-249,2029,-2242,-1366,0,0
-683,-34,-769,550,-968,1620,0,0
-754,933,-892,-73,-569,1458,0,0
-738,1783,-503,-495,-440,391,0,0
-595,1722,-60,484,-255,-1126,0,0
-459,-138,172,172,-97,-249,0,0
-639,-37,321,61,254,-281,0,0
-676,-71,568,873,-675,-2162,0,0
-432,-917,675,1577,-2028,-1834,0,0
-427,-524,584,3165,-2015,-3263,0,0
-177,-27,410,3141,-1008,-3940,0,0
48,-217,116,3037,-1006,-2842,0,0
209,36,-123,3196,-2063,-3049,0,0
332,610,-194,2972,-2857,-3374,0,0
309,170,47,3287,-3196,-4310,0,0
385,-600,318,2602,-3615,-3046,0,0
347,51,5,3392,-3760,-3573,0,0
199,100,-306,3966,-3838,-4669,0,0
-4,-302,3,2810,-3523,-4531,0,0
47,-554,287,2700,-3206,-3935,0,0
345,-167,247,3261,-3745,-2857,0,0
464,76,29,2911,-3531,-3524,0,0
416,-180,-325,2082,-3143,-3530,0,0
116,167,-285,2470,-3472,-4197,0,0
-69,-298,-122,2559,-3749,-3686,0,0
-134,-418,-55,2702,-3885,-2933,0,0
-126,-157,66,2586,-3762,-4046,0,0
-42,-205,-60,2231,-3738,-3201,0,0
-216,192,-20,2907,-2946,-3799,0,0
-215,-431,107,2134,-1531,-2856,0,0
-19,-378,-13,824,-141,-132,0,0
-18,449,-461,640,393,206,0,0
-216,1376,-854,-551,1102,-139,0,0
-69,1767,-760,-560,290,-1173,0,0
119,-450,-571,116,-486,-60,0,0
338,-444,-318,199,-1089,813,0,0
450,30,-140,1290,-1079,-1009,0,0
559,-591,253,1803,-1363,-1278,0,0
307,-1067,848,2464,-2074,-2424,0,0
394,-1828,686,3150,-2348,-1626,0,0
363,-324,403,3249,-2932,-1563,0,0
141,862,473,3255,-3760,-3381,0,0
-91,408,289,2872,-3722,-3993,0,0
5,332,144,3377,-3219,-5230,0,0
64,-696,393,2585,-3556,-3322,0,0
20,-235,326,2566,-4425,-3954,0,0
65,-8,-54,2460,-4520,-3655,0,0
71,478,-194,3165,-4422,-4232,0,0
268,395,-115,2999,-4237,-3894,0,0
234,-57,-179,2151,-3560,-2755,0,0
105,79,-250,2376,-3337,-4167,0,0
93,-162,-278,1915,-3452,-2835,0,0
39,536,-351,2320,-3496,-2345,0,0
115,506,-242,2843,-3949,-2826,0,0
85,164,-116,2917,-3764,-2355,0,0
-97,178,1,3839,-2873,-3886,0,0
-276,-484,245,3608,-2576,-2814,0,0
-677,-201,133,2766,-1738,-3824,0,0
-821,-544,-279,1347,-1178,-1226,0,0
-551,-800,-874,752,-908,459,0,0
-221,902,-1035,315,-625,1216,0,0
-133,1227,-655,-262,-340,513,0,0
-198,1201,-60,59,-653,-554,0,0
-225,746,286,1074,-750,-572,0,0
-381,-146,616,860,-589,-866,0,0
-452,4,900,1509,-1678,-2075,0,0
-620,-115,778,2452,-1996,-2744,0,0
-755,-240,585,2931,-1169,-3771,0,0
-510,-414,339,2962,-805,-3268,0,0
-50,-267,140,3656,-1277,-2638,0,0
316,-340,-174,3300,-2101,-3216,0,0
747,412,-484,3585,-2725,-3832,0,0
871,89,-270,3661,-3602,-3050,0,0
518,49,155,2594,-3861,-2816,0,0
325,304,194,3000,-3807,-4344,0,0
165,-554,-170,3161,-3935,-3486,0,0
-133,-129,-320,3594,-3764,-4485,0,0
-211,-410,-36,3378,-3635,-4528,0,0
-263,-542,268,2834,-3461,-2800,0,0
-170,-372,346,2855,-3328,-3082,0,0
43,-389,158,2420,-2985,-2501,0,0
-4,-54,-110,2367,-2657,-3283,0,0
-153,-602,-178,2482,-3032,-4436,0,0
-291,-576,-167,2269,-3226,-3712,0,0
-285,-391,-149,3266,-3357,-4271,0,0
-147,-741,58,2337,-2963,-3310,0,0
-53,13,199,1261,-1636,-1828,0,0
86,742,17,1092,-337,-645,0,0
219,937,-341,337,768,296,0,0
405,1411,-632,-474,1152,-202,0,0
673,881,-781,-564,846,-438,0,0
889,202,-871,-300,107,126,0,0
930,281,-784,676,-920,-180,0,0
856,-316,-416,1430,-1472,-484,0,0
588,-687,-2,1692,-2133,-1122,0,0
344,-560,569,3262,-2449,-2693,0,0
426,-1508,819,2661,-2905,-132,0,0
-17,727,102,2919,-4045,-2486,0,0
-125,1952,-449,4942,-3947,-4474,0,0
-501,-243,153,3737,-3532,-3060,0,0
-493,2,480,4077,-3598,-4628,0,0
-32,-629,277,3985,-3920,-3894,0,0
-48,-268,345,4031,-4188,-4029,0,0
-79,-341,575,3208,-3874,-4131,0,0
-66,-698,449,2661,-3643,-2651,0,0
-141,-35,261,2966,-3559,-3105,0,0
-318,-380,78,2071,-3290,-2517,0,0
-591,105,-82,2178,-3158,-3231,0,0
-625,26,-126,2479,-3094,-4046,0,0
-389,-173,-131,2154,-2965,-2239,0,0
-240,391,11,2832,-2903,-3430,0,0
-80,-91,99,3015,-2974,-3729,0,0
-124,-91,150,3315,-2605,-3654,0,0
-223,32,165,4009,-2388,-4632,0,0
-327,-875,139,2454,-2096,-2735,0,0
-570,-742,0,1116,-1482,-967,0,0
-651,-482,-608,766,-1085,524,0,0
-285,922,-1004,84,-336,1504,0,0
-49,1900,-750,62,-275,902,0,0
-177,1351,-107,237,-618,-261,0,0
-186,1227,221,440,-800,-210,0,0
-410,917,346,899,-346,-918,0,0
-501,400,671,1567,-795,-2603,0,0
-438,-105,763,2771,-1024,-2772,0,0
-435,-706,697,3423,-929,-2922,0,0
-93,-205,611,2914,-684,-3078,0,0
359,171,211,3403,-672,-2688,0,0
635,-166,-111,3460,-1328,-2857,0,0
786,197,-508,2962,-2532,-3029,0,0
560,376,-538,4112,-3815,-3704,0,0
192,-765,132,3636,-4072,-3485,0,0
106,-579,204,2629,-3653,-2174,0,0
70,716,-292,4110,-3671,-4345,0,0
68,260,-328,4277,-3794,-4515,0,0
-156,-131,-279,3780,-3485,-3616,0,0
-194,-1,-234,3833,-3323,-4550,0,0
-9,-301,-277,3395,-3494,-3153,0,0
-61,-1,-207,3420,-3354,-3491,0,0
-81,-291,-54,2884,-3327,-3852,0,0
-189,-489,-103,2781,-2952,-3158,0,0
-309,-495,-226,3558,-2016,-4355,0,0
-61,-1311,-329,2581,-1735,-3480,0,0
175,-1128,-338,2190,-1329,-1442,0,0
361,-148,-68,2482,-343,-993,0,0
370,-74,-360,740,442,-213,0,0
160,1013,-827,-572,715,-115,0,0
-73,1332,-673,-666,-434,-527,0,0
-119,206,-262,-219,-979,-183,0,0
179,-248,10,507,-873,-179,0,0
686,-365,197,1320,-686,-1401,0,0
1109,-756,387,1532,-384,-988,0,0
910,-586,976,2248,-1734,-2065,0,0
864,-1454,883,3233,-2671,-1635,0,0
971,105,453,3469,-3708,-996,0,0
442,1371,461,4198,-4088,-3999,0,0
-314,272,399,2860,-3250,-3707,0,0
-350,732,2,3559,-3251,-5361,0,0
331,283,-152,3691,-4319,-3650,0,0
436,33,-216,3946,-4620,-2859,0,0
162,448,-270,2984,-4285,-3318,0,0
-49,460,-272,2443,-3936,-3264,0,0
-279,-455,-147,2344,-3540,-3038,0,0
-258,-450,-102,2053,-3146,-2621,0,0
-197,203,-168,2743,-3128,-2199,0,0
-211,44,3,3151,-3303,-3120,0,0
-125,-391,244,2767,-3557,-3197,0,0
-98,-371,445,3337,-3552,-3286,0,0
-88,-508,814,3328,-3444,-3396,0,0
-95,-8,889,3304,-3044,-2459,0,0
-280,266,760,3447,-2182,-3315,0,0
-334,-865,359,2210,-1647,-1282,0,0
-544,-416,-219,1216,-893,1237,0,0
-921,591,-668,141,-315,1309,0,0
-979,1883,-780,-83,162,1063,0,0
-1081,2158,-380,751,-514,-1406,0,0
-1016,145,175,550,-1321,-1127,0,0
-883,20,759,565,-798,-639,0,0
-665,-236,1447,1336,-954,-4064,0,0
-316,-702,1583,1654,-1739,-2643,0,0
-108,-6,987,2796,-1476,-3406,0,0
-38,-312,589,3356,-503,-4766,0,0
152,-411,71,2154,-622,-2569,0,0
341,157,-549,3617,-1638,-3339,0,0
559,-510,-1146,3305,-2496,-3706,0,0
471,344,-1313,2842,-3526,-3788,0,0
170,-249,-539,3288,-3925,-4771,0,0
46,-1222,-82,2119,-3357,-2516,0,0
60,-245,-9,2990,-3218,-3637,0,0
238,-472,55,2708,-3468,-3515,0,0
227,121,-107,2615,-3657,-3603,0,0
67,-10,-117,2578,-3814,-4595,0,0
-89,-353,-20,1816,-3665,-3379,0,0
-168,70,71,2544,-3382,-4224,0,0
30,-373,2,2163,-3023,-3786,0,0
82,-123,-303,1898,-2736,-3568,0,0
28,-176,-463,2348,-2892,-4735,0,0
-165,-552,-588,2148,-2803,-3510,0,0
-320,-229,-613,2911,-2297,-4204,0,0
-228,-597,-505,2347,-1825,-3414,0,0
-85,-93,-310,1953,-1397,-2039,0,0
-36,187,-136,1799,-915,-1970,0,0
42,445,-402,1269,-112,-919,0,0
84,1435,-800,557,714,-243,0,0
19,1898,-901,-487,131,-816,0,0
175,1217,-529,-300,-412,-1340,0,0
648,-386,-229,206,-862,412,0,0
991,-31,-36,987,-1164,-218,0,0
1322,46,419,1909,-1546,-1542,0,0
1053,-844,702,2893,-2161,-2023,0,0
676,-2688,329,3886,-1744,-2089,0,0
461,106,6,3571,-1920,-1340,0,0
127,812,184,4013,-2502,-2369,0,0
-384,72,459,3268,-3270,-1619,0,0
-838,228,-113,3897,-2949,-4453,0,0
-558,-405,-185,3546,-3111,-4108,0,0
-317,-275,336,4456,-3493,-3509,0,0
-88,-238,834,3942,-3433,-4041,0,0
213,133,633,2826,-3551,-3330,0,0
305,736,259,3329,-3792,-3637,0,0
254,-285,391,2376,-3831,-3010,0,0
192,-242,494,1677,-3557,-2742,0,0
159,-38,384,2300,-3337,-3459,0,0
183,-431,278,2167,-3283,-2461,0,0
111,-56,192,3072,-3387,-3459,0,0
72,-560,146,2789,-3538,-2775,0,0
-14,-231,158,3015,-3545,-2441,0,0
-264,-39,299,3302,-2937,-3115,0,0
-488,43,297,2711,-2351,-2195,0,0
-708,-144,94,2040,-1926,-1609,0,0
-899,-377,-452,834,-1056,-74,0,0
-877,986,-1047,723,-391,670,0,0
-781,1312,-1050,-19,-352,632,0,0
-754,1784,-437,-266,-899,-115,0,0
-775,1014,109,428,-1671,-431,0,0
-903,104,384,848,-903,-867,0,0
-815,145,847,1529,-868,-2647,0,0
-524,-586,892,3087,-1263,-2208,0,0
-305,-135,777,3877,-657,-2893,0,0
-35,383,686,3858,3,-4202,0,0
190,-254,614,3145,-505,-3323,0,0
648,-184,147,3300,-1437,-1962,0,0
654,496,-632,3259,-2784,-3517,0,0
538,635,-897,3779,-3764,-5991,0,0
410,-609,-385,3817,-4191,-3405,0,0
-189,-1251,321,3589,-3954,-3028,0,0
-360,-839,369,3247,-3754,-4417,0,0
-222,-486,-150,2606,-3235,-3917,0,0
126,-52,-265,3812,-3080,-4861,0,0
460,-1198,223,3073,-3498,-3822,0,0
306,-958,455,2123,-3133,-3307,0,0
287,-654,545,2290,-3114,-4468,0,0
338,-1058,518,1691,-3560,-3122,0,0
167,-312,443,2533,-3490,-4596,0,0
98,-900,390,1951,-3005,-4503,0,0
-139,-392,43,450,-1843,-1685,0,0
-570,1289,-613,192,-186,-22,0,0
-617,1119,-1288,-176,808,498,0,0
1,1795,-1541,-527,998,-604,0,0
496,493,-1549,-220,1049,-1503,0,0
831,-818,-1654,-71,308,347,0,0
835,-103,-1725,1159,-506,-327,0,0
731,-736,-1358,1492,-1431,-3288,0,0
803,-834,-577,1846,-2111,-1316,0,0
759,-1142,459,2661,-3023,-1646,0,0
812,-1091,916,2713,-3573,-1167,0,0
401,749,618,2784,-3959,-2448,0,0
-557,1858,418,4378,-2766,-5968,0,0
-798,78,840,3660,-2886,-4373,0,0
-598,-111,602,2913,-3440,-4774,0,0
206,920,75,3790,-3888,-5592,0,0
438,468,116,3471,-3882,-2960,0,0
334,384,510,3301,-3460,-4098,0,0
477,-86,461,2429,-3454,-3479,0,0
294,298,125,2425,-3171,-3414,0,0
327,22,172,2653,-3300,-3602,0,0
455,392,283,2630,-3892,-1975,0,0
302,1050,517,3750,-3774,-3337,0,0
201,-288,785,2904,-3379,-2632,0,0
91,285,748,2566,-2965,-1674,0,0
-68,454,841,3178,-2748,-2723,0,0
-165,-132,778,2918,-2674,-1906,0,0
-451,-159,364,3478,-1907,-3224,0,0
-747,-1309,-268,2343,-1126,-1611,0,0
-1052,-401,-931,709,-243,1173,0,0
-1005,790,-1370,138,-51,1447,0,0
-534,1615,-1048,-420,-600,682,0,0
-205,1605,-584,208,-1476,-1345,0,0
-199,30,-159,1165,-1865,-811,0,0
-699,-231,670,1776,-1460,-1700,0,0
-770,-473,1432,2117,-1794,-2532,0,0
-596,-520,1468,2664,-1987,-2284,0,0
-318,-256,1359,2956,-1662,-3731,0,0
75,-196,1090,2152,-1769,-3008,0,0
297,500,718,3172,-2443,-2941,0,0
413,-239,271,3416,-2859,-3713,0,0
418,-311,-240,1555,-3066,-2831,0,0
221,736,-337,2429,-4283,-4428,0,0
9,-418,-173,2223,-4857,-3254,0,0
117,-48,8,1562,-4635,-2500,0,0
401,72,146,1812,-4590,-3639,0,0
644,-225,72,1419,-4150,-2110,0,0
385,-50,-44,2014,-4041,-3383,0,0
63,-867,-203,1975,-3918,-4124,0,0
-193,-870,-363,1503,-3600,-2469,0,0
-244,-481,-354,2329,-3623,-3197,0,0
-121,-355,-354,2033,-3772,-2798,0,0
-204,-193,-400,2391,-3413,-3436,0,0
-247,-369,-299,2487,-3221,-3336,0,0
-439,-56,-325,2555,-2953,-3060,0,0
-574,-354,-300,2637,-2437,-4574,0,0
-329,-894,-338,1362,-2250,-2828,0,0
-30,510,-473,1525,-1873,-884,0,0
-43,1118,-396,2198,-986,-1148,0,0
-111,365,-495,283,340,-794,0,0
263,903,-901,-1495,990,-749,0,0
742,826,-1069,-749,719,-1135,0,0
932,21,-1151,435,-73,-317,0,0
1173,3,-876,2044,-1166,-680,0,0
1313,-1113,-117,2592,-1965,-785,0,0
1072,-1001,794,2520,-3085,-1806,0,0
887,-780,901,3102,-2838,-1872,0,0
961,-142,653,2953,-2482,-785,0,0
1036,1005,707,2993,-3571,-1961,0,0
616,939,638,3107,-4551,-2094,0,0
201,666,279,3359,-5041,-3364,0,0
26,369,-15,3672,-5153,-3540,0,0
-224,64,6,4594,-4827,-3413,0,0
-569,-471,91,2550,-3910,-2218,0,0
-468,701,-245,2696,-4283,-3986,0,0
-350,-14,-477,2249,-4367,-2589,0,0
-585,144,-349,1741,-3849,-2106,0,0
-615,304,-82,2030,-3840,-3030,0,0
-556,-123,61,1370,-3913,-1456,0,0
-553,475,165,1839,-3516,-2282,0,0
-404,449,250,1829,-3545,-2601,0,0
-282,731,322,1612,-3316,-1212,0,0
-449,1260,424,2273,-3049,-1168,0,0
-579,1332,620,1787,-2887,-711,0,0
-666,1412,677,2600,-2514,-1363,0,0
-738,276,681,3764,-2572,-1591,0,0
-860,132,342,6254,-1498,-2896,0,0
-668,-3576,-260,6469,-83,-4610,0,0
-665,-1906,-1200,3675,109,-1217,0,0
-969,-617,-2132,2333,-1087,596,0,0
-679,-491,-2035,670,-2489,1988,0,0
567,1866,-245,-294,-1812,-2242,0,0
185,-116,133,1345,-892,-1668,0,0
-408,-547,358,2678,-1382,-2134,0,0
-783,-1085,663,3944,-1819,-3249,0,0
-793,-936,442,2522,-1201,-3155,0,0
-364,284,295,2740,-1412,-2129,0,0
14,-280,529,3271,-1640,-2120,0,0
397,338,545,2276,-1039,-1695,0,0
613,288,509,2755,-595,-3198,0,0
854,-634,179,2637,-1866,-2274,0,0
880,715,-413,3653,-3122,-2978,0,0
668,358,-617,3758,-4373,-3682,0,0
231,-86,-280,3191,-4928,-3472,0,0
-176,-125,-111,3281,-4527,-4253,0,0
-297,-245,-50,2862,-4234,-3020,0,0
-335,-32,205,3229,-3954,-3739,0,0
-68,-546,327,3555,-3799,-3307,0,0
8,-267,315,3963,-3174,-3566,0,0
-23,-382,187,4011,-2692,-4626,0,0
-135,-689,63,3299,-2589,-3064,0,0
-459,-572,-120,2970,-1599,-3107,0,0
-219,-357,-410,1777,-756,-1708,0,0
270,77,-661,1075,-796,-549,0,0
63,-23,-907,381,-41,143,0,0
-218,1223,-1123,-855,748,-194,0,0
-121,985,-1254,-312,335,-2000,0,0
206,-1053,-1047,344,-917,-139,0,0
342,-1193,-447,1423,-1497,287,0,0
462,-1600,268,1695,-1677,-1697,0,0
730,-1441,601,2030,-2312,-1899,0,0
348,-486,776,3870,-2791,-3827,0,0
-52,-270,638,3939,-2616,-3544,0,0
-549,1313,-2,3884,-2549,-4776,0,0
-899,879,34,4387,-3061,-4597,0,0
-1011,463,498,4916,-2600,-4692,0,0
-743,-236,392,3684,-1774,-6408,0,0
-675,-283,182,2210,-1486,-1779,0,0
-1494,625,-76,1781,-905,-903,0,0
-2508,352,-677,1411,749,-1952,0,0
-2933,165,-1357,955,1152,-1902,0,0
-3397,-633,-2121,1285,1543,-1466,0,0
-3851,-1390,-2293,2501,2293,-1883,0,0
-4358,-2193,-2157,739,3710,-1114,0,0
-4503,-1213,-2737,386,5881,-2810,0,0
-3725,401,-2981,1935,6722,-2928,0,0
-2805,1565,-2405,2588,6128,-1819,0,0
-2133,3965,-1911,2255,4611,-1887,0,0
-1128,3591,-1844,2709,3337,-3240,0,0
-416,1550,-1512,915,2588,-2423,0,0
-212,2124,-1244,864,2696,-1334,0,0
-362,1634,-1029,1206,3151,-2224,0,0
-188,1940,-798,1872,3417,-2569,0,0
-64,154,-508,1083,3653,-1185,0,0
-207,161,-304,-648,3930,-1054,0,0
100,1598,-82,5,4010,-2168,0,0
462,377,80,-687,3422,-837,0,0
285,755,-117,282,2606,-727,0,0
79,316,-130,1238,2180,-820,0,0
-284,21,61,1407,2277,-550,0,0
-735,-208,334,856,3436,-371,0,0
-750,-675,523,-304,5100,-550,0,0
-438,-369,747,-460,5051,-402,0,0
-295,-199,736,-994,4780,-191,0,0
-224,449,203,-954,4634,63,0,0
-252,576,-204,62,3914,114,0,0
-300,374,-276,-29,3605,374,0,0
-321,669,-224,-167,3823,417,0,0
-187,1159,-149,-246,3823,450,0,0
-101,1706,-240,-39,4054,64,0,0
-6,1281,-261,319,4152,-392,0,0
109,921,-252,240,4313,-530,0,0
20,483,-177,949,3971,-371,0,0
-129,-423,35,120,3811,-436,0,0
-46,113,187,336,3795,-156,0,0
52,45,363,218,3826,-83,0,0
259,833,272,270,4158,-476,0,0
391,1030,224,219,4034,-207,0,0
448,650,254,192,4027,-159,0,0
338,398,202,160,3917,171,0,0
369,153,-4,79,3921,-40,0,0
675,627,-202,201,3632,-881,0,0
490,660,-264,234,3528,-400,0,0
79,-181,-202,265,3897,-244,0,0
238,-188,-151,-186,3521,-1403,0,0
374,544,-132,542,3123,-960,0,0
199,-17,51,412,3455,-912,0,0
167,-99,113,432,3690,-651,0,0
105,-349,137,495,3796,-811,0,0
69,-856,52,-86,3596,-1062,0,0
118,-555,-41,165,3560,-1153,0,0
118,-571,73,129,3380,-616,0,0
-20,-123,51,261,3798,-333,0,0
-80,81,80,345,4065,8,0,0
-210,-145,130,11,4198,-210,0,0
-136,-17,281,-153,4249,-1198,0,0
138,35,488,498,4522,-1491,0,0
158,-22,667,-261,3993,-635,0,0
157,279,330,403,4074,-1288,0,0
355,75,400,735,3529,-1137,0,0
365,98,504,495,3244,-109,0,0
120,78,225,667,3061,453,0,0
-130,-52,-88,801,3900,-416,0,0
-138,216,-58,734,3879,-882,0,0
-88,299,73,238,4102,-1264,0,0
24,434,45,481,4074,-1256,0,0
155,388,31,1281,3907,-1546,0,0
361,22,309,1219,3660,-1210,0,0
256,-190,312,978,3640,-178,0,0
61,-77,67,619,3049,-298,0,0
-111,56,-200,899,3488,-380,0,0
-306,167,-221,1012,3887,-345,0,0
-229,231,-52,654,4209,-1605,0,0
44,380,106,431,3977,-1789,0,0
155,137,89,776,3624,-1715,0,0
163,-134,-76,783,3367,-485,0,0
-150,-25,-283,909,3211,8,0,0
-410,57,-295,1001,3574,-363,0,0
-427,163,-158,496,3726,-596,0,0
-417,478,-173,229,3620,-569,0,0
-446,1282,-390,683,3746,-286,0,0
-298,1381,-470,1232,3981,-433,0,0
-233,746,-402,779,4000,-732,0,0
-194,783,-261,530,4096,-720,0,0
56,577,21,615,3980,-547,0,0
227,20,104,237,3883,-469,0,0
307,273,133,776,3698,-241,0,0
209,-3,291,686,3667,-339,0,0
107,-52,390,413,3835,-591,0,0
67,-169,212,577,4030,-626,0,0
7,59,55,892,4117,-570,0,0
-13,59,12,1209,3469,-770,0,0
40,-367,152,741,3263,-267,0,0
2,-254,40,234,3427,181,0,0
-138,104,-153,1047,3715,-122,0,0
-240,-52,-45,1067,4031,-404,0,0
-194,-331,27,291,4057,-419,0,0
-129,-94,-107,288,3882,-570,0,0
-100,360,-125,498,3756,-576,0,0
-62,535,-106,685,3853,-354,0,0
-58,369,-39,803,3747,-301,0,0
-87,151,81,746,3916,-276,0,0
-96,15,161,924,3799,-373,0,0
-67,-249,263,949,3725,-291,0,0
-45,-287,263,723,3922,-151,0,0
-14,-274,135,1044,3887,-318,0,0
50,-661,149,1179,3791,-429,0,0
91,-690,232,1530,3849,-726,0,0
236,-611,493,1707,3911,-747,0,0
411,-531,830,1860,3786,-696,0,0
586,-1177,1174,2086,3891,-791,0,0
705,-1705,1387,1470,3967,-592,0,0
787,-3152,1434,1772,3589,-817,0,0
794,-987,1584,2253,3419,-1034,0,0
743,-1169,1738,2451,3181,-1068,0,0
642,-1131,1925,2681,3208,-1088,0,0
637,-459,2103,2486,2891,-1706,0,0
575,978,2252,2552,2545,-1832,0,0
294,2342,2366,2883,2278,-981,0,0
-142,3149,2267,3272,1778,-692,0,0
-631,2466,2130,3203,1613,-116,0,0
-817,1480,1807,3964,1685,-1034,0,0
-373,-1573,1677,2786,1176,-1507,0,0
-58,-1587,1320,1857,483,-91,0,0
-134,607,868,4381,548,-903,0,0
-45,-464,1050,4062,308,-774,0,0
-46,-393,1038,3450,64,-93,0,0
-273,428,977,4307,-506,-348,0,0
-375,-449,1115,3443,-217,-793,0,0
-133,758,973,3382,351,-1610,0,0
235,458,764,3845,-392,-1633,0,0
599,-125,594,3928,-699,-1072,0,0
532,-870,507,3605,-646,2,0,0
-17,-909,392,3564,-677,-398,0,0
-362,-851,389,3809,-977,-472,0,0
-690,-1098,361,3306,-951,-692,0,0
-922,-2312,234,3428,-575,-1220,0,0
-809,504,269,3960,-840,-2335,0,0
-380,-44,386,3767,-791,-2380,0,0
-77,-207,287,2932,-728,-1787,0,0
-113,-90,49,3321,-584,-1362,0,0
-231,-474,-49,3701,-609,-1734,0,0
-87,-170,-149,3189,-940,-1461,0,0
-73,-290,-192,3898,-969,-1382,0,0
12,-76,-104,3789,-910,-1965,0,0
176,335,-106,3569,-911,-1744,0,0
149,330,-107,3812,-815,-1818,0,0
177,180,-55,3540,-874,-1624,0,0
121,1,-25,3450,-996,-1045,0,0
-23,2,-42,3581,-1010,-1282,0,0
-23,-103,-6,3849,-1007,-1299,0,0
-48,-358,125,3494,-968,-1030,0,0
-121,-264,116,3291,-899,-1226,0,0
-88,-121,75,3546,-943,-1506,0,0
6,-276,82,3480,-906,-1432,0,0
20,-381,78,3331,-835,-1370,0,0
36,-362,36,3352,-881,-1614,0,0
85,-416,-13,3524,-949,-1695,0,0
149,-358,-101,3486,-950,-1765,0,0
225,-256,-240,3643,-889,-1872,0,0
296,-295,-320,3736,-912,-1935,0,0
327,-234,-319,3489,-1070,-1900,0,0
318,-189,-229,3534,-1251,-1956,0,0
260,-459,-70,3334,-1379,-1813,0,0
230,-499,43,3234,-1377,-1836,0,0
212,-629,114,3200,-1378,-1734,0,0
179,-668,143,3167,-1317,-1824,0,0
127,-451,143,3178,-1221,-2008,0,0
37,-411,140,3142,-1182,-2137,0,0
-81,-519,146,3085,-1117,-2322,0,0
-156,-507,157,2914,-1152,-2417,0,0
-207,-383,139,2781,-1229,-2498,0,0
-211,-247,100,2789,-1318,-2497,0,0
-204,-81,97,2962,-1358,-2533,0,0
-154,92,166,3097,-1396,-2690,0,0
-124,-15,255,3002,-1340,-2397,0,0
-124,11,308,2983,-1269,-2415,0,0
-42,465,361,3013,-1304,-2643,0,0
14,342,393,3094,-1252,-2529,0,0
13,-86,388,2946,-1231,-2385,0,0
-6,41,365,2758,-1318,-2379,0,0
-20,101,286,2946,-1369,-2674,0,0
66,-163,240,2944,-1547,-2697,0,0
148,-253,234,2724,-1559,-2510,0,0
197,-280,222,2904,-1601,-2516,0,0
172,-389,229,2674,-1628,-2436,0,0
173,73,191,2602,-1642,-2450,0,0
183,251,125,2866,-1569,-2443,0,0
135,-234,118,2756,-1465,-2352,0,0
124,-210,63,2625,-1489,-2316,0,0
106,277,-31,2838,-1500,-2376,0,0
78,548,-71,2706,-1456,-2241,0,0
120,736,-138,2731,-1420,-2269,0,0
156,531,-202,2949,-1433,-2360,0,0
178,139,-169,2761,-1403,-2213,0,0
162,142,-132,2724,-1414,-2220,0,0
56,145,-215,2927,-1444,-2605,0,0
-36,67,-403,3148,-1490,-3043,0,0
-46,141,-460,3550,-1691,-2948,0,0
-57,-37,-203,3633,-1831,-2398,0,0
-88,-184,166,2949,-1646,-2132,0,0
-28,-138,319,2511,-1449,-2237,0,0
28,-322,227,2640,-1312,-2271,0,0
41,-396,34,2664,-1248,-2292,0,0
27,-163,-158,3064,-1174,-2602,0,0
-15,-135,-155,3173,-1206,-2667,0,0
-66,18,-49,2915,-1367,-2613,0,0
-120,28,17,2924,-1475,-2597,0,0
-168,-119,6,2750,-1539,-2392,0,0
-139,114,-21,2686,-1531,-2442,0,0
-48,237,-3,2878,-1507,-2459,0,0
-20,134,23,2792,-1475,-2322,0,0
-48,220,30,2926,-1420,-2475,0,0
-78,174,55,3154,-1383,-2674,0,0
-98,3,110,2915,-1436,-2447,0,0
-140,-6,152,2995,-1459,-2318,0,0
-183,-9,170,2963,-1478,-2381,0,0
-184,16,132,2918,-1481,-2326,0,0
-163,15,121,3049,-1450,-2282,0,0
-114,0,170,2962,-1456,-2122,0,0
-71,2,217,2897,-1525,-1958,0,0
-25,27,270,2895,-1586,-1944,0,0
36,-38,315,2804,-1631,-1819,0,0
64,-88,299,2867,-1729,-1782,0,0
77,33,124,2900,-1821,-1986,0,0
114,279,-159,3222,-1728,-2344,0,0
169,356,-249,3303,-1680,-2550,0,0
140,140,-97,2940,-1727,-2407,0,0
39,-126,70,2967,-1728,-2188,0,0
51,-203,150,2913,-1768,-2115,0,0
159,-178,92,2987,-1732,-2055,0,0
285,-143,21,3063,-1744,-1934,0,0
355,3,-22,3057,-1835,-1893,0,0
325,97,21,3123,-1846,-2054,0,0
257,10,145,2761,-1882,-2066,0,0
127,-18,187,2651,-1963,-2063,0,0
-32,38,111,2879,-1903,-2325,0,0
-97,-15,14,2984,-1869,-2218,0,0
-131,-179,57,3197,-1947,-2061,0,0
-159,-175,160,2789,-1931,-2008,0,0
-139,34,108,2445,-1907,-2085,0,0
-136,56,-21,2851,-1982,-2197,0,0
-162,106,5,3262,-2058,-2287,0,0
-176,79,133,2845,-1927,-2259,0,0
-180,-85,148,2562,-1799,-2214,0,0
-210,-181,55,2736,-1736,-2062,0,0
-274,-177,-10,2742,-1669,-1945,0,0
-352,-183,-38,2731,-1683,-2183,0,0
-352,47,-71,2758,-1620,-2738,0,0
-179,-190,-130,2785,-1587,-2880,0,0
-69,-658,-230,2768,-1550,-2378,0,0
-50,-593,-260,2926,-1390,-2883,0,0
43,-909,-239,2675,-1483,-2780,0,0
34,-967,-207,2736,-1565,-2988,0,0
-3,-1277,-85,2686,-1647,-3044,0,0
-44,-1150,32,2204,-1647,-3050,0,0
-3,-587,58,1942,-1694,-3362,0,0
61,-175,97,1996,-1685,-3402,0,0
116,-132,127,1776,-1609,-3345,0,0
180,34,21,1798,-1635,-3064,0,0
205,161,-16,2097,-1690,-3072,0,0
179,184,30,2117,-1708,-2961,0,0
94,559,94,2162,-1714,-2925,0,0
0,624,161,2291,-1732,-3029,0,0
-86,323,206,2246,-1774,-2894,0,0
-131,456,232,2273,-1802,-2869,0,0
-130,544,215,2352,-1816,-2809,0,0
-118,432,202,2545,-1824,-2958,0,0
-43,383,225,2510,-1869,-2967,0,0
35,246,261,2545,-1876,-2863,0,0
70,60,325,2557,-1818,-2815,0,0
116,-49,362,2408,-1835,-2697,0,0
195,-56,329,2367,-1783,-2844,0,0
401,185,218,2443,-2006,-2972,0,0
497,-51,186,2408,-2204,-2247,0,0
346,-261,199,2255,-2172,-2087,0,0
152,64,236,2453,-2244,-2561,0,0
39,-197,293,2357,-2248,-2653,0,0
-32,-499,330,2214,-2210,-2454,0,0
-103,-523,343,2069,-2232,-2616,0,0
-102,-518,319,2018,-2297,-2764,0,0
-3,-604,307,1929,-2189,-3303,0,0
234,-370,268,1880,-2481,-3125,0,0
114,-723,366,1391,-2709,-2507,0,0
-183,-460,612,1239,-2597,-3679,0,0
-124,36,565,1279,-2439,-3147,0,0
-108,118,255,1465,-1990,-2590,0,0
0,174,-46,1977,-1960,-2427,0,0
160,41,-170,1970,-1984,-2129,0,0
254,-91,-254,1869,-2089,-2146,0,0
275,-212,-337,1616,-2326,-2528,0,0
249,-559,-439,1397,-2701,-2783,0,0
81,-560,-538,1324,-2881,-2457,0,0
-309,-273,-496,1462,-2903,-2259,0,0
-723,-550,-408,1512,-2653,-2552,0,0
-893,-785,-274,1849,-2359,-3534,0,0
-727,-832,-90,1459,-2096,-3822,0,0
-416,-231,-11,1397,-1875,-3915,0,0
-66,254,31,1562,-1617,-4296,0,0
291,839,-7,1582,-1898,-4011,0,0
379,1126,46,1361,-2123,-3753,0,0
355,973,103,1596,-2217,-3277,0,0
219,820,166,1700,-2395,-2278,0,0
-101,802,189,1777,-2117,-2105,0,0
-322,734,49,1832,-1927,-2695,0,0
-310,191,-124,2232,-2144,-2963,0,0
-217,-278,-132,2198,-2208,-2691,0,0
-144,-25,-51,2103,-2198,-2861,0,0
-50,160,6,2089,-2068,-3165,0,0
10,101,-23,1982,-1963,-2948,0,0
25,244,-75,2149,-1881,-3012,0,0
80,169,-72,2241,-1885,-2903,0,0
93,-37,-39,2021,-1869,-2646,0,0
100,84,-29,2010,-1868,-2910,0,0
120,65,-69,2018,-1988,-2780,0,0
27,32,-137,2095,-1953,-2809,0,0
-4,359,-232,2368,-1967,-3359,0,0
35,318,-278,2589,-1991,-3241,0,0
-31,69,-158,2510,-1964,-3042,0,0
-106,6,42,2240,-1908,-3147,0,0
-115,-90,109,2081,-1916,-2866,0,0
-117,-102,92,2102,-1839,-2808,0,0
-89,-81,24,2073,-1791,-3003,0,0
-12,-19,-90,2159,-1719,-3134,0,0
47,-57,-165,2370,-1706,-3001,0,0
34,-98,-160,2391,-1779,-2985,0,0
23,-70,-108,2373,-1783,-3146,0,0
53,-208,-48,2282,-1831,-3101,0,0
75,-264,-40,2205,-1884,-3013,0,0
113,-283,-36,2184,-1849,-3040,0,0
188,-352,-22,2089,-1837,-2897,0,0
220,-337,-64,2041,-1829,-2861,0,0
256,-322,-122,2027,-1827,-2857,0,0
288,-341,-151,2068,-1871,-2727,0,0
265,-303,-175,1990,-1894,-2738,0,0
255,-216,-229,1955,-1990,-2847,0,0
294,-241,-258,1987,-1814,-2729,0,0
362,-326,-207,2016,-1894,-2411,0,0
383,-356,-160,2011,-2126,-2366,0,0
363,-179,-285,2110,-2362,-2772,0,0
355,-63,-536,2208,-2301,-3394,0,0
348,-84,-713,2111,-2209,-3536,0,0
275,-179,-632,2314,-2354,-3038,0,0
122,-404,-333,2213,-2437,-2764,0,0
68,-490,-77,1860,-2385,-2668,0,0
142,-426,-3,1777,-2445,-2469,0,0
232,-208,-46,1843,-2458,-2448,0,0
311,69,-119,1952,-2490,-2544,0,0
285,262,-170,1973,-2420,-2758,0,0
168,337,-129,2102,-2299,-3043,0,0
5,52,22,2150,-2306,-2832,0,0
-175,-10,166,2050,-2307,-2726,0,0
-223,50,233,2068,-2287,-2636,0,0
-195,69,247,1999,-2333,-2460,0,0
-173,275,198,2010,-2323,-2653,0,0
-155,417,124,2120,-2246,-2835,0,0
-186,359,137,2170,-2233,-2696,0,0
-267,321,240,2193,-2289,-2661,0,0
-304,363,343,2259,-2355,-2799,0,0
-256,328,410,2347,-2288,-2839,0,0
-157,250,418,2313,-2152,-2762,0,0
-59,272,343,2268,-2073,-2710,0,0
-15,247,254,2269,-2085,-2588,0,0
-67,289,194,2220,-2097,-2607,0,0
-110,299,158,2170,-2046,-2768,0,0
-67,138,156,2218,-2059,-2781,0,0
-44,60,111,2198,-2017,-2644,0,0
-48,77,24,2287,-1968,-2711,0,0
-14,60,-69,2253,-1956,-2802,0,0
21,14,-159,2270,-1984,-2658,0,0
18,-55,-205,2322,-1965,-2682,0,0
69,28,-230,2253,-1897,-2804,0,0
97,-5,-274,2239,-1852,-2661,0,0
34,-21,-342,2199,-1759,-2810,0,0
52,-49,-424,2164,-1714,-2985,0,0
76,-125,-494,2312,-1900,-2765,0,0
10,-37,-460,2531,-2104,-2862,0,0
-20,75,-338,2571,-2123,-3098,0,0
-27,32,-199,2483,-2045,-2978,0,0
-42,-37,-30,2263,-1992,-2908,0,0
-50,-186,101,2125,-1954,-2909,0,0
-52,-282,110,2107,-1899,-2810,0,0
-71,-104,36,2182,-1786,-2880,0,0
-110,43,-67,2382,-1662,-2942,0,0
-173,83,-134,2508,-1607,-2852,0,0
-232,190,-121,2450,-1603,-2849,0,0
-275,199,-78,2311,-1716,-2907,0,0
-306,137,-41,2245,-1843,-2933,0,0
-269,95,-18,2366,-1878,-2983,0,0
-189,-25,23,2435,-1843,-2826,0,0
-130,-66,83,2428,-1763,-2837,0,0
-88,-100,136,2488,-1724,-2913,0,0
-65,-196,191,2517,-1723,-2808,0,0
-66,-154,238,2508,-1689,-2780,0,0
-81,-50,259,2437,-1688,-2787,0,0
-116,23,244,2380,-1699,-2716,0,0
-162,36,262,2297,-1751,-2725,0,0
-170,39,288,2313,-1804,-2682,0,0
-154,82,286,2270,-1775,-2550,0,0
-131,124,247,2242,-1774,-2559,0,0
-93,229,195,2459,-1939,-2687,0,0
-67,197,226,2552,-2136,-2739,0,0
-67,14,322,2375,-2171,-2704,0,0
-69,88,356,2320,-2120,-2823,0,0
-77,233,326,2430,-1969,-2857,0,0
-65,237,309,2479,-1893,-2796,0,0
-14,209,286,2501,-1985,-2694,0,0
12,34,278,2462,-2088,-2694,0,0
34,-204,319,2165,-2166,-2664,0,0
50,-326,309,2051,-2212,-2384,0,0
24,-32,259,2136,-2181,-2413,0,0
20,156,180,2182,-2147,-2469,0,0
13,211,116,2185,-2181,-2438,0,0
-28,216,100,2281,-2241,-2648,0,0
-103,222,80,2323,-2257,-2769,0,0
-172,239,62,2379,-2296,-2867,0,0
-194,53,84,2446,-2278,-2798,0,0
-181,-84,143,2487,-2151,-2707,0,0
-104,-195,193,2395,-2092,-2539,0,0
-43,-266,187,2158,-2056,-2354,0,0
-4,4,125,2022,-2109,-2520,0,0
54,124,65,2035,-2201,-2736,0,0
70,91,20,2167,-2268,-2731,0,0
63,37,4,2324,-2263,-2771,0,0
65,-144,44,2237,-2198,-2712,0,0
36,-309,55,2183,-2173,-2768,0,0
1,-857,51,2082,-2171,-2714,0,0
-4,-897,29,1890,-2193,-2617,0,0
5,-302,-12,1844,-2075,-2845,0,0
17,49,-109,1876,-1972,-3103,0,0
98,188,-196,1895,-1942,-2966,0,0
157,300,-189,1705,-1866,-2826,0,0
197,64,-213,1698,-1894,-2882,0,0
88,-45,-316,1785,-2034,-2747,0,0
-178,508,-373,2126,-2162,-3366,0,0
-359,477,-311,2690,-2233,-3764,0,0
-376,99,-60,2622,-2191,-3372,0,0
-296,-59,204,2127,-1946,-3024,0,0
-186,-141,267,1752,-1799,-2864,0,0
-74,148,121,1841,-1792,-2929,0,0
15,283,-30,1974,-1796,-2990,0,0
15,40,-149,2178,-1666,-3100,0,0
-35,117,-152,2442,-1684,-3214,0,0
-97,124,-59,2573,-1756,-3046,0,0
-125,-77,77,2435,-1776,-3076,0,0
-43,-233,152,2177,-1862,-3032,0,0
-6,-343,143,1885,-1890,-2851,0,0
-2,-309,69,1827,-1864,-2878,0,0
24,-73,-28,1935,-1896,-2968,0,0
5,-97,-91,2036,-1851,-2975,0,0
-30,-123,-123,2179,-1861,-3069,0,0
-2,-168,-66,2364,-1966,-3050,0,0
5,-367,65,2204,-1987,-2920,0,0
5,-338,127,1913,-2003,-2991,0,0
38,-324,126,1878,-2015,-3030,0,0
32,-247,121,1805,-2010,-3074,0,0
26,-207,104,1718,-1931,-3047,0,0
2,-196,61,1785,-1901,-3001,0,0
-11,-134,54,1840,-2009,-3125,0,0
13,-193,45,1727,-2029,-3143,0,0
52,-162,23,1796,-2093,-3064,0,0
52,6,21,1728,-2082,-2906,0,0
40,231,-28,1906,-2009,-3105,0,0
97,144,-44,1981,-1948,-3153,0,0
136,-18,-24,1813,-1947,-2924,0,0
126,-49,-6,1788,-2031,-2793,0,0
82,-23,9,1648,-2113,-2733,0,0
55,250,-30,1749,-2132,-3017,0,0
8,342,-39,1924,-1951,-2994,0,0
-91,323,-4,2092,-1665,-2743,0,0
-173,260,32,2020,-1826,-2844,0,0
-180,187,-64,1878,-2228,-2869,0,0
-110,207,-204,1858,-2336,-2995,0,0
-11,191,-305,1836,-2270,-3016,0,0
52,97,-356,2022,-2141,-3011,0,0
114,301,-349,2533,-1864,-3302,0,0
220,305,-221,2781,-1937,-3150,0,0
204,-247,-47,2390,-2020,-2862,0,0
237,-125,-12,1999,-2180,-2726,0,0
249,-62,-33,2042,-2291,-2427,0,0
176,-188,-81,2003,-2138,-2630,0,0
262,227,-186,1926,-2129,-2765,0,0
332,727,-286,1990,-2108,-2400,0,0
340,2266,-301,2457,-2167,-2233,0,0
356,2778,-182,3442,-2192,-2367,0,0
311,1265,47,3283,-2166,-2024,0,0
275,707,186,3222,-2236,-1737,0,0
147,278,283,3122,-2342,-1541,0,0
66,317,285,2958,-2280,-1506,0,0
28,449,284,3235,-2263,-1362,0,0
-76,193,277,2904,-2176,-1189,0,0
-146,617,168,2787,-2147,-1298,0,0
-208,391,44,3125,-2160,-1635,0,0
38,378,-32,3093,-2240,-1880,0,0
280,550,-99,2945,-2219,-1271,0,0
157,-81,-164,3264,-2259,-961,0,0
28,-183,-189,3266,-2288,-1230,0,0
-88,-634,-118,3261,-2196,-1190,0,0
-185,-584,-201,3257,-2126,-1524,0,0
-88,26,-194,3308,-2069,-1612,0,0
-107,-787,-120,3212,-1934,-1522,0,0
-184,-1451,-240,2699,-1915,-1730,0,0
-148,-969,-293,3007,-1874,-1958,0,0
-253,-1341,-105,3155,-1739,-1800,0,0
-411,-856,-13,2255,-1707,-1994,0,0
-338,670,-154,2693,-1781,-2712,0,0
-190,883,-388,3265,-1883,-2904,0,0
-23,597,-543,3053,-1947,-2293,0,0
-79,708,-464,3349,-1929,-2085,0,0
-153,684,-196,3620,-1892,-2511,0,0
-115,-145,94,3474,-1928,-2263,0,0
-130,-718,258,3131,-1855,-1821,0,0
-160,-956,362,3033,-1781,-1778,0,0
-120,-973,350,2495,-1812,-1883,0,0
-36,54,258,2764,-1803,-2171,0,0
4,362,170,2612,-1691,-2136,0,0
62,679,40,2965,-1703,-2196,0,0
63,653,38,3526,-1807,-2073,0,0
-32,818,104,3203,-1862,-1954,0,0
-131,1008,267,3321,-1812,-2076,0,0
-143,271,472,3338,-1875,-2009,0,0
-120,-265,526,2831,-1863,-1795,0,0
-24,-131,446,2719,-1797,-1732,0,0
97,246,344,2920,-1779,-1522,0,0
64,59,260,2903,-1710,-1362,0,0
38,245,128,2844,-1689,-1625,0,0
140,541,72,2914,-1776,-1541,0,0
164,409,-12,2942,-1921,-1446,0,0
137,775,-152,3147,-2111,-1659,0,0
125,657,-195,3392,-2179,-1712,0,0
118,97,-200,3277,-2289,-1579,0,0
80,37,-175,3418,-2362,-1511,0,0
39,-390,-42,3144,-2256,-1536,0,0
142,-147,21,3343,-2257,-1525,0,0
197,-701,133,3336,-2150,-1403,0,0
131,-1276,120,2677,-1993,-1310,0,0
83,-489,13,2971,-1966,-1592,0,0
49,-426,-39,3124,-1938,-1820,0,0
29,-566,-53,3015,-2044,-1737,0,0
-46,-454,-58,2832,-2087,-1860,0,0
-37,-200,-106,2762,-2084,-2124,0,0
66,-315,-90,3052,-2070,-2307,0,0
229,-748,-95,2673,-2047,-2145,0,0
264,-794,-157,2673,-2030,-1911,0,0
144,-875,-185,2822,-1968,-2085,0,0
87,-619,-107,2930,-2007,-2180,0,0
3,-229,-69,2847,-2078,-2227,0,0
13,133,41,3089,-2195,-2502,0,0
61,-439,165,2417,-2315,-2296,0,0
-76,-101,113,1928,-2101,-2731,0,0
-25,1340,-65,1997,-1954,-2755,0,0
-13,1480,-238,3584,-1749,-2172,0,0
-105,-249,-42,3362,-1983,-2298,0,0
15,-738,33,2689,-1984,-2045,0,0
51,-534,35,2890,-1938,-2130,0,0
24,-377,-3,2223,-1823,-2434,0,0
128,52,-233,2317,-1663,-2399,0,0
199,365,-434,2749,-1814,-1724,0,0
44,363,-506,2626,-1924,-1579,0,0
28,885,-596,3117,-1902,-1850,0,0
92,728,-504,3222,-1894,-1449,0,0
-1,595,-348,3058,-2000,-1357,0,0
-65,806,-222,3418,-2193,-1391,0,0
-176,446,-97,3414,-2289,-1388,0,0
-247,383,-86,3360,-2199,-1616,0,0
-209,434,-134,3424,-2014,-1726,0,0
-244,314,-111,3499,-1877,-1546,0,0
-328,263,-96,3517,-1746,-1397,0,0
-336,173,-29,3572,-1600,-1536,0,0
-225,-226,62,3426,-1537,-1436,0,0
-77,-274,36,3158,-1554,-1201,0,0
70,126,-76,3443,-1470,-1394,0,0
128,-56,-113,3368,-1563,-1390,0,0
38,225,-166,3328,-1657,-1412,0,0
-48,470,-165,3677,-1643,-1607,0,0
-44,166,-88,3413,-1610,-1465,0,0
-10,194,-79,3430,-1621,-1469,0,0
18,115,-89,3553,-1603,-1314,0,0
1,42,-68,3605,-1539,-1242,0,0
-32,-66,3,3590,-1584,-1477,0,0
33,-132,46,3624,-1657,-1551,0,0
61,-104,82,3719,-1721,-1447,0,0
11,-194,164,3757,-1792,-1641,0,0
-9,-277,275,3791,-1793,-1698,0,0
-34,-348,426,3664,-1818,-1796,0,0
-27,-488,554,3467,-1770,-1788,0,0
-23,-653,638,3389,-1683,-1723,0,0
9,-822,689,3063,-1653,-1908,0,0
79,-843,652,2964,-1708,-1824,0,0
26,-1150,641,2836,-1806,-1587,0,0
-71,-1152,580,2351,-1950,-1781,0,0
-117,-594,532,2736,-2207,-2552,0,0
-47,-965,650,2713,-2412,-2878,0,0
-236,-1429,947,2066,-2476,-2754,0,0
-649,-1566,1108,1759,-2470,-3417,0,0
-820,-1795,952,1725,-2126,-3404,0,0
-789,-1518,757,1460,-1746,-3286,0,0
-657,-872,394,1479,-1546,-3096,0,0
-538,-671,258,1480,-1661,-3109,0,0
-494,-861,292,959,-1874,-2795,0,0
-667,-710,347,941,-1850,-2870,0,0
-908,-718,296,618,-1525,-3139,0,0
-1112,-340,235,620,-1284,-3493,0,0
-1298,-354,241,646,-1219,-3716,0,0
-1384,-602,235,652,-1328,-3654,0,0
-1322,-304,203,437,-1354,-3961,0,0
-934,284,173,542,-1518,-4209,0,0
-298,471,137,573,-1621,-3992,0,0
386,499,-7,749,-1486,-4065,0,0
1044,311,-121,827,-1282,-4368,0,0
1583,110,-174,481,-1336,-4458,0,0
1868,113,-256,604,-1597,-4090,0,0
1951,-204,-301,701,-1613,-3901,0,0
1943,-13,-376,514,-1815,-3360,0,0
1718,359,-518,512,-1987,-3029,0,0
1315,753,-592,714,-2088,-2869,0,0
849,1232,-625,1014,-2068,-2826,0,0
263,895,-353,1467,-2322,-3286,0,0
-194,-2,-178,1328,-2693,-3326,0,0
-284,-53,-248,1491,-2550,-3099,0,0
-223,-73,-292,1377,-2502,-2711,0,0
-231,-119,-307,1083,-2511,-2677,0,0
-277,162,-284,1095,-2608,-2906,0,0
-469,93,-249,1204,-2469,-2859,0,0
-783,260,-135,1348,-2221,-3473,0,0
-902,519,-91,1627,-1853,-3611,0,0
-947,231,-1,2413,-1517,-4438,0,0
-681,-834,-37,1437,-1773,-4396,0,0
-155,28,-321,1122,-2056,-3691,0,0
369,819,-569,1367,-2327,-3022,0,0
640,340,-608,1478,-2109,-1847,0,0
502,779,-495,1848,-2088,-1547,0,0
248,1116,-353,2520,-2128,-1852,0,0
88,756,-274,2895,-2161,-2221,0,0
35,545,-167,2724,-2134,-2075,0,0
-224,315,-88,2435,-2073,-2369,0,0
-372,503,-107,2946,-2102,-2999,0,0
-636,78,101,2766,-2076,-2546,0,0
-800,159,350,1587,-1202,-3843,0,0
-308,539,336,3113,-1105,-4291,0,0
185,-14,363,2553,-1215,-3950,0,0
585,-888,152,2078,-1382,-3277,0,0
748,-800,-12,2233,-2182,-2140,0,0
565,42,-49,2350,-2508,-1675,0,0
-55,261,128,2607,-2793,-1361,0,0
-589,71,370,2478,-2259,-3318,0,0
-428,-920,388,2146,-2214,-3135,0,0
-95,-767,336,1118,-1785,-4520,0,0
782,-1002,60,1128,-1706,-4751,0,0
1470,-1112,-320,1983,-1810,-2574,0,0
1034,243,-258,3206,-2380,-325,0,0
-24,425,170,2625,-1876,-1870,0,0
-416,246,282,2221,-2108,-2668,0,0
-517,39,216,1056,-2374,-2728,0,0
-266,613,-27,754,-2121,-3847,0,0
333,979,-211,1509,-2399,-4219,0,0
786,-55,-349,1718,-2377,-3530,0,0
851,-835,-400,2783,-2636,-2069,0,0
271,-663,-127,2161,-2827,-827,0,0
-404,745,-18,1929,-2741,-1890,0,0
-442,991,2,2308,-2400,-3046,0,0
-176,159,37,1759,-2119,-2873,0,0
61,118,-11,2153,-2091,-2819,0,0
152,216,-138,2647,-2023,-2755,0,0
184,237,-235,2627,-2206,-2704,0,0
171,350,-280,2387,-2456,-2357,0,0
40,567,-320,2276,-2677,-2508,0,0
-27,373,-252,2599,-2709,-2565,0,0
-71,142,-84,2480,-2591,-2325,0,0
-114,189,32,2470,-2535,-2277,0,0
-148,107,105,2588,-2457,-2166,0,0
-222,146,143,2525,-2397,-2232,0,0
-234,223,126,2638,-2356,-2288,0,0
-233,171,104,2671,-2235,-2263,0,0
-209,147,115,2671,-2138,-2355,0,0
-148,131,156,2654,-2137,-2240,0,0
-133,106,143,2625,-2186,-2249,0,0
-106,125,67,2631,-2160,-2277,0,0
-85,177,18,2589,-2125,-2247,0,0
-73,186,0,2522,-2089,-2332,0,0
-40,159,-19,2521,-2054,-2322,0,0
-6,114,-17,2576,-2111,-2328,0,0
35,37,-26,2611,-2174,-2253,0,0
44,23,-44,2690,-2130,-2247,0,0
48,25,-39,2702,-2057,-2382,0,0
78,-20,-11,2614,-1976,-2317,0,0
61,-32,17,2490,-1970,-2221,0,0
-11,13,-9,2511,-2142,-2393,0,0
-96,95,-133,2698,-2185,-2741,0,0
-115,56,-170,2978,-2213,-2874,0,0
-114,-166,28,3067,-2422,-2556,0,0
-191,-233,312,2799,-2340,-2455,0,0
-197,-304,443,2536,-2233,-2631,0,0
-125,-492,394,2397,-2107,-2471,0,0
-103,-378,305,2414,-1945,-2399,0,0
-114,-221,220,2416,-1825,-2497,0,0
-128,-175,139,2462,-1813,-2568,0,0
-122,-172,122,2367,-1828,-2501,0,0
-113,-174,96,2035,-1843,-2344,0,0
-112,-133,8,2027,-1975,-2383,0,0
-101,-100,-106,2043,-2054,-2469,0,0
-71,-72,-230,2095,-2046,-2555,0,0
-27,24,-293,2234,-2002,-2527,0,0
25,9,-254,2234,-1861,-2479,0,0
126,-91,-104,2072,-1871,-2296,0,0
203,-53,-7,2062,-2250,-2349,0,0
192,83,-141,2278,-2492,-2826,0,0
130,271,-404,2613,-2363,-3223,0,0
85,328,-507,2853,-2106,-3236,0,0
49,163,-269,2797,-2103,-2818,0,0
-52,-138,42,2341,-2106,-2458,0,0
-69,-174,119,2224,-2085,-2540,0,0
45,-124,43,2332,-2094,-2609,0,0
159,-93,-46,2552,-2074,-2551,0,0
214,-17,-74,2676,-2021,-2506,0,0
223,34,-35,2694,-1975,-2537,0,0
202,1,31,2600,-1950,-2529,0,0
156,-8,78,2419,-1979,-2423,0,0
91,51,60,2414,-2060,-2449,0,0
56,21,16,2491,-2163,-2502,0,0
49,-49,-5,2407,-2192,-2423,0,0
46,-44,-26,2386,-2202,-2457,0,0
73,-25,-41,2396,-2234,-2420,0,0
105,29,-92,2335,-2212,-2342,0,0
125,124,-164,2472,-2232,-2434,0,0
118,145,-173,2424,-2238,-2451,0,0
74,175,-157,2454,-2236,-2534,0,0
21,113,-118,2469,-2234,-2496,0,0
-33,62,-79,2509,-2223,-2435,0,0
-57,17,-97,2587,-2184,-2508,0,0
-32,12,-114,2566,-2079,-2401,0,0
-4,0,-120,2503,-1976,-2269,0,0
22,4,-140,2396,-1923,-2115,0,0
35,76,-205,2334,-1888,-2125,0,0
83,117,-305,2324,-1748,-2219,0,0
140,37,-364,2096,-1593,-1969,0,0
134,10,-392,1879,-1428,-1855,0,0
128,35,-423,1818,-1299,-1863,0,0
141,-3,-380,2100,-1483,-1864,0,0
59,-157,-297,2504,-1966,-2059,0,0
-51,-237,-323,3552,-2704,-3107,0,0
-44,-561,-247,4684,-3428,-3703,0,0
-106,-496,92,4615,-3449,-3870,0,0
-128,-200,493,4104,-3279,-3870,0,0
-146,-283,667,3323,-3181,-3255,0,0
-190,-15,514,3136,-3022,-3124,0,0
-195,25,71,2855,-2635,-2687,0,0
-273,362,-503,2013,-1940,-1488,0,0
-345,1079,-935,1241,-827,-887,0,0
-16,631,-777,425,-56,-267,0,0
402,-3,-19,71,-236,597,0,0
250,-403,361,-397,-419,-35,0,0
317,-157,190,-537,-259,-1297,0,0
657,-667,185,526,-763,-1284,0,0
657,-1305,377,1852,-1185,-1269,0,0
632,-1043,534,3575,-1709,-1930,0,0
438,-1150,395,4463,-1290,-3498,0,0
394,-532,131,3910,-1222,-4081,0,0
414,-216,265,3320,-1988,-3787,0,0
226,-96,568,2887,-3269,-3140,0,0
-79,551,586,3603,-4601,-4111,0,0
-380,579,253,3586,-4820,-5267,0,0
-626,871,-204,4306,-3667,-6120,0,0
-896,212,-301,4399,-2877,-6311,0,0
-681,-78,-283,4121,-2883,-6512,0,0
-123,-168,40,5150,-3057,-4956,0,0
229,-739,512,2842,-2538,-3411,0,0
311,311,415,2081,-2295,-3313,0,0
268,416,-44,1869,-2873,-3574,0,0
48,968,-673,2129,-3383,-3072,0,0
-308,706,-1043,3416,-2390,-4546,0,0
-510,-319,-1039,1814,-1460,-2616,0,0
-504,-60,-868,1224,-320,19,0,0
-204,650,-719,1284,454,632,0,0
-109,1552,-996,653,814,-29,0,0
202,1506,-1072,-99,623,-446,0,0
336,1227,-610,19,-370,-679,0,0
160,643,-308,168,-1489,-621,0,0
37,-31,-98,1463,-1766,-1099,0,0
41,-378,448,2731,-1455,-1681,0,0
-10,-1042,771,3775,-1341,-1258,0,0
50,-922,833,3966,-1358,-998,0,0
107,-28,693,3785,-1265,-1854,0,0
299,208,420,3382,-1638,-1464,0,0
394,448,479,4142,-2144,-1968,0,0
313,-242,500,4029,-2504,-2181,0,0
9,489,324,3866,-2302,-2931,0,0
-211,730,247,3823,-2644,-3649,0,0
-277,-268,266,3569,-3225,-3582,0,0
-6,-459,280,4240,-3494,-3571,0,0
241,-673,322,3938,-3431,-2764,0,0
270,-140,303,3565,-3577,-2728,0,0
299,24,274,3888,-3940,-3147,0,0
229,-552,330,3603,-3448,-2540,0,0
194,-114,429,3719,-3079,-2607,0,0
201,-39,625,3614,-3023,-2401,0,0
175,-98,636,3180,-2641,-2250,0,0
189,-16,535,3121,-2600,-2429,0,0
57,-215,364,2885,-2913,-1888,0,0
-76,3,158,3589,-2833,-2659,0,0
-189,-293,21,3477,-2620,-1975,0,0
-592,-405,-162,2140,-2044,-670,0,0
-782,430,-435,1385,-1337,-835,0,0
-476,68,-761,638,-640,-94,0,0
44,429,-714,-68,215,899,0,0
131,745,-274,79,-179,918,0,0
-330,278,7,-27,-375,-368,0,0
-316,370,-24,214,-62,-1115,0,0
-123,119,153,1061,-289,-1422,0,0
-179,-346,438,1630,-1502,-1645,0,0
-129,-51,416,2720,-2098,-2476,0,0
62,-220,561,3695,-2478,-3270,0,0
37,-487,387,3038,-2207,-2885,0,0
187,562,149,3461,-2813,-3076,0,0
362,229,78,3075,-3407,-3215,0,0
447,325,58,3196,-4559,-2317,0,0
157,778,-80,4503,-5356,-3551,0,0
-59,272,-15,4729,-4674,-3347,0,0
-425,-77,472,3558,-3422,-2688,0,0
-368,-264,648,3401,-2949,-3350,0,0
35,-561,313,3505,-2986,-2345,0,0
108,43,-108,4043,-2893,-2781,0,0
-35,82,-225,3494,-2940,-2997,0,0
-348,75,-166,3535,-2980,-3769,0,0
-355,-594,-56,3370,-3367,-3837,0,0
-301,-954,-83,3252,-3481,-2493,0,0
-323,-573,-46,3540,-3407,-3350,0,0
-253,-761,-93,3035,-3110,-3188,0,0
-238,-493,-135,3032,-2402,-2602,0,0
-258,-362,71,2216,-1662,-2217,0,0
-176,-67,101,1059,-537,-965,0,0
-123,462,-370,320,496,-41,0,0
-88,784,-646,-695,927,44,0,0
190,735,-283,-88,3,-640,0,0
371,-625,-63,-51,-803,28,0,0
560,-705,143,264,-1030,-549,0,0
846,-925,667,945,-897,-2592,0,0
908,-1524,1117,1149,-1150,-24,0,0
596,-1291,1220,1650,-2691,-2467,0,0
492,-858,639,2452,-3371,-3373,0,0
456,29,78,3174,-4002,-2846,0,0
422,754,-120,3376,-4394,-4056,0,0
550,-14,156,2132,-4368,-2922,0,0
440,462,124,2096,-4592,-3421,0,0
361,418,-188,2190,-5062,-4548,0,0
255,314,-586,2283,-4636,-3514,0,0
38,325,-522,3304,-4383,-3400,0,0
-106,-501,-22,2110,-4304,-2431,0,0
-172,-186,-2,1474,-3952,-2284,0,0
-203,-224,-138,1588,-3806,-2637,0,0
-258,-275,-112,1180,-3586,-2269,0,0
-278,182,-75,2043,-3722,-2959,0,0
-233,-295,164,2197,-3657,-2742,0,0
-237,-283,265,2027,-3629,-2760,0,0
-179,26,269,2795,-3739,-3808,0,0
-355,-87,334,2737,-3474,-3364,0,0
-731,-139,249,3426,-3204,-4885,0,0
-974,-665,-115,2584,-2800,-2808,0,0
-1402,150,-486,1336,-1877,368,0,0
-1707,678,-849,127,-1378,271,0,0
-1481,802,-1253,-359,-441,-63,0,0
-841,477,-829,749,-328,-1383,0,0
-278,377,-113,526,-1023,-1726,0,0
206,-189,372,1539,-504,-1362,0,0
479,-778,755,1122,-88,-841,0,0
734,-110,995,400,-103,-1179,0,0
720,-425,1058,696,-975,-2137,0,0
757,-380,758,1190,-1740,-2132,0,0
878,481,552,2685,-2586,-3032,0,0
521,241,228,2548,-2879,-4503,0,0
183,135,-24,2643,-3312,-4334,0,0
-10,42,-191,2756,-3415,-4224,0,0
-116,424,-363,2584,-3528,-3614,0,0
-171,455,-32,2398,-3716,-3928,0,0
-119,-556,241,1647,-3778,-3117,0,0
-66,52,46,1869,-3755,-3729,0,0
61,218,-244,2159,-3492,-5088,0,0
100,-310,-415,2174,-3674,-3465,0,0
-55,25,-331,2508,-3743,-4240,0,0
-60,-194,-243,2177,-3777,-3984,0,0
-126,-339,-158,2226,-3585,-3458,0,0
-139,-302,-53,2102,-3391,-4220,0,0
-79,-440,-142,2165,-3555,-3561,0,0
-223,-164,-113,2636,-3643,-4250,0,0
-431,-53,2,2322,-3351,-4563,0,0
-626,-132,28,2013,-2791,-3471,0,0
-731,96,-35,1848,-1541,-2839,0,0
-451,139,-226,1077,-141,-1404,0,0
4,877,-567,233,681,7,0,0
457,1256,-724,-40,547,-87,0,0
698,557,-581,-530,95,14,0,0
635,129,-530,-572,-323,-5,0,0
689,277,-368,113,-682,-591,0,0
844,-289,-42,471,-767,-1,0,0
808,-451,438,1443,-1315,-778,0,0
723,-682,860,2202,-2413,-2320,0,0
681,-1537,724,2791,-2978,-2271,0,0
603,15,272,3191,-3729,-2301,0,0
281,836,-128,4326,-4070,-4188,0,0
-138,-316,-92,2728,-3813,-4184,0,0
-325,441,-23,2482,-3831,-4294,0,0
-258,169,219,2780,-4181,-4509,0,0
-114,-242,141,2335,-4502,-3048,0,0
-93,598,-133,3285,-4249,-3554,0,0
-79,196,74,3046,-4099,-3699,0,0
-152,-210,285,2262,-3832,-3326,0,0
-157,-115,321,2186,-3452,-4558,0,0
-27,-357,213,1831,-3349,-3216,0,0
64,154,193,2644,-3551,-3357,0,0
120,-118,324,2466,-3921,-3422,0,0
95,-197,341,2588,-3865,-3363,0,0
-1,-92,342,2894,-3780,-4133,0,0
-187,-109,170,2636,-3282,-3225,0,0
-564,73,108,2045,-2281,-2330,0,0
-890,-429,-277,1364,-1513,-1551,0,0
-642,362,-857,1048,-855,113,0,0
-309,852,-954,275,-136,784,0,0
-119,1105,-293,-608,-439,788,0,0
-233,1274,243,-158,-721,48,0,0
-253,594,224,325,-452,-260,0,0
-269,327,165,262,-70,-794,0,0
-186,272,257,749,-552,-1901,0,0
-137,-515,355,1732,-1449,-1924,0,0
-219,-214,252,2754,-2271,-2629,0,0
-185,231,-29,4201,-1939,-4575,0,0
-128,-528,-254,3257,-1558,-3792,0,0
14,192,-282,3759,-2581,-3390,0,0
80,532,-483,4079,-3550,-3772,0,0
139,120,-473,3909,-3752,-4109,0,0
-17,-176,-140,2910,-3407,-3748,0,0
-294,63,80,2488,-2932,-4006,0,0
-315,-381,96,2755,-2985,-4229,0,0
-169,-442,-117,3159,-3446,-3724,0,0
-16,98,-234,3781,-3348,-4372,0,0
116,-402,-184,3350,-3258,-4056,0,0
90,-76,-34,2847,-3232,-4120,0,0
42,-275,208,2713,-3198,-4603,0,0
104,-933,251,2457,-3305,-3885,0,0
160,-440,192,2728,-2960,-3889,0,0
148,-609,235,2478,-2740,-3254,0,0
119,-537,339,1843,-2269,-2193,0,0
194,429,277,1363,-934,-1012,0,0
117,791,-200,719,364,-629,0,0
189,1030,-616,-392,1377,-1209,0,0
511,525,-653,-669,1209,-2984,0,0
515,-964,-510,-198,350,844,0,0
326,-503,-572,85,-427,624,0,0
414,90,-634,918,-1199,-699,0,0
519,-518,-408,1717,-1884,-530,0,0
278,-522,192,2378,-2576,-1653,0,0
-52,-938,660,2940,-2933,-3429,0,0
-270,-768,354,2859,-3378,-3704,0,0
-270,1105,-515,4050,-3295,-4223,0,0
-83,1186,-445,4395,-3682,-4350,0,0
-130,521,6,3468,-3861,-4288,0,0
2,518,110,3326,-3184,-5379,0,0
99,-350,273,2197,-3133,-3977,0,0
-187,-142,415,1919,-2946,-3140,0,0
-277,-189,382,1892,-2837,-3239,0,0
-132,-101,160,2140,-2872,-2610,0,0
-108,75,-3,2742,-2692,-3151,0,0
-12,-317,-21,2636,-2669,-3011,0,0
44,113,20,2705,-2658,-3282,0,0
64,73,118,2703,-2779,-3731,0,0
115,-205,250,2549,-3085,-3306,0,0
128,138,373,3124,-3173,-4166,0,0
78,-137,501,3222,-3173,-3726,0,0
-122,25,604,3375,-2934,-4237,0,0
-205,-549,477,3506,-2403,-6904,0,0
-149,-952,256,2477,-2020,-2498,0,0
-364,-268,69,1686,-1864,-1199,0,0
-580,-234,-459,934,-1386,340,0,0
-383,767,-994,219,-480,1686,0,0
-138,2332,-834,426,-463,267,0,0
-135,1282,-281,248,-784,-1260,0,0
-160,309,117,89,-583,-483,0,0
-393,404,338,600,-214,-565,0,0
-580,-92,620,727,-518,-1713,0,0
-627,-343,586,1428,-1665,-1775,0,0
-735,237,265,2474,-1860,-2780,0,0
-637,682,-130,2986,-1368,-3456,0,0
-441,408,-129,3167,-536,-3808,0,0
-51,-513,92,3267,-1068,-2997,0,0
342,-77,-139,3497,-1742,-3308,0,0
589,869,-475,3616,-2910,-3626,0,0
437,461,-512,4036,-3555,-4109,0,0
190,158,-201,3460,-3127,-4219,0,0
51,-246,17,3400,-2994,-4384,0,0
9,-589,-172,3726,-3374,-3853,0,0
52,301,-380,4011,-3333,-4360,0,0
187,-129,-131,4104,-3285,-4243,0,0
216,-547,264,3388,-2880,-3478,0,0
269,-196,295,3284,-2439,-4052,0,0
332,-472,5,2958,-2362,-3546,0,0
199,134,-250,2743,-2346,-3226,0,0
-4,-30,-328,2781,-2131,-3069,0,0
-52,-402,-155,2306,-1596,-2110,0,0
41,-140,-82,2776,-982,-2753,0,0
243,-740,-274,2791,-972,-2600,0,0
404,-324,-306,1845,-497,-1134,0,0
369,1182,-510,1103,315,-451,0,0
327,1417,-883,442,229,-605,0,0
391,1061,-633,-199,-300,-769,0,0
501,247,93,-125,-787,-519,0,0
764,-385,506,279,-867,344,0,0
1093,-216,788,1084,-807,-366,0,0
1124,-880,669,2048,-2005,-1435,0,0
765,-703,-100,3225,-2665,-2425,0,0
549,-336,-661,4208,-2503,-2594,0,0
443,-331,-399,4234,-2737,-1563,0,0
-3,-458,276,3725,-3109,-1133,0,0
-624,-341,394,3306,-3610,-2703,0,0
-954,-327,90,2792,-3906,-3957,0,0
-938,98,-58,3171,-3788,-3796,0,0
-897,168,283,3863,-3644,-3978,0,0
-835,85,450,2943,-3157,-3558,0,0
-625,545,220,3054,-2948,-4351,0,0
-422,-74,97,2805,-3226,-4143,0,0
-330,-33,225,2227,-2937,-3070,0,0
-233,149,396,2671,-2931,-3843,0,0
-114,-188,442,2338,-3015,-2804,0,0
-124,539,366,2507,-2545,-2597,0,0
-68,580,324,2833,-2117,-2989,0,0
-25,508,352,2672,-2156,-2709,0,0
49,292,422,3692,-1950,-3490,0,0
216,-357,461,3735,-2061,-2318,0,0
50,172,520,4191,-1795,-2706,0,0
-125,-690,291,2741,-1270,-1897,0,0
-226,-212,-386,1600,-1341,22,0,0
-493,809,-1009,1689,-1773,27,0,0
-589,676,-1094,680,-1018,318,0,0
-238,1521,-693,22,-83,-263,0,0
67,1358,-194,224,-379,-1071,0,0
122,-64,17,176,-339,-1,0,0
20,-252,57,511,-149,-741,0,0
-97,-276,73,1506,-1244,-1949,0,0
-248,-340,-173,2746,-1479,-2381,0,0
-183,-52,-280,4426,-1286,-3452,0,0
-81,-376,-160,4182,-1025,-2846,0,0
-53,-273,210,4041,-1598,-2450,0,0
45,-175,313,3971,-2544,-3665,0,0
276,72,56,3931,-2813,-3488,0,0
373,-296,191,4231,-3146,-3450,0,0
282,-253,306,3648,-3616,-3390,0,0
112,-41,131,4401,-3131,-4727,0,0
127,-917,350,3637,-2832,-3845,0,0
174,-361,526,3268,-2706,-2829,0,0
181,-156,437,3536,-2586,-3622,0,0
305,-481,207,3047,-2624,-2717,0,0
249,-14,-7,2842,-2326,-3252,0,0
226,-162,-70,2947,-2507,-3642,0,0
101,-268,3,3234,-3006,-3137,0,0
68,-287,163,3535,-3363,-3989,0,0
116,-439,330,3271,-3613,-3324,0,0
-111,-258,533,2625,-3295,-4044,0,0
-137,-392,546,2320,-2931,-3824,0,0
-41,-384,453,1487,-1707,-2182,0,0
28,20,268,614,-203,-213,0,0
78,272,-118,-18,652,718,0,0
254,1074,-499,-654,949,301,0,0
447,624,-629,-603,388,-436,0,0
607,-565,-693,-372,-268,199,0,0
639,-126,-2576,448,-799,-66,0,0
529,-252,11,1428,-1286,-940,0,0
309,-873,329,2092,-2566,-3200,0,0
47,-394,42,3091,-2967,-2362,0,0
66,-336,-276,3563,-2875,-2670,0,0
38,84,-296,3718,-3282,-2908,0,0
-69,905,-16,3641,-3961,-3481,0,0
-162,118,260,3385,-3991,-4267,0,0
-62,9,426,2761,-4399,-3617,0,0
-21,361,280,3264,-4260,-4345,0,0
-35,-151,265,2628,-3653,-3799,0,0
90,-76,450,1963,-3758,-3274,0,0
157,-270,427,1891,-3860,-2773,0,0
104,-276,269,1879,-3568,-3202,0,0
119,-244,91,2225,-3605,-3228,0,0
130,-70,5,2160,-3560,-2444,0,0
226,-6,86,2318,-3488,-3170,0,0
326,-327,-35,1903,-3529,-2461,0,0
253,50,-197,2190,-3456,-2364,0,0
-6,67,-142,2331,-3517,-2407,0,0
-411,328,-62,2846,-3449,-3350,0,0
-386,-236,142,3522,-3193,-4001,0,0
-400,-1102,317,2344,-2595,-1057,0,0
-964,-54,307,2352,-2167,-762,0,0
-1440,153,-2088,2046,-1562,-1914,0,0
-1199,-190,-580,1178,-779,-848,0,0
-567,519,-797,49,-762,56,0,0
224,1610,-487,142,-864,-270,0,0
376,446,279,168,-988,-563,0,0
330,149,758,-203,-817,-885,0,0
402,-15,946,521,-380,-601,0,0
471,-570,1193,916,-169,-1137,0,0
732,-572,1090,1171,-1101,-1730,0,0
672,403,462,2653,-2807,-3631,0,0
451,517,-436,3568,-2935,-5849,0,0
190,-251,-999,3909,-4036,-3788,0,0
-129,-35,-721,4017,-5385,-4499,0,0
-45,-260,-427,3785,-5490,-3685,0,0
-137,-591,160,2394,-4758,-3023,0,0
-144,-751,724,1243,-3602,-3466,0,0
36,-674,819,1620,-3177,-2404,0,0
68,-594,656,1656,-3148,-2765,0,0
222,-305,288,1574,-3308,-2693,0,0
220,-352,-10,1843,-3360,-2881,0,0
119,-297,-216,1617,-3487,-3498,0,0
-14,73,-392,1993,-3458,-3462,0,0
-137,-164,-164,2055,-3624,-3941,0,0
-116,-257,93,1671,-3854,-3381,0,0
-93,-131,215,2150,-4058,-3814,0,0
47,-589,359,1690,-4177,-3863,0,0
199,-381,333,1469,-3955,-2921,0,0
65,80,410,1638,-3702,-3367,0,0
-272,-335,316,1160,-3418,-3695,0,0
-693,185,-82,746,-2391,-2240,0,0
-1014,1395,-631,379,-499,-835,0,0
-813,1438,-1409,577,875,-428,0,0
-435,791,-1672,-176,864,-613,0,0
-435,557,-1416,-1179,-275,-652,0,0
-339,245,-1070,115,-894,-256,0,0
-35,14,-669,631,-1313,146,0,0
162,-12,-287,685,-1288,-800,0,0
406,-463,163,1080,-1539,-1435,0,0
405,-757,559,2013,-2526,-2586,0,0
438,-331,602,3090,-3033,-2379,0,0
264,267,322,3531,-2895,-3076,0,0
47,1111,-57,3850,-3103,-4624,0,0
-41,122,-163,3698,-3165,-4522,0,0
41,-2,77,3417,-3310,-3907,0,0
143,121,490,2899,-3690,-3641,0,0
-43,-252,442,2391,-4357,-3355,0,0
-381,-1,-1,2383,-4129,-5069,0,0
-561,-130,-343,2854,-3934,-4994,0,0
-514,377,-36,3293,-3768,-4767,0,0
-245,-444,329,2957,-3417,-4294,0,0
43,-730,288,2630,-3270,-3174,0,0
216,-18,291,2707,-2989,-3705,0,0
181,-77,421,2730,-3395,-3040,0,0
-145,251,614,3190,-3479,-3621,0,0
-313,168,678,2885,-2366,-3555,0,0
-420,-276,216,2164,-1744,-1618,0,0
-829,841,-207,1765,-1336,-795,0,0
-1175,849,-661,999,-491,-1122,0,0
-859,149,-1129,382,-332,97,0,0
-136,1914,-899,359,-353,-105,0,0
199,1537,-146,546,-714,-233,0,0
-216,236,450,760,-710,-243,0,0
-506,261,603,268,-406,-2968,0,0
-392,-191,707,847,-788,-2145,0,0
-325,-448,733,1940,-1524,-3046,0,0
-373,-106,588,2440,-1334,-2762,0,0
-294,-137,464,3261,-946,-3991,0,0
-37,-97,356,2889,-851,-2679,0,0
435,131,338,3777,-1160,-2931,0,0
780,-227,-120,3317,-1870,-3953,0,0
706,187,-534,3639,-2498,-3753,0,0
209,-522,-317,3145,-2581,-4484,0,0
-40,-766,-147,2718,-3187,-3714,0,0
-128,-354,-141,3072,-3019,-4267,0,0
-44,-700,-168,2541,-3060,-3961,0,0
-34,-157,-234,2571,-3034,-3117,0,0
-50,437,-172,2371,-2651,-3892,0,0
124,-168,-173,2062,-2669,-3504,0,0
269,274,-208,2282,-2881,-3199,0,0
371,663,-128,2771,-2989,-3957,0,0
389,-258,-53,2269,-2884,-3342,0,0
355,59,-106,2212,-2778,-3582,0,0
230,22,-170,2652,-3206,-3910,0,0
-53,-413,-144,2507,-3103,-3577,0,0
-199,-384,-66,3195,-2401,-4343,0,0
-78,-1224,-4,2962,-2042,-3341,0,0
-28,-839,128,2266,-1653,-2617,0,0
-10,-361,132,2000,-919,-2852,0,0
251,-879,-54,762,-157,-674,0,0
415,503,-512,536,122,-73,0,0
359,1173,-682,298,306,-510,0,0
365,536,-496,-476,434,-901,0,0
440,-127,-396,-495,-378,-628,0,0
524,-483,-266,315,-1131,-287,0,0
628,-309,6,2004,-1771,-1285,0,0
558,-758,326,2514,-2456,-1852,0,0
361,-1119,252,2845,-2477,-2569,0,0
316,-316,36,2775,-2471,-2399,0,0
324,976,-123,2930,-2866,-3078,0,0
309,318,-23,3628,-3947,-3387,0,0
-11,317,126,2977,-4227,-4058,0,0
-71,406,110,3349,-3773,-5159,0,0
26,-144,131,3071,-3739,-3871,0,0
104,487,89,2965,-3645,-4096,0,0
171,-56,127,2694,-3690,-3505,0,0
-12,-60,144,1804,-3463,-2996,0,0
-78,344,0,1991,-3005,-3645,0,0
-62,-170,-112,2170,-2784,-2337,0,0
-146,235,-132,1927,-2747,-2186,0,0
-200,225,-185,2138,-3022,-2892,0,0
-250,-88,-163,2177,-3038,-2685,0,0
-254,74,-99,2904,-2771,-3597,0,0
-155,-139,139,3675,-3103,-3307,0,0
-178,3,699,3801,-3194,-3278,0,0
-203,150,1193,3851,-3211,-3981,0,0
-348,-516,1491,2068,-2787,-2739,0,0
-680,-360,641,1246,-1451,-890,0,0
-755,1035,-628,1366,-159,752,0,0
-463,1535,-1178,700,-11,662,0,0
70,1500,-1120,-11,-251,-289,0,0
568,1526,-445,887,-538,-594,0,0
293,54,255,100,-907,-109,0,0
-261,268,368,353,-547,-2960,0,0
-419,289,445,1494,-631,-2168,0,0
-315,-399,461,2011,-1497,-2063,0,0
-286,-67,7,3948,-2136,-3318,0,0
-185,-107,-254,4250,-1673,-3733,0,0
-138,-387,173,3791,-1927,-3325,0,0
-121,-34,232,3747,-3203,-4290,0,0
-148,-291,-295,4350,-3889,-4038,0,0
-187,-536,-357,4238,-3582,-4004,0,0
4,-267,256,2899,-3438,-2880,0,0
68,463,574,2229,-3093,-3179,0,0
208,185,158,2431,-3232,-3930,0,0
179,-43,-470,2439,-3324,-2459,0,0
-190,263,-658,3169,-2659,-4041,0,0
-390,-805,-433,2437,-2657,-3941,0,0
-391,-637,-164,2139,-2404,-3079,0,0
-172,-494,-17,2930,-2549,-3704,0,0
80,-690,-14,2787,-3039,-3102,0,0
228,-446,-72,3221,-3050,-4173,0,0
331,-1128,13,2832,-3427,-3722,0,0
113,-2712,168,2407,-3370,-4418,0,0
33,-904,293,2905,-2504,-5346,0,0
213,-1264,549,1785,-1145,-2397,0,0
211,-417,457,1406,98,-266,0,0
105,958,-123,396,703,568,0,0
358,2116,-926,-441,757,-276,0,0
571,1519,-1219,-501,441,-953,0,0
533,278,-721,-559,-422,-309,0,0
449,-401,-126,759,-885,-532,0,0
768,-992,272,1482,-1099,-850,0,0
1092,-1243,495,1399,-1641,89,0,0
977,-633,885,2929,-2817,-3094,0,0
832,-971,957,2437,-3005,-2329,0,0
917,22,617,2651,-3671,-2230,0,0
646,-17,444,2834,-4748,-3578,0,0
-60,-117,360,1604,-4603,-3179,0,0
-231,279,43,2043,-3892,-5647,0,0
1,199,-302,1948,-4656,-3013,0,0
-71,1075,-468,3159,-4752,-3813,0,0
-80,378,-370,2314,-4655,-3722,0,0
-133,391,-315,2318,-4466,-2681,0,0
-288,112,-33,2020,-3832,-3596,0,0
-332,7,46,1143,-3557,-2437,0,0
-444,777,-86,1643,-3166,-3140,0,0
-254,161,-113,1506,-3467,-3297,0,0
-47,66,-221,1942,-3797,-1797,0,0
-80,752,-190,2904,-3500,-3243,0,0
-89,-54,-27,2773,-3425,-3108,0,0
-355,-294,39,3701,-2946,-3044,0,0
-403,-453,267,4971,-2477,-4438,0,0
-393,-801,651,3945,-2304,-1767,0,0
-756,411,528,2363,-1954,-2261,0,0
-811,-22,-378,1871,-1547,-2221,0,0
-563,-51,-1153,479,-758,1460,0,0
-345,2785,-1494,361,270,1469,0,0
-147,2839,-1176,23,121,-1131,0,0
-143,565,-243,-779,-1149,-915,0,0
-231,-315,166,284,-1759,538,0,0
-633,56,448,596,-1561,-740,0,0
-751,-326,769,1077,-1662,-2091,0,0
-431,-847,898,2951,-1612,-2244,0,0
-36,-703,843,3930,-1686,-2923,0,0
-276,-21,788,4025,-896,-3670,0,0
-536,-404,381,3609,-196,-4383,0,0
-388,-1388,-146,3115,-1247,-3328,0,0
-292,-234,-658,4233,-2719,-4847,0,0
-284,41,-689,4427,-3579,-4956,0,0
-286,-251,0,3079,-3208,-4343,0,0
52,-116,482,2419,-2700,-4385,0,0
325,-439,314,2186,-3111,-3076,0,0
267,408,-15,1733,-3124,-3070,0,0
211,619,-377,2343,-2906,-4256,0,0
125,-135,-361,2623,-3151,-3485,0,0
32,598,101,3206,-3077,-4402,0,0
264,-336,546,3286,-3224,-4402,0,0
390,-786,813,2251,-2972,-3270,0,0
434,187,718,2706,-2684,-4679,0,0
417,-1169,521,2502,-2940,-3549,0,0
-114,-859,68,2216,-2479,-4172,0,0
-295,-69,-613,2297,-1640,-3700,0,0
-192,-2472,-708,780,-1290,-461,0,0
-296,910,-972,142,-305,473,0,0
-238,1099,-1152,307,699,-296,0,0
69,141,-959,-462,813,-1000,0,0
555,185,-978,-513,343,-2288,0,0
726,-197,-1084,294,-58,461,0,0
763,-521,-900,746,-863,-517,0,0
784,-295,-738,1326,-1789,-1156,0,0
419,-917,-402,2830,-2146,-2551,0,0
24,-1038,-109,3258,-2028,-1636,0,0
-272,24,-61,4206,-2573,-2509,0,0
-675,351,-136,4717,-3332,-3790,0,0
-791,1037,113,3621,-2502,-4938,0,0
-456,-29,223,4004,-2450,-4566,0,0
-129,397,301,4305,-2522,-4498,0,0
56,1189,255,3649,-2196,-4803,0,0
-40,695,-285,3674,-2070,-4474,0,0
-60,491,-242,3462,-2319,-4597,0,0
83,-328,45,2893,-2391,-3426,0,0
253,-91,117,3160,-2321,-2478,0,0
403,155,364,2692,-2562,-3079,0,0
586,-59,345,2495,-2736,-2452,0,0
509,213,229,2510,-2383,-2171,0,0
321,473,26,2180,-1980,-2854,0,0
166,387,-317,1809,-2007,-2107,0,0
-107,385,-458,3228,-2097,-2865,0,0
-175,-347,-163,4371,-2850,-2020,0,0
-374,437,557,5621,-2509,-1535,0,0
-638,302,1315,5784,-1657,-3322,0,0
-852,-545,1317,4556,-702,-951,0,0
-1196,851,66,4428,768,-1531,0,0
-1071,-310,-1020,1169,834,-790,0,0
-773,279,-1023,-1049,-909,684,0,0
-708,1420,-689,-415,-3054,-546,0,0
-546,936,-370,792,-2597,-2084,0,0
-145,-124,317,1600,-1698,-1638,0,0
78,-646,1173,1584,-840,-697,0,0
141,-1125,1913,2132,61,-1270,0,0
257,-1817,2187,2132,-105,-1211,0,0
534,-750,1780,2292,-269,-1799,0,0
656,17,1114,3267,-549,-3869,0,0
386,-185,756,1922,-481,-3477,0,0
761,-13,323,2840,-1267,-3247,0,0
1182,-105,-393,2930,-2691,-3428,0,0
1046,188,-867,3181,-4154,-3510,0,0
363,-163,-785,3161,-5234,-3468,0,0
-472,391,-894,2459,-4828,-3590,0,0
-776,-82,-592,3141,-4270,-5411,0,0
-466,-971,-189,2330,-4071,-2602,0,0
-62,611,-60,3316,-3908,-2648,0,0
205,191,65,3124,-3613,-4208,0,0
429,335,-191,2494,-3204,-2981,0,0
384,401,-105,4288,-2938,-4090,0,0
66,-742,195,3070,-2756,-3587,0,0
-167,-234,85,3568,-2414,-4568,0,0
-307,-1167,-49,3624,-2455,-4249,0,0
-624,-904,-176,1619,-1824,-1671,0,0
-774,536,-387,1553,-864,-1884,0,0
-624,-360,-762,853,-494,-1217,0,0
-319,433,-1216,-118,385,468,0,0
6,1888,-1633,277,447,466,0,0
118,1928,-1545,384,-98,-748,0,0
165,1260,-2912,790,-830,-1976,0,0
137,-692,-142,1298,-1574,-822,0,0
282,-983,536,2356,-1555,-1139,0,0
669,-1443,967,3106,-2227,-1781,0,0
686,-1287,912,3634,-2618,-1867,0,0
537,-726,820,4447,-2452,-3113,0,0
457,-1399,946,3449,-1768,-3022,0,0
715,-627,871,3119,-1885,-1948,0,0
574,117,499,4203,-2270,-2583,0,0
433,-159,270,2632,-2772,-3376,0,0
423,163,256,2895,-3018,-3614,0,0
135,-781,539,2149,-3242,-3241,0,0
-7,144,275,1453,-3426,-3729,0,0
153,622,-153,2461,-3686,-4069,0,0
173,-247,-157,1751,-3595,-2337,0,0
120,514,-189,1858,-3388,-2968,0,0
198,258,-250,1987,-3585,-3443,0,0
107,-102,-345,1379,-3303,-2444,0,0
129,397,-318,2586,-3214,-3249,0,0
208,80,-179,2690,-3603,-2469,0,0
257,293,-21,3885,-3874,-3311,0,0
232,-370,360,3990,-4117,-3475,0,0
20,-94,673,3320,-4006,-2564,0,0
-356,476,845,3543,-3321,-4557,0,0
-466,-743,282,2612,-2645,-3554,0,0
-514,283,-397,1159,-1484,645,0,0
-446,1345,-702,999,-591,-87,0,0
-48,62,-845,-310,-679,503,0,0
161,1627,-728,-527,-872,700,0,0
-335,1811,-68,373,-1072,-750,0,0
-745,100,308,331,-1042,-263,0,0
-910,110,359,698,-628,-939,0,0
-770,-385,618,2028,-735,-2551,0,0
-727,-1211,628,2125,-1387,-1765,0,0
-805,-443,578,2546,-1452,-2927,0,0
-440,-424,299,2982,-1367,-3085,0,0
-58,-282,-397,2765,-952,-3044,0,0
282,-135,-721,3466,-2014,-3794,0,0
172,-671,-894,3455,-2701,-3338,0,0
-124,-277,-732,3898,-3000,-4904,0,0
-445,-1101,-272,3263,-3185,-4326,0,0
-536,-792,-3,3032,-2966,-3100,0,0
-427,-58,-15,3060,-2794,-4439,0,0
-468,-249,-310,3234,-2850,-4369,0,0
-827,232,-368,2491,-2160,-4567,0,0
-986,97,-352,1632,-1403,-4826,0,0
-916,-378,-562,1629,-974,-2847,0,0
-620,196,-649,2447,-1050,-3349,0,0
-173,-30,-735,2872,-1451,-3672,0,0
243,-27,-631,3974,-1567,-4836,0,0
505,-523,-166,3519,-2050,-5390,0,0
388,-546,418,3297,-2516,-4331,0,0
107,-157,954,2445,-2083,-4769,0,0
234,-306,715,2116,-1312,-3550,0,0
551,93,476,1474,-86,-1675,0,0
792,1416,297,545,133,-283,0,0
889,1843,-48,328,494,159,0,0
979,1746,-288,-524,1094,-1178,0,0
1074,262,-360,-1327,768,-1097,0,0
982,-814,-359,-225,-519,-148,0,0
905,-570,-424,1165,-1130,-720,0,0
938,-1301,-386,1496,-1285,-341,0,0
646,-481,-130,2496,-1780,-1802,0,0
527,-37,3,3423,-2283,-3416,0,0
542,-492,-266,4424,-3160,-1441,0,0
158,1622,-199,5164,-3845,-2828,0,0
-222,835,-8,4471,-3732,-4027,0,0
-475,634,-69,3849,-3504,-3868,0,0
-582,1335,-18,4356,-3098,-5321,0,0
-550,-99,202,3262,-2776,-3792,0,0
-644,-66,168,2846,-2210,-3994,0,0
-468,-290,-98,2977,-2407,-3776,0,0
-408,-836,-148,2120,-2147,-2363,0,0
-371,-257,-203,2764,-1907,-3182,0,0
-487,-1080,-142,2238,-1904,-2284,0,0
-570,-523,-149,2473,-1478,-3112,0,0
-407,-230,-15,2831,-2081,-3303,0,0
-303,-630,211,2899,-2489,-3517,0,0
14,-174,419,3715,-2795,-4529,0,0
163,-330,819,3519,-2492,-3370,0,0
324,121,1070,3486,-2180,-5260,0,0
654,-371,1033,3276,-2538,-4498,0,0
314,-2560,759,2852,-1460,-3616,0,0
-168,-153,269,1977,-465,-3661,0,0
-234,-50,-14,1229,-810,-720,0,0
-281,-132,-328,378,-1607,729,0,0
-223,449,-737,112,-775,1924,0,0
-311,2157,-864,-278,-169,1883,0,0
-673,2076,-704,-103,-479,-982,0,0
-562,891,-455,672,-1006,-1611,0,0
-212,933,-165,1761,-758,-1734,0,0
-66,-181,506,2918,-815,-2739,0,0
-362,-1008,882,1897,-630,-1916,0,0
-186,350,769,3081,-561,-2226,0,0
-100,-215,260,3648,-263,-3577,0,0
297,78,14,2845,-803,-2289,0,0
726,84,-236,4094,-1505,-2477,0,0
667,-79,-491,3344,-2182,-3549,0,0
361,481,-334,4296,-2823,-4969,0,0
-11,-989,107,4178,-2953,-3898,0,0
-28,-946,282,4405,-3086,-3678,0,0
-25,-542,250,3795,-3067,-3501,0,0
-271,457,-32,3391,-2850,-4280,0,0
-312,368,-24,3432,-2983,-4820,0,0
-87,-302,153,2886,-2713,-3043,0,0
103,515,31,2744,-2182,-3069,0,0
311,104,-261,3054,-1930,-3987,0,0
393,-369,-581,2665,-1919,-2634,0,0
367,241,-489,3709,-2176,-3818,0,0
435,-518,37,2985,-3351,-3137,0,0
349,-81,373,2811,-4453,-2147,0,0
165,523,777,4187,-4684,-3731,0,0
-48,-394,1001,3491,-2086,-3376,0,0
-315,-146,630,1648,815,-892,0,0
-297,890,405,2097,2067,-1005,0,0
-38,444,29,1163,1592,-738,0,0
161,209,-580,-640,1254,-1031,0,0
447,23,-968,-808,253,-1290,0,0
773,-7,-740,-519,-940,-318,0,0
859,-327,-238,831,-1200,-561,0,0
935,-1520,9,1234,-1958,-490,0,0
967,-1032,232,1801,-3310,-1679,0,0
530,-1280,106,4301,-3147,-3440,0,0
309,-1879,219,4288,-2496,-2270,0,0
408,341,455,4245,-3500,-3136,0,0
261,165,521,3569,-4441,-3564,0,0
103,416,494,3027,-4199,-3733,0,0
348,334,694,3106,-3657,-3313,0,0
334,-217,1198,2117,-3977,-3763,0,0
366,809,1293,1820,-4110,-3160,0,0
279,532,1306,2881,-4229,-3524,0,0
301,-565,1245,2004,-4225,-2403,0,0
217,1135,563,2341,-3372,-2158,0,0
151,-50,480,3840,-3281,-4050,0,0
-54,-1841,617,756,-3121,-948,0,0
-83,988,235,2445,-2690,-3531,0,0
-26,-736,98,2816,-2522,-3038,0,0
-288,-1396,-375,382,-2105,637,0,0
-555,1273,-1101,1422,-2396,-107,0,0
-1175,-105,-1445,1762,-2057,-2298,0,0
