-278,-121,-260,2267,2261,-1987,0,0
-314,-67,-253,2337,2593,-2165,0,0
-244,94,-195,2332,2411,-2182,0,0
-188,140,-119,2459,2309,-2012,0,0
-115,11,-69,2437,2389,-2032,0,0
-117,-51,-7,2239,2446,-1962,0,0
-12,-62,10,2174,2299,-1755,0,0
-13,-58,-121,1903,2142,-1887,0,0
-259,69,-349,1651,1907,-2242,0,0
-347,352,-784,1482,1847,-2507,0,0
-640,504,-1374,1437,1504,-1895,0,0
-786,521,-1909,1081,2929,-1142,0,0
638,520,-2172,638,3860,-1153,0,0
978,527,-2232,845,2701,-1584,0,0
-1323,565,-2297,597,3836,-1283,0,0
-1220,722,-2111,431,5381,-877,0,0
-361,689,-1715,749,3730,-969,0,0
-1076,788,-1325,410,3971,-277,0,0
-325,687,-940,168,4747,-308,0,0
283,398,-635,268,4631,-380,0,0
269,-3,-177,504,4947,-152,0,0
249,-685,537,643,5975,-157,0,0
211,-1116,1431,1243,5002,-1069,0,0
252,-1194,2219,1583,3929,-1363,0,0
522,-1293,2470,1460,2381,-2111,0,0
844,-897,2004,874,2068,-2894,0,0
1307,-553,1748,1111,2675,-1698,0,0
716,-580,1220,558,2432,-1305,0,0
400,-551,452,-128,1167,-1534,0,0
-325,-243,126,-327,665,-1071,0,0
-345,-61,169,606,1201,-746,0,0
-237,-291,225,1505,3293,-2230,0,0
-428,-403,211,2789,5832,-3428,0,0
109,-268,122,3413,6441,-3859,0,0
232,-201,-37,3379,4837,-3158,0,0
-288,-119,-620,2033,2251,-2069,0,0
-1002,19,-1100,627,988,-2960,0,0
-873,10,-936,-703,1034,-211,0,0
-158,-93,-169,-511,1057,143,0,0
231,-161,636,444,500,172,0,0
269,-284,1219,1049,520,7,0,0
287,-532,1397,1261,1434,-788,0,0
-285,-704,1016,1020,3308,-1853,0,0
-283,-591,478,-42,4503,-2181,0,0
138,-229,168,208,4572,-1705,0,0
31,83,-69,1078,4305,-2179,0,0
-87,441,-202,1973,4558,-2243,0,0
0,480,100,2768,3832,-1789,0,0
305,217,568,3249,3346,-2384,0,0
338,168,624,3451,3683,-3210,0,0
-31,389,248,3302,4633,-3301,0,0
-257,394,-366,2833,5943,-3061,0,0
-276,199,-751,2648,6468,-3346,0,0
36,126,-617,2828,5979,-3150,0,0
301,-26,-177,3232,4655,-2690,0,0
436,-168,155,3251,3943,-2963,0,0
627,-108,214,2765,3409,-2421,0,0
524,-50,-19,1756,3017,-1889,0,0
39,93,-508,850,2458,-1560,0,0
-174,409,-1126,-34,2114,-881,0,0
-306,713,-1592,-683,1485,-2712,0,0
-921,1013,-1376,-548,828,-101,0,0
-683,932,-471,-56,387,231,0,0
208,631,260,135,107,-336,0,0
565,596,486,244,-394,-204,0,0
676,687,737,111,-250,-262,0,0
1161,582,1149,689,67,-12,0,0
1440,113,1025,1893,1079,-417,0,0
606,-258,589,2189,2057,-1767,0,0
-1,-274,100,2558,4022,-2393,0,0
155,-452,-297,2464,5058,-2827,0,0
-82,-509,-200,2791,5543,-3444,0,0
-194,-510,8,3472,5206,-4063,0,0
-190,-404,91,3929,4790,-3925,0,0
-249,-343,102,3715,5206,-3769,0,0
-297,-292,194,3086,5074,-3669,0,0
-105,-77,300,2826,4929,-3055,0,0
-140,0,221,2674,4765,-3077,0,0
-383,37,-110,2729,4346,-3000,0,0
-624,-14,-645,2329,3936,-2857,0,0
-808,-168,-1123,1669,3028,-2047,0,0
-960,-492,-1128,1277,2420,-831,0,0
-878,-655,-987,594,2334,-254,0,0
-763,-466,-398,22,1249,844,0,0
-257,-558,537,166,244,654,0,0
194,-753,793,-125,-755,-692,0,0
205,-650,718,-175,-1175,-649,0,0
201,-625,755,-256,-181,204,0,0
459,-756,911,-283,579,375,0,0
625,-808,897,220,1300,-459,0,0
111,-694,363,24,2865,-2003,0,0
-369,-182,-19,-301,3287,-1744,0,0
-402,206,129,100,3270,-1516,0,0
-452,519,36,1034,3770,-2192,0,0
-793,888,-194,2503,4816,-2367,0,0
-810,786,-84,3788,5327,-2542,0,0
-665,590,282,4215,5807,-2955,0,0
-458,441,521,4059,6038,-3084,0,0
-174,262,339,3319,6512,-3060,0,0
80,190,68,3211,6304,-2829,0,0
172,75,-73,3420,5908,-2570,0,0
172,-158,-128,3463,5089,-2586,0,0
219,-318,-134,3205,4673,-2538,0,0
184,-345,-336,1893,4160,-2350,0,0
287,-253,-706,880,3595,-1887,0,0
518,-19,-1263,111,3552,-997,0,0
175,298,-1599,-532,3149,-650,0,0
-123,860,-1546,-972,1764,-213,0,0
-103,1445,-689,-368,360,465,0,0
754,1603,153,533,-350,591,0,0
668,1426,423,953,-909,406,0,0
536,1181,484,759,-1166,75,0,0
998,929,667,597,-877,250,0,0
869,486,817,557,-162,374,0,0
334,-78,978,1169,702,-461,0,0
378,-426,852,1917,2939,-1837,0,0
166,-530,710,1927,4660,-1828,0,0
200,-545,844,2290,5315,-1957,0,0
301,-540,1028,2842,4724,-2445,0,0
187,-369,1109,3389,3535,-3204,0,0
172,-49,1026,3946,3987,-3685,0,0
-49,20,730,3864,4200,-3895,0,0
-431,74,405,3672,4139,-4158,0,0
-357,200,178,4187,4333,-3262,0,0
-467,2,51,4212,4442,-3019,0,0
-408,-215,13,3850,4165,-2985,0,0
-156,-237,43,3665,4003,-2900,0,0
-50,-209,-4,3472,3843,-2756,0,0
-31,-226,-331,3213,3093,-2503,0,0
-552,-214,-1096,2265,2783,-2591,0,0
-1071,4,-1851,921,2292,-1211,0,0
-1463,3,-1833,707,1546,696,0,0
-1337,-287,-1292,115,1079,468,0,0
-506,-281,-523,-96,241,215,0,0
107,-169,-100,-16,-600,-763,0,0
161,-202,25,152,-1179,-884,0,0
380,-382,128,99,-410,-105,0,0
200,-568,375,25,274,328,0,0
389,-546,687,305,965,-95,0,0
617,-448,501,338,2385,-1416,0,0
-256,45,-78,-20,2958,-1832,0,0
-681,692,-206,910,4023,-1153,0,0
-347,652,-247,2280,4736,-1837,0,0
-813,404,-203,3371,5085,-2635,0,0
-436,198,61,3777,5413,-1847,0,0
-256,-184,466,3613,5574,-2041,0,0
-133,-388,587,2811,5428,-3110,0,0
220,-246,310,2580,5583,-3131,0,0
112,-123,-63,2808,6341,-2924,0,0
160,-177,-285,2808,6077,-2509,0,0
167,-223,-147,2977,5134,-2320,0,0
79,-224,5,3126,4561,-2595,0,0
96,-213,-43,2638,4223,-2465,0,0
20,-187,-49,1760,4052,-2211,0,0
27,-124,-79,963,3861,-1772,0,0
320,13,-114,433,3378,-995,0,0
484,229,-435,29,3338,-1163,0,0
387,682,-1077,-568,2630,-1218,0,0
-89,1155,-1210,-899,641,244,0,0
36,1257,-394,-74,-124,977,0,0
806,969,100,180,-654,238,0,0
501,819,236,243,-1016,185,0,0
460,732,506,187,-355,201,0,0
650,511,898,288,-85,169,0,0
835,146,1023,1342,506,-683,0,0
714,-261,852,2466,2062,-1656,0,0
-174,-275,452,1637,3377,-1644,0,0
-838,-136,189,2468,4752,-1316,0,0
168,-215,-23,2449,4968,-2203,0,0
35,-115,93,2656,4137,-2350,0,0
-140,-92,64,3084,3610,-3991,0,0
142,-88,-214,3963,3811,-4202,0,0
-15,-366,-236,3619,4283,-3361,0,0
-123,-594,-7,3253,4916,-2816,0,0
-200,-529,258,3126,5403,-2234,0,0
-252,-461,445,2890,5040,-2277,0,0
-325,-309,409,2407,5022,-2982,0,0
-314,-134,160,2134,4947,-3184,0,0
-266,41,-94,2646,4654,-2895,0,0
-381,-8,-467,3286,4228,-2498,0,0
-792,-78,-1074,2693,3784,-2466,0,0
-1315,41,-1359,1200,3035,-1217,0,0
-1145,-192,-1045,768,2137,171,0,0
-804,-419,-586,-203,740,525,0,0
-249,-222,137,-2128,-207,1179,0,0
254,-312,409,-382,-443,-522,0,0
195,-186,198,-559,-888,-1357,0,0
502,-39,13,-491,-33,-517,0,0
765,-109,158,-594,588,236,0,0
928,-31,355,-219,1340,-350,0,0
673,84,56,333,2584,-1072,0,0
120,393,-162,246,3479,-1342,0,0
176,666,6,448,3456,-725,0,0
-101,446,299,1288,3148,-1916,0,0
-149,276,392,2689,3628,-2137,0,0
-279,105,391,3613,4656,-1894,0,0
-124,-188,305,2991,5174,-2483,0,0
-198,-378,165,2339,5220,-3271,0,0
-115,-400,-74,2801,5429,-3511,0,0
-223,-480,-441,3314,5651,-3556,0,0
-290,-411,-562,2789,6285,-3299,0,0
151,-323,-308,2560,5758,-2873,0,0
144,-318,-88,2425,4994,-3185,0,0
192,-320,34,2258,4466,-3014,0,0
111,-462,98,1873,4426,-2587,0,0
-27,-611,64,1162,4205,-2129,0,0
-173,-638,-131,358,3938,-1787,0,0
-188,-465,-336,94,3737,-1414,0,0
226,-16,-508,-100,3726,-1297,0,0
80,518,-678,-594,2518,-998,0,0
-367,1074,-428,-926,588,-10,0,0
530,1322,26,-159,-558,580,0,0
794,1201,15,135,-1025,428,0,0
165,1065,74,415,-674,23,0,0
464,882,342,215,-324,-57,0,0
476,772,774,-55,235,191,0,0
509,535,1195,741,867,-259,0,0
864,75,1235,2078,1990,-1762,0,0
322,168,742,1502,2818,-2228,0,0
-285,316,519,2750,3893,-1182,0,0
428,-138,246,3076,3826,-2682,0,0
105,-279,-58,2728,3457,-3459,0,0
-34,-288,-156,2868,3681,-3806,0,0
347,-410,-41,3322,3975,-3977,0,0
28,-324,68,3335,4272,-3282,0,0
-101,-163,66,3617,4606,-2901,0,0
-338,-79,39,3417,5089,-2754,0,0
-510,-208,-34,2902,4808,-3347,0,0
-575,-116,-104,2740,4340,-3942,0,0
-495,48,-100,3123,4255,-3582,0,0
-297,32,-15,3267,4439,-3289,0,0
-40,-86,11,3157,4036,-2829,0,0
-341,-245,-266,2622,3470,-2813,0,0
-520,-207,-689,1479,3652,-1614,0,0
-1005,-308,-787,1029,2935,57,0,0
-1328,-390,-843,572,2227,-294,0,0
-1348,-82,-551,-296,681,838,0,0
-637,-198,184,92,-394,502,0,0
296,-556,306,-412,-818,-1608,0,0
494,-428,69,-488,-514,-456,0,0
408,-394,30,-174,251,81,0,0
429,-332,348,107,371,245,0,0
725,-239,777,341,374,111,0,0
990,-429,666,788,2199,-1362,0,0
353,-410,-152,-79,4559,-3331,0,0
-384,337,-568,-326,4334,-1547,0,0
-244,230,-141,1045,3642,-974,0,0
-135,9,123,1482,3329,-1953,0,0
-221,248,8,2587,3606,-2370,0,0
-404,368,-145,2704,4226,-3161,0,0
-616,519,-20,2835,4921,-2726,0,0
-404,558,125,3073,5807,-2798,0,0
-274,570,-14,2824,5591,-2955,0,0
-349,455,-212,3068,5603,-2684,0,0
-354,62,-304,3297,5774,-2862,0,0
-147,-297,-196,3349,5749,-2827,0,0
124,-502,105,3012,5232,-2736,0,0
305,-495,266,2663,4908,-2366,0,0
212,-369,206,1944,4326,-2070,0,0
268,-224,112,991,4096,-1635,0,0
16,-142,-5,396,3977,-816,0,0
51,12,-190,247,3298,-626,0,0
121,292,-619,-142,3080,-1460,0,0
-286,719,-886,-479,1624,-680,0,0
-87,952,-339,-114,-190,303,0,0
798,653,387,326,-1213,-147,0,0
946,184,610,487,-1115,513,0,0
392,-18,780,194,-51,404,0,0
499,174,1136,-412,567,371,0,0
819,200,1480,416,886,-34,0,0
1084,-93,1151,1680,2379,-2477,0,0
734,115,339,1785,2754,-2239,0,0
-606,214,36,2508,3154,-630,0,0
-238,-239,348,3266,3609,-1478,0,0
111,-433,218,2089,3614,-2832,0,0
-283,-197,-211,2232,3624,-3464,0,0
57,-33,-587,2946,3804,-3959,0,0
115,15,-631,3289,4165,-3175,0,0
39,12,-358,3513,4210,-2905,0,0
113,131,-175,3464,4088,-2831,0,0
-286,290,-201,3091,3958,-2732,0,0
-566,316,-189,3054,4146,-2793,0,0
-454,186,-88,3058,4331,-2803,0,0
-165,58,-34,2853,4223,-2942,0,0
-46,100,-57,2958,4480,-3051,0,0
-69,103,-199,3284,4509,-2781,0,0
-296,-34,-504,3267,4326,-2586,0,0
-591,-170,-913,2252,4018,-2164,0,0
-798,-274,-1037,1378,3032,-261,0,0
-1324,-455,-899,867,2380,-34,0,0
-1220,-148,-658,-368,949,435,0,0
-721,85,54,-159,-645,394,0,0
125,-275,442,-261,-564,-1215,0,0
498,-460,338,-412,-479,-441,0,0
391,-438,290,-277,115,-57,0,0
495,-324,434,-91,236,279,0,0
660,-259,735,356,355,60,0,0
734,-334,527,929,2314,-1060,0,0
-227,-318,-2296,330,4664,-2367,0,0
-579,212,-556,224,4780,-1061,0,0
-157,74,-256,1386,3956,-2056,0,0
-187,-187,-20,643,3955,-2065,0,0
-120,269,-111,916,3718,-1841,0,0
-118,97,96,2344,3341,-1870,0,0
124,-229,228,2746,3841,-1737,0,0
-372,-212,130,2637,5023,-2046,0,0
-262,-39,101,2080,5986,-2941,0,0
-68,64,57,2430,5814,-3066,0,0
-138,-36,-60,2812,5520,-3017,0,0
-122,-109,-114,3024,5553,-2531,0,0
-63,-155,-46,3051,5833,-2679,0,0
80,-74,57,2913,5571,-2706,0,0
212,-39,67,2820,4951,-2764,0,0
342,-102,55,2217,4321,-2651,0,0
314,-210,3,1271,4175,-1757,0,0
60,-369,-5,371,3848,-1141,0,0
-135,-141,-18,138,3362,-466,0,0
105,276,-517,261,2797,-492,0,0
-313,670,-1092,-294,2123,-908,0,0
-520,999,-925,-568,754,-223,0,0
388,922,-94,-11,-404,-332,0,0
955,486,389,351,-891,185,0,0
630,145,613,396,-610,542,0,0
560,221,974,-16,-41,432,0,0
840,316,1336,-26,344,107,0,0
1180,94,1277,1453,1517,-1468,0,0
1068,-58,428,1965,3421,-2729,0,0
-390,333,-215,1653,4255,-795,0,0
-636,214,83,2529,3910,-449,0,0
66,-215,327,2276,3021,-2502,0,0
192,-228,54,1919,2767,-3557,0,0
240,-328,-309,2452,3682,-3534,0,0
393,-542,-459,2867,4495,-3018,0,0
261,-433,-399,2850,4524,-3023,0,0
99,-57,-157,2625,4099,-3016,0,0
23,135,-78,2766,3941,-2966,0,0
-312,53,-164,2635,4123,-3189,0,0
-350,-70,-206,2493,4353,-3279,0,0
-237,-128,-123,2503,4428,-3269,0,0
-75,-76,20,2596,4048,-3305,0,0
-18,38,122,2754,3935,-3364,0,0
-29,88,153,2799,3922,-3387,0,0
-94,9,72,2802,4042,-3040,0,0
-464,-207,-163,2431,4004,-2766,0,0
-677,-346,-445,1461,3797,-1617,0,0
-897,-415,-541,983,2952,-340,0,0
-1109,-353,-613,421,1893,-83,0,0
-1179,-17,-387,-390,148,767,0,0
-662,15,348,30,-472,240,0,0
190,-307,493,-317,-469,-897,0,0
311,-291,269,-482,-389,-513,0,0
403,-231,285,-488,262,-119,0,0
734,-307,534,-317,495,131,0,0
926,-357,805,372,759,-600,0,0
768,-366,511,1169,2231,-1347,0,0
-66,-220,-162,679,3814,-2136,0,0
-654,256,-394,514,4249,-826,0,0
-659,243,-161,233,4368,-1128,0,0
-532,394,13,668,3936,-1352,0,0
-630,579,-52,1941,4127,-1693,0,0
-532,667,-144,2760,5047,-2018,0,0
-587,560,-92,3926,5527,-2089,0,0
-507,262,-13,4039,6493,-3444,0,0
-140,-57,-28,3190,6882,-3264,0,0
189,-508,-63,2579,6186,-2969,0,0
326,-786,-89,2881,4806,-2638,0,0
182,-776,3,3403,4062,-2584,0,0
155,-607,162,3295,4313,-2917,0,0
254,-396,342,2862,4881,-3094,0,0
522,-239,405,2116,4783,-2916,0,0
503,-15,160,1128,3882,-2524,0,0
539,338,-119,348,3207,-1409,0,0
540,748,-261,1,3047,-314,0,0
484,983,-850,-141,2646,-633,0,0
-507,1083,-1236,43,1185,-690,0,0
-390,960,-588,737,-380,-370,0,0
1089,359,343,933,-1025,223,0,0
939,-238,702,386,-824,652,0,0
307,-205,912,-250,11,300,0,0
691,162,1227,-455,497,634,0,0
645,319,1472,54,617,-69,0,0
810,129,1216,1796,1282,-2314,0,0
883,-130,382,2554,2527,-2931,0,0
-438,-35,-167,1998,3645,-1236,0,0
-625,-94,-103,2014,3885,-1138,0,0
-251,-278,44,2426,3245,-2464,0,0
-317,-222,-271,2570,3387,-3417,0,0
-346,-143,-553,2374,3896,-3587,0,0
42,-254,-494,2992,4222,-3025,0,0
69,-309,-445,3496,4405,-3420,0,0
-172,-12,-476,3490,4797,-3573,0,0
-368,220,-506,3044,5102,-3243,0,0
-338,15,-459,2728,4779,-3206,0,0
-280,-224,-331,2554,4424,-3545,0,0
-163,-282,-167,2489,4408,-2903,0,0
-144,-295,-2,2170,4581,-2882,0,0
-39,-126,6,2071,4525,-2867,0,0
-184,-55,-276,2198,4129,-2815,0,0
-477,61,-711,1885,3649,-2766,0,0
-571,153,-1061,1077,3432,-1318,0,0
-817,11,-958,672,2290,-177,0,0
-903,44,-739,-123,957,363,0,0
-677,137,-152,-178,85,592,0,0
1,-114,322,-159,-419,-923,0,0
428,-192,421,-69,-981,-442,0,0
444,-292,532,161,-400,344,0,0
316,-355,733,42,111,321,0,0
578,-285,993,158,685,-198,0,0
919,-343,853,669,2706,-1718,0,0
242,-318,70,13,4263,-2781,0,0
-719,-2,-242,-274,4114,-1315,0,0
-762,-16,151,398,3616,-799,0,0
-713,274,449,1176,3394,-813,0,0
-608,740,111,2199,3937,-1329,0,0
-913,1019,-237,2626,4459,-2594,0,0
-629,1062,-238,3526,4913,-3039,0,0
-277,769,-348,3966,5639,-3020,0,0
-183,402,-375,3630,6292,-2323,0,0
216,-32,-86,3357,5706,-2076,0,0
365,-489,169,3551,4449,-2164,0,0
224,-712,288,3788,4266,-2121,0,0
49,-734,335,3220,4805,-2207,0,0
88,-659,355,2566,5407,-2312,0,0
196,-485,179,1717,5287,-2278,0,0
150,-170,-152,800,4582,-1685,0,0
-8,10,-516,577,4157,-1201,0,0
-127,193,-626,102,3900,-209,0,0
-144,476,-785,-122,3695,-443,0,0
-322,807,-1068,-117,2685,-833,0,0
-412,1096,-872,-399,412,-781,0,0
765,1071,-6,124,-987,-337,0,0
1184,437,494,747,-899,1075,0,0
584,29,691,520,-711,430,0,0
439,222,916,69,-317,101,0,0
440,95,1091,306,-22,507,0,0
627,-479,1107,1109,1588,-787,0,0
397,-802,628,1364,3200,-1935,0,0
-551,-359,291,1553,3828,-1261,0,0
-62,-198,479,2589,4106,-1036,0,0
57,-404,339,2555,4398,-2525,0,0
-305,-122,73,1861,4687,-3387,0,0
116,229,92,2370,4076,-2731,0,0
306,217,227,3157,3939,-2664,0,0
138,183,195,3305,4092,-2779,0,0
-2,346,149,3331,4444,-2339,0,0
-227,342,84,3428,4749,-2400,0,0
-299,226,-68,3311,4678,-2344,0,0
-388,67,-159,3103,4187,-2421,0,0
-438,-2,-165,2930,3732,-2729,0,0
-244,-56,-144,3006,3616,-2409,0,0
-94,-116,-65,2617,3818,-2332,0,0
198,-42,-6,2588,3924,-2075,0,0
157,-50,-21,2808,4456,-2038,0,0
230,-183,-169,2957,4416,-2003,0,0
-279,-395,-673,2449,3787,-1807,0,0
-986,-356,-1225,1215,2747,-1216,0,0
-1034,-218,-1011,628,1026,435,0,0
-557,-401,-324,548,117,835,0,0
-2056,-643,164,271,-300,-81,0,0
273,-612,239,-436,-616,-1226,0,0
346,-369,169,-300,-631,-764,0,0
310,-406,244,109,-77,352,0,0
358,-622,602,98,369,217,0,0
654,-646,866,538,1422,-284,0,0
366,-565,494,769,3614,-1603,0,0
-149,-1,-62,-131,4812,-2511,0,0
-7,526,-258,290,3881,-595,0,0
-501,343,-100,1302,3833,-1557,0,0
-389,392,-211,1629,4067,-2457,0,0
-501,534,-112,2549,3576,-1355,0,0
-319,268,181,3038,4230,-2469,0,0
-384,296,226,2627,4757,-2768,0,0
-270,252,283,2728,4996,-2147,0,0
-101,173,219,2921,5320,-2237,0,0
-310,149,70,3109,5328,-2023,0,0
-330,-119,22,3245,5070,-2294,0,0
-268,-359,-34,2999,4863,-2402,0,0
-182,-439,-48,2847,4869,-2323,0,0
-56,-348,-27,2682,4892,-2271,0,0
47,-293,-51,2691,4547,-2155,0,0
61,-239,-187,2470,4274,-2019,0,0
151,-91,-293,1494,4253,-1791,0,0
398,139,-241,87,4197,-1201,0,0
413,339,-277,-8,3441,-396,0,0
295,472,-733,3,2649,-554,0,0
-234,683,-1241,-33,1619,-616,0,0
-190,851,-836,188,303,267,0,0
750,739,68,451,-326,254,0,0
857,661,483,417,-757,-181,0,0
933,761,676,110,-357,65,0,0
980,799,1017,-512,143,220,0,0
980,552,1275,351,586,-117,0,0
1146,-11,1028,2306,1774,-1606,0,0
720,-28,235,2040,3001,-1846,0,0
-897,304,-92,2464,4276,-672,0,0
-360,88,-46,2783,4672,-1407,0,0
-225,-76,14,2267,3679,-2101,0,0
-196,4,-10,2438,3203,-3191,0,0
342,-3,-252,2854,3010,-3725,0,0
392,-146,-265,3452,3557,-2784,0,0
204,-233,-24,3964,4178,-2421,0,0
-92,-20,90,3518,4501,-2463,0,0
-260,57,69,3285,4434,-2176,0,0
-485,-76,-39,3018,4332,-2659,0,0
-533,-148,-152,3001,4145,-2768,0,0
-479,-239,-170,2858,3984,-2900,0,0
-140,-277,-114,2658,4207,-2625,0,0
-29,-288,-53,2680,4481,-2467,0,0
48,-225,-134,2715,4557,-2522,0,0
-147,-197,-448,2960,4407,-2430,0,0
-513,-162,-872,2028,3955,-2242,0,0
-778,-114,-1019,1030,2964,-379,0,0
-984,-261,-878,445,1811,300,0,0
-1067,-242,-659,-321,856,832,0,0
-618,-297,-91,-314,66,508,0,0
-145,-501,250,-304,-330,-1453,0,0
300,-489,289,-26,-815,-761,0,0
468,-548,440,297,-305,159,0,0
440,-608,724,144,477,288,0,0
673,-618,1024,322,1333,-16,0,0
584,-634,657,507,3056,-1678,0,0
-32,-416,-89,332,4503,-2683,0,0
-605,-143,-333,356,4118,-712,0,0
-624,-190,36,511,4042,-781,0,0
-152,125,89,540,4014,-1036,0,0
-535,455,-173,1537,4231,-1964,0,0
-427,610,-454,2028,5114,-2745,0,0
-431,454,-393,2896,5567,-1938,0,0
-302,-5,-178,3208,5875,-2702,0,0
109,-158,-10,2730,5443,-2612,0,0
158,-197,201,2755,5160,-2744,0,0
248,-236,203,2706,4928,-2989,0,0
245,-280,122,2720,4968,-2989,0,0
303,-264,97,2451,5132,-2976,0,0
423,-221,25,2145,4653,-2759,0,0
464,-90,-208,1488,4194,-2393,0,0
329,195,-435,281,3995,-1560,0,0
205,534,-325,-250,4234,-815,0,0
445,732,-172,44,3673,-666,0,0
108,869,-539,334,2916,-1311,0,0
-365,1043,-1000,107,2517,-3360,0,0
-201,1126,-718,-377,559,-322,0,0
758,917,236,342,-742,446,0,0
986,568,605,338,-772,602,0,0
644,558,751,51,-619,376,0,0
691,763,975,-266,-5,-41,0,0
935,780,1170,302,62,-152,0,0
946,262,1068,2430,1287,-1125,0,0
480,-169,405,3344,3199,-2613,0,0
-653,161,-11,2168,4249,-1021,0,0
-885,-105,304,1586,3687,-595,0,0
-345,-690,327,1825,2813,-2415,0,0
-522,-752,-173,2149,3409,-2688,0,0
-561,-740,-484,2264,4159,-2507,0,0
-222,-588,-331,2580,4705,-2457,0,0
-301,-330,-108,2993,4679,-2817,0,0
-291,54,47,3253,4591,-2777,0,0
-360,262,92,3137,4849,-2689,0,0
-482,203,24,3041,5231,-2708,0,0
-326,140,-12,2827,5066,-2672,0,0
-312,109,26,2828,4385,-2438,0,0
-256,62,38,3034,4136,-2448,0,0
-90,53,23,2682,4097,-2357,0,0
40,12,8,2584,4336,-1949,0,0
141,-70,-100,2408,4398,-1845,0,0
-127,-121,-369,2272,4243,-1407,0,0
-462,-169,-806,1866,3832,-1587,0,0
-530,-141,-1128,1038,2897,-848,0,0
-913,-252,-1027,947,2077,-41,0,0
-1025,-279,-827,395,1467,400,0,0
-570,-375,-216,31,115,589,0,0
-48,-801,419,-28,-531,-985,0,0
495,-1077,551,157,-625,-315,0,0
563,-1158,704,197,-183,335,0,0
467,-1051,1026,-42,402,203,0,0
670,-974,1309,111,1178,-277,0,0
788,-922,1034,490,2769,-1586,0,0
336,-642,108,-300,4626,-2467,0,0
-607,-142,-312,-717,3701,-1007,0,0
-416,136,-46,384,3650,-921,0,0
-254,488,-72,1390,3523,-1053,0,0
-387,849,-248,2265,3637,-2310,0,0
-279,1035,-457,3008,5018,-3226,0,0
-308,854,-324,3355,5568,-2925,0,0
31,489,16,3223,5540,-2723,0,0
73,263,151,3449,5159,-2430,0,0
-100,90,25,3329,5221,-2698,0,0
-246,-117,-126,2953,5362,-2984,0,0
-211,-348,-102,2914,5327,-2724,0,0
-93,-399,-32,2673,5211,-2520,0,0
190,-177,-24,2380,4713,-2299,0,0
238,125,-204,1454,4676,-1900,0,0
175,417,-448,585,4268,-1026,0,0
35,630,-460,108,3689,-482,0,0
35,820,-609,-89,2892,-275,0,0
-373,1002,-1177,-308,2138,-564,0,0
-856,1150,-1201,-814,488,-540,0,0
-1,943,-250,20,-172,-83,0,0
765,306,372,1318,-370,490,0,0
651,-18,727,1292,-247,142,0,0
792,43,1328,-25,866,-579,0,0
1445,-27,1973,-221,734,-263,0,0
1927,-389,2176,1826,1282,-282,0,0
1559,-524,1326,2466,2778,-1747,0,0
-69,-111,162,1221,3963,-1713,0,0
-793,144,-154,1400,3944,-428,0,0
-364,-206,50,2121,3565,-1521,0,0
-432,-290,-227,2364,3752,-3160,0,0
-527,-132,-509,2799,3969,-3965,0,0
105,-342,-373,3308,4493,-3976,0,0
298,-454,-139,3421,4818,-3429,0,0
73,-10,-32,3526,4623,-2971,0,0
-265,562,-88,3533,4312,-2471,0,0
-617,749,-125,3251,4532,-2245,0,0
-672,526,-61,2813,4498,-2772,0,0
-374,241,63,2815,4126,-2670,0,0
-86,-79,54,3239,4205,-2529,0,0
-206,-185,-335,3090,4304,-2460,0,0
-440,-160,-807,2293,4043,-1941,0,0
-471,-113,-985,1297,3173,-843,0,0
-685,-214,-914,1377,2765,35,0,0
-1078,-94,-842,480,1897,166,0,0
-1026,262,-297,-566,121,701,0,0
-653,128,455,-181,-520,-91,0,0
71,-384,452,-130,-540,-405,0,0
139,-607,176,-282,-22,-349,0,0
200,-563,306,-379,752,-340,0,0
753,-572,817,490,1002,180,0,0
875,-547,742,907,2306,-1375,0,0
567,-251,67,703,3605,-2166,0,0
9,79,-334,691,4259,-853,0,0
-279,182,-295,805,4531,-342,0,0
-73,444,-246,232,4262,-804,0,0
-119,832,-265,1140,3836,-1521,0,0
-152,887,-384,2401,4370,-2211,0,0
101,624,-178,3086,4750,-1150,0,0
33,235,268,3540,4711,-1145,0,0
11,40,394,4040,5074,-2380,0,0
-2168,-65,341,3748,5371,-2425,0,0
-37,-656,275,3103,5611,-2454,0,0
27,-1193,11,2348,5181,-2654,0,0
123,-1116,-235,2034,4796,-2419,0,0
50,-740,-372,2213,4657,-2588,0,0
-65,-335,-467,2226,4197,-2602,0,0
-79,-7,-491,2010,3824,-2101,0,0
-99,259,-498,1177,3845,-1470,0,0
-202,539,-391,130,3819,-789,0,0
-8,728,-192,75,3853,-424,0,0
-143,740,-454,192,3399,-996,0,0
-499,849,-900,-58,2535,-1609,0,0
4,955,-617,-9,634,-690,0,0
1028,702,346,421,-594,502,0,0
1030,399,807,476,-713,570,0,0
778,454,916,266,-602,212,0,0
939,642,1151,-417,230,417,0,0
1095,611,1398,-92,877,-253,0,0
1221,346,1160,1984,1934,-1453,0,0
796,287,303,3075,3514,-2244,0,0
-564,467,-125,2392,4495,-970,0,0
-608,-1,312,2342,3915,-866,0,0
-93,-565,394,2248,3448,-2327,0,0
-414,-508,8,2414,3627,-2071,0,0
-526,-488,-150,2364,4185,-2144,0,0
-226,-542,-48,2734,4713,-2461,0,0
-145,-488,133,3194,4183,-2625,0,0
84,-268,115,3135,4157,-2927,0,0
24,30,-49,2959,4679,-2698,0,0
15,121,-107,2942,4490,-2467,0,0
-10,47,-115,3159,3975,-2572,0,0
-166,-108,-143,3216,4025,-2995,0,0
-34,-236,-52,3191,4380,-3129,0,0
339,-315,114,3114,4377,-3039,0,0
376,-379,149,3321,4087,-2641,0,0
34,-452,-143,3356,3704,-2325,0,0
-689,-318,-815,1855,3561,-2729,0,0
-986,-114,-1120,533,2487,-1108,0,0
-1095,-299,-912,192,1240,53,0,0
-1034,-334,-469,66,466,697,0,0
-491,-443,102,136,-722,-246,0,0
145,-686,391,40,-872,-782,0,0
215,-764,399,-90,-409,187,0,0
17,-637,522,-28,80,596,0,0
-6,-461,813,-327,214,371,0,0
179,-345,970,76,743,-282,0,0
-169,-278,565,519,2500,-1298,0,0
-451,0,-16,288,4408,-2197,0,0
-300,500,-241,99,4676,-988,0,0
-509,607,-155,764,4380,-970,0,0
-216,752,-305,1165,4858,-1641,0,0
-481,717,-578,2470,4781,-2010,0,0
-170,328,-414,3711,5083,-2203,0,0
10,-85,-117,4230,5334,-1891,0,0
31,-344,120,3358,5299,-2757,0,0
165,-387,26,2276,5549,-2981,0,0
-6,-412,-240,2201,5373,-2674,0,0
-70,-385,-284,2736,5523,-2616,0,0
-14,-242,-117,2842,5372,-2411,0,0
91,-86,17,2431,4920,-2593,0,0
91,116,-65,2116,4661,-2533,0,0
42,168,-268,1612,4424,-2088,0,0
85,120,-438,721,4451,-1657,0,0
37,163,-354,239,4471,-393,0,0
69,377,-224,46,3142,159,0,0
50,803,-681,-228,2787,-693,0,0
-518,1289,-1172,-1020,1350,-1965,0,0
223,1569,-765,-492,-366,-585,0,0
989,878,92,1087,-703,1208,0,0
372,373,494,1191,-652,809,0,0
122,533,888,299,327,-106,0,0
451,606,1452,-227,599,135,0,0
916,108,1778,1107,1244,-152,0,0
871,-359,1242,1785,2778,-1715,0,0
165,-81,448,1872,3714,-1298,0,0
-702,33,237,2220,4097,-794,0,0
-359,-200,301,1969,3518,-1277,0,0
-190,-253,149,1832,3377,-2089,0,0
3,-201,-128,2078,3534,-2390,0,0
14,-246,-243,2754,4246,-2193,0,0
186,-249,-97,3133,4447,-2173,0,0
287,-212,127,3493,4241,-2457,0,0
96,-212,128,3521,4262,-2706,0,0
-233,-180,33,3316,4613,-2714,0,0
-264,-175,21,3129,4741,-2576,0,0
-115,-183,19,2894,4372,-2469,0,0
-102,-45,-42,2746,4202,-2475,0,0
-172,91,-160,2551,4196,-2475,0,0
-112,61,-221,2397,4372,-2562,0,0
70,-55,-235,2575,4226,-2054,0,0
-75,-183,-382,2665,3840,-2042,0,0
-426,-149,-666,2387,4077,-1728,0,0
-704,-91,-776,1298,3292,-738,0,0
-843,-129,-686,628,1608,-92,0,0
-975,-143,-617,312,598,565,0,0
-763,-244,-229,-311,119,309,0,0
-75,-468,167,-482,-124,-1140,0,0
300,-581,254,73,-669,-509,0,0
354,-614,483,359,-581,535,0,0
221,-568,817,99,504,620,0,0
232,-604,912,237,2026,-455,0,0
-175,-596,326,326,3893,-1973,0,0
-365,-299,-229,-208,4435,-1488,0,0
-457,-246,-111,234,3427,-273,0,0
-413,-180,-1,665,3634,-869,0,0
-259,372,-167,884,4170,-627,0,0
-314,702,-234,1204,5252,-1698,0,0
-194,812,-237,1633,5068,-1886,0,0
-15,646,-269,3134,5056,-1908,0,0
-191,368,-479,3921,5656,-2270,0,0
-172,225,-277,3578,6471,-2207,0,0
135,39,78,2859,6181,-2597,0,0
244,-209,222,2939,4843,-2493,0,0
106,-546,182,3461,4912,-2165,0,0
17,-739,180,2799,5536,-2170,0,0
215,-604,260,1983,5844,-2126,0,0
429,-287,189,1202,4582,-2205,0,0
453,-41,-130,904,3884,-1495,0,0
196,145,-341,189,3876,-762,0,0
233,602,-314,-161,3411,88,0,0
-35,992,-706,-267,2902,-352,0,0
-574,1322,-1238,-204,1687,-919,0,0
-328,1357,-818,72,-109,-875,0,0
1051,666,204,546,-844,530,0,0
793,8,548,831,-733,599,0,0
405,160,679,176,50,446,0,0
460,315,1002,-514,69,83,0,0
692,-34,1383,612,48,-170,0,0
997,-676,1193,2018,1766,-1097,0,0
412,-713,490,1632,3232,-1839,0,0
-626,-164,153,1211,4307,-916,0,0
-289,-165,56,2298,4673,-1678,0,0
-287,-289,-365,1983,4919,-3198,0,0
-96,-315,-491,1780,4780,-3273,0,0
390,-457,-358,2408,4623,-2872,0,0
36,-280,-401,2975,4596,-2788,0,0
-186,70,-384,3050,5134,-2640,0,0
-461,206,-232,2408,5712,-2780,0,0
-291,75,-11,2252,5348,-2651,0,0
-175,-103,245,2650,4674,-2430,0,0
-47,-128,450,2447,4198,-2655,0,0
212,-62,635,2027,4243,-2445,0,0
256,-105,837,1855,4348,-2301,0,0
441,-29,924,2061,4419,-2348,0,0
386,22,692,2345,4026,-2128,0,0
72,-101,144,2283,3350,-1907,0,0
-709,-248,-623,1942,2972,-1742,0,0
-1352,-186,-1178,1026,2454,-942,0,0
-1258,-109,-918,545,862,511,0,0
-1100,-279,13,736,-90,498,0,0
79,-624,406,118,-547,-431,0,0
207,-812,283,-380,-915,-626,0,0
58,-832,220,-50,-344,192,0,0
-224,-876,334,-130,257,601,0,0
-108,-757,752,-53,638,-175,0,0
211,-716,790,923,2435,-1263,0,0
-652,-622,120,748,4488,-2377,0,0
-756,-280,-146,-439,5035,-1309,0,0
-253,76,79,69,3422,150,0,0
-371,508,33,1118,3661,-1250,0,0
-489,1182,-350,2263,4571,-1663,0,0
-279,1220,-519,3052,5589,-2557,0,0
117,814,-348,3465,5576,-3035,0,0
497,269,-83,3447,5215,-2331,0,0
246,181,-98,3493,5445,-2063,0,0
-35,248,-90,3397,4990,-2449,0,0
88,89,60,3382,5106,-2317,0,0
55,-123,33,3111,4950,-2358,0,0
56,-192,-26,2700,5005,-2390,0,0
288,-166,-189,1963,4669,-2310,0,0
260,45,-474,1180,4563,-1478,0,0
254,400,-643,126,4294,-864,0,0
145,717,-660,-125,4062,-27,0,0
-23,791,-610,140,3617,-286,0,0
-94,958,-871,1,3130,-806,0,0
-247,1222,-1239,-249,2160,-834,0,0
3,1400,-978,-599,121,-823,0,0
889,1150,-113,216,-310,400,0,0
1068,741,298,775,-507,624,0,0
868,859,449,729,-115,219,0,0
846,840,1004,28,224,43,0,0
1053,242,1630,1496,831,199,0,0
923,-344,1504,2143,2367,-1010,0,0
184,-295,917,1715,3296,-1257,0,0
-577,-317,643,2026,4026,-1533,0,0
-20,-497,437,2312,4368,-2114,0,0
-124,-412,198,2066,4459,-2670,0,0
-181,-211,68,2606,4096,-2754,0,0
-21,-210,8,3031,3630,-2921,0,0
-191,-303,-19,3468,4277,-2714,0,0
-362,-264,5,3259,4946,-2336,0,0
-260,-194,44,3321,5097,-2344,0,0
-556,-198,103,3331,4374,-2687,0,0
-449,-344,129,3041,4146,-3104,0,0
-250,-568,182,2656,4546,-3044,0,0
-30,-606,243,2380,4688,-2605,0,0
97,-435,206,2401,4370,-2419,0,0
123,-223,89,2452,3783,-2399,0,0
-239,-160,-190,2614,3423,-2236,0,0
-751,-184,-796,1908,3295,-1986,0,0
-1095,-168,-1142,1133,2651,-380,0,0
-1140,-260,-957,715,1763,395,0,0
-1238,-371,-551,207,586,661,0,0
-736,-498,52,160,-30,157,0,0
22,-768,454,-81,-505,-1170,0,0
289,-829,577,47,-687,-157,0,0
234,-849,749,-179,-49,608,0,0
286,-775,976,-326,717,592,0,0
394,-663,906,152,2064,-864,0,0
164,-463,376,600,3380,-1878,0,0
-121,-402,-34,180,4869,-1979,0,0
119,-87,-152,-54,4354,-849,0,0
177,357,-159,715,4376,-775,0,0
115,714,-362,1178,4398,-1703,0,0
113,788,-477,1962,3955,-2589,0,0
262,413,-470,3702,4543,-2594,0,0
-204,0,-389,3868,5375,-3329,0,0
-18,52,-40,3128,5718,-3070,0,0
-100,84,128,3248,5129,-3462,0,0
-191,51,-19,3201,4765,-3494,0,0
-464,-182,-158,2720,5126,-3000,0,0
-509,-335,-184,2143,5344,-2853,0,0
-107,-185,-315,1556,5067,-2342,0,0
13,144,-522,989,4432,-2063,0,0
113,488,-657,331,4047,-1169,0,0
31,664,-505,-256,3663,-264,0,0
53,829,-320,-103,3325,-332,0,0
-260,1006,-640,298,3157,-745,0,0
-571,1100,-1012,-107,2768,-1023,0,0
-270,939,-715,-425,298,-1378,0,0
903,458,289,743,-574,897,0,0
687,33,777,906,-115,863,0,0
681,399,1129,-248,499,-454,0,0
1273,896,1580,-454,805,-28,0,0
1589,620,1640,728,1324,-689,0,0
1609,201,947,1382,1953,-1497,0,0
702,212,229,2709,2493,-1441,0,0
62,195,50,2641,3820,-756,0,0
-213,-171,311,1780,3365,-827,0,0
-495,-501,86,2053,3375,-2609,0,0
-812,-574,-353,2112,3540,-2307,0,0
-792,-661,-145,2572,4235,-2173,0,0
-599,-484,120,3383,4729,-2842,0,0
-428,-232,277,3491,4369,-3160,0,0
-250,-32,279,3085,4979,-3300,0,0
-297,169,75,2807,5386,-2873,0,0
-197,212,37,3198,5059,-2326,0,0
-131,59,139,3499,4369,-2350,0,0
-23,21,198,3388,4095,-2456,0,0
16,-11,275,2955,4202,-2589,0,0
396,0,234,2775,4405,-2339,0,0
223,-76,-42,2793,3922,-2142,0,0
-72,-54,-500,2287,3815,-2667,0,0
78,85,-930,1446,3394,-1179,0,0
-298,70,-875,977,1287,366,0,0
-554,48,-597,567,-43,416,0,0
-520,-89,-183,410,-968,162,0,0
-41,-639,438,440,-645,86,0,0
-200,-1075,761,98,-440,37,0,0
-184,-922,798,-109,-172,355,0,0
-258,-751,815,-372,528,487,0,0
-145,-676,1011,-749,517,-222,0,0
253,-515,986,-178,1320,-629,0,0
-2,-408,318,608,3353,-1725,0,0
50,163,-453,296,4594,-2550,0,0
-167,817,-586,1051,4203,-814,0,0
-361,704,-320,2763,4485,-1448,0,0
-401,548,-506,3684,4602,-2745,0,0
-722,540,-613,3800,4709,-2537,0,0
-490,249,-444,4558,5849,-2827,0,0
-475,215,-363,4034,6995,-3125,0,0
-188,265,-269,3487,7167,-3264,0,0
153,134,-188,3101,6292,-3044,0,0
474,-191,-77,3334,5037,-2332,0,0
540,-402,64,3329,4225,-2178,0,0
553,-358,54,2737,4769,-2281,0,0
571,-142,-210,926,4403,-2043,0,0
622,96,-405,159,3419,-1092,0,0
53,429,-650,177,3324,-414,0,0
131,909,-881,69,2827,-40,0,0
-330,1236,-1146,21,1999,-1458,0,0
-284,1544,-1290,-306,611,-1836,0,0
682,1207,-558,53,-51,578,0,0
1034,501,442,614,-392,771,0,0
925,502,760,917,-339,517,0,0
680,797,999,43,113,-131,0,0
943,610,1495,415,853,153,0,0
1169,-269,1560,2003,2276,-848,0,0
603,-361,768,2124,3004,-2195,0,0
-440,152,105,2474,3737,-941,0,0
-737,-91,222,2239,3769,-1148,0,0
-588,-393,333,1854,3330,-2295,0,0
-434,-383,61,2397,3355,-2530,0,0
-210,-361,-150,2610,3820,-2478,0,0
-120,-287,-114,2943,4305,-2542,0,0
38,-212,17,3328,4211,-2802,0,0
-80,-174,-72,3364,4151,-2796,0,0
-269,-120,-108,3193,4545,-2585,0,0
-438,-82,-88,3276,4335,-2213,0,0
-553,1,-14,3162,4279,-2163,0,0
-409,38,100,2969,4098,-2310,0,0
-343,47,129,2655,4053,-2779,0,0
-34,81,140,2602,4066,-2362,0,0
260,7,99,2860,4073,-2304,0,0
216,-57,-177,3202,3903,-1766,0,0
-199,-171,-651,2587,3520,-1598,0,0
-606,-128,-1078,1455,3074,-1020,0,0
-667,-64,-1020,819,2127,3,0,0
-707,5,-2800,156,1106,251,0,0
-898,75,-307,-29,-259,204,0,0
-272,-323,318,218,-837,-2752,0,0
316,-915,489,231,-731,-226,0,0
150,-1009,552,204,-195,404,0,0
-90,-866,772,-128,767,449,0,0
8,-857,951,332,1929,-462,0,0
-376,-964,617,840,3489,-1794,0,0
-215,-881,179,277,4657,-2538,0,0
-71,-570,186,93,3482,-895,0,0
-235,-179,264,977,3198,-707,0,0
-434,501,-46,1455,4208,-645,0,0
-368,764,-291,1520,5134,-1845,0,0
-317,667,-353,2064,4567,-2868,0,0
22,332,-369,3411,4781,-1956,0,0
-385,13,-416,3932,5515,-2363,0,0
-399,9,-169,3999,5971,-2468,0,0
-154,-217,-3,3415,6200,-2889,0,0
33,-464,3,2525,5231,-3008,0,0
236,-656,48,3003,4716,-3117,0,0
231,-590,2,2964,4863,-2711,0,0
518,-258,-42,2158,5004,-2313,0,0
808,197,-176,1092,4681,-1906,0,0
661,513,-330,-266,3783,-1336,0,0
599,691,-2352,-471,2916,-603,0,0
513,662,-497,82,2400,-454,0,0
-3,625,-1021,579,2429,-573,0,0
-226,654,-1419,663,2189,-459,0,0
-457,825,-1083,348,408,-492,0,0
328,1190,-110,399,-338,-843,0,0
1136,1026,527,271,227,148,0,0
964,685,1063,14,144,389,0,0
1184,619,1584,-205,250,588,0,0
1336,281,1791,892,431,-534,0,0
1193,-254,1179,3048,2229,-1811,0,0
-310,-274,257,2808,3879,-2334,0,0
-579,-60,216,1976,4127,-849,0,0
-360,-447,401,1653,2885,-2077,0,0
-373,-460,-1,1938,2717,-2999,0,0
-414,-368,-495,2111,3430,-2831,0,0
-223,-319,-564,2200,4131,-3090,0,0
-73,-206,-418,2798,3992,-2890,0,0
-285,-167,-274,3058,4020,-2763,0,0
-369,-22,-191,3106,4558,-2558,0,0
-490,60,-106,2725,4777,-2916,0,0
-264,45,-9,2531,4228,-3180,0,0
-158,45,-5,2698,3851,-3006,0,0
-211,59,-90,2487,4186,-2714,0,0
-157,44,-19,2459,4314,-2415,0,0
-131,83,146,2403,4338,-2365,0,0
0,137,205,2275,4244,-2073,0,0
-133,34,80,2412,4125,-2057,0,0
-425,-115,-327,2156,4217,-2262,0,0
-740,-143,-722,1416,4132,-1355,0,0
-677,-90,-687,916,2566,-504,0,0
-693,61,-542,843,1111,3,0,0
-797,176,-362,-28,-190,385,0,0
-384,-67,174,35,-686,-60,0,0
86,-512,425,113,-184,-430,0,0
96,-575,494,-35,65,-143,0,0
217,-477,813,-421,788,119,0,0
571,-554,1184,-100,931,-74,0,0
439,-736,940,970,2039,-1370,0,0
183,-820,459,1289,3682,-2111,0,0
262,-539,318,604,3892,-1558,0,0
-123,-286,414,1218,3237,-709,0,0
-439,46,287,1370,4080,-803,0,0
-457,439,-118,1351,4917,-1546,0,0
-699,459,-339,2018,4289,-3487,0,0
45,128,-432,3818,4525,-2584,0,0
-207,-230,-450,4371,5264,-3218,0,0
-309,-164,-146,4038,4919,-3239,0,0
-261,-85,205,3793,4443,-2944,0,0
-419,15,234,3467,4357,-2830,0,0
-412,6,181,3063,4807,-2545,0,0
-278,-29,-6,2595,5125,-2392,0,0
-295,81,-392,2314,5369,-2264,0,0
-173,196,-728,1310,4934,-1950,0,0
188,471,-827,373,4217,-1305,0,0
310,799,-705,393,3337,186,0,0
178,1016,-768,7,2616,73,0,0
-339,1316,-1296,-364,1789,-724,0,0
-448,1507,-1377,-525,789,-692,0,0
585,1112,-623,-79,228,-121,0,0
810,534,77,1409,-216,368,0,0
719,510,564,1267,342,372,0,0
964,548,1348,-211,422,16,0,0
1293,257,2025,378,1190,33,0,0
1331,-62,1604,1219,2524,-726,0,0
568,122,676,2210,3006,-1222,0,0
-553,271,165,2966,4243,-1166,0,0
-462,-49,247,2432,3833,-792,0,0
-384,-494,431,2408,3368,-1616,0,0
-409,-522,200,2506,3932,-1763,0,0
-516,-2400,108,2464,4200,-1708,0,0
-345,-177,218,3078,4456,-1939,0,0
-331,-195,180,3192,4162,-1964,0,0
-392,-213,41,3066,4426,-1877,0,0
-314,-95,-20,3154,4696,-1757,0,0
-224,37,-92,3284,4648,-1570,0,0
-176,45,-170,3212,4404,-1942,0,0
-30,1,-212,3117,3855,-2232,0,0
13,-137,-218,3046,3973,-2464,0,0
213,-222,-75,2998,4360,-2266,0,0
463,-267,85,3118,4744,-2320,0,0
672,-311,28,3168,4663,-2186,0,0
311,-347,-112,3368,3860,-1625,0,0
-234,-307,-547,2261,2791,-1698,0,0
-650,-200,-841,714,1606,-412,0,0
-832,-238,-543,-125,627,828,0,0
-536,-488,151,229,-450,684,0,0
-145,-832,460,-17,-957,-834,0,0
202,-921,446,-133,-651,-489,0,0
149,-984,479,-14,-552,458,0,0
11,-870,620,-318,57,457,0,0
149,-665,807,-499,690,43,0,0
358,-513,698,-170,1920,-634,0,0
-294,-173,110,261,3341,-1179,0,0
-210,325,-472,486,5025,-1997,0,0
139,711,-711,520,4079,-1676,0,0
-61,532,-496,3094,4308,-1998,0,0
-274,272,-419,4288,5243,-3121,0,0
-48,129,-162,3423,5015,-2938,0,0
129,-214,157,2926,5284,-3265,0,0
9,-228,30,2614,5348,-3327,0,0
-171,-176,-204,2760,5340,-3307,0,0
-220,-101,-380,2655,5613,-3184,0,0
-219,7,-459,2356,5526,-2705,0,0
-153,9,-417,2195,4775,-2946,0,0
-33,-107,-328,2499,4103,-2757,0,0
-15,-273,-131,2201,4013,-2551,0,0
150,-140,-104,1223,4509,-2195,0,0
51,188,-205,462,4627,-1484,0,0
54,488,-13,140,3617,-623,0,0
33,739,49,81,2567,-190,0,0
-282,1018,-398,18,2050,-564,0,0
-847,1322,-929,-540,1252,-1231,0,0
-54,1214,-547,-236,-76,-717,0,0
1001,318,199,711,-176,169,0,0
794,98,526,518,367,-148,0,0
1088,770,1022,-232,183,333,0,0
1330,954,1669,-261,354,588,0,0
1497,324,1681,1342,1634,-776,0,0
1230,-114,643,2471,2867,-2288,0,0
-51,-54,-311,3075,3652,-1278,0,0
-615,-549,-362,2958,3563,-1207,0,0
-791,-787,22,1776,3302,-1799,0,0
-546,-513,285,2162,2557,-1033,0,0
-674,-390,-68,1981,3325,-2505,0,0
-789,-387,-278,2064,3887,-2449,0,0
-259,-823,-80,2268,4099,-2961,0,0
-35,-923,-74,2461,4476,-3185,0,0
-75,-480,-278,2481,4782,-2752,0,0
-117,-35,-358,2702,5123,-2929,0,0
-220,106,-312,2975,4597,-3206,0,0
-142,-50,-266,2803,4044,-2971,0,0
-210,-195,-169,2339,4253,-2974,0,0
16,-50,-110,1709,4769,-2934,0,0
173,206,14,1720,4577,-2649,0,0
408,388,193,2073,4330,-2633,0,0
453,415,169,2308,4158,-2427,0,0
112,215,-28,2206,3719,-2438,0,0
-216,28,-300,2292,3651,-1806,0,0
-611,-138,-467,1474,2870,-424,0,0
-901,-204,-519,338,1254,-99,0,0
-1136,-215,-387,144,368,263,0,0
-696,-478,184,335,-41,160,0,0
107,-799,612,54,-295,-684,0,0
246,-708,790,-53,-681,-29,0,0
139,-632,955,-149,-41,498,0,0
14,-520,1067,-844,532,166,0,0
397,-453,1145,-288,1416,-917,0,0
407,-517,653,496,2400,-1901,0,0
82,-487,92,1051,4047,-2145,0,0
-140,135,-183,691,4607,-1179,0,0
-351,725,-171,985,4055,-1133,0,0
-359,863,-364,1851,4378,-2491,0,0
-294,726,-640,2759,4282,-2833,0,0
-300,318,-623,3817,4579,-2650,0,0
-460,99,-440,4747,5282,-3136,0,0
-545,99,-119,4000,6165,-3463,0,0
-323,-55,27,3271,5513,-3118,0,0
-181,-402,115,3036,4771,-3047,0,0
-60,-673,161,2878,4457,-2811,0,0
-70,-626,56,2574,4724,-2640,0,0
-46,-363,-213,1659,4828,-2459,0,0
61,-55,-466,942,4646,-1879,0,0
133,355,-685,371,4035,-1300,0,0
171,693,-638,93,3285,-408,0,0
-304,934,-523,-175,2765,272,0,0
-421,1052,-730,-209,2563,309,0,0
-810,1132,-1278,-464,1813,-888,0,0
-442,1331,-1192,-545,347,-1856,0,0
801,803,-339,817,504,531,0,0
765,281,335,1203,791,-181,0,0
1170,817,966,475,320,194,0,0
1646,912,1843,169,371,771,0,0
1803,235,2068,802,1519,-415,0,0
1360,-345,1134,1630,2397,-1463,0,0
-108,-69,137,2475,3364,-1038,0,0
-431,-125,-32,2870,4048,-867,0,0
-579,-497,107,1509,3293,-1928,0,0
-333,-502,11,2226,3538,-2217,0,0
-340,-440,-394,2135,4134,-2743,0,0
-521,-526,-471,2063,4414,-2660,0,0
-230,-797,-228,2551,4178,-2210,0,0
-196,-794,-79,2704,4552,-2555,0,0
-284,-377,-75,2289,5011,-2858,0,0
-289,-79,-59,2283,5034,-3088,0,0
-190,-146,13,2207,4917,-2875,0,0
-112,-224,138,2120,4744,-2675,0,0
68,-82,283,2074,4579,-2282,0,0
-11,177,393,2094,4335,-2253,0,0
119,378,446,2027,4383,-2652,0,0
366,421,445,2143,4487,-2747,0,0
362,378,239,2501,4408,-2345,0,0
-10,210,-103,2836,3362,-1828,0,0
-541,56,-601,2057,2961,-1754,0,0
-906,-17,-878,728,2253,-697,0,0
-864,-61,-504,49,406,520,0,0
-863,-202,71,246,-463,711,0,0
-234,-492,347,100,-643,34,0,0
-215,-644,524,54,-551,-486,0,0
-73,-541,748,76,-433,190,0,0
-109,-482,779,-248,284,681,0,0
-233,-434,857,-977,858,-4,0,0
200,-301,659,-519,1939,-1137,0,0
-456,-159,-24,1048,3645,-1396,0,0
-209,121,-433,1010,5202,-1206,0,0
85,465,-313,935,4345,-301,0,0
-126,645,-81,1589,4174,-1255,0,0
-316,778,-322,3140,4362,-1857,0,0
-392,590,-371,3822,4827,-1948,0,0
-269,200,-94,4406,4812,-1711,0,0
-497,128,125,4058,5709,-2421,0,0
-489,161,118,3707,6307,-2377,0,0
-437,-140,-70,3320,6134,-2277,0,0
-166,-397,-180,3380,6045,-1868,0,0
54,-466,-34,3381,5244,-1781,0,0
183,-494,119,3455,4485,-2112,0,0
382,-579,69,2989,4608,-2223,0,0
595,-474,-138,1619,5346,-1987,0,0
1066,-134,-234,526,4238,-886,0,0
883,413,-426,-125,2668,-137,0,0
593,1002,-764,-147,2184,663,0,0
14,1283,-1235,-686,1552,-447,0,0
-216,1621,-1740,-923,36,-2395,0,0
594,1349,-1290,640,357,462,0,0
514,443,-265,1507,652,986,0,0
253,513,459,952,909,-367,0,0
1043,976,1391,182,319,641,0,0
1645,518,2309,319,723,835,0,0
1643,-411,2182,1505,1988,-811,0,0
1186,-756,978,1620,1921,-2275,0,0
-377,-480,-128,2416,2801,-1077,0,0
-943,-499,-280,2669,3802,-1103,0,0
-2944,-444,-86,1640,3271,-1804,0,0
-620,-214,-104,2207,3741,-1999,0,0
-557,-182,-490,1945,4245,-2422,0,0
-812,-314,-609,2073,4347,-3023,0,0
-221,-614,-548,2724,4403,-2781,0,0
-258,-774,-443,2546,4733,-2711,0,0
-60,-470,-315,2673,5085,-2452,0,0
-400,-193,-279,2513,4874,-2768,0,0
-337,-63,-129,2358,4418,-2958,0,0
-158,-163,64,2311,4538,-2448,0,0
-83,-196,186,1775,5012,-2763,0,0
99,101,185,1695,4730,-2881,0,0
345,263,287,2046,4343,-2707,0,0
633,168,407,2189,4222,-2564,0,0
403,105,271,2124,4020,-2310,0,0
164,73,-77,1968,3446,-1477,0,0
-583,-164,-654,1252,3076,-862,0,0
-1189,-312,-896,367,1873,-496,0,0
-1238,-350,-680,582,605,323,0,0
-1177,-335,-252,263,-618,652,0,0
-384,-513,233,182,-333,300,0,0
-224,-661,373,-224,31,-892,0,0
-291,-577,502,-255,266,96,0,0
-83,-674,885,-428,869,361,0,0
582,-581,1063,-295,1518,-808,0,0
391,-240,626,287,3131,-1268,0,0
-121,34,108,585,4414,-1307,0,0
-6,621,-299,21,4588,-953,0,0
-111,792,-313,599,3472,-743,0,0
80,653,-226,1769,3848,-1079,0,0
-243,449,-322,1813,4228,-1850,0,0
-101,259,-134,2773,4591,-1008,0,0
-129,208,112,3134,5042,-1760,0,0
-380,400,71,3227,5822,-2875,0,0
-437,220,-83,3420,6026,-2436,0,0
-458,-278,-124,3139,6441,-2579,0,0
-2336,-572,-137,3128,5814,-2512,0,0
-136,-646,53,2827,5240,-2397,0,0
140,-513,281,2521,5493,-2216,0,0
424,-315,309,2074,5714,-2443,0,0
1053,-193,224,1866,4895,-2295,0,0
1339,-251,-82,1668,3774,-1764,0,0
819,-105,-345,812,2833,-1195,0,0
519,313,-140,379,2502,54,0,0
-34,829,-682,-378,2067,-285,0,0
-481,1677,-1296,-1180,1433,-2013,0,0
363,2019,-1114,-635,237,-477,0,0
1492,1207,-241,622,-62,1027,0,0
1349,679,246,997,-478,168,0,0
1314,1073,653,254,-49,671,0,0
1249,1115,1476,173,416,1054,0,0
1433,336,2056,1064,589,-484,0,0
1280,-557,1436,2698,2029,-2258,0,0
-92,-702,339,2455,2603,-2284,0,0
-1222,-809,86,2233,3787,-1265,0,0
-1241,-1118,243,1801,3582,-2224,0,0
-1091,-839,35,1799,3464,-2835,0,0
-1049,-327,-350,1948,3953,-2998,0,0
-889,28,-230,2210,4018,-2713,0,0
-556,115,96,2702,3895,-2300,0,0
-589,200,227,2599,3548,-2495,0,0
-108,337,85,3026,3970,-1961,0,0
-177,422,-135,2987,4963,-2683,0,0
-271,514,-288,2967,5091,-2675,0,0
-172,153,-291,3430,4143,-2789,0,0
61,-401,-242,3246,3824,-2993,0,0
251,-752,-63,2894,3900,-2558,0,0
475,-629,202,2476,4220,-2787,0,0
711,-189,377,2272,3991,-2323,0,0
557,63,336,2271,3791,-2518,0,0
499,187,141,2413,3867,-2686,0,0
275,146,-186,2593,3513,-2571,0,0
-338,92,-698,2454,2988,-1685,0,0
-801,-27,-1023,1244,1599,-737,0,0
-1205,26,-1050,158,325,-32,0,0
-1308,24,-643,456,212,348,0,0
-734,-392,-21,512,-447,-82,0,0
-539,-821,422,166,-69,-275,0,0
10,-909,732,-181,-52,-543,0,0
36,-710,919,-309,472,475,0,0
-72,-502,1043,-660,942,75,0,0
491,-261,935,-430,1691,-997,0,0
321,-70,349,190,2807,-1538,0,0
469,121,-100,1253,3740,-1581,0,0
108,481,-358,1623,3974,-913,0,0
-147,664,-275,1891,4354,-1753,0,0
-218,507,-168,3263,3941,-2865,0,0
-169,189,-141,3849,4162,-2701,0,0
-586,-191,-249,4514,4982,-2739,0,0
-994,-164,-247,3937,6259,-3498,0,0
-395,13,-352,2830,7081,-3828,0,0
-219,-9,-505,2589,5658,-2970,0,0
87,-142,-387,2948,4902,-2371,0,0
-5,-391,-227,3323,4615,-2369,0,0
171,-577,47,2966,4884,-2591,0,0
644,-682,294,2127,5456,-2641,0,0
572,-645,241,990,4493,-1979,0,0
298,-452,3,-496,2370,-1883,0,0
371,167,-547,-959,1716,415,0,0
-447,832,-1076,-354,1812,1643,0,0
-1135,1290,-1437,-272,1607,392,0,0
-1063,1521,-1502,521,1373,-967,0,0
-560,1641,-723,1539,625,-2594,0,0
1195,1256,198,841,902,-1014,0,0
1578,667,1064,-306,468,579,0,0
2118,945,2072,-17,798,2061,0,0
1698,544,2252,454,1132,-2840,0,0
1817,-222,1249,1859,2034,-2677,0,0
187,-252,-85,2994,2981,-1091,0,0
-936,-492,-241,2770,3901,-541,0,0
-402,-865,186,1650,2670,-2292,0,0
-321,-681,3,1632,2719,-2542,0,0
-700,-411,-523,1702,3693,-2683,0,0
-594,-331,-372,1700,4206,-2584,0,0
-174,-352,10,2250,3676,-3069,0,0
-58,-153,-5,2484,3562,-2897,0,0
-174,61,-50,2820,4316,-2706,0,0
-198,133,38,2731,4011,-2372,0,0
-348,66,28,2480,4097,-2965,0,0
-569,-23,-107,2311,4212,-2895,0,0
-2472,-275,-106,2395,3821,-2637,0,0
-284,-383,-125,2250,3963,-2867,0,0
-111,-279,-102,2461,4312,-2435,0,0
-4,-129,111,1996,3944,-2523,0,0
113,111,224,1655,3896,-2555,0,0
19,186,252,1856,4054,-2253,0,0
115,106,256,2249,4132,-2212,0,0
7,38,-22,2297,4127,-1866,0,0
-573,67,-513,1825,3492,-1683,0,0
-646,124,-856,984,2664,-849,0,0
-1152,103,-811,690,1631,-574,0,0
-1284,147,-692,467,1171,225,0,0
-887,-176,-131,395,-164,377,0,0
-168,-640,565,566,-112,-132,0,0
31,-883,866,276,-383,-570,0,0
233,-810,1044,-124,88,187,0,0
165,-871,1300,-831,758,436,0,0
425,-787,1303,-140,1290,-468,0,0
148,-2536,613,621,3016,-1191,0,0
-200,-67,90,702,4398,-1388,0,0
-211,490,-137,460,4627,-788,0,0
-82,962,-281,1349,4313,-1154,0,0
25,932,-436,2714,4076,-1873,0,0
-137,446,-452,3065,4650,-1576,0,0
-236,-11,-322,3727,4920,-1645,0,0
-389,-100,-150,3918,4945,-2010,0,0
-381,41,-118,3802,5999,-2929,0,0
-503,29,-258,3167,6074,-2761,0,0
-422,-87,-370,3294,6401,-2469,0,0
39,-221,-231,3423,5380,-2235,0,0
239,-2504,75,3468,5109,-2466,0,0
438,-673,287,3070,5482,-2440,0,0
1034,-618,257,2112,5032,-2293,0,0
1261,-232,23,981,3585,-1632,0,0
788,396,-376,-500,2199,-2216,0,0
104,945,-727,-676,2028,180,0,0
27,1322,-1279,-641,1205,-486,0,0
-114,1752,-1710,-893,647,-1239,0,0
576,1762,-1357,-156,490,-475,0,0
1494,1109,-674,1446,617,434,0,0
1176,859,-78,1299,411,-64,0,0
1649,1279,1074,436,193,1352,0,0
1525,833,2149,132,330,376,0,0
1290,-159,2186,1534,1118,-955,0,0
368,-763,1130,2423,1995,-2540,0,0
-910,-404,128,1988,3441,-1215,0,0
-1031,-623,335,1975,3745,-1790,0,0
-792,-843,458,2115,3157,-2902,0,0
-865,-611,10,2009,3475,-2863,0,0
-755,-269,-173,1968,4157,-2315,0,0
-712,-74,184,2885,3867,-2180,0,0
-637,172,369,3048,3636,-2818,0,0
-641,308,281,3239,4128,-2027,0,0
-623,288,234,3477,4843,-2156,0,0
-521,220,70,3264,4774,-2309,0,0
-555,2,-190,3013,4449,-2249,0,0
-377,-358,-415,2948,4237,-2611,0,0
-77,-507,-483,2685,3982,-2119,0,0
329,-562,-403,2731,3631,-2231,0,0
367,-194,-210,2298,3938,-2451,0,0
485,83,-94,1980,4190,-1922,0,0
424,116,-10,1849,4133,-2635,0,0
652,208,21,2339,3985,-2391,0,0
611,77,-308,2678,3676,-2271,0,0
241,-33,-657,2309,3425,-1637,0,0
-307,-211,-617,2006,1819,-637,0,0
-873,-9,-483,973,820,-687,0,0
-1212,323,-253,584,460,320,0,0
-1491,42,219,217,-57,-300,0,0
-546,-597,631,11,-710,42,0,0
-457,-1162,652,-74,-589,219,0,0
-714,-1215,656,-358,376,163,0,0
-409,-968,816,-544,1495,9,0,0
160,-635,979,-215,2066,-751,0,0
77,-252,525,448,3058,-1493,0,0
-15,-219,181,1224,4083,-1331,0,0
440,195,10,746,4243,-1083,0,0
-25,705,-132,1665,4002,-638,0,0
-248,951,-217,2729,4552,-2084,0,0
-393,879,-366,3574,4586,-2416,0,0
-105,219,-264,4402,4507,-2083,0,0
-167,-220,-72,4196,5214,-2259,0,0
-412,-167,-217,3838,6585,-3018,0,0
38,-160,-364,2933,5332,-2694,0,0
487,-585,-248,2735,4561,-2269,0,0
579,-830,-217,2408,3907,-2049,0,0
404,-681,-169,2351,4119,-2120,0,0
309,-541,95,2534,4349,-2489,0,0
722,-470,304,2683,4788,-2813,0,0
854,-527,65,2019,5253,-3912,0,0
707,-532,-373,307,3316,-2702,0,0
280,-143,-43,169,1970,-617,0,0
93,273,-2496,334,2025,251,0,0
-1002,844,-1038,-82,1395,645,0,0
-1275,1582,-1224,-624,811,-617,0,0
-813,2187,-936,-226,662,114,0,0
25,2293,-377,573,463,-1825,0,0
1278,1792,-15,1050,534,-395,0,0
1612,891,1011,795,-373,1772,0,0
1838,409,1917,374,726,793,0,0
1486,-152,1853,862,517,-1315,0,0
1126,-457,526,2463,3122,-2864,0,0
-751,-290,-570,2559,4046,-1384,0,0
-711,-567,-18,2627,3536,-1040,0,0
-319,-881,223,1954,3258,-2677,0,0
-640,-517,-481,1478,3223,-2488,0,0
-781,-224,-937,1752,4212,-2701,0,0
-635,-508,-743,2267,4407,-2883,0,0
-494,-675,-469,2415,4430,-2697,0,0
-249,-392,-133,2659,4594,-2389,0,0
-617,-120,53,2547,5026,-2484,0,0
-526,112,233,2176,4908,-2576,0,0
-369,-13,223,2082,4893,-2816,0,0
-53,-208,140,2055,4532,-2770,0,0
225,-231,207,2251,4230,-2388,0,0
327,-212,354,2251,4128,-2515,0,0
604,-120,417,2074,4161,-2769,0,0
574,52,503,1899,3778,-2764,0,0
781,235,524,2124,4490,-2763,0,0
971,219,221,2230,4664,-2966,0,0
550,88,-318,2055,4005,-2675,0,0
152,-228,-630,1734,2486,-1751,0,0
-201,-563,-880,1067,1222,-447,0,0
-1279,-549,-1016,710,629,-199,0,0
-1888,-18,-711,330,641,713,0,0
-1849,26,175,604,323,421,0,0
-1247,-441,866,678,-499,-335,0,0
-598,-1125,1071,657,-90,389,0,0
-420,-1432,1293,-521,981,-404,0,0
29,-1219,1514,-1061,807,-487,0,0
319,-708,1472,-1110,847,-153,0,0
806,-277,1071,-133,1706,-904,0,0
309,184,281,846,2989,-822,0,0
-70,661,-276,1483,4473,-1205,0,0
-216,848,-540,1492,4636,-2009,0,0
138,693,-691,2902,4022,-1875,0,0
-237,241,-558,4162,4058,-2508,0,0
-559,193,-410,3614,5027,-2294,0,0
-527,-27,-201,3298,4455,-2067,0,0
-501,-6,-192,3170,6069,-3332,0,0
-685,-60,-2560,3000,5524,-2362,0,0
-704,-6,-840,2782,5987,-2462,0,0
-600,113,-847,2643,6915,-2612,0,0
-133,-115,-365,2939,4714,-1986,0,0
397,-471,172,3298,4852,-2388,0,0
490,-680,610,2854,4668,-2071,0,0
1190,-776,710,2223,5246,-2170,0,0
1421,-710,61,210,5904,-3204,0,0
1397,-303,-837,-1307,2673,-1198,0,0
1583,206,-1287,-1297,842,1752,0,0
536,462,-1849,-393,206,2062,0,0
-106,615,-3036,-992,202,466,0,0
123,534,-4059,-1519,-1085,-678,0,0
579,330,-4730,-1469,-580,129,0,0
-313,-184,-4924,-750,-2059,415,0,0
-3644,-307,-5111,322,-1151,524,0,0
-3192,-279,-5532,22,1394,294,0,0
-2134,-372,-5808,-4857,5981,82,0,0
-1331,-1165,-5537,-14120,5984,-2275,0,0
-7255,-973,-4225,-10043,5805,-649,0,0
-4385,12,177,-2983,4122,-562,0,0
466,-98,1465,-4882,-285,669,0,0
-396,-220,273,-4462,52,2326,0,0
652,-299,374,-4563,41,-47,0,0
907,-153,321,-4441,-316,-1622,0,0
59,-82,96,-3892,541,109,0,0
871,15,29,-4249,801,456,0,0
885,-29,264,-4528,1406,501,0,0
1116,-154,505,-4446,1321,176,0,0
1769,-107,482,-4124,486,-400,0,0
1505,36,272,-3940,224,-623,0,0
1028,49,33,-3915,634,-290,0,0
926,-62,-238,-3841,778,-339,0,0
828,-156,-439,-3727,864,-469,0,0
932,-164,-531,-3903,1035,-610,0,0
1189,-52,-544,-4056,951,-761,0,0
994,98,-375,-4104,737,-615,0,0
426,177,-132,-4003,622,-480,0,0
39,199,93,-3649,551,-523,0,0
-259,181,262,-3456,580,-313,0,0
-394,28,193,-4389,668,-139,0,0
-296,-162,-162,-5170,1084,-472,0,0
237,-200,-368,-3923,1198,-939,0,0
1006,-85,17,-3293,838,-1120,0,0
1493,101,420,-3663,343,-1073,0,0
671,219,349,-4407,195,-654,0,0
-378,218,76,-4699,766,-394,0,0
-365,181,-65,-4080,963,-662,0,0
-75,130,98,-3717,740,-728,0,0
215,114,251,-3817,541,-789,0,0
-23,148,207,-3993,580,-670,0,0
-413,114,22,-4092,716,-661,0,0
-467,35,-131,-4036,806,-801,0,0
-247,-28,-154,-4090,858,-746,0,0
160,-62,-67,-4038,814,-739,0,0
323,-65,36,-3943,591,-632,0,0
144,-77,9,-3837,535,-600,0,0
27,-91,-90,-3968,493,-621,0,0
-164,-109,-182,-4045,634,-659,0,0
-209,-123,-196,-4162,702,-782,0,0
-130,-129,-143,-4058,634,-824,0,0
-165,-123,-122,-4167,621,-801,0,0
-268,-87,-130,-3924,691,-870,0,0
-568,-55,-111,-3963,672,-757,0,0
-675,-44,-32,-3858,697,-614,0,0
-621,-22,11,-3935,680,-554,0,0
-660,61,-29,-3906,703,-646,0,0
-747,157,-15,-4059,794,-641,0,0
-680,167,16,-4367,963,-705,0,0
-400,110,5,-4360,1104,-785,0,0
52,27,39,-4212,1131,-902,0,0
549,18,156,-3984,1029,-883,0,0
756,57,257,-4036,802,-709,0,0
545,70,297,-4184,679,-636,0,0
231,65,321,-4096,737,-558,0,0
74,23,342,-4038,803,-566,0,0
118,18,352,-3820,737,-684,0,0
-44,62,318,-3863,616,-595,0,0
-384,49,203,-4003,942,-510,0,0
-47,34,101,-3948,1075,-609,0,0
368,30,81,-3874,871,-587,0,0
333,16,111,-4173,786,-351,0,0
-59,20,53,-4316,610,-365,0,0
-464,-24,-34,-4115,842,-630,0,0
-107,-206,-47,-4005,1102,-656,0,0
272,-293,-134,-4095,814,-976,0,0
-610,-85,-142,-4033,1027,-1325,0,0
-630,108,-37,-3786,1231,-708,0,0
1,-18,-88,-4039,1082,-385,0,0
78,-50,-165,-4138,889,-170,0,0
123,-73,-155,-4204,873,-361,0,0
143,-183,-115,-4072,748,-760,0,0
-316,-152,-98,-4066,752,-648,0,0
-594,-5,-109,-4162,1050,-498,0,0
-277,20,-127,-4139,945,-563,0,0
-208,-29,-136,-4238,1030,-563,0,0
27,15,-116,-4073,1039,-549,0,0
387,35,-122,-3964,907,-649,0,0
546,19,-111,-3970,903,-613,0,0
493,22,-58,-3960,858,-496,0,0
344,-4,-30,-3924,773,-452,0,0
201,-84,1,-3959,843,-348,0,0
165,-156,57,-4035,895,-319,0,0
243,-234,79,-4157,702,-545,0,0
216,-265,54,-4119,602,-721,0,0
78,-240,27,-4030,540,-648,0,0
-42,-207,-48,-3972,620,-582,0,0
-81,-143,-127,-4018,810,-487,0,0
-164,-75,-137,-4067,782,-250,0,0
-266,-62,-110,-4070,736,-173,0,0
-346,-57,-81,-4018,770,-229,0,0
-383,-43,-39,-3934,760,-192,0,0
-406,-56,-12,-4082,807,-163,0,0
-430,-51,-3,-4168,828,-109,0,0
-538,-58,12,-4142,888,27,0,0
-502,-100,75,-4175,891,-6,0,0
-310,-107,160,-4151,782,-87,0,0
-268,-93,204,-4139,789,-63,0,0
-297,-81,185,-4281,795,-116,0,0
-279,-61,131,-4227,786,-224,0,0
-307,-28,100,-4191,751,-309,0,0
-466,11,86,-4245,756,-182,0,0
-532,45,94,-4061,794,18,0,0
-517,46,97,-3953,745,239,0,0
-474,16,20,-3997,829,261,0,0
-368,-16,-55,-3931,862,291,0,0
-323,-54,-75,-4004,817,233,0,0
-399,-55,-67,-4143,834,245,0,0
-699,-65,-26,-4082,930,330,0,0
-846,-96,36,-4033,997,234,0,0
-838,-111,77,-4214,1146,215,0,0
-842,-95,77,-4161,1198,184,0,0
-556,-50,79,-4129,1124,181,0,0
-208,14,69,-4189,1094,228,0,0
99,89,16,-4136,834,242,0,0
185,137,-28,-4174,710,267,0,0
193,149,-40,-4212,792,326,0,0
177,127,-35,-4096,781,352,0,0
191,104,-26,-4115,732,262,0,0
130,95,-51,-4047,828,225,0,0
32,85,-117,-4022,978,243,0,0
99,98,-196,-4155,1017,230,0,0
128,111,-229,-4207,1061,241,0,0
184,89,-183,-4133,1171,175,0,0
376,86,-96,-4136,1033,76,0,0
407,86,-56,-4273,929,97,0,0
404,51,-31,-4106,930,83,0,0
514,13,1,-3946,871,65,0,0
691,-23,-17,-3919,816,9,0,0
834,-25,-75,-4049,691,-60,0,0
798,9,-154,-4214,650,-30,0,0
704,23,-193,-4254,696,4,0,0
814,11,-127,-4260,564,-13,0,0
1021,34,-74,-4207,383,-218,0,0
993,65,-64,-4073,203,-397,0,0
645,104,-29,-3913,138,-354,0,0
90,83,73,-3839,451,-114,0,0
79,46,139,-4002,456,-89,0,0
93,-23,67,-4233,316,-210,0,0
-2,-88,-38,-4381,337,-451,0,0
-172,-77,-68,-4387,499,-710,0,0
-196,-41,13,-4083,614,-660,0,0
109,10,66,-3887,371,-469,0,0
99,49,-7,-3962,393,-229,0,0
-94,32,-75,-4219,580,-111,0,0
-143,-32,-11,-4247,749,-106,0,0
145,-82,86,-4057,565,-249,0,0
201,-80,105,-3993,424,-252,0,0
110,-52,67,-4153,456,-246,0,0
56,-58,37,-4358,478,-309,0,0
-110,-46,27,-4637,479,-393,0,0
-370,-10,54,-4619,651,-382,0,0
-538,51,144,-4334,679,-353,0,0
-508,110,223,-4028,607,-398,0,0
-414,153,202,-3818,490,-416,0,0
-312,142,84,-3827,534,-187,0,0
-102,89,-58,-4009,588,-81,0,0
-22,37,-125,-4133,744,-7,0,0
-3,-28,-49,-4008,831,-62,0,0
113,-73,36,-3940,735,-220,0,0
291,-64,19,-4240,632,-276,0,0
237,-15,-28,-4570,598,-403,0,0
-174,31,96,-4234,665,-371,0,0
-314,34,248,-3811,623,-135,0,0
-396,24,204,-3840,659,-35,0,0
-606,16,75,-4085,877,-20,0,0
-569,-30,-24,-4328,1062,-106,0,0
-199,-61,-34,-4234,1009,-393,0,0
131,-37,35,-4070,807,-336,0,0
285,-11,80,-4026,777,-74,0,0
230,19,59,-4064,753,-40,0,0
7,44,23,-4065,764,-63,0,0
-105,48,33,-4170,853,-47,0,0
-81,37,74,-4154,895,-79,0,0
-41,18,85,-4174,846,-49,0,0
8,-19,48,-4152,812,-69,0,0
119,-57,1,-4063,769,-253,0,0
179,-41,-5,-4036,784,-346,0,0
164,9,26,-4017,842,-264,0,0
141,50,45,-4076,865,-128,0,0
131,32,3,-4261,886,-12,0,0
153,-23,-60,-4197,957,-142,0,0
312,-50,-91,-4052,810,-377,0,0
389,-37,-143,-4118,665,-449,0,0
326,-8,-204,-4242,731,-285,0,0
242,6,-169,-4264,825,-167,0,0
262,0,-59,-4190,746,-150,0,0
323,0,0,-4134,620,-213,0,0
284,9,-32,-4193,538,-269,0,0
124,9,-94,-4196,543,-342,0,0
63,7,-136,-4077,640,-409,0,0
58,4,-153,-3931,710,-447,0,0
113,4,-135,-4027,733,-437,0,0
212,11,-94,-4204,739,-428,0,0
296,29,-39,-4206,715,-467,0,0
317,62,38,-4168,647,-480,0,0
275,93,88,-4067,572,-439,0,0
211,100,98,-4068,477,-360,0,0
146,84,65,-4211,472,-380,0,0
140,65,20,-4267,505,-456,0,0
196,65,8,-4174,486,-571,0,0
127,73,33,-4065,426,-542,0,0
-53,84,43,-4078,445,-534,0,0
-178,89,28,-4116,550,-502,0,0
-188,76,15,-4117,589,-499,0,0
-152,47,9,-4052,584,-480,0,0
-84,22,-3,-4043,608,-483,0,0
-14,4,-21,-4053,579,-500,0,0
-8,-4,-30,-4089,516,-512,0,0
-80,-10,-35,-4134,555,-502,0,0
-72,-21,-40,-4058,557,-535,0,0
-85,-23,-10,-3942,469,-490,0,0
-165,-31,-16,-3985,513,-433,0,0
-202,-47,-61,-4067,596,-406,0,0
-173,-59,-66,-4103,557,-421,0,0
-189,-56,-40,-3943,484,-479,0,0
-306,-38,-22,-4028,480,-401,0,0
-348,-24,-68,-4159,506,-335,0,0
-333,-9,-109,-4261,470,-473,0,0
-466,0,-92,-4396,566,-448,0,0
-571,-14,-38,-4350,676,-565,0,0
-607,2,28,-4266,738,-710,0,0
-542,81,69,-4126,765,-609,0,0
-350,133,69,-4136,708,-417,0,0
-183,118,45,-4149,663,-287,0,0
-68,85,20,-4145,566,-325,0,0
-42,54,8,-4128,578,-342,0,0
-9,30,6,-4100,603,-301,0,0
-5,17,7,-4139,601,-274,0,0
-46,13,-1,-4178,554,-286,0,0
-121,-3,-2,-4165,598,-302,0,0
-108,-29,16,-4135,598,-322,0,0
-69,-47,7,-4113,551,-334,0,0
-157,-43,-9,-4195,502,-412,0,0
-310,-40,10,-4161,541,-487,0,0
-398,-7,-3,-4123,546,-609,0,0
-274,39,-27,-4134,701,-472,0,0
-17,52,-14,-4130,701,-397,0,0
35,63,-21,-4122,660,-327,0,0
-25,47,-28,-4140,726,-249,0,0
6,19,-15,-4152,571,-299,0,0
-11,-2,1,-4189,498,-357,0,0
-32,-8,20,-4180,565,-443,0,0
-22,-10,19,-4128,552,-489,0,0
39,-20,11,-4152,568,-393,0,0
165,-34,28,-4181,649,-313,0,0
305,-45,26,-4161,617,-416,0,0
275,-42,16,-4103,610,-455,0,0
257,-21,18,-4118,645,-432,0,0
266,-13,13,-4129,645,-410,0,0
259,-15,19,-4127,574,-376,0,0
218,-21,1,-4126,573,-393,0,0
222,-24,-19,-4088,539,-395,0,0
185,-20,-8,-4082,491,-383,0,0
80,-20,2,-4158,450,-288,0,0
3,-42,-16,-4178,465,-297,0,0
-13,-57,-34,-4104,480,-365,0,0
-33,-61,-34,-4172,537,-409,0,0
-51,-55,-30,-4208,565,-456,0,0
-82,-43,-13,-4130,601,-486,0,0
-86,-24,2,-4123,551,-407,0,0
-110,-16,-5,-4146,572,-332,0,0
-76,-12,-10,-4168,580,-296,0,0
-71,-24,15,-4111,514,-266,0,0
-59,-34,18,-4157,481,-324,0,0
-59,-34,0,-4253,535,-401,0,0
-49,-24,1,-4191,556,-416,0,0
-52,-8,33,-4065,490,-379,0,0
-77,4,31,-4037,497,-292,0,0
-104,6,16,-4114,531,-228,0,0
-105,-9,12,-4219,578,-261,0,0
-80,-21,3,-4221,625,-343,0,0
-52,-12,2,-4227,664,-415,0,0
-36,21,33,-4176,675,-413,0,0
-45,53,81,-4152,622,-294,0,0
-36,61,99,-4169,574,-244,0,0
-22,54,83,-4135,543,-284,0,0
-14,45,67,-4117,520,-394,0,0
-58,53,50,-4159,536,-419,0,0
-137,58,39,-4156,580,-358,0,0
-179,49,43,-4131,623,-323,0,0
-149,41,43,-4095,654,-277,0,0
-111,26,33,-4100,670,-255,0,0
-86,14,19,-4141,689,-287,0,0
-77,15,21,-4128,723,-334,0,0
-4,6,42,-4174,634,-366,0,0
21,-6,33,-4135,581,-338,0,0
-16,-28,10,-4076,573,-356,0,0
-27,-50,-22,-4093,635,-391,0,0
-6,-57,-43,-4117,713,-383,0,0
8,-51,-24,-4135,777,-388,0,0
-5,-34,2,-4116,739,-357,0,0
-45,-23,16,-4115,711,-266,0,0
2,-28,-2,-4176,732,-264,0,0
10,-36,-3,-4156,739,-300,0,0
37,-40,22,-4112,699,-320,0,0
79,-45,9,-4137,675,-324,0,0
99,-47,-15,-4171,702,-304,0,0
139,-52,-9,-4141,654,-291,0,0
182,-55,-6,-4094,600,-286,0,0
179,-50,-22,-4120,606,-275,0,0
145,-45,-30,-4145,617,-267,0,0
125,-48,-24,-4184,610,-269,0,0
147,-43,-40,-4191,651,-320,0,0
169,-26,-46,-4083,626,-319,0,0
128,0,-24,-4045,587,-276,0,0
61,21,-20,-4146,592,-221,0,0
25,27,-29,-4105,563,-206,0,0
-30,25,-8,-3998,500,-161,0,0
-95,16,3,-3975,495,-115,0,0
-156,3,-22,-4084,514,-66,0,0
-210,-28,-51,-4218,533,-67,0,0
-221,-80,-76,-4288,582,-95,0,0
-100,-140,-103,-4310,642,-319,0,0
-31,-146,-80,-4258,655,-559,0,0
-144,-50,0,-4190,628,-676,0,0
-115,60,50,-4191,587,-410,0,0
-14,82,59,-4215,536,-88,0,0
7,62,54,-4146,444,-17,0,0
-70,36,38,-4131,424,-47,0,0
-117,-1,-6,-4152,499,-98,0,0
-116,-31,-35,-4186,550,-178,0,0
-141,-31,-34,-4196,578,-364,0,0
-214,-3,-27,-4148,595,-438,0,0
-122,28,-36,-4161,607,-326,0,0
0,40,-53,-4143,627,-157,0,0
15,37,-24,-4110,634,-52,0,0
12,21,15,-4164,604,-44,0,0
27,0,13,-4185,548,-127,0,0
46,-13,2,-4192,495,-263,0,0
63,-10,-1,-4194,472,-350,0,0
99,3,-10,-4157,475,-284,0,0
142,4,-25,-4135,502,-202,0,0
152,4,-57,-4172,514,-174,0,0
142,7,-79,-4215,536,-214,0,0
122,18,-71,-4219,521,-230,0,0
68,28,-21,-4177,511,-239,0,0
58,28,50,-4220,490,-234,0,0
113,30,70,-4137,470,-266,0,0
151,40,47,-4101,406,-324,0,0
23,47,32,-4136,410,-315,0,0
-96,37,56,-4167,455,-289,0,0
-70,12,63,-4191,470,-380,0,0
-34,1,45,-4181,513,-436,0,0
-4,6,42,-4182,586,-418,0,0
31,18,45,-4146,611,-368,0,0
21,27,78,-4087,589,-322,0,0
44,23,91,-4182,574,-285,0,0
84,9,52,-4190,609,-314,0,0
108,1,60,-4094,572,-372,0,0
110,5,82,-4084,542,-379,0,0
71,15,80,-4163,530,-364,0,0
9,19,94,-4247,535,-352,0,0
14,20,101,-4183,490,-332,0,0
23,25,64,-4086,477,-323,0,0
30,39,-28,-4022,497,-357,0,0
-49,59,-90,-4018,461,-260,0,0
-136,58,-97,-4212,514,-207,0,0
-130,30,-117,-4253,530,-268,0,0
-113,-10,-112,-4142,556,-269,0,0
-87,-40,-94,-4066,596,-233,0,0
-111,-44,-93,-4056,635,-287,0,0
-219,-33,-60,-4104,719,-402,0,0
-247,-18,-2,-4113,680,-441,0,0
-197,2,33,-4198,614,-476,0,0
-138,30,19,-4248,588,-483,0,0
-95,55,23,-4218,581,-432,0,0
-47,69,41,-4163,515,-362,0,0
-41,63,46,-4174,477,-310,0,0
-36,40,20,-4193,518,-327,0,0
-20,21,9,-4178,609,-414,0,0
23,26,28,-4160,648,-453,0,0
58,51,48,-4159,615,-393,0,0
49,69,69,-4134,547,-337,0,0
-17,68,94,-4147,432,-267,0,0
-96,40,92,-4119,375,-270,0,0
-126,3,37,-4117,360,-356,0,0
-171,-9,-35,-4133,479,-484,0,0
-281,-4,-47,-4162,638,-470,0,0
-271,-6,-34,-4145,761,-392,0,0
-129,-11,-31,-4115,763,-349,0,0
-30,-19,-17,-4113,720,-361,0,0
39,-30,-12,-4130,638,-381,0,0
97,-43,-30,-4085,584,-394,0,0
181,-59,-42,-4149,551,-430,0,0
293,-69,-75,-4113,515,-484,0,0
306,-62,-108,-4120,544,-434,0,0
237,-62,-107,-4191,702,-379,0,0
229,-70,-69,-4255,853,-385,0,0
300,-64,-13,-4238,921,-393,0,0
437,-46,55,-4171,747,-341,0,0
556,-35,122,-4149,488,-285,0,0
504,-40,144,-4114,313,-314,0,0
294,-53,119,-4133,418,-273,0,0
337,-68,77,-4150,406,-278,0,0
393,-71,56,-4159,308,-338,0,0
296,-60,42,-4205,293,-371,0,0
136,-47,12,-4127,236,-303,0,0
-32,-56,-20,-4111,306,-293,0,0
-8,-59,-79,-4248,404,-362,0,0
-40,-28,-101,-4170,417,-344,0,0
-171,7,-38,-4050,434,-285,0,0
-205,30,-17,-4086,434,-244,0,0
-223,38,-30,-4181,441,-230,0,0
-298,19,-10,-4312,419,-189,0,0
-266,-36,-13,-4313,522,-263,0,0
-84,-68,-41,-4152,538,-450,0,0
-92,-33,-19,-4064,541,-579,0,0
-246,32,15,-4021,537,-454,0,0
-247,48,32,-4059,495,-247,0,0
-124,29,-10,-4279,424,-258,0,0
-204,34,3,-4238,187,-254,0,0
-429,15,36,-4138,223,-196,0,0
-368,-23,-92,-4169,424,-210,0,0
-164,-34,-238,-4157,541,-277,0,0
-219,-25,-216,-4199,661,-320,0,0
-390,-14,-100,-4214,834,-263,0,0
-207,6,-10,-4241,813,-253,0,0
-32,18,79,-4249,552,-239,0,0
13,21,110,-4162,331,-243,0,0
61,15,44,-4167,294,-309,0,0
99,18,-36,-4232,323,-360,0,0
73,34,-45,-4210,364,-341,0,0
38,41,-9,-4173,380,-247,0,0
22,30,14,-4159,383,-182,0,0
28,10,-9,-4115,398,-194,0,0
-7,-11,-20,-4136,388,-176,0,0
-29,-35,-27,-4152,415,-247,0,0
-21,-46,-45,-4176,463,-349,0,0
0,-31,-39,-4222,495,-349,0,0
61,-18,0,-4222,448,-296,0,0
126,-17,12,-4170,392,-264,0,0
156,-24,7,-4154,416,-227,0,0
237,-49,4,-4202,462,-249,0,0
356,-62,0,-4158,432,-324,0,0
357,-42,12,-4184,427,-335,0,0
253,-11,46,-4226,456,-259,0,0
161,3,94,-4216,419,-189,0,0
179,1,108,-4197,380,-208,0,0
197,-2,79,-4148,292,-275,0,0
125,-4,42,-4189,288,-324,0,0
121,-5,4,-4280,318,-350,0,0
114,2,-5,-4224,395,-309,0,0
96,6,28,-4134,450,-259,0,0
80,8,37,-4114,462,-215,0,0
76,1,15,-4194,494,-214,0,0
76,-18,21,-4208,472,-220,0,0
103,-43,40,-4181,402,-264,0,0
150,-52,16,-4190,417,-326,0,0
171,-45,-3,-4224,465,-350,0,0
166,-30,40,-4202,486,-338,0,0
199,-13,67,-4199,450,-293,0,0
209,-1,47,-4188,438,-314,0,0
194,14,49,-4152,384,-334,0,0
98,25,65,-4130,371,-316,0,0
25,31,63,-4155,398,-301,0,0
9,34,43,-4171,399,-308,0,0
-10,29,20,-4190,389,-269,0,0
-5,9,0,-4182,449,-307,0,0
48,-15,-22,-4168,473,-323,0,0
62,-10,-30,-4153,473,-350,0,0
26,-1,-25,-4202,507,-335,0,0
9,-4,-14,-4241,540,-348,0,0
16,-6,6,-4212,540,-373,0,0
38,-2,37,-4097,576,-359,0,0
98,10,72,-4081,477,-357,0,0
-45,29,104,-4028,402,-306,0,0
-210,29,105,-4037,483,-222,0,0
-132,-5,65,-4161,509,-214,0,0
47,-42,13,-4164,472,-310,0,0
103,-50,13,-4158,412,-292,0,0
68,-35,15,-4162,417,-318,0,0
17,-14,10,-4115,388,-352,0,0
-31,1,1,-4164,383,-319,0,0
-56,12,-22,-4215,384,-311,0,0
-107,22,-37,-4190,374,-316,0,0
-193,33,-34,-4081,392,-285,0,0
-252,35,-42,-4051,444,-267,0,0
-264,38,-73,-4082,477,-239,0,0
-285,40,-105,-4129,545,-241,0,0
-287,28,-98,-4262,617,-193,0,0
-241,-3,-58,-4303,678,-200,0,0
-181,-31,-5,-4254,634,-271,0,0
-136,-58,45,-4215,691,-296,0,0
-32,-74,76,-4109,666,-296,0,0
7,-61,97,-4128,615,-414,0,0
17,-5,93,-4212,499,-606,0,0
26,57,78,-4254,485,-550,0,0
62,115,116,-4258,482,-398,0,0
-45,152,189,-4268,475,-220,0,0
-156,145,224,-4186,553,-200,0,0
-84,102,186,-4079,600,-240,0,0
68,60,105,-4017,592,-282,0,0
102,46,54,-4145,598,-370,0,0
22,52,49,-4198,639,-395,0,0
-13,52,61,-4113,637,-390,0,0
-19,48,70,-4073,650,-378,0,0
-34,49,54,-4069,658,-342,0,0
-69,41,39,-4056,695,-339,0,0
-100,22,38,-4090,729,-330,0,0
-101,-1,41,-4121,756,-363,0,0
-47,-17,26,-4128,774,-425,0,0
4,-8,8,-4083,756,-525,0,0
-12,12,13,-4147,747,-467,0,0
-27,14,23,-4147,722,-374,0,0
-10,-1,13,-4092,715,-380,0,0
-7,-14,-5,-4095,750,-450,0,0
-30,-14,0,-4071,784,-411,0,0
17,-22,1,-4067,792,-415,0,0
41,-28,-1,-4070,768,-437,0,0
30,-33,24,-4096,732,-426,0,0
62,-33,25,-4119,685,-486,0,0
56,-29,6,-4121,726,-470,0,0
54,-22,15,-4076,713,-414,0,0
53,-19,36,-4106,683,-357,0,0
48,-22,11,-4128,666,-370,0,0
17,-24,-26,-4123,680,-377,0,0
-22,-19,-29,-4153,716,-400,0,0
-50,-13,-15,-4106,732,-412,0,0
-38,-13,-12,-4095,761,-428,0,0
6,-7,-30,-4165,773,-402,0,0
29,1,-39,-4159,716,-465,0,0
-26,27,-15,-4096,706,-489,0,0
-30,59,19,-3947,714,-385,0,0
-5,60,48,-3870,687,-256,0,0
3,45,64,-3903,702,-274,0,0
104,21,33,-4044,627,-420,0,0
145,-19,-37,-4337,557,-491,0,0
122,-56,-93,-4386,550,-619,0,0
110,-62,-82,-4269,650,-657,0,0
222,-40,-72,-4283,707,-643,0,0
168,4,-52,-4164,722,-514,0,0
100,28,-24,-4075,730,-394,0,0
89,23,-16,-3975,680,-364,0,0
50,5,4,-3974,606,-320,0,0
62,-24,27,-4103,605,-306,0,0
-32,-60,27,-3876,581,-258,0,0
-182,-74,15,-3838,575,-155,0,0
-77,-95,-8,-4095,549,-226,0,0
37,-96,-11,-4365,520,-357,0,0
-150,-70,9,-4574,576,-354,0,0
-238,-65,46,-4478,633,-405,0,0
-206,-49,74,-4206,644,-530,0,0
-235,-22,52,-4147,666,-496,0,0
-215,4,18,-4013,733,-455,0,0
-99,34,9,-4008,728,-376,0,0
51,50,-11,-4051,659,-291,0,0
46,53,-11,-4156,577,-275,0,0
-24,52,-1,-4198,595,-260,0,0
-91,50,22,-4175,649,-298,0,0
-88,54,28,-4105,637,-450,0,0
-183,81,31,-4073,618,-437,0,0
-267,89,49,-4003,701,-354,0,0
-201,93,55,-4019,716,-336,0,0
-233,101,40,-4180,693,-400,0,0
-347,108,55,-4180,635,-331,0,0
-240,97,83,-4101,670,-238,0,0
-174,75,92,-4104,781,-328,0,0
-284,78,98,-4151,815,-624,0,0
-267,63,47,-4105,856,-355,0,0
-148,17,21,-4132,918,-339,0,0
-361,0,105,-4090,1165,-487,0,0
-158,-18,126,-3895,921,-412,0,0
-38,-51,60,-3973,898,-321,0,0
-141,-53,-8,-4288,1116,-381,0,0
73,-8,-46,-4282,943,-597,0,0
25,11,16,-4172,804,-420,0,0
-122,-20,62,-4110,946,-236,0,0
-64,-44,35,-3982,870,-398,0,0
-70,-24,-23,-4096,779,-481,0,0
-151,16,-75,-4330,820,-449,0,0
-162,42,-95,-4148,764,-405,0,0
-214,12,-87,-3936,818,-255,0,0
-326,-57,-79,-3918,1024,-206,0,0
-306,-101,-64,-3930,1138,-254,0,0
-53,-109,-32,-3930,1107,-260,0,0
267,-96,20,-3984,849,-227,0,0
307,-86,52,-3975,748,-166,0,0
279,-89,49,-3944,755,-81,0,0
343,-106,34,-4007,703,-93,0,0
353,-105,0,-4110,619,-325,0,0
155,-78,-34,-4269,633,-400,0,0
185,-75,-39,-4216,773,-286,0,0
393,-69,-8,-4156,669,-354,0,0
232,-34,5,-4164,745,-347,0,0
121,0,-16,-4127,843,-254,0,0
172,15,5,-4161,770,-245,0,0
204,11,26,-4215,785,-233,0,0
303,0,15,-4156,772,-275,0,0
325,-14,4,-4107,719,-334,0,0
351,-15,-20,-4139,733,-337,0,0
345,-13,-37,-4187,753,-334,0,0
294,-14,-18,-4150,714,-336,0,0
258,-14,2,-4079,633,-332,0,0
203,-9,-33,-4075,694,-326,0,0
130,-3,-78,-4070,686,-302,0,0
81,0,-81,-4099,670,-302,0,0
60,-7,-65,-4163,683,-276,0,0
71,-24,-57,-4145,683,-266,0,0
105,-42,-56,-4125,651,-290,0,0
122,-52,-51,-4083,625,-304,0,0
115,-52,-42,-4110,606,-297,0,0
79,-48,-38,-4135,583,-297,0,0
56,-54,-42,-4156,577,-306,0,0
86,-62,-61,-4180,627,-334,0,0
125,-59,-65,-4139,594,-351,0,0
91,-46,-41,-4150,560,-369,0,0
57,-32,-43,-4212,602,-359,0,0
62,-15,-58,-4128,581,-357,0,0
32,1,-40,-4120,558,-312,0,0
20,11,-31,-4155,556,-303,0,0
-2,29,-28,-4098,524,-298,0,0
-56,43,-9,-4086,509,-231,0,0
-96,36,12,-4103,480,-197,0,0
-83,12,8,-4131,499,-259,0,0
-62,-9,-7,-4157,504,-246,0,0
-60,-15,-11,-4114,549,-305,0,0
-42,-9,-7,-4138,529,-363,0,0
-62,-2,-2,-4147,506,-372,0,0
-82,-4,12,-4212,539,-312,0,0
-27,-10,2,-4209,531,-354,0,0
-34,-1,-8,-4088,504,-362,0,0
-83,8,4,-4120,523,-286,0,0
-81,3,4,-4159,526,-230,0,0
-62,-13,-21,-4166,521,-233,0,0
-51,-27,-33,-4180,569,-268,0,0
-67,-34,-21,-4160,568,-226,0,0
-65,-22,-1,-4162,471,-243,0,0
-127,-20,2,-4173,520,-312,0,0
-160,-23,-5,-4153,510,-293,0,0
-74,-9,-16,-4173,500,-295,0,0
-102,7,-33,-4200,550,-287,0,0
-153,14,-19,-4151,481,-287,0,0
-124,29,-15,-4167,495,-283,0,0
-172,23,-2,-4195,554,-217,0,0
-100,30,-12,-4124,490,-273,0,0
-177,50,-17,-4046,450,-259,0,0
-272,49,-25,-4185,479,-249,0,0
-338,19,-26,-4337,581,-290,0,0
-343,5,-14,-4204,607,-308,0,0
-160,34,1,-4090,518,-333,0,0
-54,62,13,-4123,488,-361,0,0
-128,75,43,-4177,502,-246,0,0
-136,87,72,-4148,456,-218,0,0
-177,71,79,-4155,505,-182,0,0
-208,46,71,-4173,566,-201,0,0
-153,44,57,-4170,526,-288,0,0
-164,49,60,-4187,580,-332,0,0
-104,37,81,-4208,544,-333,0,0
-40,17,61,-4199,514,-325,0,0
-21,19,30,-4174,576,-387,0,0
81,40,21,-4127,578,-376,0,0
203,51,9,-4152,535,-366,0,0
86,45,-30,-4132,568,-319,0,0
25,27,-38,-4146,560,-245,0,0
-20,-7,-26,-4112,607,-210,0,0
-1,-34,-35,-4125,587,-229,0,0
0,-50,-48,-4177,694,-342,0,0
32,-55,-20,-4199,627,-385,0,0
49,-52,4,-4190,549,-374,0,0
30,-45,-7,-4168,570,-351,0,0
5,-37,-13,-4129,649,-413,0,0
15,4,22,-4097,638,-369,0,0
-50,-19,73,-4185,588,-189,0,0
90,-46,39,-4140,468,-259,0,0
169,-53,-7,-4128,477,-384,0,0
143,-39,-30,-4198,475,-494,0,0
112,-3,-41,-4173,527,-474,0,0
61,21,4,-4239,576,-310,0,0
109,25,26,-4199,530,-236,0,0
97,18,8,-4116,542,-266,0,0
92,15,3,-4103,534,-314,0,0
87,19,17,-4128,525,-285,0,0
57,7,23,-4201,536,-262,0,0
37,-16,23,-4146,533,-247,0,0
70,-43,22,-4112,507,-308,0,0
82,-37,-9,-4163,566,-395,0,0
72,-29,-14,-4106,599,-364,0,0
104,-27,8,-4145,516,-336,0,0
94,-20,-7,-4178,487,-275,0,0
61,-25,-13,-4124,496,-270,0,0
49,-28,-11,-4100,479,-285,0,0
15,-33,-12,-4164,550,-236,0,0
33,-45,-4,-4208,572,-273,0,0
82,-49,10,-4173,515,-341,0,0
55,-40,19,-4142,461,-341,0,0
1,-40,-5,-4148,465,-302,0,0
-4,-25,-31,-4095,453,-341,0,0
-57,0,-10,-4046,451,-329,0,0
-122,18,9,-4137,462,-259,0,0
-170,31,-15,-4224,542,-203,0,0
-171,28,-27,-4254,613,-203,0,0
-138,2,5,-4255,654,-209,0,0
-69,-21,34,-4204,626,-284,0,0
-47,-18,46,-4127,576,-353,0,0
-21,-12,50,-4126,513,-371,0,0
-8,2,38,-4190,491,-352,0,0
-8,14,21,-4204,551,-274,0,0
21,16,19,-4126,546,-250,0,0
8,16,28,-4155,548,-250,0,0
-6,15,30,-4170,569,-235,0,0
-18,4,38,-4127,574,-269,0,0
-24,-5,45,-4144,551,-313,0,0
-19,-3,33,-4157,549,-299,0,0
6,-2,22,-4145,550,-281,0,0
1,-7,13,-4168,530,-278,0,0
-37,-18,5,-4119,522,-244,0,0
-38,-32,-3,-4149,540,-226,0,0
-26,-31,-4,-4184,608,-240,0,0
-40,-22,26,-4153,633,-297,0,0
-34,-17,53,-4163,571,-313,0,0
28,-12,36,-4158,537,-278,0,0
52,-59,11,-4144,554,-131,0,0
139,-87,4,-4188,683,-211,0,0
148,-66,-13,-4160,673,-338,0,0
139,-52,-16,-4066,635,-350,0,0
146,-19,-2,-4126,608,-309,0,0
151,16,28,-4204,647,-289,0,0
144,34,67,-4211,675,-260,0,0
114,41,99,-4128,611,-221,0,0
135,33,102,-4143,578,-212,0,0
179,12,82,-4177,588,-244,0,0
201,-1,62,-4163,570,-304,0,0
158,1,54,-4130,553,-334,0,0
78,9,54,-4148,563,-297,0,0
56,10,43,-4181,589,-289,0,0
51,12,30,-4154,587,-297,0,0
33,12,28,-4155,589,-309,0,0
38,15,9,-4172,653,-316,0,0
38,21,-10,-4102,658,-348,0,0
32,26,10,-4140,657,-356,0,0
48,27,1,-4180,671,-369,0,0
43,30,4,-4126,673,-387,0,0
31,34,23,-4120,678,-372,0,0
60,36,15,-4124,641,-375,0,0
50,35,-14,-4115,665,-363,0,0
38,25,-23,-4126,654,-327,0,0
71,7,-34,-4191,606,-332,0,0
77,-12,-65,-4156,623,-384,0,0
56,-19,-71,-4108,635,-348,0,0
38,-13,-54,-4136,629,-317,0,0
10,-14,-43,-4186,634,-337,0,0
-34,-22,-26,-4116,585,-352,0,0
-46,-31,2,-4098,573,-352,0,0
-24,-29,4,-4083,548,-354,0,0
-59,-22,-9,-4129,566,-349,0,0
-63,-10,-26,-4169,528,-390,0,0
-83,-3,-21,-4129,537,-369,0,0
-68,-6,-4,-3989,558,-349,0,0
-43,-2,-3,-4049,513,-388,0,0
-130,16,-19,-4155,618,-366,0,0
-132,21,-5,-4148,667,-323,0,0
-36,14,24,-4005,555,-428,0,0
-77,22,65,-3883,545,-401,0,0
-88,37,72,-4016,556,-340,0,0
-103,61,8,-4221,539,-367,0,0
-213,59,-16,-4343,623,-358,0,0
-156,30,12,-4280,713,-314,0,0
-87,6,38,-4180,635,-314,0,0
-106,-2,38,-4130,682,-402,0,0
-129,7,39,-4115,737,-334,0,0
-109,3,60,-4153,720,-341,0,0
-53,-1,71,-4193,689,-422,0,0
-20,0,57,-4144,692,-429,0,0
25,9,54,-4100,585,-449,0,0
-2,21,70,-4140,595,-383,0,0
-24,21,69,-4140,633,-284,0,0
-13,13,55,-4108,611,-299,0,0
-46,5,41,-4158,641,-311,0,0
-59,-1,24,-4146,720,-343,0,0
-56,9,27,-4147,732,-419,0,0
-104,36,48,-4104,711,-489,0,0
-242,73,67,-4136,666,-414,0,0
-291,83,49,-4127,755,-329,0,0
-175,63,35,-4093,738,-350,0,0
-112,42,43,-4086,738,-360,0,0
-102,39,36,-4085,746,-386,0,0
-138,41,25,-4077,746,-347,0,0
-122,26,19,-4100,805,-362,0,0
-65,12,25,-4078,766,-397,0,0
-103,11,14,-4107,781,-362,0,0
-74,7,-21,-4125,861,-376,0,0
-31,1,-13,-4159,860,-374,0,0
-22,-8,26,-4120,805,-352,0,0
7,-21,28,-4072,745,-367,0,0
29,-27,-3,-4081,738,-401,0,0
16,-21,-25,-4152,780,-383,0,0
3,-18,-30,-4101,775,-373,0,0
-6,-20,-31,-4072,735,-367,0,0
-32,-26,-36,-4122,753,-318,0,0
38,-41,-64,-4098,769,-331,0,0
114,-43,-83,-4099,755,-381,0,0
81,-39,-69,-4113,780,-305,0,0
92,-37,-24,-4175,716,-295,0,0
62,-32,-11,-4160,720,-371,0,0
37,-34,0,-4107,714,-398,0,0
68,-37,8,-4082,715,-386,0,0
69,-12,0,-4078,616,-454,0,0
-42,22,1,-4115,677,-418,0,0
-54,32,9,-4126,666,-342,0,0
-30,22,4,-4091,690,-291,0,0
-6,17,-31,-4090,753,-314,0,0
-68,14,-25,-4047,773,-338,0,0
-67,19,-39,-4074,647,-320,0,0
-20,11,-98,-4200,607,-343,0,0
-24,-11,-110,-4225,624,-407,0,0
-1,-33,-46,-4158,662,-413,0,0
60,-27,15,-4094,653,-387,0,0
70,-13,29,-4122,679,-356,0,0
55,-9,51,-4156,750,-343,0,0
72,-6,65,-4128,665,-289,0,0
87,-4,-1,-4100,559,-361,0,0
25,1,-27,-4154,635,-344,0,0
-1,4,-12,-4135,608,-348,0,0
-26,8,16,-4152,590,-352,0,0
-37,8,5,-4151,634,-351,0,0
-32,2,-2,-4108,640,-381,0,0
-16,1,1,-4100,639,-394,0,0
-14,6,-5,-4143,667,-360,0,0
-13,6,-3,-4153,667,-341,0,0
-21,4,6,-4127,626,-340,0,0
-38,0,9,-4109,612,-343,0,0
-24,-3,3,-4127,632,-368,0,0
-26,4,-1,-4145,682,-367,0,0
-21,8,12,-4145,672,-349,0,0
-13,7,18,-4140,636,-363,0,0
-11,6,5,-4131,639,-363,0,0
-5,4,5,-4128,640,-380,0,0
-5,2,11,-4112,640,-362,0,0
9,-1,1,-4137,650,-357,0,0
12,-5,-2,-4157,670,-353,0,0
25,-12,7,-4140,634,-356,0,0
44,-16,8,-4152,628,-399,0,0
51,-7,3,-4188,645,-365,0,0
23,1,16,-4031,646,-346,0,0
15,-4,46,-4034,627,-326,0,0
21,-16,30,-4157,683,-318,0,0
52,-28,13,-4203,722,-387,0,0
83,-25,42,-4152,618,-447,0,0
74,-9,43,-4113,565,-385,0,0
47,-4,19,-4154,618,-331,0,0
22,-14,13,-4155,668,-329,0,0
43,-26,11,-4120,665,-361,0,0
71,-28,-13,-4138,701,-395,0,0
86,-18,-27,-4118,731,-403,0,0
96,-10,2,-4113,692,-389,0,0
105,-7,22,-4190,650,-350,0,0
116,-16,3,-4150,635,-357,0,0
123,-25,3,-4096,627,-372,0,0
112,-25,13,-4085,618,-362,0,0
84,-22,10,-4113,641,-336,0,0
79,-26,2,-4139,663,-340,0,0
83,-32,7,-4135,628,-353,0,0
70,-32,9,-4152,622,-361,0,0
71,-18,-3,-4195,646,-367,0,0
36,-9,21,-4087,606,-366,0,0
17,12,52,-4106,578,-334,0,0
60,19,19,-4194,565,-311,0,0
47,27,-9,-4161,523,-305,0,0
-16,21,18,-4101,545,-288,0,0
-3,13,0,-4095,576,-346,0,0
-84,11,-13,-4014,632,-321,0,0
-79,-11,7,-4099,714,-381,0,0
-84,-30,10,-4127,692,-329,0,0
-73,-55,13,-4122,754,-453,0,0
-19,-42,0,-4124,768,-516,0,0
-41,-10,8,-4061,779,-484,0,0
-4,8,31,-4152,708,-375,0,0
25,-1,15,-4195,594,-300,0,0
20,-25,-27,-4128,531,-281,0,0
35,-45,-77,-4123,513,-267,0,0
16,-58,-121,-4111,517,-219,0,0
-13,-67,-137,-4148,467,-257,0,0
-72,-83,-154,-4198,526,-279,0,0
-29,-94,-176,-4178,561,-339,0,0
6,-80,-167,-4144,497,-437,0,0
-40,-55,-138,-4179,544,-341,0,0
-17,-31,-135,-4193,567,-274,0,0
10,-16,-125,-4197,468,-245,0,0
-34,-19,-93,-4192,435,-153,0,0
-50,-34,-71,-4178,353,-136,0,0
-73,-49,-80,-4145,314,-144,0,0
-87,-63,-98,-4171,292,-131,0,0
-96,-75,-105,-4238,262,-131,0,0
-119,-82,-102,-4228,246,-136,0,0
-112,-83,-108,-4241,200,-200,0,0
-155,-74,-118,-4260,199,-151,0,0
-187,-72,-126,-4165,249,-131,0,0
-162,-65,-136,-4150,279,-156,0,0
-188,-48,-144,-4216,353,-147,0,0
-179,-40,-127,-4280,340,-102,0,0
-136,-24,-88,-4281,204,-143,0,0
-193,-5,-61,-4210,134,-129,0,0
-195,0,-76,-4247,103,-122,0,0
-171,7,-99,-4240,40,-226,0,0
-246,21,-83,-4179,99,-245,0,0
-199,29,-71,-4212,228,-179,0,0
-185,33,-75,-4275,234,-85,0,0
-258,18,-32,-4213,336,-37,0,0
-117,-3,22,-4210,315,-70,0,0
-40,-26,40,-4199,314,-81,0,0
34,-48,52,-4150,295,-120,0,0
129,-53,62,-4132,237,-141,0,0
177,-45,60,-4186,194,-91,0,0
210,-47,45,-4248,165,-27,0,0
212,-52,40,-4233,159,-39,0,0
209,-49,66,-4263,147,-58,0,0
180,-37,90,-4300,147,-70,0,0
160,-31,115,-4227,227,-35,0,0
159,-15,128,-4241,145,-104,0,0
106,3,107,-4249,176,-67,0,0
127,-5,80,-4211,199,-45,0,0
115,-12,57,-4194,182,-46,0,0
100,-16,30,-4171,232,-47,0,0
119,-12,16,-4280,233,-92,0,0
50,22,25,-4327,259,-101,0,0
-61,48,74,-4253,252,-48,0,0
-75,51,103,-4215,282,-75,0,0
-67,58,81,-4183,325,-76,0,0
-45,61,60,-4187,399,-88,0,0
4,61,47,-4281,382,-63,0,0
9,45,56,-4231,351,-58,0,0
62,23,55,-4185,359,-111,0,0
97,21,36,-4130,342,-81,0,0
73,22,35,-4126,331,-87,0,0
34,32,36,-4158,359,-73,0,0
19,36,29,-4153,347,-50,0,0
11,26,27,-4187,360,-76,0,0
14,24,33,-4184,370,-83,0,0
-7,22,55,-4175,336,-99,0,0
8,17,55,-4234,394,-192,0,0
25,26,67,-4176,423,-221,0,0
19,42,86,-4149,388,-234,0,0
4,57,84,-4157,401,-203,0,0
3,60,93,-4184,394,-147,0,0
11,45,89,-4194,426,-148,0,0
17,18,75,-4109,456,-145,0,0
26,6,54,-4129,414,-177,0,0
0,11,20,-4191,409,-263,0,0
-32,17,22,-4246,448,-291,0,0
-28,33,55,-4194,405,-261,0,0
-62,47,83,-4180,362,-223,0,0
-76,42,84,-4192,418,-216,0,0
-68,36,61,-4169,432,-243,0,0
-93,35,37,-4198,485,-228,0,0
-64,35,29,-4162,491,-262,0,0
-70,37,33,-4151,492,-221,0,0
-101,36,20,-4124,479,-205,0,0
-120,25,8,-4135,512,-213,0,0
-109,8,5,-4173,550,-255,0,0
-85,3,4,-4246,584,-284,0,0
-77,12,5,-4184,572,-333,0,0
-71,13,35,-4185,518,-296,0,0
-18,3,34,-4183,507,-309,0,0
26,2,17,-4156,493,-331,0,0
33,9,10,-4174,506,-308,0,0
35,13,0,-4182,544,-274,0,0
34,17,-10,-4155,566,-271,0,0
10,21,-2,-4154,574,-274,0,0
-1,20,18,-4145,550,-267,0,0
15,19,27,-4178,536,-264,0,0
13,24,24,-4175,535,-296,0,0
-9,31,34,-4152,531,-310,0,0
-15,35,53,-4161,505,-287,0,0
-27,30,50,-4149,500,-281,0,0
-34,16,43,-4126,515,-287,0,0
-29,6,27,-4120,503,-294,0,0
-45,5,9,-4133,548,-305,0,0
-54,5,15,-4161,590,-305,0,0
-57,6,30,-4160,576,-303,0,0
-60,3,31,-4139,567,-299,0,0
-38,1,15,-4170,595,-304,0,0
-29,3,8,-4174,651,-302,0,0
-2,-2,30,-4164,616,-320,0,0
14,-12,40,-4150,593,-272,0,0
0,-11,53,-4152,593,-317,0,0
-26,13,75,-4147,575,-423,0,0
-68,22,75,-4115,604,-368,0,0
-73,24,50,-4138,619,-267,0,0
-48,9,23,-4116,654,-246,0,0
-11,-11,20,-4104,649,-267,0,0
27,-22,5,-4164,664,-327,0,0
23,-19,-15,-4175,706,-359,0,0
32,-15,5,-4148,699,-353,0,0
75,-11,29,-4169,656,-341,0,0
81,-5,17,-4157,627,-373,0,0
39,1,18,-4105,640,-360,0,0
25,11,34,-4090,643,-322,0,0
24,21,30,-4127,639,-291,0,0
2,28,12,-4154,655,-297,0,0
-16,23,11,-4126,651,-280,0,0
-10,8,11,-4115,662,-277,0,0
21,2,-15,-4107,680,-312,0,0
15,2,-32,-4078,670,-326,0,0
20,-3,-10,-4165,693,-311,0,0
57,-11,-16,-4150,679,-345,0,0
45,-11,-15,-4072,637,-364,0,0
18,-6,-3,-4101,647,-339,0,0
26,-2,-7,-4128,642,-319,0,0
15,-11,-4,-4103,636,-301,0,0
15,-12,-2,-4079,623,-291,0,0
8,-20,-2,-4085,609,-276,0,0
-11,-26,-7,-4069,636,-284,0,0
-12,-20,-16,-4083,641,-292,0,0
-61,-3,-7,-4125,652,-285,0,0
-119,3,24,-4234,671,-261,0,0
-110,-10,32,-4271,690,-274,0,0
-54,-28,32,-4179,636,-394,0,0
-25,-23,37,-4128,587,-493,0,0
-26,7,16,-4131,634,-426,0,0
-31,24,15,-4136,678,-290,0,0
-21,19,33,-4113,664,-228,0,0
-21,4,26,-4107,656,-187,0,0
-10,-15,9,-4112,667,-217,0,0
-17,-24,16,-4156,684,-261,0,0
-33,-23,29,-4140,675,-324,0,0
-47,-14,41,-4145,639,-351,0,0
-53,-4,33,-4164,646,-339,0,0
-43,0,20,-4140,642,-330,0,0
-36,4,17,-4125,652,-314,0,0
-28,6,7,-4150,690,-283,0,0
-19,1,-1,-4129,718,-274,0,0
-12,-2,4,-4115,717,-306,0,0
-11,0,12,-4130,707,-296,0,0
20,-1,13,-4139,678,-292,0,0
34,2,-2,-4138,698,-317,0,0
46,6,-2,-4144,711,-312,0,0
74,4,9,-4155,653,-307,0,0
71,1,2,-4139,605,-292,0,0
45,-3,-13,-4112,593,-287,0,0
27,-6,-18,-4122,631,-294,0,0
8,-6,-15,-4148,697,-293,0,0
9,-9,-11,-4131,739,-299,0,0
26,-13,0,-4114,726,-311,0,0
41,-12,6,-4135,707,-324,0,0
51,-14,5,-4145,684,-316,0,0
36,4,13,-4110,664,-316,0,0
34,5,30,-4147,638,-313,0,0
52,-1,21,-4200,640,-303,0,0
64,-7,-1,-4155,663,-321,0,0
77,-9,4,-4105,664,-336,0,0
89,-10,8,-4123,669,-336,0,0
94,-8,-1,-4145,687,-339,0,0
92,-6,-4,-4120,689,-350,0,0
72,-1,10,-4102,658,-337,0,0
62,3,14,-4122,665,-351,0,0
59,14,7,-4136,658,-352,0,0
28,21,27,-4100,647,-363,0,0
1,23,45,-4120,626,-326,0,0
-10,17,26,-4086,607,-315,0,0
-21,9,10,-4039,588,-312,0,0
-23,1,-3,-4096,592,-281,0,0
-25,-10,-20,-4134,593,-277,0,0
-45,-24,-23,-4105,607,-276,0,0
-43,-38,-23,-4063,618,-286,0,0
-48,-45,-32,-4062,612,-284,0,0
-81,-42,-51,-4093,654,-285,0,0
-134,-33,-57,-4213,632,-209,0,0
-275,-29,-39,-4253,614,-283,0,0
-442,-23,6,-4247,689,-384,0,0
-385,-21,12,-4167,749,-492,0,0
-177,-1,-13,-4106,746,-517,0,0
21,26,-1,-4145,740,-391,0,0
104,46,21,-4149,659,-243,0,0
62,47,31,-4137,624,-170,0,0
9,29,39,-4110,605,-147,0,0
-12,1,31,-4078,591,-159,0,0
11,-16,1,-4146,611,-252,0,0
-14,-8,-10,-4176,658,-331,0,0
-53,8,22,-4151,658,-327,0,0
-35,12,36,-4148,614,-284,0,0
-16,9,5,-4121,612,-243,0,0
-3,0,-15,-4138,645,-256,0,0
-12,-5,-6,-4138,662,-258,0,0
-24,-6,5,-4129,664,-253,0,0
-30,-5,5,-4140,682,-262,0,0
-23,-7,11,-4135,660,-276,0,0
-4,-8,11,-4136,629,-293,0,0
10,-3,-1,-4152,637,-283,0,0
14,0,-7,-4151,681,-264,0,0
59,-11,4,-4125,664,-267,0,0
110,-20,-8,-4139,617,-291,0,0
123,-20,-33,-4125,614,-291,0,0
136,-28,-32,-4133,624,-315,0,0
105,-7,-19,-4162,670,-280,0,0
52,1,11,-4190,728,-249,0,0
39,-6,44,-4168,707,-264,0,0
58,-14,59,-4120,631,-292,0,0
94,-19,41,-4096,576,-320,0,0
135,-16,5,-4172,592,-308,0,0
137,-14,-1,-4168,587,-313,0,0
99,-19,20,-4187,582,-293,0,0
99,-22,6,-4185,598,-312,0,0
78,-21,-3,-4152,634,-329,0,0
62,-15,12,-4119,642,-328,0,0
56,-16,15,-4112,638,-316,0,0
54,-3,3,-4145,649,-318,0,0
49,1,2,-4137,634,-313,0,0
40,-1,17,-4130,626,-314,0,0
55,5,10,-4156,639,-321,0,0
63,13,-1,-4149,639,-338,0,0
41,20,17,-4142,626,-337,0,0
39,18,26,-4171,622,-327,0,0
62,12,5,-4162,592,-342,0,0
59,5,-9,-4143,596,-364,0,0
64,3,-17,-4113,607,-361,0,0
70,11,-27,-4143,603,-334,0,0
60,16,-36,-4129,587,-324,0,0
53,16,-31,-4047,584,-279,0,0
57,4,-47,-4125,636,-270,0,0
87,-2,-77,-4140,645,-318,0,0
18,-3,-24,-4076,627,-303,0,0
-31,-8,56,-4090,615,-291,0,0
-32,-15,84,-4183,572,-302,0,0
-26,-21,70,-4177,533,-324,0,0
-21,-23,51,-4088,530,-343,0,0
-26,-13,30,-4060,501,-358,0,0
-51,-1,3,-4139,550,-348,0,0
-43,9,-24,-4152,555,-341,0,0
-65,9,-25,-4184,561,-315,0,0
-57,1,-37,-4157,575,-327,0,0
-37,-2,-47,-4099,578,-309,0,0
-37,-1,-47,-4139,596,-315,0,0
-56,3,-33,-4125,587,-304,0,0
-78,0,-7,-4156,608,-295,0,0
-92,1,9,-4096,552,-325,0,0
-141,8,11,-4053,582,-302,0,0
-159,17,-3,-4123,581,-259,0,0
-198,16,2,-4219,618,-258,0,0
-191,2,12,-4231,654,-263,0,0
-139,-23,31,-4225,662,-258,0,0
-84,-40,44,-4182,627,-423,0,0
-61,-15,27,-4166,593,-554,0,0
-59,23,25,-4146,646,-482,0,0
11,40,51,-4185,591,-336,0,0
15,37,44,-4143,585,-245,0,0
-1,23,30,-4111,612,-240,0,0
12,4,26,-4109,605,-263,0,0
14,-9,22,-4121,607,-246,0,0
5,-15,19,-4140,608,-277,0,0
-9,-20,17,-4150,599,-300,0,0
-22,-27,16,-4139,598,-315,0,0
-3,-25,0,-4132,602,-356,0,0
3,-11,-15,-4153,650,-372,0,0
-7,5,-1,-4156,674,-319,0,0
-10,6,26,-4156,642,-263,0,0
5,-2,10,-4135,611,-261,0,0
8,-11,-4,-4126,620,-300,0,0
-5,-11,7,-4143,619,-313,0,0
-23,-3,9,-4135,621,-289,0,0
-25,0,4,-4127,645,-282,0,0
-15,-2,3,-4139,638,-292,0,0
-19,-6,5,-4139,650,-306,0,0
15,-9,2,-4167,653,-322,0,0
32,-2,1,-4145,681,-362,0,0
47,7,21,-4135,648,-355,0,0
52,11,38,-4163,612,-310,0,0
50,8,20,-4148,613,-288,0,0
43,3,9,-4137,622,-310,0,0
39,0,11,-4148,647,-316,0,0
40,1,15,-4135,634,-314,0,0
33,0,13,-4115,641,-320,0,0
33,-2,11,-4122,624,-301,0,0
24,-10,8,-4146,651,-299,0,0
55,-12,-3,-4158,660,-330,0,0
29,-4,8,-4116,661,-328,0,0
11,-1,34,-4147,645,-304,0,0
23,-14,21,-4174,639,-319,0,0
34,-13,-1,-4122,658,-329,0,0
52,-16,6,-4112,661,-347,0,0
55,-11,9,-4111,648,-357,0,0
51,-6,2,-4123,666,-360,0,0
58,-2,-2,-4123,664,-358,0,0
45,1,8,-4126,649,-331,0,0
55,1,5,-4133,676,-358,0,0
52,14,0,-4108,664,-355,0,0
8,27,29,-4068,647,-337,0,0
-17,27,45,-4141,619,-273,0,0
1,10,17,-4165,614,-278,0,0
26,-11,8,-4120,589,-297,0,0
15,-21,19,-4079,593,-297,0,0
12,-23,4,-4111,590,-291,0,0
8,-29,-21,-4114,600,-304,0,0
19,-43,-24,-4119,614,-289,0,0
28,-53,-29,-4127,613,-293,0,0
15,-52,-44,-4102,630,-325,0,0
2,-43,-33,-4099,650,-305,0,0
-25,-27,-3,-4112,643,-327,0,0
-84,-8,19,-4191,642,-321,0,0
-88,-1,8,-4214,670,-303,0,0
-69,2,11,-4203,621,-344,0,0
-79,2,38,-4189,596,-357,0,0
-55,5,31,-4132,579,-347,0,0
-41,11,11,-4120,616,-314,0,0
-28,12,10,-4138,639,-263,0,0
-39,7,20,-4122,647,-247,0,0
-40,5,19,-4144,645,-253,0,0
-53,8,19,-4136,667,-260,0,0
-53,8,37,-4152,631,-283,0,0
-68,7,40,-4172,624,-297,0,0
-46,4,19,-4143,615,-319,0,0
-37,4,14,-4128,614,-331,0,0
-36,5,8,-4124,647,-273,0,0
-19,-1,-3,-4121,668,-254,0,0
-1,-8,-13,-4140,693,-265,0,0
3,-9,-12,-4143,686,-288,0,0
-5,-7,1,-4132,669,-305,0,0
11,-6,0,-4181,668,-301,0,0
40,-3,-6,-4149,692,-343,0,0
68,0,19,-4133,646,-332,0,0
69,2,23,-4140,610,-276,0,0
71,-3,-7,-4135,620,-281,0,0
63,-11,-12,-4144,666,-297,0,0
74,-14,-3,-4117,673,-313,0,0
75,-11,3,-4132,679,-331,0,0
61,-12,15,-4134,672,-324,0,0
51,-5,27,-4136,647,-298,0,0
72,-9,14,-4142,651,-306,0,0
75,-3,-1,-4144,665,-321,0,0
41,3,32,-4116,667,-329,0,0
27,2,63,-4153,649,-300,0,0
31,-2,34,-4144,648,-297,0,0
45,-8,21,-4112,658,-329,0,0
51,-9,34,-4122,641,-337,0,0
39,-4,27,-4122,643,-329,0,0
32,1,10,-4103,653,-338,0,0
23,3,8,-4111,649,-303,0,0
16,0,10,-4101,652,-310,0,0
20,1,-3,-4091,662,-312,0,0
-16,10,-1,-4092,658,-270,0,0
-28,2,18,-4173,665,-262,0,0
14,-19,9,-4151,637,-292,0,0
8,-30,-6,-4086,633,-294,0,0
3,-28,-11,-4110,647,-333,0,0
-6,-20,-20,-4099,635,-347,0,0
-21,-17,-18,-4098,660,-295,0,0
-11,-16,-22,-4114,635,-297,0,0
-38,-19,-22,-4119,625,-270,0,0
-42,-23,-25,-4098,645,-271,0,0
-48,-12,-31,-4143,654,-293,0,0
-100,1,-6,-4191,695,-301,0,0
-126,3,39,-4241,692,-291,0,0
-89,2,32,-4174,661,-357,0,0
-53,10,16,-4120,635,-408,0,0
-49,23,27,-4130,626,-348,0,0
-47,29,27,-4138,624,-263,0,0
-56,23,23,-4127,646,-237,0,0
-61,13,25,-4126,652,-230,0,0
-88,4,28,-4113,651,-247,0,0
-84,-7,23,-4108,674,-279,0,0
-57,-4,9,-4133,694,-331,0,0
-66,8,16,-4153,705,-322,0,0
-45,7,25,-4164,670,-308,0,0
-19,7,6,-4143,652,-293,0,0
-19,7,3,-4136,661,-289,0,0
-23,5,7,-4140,666,-283,0,0
-35,8,1,-4126,691,-280,0,0
-18,5,-13,-4135,715,-285,0,0
14,-2,-5,-4148,692,-313,0,0
28,-3,-2,-4108,671,-322,0,0
36,3,-4,-4142,663,-291,0,0
30,5,-5,-4142,712,-265,0,0
66,-7,15,-4121,686,-299,0,0
91,-12,15,-4112,644,-314,0,0
86,-9,-4,-4114,642,-301,0,0
69,-10,0,-4131,666,-287,0,0
53,-10,13,-4166,703,-281,0,0
44,-12,21,-4142,713,-303,0,0
46,-14,36,-4101,672,-323,0,0
36,-10,39,-4131,631,-306,0,0
38,-5,15,-4169,632,-302,0,0
32,1,-3,-4158,662,-322,0,0
10,5,23,-4137,674,-321,0,0
14,4,35,-4176,667,-310,0,0
33,1,2,-4149,679,-320,0,0
54,-10,-7,-4130,685,-350,0,0
57,2,4,-4092,681,-351,0,0
44,8,1,-4100,681,-337,0,0
37,13,-16,-4121,699,-336,0,0
44,11,-14,-4129,687,-321,0,0
54,3,-4,-4154,699,-349,0,0
77,6,-14,-4137,713,-357,0,0
78,15,-7,-4107,696,-384,0,0
64,20,22,-4172,682,-370,0,0
68,20,17,-4149,661,-378,0,0
69,20,7,-4084,647,-390,0,0
62,23,6,-4096,633,-374,0,0
56,26,-11,-4116,642,-368,0,0
73,24,-34,-4145,643,-360,0,0
70,21,-37,-4098,632,-346,0,0
56,15,-30,-4084,644,-337,0,0
61,17,-42,-4120,642,-353,0,0
-6,27,-18,-3986,614,-323,0,0
-57,21,44,-4091,644,-278,0,0
-13,-3,34,-4186,593,-302,0,0
-17,-29,6,-4110,604,-323,0,0
4,-44,17,-4051,606,-381,0,0
-22,-40,21,-4056,581,-365,0,0
-35,-44,10,-4188,639,-382,0,0
4,-54,-9,-4108,592,-394,0,0
-26,-62,3,-4131,632,-350,0,0
24,-63,-19,-4116,603,-409,0,0
-3,-47,-33,-4070,606,-370,0,0
-36,-31,-5,-4149,647,-351,0,0
-49,-22,14,-4169,601,-342,0,0
-82,-23,11,-4192,629,-317,0,0
-42,-34,5,-4099,587,-330,0,0
-50,-28,5,-4057,584,-340,0,0
-101,-10,-7,-4151,619,-335,0,0
-135,1,2,-4176,654,-351,0,0
-154,14,19,-4149,634,-328,0,0
-189,14,16,-4186,653,-227,0,0
-148,-4,-1,-4236,664,-269,0,0
-112,-14,12,-4169,676,-349,0,0
-88,-6,41,-4110,636,-396,0,0
-61,9,28,-4158,619,-376,0,0
-37,16,0,-4148,663,-291,0,0
-17,14,13,-4136,662,-246,0,0
-22,11,23,-4117,634,-242,0,0
-49,7,13,-4130,648,-233,0,0
-54,0,16,-4151,667,-268,0,0
-54,0,26,-4148,625,-316,0,0
-64,7,22,-4123,634,-336,0,0
-43,19,9,-4159,644,-309,0,0
-47,28,4,-4139,689,-270,0,0
-31,19,22,-4139,679,-245,0,0
-5,9,14,-4128,639,-264,0,0
-8,2,-8,-4119,650,-289,0,0
-13,-1,-5,-4139,656,-313,0,0
-9,0,1,-4156,654,-282,0,0
14,-8,-5,-4129,694,-290,0,0
63,-14,-5,-4125,680,-322,0,0
57,-9,4,-4110,639,-308,0,0
44,-6,8,-4134,645,-287,0,0
24,4,3,-4164,703,-294,0,0
15,7,21,-4159,718,-295,0,0
44,-3,39,-4150,675,-317,0,0
72,-5,15,-4117,644,-328,0,0
72,-3,10,-4124,642,-319,0,0
64,-3,20,-4146,641,-308,0,0
43,-2,17,-4141,668,-295,0,0
34,-4,19,-4103,687,-297,0,0
39,-8,28,-4114,664,-280,0,0
42,-9,13,-4143,670,-293,0,0
52,-7,-1,-4138,695,-303,0,0
51,-6,23,-4108,681,-318,0,0
45,-4,34,-4160,660,-316,0,0
49,-14,8,-4129,670,-344,0,0
50,-7,7,-4063,671,-368,0,0
38,3,16,-4036,655,-348,0,0
2,18,4,-4057,654,-298,0,0
-18,20,-8,-4119,679,-275,0,0
-13,3,0,-4140,648,-235,0,0
-8,-21,6,-4115,637,-247,0,0
9,-31,-14,-4120,644,-247,0,0
-7,-30,-13,-4110,634,-278,0,0
-41,-35,13,-4138,641,-273,0,0
-27,-47,4,-4125,659,-298,0,0
-33,-44,-12,-4095,674,-368,0,0
-59,-24,4,-4105,720,-441,0,0
-61,7,17,-4136,712,-408,0,0
-68,31,19,-4161,720,-294,0,0
-36,28,20,-4166,709,-219,0,0
-35,9,23,-4169,684,-195,0,0
-19,-17,26,-4135,662,-259,0,0
-12,-18,24,-4109,654,-337,0,0
-19,-5,26,-4132,655,-359,0,0
-36,8,28,-4176,657,-315,0,0
-41,12,21,-4128,682,-269,0,0
-35,7,18,-4104,690,-250,0,0
-35,0,18,-4107,710,-246,0,0
-31,-2,17,-4126,714,-268,0,0
-20,-4,12,-4149,718,-304,0,0
-17,0,17,-4132,699,-337,0,0
-16,8,19,-4113,686,-320,0,0
-9,13,2,-4151,721,-256,0,0
3,10,-1,-4134,773,-264,0,0
38,2,22,-4125,721,-304,0,0
64,-1,16,-4118,679,-307,0,0
111,-14,-9,-4124,695,-305,0,0
156,-24,-21,-4136,688,-323,0,0
154,-20,-28,-4125,689,-322,0,0
112,-8,-18,-4142,695,-316,0,0
24,8,11,-4161,724,-265,0,0
-25,8,40,-4098,717,-250,0,0
-14,-3,45,-4103,692,-277,0,0
-11,1,22,-4098,704,-310,0,0
-14,4,26,-4121,688,-305,0,0
6,-5,22,-4189,652,-315,0,0
23,-14,-10,-4135,634,-344,0,0
17,-15,-18,-4089,653,-361,0,0
-3,-5,-16,-4094,690,-341,0,0
-20,4,-19,-4134,724,-301,0,0
-16,2,-24,-4117,732,-290,0,0
0,-6,-17,-4104,720,-268,0,0
21,-11,-30,-4146,745,-298,0,0
36,-4,-40,-4122,756,-321,0,0
23,2,8,-4091,739,-335,0,0
30,8,38,-4203,690,-330,0,0
13,7,19,-4172,692,-318,0,0
49,-4,27,-4091,668,-347,0,0
77,-3,22,-4109,632,-365,0,0
66,9,-9,-4138,656,-361,0,0
32,22,-3,-4132,644,-361,0,0
-7,28,15,-4115,619,-327,0,0
15,34,2,-4112,603,-342,0,0
30,41,-24,-4102,692,-311,0,0
13,26,-14,-4045,688,-278,0,0
-10,12,-16,-4061,646,-263,0,0
-9,-4,-42,-4140,650,-270,0,0
7,-19,-36,-4164,654,-306,0,0
2,-28,-7,-4074,663,-304,0,0
-3,-25,4,-4108,651,-329,0,0
0,-20,-9,-4148,656,-371,0,0
-14,-22,9,-4119,592,-318,0,0
-26,-15,37,-4117,566,-318,0,0
-85,-6,35,-4126,638,-363,0,0
-96,-7,8,-4138,671,-339,0,0
-71,-5,-16,-4122,659,-284,0,0
-67,0,-7,-4140,666,-310,0,0
-84,2,5,-4069,638,-361,0,0
-151,14,6,-4000,643,-335,0,0
-203,40,-5,-4070,603,-314,0,0
-286,60,-9,-4259,665,-326,0,0
-310,48,11,-4276,718,-285,0,0
-202,19,26,-4176,712,-375,0,0
-137,15,16,-4098,705,-463,0,0
-50,37,13,-4125,685,-417,0,0
-8,63,36,-4132,664,-321,0,0
-17,61,51,-4154,680,-232,0,0
-4,34,40,-4151,638,-229,0,0
-10,14,10,-4110,601,-285,0,0
-14,6,-4,-4137,642,-334,0,0
-26,15,-5,-4173,686,-355,0,0
-41,26,7,-4125,720,-341,0,0
-55,36,20,-4128,722,-321,0,0
-78,38,23,-4105,730,-312,0,0
-66,34,24,-4103,713,-347,0,0
-48,39,9,-4118,752,-396,0,0
-42,44,13,-4117,758,-412,0,0
-6,46,33,-4130,699,-383,0,0
14,42,20,-4128,684,-354,0,0
19,26,16,-4095,708,-359,0,0
46,12,16,-4091,700,-393,0,0
63,10,13,-4085,695,-412,0,0
32,14,22,-4109,723,-405,0,0
-37,2,25,-4070,652,-460,0,0
-278,-13,22,-4048,765,-422,0,0
-326,3,9,-4097,855,-384,0,0
-253,23,24,-4101,795,-510,0,0
-268,0,79,-4155,767,-572,0,0
-189,-12,95,-4276,760,-703,0,0
-56,33,89,-4148,687,-803,0,0
56,38,67,-3880,604,-488,0,0
174,-18,10,-3683,629,-191,0,0
224,-79,-57,-4025,642,-133,0,0
207,-132,-126,-4799,786,-218,0,0
264,-168,-191,-4547,893,-397,0,0
282,-153,-100,-3628,715,-503,0,0
234,-80,-13,-3715,539,-414,0,0
69,-27,-73,-4227,724,-138,0,0
-20,-47,-73,-4170,799,-90,0,0
33,-104,42,-3856,951,-185,0,0
97,-125,311,-3560,1251,-113,0,0
453,-81,703,-3386,1562,-183,0,0
948,62,1241,-3267,2007,-125,0,0
1426,193,1907,-3491,2937,-577,0,0
1394,398,3064,-4992,4349,-733,0,0
944,562,4492,-6960,6248,-1209,0,0
1220,718,5348,-6428,6313,-1119,0,0
1278,519,5111,-3813,4227,-1035,0,0
984,115,3976,-1527,2779,-418,0,0
719,-410,2826,-694,1287,-704,0,0
-144,-460,2538,-1360,435,-269,0,0
1166,144,2756,-2368,272,-435,0,0
1923,-30,3163,-127,75,920,0,0
1500,-438,3298,-243,-14,231,0,0
1829,-426,3139,57,420,-301,0,0
1828,-274,2424,236,1684,-1296,0,0
1378,-30,1533,-288,2311,-2430,0,0
683,307,1069,-262,2072,-2302,0,0
170,480,770,1412,1894,-2491,0,0
241,538,140,2668,2474,-6440,0,0
-169,812,-666,3971,2627,-4661,0,0
-486,895,-1216,4388,3375,-4781,0,0
-224,729,-1025,4751,3391,-5407,0,0
-30,700,-439,5244,3756,-4586,0,0
169,347,97,4956,3754,-4581,0,0
307,165,424,4502,3960,-4989,0,0
702,98,408,3871,4141,-4442,0,0
644,-166,108,2735,2704,-3599,0,0
-14,-294,-481,1536,1726,-3198,0,0
-919,-202,-1325,-1,1619,-1800,0,0
-1894,119,-1969,-470,1666,-271,0,0
-2243,264,-2548,-491,429,301,0,0
-2792,522,-2386,-323,299,-203,0,0
-1233,587,-1389,1967,187,-641,0,0
-36,496,-505,1955,778,-271,0,0
723,757,708,706,323,520,0,0
2167,877,1978,639,303,1509,0,0
2288,423,2602,718,635,998,0,0
1125,-304,2337,1635,944,-1959,0,0
1013,-413,1584,2568,1788,-2474,0,0
1399,-334,1265,3342,3361,-2368,0,0
795,-201,1348,3702,3033,-3157,0,0
502,-99,1144,2847,1648,-4666,0,0
265,154,269,3536,2132,-4946,0,0
219,262,-310,4922,2768,-3739,0,0
-287,134,-561,5057,2961,-4331,0,0
-542,65,-526,5388,3230,-4556,0,0
-420,-50,-361,4924,3034,-4734,0,0
-155,48,-151,4082,2633,-3366,0,0
-289,-230,-123,3268,2669,-3379,0,0
-243,-496,-389,3204,3150,-3542,0,0
-287,-459,-694,2926,2526,-2590,0,0
-521,-370,-1054,2200,1813,-1830,0,0
-895,-139,-1395,1375,1541,-994,0,0
-948,-7,-1629,1128,1475,-679,0,0
-634,89,-1454,249,1466,-1138,0,0
73,302,-573,-149,963,-359,0,0
383,60,314,-228,-140,-611,0,0
753,-130,663,389,-728,-367,0,0
844,-5,1090,455,-136,574,0,0
715,-7,1568,836,633,270,0,0
289,-250,1240,776,1447,-1875,0,0
-33,-3,554,272,1405,-2819,0,0
-378,265,184,1006,2035,-1779,0,0
-596,96,61,2504,3362,-2158,0,0
-524,51,-14,3346,4023,-3483,0,0
-542,90,-36,4013,3209,-4467,0,0
-405,105,49,5190,2989,-4396,0,0
-416,-141,186,6228,3187,-4502,0,0
-521,-275,372,5823,3667,-4949,0,0
-151,-286,385,4978,3761,-4627,0,0
-157,-411,45,4077,3654,-4275,0,0
86,-444,-521,2610,3624,-4147,0,0
352,-299,-1331,710,2750,-3336,0,0
168,-159,-1562,924,3662,-1949,0,0
-141,-48,-1273,948,3193,-1333,0,0
-191,182,-1203,435,1556,-2722,0,0
-260,678,-1207,148,630,-2016,0,0
344,544,-626,-237,456,108,0,0
1141,255,386,15,398,996,0,0
1253,473,437,203,311,39,0,0
1048,1221,338,-2,-290,122,0,0
1030,1352,1028,46,347,813,0,0
1212,412,1473,1422,1051,-825,0,0
1051,-142,904,2106,1293,-2757,0,0
-88,59,220,2955,2094,-1563,0,0
-835,100,74,3055,3186,-1715,0,0
-754,101,112,2718,3217,-3261,0,0
-714,111,98,3017,3390,-3793,0,0
-380,-108,118,3371,3254,-4163,0,0
107,-266,43,4087,3044,-3883,0,0
-253,-257,-105,4933,3376,-3975,0,0
-188,-105,-174,4867,3795,-4203,0,0
-202,82,-88,4116,3906,-3891,0,0
-205,186,153,3424,3584,-3554,0,0
-195,190,254,3093,3127,-2999,0,0
-230,21,85,3104,3153,-3037,0,0
-356,-215,-203,3352,3016,-2940,0,0
-599,-420,-722,3118,2459,-2777,0,0
-840,-410,-1285,2017,2272,-2676,0,0
-723,-58,-1392,998,1572,-696,0,0
-344,51,-1108,367,1032,148,0,0
-161,108,-616,-240,225,-432,0,0
136,36,-69,-312,-882,-2664,0,0
654,-337,248,186,-453,-154,0,0
581,-475,569,437,28,418,0,0
378,-111,1027,112,231,461,0,0
450,-3,1222,587,761,-280,0,0
335,-351,748,934,2061,-3002,0,0
16,-276,174,846,2998,-3743,0,0
-287,-145,170,1313,3220,-2095,0,0
-806,-362,412,2228,3248,-2583,0,0
-959,-131,410,2888,3350,-3139,0,0
-891,212,70,3215,2700,-3239,0,0
-848,308,81,3960,3199,-3178,0,0
-567,-45,265,4524,4296,-4531,0,0
-401,-272,179,4343,5173,-5151,0,0
45,-443,224,4123,5026,-4491,0,0
476,-536,293,3603,4273,-4255,0,0
473,-465,81,3301,3707,-3782,0,0
203,-384,-237,2983,3638,-3550,0,0
128,-300,-685,1687,3290,-3367,0,0
-116,-144,-1038,676,3244,-2167,0,0
-746,-32,-1238,555,2816,-931,0,0
-591,163,-1536,42,1990,-1281,0,0
-312,823,-1659,-787,904,-1357,0,0
171,1567,-1099,-398,-332,-135,0,0
989,1280,-311,1098,-559,888,0,0
982,678,51,1380,-489,0,0,0
960,836,460,324,245,-178,0,0
767,925,1144,-414,461,585,0,0
854,437,1665,573,681,-309,0,0
1060,-102,1461,2019,1489,-1864,0,0
359,-134,757,2502,2727,-2369,0,0
-656,-21,256,3349,3647,-2476,0,0
-686,-36,245,3421,4327,-3737,0,0
-337,-210,344,3029,3559,-4967,0,0
-13,-272,154,3805,3382,-4790,0,0
146,-271,-200,4564,3738,-4134,0,0
-144,-137,-352,4620,4339,-4444,0,0
-236,-15,-245,4279,4662,-4399,0,0
-268,-66,122,3645,4207,-3963,0,0
-56,-157,472,3003,3319,-3779,0,0
72,-158,529,2830,3093,-3302,0,0
-88,-222,237,3218,2629,-2951,0,0
-494,-218,-548,2743,2536,-3050,0,0
-829,-88,-1301,1393,1966,-1457,0,0
-1093,6,-1254,766,1098,238,0,0
-865,47,-658,-50,735,207,0,0
-270,-64,49,-508,-162,-247,0,0
87,-425,338,-404,-1117,-999,0,0
417,-611,358,-173,-470,-111,0,0
414,-614,545,-102,141,829,0,0
93,-332,734,-428,413,294,0,0
376,92,903,4,788,-418,0,0
355,27,406,971,2131,-2109,0,0
-1,156,-313,972,3574,-3980,0,0
52,424,-331,1052,3972,-2751,0,0
-281,-24,289,2176,3475,-2360,0,0
-138,-326,577,3759,3658,-3893,0,0
-232,108,235,4796,3263,-4146,0,0
-258,270,114,5204,3890,-4247,0,0
-282,-83,151,4515,4825,-5433,0,0
-91,-239,140,4066,5055,-5631,0,0
125,-262,165,3915,4418,-4993,0,0
293,-270,216,3743,3365,-4088,0,0
217,-395,52,3663,3060,-3808,0,0
20,-430,-375,2435,2999,-3437,0,0
87,-199,-669,719,2502,-2306,0,0
-344,42,-821,457,2762,-1389,0,0
-561,178,-1330,379,2737,-1152,0,0
-345,361,-1541,-508,1570,-1641,0,0
-137,1030,-1147,-1021,203,-701,0,0
728,1248,-417,-98,-645,501,0,0
1097,736,-221,1041,-1015,694,0,0
848,721,-102,401,-318,225,0,0
840,964,496,-93,460,555,0,0
525,706,1053,42,560,-262,0,0
822,88,1264,2021,785,-1361,0,0
433,-178,828,2752,2297,-2041,0,0
-293,46,455,2693,3219,-2199,0,0
-521,-68,286,3194,3578,-3879,0,0
-443,-323,293,3192,3245,-4520,0,0
-61,-776,520,3542,3433,-4545,0,0
35,-1057,515,4059,3285,-4493,0,0
-263,-938,452,4152,3432,-4458,0,0
-389,-640,427,4028,3903,-4775,0,0
-378,-379,463,3434,3768,-4798,0,0
-134,-225,577,2785,3309,-4662,0,0
240,68,529,2747,2834,-4190,0,0
422,276,151,2471,2998,-4057,0,0
281,272,-297,2993,2655,-3585,0,0
-433,126,-737,3336,2155,-2587,0,0
-1118,-158,-1175,2013,1494,-1842,0,0
-1531,-224,-1175,855,669,-449,0,0
-1187,-366,-624,191,703,822,0,0
-786,-643,88,-240,481,463,0,0
-528,-803,275,-408,-975,-1240,0,0
-226,-528,-77,-255,-807,-441,0,0
283,-627,175,-31,374,826,0,0
-29,-587,657,-262,1044,-567,0,0
374,-125,909,160,1845,-1110,0,0
104,21,433,876,3153,-2735,0,0
-46,327,-129,246,4190,-4011,0,0
97,573,-104,129,3576,-1968,0,0
196,343,278,1008,3033,-2019,0,0
201,485,58,2375,3561,-2661,0,0
-55,700,-230,2815,3290,-3446,0,0
113,625,-168,3670,3528,-4211,0,0
207,271,-40,4750,4173,-4464,0,0
132,56,-120,4531,4641,-4876,0,0
-19,-43,-142,4285,4685,-4988,0,0
97,-308,-3,3447,3978,-5058,0,0
290,-562,176,3244,3179,-3948,0,0
241,-612,172,3325,3483,-3966,0,0
77,-357,-43,2684,3236,-3352,0,0
-35,-104,-230,1573,3022,-2700,0,0
-400,126,-399,344,2503,-1490,0,0
-726,369,-756,-173,1937,-1055,0,0
-585,712,-1099,-1186,735,-1870,0,0
-23,1248,-899,-1268,-349,-268,0,0
851,788,-419,434,-354,1005,0,0
1008,315,-494,1026,-1012,248,0,0
776,659,-178,523,-61,490,0,0
753,731,652,-157,348,62,0,0
793,436,1191,603,289,-20,0,0
901,-166,957,2191,1785,-1767,0,0
483,-249,5,1809,3503,-3882,0,0
-720,248,-592,2378,3953,-2298,0,0
-640,-95,-376,3127,3847,-3795,0,0
139,-497,76,2519,3108,-4582,0,0
410,-663,327,2675,3154,-3842,0,0
366,-594,294,3264,3611,-4134,0,0
119,-228,230,3233,3699,-4173,0,0
-65,-72,266,3124,3653,-4407,0,0
-229,-113,376,3240,3569,-4549,0,0
-226,-161,571,3172,3612,-4229,0,0
-83,-220,754,2839,3253,-4490,0,0
206,-99,735,2772,2933,-4512,0,0
385,33,514,2826,2976,-4450,0,0
392,148,226,2883,2485,-4001,0,0
-205,191,-235,3232,2158,-3013,0,0
-1134,67,-804,2149,1365,-1926,0,0
-1410,51,-983,385,586,-841,0,0
-914,203,-444,-430,213,910,0,0
-661,-72,211,-207,126,836,0,0
-469,-454,175,-399,-649,-1245,0,0
-93,-310,-186,-358,-481,-563,0,0
115,-300,-34,21,162,852,0,0
-19,-275,526,92,450,175,0,0
296,85,1014,-182,965,-812,0,0
530,288,731,555,1812,-2062,0,0
-160,384,-335,1184,3262,-2772,0,0
-274,564,-626,776,4355,-2803,0,0
-10,489,-394,1418,3672,-2566,0,0
100,237,-225,2483,3206,-2996,0,0
60,327,-402,4074,3728,-3214,0,0
-148,256,-527,4943,4298,-4283,0,0
-88,-3,-215,4717,4851,-4473,0,0
129,-353,67,4051,5006,-5099,0,0
306,-412,153,3605,4398,-4906,0,0
349,-348,313,3607,4102,-4495,0,0
307,-258,465,3472,3941,-4280,0,0
446,-181,619,2996,3562,-4154,0,0
582,-215,699,3179,3012,-4154,0,0
622,-301,242,2930,2078,-3299,0,0
19,-301,-372,1568,1857,-2163,0,0
-689,-59,-514,420,2458,-2010,0,0
-666,501,-881,-326,1536,-228,0,0
-972,1075,-725,-1649,-822,-861,0,0
363,1103,-461,-711,-448,135,0,0
1279,297,-571,554,-293,547,0,0
1123,286,-612,606,-240,-152,0,0
823,663,19,384,-209,839,0,0
638,591,838,182,-468,524,0,0
710,103,1239,1202,-459,-427,0,0
645,-541,971,2377,1745,-1807,0,0
271,-727,172,1838,3682,-3607,0,0
-725,-256,-230,2341,3636,-3331,0,0
-1001,-259,-293,2993,1677,-4621,0,0
-355,-559,19,2791,2614,-4350,0,0
-29,-850,264,2768,3336,-3900,0,0
-246,-475,196,2858,3216,-4246,0,0
-198,-78,29,3197,3515,-6168,0,0
-511,-39,-65,3257,3728,-4817,0,0
-386,-120,-8,3232,4019,-4826,0,0
-325,-256,344,3526,3683,-4333,0,0
-219,-48,585,3141,3248,-4557,0,0
149,269,510,2663,3404,-3908,0,0
237,218,395,2255,2822,-4079,0,0
326,218,59,2520,2982,-3983,0,0
-12,90,-351,2987,2544,-3283,0,0
-672,-70,-767,2820,2956,-3337,0,0
-629,-52,-998,1449,2251,-2234,0,0
-720,114,-877,177,522,8,0,0
-811,271,-432,-3,151,660,0,0
-288,233,49,6,-577,-35,0,0
30,93,176,-252,-831,-292,0,0
-1,-83,119,-196,-365,128,0,0
123,-314,250,21,-93,259,0,0
-47,-245,555,161,532,-88,0,0
140,1,1041,-27,589,-694,0,0
589,-67,1079,1050,1675,-1520,0,0
-317,-205,8,1561,3468,-3381,0,0
-329,212,-599,805,4536,-3776,0,0
-162,331,-412,1425,3280,-2306,0,0
-234,-51,-479,3035,3728,-3866,0,0
-214,78,-921,4344,4050,-4051,0,0
-130,20,-633,4335,4400,-4347,0,0
232,-234,99,4051,4576,-4363,0,0
308,-122,458,3513,4749,-5116,0,0
553,35,521,3240,4273,-5017,0,0
763,-6,513,3029,4083,-4691,0,0
728,-172,620,2833,3316,-4464,0,0
695,-336,713,3066,2820,-4220,0,0
535,-481,528,3211,2443,-3998,0,0
34,-475,-33,2500,2238,-3158,0,0
-474,-236,-701,707,2625,-2567,0,0
-703,232,-1154,437,1537,-809,0,0
-1144,889,-1391,-811,-324,-75,0,0
-589,1356,-1037,-1205,-620,-303,0,0
516,870,-773,-83,-126,3,0,0
973,452,-886,292,-274,-546,0,0
941,803,-504,720,-80,544,0,0
703,814,320,534,-243,1570,0,0
327,386,904,480,-398,286,0,0
62,-241,960,1441,677,-911,0,0
150,-780,651,1856,3005,-2858,0,0
-398,-521,241,1951,3935,-2969,0,0
-696,-191,96,2602,3794,-3488,0,0
-403,-234,141,2840,2998,-5226,0,0
103,-429,228,2704,4103,-4796,0,0
263,-664,117,2940,4243,-4528,0,0
117,-594,-138,3480,3414,-4487,0,0
-48,-394,-382,3733,3776,-4511,0,0
-555,-379,-231,3386,4455,-4601,0,0
-478,-440,271,2696,4439,-4735,0,0
-222,-276,666,2077,4222,-4736,0,0
154,8,776,2047,3382,-4017,0,0
391,241,597,2232,2532,-4142,0,0
441,355,121,2394,3036,-3943,0,0
-5,113,-101,2576,2674,-3244,0,0
-666,43,-403,1950,2147,-2963,0,0
-1020,185,-727,721,930,-1107,0,0
-1231,242,-689,128,178,700,0,0
-1005,111,35,271,-40,654,0,0
-239,-230,567,32,-758,-222,0,0
-323,-395,357,-325,-530,-533,0,0
-104,-434,190,-520,-261,-216,0,0
233,-422,522,-452,660,627,0,0
109,-215,999,-580,825,-376,0,0
559,214,1103,182,904,-1247,0,0
551,457,308,1152,1685,-2131,0,0
-189,751,-535,1375,3546,-2408,0,0
-520,859,-668,1890,4277,-3004,0,0
-611,518,-503,3396,3729,-3194,0,0
-360,226,-260,5012,4255,-3180,0,0
-398,212,-93,5037,3866,-3446,0,0
-323,-35,355,4424,4579,-3829,0,0
-12,-425,505,4222,5420,-4668,0,0
232,-498,219,3737,5003,-4800,0,0
394,-529,37,3196,4222,-4240,0,0
427,-602,150,3306,3790,-3731,0,0
445,-506,330,3324,3374,-3979,0,0
731,-365,427,3173,3007,-3921,0,0
545,-410,395,3015,2849,-3426,0,0
276,-499,-40,2154,2406,-2862,0,0
-426,-83,-734,799,1700,-1767,0,0
-862,471,-1071,344,2116,-907,0,0
-637,1098,-1377,-1091,197,-1412,0,0
-238,1638,-1126,-1841,-656,-386,0,0
921,935,-830,-230,6,807,0,0
1152,376,-926,1007,-199,-303,0,0
1000,909,-663,812,-428,675,0,0
717,884,376,828,-188,1927,0,0
321,228,1002,386,-103,-149,0,0
308,-255,981,2196,1901,-1535,0,0
246,-544,445,1733,4086,-3663,0,0
-399,24,212,1922,3554,-2505,0,0
-535,70,110,3006,2129,-3766,0,0
203,-366,236,2986,3169,-3574,0,0
38,-627,476,2930,3894,-3990,0,0
143,-276,356,3226,3486,-3948,0,0
-111,-170,224,3247,3317,-3589,0,0
-325,-369,56,3841,3992,-3915,0,0
-707,-434,63,3802,4010,-4012,0,0
-642,-359,297,3288,3690,-4262,0,0
-461,-255,418,3060,3731,-4031,0,0
-93,-278,460,2659,3376,-3888,0,0
347,-262,394,2525,3325,-3898,0,0
726,-73,199,2433,3173,-4296,0,0
570,147,2,3136,3013,-3068,0,0
-42,-37,-270,2939,2443,-2958,0,0
-589,-30,-646,2025,2199,-2364,0,0
-1333,159,-818,537,547,-385,0,0
-1374,225,-640,-469,-239,715,0,0
-797,48,-71,86,-42,569,0,0
-274,-196,258,41,-186,-828,0,0
-98,-141,178,-298,-597,-583,0,0
160,-223,424,-337,-205,683,0,0
148,-347,778,-280,277,313,0,0
304,-55,949,-539,871,-750,0,0
713,146,573,14,1389,-1731,0,0
-40,307,-617,1252,2817,-2357,0,0
-265,528,-1009,1740,4612,-3048,0,0
48,539,-529,2500,3310,-2563,0,0
-288,303,-382,4135,2990,-2927,0,0
-429,254,-760,5402,4709,-3215,0,0
-805,246,-680,4666,6535,-4810,0,0
-170,-115,-149,3417,5728,-5166,0,0
475,-606,195,3081,4621,-4236,0,0
504,-576,267,3485,4621,-3820,0,0
476,-119,256,3377,4625,-3756,0,0
564,151,435,3110,4329,-4075,0,0
772,-17,712,3268,3424,-4455,0,0
1143,-500,720,2902,3321,-6400,0,0
1330,-782,539,1960,2058,-2284,0,0
127,-505,52,1052,1658,-1335,0,0
-440,112,-660,326,1529,-840,0,0
-846,776,-1201,-763,343,-55,0,0
-881,1370,-985,-1268,-792,-608,0,0
624,1018,-712,-148,-210,213,0,0
996,220,-666,683,-528,-162,0,0
1002,380,-285,647,-298,535,0,0
800,469,702,697,-45,1640,0,0
122,168,1347,190,-93,-547,0,0
249,-194,1459,1545,974,-1972,0,0
375,-585,813,2444,3106,-3083,0,0
-494,-394,143,2237,3350,-2833,0,0
-1131,-144,-161,2832,1961,-3993,0,0
-830,-292,-152,3005,2287,-4139,0,0
-243,-842,114,2561,3743,-4451,0,0
-250,-602,-42,2783,3729,-4439,0,0
-155,-104,-207,2917,3098,-3619,0,0
-388,-38,-240,3351,3556,-3805,0,0
-553,-50,-261,3301,3626,-4320,0,0
-516,-149,-184,3054,3946,-4337,0,0
-318,-370,31,2836,3756,-4437,0,0
23,-376,290,2542,3617,-3786,0,0
193,-283,546,2548,3167,-3470,0,0
326,1,598,2435,3296,-3845,0,0
418,396,462,2095,3163,-3670,0,0
265,445,22,2230,3485,-3595,0,0
-118,204,-453,2546,2954,-2917,0,0
-833,42,-938,1719,2186,-2276,0,0
-1133,28,-1205,867,1974,-1462,0,0
-816,116,-1001,589,1000,-328,0,0
-820,384,-461,236,-31,-214,0,0
-169,463,202,-70,-606,62,0,0
181,103,693,50,-222,199,0,0
147,-65,874,-78,-99,-159,0,0
252,24,967,-158,-18,244,0,0
357,64,1110,-459,473,42,0,0
636,58,1289,466,968,-936,0,0
636,-201,785,1895,1890,-2430,0,0
20,22,-165,1985,3056,-2994,0,0
-370,408,-569,2389,3894,-2631,0,0
-469,193,-619,3396,2724,-3881,0,0
73,-71,-769,4076,3217,-3325,0,0
140,-336,-506,4027,3733,-3246,0,0
133,-365,138,3310,2972,-3225,0,0
207,-445,420,3157,3149,-3605,0,0
113,-405,112,2656,3620,-3985,0,0
-52,-315,-230,2672,4008,-3791,0,0
-80,-314,-381,2804,3835,-4055,0,0
-22,-258,-405,2696,3621,-4130,0,0
88,-176,-276,2672,3346,-4071,0,0
376,-104,86,2838,2895,-3312,0,0
396,-107,459,2862,3130,-3581,0,0
412,-21,709,3233,3048,-3704,0,0
287,-165,763,3003,3252,-4561,0,0
367,-354,557,1738,2748,-3902,0,0
-29,-121,258,1313,1817,-1482,0,0
-798,346,-828,296,1649,-954,0,0
-1154,1078,-1770,-912,-56,-1303,0,0
-200,1569,-1229,-1529,-248,-409,0,0
1049,784,-513,-307,467,87,0,0
1347,474,-776,460,115,-962,0,0
1447,1203,-693,241,-469,1282,0,0
1173,1177,271,738,-935,3002,0,0
344,331,833,954,-414,398,0,0
-172,-242,776,1759,875,-2148,0,0
262,-633,216,2259,3965,-3867,0,0
-526,-451,-120,2236,3939,-2835,0,0
-1045,-278,-52,2896,3119,-3568,0,0
-631,-359,44,3100,2672,-4747,0,0
-188,-599,137,2720,3631,-4527,0,0
41,-591,168,3133,3563,-3474,0,0
-396,-379,235,3413,3301,-3579,0,0
-569,-135,49,3427,3470,-3810,0,0
-593,-105,-157,3372,3742,-3983,0,0
-713,-309,-162,2810,4008,-4562,0,0
-309,-542,107,2892,3855,-4039,0,0
-198,-725,619,2950,4036,-4359,0,0
483,-463,857,2704,2955,-4727,0,0
964,173,732,2369,3327,-4380,0,0
948,394,680,2509,3445,-4028,0,0
781,262,382,2693,2582,-3376,0,0
-3,-45,-147,1944,2624,-2584,0,0
-990,-150,-604,1250,1387,-787,0,0
-1506,-64,-966,696,455,-70,0,0
-1427,219,-951,611,306,-394,0,0
-1062,545,-466,186,-170,-234,0,0
-272,313,470,-332,-87,98,0,0
13,-242,915,-62,-44,192,0,0
25,-427,1043,-77,-186,77,0,0
47,-296,1184,-571,556,-319,0,0
376,-110,1343,-332,634,-534,0,0
551,-136,923,901,608,-1845,0,0
171,85,-249,1383,2856,-2482,0,0
89,174,-546,1518,3935,-1961,0,0
-390,254,-579,2294,2704,-3500,0,0
-57,265,-852,3197,2662,-3110,0,0
-205,80,-933,4435,3624,-2594,0,0
-824,189,-730,4264,4466,-4158,0,0
-626,141,-174,3556,3575,-3195,0,0
-474,-83,-67,3471,4595,-3989,0,0
-307,-23,-403,3216,4709,-3647,0,0
-360,-7,-492,3605,5357,-3472,0,0
18,-130,-119,3574,5237,-4005,0,0
463,-61,274,2932,3436,-3083,0,0
664,-187,453,2706,3268,-3044,0,0
480,-334,656,3342,3361,-3020,0,0
248,-607,958,3983,3606,-4106,0,0
469,-820,832,2797,3897,-4406,0,0
362,-941,693,1508,3046,-2834,0,0
212,-470,460,460,1840,-756,0,0
-727,257,-685,217,987,573,0,0
-1202,1285,-1661,-656,6,-1090,0,0
-855,2334,-1557,-1152,-870,-975,0,0
1113,1450,-963,-64,81,768,0,0
1391,157,-652,595,-81,-1075,0,0
1801,435,-302,647,-102,468,0,0
1301,605,281,833,-569,2054,0,0
593,185,866,588,66,-182,0,0
760,-204,1274,1730,1902,-1767,0,0
454,-367,681,1946,3131,-2872,0,0
-659,-63,89,2448,2491,-2519,0,0
-905,-112,-197,3434,1975,-3727,0,0
-524,-475,125,2950,3548,-4536,0,0
-203,-685,508,2540,3610,-3719,0,0
-186,-519,388,3118,2967,-3111,0,0
-456,-81,86,3367,2996,-3214,0,0
-520,109,-202,3553,3892,-3850,0,0
-763,61,-232,3671,3839,-4290,0,0
-501,-305,-220,3296,3467,-3720,0,0
-370,-777,-134,3041,3829,-3708,0,0
-123,-942,-26,3001,3730,-3413,0,0
-201,-714,192,2418,3095,-3404,0,0
93,-353,219,2037,3011,-3370,0,0
210,-61,210,1983,2935,-3294,0,0
-37,205,325,2115,3319,-3742,0,0
362,330,300,2593,3177,-3720,0,0
484,172,2,2476,3147,-3875,0,0
118,81,-366,2023,3569,-2775,0,0
-173,64,-510,1517,1859,-1432,0,0
-665,116,-709,735,563,-489,0,0
-944,247,-813,705,268,-427,0,0
-710,183,-345,366,-307,25,0,0
-166,-178,766,89,-155,794,0,0
-88,-453,1139,268,-146,60,0,0
58,-339,1207,45,-303,-87,0,0
122,-234,1379,-563,528,-7,0,0
423,-355,1525,-287,719,-655,0,0
521,-580,949,1441,982,-2240,0,0
-359,-478,122,1534,3105,-2699,0,0
-334,-239,80,658,3716,-1776,0,0
-238,133,-218,1397,3312,-3030,0,0
-386,658,-1172,2240,2796,-3873,0,0
-89,321,-1141,3500,3296,-2066,0,0
-165,82,-734,3598,4249,-4090,0,0
-403,264,-610,2937,4035,-3965,0,0
-306,257,-688,2654,3927,-3405,0,0
-619,108,-747,3424,4005,-3418,0,0
-725,6,-589,3337,4251,-3664,0,0
-380,-10,-491,2657,5186,-3811,0,0
-172,-13,-330,2342,4841,-3714,0,0
145,-27,-187,2676,4349,-3576,0,0
485,22,14,2931,3609,-3419,0,0
462,-113,427,4068,4037,-3712,0,0
576,-451,831,3955,4607,-4345,0,0
1265,-502,1112,1937,4222,-3548,0,0
1284,-162,1005,-19,2463,-1696,0,0
261,668,68,-619,1737,325,0,0
-448,1098,-1004,-170,1338,-349,0,0
-1332,1654,-1447,-643,-325,-1809,0,0
-146,2186,-1433,-759,-232,-782,0,0
1534,1022,-832,798,258,661,0,0
1402,352,-516,1148,81,-820,0,0
1948,767,82,504,-429,1689,0,0
1180,707,1128,119,-582,1210,0,0
608,220,1733,1483,760,-227,0,0
344,-418,1270,3170,2499,-2879,0,0
138,-146,263,1760,3486,-3360,0,0
-692,25,-51,2471,2235,-1604,0,0
-1228,-345,-337,3191,2149,-4246,0,0
-405,-657,-247,3161,3280,-3651,0,0
-113,-852,56,2897,3102,-3276,0,0
-351,-461,220,2965,2513,-3059,0,0
-502,18,101,3225,2581,-2645,0,0
-739,140,-72,3358,3434,-3195,0,0
-756,68,-74,3217,3632,-2938,0,0
-915,-247,-204,3065,3913,-3724,0,0
-675,-395,-379,3386,3804,-3684,0,0
-391,-510,-210,3392,3758,-3139,0,0
-276,-644,120,2713,3863,-3546,0,0
269,-593,434,2887,3594,-2682,0,0
271,-437,558,2626,3303,-2971,0,0
589,88,408,2209,3572,-3581,0,0
685,400,3,2378,3938,-3521,0,0
360,274,-456,2437,3552,-4105,0,0
371,184,-719,2448,2615,-2437,0,0
-258,55,-761,1814,1670,-1181,0,0
-782,103,-699,1148,200,514,0,0
-895,67,-345,771,166,485,0,0
-721,-60,311,120,-71,-575,0,0
-277,-249,896,-51,-177,-85,0,0
-164,-480,995,-61,-337,-18,0,0
11,-428,998,-389,33,454,0,0
-208,-330,1459,-849,786,167,0,0
119,-153,1560,-216,700,-722,0,0
-58,-83,301,1264,2438,-2406,0,0
-423,31,-539,1428,4231,-3168,0,0
-204,63,-417,1544,3745,-1939,0,0
-389,259,-700,2372,2459,-2719,0,0
-336,386,-1278,3782,3551,-1942,0,0
-756,156,-824,4189,4334,-3333,0,0
-266,276,-152,3247,4403,-3592,0,0
-210,81,-43,2877,3689,-2671,0,0
-310,124,-570,3454,5043,-3900,0,0
-161,235,-616,3585,4740,-2965,0,0
35,110,-265,3336,4730,-3104,0,0
181,-46,-60,3509,4505,-3460,0,0
440,-147,154,3204,4352,-2960,0,0
673,-343,470,3007,3793,-2752,0,0
753,-550,459,2912,3740,-3103,0,0
603,-679,105,2464,3967,-4008,0,0
1136,-624,79,1749,4095,-3170,0,0
773,-394,-408,-120,2662,-639,0,0
-671,426,-1194,-918,1249,188,0,0
-1369,1499,-1306,-617,-253,-1159,0,0
-887,2065,-1598,-838,-361,-605,0,0
513,1516,-1280,147,707,-464,0,0
1263,676,-447,2052,1046,-115,0,0
1080,755,85,792,131,-342,0,0
1483,1139,1021,135,-362,1727,0,0
1040,580,1876,862,1170,-480,0,0
1309,-57,1208,2551,3801,-3585,0,0
222,71,-281,2673,3892,-2712,0,0
-1113,-30,-114,3771,2827,-1630,0,0
-1017,-264,427,3169,2685,-2879,0,0
-652,-217,525,1917,3001,-2215,0,0
-819,-48,158,1586,2284,-2145,0,0
-584,60,-133,2217,3118,-2171,0,0
-584,-75,-60,2324,3001,-2204,0,0
-402,-47,-21,2342,3005,-2065,0,0
-307,-52,-101,3048,3440,-2114,0,0
-388,-72,-255,2929,4044,-2502,0,0
-128,-90,-304,3234,3839,-2484,0,0
-102,-243,-239,3317,3611,-2523,0,0
0,-467,-182,2865,3792,-2793,0,0
289,-583,-63,2869,3473,-2574,0,0
387,-584,22,2533,3680,-2391,0,0
185,-642,156,2509,3466,-2551,0,0
120,-485,245,2452,3297,-2878,0,0
424,-220,272,2080,3643,-3111,0,0
252,-9,376,2226,3746,-3225,0,0
153,47,303,2637,4028,-3553,0,0
477,-35,105,2681,3869,-3504,0,0
294,-224,-199,2113,2929,-2312,0,0
-385,-199,-329,1321,1507,-530,0,0
-701,-23,-545,506,407,-504,0,0
-1106,110,-784,644,278,-76,0,0
-1014,34,-363,363,-164,-248,0,0
-294,-421,596,22,-255,32,0,0
-267,-850,830,114,-478,-179,0,0
110,-829,653,46,69,354,0,0
76,-748,1270,-145,1210,347,0,0
171,-356,1494,413,1535,-1978,0,0
242,128,709,974,2816,-2602,0,0
-309,147,197,775,3900,-2426,0,0
-133,166,20,868,4101,-2440,0,0
-289,375,-319,1615,3108,-1923,0,0
-664,517,-809,3067,3997,-2491,0,0
-617,587,-753,3621,4464,-3806,0,0
-204,408,-446,3754,4597,-2593,0,0
-498,27,-170,3729,4378,-2888,0,0
-413,169,-237,3772,4822,-3220,0,0
-401,118,-49,3982,4980,-3319,0,0
125,-255,294,3619,4669,-3340,0,0
603,-607,381,3163,4109,-2992,0,0
553,-766,260,2669,4023,-3179,0,0
744,-731,225,3106,3866,-3141,0,0
744,-816,1,2874,4146,-3737,0,0
826,-828,-81,2103,4308,-3400,0,0
538,-659,-193,177,2221,-635,0,0
-949,-27,-555,-324,897,340,0,0
-1447,637,-523,-296,976,-1851,0,0
-784,1473,-650,-1008,240,-1053,0,0
151,1791,-1110,-419,304,18,0,0
905,1378,-861,667,434,-730,0,0
1540,1269,-506,366,-301,150,0,0
1772,1180,380,405,-387,2061,0,0
973,656,1094,497,-78,130,0,0
876,203,934,1309,2091,-1713,0,0
640,-60,132,2325,3278,-2482,0,0
-106,155,-281,3451,3047,-2448,0,0
-468,75,-27,3757,3264,-3126,0,0
-681,-124,236,2984,3560,-3594,0,0
-358,-251,286,2210,3607,-2607,0,0
-272,-249,181,2808,3249,-2263,0,0
-579,-107,35,3153,3509,-2746,0,0
-646,-161,73,3255,3670,-2564,0,0
-654,-423,238,3408,3736,-2620,0,0
-711,-623,289,3047,4397,-3053,0,0
-889,-683,327,2943,3753,-2789,0,0
-439,-743,256,2848,4328,-2622,0,0
-396,-637,305,2704,3553,-2621,0,0
-420,-337,152,2309,3474,-2329,0,0
342,-371,-76,1850,3533,-2571,0,0
401,-152,-116,1775,3363,-2901,0,0
348,117,-136,2345,4238,-3268,0,0
467,76,-122,2617,4089,-3408,0,0
604,-191,-172,2850,3147,-2383,0,0
219,-365,-425,2051,3331,-3063,0,0
398,-27,-542,885,2182,-1230,0,0
-707,403,-491,947,185,295,0,0
