-116,229,-207,406,3554,-878,0,0
-155,82,-225,415,3439,-1033,0,0
-170,-16,-148,457,3438,-1191,0,0
-136,-16,-65,400,3816,-1413,0,0
-5,102,63,574,3791,-1535,0,0
4,-242,231,555,3528,-1274,0,0
-98,-672,300,436,3606,-1253,0,0
-54,-817,346,337,3713,-1081,0,0
90,-540,389,358,4007,-969,0,0
288,-194,384,417,4096,-889,0,0
460,3,461,389,3840,-685,0,0
495,185,595,392,3858,-624,0,0
449,173,567,352,3876,-595,0,0
336,74,395,346,3676,-630,0,0
204,-57,195,355,3496,-733,0,0
128,-85,50,379,3512,-762,0,0
96,52,-65,456,3728,-785,0,0
86,221,-168,534,3855,-763,0,0
36,345,-191,658,3717,-766,0,0
-76,286,-216,736,3644,-822,0,0
-191,143,-285,748,3479,-854,0,0
-303,72,-326,753,3464,-966,0,0
-357,45,-349,703,3524,-1190,0,0
-292,101,-283,771,3567,-1430,0,0
-128,359,-27,1050,3704,-1714,0,0
58,509,348,1369,3515,-2100,0,0
282,125,708,1811,2846,-2331,0,0
524,-279,1138,2254,2918,-2075,0,0
619,269,1412,3340,3860,-1939,0,0
675,575,1664,4465,4092,-1986,0,0
749,-249,2330,4463,3742,-1942,0,0
743,-957,3027,4158,3310,-2067,0,0
752,-1398,3390,4011,2451,-2260,0,0
756,-1660,3501,4173,1534,-2549,0,0
689,-1699,3611,4395,1323,-2614,0,0
697,-2223,3674,3162,799,-1690,0,0
614,-1549,3312,532,524,-1842,0,0
572,448,2705,1476,375,-2118,0,0
682,-2170,2130,2183,232,-1814,0,0
986,-4085,1563,1801,613,-1506,0,0
763,-1279,1626,1845,160,-1278,0,0
-3,-286,1746,2929,366,-1396,0,0
-533,-983,1551,2980,1224,-2303,0,0
-472,-770,1862,2204,979,-4314,0,0
-173,-2110,1870,-69,248,-3060,0,0
-10,-1203,1488,47,-53,-2702,0,0
199,-926,1021,944,-244,-2742,0,0
360,-1161,724,677,-466,-2584,0,0
437,-820,420,954,-1217,-3690,0,0
361,-1011,478,690,-1829,-4862,0,0
280,-805,567,-205,-2027,-5131,0,0
330,-340,421,-483,-2074,-4560,0,0
351,-284,471,-589,-2051,-4242,0,0
484,-584,438,-1007,-1857,-3802,0,0
662,-411,404,-818,-1934,-2786,0,0
666,-170,113,-567,-1899,-3443,0,0
557,-102,-301,-210,-1784,-3814,0,0
224,403,-475,140,-1755,-4132,0,0
-120,287,-390,-267,-2034,-4978,0,0
-261,-32,-207,-1031,-2755,-5338,0,0
-156,85,-77,-1023,-3334,-5234,0,0
-7,-163,-45,-1002,-3481,-5510,0,0
55,-327,-3,-972,-3385,-6755,0,0
9,-297,288,-1345,-3419,-6605,0,0
-209,-464,499,-2125,-3477,-6465,0,0
-209,-575,592,-2015,-3515,-6674,0,0
31,-776,644,-1681,-3077,-4880,0,0
-136,-596,591,-1376,-2046,-4382,0,0
-360,-321,387,-1418,-220,-4426,0,0
-405,-321,-310,-819,524,-2676,0,0
-529,231,-623,-800,297,-1701,0,0
-580,402,-798,-612,-697,-1500,0,0
-502,694,-1451,742,-1565,-2176,0,0
-261,1251,-1712,1141,269,-2289,0,0
176,545,-1306,-131,-243,-363,0,0
180,-446,-996,1104,-2026,-529,0,0
177,-187,-542,113,-1539,-692,0,0
467,-204,-394,-173,-604,-569,0,0
718,-1129,-68,-346,-905,-385,0,0
647,-1078,903,-871,-1759,-1092,0,0
671,-2159,1150,-1227,-2102,-1120,0,0
523,-1048,1000,-2249,-3397,-854,0,0
302,927,689,-1365,-3629,-3181,0,0
447,-381,-101,174,-2078,-5767,0,0
578,290,171,-1500,-2434,-5894,0,0
166,69,544,-2396,-2694,-4097,0,0
-360,185,434,-2295,-2526,-4316,0,0
-269,526,-176,-2077,-2259,-4972,0,0
-131,759,-684,-1682,-2652,-4747,0,0
-160,1006,-847,-1054,-3154,-5009,0,0
-104,758,-771,-1036,-3458,-4844,0,0
-11,179,-358,-1044,-3478,-4918,0,0
115,-2552,80,-991,-3316,-3829,0,0
233,-508,351,-1146,-2934,-3610,0,0
242,-470,334,-1427,-2124,-3539,0,0
200,-69,155,-1288,-1888,-3192,0,0
-15,73,-144,-853,-2029,-3888,0,0
-282,-51,-317,-1236,-2116,-4629,0,0
-402,74,-349,-1497,-2348,-4323,0,0
-490,350,-373,-1331,-2509,-3788,0,0
-397,402,-401,-3072,-2617,-4236,0,0
-180,136,-387,-816,-2678,-4371,0,0
-184,122,-354,-707,-2552,-4720,0,0
-201,317,-260,-448,-2099,-4645,0,0
-120,295,-200,-358,-1884,-3870,0,0
-117,318,-206,-417,-1883,-3308,0,0
-114,311,-190,-296,-1852,-3287,0,0
-46,43,-124,-570,-1900,-3248,0,0
42,35,-106,-785,-1913,-2965,0,0
62,276,-117,-507,-1995,-3124,0,0
64,201,-102,-352,-1785,-3410,0,0
121,-38,-39,-116,-1698,-3174,0,0
122,-104,-81,2,-1606,-3250,0,0
131,80,-119,19,-1698,-3633,0,0
134,-17,-96,-387,-2025,-3912,0,0
110,-168,-129,-536,-2448,-4041,0,0
97,-45,-164,-585,-2743,-4072,0,0
133,12,-122,-506,-2869,-3979,0,0
181,-147,-43,-316,-2704,-3695,0,0
233,-137,93,-365,-2445,-3222,0,0
238,-124,194,-600,-2310,-2847,0,0
170,-120,167,-647,-2231,-2683,0,0
46,-56,83,-559,-2118,-2734,0,0
-74,75,4,-368,-2036,-2874,0,0
-173,155,-11,-253,-1979,-3157,0,0
-200,119,65,-303,-2081,-3367,0,0
-172,27,89,-441,-2158,-3496,0,0
-86,48,64,-531,-2107,-3479,0,0
24,46,41,-509,-1971,-3215,0,0
106,3,80,-392,-1836,-2655,0,0
109,-49,81,-214,-1784,-2379,0,0
99,-92,-27,-221,-1619,-2627,0,0
125,-87,-87,-152,-1662,-2808,0,0
98,-214,-88,-332,-2034,-3159,0,0
19,-268,-10,-557,-2360,-3388,0,0
-39,-173,-10,-541,-2524,-3600,0,0
-9,-39,-27,-438,-2597,-3836,0,0
35,30,47,-308,-2614,-3742,0,0
36,104,122,-440,-2709,-3725,0,0
-39,175,164,-608,-2663,-3973,0,0
-205,224,74,-598,-2558,-4269,0,0
-335,333,1,-559,-2611,-4664,0,0
-431,240,49,-572,-2655,-4917,0,0
-485,117,65,-573,-2738,-4754,0,0
-466,115,99,-615,-2875,-4747,0,0
-432,131,159,-682,-2927,-5095,0,0
-432,121,163,-620,-2771,-5903,0,0
-421,-119,72,-412,-2444,-7207,0,0
-286,-522,181,-248,-2600,-7819,0,0
-116,-1014,489,-599,-3019,-7387,0,0
35,-1366,654,-952,-2859,-6345,0,0
148,-1334,502,-1085,-2401,-5222,0,0
92,-1177,191,-722,-1767,-3883,0,0
-260,-83,216,-300,-1150,-2484,0,0
-236,726,162,-181,-840,-422,0,0
7,1986,-201,-1014,-1497,2336,0,0
-514,3678,-672,-1067,-1416,2209,0,0
-760,3780,-1186,188,-882,-899,0,0
-43,1690,-925,1556,-879,-3118,0,0
547,294,-100,988,-1611,-2320,0,0
113,1024,438,336,-1076,-3805,0,0
-93,-164,1000,540,-477,-4429,0,0
206,-1881,1365,413,-554,-1885,0,0
202,-2195,1413,627,4,-1598,0,0
379,-3038,964,220,596,-2422,0,0
772,-2362,198,-1337,-115,-1652,0,0
774,73,232,-1468,-2708,-2841,0,0
571,-268,-32,-1772,-3361,-6316,0,0
479,-414,-40,-2288,-3089,-5919,0,0
290,367,102,-2856,-3558,-3566,0,0
-135,706,-436,-2575,-3088,-3922,0,0
-369,658,-504,-1873,-2274,-4019,0,0
-401,295,-340,-711,-1907,-2901,0,0
-355,-259,-225,288,-1527,-1751,0,0
-118,-140,-58,426,-1013,-1500,0,0
42,-251,-268,143,-784,-2670,0,0
-15,186,-357,-102,-1250,-3707,0,0
-94,314,-526,123,-2231,-4255,0,0
-148,149,-525,-251,-2793,-4560,0,0
-146,343,-254,-549,-3052,-5057,0,0
15,426,56,-618,-3271,-4801,0,0
52,131,469,-757,-3103,-4145,0,0
4,-51,556,-771,-2696,-4648,0,0
48,458,474,-701,-2332,-4713,0,0
5,698,270,-2536,-2189,-4987,0,0
-29,696,49,79,-2197,-6074,0,0
58,706,-3,353,-3033,-6315,0,0
207,852,320,380,-4691,-6903,0,0
532,365,827,593,-5291,-7045,0,0
599,-23,1428,261,-4313,-6817,0,0
168,-310,1735,-36,-2390,-6968,0,0
-326,-794,1173,6,-93,-5311,0,0
-775,-328,21,-57,1511,-3561,0,0
-899,163,-1121,170,891,-971,0,0
-927,589,-2128,1143,-331,-523,0,0
-627,1835,-2393,426,-842,-1992,0,0
178,1671,-2654,-111,-1210,-3098,0,0
646,262,-2754,1010,-1037,-3467,0,0
574,-310,-1508,-207,-1652,-1298,0,0
42,-1107,-716,991,-2943,-592,0,0
-101,-1121,-546,1052,-2690,-1635,0,0
379,-486,130,390,-2111,-566,0,0
278,-1969,813,1004,-1812,105,0,0
24,-2032,1499,981,-1262,-816,0,0
241,-1469,1660,239,-328,-621,0,0
525,-212,1353,-1835,-2000,-1244,0,0
693,1009,503,44,-2986,-5155,0,0
947,669,114,61,-2190,-6096,0,0
814,773,628,-3240,-2872,-5048,0,0
540,-239,394,-92,-2453,-5307,0,0
418,-170,256,-523,-1422,-3991,0,0
21,394,50,-377,-1845,-4313,0,0
-263,-477,-271,-584,-2706,-4948,0,0
-266,-435,-49,-984,-3233,-3005,0,0
-429,-372,120,-966,-2966,-2840,0,0
-275,-485,70,-1007,-2607,-3226,0,0
76,-22,-101,-1009,-2732,-3027,0,0
52,187,-224,-898,-2609,-3741,0,0
-105,272,-217,-1184,-2586,-4493,0,0
-251,524,-243,-1042,-3202,-4844,0,0
-500,673,-365,-519,-3206,-5831,0,0
-589,556,-357,-117,-2948,-6479,0,0
-460,58,-167,104,-2983,-6023,0,0
-204,-156,114,131,-2951,-5539,0,0
39,-2096,84,-126,-2709,-7000,0,0
125,-331,-25,-318,-2340,-7410,0,0
-199,-874,-51,-254,-2460,-7362,0,0
-495,-1215,46,194,-2348,-6168,0,0
-634,-1181,188,290,-2618,-4461,0,0
-706,-842,304,-359,-1641,-3071,0,0
-338,-491,19,-270,-1005,-710,0,0
-118,942,-223,-273,-1474,945,0,0
-408,1954,-387,-1428,-1795,-48,0,0
-478,2209,-638,-1921,-1663,-2237,0,0
155,1419,-396,-699,-2054,-2777,0,0
630,-18,213,564,-2001,-1893,0,0
740,320,919,89,-878,-1854,0,0
819,-555,963,602,-220,-2172,0,0
935,-456,524,1092,438,-1940,0,0
807,-718,666,1145,813,-2072,0,0
689,-1875,822,275,477,-2482,0,0
659,-1750,606,-974,-446,-1153,0,0
328,-592,698,-1029,-2773,-1004,0,0
68,-230,0,-882,-2687,-4825,0,0
104,702,-405,-3784,-3004,-5556,0,0
-348,749,-301,-1727,-4750,-5571,0,0
-737,430,-52,-2605,-5815,-6436,0,0
-739,308,159,-2767,-4256,-6122,0,0
-813,-61,223,-1733,-2898,-5040,0,0
-890,167,311,-1089,-2163,-5144,0,0
-592,389,256,-658,-1093,-4992,0,0
-203,-5,69,-401,106,-4170,0,0
61,-95,-88,-389,-31,-3008,0,0
-33,224,0,-799,-276,-2620,0,0
-122,215,126,-1356,-537,-2710,0,0
96,-1,4,-1166,-1132,-2072,0,0
208,-24,-34,-1242,-1245,-2101,0,0
293,-43,-72,-910,-1156,-2446,0,0
329,39,-287,-525,-1048,-2565,0,0
340,225,-440,213,-1028,-2694,0,0
485,31,-615,378,-1112,-2979,0,0
584,137,-649,508,-1725,-3188,0,0
542,37,-441,380,-2252,-3425,0,0
446,-184,-61,-400,-2844,-3388,0,0
347,-112,231,-660,-3432,-3558,0,0
311,22,256,-790,-3062,-3676,0,0
300,350,260,-568,-3033,-3431,0,0
190,440,178,-394,-3170,-4354,0,0
77,666,23,-481,-2960,-4930,0,0
-202,690,-39,-27,-2833,-4947,0,0
-391,511,-66,-135,-2612,-5521,0,0
-251,269,-22,-110,-2869,-5207,0,0
-63,107,70,186,-3451,-5034,0,0
212,190,79,-568,-3573,-5301,0,0
343,263,-5,-127,-3891,-5724,0,0
283,173,167,139,-3991,-6163,0,0
161,-20,493,-303,-4363,-6111,0,0
-143,-304,874,-165,-4142,-6928,0,0
-30,-1033,1043,-415,-3309,-5977,0,0
-154,-1063,1001,-476,-3294,-4209,0,0
-967,-584,934,-2072,-2478,-4707,0,0
-1148,-391,396,-466,-40,-3458,0,0
-891,278,-748,179,540,-434,0,0
-918,1525,-1347,-215,289,27,0,0
-900,1880,-1691,-550,467,-1474,0,0
-602,1328,-2111,533,669,-2865,0,0
31,701,-1770,160,-139,-1557,0,0
111,-43,-1322,439,-2011,-1203,0,0
-98,-475,-1241,302,-2019,-1772,0,0
211,-587,-749,299,-2116,-886,0,0
377,-1296,-116,703,-2020,-984,0,0
457,-1425,812,-259,-1841,-1842,0,0
529,-2135,1265,-127,-1998,-2103,0,0
556,-1755,891,-740,-1704,-2390,0,0
629,549,375,-2254,-2586,-4174,0,0
546,1127,-404,-1384,-3046,-6007,0,0
147,878,-251,-1086,-2307,-5613,0,0
-25,594,176,-1160,-2039,-3887,0,0
54,245,120,94,-1843,-3841,0,0
210,-56,-11,-168,-1153,-4920,0,0
434,40,160,-717,-1948,-3376,0,0
157,-473,231,-539,-2820,-3005,0,0
-42,-673,0,-694,-2174,-3506,0,0
-29,-295,-76,101,-1695,-3271,0,0
-82,-559,7,470,-1585,-3909,0,0
9,-550,183,-485,-1888,-3542,0,0
90,-570,235,-1449,-2886,-3056,0,0
25,-637,139,-1723,-2943,-3493,0,0
-28,-26,207,-1257,-2588,-3020,0,0
-142,332,243,-771,-2048,-3416,0,0
-86,64,73,-194,-1414,-4176,0,0
13,163,80,-440,-1466,-4372,0,0
136,359,132,-603,-2027,-4762,0,0
243,107,-79,-1061,-2648,-4678,0,0
166,580,18,-1365,-2881,-4494,0,0
97,321,126,-1096,-2952,-4508,0,0
25,-169,155,-900,-2761,-4141,0,0
-163,24,266,-813,-2110,-4398,0,0
-184,16,268,-497,-1918,-4145,0,0
-158,145,98,-646,-1968,-4194,0,0
-95,270,-142,-576,-2007,-4394,0,0
-87,360,-345,-114,-2039,-4380,0,0
-174,456,-369,11,-2309,-4464,0,0
-398,356,-421,-367,-2144,-5047,0,0
-569,475,-516,-72,-2234,-6251,0,0
-614,507,-514,16,-2824,-6775,0,0
-743,349,-271,-79,-2970,-7698,0,0
-683,-92,-72,101,-2566,-7270,0,0
-515,102,284,330,-2324,-6570,0,0
34,-1240,214,-29,-1444,-4059,0,0
524,-975,-315,-27,-1347,55,0,0
28,1537,-443,-524,-603,-114,0,0
-412,1571,-502,-769,-259,-664,0,0
-431,1481,-501,-328,-1595,289,0,0
-96,1495,21,313,-2078,-1489,0,0
494,421,506,295,-1904,-2584,0,0
718,196,943,-12,-1261,-2612,0,0
664,-416,1174,710,-884,-2936,0,0
775,-1042,1225,1159,-521,-2717,0,0
888,-1612,1190,1053,-364,-2192,0,0
774,-2469,909,172,-227,-2819,0,0
713,-1502,683,-1186,-614,-2135,0,0
434,-594,572,-1258,-2137,-1347,0,0
-292,245,-289,-1714,-1945,-5574,0,0
-117,538,-357,-757,-2309,-6261,0,0
79,-364,-35,-865,-3527,-3243,0,0
-273,-159,0,-1679,-3647,-4029,0,0
-249,-35,-168,-1805,-3070,-4839,0,0
-194,-223,-241,-1314,-2901,-3514,0,0
-633,-109,-133,-1454,-2659,-3609,0,0
-870,70,-27,-1429,-2161,-3711,0,0
-707,-191,-192,-1149,-1679,-3213,0,0
-349,262,-201,-701,-1294,-3150,0,0
8,324,-119,-1205,-1094,-3003,0,0
236,131,-202,-911,-1237,-2900,0,0
367,374,-234,-768,-1291,-3314,0,0
499,628,-185,-397,-1618,-3239,0,0
502,275,-53,-98,-1989,-3594,0,0
452,142,184,12,-2037,-3807,0,0
332,-179,499,120,-2128,-3554,0,0
177,-332,589,-479,-2210,-3615,0,0
157,-201,492,-615,-2199,-3858,0,0
106,-31,386,-962,-2366,-3959,0,0
100,150,285,-1048,-2424,-4354,0,0
188,40,166,-983,-2668,-3581,0,0
216,65,64,-760,-2658,-3640,0,0
282,62,-7,-720,-2471,-3942,0,0
407,33,-123,-637,-2580,-3421,0,0
351,251,-244,-724,-2717,-3432,0,0
202,503,-287,-398,-2820,-4574,0,0
229,501,-228,-349,-3398,-5029,0,0
239,93,-42,-817,-3670,-4887,0,0
256,125,-31,-961,-3603,-4996,0,0
293,315,-140,-716,-3574,-5297,0,0
158,77,-150,-351,-4013,-4557,0,0
-190,249,-96,-152,-3319,-4867,0,0
-417,390,19,-24,-3007,-5320,0,0
-642,-55,145,118,-3857,-5185,0,0
-948,-133,252,155,-3514,-4994,0,0
-1247,31,226,244,-2313,-4884,0,0
-1429,34,-68,-235,-1165,-5061,0,0
-959,542,-881,-331,-1004,-3849,0,0
-463,821,-1757,-1147,246,-2143,0,0
17,685,-2087,-708,88,777,0,0
-139,1601,-1979,1084,-1320,1089,0,0
-435,1829,-1816,2021,-810,-1308,0,0
-224,1191,-1369,997,-535,-1616,0,0
41,454,-778,1119,-944,-1627,0,0
193,-2,-82,997,-1913,-2421,0,0
399,-699,468,718,-2456,-3406,0,0
736,-1674,1193,428,-2130,-2765,0,0
792,-2107,1595,719,-2363,-2454,0,0
760,-996,835,978,-2072,-2911,0,0
688,213,408,55,-2968,-4130,0,0
424,-226,-411,1027,-2124,-6483,0,0
142,-325,-232,-511,-1785,-4743,0,0
-272,28,219,307,-2518,-4078,0,0
-399,-744,209,1076,-2127,-4564,0,0
-170,-701,109,-21,-1480,-3562,0,0
-58,-147,-19,557,-1763,-3623,0,0
103,-426,211,-209,-2527,-4093,0,0
138,-335,429,-1106,-3072,-3562,0,0
-122,-121,236,-1326,-3006,-3872,0,0
-173,33,62,-1443,-2529,-3463,0,0
-121,353,57,-780,-2508,-2190,0,0
-191,453,133,110,-2486,-2279,0,0
-131,350,265,459,-1556,-2378,0,0
98,-190,360,911,-950,-1639,0,0
261,-178,443,858,-820,-1873,0,0
373,296,423,284,-664,-3055,0,0
490,-141,306,-169,-1191,-3577,0,0
432,-182,259,-318,-2232,-3807,0,0
243,-63,284,-484,-2626,-3930,0,0
184,-377,107,-510,-2793,-4011,0,0
102,-116,7,-133,-2686,-3984,0,0
-42,6,105,-195,-2407,-4322,0,0
-178,-287,96,-391,-2394,-4635,0,0
-270,-308,55,-601,-2218,-4904,0,0
-238,-389,-1,-591,-2541,-4537,0,0
-273,-147,15,-1037,-2692,-4355,0,0
-128,219,-42,-999,-3128,-5175,0,0
35,-95,-61,-444,-3424,-5557,0,0
-212,20,393,-1082,-3148,-6186,0,0
-32,-304,644,-1138,-3154,-6119,0,0
293,-629,716,-939,-3087,-5105,0,0
283,-146,637,-1356,-2160,-4783,0,0
168,-34,241,-1769,-1682,-4676,0,0
-238,430,-450,-1243,-1852,-4301,0,0
-886,1285,-759,-366,-1645,-5794,0,0
-1049,605,-962,409,-1777,-5728,0,0
-897,533,-943,1180,-2371,-4567,0,0
-478,151,-794,1467,-2429,-3091,0,0
-291,869,-540,-109,-2784,-1090,0,0
-597,1878,-490,-360,-1732,-1477,0,0
-561,1267,-1153,-99,-1054,-1247,0,0
-407,2440,-1216,465,-739,-670,0,0
-106,1455,-508,1682,-1036,-1991,0,0
427,-397,540,659,-1456,-2703,0,0
732,-588,979,-241,-1931,-3000,0,0
658,-477,1409,436,-1859,-4062,0,0
696,-1921,1731,1033,-1064,-3744,0,0
731,-2907,1774,1539,-146,-2935,0,0
789,-2623,1542,136,346,-2323,0,0
1108,-1615,903,1003,-1453,-2274,0,0
1040,-757,151,-969,-2010,-4146,0,0
353,327,-55,-2001,-2769,-5960,0,0
-166,-209,22,-1660,-4397,-5109,0,0
-333,-166,7,-2290,-4211,-3750,0,0
-378,69,7,-3912,-2911,-3468,0,0
-343,-139,10,-1542,-2333,-2986,0,0
-356,-127,34,-1509,-1911,-2404,0,0
-405,61,-42,-1714,-1725,-2173,0,0
-435,207,-191,-1552,-1784,-2620,0,0
-381,324,-344,-1078,-2060,-2947,0,0
-320,405,-330,-827,-2047,-3715,0,0
-166,323,-292,-171,-2159,-4216,0,0
-113,184,-289,322,-1808,-6360,0,0
-27,-63,-99,365,-797,-3334,0,0
30,-302,189,343,-348,-2092,0,0
21,77,485,303,-599,-2017,0,0
262,-102,477,250,-932,-2543,0,0
508,-281,321,-179,-944,-2858,0,0
567,-26,176,-388,-1444,-3303,0,0
516,12,43,-890,-2234,-3708,0,0
484,-13,-48,-1277,-2820,-3794,0,0
486,142,-176,-1376,-3253,-3835,0,0
439,244,-22,-1520,-3221,-3584,0,0
321,336,-52,-1151,-2887,-3654,0,0
211,461,-58,-837,-2580,-3852,0,0
114,261,46,-533,-2628,-3422,0,0
-40,152,-104,-640,-3060,-3642,0,0
-76,541,-104,-699,-3155,-4109,0,0
-132,441,-193,-572,-2950,-4321,0,0
-169,348,-383,-555,-2875,-4319,0,0
-165,433,-463,-576,-2973,-4248,0,0
-5,512,-521,-145,-3531,-5199,0,0
174,330,-635,-72,-4171,-5822,0,0
-124,233,-401,131,-4534,-7238,0,0
-253,-353,77,58,-4677,-7414,0,0
-245,-795,452,-147,-4528,-5717,0,0
-348,-738,558,-225,-3460,-5097,0,0
-412,-336,353,163,-2751,-5205,0,0
-706,-255,222,344,-2358,-3387,0,0
-1066,661,-226,456,-882,-3079,0,0
-682,1652,-1038,1127,-984,-1989,0,0
-562,1875,-1417,480,-706,-2150,0,0
-92,2065,-1453,889,-720,-2074,0,0
179,2072,-1353,685,-1480,-1421,0,0
-284,1168,-1138,131,-533,-2387,0,0
-82,-49,-837,-327,-93,-1837,0,0
373,-241,-479,198,-1616,-820,0,0
456,-496,-37,-81,-2106,-738,0,0
794,-691,560,-32,-1329,-1356,0,0
1216,-1427,1160,-42,-1043,-1597,0,0
1231,-2405,1801,206,-2305,-1941,0,0
656,-2534,1865,-482,-3602,-3917,0,0
326,-402,747,-371,-4045,-4847,0,0
-141,873,-469,-559,-4305,-5924,0,0
-696,1545,-1368,476,-3252,-7214,0,0
-688,1345,-805,2258,-2499,-5692,0,0
-457,-85,51,1007,-1962,-2648,0,0
-330,-51,280,853,-1223,-2273,0,0
12,-50,204,744,-1413,-2320,0,0
270,-287,-74,363,-1976,-2419,0,0
151,-8,-304,435,-2500,-3937,0,0
-60,84,-209,130,-2713,-4765,0,0
-318,262,121,363,-2470,-4155,0,0
-478,30,521,586,-1929,-4174,0,0
-175,-457,653,-1,-1389,-3903,0,0
98,-414,657,-94,-1127,-3452,0,0
132,-486,635,-454,-1197,-3386,0,0
155,-126,434,-377,-1633,-3057,0,0
54,338,189,650,-2038,-2939,0,0
-110,143,-9,984,-1570,-3237,0,0
-36,-217,-206,1416,-1038,-3208,0,0
146,-360,-378,1542,-1422,-2322,0,0
179,51,-287,951,-2025,-2296,0,0
209,-229,-317,674,-2207,-3000,0,0
148,-448,-447,708,-2061,-2664,0,0
-122,94,-201,656,-2015,-2895,0,0
-170,-259,80,917,-1977,-3819,0,0
71,-826,254,55,-2159,-3180,0,0
162,-220,379,-259,-2351,-3315,0,0
224,-33,534,-600,-2253,-3691,0,0
271,-281,484,-795,-2571,-3854,0,0
122,-185,260,-742,-2432,-4007,0,0
-39,-42,101,-742,-1969,-3770,0,0
-102,-10,-197,-467,-2216,-4095,0,0
-194,116,-412,90,-2393,-4429,0,0
-247,115,-364,-6,-2414,-4314,0,0
-237,-61,-360,-167,-2368,-4507,0,0
-164,-131,-208,71,-2772,-4017,0,0
-189,-290,59,-213,-2813,-3853,0,0
-124,-269,144,-757,-2551,-4378,0,0
53,85,131,-850,-2752,-4438,0,0
54,99,222,-977,-3152,-4654,0,0
-32,77,99,-1152,-2981,-5343,0,0
56,409,-148,-194,-2962,-5886,0,0
123,339,-238,142,-3105,-5802,0,0
-197,148,-95,249,-2811,-6237,0,0
-504,-47,108,114,-2309,-6950,0,0
-555,-31,227,294,-2535,-5603,0,0
-820,258,254,482,-2496,-4710,0,0
-963,791,2,688,-1350,-4829,0,0
-545,1234,-533,1239,-726,-3438,0,0
-291,1125,-1074,1241,-1034,-2196,0,0
-386,1257,-1396,694,-1307,-2968,0,0
-313,1263,-1368,-249,-1714,-2174,0,0
-225,1058,-1063,515,-3800,-712,0,0
-74,1146,-63,318,-3040,-1639,0,0
343,89,863,564,-1074,-1690,0,0
727,-544,1209,605,-210,-1386,0,0
821,-135,1447,837,92,-1570,0,0
655,-587,1623,1090,-199,-1882,0,0
637,-1384,1529,882,-24,-2068,0,0
595,-1595,1155,725,333,-3109,0,0
567,-1046,715,-363,-1283,-3934,0,0
470,-1112,79,1543,-3060,-4043,0,0
-61,-55,-499,-676,-2187,-5438,0,0
-116,1010,-328,319,-2461,-5629,0,0
-34,-254,-198,788,-3605,-4786,0,0
-111,-141,207,200,-2966,-4175,0,0
-211,-684,292,168,-1815,-2996,0,0
-354,-848,57,-289,-1532,-2619,0,0
-374,-298,-150,-195,-1564,-2897,0,0
-288,-257,-287,43,-1838,-3283,0,0
-89,-269,-360,-137,-2116,-3162,0,0
39,-127,-186,-268,-2160,-2765,0,0
87,-249,-9,-279,-2080,-2787,0,0
196,-320,46,-105,-2067,-2773,0,0
220,-346,123,-278,-2078,-2624,0,0
158,-395,221,-491,-2157,-3021,0,0
137,-391,97,-697,-2459,-3507,0,0
129,-100,78,-292,-2433,-3512,0,0
117,-106,11,-426,-2288,-3790,0,0
133,69,38,-646,-2534,-3916,0,0
20,113,180,-754,-2530,-3914,0,0
-66,199,353,-965,-2533,-3568,0,0
-51,220,226,-417,-2481,-3907,0,0
-42,392,-20,-467,-2104,-4272,0,0
-154,555,-213,-2432,-2097,-4587,0,0
-212,594,-305,-84,-2321,-4959,0,0
-65,466,-291,331,-2797,-4732,0,0
55,314,-282,521,-3177,-4981,0,0
78,224,-175,-36,-3618,-5839,0,0
-38,25,-72,-337,-3721,-6548,0,0
-121,-279,141,38,-3531,-6248,0,0
-138,-435,465,-227,-3459,-5445,0,0
-136,-201,582,-17,-2956,-5197,0,0
-73,406,377,498,-1926,-4376,0,0
-281,520,91,566,-1471,-4398,0,0
-873,795,1,810,-1664,-4502,0,0
-1021,630,-105,355,-2188,-4733,0,0
-1175,570,-4,-644,-2614,-3043,0,0
-1215,1409,109,-341,-1274,-2743,0,0
-461,1519,-243,1679,-920,-2734,0,0
129,890,-601,1855,450,-2939,0,0
778,540,-498,676,1246,-3146,0,0
1395,-709,-1015,807,1117,-2782,0,0
1422,-435,-988,-141,-174,-834,0,0
869,-439,-768,780,-1881,-1078,0,0
461,-763,-613,676,-1806,-1818,0,0
480,-868,97,352,-2294,-532,0,0
410,-1544,771,1130,-2249,-1163,0,0
738,-2221,1057,1782,-1728,-2421,0,0
934,-1921,871,80,-1762,-1308,0,0
395,-659,636,-1526,-3851,-2828,0,0
-46,85,-501,-2930,-3785,-7198,0,0
-33,864,-356,-1842,-3697,-6065,0,0
-195,624,239,-1256,-4149,-3394,0,0
-165,729,304,-1068,-2496,-3683,0,0
164,1047,22,-753,-1666,-3410,0,0
134,401,-264,-103,-1970,-3518,0,0
-94,54,-154,313,-2083,-4070,0,0
-280,-44,70,-145,-1963,-3734,0,0
-526,-78,88,75,-1943,-3526,0,0
-633,163,37,251,-1960,-3771,0,0
-526,266,-119,730,-2002,-3280,0,0
-394,72,-177,1796,-1980,-3393,0,0
-154,-265,10,1758,-1740,-3135,0,0
29,-244,163,925,-1620,-2399,0,0
21,-265,98,349,-1611,-2301,0,0
-59,-166,-10,137,-1570,-2567,0,0
-93,28,-88,371,-1789,-2780,0,0
-42,-45,-75,474,-1748,-2982,0,0
187,-64,-65,450,-2107,-3234,0,0
350,-36,77,423,-2339,-3639,0,0
357,-268,248,-270,-2244,-4234,0,0
320,-512,173,-773,-2321,-4712,0,0
216,-675,119,-516,-2347,-4166,0,0
-13,-496,104,-500,-2173,-4221,0,0
-131,-370,39,-210,-2058,-4225,0,0
-247,-692,69,-121,-1916,-3703,0,0
-363,-701,134,-544,-1993,-3692,0,0
-424,-192,99,-961,-2104,-4174,0,0
-375,-100,50,-1047,-2108,-4574,0,0
-186,-211,-163,-1093,-2338,-4503,0,0
-49,275,-341,-1153,-2492,-4504,0,0
65,520,-310,-1065,-2478,-5042,0,0
189,-54,-141,-1281,-2647,-4577,0,0
240,-29,92,-999,-2953,-3441,0,0
239,-251,243,-562,-2444,-3472,0,0
117,-336,326,-762,-1802,-3838,0,0
-269,8,204,-923,-1685,-4310,0,0
-617,266,101,-1380,-2227,-5161,0,0
-698,496,-138,-649,-2437,-5112,0,0
-784,929,-237,-54,-1981,-5865,0,0
-556,824,-296,611,-1367,-6692,0,0
-349,423,-201,687,-1479,-6730,0,0
-297,211,-55,301,-1589,-7045,0,0
52,-166,-163,815,-1789,-4671,0,0
-31,255,-211,224,-1590,-2660,0,0
-456,381,-332,-2272,-1228,-3161,0,0
-471,1013,-822,15,-1485,-2445,0,0
-469,1977,-1111,-38,-1446,-280,0,0
-606,1854,-1457,503,-1577,258,0,0
-139,2240,-1083,175,-1681,-1084,0,0
579,1189,-584,867,-1513,-1912,0,0
688,358,-247,1381,-864,-2586,0,0
567,147,472,1214,-112,-3419,0,0
661,-1344,1132,1120,165,-3558,0,0
989,-1996,1510,977,-189,-2909,0,0
938,-1423,1722,709,-1074,-3223,0,0
968,-1493,1379,1706,-2194,-3472,0,0
888,-1117,848,-188,-2225,-3502,0,0
327,360,446,-753,-1815,-4880,0,0
-47,359,54,147,-2324,-5290,0,0
-15,208,-81,92,-3527,-4122,0,0
-163,133,222,-268,-3227,-3921,0,0
-201,-53,421,-274,-2831,-3601,0,0
-169,92,429,198,-2734,-3203,0,0
-259,17,466,88,-2476,-3440,0,0
-335,-422,394,-337,-1931,-3486,0,0
-392,-519,214,-118,-1508,-3121,0,0
-476,-391,84,72,-1136,-3266,0,0
-367,-439,61,158,-1310,-3300,0,0
-206,-712,-30,-103,-1537,-3079,0,0
-94,-287,-39,-163,-1771,-3042,0,0
-19,-276,156,-338,-1910,-3365,0,0
126,-427,322,-695,-1907,-3005,0,0
173,39,392,-511,-1713,-2887,0,0
139,48,389,-596,-1565,-3557,0,0
226,-246,294,-900,-1608,-4080,0,0
301,-181,189,-896,-1838,-3597,0,0
153,-82,249,-991,-2257,-3636,0,0
-7,-70,245,-1192,-2226,-4066,0,0
-76,-36,159,-1059,-2107,-3898,0,0
-174,101,53,-745,-2119,-3763,0,0
-156,325,-80,-330,-2161,-4390,0,0
144,160,-138,0,-2054,-4869,0,0
319,-191,-176,-30,-1938,-4463,0,0
107,-252,-47,-670,-1812,-4512,0,0
-10,-264,-128,-1152,-1818,-4326,0,0
11,-74,-273,-735,-2090,-3894,0,0
104,-419,-365,-647,-2430,-3545,0,0
119,-245,-353,-814,-2628,-3670,0,0
122,-3,-267,-1060,-2952,-3777,0,0
109,358,-165,-936,-3645,-4270,0,0
12,871,31,-774,-3141,-6020,0,0
153,354,-9,-827,-2652,-5912,0,0
61,185,-61,-529,-3066,-5639,0,0
-123,316,148,31,-3131,-5899,0,0
-93,427,250,-275,-3292,-4630,0,0
-179,338,295,-378,-3219,-5587,0,0
-58,340,365,276,-2773,-5996,0,0
77,438,595,718,-2502,-5001,0,0
-164,-432,687,522,-1673,-3401,0,0
-236,131,365,-685,-22,-2029,0,0
-131,1417,-284,-1021,878,-1018,0,0
-18,1405,-1027,-532,72,-745,0,0
-112,1747,-1925,353,-400,-1791,0,0
-55,1736,-2681,1695,658,-2395,0,0
153,666,-2380,1080,495,-998,0,0
120,748,-1422,611,-1693,-1486,0,0
105,-118,-1080,400,-2481,-2293,0,0
486,-765,-583,754,-2213,-1434,0,0
830,-1431,364,1542,-2264,-1794,0,0
933,-2277,738,2299,-3226,-3571,0,0
813,-1238,369,476,-3864,-3775,0,0
311,459,229,478,-5015,-4886,0,0
-222,573,33,1829,-4291,-6202,0,0
-410,606,625,634,-3299,-5306,0,0
-455,433,913,-390,-2446,-4574,0,0
-337,52,888,-99,-1458,-3550,0,0
-307,210,718,101,-1105,-3018,0,0
-252,-17,544,357,-1140,-3394,0,0
-95,-519,421,21,-1463,-3319,0,0
33,-180,386,101,-1879,-3050,0,0
176,116,326,320,-2183,-3256,0,0
208,80,175,1027,-2044,-3711,0,0
278,-192,16,1774,-1763,-3725,0,0
389,-193,59,1668,-1785,-3047,0,0
241,-406,101,841,-1946,-2764,0,0
49,-422,29,378,-1923,-2614,0,0
59,-115,-43,502,-1901,-2450,0,0
96,-156,-129,353,-1744,-2464,0,0
52,-227,-247,572,-1783,-2381,0,0
-19,-145,-223,1280,-2280,-2522,0,0
-71,-243,-81,1059,-2459,-3551,0,0
30,-652,-2,449,-2194,-3633,0,0
102,-615,130,308,-2106,-3434,0,0
61,-391,273,-289,-2170,-4066,0,0
66,-439,289,-820,-2573,-3876,0,0
29,-722,152,-858,-2580,-3708,0,0
-91,-616,128,-314,-2648,-3370,0,0
-118,-314,262,-309,-2302,-3913,0,0
92,-504,271,-769,-1823,-3852,0,0
142,-149,232,-917,-1871,-3699,0,0
88,212,163,-1044,-1886,-3868,0,0
75,102,-51,-962,-2027,-3550,0,0
-19,297,-243,-750,-2355,-4024,0,0
-32,277,-240,-439,-2637,-4725,0,0
-7,-222,-107,-741,-3232,-5020,0,0
7,-145,56,-1192,-3535,-5088,0,0
57,-51,180,-1139,-3470,-5064,0,0
102,-203,343,-979,-3437,-4592,0,0
37,202,462,-1220,-3369,-6152,0,0
-133,384,150,-1336,-2635,-4751,0,0
-209,470,-248,-891,-2176,-4807,0,0
-537,723,-545,20,-2102,-4630,0,0
-1071,1190,-847,901,-1985,-5313,0,0
-1143,1399,-938,1335,-1810,-6851,0,0
-856,706,-798,1166,-2176,-5463,0,0
-887,614,-629,1146,-2302,-5197,0,0
-746,533,-651,1449,-2250,-3527,0,0
-503,447,-764,968,-1729,-2785,0,0
-334,910,-893,660,-1721,-1546,0,0
-479,1508,-869,22,-858,-1178,0,0
-248,1418,-733,-55,-528,-362,0,0
213,664,-434,431,-916,-885,0,0
605,-228,-209,732,-1263,-1750,0,0
827,-205,-176,784,-884,-2527,0,0
940,-351,381,717,-604,-2269,0,0
886,-1489,1167,742,-804,-2395,0,0
815,-2464,1707,836,-1303,-3371,0,0
830,-2254,1669,647,-1629,-3576,0,0
1018,-1731,1157,1150,-2064,-2979,0,0
754,-869,406,-1497,-1860,-3592,0,0
133,575,-74,-932,-1610,-5257,0,0
-107,415,-180,771,-2189,-5565,0,0
-4,106,137,180,-2844,-6328,0,0
68,-261,248,-395,-2954,-3694,0,0
72,92,208,-723,-3025,-3604,0,0
51,380,289,-691,-2858,-3298,0,0
-100,20,324,-865,-2780,-3149,0,0
-223,186,367,-812,-2232,-2736,0,0
-260,448,372,24,-1485,-2373,0,0
-328,176,321,214,-1143,-2922,0,0
-178,16,305,113,-1207,-2797,0,0
-21,134,220,330,-1402,-2447,0,0
-18,273,184,239,-1607,-3396,0,0
42,-80,64,206,-1992,-4256,0,0
152,-57,57,366,-2400,-3486,0,0
87,-88,19,104,-2123,-3985,0,0
103,-147,-104,-228,-2123,-4674,0,0
181,-245,-28,36,-2293,-3792,0,0
99,-364,33,-2184,-2272,-3348,0,0
82,-322,-56,-367,-2438,-3559,0,0
86,-344,-235,-172,-2408,-3594,0,0
4,-57,-307,-266,-2305,-3730,0,0
-124,104,-378,-360,-2296,-4389,0,0
-133,-10,-461,-43,-2646,-4390,0,0
-64,115,-306,240,-3091,-4066,0,0
-77,-155,-152,-9,-2919,-4591,0,0
-109,-91,-26,-617,-2609,-4585,0,0
-232,-60,95,-400,-2739,-4366,0,0
-300,-138,142,-228,-2818,-4637,0,0
-111,-98,224,-539,-2801,-4914,0,0
59,-117,200,-771,-3078,-4872,0,0
178,307,165,-536,-3120,-5511,0,0
276,235,140,-342,-2590,-5546,0,0
30,293,29,-369,-2429,-4073,0,0
-743,1076,-146,442,-1570,-3933,0,0
-1070,1200,-688,1070,-867,-4485,0,0
-1061,1664,-803,1791,-2073,-5521,0,0
-811,930,-245,1733,-3149,-6965,0,0
-305,77,548,352,-5114,-5517,0,0
-447,-2,1231,-436,-3064,-7145,0,0
441,-1576,1051,-252,-890,-3544,0,0
916,-849,564,479,823,554,0,0
358,925,323,847,1221,-1540,0,0
224,468,-429,963,1275,-2590,0,0
127,111,-1135,907,1393,-877,0,0
-227,661,-1160,561,170,45,0,0
-352,540,-1183,896,-1783,-1035,0,0
68,110,-1314,982,-1987,-2551,0,0
810,-243,-627,771,-1948,-2214,0,0
970,-1090,742,1064,-2885,-2021,0,0
924,-2253,921,1411,-2618,-2621,0,0
952,-1305,743,83,-3060,-2252,0,0
575,-370,-40,-1462,-2822,-4562,0,0
100,641,-951,-895,-2202,-6756,0,0
55,1039,-1023,963,-2918,-6594,0,0
25,-74,-595,426,-3113,-4516,0,0
-150,-246,-113,-388,-2575,-3207,0,0
-246,-254,24,-304,-2504,-2975,0,0
-198,-2336,208,-220,-2677,-2971,0,0
-192,-249,606,-494,-2586,-3262,0,0
-111,-303,774,-673,-2589,-2762,0,0
-108,115,758,-86,-2540,-2148,0,0
-311,587,802,483,-2126,-2867,0,0
-250,802,609,826,-1781,-3497,0,0
-21,747,207,1603,-1607,-3529,0,0
-50,595,133,1405,-1732,-3390,0,0
-263,413,156,950,-1820,-3882,0,0
-188,221,54,742,-1877,-3537,0,0
-42,217,-56,357,-1941,-2695,0,0
-103,55,-204,638,-1621,-2970,0,0
-55,-201,-185,542,-1173,-2720,0,0
1,-402,43,603,-1233,-2550,0,0
-41,-928,204,169,-1581,-3061,0,0
-21,-641,232,-424,-2063,-2587,0,0
-32,-39,136,202,-2226,-2981,0,0
17,-427,66,-220,-2159,-4119,0,0
63,-268,-91,-91,-1900,-4045,0,0
-53,-178,-43,348,-1812,-4127,0,0
-37,-365,30,-6,-2049,-4843,0,0
93,-452,103,-118,-2156,-4252,0,0
31,-409,152,-382,-2080,-4360,0,0
45,-384,20,-649,-1902,-4492,0,0
69,-236,-103,-682,-1965,-4093,0,0
-49,18,-182,-872,-2264,-4380,0,0
-148,135,-326,-603,-2631,-4916,0,0
-272,239,-386,-554,-2777,-5380,0,0
-283,406,-95,-464,-3212,-5934,0,0
-174,-167,156,-82,-3386,-5998,0,0
-10,-148,326,-794,-3367,-5326,0,0
63,189,499,-417,-3120,-5280,0,0
72,136,452,110,-1938,-6173,0,0
254,255,332,-91,-1391,-5507,0,0
76,380,95,115,-1531,-4975,0,0
-390,522,-281,460,-1332,-4767,0,0
-679,1337,-815,1630,-1027,-4095,0,0
-726,1726,-1352,2133,-1216,-2514,0,0
-1215,1443,-1804,1991,-565,-3040,0,0
-1152,1274,-2176,1073,-345,-4117,0,0
-425,1744,-2276,459,-2409,-740,0,0
-256,1702,-1844,1250,-1124,-169,0,0
128,1787,-414,940,-2901,-3997,0,0
1342,-17,758,1074,-1416,-2796,0,0
1542,-624,1209,1422,-595,-536,0,0
976,-260,1761,1256,479,-1263,0,0
861,-1275,2047,1018,585,-2480,0,0
1125,-2177,2118,1057,-236,-2286,0,0
794,-2043,2043,462,-1069,-3196,0,0
636,-1349,1462,1559,-2568,-3984,0,0
524,-689,1150,464,-3459,-4570,0,0
249,-595,817,-568,-2345,-5045,0,0
192,-848,734,-1006,-2808,-3504,0,0
192,-507,530,-1484,-3687,-3235,0,0
172,-132,350,-1057,-3449,-3467,0,0
84,18,184,-166,-3206,-2864,0,0
-333,365,-137,-963,-2709,-2488,0,0
-972,1206,-536,-958,-2162,-3146,0,0
-1205,1087,-721,-138,-2221,-3867,0,0
-1042,459,-573,502,-2587,-4242,0,0
-625,-2144,-312,74,-1947,-3999,0,0
-127,-610,-228,-317,-1387,-2729,0,0
130,-557,-158,104,-1531,-2043,0,0
122,55,-41,158,-1621,-2599,0,0
159,160,-184,398,-1456,-2535,0,0
195,-5,-285,1026,-1452,-2572,0,0
136,124,-147,916,-1705,-3562,0,0
109,-9,-108,607,-1966,-4014,0,0
83,-349,-36,368,-2162,-3643,0,0
-76,-570,101,-142,-2398,-3685,0,0
-179,-181,182,-242,-2517,-3654,0,0
-146,-27,281,-291,-2421,-3600,0,0
-49,-177,-46,-168,-2199,-3913,0,0
-98,403,-109,153,-2194,-3896,0,0
-268,312,109,-41,-2028,-5007,0,0
-102,-149,105,-214,-2321,-4735,0,0
-31,-316,123,-20,-2828,-4313,0,0
-76,-181,53,160,-2437,-4774,0,0
-99,133,-69,286,-1738,-4592,0,0
-160,100,-186,117,-1853,-4582,0,0
-142,253,-337,583,-2656,-5432,0,0
-62,338,-306,395,-3565,-7076,0,0
119,-67,56,-307,-4597,-7743,0,0
47,-834,532,-1372,-4419,-7480,0,0
112,-942,615,-1043,-3240,-6512,0,0
492,-1320,374,52,-2126,-4175,0,0
565,-1032,133,713,-997,-1624,0,0
130,129,202,1657,-816,-513,0,0
-497,1600,259,1428,-1536,-3528,0,0
-931,1821,137,12,-1343,-3923,0,0
-825,836,-28,-507,-523,-4431,0,0
-544,1473,388,-1640,-1069,-5681,0,0
-183,587,269,-1743,-2493,-5828,0,0
-23,52,-750,-173,-1232,-3290,0,0
181,305,-1049,1536,1471,-757,0,0
610,-676,-1002,1634,665,672,0,0
851,-291,-1223,1309,-933,-99,0,0
1013,166,-1098,278,-1816,-939,0,0
724,-668,-117,437,-2464,-2044,0,0
687,-2088,682,1104,-2322,-2607,0,0
996,-1671,868,-339,-3625,-731,0,0
448,134,903,-1119,-5323,-3322,0,0
23,87,-49,-1354,-3726,-7506,0,0
21,800,-286,-230,-2394,-5917,0,0
-329,304,-26,329,-2837,-3916,0,0
-616,251,163,-303,-2248,-4285,0,0
-373,448,86,417,-1738,-3370,0,0
-144,43,-58,552,-1663,-2705,0,0
44,-187,-49,50,-1969,-2588,0,0
80,-182,34,-316,-2351,-2837,0,0
71,-72,4,-545,-2281,-3028,0,0
26,212,-91,-821,-2047,-3067,0,0
-98,273,-172,-753,-2010,-3237,0,0
-233,185,-91,-600,-2057,-3103,0,0
-315,109,-37,-514,-2222,-2643,0,0
-391,297,-18,560,-2084,-2817,0,0
-248,-51,132,1183,-1731,-3342,0,0
49,-184,235,651,-1635,-2652,0,0
22,-159,230,633,-1613,-3307,0,0
-17,-320,148,-367,-1655,-3869,0,0
-28,-121,29,-253,-1857,-3479,0,0
-199,-49,-19,-214,-2099,-3926,0,0
-163,-260,-103,-148,-2084,-4202,0,0
-66,-376,-224,-133,-1941,-3475,0,0
-152,-239,-111,442,-2079,-3947,0,0
-34,-608,16,67,-2226,-4512,0,0
64,-457,175,-701,-2674,-3824,0,0
-84,-91,142,-519,-2540,-4480,0,0
-51,236,44,-2440,-2485,-4760,0,0
-55,641,137,-711,-2678,-4916,0,0
-37,399,125,-249,-2736,-5706,0,0
9,182,242,-753,-2939,-5249,0,0
-75,284,302,-644,-3019,-5339,0,0
-84,156,238,33,-2516,-5840,0,0
25,136,243,-220,-2278,-5264,0,0
-97,184,222,-60,-2441,-5247,0,0
-261,352,213,299,-2492,-6399,0,0
-255,442,226,773,-2138,-6087,0,0
-162,-257,142,244,-1672,-6355,0,0
-59,-31,-62,-81,-1874,-3587,0,0
-529,790,-584,750,-1206,-3399,0,0
-645,567,-1248,1066,-715,-3532,0,0
-454,1028,-1837,1001,-956,-1442,0,0
-772,1386,-2030,510,-742,-597,0,0
-938,1375,-1730,346,-1449,-623,0,0
-338,1314,-1147,653,-2861,-1703,0,0
625,611,-79,1421,-2732,-2715,0,0
1174,-266,713,1046,-1661,-2615,0,0
1310,-538,1149,135,-713,-2030,0,0
1180,-1122,1619,211,-531,-2219,0,0
991,-1671,1861,382,-764,-3456,0,0
798,-1717,1579,513,-1380,-3711,0,0
735,-1309,1413,1393,-2133,-2653,0,0
498,-1065,1001,-575,-2107,-3708,0,0
245,30,608,-1002,-1999,-5295,0,0
199,312,316,-175,-2839,-4941,0,0
329,81,344,-767,-3845,-3267,0,0
190,97,438,-684,-3495,-2570,0,0
-66,542,107,-691,-2571,-3473,0,0
-107,804,-231,-615,-2165,-3501,0,0
-288,387,-256,-385,-2109,-3037,0,0
-530,169,-334,-113,-1770,-3444,0,0
-511,243,-407,-233,-1828,-2926,0,0
-494,254,-337,-103,-2369,-2832,0,0
-436,135,-246,-181,-2380,-3211,0,0
-307,-1,-226,-82,-2017,-3014,0,0
-284,118,-230,55,-1779,-3279,0,0
-228,250,-193,664,-1661,-3670,0,0
-125,-243,-51,741,-1614,-3472,0,0
-151,-353,-9,704,-1522,-3747,0,0
-89,-314,55,324,-1485,-4024,0,0
57,-593,6,213,-2031,-3603,0,0
35,-583,-51,215,-2128,-3702,0,0
112,-252,57,-310,-2011,-3537,0,0
195,-266,-35,-21,-2026,-3339,0,0
170,-134,-55,403,-2111,-3325,0,0
99,107,-9,239,-1772,-3799,0,0
88,109,-93,-211,-1707,-3894,0,0
42,104,-120,109,-2253,-4041,0,0
-39,57,-105,2,-2574,-4217,0,0
-64,87,-37,-268,-2736,-4234,0,0
-90,-146,-36,-366,-2530,-4318,0,0
-120,93,-93,43,-2281,-4236,0,0
-140,109,-124,135,-2156,-4612,0,0
-48,-123,-196,-220,-2354,-4767,0,0
12,142,-301,6,-2731,-5119,0,0
-23,144,-343,-193,-2620,-5991,0,0
-151,51,-552,-288,-2424,-7192,0,0
-195,-141,-392,190,-3515,-7320,0,0
-183,-651,155,67,-4642,-5652,0,0
-286,-628,684,150,-4473,-5272,0,0
-61,-695,1036,-671,-3735,-4814,0,0
182,-698,1177,-206,-3498,-2944,0,0
21,378,1188,895,-1986,-2367,0,0
-143,1355,1145,1779,50,-1075,0,0
-564,1953,928,512,729,-1214,0,0
-794,2594,116,34,1414,-4066,0,0
-301,2050,-467,220,189,-4364,0,0
421,1903,-646,1085,-33,-4148,0,0
796,656,-1338,1091,-128,-5170,0,0
669,-81,-1865,76,200,-4071,0,0
564,-1001,-1248,73,-570,-744,0,0
74,-1466,-857,1203,-2015,-539,0,0
394,-1510,-556,1360,-2371,-1575,0,0
1257,-2313,-84,712,-2363,-866,0,0
1444,-2151,328,1712,-2136,-1668,0,0
1401,-1997,377,-68,-2381,-1046,0,0
1018,-70,264,-12,-3964,-2244,0,0
650,260,-12,1633,-4204,-5283,0,0
367,174,-19,-302,-3494,-5351,0,0
-186,630,119,-1185,-3388,-5274,0,0
-578,94,453,-813,-2874,-4989,0,0
-667,-156,774,-524,-2137,-3386,0,0
-541,-259,729,-682,-1879,-2636,0,0
-252,11,540,-471,-1958,-2179,0,0
9,-157,341,-548,-1986,-2453,0,0
117,-18,179,-1208,-2025,-2742,0,0
108,392,116,-1096,-2540,-2841,0,0
-53,557,129,-1487,-2738,-3117,0,0
-169,573,219,-866,-2435,-3339,0,0
-81,287,7,-453,-1670,-3003,0,0
0,574,-244,287,-1232,-2508,0,0
-99,451,-269,933,-978,-3184,0,0
-61,-194,-471,814,-962,-3645,0,0
-19,-25,-437,605,-1638,-3145,0,0
-64,120,-199,-14,-2253,-3859,0,0
67,85,-246,72,-2788,-3759,0,0
64,-44,-140,235,-2949,-3669,0,0
35,-2224,-56,247,-2699,-4490,0,0
71,-269,65,407,-2551,-4450,0,0
-35,-569,269,30,-2577,-4256,0,0
-90,-475,291,-453,-2647,-4087,0,0
-126,-36,185,-491,-2709,-4029,0,0
-188,-10,17,-611,-2503,-3893,0,0
-256,200,-175,-604,-2231,-4277,0,0
-292,361,-245,-163,-2154,-4612,0,0
-246,66,-148,463,-2158,-4792,0,0
-164,-237,78,134,-2330,-4669,0,0
-52,-261,297,-316,-2719,-4240,0,0
-23,51,481,-686,-3225,-4488,0,0
-59,200,573,-845,-3406,-6272,0,0
182,-430,508,-960,-2960,-6042,0,0
248,-495,407,-287,-2751,-4683,0,0
76,-125,399,-62,-1890,-5812,0,0
42,-38,17,-728,-1321,-4847,0,0
-436,820,-538,-166,-1179,-3201,0,0
-708,1786,-1262,1302,-576,-4149,0,0
-708,1966,-1941,1710,-721,-4413,0,0
-1108,1045,-1954,2665,-1928,-4910,0,0
-1563,457,-1317,1624,-2620,-3620,0,0
-1743,1191,-993,44,-2844,-2769,0,0
-1241,1156,-965,-9,-2749,-2143,0,0
-116,1078,-745,10,-1861,-1038,0,0
1037,864,-196,-77,-1556,-628,0,0
1552,-81,370,1026,-1422,-1732,0,0
1457,-732,566,1155,-717,-2322,0,0
1104,-484,1236,968,-633,-2101,0,0
774,-1528,2054,1299,-1444,-3534,0,0
767,-2264,2306,782,-1687,-4071,0,0
788,-1094,2292,788,-2390,-3002,0,0
787,-1288,1358,1534,-1916,-4545,0,0
762,-444,509,156,-166,-5004,0,0
362,258,481,167,3,-4347,0,0
-13,-65,49,-277,-1635,-3482,0,0
-151,607,-236,-376,-3096,-3672,0,0
-202,236,-10,-434,-3145,-4181,0,0
-102,-432,277,-669,-3055,-3001,0,0
-111,-20,244,-456,-2563,-2898,0,0
-205,423,27,-827,-2235,-3820,0,0
-218,302,-186,-1022,-2612,-3910,0,0
-233,168,-153,-635,-3024,-3298,0,0
-297,227,-35,-575,-2817,-3400,0,0
-195,111,22,-541,-2520,-2981,0,0
-74,65,-44,-333,-2123,-2897,0,0
-126,354,-75,-54,-1891,-3731,0,0
-174,320,-100,477,-1812,-4003,0,0
-180,133,-175,1220,-1630,-4073,0,0
-130,91,-116,1217,-1376,-3717,0,0
-103,-20,-52,927,-1416,-3121,0,0
-126,226,-151,622,-1619,-3043,0,0
-198,452,-285,1130,-1416,-3137,0,0
-247,125,-297,1317,-825,-3540,0,0
-147,-180,-312,729,-771,-3688,0,0
-61,-187,-459,585,-1093,-3503,0,0
-1,-194,-545,496,-1456,-3736,0,0
113,-309,-488,328,-2033,-3517,0,0
173,-533,-304,314,-2370,-3334,0,0
106,-428,-209,107,-2389,-3403,0,0
55,-146,18,179,-2506,-3527,0,0
111,-287,257,120,-2875,-3676,0,0
165,-128,448,-215,-2612,-3623,0,0
135,-52,497,-242,-2210,-3428,0,0
26,172,352,-275,-2185,-3579,0,0
61,320,324,-234,-2098,-4110,0,0
275,351,248,87,-2565,-3725,0,0
286,708,76,591,-2737,-4159,0,0
210,561,-24,123,-2189,-5550,0,0
241,205,-373,413,-2627,-5803,0,0
-46,284,-414,1100,-3178,-6126,0,0
-328,-235,-144,539,-3666,-6334,0,0
-386,-982,13,187,-3922,-6731,0,0
-157,-886,85,154,-3499,-5720,0,0
35,-715,191,1091,-2952,-3687,0,0
-290,-591,416,980,-1703,-2969,0,0
-631,540,201,250,-1357,-3702,0,0
-1025,1650,-311,358,-1101,-3871,0,0
-872,1351,-867,978,-375,-5433,0,0
-148,648,-992,1350,-813,-4956,0,0
-197,668,-449,947,-1792,-2825,0,0
-509,186,21,-462,-1607,-3040,0,0
-468,-272,-248,-909,-1673,-1447,0,0
-723,825,-711,-683,-1007,-494,0,0
-926,1266,-1351,491,1695,-3931,0,0
207,-190,-1711,589,1535,-1367,0,0
595,-697,-1688,1274,-1314,580,0,0
444,175,-1479,1723,-1992,-1932,0,0
1057,-259,-424,2687,-2252,-2847,0,0
1378,-1654,830,2110,-2530,-1169,0,0
1010,-793,1301,489,-2561,-1991,0,0
723,397,1029,1908,-2977,-4764,0,0
524,843,522,1563,-2851,-5816,0,0
174,1475,-33,3054,-1987,-6897,0,0
-27,135,-13,2392,-1253,-7483,0,0
-44,-429,235,-267,-1418,-5067,0,0
-311,315,330,305,-1274,-4508,0,0
-304,-157,412,671,-1955,-3705,0,0
-157,-524,645,286,-2153,-2754,0,0
-151,-683,943,3,-1818,-2458,0,0
-176,-472,1024,-87,-1393,-2927,0,0
-35,-215,931,265,-1284,-3051,0,0
141,-96,689,279,-1136,-2892,0,0
199,170,345,546,-879,-3323,0,0
231,136,104,984,-1121,-3390,0,0
184,49,-46,1369,-1672,-2597,0,0
123,-377,-144,1593,-1929,-2711,0,0
104,-765,-24,954,-2121,-3040,0,0
-39,-548,247,617,-1950,-3616,0,0
27,-712,520,266,-1789,-3862,0,0
190,-995,594,-425,-1540,-3467,0,0
259,-786,464,-744,-1378,-3178,0,0
342,-498,287,-494,-1320,-2867,0,0
338,-407,203,-619,-1633,-2670,0,0
136,17,58,-784,-2126,-3399,0,0
-57,47,-32,-924,-2306,-4259,0,0
-45,-182,-57,-749,-2302,-4390,0,0
-42,15,-9,-236,-2112,-4375,0,0
19,3,-61,-764,-2012,-4693,0,0
163,-173,-304,-991,-2337,-4300,0,0
138,150,-454,-394,-2858,-4293,0,0
-74,14,-305,-641,-3124,-4761,0,0
-243,-288,-181,-920,-2911,-4271,0,0
-283,168,-43,-844,-2740,-4121,0,0
-200,234,126,-166,-2786,-6448,0,0
-42,69,339,-509,-2969,-4134,0,0
-16,440,393,-1104,-3182,-4360,0,0
-164,695,329,-612,-2788,-5045,0,0
-274,564,387,129,-2393,-5511,0,0
-318,278,385,-26,-1964,-5997,0,0
-210,1,260,-166,-1759,-5502,0,0
-211,796,213,-32,-2011,-4367,0,0
-409,1336,-1,736,-1490,-5402,0,0
-138,481,-334,929,-1369,-4582,0,0
-53,846,-627,1675,-1447,-2292,0,0
-645,2152,-847,1116,-1072,-3044,0,0
-801,1501,-1591,1209,-989,-6640,0,0
-568,458,-1933,507,-1485,-3470,0,0
-771,983,-1257,898,-2561,-1634,0,0
-676,701,-541,1422,-2355,-2443,0,0
373,589,-46,172,-1906,-2476,0,0
1325,-8,205,665,-1851,-1116,0,0
1368,-425,571,955,-976,-771,0,0
1145,-180,1337,807,-593,-1355,0,0
892,-1154,2060,955,-968,-2493,0,0
871,-2054,2343,1379,-1122,-3152,0,0
843,-942,2168,1315,-1730,-2835,0,0
638,-1250,1264,880,-1622,-4447,0,0
415,-1209,-38,-713,-1007,-5318,0,0
-100,-306,-251,-382,-1528,-4635,0,0
-444,-59,-452,-735,-3732,-3387,0,0
-482,1075,-685,32,-4022,-3875,0,0
-349,890,-597,892,-2789,-3913,0,0
-235,224,-501,737,-2459,-3237,0,0
-223,279,-510,626,-2309,-3762,0,0
-100,120,-148,-1,-2682,-4056,0,0
-93,-911,170,-18,-2644,-3753,0,0
-167,-839,141,-90,-2106,-2971,0,0
-258,60,31,398,-1538,-3342,0,0
-64,-289,-234,212,-1404,-3571,0,0
223,-354,-413,223,-1850,-2247,0,0
183,-135,-363,688,-2082,-2570,0,0
292,-327,-350,613,-1788,-2948,0,0
429,-171,-225,620,-2054,-2167,0,0
303,-158,-55,538,-2377,-3250,0,0
285,-349,-54,203,-2315,-3380,0,0
169,-430,-32,206,-2408,-3137,0,0
-32,-207,-39,64,-2356,-3895,0,0
34,-114,-106,-149,-2528,-3635,0,0
26,-288,-294,134,-2652,-3497,0,0
-57,-3,-199,642,-2559,-3657,0,0
-175,9,-42,196,-2529,-4082,0,0
-271,-40,-83,-90,-2323,-4223,0,0
-313,189,91,136,-2478,-3974,0,0
-269,117,304,224,-2740,-3742,0,0
-111,67,375,-34,-2496,-3591,0,0
35,116,294,161,-2227,-3326,0,0
35,565,159,76,-2111,-4123,0,0
146,603,-178,278,-2169,-5393,0,0
202,167,-387,240,-2792,-4978,0,0
-147,28,-271,-356,-3414,-5706,0,0
-420,-41,-333,-204,-3314,-6836,0,0
-338,-256,-390,509,-3304,-6343,0,0
-314,-651,-269,277,-3412,-5864,0,0
-316,-778,-142,570,-3103,-5684,0,0
-201,-965,-148,266,-2487,-3979,0,0
-241,-338,-281,967,-2441,-1917,0,0
-634,816,95,1150,-2705,-1653,0,0
-886,1377,158,448,-2376,-2518,0,0
-985,2127,-161,2487,-1444,-4350,0,0
-917,1652,649,1402,-517,-5346,0,0
-586,-65,1421,-589,-375,-5393,0,0
124,-226,1394,-582,-1555,-4089,0,0
546,236,484,1103,-903,-2659,0,0
440,-242,-485,1700,1076,-1608,0,0
-10,200,-1091,849,2286,-1136,0,0
-104,272,-1104,11,704,-966,0,0
-121,-197,-1107,855,-1992,-1749,0,0
173,-781,-882,1411,-3187,-3073,0,0
1084,-1292,-146,953,-2480,-2754,0,0
1784,-2426,319,2067,-1540,-1343,0,0
1659,-2128,998,582,-3170,-1178,0,0
962,-864,635,-2414,-3981,-4238,0,0
204,632,-107,-2164,-2700,-5899,0,0
-132,816,-114,83,-3155,-5014,0,0
-178,684,-29,-765,-3037,-4787,0,0
85,929,-23,-260,-1895,-4238,0,0
203,42,-167,-263,-1779,-2930,0,0
-7,69,-106,-580,-2091,-2944,0,0
-208,79,109,-764,-2393,-3931,0,0
-159,-334,300,-943,-2818,-3109,0,0
-166,39,486,-525,-2770,-2603,0,0
-225,277,530,57,-2316,-3090,0,0
-149,51,330,859,-1723,-3171,0,0
-47,2,-30,1442,-1061,-3075,0,0
-23,25,-330,1782,-857,-3095,0,0
-115,28,-444,1557,-1748,-3006,0,0
-347,200,-341,888,-2242,-3153,0,0
-489,248,-244,707,-2336,-3039,0,0
-528,135,-294,1084,-2303,-3431,0,0
-459,129,-254,815,-1879,-3218,0,0
-373,129,-26,748,-1693,-2909,0,0
-395,-89,82,633,-1877,-3824,0,0
-317,-180,95,201,-1870,-3931,0,0
-216,-62,82,386,-1948,-3374,0,0
-238,3,199,322,-1678,-4047,0,0
-102,-126,189,147,-1434,-4305,0,0
73,-29,156,194,-1417,-3616,0,0
89,-62,119,13,-1002,-4237,0,0
210,-366,-66,-171,-1146,-3979,0,0
211,-126,-145,78,-1577,-3646,0,0
210,-100,-173,92,-1830,-4129,0,0
206,-179,-240,-180,-2031,-4309,0,0
77,-67,-130,-79,-2144,-4417,0,0
-16,-180,21,-33,-1983,-4418,0,0
52,-382,26,-254,-2000,-4125,0,0
25,-318,-112,-205,-1983,-3693,0,0
-109,185,-132,-118,-1720,-4191,0,0
7,161,-124,-48,-2008,-4579,0,0
122,-224,-90,-131,-2806,-4658,0,0
133,22,1,-105,-2836,-5239,0,0
324,-145,112,22,-2907,-4937,0,0
348,-416,201,-403,-2662,-4331,0,0
201,-215,269,-257,-2226,-4482,0,0
141,-223,220,57,-2018,-3875,0,0
-41,-146,112,-246,-2217,-3168,0,0
-327,102,15,-54,-2222,-4208,0,0
-326,325,2,118,-1917,-4933,0,0
-244,80,-13,-115,-2223,-4505,0,0
-297,257,-89,172,-2162,-4503,0,0
-346,922,-134,201,-1764,-4925,0,0
-390,969,-300,370,-1461,-5420,0,0
-256,625,-561,1281,-1705,-4827,0,0
-287,1239,-351,1866,-2194,-3800,0,0
-623,1216,-95,812,-1888,-5147,0,0
-754,1269,-40,600,-2475,-5303,0,0
-842,731,-33,1164,-2464,-5289,0,0
-708,242,66,786,-1922,-3356,0,0
-273,-61,-8,793,-1027,-1712,0,0
173,-199,-59,606,-700,-557,0,0
532,298,67,1172,-1088,-413,0,0
770,252,430,697,-1429,-105,0,0
803,279,592,753,-1449,-468,0,0
706,146,454,1302,-717,-1191,0,0
588,-190,716,1536,211,-2114,0,0
657,-1318,1107,1175,331,-2336,0,0
436,-349,882,942,-922,-2982,0,0
-297,635,86,2055,-1749,-6539,0,0
-632,69,-763,1314,-847,-7574,0,0
-434,609,-690,1928,-1054,-5106,0,0
-337,880,-747,3162,-910,-5147,0,0
-63,676,-1006,1925,-936,-4017,0,0
42,645,-1180,1468,-838,-3358,0,0
122,171,-1322,1912,-1164,-2961,0,0
163,5,-1350,2493,-1549,-2876,0,0
210,-47,-1250,2191,-1563,-3313,0,0
383,-244,-1200,2204,-1465,-3497,0,0
554,-325,-1037,2055,-1784,-3082,0,0
442,57,-712,1622,-2346,-3218,0,0
362,94,-319,1685,-3010,-3810,0,0
572,-87,11,1311,-2917,-3382,0,0
661,132,211,1373,-2419,-2820,0,0
455,237,274,1730,-1650,-2941,0,0
169,253,335,1300,-1214,-2671,0,0
-238,467,134,882,-1339,-2108,0,0
-718,742,-339,1174,-1629,-2414,0,0
-1022,1025,-885,855,-2036,-2375,0,0
-1337,1508,-1553,226,-1967,-2043,0,0
-1744,1588,-2495,1513,-888,-1806,0,0
-2051,520,-3123,3159,807,-3121,0,0
-1935,-1850,-3160,3554,1756,-4140,0,0
-1818,-2691,-2699,1664,2380,-3434,0,0
-1845,-332,-2477,1360,3040,-2776,0,0
-1950,1341,-2875,1323,3473,-1887,0,0
-2165,2251,-3468,1615,3982,-2152,0,0
-1959,1487,-3486,2168,4427,-2677,0,0
-1613,-165,-2740,2021,4470,-2163,0,0
-1336,292,-1908,1427,4400,-2105,0,0
-1068,1347,-1668,1343,4632,-2142,0,0
-670,1100,-1511,1345,4227,-1939,0,0
-237,215,-912,940,3575,-1439,0,0
-24,-124,-127,390,3253,-1016,0,0
-44,53,356,279,3176,-1186,0,0
-138,293,435,-60,3236,-1363,0,0
-286,639,277,-348,3331,-1351,0,0
-409,540,132,-185,3308,-1806,0,0
-381,-472,97,-413,3244,-1673,0,0
-233,-1036,70,-383,3196,-1372,0,0
-22,-723,-101,-420,4074,-526,0,0
50,437,-208,-214,4499,59,0,0
-76,1190,11,44,3939,-527,0,0
-142,695,227,36,3536,-739,0,0
-125,-206,134,131,3833,-595,0,0
-11,-594,-16,-137,3937,-410,0,0
101,-144,17,-61,3695,-630,0,0
172,184,41,246,3944,-919,0,0
318,86,75,251,4004,-845,0,0
395,203,149,112,4106,-695,0,0
340,521,176,183,4192,-719,0,0
185,569,168,336,3881,-790,0,0
-37,112,136,358,3493,-984,0,0
-162,-526,42,250,3437,-1047,0,0
-99,-656,-68,166,3548,-953,0,0
-5,-272,-181,224,3912,-846,0,0
42,149,-210,325,4010,-932,0,0
24,286,-70,377,3758,-1034,0,0
-35,29,81,357,3531,-1095,0,0
-43,-288,124,224,3535,-1090,0,0
9,-270,86,175,3709,-1105,0,0
101,-45,70,168,3794,-1095,0,0
168,148,127,182,3786,-1103,0,0
193,152,187,169,3777,-1106,0,0
202,108,226,145,3633,-1043,0,0
171,102,240,204,3516,-1082,0,0
119,13,180,233,3645,-1084,0,0
66,47,100,278,3827,-1084,0,0
1,144,107,347,3564,-1163,0,0
-82,25,122,345,3408,-1256,0,0
-108,-140,60,298,3537,-1238,0,0
-82,-44,11,364,3669,-1245,0,0
-63,99,25,463,3746,-1245,0,0
-63,82,81,528,3693,-1275,0,0
-47,-42,120,496,3664,-1260,0,0
16,-40,135,434,3674,-1212,0,0
74,146,167,476,3618,-1133,0,0
66,231,177,558,3561,-1152,0,0
12,118,159,586,3502,-1147,0,0
-50,-7,151,589,3519,-1156,0,0
-81,-67,139,600,3649,-1172,0,0
-70,-35,134,619,3691,-1160,0,0
-52,29,163,680,3669,-1174,0,0
-37,17,178,697,3641,-1157,0,0
-24,21,165,699,3605,-1139,0,0
-10,45,146,753,3645,-1137,0,0
15,56,130,786,3705,-1074,0,0
28,95,123,863,3670,-1033,0,0
11,56,87,935,3647,-1035,0,0
-8,-7,9,940,3692,-1011,0,0
-12,56,-34,966,3661,-964,0,0
-30,111,5,1017,3594,-977,0,0
-58,17,37,1007,3624,-1032,0,0
-47,-58,3,936,3684,-1020,0,0
-3,67,-46,906,3758,-1033,0,0
64,233,-42,932,3629,-1002,0,0
96,297,9,952,3599,-967,0,0
81,263,-1,953,3625,-951,0,0
25,206,-57,954,3630,-988,0,0
-26,161,-85,957,3564,-1067,0,0
-47,105,-82,959,3547,-1165,0,0
-42,43,-84,940,3546,-1191,0,0
-33,17,-92,952,3562,-1207,0,0
-18,6,-85,942,3597,-1181,0,0
-5,43,-44,942,3585,-1143,0,0
-12,70,20,950,3574,-1096,0,0
-47,43,72,946,3566,-1086,0,0
-90,-58,74,915,3579,-1098,0,0
-105,-145,44,870,3628,-1134,0,0
-76,-132,24,843,3687,-1116,0,0
-42,-69,28,886,3668,-1137,0,0
-27,-139,39,876,3628,-1132,0,0
1,-211,54,826,3564,-1123,0,0
41,-196,80,807,3598,-1052,0,0
72,-131,106,806,3585,-955,0,0
69,-59,138,838,3544,-901,0,0
41,-90,127,863,3585,-916,0,0
36,-135,93,814,3616,-867,0,0
38,-19,98,837,3665,-823,0,0
9,52,112,882,3679,-821,0,0
-68,-14,114,874,3574,-813,0,0
-156,-102,92,836,3563,-829,0,0
-231,-144,30,851,3499,-845,0,0
-321,-191,-34,913,3485,-860,0,0
-410,-286,-99,961,3585,-965,0,0
-432,-401,-152,963,3696,-997,0,0
-385,-379,-145,965,3640,-971,0,0
-334,-297,-85,1021,3650,-978,0,0
-270,-315,-51,1004,3720,-976,0,0
-171,-256,-40,981,3793,-888,0,0
-75,-107,-24,1021,3847,-846,0,0
-6,-49,15,1053,3856,-817,0,0
47,-92,84,1033,3837,-806,0,0
103,-179,145,961,3797,-776,0,0
139,-184,167,895,3818,-701,0,0
122,-158,114,939,3784,-752,0,0
92,-316,18,901,3618,-763,0,0
85,-358,-54,820,3597,-760,0,0
109,-245,-108,824,3697,-730,0,0
127,-143,-148,845,3770,-706,0,0
126,-104,-174,867,3788,-742,0,0
140,-108,-192,786,3829,-719,0,0
174,8,-195,778,3826,-776,0,0
218,75,-189,766,3693,-768,0,0
243,164,-165,743,3687,-785,0,0
263,223,-143,755,3627,-816,0,0
262,247,-115,622,3647,-904,0,0
278,421,-106,518,3664,-1049,0,0
296,593,-158,500,3726,-1214,0,0
292,536,-205,467,3725,-1348,0,0
289,352,-191,298,3616,-1308,0,0
244,312,-190,268,3532,-1407,0,0
174,165,-304,295,3431,-1530,0,0
139,61,-393,282,3491,-1499,0,0
110,199,-347,339,3457,-1535,0,0
53,172,-274,330,3263,-1620,0,0
-3,11,-299,294,3333,-1732,0,0
1,-63,-357,318,3520,-1690,0,0
20,-34,-288,356,3447,-1650,0,0
-7,-39,-154,367,3516,-1766,0,0
25,-152,-74,272,3642,-1793,0,0
96,-131,4,189,3595,-1800,0,0
164,-52,92,144,3583,-1811,0,0
243,-49,145,130,3464,-1719,0,0
261,-102,203,124,3314,-1531,0,0
167,-180,224,152,3512,-1492,0,0
91,-371,152,35,3680,-1508,0,0
102,-257,91,-110,3629,-1483,0,0
98,46,96,-19,3605,-1580,0,0
67,-7,109,-29,3400,-1614,0,0
27,-91,77,-158,3331,-1578,0,0
7,34,0,-147,3378,-1564,0,0
-39,112,-84,2,3407,-1519,0,0
-123,49,-186,135,3496,-1540,0,0
-173,8,-214,154,3496,-1562,0,0
-170,109,-121,136,3531,-1609,0,0
-146,217,-15,97,3447,-1663,0,0
-157,258,45,121,3315,-1700,0,0
-225,158,58,135,3278,-1784,0,0
-289,24,19,128,3357,-1792,0,0
-309,-51,-26,128,3434,-1792,0,0
-280,-68,10,157,3312,-1728,0,0
-250,-7,117,229,3231,-1555,0,0
-277,101,160,370,3826,-1380,0,0
-309,119,115,584,4088,-1265,0,0
-330,-91,170,681,3597,-1158,0,0
-341,-295,340,572,3445,-1098,0,0
-284,-328,420,443,3801,-1068,0,0
-158,-165,351,365,3948,-832,0,0
-109,149,226,555,3977,-804,0,0
-105,5,53,769,4132,-918,0,0
-2,-368,-63,594,4118,-779,0,0
155,-146,13,468,3918,-688,0,0
254,243,167,561,3603,-760,0,0
276,213,225,507,3511,-741,0,0
236,94,147,545,3606,-861,0,0
164,-143,-83,612,3934,-894,0,0
117,-191,-386,611,4175,-955,0,0
136,-68,-499,710,3886,-1103,0,0
202,42,-258,630,3532,-1063,0,0
232,229,60,663,3470,-1164,0,0
241,141,181,535,3580,-1111,0,0
207,98,178,335,3654,-1019,0,0
114,196,136,385,3779,-1172,0,0
46,32,22,369,3841,-1285,0,0
35,-23,-18,280,3714,-1294,0,0
16,117,19,267,3644,-1365,0,0
1,87,4,222,3558,-1362,0,0
-39,67,-116,286,3562,-1363,0,0
-102,6,-259,398,3543,-1392,0,0
-159,-117,-294,419,3448,-1424,0,0
-158,-194,-249,382,3395,-1466,0,0
-95,-176,-202,392,3401,-1436,0,0
-34,-94,-181,427,3716,-1387,0,0
27,-30,-141,431,3868,-1324,0,0
75,7,-14,411,3636,-1276,0,0
97,-40,114,315,3528,-3296,0,0
125,-16,144,221,3482,-1161,0,0
112,137,114,269,3481,-1143,0,0
49,129,86,286,3616,-1203,0,0
-6,44,61,212,3768,-1264,0,0
-25,38,5,206,3830,-1289,0,0
-25,44,-46,181,3697,-1276,0,0
-30,103,-67,226,3493,-1296,0,0
-55,47,-133,338,3604,-1396,0,0
-62,-94,-225,366,3727,-1448,0,0
-22,-76,-231,333,3724,-1451,0,0
35,60,-158,328,3657,-1417,0,0
57,142,-56,314,3629,-1390,0,0
12,91,-13,261,3673,-1430,0,0
-32,-70,-40,198,3555,-1468,0,0
-39,-157,-28,149,3422,-1439,0,0
-20,-133,-6,132,3559,-1442,0,0
25,-41,-9,87,3621,-1411,0,0
64,151,26,120,3566,-1386,0,0
43,132,18,191,3595,-1436,0,0
11,-39,-22,138,3618,-1414,0,0
11,4,10,119,3542,-1415,0,0
7,56,37,142,3605,-1461,0,0
-5,0,14,158,3590,-1468,0,0
-9,-25,9,166,3569,-1446,0,0
-2,18,13,205,3631,-1501,0,0
24,28,46,186,3607,-1458,0,0
38,99,103,167,3608,-1425,0,0
8,51,91,200,3624,-1448,0,0
-5,-87,39,158,3623,-1441,0,0
38,1,49,156,3665,-1406,0,0
73,113,77,209,3682,-1332,0,0
25,75,57,241,3682,-1341,0,0
-38,-62,-6,185,3611,-1396,0,0
-44,-25,-33,134,3540,-1396,0,0
-35,68,-68,237,3558,-1386,0,0
-51,21,-90,318,3579,-1337,0,0
-69,-2,-51,349,3577,-1322,0,0
-40,29,23,242,3594,-1281,0,0
5,203,47,233,3652,-1239,0,0
18,297,23,291,3643,-1205,0,0
-27,232,20,309,3677,-1279,0,0
-41,144,-24,187,3741,-1279,0,0
0,287,-106,214,3811,-1337,0,0
46,347,-152,255,3868,-1392,0,0
102,330,-162,197,3829,-1421,0,0
185,381,-171,169,3804,-1364,0,0
231,489,-201,173,3716,-1186,0,0
124,490,-248,304,3424,-1149,0,0
-97,148,-336,398,3389,-1249,0,0
-252,-253,-435,392,3577,-1322,0,0
-279,-317,-394,351,3632,-1339,0,0
-229,-167,-209,320,3626,-1363,0,0
-159,-115,-67,203,3740,-1422,0,0
-71,-91,-22,61,3738,-1382,0,0
6,10,31,-41,3789,-1350,0,0
71,56,87,-213,3775,-1282,0,0
119,142,110,-354,3732,-1208,0,0
135,264,76,-391,3654,-1209,0,0
113,303,5,-401,3569,-1184,0,0
40,333,-79,-356,3483,-1200,0,0
-75,296,-199,-232,3385,-1270,0,0
-189,171,-318,-72,3372,-1400,0,0
-256,72,-367,2,3461,-1508,0,0
-255,87,-333,54,3516,-1582,0,0
-214,113,-254,91,3618,-1608,0,0
-146,116,-134,101,3749,-1610,0,0
-69,99,41,21,3646,-1555,0,0
-5,132,219,-94,3529,-1491,0,0
32,173,274,-118,3532,-1471,0,0
51,144,262,-117,3543,-1413,0,0
77,122,288,-187,3496,-1365,0,0
123,232,354,-258,3584,-1270,0,0
138,398,406,-255,3817,-1227,0,0
104,412,412,-240,3799,-1242,0,0
59,316,378,-212,3518,-1180,0,0
-17,299,300,-14,3330,-1154,0,0
-110,240,173,254,3402,-1107,0,0
-179,224,66,395,3660,-1030,0,0
-200,380,48,517,3845,-1002,0,0
-193,489,104,622,3924,-1046,0,0
-138,491,208,543,3849,-986,0,0
-87,632,271,519,3905,-905,0,0
-77,745,166,617,3819,-900,0,0
-91,637,-26,708,3595,-889,0,0
-55,527,-189,660,3598,-799,0,0
41,706,-310,682,3830,-715,0,0
164,990,-417,765,4087,-551,0,0
234,1268,-462,892,4094,-373,0,0
177,1356,-458,1059,3938,-350,0,0
50,1039,-484,1080,3791,-390,0,0
-75,629,-553,1014,3847,-454,0,0
-118,450,-650,887,3960,-490,0,0
-45,649,-649,792,4040,-419,0,0
45,1047,-543,821,4030,-432,0,0
102,1149,-457,828,3957,-482,0,0
155,1016,-414,719,3819,-592,0,0
267,936,-400,574,3790,-626,0,0
404,1131,-411,374,4429,-351,0,0
408,1763,-535,505,4915,-222,0,0
227,1802,-577,760,3594,-612,0,0
-83,829,-384,342,3006,-983,0,0
-162,67,-279,-270,3116,-1066,0,0
27,427,-389,-674,3446,-714,0,0
214,1497,-491,-403,3707,-806,0,0
207,1830,-449,-9,3674,-1106,0,0
49,1299,-362,121,3403,-1261,0,0
-113,662,-320,148,3213,-1593,0,0
-129,265,-336,111,3273,-1728,0,0
-62,334,-289,152,3386,-1676,0,0
-28,492,-124,377,3439,-1855,0,0
27,251,99,298,3678,-1679,0,0
87,180,374,200,3587,-1509,0,0
45,163,599,167,3407,-1456,0,0
-84,-11,661,118,3323,-1297,0,0
-345,-288,556,192,3408,-1395,0,0
-591,-860,340,207,3656,-1461,0,0
-656,-1271,222,-1,4039,-914,0,0
-578,-790,164,-81,5057,-542,0,0
-343,-190,-1,243,4627,-560,0,0
-186,-228,1,214,3442,-2336,0,0
-223,-291,73,27,3397,-342,0,0
-113,-480,0,173,3449,-348,0,0
129,-719,-30,118,3834,-30,0,0
312,-355,60,153,4413,35,0,0
410,61,181,223,4059,211,0,0
303,187,301,173,3798,185,0,0
75,-33,152,366,4183,-267,0,0
-5,-629,-78,392,3849,-369,0,0
-34,-822,-89,231,3744,-464,0,0
-19,-531,-49,222,3815,-626,0,0
40,-264,-18,265,3868,-631,0,0
74,-115,26,193,4154,-709,0,0
95,-36,90,57,3988,-779,0,0
86,-48,131,-43,3621,-854,0,0
61,-204,86,-138,3506,-920,0,0
75,-227,-27,-110,3676,-828,0,0
106,-62,-125,45,3957,-792,0,0
126,93,-136,152,3970,-704,0,0
77,142,-58,183,3670,-710,0,0
-22,-19,-24,136,3590,-775,0,0
-74,-145,-96,103,3713,-820,0,0
-68,-68,-141,146,3753,-840,0,0
-71,15,-115,221,3868,-905,0,0
-64,-84,-71,231,3856,-971,0,0
-28,-136,2,129,3716,-933,0,0
-4,-36,50,110,3740,-926,0,0
10,-46,44,95,3734,-874,0,0
8,-44,31,108,3775,-809,0,0
2,-28,28,102,3863,-809,0,0
5,-27,33,44,3870,-801,0,0
8,-24,44,18,3799,-790,0,0
-9,-59,22,41,3766,-802,0,0
-21,-151,-33,76,3847,-841,0,0
8,-159,-39,7,3938,-844,0,0
50,-33,8,-22,3920,-833,0,0
60,-63,-14,4,3749,-860,0,0
53,-206,-93,47,3699,-867,0,0
82,-224,-124,83,3827,-878,0,0
158,-120,-71,79,3849,-789,0,0
189,24,9,92,3858,-765,0,0
151,-76,-3,134,3787,-858,0,0
124,-236,-37,29,3750,-875,0,0
124,-169,-41,71,3802,-982,0,0
143,-207,-40,27,3834,-986,0,0
166,-164,-18,22,3790,-1077,0,0
213,-153,28,-92,3674,-1065,0,0
274,2,93,-196,3625,-1041,0,0
319,170,119,-226,3682,-1036,0,0
328,241,98,-230,3723,-1107,0,0
297,198,58,-263,3765,-1209,0,0
251,122,34,-310,3613,-1323,0,0
210,58,4,-363,3497,-1387,0,0
177,98,-57,-320,3504,-1409,0,0
115,169,-133,-121,3568,-1475,0,0
30,107,-177,35,3589,-1636,0,0
-7,15,-182,-12,3503,-1692,0,0
12,165,-134,2,3436,-1672,0,0
65,242,-59,65,3474,-1624,0,0
98,203,35,4,3493,-1530,0,0
67,259,121,-113,3652,-1368,0,0
4,312,146,-96,3476,-1332,0,0
-55,110,106,5,3230,-1491,0,0
-46,-79,110,-110,3347,-1442,0,0
-13,229,195,-125,3537,-1409,0,0
-23,437,225,59,3583,-1504,0,0
-49,246,141,114,3746,-1528,0,0
-28,152,87,145,3769,-1529,0,0
13,184,118,197,3520,-1538,0,0
36,172,138,258,3582,-1578,0,0
92,111,79,246,3658,-1473,0,0
133,285,23,304,3701,-1366,0,0
114,462,33,438,3685,-1339,0,0
65,357,70,536,3614,-1334,0,0
-3,171,82,564,3533,-1313,0,0
-63,73,50,621,3603,-1284,0,0
-98,96,-10,630,3809,-1295,0,0
-88,160,0,665,3648,-1360,0,0
-68,130,112,629,3537,-1380,0,0
-59,90,205,581,3567,-1395,0,0
-76,54,190,520,3642,-1386,0,0
-96,57,125,504,3582,-1405,0,0
-103,39,96,574,3572,-1403,0,0
-103,-35,88,573,3651,-1403,0,0
-72,-72,88,496,3569,-1354,0,0
-30,18,81,485,3531,-1309,0,0
-9,106,42,530,3464,-1269,0,0
-26,134,-10,593,3482,-1197,0,0
-76,102,-56,619,3675,-1239,0,0
-91,68,-74,581,3593,-1270,0,0
-67,116,-29,563,3570,-1287,0,0
-35,179,-29,521,3738,-1295,0,0
-13,280,-50,561,3702,-1294,0,0
-18,236,-42,636,3585,-1320,0,0
-20,90,-48,560,3606,-1274,0,0
-1,125,-60,581,3552,-1216,0,0
7,192,-77,642,3602,-1171,0,0
-13,210,-98,708,3640,-1189,0,0
-37,156,-98,725,3651,-1250,0,0
-23,134,-57,647,3624,-1279,0,0
-1,195,-11,665,3590,-1332,0,0
6,126,-28,666,3617,-1311,0,0
10,79,-48,667,3526,-1273,0,0
3,93,-22,709,3567,-1222,0,0
-24,38,-13,755,3593,-1225,0,0
-44,-84,-6,733,3571,-1192,0,0
-34,-86,1,728,3612,-1129,0,0
-42,-64,0,806,3670,-1092,0,0
-83,-156,0,811,3753,-1120,0,0
-92,-250,14,726,3750,-1171,0,0
-53,-238,19,643,3698,-1208,0,0
-2,-178,-6,632,3714,-1180,0,0
9,-169,-27,679,3716,-1162,0,0
-1,-263,-47,689,3740,-1189,0,0
39,-255,-40,611,3799,-1198,0,0
115,-86,53,606,3670,-1185,0,0
153,-69,137,551,3560,-1198,0,0
156,-129,121,417,3528,-1134,0,0
108,-63,58,483,3521,-1175,0,0
44,-170,-5,527,3578,-1240,0,0
32,-257,-39,447,3629,-1273,0,0
68,-135,-15,441,3582,-1257,0,0
75,-44,25,451,3561,-1230,0,0
34,-34,6,479,3612,-1246,0,0
-27,-69,-19,535,3596,-1291,0,0
-91,-126,10,530,3586,-1360,0,0
-128,-217,26,477,3523,-1410,0,0
-152,-284,25,434,3595,-1484,0,0
-138,-315,-4,368,3685,-1519,0,0
-79,-243,-5,346,3705,-1502,0,0
-24,-187,41,372,3664,-1473,0,0
-10,-331,67,387,3587,-1470,0,0
15,-506,36,296,3551,-1406,0,0
91,-429,10,264,3524,-1292,0,0
150,-222,24,289,3596,-1138,0,0
118,-96,55,351,3643,-1172,0,0
53,-229,13,379,3679,-1269,0,0
50,-410,-43,266,3743,-1273,0,0
99,-228,-2,192,3765,-1256,0,0
152,6,72,207,3617,-1263,0,0
158,63,91,222,3415,-1249,0,0
100,22,36,318,3384,-1351,0,0
47,-99,-59,217,3544,-1381,0,0
58,42,-124,223,3554,-1366,0,0
49,272,-140,374,3619,-1381,0,0
6,282,-118,450,3695,-1487,0,0
-5,126,-49,371,3645,-1570,0,0
16,102,-13,286,3609,-1622,0,0
44,178,-27,289,3521,-1609,0,0
52,208,-59,287,3524,-1574,0,0
33,194,-76,331,3550,-1622,0,0
12,72,-89,306,3539,-1667,0,0
26,46,-90,225,3468,-1631,0,0
49,160,-84,273,3450,-1546,0,0
26,166,-78,363,3451,-1508,0,0
-31,45,-48,338,3453,-1516,0,0
-55,33,-26,288,3482,-1497,0,0
-65,117,-4,327,3484,-1549,0,0
-72,88,20,312,3422,-1609,0,0
-49,75,31,326,3403,-1612,0,0
-15,93,73,409,3346,-1646,0,0
16,97,171,370,3426,-1485,0,0
8,251,271,425,3495,-1343,0,0
-110,142,263,582,3492,-1475,0,0
-196,-275,196,517,3523,-1531,0,0
-178,-291,225,407,3619,-1441,0,0
-170,-5,284,535,3656,-1424,0,0
-229,-52,250,623,3619,-1417,0,0
-290,-195,209,609,3498,-1341,0,0
-337,-206,199,646,3595,-1343,0,0
-380,-275,164,653,3704,-1307,0,0
-417,-309,107,527,3896,-1191,0,0
-416,-77,76,634,3807,-1141,0,0
-488,-224,51,938,3721,-1313,0,0
-505,-983,-23,786,3753,-1310,0,0
-376,-1114,-30,491,3715,-1225,0,0
-219,-708,59,530,3669,-1221,0,0
-105,-570,108,518,3778,-1086,0,0
-44,-468,61,598,3841,-1006,0,0
21,-472,33,631,3768,-887,0,0
96,-423,87,539,3684,-803,0,0
146,-246,159,538,3660,-821,0,0
182,-220,220,479,3642,-818,0,0
216,-131,249,372,3707,-780,0,0
206,69,227,432,3676,-805,0,0
132,48,135,474,3727,-888,0,0
72,-90,10,453,3665,-1031,0,0
57,-115,-12,392,3571,-1112,0,0
61,28,1,380,3622,-1089,0,0
35,122,-63,525,3674,-1116,0,0
-18,24,-133,576,3688,-1097,0,0
-47,22,-145,580,3715,-1101,0,0
-71,81,-151,653,3705,-1169,0,0
-86,12,-133,623,3614,-1181,0,0
-67,27,-66,537,3520,-1162,0,0
-38,141,-32,525,3610,-1101,0,0
-67,190,-73,605,3797,-1111,0,0
-127,23,-126,631,3723,-1202,0,0
-123,-113,-84,461,3627,-1229,0,0
-36,63,-12,381,3645,-1162,0,0
18,236,28,464,3687,-1138,0,0
9,145,31,458,3711,-1109,0,0
6,48,31,399,3662,-1067,0,0
5,73,51,394,3621,-1075,0,0
-1,64,38,381,3668,-1073,0,0
-12,78,2,412,3708,-1078,0,0
-35,44,-20,475,3659,-1122,0,0
-55,-37,-7,458,3653,-1162,0,0
-40,-33,-5,425,3706,-1144,0,0
-22,35,-18,490,3746,-1112,0,0
-31,5,-16,540,3674,-1101,0,0
-44,-74,-2,545,3693,-1112,0,0
-22,-107,-15,513,3686,-1082,0,0
18,-16,11,529,3653,-1010,0,0
21,40,45,566,3739,-1020,0,0
12,-22,40,509,3714,-987,0,0
2,-8,52,498,3642,-997,0,0
-11,-21,51,477,3608,-1012,0,0
-38,-43,24,501,3604,-996,0,0
-73,-87,-9,547,3721,-1007,0,0
-80,-118,-20,533,3755,-1017,0,0
-45,-38,29,476,3748,-977,0,0
-25,70,70,495,3792,-989,0,0
-39,-8,33,473,3760,-979,0,0
-45,-42,41,397,3637,-982,0,0
-34,-14,59,374,3650,-994,0,0
-9,-6,6,382,3710,-969,0,0
22,51,-35,426,3750,-940,0,0
61,135,-12,427,3666,-889,0,0
62,186,9,450,3676,-885,0,0
28,111,-41,504,3744,-903,0,0
-14,56,-73,562,3791,-929,0,0
-44,38,-49,558,3744,-1008,0,0
-62,14,-28,556,3681,-1067,0,0
-68,-59,-49,565,3693,-1101,0,0
-53,-101,-61,568,3665,-1106,0,0
-13,-45,-46,576,3741,-1069,0,0
21,28,-22,618,3745,-1035,0,0
9,5,17,603,3613,-1011,0,0
-26,-82,41,530,3653,-1033,0,0
-38,-127,27,486,3747,-1041,0,0
-23,-118,36,470,3739,-1033,0,0
-1,-116,63,429,3695,-1052,0,0
43,-101,76,361,3729,-1021,0,0
99,9,77,370,3726,-961,0,0
102,71,77,427,3681,-942,0,0
54,2,49,418,3666,-958,0,0
29,-44,2,413,3627,-979,0,0
32,1,-9,410,3596,-961,0,0
47,115,0,426,3697,-930,0,0
50,211,-1,468,3716,-874,0,0
-3,185,3,521,3695,-917,0,0
-58,47,-9,427,3606,-902,0,0
-87,86,-32,482,3724,-963,0,0
-105,60,-77,531,3794,-1041,0,0
-104,43,-66,538,3731,-1046,0,0
-91,60,-21,512,3675,-1085,0,0
-81,33,-22,495,3655,-1076,0,0
-62,32,-42,546,3719,-1057,0,0
-44,33,-31,571,3742,-1017,0,0
-40,24,0,538,3740,-992,0,0
-37,4,15,472,3680,-982,0,0
-26,1,5,445,3695,-934,0,0
-26,44,2,465,3711,-906,0,0
-39,45,19,439,3700,-911,0,0
-39,30,23,402,3735,-932,0,0
-23,40,11,386,3733,-895,0,0
-9,94,31,396,3733,-864,0,0
-20,101,35,390,3776,-861,0,0
-43,67,-1,399,3724,-905,0,0
-53,28,-32,421,3704,-925,0,0
-54,26,-36,490,3714,-951,0,0
-65,-31,-40,518,3671,-974,0,0
-53,-58,-29,506,3709,-958,0,0
-3,35,13,523,3803,-920,0,0
35,136,68,530,3793,-835,0,0
20,115,78,547,3659,-791,0,0
-32,-11,37,552,3719,-810,0,0
-64,-89,-3,570,3819,-856,0,0
-53,-99,-17,598,3816,-902,0,0
-14,-72,-25,603,3785,-875,0,0
19,-11,-20,674,3722,-845,0,0
22,-53,-20,714,3728,-882,0,0
45,-135,-42,703,3769,-913,0,0
109,-103,-37,691,3835,-950,0,0
202,-37,13,596,3859,-884,0,0
272,112,124,546,3715,-763,0,0
215,80,162,497,3590,-740,0,0
98,-19,77,334,3453,-628,0,0
-57,87,-70,471,3562,-739,0,0
-175,-49,-221,580,3665,-850,0,0
-218,-107,-256,598,3737,-905,0,0
-186,-11,-160,651,3799,-943,0,0
-154,-33,-57,635,3786,-995,0,0
-108,-89,-33,515,3714,-982,0,0
-44,11,-19,487,3673,-920,0,0
-14,109,2,526,3781,-873,0,0
-36,38,-21,603,3808,-916,0,0
-41,-98,-3,482,3808,-928,0,0
16,-17,76,368,3786,-921,0,0
64,80,112,329,3783,-846,0,0
29,72,70,345,3728,-866,0,0
-20,-80,-23,336,3705,-923,0,0
-25,-144,-66,332,3705,-949,0,0
-1,-98,-63,356,3735,-966,0,0
35,-55,-40,338,3752,-897,0,0
48,23,18,324,3697,-836,0,0
18,-5,22,335,3677,-876,0,0
-12,-92,-23,330,3738,-918,0,0
7,-51,-12,339,3781,-948,0,0
53,30,37,330,3748,-923,0,0
70,69,56,361,3673,-898,0,0
34,-27,25,436,3677,-900,0,0
-6,-103,-9,440,3825,-883,0,0
-13,-86,30,462,3757,-968,0,0
12,-113,101,319,3718,-988,0,0
70,14,109,282,3698,-980,0,0
98,101,77,340,3771,-953,0,0
86,60,49,344,3768,-915,0,0
49,-1,41,347,3725,-920,0,0
12,-67,26,331,3724,-947,0,0
-3,-56,13,328,3663,-962,0,0
-7,-3,9,366,3632,-984,0,0
-21,-3,-8,418,3673,-997,0,0
-31,-11,-7,493,3644,-1007,0,0
-24,-19,18,497,3679,-977,0,0
-17,49,55,515,3706,-950,0,0
-43,27,59,554,3669,-999,0,0
-58,-59,29,511,3680,-1037,0,0
-34,24,6,523,3723,-1059,0,0
0,127,1,633,3752,-1066,0,0
9,84,25,664,3758,-1020,0,0
6,-8,68,599,3736,-998,0,0
14,-39,87,507,3682,-970,0,0
30,4,76,483,3662,-914,0,0
14,39,54,510,3693,-863,0,0
-25,-2,31,527,3687,-851,0,0
-61,-50,4,542,3715,-900,0,0
-71,-73,-7,551,3720,-925,0,0
-64,-50,-5,579,3752,-946,0,0
-62,-61,-4,577,3743,-957,0,0
-62,-78,6,554,3717,-984,0,0
-40,-76,7,504,3742,-982,0,0
-8,-21,9,501,3725,-950,0,0
-3,-20,3,503,3747,-923,0,0
-14,-58,-19,492,3710,-905,0,0
-29,-76,-23,489,3676,-892,0,0
-42,-100,-31,490,3707,-886,0,0
-39,-83,-41,508,3759,-888,0,0
-14,-4,1,480,3750,-877,0,0
5,36,26,451,3699,-887,0,0
3,15,11,443,3708,-873,0,0
-8,2,-5,467,3744,-898,0,0
-15,-27,-19,477,3749,-935,0,0
-8,-20,-12,460,3735,-955,0,0
14,10,-9,459,3754,-956,0,0
29,19,-5,453,3719,-930,0,0
33,23,8,425,3695,-911,0,0
19,7,-9,451,3685,-876,0,0
-18,-48,-44,489,3744,-870,0,0
-42,-66,-58,525,3785,-933,0,0
-35,-72,-36,491,3744,-953,0,0
-12,-37,-3,467,3750,-992,0,0
7,-38,6,422,3747,-992,0,0
25,-18,15,401,3691,-994,0,0
30,-30,8,397,3662,-985,0,0
28,-49,-14,417,3701,-969,0,0
38,-48,-9,436,3753,-959,0,0
58,-19,17,424,3722,-933,0,0
66,19,32,418,3719,-918,0,0
60,42,30,406,3758,-928,0,0
58,49,19,404,3696,-928,0,0
41,34,17,405,3674,-934,0,0
18,3,10,394,3721,-961,0,0
15,17,1,383,3753,-966,0,0
10,60,-9,394,3644,-970,0,0
-18,21,-19,400,3605,-988,0,0
-28,-2,-57,413,3721,-974,0,0
-19,56,-37,472,3685,-936,0,0
-45,23,-12,472,3750,-919,0,0
-71,-28,-24,448,3747,-932,0,0
-72,2,4,424,3743,-961,0,0
-49,10,-1,417,3724,-967,0,0
-37,10,-5,440,3670,-944,0,0
-37,-15,9,434,3681,-931,0,0
-37,-46,-3,462,3743,-934,0,0
-26,-40,0,497,3819,-942,0,0
-6,6,49,456,3743,-927,0,0
-4,8,80,407,3710,-932,0,0
-10,-52,48,367,3700,-917,0,0
-7,-44,16,397,3755,-892,0,0
-4,-21,18,406,3769,-901,0,0
-5,-6,27,383,3756,-908,0,0
-2,-11,7,385,3708,-889,0,0
-14,0,2,414,3732,-897,0,0
-27,-31,-11,415,3819,-943,0,0
-14,-18,-8,386,3778,-957,0,0
6,34,2,383,3785,-988,0,0
14,2,-16,405,3802,-1003,0,0
5,-62,-12,417,3730,-1008,0,0
-16,-149,1,409,3651,-1005,0,0
-45,-247,-6,458,3715,-1028,0,0
-47,-364,-18,468,3764,-1062,0,0
-5,-380,5,437,3749,-1101,0,0
65,-318,4,388,3725,-1023,0,0
112,-169,-22,373,3845,-897,0,0
128,-17,-36,420,3805,-851,0,0
89,-52,-29,441,3687,-879,0,0
43,-158,-18,370,3732,-926,0,0
49,-100,-2,308,3624,-934,0,0
51,-6,20,266,3575,-967,0,0
42,26,18,260,3649,-951,0,0
11,35,0,289,3667,-974,0,0
-37,-24,-24,293,3718,-1044,0,0
-38,-24,-37,261,3714,-1057,0,0
-29,50,-23,323,3669,-1121,0,0
-30,5,-29,277,3726,-1101,0,0
-7,63,-44,289,3662,-1057,0,0
-13,80,-48,344,3671,-1051,0,0
-34,11,-43,332,3749,-1052,0,0
-18,29,-23,297,3745,-1052,0,0
19,94,0,290,3651,-1037,0,0
36,126,6,318,3658,-1010,0,0
25,110,11,365,3734,-1009,0,0
-5,65,41,320,3729,-1014,0,0
-28,22,28,270,3708,-1053,0,0
-50,-6,-21,316,3792,-1083,0,0
-63,-53,-29,334,3739,-1122,0,0
-55,-63,-10,284,3650,-1137,0,0
-20,-29,-31,313,3650,-1100,0,0
19,30,-29,384,3696,-1027,0,0
35,70,17,403,3764,-972,0,0
20,41,53,334,3712,-902,0,0
-30,9,52,301,3716,-878,0,0
-93,-64,19,310,3698,-938,0,0
-132,-123,-7,301,3796,-1015,0,0
-111,-112,-25,324,3788,-1072,0,0
-57,-52,-12,310,3716,-1064,0,0
-1,50,26,313,3728,-1014,0,0
18,79,48,295,3729,-953,0,0
-18,1,40,256,3718,-983,0,0
-39,-73,-8,215,3764,-1008,0,0
-14,-6,-27,249,3764,-996,0,0
-2,43,-13,262,3718,-968,0,0
-10,12,-33,283,3710,-932,0,0
-19,4,-40,331,3740,-915,0,0
-26,-2,-22,360,3736,-968,0,0
-8,-28,-11,364,3781,-1013,0,0
44,47,35,340,3800,-992,0,0
68,102,82,304,3759,-996,0,0
50,5,41,271,3747,-1018,0,0
42,-44,3,248,3748,-1021,0,0
60,6,6,241,3722,-1009,0,0
68,14,-24,323,3697,-974,0,0
67,-2,-19,362,3671,-953,0,0
61,26,27,373,3719,-966,0,0
48,-15,37,323,3755,-975,0,0
44,35,52,266,3794,-978,0,0
28,13,24,258,3758,-1025,0,0
-2,-73,-25,224,3727,-1068,0,0
1,-26,-25,206,3701,-1087,0,0
5,24,-39,244,3666,-1062,0,0
-14,-34,-86,329,3645,-1063,0,0
-7,18,-63,325,3660,-988,0,0
13,235,0,354,3680,-960,0,0
-19,213,-10,369,3713,-911,0,0
-91,115,-23,399,3754,-1003,0,0
-127,-30,-24,339,3710,-1116,0,0
-68,44,-6,218,3727,-1093,0,0
8,261,-1,279,3694,-1052,0,0
4,221,-21,324,3702,-994,0,0
-24,142,-29,308,3822,-1027,0,0
-11,125,-22,289,3726,-1042,0,0
1,133,-16,283,3684,-1028,0,0
9,114,-20,295,3732,-1043,0,0
31,102,-30,324,3648,-1007,0,0
43,157,-11,320,3680,-1016,0,0
45,172,-33,364,3782,-1062,0,0
57,115,-59,367,3830,-1031,0,0
64,122,-24,343,3778,-1014,0,0
54,76,-2,260,3640,-983,0,0
40,52,-30,269,3568,-956,0,0
13,-2,-62,390,3654,-1026,0,0
5,-89,-38,405,3761,-1071,0,0
54,-10,47,355,3771,-1067,0,0
102,107,112,288,3752,-1023,0,0
120,163,120,259,3667,-988,0,0
107,160,110,256,3644,-931,0,0
66,155,66,320,3768,-968,0,0
26,93,32,330,3755,-1010,0,0
17,116,21,315,3652,-1050,0,0
4,160,0,368,3684,-1097,0,0
-19,125,-22,382,3747,-1123,0,0
-9,159,-23,370,3713,-1105,0,0
-14,216,-11,387,3686,-1114,0,0
-44,138,-44,428,3694,-1149,0,0
-57,44,-69,435,3710,-1143,0,0
-42,46,-54,470,3703,-1159,0,0
-24,18,-34,478,3719,-1153,0,0
0,20,-19,471,3716,-1164,0,0
24,26,8,436,3680,-1137,0,0
40,1,20,444,3647,-1155,0,0
51,-36,32,402,3702,-1112,0,0
71,23,58,388,3727,-1089,0,0
65,-14,51,368,3695,-1065,0,0
48,-33,42,363,3690,-1080,0,0
42,-22,37,351,3670,-1074,0,0
30,-24,15,388,3667,-1088,0,0
10,-60,3,410,3676,-1102,0,0
8,-49,4,437,3682,-1118,0,0
4,-40,13,472,3694,-1130,0,0
-3,-33,38,404,3690,-1095,0,0
-7,-11,50,376,3632,-1101,0,0
-13,-44,20,380,3675,-1083,0,0
-18,-37,24,382,3714,-1075,0,0
-28,-7,35,364,3758,-1089,0,0
-52,-42,5,372,3719,-1106,0,0
-96,-126,-31,388,3595,-1181,0,0
-110,-195,-76,423,3678,-1252,0,0
-55,-148,-74,465,3739,-1233,0,0
4,-51,-4,501,3668,-1182,0,0
21,-60,36,503,3692,-1186,0,0
46,-58,68,417,3726,-1119,0,0
57,-12,96,384,3658,-1096,0,0
15,-107,65,369,3683,-1142,0,0
11,-161,26,345,3739,-1152,0,0
51,-46,56,337,3653,-1111,0,0
44,-19,65,357,3594,-1071,0,0
8,-90,23,301,3624,-1037,0,0
-9,-28,-15,347,3719,-1061,0,0
-20,-8,-25,388,3697,-1076,0,0
-40,-30,-13,363,3638,-1095,0,0
-43,-23,-28,376,3632,-1147,0,0
-28,-13,-27,394,3685,-1162,0,0
-2,28,-4,409,3690,-1147,0,0
-4,36,17,403,3629,-1146,0,0
-18,-6,15,404,3617,-1142,0,0
-13,13,21,421,3690,-1119,0,0
-24,31,46,432,3731,-1111,0,0
-47,-10,46,364,3696,-1138,0,0
-38,1,27,344,3639,-1146,0,0
-27,21,5,374,3714,-1098,0,0
-40,-3,-11,414,3727,-1076,0,0
-60,-31,-12,394,3708,-1070,0,0
-71,-22,6,366,3670,-1116,0,0
-59,-29,-10,378,3633,-1122,0,0
-46,1,0,409,3652,-1102,0,0
-43,7,20,432,3605,-1086,0,0
-33,-21,18,491,3562,-1067,0,0
-27,43,51,544,3691,-952,0,0
-61,50,83,622,3747,-946,0,0
-121,-100,103,511,3718,-995,0,0
-131,-99,120,422,3732,-1066,0,0
-109,-76,107,409,3713,-1084,0,0
-97,-95,83,450,3730,-1079,0,0
-83,-116,79,450,3760,-1055,0,0
-60,-105,74,447,3761,-1054,0,0
-45,-132,54,421,3786,-1048,0,0
-20,-128,39,413,3764,-1043,0,0
3,-118,30,427,3692,-1028,0,0
11,-167,3,458,3700,-1002,0,0
22,-176,-7,511,3763,-993,0,0
36,-119,19,500,3811,-968,0,0
37,-68,52,437,3671,-971,0,0
26,-99,35,360,3632,-962,0,0
30,-79,-17,396,3679,-933,0,0
18,-43,-26,505,3718,-926,0,0
-1,-69,-1,569,3675,-982,0,0
-4,-87,31,542,3657,-986,0,0
3,-31,60,503,3759,-1011,0,0
2,-19,63,438,3719,-1021,0,0
1,-11,56,419,3681,-1078,0,0
12,-20,44,394,3729,-1093,0,0
33,10,37,401,3724,-1083,0,0
28,-21,14,429,3703,-1069,0,0
6,-65,-6,464,3708,-1064,0,0
0,-80,-15,455,3692,-1042,0,0
5,-31,-14,464,3657,-1037,0,0
23,4,-12,480,3645,-1053,0,0
45,41,-16,468,3601,-990,0,0
38,99,-3,488,3616,-970,0,0
20,95,-14,504,3666,-946,0,0
2,126,-5,513,3710,-936,0,0
-33,97,-3,500,3735,-991,0,0
-54,42,-10,426,3691,-1021,0,0
-51,89,-5,431,3640,-1061,0,0
-56,62,-33,460,3712,-1074,0,0
-57,38,-49,482,3744,-1069,0,0
-52,61,-40,502,3671,-1097,0,0
-43,32,-50,530,3696,-1111,0,0
-17,12,-55,568,3764,-1113,0,0
17,48,-11,536,3708,-1084,0,0
34,66,23,483,3646,-1054,0,0
36,34,-6,477,3693,-1015,0,0
35,45,-3,489,3656,-988,0,0
21,46,2,487,3681,-982,0,0
-2,12,-8,503,3701,-986,0,0
-20,-4,18,488,3672,-997,0,0
-30,-25,17,486,3690,-1018,0,0
-31,-30,11,472,3728,-1009,0,0
-25,-5,39,464,3753,-1044,0,0
-9,-41,39,409,3715,-1043,0,0
13,1,26,401,3674,-1030,0,0
22,30,-9,477,3712,-1027,0,0
6,-25,-16,517,3746,-1015,0,0
-12,-57,5,508,3704,-1079,0,0
3,-90,3,440,3695,-1096,0,0
49,21,13,443,3741,-1062,0,0
70,74,25,458,3687,-1024,0,0
42,2,2,408,3660,-990,0,0
18,-11,-31,440,3695,-1001,0,0
3,-3,-22,454,3695,-1032,0,0
4,-12,-21,461,3662,-1034,0,0
2,6,-24,501,3692,-1042,0,0
-11,9,-2,490,3720,-1078,0,0
-15,-5,5,451,3686,-1111,0,0
-14,-7,0,437,3683,-1128,0,0
-15,-17,-6,435,3681,-1132,0,0
-18,-55,-21,450,3669,-1142,0,0
-7,-71,-24,452,3662,-1126,0,0
17,-31,-9,441,3654,-1074,0,0
29,4,-5,439,3693,-1040,0,0
43,41,3,434,3691,-1019,0,0
58,82,17,403,3620,-973,0,0
45,112,13,410,3655,-941,0,0
6,91,-10,449,3745,-942,0,0
-30,66,-2,443,3694,-995,0,0
-49,60,10,418,3627,-1031,0,0
-56,59,-8,450,3641,-1049,0,0
-71,36,-21,517,3759,-1062,0,0
-82,3,-6,528,3763,-1088,0,0
-82,-17,11,484,3686,-1100,0,0
-68,-46,8,440,3674,-1122,0,0
-29,-28,14,431,3769,-1098,0,0
23,23,27,417,3723,-1033,0,0
34,61,37,396,3668,-972,0,0
7,16,2,399,3709,-948,0,0
-23,-21,-22,418,3706,-934,0,0
-42,-10,-19,428,3704,-956,0,0
-51,-18,-32,441,3693,-956,0,0
-64,-28,-36,472,3716,-968,0,0
-74,-44,-23,489,3727,-999,0,0
-69,-60,-15,484,3744,-1038,0,0
-38,-43,11,474,3762,-1070,0,0
7,-3,50,437,3686,-1074,0,0
32,-26,35,458,3687,-1035,0,0
34,-58,14,547,3813,-1055,0,0
37,-53,63,484,3797,-1071,0,0
57,-43,79,383,3683,-1078,0,0
72,-60,23,379,3657,-1031,0,0
77,-48,-4,429,3736,-986,0,0
68,-37,15,419,3664,-941,0,0
33,-77,-1,407,3657,-945,0,0
4,-102,-32,424,3712,-953,0,0
-6,-52,-9,434,3755,-996,0,0
12,-8,18,390,3693,-1022,0,0
25,31,6,380,3678,-993,0,0
4,35,-9,395,3736,-1015,0,0
-21,8,-14,367,3703,-1064,0,0
-23,-1,-32,367,3660,-1114,0,0
-14,-5,-56,385,3629,-1118,0,0
2,8,-69,440,3668,-1107,0,0
24,44,-55,483,3683,-1059,0,0
40,100,-14,463,3655,-992,0,0
23,124,0,450,3650,-953,0,0
-27,62,-2,469,3685,-986,0,0
-56,-7,1,433,3716,-1034,0,0
-48,41,27,418,3691,-1043,0,0
-48,52,42,400,3688,-1055,0,0
-55,-3,18,382,3714,-1072,0,0
-50,4,10,412,3719,-1089,0,0
-50,-27,-2,427,3718,-1110,0,0
-47,-51,0,429,3733,-1108,0,0
-21,-33,16,420,3702,-1090,0,0
0,-23,24,408,3694,-1048,0,0
4,-33,16,421,3720,-1012,0,0
-1,-44,22,403,3679,-978,0,0
-1,-51,23,410,3725,-994,0,0
21,-37,29,401,3730,-950,0,0
28,39,59,403,3727,-924,0,0
-3,-7,29,384,3738,-924,0,0
-38,-35,7,375,3729,-965,0,0
-49,-33,-10,383,3726,-1022,0,0
-42,-13,-26,416,3699,-1002,0,0
-49,-3,-17,452,3724,-1037,0,0
-45,-44,-24,442,3753,-1031,0,0
-29,8,9,426,3708,-1021,0,0
-33,3,12,384,3707,-1036,0,0
-25,-59,-44,419,3725,-1023,0,0
-10,-26,-24,457,3711,-995,0,0
-11,-20,10,423,3715,-993,0,0
-11,-26,2,397,3722,-991,0,0
-9,-7,1,409,3735,-996,0,0
-12,-16,4,389,3712,-998,0,0
-20,-43,-1,381,3705,-1032,0,0
-14,-68,-14,387,3725,-1049,0,0
8,-47,-11,393,3724,-1024,0,0
20,-17,4,404,3721,-1012,0,0
25,-14,10,378,3719,-1011,0,0
45,1,3,384,3661,-998,0,0
54,33,11,363,3674,-953,0,0
48,71,11,359,3719,-920,0,0
28,67,-8,366,3692,-921,0,0
6,68,-10,360,3656,-919,0,0
-9,85,-13,373,3708,-911,0,0
-38,63,-24,400,3743,-935,0,0
-67,43,-20,400,3746,-991,0,0
-75,26,-22,387,3685,-1031,0,0
-81,-2,-36,429,3680,-1076,0,0
-77,-37,-31,448,3759,-1107,0,0
-41,-39,-15,460,3745,-1118,0,0
-7,-16,19,422,3695,-1057,0,0
8,-9,35,401,3725,-1005,0,0
1,-47,24,385,3751,-968,0,0
-12,-63,28,365,3745,-958,0,0
-27,-95,17,356,3714,-962,0,0
-40,-138,-1,354,3721,-967,0,0
-29,-119,4,346,3747,-949,0,0
-6,-67,12,321,3750,-916,0,0
-3,-33,11,322,3726,-884,0,0
-13,-35,8,307,3729,-878,0,0
-13,-33,-4,313,3731,-885,0,0
-15,-17,-6,338,3746,-892,0,0
-14,2,0,349,3785,-928,0,0
-2,25,9,350,3781,-959,0,0
8,57,33,322,3691,-973,0,0
9,33,10,326,3686,-990,0,0
13,5,-25,385,3808,-983,0,0
22,26,13,372,3768,-973,0,0
31,48,36,311,3675,-943,0,0
15,26,-12,357,3718,-931,0,0
-20,-31,-29,386,3775,-957,0,0
-19,-27,-12,391,3713,-1018,0,0
-6,-28,-10,410,3707,-1007,0,0
-13,-36,0,421,3756,-1007,0,0
-22,-63,9,399,3751,-1036,0,0
-19,-78,9,376,3701,-1041,0,0
-18,-76,6,372,3663,-1033,0,0
-25,-112,-7,373,3677,-1010,0,0
-22,-126,-14,374,3699,-970,0,0
-8,-82,0,351,3699,-915,0,0
-3,-25,8,352,3741,-861,0,0
-15,-20,15,340,3719,-857,0,0
-13,-12,15,295,3705,-847,0,0
-3,50,8,322,3721,-821,0,0
-23,66,13,353,3750,-817,0,0
-55,22,8,346,3775,-856,0,0
-71,18,6,344,3755,-913,0,0
-72,13,1,350,3746,-968,0,0
-65,-19,-10,369,3762,-1021,0,0
-26,-11,2,366,3788,-1055,0,0
34,61,36,337,3784,-1050,0,0
73,100,36,321,3767,-980,0,0
70,86,24,337,3767,-976,0,0
54,36,18,305,3775,-994,0,0
63,44,13,276,3724,-979,0,0
62,63,6,270,3712,-969,0,0
43,22,-19,267,3752,-955,0,0
39,20,-31,281,3773,-970,0,0
44,33,-36,278,3698,-971,0,0
45,39,-46,308,3657,-953,0,0
40,38,-51,345,3726,-947,0,0
42,60,-35,338,3736,-925,0,0
37,113,-20,340,3707,-906,0,0
3,84,-28,350,3656,-936,0,0
-22,64,-23,350,3690,-974,0,0
-12,90,-18,385,3685,-980,0,0
-22,97,-2,417,3721,-978,0,0
-42,59,14,405,3734,-997,0,0
-49,52,38,356,3725,-1025,0,0
-39,58,36,327,3750,-1045,0,0
-31,53,26,334,3771,-1054,0,0
-26,32,23,345,3770,-1084,0,0
-17,-14,20,348,3700,-1089,0,0
2,-35,10,372,3725,-1073,0,0
35,-26,8,411,3800,-1054,0,0
66,23,53,389,3712,-1025,0,0
83,11,50,371,3668,-984,0,0
71,-16,27,398,3702,-942,0,0
47,-29,40,392,3738,-948,0,0
40,-11,46,354,3713,-963,0,0
30,18,29,377,3669,-959,0,0
-8,-34,3,416,3703,-974,0,0
-41,-91,1,408,3752,-1025,0,0
-32,-62,17,377,3701,-1062,0,0
-19,-33,13,377,3667,-1042,0,0
-33,-65,-10,428,3729,-1081,0,0
-25,-92,-5,406,3747,-1106,0,0
21,-22,16,385,3653,-1065,0,0
31,1,19,377,3649,-1021,0,0
25,-14,8,362,3699,-975,0,0
28,54,15,375,3731,-948,0,0
6,54,12,388,3695,-954,0,0
-26,-6,3,350,3639,-959,0,0
-33,14,-10,373,3696,-983,0,0
-32,37,-9,399,3744,-980,0,0
-38,56,28,380,3716,-1002,0,0
-51,20,10,374,3719,-1056,0,0
-37,16,9,355,3755,-1074,0,0
4,73,17,346,3737,-1038,0,0
9,75,1,362,3718,-1000,0,0
-17,25,-15,363,3700,-989,0,0
-30,2,-37,398,3724,-1032,0,0
-27,-3,-36,411,3765,-1030,0,0
-15,21,-14,397,3719,-1026,0,0
-10,3,-22,394,3677,-1008,0,0
-8,7,-22,431,3683,-967,0,0
-25,1,-10,447,3717,-946,0,0
-52,-49,4,421,3693,-969,0,0
-55,-38,26,383,3714,-1002,0,0
-34,-35,28,396,3698,-1024,0,0
-15,-42,30,376,3846,-995,0,0
11,78,57,269,3788,-836,0,0
-67,44,-2,391,3592,-921,0,0
-170,-273,-158,445,3582,-1121,0,0
-77,-170,-105,474,3843,-1187,0,0
111,155,125,517,3922,-1103,0,0
158,112,225,411,3727,-993,0,0
111,-75,159,254,3659,-929,0,0
89,-82,42,257,3726,-918,0,0
73,-25,0,350,3755,-912,0,0
45,-22,-9,404,3702,-940,0,0
8,-50,-26,427,3703,-969,0,0
-21,-77,-24,432,3732,-1001,0,0
-30,-87,-12,418,3728,-1050,0,0
-25,-95,-14,398,3705,-1065,0,0
-17,-81,-21,379,3695,-1050,0,0
-16,-53,-22,363,3654,-1019,0,0
-37,-76,-50,394,3654,-1015,0,0
-60,-121,-72,430,3714,-1013,0,0
-58,-93,-42,413,3719,-1041,0,0
-22,-31,-1,375,3732,-1039,0,0
7,-10,15,357,3729,-1002,0,0
6,-19,30,310,3686,-982,0,0
3,-24,27,269,3672,-973,0,0
4,-2,4,301,3713,-985,0,0
-4,-1,0,325,3732,-1008,0,0
2,32,17,302,3710,-1012,0,0
-3,55,16,325,3715,-1015,0,0
-42,-62,-25,366,3717,-1064,0,0
-63,-167,-33,368,3708,-1095,0,0
-42,-146,-6,392,3730,-1126,0,0
-4,-143,16,392,3726,-1115,0,0
40,-129,38,385,3689,-1037,0,0
65,-64,76,360,3724,-977,0,0
66,-29,95,305,3760,-922,0,0
54,-12,90,261,3751,-921,0,0
34,0,79,218,3690,-938,0,0
23,11,45,206,3677,-938,0,0
13,41,8,278,3704,-936,0,0
-3,49,-8,313,3739,-925,0,0
-19,88,-8,322,3667,-894,0,0
-55,93,-17,382,3698,-951,0,0
-67,66,-34,384,3751,-985,0,0
-55,146,-7,410,3698,-994,0,0
-70,136,11,394,3738,-1042,0,0
-85,65,-12,373,3776,-1068,0,0
-74,76,-19,373,3769,-1116,0,0
-59,45,-25,360,3702,-1115,0,0
-45,-1,-47,380,3740,-1108,0,0
-28,-4,-42,405,3789,-1086,0,0
-15,-3,-19,402,3734,-1097,0,0
-6,-45,-17,383,3674,-1074,0,0
10,-66,-15,390,3726,-1047,0,0
41,-59,-4,402,3809,-1027,0,0
74,1,37,342,3727,-958,0,0
75,40,54,288,3651,-920,0,0
43,-17,3,275,3728,-890,0,0
19,-1,-20,322,3771,-933,0,0
-3,-11,-25,332,3673,-979,0,0
-27,-53,-53,359,3683,-1021,0,0
-24,-40,-46,392,3724,-1052,0,0
0,4,-4,380,3699,-1032,0,0
7,24,20,374,3699,-1051,0,0
21,23,30,332,3664,-1026,0,0
58,95,40,349,3676,-991,0,0
62,122,42,363,3695,-911,0,0
22,102,49,381,3684,-915,0,0
-29,30,37,368,3708,-953,0,0
-61,-19,15,365,3694,-1033,0,0
-51,10,8,337,3718,-1045,0,0
-21,99,3,344,3789,-1048,0,0
5,139,-18,311,3828,-975,0,0
12,186,-36,294,3772,-947,0,0
-7,135,-87,255,3802,-971,0,0
10,178,-125,224,3843,-966,0,0
24,236,-156,279,3752,-936,0,0
-61,97,-209,374,3586,-952,0,0
-186,-183,-254,492,3581,-1082,0,0
-228,-363,-250,528,3654,-1162,0,0
-202,-354,-180,625,3691,-1233,0,0
-150,-435,-64,609,3717,-1263,0,0
-56,-463,90,467,3818,-1270,0,0
98,-363,216,313,3796,-1183,0,0
241,-215,296,238,3806,-1029,0,0
336,-78,356,143,3847,-869,0,0
392,71,391,39,3829,-760,0,0
406,193,356,-23,3752,-653,0,0
352,321,298,0,3705,-590,0,0
230,372,200,51,3720,-616,0,0
71,304,49,84,3703,-718,0,0
-75,201,-98,183,3677,-881,0,0
-176,106,-206,236,3679,-1033,0,0
-222,140,-290,315,3704,-1161,0,0
-221,181,-344,409,3735,-1215,0,0
-211,172,-347,503,3782,-1253,0,0
-194,112,-303,553,3814,-1303,0,0
-142,67,-218,573,3785,-1321,0,0
-80,23,-134,567,3678,-1312,0,0
-36,-29,-69,507,3625,-1289,0,0
10,-61,-15,448,3619,-1271,0,0
51,-103,17,433,3722,-1220,0,0
68,-171,32,441,3788,-1157,0,0
72,-267,77,397,3684,-1139,0,0
103,-347,143,296,3656,-1100,0,0
169,-275,178,229,3733,-1030,0,0
224,-111,182,218,3801,-921,0,0
221,8,197,234,3806,-876,0,0
172,-11,193,196,3698,-857,0,0
96,-52,157,159,3630,-847,0,0
-1,-72,81,138,3714,-895,0,0
-92,-132,-24,135,3781,-991,0,0
-157,-212,-105,143,3841,-1147,0,0
-179,-282,-145,122,3858,-1281,0,0
-178,-373,-157,123,3730,-1438,0,0
-178,-582,-129,28,3573,-1535,0,0
-148,-726,-46,-116,3529,-1547,0,0
-101,-824,42,-198,3385,-1443,0,0
-141,-969,48,-124,3273,-1296,0,0
-275,-1197,-91,134,3278,-1232,0,0
-440,-1545,-174,378,2998,-1145,0,0
-610,-1850,-71,526,2972,-1092,0,0
-708,-2079,88,587,3404,-884,0,0
-738,-2116,147,656,4149,-539,0,0
-651,-2047,270,758,3740,-84,0,0
-491,-2006,637,545,3769,373,0,0
-214,-1606,740,122,5571,676,0,0
204,-429,506,10,5441,1083,0,0
224,730,565,339,3996,798,0,0
-165,334,666,435,3372,-83,0,0
-360,-1041,471,261,3508,-438,0,0
-137,-1808,114,-97,4240,-198,0,0
289,-957,-117,-415,4713,121,0,0
545,621,-77,-51,4311,34,0,0
515,987,-63,331,3699,-172,0,0
402,112,-270,309,3440,-255,0,0
335,-501,-515,142,3525,-213,0,0
273,-315,-670,89,4315,-222,0,0
162,79,-652,115,3599,-670,0,0
-114,-114,-398,95,3481,-1237,0,0
-365,-670,-372,-57,4862,-1860,0,0
-322,-1017,-351,-430,4374,-2413,0,0
-67,-495,55,-394,2709,-2533,0,0
183,-148,408,76,2058,-2458,0,0
332,-197,492,388,2268,-2424,0,0
390,-110,571,839,2492,-2154,0,0
356,-236,803,1138,2853,-1681,0,0
282,-508,999,1226,3300,-1487,0,0
326,-739,1232,1132,3616,-1178,0,0
344,-437,1399,1101,5000,-558,0,0
461,-62,1627,1001,4941,-249,0,0
489,227,2160,1072,4497,-124,0,0
345,218,2456,1685,4495,-644,0,0
425,-606,2529,2276,4666,-959,0,0
674,-1066,2652,2604,4592,-1251,0,0
870,-893,2758,2700,4168,-1636,0,0
1019,-956,2625,2692,3352,-1493,0,0
1079,-1110,2492,2596,2632,-1415,0,0
1059,-2880,2449,2527,1807,-1386,0,0
1023,-1034,2193,2334,1470,-1532,0,0
1049,-1322,1792,2200,1244,-1492,0,0
1056,-1065,1528,2471,786,-1569,0,0
1117,-986,1302,2709,602,-2166,0,0
1220,-936,1030,2471,95,-1918,0,0
992,-818,1059,2413,-659,-1995,0,0
550,-976,1223,1584,-717,-2460,0,0
323,-1010,1025,2108,-715,-2828,0,0
214,-390,1161,2116,-1074,-3031,0,0
232,-649,1327,1867,-1033,-3361,0,0
457,-2385,1064,630,-1368,-2957,0,0
251,-779,1177,1003,-1628,-3035,0,0
-25,-399,1301,1413,-1697,-3415,0,0
-115,-1053,1281,301,-1727,-3650,0,0
-68,-473,1169,-365,-1563,-4101,0,0
259,-642,850,-157,-2004,-4431,0,0
478,-577,642,154,-2223,-3798,0,0
445,-45,622,129,-1936,-3908,0,0
448,-195,499,45,-1730,-4864,0,0
493,-491,302,13,-1581,-5193,0,0
529,-219,152,-222,-1705,-4398,0,0
355,-285,-55,-58,-2004,-4112,0,0
231,-203,-92,-193,-2293,-4440,0,0
256,-220,36,-352,-2644,-4056,0,0
135,-695,108,-702,-2859,-3821,0,0
14,-515,100,-1366,-3186,-3861,0,0
-132,-286,-32,-763,-3141,-4100,0,0
-352,-779,-291,-916,-2545,-4290,0,0
-454,15,-554,328,-2088,-5482,0,0
-359,18,-470,436,-2641,-5315,0,0
-509,166,-312,441,-3203,-5644,0,0
-522,375,8,644,-3293,-7051,0,0
-232,-420,124,-275,-3222,-6404,0,0
-186,-242,158,90,-3739,-5202,0,0
-248,378,97,578,-2576,-4825,0,0
13,317,-449,-131,-1276,-2622,0,0
-110,457,-541,487,-318,-1520,0,0
-183,581,-465,324,-345,303,0,0
-552,1387,-604,-467,-563,1131,0,0
-458,1494,-552,-851,-1815,-991,0,0
462,668,-236,699,-2369,-2641,0,0
888,221,44,1009,-2023,-2255,0,0
507,81,567,728,-1155,-3361,0,0
515,-862,958,626,-337,-3402,0,0
725,-1231,1405,374,21,-1829,0,0
662,-1870,1563,267,-147,-1811,0,0
694,-2177,878,-124,-364,-1588,0,0
579,-876,550,12,-1381,-1724,0,0
324,-401,233,-1796,-2548,-4662,0,0
377,-156,288,-2281,-3448,-5139,0,0
639,193,564,-901,-3589,-2709,0,0
933,508,50,-1646,-2343,-1825,0,0
884,1418,-724,86,-1767,-2622,0,0
226,1720,-1779,2607,-2762,-4191,0,0
-642,1682,-1929,2605,-4995,-7466,0,0
-1132,1101,-1450,1208,-7165,-8931,0,0
-929,66,-873,670,-5527,-7218,0,0
-839,-394,-647,356,-2730,-4668,0,0
-648,-126,-1012,1033,-345,-3922,0,0
-204,-507,-1474,1004,275,-1572,0,0
-336,13,-1431,1904,-877,-2127,0,0
-410,-305,-852,1081,-1797,-3606,0,0
-166,-414,-361,572,-2436,-2103,0,0
-141,169,148,1185,-2959,-1978,0,0
18,-31,626,539,-3283,-2883,0,0
296,132,765,219,-3586,-2284,0,0
283,447,807,804,-3199,-2180,0,0
157,-184,966,-506,-2297,-2206,0,0
44,-207,1160,-1223,-2043,-2210,0,0
7,132,1113,-651,-2377,-2610,0,0
-1,-41,723,585,-2145,-3762,0,0
180,-736,819,-105,-1584,-3326,0,0
290,-614,716,421,-2268,-3633,0,0
84,-552,381,1,-1887,-4384,0,0
-140,-543,383,421,-1597,-3927,0,0
-143,-359,332,1241,-1340,-2975,0,0
28,-178,357,1484,-1436,-2830,0,0
252,-721,566,766,-1245,-3424,0,0
477,-620,533,366,-1515,-3201,0,0
453,0,412,185,-1836,-3667,0,0
428,104,214,-829,-1977,-3900,0,0
303,230,-161,-961,-2669,-4053,0,0
29,298,-440,-636,-3055,-4340,0,0
-178,222,-654,-235,-3139,-4066,0,0
-359,390,-771,143,-3390,-4242,0,0
-533,275,-409,110,-3330,-5014,0,0
-525,-224,-150,-394,-3297,-4765,0,0
-372,-449,-144,-382,-3115,-4518,0,0
-32,-794,-150,-774,-2899,-3806,0,0
142,-519,-349,-191,-3097,-3368,0,0
42,-224,-293,41,-3636,-4465,0,0
80,-203,-8,-972,-3602,-4979,0,0
-11,442,154,-452,-3719,-5116,0,0
-240,641,360,-833,-3440,-5749,0,0
-103,468,182,5,-3222,-4267,0,0
-468,806,230,193,-2778,-4410,0,0
-998,924,45,283,-1455,-5475,0,0
-786,1402,-342,1500,-1351,-4719,0,0
-716,734,-260,1195,-1169,-4712,0,0
-618,303,-471,-726,-1048,-3716,0,0
-645,1073,-836,302,-701,-3081,0,0
-538,862,-834,663,-507,-4191,0,0
-96,308,-1014,1178,-628,-3186,0,0
248,-7,-1425,1929,691,-1723,0,0
566,-841,-1258,337,1315,821,0,0
566,-15,-887,419,-730,1454,0,0
377,660,-681,772,-3079,-417,0,0
388,69,140,120,-3268,-1643,0,0
375,-1434,1359,45,-2018,-1745,0,0
635,-2199,1769,-599,-2836,-1387,0,0
608,-75,574,111,-3735,-3285,0,0
134,1299,-277,947,-3514,-7722,0,0
-119,1246,-557,2712,-1785,-8987,0,0
-287,466,624,1548,-2173,-6018,0,0
-625,-246,989,-452,-1916,-3653,0,0
-556,81,888,507,-1336,-3133,0,0
-90,-382,731,901,-1293,-3155,0,0
319,-591,586,1121,-1343,-2682,0,0
464,-453,473,1347,-703,-2812,0,0
532,-390,294,1161,-433,-2601,0,0
464,-76,186,1010,-1561,-2454,0,0
329,-195,-26,890,-2270,-2802,0,0
184,-363,-152,424,-2378,-2800,0,0
-56,-168,-88,413,-2297,-3275,0,0
-121,-189,19,674,-2233,-3279,0,0
-24,-291,175,780,-2219,-2882,0,0
56,-718,224,1074,-1857,-2978,0,0
307,-524,333,643,-1967,-2966,0,0
555,-141,312,96,-1826,-2981,0,0
572,-524,-12,-761,-1920,-3592,0,0
322,71,-327,-1175,-2629,-4168,0,0
-10,283,-428,-793,-2799,-4473,0,0
-188,-8,-458,-498,-2688,-4645,0,0
-127,-314,-184,166,-2923,-3868,0,0
-60,-745,54,-115,-3135,-3598,0,0
-108,-573,78,-611,-2881,-4204,0,0
-161,-441,71,-665,-2680,-4505,0,0
-170,-412,126,-733,-3140,-4433,0,0
-210,-264,250,-787,-3160,-4689,0,0
-240,-25,137,-1100,-2935,-4838,0,0
-299,278,41,-1227,-2785,-4646,0,0
-401,170,0,-965,-2299,-4482,0,0
-605,269,-310,74,-1626,-4587,0,0
-916,548,-387,184,-1853,-6128,0,0
-904,197,-231,90,-2455,-7255,0,0
-563,-226,14,80,-3630,-8152,0,0
-80,-566,548,-675,-4038,-7112,0,0
509,-1172,678,-1120,-3395,-5643,0,0
960,-571,393,-294,-2250,-3241,0,0
931,-89,187,-367,-1289,-1739,0,0
863,641,-294,-601,-255,-1145,0,0
636,1685,-658,-506,103,516,0,0
-150,2071,-696,-645,-49,1906,0,0
-631,2494,-644,-247,-388,731,0,0
-464,1855,-653,1283,-828,-1032,0,0
-331,1112,-325,1466,-949,-1874,0,0
-237,48,454,1016,-922,-3177,0,0
259,-1032,528,917,-1017,-3793,0,0
678,-1438,768,1037,-1340,-3982,0,0
655,-2408,893,-610,-1088,-3881,0,0
864,-801,571,-936,-2566,-1701,0,0
628,1129,-104,453,-3886,-3563,0,0
-47,1080,-830,564,-3175,-6608,0,0
-244,1032,-288,1659,-2830,-6320,0,0
-129,-394,452,644,-3206,-3241,0,0
-249,-637,452,616,-2722,-2763,0,0
-111,-692,110,161,-2259,-3132,0,0
168,-283,-135,8,-2482,-2977,0,0
130,-158,3,155,-2522,-3093,0,0
29,-412,123,-246,-2182,-3096,0,0
-98,-454,157,104,-1623,-2370,0,0
-284,-352,153,130,-1416,-2675,0,0
-320,-253,-58,-245,-1792,-3286,0,0
-319,-213,-152,-335,-2324,-3696,0,0
-272,-357,-11,-499,-2850,-3976,0,0
-130,-374,299,-2576,-3056,-3713,0,0
55,-527,522,-653,-2835,-3468,0,0
245,-480,545,-1358,-2655,-3125,0,0
215,5,445,-1007,-2515,-3249,0,0
93,106,258,-660,-2191,-3621,0,0
-49,203,130,-659,-1880,-3558,0,0
-141,437,28,39,-1586,-4041,0,0
104,383,-245,20,-1675,-3943,0,0
234,365,-377,236,-2083,-4083,0,0
206,226,-289,135,-2441,-4654,0,0
195,22,-212,-213,-3012,-4561,0,0
67,-17,-195,-381,-3505,-4776,0,0
24,-65,-144,-838,-4241,-5406,0,0
-5,-200,-6,-928,-4413,-6171,0,0
1,-380,226,-534,-3920,-6319,0,0
127,-716,354,-675,-3074,-5274,0,0
268,-692,340,-270,-3092,-3688,0,0
263,129,417,-333,-3394,-3337,0,0
-188,779,477,-287,-3873,-2998,0,0
-877,1119,476,-413,-2905,-4900,0,0
-972,1292,259,-703,-1601,-4785,0,0
-1111,1126,-47,-214,-550,-4031,0,0
-961,1089,-692,502,783,-3049,0,0
-654,1668,-1180,981,817,-2338,0,0
-479,820,-956,869,92,-2765,0,0
-110,894,-1211,711,-302,-3047,0,0
102,734,-1924,1717,-123,-2636,0,0
95,27,-1814,368,-226,-1022,0,0
118,-108,-1396,1015,-2104,-1045,0,0
468,-673,-1164,958,-3108,-1142,0,0
954,-1161,-477,1110,-2615,-741,0,0
993,-1976,773,486,-2163,-1458,0,0
1079,-1788,1373,740,-2747,-1358,0,0
915,-729,1169,-667,-3462,-1856,0,0
569,639,333,371,-2815,-5833,0,0
419,693,-307,1164,-1325,-6562,0,0
72,381,378,-150,-2072,-5059,0,0
-51,-263,740,533,-2783,-4202,0,0
91,-223,918,344,-2411,-2750,0,0
79,41,960,555,-2145,-2634,0,0
290,-581,669,433,-1842,-3194,0,0
485,41,514,-34,-1856,-2710,0,0
227,429,443,502,-1893,-3859,0,0
232,42,478,101,-2283,-4544,0,0
307,-157,508,-431,-2952,-3819,0,0
191,-305,520,-729,-2870,-3307,0,0
159,-472,361,-927,-2529,-3272,0,0
207,-390,76,-761,-2285,-3089,0,0
188,-204,-229,-2488,-2041,-3226,0,0
128,-73,-405,-327,-2053,-3609,0,0
17,-302,-521,-294,-2564,-3651,0,0
-233,-413,-572,-417,-2885,-3720,0,0
-472,-263,-527,-433,-3257,-4443,0,0
-543,-374,-328,-680,-3465,-4138,0,0
-637,-435,-94,-829,-3253,-3928,0,0
-614,-1,48,-747,-2902,-4467,0,0
-320,4,190,-734,-2752,-4321,0,0
-143,-48,401,-775,-2737,-4176,0,0
-66,-18,516,-1091,-2308,-3408,0,0
-153,541,348,-371,-2021,-3306,0,0
-274,1048,154,-447,-2221,-4463,0,0
-155,945,-193,-103,-2499,-4789,0,0
-272,969,-416,931,-1906,-5861,0,0
-272,890,-325,966,-2052,-7717,0,0
134,267,-389,978,-2707,-6757,0,0
381,275,-503,779,-3002,-5525,0,0
322,420,-417,491,-3172,-4593,0,0
248,208,-512,568,-2739,-3690,0,0
370,573,-517,436,-2830,-2935,0,0
4,273,-293,383,-2364,-1647,0,0
-864,238,-518,491,-1232,-379,0,0
-1087,1547,-715,1085,-932,-548,0,0
-507,938,-333,1322,-858,-1932,0,0
85,-383,268,871,-1627,-2249,0,0
-58,-347,528,327,-889,-2064,0,0
-248,-744,892,787,-341,-2544,0,0
-59,-1965,984,503,-417,-1927,0,0
233,-1818,1066,193,184,-2013,0,0
664,-1792,999,-526,-664,-2400,0,0
889,-1073,706,-228,-2197,-1818,0,0
476,-376,379,-1469,-2186,-2893,0,0
147,815,-196,-516,-1863,-5780,0,0
476,1086,-424,1282,-3201,-5490,0,0
237,1042,-322,-197,-3356,-4033,0,0
-421,1299,-454,462,-2476,-5088,0,0
-414,581,-740,1216,-2303,-4740,0,0
-273,105,-646,1119,-2459,-4175,0,0
-369,-424,-298,104,-2537,-3972,0,0
-430,-213,-9,-143,-2388,-3447,0,0
-350,191,146,177,-2198,-3624,0,0
-159,-77,222,-182,-2109,-3558,0,0
-21,-282,374,-417,-1957,-3174,0,0
139,-282,536,-74,-1995,-3108,0,0
229,-300,549,-111,-1838,-3438,0,0
301,-547,529,-155,-1522,-3424,0,0
323,-552,363,-134,-1227,-3156,0,0
290,-272,180,137,-1182,-3080,0,0
265,-433,46,-161,-1488,-2955,0,0
143,-415,-48,-382,-1746,-2890,0,0
16,-204,-15,-454,-2186,-3229,0,0
35,-284,135,-452,-2602,-3321,0,0
95,-254,187,-563,-2717,-3285,0,0
19,-101,174,-784,-2409,-3396,0,0
-109,-94,-60,-876,-1962,-4116,0,0
-97,122,-304,-418,-1872,-4317,0,0
-110,104,-281,297,-1985,-4218,0,0
-22,-30,-145,191,-2074,-4333,0,0
131,-154,-51,335,-2263,-4238,0,0
170,-39,-94,-110,-2265,-4091,0,0
127,324,-238,58,-2453,-4633,0,0
-38,346,-312,-437,-3238,-5800,0,0
-145,435,-197,-1013,-5073,-6809,0,0
-36,268,259,-838,-6396,-8263,0,0
453,-936,951,-1805,-6485,-7613,0,0
764,-1704,1036,-825,-3405,-5970,0,0
829,-575,607,1548,659,-2930,0,0
440,457,97,1689,2293,719,0,0
-198,1736,-159,715,-1286,984,0,0
-1349,2835,-543,172,-2118,-4219,0,0
-966,1913,-946,-18,-2061,-6550,0,0
-310,1751,-1219,601,-1844,-4604,0,0
-459,1671,-1029,188,-1604,-3792,0,0
-463,1504,-1133,-32,-575,-4133,0,0
41,266,-1755,1417,1143,-2733,0,0
480,-931,-1481,561,1017,1033,0,0
25,-603,-1025,969,-1542,589,0,0
-252,-334,-1316,1048,-2532,-1801,0,0
279,-652,-985,1462,-3335,-1659,0,0
406,-1541,443,1714,-3530,-2256,0,0
624,-2218,870,1055,-2531,-2450,0,0
406,-816,809,-330,-3354,-2646,0,0
-221,215,859,2140,-3126,-5562,0,0
-140,-361,1177,1432,-1805,-5117,0,0
83,-525,1429,944,-1436,-4167,0,0
408,-613,1376,323,-1618,-4145,0,0
621,-435,952,-400,-1221,-4110,0,0
700,-358,317,88,-917,-3728,0,0
611,-335,36,-294,-1004,-3546,0,0
507,-225,-7,-559,-1877,-3710,0,0
283,-420,-218,-562,-2270,-3624,0,0
3,-235,-135,-502,-2336,-3674,0,0
-34,-362,-33,-649,-2565,-3164,0,0
-56,-260,11,-842,-2856,-3101,0,0
-114,-196,104,-719,-2689,-3319,0,0
-51,-233,-6,-553,-2796,-3180,0,0
-61,129,-24,-440,-2657,-3201,0,0
-173,165,-32,-407,-2272,-3776,0,0
-186,0,-205,-251,-2219,-4385,0,0
-195,73,-184,-218,-2359,-4513,0,0
-258,-91,-69,-256,-2525,-4617,0,0
-223,-248,106,-730,-2554,-4679,0,0
-67,-287,230,-949,-2807,-4104,0,0
45,-150,393,-1029,-3136,-4309,0,0
288,-185,543,-1057,-3108,-4471,0,0
408,-197,425,-946,-2959,-3930,0,0
114,316,284,-921,-2240,-4869,0,0
-242,285,-22,-1269,-1492,-5955,0,0
-554,577,-343,-454,-2140,-4571,0,0
-1102,1493,-592,202,-1765,-5259,0,0
-1245,1411,-1058,333,-866,-7031,0,0
-738,730,-1574,971,-1590,-6409,0,0
-311,235,-1686,2342,-3036,-4751,0,0
-604,150,-818,1625,-2681,-4765,0,0
-297,-602,-424,-195,-2638,-2081,0,0
-328,651,-40,-79,-3633,-1230,0,0
-256,477,449,-671,-2509,-1283,0,0
726,635,302,-576,-1280,-255,0,0
1491,126,400,105,-1012,-1126,0,0
1508,-533,527,1159,-880,-2447,0,0
1139,-20,998,119,-648,-1358,0,0
448,-352,1541,957,-920,-1474,0,0
273,-1016,1357,948,-643,-2553,0,0
504,-79,1526,-215,-356,-2027,0,0
632,-199,1713,517,-2331,-3079,0,0
664,-730,272,-71,-1695,-4584,0,0
512,1120,-386,-820,-2143,-4345,0,0
-113,1297,-753,181,-3863,-6656,0,0
-320,478,-718,-662,-4431,-5616,0,0
-2688,377,-301,-486,-3686,-4184,0,0
-804,-55,-101,-36,-2475,-4309,0,0
-392,-259,-50,148,-1909,-3095,0,0
-167,-51,-26,178,-2013,-2848,0,0
-95,-95,46,28,-2419,-3736,0,0
-38,-510,251,-601,-2486,-3612,0,0
-183,-532,453,-706,-2456,-3640,0,0
-232,-497,441,-546,-1891,-3466,0,0
-137,-488,138,-211,-1520,-2556,0,0
-400,255,-281,462,-1069,-3545,0,0
-422,382,-776,1573,-533,-4073,0,0
-197,79,-866,1892,-1073,-3018,0,0
-124,235,-439,1213,-2041,-3451,0,0
89,-3,-147,585,-2268,-4051,0,0
277,-332,-55,-66,-1993,-3449,0,0
211,-188,54,190,-1735,-3260,0,0
152,-269,42,527,-1563,-3241,0,0
156,-148,-56,396,-1516,-3349,0,0
139,-127,-45,353,-1852,-3587,0,0
119,-231,-17,-139,-2284,-3496,0,0
98,-271,13,-404,-2497,-3551,0,0
143,-383,-54,-220,-2387,-3342,0,0
225,-102,-82,-208,-2404,-3023,0,0
223,167,-23,-670,-2628,-3182,0,0
118,222,-128,-868,-2532,-4047,0,0
22,81,-148,-302,-2287,-4006,0,0
-86,-64,-101,58,-2086,-3574,0,0
-146,-19,-43,198,-2127,-3752,0,0
-91,-177,-62,84,-2135,-3606,0,0
-137,-111,-319,139,-1980,-3553,0,0
-190,241,-472,312,-2221,-4134,0,0
-171,301,-418,301,-3090,-4921,0,0
-233,22,-321,-234,-3422,-5814,0,0
-214,-246,-176,-603,-3624,-6016,0,0
-222,-161,-149,-518,-4068,-5963,0,0
-204,46,-106,-607,-3845,-6762,0,0
-1,-572,-76,-232,-3268,-6781,0,0
108,-1013,49,-73,-2929,-5344,0,0
-46,-498,338,-103,-2603,-4805,0,0
-4,-548,428,164,-2074,-3304,0,0
194,123,208,232,-1677,-919,0,0
26,1539,-6,-24,-1464,-516,0,0
-213,2303,-303,896,-543,-3158,0,0
31,2149,-522,741,-366,-4291,0,0
-215,1217,-100,651,-932,-4824,0,0
-402,532,489,-71,-1848,-4247,0,0
141,866,166,19,-1310,-4238,0,0
736,-741,-725,1049,18,-3481,0,0
1146,-1673,-860,308,56,273,0,0
573,-1417,-734,1036,-1195,128,0,0
98,-722,-898,1544,-1288,-1583,0,0
145,-484,-336,1802,-2620,-1605,0,0
139,-1398,695,2435,-2607,-2735,0,0
539,-2118,1328,-1003,-3786,-1258,0,0
150,-79,843,-2105,-5856,-3361,0,0
-448,1400,6,-1103,-3828,-7169,0,0
-530,692,62,-496,-2401,-6069,0,0
-496,-48,435,-25,-2562,-3888,0,0
-288,-106,592,-128,-1820,-3060,0,0
-36,-131,386,119,-970,-2499,0,0
107,-95,239,-216,-561,-2589,0,0
91,93,126,-831,-932,-2372,0,0
-153,380,5,-591,-1755,-2835,0,0
-369,511,-48,-78,-2248,-4015,0,0
-419,442,-92,812,-2286,-4043,0,0
-373,252,-8,1273,-2265,-3930,0,0
-203,379,159,1288,-2169,-3842,0,0
-34,419,230,1124,-2288,-3469,0,0
14,300,85,699,-2013,-3657,0,0
-51,207,-187,171,-1569,-2899,0,0
-383,152,-261,607,-1639,-2738,0,0
-602,-94,-220,1228,-1623,-3081,0,0
-491,-106,-148,933,-1602,-2845,0,0
-386,-108,24,997,-1501,-3547,0,0
-248,-283,207,118,-1190,-4032,0,0
-37,-240,123,-69,-1138,-4028,0,0
107,-280,86,69,-1146,-3805,0,0
185,-267,74,-503,-1209,-3566,0,0
138,-2152,-130,-124,-1629,-3918,0,0
33,10,-250,-283,-1622,-4044,0,0
-65,69,-355,-82,-1422,-3872,0,0
-185,64,-433,505,-1854,-4389,0,0
-237,133,-302,454,-2014,-4531,0,0
-248,-250,-149,555,-1807,-4595,0,0
-262,-302,43,422,-1851,-5098,0,0
-269,-398,112,-15,-1618,-5031,0,0
-374,-521,19,-355,-1355,-4834,0,0
-453,-157,-130,50,-1196,-5045,0,0
-359,-47,-153,88,-1078,-4998,0,0
-147,-272,-58,-440,-1283,-4502,0,0
45,-259,-97,-670,-1391,-4174,0,0
109,-95,-61,-755,-1365,-3903,0,0
133,-26,-2,-608,-1616,-3651,0,0
173,7,23,-286,-1539,-3534,0,0
240,187,79,-38,-1468,-3401,0,0
259,340,123,3,-1288,-3965,0,0
282,267,208,226,-1455,-4162,0,0
255,182,209,241,-1342,-4137,0,0
192,242,151,-2144,-1262,-4133,0,0
99,348,21,-115,-1619,-4511,0,0
41,438,-169,12,-1921,-4894,0,0
-61,419,-259,401,-1735,-5186,0,0
-176,280,-205,996,-1473,-5394,0,0
-262,472,-229,751,-1128,-5628,0,0
-345,609,-618,1028,-286,-5668,0,0
-609,858,-975,1436,-279,-5144,0,0
-852,1023,-1248,2383,-1196,-5831,0,0
-702,884,-1324,2834,-2794,-4768,0,0
-769,631,-832,268,-2786,-5591,0,0
-496,701,-596,726,-3037,-4140,0,0
-160,248,-57,948,-3123,-4446,0,0
427,-688,417,660,-2602,-1350,0,0
1046,-468,566,136,-917,188,0,0
1627,-239,605,846,64,-159,0,0
1772,-18,1007,2210,-110,-578,0,0
1305,-167,1317,1288,232,-1703,0,0
828,-691,1371,1173,193,-2821,0,0
677,-1369,1267,1059,391,-4176,0,0
780,-1743,1393,8,-701,-3048,0,0
613,-1471,1384,-143,-2625,-2725,0,0
427,-962,729,-763,-2675,-3743,0,0
142,-352,333,-1029,-2069,-4287,0,0
-181,-189,114,-726,-2098,-4179,0,0
-410,-46,41,-211,-2157,-3782,0,0
-679,-51,8,-679,-1577,-3446,0,0
-727,143,-259,-513,-1298,-2775,0,0
-510,568,-415,664,-1606,-2386,0,0
-309,533,-434,393,-1761,-3302,0,0
-19,157,-377,-797,-2015,-4040,0,0
206,302,-258,-804,-2740,-3805,0,0
152,528,33,-881,-2984,-3992,0,0
147,-111,181,-289,-2636,-3798,0,0
210,-182,98,-118,-1944,-3273,0,0
221,235,146,-121,-1912,-3381,0,0
120,-178,-33,-222,-1696,-3948,0,0
181,16,-145,108,-1957,-3406,0,0
110,91,-14,360,-2202,-3545,0,0
37,-113,26,43,-2038,-3991,0,0
65,-315,93,-49,-2246,-3456,0,0
-24,-278,2,-273,-2429,-3734,0,0
-44,196,9,-11,-2457,-4072,0,0
-23,130,51,-82,-2622,-4255,0,0
39,230,27,-142,-2733,-6640,0,0
100,317,-9,206,-2984,-4462,0,0
-33,549,-37,-56,-3175,-5396,0,0
-15,359,-48,-340,-3190,-6569,0,0
123,-59,-30,116,-3434,-6130,0,0
106,13,222,-156,-3930,-5584,0,0
62,-153,473,-14,-3458,-6260,0,0
183,-582,387,-204,-2271,-4793,0,0
-48,-373,207,-653,-1071,-3449,0,0
-300,80,-32,343,-822,-3238,0,0
-609,-334,-316,287,-1775,-2763,0,0
-1534,497,-378,321,-2055,-4004,0,0
-1680,844,-541,215,-2049,-5025,0,0
-1320,917,-591,-282,-2175,-3092,0,0
-1041,1895,-573,-668,-1386,-3912,0,0
101,1270,-630,415,-310,-2732,0,0
749,513,-805,1051,766,-594,0,0
797,645,-1139,1465,1497,-1639,0,0
1155,47,-1467,582,1080,-959,0,0
1218,176,-1321,499,-1962,-556,0,0
844,-89,-904,1556,-3477,-2481,0,0
880,-1196,185,2174,-3392,-2864,0,0
1049,-2211,1303,2106,-3104,-2279,0,0
1014,-2007,1208,-181,-2405,-1948,0,0
642,-150,1284,-969,-3773,-2361,0,0
43,652,934,180,-3829,-4506,0,0
-172,683,408,195,-2952,-4625,0,0
-342,883,134,1251,-2851,-4130,0,0
-438,1002,176,392,-2204,-4997,0,0
-430,996,35,170,-1739,-5442,0,0
-485,387,8,385,-1853,-4975,0,0
-466,-63,95,140,-2005,-3990,0,0
-437,-2320,121,-132,-2069,-3517,0,0
-353,-387,164,-182,-1956,-3188,0,0
-265,-129,297,677,-1829,-3249,0,0
-87,-97,354,518,-1395,-3223,0,0
71,12,125,867,-1378,-3018,0,0
-40,-39,-90,1552,-1668,-3387,0,0
-270,2,-121,1430,-1627,-3384,0,0
-494,167,-148,1648,-1452,-3376,0,0
-455,97,-175,1651,-1312,-3509,0,0
-214,30,-250,1039,-1196,-3107,0,0
-128,11,-290,900,-1361,-2871,0,0
-171,-49,-274,1007,-1674,-2887,0,0
-181,-207,-235,832,-1680,-3265,0,0
-92,-311,-246,826,-1707,-3261,0,0
-73,-229,-135,813,-1564,-3437,0,0
9,-260,46,294,-1514,-4044,0,0
119,-542,103,321,-1354,-4077,0,0
18,-381,198,45,-1233,-3950,0,0
30,-9,211,-5,-1519,-3925,0,0
30,-23,180,153,-1764,-4062,0,0
-47,238,149,248,-1839,-4376,0,0
-52,233,182,450,-1761,-4670,0,0
48,-363,279,288,-1655,-4313,0,0
113,-370,227,-7,-1419,-4054,0,0
147,21,-23,212,-1410,-4114,0,0
146,26,-113,436,-1426,-4449,0,0
171,-80,-50,362,-1614,-4307,0,0
134,-155,-18,465,-1722,-4336,0,0
98,-206,-5,199,-1832,-4331,0,0
25,-54,3,-206,-1887,-4441,0,0
-29,-104,30,-207,-2009,-4460,0,0
-55,-180,93,-398,-2207,-4278,0,0
-101,-68,50,-2576,-2295,-4438,0,0
-72,10,54,-546,-2431,-4434,0,0
-71,-38,24,-463,-2298,-4281,0,0
-150,-34,-128,124,-1282,-4481,0,0
-145,97,-203,943,-719,-4786,0,0
-30,336,-55,1030,-1564,-4718,0,0
-159,665,66,738,-2184,-4659,0,0
-514,1122,-106,249,-1819,-6071,0,0
-698,1351,-183,40,-2048,-5186,0,0
-1023,1778,-570,1509,-1750,-4691,0,0
-1070,1961,-754,2244,-518,-4750,0,0
-786,1967,-1368,3613,-52,-3121,0,0
-1115,2792,-1787,3758,344,-2761,0,0
-1178,1055,-1032,868,122,-4892,0,0
-435,-1614,-278,871,-3558,-1782,0,0
217,1185,156,521,-5311,-1744,0,0
1182,1060,871,-666,-2939,-4151,0,0
2118,-1055,1198,2184,-600,-3334,0,0
2017,-1639,1470,3815,560,-1980,0,0
1167,-1161,2053,2500,978,-2462,0,0
809,-1364,2346,2451,1019,-2736,0,0
724,-2334,1993,2487,1988,-666,0,0
505,-2133,1685,538,769,-360,0,0
264,-2194,863,1586,-1133,-2883,0,0
62,-2565,303,-1833,-1900,-2685,0,0
-635,-491,-237,-2127,-2409,-3693,0,0
-915,766,-1018,-495,-2902,-6553,0,0
-666,340,-1341,-885,-2579,-6158,0,0
-546,173,-1319,501,-3012,-4595,0,0
-542,286,-1051,1039,-2754,-4782,0,0
-201,34,-711,221,-2314,-3214,0,0
-368,108,-419,-84,-2105,-2542,0,0
-497,798,20,-96,-1930,-3562,0,0
-197,784,395,-78,-2003,-3229,0,0
-41,536,610,124,-2046,-3240,0,0
84,375,738,-148,-2074,-3511,0,0
189,380,697,149,-1882,-3728,0,0
247,132,612,699,-1385,-3975,0,0
313,-135,447,552,-993,-3926,0,0
339,-219,183,842,-1018,-3397,0,0
291,-259,-31,488,-984,-3151,0,0
191,-98,-287,289,-1310,-3439,0,0
75,52,-558,481,-1957,-3789,0,0
26,121,-669,334,-2189,-3505,0,0
-19,-67,-597,357,-1820,-3639,0,0
58,-219,-571,461,-1900,-3614,0,0
2,-11,-353,244,-2115,-3352,0,0
-145,-336,-91,234,-2156,-3408,0,0
-158,-396,-48,460,-2251,-3433,0,0
-191,-237,86,587,-2176,-3407,0,0
-221,-241,232,199,-1697,-3804,0,0
-57,-163,132,189,-1480,-4376,0,0
231,-151,46,700,-1726,-3903,0,0
331,-92,328,897,-2272,-3628,0,0
335,-54,492,649,-2261,-3530,0,0
244,403,499,211,-1879,-3626,0,0
75,720,292,674,-1337,-4622,0,0
196,647,124,1252,-1393,-4674,0,0
185,456,133,1068,-1627,-4558,0,0
167,363,75,805,-1715,-4829,0,0
250,179,-142,782,-2038,-4795,0,0
236,22,-415,586,-2510,-4053,0,0
-70,306,-615,1023,-2752,-4579,0,0
-277,569,-609,1373,-2987,-6465,0,0
-202,-73,-466,1062,-3121,-6283,0,0
-256,-699,-149,1044,-3653,-6045,0,0
-396,-827,267,93,-4143,-6596,0,0
-235,-1120,441,197,-4377,-6052,0,0
-116,-1453,456,75,-3567,-4486,0,0
32,-742,520,1088,-1665,-1999,0,0
218,252,563,3003,569,1390,0,0
-233,1989,455,2076,1559,1196,0,0
-600,2801,-64,-2384,423,-3510,0,0
-682,2231,-229,-1356,-388,-5608,0,0
-783,2381,-302,2976,-1541,-4472,0,0
-468,1968,-644,2604,-4,-6761,0,0
1149,-313,-902,1652,340,-3687,0,0
1837,-1714,-826,577,21,703,0,0
1199,-1221,-284,-100,-1458,376,0,0
855,-619,-127,1650,-3342,-2530,0,0
1335,-1579,403,2626,-2914,-2707,0,0
1446,-2713,925,1123,-2311,-217,0,0
892,-1308,737,-139,-3240,-1498,0,0
496,-284,252,357,-4108,-4156,0,0
59,-433,66,494,-3644,-3428,0,0
-512,364,179,200,-3439,-3372,0,0
-614,890,372,47,-3518,-4142,0,0
-601,600,397,-230,-3006,-4335,0,0
-674,686,247,-55,-1921,-4632,0,0
-527,445,178,-44,-1225,-4341,0,0
-343,129,208,96,-1440,-3691,0,0
-210,127,303,236,-1721,-3576,0,0
-87,18,353,-30,-1769,-2998,0,0
-38,245,240,576,-2033,-2647,0,0
-69,468,-13,1431,-2251,-3011,0,0
-64,417,-154,2228,-2207,-3049,0,0
-112,218,-74,2430,-2133,-3245,0,0
-122,198,-12,1188,-2037,-3617,0,0
-35,89,-239,648,-1990,-3626,0,0
-21,20,-435,975,-1904,-3443,0,0
-52,-14,-455,1278,-1889,-3162,0,0
-141,-210,-365,1539,-1809,-2672,0,0
-271,-367,-319,1345,-1708,-2452,0,0
-298,-197,-354,1554,-1875,-2932,0,0
-199,-264,-222,1353,-1875,-3348,0,0
-39,-365,-24,715,-1977,-3712,0,0
137,-412,83,482,-2386,-3907,0,0
224,-483,262,183,-2496,-3734,0,0
174,-606,354,-156,-2234,-3781,0,0
65,-363,372,-2,-1933,-4130,0,0
30,-493,351,170,-1975,-3828,0,0
-22,-411,318,53,-1986,-3782,0,0
-59,-301,288,185,-1717,-3973,0,0
26,-432,252,272,-1562,-3888,0,0
131,-349,231,16,-1521,-3883,0,0
143,-426,185,-477,-1705,-3395,0,0
54,-299,1,-674,-1847,-3490,0,0
66,197,-142,-663,-2124,-3524,0,0
-26,111,-252,-205,-2112,-3505,0,0
-189,56,-342,145,-2129,-3625,0,0
-387,635,-277,-63,-2139,-3903,0,0
-624,571,-437,-23,-1184,-4265,0,0
-795,462,-666,960,-1745,-5305,0,0
-919,696,-496,1064,-3007,-6928,0,0
-615,-285,-27,901,-3428,-6884,0,0
-236,-385,565,-58,-3817,-6327,0,0
185,-146,866,-243,-3283,-6456,0,0
680,-307,638,-59,-2208,-5378,0,0
738,352,333,795,-1410,-5451,0,0
344,700,430,1336,-1544,-5541,0,0
-48,524,227,1636,-1216,-3891,0,0
-75,505,-428,1549,-480,-1978,0,0
-245,1019,-922,492,-251,-1394,0,0
-461,822,-1225,-331,-470,-2887,0,0
-345,380,-1318,-254,-3661,-984,0,0
-300,1702,-1312,304,-3986,-1169,0,0
180,1400,-408,1229,-1581,-3121,0,0
828,-885,531,1830,-736,-1698,0,0
853,-925,1146,1368,-9,-779,0,0
519,-947,1422,1677,-3,-2512,0,0
449,-1660,1271,804,406,-3914,0,0
714,-1346,1468,-637,-1486,-2537,0,0
528,-905,1076,1237,-2704,-3871,0,0
508,-710,412,-643,-1932,-4273,0,0
381,-212,152,-526,-1867,-3969,0,0
63,-36,-290,-53,-2470,-4250,0,0
-166,456,-474,115,-2785,-4507,0,0
-402,181,-209,-107,-2576,-4376,0,0
-505,-159,-26,-417,-2712,-3075,0,0
-653,284,-74,167,-2584,-2992,0,0
-654,177,-153,-65,-1824,-3247,0,0
-546,0,-328,-93,-1471,-3538,0,0
-422,26,-297,429,-1922,-3579,0,0
-322,-177,-75,580,-2118,-3693,0,0
-182,-457,39,353,-1971,-3693,0,0
-57,-339,2,-32,-1502,-3751,0,0
106,-115,-121,143,-1642,-3637,0,0
117,-233,-205,-21,-1659,-3665,0,0
27,-226,-263,-57,-1540,-3806,0,0
-88,-257,-307,171,-1478,-3454,0,0
-304,-205,-440,144,-1063,-3693,0,0
-471,-177,-669,104,-716,-4552,0,0
-445,-176,-715,324,-1616,-4197,0,0
-467,-241,-446,330,-2787,-3824,0,0
-362,-239,-159,13,-2574,-3787,0,0
-108,-121,246,-284,-2181,-3086,0,0
-33,1,545,-493,-1750,-2918,0,0
-90,366,492,-198,-1379,-3751,0,0
17,623,403,171,-966,-4266,0,0
206,436,222,345,-896,-3846,0,0
193,646,82,508,-975,-4495,0,0
253,629,-65,334,-1286,-4592,0,0
283,332,-98,546,-1860,-3821,0,0
171,190,-27,704,-1659,-3938,0,0
120,214,-8,819,-1428,-3968,0,0
52,13,112,725,-1655,-4001,0,0
69,-158,146,491,-1806,-4022,0,0
119,-108,0,584,-1505,-3794,0,0
104,-13,-22,460,-1520,-3913,0,0
147,-34,-119,690,-1663,-4100,0,0
173,54,-224,677,-1847,-4085,0,0
-14,159,-275,221,-1904,-4636,0,0
-184,322,-430,345,-2251,-5408,0,0
-236,330,-532,736,-2810,-6342,0,0
-90,103,-187,849,-3284,-8006,0,0
484,-790,153,314,-3646,-7350,0,0
1016,-1471,168,783,-3500,-5560,0,0
1151,-1595,255,1947,-1907,-3899,0,0
707,-954,395,1965,18,-1675,0,0
-140,-224,440,1416,503,-303,0,0
-1036,1360,-12,772,-651,-1105,0,0
-1854,3033,-391,271,-1954,-6193,0,0
-1811,1800,-469,-253,-2931,-9123,0,0
-1499,824,136,-688,-3953,-6882,0,0
-1351,80,910,-634,-2551,-4506,0,0
-464,8,1038,-75,-946,-1289,0,0
365,-721,517,2119,956,-348,0,0
659,-26,-554,1775,2779,-705,0,0
899,1063,-1293,1424,2656,-957,0,0
893,546,-1456,65,1254,-5,0,0
550,172,-1625,516,-998,384,0,0
206,525,-1724,3467,-1969,-2486,0,0
612,377,-1524,4539,-2754,-3552,0,0
715,909,-1149,2611,-3443,-3199,0,0
-28,1524,-1411,2952,-3683,-4701,0,0
-1302,1578,-1720,1795,-1461,-5472,0,0
-2293,1030,-1718,338,107,-4458,0,0
-2665,-375,-1698,-16,267,-2886,0,0
-3169,-1740,-1799,-893,747,-1646,0,0
-3622,-380,-2186,255,2670,-2551,0,0
-3196,-974,-2945,2603,4700,-2974,0,0
-2398,-2753,-3088,2743,5119,-1706,0,0
-2045,205,-2782,887,4781,-1667,0,0
-1620,4577,-2775,1427,4705,-1225,0,0
-1150,5719,-2691,2034,4006,-618,0,0
-1043,3896,-2462,2329,3767,-1165,0,0
-1068,1081,-2043,2160,3844,-2316,0,0
-783,496,-1438,1571,3798,-2432,0,0
-319,838,-882,1597,3916,-1499,0,0
-85,622,-316,1527,4219,-1828,0,0
35,204,219,390,3776,-2285,0,0
65,243,457,-497,2786,-1851,0,0
-59,336,215,-265,2803,-1806,0,0
-139,-177,-185,-189,3370,-1687,0,0
-208,-451,-233,-176,3418,-1517,0,0
-273,-278,-42,-72,3169,-1364,0,0
-328,-251,107,27,3459,-1174,0,0
-338,-456,201,14,3455,-1299,0,0
-292,-441,308,-148,3700,-1228,0,0
-271,-66,449,-62,4308,-1334,0,0
-300,-49,566,36,4258,-1472,0,0
-368,-451,549,52,4284,-1432,0,0
-291,-845,424,-47,3901,-1274,0,0
-73,-688,390,-193,3607,-841,0,0
77,102,350,-102,3817,-669,0,0
139,683,227,200,3805,-630,0,0
116,626,145,338,3727,-649,0,0
71,215,62,403,3648,-585,0,0
40,19,-54,554,3505,-421,0,0
-11,-21,-139,864,3643,-519,0,0
13,-255,-183,925,3962,-420,0,0
121,-165,-170,876,4243,-252,0,0
234,315,-194,969,4470,-172,0,0
302,718,-151,1116,3943,-225,0,0
274,560,51,1127,3268,-555,0,0
298,-4,218,706,3161,-538,0,0
420,119,180,277,4163,-197,0,0
466,1002,-120,451,5278,-230,0,0
433,1271,-392,590,4156,-1119,0,0
368,729,-177,165,3201,-1233,0,0
217,291,48,-120,3072,-1218,0,0
148,143,-148,21,3162,-1135,0,0
140,160,-412,124,3594,-1031,0,0
47,249,-446,263,3732,-1286,0,0
-57,158,-306,220,3336,-1496,0,0
-94,19,-210,247,3288,-1636,0,0
-37,-2080,-225,333,3370,-1596,0,0
-9,61,-131,392,3425,-1577,0,0
-77,109,93,521,3594,-1563,0,0
-169,-195,259,525,3938,-1478,0,0
-199,-511,298,354,4120,-1379,0,0
-165,-513,257,297,3993,-1310,0,0
-109,-434,246,317,3778,-1354,0,0
-17,-468,337,249,3460,-1356,0,0
123,-433,420,59,3517,-1198,0,0
283,-91,406,-1,3652,-1026,0,0
350,284,327,226,3589,-973,0,0
287,245,222,419,3745,-969,0,0
176,10,124,485,3739,-915,0,0
29,-128,55,540,3651,-970,0,0
-100,-309,-9,583,3517,-1139,0,0
-139,-461,-26,479,3414,-1136,0,0
-148,-293,-26,498,3778,-1187,0,0
-137,-180,-96,652,3931,-1309,0,0
-104,-243,-79,627,3923,-1243,0,0
-66,-162,50,558,3819,-1317,0,0
29,-106,157,469,3397,-1267,0,0
135,73,195,373,3270,-1069,0,0
156,366,149,459,3425,-960,0,0
72,436,76,555,3621,-923,0,0
-79,254,14,615,3781,-1009,0,0
-192,-30,-35,512,3678,-1055,0,0
-223,-58,-44,436,3604,-1077,0,0
-203,63,-76,507,3644,-1141,0,0
-166,105,-114,533,3695,-1127,0,0
-130,185,-113,567,3703,-1083,0,0
-125,248,-113,659,3703,-1091,0,0
-168,148,-148,741,3643,-1138,0,0
-207,-45,-159,721,3660,-1185,0,0
-174,-130,-123,645,3775,-1224,0,0
-66,-45,-68,594,3727,-1172,0,0
26,114,6,652,3755,-1122,0,0
63,101,32,719,3742,-1124,0,0
78,-31,64,658,3676,-1050,0,0
98,-20,137,585,3701,-1036,0,0
134,25,172,510,3669,-961,0,0
137,113,176,507,3675,-917,0,0
101,121,153,541,3642,-945,0,0
52,38,115,506,3639,-919,0,0
-11,14,53,529,3680,-984,0,0
-61,-56,-9,553,3709,-1040,0,0
-75,-90,-47,573,3711,-1076,0,0
-70,-75,-45,620,3637,-1109,0,0
-70,-90,-15,646,3651,-1149,0,0
-45,-128,-15,626,3702,-1170,0,0
15,-86,-13,635,3639,-1137,0,0
71,-1,30,648,3573,-1097,0,0
115,55,53,628,3568,-989,0,0
126,144,45,647,3671,-875,0,0
81,198,27,703,3744,-855,0,0
8,111,16,712,3733,-868,0,0
-64,-11,14,674,3711,-928,0,0
-92,-43,44,581,3657,-955,0,0
-100,9,73,541,3658,-1006,0,0
-103,-10,29,530,3713,-1050,0,0
-98,-41,-34,545,3745,-1077,0,0
-69,-19,-40,541,3734,-1065,0,0
-43,34,-24,574,3703,-1043,0,0
-46,-16,-53,633,3655,-1064,0,0
-40,-76,-59,623,3615,-1019,0,0
-15,-23,-38,655,3642,-1006,0,0
-5,-4,-32,703,3673,-950,0,0
-48,-51,-33,770,3672,-979,0,0
-89,-182,-14,713,3629,-1059,0,0
-54,-139,44,615,3631,-1059,0,0
6,18,97,640,3675,-1033,0,0
5,-15,107,649,3698,-993,0,0
-31,-128,86,584,3731,-978,0,0
-48,-143,58,534,3772,-943,0,0
-69,-97,20,615,3840,-905,0,0
-153,-220,-15,720,3678,-967,0,0
-246,-497,7,637,3555,-1046,0,0
-224,-569,45,480,3698,-1099,0,0
-86,-343,33,432,3814,-1071,0,0
60,-29,40,528,3762,-994,0,0
117,52,86,568,3694,-966,0,0
134,-34,84,481,3731,-911,0,0
176,36,37,447,3687,-822,0,0
191,189,22,500,3620,-765,0,0
152,224,8,533,3670,-738,0,0
93,195,-44,554,3685,-709,0,0
22,187,-87,608,3739,-738,0,0
-47,172,-95,616,3761,-800,0,0
-93,152,-86,596,3704,-855,0,0
-117,138,-101,606,3669,-927,0,0
-130,128,-134,632,3630,-948,0,0
-134,108,-151,672,3663,-1016,0,0
-105,91,-155,677,3788,-1055,0,0
-45,136,-138,730,3754,-1057,0,0
11,142,-57,701,3706,-1043,0,0
64,146,22,661,3716,-1021,0,0
106,131,40,648,3702,-987,0,0
127,113,34,616,3685,-941,0,0
135,141,54,608,3715,-892,0,0
108,137,61,608,3796,-874,0,0
51,57,39,596,3710,-930,0,0
0,-38,20,564,3689,-1005,0,0
-9,-85,-5,566,3687,-1067,0,0
0,-102,-18,594,3692,-1056,0,0
2,-93,1,587,3731,-1073,0,0
-5,-113,30,564,3732,-1080,0,0
-15,-174,34,518,3708,-1082,0,0
-16,-209,33,469,3658,-1090,0,0
9,-207,33,412,3624,-1074,0,0
52,-126,21,395,3611,-999,0,0
75,-44,-10,456,3704,-986,0,0
98,-24,-36,455,3719,-925,0,0
116,82,6,452,3658,-871,0,0
90,134,37,447,3689,-868,0,0
40,108,2,449,3679,-862,0,0
-41,94,-24,499,3629,-923,0,0
-137,-27,-54,501,3634,-1017,0,0
-175,-97,-69,453,3657,-1099,0,0
-152,-25,-68,490,3691,-1145,0,0
-123,5,-70,554,3684,-1176,0,0
-96,-29,-44,567,3689,-1160,0,0
-57,-44,-9,549,3657,-1114,0,0
-30,-32,20,523,3707,-1061,0,0
-12,-27,30,492,3769,-997,0,0
-1,-21,44,476,3727,-974,0,0
-5,-53,52,431,3710,-957,0,0
0,-56,37,401,3704,-940,0,0
10,-20,19,407,3713,-910,0,0
2,-6,-1,421,3725,-918,0,0
-12,-11,-16,444,3734,-936,0,0
-11,-20,-34,483,3714,-958,0,0
-9,-6,-28,515,3732,-967,0,0
-5,11,-9,521,3731,-1015,0,0
5,24,0,551,3713,-1040,0,0
5,6,-8,610,3716,-1055,0,0
-7,-68,-11,619,3734,-1074,0,0
0,-110,21,576,3738,-1088,0,0
36,-77,80,488,3704,-1060,0,0
68,-40,116,427,3681,-1046,0,0
86,-39,94,378,3712,-999,0,0
106,17,36,409,3707,-959,0,0
94,41,13,430,3704,-948,0,0
70,14,7,419,3658,-921,0,0
42,16,-19,450,3639,-928,0,0
15,27,-44,507,3687,-947,0,0
-4,24,-39,530,3677,-974,0,0
-17,37,-16,517,3683,-990,0,0
-25,66,-2,522,3687,-1047,0,0
-18,69,-11,502,3687,-1061,0,0
-5,92,-6,497,3598,-1074,0,0
-1,82,-3,459,3649,-1079,0,0
29,128,-27,468,3712,-1021,0,0
53,209,-28,530,3698,-981,0,0
32,192,-12,508,3656,-972,0,0
13,171,-22,464,3623,-940,0,0
-5,200,-51,516,3676,-929,0,0
-57,167,-80,599,3732,-1002,0,0
-106,65,-72,607,3734,-1087,0,0
-110,15,-44,577,3680,-1151,0,0
-93,0,-12,524,3680,-1152,0,0
-78,-8,-4,528,3736,-1154,0,0
-73,-77,-26,537,3701,-1144,0,0
-67,-142,-28,535,3711,-1147,0,0
-26,-161,-16,503,3734,-1115,0,0
35,-105,15,483,3722,-1057,0,0
84,-63,34,450,3753,-992,0,0
120,-23,56,414,3735,-927,0,0
138,30,84,386,3703,-876,0,0
123,60,63,382,3645,-828,0,0
68,54,20,419,3694,-839,0,0
8,10,-11,426,3728,-899,0,0
-31,22,-15,431,3701,-973,0,0
-57,39,-18,465,3681,-1053,0,0
-74,-13,-16,471,3631,-1115,0,0
-74,-50,-21,463,3700,-1125,0,0
-53,-30,-39,509,3745,-1166,0,0
-21,-27,-13,520,3768,-1183,0,0
29,-5,31,484,3746,-1162,0,0
64,26,64,460,3692,-1130,0,0
61,-1,77,421,3691,-1090,0,0
40,-45,49,411,3661,-1095,0,0
16,-86,4,426,3627,-1090,0,0
5,-96,-10,469,3650,-1096,0,0
8,-108,-7,474,3677,-1056,0,0
11,-76,-5,485,3672,-1049,0,0
21,-50,4,482,3644,-1032,0,0
44,15,25,450,3552,-968,0,0
37,78,40,456,3567,-913,0,0
1,85,26,482,3653,-885,0,0
-31,93,27,495,3670,-882,0,0
-65,141,53,471,3739,-862,0,0
-125,124,32,522,3746,-949,0,0
-192,-30,-20,526,3727,-1037,0,0
-202,-76,-43,523,3721,-1116,0,0
-161,-34,-26,564,3677,-1159,0,0
-105,-27,-11,567,3754,-1175,0,0
-33,-29,-5,567,3775,-1113,0,0
28,9,37,556,3708,-1033,0,0
62,39,72,515,3715,-927,0,0
54,62,68,525,3775,-886,0,0
12,-36,44,488,3706,-856,0,0
-22,-69,35,423,3742,-830,0,0
-56,-69,-7,472,3752,-904,0,0
-74,-163,-59,497,3696,-980,0,0
-26,-110,-39,528,3739,-1037,0,0
49,-27,-3,574,3768,-1060,0,0
94,-14,49,560,3772,-1016,0,0
104,-30,81,533,3778,-1070,0,0
124,-84,77,401,3712,-1041,0,0
173,69,111,348,3610,-947,0,0
174,209,119,343,3607,-865,0,0
97,203,61,360,3583,-805,0,0
-17,132,-16,400,3599,-807,0,0
-124,61,-68,452,3671,-894,0,0
-168,44,-90,479,3695,-957,0,0
-161,96,-70,522,3670,-1017,0,0
-144,131,-21,496,3671,-1008,0,0
-124,203,12,472,3640,-955,0,0
-145,230,-3,476,3619,-910,0,0
-198,194,-29,455,3592,-837,0,0
-263,153,-62,520,3658,-838,0,0
-326,55,-103,563,3693,-817,0,0
-377,21,-103,620,3699,-835,0,0
-409,-63,-87,666,3739,-857,0,0
-400,-150,-64,627,3699,-797,0,0
-376,-105,-4,624,3681,-739,0,0
-371,-145,6,648,3724,-682,0,0
-373,-279,-45,704,3927,-626,0,0
-328,-328,-66,712,4072,-503,0,0
-260,-256,-29,730,4018,-360,0,0
-234,-288,-19,745,3878,-305,0,0
-212,-441,-55,677,3823,-256,0,0
-149,-377,-63,650,3878,-199,0,0
-106,-254,-62,762,3922,-219,0,0
-111,-378,-69,834,3772,-250,0,0
-115,-565,-37,757,3766,-348,0,0
-10,-583,-8,601,4039,-306,0,0
181,-284,-3,504,4180,-130,0,0
305,92,4,574,4078,-7,0,0
315,221,21,577,3911,34,0,0
288,152,30,457,3818,11,0,0
319,114,-26,325,3848,-12,0,0
449,305,-124,192,4046,-3,0,0
629,763,-225,102,4469,194,0,0
660,1443,-350,227,4807,281,0,0
457,1468,-379,409,3497,-455,0,0
230,458,-212,-11,2269,-824,0,0
88,40,-201,-329,2772,-711,0,0
-84,418,-604,79,4525,-1062,0,0
-243,223,-959,444,4542,-1473,0,0
-445,-371,-723,475,3212,-1879,0,0
-522,-963,-307,340,2599,-2200,0,0
-351,-1238,-183,218,2946,-1997,0,0
-164,-1154,-101,231,3614,-1733,0,0
-86,-961,-28,353,4280,-2030,0,0
808,-1071,189,71,4082,-1136,0,0
1311,-3,790,-593,3224,428,0,0
1185,1875,1070,-215,4425,17,0,0
1084,2384,957,265,4390,-404,0,0
753,1244,758,177,3411,-298,0,0
318,-287,532,-163,3268,-262,0,0
62,-864,179,-362,3786,-278,0,0
-74,-586,-235,-243,3780,-496,0,0
-193,-361,-443,-63,3485,-802,0,0
-325,-289,-529,15,3538,-982,0,0
-381,-254,-592,50,3598,-1169,0,0
-382,-148,-574,-4,3840,-1243,0,0
-426,100,-510,72,4044,-1474,0,0
-486,105,-457,215,3856,-1652,0,0
-489,-261,-410,238,3571,-1720,0,0
-377,-562,-299,116,3504,-1693,0,0
-178,-536,-155,-57,3714,-1545,0,0
21,-196,2,-197,3759,-1383,0,0
121,148,183,-97,4059,-1522,0,0
298,-3,283,-261,3719,-1387,0,0
511,69,445,-589,3466,-799,0,0
572,676,535,-545,3419,-688,0,0
477,863,456,-221,3425,-757,0,0
240,486,317,-93,3548,-942,0,0
-13,65,202,-56,3387,-1053,0,0
-196,-115,131,20,3170,-1038,0,0
-335,-66,7,215,3885,-1018,0,0
-413,-28,-207,549,4477,-1163,0,0
-358,-242,-166,703,3556,-1068,0,0
-324,-357,227,519,3123,-878,0,0
-275,-210,427,461,3629,-860,0,0
-195,27,303,501,3932,-749,0,0
-219,60,83,730,4223,-799,0,0
-198,-364,-97,698,4549,-787,0,0
-26,-550,-150,503,4615,-767,0,0
271,-298,29,288,4081,-916,0,0
533,185,319,-23,4118,-607,0,0
525,825,269,218,4192,-875,0,0
427,472,69,454,3191,-1379,0,0
249,-319,90,308,3366,-1284,0,0
139,-558,84,193,3676,-1449,0,0
179,-363,7,95,3393,-1348,0,0
124,-46,-28,216,3335,-1380,0,0
-12,-105,-60,267,3174,-1424,0,0
-136,-282,-51,276,2795,-1358,0,0
-253,-327,-6,456,2856,-1367,0,0
-318,-443,59,748,3081,-1506,0,0
-320,-511,265,1076,3358,-1548,0,0
-262,-530,632,1539,3894,-1726,0,0
28,-796,1282,1706,3526,-1769,0,0
375,-984,2102,1573,3268,-1401,0,0
497,-835,2492,2156,4777,-1654,0,0
642,-641,2369,2710,5974,-1967,0,0
911,-246,2407,2524,4738,-2062,0,0
979,12,2808,2408,3004,-2120,0,0
923,-587,3128,2600,2578,-2109,0,0
1113,-1420,3147,2470,2740,-1513,0,0
1392,-1234,2839,2523,2607,-1428,0,0
1618,-738,2457,2732,1911,-1708,0,0
1730,-920,2039,2640,1042,-1967,0,0
1655,-1181,1647,2414,272,-1710,0,0
1267,-915,1346,2682,-104,-1907,0,0
866,-920,1107,2297,-379,-1875,0,0
415,1152,1167,3262,-575,-2072,0,0
229,96,1298,3310,-656,-1630,0,0
-57,-1839,954,2047,-958,-1081,0,0
-604,-458,1083,3667,-902,-1794,0,0
-831,-325,1543,3751,-646,-3082,0,0
-535,-1515,1587,2082,-485,-3643,0,0
-55,-614,1006,2141,-408,-4497,0,0
156,-30,587,2157,-609,-3664,0,0
-150,-742,255,1057,-1144,-3578,0,0
-369,-816,73,722,-1732,-4329,0,0
-299,-635,-31,-526,-1747,-4350,0,0
-34,-732,-232,-1077,-1566,-3749,0,0
15,-456,-37,-906,-1705,-3294,0,0
11,-664,107,-980,-1490,-2873,0,0
166,-906,18,-1102,-1199,-2211,0,0
154,-263,-43,-534,-1056,-2393,0,0
26,-113,11,484,-818,-2534,0,0
8,-430,17,598,-699,-2545,0,0
14,-1,82,1110,-1051,-3689,0,0
44,-450,182,607,-1259,-4792,0,0
148,-766,253,831,-1675,-4711,0,0
219,-650,518,1217,-1853,-4544,0,0
431,-776,687,198,-1548,-4411,0,0
617,-901,475,308,-1569,-4103,0,0
643,-688,273,510,-1523,-4405,0,0
670,-565,112,533,-1417,-4907,0,0
529,-889,33,80,-2494,-5118,0,0
197,-535,325,-1173,-3805,-5683,0,0
98,-458,542,-1585,-3467,-5295,0,0
135,-401,415,-964,-2589,-3860,0,0
-110,12,433,-1111,-1865,-3475,0,0
-454,266,341,-1793,-1781,-4463,0,0
-546,586,-84,-1560,-1117,-5378,0,0
-460,587,-628,-624,-528,-5143,0,0
-739,719,-1064,159,-76,-5431,0,0
-974,736,-1532,654,-69,-6935,0,0
-1123,339,-1655,650,-1462,-6341,0,0
-1041,123,-1345,1497,-3295,-8022,0,0
-149,-1078,-684,12,-3799,-6031,0,0
566,-780,-163,150,-4504,-1427,0,0
659,446,570,-103,-3111,-2430,0,0
1178,76,599,-703,-1876,-2402,0,0
1117,631,278,326,-1053,783,0,0
410,1484,233,-64,-148,-31,0,0
461,1745,414,-718,-263,-1899,0,0
976,916,428,1270,-727,-1395,0,0
758,468,930,596,-1038,-1044,0,0
362,64,1369,797,-1061,-2804,0,0
444,-1043,1112,1235,-127,-3437,0,0
407,-1358,1246,506,430,-2835,0,0
193,-1705,1516,-1403,-656,-2190,0,0
260,-637,701,-174,-3336,-3356,0,0
204,556,-683,-711,-3098,-6066,0,0
-115,1137,-615,-707,-3515,-6553,0,0
-358,-98,-120,-603,-4507,-5253,0,0
-375,-2104,71,-1377,-4260,-3628,0,0
-442,475,-8,-607,-2977,-3813,0,0
-310,278,19,-429,-2214,-3714,0,0
-148,392,225,-160,-1974,-2954,0,0
-176,210,109,-72,-1383,-3398,0,0
-122,203,-283,169,-1225,-3677,0,0
-266,451,-533,1129,-1499,-3924,0,0
-368,115,-464,1632,-1589,-4225,0,0
-343,-743,-273,606,-1264,-3711,0,0
-286,-540,-58,78,-1021,-3213,0,0
-25,-185,34,233,-1378,-2915,0,0
248,-257,-92,-61,-1500,-2377,0,0
337,-60,-335,345,-996,-2967,0,0
402,-32,-467,598,-1252,-3282,0,0
353,-115,-408,612,-1927,-3332,0,0
167,-494,-363,386,-2062,-4049,0,0
92,-504,-107,100,-2307,-3708,0,0
-40,-377,39,-50,-2647,-3659,0,0
-170,-383,33,-679,-2478,-3905,0,0
-201,-279,36,-986,-2340,-3586,0,0
-238,-14,-78,-778,-2548,-3789,0,0
-198,-121,-70,-815,-2395,-3788,0,0
-174,-230,1,-818,-2363,-3643,0,0
-125,-118,148,-380,-2513,-3695,0,0
65,-158,353,-587,-2568,-3617,0,0
142,161,447,-902,-2249,-3701,0,0
94,716,350,-718,-1780,-4253,0,0
41,804,43,-459,-1677,-5267,0,0
-43,370,-244,-492,-2118,-6077,0,0
-271,401,-346,-775,-3145,-7734,0,0
-177,-105,-285,-797,-4921,-7750,0,0
9,-732,94,-174,-5658,-7550,0,0
113,-1197,798,-330,-3833,-7127,0,0
338,-1620,828,-782,-1329,-4383,0,0
815,-1044,89,-328,-182,-2214,0,0
582,371,-89,-873,-575,-1207,0,0
-362,664,-338,21,-1097,-630,0,0
-1223,1677,-702,-306,-792,-1552,0,0
-1409,2705,-1001,23,-866,-2679,0,0
-824,1878,-631,1396,-1360,-3810,0,0
-54,981,-567,737,-1436,-4606,0,0
436,769,-833,195,85,-4347,0,0
821,-974,-589,-304,697,-1548,0,0
677,-904,-390,323,-1245,-432,0,0
479,-712,-535,1001,-2833,-1454,0,0
533,-1055,-178,804,-3141,-1606,0,0
372,-976,810,722,-2262,-2591,0,0
735,-2136,1219,712,-2304,-2097,0,0
737,-1106,1276,-694,-3688,-1857,0,0
578,322,458,-1057,-3217,-4432,0,0
490,745,-194,-853,-2027,-5952,0,0
253,585,16,-340,-2656,-5039,0,0
-136,156,147,-114,-2815,-4014,0,0
-400,403,246,-479,-2035,-3759,0,0
-333,249,66,-236,-1909,-3415,0,0
-94,58,3,-101,-1874,-2382,0,0
32,221,72,301,-1869,-1789,0,0
85,-134,10,160,-1633,-2363,0,0
279,35,-101,-263,-1564,-2440,0,0
252,285,-190,-51,-2017,-2949,0,0
141,-93,-217,-168,-2557,-4259,0,0
169,-217,-27,-705,-3088,-4025,0,0
-4,-112,212,-778,-3362,-3706,0,0
-210,-334,332,-784,-3044,-4448,0,0
-182,-365,352,-984,-2712,-3761,0,0
-296,-192,386,-581,-2686,-3386,0,0
-372,-382,399,-511,-2159,-3576,0,0
-216,-162,290,-439,-2064,-3039,0,0
-133,102,97,-354,-2100,-3301,0,0
2,365,-59,-457,-2108,-3881,0,0
46,377,-141,-320,-2634,-4362,0,0
-163,135,-67,-756,-2684,-5159,0,0
-217,116,-96,-846,-2905,-5173,0,0
-271,-22,-35,-229,-3026,-4848,0,0
-370,-78,18,-874,-3240,-5118,0,0
-488,277,-113,-806,-3013,-7015,0,0
-458,30,-113,-690,-3054,-7843,0,0
-409,-469,110,-718,-2897,-7161,0,0
-467,-837,226,-1325,-2834,-6282,0,0
-504,24,30,-980,-2120,-5353,0,0
-288,23,-454,325,-927,-3675,0,0
51,-667,-942,1375,-419,-2166,0,0
328,492,-972,1704,-1160,605,0,0
-238,1267,-815,45,-969,511,0,0
-598,1072,-801,-1318,-1220,-1611,0,0
-186,1379,-1037,-698,-3849,-614,0,0
3,2598,-2440,43,-3239,-2062,0,0
385,657,729,1005,-1553,-3654,0,0
819,-638,1364,31,-713,-3312,0,0
542,-31,1718,583,-365,-1506,0,0
233,-683,1335,721,143,-3990,0,0
525,-1525,753,902,554,-4092,0,0
521,-1869,938,-764,-388,-2778,0,0
365,-1005,953,-808,-3218,-1917,0,0
248,-436,-472,-750,-2518,-4747,0,0
339,494,-1093,-740,-2045,-5166,0,0
58,303,-899,-553,-3848,-4320,0,0
-298,639,-874,-1572,-5433,-4366,0,0
-562,1212,-2584,-590,-4561,-5522,0,0
-657,164,-61,-199,-3492,-5076,0,0
-607,-209,371,-120,-2629,-3543,0,0
-477,-112,700,-345,-1857,-3170,0,0
-63,-131,545,-560,-1820,-2787,0,0
173,313,344,-143,-1906,-2815,0,0
55,223,119,143,-1448,-3722,0,0
-120,271,-86,414,-1346,-3786,0,0
-440,514,-298,1334,-1280,-3971,0,0
-486,329,-322,1376,-1215,-4153,0,0
-264,-210,-14,600,-1656,-3924,0,0
-100,-240,229,420,-1798,-3259,0,0
29,-110,300,1050,-1170,-3075,0,0
162,-322,129,679,-564,-3335,0,0
186,32,-150,365,-1050,-3441,0,0
105,66,-255,526,-1754,-3988,0,0
78,-147,-291,174,-2184,-3708,0,0
24,124,-237,331,-2324,-3156,0,0
27,93,-173,448,-2106,-3542,0,0
137,88,-315,37,-1698,-3620,0,0
107,305,-331,71,-2046,-3711,0,0
-31,171,-349,199,-2406,-4170,0,0
-65,199,-256,287,-2664,-4207,0,0
-23,73,-40,197,-2698,-3766,0,0
38,-23,30,168,-2421,-3599,0,0
72,-80,70,28,-2074,-3454,0,0
-45,-191,32,246,-1835,-3447,0,0
-255,-298,-127,118,-1652,-3794,0,0
-463,-467,-251,-580,-1355,-3640,0,0
-616,-126,-331,-492,-1974,-3543,0,0
-582,92,-331,-117,-2600,-4033,0,0
-337,-114,-127,306,-2699,-4048,0,0
-131,-59,75,533,-2038,-4667,0,0
-40,90,-30,181,-1067,-5363,0,0
-277,371,-149,153,-1233,-6631,0,0
-529,56,74,77,-2464,-7894,0,0
-359,-610,221,-430,-3749,-6940,0,0
-300,-603,315,256,-3605,-6453,0,0
-328,-432,623,896,-1566,-6784,0,0
-42,-1051,568,-146,318,-5076,0,0
331,-1093,-74,194,1031,-2768,0,0
840,-520,-409,103,7,188,0,0
131,1186,-547,294,-2176,299,0,0
-797,2497,-518,561,-283,-4045,0,0
-240,1597,-597,16,-884,-2340,0,0
-491,1651,-342,-36,-1117,-2343,0,0
-559,1450,-456,-610,278,-5216,0,0
268,12,-1099,725,-53,-3973,0,0
535,-742,-1218,-91,-268,-1155,0,0
410,-135,-959,2421,-1924,-1870,0,0
617,-52,-757,3877,-2721,-2560,0,0
808,-421,475,1224,-2845,-1759,0,0
459,-1488,1302,2224,-1949,-2874,0,0
585,-1375,1566,-128,-1877,-2071,0,0
542,-204,1469,61,-3059,-2978,0,0
248,71,860,71,-2253,-5765,0,0
295,1022,327,115,-1846,-5411,0,0
164,866,219,1070,-2110,-5067,0,0
54,199,521,-132,-1903,-5265,0,0
19,124,310,-71,-1655,-4415,0,0
-244,541,154,-176,-1186,-4812,0,0
-300,273,167,-124,-1595,-4371,0,0
-263,52,104,121,-2000,-3415,0,0
-205,222,50,295,-1778,-3410,0,0
-141,271,-59,472,-1361,-3469,0,0
-119,363,-270,408,-1358,-3408,0,0
-165,513,-440,894,-1585,-3468,0,0
-244,152,-391,1390,-1902,-3996,0,0
-248,-269,-221,1873,-1628,-3839,0,0
-90,-426,-78,2469,-1048,-2926,0,0
81,-719,49,1785,-886,-2238,0,0
164,-708,-16,1451,-972,-2361,0,0
238,-527,-182,1137,-950,-1769,0,0
99,-255,-177,723,-1207,-2349,0,0
101,-379,-215,297,-1571,-3686,0,0
320,-370,-157,60,-2383,-3347,0,0
169,-24,5,-1,-2528,-4251,0,0
162,-34,206,-447,-2189,-5015,0,0
214,-399,197,-2360,-2155,-4086,0,0
-13,-123,149,-185,-2127,-4090,0,0
-112,100,105,-58,-1892,-4363,0,0
-68,-275,8,42,-1888,-4071,0,0
-88,-202,181,262,-2049,-4005,0,0
-111,-246,469,76,-1829,-4230,0,0
-3,-515,539,-313,-1767,-3786,0,0
78,-341,509,-249,-1716,-3619,0,0
98,-327,479,-223,-1641,-3871,0,0
46,-215,430,-328,-1511,-3874,0,0
-36,-35,390,-664,-1512,-4267,0,0
11,18,169,-900,-1949,-4879,0,0
73,107,92,-1001,-2389,-5045,0,0
8,-16,151,-1249,-2541,-5214,0,0
39,-219,222,-740,-2395,-4902,0,0
226,-241,387,-679,-2269,-3664,0,0
324,56,395,-924,-2388,-3888,0,0
422,171,171,-933,-2492,-4816,0,0
423,254,-84,-213,-2255,-5293,0,0
242,151,48,152,-2172,-6046,0,0
11,-468,88,-772,-2282,-6291,0,0
-196,-167,-220,-626,-1951,-5425,0,0
-649,730,-357,-368,-1963,-4056,0,0
-983,723,-844,1233,-1682,-3786,0,0
-1142,348,-1154,2019,-2392,-2626,0,0
-1633,1666,-919,1432,-2182,-2030,0,0
-1660,1761,-908,810,-1251,-3093,0,0
-700,768,-823,-326,-1815,-4313,0,0
377,958,-435,-55,-3498,-1881,0,0
930,800,330,347,-2296,-1910,0,0
1422,-606,1106,516,-1204,-1617,0,0
1311,-897,1192,1165,233,-1416,0,0
835,-676,1473,1428,774,-1978,0,0
543,-1542,1720,1144,103,-3444,0,0
735,-1608,1492,-671,-751,-3191,0,0
873,-481,1398,-632,-3116,-3102,0,0
629,-1277,718,71,-1648,-4690,0,0
581,-817,412,-1142,-718,-3496,0,0
158,-208,114,-1468,-1636,-3773,0,0
-74,193,-496,-1855,-3114,-4330,0,0
-142,370,-426,-1284,-3666,-4373,0,0
-304,-173,-41,-1170,-3619,-3910,0,0
-229,-141,95,-1538,-3224,-3174,0,0
-162,412,-46,-1716,-2300,-3403,0,0
-228,417,-216,-1417,-1812,-3444,0,0
-308,-86,-456,-1026,-1456,-2260,0,0
-403,85,-753,-196,-1047,-2184,0,0
-442,222,-1062,173,-1161,-3736,0,0
-297,324,-1144,584,-1886,-4060,0,0
-164,245,-836,916,-2534,-4278,0,0
-105,-134,-633,682,-2232,-4507,0,0
-80,136,-583,909,-1810,-3826,0,0
-122,362,-240,889,-1825,-3501,0,0
-160,-34,129,142,-2135,-3430,0,0
-128,-218,185,393,-2104,-3590,0,0
45,-220,306,414,-1658,-3533,0,0
133,-112,329,63,-1440,-3390,0,0
99,77,61,253,-1604,-3946,0,0
144,4,-66,358,-1656,-4132,0,0
157,-265,65,-205,-1966,-3858,0,0
163,-278,133,-627,-2522,-3655,0,0
201,-278,154,-574,-2821,-3432,0,0
175,-89,158,-551,-2783,-3400,0,0
135,108,195,-302,-2306,-3514,0,0
102,-103,201,-239,-1857,-3868,0,0
97,-155,255,-213,-1746,-3428,0,0
-10,-107,248,-627,-1719,-3353,0,0
-28,131,26,-784,-1833,-3335,0,0
2,527,-161,-373,-2358,-3371,0,0
-172,418,-269,-278,-2577,-4119,0,0
-309,168,-152,-401,-2357,-5339,0,0
-204,-283,-12,-226,-2594,-4899,0,0
-236,-40,112,73,-2548,-4635,0,0
-233,-80,136,-471,-1926,-4748,0,0
-131,-221,-262,-809,-1939,-4593,0,0
-12,533,-503,-146,-2915,-5201,0,0
-15,297,-415,-446,-3451,-5553,0,0
-185,-168,-253,-674,-3803,-6278,0,0
-107,-39,180,-293,-4003,-6948,0,0
234,-601,594,-521,-4604,-5089,0,0
-84,-474,951,101,-4187,-4902,0,0
-110,-380,1111,-284,-1594,-4502,0,0
301,-489,524,656,432,-208,0,0
-557,559,133,48,1738,1513,0,0
-1703,2316,-310,-389,642,-1215,0,0
-1789,2151,-599,1004,278,-4424,0,0
-612,706,-485,1537,-454,-4552,0,0
586,1085,-631,1135,-905,-4448,0,0
1131,674,-1234,550,498,-4563,0,0
1323,-645,-1123,-373,-130,-1590,0,0
833,-766,-804,1272,-2508,-997,0,0
584,-1461,-569,2290,-2482,-2799,0,0
850,-2319,154,1262,-2235,-2136,0,0
927,-2307,608,995,-1457,-1686,0,0
1120,-1237,1148,-1478,-3373,-137,0,0
634,45,738,-1856,-4524,-3240,0,0
337,640,-195,-1297,-2618,-6189,0,0
364,1357,-468,-713,-2883,-4772,0,0
-182,1124,-305,322,-3291,-4854,0,0
-600,486,31,-344,-1969,-5560,0,0
-428,7,61,97,-1755,-3465,0,0
-451,17,258,-128,-1949,-2809,0,0
-378,190,459,-351,-1678,-3160,0,0
-129,14,505,-140,-1836,-2684,0,0
-56,-120,439,-177,-1702,-2673,0,0
14,-63,216,136,-1433,-2562,0,0
41,108,-123,292,-1482,-2909,0,0
60,115,-284,395,-1634,-3599,0,0
133,-181,-308,686,-1794,-3702,0,0
160,-317,-238,339,-2006,-3850,0,0
179,-452,-72,-251,-2270,-4075,0,0
252,-610,-50,-565,-2498,-4018,0,0
260,-538,-66,-702,-2658,-3472,0,0
86,-476,-56,-659,-2745,-3394,0,0
-94,-458,-117,-637,-2539,-3957,0,0
-85,-296,-23,-384,-2285,-3482,0,0
-96,-389,202,-472,-2496,-3335,0,0
-96,-513,104,-903,-2407,-3439,0,0
-37,-1,-96,-901,-2266,-3643,0,0
31,209,-238,-822,-2377,-3585,0,0
39,358,-320,-234,-2629,-3449,0,0
69,723,-188,-413,-2401,-4194,0,0
218,822,-149,-515,-2365,-4298,0,0
201,714,-159,-409,-2696,-3972,0,0
79,714,-102,-255,-2786,-4180,0,0
-21,344,81,12,-2809,-4063,0,0
-110,50,248,-36,-2771,-4028,0,0
-88,-346,348,361,-2382,-4156,0,0
-37,-276,435,-488,-2246,-3592,0,0
-188,158,255,-256,-2237,-3951,0,0
-502,160,160,-584,-2413,-5108,0,0
-721,306,-120,-393,-2339,-5167,0,0
-811,440,-322,848,-2181,-5370,0,0
-763,557,-318,583,-1548,-5864,0,0
-622,885,-504,692,-1496,-4906,0,0
-771,1011,-756,664,-1031,-4952,0,0
-691,1356,-1102,1467,-1087,-4134,0,0
-621,1310,-1023,1814,-1897,-4555,0,0
-550,773,-726,1760,-2916,-4750,0,0
-356,244,-137,968,-2694,-5333,0,0
116,-979,226,145,-3120,-3430,0,0
297,-275,505,781,-2420,-1809,0,0
682,-560,835,430,-995,-493,0,0
1100,-522,1173,518,-755,128,0,0
1348,-538,1137,1436,-246,-292,0,0
1275,-719,933,910,489,-813,0,0
750,-663,735,1100,864,-2356,0,0
430,-491,1000,393,-313,-3250,0,0
490,-414,1361,-138,-3044,-3755,0,0
423,-787,797,-1338,-2972,-4190,0,0
537,170,924,-1667,-2919,-2950,0,0
447,304,189,647,-1888,-4416,0,0
439,702,-600,276,-1620,-4971,0,0
74,589,-698,-237,-2309,-5081,0,0
-286,-194,-538,-757,-3647,-4647,0,0
-222,239,-527,-568,-4343,-3322,0,0
-129,697,-543,27,-3554,-2954,0,0
-179,430,-565,101,-2534,-3259,0,0
-221,563,-453,429,-2644,-3693,0,0
-217,341,-186,509,-2598,-3599,0,0
-174,-140,-142,345,-2315,-3460,0,0
-249,-344,-220,97,-2079,-3584,0,0
-473,-323,-214,169,-1880,-3881,0,0
-495,-555,-274,542,-1903,-3902,0,0
-464,-660,-269,720,-2091,-3356,0,0
-589,-646,-175,972,-1864,-3584,0,0
-526,-655,-99,1246,-1815,-3233,0,0
-560,-313,-88,786,-1550,-2912,0,0
-636,-36,-222,232,-1343,-3745,0,0
-351,146,-318,375,-1695,-3631,0,0
-114,146,-143,535,-1920,-3523,0,0
22,108,208,1037,-1711,-4080,0,0
230,-337,406,414,-1141,-3369,0,0
189,-214,230,422,-823,-3332,0,0
105,106,-26,471,-1001,-4401,0,0
228,-162,-8,423,-1663,-3983,0,0
286,-244,100,240,-2066,-3432,0,0
264,88,-7,-63,-2076,-3352,0,0
151,450,-218,-119,-1890,-3305,0,0
-11,620,-332,59,-1801,-3742,0,0
-112,331,-574,500,-1823,-4322,0,0
-65,59,-675,402,-1959,-3923,0,0
-133,145,-535,358,-1981,-3866,0,0
-168,-62,-321,364,-2120,-4202,0,0
-110,-353,-152,116,-2283,-3834,0,0
-108,-311,48,278,-2158,-3654,0,0
-40,-276,236,465,-1926,-3473,0,0
62,-321,359,261,-1715,-3362,0,0
96,-299,398,93,-1755,-3476,0,0
115,-125,414,126,-1801,-3739,0,0
155,42,320,42,-1867,-3970,0,0
154,137,225,57,-1943,-4297,0,0
138,106,172,56,-1895,-4286,0,0
99,199,53,306,-2056,-4182,0,0
47,240,45,617,-1905,-4522,0,0
107,198,67,578,-1975,-4429,0,0
27,115,27,127,-2116,-4697,0,0
-207,337,-109,-492,-1620,-5829,0,0
-246,269,-288,-229,-2237,-6382,0,0
-327,-342,-332,-624,-3498,-6661,0,0
-484,-492,-224,-298,-3912,-7073,0,0
-409,-766,-108,1528,-2915,-6633,0,0
-15,-2116,54,1245,-1277,-3114,0,0
83,-1101,-76,1577,190,10,0,0
-67,1148,-252,545,-289,635,0,0
-423,2412,-818,-86,-690,-2073,0,0
-76,2832,-1710,1272,-1364,-4317,0,0
-96,2584,-1269,2269,-2660,-4992,0,0
-593,720,296,244,-2163,-6247,0,0
-479,-168,627,-227,-1156,-3625,0,0
-392,591,371,858,177,-3384,0,0
3,-245,-503,1278,2202,-3960,0,0
666,-1827,-1044,210,1374,43,0,0
127,-1015,-827,1579,-1755,-635,0,0
-142,-324,-895,3481,-3033,-3048,0,0
538,-520,-20,2500,-2645,-1719,0,0
677,-1297,662,696,-1708,-1548,0,0
719,-612,993,87,-2704,-3347,0,0
513,-365,674,1191,-2324,-5377,0,0
283,-99,542,-411,-2143,-3674,0,0
-415,1271,135,264,-2507,-4851,0,0
-631,1653,-68,895,-2344,-6396,0,0
-561,892,288,1171,-1807,-5710,0,0
-447,325,706,662,-1263,-4818,0,0
-233,359,810,449,-1226,-3165,0,0
-266,366,686,739,-1089,-3121,0,0
-272,298,577,1181,-1102,-3364,0,0
-301,271,539,1760,-1081,-3355,0,0
-248,37,515,1772,-1206,-3412,0,0
-167,-222,350,1892,-1045,-3657,0,0
15,-167,202,1576,-965,-3296,0,0
160,-45,22,1095,-1346,-2761,0,0
83,1,-357,1141,-1232,-3182,0,0
98,110,-608,1289,-1045,-3012,0,0
138,117,-629,1754,-1330,-3087,0,0
76,-105,-465,1927,-1623,-4083,0,0
73,-441,-233,1611,-1613,-3404,0,0
-66,-668,14,1333,-1427,-2846,0,0
-148,-667,128,784,-1102,-3254,0,0
1,-573,99,673,-1171,-3119,0,0
129,-612,59,312,-1240,-3034,0,0
164,-489,-47,92,-1141,-4042,0,0
292,-333,-97,560,-1424,-4713,0,0
443,-451,-39,373,-1643,-4183,0,0
372,-418,-8,76,-1841,-4149,0,0
256,-363,39,255,-1884,-4356,0,0
234,-354,153,224,-1981,-4027,0,0
155,-434,198,-137,-1956,-3858,0,0
51,-435,179,-279,-1788,-3993,0,0
39,-295,150,-188,-1791,-4061,0,0
10,-263,92,-507,-1891,-4197,0,0
-29,-345,-37,-362,-1875,-4081,0,0
-38,-332,-115,-173,-1838,-3962,0,0
-16,-146,-166,-219,-1855,-3984,0,0
-52,-191,-139,-35,-1827,-4223,0,0
-66,-251,-110,161,-1714,-4338,0,0
12,-171,106,167,-1781,-4077,0,0
8,-212,414,-289,-1946,-3692,0,0
-65,29,444,-530,-1893,-3313,0,0
-134,333,370,-282,-1706,-3741,0,0
-78,420,355,-440,-1765,-3771,0,0
-47,636,408,-494,-2039,-3561,0,0
-103,833,410,-646,-2506,-4613,0,0
-7,797,393,-95,-2701,-5752,0,0
232,406,389,85,-2238,-5708,0,0
361,-146,198,272,-1304,-5180,0,0
363,-34,-18,400,-764,-5116,0,0
262,96,-251,419,-683,-4522,0,0
-128,-51,-469,477,-983,-3190,0,0
-892,967,-760,512,-1333,-3860,0,0
-1112,1914,-1089,1149,-1127,-5229,0,0
-739,917,-1386,745,-1983,-3709,0,0
-1035,1208,-1345,1529,-1697,-5377,0,0
-523,666,-1073,1673,-2614,-4937,0,0
-307,499,-551,2210,-4904,-5963,0,0
87,-1771,655,758,-3921,-8098,0,0
1249,-2837,1507,442,-3601,-4469,0,0
1639,-2014,2028,1575,-2158,-992,0,0
1918,-1581,2047,2406,-252,-777,0,0
2241,-1398,1600,1993,1638,534,0,0
1708,-2464,1224,776,1637,918,0,0
911,622,582,1801,680,-1237,0,0
547,841,113,347,-33,-1839,0,0
-107,606,183,-216,150,-2861,0,0
-243,337,1004,-293,-2124,-3307,0,0
83,-379,466,343,-2531,-5208,0,0
421,-391,232,-1717,-1774,-4361,0,0
239,-160,302,-1797,-2378,-3215,0,0
40,460,-622,-1738,-3544,-4623,0,0
145,1231,-1211,-573,-3887,-4924,0,0
-97,613,-1098,37,-3943,-4411,0,0
-518,510,-852,-355,-3636,-4469,0,0
-694,926,-538,163,-2909,-4037,0,0
-641,392,-594,160,-1996,-3326,0,0
-516,610,-593,602,-2135,-2931,0,0
-583,562,-390,540,-2373,-3733,0,0
-491,42,-331,250,-2406,-3943,0,0
-371,-103,-230,93,-2621,-3781,0,0
-375,-74,-33,-35,-2447,-4138,0,0
-301,-372,25,-106,-1998,-3809,0,0
-254,-436,41,-138,-1621,-2769,0,0
-299,-251,-42,223,-1418,-2964,0,0
-69,-240,-227,605,-1388,-3184,0,0
89,-145,-374,828,-1453,-2974,0,0
-98,41,-415,659,-1357,-3752,0,0
-248,166,-411,756,-1624,-4444,0,0
-333,-300,-406,1065,-1670,-4305,0,0
-416,-405,-316,1120,-1736,-3646,0,0
-464,21,-202,1420,-1464,-3727,0,0
-338,30,-2,1145,-1154,-3873,0,0
-217,126,200,793,-1369,-3651,0,0
-121,185,387,997,-1536,-3822,0,0
136,-320,399,897,-651,-4129,0,0
449,-290,192,1354,-153,-3072,0,0
453,140,20,1577,-841,-3138,0,0
510,45,-200,52,-1295,-4859,0,0
550,30,-437,-34,-1929,-4861,0,0
364,252,-444,958,-2311,-4272,0,0
281,68,-273,1065,-1973,-4003,0,0
372,-383,-315,861,-1282,-3383,0,0
398,-278,-151,1227,-1500,-2668,0,0
238,-460,100,611,-2147,-3333,0,0
156,-557,198,-343,-2518,-3438,0,0
84,-350,352,-434,-3115,-2708,0,0
-144,67,423,-705,-2704,-3140,0,0
-106,134,299,-437,-2310,-3994,0,0
7,-31,298,17,-2532,-3678,0,0
-82,193,466,100,-2187,-3552,0,0
-94,146,425,-138,-1565,-3876,0,0
5,-27,205,-127,-1478,-3791,0,0
-43,311,26,-8,-1799,-3959,0,0
-120,406,-69,96,-2008,-4148,0,0
-192,19,-114,-143,-2209,-6480,0,0
-303,-140,-172,-8,-2780,-4691,0,0
-461,33,-36,-454,-3646,-5787,0,0
-573,-547,231,-542,-3770,-7787,0,0
-309,-1434,421,-867,-3110,-8903,0,0
267,-1895,213,-550,-2091,-6219,0,0
390,-1653,-74,309,-486,-3450,0,0
292,-292,-276,-147,557,-2427,0,0
51,306,-665,86,-119,-1400,0,0
-466,363,-1235,1546,-794,-948,0,0
-1119,2253,-1175,1604,-1449,-2975,0,0
-1195,2400,-989,-765,-1561,-4715,0,0
-712,2457,-1562,1352,-3722,-2543,0,0
-1012,3352,-479,1054,-3754,-4819,0,0
-732,958,242,2009,-2004,-3251,0,0
-442,437,770,3445,1215,-1322,0,0
-513,848,1360,1011,4202,-5215,0,0
533,-863,175,-1073,2959,-7155,0,0
1450,-1724,-1177,-882,-439,-1335,0,0
566,-832,-1223,395,-5212,286,0,0
-64,-1125,-1402,3396,-3398,-5486,0,0
1525,-2134,-414,3078,-1562,-2269,0,0
1376,-1436,636,3431,-2488,-65,0,0
307,-392,1283,877,-1491,-4114,0,0
222,-1192,810,310,-854,-3342,0,0
-168,21,385,386,-1511,-1899,0,0
-555,1699,457,1028,-2610,-3884,0,0
-489,1196,553,1290,-2798,-5688,0,0
-447,1186,665,930,-2220,-5150,0,0
-731,1448,778,156,-976,-4717,0,0
-775,840,350,22,-222,-5087,0,0
-329,543,-174,778,-305,-4128,0,0
-163,206,-319,923,-677,-2832,0,0
-309,159,-318,542,-755,-3193,0,0
-284,284,-281,531,-803,-3265,0,0
-246,183,-275,516,-997,-3108,0,0
-325,365,-336,1027,-1095,-3863,0,0
-239,526,-322,1567,-787,-3872,0,0
-91,485,-220,1916,-782,-3675,0,0
-40,529,-150,1963,-900,-4245,0,0
66,298,-199,2026,-691,-3913,0,0
46,213,-232,2011,-674,-3646,0,0
-36,350,-205,2088,-873,-4117,0,0
20,273,-195,2364,-1116,-3990,0,0
68,223,-139,2552,-1259,-3462,0,0
8,209,-1,2497,-1255,-3717,0,0
-2,6,105,2396,-1167,-3745,0,0
-11,-131,164,2253,-1081,-3131,0,0
-89,-60,185,2121,-975,-3208,0,0
-87,-55,190,2119,-1002,-3382,0,0
-43,-83,168,2089,-1007,-3245,0,0
-42,-32,142,2057,-975,-3364,0,0
-46,35,76,2135,-888,-3575,0,0
-15,69,29,2292,-807,-3584,0,0
-3,-31,72,2172,-917,-3597,0,0
18,-70,93,2081,-997,-3534,0,0
57,-86,119,2199,-1099,-3359,0,0
78,-93,125,2180,-959,-3403,0,0
94,-46,129,2047,-936,-3433,0,0
65,-21,127,1976,-1019,-3379,0,0
-13,67,72,1991,-877,-3125,0,0
-150,305,-35,1985,-573,-2832,0,0
-388,699,-204,1503,-245,-1936,0,0
-881,1319,-696,1009,-41,-1224,0,0
-1412,1696,-1405,2118,645,-1862,0,0
-1639,950,-1853,2388,1168,-1683,0,0
-1805,922,-2150,2273,1612,-2385,0,0
-1721,427,-2461,2313,2036,-3296,0,0
-1659,560,-2688,1900,2319,-3348,0,0
-1495,218,-2848,2461,3000,-3682,0,0
-1409,142,-2704,1688,2803,-3033,0,0
-1564,1467,-2409,1791,2812,-2774,0,0
