231,-204,72,-3232,3737,101,0,0
-9,-280,37,-1114,3385,-278,0,0
-207,-348,-90,-1049,3515,-425,0,0
-353,-366,-192,-1076,3469,-632,0,0
-799,-252,-106,-968,3480,-273,0,0
-1112,-129,-34,-862,3775,129,0,0
-1353,-24,-67,-841,3916,286,0,0
-1523,18,-89,-798,4139,335,0,0
-724,38,-53,-1044,4545,-352,0,0
-149,213,-49,-1057,3782,-10,0,0
-455,105,-59,-1141,4116,702,0,0
135,-5,-85,-1235,3981,767,0,0
432,26,-6,-1213,3477,751,0,0
209,130,92,-1114,3396,1059,0,0
-208,129,-66,-1001,3578,1622,0,0
-656,-267,-178,-1126,3730,1062,0,0
-747,-505,-120,-1170,3757,321,0,0
-230,-493,-46,-1169,3865,175,0,0
266,-393,-18,-1189,3837,366,0,0
562,-245,-44,-1124,3457,892,0,0
608,-135,-47,-1353,3408,598,0,0
582,146,78,-1491,3724,434,0,0
582,338,107,-1374,3825,855,0,0
261,192,103,-1143,3818,553,0,0
176,-6,95,-1055,3417,119,0,0
244,-153,23,-1037,3497,-97,0,0
212,-183,-64,-1006,3702,-92,0,0
86,-126,-91,-1056,4078,174,0,0
178,-57,-28,-1026,4275,103,0,0
390,1,53,-1021,4215,66,0,0
672,-24,152,-1072,4054,65,0,0
900,-26,259,-999,3769,-198,0,0
780,-14,302,-906,3677,-89,0,0
728,-33,213,-957,3609,-200,0,0
547,-94,120,-930,3525,-274,0,0
412,-196,78,-901,3592,-453,0,0
228,-245,64,-927,3686,-573,0,0
73,-171,57,-1031,3715,-694,0,0
-37,-54,57,-1088,3782,-713,0,0
8,19,59,-1032,3828,-400,0,0
4,-29,54,-1065,3717,-362,0,0
-59,-60,-4,-1014,3588,-356,0,0
-181,-42,-83,-1007,3565,-501,0,0
-223,0,-130,-986,3703,-509,0,0
-160,40,-134,-932,3890,-391,0,0
-195,36,-72,-924,4020,-376,0,0
-56,52,-1,-956,3920,-453,0,0
14,56,51,-957,3789,-442,0,0
41,28,60,-926,3730,-497,0,0
28,15,12,-878,3688,-566,0,0
-31,17,-44,-969,3813,-528,0,0
-7,10,-63,-1021,3855,-453,0,0
32,-13,-56,-1000,3781,-392,0,0
56,-36,-53,-977,3768,-295,0,0
57,-62,-39,-1007,3768,-284,0,0
73,-74,-20,-1015,3749,-364,0,0
80,-82,-17,-1010,3756,-396,0,0
55,-92,-23,-1042,3771,-454,0,0
34,-76,-20,-1085,3814,-450,0,0
113,-47,-7,-1178,3924,-376,0,0
222,-22,0,-1208,3805,-360,0,0
305,-13,-34,-1228,3512,-419,0,0
417,-12,-182,-1059,3034,-577,0,0
396,-139,-429,-837,2710,-602,0,0
411,-390,-684,-722,2501,-943,0,0
189,-521,-687,-552,1948,-1079,0,0
81,-449,-343,-210,1742,-752,0,0
65,-352,48,394,2413,-648,0,0
-298,-267,181,358,4585,-1462,0,0
-230,-11,502,-836,7784,-2059,0,0
518,-7,1564,-722,9278,-1954,0,0
1315,-484,2588,-328,8739,-1919,0,0
1631,-916,2671,-1317,8798,-2278,0,0
488,-1154,2241,-1426,7054,-998,0,0
-930,-1595,1599,-1618,5002,-250,0,0
-1229,-1375,777,-2753,1045,-560,0,0
-1195,-635,269,-2208,-2351,-241,0,0
-549,-305,-1,-720,-1334,254,0,0
603,-111,-779,-411,-54,156,0,0
-36,127,-1071,-603,1149,638,0,0
-123,236,-895,-100,998,997,0,0
340,182,-535,239,448,-309,0,0
363,72,-91,622,356,-955,0,0
1051,-212,393,683,1833,-1647,0,0
1565,-235,728,888,4542,-1407,0,0
960,113,216,-230,7016,-1243,0,0
139,713,1,-1317,6552,-2288,0,0
-19,1338,187,736,5159,-1781,0,0
-1051,1180,-463,1505,4387,-1806,0,0
-1526,666,-904,431,5395,-2455,0,0
-755,347,-538,130,4954,-1746,0,0
142,-452,211,-470,4867,-1284,0,0
1075,-755,770,-1102,4552,-2397,0,0
441,-312,801,-740,4400,-1081,0,0
504,87,362,-634,4994,-1861,0,0
347,790,-332,-102,5065,-2451,0,0
-754,1196,-616,-217,8382,-1989,0,0
-747,1208,254,780,9959,-890,0,0
310,1037,1025,-44,9568,-1177,0,0
554,1148,1191,-651,4643,8,0,0
-469,1095,148,-1102,2817,1554,0,0
-315,596,-1267,-70,852,985,0,0
-169,296,-2328,1736,-846,151,0,0
-1652,260,-3131,1541,-614,61,0,0
-2955,-111,-2882,1430,-1416,112,0,0
-1147,-1231,-2129,1513,1406,829,0,0
307,-2537,-951,212,2451,-408,0,0
-450,-2829,30,-1062,2607,-1192,0,0
482,-1787,556,-1954,2973,-827,0,0
743,-498,1282,-2615,2256,-764,0,0
899,519,1850,-1906,2222,-333,0,0
1272,700,2438,-941,3451,1323,0,0
2345,753,1896,-668,3687,650,0,0
1223,1093,894,-1000,6594,-386,0,0
181,1275,47,203,7396,-131,0,0
-706,774,-1557,2038,9565,-1788,0,0
-2225,781,-2160,1849,8271,-814,0,0
-462,411,-684,1550,3430,1094,0,0
822,-374,-309,540,1834,400,0,0
-81,-646,-1011,-1082,2143,-1229,0,0
-1372,-230,-1159,-1541,2315,-740,0,0
-697,309,-974,-1558,1901,-474,0,0
319,513,-781,-1504,3676,-543,0,0
495,478,-85,-875,4669,-42,0,0
1115,361,353,-327,4220,-681,0,0
1457,230,572,71,4605,-2532,0,0
1734,173,727,413,6175,-3245,0,0
1773,-45,811,-17,9955,-3251,0,0
2419,-97,1549,-338,9428,-3038,0,0
2953,-228,2330,215,7253,-2114,0,0
2961,-535,2503,-276,5776,-1518,0,0
2434,-878,2362,-850,3322,-907,0,0
1446,-1120,1902,-923,1813,-675,0,0
799,-1120,1244,-1496,1129,170,0,0
-912,-797,572,-1909,-1296,2831,0,0
-3594,-461,-581,-2389,-1208,3559,0,0
-3708,-278,-2330,-4665,625,1108,0,0
-3518,-54,-3601,-3110,2175,732,0,0
-2910,-535,-3450,-776,4774,-994,0,0
-833,-739,-1640,-231,4835,-3032,0,0
421,-240,505,1575,2418,-2704,0,0
1251,459,1979,1226,1261,-2118,0,0
1450,757,2623,1138,2439,-1196,0,0
1540,632,2242,1959,4445,-1895,0,0
463,144,1701,1067,6041,-2800,0,0
401,-65,1395,55,6619,-2322,0,0
-67,-187,966,-280,4135,-1630,0,0
-974,-304,102,-864,2583,-3246,0,0
-1375,-31,-644,-12,2645,-3087,0,0
-1455,7,-524,931,3821,-1623,0,0
-698,-95,78,1191,3577,-263,0,0
-103,-57,718,195,3095,-517,0,0
17,334,868,-304,2681,-314,0,0
37,662,679,134,3734,-588,0,0
-27,731,-104,335,4365,-1201,0,0
-367,775,-598,346,4832,-1133,0,0
247,484,-844,531,5798,-2024,0,0
353,137,-702,613,7162,-1817,0,0
842,61,-674,-103,7848,-2907,0,0
-233,540,-552,-512,8154,-2078,0,0
202,898,-324,218,8953,-1090,0,0
39,807,-49,-392,7889,-1153,0,0
-1476,808,-86,-829,4796,1515,0,0
-1354,867,-981,-505,1407,2928,0,0
-299,887,-2164,1666,-424,832,0,0
-338,392,-2740,2986,53,-1102,0,0
-2059,-81,-2033,1429,-340,-2431,0,0
-1116,49,-1321,713,293,-850,0,0
-99,-741,-384,-228,2951,918,0,0
1143,-1708,844,-1212,1662,965,0,0
1604,-1534,1653,-2068,1292,-462,0,0
1401,-466,1964,-1439,1910,-193,0,0
1339,317,2210,-983,2107,94,0,0
969,775,2541,-540,1351,-434,0,0
1402,975,2164,475,3258,-1145,0,0
1640,1654,740,-1047,4333,-2010,0,0
-25,2414,-442,-412,4482,-43,0,0
-537,1803,-1199,1479,5334,-1464,0,0
-977,1319,-2170,2120,6554,-1693,0,0
-515,1325,-1947,2275,5238,437,0,0
-475,1065,-1536,1714,5602,941,0,0
-1101,673,-1226,2133,4968,49,0,0
-1160,-262,-663,1265,3646,-566,0,0
-1155,-1394,-311,-173,7022,24,0,0
-545,-2123,-144,-664,7358,-11,0,0
-163,-2442,77,-1049,7654,-1474,0,0
421,-2158,439,24,7477,-1228,0,0
644,-1781,806,-618,6220,-549,0,0
1097,-1337,1039,-1309,3604,-66,0,0
829,-1246,474,-1026,2028,521,0,0
-939,-1898,-293,-568,1216,744,0,0
-1822,-2048,-1572,-232,1130,2684,0,0
-2280,-2217,-2331,-1063,2780,1339,0,0
-1376,-1465,-2215,-2913,3795,100,0,0
616,4,-1527,-5315,4103,-239,0,0
-10,1513,248,-3271,1912,-261,0,0
21,2090,1670,-511,2061,-640,0,0
2011,2000,1873,531,1699,548,0,0
2740,1538,2539,1399,1389,843,0,0
3799,1242,3531,1223,1776,1625,0,0
4062,847,3495,1534,2097,1294,0,0
2445,419,2526,2201,2799,-297,0,0
1466,128,2028,1633,3660,-588,0,0
1790,-289,1503,2718,4614,-296,0,0
1498,-631,663,421,2986,-3641,0,0
234,311,381,550,2039,-2691,0,0
506,495,379,3373,2084,-2134,0,0
200,277,445,3869,1342,-4260,0,0
-259,474,537,3373,2018,-4542,0,0
279,329,779,2775,2854,-3584,0,0
568,-115,549,3111,3228,-2546,0,0
460,-298,-674,638,4093,-5151,0,0
-691,438,-1860,134,3860,-3659,0,0
-835,528,-2609,2381,4662,-3948,0,0
-1565,205,-3028,2672,7944,-5551,0,0
-3339,18,-2550,2333,9722,-2195,0,0
-2016,-600,-2937,1528,5639,3641,0,0
-674,-1022,-3519,1957,420,-704,0,0
-2002,529,-3910,1986,-2439,-3520,0,0
-5461,1349,-3812,1887,-1470,297,0,0
-3223,-279,-2651,1558,1067,1650,0,0
-240,-2224,-1265,179,3631,-477,0,0
-216,-2937,-556,649,1572,924,0,0
-167,-2880,76,-1542,1301,-423,0,0
701,-1603,807,-2500,2801,-1452,0,0
1089,-104,1554,-2408,3265,742,0,0
2255,726,2383,-2853,2834,887,0,0
2942,1124,2907,-1973,3645,1253,0,0
2833,1340,2751,-508,3960,339,0,0
2756,1551,2270,-620,3568,-635,0,0
2450,1361,1653,1384,2079,282,0,0
1584,644,504,2310,2081,-1058,0,0
-348,468,-1205,1811,2655,-2081,0,0
-2649,597,-2042,1713,4892,120,0,0
-2718,-21,-2064,1720,6974,-695,0,0
-2249,-411,-1210,1344,6553,-1262,0,0
-1102,-773,-178,931,5973,-3384,0,0
-236,-1066,394,2114,5141,-1802,0,0
145,-1131,680,777,6237,-2352,0,0
1515,-942,849,2196,7377,164,0,0
2726,-993,1283,1101,8462,-2878,0,0
2605,-300,1860,1353,9115,-2493,0,0
3517,10,2149,431,7063,-1543,0,0
3066,497,2047,-2004,3592,-220,0,0
1017,619,1191,-2426,1406,2689,0,0
-764,106,-479,-2538,1098,2099,0,0
-1823,-307,-2247,-1695,833,1896,0,0
-3376,-1221,-3414,-471,722,714,0,0
-4111,-1456,-3863,-1136,4835,1339,0,0
-2444,-1047,-3641,-1722,4116,1548,0,0
-2442,-454,-3139,-4090,2162,-1788,0,0
-1549,939,-1894,-2800,2338,-1212,0,0
-1227,1245,-499,185,4150,-645,0,0
874,1353,198,812,3365,-862,0,0
1293,1478,1354,1610,3783,35,0,0
1637,1234,2189,1397,4029,62,0,0
1422,748,2306,743,4049,465,0,0
1090,-64,2265,1535,3683,292,0,0
1169,-939,2194,1030,4039,-330,0,0
1685,-1531,2166,301,3424,-632,0,0
1059,-1448,1359,-398,3672,-1318,0,0
-264,-799,389,-1053,3593,-1714,0,0
-789,-279,-995,-656,4312,-3818,0,0
-1629,153,-1702,-980,6203,-6389,0,0
-801,509,-866,65,6939,-4843,0,0
2338,-107,690,2161,6135,-6221,0,0
4320,-325,1943,3068,6651,-7191,0,0
3503,9,2604,2769,7998,-4408,0,0
3028,367,2589,380,8742,-996,0,0
3475,981,1654,-2511,6122,3019,0,0
1219,1080,-231,-3625,2584,5165,0,0
-1527,660,-2525,-583,347,3057,0,0
-3689,-114,-4427,2927,-109,1391,0,0
-5928,-996,-4107,1370,-111,-1899,0,0
-6166,-1025,-3121,476,474,-1392,0,0
-4455,-1677,-2391,705,572,644,0,0
-2271,-2616,-1379,-1812,2776,456,0,0
168,-2068,-331,-2110,3210,-522,0,0
-65,-1233,920,-1761,3979,-245,0,0
1068,-324,1791,-1538,3145,-1806,0,0
1619,808,2047,-436,3709,-618,0,0
1418,988,1931,-203,5192,-1368,0,0
1960,1406,1164,-1127,6010,-1992,0,0
1226,1862,421,-234,5174,727,0,0
-2,1263,-5,676,4966,183,0,0
-748,882,-842,1429,5900,-1534,0,0
-1001,1032,-1475,1082,6877,-683,0,0
-322,620,-1122,935,6448,379,0,0
832,41,-229,1058,4624,-1452,0,0
441,-389,288,1226,6764,-1375,0,0
957,-882,707,856,8826,-1310,0,0
1610,-1328,1270,-90,8506,-1899,0,0
1553,-1513,1229,-292,5983,-708,0,0
497,-1992,929,-43,3714,-127,0,0
-548,-2051,471,374,1359,291,0,0
-2002,-1635,-210,-197,21,1147,0,0
-2982,-884,-1005,-1366,-800,2162,0,0
-1586,223,-2048,-3310,1717,395,0,0
-1036,1641,-1852,-3342,1972,93,0,0
-471,2394,-751,-2158,1932,203,0,0
991,2565,103,-17,2706,-602,0,0
1400,2245,868,1012,1140,188,0,0
1955,1691,1693,1644,417,-35,0,0
2451,1408,2381,1132,1060,-914,0,0
1864,1222,2305,1502,1696,-1568,0,0
586,605,1994,3141,2275,-465,0,0
297,-680,1808,3372,4597,-822,0,0
974,-1124,706,635,3946,-3056,0,0
-447,-456,-666,-127,5402,-2638,0,0
-1180,-129,-1842,876,4166,-2325,0,0
-1406,-212,-2211,1476,5060,-3025,0,0
-1819,-340,-1417,1383,5240,-2822,0,0
-948,-478,-676,227,4994,-1702,0,0
459,-832,264,188,5048,-2051,0,0
1008,-709,585,253,5712,-3677,0,0
730,-455,897,477,7422,-3768,0,0
1752,-266,1496,416,7629,-5360,0,0
2684,348,1602,1462,6037,-5064,0,0
2103,648,1540,1293,4887,-2820,0,0
648,354,1057,-713,4127,2265,0,0
-1222,247,-785,-4357,4382,3717,0,0
-1931,1111,-2824,-1759,2365,2887,0,0
-2706,1141,-4198,2061,1495,2415,0,0
-4620,299,-4748,2678,1838,-543,0,0
-4029,-182,-3561,1421,2269,-2783,0,0
-879,-885,-1978,134,2693,-1946,0,0
-114,-1689,-662,-996,1952,-284,0,0
22,-1588,279,-1256,1192,-398,0,0
521,-684,895,-1597,183,-332,0,0
694,359,1257,-1187,951,475,0,0
917,898,1356,-314,2607,310,0,0
231,1211,990,460,4920,-472,0,0
-1368,1178,891,-410,6114,-409,0,0
-888,806,860,-1471,5664,1237,0,0
273,-94,1077,-1161,4142,649,0,0
511,-402,682,-759,4808,-195,0,0
45,-118,-473,892,7037,-1055,0,0
-1014,-147,-1302,1330,10089,-1609,0,0
79,-790,-719,2329,9221,-2720,0,0
3375,-1473,1137,2322,5714,-3796,0,0
5510,-1452,2118,2461,7509,-2675,0,0
5327,-1068,2270,705,10316,-2343,0,0
5186,-613,2372,-209,8108,504,0,0
3854,-1162,2682,-639,3112,1055,0,0
2170,-1504,2557,-1792,301,2924,0,0
-1119,-1271,1257,-2432,-2824,3825,0,0
-4604,-443,-790,-2840,-1151,4364,0,0
-5942,-64,-2682,-4669,3670,2776,0,0
-5594,192,-3491,-4074,4704,258,0,0
-3674,206,-3087,-1695,4413,-1492,0,0
-2261,109,-1736,-166,5202,-2292,0,0
-415,132,-483,947,2858,-2927,0,0
1165,493,797,1761,1811,-1809,0,0
1711,700,2001,868,1508,-1106,0,0
2098,901,2111,823,2383,-803,0,0
842,483,1676,2498,3277,-188,0,0
-2,-415,1256,640,5562,-2325,0,0
-23,-130,223,-1307,5965,-2710,0,0
-1179,49,-510,-1552,5751,-1755,0,0
-1576,78,-1315,-1037,5645,-3102,0,0
-1440,272,-1867,-3080,6394,-4249,0,0
-1617,302,-1421,-1413,6521,-3196,0,0
645,230,-323,-1687,7424,-3033,0,0
3455,484,650,-1341,5971,-5138,0,0
3094,1170,1071,-502,7542,-5298,0,0
3424,1765,1578,392,8901,-2004,0,0
3884,1368,1989,125,6345,456,0,0
2747,556,1403,-2870,5635,1588,0,0
895,-90,-116,-2458,2731,4050,0,0
-1540,-713,-1915,232,1451,4041,0,0
-3471,-421,-2959,3252,578,1945,0,0
-3870,470,-2679,2325,-1244,-2931,0,0
-4136,781,-1500,1393,2060,-2272,0,0
-2911,-397,-341,711,3666,-404,0,0
-1979,-1864,793,-1482,2346,-1190,0,0
-410,-1832,1426,-2085,2373,-1823,0,0
1461,-853,1879,-1016,574,-687,0,0
1895,-222,1890,-963,796,-1027,0,0
1434,531,1291,-743,1984,-1936,0,0
169,1039,743,-366,4089,-1785,0,0
-132,1064,367,-124,5888,-579,0,0
-122,667,185,434,5866,-836,0,0
-181,395,-127,815,5835,-1617,0,0
-1050,421,-868,1922,5215,-1621,0,0
-2258,778,-1258,1975,5433,-779,0,0
-1680,522,-908,2109,6155,-890,0,0
-134,-272,-339,1900,6625,-2194,0,0
1464,-864,315,1406,7235,-1786,0,0
2742,-1358,962,1406,7606,-3626,0,0
3756,-1195,1492,2103,6833,-3568,0,0
4245,-987,1609,2341,6412,-2870,0,0
3644,-798,1557,1603,5622,-1659,0,0
2650,-855,1444,313,3761,913,0,0
1123,-548,970,-2429,2334,3533,0,0
-1287,-171,262,-3640,315,3967,0,0
-3603,-335,-933,-3178,732,2403,0,0
-5514,-422,-2382,-3847,3119,-410,0,0
-4785,242,-3272,-2276,3542,-1505,0,0
-3077,1021,-3000,219,3340,-1251,0,0
-2094,1071,-1866,2425,2992,-1751,0,0
-425,679,-678,2012,1528,-3110,0,0
1127,701,531,1572,964,-1849,0,0
1898,482,1638,1006,1530,-594,0,0
2098,163,2041,1080,3891,-571,0,0
1026,-316,1849,3117,4803,-610,0,0
100,-612,774,449,7127,-3543,0,0
-946,94,-98,-1279,6235,-2895,0,0
-922,-7,-830,-360,4591,-2082,0,0
-610,-526,-1309,-571,5015,-4442,0,0
-1158,-743,-933,-230,4193,-1040,0,0
332,-1159,17,-1232,5824,-1575,0,0
261,-1126,1167,-704,5640,-643,0,0
1294,-2936,1323,-1226,6456,-2621,0,0
2268,362,1119,-1207,9171,-3807,0,0
2134,2023,976,-1461,9996,-1309,0,0
2331,2599,1013,-844,7113,330,0,0
1002,2458,-25,-1834,5230,1087,0,0
-1126,2313,-2026,72,1115,2090,0,0
-1153,1115,-3455,2067,-1492,1095,0,0
-1398,159,-3924,2980,-793,-117,0,0
-4002,-191,-3218,2220,319,-1240,0,0
-3269,-78,-1892,1536,1753,-691,0,0
338,-668,-688,-315,3949,376,0,0
402,-1431,878,-1534,2650,-570,0,0
760,-1035,1695,-1536,1144,-205,0,0
1689,-225,2003,-1535,1550,27,0,0
1697,557,2157,-998,1797,-128,0,0
1077,987,2027,187,3251,482,0,0
849,957,1411,170,4645,-1132,0,0
-56,1040,615,-614,4954,-1824,0,0
224,560,553,399,4444,-542,0,0
828,-268,-319,1853,4671,-2204,0,0
-1658,-265,-2040,1888,7608,-4271,0,0
-3780,241,-2159,2604,6225,-526,0,0
-961,-528,-921,1586,5871,-1305,0,0
1606,-1255,498,1827,5059,-3414,0,0
2699,-1068,1503,2170,4542,-2023,0,0
3320,-1018,2096,1562,6496,-2211,0,0
3084,-924,2185,1472,7201,-2018,0,0
2613,-1312,2035,1015,6706,-1593,0,0
2315,-1727,1811,833,4785,-908,0,0
1145,-2172,1493,119,2923,1099,0,0
-1193,-2292,1035,-1916,1441,2815,0,0
-3333,-1865,272,-2437,-30,2475,0,0
-5126,-972,-1104,-4495,1346,1184,0,0
-4591,558,-2767,-5070,1375,-314,0,0
-3252,1816,-3528,-1209,2401,18,0,0
-3055,1818,-2721,1008,4351,-334,0,0
-1799,1389,-1523,192,3078,-1871,0,0
355,1323,-204,959,3103,-1308,0,0
1462,900,1271,614,2862,-538,0,0
1537,450,1787,761,3651,-184,0,0
702,42,1114,1649,3534,-409,0,0
-413,-126,619,163,4131,-1051,0,0
-209,213,372,-537,5200,-1352,0,0
-475,239,-62,-856,5293,-930,0,0
-1452,-158,-377,-750,5200,-1399,0,0
-2071,-293,-665,-920,5464,-1357,0,0
-1015,-570,-527,-1580,6018,-1209,0,0
550,-710,-47,-1783,4636,-544,0,0
973,-591,397,-2430,3025,-38,0,0
366,-314,152,-2495,4028,350,0,0
918,-55,-292,-1648,5608,-331,0,0
494,372,-108,-302,6145,-1187,0,0
1312,488,164,711,5963,-1121,0,0
1245,176,-66,-1514,4471,-2521,0,0
-452,-19,-386,-2806,4885,-2520,0,0
-176,319,-484,-2866,8658,-2525,0,0
293,842,428,-2704,7303,1504,0,0
1220,633,1074,-2086,4508,3642,0,0
-1521,1583,-130,-3864,2093,5688,0,0
-4807,2647,-2558,-1810,2695,4818,0,0
-4517,2537,-4009,-849,2382,-435,0,0
-5152,1298,-4264,2129,3556,-763,0,0
-2470,-641,-2590,2953,6626,-2705,0,0
3813,-493,-738,2569,2578,-1885,0,0
3587,-459,1344,-456,5238,787,0,0
2775,-1208,3022,-1259,3884,1394,0,0
4034,-985,4163,-2340,3305,1755,0,0
4306,-370,4781,-2519,2458,1539,0,0
4072,273,4925,-1459,1775,1119,0,0
3449,615,4613,-513,2623,735,0,0
2921,1007,3012,-522,2669,-1836,0,0
598,1169,1179,-1146,2467,-2286,0,0
-587,364,397,-523,3034,-2491,0,0
-625,-125,-334,1401,3264,-2572,0,0
-1163,-170,-886,2660,2216,-2655,0,0
-1534,-273,-1003,5273,3432,-3396,0,0
-1250,-209,-606,6127,5507,-5092,0,0
-789,-209,133,4895,10208,-3638,0,0
645,-1307,1795,2090,9225,-2638,0,0
2120,-1805,2627,-1769,4118,-2724,0,0
746,-1218,1500,-3856,-927,-112,0,0
-1926,-915,-605,-962,-2752,2307,0,0
-4203,-760,-3267,-1707,-866,1743,0,0
-6736,-4,-5220,-3318,610,1530,0,0
-5050,1032,-5725,-5201,6015,2058,0,0
-183,1365,-3818,-4532,7568,-747,0,0
-1362,1643,-901,-790,5096,-1798,0,0
930,2372,631,1921,3432,-508,0,0
2390,2495,1410,3273,2439,415,0,0
3307,2515,2218,2893,1115,-468,0,0
3522,2475,2941,2707,2161,-32,0,0
2160,1344,2740,2563,1585,936,0,0
435,215,1688,948,3462,-2216,0,0
-480,93,1120,554,3693,-2007,0,0
-1356,42,-247,-619,5089,-2466,0,0
-2278,323,-1032,-646,5872,-175,0,0
-1006,348,-1457,-508,9918,-3891,0,0
-1364,178,-1263,-109,11235,-4583,0,0
431,-631,-78,759,8801,-2505,0,0
736,-1579,776,1171,6498,-2572,0,0
-128,-1602,1004,880,4045,-291,0,0
-883,-1241,470,-235,3126,1182,0,0
-2780,157,-682,-290,3165,1756,0,0
-2731,1431,-1811,783,1183,2477,0,0
-2172,1439,-3100,1966,403,-1402,0,0
-3391,586,-2839,3421,1233,-938,0,0
-714,-536,-1153,1471,1251,-1971,0,0
1352,-1236,302,65,5521,0,0,0
2569,-2082,1692,-780,3597,1648,0,0
2849,-1962,2552,-2702,3358,595,0,0
2850,-625,2884,-2068,2641,1406,0,0
2259,260,2908,-2530,1643,274,0,0
1169,766,2438,-327,1547,-10,0,0
1841,774,1428,369,3258,-1540,0,0
618,1068,669,-487,3408,-644,0,0
1053,838,518,-564,3211,247,0,0
1259,877,-247,-252,3851,-996,0,0
-336,1343,-977,1708,3399,-1453,0,0
-1835,1402,-1842,5536,6877,-3073,0,0
-2340,875,-2167,9487,9661,-6984,0,0
-514,7,-259,8380,8953,-4171,0,0
2673,-1650,2292,5861,6696,-2114,0,0
3773,-2254,3274,2933,6276,-1758,0,0
3288,-2087,2896,290,4989,-563,0,0
2227,-1715,1844,-1269,2927,902,0,0
306,-1148,674,-2314,335,3070,0,0
-1851,-537,-837,-3084,-664,4055,0,0
-4264,-126,-2215,-2624,-651,3392,0,0
-4777,140,-3707,-6936,3359,1835,0,0
-4453,754,-4508,-4958,5960,517,0,0
-2932,1232,-3717,-341,6803,-1780,0,0
-1499,1167,-1477,2795,4621,-2860,0,0
750,779,353,2008,1660,-2229,0,0
1805,590,1444,1583,1869,-549,0,0
1359,393,2235,1492,2310,227,0,0
1162,309,2010,2170,4087,-108,0,0
1025,478,1342,1607,4509,33,0,0
1294,657,1164,1507,4221,-43,0,0
1010,471,-33,1284,5051,-2586,0,0
-729,818,-1487,-708,6269,-5364,0,0
-1718,1292,-2076,1134,6917,-3016,0,0
-1241,230,-1566,1177,8664,-4643,0,0
1119,-557,211,2027,7511,-5684,0,0
3430,-1371,2415,3795,8074,-5443,0,0
4147,-1670,3633,3183,7191,-5076,0,0
4114,-1148,3526,1037,6532,-1123,0,0
2430,-384,1905,-1735,4221,5521,0,0
-300,261,-545,-3069,1484,5594,0,0
-1250,738,-2840,411,-352,2303,0,0
-2979,585,-3895,2614,-1755,-593,0,0
-4833,175,-3016,1900,803,-1685,0,0
-2992,-366,-1662,1762,3846,-1172,0,0
-875,-1349,-96,188,2967,-786,0,0
-499,-1822,1135,-1377,1168,-1225,0,0
173,-1201,1698,-1257,1167,-1353,0,0
567,-401,1869,-318,2258,-189,0,0
383,115,1606,-64,2575,-612,0,0
-233,993,1073,-451,4345,-1526,0,0
164,1688,618,-1069,4615,-1340,0,0
473,1549,297,362,3998,-342,0,0
769,912,406,893,3696,-3568,0,0
-95,669,-198,3734,4676,-2373,0,0
-1301,647,-1468,4667,7594,-3455,0,0
-1613,539,-1950,4430,9636,-3313,0,0
-385,-904,-820,5394,9813,-4356,0,0
3338,-1930,1257,5310,7107,-4572,0,0
5000,-1861,2457,4420,5783,-1709,0,0
4556,-1345,2544,1757,5613,-153,0,0
3355,-1011,2384,-274,3850,1921,0,0
1214,-723,1904,-1532,1755,4261,0,0
-1248,-408,1161,-2963,-42,4197,0,0
-3712,-160,-336,-3467,965,3264,0,0
-5423,-126,-2652,-4542,2196,250,0,0
-4696,566,-4197,-3872,2867,-1845,0,0
-4755,844,-3769,2553,3892,248,0,0
-2378,-255,-2047,1392,4478,-4059,0,0
607,-295,-272,983,3550,-3621,0,0
1387,-284,901,941,3347,-1041,0,0
1187,-390,1571,344,4103,-510,0,0
719,11,1080,316,4852,-1279,0,0
246,756,449,1033,4923,-1097,0,0
-70,1005,-196,1313,6699,-2550,0,0
-1949,1228,-1373,-735,10119,-4591,0,0
-1767,1623,-1626,-655,7057,17,0,0
77,331,-495,-62,2382,-623,0,0
766,-152,-13,-234,867,-1860,0,0
121,189,-146,200,952,8,0,0
-396,436,-226,-668,3069,-437,0,0
253,949,89,-1340,6561,-618,0,0
2371,1173,1067,-1217,9158,-1383,0,0
3519,1284,1794,-562,10793,-2469,0,0
2842,1262,2399,570,8792,-1340,0,0
2462,1023,1609,2170,3223,1696,0,0
1358,-24,-107,2266,1143,754,0,0
-701,-227,-1057,1471,-1606,563,0,0
-2242,-191,-2013,1355,-2059,1027,0,0
-2292,-922,-2458,-77,282,-142,0,0
-1952,-1860,-1661,1164,2547,492,0,0
-541,-2790,-153,-196,3536,-778,0,0
-156,-2717,1539,-1372,2227,-1841,0,0
755,-1671,2395,-724,1517,-879,0,0
1213,-769,2827,-779,1913,-1072,0,0
836,195,2509,-570,1343,-1832,0,0
-83,988,1767,556,2376,-1033,0,0
-632,1184,840,-747,5634,-1791,0,0
84,1429,-96,-555,5512,-1604,0,0
552,1080,-367,1906,4654,-2326,0,0
-540,724,-1365,3836,5034,-4418,0,0
-2112,650,-2385,2854,5687,-3093,0,0
-1880,65,-2099,873,7825,-1059,0,0
88,-579,-1024,845,5876,-1335,0,0
1208,-748,83,941,3034,-1455,0,0
1670,-536,531,1487,2252,-20,0,0
1420,-207,529,356,2139,84,0,0
1070,808,426,-1412,3014,1473,0,0
233,1926,330,-2555,3486,3134,0,0
-706,1914,598,620,4933,2383,0,0
-62,-550,182,7733,7822,-8497,0,0
1822,-1971,1120,6784,8490,-7745,0,0
3826,-3184,2721,5017,8389,-3416,0,0
3457,-2103,3570,-8,2593,-3573,0,0
905,211,2735,-1705,-631,1648,0,0
-2374,1191,610,-4310,-1322,4111,0,0
-2387,1277,-1675,-5869,-1134,3687,0,0
-3473,659,-3731,-6648,1591,3789,0,0
-4908,369,-4635,-4689,6760,2455,0,0
-3013,682,-4282,-1797,7305,-850,0,0
-2062,1234,-2789,1407,4658,-2745,0,0
-1248,1577,-1219,3346,3048,-1716,0,0
151,1449,-319,2323,3174,-1508,0,0
699,982,423,2061,3635,-228,0,0
1152,119,1004,1426,5996,450,0,0
630,-386,968,334,5331,1063,0,0
85,-315,898,-146,4378,868,0,0
921,63,1217,308,3658,638,0,0
848,203,853,1187,4017,-407,0,0
-415,202,135,1038,5428,-1123,0,0
-1590,-29,-330,1066,7313,-894,0,0
-1829,-621,-505,-544,6227,-568,0,0
-1072,-1102,-203,-1474,4157,-648,0,0
-546,-1141,229,-1458,2738,-1138,0,0
-84,-548,192,-922,2717,-643,0,0
14,-69,0,-503,3291,-804,0,0
635,40,156,842,5139,-1549,0,0
2446,-364,739,2235,8398,-4243,0,0
3264,-425,1405,2963,11095,-3799,0,0
4507,-598,2175,2503,10365,-2760,0,0
4801,-292,2483,679,7013,-1697,0,0
3554,296,2160,-997,3549,1395,0,0
2201,350,483,-2311,1792,3589,0,0
-366,63,-1343,-1574,426,2512,0,0
-2833,137,-2568,1875,-431,2596,0,0
-3868,-137,-3270,2318,-106,382,0,0
-4911,-296,-2663,1173,2997,-2008,0,0
-2492,-511,-1070,1800,3477,-1131,0,0
-771,-1506,280,474,1160,-975,0,0
-717,-1826,1012,-731,578,-1442,0,0
-681,-1295,1376,-1075,551,-604,0,0
-897,-702,1373,-1092,1012,231,0,0
-315,-183,1165,-929,3289,-477,0,0
316,540,906,-2592,4882,-201,0,0
744,971,318,-946,6444,-1122,0,0
1191,1385,35,411,4490,-839,0,0
454,1082,-206,4658,4733,-726,0,0
-1056,745,-1285,5822,8657,-4227,0,0
-2563,715,-1202,4436,12690,-1486,0,0
111,-811,688,1395,9784,-119,0,0
3456,-1858,2108,1036,5754,-434,0,0
1621,-1544,1902,335,2259,1019,0,0
-681,-900,800,-1023,2423,1564,0,0
-1923,-838,-611,-693,2138,662,0,0
-4151,-1387,-1407,718,1277,2427,0,0
-2185,-1715,-2078,27,2913,2186,0,0
-725,-720,-2469,-2817,1672,-2625,0,0
-1266,1432,-2129,-4401,1759,-1860,0,0
348,2662,-965,-2127,1249,-285,0,0
520,2398,-7,947,2889,552,0,0
1821,1997,38,555,2780,838,0,0
1022,1542,600,1119,2766,1932,0,0
977,1341,1062,-912,5584,1604,0,0
329,2122,191,-611,6680,2846,0,0
-1127,2296,-1224,60,8148,996,0,0
-2152,2055,-1751,758,6752,502,0,0
-1846,1474,-1215,2509,3093,-5,0,0
-111,693,457,1689,1140,-1151,0,0
168,-132,1397,1914,935,632,0,0
-338,-1067,1305,2493,1790,137,0,0
-617,-1548,569,2865,8409,1668,0,0
-363,-2696,189,-5842,13247,2976,0,0
-229,-3780,703,-6415,3413,-1183,0,0
-322,-2553,1249,1208,1959,-1572,0,0
-309,-1592,1126,3622,1901,1417,0,0
126,-1941,488,1757,1904,-2413,0,0
747,-1338,328,-759,3359,-2524,0,0
2516,-814,454,-832,2811,663,0,0
3035,-579,617,-873,1764,642,0,0
2117,270,673,-337,931,1271,0,0
1341,819,464,984,1530,1421,0,0
914,892,-28,2085,3740,-32,0,0
28,977,-641,1688,5308,-1524,0,0
-728,1157,-1295,602,6663,-2059,0,0
-787,1004,-2196,864,6859,-3098,0,0
-196,601,-1934,2122,3780,-3585,0,0
650,366,-973,1988,1843,-2320,0,0
760,154,-148,1867,1695,-209,0,0
397,-183,380,1302,977,615,0,0
-19,-465,217,289,2073,-1480,0,0
-517,-377,-59,342,5380,-1911,0,0
-558,-747,248,58,10584,-1528,0,0
998,-1062,988,-1228,12301,-1746,0,0
2377,-566,1514,-1274,9349,-2021,0,0
1707,482,1081,-1133,5587,-19,0,0
-326,1361,-1096,343,3798,1148,0,0
-1513,1296,-3218,1911,330,-164,0,0
-2749,1052,-4183,4493,-962,-1143,0,0
-3409,1129,-3432,2536,-627,-1697,0,0
-3783,1033,-2448,410,818,412,0,0
-532,134,-1040,-1007,5390,1026,0,0
1490,-806,623,-2031,3127,-488,0,0
878,-686,1641,-1119,635,-579,0,0
942,-274,2277,-1068,11,314,0,0
1351,182,2322,-1585,-59,847,0,0
1593,805,2087,-1471,337,553,0,0
1138,1519,1439,479,2717,556,0,0
200,1672,429,1616,5701,-1137,0,0
-641,1284,-456,693,5410,-1993,0,0
-431,575,-829,2002,5370,-810,0,0
-595,-348,-1573,2821,7089,-2526,0,0
-2367,-460,-2433,2512,10746,-2295,0,0
-715,-448,-1017,2106,9929,125,0,0
1411,-1430,1215,1498,5934,-1475,0,0
1982,-1711,1833,1062,6102,-2308,0,0
2995,-2106,1846,1687,7410,-689,0,0
3623,-3077,1816,960,8826,-333,0,0
3062,-4172,1978,426,5520,569,0,0
2222,-4786,1654,110,1558,2239,0,0
-1577,-3877,1017,-217,-3212,6881,0,0
-4157,-1301,91,-1666,-3087,6223,0,0
-4213,1663,-1420,-5757,1380,2734,0,0
-6373,3427,-2353,-5616,3321,68,0,0
-4478,3626,-1966,-1220,5124,-774,0,0
-2191,2725,-1430,345,5357,-977,0,0
-922,998,-715,1204,2415,-2268,0,0
1511,462,657,1743,2350,-453,0,0
1953,440,1988,287,3178,270,0,0
1426,692,2212,685,3323,1487,0,0
388,328,1838,1372,3959,1984,0,0
489,-320,1485,785,5463,-674,0,0
1173,-74,810,824,5626,-1763,0,0
-462,49,-585,-395,6880,-1045,0,0
-2095,161,-2507,-3150,7707,166,0,0
-2515,-373,-2724,-3224,6908,167,0,0
-1704,-1087,-1102,-2115,4133,-1363,0,0
-304,-857,-605,-652,1980,-815,0,0
60,-712,-320,-470,2164,-603,0,0
509,-559,219,-1747,3890,-1635,0,0
1397,249,865,-2562,7094,-1322,0,0
2698,1156,1868,-3170,11224,-932,0,0
3641,2065,2673,-3024,11241,-615,0,0
4168,2444,2799,-1395,8660,522,0,0
2646,2262,2043,-2863,6516,2474,0,0
-809,1699,88,-1759,831,3562,0,0
38,1064,-2716,1624,935,1772,0,0
-189,608,-4272,4921,-506,52,0,0
-4081,435,-2932,4516,-2643,-190,0,0
-2632,-322,-1302,4125,-799,-234,0,0
-534,-1815,-202,2823,678,-247,0,0
-163,-2918,442,1884,1828,2081,0,0
602,-3705,450,-2944,3139,3243,0,0
839,-3545,622,-3253,3518,1822,0,0
1045,-2405,1247,-3429,2879,546,0,0
1181,-1015,1787,-3736,3541,548,0,0
249,-42,1920,-2941,4395,444,0,0
640,565,1215,-2880,4404,-636,0,0
60,983,326,-320,3794,-1162,0,0
-455,1276,-206,1597,4280,-1887,0,0
-1738,1567,-1854,1573,9028,-2910,0,0
-2786,1465,-2420,1298,12672,-754,0,0
-321,270,-358,1477,7064,-2880,0,0
2030,-178,820,924,5842,-3001,0,0
3679,-23,1102,1782,6820,698,0,0
3534,-683,1756,582,8556,-846,0,0
3132,-652,2324,-75,6827,784,0,0
2379,-921,2272,211,3361,2996,0,0
-417,-1612,1594,57,-111,4054,0,0
-4057,-2094,466,-1785,-2378,3520,0,0
-5184,-1514,-1189,-1664,-1040,3210,0,0
-2977,51,-3199,-6255,1157,-2302,0,0
-2879,3228,-3520,-6372,2903,-1730,0,0
-1795,4541,-2705,-181,5095,310,0,0
199,3462,-1788,155,5030,-1889,0,0
1579,2672,-293,62,3782,-703,0,0
2331,2267,1098,486,4429,78,0,0
2436,1831,2178,1043,4868,1590,0,0
2273,1007,2494,2273,2845,1304,0,0
942,468,2096,2514,3644,-1044,0,0
-276,262,1474,1717,3577,-494,0,0
-1244,-474,38,309,4178,-1558,0,0
-2481,-748,-1394,-1862,7124,-4416,0,0
-3380,-348,-1788,-1959,7105,-1612,0,0
-1918,-1063,-949,-517,6168,-1698,0,0
-228,-1874,-11,15,5464,-3581,0,0
1145,-2261,1062,855,6247,-2994,0,0
2467,-2366,2020,731,7922,-2913,0,0
2285,-1881,2465,602,8664,-2577,0,0
2947,-717,2628,-12,7356,-664,0,0
3287,147,2522,-369,5251,700,0,0
2169,565,1853,-2659,4135,2977,0,0
-57,869,222,-3135,2915,5659,0,0
-409,588,-1704,-1243,1075,1547,0,0
-1658,897,-3021,2542,982,1593,0,0
-3273,731,-2911,2796,82,-513,0,0
-2191,875,-2197,956,236,-2410,0,0
-1345,514,-1929,919,1112,-1230,0,0
-2455,-399,-1264,3,1254,-1316,0,0
-1286,-518,-744,-1067,2929,-2363,0,0
-327,31,-443,-865,6205,-877,0,0
-620,403,-980,-1433,10301,1235,0,0
-819,814,-1164,-2764,8444,-147,0,0
-667,1352,-476,-1241,4556,105,0,0
-47,994,-13,311,3255,742,0,0
645,102,81,365,2005,-198,0,0
938,-414,45,361,1366,-966,0,0
747,-640,-70,54,2790,-1068,0,0
-184,-795,-174,-788,4461,-381,0,0
-1198,-850,-309,-1617,5433,510,0,0
-494,-790,-242,-2099,4701,553,0,0
1125,-622,284,-1406,3103,352,0,0
1568,-370,590,-938,2286,-1,0,0
651,-34,315,-961,3404,206,0,0
-489,201,-65,-1348,4829,-31,0,0
-735,284,14,-1600,4430,-138,0,0
55,219,226,-1412,3489,-591,0,0
681,221,222,-1023,3098,-514,0,0
738,198,90,-788,3059,-281,0,0
561,175,-53,-190,3141,-403,0,0
-484,67,-62,40,3863,-699,0,0
-1518,101,0,-721,4692,-896,0,0
-1065,419,-154,-1005,3784,-196,0,0
-422,547,-187,-1272,3636,151,0,0
-255,406,-118,-1404,3948,461,0,0
-364,264,-141,-1248,3896,85,0,0
-496,247,-177,-599,3791,687,0,0
-323,52,-93,-662,4272,450,0,0
-95,-30,-62,-803,3938,236,0,0
56,-93,-44,-1088,3760,403,0,0
169,-102,-49,-1214,3539,44,0,0
9,-40,-84,-1125,3708,67,0,0
-94,0,-95,-1169,3805,281,0,0
-64,21,-83,-1198,3687,333,0,0
-46,0,-101,-1161,3781,375,0,0
-32,-61,-143,-1192,3821,318,0,0
39,-77,-126,-1251,3821,376,0,0
72,-48,-75,-1239,3725,290,0,0
-9,-6,-23,-1192,3781,367,0,0
11,7,28,-1278,3719,352,0,0
139,7,52,-1296,3674,213,0,0
192,21,60,-1250,3810,169,0,0
189,26,44,-1226,3696,127,0,0
100,3,29,-1267,3695,173,0,0
73,-22,34,-1250,3679,275,0,0
108,-34,39,-1236,3529,113,0,0
2,-36,44,-1193,3575,184,0,0
-84,-47,20,-1248,3661,144,0,0
-141,-39,5,-1252,3817,263,0,0
-100,-55,34,-1279,3838,172,0,0
8,-18,55,-1206,3763,179,0,0
-11,9,60,-1127,3665,258,0,0
-78,16,57,-1139,3698,94,0,0
-134,52,40,-1086,3827,91,0,0
-66,48,34,-1064,3899,143,0,0
25,21,19,-1066,3768,9,0,0
36,22,-15,-1085,3689,-3,0,0
-19,37,-87,-1117,3480,149,0,0
-270,40,-234,-1330,3174,88,0,0
-657,50,-371,-1075,3404,1045,0,0
94,-191,-188,-1420,1571,751,0,0
1244,10,67,-1259,3905,-321,0,0
739,97,236,-1060,3217,-23,0,0
7,-27,174,-1270,3154,77,0,0
-373,-94,66,-1384,3381,184,0,0
-352,-96,37,-1383,3794,166,0,0
-312,-61,34,-1214,4020,137,0,0
-109,-10,79,-1144,4014,91,0,0
68,65,109,-1155,3758,125,0,0
55,89,77,-1153,3553,130,0,0
-50,51,38,-1174,3618,188,0,0
-125,17,10,-1163,3787,231,0,0
-98,13,2,-1126,3881,288,0,0
-15,19,16,-1117,3821,274,0,0
7,33,10,-1128,3700,224,0,0
-49,29,4,-1107,3722,232,0,0
-30,6,2,-1125,3797,224,0,0
17,-10,-5,-1136,3815,240,0,0
29,-21,-8,-1121,3792,234,0,0
56,-29,-4,-1133,3831,245,0,0
106,-39,-5,-1141,3734,215,0,0
93,-55,-9,-1146,3735,216,0,0
94,-56,-6,-1166,3741,193,0,0
67,-34,2,-1127,3729,176,0,0
59,-9,12,-1146,3774,133,0,0
65,2,21,-1183,3752,97,0,0
70,-14,17,-1177,3734,107,0,0
49,-32,10,-1150,3703,81,0,0
7,-38,-4,-1109,3728,78,0,0
-21,-47,-16,-1114,3710,124,0,0
-76,-64,-16,-1170,3779,181,0,0
-65,-64,-2,-1241,3790,208,0,0
-22,-45,13,-1218,3763,170,0,0
27,-28,24,-1138,3737,139,0,0
12,-27,21,-1145,3720,107,0,0
-33,-22,3,-1213,3796,134,0,0
-5,-22,1,-1258,3796,192,0,0
38,-32,5,-1205,3707,141,0,0
2,-31,-6,-1140,3698,132,0,0
-17,-29,-10,-1179,3767,134,0,0
-4,-22,-11,-1201,3754,146,0,0
-2,-22,-18,-1173,3738,126,0,0
-2,-27,-7,-1173,3799,137,0,0
38,-17,13,-1141,3715,169,0,0
30,-8,20,-1147,3631,156,0,0
-49,2,18,-1200,3752,155,0,0
-31,22,25,-1215,3799,163,0,0
10,32,33,-1157,3708,135,0,0
-15,30,32,-1117,3708,113,0,0
-37,31,35,-1110,3807,148,0,0
-2,27,48,-1120,3791,172,0,0
5,13,49,-1102,3715,151,0,0
-25,-5,32,-1099,3799,183,0,0
15,-14,31,-1111,3820,159,0,0
38,-5,37,-1086,3726,140,0,0
8,7,36,-1085,3777,117,0,0
15,16,30,-1115,3817,123,0,0
48,7,17,-1128,3767,107,0,0
38,-23,8,-1121,3745,113,0,0
42,-41,9,-1103,3694,102,0,0
24,-28,21,-1041,3713,55,0,0
12,5,35,-1043,3809,78,0,0
38,28,42,-1091,3787,94,0,0
5,22,34,-1126,3767,124,0,0
-13,-2,20,-1090,3800,96,0,0
24,-12,25,-1064,3749,82,0,0
0,-13,34,-1054,3733,98,0,0
-29,-7,18,-1076,3794,115,0,0
-25,-2,-3,-1074,3784,116,0,0
-18,-4,5,-1077,3809,127,0,0
-4,3,14,-1053,3742,142,0,0
-55,-4,-7,-1076,3731,162,0,0
-93,-36,-33,-1102,3839,178,0,0
-34,-60,-27,-1088,3806,150,0,0
-8,-54,1,-1039,3745,141,0,0
-29,-24,7,-1036,3742,156,0,0
-48,4,-3,-1090,3757,178,0,0
-55,6,-10,-1141,3837,169,0,0
-6,5,-9,-1150,3832,163,0,0
19,7,-7,-1118,3719,118,0,0
-3,9,-18,-1091,3703,142,0,0
-44,0,-34,-1132,3762,164,0,0
-39,6,-37,-1149,3841,186,0,0
24,25,-29,-1129,3789,125,0,0
37,30,-12,-1101,3723,119,0,0
18,13,-5,-1077,3760,141,0,0
20,-5,-4,-1082,3743,155,0,0
-26,-16,-3,-1110,3756,154,0,0
-44,-12,-1,-1156,3780,152,0,0
-12,-14,-5,-1146,3747,175,0,0
-33,-38,-9,-1111,3734,168,0,0
-54,-53,-7,-1099,3800,186,0,0
-19,-55,1,-1127,3810,184,0,0
18,-52,5,-1127,3779,181,0,0
17,-49,-1,-1157,3743,165,0,0
5,-49,1,-1173,3783,173,0,0
44,-35,6,-1123,3699,171,0,0
5,-28,0,-1123,3714,193,0,0
-31,-28,-9,-1181,3830,198,0,0
25,-22,-6,-1171,3765,190,0,0
32,-16,-7,-1153,3698,198,0,0
20,0,-5,-1173,3691,193,0,0
-2,25,5,-1181,3723,212,0,0
-35,43,9,-1165,3751,213,0,0
-33,54,16,-1141,3783,191,0,0
-16,55,29,-1131,3778,181,0,0
13,55,46,-1111,3759,180,0,0
21,61,54,-1108,3670,175,0,0
-50,69,56,-1095,3795,188,0,0
-22,73,61,-1124,3865,185,0,0
29,56,60,-1087,3762,170,0,0
14,21,45,-1085,3714,144,0,0
-23,0,32,-1085,3734,132,0,0
-39,-3,35,-1054,3793,157,0,0
-33,-5,33,-1058,3797,162,0,0
-33,-14,16,-1088,3783,169,0,0
-22,-32,14,-1101,3802,186,0,0
-9,-36,22,-1079,3792,187,0,0
-3,-26,36,-1053,3776,196,0,0
-31,-7,37,-1070,3777,196,0,0
-34,9,22,-1079,3779,175,0,0
-14,5,26,-1059,3749,185,0,0
-30,-13,23,-1058,3729,161,0,0
-43,-13,13,-1040,3819,161,0,0
-27,-3,27,-1035,3801,189,0,0
-25,3,38,-1039,3787,177,0,0
-17,11,23,-1055,3748,188,0,0
-42,6,19,-1049,3735,170,0,0
-65,9,19,-998,3798,183,0,0
-37,21,11,-1011,3870,227,0,0
-1,28,1,-1064,3741,235,0,0
-41,11,-28,-1088,3739,251,0,0
-42,1,-33,-1072,3786,209,0,0
-13,8,-31,-1029,3809,186,0,0
2,3,-18,-1014,3798,212,0,0
-6,-12,-11,-1018,3780,232,0,0
-25,-19,-23,-1030,3797,262,0,0
-18,-30,-23,-1072,3778,263,0,0
-14,-40,-12,-1062,3747,232,0,0
-11,-36,-10,-1060,3782,243,0,0
-27,-18,-21,-1100,3840,239,0,0
10,-4,-26,-1149,3822,248,0,0
45,-13,-25,-1123,3710,250,0,0
21,-28,-32,-1084,3709,262,0,0
-5,-28,-39,-3128,3767,252,0,0
1,-22,-33,-1109,3802,255,0,0
15,-22,-23,-1123,3758,272,0,0
6,-27,-21,-1154,3750,261,0,0
10,-25,-14,-1145,3772,256,0,0
38,-9,5,-1114,3637,275,0,0
-25,6,11,-1138,3685,255,0,0
-49,40,8,-1177,3801,253,0,0
-4,58,16,-1144,3766,246,0,0
-11,41,13,-1096,3722,253,0,0
-23,22,9,-1095,3768,267,0,0
-8,34,20,-1087,3764,269,0,0
-12,44,31,-1083,3766,260,0,0
-21,33,32,-1098,3816,261,0,0
-1,4,34,-1113,3809,260,0,0
28,-16,31,-1074,3751,222,0,0
20,-16,29,-1053,3717,223,0,0
-16,-3,28,-1063,3763,214,0,0
-12,15,10,-1111,3843,225,0,0
35,19,5,-1126,3829,224,0,0
55,10,18,-1068,3759,187,0,0
40,6,24,-1052,3753,193,0,0
42,15,19,-1066,3768,194,0,0
26,-7,-4,-1004,3851,241,0,0
75,-125,-63,-1049,3829,69,0,0
124,-229,-49,-1172,3722,89,0,0
80,-183,-7,-1202,3628,184,0,0
-25,-36,15,-1156,3603,271,0,0
-137,111,55,-1163,3700,248,0,0
-172,309,110,-1132,3810,495,0,0
-116,371,118,-1065,3790,245,0,0
-83,147,77,-1033,3755,-137,0,0
-78,-44,24,-940,3906,99,0,0
-36,-84,-15,-1007,3812,183,0,0
-65,-45,-26,-1055,3733,291,0,0
-77,-7,-20,-1109,3822,389,0,0
7,27,9,-1067,3825,333,0,0
50,48,28,-1006,3774,258,0,0
39,32,10,-1036,3799,191,0,0
31,0,-10,-1070,3802,128,0,0
41,-20,-16,-1045,3775,198,0,0
53,-39,-19,-1039,3773,197,0,0
62,-47,-22,-1047,3749,221,0,0
45,-53,-22,-1067,3749,243,0,0
23,-54,-8,-1059,3769,224,0,0
6,-47,-5,-1048,3764,213,0,0
-8,-60,-7,-1085,3806,192,0,0
15,-79,-10,-1127,3769,163,0,0
27,-67,2,-1114,3707,234,0,0
-39,-25,0,-1131,3744,253,0,0
-74,21,-2,-1142,3810,249,0,0
-29,37,9,-1095,3788,207,0,0
-7,26,11,-1042,3792,193,0,0
9,11,7,-1049,3813,197,0,0
25,2,8,-1076,3750,230,0,0
16,-9,-1,-1086,3764,236,0,0
9,-19,-14,-1111,3781,214,0,0
12,-17,-5,-1092,3762,197,0,0
34,-1,-1,-1080,3667,196,0,0
-29,10,-12,-1097,3762,199,0,0
-39,27,-17,-1096,3838,203,0,0
34,26,-9,-1048,3790,204,0,0
54,3,0,-1052,3695,219,0,0
7,-5,-8,-1107,3684,213,0,0
-37,-5,-12,-1150,3768,238,0,0
-12,3,2,-1131,3777,210,0,0
-2,26,5,-1087,3720,154,0,0
-31,46,15,-1083,3850,211,0,0
20,63,44,-1054,3809,223,0,0
32,58,64,-1050,3655,220,0,0
-47,44,61,-1081,3739,169,0,0
-48,50,56,-1100,3868,161,0,0
5,57,53,-1099,3795,157,0,0
-9,44,32,-1081,3750,147,0,0
-14,23,8,-1069,3812,155,0,0
20,4,-3,-1058,3767,192,0,0
8,-11,-12,-1040,3802,220,0,0
13,-15,-17,-1063,3783,206,0,0
8,-16,-8,-1067,3778,186,0,0
18,-13,-6,-1050,3807,148,0,0
49,-9,3,-1033,3733,142,0,0
-6,-13,2,-1080,3745,191,0,0
-18,-15,-5,-1147,3808,213,0,0
23,-16,3,-1108,3742,171,0,0
3,-13,7,-1061,3750,132,0,0
-5,0,12,-1059,3789,151,0,0
-5,5,22,-1053,3793,187,0,0
25,-7,21,-1046,3801,176,0,0
55,-27,24,-1088,3770,163,0,0
17,-32,21,-1087,3714,122,0,0
-30,-9,27,-1052,3773,101,0,0
-44,43,25,-1052,3765,156,0,0
-24,85,13,-1105,3795,235,0,0
16,60,35,-1082,3846,197,0,0
59,31,46,-985,3758,90,0,0
36,4,35,-964,3755,88,0,0
9,-13,20,-1016,3752,50,0,0
-36,-27,-7,-1055,3830,85,0,0
-6,-52,-17,-1052,3800,142,0,0
-6,-95,-27,-1042,3761,152,0,0
-25,-104,-50,-1044,3779,145,0,0
-27,-80,-48,-1075,3715,147,0,0
-69,-39,-24,-1094,3753,199,0,0
-61,9,-2,-1079,3839,235,0,0
-28,21,3,-1079,3774,228,0,0
-9,2,3,-1086,3725,193,0,0
-17,-2,8,-1083,3753,122,0,0
-63,5,21,-1076,3823,182,0,0
-48,7,13,-1089,3806,216,0,0
-31,-6,-7,-1076,3755,211,0,0
-34,-32,-15,-1073,3764,233,0,0
-39,-36,-3,-1047,3786,239,0,0
-37,4,17,-1052,3782,222,0,0
-20,46,23,-1057,3820,212,0,0
27,41,23,-1042,3776,194,0,0
33,8,17,-1027,3725,202,0,0
6,-17,3,-1047,3736,206,0,0
-32,-20,5,-1057,3755,225,0,0
-59,-20,21,-1038,3780,245,0,0
-55,-18,15,-1085,3830,260,0,0
-24,-20,5,-1110,3806,233,0,0
5,-41,4,-1031,3779,189,0,0
27,-54,-3,-986,3786,204,0,0
25,-46,2,-1028,3731,272,0,0
-30,-31,-7,-1129,3754,291,0,0
-33,-14,-11,-1165,3813,268,0,0
20,9,14,-1082,3734,214,0,0
-9,24,14,-1036,3730,192,0,0
-40,19,3,-1073,3841,262,0,0
3,5,8,-1098,3806,285,0,0
16,2,10,-1063,3680,229,0,0
-46,1,6,-1059,3771,238,0,0
-47,10,14,-1051,3810,280,0,0
-38,26,29,-1028,3732,265,0,0
-56,44,26,-1071,3786,254,0,0
-56,35,5,-1081,3789,246,0,0
-39,-27,-10,-1026,3828,249,0,0
32,-73,-4,-1008,3789,274,0,0
28,-32,3,-1097,3661,276,0,0
-80,66,-12,-1137,3819,345,0,0
-37,65,30,-1000,3826,325,0,0
12,15,56,-983,3697,293,0,0
-5,-55,14,-1026,3762,230,0,0
20,-85,8,-1105,3886,278,0,0
56,-61,23,-1089,3780,300,0,0
31,-37,-10,-1004,3719,253,0,0
-8,-41,-19,-1016,3744,277,0,0
0,-43,-17,-1102,3774,306,0,0
19,-18,-21,-1126,3793,283,0,0
16,17,-10,-1057,3768,272,0,0
11,29,10,-1037,3728,291,0,0
-9,15,6,-1097,3753,320,0,0
-32,13,0,-1148,3735,295,0,0
-31,24,25,-1082,3759,269,0,0
-26,43,43,-984,3773,223,0,0
-34,51,49,-993,3819,265,0,0
-19,60,52,-1023,3850,292,0,0
64,63,55,-1018,3800,236,0,0
71,30,51,-989,3783,206,0,0
13,-7,38,-992,3762,241,0,0
-29,-30,-4,-1015,3751,221,0,0
-24,-42,-29,-1024,3840,216,0,0
30,-53,-25,-996,3801,263,0,0
3,-70,-43,-1017,3773,278,0,0
-52,-74,-58,-1075,3782,296,0,0
-30,-65,-53,-1099,3726,293,0,0
-54,-55,-53,-1062,3718,286,0,0
-110,-50,-54,-1056,3843,306,0,0
-44,-45,-32,-1086,3861,325,0,0
37,-41,-11,-1085,3766,312,0,0
15,-36,-5,-1088,3689,313,0,0
-24,-25,3,-1089,3772,318,0,0
10,0,21,-1063,3829,320,0,0
43,31,37,-1051,3773,320,0,0
24,31,34,-1114,3725,304,0,0
13,18,19,-1110,3732,270,0,0
24,10,15,-1061,3702,276,0,0
-26,9,4,-1063,3794,284,0,0
-12,20,-1,-1078,3837,301,0,0
33,19,3,-1045,3712,290,0,0
17,10,6,-1031,3660,272,0,0
-7,13,9,-1069,3750,294,0,0
0,21,13,-1094,3775,292,0,0
14,21,14,-1051,3770,270,0,0
18,24,8,-1026,3785,229,0,0
19,27,16,-1040,3827,237,0,0
54,40,33,-1027,3822,235,0,0
108,58,51,-1051,3710,262,0,0
46,49,59,-1093,3698,272,0,0
-34,37,41,-1110,3794,220,0,0
-36,26,16,-1083,3850,214,0,0
7,-2,9,-1056,3788,189,0,0
11,-16,7,-1018,3766,196,0,0
-1,-10,13,-1004,3800,222,0,0
13,-4,24,-1012,3771,224,0,0
1,8,35,-1032,3797,234,0,0
17,10,33,-1048,3761,218,0,0
-12,-6,24,-1019,3790,184,0,0
-15,-9,29,-1000,3809,186,0,0
25,-1,24,-1013,3744,178,0,0
1,-9,5,-1020,3772,182,0,0
-29,-22,-9,-1019,3843,212,0,0
-14,-33,-12,-1016,3819,203,0,0
10,-38,-22,-1014,3806,185,0,0
44,-41,-16,-953,3828,172,0,0
44,-36,-6,-962,3720,186,0,0
-20,-29,-27,-1095,3676,221,0,0
-72,-37,-50,-1137,3766,216,0,0
-37,-36,-51,-1044,3763,147,0,0
-60,-23,-55,-975,3747,149,0,0
-143,-17,-74,-1091,3905,286,0,0
-81,-20,-57,-1205,3801,309,0,0
-32,-27,-25,-1158,3698,337,0,0
-86,-37,-13,-1080,3688,333,0,0
-105,-36,-10,-1035,3809,304,0,0
-69,-24,-1,-1069,3844,302,0,0
-22,-19,8,-1123,3800,297,0,0
-5,-26,5,-1168,3788,313,0,0
15,-30,3,-1132,3766,302,0,0
38,-19,7,-1101,3703,338,0,0
-12,-8,0,-1122,3729,363,0,0
-42,-7,-6,-1128,3759,366,0,0
-11,-18,-8,-1077,3743,317,0,0
-14,-23,-1,-1048,3725,305,0,0
-34,-17,6,-1079,3714,344,0,0
-43,-13,5,-1092,3710,365,0,0
-29,-13,7,-1062,3709,351,0,0
-18,0,6,-1096,3717,348,0,0
-16,18,15,-1161,3788,372,0,0
18,38,24,-1153,3753,371,0,0
2,44,32,-1092,3763,363,0,0
9,37,40,-1007,3812,291,0,0
47,35,41,-975,3733,282,0,0
1,14,29,-1049,3722,332,0,0
-30,-2,11,-1131,3773,375,0,0
-24,0,7,-1137,3785,356,0,0
-4,5,26,-1102,3788,340,0,0
36,22,39,-1054,3793,350,0,0
34,36,29,-1079,3760,315,0,0
26,31,30,-1116,3759,304,0,0
41,27,30,-1081,3753,278,0,0
17,38,31,-1052,3757,291,0,0
-9,43,22,-1067,3752,295,0,0
-47,28,0,-1081,3772,326,0,0
-41,0,-5,-1061,3802,341,0,0
-13,-9,20,-1019,3733,320,0,0
-47,4,32,-1029,3756,310,0,0
-50,19,24,-1039,3803,332,0,0
-32,13,18,-1061,3788,333,0,0
-29,-14,13,-1060,3748,329,0,0
-22,-31,3,-1017,3802,337,0,0
-18,-25,-4,-1009,3839,325,0,0
5,-16,-8,-1047,3806,335,0,0
27,-21,-20,-1053,3737,341,0,0
15,-39,-29,-1056,3755,314,0,0
14,-47,-32,-1095,3769,318,0,0
13,-47,-33,-1088,3773,330,0,0
19,-38,-14,-1021,3823,314,0,0
58,-22,6,-1027,3809,313,0,0
66,-22,-2,-1041,3731,291,0,0
20,-38,-16,-1112,3769,308,0,0
-2,-34,-16,-1146,3768,303,0,0
8,-16,-10,-1105,3662,325,0,0
-57,-11,-16,-1078,3702,329,0,0
-113,-10,-27,-1094,3824,339,0,0
-62,-10,-22,-1092,3827,350,0,0
-22,-16,-9,-1108,3760,354,0,0
-43,-21,1,-1113,3749,365,0,0
-48,-25,6,-1108,3783,405,0,0
-19,-32,7,-1100,3747,402,0,0
-27,-37,-5,-1095,3728,393,0,0
-50,-46,-19,-1136,3757,399,0,0
-42,-51,-17,-1127,3754,390,0,0
-13,-44,-9,-1091,3704,404,0,0
-29,-32,-6,-1089,3755,392,0,0
-14,-15,1,-1118,3753,399,0,0
23,4,8,-1126,3694,397,0,0
7,37,20,-1119,3724,394,0,0
1,66,11,-1118,3807,376,0,0
58,72,16,-1117,3759,376,0,0
80,62,23,-1062,3717,367,0,0
48,39,-10,-1072,3768,332,0,0
59,13,-16,-1132,3831,336,0,0
110,9,-7,-1129,3754,320,0,0
104,27,1,-1094,3698,310,0,0
75,43,13,-1088,3763,319,0,0
78,52,29,-1110,3773,288,0,0
80,45,22,-1117,3805,290,0,0
121,20,13,-1123,3729,218,0,0
83,-8,11,-1117,3705,188,0,0
5,-30,5,-1107,3764,233,0,0
-14,-45,6,-1094,3765,289,0,0
-24,-53,17,-1082,3709,268,0,0
-38,-44,36,-1090,3749,259,0,0
-26,-21,46,-1111,3771,212,0,0
-16,16,62,-1119,3763,194,0,0
-55,45,51,-1121,3775,199,0,0
-63,37,43,-1095,3819,222,0,0
-33,-3,49,-1033,3755,266,0,0
-30,-30,41,-1027,3742,288,0,0
-35,-20,32,-1056,3755,277,0,0
-56,5,30,-1062,3792,278,0,0
-58,13,31,-1059,3842,294,0,0
-25,-5,22,-1070,3774,286,0,0
-8,-28,4,-1052,3778,281,0,0
-1,-30,-8,-1029,3755,252,0,0
-21,-12,-4,-1012,3793,277,0,0
-30,3,-13,-1026,3815,303,0,0
-14,-17,-28,-1039,3828,311,0,0
45,-57,-47,-1023,3795,253,0,0
69,-81,-47,-981,3740,247,0,0
33,-73,-38,-1041,3778,317,0,0
18,-45,-23,-1126,3804,348,0,0
36,-25,-10,-1102,3758,290,0,0
28,-17,-8,-1098,3745,206,0,0
29,-15,-9,-1129,3757,204,0,0
31,-15,-13,-1101,3742,256,0,0
-8,-10,-20,-1052,3739,283,0,0
-66,6,-22,-1093,3786,296,0,0
-60,12,-10,-1161,3809,299,0,0
-9,9,1,-1128,3782,278,0,0
-17,11,7,-1082,3729,281,0,0
-48,9,5,-1080,3757,298,0,0
-43,0,-14,-1084,3816,307,0,0
-1,-9,-12,-1081,3802,293,0,0
4,-18,-15,-1122,3761,299,0,0
8,-19,-15,-1125,3727,286,0,0
6,-14,-10,-1100,3705,308,0,0
-34,-6,-6,-1120,3790,310,0,0
-20,5,-3,-1145,3762,321,0,0
-11,-3,-3,-1113,3711,301,0,0
-18,-7,-3,-1114,3703,296,0,0
-39,5,3,-1159,3721,311,0,0
-57,23,6,-1185,3754,332,0,0
-43,34,18,-1129,3766,332,0,0
-28,33,16,-1057,3782,298,0,0
-12,15,12,-1086,3784,302,0,0
9,-1,15,-1117,3768,321,0,0
25,0,27,-1110,3737,348,0,0
-8,7,38,-1099,3775,338,0,0
-17,11,44,-1104,3806,342,0,0
1,0,47,-1113,3742,340,0,0
-8,-6,41,-1125,3707,329,0,0
-32,-4,25,-1128,3720,327,0,0
-64,-6,15,-1089,3785,348,0,0
-48,-10,19,-1078,3830,374,0,0
-12,-14,15,-1110,3750,341,0,0
-18,-20,17,-1121,3760,365,0,0
-24,-16,22,-1092,3763,358,0,0
-26,-5,37,-1069,3763,355,0,0
-40,2,45,-1067,3789,360,0,0
-56,1,49,-1080,3743,393,0,0
-57,-6,49,-1081,3746,396,0,0
-45,-1,41,-1037,3793,371,0,0
2,2,37,-1021,3804,386,0,0
31,6,38,-1034,3747,370,0,0
-45,11,37,-989,3816,391,0,0
-32,2,32,-986,3807,365,0,0
2,-11,22,-1024,3760,355,0,0
-13,-11,6,-1028,3812,370,0,0
20,6,13,-999,3822,407,0,0
42,16,18,-999,3730,367,0,0
5,17,-1,-1050,3777,357,0,0
8,1,-10,-1047,3782,355,0,0
2,-23,-9,-989,3742,365,0,0
-33,-27,-8,-980,3821,394,0,0
-7,-15,-1,-1023,3832,388,0,0
33,-1,15,-1030,3801,372,0,0
26,-7,18,-1015,3756,390,0,0
-7,-28,9,-1051,3764,402,0,0
1,-34,6,-1046,3759,371,0,0
16,-25,5,-1003,3831,362,0,0
28,-15,-1,-1018,3827,328,0,0
35,-17,3,-1035,3757,349,0,0
25,-35,-6,-1017,3698,373,0,0
-9,-50,-21,-1006,3762,388,0,0
-32,-45,-21,-1025,3810,373,0,0
-6,-26,-7,-1038,3791,361,0,0
14,-9,-1,-1023,3765,354,0,0
1,-7,-1,-1063,3774,374,0,0
16,-2,1,-1066,3711,371,0,0
3,17,7,-1040,3652,378,0,0
-64,40,9,-1080,3802,390,0,0
-36,63,10,-1078,3834,376,0,0
1,66,27,-986,3764,351,0,0
-23,72,40,-960,3729,350,0,0
-59,79,41,-1025,3785,377,0,0
-49,63,31,-1061,3832,375,0,0
-11,33,31,-1020,3849,366,0,0
25,7,20,-990,3760,346,0,0
2,-22,2,-1010,3731,373,0,0
-26,-35,-7,-1028,3782,394,0,0
-25,-17,3,-1021,3789,405,0,0
-32,2,14,-1022,3777,399,0,0
-48,9,18,-1038,3780,396,0,0
-45,1,13,-1034,3767,417,0,0
-48,-10,-1,-1031,3748,391,0,0
-50,-7,-9,-1027,3814,384,0,0
-22,5,8,-1014,3822,386,0,0
-7,12,21,-1001,3796,418,0,0
16,10,24,-1043,3824,434,0,0
75,15,46,-1024,3741,378,0,0
52,25,30,-962,3679,314,0,0
-24,28,3,-939,3806,339,0,0
-18,21,-2,-988,3818,371,0,0
-5,9,-10,-1032,3754,411,0,0
-22,-7,-27,-1029,3795,399,0,0
-14,-7,-10,-989,3788,385,0,0
3,0,24,-1013,3796,415,0,0
41,5,35,-982,3756,382,0,0
6,-3,15,-946,3764,397,0,0
-24,-22,-20,-972,3854,394,0,0
18,-43,-34,-1026,3812,361,0,0
44,-48,-28,-1030,3734,352,0,0
25,-31,-18,-1030,3777,358,0,0
8,-16,-18,-1054,3837,385,0,0
22,-14,-11,-1090,3764,383,0,0
16,-21,-5,-1037,3707,358,0,0
-7,-14,-9,-968,3773,365,0,0
-28,-1,-8,-991,3807,369,0,0
-37,3,5,-1059,3797,376,0,0
-5,-9,1,-1062,3793,384,0,0
2,-24,-18,-1043,3797,386,0,0
8,-28,-20,-1044,3784,358,0,0
39,-9,-14,-1039,3705,375,0,0
-2,4,-13,-1065,3739,401,0,0
-22,9,-17,-1093,3758,397,0,0
-3,4,-14,-1029,3723,376,0,0
-4,5,-13,-1015,3690,380,0,0
-52,17,-12,-1097,3739,401,0,0
-61,28,-6,-1104,3805,416,0,0
-30,34,14,-1028,3766,398,0,0
-41,49,24,-1026,3761,386,0,0
-43,50,32,-1104,3786,407,0,0
-29,13,25,-1094,3773,406,0,0
-20,-17,14,-1041,3768,401,0,0
-9,-13,20,-1016,3762,374,0,0
-17,4,25,-1055,3783,400,0,0
-27,6,23,-1105,3790,452,0,0
-19,-7,16,-1093,3754,440,0,0
-18,-12,13,-1068,3753,406,0,0
-16,-1,21,-1049,3778,402,0,0
-11,15,28,-1040,3792,437,0,0
-17,13,21,-1061,3747,440,0,0
-42,-4,20,-1060,3755,471,0,0
-56,-8,14,-1070,3727,477,0,0
-59,-4,10,-1069,3736,476,0,0
-62,7,9,-1032,3813,442,0,0
-40,17,5,-1021,3801,426,0,0
-13,11,-8,-998,3767,414,0,0
-18,-8,-23,-984,3792,442,0,0
-8,-19,-23,-1014,3825,450,0,0
25,-10,-18,-1032,3788,459,0,0
57,-5,-13,-1016,3757,433,0,0
51,-8,-15,-1019,3755,406,0,0
31,-10,-10,-1073,3799,454,0,0
34,-12,-3,-1102,3763,453,0,0
52,-8,21,-1043,3724,414,0,0
52,5,23,-1000,3757,367,0,0
28,10,12,-1040,3797,375,0,0
21,-7,4,-1072,3771,424,0,0
10,-39,-13,-1077,3745,437,0,0
-4,-49,-9,-1065,3758,418,0,0
-5,-33,2,-1056,3750,399,0,0
-15,-22,-3,-1054,3804,391,0,0
-18,-25,-11,-1076,3837,400,0,0
21,-31,-2,-1097,3787,389,0,0
58,-28,5,-1043,3688,415,0,0
9,-26,-6,-1043,3715,432,0,0
-45,-14,-13,-1100,3799,428,0,0
-23,-6,-6,-1097,3784,408,0,0
3,-11,-4,-1038,3727,388,0,0
-13,-15,-2,-1046,3703,408,0,0
-32,-11,-2,-1081,3716,435,0,0
-27,2,3,-1079,3730,435,0,0
-25,19,3,-1076,3748,408,0,0
-24,20,0,-1112,3783,418,0,0
-4,23,13,-1062,3766,407,0,0
12,48,32,-1035,3743,417,0,0
1,67,43,-1053,3790,399,0,0
9,63,42,-1071,3819,404,0,0
25,32,37,-1071,3772,419,0,0
21,-5,19,-1084,3709,409,0,0
0,-20,3,-1074,3743,380,0,0
-15,-11,10,-1037,3804,393,0,0
30,2,21,-1024,3841,421,0,0
77,3,15,-1059,3751,373,0,0
45,-10,11,-1084,3725,393,0,0
6,-19,3,-1075,3726,389,0,0
-35,-12,1,-1091,3763,390,0,0
-26,4,0,-1079,3822,385,0,0
-14,7,-9,-1081,3762,400,0,0
-41,8,1,-1129,3731,440,0,0
-48,27,17,-1087,3745,419,0,0
-29,60,50,-995,3779,374,0,0
-14,80,55,-954,3798,316,0,0
-7,58,39,-982,3815,342,0,0
-8,1,8,-1019,3767,368,0,0
-12,-45,-8,-1017,3806,389,0,0
11,-50,-11,-1006,3838,401,0,0
40,-41,-8,-994,3833,393,0,0
73,-44,-9,-1009,3812,357,0,0
87,-64,-15,-1036,3814,361,0,0
93,-82,-23,-1052,3828,354,0,0
107,-78,-20,-1019,3748,319,0,0
80,-69,-17,-974,3663,303,0,0
-2,-72,-6,-955,3790,367,0,0
-1,-75,-7,-1005,3799,352,0,0
6,-85,-22,-1074,3734,323,0,0
-5,-97,-27,-1106,3735,296,0,0
-3,-91,-29,-1064,3745,289,0,0
-43,-77,-36,-1088,3846,376,0,0
25,-64,-42,-1185,3929,419,0,0
232,-54,-33,-1157,3834,256,0,0
183,-57,-84,-1073,3480,236,0,0
-89,-114,-236,-1066,3314,268,0,0
-58,-100,-352,-1086,2990,-25,0,0
31,32,-345,-973,2340,-187,0,0
-59,109,-331,-621,1854,256,0,0
96,46,-330,-463,1871,323,0,0
268,-33,-229,-349,1742,250,0,0
136,-124,-190,-469,2436,317,0,0
578,-133,-110,-1255,4290,-403,0,0
1950,-31,29,-1772,6896,-851,0,0
1731,-297,818,-2018,9515,-868,0,0
1451,-1016,1746,-1322,8833,-1443,0,0
1864,-1517,2066,-1428,8613,-1889,0,0
973,-1744,2102,-1006,7072,-1091,0,0
-723,-1758,1524,-1421,5706,-301,0,0
-1962,-1407,566,-1611,3677,1001,0,0
-2427,-911,-136,-2074,1154,983,0,0
-2278,-189,-574,-2311,-367,209,0,0
-1451,262,-492,-1709,-675,298,0,0
-122,590,-639,-700,-366,928,0,0
-231,739,-943,-215,-327,704,0,0
-1452,952,-1040,-242,327,415,0,0
-1494,1290,-941,-310,715,366,0,0
-1175,1457,-549,-150,1543,779,0,0
-525,1446,-112,382,1777,913,0,0
-100,1266,349,98,4138,935,0,0
721,1498,849,623,4987,1805,0,0
1018,1659,964,-625,6615,1825,0,0
-96,1626,485,-1494,7198,274,0,0
-928,1257,-303,-1760,7212,-1034,0,0
-896,550,-1292,-2400,7104,-1530,0,0
-1014,-345,-1304,-1760,5414,-876,0,0
650,-748,-546,-1543,5127,-759,0,0
2191,-226,223,-3262,5999,-2451,0,0
1620,1011,405,-3266,8403,-1087,0,0
1706,452,1539,-596,10026,501,0,0
2416,-1461,2310,316,6975,-138,0,0
2444,-2854,2370,-594,6829,277,0,0
1082,-3079,1736,-2921,6075,3014,0,0
-264,-1986,206,-3034,5174,133,0,0
-423,-149,-601,-1111,164,1648,0,0
-1411,2475,-1288,2627,-5079,-926,0,0
-2484,2859,-1343,3680,-2334,-959,0,0
-3643,1572,-944,-276,1297,-2320,0,0
-2156,29,-419,-2002,6281,1214,0,0
1683,-1570,62,-3552,5283,43,0,0
2783,-1007,922,-2169,2529,170,0,0
1961,261,1425,-895,279,3269,0,0
1158,1043,1945,-16,-804,2759,0,0
2224,1677,2393,465,-664,328,0,0
2743,2791,1991,2068,875,-1417,0,0
-339,3037,1244,2985,3412,-2981,0,0
-2258,1566,323,86,7238,-1828,0,0
-406,-207,-420,267,7159,-1652,0,0
-690,-3232,-1458,1160,8382,-2125,0,0
-3089,-1427,-2516,1770,7625,-125,0,0
-2985,-1793,-2105,792,2947,733,0,0
-960,-1443,-1180,-988,792,-196,0,0
-611,-448,-737,-1263,368,-35,0,0
-781,797,-681,-1302,491,-617,0,0
-11,1873,-1448,-703,2794,-1887,0,0
-248,2102,-2688,-2106,11442,-1944,0,0
1633,1429,-1735,-3752,17149,-2383,0,0
4931,627,1303,-1701,15759,-3881,0,0
6920,356,3715,1205,9686,-2349,0,0
7177,160,4563,1113,7238,720,0,0
4325,-642,4753,-668,4606,2278,0,0
1510,-890,3732,-3189,-94,6574,0,0
-2513,-881,1568,-5109,-1380,10157,0,0
-4635,-1360,-1075,-5874,-987,4529,0,0
-5424,-994,-2979,-6779,2737,-989,0,0
-6548,40,-3106,-1543,4710,-292,0,0
-3343,-188,-2557,555,7087,-2651,0,0
-1136,-48,-1170,581,3993,-4287,0,0
-113,570,195,1232,1349,-1977,0,0
777,505,1294,950,1066,-512,0,0
1529,238,1985,-205,931,-591,0,0
1176,81,2434,681,2540,864,0,0
1121,-299,1767,2024,3830,889,0,0
-69,-569,818,638,6098,-1242,0,0
-202,-492,471,188,6672,-1900,0,0
-313,-577,204,203,6826,-2043,0,0
-653,-332,-696,-1148,6862,-2855,0,0
-974,-48,-976,-673,6026,-1950,0,0
-317,-399,-177,69,3562,-1123,0,0
-271,-755,467,135,1269,-422,0,0
-106,-700,380,673,1238,495,0,0
-543,-913,-252,1571,1535,-489,0,0
-909,-1143,-1177,-1329,7944,-3476,0,0
751,-707,-820,-3759,16190,-3217,0,0
4243,456,1664,-2508,13104,-4253,0,0
6270,2481,2433,-1592,8740,-1649,0,0
3767,3353,1673,-3765,7145,1057,0,0
2602,3160,540,-2733,3992,2500,0,0
282,2397,-1148,1059,805,5327,0,0
-2226,773,-2952,5919,-4509,4889,0,0
-3067,-834,-4764,1056,-950,-1936,0,0
-4564,-1621,-4934,656,1142,-858,0,0
-5899,-2963,-3676,-756,3366,4016,0,0
-479,-3992,-1391,-3541,6354,692,0,0
652,-3268,131,-1691,1826,-3655,0,0
-224,-1382,721,-602,1162,-848,0,0
880,239,749,-1051,636,-1084,0,0
939,1970,663,-779,-969,-2424,0,0
983,2670,990,204,523,642,0,0
2188,2484,917,174,3526,-2385,0,0
-278,2203,933,187,4883,-3233,0,0
48,1509,1019,-2533,6647,-15,0,0
1719,989,936,-2354,7185,1507,0,0
368,675,1072,-381,6523,2011,0,0
-210,584,463,202,5853,-21,0,0
-1939,754,-950,-121,5826,-1061,0,0
-2651,388,-1623,-5,4595,-1146,0,0
-1183,-444,-1226,741,4204,-1793,0,0
-169,-807,-877,1253,3040,-1045,0,0
635,-951,-378,1122,2752,-1179,0,0
1575,-849,-218,533,5594,-1702,0,0
2852,-749,407,-721,9377,-1569,0,0
4233,-153,1424,97,10288,-4307,0,0
4575,814,2113,3244,10019,-4064,0,0
3953,840,2546,1896,8093,-3590,0,0
3666,580,2395,-678,5825,-2236,0,0
2400,221,2210,-3133,2339,3102,0,0
-146,-306,1176,-4790,74,7361,0,0
-2803,-808,-61,-6166,-982,5134,0,0
-4730,-1970,-942,-1676,802,3741,0,0
-6100,-1773,-1973,-2784,6618,-2513,0,0
-5636,325,-3139,-5976,6454,-4091,0,0
-3224,1368,-3228,-2187,4536,-3265,0,0
-1284,2152,-1628,2936,4506,-2247,0,0
-525,2919,-730,3058,4380,-2528,0,0
657,2354,734,2804,1749,712,0,0
1945,926,1898,727,1928,-1280,0,0
1474,419,2683,-80,1593,-639,0,0
1472,-232,3471,3300,3423,-222,0,0
2235,-855,3503,4004,3586,-688,0,0
1495,-931,2486,3181,4475,-2841,0,0
-173,-519,646,1034,6005,-3754,0,0
-1890,-2120,-911,1073,6295,-2076,0,0
-2117,-55,-1562,-112,6051,-3959,0,0
-1814,-182,-901,169,3838,-2700,0,0
-561,-875,-403,461,2520,-1229,0,0
342,-1043,-36,-450,1576,-321,0,0
35,-787,264,-728,1605,305,0,0
95,-575,347,235,1619,514,0,0
-247,-482,250,2317,2282,-337,0,0
55,-371,-95,5199,4464,-2151,0,0
721,419,-179,514,9286,-4230,0,0
1210,1467,562,-4272,12902,-5931,0,0
2941,1806,1373,-235,10427,-7790,0,0
2819,697,1713,2582,7599,-5503,0,0
3297,-642,809,2461,4569,-434,0,0
5518,-763,-1431,612,2219,7970,0,0
121,-925,-3586,-2620,45,10092,0,0
-5674,-259,-3653,1087,-468,9095,0,0
-6283,-444,-4299,855,4157,-1392,0,0
-6248,-1025,-4373,1165,7544,-3556,0,0
-3009,-2907,-2418,-1861,6458,-2210,0,0
231,-4003,-233,-4698,3141,-2877,0,0
656,-3146,1529,-2817,1710,-3756,0,0
1206,-1274,2357,-871,1943,-490,0,0
3174,182,2000,488,-1523,-629,0,0
3699,1664,708,290,-1365,-1642,0,0
2082,2311,7,-142,3204,-1927,0,0
413,2893,75,-2195,6684,-1699,0,0
489,2854,846,-2354,6731,-337,0,0
1226,1759,1577,-812,4541,-797,0,0
1202,977,1448,1224,4478,-1692,0,0
-2056,621,473,2015,5750,-2371,0,0
-1584,458,-341,2632,7227,-2458,0,0
-1764,308,-349,2496,5425,-1843,0,0
-1166,-120,254,1105,2025,-1240,0,0
-158,-640,705,792,-103,58,0,0
279,-1086,248,1889,-1894,-707,0,0
-339,-1679,-945,8274,837,-3896,0,0
-751,-1863,-1377,5205,10103,-4933,0,0
1904,-1343,814,-2008,20008,-906,0,0
3891,-118,4195,-1343,8043,-1495,0,0
1211,767,3928,-1630,819,637,0,0
-2191,464,980,-5869,-383,2758,0,0
-3268,-1291,-2321,-3420,-928,1170,0,0
-4008,-3527,-4543,-213,809,-1804,0,0
-6366,-4049,-5221,1027,6524,2142,0,0
-2814,-2759,-4728,-4309,3813,-531,0,0
-2362,-453,-2826,-7594,4768,-4611,0,0
-2339,1334,-242,-2388,2854,-2335,0,0
646,1693,1180,605,2219,169,0,0
1587,1883,1669,106,2677,2254,0,0
1741,2124,2124,366,1811,2837,0,0
2478,2021,2556,310,2303,1190,0,0
2733,2089,2834,751,3178,960,0,0
2477,2007,2690,1404,3201,2275,0,0
2216,1410,1997,1287,2471,1604,0,0
1687,1043,1413,1480,2147,-393,0,0
595,720,847,3332,2783,-809,0,0
-679,-322,382,2614,3395,-2166,0,0
-1197,-1048,-43,972,4526,-3135,0,0
-2119,-1479,-452,80,4783,-977,0,0
-730,-1772,-654,-2469,7875,-2764,0,0
519,-1360,-884,908,6427,-1554,0,0
974,153,-58,4876,4398,-1417,0,0
2151,722,192,-1194,-642,-7218,0,0
-427,818,-1464,-582,1127,-2501,0,0
-2502,1227,-3298,-2902,7758,-1537,0,0
-3991,2273,-2713,-3855,19094,-129,0,0
1306,1713,849,-1331,11829,702,0,0
2185,542,2577,-2776,2475,-1838,0,0
1248,298,1392,-755,2395,-1210,0,0
-1299,291,-524,-1116,3048,674,0,0
-4331,985,-2571,1204,419,5225,0,0
-2649,1251,-4143,4648,-713,358,0,0
-236,859,-3348,7044,-1409,-2601,0,0
-1391,-767,-1716,4221,-1462,-1012,0,0
-129,-1906,-1504,1075,457,853,0,0
1281,-3029,-1240,-620,6106,3706,0,0
3450,-4478,587,-5502,7026,1852,0,0
3197,-3488,2051,-5213,2276,-717,0,0
2483,-996,2572,-4224,1806,361,0,0
2088,821,2744,-4127,2028,202,0,0
1646,1763,3065,-1795,1822,-521,0,0
3024,2041,2791,-253,3404,-852,0,0
3735,2727,1877,-685,2905,1129,0,0
3397,2460,1037,1699,1293,984,0,0
2528,1814,-528,2657,2337,-4024,0,0
-12,2084,-2299,4130,3856,-6247,0,0
-1987,1894,-3135,4610,8195,-3306,0,0
-2040,-193,-2197,4496,5409,-1138,0,0
-73,-1784,-388,3085,2370,-1641,0,0
829,-1966,397,3289,1702,-1165,0,0
639,-1542,939,1425,414,-1325,0,0
495,-866,673,417,638,-977,0,0
-471,-119,-680,-453,4466,-34,0,0
-1378,-67,-1357,-1239,7394,-1523,0,0
-506,-418,258,523,8875,-5554,0,0
1173,-791,1939,4813,5098,-5511,0,0
1438,-1760,2529,6627,4943,-7048,0,0
1507,-2008,2781,1700,5658,-5436,0,0
2273,-1773,1931,-966,3760,106,0,0
-241,-2023,509,-1404,2028,4880,0,0
-988,-2798,-966,-1582,-823,3997,0,0
-4801,-3323,-2376,-1729,-2014,5647,0,0
-7487,-3071,-3086,-1257,6986,6135,0,0
-5798,-1558,-2209,-5473,2820,-2245,0,0
-5332,1552,-2044,-6568,-1046,-4991,0,0
-4166,3643,-889,-3838,1781,-1808,0,0
-2707,4236,-221,-597,4326,1306,0,0
-984,4183,-124,-1879,6771,2243,0,0
-505,3860,881,-2186,6644,2172,0,0
-224,3110,2278,-2393,4983,-76,0,0
1987,3084,3539,-1142,3507,1530,0,0
3427,2298,3515,1474,3398,3930,0,0
2666,1097,3169,3516,1520,2669,0,0
1266,544,2411,3247,1721,56,0,0
-31,-424,952,1514,4624,-2975,0,0
-2217,-1189,-353,-506,4193,-4573,0,0
-2846,-1639,-1374,-778,3708,-2358,0,0
-2341,-2130,-1443,-2435,4291,-1898,0,0
-765,-1175,-973,-4698,6071,-2011,0,0
-393,107,-971,-3725,5589,-1143,0,0
-91,914,-752,-1287,5623,-827,0,0
2005,1056,-661,412,3525,1122,0,0
1193,-97,-743,761,2676,1411,0,0
113,-815,-701,-382,3733,-345,0,0
337,-531,-332,-757,3541,-489,0,0
848,-235,121,-1004,4390,-822,0,0
630,-775,799,605,4871,2786,0,0
172,-2796,1481,-883,2325,2323,0,0
-212,-3468,792,-632,988,592,0,0
-3562,-3421,-738,-883,1373,3067,0,0
-4486,-2814,-2035,-6665,9837,1066,0,0
-4314,-322,-1127,-8139,7987,1118,0,0
-2625,1833,987,-6120,7003,2234,0,0
958,2613,1853,-1044,3063,2078,0,0
2981,2865,1967,2473,581,508,0,0
4091,1534,1934,525,-1447,-294,0,0
4041,-284,1512,126,-3077,-1625,0,0
1488,-1140,805,1023,-935,-2237,0,0
-953,-1237,-342,-566,2076,-1133,0,0
-1121,-1152,-312,-479,5930,340,0,0
525,-1052,-410,-1687,9884,-3784,0,0
-1073,-625,537,-1479,7715,2692,0,0
400,-1188,1255,-1737,4678,2383,0,0
-1119,-838,-145,-3534,3182,-774,0,0
-2165,518,-1536,-1914,3016,712,0,0
-2786,422,-1530,-2316,5317,891,0,0
-2877,159,-1031,-3502,5473,897,0,0
550,521,-142,-4277,8348,1460,0,0
1206,1382,1156,-5863,8452,2852,0,0
564,3104,2024,-5436,7049,5209,0,0
401,3822,1756,-1097,3628,4317,0,0
508,2636,-272,4605,1587,-307,0,0
723,781,-1597,4720,-909,-3860,0,0
-151,-44,-1459,2623,-589,-568,0,0
63,-820,-605,2079,513,1396,0,0
1311,-1974,253,941,1233,1030,0,0
876,-3126,1000,-230,1200,1409,0,0
510,-4005,1285,-1035,1315,1973,0,0
952,-4051,1194,-1766,809,1617,0,0
-391,-3412,1275,-2148,975,1317,0,0
171,-1927,1081,-2400,2459,670,0,0
765,124,1359,-2980,3237,958,0,0
193,1750,1941,-1980,4589,1331,0,0
661,2837,1476,-1943,6008,304,0,0
1228,3431,648,-455,5032,755,0,0
1012,2938,341,2208,5379,1159,0,0
110,1919,-141,2264,5060,-683,0,0
-413,1416,-637,2316,6006,-1350,0,0
-554,1066,-1491,1770,7096,-701,0,0
-98,859,-1605,818,6443,-606,0,0
1182,845,-518,1639,3569,28,0,0
1945,469,569,1562,1514,-2480,0,0
2694,375,890,1154,1422,-683,0,0
1917,165,675,566,1411,-311,0,0
35,127,272,-1352,3795,-1226,0,0
-457,446,-155,-4064,5748,788,0,0
-514,364,-329,-2497,4640,-110,0,0
-504,392,-746,-1278,4102,-1562,0,0
-685,128,-1271,563,4249,-1790,0,0
-354,-586,-1223,2111,5908,-2947,0,0
1006,-1285,-328,3053,6457,-4844,0,0
2478,-1427,753,2605,7672,-4619,0,0
2901,-1835,1323,1314,9622,-3954,0,0
4216,-2445,1558,-726,10478,-5532,0,0
5091,-2006,1610,-416,6072,-2653,0,0
3882,-1645,1458,-516,4021,163,0,0
2632,-1214,1345,-773,2683,1421,0,0
597,-1238,1332,-1247,1997,3166,0,0
-24,-1515,1131,566,-170,5006,0,0
-1289,-1854,1311,-39,-1356,3079,0,0
-4535,-1043,1267,-3370,381,2225,0,0
-5691,-333,-303,-5877,1709,2221,0,0
-6003,461,-2585,-6705,2870,-1349,0,0
-6708,1513,-3315,-1487,4604,263,0,0
-3558,704,-2616,290,6350,-1290,0,0
-2435,254,-1022,-485,3722,-4318,0,0
-1030,892,581,669,3266,-788,0,0
613,663,1922,-15,3953,-38,0,0
969,451,2768,-838,3894,485,0,0
1207,437,2758,380,3638,1714,0,0
801,-143,2504,851,3674,869,0,0
1414,-440,2155,1106,4100,-557,0,0
641,-441,1718,455,5365,-1111,0,0
-1385,-169,1322,-848,5055,-507,0,0
-624,316,843,-1725,5604,321,0,0
-65,388,563,-1482,5292,-525,0,0
47,594,518,-1656,4297,-1720,0,0
1129,1166,-41,-855,3751,-1041,0,0
598,1400,-962,303,4920,-722,0,0
-579,1551,-1267,-15,6404,-219,0,0
-58,1224,-1358,-270,5939,476,0,0
39,110,-1285,-580,6191,-415,0,0
-349,-690,-1123,-388,5253,66,0,0
1102,-1081,-1255,-481,4539,85,0,0
1798,-1171,-1273,-1519,4784,-1673,0,0
204,-495,-736,-2879,7625,-2598,0,0
-18,809,366,-3559,10389,-756,0,0
1354,1357,1515,-2729,7250,740,0,0
164,1264,1836,-2563,4083,-182,0,0
-1838,2207,226,-1215,2311,2562,0,0
-1771,1868,-1684,1304,-1515,8,0,0
-193,1514,-2759,4610,-2214,-2637,0,0
-1415,1012,-2024,5813,-1221,426,0,0
-2702,-333,-986,2341,-681,927,0,0
-206,-1176,-582,100,3906,-130,0,0
1238,-2217,451,-548,5188,2155,0,0
1948,-3439,1393,-2411,2876,2335,0,0
2387,-3023,1990,-3235,898,-31,0,0
1938,-1205,2329,-2272,1106,906,0,0
1778,-61,2411,-1956,2315,1054,0,0
1091,609,2367,-1328,3072,-347,0,0
1734,1452,1690,-1447,4400,-1353,0,0
1901,1565,1029,-164,3885,-733,0,0
1693,1226,359,715,3461,-1904,0,0
307,993,-742,3601,3262,-2359,0,0
-422,753,-1708,2892,5631,-3388,0,0
-1523,733,-2302,1729,7735,-3795,0,0
-2485,781,-1585,1857,5584,-1150,0,0
-1673,91,23,1971,4567,936,0,0
-23,-1029,691,823,2167,-264,0,0
-350,-965,61,-99,1865,-927,0,0
-1694,-241,-2672,-1004,4478,1542,0,0
-375,389,-952,-2926,5915,1736,0,0
-424,497,-532,-277,5345,-942,0,0
418,-799,87,6788,10930,-6243,0,0
3452,-1273,1706,3733,11383,-5621,0,0
3993,-927,3098,3201,9355,-670,0,0
2814,-1640,3720,1137,8036,-2638,0,0
3285,-1434,3287,-1265,3000,-1170,0,0
806,-1414,1846,-2231,-1991,3975,0,0
-40,-2233,-152,-3131,-2487,2436,0,0
-3097,-971,-2296,500,-4712,7362,0,0
-7340,-139,-3499,750,682,9884,0,0
-2656,-1065,-4219,-4907,4823,1852,0,0
-4214,-883,-4573,-8611,2967,-4006,0,0
-7166,556,-3819,-7732,4903,-1813,0,0
-2167,1987,-978,-3502,5519,-3300,0,0
-775,2771,297,-352,5714,-540,0,0
83,2899,945,1737,5487,1548,0,0
27,2592,2134,994,4787,1568,0,0
562,1971,3351,-563,4167,2277,0,0
1445,1523,3258,-686,3401,3264,0,0
1424,1057,2451,-593,2627,2276,0,0
1976,1085,1748,-981,2158,1028,0,0
860,846,1367,1343,3326,1235,0,0
-3,62,862,2481,4701,-374,0,0
-1114,-264,744,1887,4137,-1130,0,0
-1238,-600,323,1730,5038,-1019,0,0
-1204,-1231,-475,1827,6474,-1574,0,0
-2559,-1752,-748,776,4626,-122,0,0
-1624,-2221,-707,-1466,5572,39,0,0
275,-2313,-306,-2247,3743,368,0,0
2052,-1792,-18,-2643,3408,-678,0,0
2318,-530,-109,-300,3901,-1055,0,0
1481,261,-101,1187,3228,101,0,0
1423,407,294,1058,2634,-1271,0,0
655,498,106,753,2639,-1043,0,0
-118,582,-294,-205,4224,-1017,0,0
-17,800,-266,-1007,5542,-2169,0,0
-705,652,-1,-50,5690,-3145,0,0
-615,262,61,-431,8650,-5001,0,0
-2952,399,531,-517,9230,-3594,0,0
348,570,1086,1790,7707,-1235,0,0
1788,143,1208,3510,5469,6,0,0
1886,-234,670,2229,-312,1587,0,0
-74,348,-1542,-2330,-1730,5841,0,0
-2441,544,-3319,-7301,5054,7147,0,0
-5762,836,-3491,-2827,1689,5450,0,0
-3151,1559,-3839,1861,4514,-1523,0,0
-4190,1535,-3134,6793,5967,-2412,0,0
-1845,785,-2090,4687,2774,-4901,0,0
2221,259,-1921,824,2005,-2638,0,0
2126,-1553,26,-323,6846,2275,0,0
3996,-3302,2056,-1253,5225,2052,0,0
3997,-3049,2704,-2006,1505,1209,0,0
3050,-1602,2738,-3040,914,514,0,0
1467,-7,2466,-3811,3459,1277,0,0
371,1015,2181,-3093,3429,2548,0,0
577,1430,1553,-2757,2687,1119,0,0
374,1137,1250,-1506,3165,-545,0,0
1676,744,877,20,4154,-756,0,0
1856,63,325,2569,3447,-393,0,0
604,-443,-170,3503,3529,-673,0,0
-998,-2,-613,1328,5940,-908,0,0
-2322,950,-649,-343,7552,-277,0,0
-2644,1401,-328,574,7371,-1172,0,0
-1959,1408,-338,2505,5093,-762,0,0
-1373,789,-315,1689,3682,-1804,0,0
-53,275,-262,2704,4699,-3541,0,0
1559,-366,-232,3425,3440,-2538,0,0
2283,-1788,-260,764,8998,-2663,0,0
4007,-2375,169,-524,13077,-4298,0,0
4268,-2827,1235,975,10384,-4368,0,0
6137,-3493,1390,969,6705,-4353,0,0
6096,-2677,466,688,2257,-2097,0,0
2792,-1847,-300,446,1008,-7,0,0
2009,-1191,-887,671,1594,1149,0,0
3661,268,-1184,4330,809,7268,0,0
706,680,501,3280,9463,11692,0,0
-4703,-64,4148,-3893,6071,7062,0,0
-7979,-556,2852,-9808,1798,-1665,0,0
-10810,1211,-2288,-8765,2312,-7463,0,0
-10067,2477,-4169,-1637,6921,-1648,0,0
-6663,1908,-3310,-653,10333,-3999,0,0
-2965,1997,-962,774,5668,-4110,0,0
3109,2150,866,145,4286,-335,0,0
3218,1836,2388,-493,4000,2258,0,0
1709,1834,2942,180,3683,4168,0,0
2480,1774,2292,204,3085,1886,0,0
1167,1723,1673,35,2931,-14,0,0
-39,1506,1467,159,2994,676,0,0
281,694,1323,496,3641,1356,0,0
-386,-303,858,883,3537,665,0,0
-1724,-665,-268,-37,4867,-480,0,0
-2342,-733,-1463,322,5055,-131,0,0
-1734,-3040,-1973,-986,6570,-1224,0,0
-1358,-583,-1390,-1531,5712,-1233,0,0
-376,91,-596,-2598,2885,-2319,0,0
977,871,-843,-3631,8616,-3079,0,0
820,1161,-511,-1306,6990,-1498,0,0
666,1322,804,383,4297,-930,0,0
726,1483,614,-2790,7631,-375,0,0
583,1191,738,-2870,9062,-977,0,0
486,409,1773,-2736,7555,-1811,0,0
-656,-558,2369,607,5906,-1678,0,0
213,-1432,1833,988,6843,-1422,0,0
1475,-1506,1307,917,5427,772,0,0
378,-634,176,-1343,2425,4954,0,0
669,482,-1991,454,-309,2152,0,0
-1263,1561,-3444,4173,-4402,1466,0,0
-893,1785,-3522,5722,-5774,-332,0,0
219,-109,-3183,2436,-2474,-1611,0,0
-2524,-1728,-2665,-30,3435,14,0,0
3010,-2597,-898,-2572,10499,1627,0,0
4593,-3650,2138,-4167,4314,-168,0,0
1788,-2504,3182,-2498,-29,-1067,0,0
1872,-950,3265,-1211,1374,-664,0,0
575,-439,2976,-2186,2619,-546,0,0
-702,260,2430,-1880,4955,505,0,0
614,1230,1830,-2435,3998,-909,0,0
118,2001,1294,-1347,3477,-1067,0,0
198,1957,716,1059,4296,-862,0,0
324,1620,-444,2141,4342,-2871,0,0
-1755,1679,-1431,2870,5279,-2733,0,0
-2870,1866,-1772,1831,6464,-1488,0,0
-1492,1849,-1166,682,5743,-819,0,0
369,1551,-273,518,4330,613,0,0
1305,679,262,-22,2492,215,0,0
1127,473,42,-467,2163,-268,0,0
147,690,-561,-1464,3305,-57,0,0
-346,811,-969,-2985,5099,-937,0,0
-214,1319,-1193,-2819,5592,-1534,0,0
354,1609,-1408,-1194,4712,537,0,0
1031,538,-1964,3690,5644,1669,0,0
1705,-1493,-1527,10868,7191,-5086,0,0
2804,-2212,978,6604,8907,-7656,0,0
4883,-3715,2318,-893,15904,-3366,0,0
6925,-3365,3222,-3607,12578,-3820,0,0
4818,-1078,3410,-1730,5506,-1017,0,0
2265,-632,3055,-828,1860,3241,0,0
1395,-1169,2142,-1489,-1082,5700,0,0
-340,-2285,1440,-1893,-3726,5775,0,0
-3129,-2136,473,-3412,-2128,4840,0,0
-6423,-1118,-119,-4393,4914,7259,0,0
-4767,79,-1134,-6271,4125,-3147,0,0
-4922,2369,-1786,-3291,1276,-5592,0,0
-4212,3557,-2414,-1094,5946,-1931,0,0
-2108,2621,-2171,1381,6374,-3590,0,0
-1372,1984,116,2330,3953,-2389,0,0
1000,1583,2348,1839,2325,1355,0,0
1624,173,3318,888,1485,1549,0,0
450,-613,2739,1399,1301,610,0,0
183,-420,1409,1787,1611,563,0,0
968,-229,573,1635,2935,-69,0,0
629,-290,108,752,4673,-2,0,0
-972,181,-711,-2495,6323,-1146,0,0
-2124,1298,-972,-3444,8640,-1911,0,0
-1622,1994,-1305,-2353,7565,-2355,0,0
-1101,1652,-1614,-399,5875,-2577,0,0
-625,326,-1260,385,5237,-1426,0,0
560,-886,-570,113,3563,-136,0,0
256,-1208,-19,-343,3148,325,0,0
-190,-1015,143,-719,3626,735,0,0
29,-970,227,-980,4908,502,0,0
452,-926,378,-787,5204,-22,0,0
6,-991,582,-530,4638,-155,0,0
91,-904,692,-654,4557,-1076,0,0
87,-548,613,-539,3937,-508,0,0
-311,-313,409,-627,3633,185,0,0
-589,-150,218,-709,3431,281,0,0
-686,-8,22,-532,3448,829,0,0
28,94,-53,-291,3429,575,0,0
235,290,104,-329,3083,88,0,0
-82,397,142,-52,3502,155,0,0
-242,207,165,-699,3976,-319,0,0
-340,-110,30,-827,3710,-229,0,0
-354,-498,-135,-926,3838,-665,0,0
-307,-566,-404,-925,4045,-608,0,0
-168,-403,-616,-617,4551,23,0,0
198,-195,-446,-685,4297,297,0,0
572,373,-165,-652,3625,297,0,0
837,1008,-74,953,3072,278,0,0
1012,1141,-53,1411,2619,-69,0,0
944,701,-23,822,2676,4,0,0
766,-152,80,-203,3954,-795,0,0
555,-885,-22,-967,4216,-272,0,0
-3,-1299,-200,-1650,3604,-610,0,0
-352,-888,-483,-3544,3745,-823,0,0
-456,-391,-771,-1788,4725,-342,0,0
-573,-116,-662,-1231,5114,-729,0,0
-317,275,-278,-1009,4386,-737,0,0
177,433,252,-1501,3570,-603,0,0
128,678,566,-1202,3424,-828,0,0
251,1607,579,-644,2997,-780,0,0
450,2273,547,286,3152,-344,0,0
334,2198,569,-379,2926,-50,0,0
179,1770,528,-1509,3296,-546,0,0
-163,1493,-13,-575,4351,-618,0,0
-562,1149,-813,305,4707,-702,0,0
-631,417,-1061,-115,3608,-567,0,0
-889,-399,-882,-561,3755,-406,0,0
-816,-576,-913,-957,3556,583,0,0
-711,-587,-940,-1293,4163,62,0,0
-505,-397,-666,-1039,4756,-196,0,0
-383,-312,-218,-1294,4454,-218,0,0
-8,-140,115,-1220,3959,356,0,0
168,-31,122,-1320,3478,598,0,0
304,-235,24,-1686,3481,73,0,0
458,-323,16,-2127,3949,-477,0,0
340,5,188,-1782,4415,-1243,0,0
379,592,600,-1768,4449,-1565,0,0
248,1089,1020,-1587,3464,-1635,0,0
413,842,777,-1690,3978,-3018,0,0
534,-39,740,-4675,4648,-1287,0,0
-1144,-170,474,-3854,9995,2744,0,0
790,-379,504,-1021,12523,3050,0,0
443,-918,1802,806,6095,-64,0,0
-465,-709,1638,495,4899,-1119,0,0
-1209,90,148,234,2674,536,0,0
-2949,945,-2509,-330,1813,1874,0,0
-1340,1057,-4226,1698,42,-2273,0,0
-452,1766,-3475,6713,-1301,-3639,0,0
-904,1830,-1219,6172,-1718,414,0,0
-470,251,-273,3840,-229,2146,0,0
954,-1508,-250,-441,5934,1903,0,0
3667,-2726,790,-3375,8128,2750,0,0
4039,-3229,1652,-4776,3581,1178,0,0
3036,-1781,1901,-3830,58,-1109,0,0
1755,206,2409,-2931,1067,176,0,0
1740,809,2720,-2638,2282,278,0,0
1983,1014,2542,-1431,2698,-972,0,0
1961,1411,1907,-1083,2737,-1564,0,0
1216,1407,1305,-585,3992,-1490,0,0
1329,1087,872,229,3213,-1666,0,0
605,708,132,1808,3368,-1715,0,0
-164,652,-1215,1645,4160,-3807,0,0
-1609,1188,-2442,1551,4795,-2972,0,0
-2042,1250,-2732,2278,6728,-2362,0,0
-1489,699,-1537,2113,4703,-2385,0,0
-490,-25,120,1753,2532,-222,0,0
217,-725,1090,477,1702,-363,0,0
25,-547,597,252,2266,323,0,0
-708,-293,-190,-376,4838,-408,0,0
-840,299,-316,-1005,5418,-1766,0,0
-459,826,22,286,4927,-2486,0,0
292,922,-103,1209,4424,-2842,0,0
598,823,-342,1274,3829,-885,0,0
534,360,-353,564,3626,-414,0,0
803,-142,-497,1319,3768,-1123,0,0
1267,-982,-658,2687,5173,-2943,0,0
2204,-1613,124,3197,8266,-5871,0,0
3551,-3608,1680,2593,9199,-7632,0,0
4483,-977,2623,1208,6662,-6058,0,0
3073,-1023,2398,192,3283,-3179,0,0
1053,-1349,1379,-492,1922,-772,0,0
-992,-1838,470,354,2258,982,0,0
-43,-2482,-123,1447,400,2838,0,0
-180,-2987,-199,1382,1732,4644,0,0
-4287,-3088,1335,-628,5189,6112,0,0
-2452,-2152,2838,-4567,3143,3013,0,0
-2744,-63,2037,-6985,1579,-1173,0,0
-4881,2462,-714,-7025,-247,-6211,0,0
-6929,4357,-2404,-275,898,-2012,0,0
-4901,3427,-2893,2127,3914,-514,0,0
-27,1952,-2207,1123,4264,-2851,0,0
1421,1973,-246,-614,4710,-142,0,0
2265,2064,1599,-1301,4923,106,0,0
1423,2153,2420,-312,4274,1344,0,0
2191,2105,1821,765,3626,1682,0,0
1648,1622,1239,669,3473,620,0,0
340,1221,1190,83,4085,515,0,0
685,794,758,-493,4444,-1361,0,0
-113,795,-214,-673,4043,-3275,0,0
-2570,664,-1110,1198,4959,317,0,0
-2781,-983,-1935,1478,7432,-610,0,0
-3086,-2141,-1931,-348,6955,-3295,0,0
-1645,-1364,-1755,-1942,5559,-2841,0,0
393,-609,-3616,-1607,4645,-725,0,0
242,-916,-1200,-2592,2509,1262,0,0
241,-1366,-1427,-3037,2129,1932,0,0
1565,-1349,-1767,-1034,3686,2209,0,0
1490,-1118,-1105,394,4573,2755,0,0
126,-964,-47,-975,2215,-628,0,0
366,-464,387,-2314,2090,-1099,0,0
488,-419,423,-3730,2561,-972,0,0
-229,-319,86,-3993,3580,-1137,0,0
-791,-197,-263,-4458,6195,-1425,0,0
-1273,414,-452,-5421,7909,-1807,0,0
75,1141,404,-4996,9142,-1141,0,0
1614,1635,1588,-4274,7961,-1159,0,0
2282,1751,2277,-4401,8597,-17,0,0
2931,1657,2577,-2320,5239,385,0,0
-89,1557,1375,-1829,2622,3571,0,0
-1335,1108,-863,537,-343,556,0,0
-2432,1321,-2517,7671,-3529,-2786,0,0
-2779,1550,-1554,8543,-2312,-1123,0,0
-2112,692,537,3143,-2541,67,0,0
-1315,-724,747,1066,560,1669,0,0
1960,-1831,-680,-2130,5205,3641,0,0
3984,-3263,-259,-5445,8762,3219,0,0
4358,-3076,1837,-5796,1455,-333,0,0
1897,-1148,2992,-2877,-1209,-449,0,0
841,-210,3153,-1907,259,198,0,0
1141,172,2668,-1150,915,-926,0,0
471,767,1809,55,2906,-1301,0,0
323,1404,619,-303,4861,-2128,0,0
292,1824,-91,993,4971,-1596,0,0
295,1531,-482,1946,4333,-2893,0,0
-905,1473,-1693,3381,5357,-4045,0,0
-530,1287,-2949,3076,5896,-414,0,0
-1989,-713,-3124,68,7706,-741,0,0
-1921,-958,-2063,-956,7599,-320,0,0
-1807,-926,-955,-1370,3921,75,0,0
-618,-358,-518,-1617,1687,-1508,0,0
120,738,-727,-1360,1552,-103,0,0
33,1378,-861,-1542,1903,-121,0,0
442,1546,-714,-1148,2724,-2303,0,0
961,1408,-821,-343,4907,-5480,0,0
1513,637,-265,1110,9726,-9038,0,0
4035,146,887,2614,14940,-6698,0,0
6658,-685,1538,3688,14300,-2961,0,0
7642,-1028,1918,360,10413,-6170,0,0
6373,-164,2058,408,8096,-1180,0,0
6656,-15,1547,72,3648,1505,0,0
3779,314,1913,-2209,1739,825,0,0
-870,646,3029,-3804,-763,7633,0,0
-1345,-844,3256,-3424,-3042,10358,0,0
-4458,-1683,2886,-3658,728,7773,0,0
-7637,-1133,1715,-5582,5665,7467,0,0
-7746,-120,-930,-10108,5897,-2435,0,0
-8927,1664,-2282,-3808,5863,-3801,0,0
-5391,2675,-3071,-2792,8621,-1953,0,0
-5589,2214,-3041,1394,9189,-636,0,0
-2217,2037,-431,2111,5482,-1680,0,0
2228,2543,1508,1697,3022,-1366,0,0
1988,1703,2360,2099,1655,-92,0,0
1996,634,2923,1729,2450,44,0,0
1658,30,2904,2569,1791,1432,0,0
1075,-602,2948,255,3247,-446,0,0
186,-296,2371,2815,4659,38,0,0
-2923,251,1290,-608,8574,-1305,0,0
-5751,1270,13,-4131,6596,-1213,0,0
-2652,-535,-2055,-8149,12162,-5409,0,0
-495,-1880,-3032,3502,4585,1324,0,0
1652,27,-740,4820,5723,3930,0,0
816,-397,390,-1452,4077,-6008,0,0
1036,417,309,1213,4432,1002,0,0
1771,299,403,-937,3503,-863,0,0
798,337,-56,-1892,1793,844,0,0
-557,348,-877,-3124,1600,548,0,0
-74,1614,-2727,417,2507,-1578,0,0
-1958,1564,-3108,-246,1414,500,0,0
-2511,-131,-2485,-1194,11008,3573,0,0
-2317,-1053,-1608,-3632,6904,2191,0,0
256,-1216,-1349,-2952,1944,380,0,0
-386,-1576,-2474,-2372,2285,1398,0,0
764,-2351,-2217,-6876,7499,3404,0,0
2831,-2575,-1014,-10190,5602,2705,0,0
-1309,-543,499,-6755,1832,4105,0,0
-4278,567,867,-1881,3037,653,0,0
-2720,1539,251,2004,1530,-1929,0,0
97,2102,-26,3114,885,-1678,0,0
1876,2110,-2,1671,-304,-448,0,0
951,1759,80,-507,-624,752,0,0
-521,1706,322,-1742,1158,1805,0,0
283,1761,549,-2284,2669,1638,0,0
255,1650,375,-3549,3068,2703,0,0
125,494,-235,-4645,5162,2281,0,0
-579,-1000,-454,-6801,5048,-1440,0,0
-570,-1413,-24,-5674,3903,-149,0,0
2844,-2083,-179,-5087,3551,25,0,0
2770,-2513,107,-4565,4829,-2146,0,0
2035,-1475,830,-2941,3649,-2707,0,0
1265,39,954,-1302,2061,-1719,0,0
-163,968,1098,-280,1295,-700,0,0
-1293,1044,1513,303,1258,56,0,0
-509,746,1742,527,1791,-18,0,0
839,12,1412,1422,2070,1345,0,0
302,-1928,944,921,2827,1154,0,0
1047,-3546,167,-1614,4499,1878,0,0
3497,-4187,2,-5268,6460,3803,0,0
2418,-3834,1030,-6552,3998,2445,0,0
745,-2020,1480,-4679,2682,-672,0,0
245,291,1035,-2323,3351,460,0,0
-658,1186,521,-2033,3284,-853,0,0
-266,1934,-92,-1534,3259,-2110,0,0
-382,2259,-481,-690,3096,-1239,0,0
-730,1731,-548,-334,3125,-3336,0,0
-841,1058,-740,-481,3133,-1255,0,0
-1103,599,-1106,-345,2706,-643,0,0
-824,387,-1450,-735,3463,-41,0,0
143,472,-1575,-1218,3536,746,0,0
-343,378,-1406,-1028,4135,2689,0,0
-280,67,-752,-2190,3726,1151,0,0
-765,516,-317,-2553,2412,-155,0,0
-730,1123,-39,-2360,2585,690,0,0
-855,1106,11,-2759,2771,657,0,0
-1560,763,90,-2786,3617,-675,0,0
-1730,671,454,-2702,5218,-872,0,0
-642,640,596,-1857,4933,1233,0,0
395,445,406,-1742,3089,634,0,0
179,319,172,-1825,2354,658,0,0
-462,162,-15,-2047,2810,798,0,0
-704,87,-77,-2144,3316,462,0,0
-842,174,15,-2246,3584,765,0,0
-753,255,35,-2166,3433,834,0,0
-555,243,30,-1929,3231,911,0,0
-478,222,17,-1775,3424,902,0,0
-257,244,-45,-1776,3429,860,0,0
-141,283,-120,-1942,3330,671,0,0
-187,348,-198,-2164,3339,735,0,0
-170,345,-287,-2420,3324,752,0,0
-151,301,-281,-2393,3144,782,0,0
-181,241,-206,-2313,3033,810,0,0
-256,221,-128,-2203,3034,805,0,0
-323,244,-76,-2201,3081,884,0,0
-355,255,-49,-2324,3229,935,0,0
-341,212,3,-2446,3411,908,0,0
-160,128,89,-2392,3406,954,0,0
86,44,156,-2313,3340,815,0,0
216,29,176,-2326,3202,862,0,0
307,-6,127,-2394,3038,776,0,0
321,-44,114,-2342,3101,687,0,0
311,-46,144,-2255,3063,701,0,0
165,-69,134,-2186,3115,655,0,0
83,-53,104,-2216,3282,798,0,0
164,8,96,-2278,3125,659,0,0
84,4,126,-2200,3221,449,0,0
42,7,152,-2175,3463,378,0,0
-1,1,163,-2078,3688,548,0,0
169,-84,148,-1970,3424,534,0,0
192,-184,93,-1910,3221,508,0,0
120,-197,1,-2096,3123,446,0,0
97,-114,-102,-2355,3048,438,0,0
39,-64,-167,-2480,3148,484,0,0
-59,-57,-178,-2350,3267,623,0,0
-188,-89,-98,-2079,3433,737,0,0
-13,-123,12,-1951,3527,735,0,0
57,-134,63,-1949,3198,665,0,0
-117,-121,72,-2046,3226,645,0,0
-167,-55,64,-2191,3420,706,0,0
-78,-60,71,-2280,3443,732,0,0
49,-130,91,-2249,3290,739,0,0
103,-175,101,-2115,3310,723,0,0
154,-161,80,-2051,3219,720,0,0
99,-160,70,-2046,3229,731,0,0
79,-174,72,-2041,3495,753,0,0
248,-144,90,-1949,3532,684,0,0
440,-127,153,-1802,3219,508,0,0
440,-152,212,-1624,3116,612,0,0
372,-238,149,-1550,2997,790,0,0
-18,-392,-6,-1901,3341,1011,0,0
-24,-421,-141,-2405,4025,929,0,0
558,-319,-90,-2449,3684,409,0,0
703,-223,107,-2268,3463,195,0,0
659,-105,199,-2084,3508,203,0,0
755,14,216,-1884,3338,391,0,0
660,67,208,-1639,2920,438,0,0
108,-10,175,-1475,2993,425,0,0
-392,-162,85,-1670,3453,372,0,0
-508,-280,-46,-1958,3822,337,0,0
-200,-272,-95,-2217,3716,220,0,0
52,-192,-42,-2117,3502,137,0,0
86,-137,11,-1868,3416,244,0,0
26,-84,7,-1700,3396,361,0,0
-73,-54,11,-1703,3557,513,0,0
-42,-50,9,-1806,3500,495,0,0
-70,-79,-46,-1924,3320,393,0,0
-226,-102,-61,-1962,3411,370,0,0
-284,-73,8,-1942,3510,423,0,0
-237,-9,62,-1897,3590,466,0,0
-134,70,45,-1783,3543,386,0,0
-43,121,15,-1626,3482,440,0,0
29,117,37,-1640,3561,478,0,0
135,90,10,-1682,3476,537,0,0
139,25,-80,-1791,3544,506,0,0
179,32,-127,-1917,3589,444,0,0
138,63,-83,-1940,3478,422,0,0
102,49,-21,-1974,3551,346,0,0
160,61,0,-1977,3535,409,0,0
119,23,-28,-1957,3392,414,0,0
100,-58,-70,-1887,3348,286,0,0
59,-111,-102,-1847,3394,273,0,0
8,-133,-104,-1876,3499,231,0,0
37,-88,-73,-1901,3502,281,0,0
42,-44,-36,-1961,3466,372,0,0
18,-9,4,-2044,3357,410,0,0
-59,-12,31,-2036,3334,358,0,0
-159,-25,56,-1998,3384,343,0,0
-223,9,86,-1994,3384,421,0,0
-242,88,113,-1981,3497,433,0,0
-170,175,89,-1985,3525,425,0,0
-108,199,40,-1936,3410,332,0,0
-89,136,9,-1837,3392,340,0,0
-64,36,-17,-1738,3415,392,0,0
-63,-67,-57,-1675,3508,500,0,0
14,-152,-99,-1682,3651,574,0,0
134,-184,-97,-1722,3651,665,0,0
218,-183,-58,-1757,3408,626,0,0
199,-193,-29,-1888,3214,482,0,0
28,-188,-47,-2074,3287,417,0,0
-106,-162,-82,-2197,3323,414,0,0
-203,-101,-57,-2104,3323,524,0,0
-228,-38,4,-1956,3362,644,0,0
-189,-3,32,-1893,3417,672,0,0
-173,10,-2,-1955,3487,681,0,0
-101,20,-3,-2011,3362,611,0,0
-101,38,32,-1978,3293,632,0,0
-117,93,29,-1978,3397,615,0,0
-106,185,22,-1968,3478,537,0,0
-47,248,28,-1959,3447,507,0,0
0,243,48,-1892,3363,523,0,0
-2,200,43,-1837,3340,641,0,0
-82,127,-28,-1961,3471,733,0,0
-108,38,-95,-2104,3616,737,0,0
46,-16,-83,-2107,3442,497,0,0
141,14,5,-1989,3380,357,0,0
155,98,82,-1889,3415,409,0,0
160,160,91,-1849,3317,475,0,0
53,146,48,-1902,3282,577,0,0
-86,57,-14,-2025,3408,616,0,0
-74,-30,-19,-2034,3486,492,0,0
7,-55,33,-1990,3403,421,0,0
29,-28,38,-2028,3385,445,0,0
32,23,7,-2016,3371,476,0,0
6,30,8,-2052,3464,525,0,0
41,24,20,-2025,3497,501,0,0
100,2,46,-1949,3433,457,0,0
107,-11,69,-1923,3389,431,0,0
67,0,82,-1952,3339,427,0,0
20,-3,70,-1980,3428,407,0,0
54,-2,30,-1984,3470,379,0,0
75,4,-4,-1994,3428,439,0,0
41,12,-28,-2010,3367,439,0,0
-40,10,-29,-2016,3397,474,0,0
-24,20,0,-1949,3459,411,0,0
17,38,27,-1897,3333,406,0,0
-75,36,46,-1912,3339,448,0,0
-110,40,25,-1961,3521,411,0,0
-43,56,10,-1966,3488,363,0,0
-41,51,33,-1940,3435,395,0,0
-42,58,42,-1919,3409,430,0,0
-22,71,11,-1939,3492,414,0,0
20,77,0,-1945,3507,389,0,0
19,70,11,-1937,3463,422,0,0
24,60,18,-1922,3459,431,0,0
68,43,15,-1875,3502,383,0,0
122,35,11,-1919,3495,339,0,0
156,49,11,-1989,3420,283,0,0
130,69,17,-1968,3358,289,0,0
57,97,37,-1919,3472,341,0,0
62,113,39,-1936,3441,294,0,0
42,93,47,-1953,3413,270,0,0
-10,53,30,-1927,3444,237,0,0
-2,18,-15,-1891,3494,220,0,0
49,-5,-17,-1902,3509,199,0,0
46,19,7,-1918,3473,234,0,0
17,64,16,-1882,3422,228,0,0
-43,67,22,-1829,3415,192,0,0
-65,35,2,-1849,3460,235,0,0
-69,-15,-56,-1919,3476,229,0,0
-67,-50,-83,-1981,3500,247,0,0
-15,-64,-66,-1977,3505,268,0,0
39,-63,-38,-1947,3413,237,0,0
2,-53,-19,-1936,3376,248,0,0
-20,-40,-19,-1935,3445,247,0,0
19,-27,-13,-1937,3399,270,0,0
0,-34,24,-1874,3304,243,0,0
-71,-40,58,-1903,3276,308,0,0
-151,-31,44,-2027,3400,316,0,0
-156,-15,38,-2048,3519,349,0,0
-109,19,76,-1972,3547,346,0,0
-29,65,102,-1883,3499,273,0,0
12,83,98,-1889,3461,281,0,0
1,61,54,-1912,3498,301,0,0
-7,14,4,-1922,3462,323,0,0
-37,-16,-5,-1950,3440,361,0,0
-58,-7,16,-1922,3503,368,0,0
-38,35,42,-1914,3404,398,0,0
-73,61,52,-1899,3415,383,0,0
-92,67,55,-1886,3535,357,0,0
-46,54,62,-1864,3524,341,0,0
-26,26,69,-1865,3508,356,0,0
-11,9,56,-1890,3458,403,0,0
-17,4,26,-1899,3434,371,0,0
-62,11,27,-1889,3432,397,0,0
-83,27,41,-1856,3440,352,0,0
-79,43,33,-1808,3514,337,0,0
-50,60,18,-1799,3558,337,0,0
-22,51,-10,-1838,3596,362,0,0
36,28,-6,-1790,3506,340,0,0
69,8,-9,-1789,3411,332,0,0
38,-2,-43,-1856,3459,353,0,0
21,8,-63,-1893,3531,319,0,0
44,16,-49,-1879,3538,330,0,0
57,15,-14,-1881,3498,342,0,0
74,10,0,-1854,3452,356,0,0
51,-13,-16,-1862,3437,366,0,0
6,-34,-32,-1901,3474,356,0,0
6,-46,-34,-1901,3478,307,0,0
27,-58,-15,-1869,3513,277,0,0
62,-51,-4,-1866,3451,289,0,0
59,-49,-20,-1893,3445,290,0,0
32,-53,-44,-1937,3406,326,0,0
-50,-66,-39,-1979,3399,311,0,0
-52,-49,-16,-1960,3469,304,0,0
-24,-1,0,-1933,3428,322,0,0
-38,34,31,-1912,3409,354,0,0
-43,62,60,-1876,3372,379,0,0
-72,94,82,-1874,3359,407,0,0
-153,122,101,-1931,3420,438,0,0
-234,163,119,-1970,3438,471,0,0
-241,226,139,-1922,3460,383,0,0
-178,295,181,-1888,3590,319,0,0
-130,347,210,-1767,3790,275,0,0
27,349,169,-1676,3675,440,0,0
147,297,129,-1706,3463,416,0,0
62,255,120,-1752,3336,454,0,0
-104,222,100,-1834,3393,312,0,0
-221,250,128,-1807,3483,133,0,0
-291,312,166,-1763,3508,239,0,0
-313,314,150,-1669,3551,332,0,0
-317,258,132,-1583,3524,477,0,0
-358,184,142,-1543,3568,523,0,0
-342,130,140,-1532,3672,481,0,0
-278,94,114,-1587,3590,490,0,0
-263,56,83,-1634,3522,566,0,0
-233,44,57,-1646,3662,580,0,0
-134,93,57,-1598,3655,493,0,0
-80,138,57,-1548,3600,490,0,0
-54,143,18,-1566,3635,575,0,0
19,131,-9,-1576,3564,578,0,0
32,139,-8,-1602,3654,558,0,0
40,153,-2,-1667,3554,581,0,0
9,143,-2,-1715,3493,516,0,0
-28,147,-5,-1680,3545,516,0,0
-76,143,-6,-1619,3555,549,0,0
-83,127,3,-1582,3594,573,0,0
-39,114,-14,-1598,3641,591,0,0
19,108,-53,-1648,3657,545,0,0
75,120,-81,-1723,3532,499,0,0
61,136,-75,-1765,3546,471,0,0
60,154,-45,-1726,3490,434,0,0
22,142,-43,-1663,3460,439,0,0
-37,119,-58,-1644,3518,481,0,0
-37,114,-42,-1667,3526,466,0,0
-14,89,2,-1650,3500,414,0,0
-33,40,45,-1675,3535,455,0,0
-9,23,26,-1703,3495,391,0,0
-13,30,7,-1696,3513,403,0,0
-32,29,30,-1745,3567,518,0,0
3,12,61,-1711,3497,499,0,0
13,-26,59,-1634,3492,420,0,0
-6,-55,32,-1614,3562,391,0,0
-28,-63,26,-1636,3613,445,0,0
-28,-72,18,-1686,3498,521,0,0
-75,-108,7,-1712,3434,539,0,0
-127,-135,16,-1685,3556,478,0,0
-74,-119,27,-1644,3665,437,0,0
-13,-84,23,-1688,3623,485,0,0
-28,-40,25,-1707,3633,548,0,0
0,1,36,-1673,3582,597,0,0
17,20,33,-1661,3501,556,0,0
-29,31,20,-1689,3529,512,0,0
-86,41,34,-1594,3618,504,0,0
-7,55,109,-1423,3733,475,0,0
91,56,166,-1332,3722,475,0,0
119,22,120,-1404,3529,501,0,0
49,-80,-8,-1573,3458,483,0,0
-37,-142,-75,-1698,3559,486,0,0
-19,-84,-43,-1693,3613,475,0,0
23,20,18,-1599,3595,468,0,0
26,82,27,-1594,3636,466,0,0
92,99,9,-1617,3630,391,0,0
147,103,-2,-1621,3613,407,0,0
146,107,-28,-1644,3581,359,0,0
97,111,-29,-1695,3588,398,0,0
102,114,-42,-1694,3564,346,0,0
137,113,-68,-1687,3524,318,0,0
99,84,-93,-1667,3543,321,0,0
80,48,-126,-1710,3603,397,0,0
136,44,-148,-1769,3567,334,0,0
119,69,-129,-1766,3512,297,0,0
60,90,-89,-1707,3549,259,0,0
60,83,-66,-1642,3588,240,0,0
64,35,-74,-1700,3542,251,0,0
91,-4,-101,-1771,3491,110,0,0
128,-36,-111,-1760,3521,156,0,0
131,-63,-72,-1734,3556,150,0,0
144,-44,-31,-1729,3480,190,0,0
116,-29,-16,-1782,3421,187,0,0
49,-20,14,-1860,3403,156,0,0
2,-10,47,-1847,3497,109,0,0
7,-11,65,-1754,3572,90,0,0
39,-23,96,-1667,3602,85,0,0
102,-45,109,-1679,3508,80,0,0
101,-99,96,-1764,3504,44,0,0
89,-166,91,-1706,3665,68,0,0
155,-232,102,-1634,3658,64,0,0
174,-273,107,-1595,3704,54,0,0
238,-297,100,-1580,3587,101,0,0
217,-352,116,-1618,3418,90,0,0
136,-405,134,-1614,3633,-39,0,0
194,-423,127,-1585,3630,-88,0,0
162,-452,137,-1588,3624,8,0,0
190,-482,94,-1554,3621,53,0,0
194,-520,78,-1514,3549,122,0,0
144,-518,101,-1535,3770,40,0,0
257,-437,113,-1617,3681,30,0,0
255,-368,131,-1609,3558,30,0,0
226,-337,103,-1587,3548,-58,0,0
206,-327,24,-1530,3784,-88,0,0
268,-354,-37,-1445,3839,-74,0,0
397,-403,-56,-1456,3702,-77,0,0
446,-421,-95,-1439,3529,-113,0,0
429,-417,-159,-1488,3537,-107,0,0
385,-396,-209,-1640,3380,-148,0,0
226,-374,-206,-1689,3481,-153,0,0
217,-349,-184,-1793,3635,-112,0,0
230,-341,-195,-1927,3586,-190,0,0
194,-322,-194,-1956,3553,-250,0,0
184,-282,-140,-1948,3517,-226,0,0
172,-221,-61,-1930,3407,-145,0,0
95,-149,7,-1920,3345,-98,0,0
-12,-67,32,-1911,3350,-124,0,0
-107,-41,12,-1923,3451,-230,0,0
-118,-50,-8,-1885,3468,-308,0,0
-159,-67,-23,-1856,3462,-206,0,0
-210,-75,-44,-1872,3519,-44,0,0
-174,-66,-42,-1916,3592,-44,0,0
-106,-12,-43,-1844,3546,-66,0,0
-64,44,-8,-1782,3548,-132,0,0
-30,100,51,-1746,3546,-145,0,0
27,144,57,-1744,3400,-155,0,0
-40,115,31,-1819,3312,-168,0,0
-145,43,28,-1796,3423,-117,0,0
-144,31,50,-1737,3579,-90,0,0
-115,103,105,-1695,3557,-101,0,0
-104,154,148,-1755,3553,-12,0,0
-78,143,90,-1878,3651,-28,0,0
-50,97,13,-1806,3652,-63,0,0
-46,19,10,-1749,3598,21,0,0
-36,-47,10,-1727,3461,53,0,0
-68,-96,14,-1719,3431,12,0,0
-108,-73,25,-1726,3582,-30,0,0
-83,-17,33,-1748,3629,-39,0,0
-54,9,24,-1779,3574,-9,0,0
-51,-7,11,-1782,3594,4,0,0
-21,-27,17,-1724,3606,25,0,0
19,-30,36,-1665,3586,36,0,0
22,-35,41,-1679,3530,29,0,0
-1,-55,16,-1690,3469,51,0,0
-46,-98,-22,-1721,3497,30,0,0
-45,-112,-38,-1749,3651,0,0,0
29,-73,-23,-1724,3694,-32,0,0
96,-12,4,-1709,3601,18,0,0
112,14,3,-1724,3387,52,0,0
40,-23,-62,-1761,3410,-6,0,0
-42,-67,-119,-1776,3547,-55,0,0
-59,-85,-113,-1754,3572,-32,0,0
-35,-96,-82,-1779,3545,53,0,0
-2,-90,-81,-1843,3519,62,0,0
12,-81,-86,-1903,3568,43,0,0
49,-54,-46,-1897,3538,45,0,0
37,-23,0,-1876,3462,82,0,0
-29,-3,-7,-1890,3525,45,0,0
-4,3,-32,-1892,3546,-11,0,0
31,-21,-44,-1880,3510,4,0,0
8,-61,-48,-1845,3495,34,0,0
4,-83,-46,-1837,3445,57,0,0
-9,-79,-51,-1874,3483,63,0,0
11,-71,-69,-1930,3521,101,0,0
31,-64,-62,-1944,3453,62,0,0
31,-45,-26,-1878,3354,92,0,0
-36,-31,-6,-1884,3394,98,0,0
-74,-17,-4,-1887,3452,89,0,0
-58,-22,4,-1881,3416,60,0,0
-75,-32,18,-1871,3426,85,0,0
-68,-33,35,-1877,3440,116,0,0
-72,-16,53,-1879,3453,134,0,0
-79,14,61,-1879,3470,133,0,0
-73,47,75,-1878,3583,124,0,0
-7,73,91,-1899,3618,82,0,0
50,72,101,-1892,3551,134,0,0
42,32,81,-1885,3460,158,0,0
-3,-31,43,-1853,3428,167,0,0
-42,-71,21,-1844,3477,130,0,0
-54,-41,25,-1849,3539,136,0,0
-58,15,47,-1848,3517,191,0,0
-72,32,54,-1817,3494,195,0,0
-64,6,36,-1812,3534,146,0,0
-39,-10,33,-1795,3558,118,0,0
-26,-2,51,-1793,3513,145,0,0
-42,9,58,-1789,3501,163,0,0
-57,15,53,-1802,3539,175,0,0
-58,7,53,-1811,3514,185,0,0
-71,-12,45,-1775,3423,187,0,0
-127,-34,23,-1746,3510,232,0,0
-121,-30,10,-1737,3632,262,0,0
-62,-18,6,-1756,3622,273,0,0
-13,-9,1,-1775,3613,280,0,0
62,5,8,-1728,3520,220,0,0
66,9,-3,-1712,3469,205,0,0
53,-5,-48,-1793,3526,202,0,0
50,-25,-69,-1847,3637,173,0,0
108,-9,-58,-1789,3625,177,0,0
152,-1,-38,-1758,3485,187,0,0
102,0,-27,-1770,3408,172,0,0
38,-4,-35,-1800,3521,162,0,0
25,-2,-50,-1875,3565,142,0,0
19,0,-36,-1886,3489,139,0,0
20,-6,-5,-1839,3428,167,0,0
-20,-13,-9,-1836,3460,163,0,0
-47,-14,-24,-1865,3532,141,0,0
-29,-14,-21,-1853,3524,162,0,0
-10,-15,-11,-1819,3489,171,0,0
-17,-26,-1,-1793,3455,184,0,0
-43,-34,-4,-1806,3482,176,0,0
-26,-29,-21,-1870,3515,165,0,0
4,-24,-16,-1873,3432,141,0,0
-12,-15,8,-1854,3408,189,0,0
-64,-3,8,-1859,3526,215,0,0
-49,21,9,-1834,3567,181,0,0
15,46,35,-1821,3526,186,0,0
46,59,35,-1861,3461,160,0,0
12,41,20,-1896,3497,146,0,0
-14,10,31,-1869,3577,169,0,0
29,-4,32,-1827,3529,159,0,0
41,-15,28,-1841,3469,176,0,0
14,-10,33,-1852,3468,173,0,0
-16,14,48,-1856,3467,189,0,0
-44,27,56,-1852,3496,192,0,0
-51,24,58,-1838,3504,177,0,0
-75,4,59,-1816,3520,166,0,0
-93,-14,63,-1786,3556,186,0,0
-66,-21,72,-1767,3511,223,0,0
-50,-30,49,-1763,3480,231,0,0
-70,-41,7,-1759,3552,212,0,0
-40,-33,2,-1784,3585,221,0,0
8,-13,11,-1786,3574,218,0,0
26,2,11,-1802,3578,236,0,0
52,18,4,-1795,3473,246,0,0
32,13,-18,-1797,3451,227,0,0
-12,12,-34,-1791,3593,197,0,0
25,40,-14,-1777,3602,152,0,0
57,59,18,-1732,3555,122,0,0
81,54,11,-1714,3547,155,0,0
86,23,-25,-1801,3540,192,0,0
58,5,-43,-1856,3517,142,0,0
67,14,-23,-1830,3565,119,0,0
98,38,-22,-1804,3531,101,0,0
76,42,-34,-1851,3490,109,0,0
24,13,-42,-1853,3447,146,0,0
-10,-28,-40,-1814,3475,138,0,0
-19,-35,-28,-1794,3508,130,0,0
-40,-13,-20,-1807,3531,102,0,0
-21,11,-36,-1869,3586,111,0,0
45,19,-52,-1867,3535,71,0,0
100,20,-26,-1770,3407,70,0,0
74,40,-11,-1803,3337,90,0,0
-29,81,-8,-1943,3413,94,0,0
-62,139,12,-1961,3465,73,0,0
-35,177,37,-1866,3494,54,0,0
-22,204,68,-1830,3448,31,0,0
-100,235,105,-1843,3489,42,0,0
-162,239,97,-1828,3542,52,0,0
-151,167,72,-1788,3475,12,0,0
-208,75,64,-1717,3572,31,0,0
-166,64,59,-1744,3655,37,0,0
-70,98,66,-1792,3542,42,0,0
-76,119,74,-1786,3500,86,0,0
-93,115,74,-1777,3512,140,0,0
-112,72,64,-1752,3528,189,0,0
-121,30,62,-1740,3567,199,0,0
-91,15,53,-1741,3575,191,0,0
-53,34,17,-1738,3610,83,0,0
-18,82,24,-1697,3497,55,0,0
-23,104,48,-1641,3482,82,0,0
-81,89,33,-1656,3653,128,0,0
-41,78,16,-1699,3767,152,0,0
108,80,5,-1705,3595,89,0,0
161,62,-35,-1726,3492,34,0,0
116,35,-62,-1752,3561,62,0,0
122,28,-62,-1770,3592,40,0,0
151,30,-50,-1761,3620,23,0,0
177,28,-38,-1795,3517,29,0,0
143,14,-38,-1822,3438,27,0,0
95,-14,-48,-1779,3471,-34,0,0
64,-28,-44,-1768,3557,-59,0,0
80,-7,-27,-1781,3554,-66,0,0
84,17,-16,-1805,3489,-62,0,0
22,9,-11,-1823,3433,-66,0,0
-36,-19,-13,-1802,3508,-82,0,0
-19,-45,-16,-1765,3590,-90,0,0
23,-61,-26,-1778,3577,-66,0,0
39,-67,-45,-1838,3479,-45,0,0
27,-65,-25,-1829,3452,-67,0,0
37,-40,16,-1813,3410,-53,0,0
-14,-19,24,-1851,3441,-67,0,0
-61,-5,28,-1880,3517,-43,0,0
-40,0,28,-1843,3493,-31,0,0
-47,-12,17,-1819,3464,-49,0,0
-78,-9,23,-1823,3523,-23,0,0
-75,21,39,-1810,3573,-44,0,0
-25,46,32,-1790,3550,-50,0,0
2,33,25,-1805,3493,-43,0,0
-21,17,36,-1750,3584,-80,0,0
16,33,50,-1766,3583,-37,0,0
23,32,56,-1787,3494,17,0,0
-28,7,45,-1784,3490,-14,0,0
-41,-13,33,-1751,3559,-46,0,0
-27,-17,46,-1740,3569,-55,0,0
-46,-16,64,-1769,3523,-20,0,0
-75,-29,48,-1777,3513,7,0,0
-98,-60,36,-1742,3541,52,0,0
-102,-84,49,-1736,3549,63,0,0
-117,-84,54,-1707,3609,45,0,0
-75,-63,60,-1679,3685,50,0,0
39,-42,51,-1665,3545,14,0,0
62,-52,20,-1670,3543,-26,0,0
65,-63,-16,-1716,3652,-38,0,0
117,-56,-23,-1768,3629,4,0,0
163,-28,-17,-1751,3493,34,0,0
125,-16,-38,-1714,3406,25,0,0
20,-29,-41,-1726,3557,-13,0,0
31,-7,-5,-1716,3646,-42,0,0
91,21,31,-1708,3509,-34,0,0
26,17,54,-1758,3444,-35,0,0
-87,5,45,-1771,3533,-44,0,0
-106,-15,26,-1744,3550,-92,0,0
-97,-31,13,-1695,3599,-98,0,0
-87,-44,3,-1598,3563,0,0,0
-80,-80,-11,-1634,3604,74,0,0
-45,-119,-81,-1692,3684,68,0,0
11,-164,-109,-1805,3652,95,0,0
75,-184,-48,-1807,3563,102,0,0
103,-167,1,-1723,3474,104,0,0
57,-125,5,-1755,3497,79,0,0
41,-87,5,-1783,3511,68,0,0
39,-82,16,-1754,3444,37,0,0
27,-88,23,-1716,3485,14,0,0
-2,-83,42,-1731,3501,65,0,0
-67,-71,52,-1789,3537,118,0,0
-65,-51,38,-1828,3598,120,0,0
-11,-34,40,-1770,3554,70,0,0
12,-13,53,-1718,3524,11,0,0
3,18,59,-1702,3538,38,0,0
-27,42,64,-1723,3564,101,0,0
-24,45,52,-1735,3576,144,0,0
-12,17,27,-1664,3567,89,0,0
-51,-34,13,-1606,3545,57,0,0
-93,-75,11,-1681,3589,131,0,0
-69,-87,-18,-1744,3595,157,0,0
-52,-79,-24,-1754,3602,166,0,0
-22,-43,-3,-1700,3613,115,0,0
14,2,23,-1647,3557,113,0,0
3,12,14,-1661,3531,125,0,0
-38,-14,-1,-1711,3591,194,0,0
-41,-30,-3,-1738,3544,219,0,0
-64,-29,9,-1707,3544,189,0,0
-90,-15,42,-1666,3597,216,0,0
-71,-1,53,-1665,3566,267,0,0
-66,-1,36,-1692,3473,244,0,0
-127,0,35,-1710,3502,226,0,0
-178,10,76,-1668,3600,187,0,0
-183,19,105,-1616,3642,262,0,0
-146,-3,75,-1613,3579,320,0,0
-128,-45,28,-1580,3552,318,0,0
-107,-84,-8,-1601,3617,372,0,0
-83,-92,-17,-1634,3638,376,0,0
-54,-59,-13,-1605,3670,348,0,0
-4,-26,-7,-1582,3667,343,0,0
55,-26,-7,-1573,3608,391,0,0
120,-20,-35,-1589,3489,338,0,0
75,-32,-70,-1637,3560,315,0,0
53,-27,-72,-1719,3618,305,0,0
78,-29,-53,-1725,3557,307,0,0
74,-42,-50,-1694,3615,291,0,0
115,-28,-69,-1674,3577,252,0,0
112,0,-72,-1671,3564,331,0,0
111,21,-78,-1775,3587,373,0,0
154,46,-81,-1843,3566,245,0,0
147,54,-53,-1863,3621,191,0,0
186,50,17,-1829,3607,168,0,0
208,50,74,-1746,3479,159,0,0
149,59,69,-1717,3491,121,0,0
131,69,23,-1728,3506,89,0,0
45,51,20,-1733,3393,71,0,0
-67,9,-12,-1732,3479,68,0,0
-118,-16,-53,-1747,3536,91,0,0
-156,-35,-40,-1724,3623,140,0,0
-76,-32,-41,-1704,3587,186,0,0
-39,-13,-49,-1736,3494,128,0,0
4,21,-19,-1735,3466,122,0,0
2,45,-3,-1753,3451,102,0,0
-47,44,-9,-1761,3551,164,0,0
-24,19,-14,-1731,3513,150,0,0
-45,19,12,-1683,3541,121,0,0
-38,87,43,-1715,3646,99,0,0
38,110,40,-1789,3591,122,0,0
34,47,12,-1805,3523,106,0,0
-12,-24,0,-1783,3534,133,0,0
-11,-56,-9,-1743,3527,101,0,0
-18,-54,-16,-1746,3510,106,0,0
-40,-31,-15,-1792,3518,156,0,0
-60,-1,0,-1824,3513,204,0,0
-82,11,24,-1836,3592,208,0,0
-52,13,52,-1801,3558,156,0,0
-35,-8,72,-1745,3508,171,0,0
-52,-30,67,-1733,3557,187,0,0
-35,-28,12,-1718,3492,196,0,0
-76,-37,-11,-1744,3508,204,0,0
-86,-30,7,-1734,3547,210,0,0
-60,-3,12,-1723,3613,195,0,0
-13,27,-16,-1746,3634,173,0,0
46,42,-18,-1760,3555,214,0,0
36,20,-25,-1742,3448,231,0,0
-10,-14,-43,-1737,3530,197,0,0
13,-12,-38,-1733,3666,182,0,0
87,22,-18,-1750,3575,198,0,0
78,28,-21,-1806,3400,203,0,0
-6,-8,-28,-1820,3419,157,0,0
-51,-38,-9,-1755,3591,126,0,0
-16,-30,4,-1722,3655,146,0,0
30,-14,-24,-1788,3579,148,0,0
34,-15,-47,-1832,3469,166,0,0
-4,-42,-46,-1797,3444,160,0,0
-55,-63,-35,-1785,3500,182,0,0
-79,-58,-35,-1806,3541,245,0,0
-74,-44,-55,-1839,3515,288,0,0
-69,-59,-94,-1850,3465,277,0,0
-78,-77,-108,-1888,3491,241,0,0
-66,-55,-85,-1884,3497,257,0,0
-68,-24,-50,-1900,3442,294,0,0
-60,5,-23,-1880,3395,324,0,0
-51,18,11,-1849,3323,331,0,0
-90,23,43,-1874,3367,344,0,0
-132,33,45,-1880,3518,320,0,0
-98,55,67,-1824,3662,332,0,0
26,87,72,-1822,3610,343,0,0
87,70,34,-1892,3424,306,0,0
-9,12,36,-1886,3434,260,0,0
-23,10,74,-1812,3574,277,0,0
67,52,74,-1795,3543,276,0,0
52,61,43,-1864,3508,329,0,0
6,26,29,-1889,3443,359,0,0
-47,-15,46,-1831,3414,346,0,0
-108,-34,65,-1806,3493,299,0,0
-134,-28,68,-1783,3534,329,0,0
-135,-34,54,-1806,3472,394,0,0
-152,-47,28,-1810,3470,383,0,0
-149,-46,30,-1789,3630,396,0,0
-62,-15,78,-1809,3629,375,0,0
-1,18,88,-1746,3517,323,0,0
10,34,34,-1698,3554,311,0,0
22,37,-10,-1708,3678,316,0,0
100,46,-7,-1678,3543,364,0,0
128,37,-33,-1694,3419,357,0,0
66,8,-86,-1749,3500,329,0,0
54,-5,-94,-1816,3548,290,0,0
78,3,-40,-1806,3603,273,0,0
126,24,5,-1774,3570,303,0,0
139,27,-12,-1777,3471,319,0,0
77,-13,-38,-1832,3441,320,0,0
21,-59,-48,-1865,3487,276,0,0
9,-81,-39,-1816,3533,198,0,0
33,-69,-21,-1784,3546,179,0,0
48,-43,-23,-1826,3546,246,0,0
54,-34,-54,-1876,3514,274,0,0
39,-49,-67,-1899,3474,288,0,0
32,-65,-33,-1843,3439,250,0,0
6,-64,-17,-1823,3458,268,0,0
-36,-44,-39,-1894,3514,285,0,0
-20,-27,-40,-1915,3474,276,0,0
-20,-34,-20,-1882,3454,261,0,0
-25,-33,-12,-1847,3462,249,0,0
-20,-18,-5,-1814,3407,251,0,0
-44,-5,11,-1795,3395,249,0,0
-56,6,16,-1881,3421,304,0,0
-59,11,21,-1928,3478,310,0,0
-39,27,33,-1875,3538,296,0,0
-12,52,48,-1825,3541,270,0,0
8,77,62,-1807,3546,284,0,0
56,65,47,-1844,3474,306,0,0
44,20,17,-1868,3431,260,0,0
-2,2,19,-1843,3500,236,0,0
2,8,31,-1826,3560,262,0,0
36,9,22,-1846,3461,298,0,0
-2,-4,15,-1877,3445,296,0,0
-19,9,25,-1883,3541,239,0,0
21,50,65,-1862,3542,221,0,0
43,77,93,-1817,3471,235,0,0
8,73,74,-1799,3486,230,0,0
-15,49,39,-1821,3559,199,0,0
1,20,39,-1815,3527,216,0,0
-6,3,65,-1779,3496,249,0,0
-28,3,74,-1767,3494,288,0,0
-55,-1,55,-1782,3463,273,0,0
-105,-7,40,-1796,3514,254,0,0
-102,9,52,-1763,3575,236,0,0
-73,35,65,-1712,3541,259,0,0
-73,39,40,-1697,3558,263,0,0
-54,23,2,-1744,3661,265,0,0
17,1,-3,-1726,3632,245,0,0
78,-16,2,-1668,3485,226,0,0
58,-20,-24,-1700,3439,266,0,0
12,-31,-57,-1767,3556,277,0,0
36,-30,-55,-1815,3568,244,0,0
44,-21,-17,-1788,3560,233,0,0
33,0,16,-1766,3514,234,0,0
24,10,14,-1762,3491,235,0,0
-4,1,-15,-1785,3560,232,0,0
16,-2,-38,-1804,3601,206,0,0
67,1,-37,-1806,3518,178,0,0
56,-6,-27,-1789,3495,192,0,0
24,-17,-22,-1801,3552,233,0,0
43,-25,-38,-1795,3552,226,0,0
64,-37,-52,-1821,3489,218,0,0
48,-36,-34,-1818,3463,199,0,0
24,-25,-13,-1817,3484,227,0,0
-17,-25,-14,-1853,3509,206,0,0
-15,-25,-19,-1847,3506,199,0,0
4,-29,-16,-1778,3441,168,0,0
-17,-21,0,-1736,3432,170,0,0
-52,-3,19,-1781,3435,220,0,0
-95,11,24,-1842,3470,249,0,0
-102,11,14,-1867,3562,249,0,0
-43,0,13,-1819,3520,203,0,0
-17,12,40,-1746,3490,185,0,0
-38,45,48,-1757,3579,232,0,0
-10,59,37,-1829,3573,275,0,0
28,38,36,-1881,3540,278,0,0
43,5,29,-1847,3529,225,0,0
30,-17,27,-1785,3498,182,0,0
7,-8,35,-1775,3481,222,0,0
-13,12,26,-1776,3515,237,0,0
-7,13,29,-1807,3527,263,0,0
-5,14,40,-1817,3520,240,0,0
3,28,55,-1776,3570,200,0,0
17,47,71,-1766,3534,190,0,0
-3,48,63,-1761,3518,217,0,0
-8,21,35,-1760,3511,222,0,0
-35,-4,31,-1724,3569,206,0,0
-23,-6,47,-1711,3580,227,0,0
-10,-7,53,-1702,3515,224,0,0
-35,-18,35,-1705,3518,222,0,0
-45,-25,24,-1756,3569,253,0,0
-17,-14,33,-1740,3600,222,0,0
23,6,45,-1709,3611,196,0,0
33,15,24,-1739,3557,222,0,0
19,-2,-18,-1786,3607,186,0,0
80,-11,-23,-1713,3593,158,0,0
101,-11,-15,-1627,3455,170,0,0
60,-13,-40,-1689,3492,193,0,0
56,-6,-58,-1781,3617,179,0,0
87,9,-40,-1835,3648,142,0,0
118,23,-18,-1804,3550,142,0,0
98,17,-10,-1738,3455,102,0,0
38,10,-27,-1749,3493,95,0,0
10,19,-52,-1825,3546,69,0,0
17,30,-54,-1851,3535,82,0,0
15,28,-42,-1821,3523,77,0,0
13,37,-24,-1767,3517,54,0,0
-5,54,-9,-1772,3524,74,0,0
-28,67,-12,-1810,3548,83,0,0
-18,61,-29,-1850,3512,84,0,0
-24,54,-18,-1797,3447,55,0,0
-52,62,8,-1726,3466,65,0,0
-83,61,13,-1716,3521,76,0,0
-77,52,12,-1740,3522,121,0,0
-57,29,13,-1728,3432,104,0,0
-74,18,19,-1738,3505,76,0,0
-55,35,28,-1788,3572,77,0,0
-24,56,37,-1750,3526,83,0,0
-41,71,57,-1703,3580,137,0,0
5,65,56,-1762,3636,164,0,0
83,14,17,-1799,3593,56,0,0
96,-24,27,-1740,3516,57,0,0
43,-10,34,-1736,3488,98,0,0
9,6,12,-1811,3497,140,0,0
6,-19,1,-1858,3562,101,0,0
19,-38,20,-1796,3549,46,0,0
7,-22,53,-1751,3509,67,0,0
-35,3,62,-1747,3484,72,0,0
-80,11,40,-1766,3555,96,0,0
-75,23,35,-1799,3584,115,0,0
-50,43,38,-1821,3619,118,0,0
10,76,25,-1771,3542,107,0,0
5,84,19,-1753,3555,176,0,0
2,105,-8,-1857,3558,243,0,0
8,172,-24,-1928,3574,199,0,0
14,295,5,-1903,3436,96,0,0
-114,416,52,-1727,3448,41,0,0
-220,468,12,-1612,3454,-29,0,0
-338,488,18,-1733,3512,51,0,0
-331,556,111,-1882,3539,62,0,0
-357,649,192,-1830,3493,103,0,0
-362,687,165,-1693,3726,25,0,0
-235,670,80,-1625,3518,-62,0,0
-279,607,53,-1611,3411,-19,0,0
-403,547,52,-1576,3555,183,0,0
-423,519,49,-1499,3753,317,0,0
-332,494,36,-1475,3812,321,0,0
-204,418,-23,-1467,3706,190,0,0
-145,275,-86,-1497,3587,123,0,0
-145,136,-82,-1524,3548,105,0,0
-134,55,-74,-1545,3549,132,0,0
-87,13,-45,-1628,3641,179,0,0
-30,6,18,-1662,3664,255,0,0
31,20,51,-1551,3721,174,0,0
125,17,43,-1497,3703,95,0,0
152,-41,37,-1548,3541,65,0,0
137,-133,7,-1612,3412,23,0,0
91,-208,-31,-1690,3442,86,0,0
65,-232,-17,-1706,3559,128,0,0
73,-200,32,-1623,3720,134,0,0
153,-147,28,-1638,3779,126,0,0
265,-146,-16,-1662,3723,57,0,0
329,-217,-14,-1658,3544,50,0,0
309,-310,-29,-1664,3571,47,0,0
316,-350,-64,-1639,3566,9,0,0
281,-353,-66,-1694,3560,-9,0,0
261,-325,-63,-1759,3543,-52,0,0
206,-293,-54,-1803,3509,-23,0,0
120,-271,-26,-1845,3419,-21,0,0
34,-244,26,-1777,3498,-6,0,0
-22,-207,85,-1746,3380,19,0,0
-167,-196,113,-1741,3506,38,0,0
-162,-173,87,-1758,3555,-7,0,0
-177,-159,88,-1739,3600,30,0,0
-174,-149,106,-1652,3620,35,0,0
-129,-146,96,-1522,3680,64,0,0
-61,-175,47,-1448,3732,135,0,0
59,-241,-43,-1462,3650,109,0,0
104,-309,-78,-1576,3646,108,0,0
100,-308,-48,-1681,3665,206,0,0
198,-238,-58,-1732,3546,133,0,0
224,-190,-113,-1745,3476,59,0,0
185,-179,-130,-1735,3487,24,0,0
192,-171,-146,-1661,3463,-48,0,0
154,-155,-196,-1555,3445,-24,0,0
61,-157,-243,-1550,3482,93,0,0
14,-174,-269,-1746,3533,223,0,0
53,-215,-294,-2077,3662,286,0,0
106,-279,-254,-2210,3586,188,0,0
171,-321,-186,-2296,3603,249,0,0
174,-313,-120,-2164,3365,283,0,0
118,-262,-28,-1897,3187,202,0,0
-4,-178,56,-1812,3237,129,0,0
-94,-106,72,-1925,3569,120,0,0
-1,-65,29,-2052,3553,97,0,0
35,-83,-23,-2084,3451,151,0,0
20,-137,-92,-2042,3421,216,0,0
25,-157,-115,-1943,3362,159,0,0
13,-103,-50,-1876,3269,191,0,0
-109,-22,6,-1941,3281,295,0,0
-273,40,10,-2027,3445,391,0,0
-279,43,0,-2046,3491,361,0,0
-174,2,26,-1935,3382,229,0,0
-103,-16,47,-1897,3379,171,0,0
-62,23,53,-1930,3443,180,0,0
-47,82,84,-1974,3466,347,0,0
-68,115,99,-2040,3531,490,0,0
-23,111,96,-1942,3588,339,0,0
84,98,150,-1832,3531,217,0,0
140,103,158,-1835,3402,217,0,0
35,118,65,-1912,3371,336,0,0
-100,95,-27,-1952,3506,354,0,0
-70,27,-37,-1867,3562,288,0,0
19,-38,-4,-1779,3483,260,0,0
32,-62,17,-1815,3428,282,0,0
-11,-45,-9,-1898,3404,315,0,0
-63,-20,-17,-2012,3488,335,0,0
-42,5,21,-2018,3483,296,0,0
-16,19,60,-1969,3444,289,0,0
-11,22,71,-1909,3456,258,0,0
-40,13,57,-1827,3472,289,0,0
-72,-20,34,-1793,3481,303,0,0
-62,-52,35,-1811,3504,324,0,0
-46,-67,47,-1858,3429,350,0,0
-78,-58,31,-1906,3452,345,0,0
-104,-30,12,-1899,3420,339,0,0
-120,-18,-6,-1888,3507,348,0,0
-77,-19,-20,-1874,3603,314,0,0
-6,-12,-15,-1844,3565,343,0,0
54,-1,-21,-1825,3468,367,0,0
78,0,-57,-1879,3400,350,0,0
55,-11,-80,-1891,3450,340,0,0
41,-13,-67,-1893,3535,352,0,0
40,-3,-33,-1915,3457,343,0,0
16,0,-16,-1913,3422,315,0,0
4,-9,-24,-1921,3402,348,0,0
-41,-27,-35,-1933,3454,361,0,0
-25,-24,-22,-1928,3513,355,0,0
16,-2,-11,-1920,3459,353,0,0
16,8,-16,-1943,3456,337,0,0
32,4,-20,-1962,3431,333,0,0
20,-12,-16,-1946,3430,332,0,0
9,-17,-9,-1924,3460,352,0,0
5,-11,-8,-1931,3456,379,0,0
4,-7,-14,-1934,3448,363,0,0
23,-10,-24,-1959,3422,339,0,0
18,-15,-13,-1930,3370,305,0,0
-9,-15,2,-1912,3335,352,0,0
-61,-13,-9,-1953,3398,366,0,0
-52,3,-13,-1971,3439,341,0,0
-30,10,-2,-1973,3437,345,0,0
-38,12,0,-1940,3420,360,0,0
-52,13,12,-1885,3434,382,0,0
-44,33,42,-1889,3457,392,0,0
-26,70,46,-1961,3427,396,0,0
-36,57,28,-2046,3414,383,0,0
-65,-1,35,-1990,3490,355,0,0
-24,-13,63,-1889,3500,355,0,0
3,5,62,-1882,3383,395,0,0
-46,3,27,-1944,3377,426,0,0
-85,-22,-8,-1968,3499,422,0,0
-38,-37,-9,-1944,3464,409,0,0
-37,-65,12,-1926,3353,437,0,0
-74,-75,15,-1896,3433,484,0,0
-68,-58,16,-1928,3463,483,0,0
-59,-29,38,-1956,3443,471,0,0
-79,-14,57,-1927,3504,427,0,0
-44,2,72,-1882,3532,413,0,0
43,4,60,-1838,3455,409,0,0
59,-18,8,-1840,3423,398,0,0
1,-45,-38,-1904,3470,414,0,0
-9,-56,-53,-1932,3476,478,0,0
29,-42,-35,-1919,3505,472,0,0
72,-2,-9,-1877,3398,439,0,0
50,6,-20,-1919,3355,459,0,0
14,-6,-21,-1919,3474,421,0,0
26,4,31,-1865,3580,398,0,0
78,34,48,-1880,3443,430,0,0
68,27,-1,-1937,3369,390,0,0
28,4,-22,-1940,3497,371,0,0
57,2,-16,-1932,3491,373,0,0
66,-2,-23,-1947,3383,387,0,0
16,-10,-33,-1953,3393,391,0,0
8,0,-25,-1947,3489,388,0,0
45,13,-14,-1952,3516,370,0,0
68,25,2,-1908,3478,361,0,0
65,26,18,-1880,3397,403,0,0
17,1,-1,-1914,3368,402,0,0
-5,-25,-23,-1960,3422,360,0,0
3,-38,-18,-1923,3414,302,0,0
-8,-29,-1,-1888,3377,310,0,0
-50,-14,12,-1900,3312,368,0,0
-105,-5,9,-1954,3457,391,0,0
-74,4,2,-1964,3561,383,0,0
-14,14,21,-1927,3504,379,0,0
16,37,47,-1885,3410,344,0,0
2,63,69,-1887,3428,330,0,0
-8,77,67,-1932,3510,354,0,0
36,72,57,-1960,3489,380,0,0
49,34,40,-1927,3439,346,0,0
29,-11,24,-1862,3472,300,0,0
30,-36,29,-1862,3428,314,0,0
-11,-40,22,-1901,3437,368,0,0
-35,-39,3,-1931,3438,396,0,0
-45,-43,2,-1960,3425,393,0,0
-50,-34,27,-1932,3484,362,0,0
-39,-7,52,-1898,3466,356,0,0
-52,3,46,-1883,3431,373,0,0
-66,-9,23,-1906,3446,384,0,0
-89,-23,26,-1896,3458,419,0,0
-101,-19,45,-1890,3460,455,0,0
-97,-12,39,-1877,3452,427,0,0
-97,-6,21,-1843,3477,428,0,0
-91,-5,-3,-1850,3463,451,0,0
-61,-4,-20,-1865,3508,429,0,0
-32,0,-11,-1888,3575,411,0,0
20,16,11,-1862,3536,419,0,0
79,33,25,-1787,3457,430,0,0
84,25,-9,-1805,3445,442,0,0
73,7,-25,-1869,3486,412,0,0
84,3,-13,-1869,3503,369,0,0
92,8,16,-1830,3508,374,0,0
78,1,8,-1834,3445,377,0,0
50,-26,-29,-1885,3457,385,0,0
54,-45,-53,-1909,3472,334,0,0
72,-37,-31,-1895,3534,307,0,0
100,-16,-24,-1888,3505,282,0,0
110,-4,-42,-1903,3472,286,0,0
120,-11,-63,-1904,3455,303,0,0
103,-30,-68,-1883,3432,298,0,0
75,-49,-49,-1894,3427,304,0,0
49,-58,-18,-1918,3433,289,0,0
43,-50,-13,-1943,3482,278,0,0
63,-34,-26,-1979,3465,272,0,0
65,-16,3,-1946,3374,243,0,0
43,14,41,-1893,3236,277,0,0
-67,29,40,-1920,3303,299,0,0
-131,44,28,-1999,3525,299,0,0
-74,57,33,-1944,3511,277,0,0
-52,56,48,-1856,3426,260,0,0
-68,50,64,-1843,3493,286,0,0
-39,66,58,-1878,3538,309,0,0
-4,80,34,-1934,3492,287,0,0
5,69,23,-1965,3468,278,0,0
-9,47,31,-1925,3482,270,0,0
0,49,48,-1852,3463,294,0,0
-7,56,41,-1844,3430,297,0,0
-34,49,18,-1887,3493,281,0,0
-13,41,11,-1889,3532,249,0,0
17,26,27,-1883,3466,258,0,0
-17,5,44,-1859,3420,288,0,0
-53,4,37,-1856,3451,298,0,0
-73,12,19,-1886,3453,308,0,0
-94,20,21,-1914,3536,283,0,0
-75,41,54,-1906,3554,283,0,0
-49,49,89,-1851,3464,320,0,0
-43,32,75,-1818,3405,340,0,0
-75,13,37,-1818,3504,316,0,0
-73,23,22,-1785,3570,275,0,0
-24,39,13,-1773,3586,282,0,0
41,21,-23,-1790,3623,304,0,0
131,1,-68,-1837,3651,319,0,0
243,42,-75,-1915,3571,276,0,0
293,123,-59,-1987,3423,240,0,0
219,191,-15,-1997,3451,260,0,0
190,237,-14,-1948,3404,198,0,0
143,246,-63,-1897,3401,29,0,0
49,238,-77,-1928,3350,-11,0,0
-66,217,-34,-2037,3288,13,0,0
-163,215,-15,-1968,3387,9,0,0
-172,236,-47,-1868,3574,16,0,0
-90,255,-72,-1880,3499,6,0,0
-69,250,-52,-1887,3445,23,0,0
-78,239,-36,-1883,3447,-2,0,0
-121,230,-38,-1855,3466,-11,0,0
-136,204,-40,-1875,3400,-14,0,0
-198,155,-41,-1922,3385,53,0,0
-246,102,-43,-1906,3451,89,0,0
-224,68,-26,-1877,3462,100,0,0
-198,49,11,-1872,3430,94,0,0
-177,31,30,-1871,3470,103,0,0
-110,30,33,-1938,3481,139,0,0
-69,21,28,-1974,3443,153,0,0
-65,-2,22,-1957,3486,126,0,0
-41,9,24,-1951,3510,107,0,0
0,42,30,-1985,3450,135,0,0
19,46,35,-1987,3403,153,0,0
4,25,34,-1949,3418,141,0,0
-8,7,26,-1901,3480,133,0,0
-8,-9,8,-1942,3473,150,0,0
-10,-26,-4,-1973,3444,166,0,0
-11,-41,-4,-1979,3429,159,0,0
-24,-46,1,-1943,3447,138,0,0
-26,-37,13,-1906,3504,103,0,0
9,-10,26,-1932,3521,150,0,0
35,3,27,-1964,3409,197,0,0
15,-13,38,-1973,3450,186,0,0
5,-20,65,-1964,3432,153,0,0
-29,-18,100,-1926,3376,172,0,0
-81,-16,109,-1887,3429,167,0,0
-95,-16,98,-1834,3481,149,0,0
-51,-29,104,-1777,3490,149,0,0
-32,-48,131,-1694,3431,128,0,0
-106,-60,134,-1706,3378,177,0,0
-210,-63,90,-1836,3548,293,0,0
-185,-79,36,-1874,3667,338,0,0
-91,-159,21,-1786,3732,253,0,0
40,-208,37,-1783,3673,262,0,0
156,-205,33,-1699,3543,314,0,0
217,-212,-4,-1655,3442,290,0,0
170,-235,-46,-1678,3467,279,0,0
140,-246,-95,-1787,3498,261,0,0
72,-256,-95,-1824,3342,279,0,0
-100,-273,-61,-1812,3362,305,0,0
-212,-253,-84,-1860,3511,378,0,0
-209,-204,-135,-1946,3498,431,0,0
-162,-169,-139,-1960,3418,447,0,0
-237,-159,-120,-1958,3374,553,0,0
-304,-163,-88,-1896,3616,688,0,0
-57,-145,-34,-1902,3666,710,0,0
124,-122,-11,-1917,3456,673,0,0
109,-121,-36,-1958,3435,602,0,0
115,-105,-20,-1994,3405,527,0,0
100,-93,-9,-1986,3318,500,0,0
69,-90,-55,-1975,3377,501,0,0
48,-86,-94,-1949,3407,549,0,0
42,-76,-82,-1920,3336,582,0,0
27,-50,-40,-1887,3261,605,0,0
-50,-6,0,-1894,3352,620,0,0
-89,39,28,-1893,3449,576,0,0
-64,63,56,-1897,3505,554,0,0
11,102,73,-1932,3503,516,0,0
69,150,78,-1989,3456,537,0,0
65,129,62,-2031,3441,536,0,0
19,67,32,-1988,3446,550,0,0
9,2,5,-1885,3405,545,0,0
12,-32,-5,-1860,3399,515,0,0
-9,-26,-3,-1889,3369,545,0,0
-54,-13,5,-1947,3423,610,0,0
-36,1,1,-1973,3462,583,0,0
-2,6,9,-1942,3471,499,0,0
0,6,38,-1890,3442,495,0,0
-31,-6,48,-1880,3395,568,0,0
-54,-29,33,-1901,3404,627,0,0
-48,-43,21,-1944,3431,630,0,0
-44,-42,27,-1930,3424,564,0,0
-21,-32,32,-1888,3470,526,0,0
12,-20,22,-1862,3430,524,0,0
-1,-18,-13,-1862,3450,530,0,0
-14,-24,-39,-1919,3489,582,0,0
19,-14,-26,-1933,3448,564,0,0
46,10,-7,-1893,3397,560,0,0
33,22,-14,-1886,3441,571,0,0
56,28,-25,-1888,3468,517,0,0
67,33,-26,-1909,3433,482,0,0
30,21,-27,-1918,3376,496,0,0
-5,-6,-24,-1901,3404,501,0,0
-7,-11,-23,-1877,3468,511,0,0
31,-2,-25,-1908,3530,539,0,0
89,-9,-38,-1985,3414,506,0,0
65,-29,-36,-2023,3379,466,0,0
45,-26,8,-1957,3426,439,0,0
52,-4,16,-1894,3422,446,0,0
39,2,-7,-1949,3447,453,0,0
44,-6,-17,-1986,3406,483,0,0
25,-22,-24,-1981,3388,486,0,0
-16,-23,-14,-1952,3410,474,0,0
-36,-5,12,-1939,3471,500,0,0
19,8,2,-1950,3441,475,0,0
58,4,-39,-1994,3439,477,0,0
88,6,-23,-2033,3452,428,0,0
118,19,22,-1971,3359,459,0,0
117,32,47,-1961,3342,454,0,0
103,53,41,-2001,3401,407,0,0
81,65,61,-1950,3338,374,0,0
-4,75,97,-1900,3376,332,0,0
-50,97,108,-1894,3518,339,0,0
18,113,100,-1906,3562,320,0,0
70,72,38,-1879,3415,305,0,0
0,7,7,-1921,3394,335,0,0
-16,-3,10,-1906,3535,314,0,0
33,33,39,-1872,3483,330,0,0
21,42,47,-1890,3405,316,0,0
-15,30,44,-1912,3453,305,0,0
-27,20,62,-1906,3449,282,0,0
-66,17,78,-1882,3518,273,0,0
-61,40,77,-1847,3549,296,0,0
-5,64,72,-1805,3473,278,0,0
-4,62,50,-1797,3418,266,0,0
-53,40,20,-1850,3473,299,0,0
-77,28,16,-1883,3555,369,0,0
-49,33,30,-1862,3530,369,0,0
-20,26,38,-1855,3469,328,0,0
-30,16,42,-1874,3453,289,0,0
-57,26,67,-1858,3527,311,0,0
-30,49,98,-1784,3513,327,0,0
-16,48,93,-1741,3541,362,0,0
32,45,68,-1723,3568,309,0,0
93,45,26,-1721,3436,243,0,0
3,39,-3,-1782,3470,219,0,0
-67,54,4,-1824,3594,283,0,0
-22,76,22,-1763,3528,344,0,0
-5,72,13,-1769,3517,351,0,0
30,44,-15,-1791,3581,280,0,0
86,24,-16,-1760,3614,225,0,0
131,45,-7,-1764,3559,203,0,0
149,70,-22,-1820,3511,200,0,0
121,63,-67,-1841,3446,215,0,0
58,41,-83,-1869,3493,202,0,0
50,46,-44,-1850,3486,112,0,0
5,65,8,-1820,3431,109,0,0
-96,86,21,-1862,3507,181,0,0
-129,101,8,-1908,3499,224,0,0
-116,94,24,-1848,3463,210,0,0
-102,86,61,-1706,3530,137,0,0
-60,92,61,-1651,3578,77,0,0
-46,86,31,-1683,3637,131,0,0
-1,67,-17,-1794,3533,176,0,0
27,21,-56,-1850,3431,159,0,0
16,-25,-63,-1834,3465,132,0,0
-2,-38,-59,-1805,3502,176,0,0
-17,-35,-65,-1820,3539,188,0,0
1,-30,-45,-1835,3461,193,0,0
-1,-36,-14,-1790,3386,147,0,0
-15,-39,3,-1828,3407,150,0,0
-45,-39,15,-1887,3506,189,0,0
-9,-42,31,-1855,3502,198,0,0
-6,-64,81,-1828,3504,220,0,0
21,-74,107,-1780,3505,151,0,0
5,-72,94,-1758,3533,137,0,0
13,-70,65,-1763,3621,174,0,0
90,-101,39,-1728,3562,216,0,0
96,-173,17,-1737,3456,238,0,0
61,-212,-10,-1770,3502,178,0,0
50,-177,-25,-1767,3546,206,0,0
7,-122,19,-1798,3462,353,0,0
-46,-121,-2,-1789,3430,376,0,0
-55,-187,-84,-1796,3510,301,0,0
-18,-255,-117,-1871,3643,295,0,0
55,-264,-69,-1899,3492,320,0,0
11,-221,-19,-1875,3306,354,0,0
-93,-174,-10,-1927,3447,392,0,0
-70,-114,20,-1971,3517,397,0,0
-68,-62,72,-1904,3558,394,0,0
-45,-31,96,-1818,3440,385,0,0
-92,-44,78,-1795,3412,412,0,0
-143,-85,21,-1820,3526,402,0,0
-104,-97,-17,-1858,3592,410,0,0
-47,-72,-9,-1855,3547,437,0,0
-9,-29,16,-1802,3505,451,0,0
14,9,10,-1767,3500,435,0,0
26,30,-13,-1819,3590,438,0,0
111,41,-16,-1829,3565,399,0,0
181,52,-12,-1758,3479,367,0,0
178,54,-29,-1734,3456,393,0,0
94,45,-59,-1764,3411,404,0,0
-51,18,-75,-1788,3503,427,0,0
-57,4,-76,-1846,3599,410,0,0
27,-1,-54,-1869,3387,324,0,0
-29,-11,-37,-1859,3365,292,0,0
-122,-14,-76,-1905,3484,324,0,0
-116,-20,-100,-1935,3542,391,0,0
-4,-40,-71,-1900,3519,421,0,0
62,-2096,-40,-1833,3431,425,0,0
20,-44,-23,-1821,3401,416,0,0
-19,-34,-2,-1844,3414,419,0,0
-51,-33,-8,-1903,3471,454,0,0
-66,-35,-26,-1950,3484,465,0,0
-73,-33,-7,-1936,3377,481,0,0
-115,-37,7,-1925,3422,505,0,0
-101,-32,-18,-1953,3508,456,0,0
-42,-34,-34,-1953,3460,446,0,0
-20,-57,-32,-1922,3389,463,0,0
-18,-60,-34,-1898,3354,477,0,0
-33,-36,-26,-1924,3439,518,0,0
-18,-4,-11,-1947,3436,533,0,0
-8,1,-5,-1965,3455,526,0,0
8,-4,9,-1935,3404,493,0,0
13,11,41,-1911,3382,462,0,0
-12,50,60,-1909,3459,467,0,0
8,74,56,-1953,3520,500,0,0
74,50,31,-1985,3421,500,0,0
63,-8,4,-1965,3377,460,0,0
21,-36,-1,-1919,3409,447,0,0
-12,-31,11,-1905,3421,484,0,0
-20,-17,20,-1924,3412,526,0,0
-39,-9,28,-1961,3395,539,0,0
-60,-9,39,-1939,3439,502,0,0
-52,2,60,-1900,3464,489,0,0
-52,10,56,-1900,3407,482,0,0
-85,-1,38,-1919,3414,523,0,0
-94,-20,29,-1918,3477,552,0,0
-76,-28,46,-1877,3485,547,0,0
-56,-18,69,-1838,3466,556,0,0
-35,-4,68,-1830,3404,554,0,0
-48,-13,29,-1819,3411,540,0,0
-56,-32,-14,-1843,3518,545,0,0
-1,-32,-17,-1879,3571,527,0,0
47,-12,2,-1874,3518,542,0,0
63,10,5,-1837,3399,569,0,0
36,3,-14,-1849,3381,559,0,0
15,-10,-30,-1866,3464,535,0,0
11,-4,-27,-1887,3472,536,0,0
15,-1,-17,-1879,3441,535,0,0
6,-7,-14,-1835,3434,542,0,0
2,-11,-38,-1842,3449,517,0,0
15,-2,-61,-1918,3442,526,0,0
-8,-4,-38,-1957,3401,556,0,0
-24,-8,-6,-1926,3484,567,0,0
37,7,-3,-1896,3515,521,0,0
87,6,-18,-1913,3427,520,0,0
77,-26,-31,-1923,3400,526,0,0
57,-39,-28,-1907,3396,501,0,0
25,-28,-14,-1900,3420,510,0,0
4,-20,-20,-1919,3431,525,0,0
-11,-29,-50,-1943,3399,525,0,0
-33,-40,-64,-1947,3379,494,0,0
-52,-39,-47,-1934,3360,522,0,0
-85,-34,-48,-1986,3441,555,0,0
-43,-19,-46,-2019,3462,553,0,0
17,-12,-22,-1968,3382,553,0,0
10,-10,-4,-1901,3287,553,0,0
-47,-1,4,-1936,3318,560,0,0
-87,10,15,-2012,3443,568,0,0
-51,21,30,-1979,3442,533,0,0
-20,34,44,-1922,3384,559,0,0
-16,57,53,-1927,3440,571,0,0
27,82,63,-1985,3509,552,0,0
62,72,62,-1979,3439,551,0,0
42,19,56,-1950,3342,522,0,0
-14,-37,45,-1910,3321,522,0,0
-74,-60,22,-1904,3400,551,0,0
-80,-38,15,-1943,3455,565,0,0
-66,-14,23,-1945,3435,596,0,0
-48,-17,20,-1927,3463,576,0,0
-21,-28,22,-1933,3403,565,0,0
-44,-36,20,-1928,3390,573,0,0
-70,-24,20,-1909,3436,597,0,0
-57,-4,22,-1925,3428,612,0,0
-54,2,18,-1940,3408,635,0,0
-68,-14,30,-1919,3419,657,0,0
-60,-25,45,-1883,3375,657,0,0
-70,-35,25,-1858,3409,616,0,0
-58,-24,-6,-1858,3485,631,0,0
-26,-11,-21,-1913,3464,662,0,0
-2,-5,-16,-1940,3469,677,0,0
55,6,5,-1884,3442,648,0,0
79,17,8,-1852,3406,640,0,0
76,11,-23,-1889,3392,618,0,0
60,-4,-40,-1908,3452,603,0,0
57,0,-20,-1902,3497,593,0,0
84,15,-16,-1922,3378,603,0,0
57,11,-19,-1940,3359,591,0,0
31,9,-15,-1923,3442,577,0,0
52,7,-27,-1920,3429,565,0,0
51,-3,-32,-1964,3395,549,0,0
32,-4,-24,-1974,3424,540,0,0
30,10,-12,-1932,3430,560,0,0
27,20,-27,-1958,3387,555,0,0
12,12,-36,-1973,3368,550,0,0
-7,-10,-27,-1961,3416,556,0,0
6,-17,-7,-1952,3385,560,0,0
-10,-15,3,-1957,3346,584,0,0
-42,-9,0,-1963,3413,562,0,0
-14,2,-5,-1973,3438,536,0,0
10,12,9,-1939,3333,509,0,0
-25,22,29,-1939,3297,561,0,0
-74,15,9,-2007,3442,594,0,0
-34,14,5,-1998,3506,566,0,0
18,11,24,-1902,3390,536,0,0
6,1,16,-1884,3357,531,0,0
-20,1,8,-1936,3432,558,0,0
-6,0,12,-1984,3468,576,0,0
38,-1,11,-1992,3443,558,0,0
63,1,10,-1993,3379,534,0,0
51,0,19,-1984,3392,511,0,0
52,11,32,-1962,3460,514,0,0
75,27,46,-1956,3420,518,0,0
58,27,46,-1962,3361,501,0,0
11,7,41,-1953,3392,495,0,0
-17,-18,48,-1936,3419,496,0,0
-34,-26,55,-1912,3392,528,0,0
-65,-24,41,-1893,3455,525,0,0
-47,-12,10,-1895,3444,514,0,0
-39,-21,-3,-1933,3365,519,0,0
-71,-38,6,-1954,3432,529,0,0
-68,-27,34,-1937,3486,553,0,0
-41,-9,48,-1908,3437,564,0,0
-36,-11,37,-1891,3413,596,0,0
-25,-19,16,-1875,3408,559,0,0
-23,-15,3,-1869,3460,526,0,0
-10,-3,18,-1883,3499,543,0,0
8,-2,21,-1893,3475,603,0,0
36,-13,1,-1873,3434,592,0,0
60,-16,-15,-1889,3407,537,0,0
45,-9,-1,-1891,3433,514,0,0
29,2,26,-1879,3454,554,0,0
27,3,19,-1869,3489,555,0,0
73,14,-5,-1916,3486,523,0,0
104,12,-6,-1952,3388,505,0,0
45,-9,12,-1913,3365,504,0,0
-5,-16,19,-1882,3424,505,0,0
-1,-3,18,-1891,3489,477,0,0
26,8,9,-1914,3496,474,0,0
41,8,2,-1936,3456,497,0,0
33,5,17,-1931,3385,493,0,0
-7,3,30,-1895,3373,510,0,0
-35,1,16,-1906,3431,491,0,0
-27,-3,8,-1902,3485,475,0,0
-11,-8,9,-1860,3458,468,0,0
-15,-8,9,-1843,3423,507,0,0
-26,-7,5,-1845,3419,540,0,0
-30,-3,-2,-1868,3422,523,0,0
-20,0,-13,-1904,3469,495,0,0
7,2,-12,-1904,3448,472,0,0
1,3,-2,-1860,3417,510,0,0
-24,10,0,-1845,3469,530,0,0
-14,26,10,-1853,3525,534,0,0
26,35,21,-1870,3477,521,0,0
29,25,22,-1880,3413,492,0,0
-2,25,39,-1875,3456,467,0,0
-14,36,67,-1870,3465,481,0,0
-20,35,62,-1860,3474,529,0,0
-6,6,26,-1875,3423,523,0,0
-33,-23,13,-1890,3464,509,0,0
-42,-11,35,-1884,3504,502,0,0
-43,19,59,-1854,3453,500,0,0
-52,30,67,-1859,3441,513,0,0
-55,23,63,-1856,3449,515,0,0
-60,10,61,-1835,3476,488,0,0
-57,18,77,-1793,3515,490,0,0
-57,39,92,-1784,3518,531,0,0
-46,42,92,-1786,3459,583,0,0
-52,9,69,-1792,3405,578,0,0
-77,-21,34,-1798,3492,540,0,0
-55,-23,22,-1781,3579,505,0,0
-9,4,26,-1756,3574,501,0,0
31,24,13,-1748,3462,541,0,0
10,13,-28,-1789,3475,563,0,0
9,6,-33,-1796,3599,514,0,0
93,33,-12,-1716,3528,468,0,0
90,48,-20,-1674,3404,475,0,0
18,42,-76,-1710,3423,499,0,0
-37,24,-123,-1795,3487,502,0,0
-55,11,-122,-1862,3501,508,0,0
-67,-8,-81,-1943,3494,560,0,0
-50,-20,-49,-1966,3467,554,0,0
-8,-20,-54,-1902,3498,546,0,0
71,-15,-45,-1868,3544,539,0,0
150,-9,-19,-1843,3448,518,0,0
124,-11,-11,-1847,3379,504,0,0
69,-13,-7,-1884,3463,477,0,0
62,-3,-1,-1910,3472,462,0,0
69,-8,-12,-1927,3431,466,0,0
55,-22,-12,-1912,3396,433,0,0
22,-22,6,-1877,3409,465,0,0
-14,-20,-3,-1886,3391,481,0,0
-54,-20,-17,-1909,3409,463,0,0
-75,-23,-7,-1885,3395,468,0,0
-92,-22,12,-1852,3418,458,0,0
-89,4,29,-1873,3439,470,0,0
-98,30,34,-1915,3450,509,0,0
-94,37,27,-1894,3487,518,0,0
-56,36,30,-1872,3496,510,0,0
-12,33,35,-1856,3444,497,0,0
-8,33,36,-1833,3519,469,0,0
34,48,35,-1835,3533,477,0,0
53,51,26,-1860,3442,501,0,0
20,20,12,-1858,3436,498,0,0
19,-16,1,-1848,3498,476,0,0
31,-24,8,-1848,3492,477,0,0
15,-20,22,-1843,3433,500,0,0
6,-12,18,-1837,3465,487,0,0
17,-12,4,-1876,3441,502,0,0
-17,-13,-5,-1905,3449,484,0,0
-30,-7,4,-1897,3449,476,0,0
-48,2,21,-1890,3389,490,0,0
-88,0,16,-1885,3436,515,0,0
-58,-3,7,-1869,3504,521,0,0
-15,-13,17,-1868,3427,535,0,0
-62,-25,25,-1862,3404,589,0,0
-103,-35,17,-1852,3455,566,0,0
-100,-40,-2,-1818,3455,503,0,0
-103,-48,-17,-1835,3528,548,0,0
-59,-39,-26,-1852,3529,566,0,0
-10,-22,-17,-1817,3496,565,0,0
21,-14,-18,-1788,3436,565,0,0
33,-15,-61,-1876,3408,533,0,0
32,-13,-86,-1947,3419,536,0,0
19,-8,-67,-1939,3464,576,0,0
37,-2,-55,-1881,3527,621,0,0
88,-2,-61,-1920,3431,695,0,0
85,3,-82,-1973,3353,648,0,0
68,32,-77,-2043,3365,578,0,0
66,81,-8,-2062,3338,533,0,0
20,123,49,-1999,3335,530,0,0
-32,149,32,-1954,3386,521,0,0
-30,152,-8,-1992,3411,476,0,0
-50,127,-27,-1965,3350,463,0,0
-99,108,-2,-1972,3355,487,0,0
-163,98,34,-1952,3316,523,0,0
-244,65,38,-1923,3434,527,0,0
-216,33,2,-1903,3639,540,0,0
-42,0,-55,-1930,3627,548,0,0
100,-42,-80,-1931,3408,547,0,0
112,-57,-46,-1958,3294,603,0,0
35,-29,3,-1962,3340,633,0,0
16,8,50,-1916,3426,535,0,0
108,16,84,-1858,3371,437,0,0
75,-44,106,-1839,3247,406,0,0
-88,-120,77,-1868,3383,409,0,0
-110,-181,-51,-1876,3659,424,0,0
46,-228,-119,-1958,3568,525,0,0
96,-250,-83,-2054,3348,706,0,0
-2,-253,-76,-2057,3362,845,0,0
2,-243,-63,-2005,3406,695,0,0
92,-221,11,-1934,3441,495,0,0
178,-148,-2,-1932,3385,394,0,0
144,-75,-70,-1969,3405,429,0,0
152,-36,-86,-2010,3459,544,0,0
243,-19,-64,-2042,3427,541,0,0
243,-10,-43,-2059,3383,557,0,0
195,38,-27,-2154,3389,548,0,0
187,126,10,-2191,3245,502,0,0
125,188,70,-2146,3045,448,0,0
-98,228,132,-2140,3176,418,0,0
-255,276,148,-2145,3356,439,0,0
-285,307,114,-2082,3352,449,0,0
-300,279,63,-1970,3466,418,0,0
-226,230,24,-1907,3557,454,0,0
-114,187,-4,-1888,3517,482,0,0
-60,178,0,-1849,3575,460,0,0
18,222,-8,-1903,3530,505,0,0
53,202,-55,-1965,3268,510,0,0
-81,101,-111,-1991,3333,434,0,0
-109,58,-149,-1975,3527,418,0,0
-20,67,-169,-2030,3355,393,0,0
-27,81,-141,-2181,3256,370,0,0
-66,121,-63,-2261,3307,413,0,0
-76,140,-20,-2191,3361,473,0,0
-51,132,-15,-2106,3362,455,0,0
-34,134,-6,-2098,3351,441,0,0
-33,136,11,-2106,3345,415,0,0
-20,129,3,-2109,3262,355,0,0
-78,96,-15,-2096,3290,346,0,0
-97,53,-22,-2121,3432,433,0,0
-15,22,-36,-2196,3344,428,0,0
-4,-2,-38,-2161,3266,363,0,0
-9,-24,-40,-2102,3271,342,0,0
-35,-52,-53,-2116,3341,323,0,0
-17,-50,-57,-2177,3513,351,0,0
110,-18,-49,-2181,3363,394,0,0
147,-9,-32,-2124,3181,347,0,0
73,-5,5,-2059,3211,338,0,0
-1,8,61,-2066,3223,381,0,0
-38,23,70,-2208,3287,368,0,0
-23,50,76,-2226,3319,303,0,0
-37,86,148,-2143,3271,288,0,0
-78,97,246,-2009,3239,209,0,0
-142,105,346,-2022,3233,293,0,0
-218,160,373,-2041,3454,386,0,0
-132,196,313,-1973,3439,269,0,0
-256,127,238,-1825,3377,364,0,0
-473,-38,62,-1783,3475,487,0,0
-459,-198,-109,-1806,3765,591,0,0
-230,-299,-148,-1852,3819,681,0,0
85,-316,-110,-1883,3584,708,0,0
264,-286,-63,-1872,3268,595,0,0
158,-240,-33,-1932,3312,646,0,0
151,-198,-25,-2101,3438,698,0,0
194,-156,28,-2159,3304,602,0,0
90,-119,70,-2023,3264,525,0,0
-24,-97,49,-1903,3388,535,0,0
-52,-104,18,-1875,3358,582,0,0
-104,-131,7,-1872,3414,640,0,0
-93,-136,6,-1905,3514,699,0,0
27,-99,22,-1944,3501,692,0,0
95,-43,31,-1934,3369,623,0,0
49,-25,34,-1865,3334,608,0,0
2,-44,33,-1805,3358,639,0,0
-34,-66,3,-1810,3442,678,0,0
-74,-72,-65,-1900,3565,718,0,0
-13,-69,-100,-1974,3509,706,0,0
61,-73,-91,-1977,3322,604,0,0
55,-66,-57,-1976,3366,609,0,0
34,-32,-1,-1960,3430,709,0,0
29,10,23,-1966,3418,739,0,0
51,27,5,-1976,3374,653,0,0
60,25,5,-1936,3457,602,0,0
98,23,34,-1882,3440,577,0,0
92,25,53,-1874,3368,623,0,0
38,16,33,-1886,3311,651,0,0
-31,-11,-10,-1921,3419,632,0,0
-17,-27,-40,-1967,3496,592,0,0
17,-24,-45,-1975,3402,591,0,0
-12,-27,-32,-1979,3321,605,0,0
-69,-32,-20,-1937,3398,655,0,0
-48,-15,-24,-1911,3421,673,0,0
-15,-11,-29,-1927,3398,628,0,0
-8,-17,-28,-1921,3423,577,0,0
-9,-7,-23,-1921,3429,620,0,0
-4,-8,-23,-1949,3380,659,0,0
-6,-27,-35,-1966,3406,660,0,0
28,-34,-56,-1991,3431,604,0,0
67,-28,-52,-1980,3374,602,0,0
54,-13,-14,-1937,3251,623,0,0
-34,3,8,-1966,3305,669,0,0
-74,21,6,-2016,3467,647,0,0
-19,28,27,-1957,3419,616,0,0
-13,7,33,-1885,3319,609,0,0
-53,8,17,-1939,3393,639,0,0
-40,19,10,-2021,3446,632,0,0
-10,0,16,-2015,3400,651,0,0
-11,-34,5,-1976,3360,640,0,0
-13,-44,-4,-1993,3367,649,0,0
-27,-35,9,-2002,3358,673,0,0
-51,-16,36,-1994,3386,703,0,0
-38,-4,43,-1964,3395,749,0,0
36,-22,-12,-2021,3365,730,0,0
65,-51,-42,-2088,3312,604,0,0
-28,-49,-7,-2014,3337,591,0,0
-72,-23,43,-1945,3413,627,0,0
-101,23,72,-1940,3377,686,0,0
-129,52,55,-1947,3382,747,0,0
-90,48,23,-1974,3432,725,0,0
-29,34,29,-1964,3437,689,0,0
-1,34,57,-1916,3380,696,0,0
-11,36,55,-1888,3377,707,0,0
-14,32,36,-1914,3400,714,0,0
-9,26,35,-1951,3429,730,0,0
13,21,43,-1932,3379,702,0,0
20,13,29,-1910,3390,677,0,0
16,14,30,-1915,3410,669,0,0
5,24,41,-1890,3413,709,0,0
15,20,47,-1853,3372,715,0,0
2,4,39,-1893,3394,686,0,0
-26,-9,30,-1912,3451,638,0,0
-11,-11,27,-1892,3434,658,0,0
-6,-22,23,-1901,3391,703,0,0
-23,-26,25,-1905,3406,730,0,0
-12,-20,27,-1873,3456,689,0,0
18,-14,21,-1853,3464,685,0,0
33,-20,9,-1872,3393,705,0,0
4,-37,11,-1876,3359,732,0,0
-31,-48,19,-1882,3405,717,0,0
-51,-53,29,-1904,3438,702,0,0
-39,-49,20,-1874,3451,687,0,0
-22,-38,-2,-1868,3459,733,0,0
14,-34,-36,-1841,3402,724,0,0
-1,-43,-35,-1829,3377,716,0,0
-28,-34,-6,-1862,3463,731,0,0
-11,-5,37,-1907,3433,741,0,0
-14,19,59,-1938,3365,749,0,0
-31,21,57,-1907,3475,766,0,0
26,8,39,-1848,3412,778,0,0
10,-37,24,-1794,3381,730,0,0
-7,-78,-34,-1676,3537,623,0,0
25,-105,-49,-1749,3458,673,0,0
-4,-103,-22,-1892,3246,806,0,0
-95,-72,8,-1912,3284,888,0,0
-143,-29,55,-1928,3467,855,0,0
-65,18,81,-1969,3745,767,0,0
163,15,67,-1786,3426,614,0,0
96,-107,33,-1667,3284,714,0,0
-25,-188,1,-1742,3438,908,0,0
7,-144,8,-1852,3539,937,0,0
96,-33,23,-1915,3409,757,0,0
75,22,35,-1901,3346,647,0,0
-6,-2,51,-1851,3440,725,0,0
4,-38,36,-1819,3444,810,0,0
33,-46,17,-1756,3468,750,0,0
34,-25,25,-1745,3502,777,0,0
47,3,32,-1833,3403,807,0,0
16,8,17,-1872,3417,805,0,0
16,-2,5,-1819,3518,756,0,0
49,-18,23,-1819,3479,739,0,0
43,-22,55,-1812,3463,770,0,0
57,6,72,-1766,3466,784,0,0
63,21,70,-1766,3505,776,0,0
100,23,69,-1750,3464,734,0,0
77,26,69,-1697,3374,693,0,0
19,18,10,-1691,3662,669,0,0
167,24,-27,-1675,3539,567,0,0
195,20,-9,-1680,3443,539,0,0
170,43,-3,-1698,3544,531,0,0
160,89,-30,-1652,3477,542,0,0
93,74,-85,-1703,3425,520,0,0
38,41,-106,-1755,3335,477,0,0
-77,20,-105,-1845,3367,509,0,0
-206,3,-91,-1864,3531,519,0,0
-221,6,-67,-1819,3689,593,0,0
-70,2,-29,-1835,3561,602,0,0
2,-6,17,-1808,3376,583,0,0
-50,2,10,-1826,3367,592,0,0
-103,9,-5,-1861,3517,604,0,0
-70,17,1,-1857,3571,579,0,0
-11,9,-9,-1835,3500,575,0,0
6,-3,-21,-1818,3427,550,0,0
-9,-5,-11,-1829,3405,615,0,0
-27,0,-12,-1858,3503,642,0,0
18,15,-4,-1866,3476,636,0,0
31,9,5,-1826,3411,622,0,0
23,-5,-3,-1807,3406,569,0,0
25,-2,-1,-1850,3429,593,0,0
10,-3,3,-1881,3408,653,0,0
-10,-4,3,-1843,3352,638,0,0
-27,-7,-16,-1836,3386,614,0,0
-40,-15,-31,-1880,3465,607,0,0
-41,-17,1,-1876,3479,594,0,0
-15,0,39,-1824,3546,630,0,0
52,21,36,-1824,3450,646,0,0
40,16,14,-1876,3386,634,0,0
5,5,7,-1897,3450,615,0,0
6,1,15,-1873,3440,595,0,0
-18,-9,25,-1828,3454,617,0,0
-18,-13,16,-1816,3472,636,0,0
1,-13,-1,-1837,3441,626,0,0
5,-11,-13,-1883,3448,629,0,0
0,-9,-7,-1882,3447,611,0,0
-16,-7,7,-1839,3451,623,0,0
-22,-7,1,-1846,3427,655,0,0
-47,-17,-7,-1875,3425,681,0,0
-61,-30,3,-1867,3435,678,0,0
-49,-35,19,-1852,3457,647,0,0
-43,-39,36,-1854,3461,639,0,0
-58,-32,40,-1848,3487,666,0,0
-31,-21,34,-1818,3389,665,0,0
-46,-24,24,-1817,3392,692,0,0
-60,-21,11,-1835,3510,696,0,0
-26,-3,12,-1844,3537,682,0,0
23,13,6,-1855,3484,649,0,0
58,27,3,-1820,3459,626,0,0
61,31,-2,-1795,3414,651,0,0
37,23,-19,-1826,3429,682,0,0
31,16,-25,-1826,3520,663,0,0
65,27,-17,-1827,3524,602,0,0
104,39,-26,-1860,3377,559,0,0
49,15,-41,-1887,3322,585,0,0
-39,-16,-41,-1876,3450,622,0,0
-25,-13,-27,-1866,3521,667,0,0
24,-5,-24,-1887,3424,645,0,0
10,-7,-21,-1892,3388,605,0,0
-26,-19,-24,-1884,3437,620,0,0
-14,-36,-27,-1855,3453,608,0,0
-13,-37,-30,-1866,3408,597,0,0
-52,-29,-34,-1885,3416,639,0,0
-56,-24,-41,-1917,3437,648,0,0
-36,-33,-35,-1927,3409,635,0,0
-27,-39,-19,-1892,3426,625,0,0
-11,-29,-13,-1902,3422,661,0,0
-6,-10,-9,-1931,3419,678,0,0
21,15,1,-1915,3334,665,0,0
3,30,8,-1916,3349,630,0,0
-16,39,-3,-1918,3455,644,0,0
10,49,5,-1901,3461,669,0,0
13,66,27,-1830,3467,710,0,0
57,83,2,-1820,3509,642,0,0
142,81,-33,-1915,3395,586,0,0
129,58,-44,-1948,3337,545,0,0
90,50,-32,-1934,3417,525,0,0
90,57,-19,-1961,3339,529,0,0
21,26,-22,-2003,3260,527,0,0
-55,-21,-11,-2087,3349,554,0,0
-109,9,69,-2148,3329,567,0,0
-223,96,181,-2048,3371,630,0,0
-271,194,232,-1972,3378,590,0,0
-325,291,237,-2001,3354,596,0,0
-409,337,254,-2005,3380,653,0,0
-425,334,303,-1897,3501,696,0,0
-317,336,303,-1738,3595,715,0,0
-225,329,241,-1602,3588,682,0,0
-198,284,171,-1513,3537,668,0,0
-178,200,96,-1513,3481,720,0,0
-142,120,19,-1564,3571,772,0,0
-65,66,-28,-1646,3655,749,0,0
45,35,-54,-1733,3583,696,0,0
111,15,-59,-1702,3538,710,0,0
134,0,-54,-1668,3439,747,0,0
128,-28,-67,-1643,3407,715,0,0
76,-67,-68,-1657,3513,743,0,0
38,-81,-98,-1787,3506,752,0,0
36,-71,-130,-1952,3433,819,0,0
37,-51,-91,-2098,3337,767,0,0
16,-3,14,-2066,3355,736,0,0
-17,84,101,-1914,3396,681,0,0
-61,172,125,-1820,3507,702,0,0
-44,215,112,-1836,3472,715,0,0
-60,215,95,-1868,3359,712,0,0
-123,222,90,-1838,3394,682,0,0
-169,247,88,-1779,3389,638,0,0
-235,266,69,-1767,3478,660,0,0
-198,271,32,-1763,3608,674,0,0
-87,249,15,-1759,3500,718,0,0
-72,226,9,-1749,3361,687,0,0
-110,235,12,-1732,3346,655,0,0
-161,246,33,-1734,3471,683,0,0
-157,254,31,-1765,3544,694,0,0
-91,247,23,-1773,3444,692,0,0
-110,221,63,-1728,3503,716,0,0
-110,210,98,-1669,3563,700,0,0
-61,203,100,-1676,3498,677,0,0
-58,178,99,-1776,3432,688,0,0
-92,159,126,-1785,3466,707,0,0
-72,145,147,-1708,3528,699,0,0
0,128,140,-1675,3565,665,0,0
49,108,125,-1655,3549,660,0,0
102,86,87,-1668,3587,600,0,0
150,58,48,-1653,3467,539,0,0
73,2,34,-1608,3492,521,0,0
34,-50,29,-1610,3640,552,0,0
68,-79,42,-1634,3644,639,0,0
95,-110,38,-1613,3590,672,0,0
72,-145,6,-1592,3553,619,0,0
11,-182,-21,-1642,3502,573,0,0
-18,-206,-33,-1723,3403,575,0,0
-53,-215,-37,-1771,3387,621,0,0
-68,-186,-34,-1759,3662,632,0,0
53,-118,-8,-1673,3587,632,0,0
71,-79,22,-1595,3487,580,0,0
30,-56,19,-1615,3605,586,0,0
81,-26,11,-1662,3647,557,0,0
161,18,10,-1701,3543,508,0,0
142,46,14,-1741,3533,549,0,0
112,50,36,-1722,3562,536,0,0
124,48,38,-1658,3533,521,0,0
122,52,28,-1640,3498,493,0,0
80,57,-2,-1654,3505,456,0,0
46,56,-23,-1673,3595,477,0,0
64,46,8,-1656,3610,500,0,0
57,21,52,-1591,3575,526,0,0
58,7,27,-1595,3559,480,0,0
51,-1,-18,-1654,3528,395,0,0
20,-14,-19,-1665,3595,446,0,0
56,-43,-22,-1632,3603,415,0,0
102,-69,-48,-1616,3591,408,0,0
104,-76,-62,-1661,3544,432,0,0
78,-69,-60,-1681,3469,390,0,0
51,-61,-61,-1665,3535,343,0,0
50,-52,-42,-1639,3598,405,0,0
57,-43,-16,-1608,3525,388,0,0
75,-45,-32,-1645,3521,368,0,0
87,-71,-59,-1726,3563,348,0,0
98,-99,-31,-1729,3549,359,0,0
102,-101,0,-1719,3522,332,0,0
78,-73,12,-1698,3527,320,0,0
71,-54,26,-1683,3598,309,0,0
68,-47,32,-1688,3605,282,0,0
77,-59,8,-1658,3569,259,0,0
92,-98,-13,-1669,3543,284,0,0
56,-130,-12,-1686,3608,320,0,0
82,-115,-7,-1689,3582,276,0,0
84,-92,9,-1722,3507,256,0,0
40,-78,28,-1754,3512,255,0,0
27,-61,45,-1731,3534,250,0,0
15,-53,60,-1693,3592,268,0,0
14,-59,63,-1667,3567,292,0,0
-1,-59,57,-1653,3533,256,0,0
-14,-41,35,-1648,3541,225,0,0
-31,-25,13,-1659,3538,215,0,0
-39,-4,21,-1626,3624,197,0,0
-2,-1,59,-1573,3552,228,0,0
-19,-39,84,-1596,3464,218,0,0
-116,-69,78,-1611,3663,225,0,0
-41,-83,65,-1576,3827,221,0,0
108,-109,84,-1468,3666,235,0,0
97,-141,94,-1463,3625,276,0,0
113,-154,24,-1541,3676,304,0,0
158,-180,-58,-1544,3541,235,0,0
85,-270,-111,-1527,3425,258,0,0
-1,-363,-158,-1597,3578,298,0,0
5,-355,-172,-1680,3752,372,0,0
160,-292,-154,-1745,3750,408,0,0
271,-263,-113,-1766,3612,404,0,0
298,-253,-60,-1748,3544,352,0,0
280,-233,-38,-1695,3478,257,0,0
214,-212,-37,-1732,3474,185,0,0
155,-166,-42,-1818,3503,186,0,0
122,-119,-49,-1834,3507,214,0,0
106,-103,-61,-1791,3475,233,0,0
94,-108,-67,-1745,3470,233,0,0
69,-106,-38,-1651,3428,195,0,0
4,-93,-15,-1640,3394,220,0,0
-88,-85,-28,-1782,3528,242,0,0
-68,-73,-26,-1817,3535,222,0,0
-60,-70,4,-1738,3440,195,0,0
-132,-64,15,-1695,3533,208,0,0
-134,-43,13,-1702,3656,267,0,0
-34,-42,13,-1775,3608,314,0,0
64,-71,3,-1866,3638,385,0,0
344,-99,41,-2020,3958,342,0,0
664,-66,125,-1836,3825,77,0,0
713,-31,180,-1633,3510,-1,0,0
533,-30,146,-1474,3156,-8,0,0
211,-64,34,-1442,3220,-14,0,0
-114,-92,-38,-1578,3423,-68,0,0
-289,-66,-23,-1690,3673,-23,0,0
-210,-11,13,-1770,3582,26,0,0
-257,-11,36,-1767,3426,46,0,0
-392,-55,5,-1720,3522,127,0,0
-333,-91,-38,-1709,3698,198,0,0
-171,-83,-25,-1717,3737,197,0,0
-54,-40,20,-1677,3623,239,0,0
-21,-8,40,-1667,3542,279,0,0
-44,4,39,-1694,3538,274,0,0
-60,4,36,-1733,3595,256,0,0
-42,8,38,-1721,3610,226,0,0
-17,13,36,-1656,3557,221,0,0
-15,7,22,-1636,3564,237,0,0
-7,3,1,-1653,3626,280,0,0
18,1,-10,-1676,3618,275,0,0
56,3,-12,-1697,3602,228,0,0
81,13,-2,-1656,3557,187,0,0
65,23,3,-1642,3554,220,0,0
65,10,-31,-1680,3531,213,0,0
48,-21,-57,-1701,3621,194,0,0
73,-26,-45,-1665,3627,154,0,0
103,-8,-38,-1671,3489,158,0,0
49,-11,-43,-1701,3523,190,0,0
13,-15,-39,-1731,3601,171,0,0
35,-2,-27,-1738,3577,114,0,0
57,2,-16,-1714,3552,91,0,0
66,-4,-8,-1706,3545,121,0,0
45,-8,6,-1709,3534,157,0,0
18,-11,9,-1711,3549,160,0,0
10,-26,4,-1715,3582,120,0,0
29,-25,2,-1709,3554,98,0,0
25,-40,-3,-1703,3493,92,0,0
-18,-55,-15,-1733,3508,102,0,0
-31,-56,-17,-1741,3581,119,0,0
-4,-46,-16,-1726,3510,132,0,0
-33,-47,-34,-1718,3477,119,0,0
-46,-48,-41,-1760,3545,122,0,0
-42,-37,-18,-1764,3494,147,0,0
-75,-34,-6,-1749,3548,179,0,0
-73,-30,-8,-1741,3590,175,0,0
-48,-31,-7,-1745,3576,182,0,0
-21,-48,-12,-1734,3503,189,0,0
-57,-69,-14,-1724,3486,205,0,0
-96,-63,-19,-1749,3603,220,0,0
-28,-30,-21,-1795,3617,194,0,0
41,-21,-19,-1782,3527,164,0,0
49,-50,-21,-1773,3503,148,0,0
52,-50,-20,-1805,3501,210,0,0
22,-11,-14,-1836,3520,254,0,0
-17,28,21,-1833,3521,251,0,0
-57,37,41,-1813,3396,258,0,0
-132,12,30,-1793,3445,250,0,0
-155,-3,18,-1786,3559,245,0,0
-136,7,23,-1774,3546,276,0,0
-93,12,35,-1767,3576,314,0,0
-57,13,40,-1776,3540,343,0,0
-72,10,39,-1765,3515,338,0,0
-76,2,37,-1771,3536,320,0,0
-63,7,37,-1767,3549,292,0,0
-59,21,49,-1749,3594,326,0,0
-23,33,49,-1710,3528,342,0,0
-22,20,27,-1715,3475,360,0,0
-36,0,11,-1729,3543,357,0,0
-22,-7,8,-1721,3564,328,0,0
-4,-3,13,-1724,3635,301,0,0
48,10,17,-1709,3576,332,0,0
68,12,4,-1694,3519,312,0,0
79,9,-12,-1706,3544,285,0,0
92,-8,-14,-1728,3543,271,0,0
46,-24,-2,-1700,3595,280,0,0
57,-8,1,-1719,3521,307,0,0
54,-6,-24,-1747,3420,262,0,0
-17,-24,-49,-1778,3533,260,0,0
-25,-16,-48,-1788,3584,258,0,0
-5,9,-28,-1749,3468,248,0,0
-54,16,-15,-1730,3524,289,0,0
-43,21,-12,-1758,3583,303,0,0
-21,24,-17,-1770,3510,296,0,0
-46,13,-33,-1771,3496,272,0,0
-65,2,-36,-1791,3546,276,0,0
-55,3,-12,-1774,3543,294,0,0
-34,5,-7,-1765,3501,344,0,0
-39,-5,-26,-1810,3526,335,0,0
-4,-11,-23,-1815,3567,330,0,0
41,-18,3,-1770,3455,317,0,0
2,-26,12,-1735,3436,313,0,0
-30,-19,5,-1772,3500,323,0,0
-32,-10,7,-1823,3493,338,0,0
-26,-8,3,-1813,3512,315,0,0
-16,-20,-1,-1809,3526,334,0,0
-16,-27,11,-1792,3521,355,0,0
6,-7,30,-1779,3534,333,0,0
21,16,37,-1770,3510,313,0,0
0,16,33,-1803,3517,325,0,0
8,6,26,-1812,3530,335,0,0
22,-5,15,-1781,3513,311,0,0
11,-3,12,-1792,3500,313,0,0
-12,13,23,-1784,3528,314,0,0
-4,28,30,-1778,3532,319,0,0
1,29,17,-1773,3511,320,0,0
0,16,8,-1798,3519,312,0,0
-8,9,6,-1790,3504,289,0,0
-34,18,19,-1757,3558,293,0,0
-10,36,30,-1753,3532,300,0,0
-10,35,27,-1791,3499,335,0,0
-27,20,25,-1780,3529,328,0,0
-36,19,34,-1737,3548,302,0,0
-31,27,47,-1717,3548,314,0,0
-33,23,55,-1733,3511,338,0,0
-47,6,41,-1734,3526,355,0,0
-33,-11,24,-1741,3540,346,0,0
-21,-15,24,-1747,3510,324,0,0
-29,-4,28,-1709,3576,311,0,0
-10,10,33,-1684,3607,309,0,0
12,6,20,-1703,3550,347,0,0
20,-19,0,-1731,3562,343,0,0
54,-28,5,-1698,3560,291,0,0
80,-13,7,-1679,3504,278,0,0
35,-10,7,-1688,3552,332,0,0
14,-16,1,-1739,3578,351,0,0
43,-16,-8,-1755,3527,285,0,0
50,-18,0,-1731,3554,249,0,0
40,-11,10,-1707,3552,257,0,0
24,2,19,-1705,3536,297,0,0
18,7,8,-1734,3530,302,0,0
21,-16,-7,-1755,3569,280,0,0
38,-21,-9,-1734,3563,258,0,0
30,-19,-7,-1712,3505,255,0,0
-16,-12,-11,-1726,3476,272,0,0
-54,-16,-14,-1733,3559,298,0,0
-29,-20,-13,-1738,3603,278,0,0
10,-18,-11,-1726,3643,271,0,0
74,-18,-19,-1752,3540,241,0,0
73,-14,-10,-1741,3440,234,0,0
21,1,-1,-1718,3424,289,0,0
-36,15,-2,-1759,3545,277,0,0
-16,30,10,-1743,3571,242,0,0
-4,19,16,-1691,3489,226,0,0
-36,-5,-1,-1710,3521,242,0,0
-49,-14,-5,-1733,3547,260,0,0
-51,-8,14,-1725,3571,289,0,0
-33,7,18,-1725,3559,278,0,0
-31,3,8,-1759,3536,286,0,0
-34,-16,12,-1769,3541,290,0,0
-26,-18,18,-1749,3557,259,0,0
-13,-3,26,-1736,3535,275,0,0
-47,-7,30,-1751,3547,278,0,0
-70,-17,32,-1772,3569,358,0,0
-53,-40,14,-1753,3437,372,0,0
-108,-62,6,-1747,3428,338,0,0
-142,-34,21,-1739,3624,344,0,0
-70,22,35,-1721,3659,370,0,0
-33,32,24,-1707,3506,392,0,0
-47,-7,3,-1728,3495,379,0,0
-49,-28,6,-1724,3570,363,0,0
-47,-13,27,-1715,3596,389,0,0
-24,13,27,-1691,3529,394,0,0
-12,17,2,-1691,3477,429,0,0
-32,-7,-15,-1709,3548,429,0,0
-19,-23,-10,-1713,3630,417,0,0
42,-11,-7,-1698,3606,358,0,0
94,9,-1,-1666,3557,346,0,0
94,4,-6,-1694,3505,389,0,0
60,-23,-33,-1727,3458,382,0,0
14,-45,-37,-1734,3571,365,0,0
32,-25,-8,-1728,3587,333,0,0
48,0,11,-1723,3522,321,0,0
34,-3,0,-1743,3510,333,0,0
29,-17,-14,-1777,3523,333,0,0
32,-20,-6,-1756,3555,323,0,0
24,-2,12,-1717,3553,334,0,0
17,15,11,-1727,3511,333,0,0
-7,12,-8,-1758,3477,337,0,0
-44,-6,-19,-1753,3576,329,0,0
-10,-21,-29,-1738,3598,324,0,0
21,-26,-29,-1745,3548,329,0,0
42,-18,-17,-1759,3479,330,0,0
20,-15,-25,-1766,3468,370,0,0
-8,-21,-40,-1784,3493,351,0,0
-11,-20,-28,-1719,3466,323,0,0
-46,-6,-10,-1711,3488,322,0,0
-60,12,-5,-1804,3532,361,0,0
-62,11,4,-1806,3519,365,0,0
-51,4,20,-1760,3548,362,0,0
-11,11,16,-1736,3539,334,0,0
25,19,9,-1774,3535,336,0,0
37,20,6,-1816,3524,334,0,0
8,29,22,-1792,3487,342,0,0
-45,28,33,-1760,3486,347,0,0
-61,19,26,-1771,3564,377,0,0
-19,13,14,-1791,3546,384,0,0
1,4,12,-1783,3485,347,0,0
-24,1,10,-1776,3481,337,0,0
-60,-2,6,-1779,3509,378,0,0
-88,-4,9,-1768,3569,415,0,0
-42,-9,11,-1775,3540,419,0,0
-29,-14,10,-1796,3481,401,0,0
-36,-3,22,-1777,3571,408,0,0
2,19,38,-1741,3545,394,0,0
-8,19,37,-1735,3481,404,0,0
-20,5,25,-1756,3520,400,0,0
-16,-1,30,-1744,3561,389,0,0
-7,1,40,-1725,3525,381,0,0
-9,1,34,-1730,3502,401,0,0
-24,-10,17,-1743,3528,409,0,0
-17,-18,10,-1731,3542,412,0,0
5,-17,11,-1739,3559,424,0,0
45,-3,6,-1757,3580,382,0,0
78,12,10,-1715,3585,358,0,0
89,13,20,-1657,3507,371,0,0
65,-5,-8,-1730,3480,375,0,0
41,-25,-22,-1782,3560,357,0,0
77,-22,-4,-1738,3592,319,0,0
93,-2,9,-1705,3522,314,0,0
78,-5,-2,-1737,3496,313,0,0
69,-15,-4,-1766,3543,308,0,0
55,-12,-6,-1741,3578,316,0,0
62,-8,-11,-1761,3533,288,0,0
56,-5,3,-1779,3521,190,0,0
79,-5,8,-1712,3619,339,0,0
177,-28,-31,-1750,3547,223,0,0
122,0,-21,-1803,3456,166,0,0
-8,-32,-45,-1680,3379,219,0,0
-160,-84,-97,-1788,3486,100,0,0
-348,-8,-46,-1756,3676,387,0,0
-97,25,14,-1705,3728,406,0,0
-9,63,21,-1950,3126,71,0,0
-52,84,-9,-1870,3334,390,0,0
-162,37,26,-1696,3926,449,0,0
30,117,172,-1643,3917,410,0,0
286,119,178,-1772,3010,286,0,0
-74,39,46,-1827,2925,157,0,0
-489,6,71,-1698,3933,361,0,0
-170,48,124,-1553,3975,374,0,0
245,36,81,-1615,3678,375,0,0
396,1,45,-1783,3460,203,0,0
254,13,50,-1714,3424,272,0,0
173,-34,4,-1654,3497,263,0,0
89,-63,-6,-1626,3508,35,0,0
-70,-37,-3,-1613,3595,121,0,0
-8,-52,-25,-1712,3680,180,0,0
66,-22,-14,-1721,3543,213,0,0
-4,-4,-12,-1732,3515,233,0,0
-11,-17,-19,-1766,3535,159,0,0
-40,-1,1,-1746,3494,149,0,0
-160,-3,20,-1671,3569,224,0,0
-181,-19,14,-1590,3641,274,0,0
-36,-37,-9,-1597,3647,254,0,0
25,-50,-7,-1655,3557,279,0,0
34,-62,0,-1741,3488,254,0,0
7,-35,13,-1751,3493,160,0,0
-93,9,38,-1655,3520,145,0,0
-135,11,25,-1612,3617,236,0,0
-67,-2,-3,-1624,3720,256,0,0
47,-15,-15,-1615,3592,289,0,0
62,-59,-26,-1657,3565,379,0,0
80,-98,-56,-1698,3499,341,0,0
61,-109,-56,-1742,3561,320,0,0
51,-72,-37,-1793,3583,256,0,0
97,-32,-31,-1799,3518,243,0,0
80,-4,-8,-1707,3537,232,0,0
31,39,14,-1645,3534,207,0,0
-20,78,12,-1720,3629,254,0,0
59,56,7,-1724,3530,248,0,0
-50,-6,-78,-1710,3313,136,0,0
-192,-40,-19,-1604,3922,418,0,0
66,-90,-40,-1632,3392,277,0,0
-256,-62,-6,-1966,3615,118,0,0
-268,120,123,-1842,3860,363,0,0
-86,150,128,-1621,3391,557,0,0
-26,16,58,-1750,3262,317,0,0
-14,-40,21,-1704,3460,456,0,0
150,-121,-35,-1617,3603,381,0,0
83,-133,-59,-1749,3559,28,0,0
-55,-40,-35,-1783,3582,249,0,0
131,-23,-16,-1680,3811,389,0,0
284,-9,35,-1582,3793,486,0,0
301,-49,44,-1679,3225,57,0,0
-11,-35,-30,-1727,3397,48,0,0
-355,34,-40,-2047,3385,-201,0,0
-785,269,51,-1901,3496,263,0,0
-188,282,132,-1525,4024,1188,0,0
504,-70,68,-1396,3297,1182,0,0
280,-215,29,-1788,3225,-82,0,0
226,8,132,-1845,3841,71,0,0
264,2,130,-1743,3621,-60,0,0
149,-22,55,-1629,3522,131,0,0
85,-23,15,-1643,3460,282,0,0
24,-33,5,-1598,3664,164,0,0
55,-12,-12,-1638,3642,111,0,0
20,-25,3,-1681,3538,210,0,0
-13,-53,4,-1664,3574,178,0,0
-47,-25,-12,-1665,3554,102,0,0
-32,-2,-2,-1643,3598,138,0,0
15,-3,12,-1704,3495,174,0,0
-80,-34,8,-1697,3451,202,0,0
-223,-37,2,-1640,3554,145,0,0
-338,6,0,-1605,3518,225,0,0
-412,14,-4,-1607,3597,399,0,0
-310,14,1,-1663,3739,451,0,0
-163,35,11,-1649,3649,441,0,0
-89,28,10,-1606,3609,462,0,0
-19,7,10,-1624,3605,433,0,0
12,4,22,-1630,3627,417,0,0
50,20,29,-1589,3669,442,0,0
103,27,12,-1624,3532,388,0,0
113,4,-20,-1675,3532,383,0,0
129,-38,-28,-1658,3592,358,0,0
158,-35,-13,-1611,3601,296,0,0
140,6,-13,-1620,3512,303,0,0
51,10,-22,-1673,3568,310,0,0
48,-6,-25,-1713,3602,291,0,0
41,-28,-19,-1711,3524,224,0,0
16,-35,3,-1613,3571,209,0,0
18,-11,4,-1596,3546,249,0,0
-38,1,-15,-1705,3596,286,0,0
-2,13,-18,-1756,3668,317,0,0
101,14,-5,-1678,3520,289,0,0
47,-17,-7,-1619,3435,271,0,0
-66,-32,-15,-1663,3549,276,0,0
-93,-17,-7,-1695,3596,277,0,0
-65,-7,-7,-1695,3570,271,0,0
-21,-11,-26,-1710,3554,303,0,0
-12,-26,-29,-1707,3506,308,0,0
-34,-35,-16,-1655,3458,352,0,0
-87,-42,-30,-1651,3474,365,0,0
-128,-41,-39,-1730,3617,363,0,0
-93,-30,-34,-1735,3659,381,0,0
-56,-46,-24,-1691,3573,390,0,0
-59,-77,-28,-1674,3490,392,0,0
-66,-93,-32,-1722,3735,408,0,0
131,-62,-22,-1770,3764,321,0,0
286,-14,7,-1694,3451,248,0,0
157,-16,5,-1669,3326,263,0,0
-46,-40,-38,-1704,3400,304,0,0
-130,-59,-69,-1750,3447,393,0,0
-220,-76,-97,-1773,3408,542,0,0
-254,-109,-118,-1731,3391,609,0,0
-106,-135,-95,-1543,3322,429,0,0
24,-113,-77,-1333,3128,237,0,0
64,-61,-153,-1084,2986,329,0,0
-3,-89,-327,-1015,3211,183,0,0
213,-133,-416,-1089,3269,42,0,0
512,-190,-303,-1341,3341,-465,0,0
838,-50,12,-1876,3913,-938,0,0
1205,210,602,-2402,5161,-958,0,0
1673,415,1250,-2966,6905,-1423,0,0
1499,497,2017,-3160,7698,-1121,0,0
1833,388,2558,-2580,8105,-539,0,0
1852,-218,2545,-2120,6392,-608,0,0
1318,-823,1921,-876,3380,-606,0,0
473,-1277,822,-923,1819,-717,0,0
-482,-1218,-63,-1875,-949,-418,0,0
-775,-407,-40,-1669,-1683,821,0,0
-584,205,16,-1007,-594,1206,0,0
-470,730,-555,-594,456,814,0,0
-677,983,-1030,-27,964,-140,0,0
-759,414,-812,768,1403,-1416,0,0
438,-212,-131,771,2411,-1868,0,0
1320,-397,720,1042,3272,-1155,0,0
1104,-440,1451,968,3793,-1250,0,0
834,-202,1631,666,3584,-1428,0,0
653,14,1460,826,4831,-514,0,0
1134,27,1588,1398,5149,-778,0,0
1284,179,1735,1232,5468,-1766,0,0
184,445,1344,-493,5987,-1715,0,0
62,1099,486,-1014,5180,-982,0,0
176,1402,-346,-190,4602,-2116,0,0
-623,1323,-817,1754,4600,-2786,0,0
-577,828,-941,3620,4702,-2551,0,0
-352,-202,-605,3952,4734,-3063,0,0
155,-1009,-234,2337,5489,-2687,0,0
301,-1388,-1,1482,5321,-2544,0,0
-165,-1163,353,1156,4759,-2183,0,0
817,-673,468,1304,3833,-3271,0,0
716,242,202,112,2973,-3648,0,0
-292,1010,-174,655,4132,-1807,0,0
-1316,647,-84,1205,4614,-2293,0,0
-1330,190,-181,1638,3816,-2556,0,0
-339,-150,-449,2196,4263,-1860,0,0
-326,-737,-213,2112,4011,-2872,0,0
-308,-1005,309,936,4968,-2385,0,0
1001,-806,691,-2629,8572,-936,0,0
2258,-78,871,-4223,6835,2311,0,0
1368,464,410,1073,2182,2718,0,0
1736,564,152,3481,-4572,-1753,0,0
1073,781,-436,3253,-4378,138,0,0
-1557,-168,-391,1243,-780,280,0,0
-1888,-1036,-221,-489,1948,-881,0,0
-641,-622,-429,-1207,3996,-1307,0,0
263,137,-49,-1,2298,378,0,0
682,331,577,-332,1024,726,0,0
1250,246,1014,-246,151,-575,0,0
1357,312,984,240,425,-2736,0,0
-2056,698,682,1323,1538,-2298,0,0
-1016,900,71,1714,4220,-2446,0,0
-771,1002,-576,1416,5237,-3171,0,0
396,1053,-875,2390,4752,-2323,0,0
623,1187,-1759,2044,4515,-2767,0,0
-563,1462,-2982,2572,4967,-1463,0,0
-1130,967,-3031,1733,5097,-1819,0,0
-1561,362,-1999,526,4045,-2436,0,0
-1658,-128,-940,199,4591,-885,0,0
88,-586,-338,-412,5115,-1812,0,0
750,-313,48,-365,4212,-2015,0,0
1129,191,277,70,3645,-1338,0,0
1354,323,631,233,2609,-422,0,0
1263,125,1106,-21,2276,-861,0,0
920,92,1426,213,2666,-1074,0,0
659,41,1107,-236,4564,-1457,0,0
1142,317,463,-906,4828,-2381,0,0
1167,714,-170,-83,4085,-2457,0,0
1344,747,-740,1388,3039,-3288,0,0
1257,437,-893,3741,2401,-3939,0,0
556,-352,176,6151,2732,-4820,0,0
638,-1208,1831,5678,3832,-5644,0,0
993,-1473,2405,3527,3380,-4438,0,0
-895,-2110,1816,1567,4466,-3380,0,0
-69,-2476,1017,-905,6971,-4453,0,0
264,-2787,747,-1055,3977,-1304,0,0
1025,-3071,409,-1935,2566,-2347,0,0
461,-2395,198,-1137,2064,-1225,0,0
-532,-1888,244,-248,1056,327,0,0
1209,-1150,211,-305,3539,-1218,0,0
-347,-199,818,-1264,3816,-2218,0,0
427,826,1540,-1849,1254,-3185,0,0
672,1846,975,-1384,-1932,-2253,0,0
-2098,2252,-1107,-1515,-1662,-2116,0,0
-1074,2287,-2597,-721,350,-1413,0,0
-1496,2115,-2281,356,1522,-1229,0,0
-801,1926,-1519,256,1672,-2077,0,0
377,1720,-430,789,2405,-1879,0,0
1957,1553,1410,1282,1820,-1249,0,0
2911,1124,2729,2056,1276,-2080,0,0
2095,798,2522,1544,1739,-2481,0,0
1185,712,1948,2462,899,-925,0,0
-41,459,1173,2063,2957,-4014,0,0
-398,925,214,1760,2131,-3326,0,0
-484,1185,-233,1276,1264,-2213,0,0
-538,1032,-504,2557,1042,-2667,0,0
-864,870,-1120,2765,1437,-3798,0,0
-946,636,-1063,2883,2870,-3220,0,0
106,147,-195,2299,3257,-3654,0,0
860,-250,-37,2936,2025,-3648,0,0
563,-439,-206,3470,1763,-4632,0,0
245,-421,-391,3459,1877,-4353,0,0
95,-985,-435,3488,2710,-4175,0,0
523,-1947,-235,3014,2468,-6345,0,0
629,-2551,-313,2257,1771,-7912,0,0
997,-2445,-526,1811,3730,-6117,0,0
1171,-1638,-959,454,2093,-5452,0,0
181,-462,-1464,-549,2271,-5937,0,0
502,410,-1533,474,3316,-2164,0,0
725,-221,-1508,1844,1112,1143,0,0
-1465,-1266,-1385,1739,2666,2563,0,0
-4389,-662,-1406,3048,3621,4045,0,0
-6004,-255,-1011,879,-861,-2153,0,0
-3739,-677,-1471,187,-1148,-4189,0,0
-2607,-1480,-1793,-571,3112,-3191,0,0
-696,-1891,-571,-1264,5399,-2718,0,0
-385,-1478,1431,-2836,2674,410,0,0
1097,-362,1981,-3562,3454,-826,0,0
1617,1231,1525,-2705,2440,-2382,0,0
1342,2633,716,-1843,417,-1743,0,0
1098,2814,1048,909,1159,-1321,0,0
2034,2145,1543,854,2871,-2954,0,0
1715,1897,1130,-318,2899,-3186,0,0
399,1352,1196,-151,4467,-2973,0,0
954,733,1051,1277,4605,-3225,0,0
967,387,552,2564,4282,-3478,0,0
798,131,-112,3093,3885,-3967,0,0
62,-123,-805,2565,3191,-3899,0,0
-414,-305,-1025,2707,2166,-3523,0,0
-200,-430,-735,2746,-125,-2742,0,0
-75,-776,-153,2217,-457,-1973,0,0
-19,-949,264,736,1629,-2576,0,0
-78,-562,390,16,2639,-3648,0,0
512,-157,246,-479,3299,-1733,0,0
566,366,-36,-9,2420,-2386,0,0
97,591,-179,953,2796,-3133,0,0
-79,287,82,1712,2392,-4189,0,0
155,118,412,1334,2427,-4595,0,0
97,98,407,1448,2943,-2998,0,0
168,86,187,1177,3010,-3179,0,0
-85,238,114,1410,2798,-2859,0,0
-124,235,92,1829,2236,-2437,0,0
-278,164,284,2360,1931,-2480,0,0
-626,287,298,1595,1824,-2670,0,0
-881,231,17,701,1909,-2101,0,0
-1414,106,-232,-732,3173,-2637,0,0
-1462,194,-273,-565,2596,-1644,0,0
-1434,33,-208,1345,3014,-1336,0,0
-1630,-24,-280,3399,3927,-2218,0,0
-853,480,-93,3805,4906,-1789,0,0
-77,862,359,3021,4743,-1385,0,0
-427,748,622,2024,3866,-1935,0,0
-706,372,478,1649,3566,-1959,0,0
-492,24,212,1320,3260,-1509,0,0
-268,-445,38,730,2546,-1966,0,0
30,-718,-192,39,1776,-2055,0,0
-61,-698,-403,-331,2711,-1647,0,0
-232,-407,-576,-40,2835,-785,0,0
-371,-41,-758,843,3245,-774,0,0
-96,404,-911,2523,3614,-1329,0,0
105,699,-789,2100,3287,-2212,0,0
313,796,-574,1679,3728,-2506,0,0
743,572,-356,1806,4286,-2481,0,0
950,24,-341,1877,4261,-2665,0,0
1117,-395,-353,1599,4059,-2431,0,0
1346,-492,-302,1052,3103,-1685,0,0
1038,-504,-391,952,2325,-1159,0,0
773,-416,-497,991,2044,-1530,0,0
819,-150,-278,755,2076,-1297,0,0
852,-67,298,624,1803,-599,0,0
787,-135,790,809,1746,-1061,0,0
436,-136,772,1005,2194,-2339,0,0
-369,7,315,737,3207,-3341,0,0
-829,166,-192,872,4545,-3431,0,0
-1040,37,-371,1344,4715,-3869,0,0
-1084,-293,-319,1415,4090,-3792,0,0
-1020,-648,-503,430,3425,-2988,0,0
-992,-785,-665,-595,2666,-1751,0,0
-477,-502,-647,-1211,2476,-1627,0,0
-470,82,-686,-1095,2937,-1600,0,0
-613,647,-471,-548,3185,-1094,0,0
-150,792,-53,-151,3377,-1347,0,0
-94,690,241,-173,3341,-1574,0,0
-494,573,612,130,3434,-1018,0,0
-364,193,1118,415,3634,-1170,0,0
-191,-276,1330,682,3100,-1671,0,0
-249,-536,1076,1257,3302,-2194,0,0
-406,-509,665,1608,2782,-1557,0,0
-49,-341,372,1892,2068,-1279,0,0
750,-223,196,2485,2211,-2155,0,0
1141,-333,-18,2809,2648,-2539,0,0
1619,-556,-212,1986,3739,-3465,0,0
1406,-748,-34,2071,5497,-4005,0,0
715,-991,-7,708,6584,-5613,0,0
948,-651,404,1370,6658,-2898,0,0
1439,-1188,1751,1672,4646,-2404,0,0
1062,-1632,2217,1211,2742,-3713,0,0
-265,-1440,1683,1041,2144,-2710,0,0
-1294,-1182,926,-231,928,-400,0,0
-1662,-793,186,-1791,629,311,0,0
-2066,-113,-530,-2849,649,-817,0,0
-1976,726,-846,-1729,-474,58,0,0
-1022,847,-1026,5,-50,1014,0,0
-675,318,-905,659,825,-575,0,0
-508,5,-467,839,1758,-1045,0,0
153,-241,253,388,2633,-1243,0,0
445,-146,809,253,3380,-1965,0,0
455,196,728,1667,3157,-1373,0,0
30,303,247,1857,3610,-3011,0,0
-743,644,282,1836,3260,-2069,0,0
-239,340,664,2412,3872,-1365,0,0
-120,-217,1071,1915,3983,-2158,0,0
57,-276,1235,1338,4035,-2239,0,0
431,-203,1117,1277,4018,-2098,0,0
379,-166,899,1146,4122,-2155,0,0
465,149,476,1110,3840,-2502,0,0
77,681,100,525,3932,-2738,0,0
55,1025,-148,609,4334,-1945,0,0
878,959,-567,1222,3886,-3155,0,0
501,751,-948,2685,3070,-3102,0,0
556,-57,-942,3769,3222,-3047,0,0
894,-937,-603,3509,2524,-3658,0,0
444,-1237,-332,3037,2353,-3201,0,0
-95,-1288,-367,1865,2867,-2860,0,0
-492,-3016,-719,228,3069,-2714,0,0
-415,-64,-1384,-801,3533,-2499,0,0
-66,1004,-1782,-1300,5622,-4017,0,0
-358,1909,-1666,-301,4741,-3226,0,0
-82,1879,-1514,402,5088,-2912,0,0
295,1450,-1128,1164,4649,-2851,0,0
395,880,-643,1350,5024,-1186,0,0
-20,73,-359,268,4766,-1045,0,0
-482,-231,-434,173,3304,-994,0,0
-525,-507,-757,695,1745,-225,0,0
-778,-870,-1098,858,704,-634,0,0
-498,-704,-1095,825,70,-1293,0,0
-900,-491,-508,632,-594,-193,0,0
-848,-516,8,-372,881,-471,0,0
-324,-544,620,-511,2409,-766,0,0
-157,-487,1170,-955,2484,29,0,0
1079,-64,1182,-1955,2417,-2474,0,0
1875,1149,864,-1282,2235,-2043,0,0
1341,1369,922,-57,2653,-1116,0,0
986,1040,678,-67,3060,-2707,0,0
218,1149,448,-186,2744,-2967,0,0
203,1136,579,-94,3366,-2359,0,0
410,793,452,537,3140,-1925,0,0
155,394,313,1484,3178,-2584,0,0
-41,178,125,2224,3394,-2986,0,0
-506,-4,28,2042,3469,-2575,0,0
-363,-165,70,1773,3698,-2773,0,0
-145,-380,396,1916,2865,-2294,0,0
-6,-562,1026,2904,2796,-1043,0,0
130,-609,1300,2537,1737,-2427,0,0
-1674,-363,830,2431,5023,-2188,0,0
-937,183,44,738,6096,-2446,0,0
-1339,188,45,2025,5381,-2534,0,0
-1152,-763,492,3645,4832,-4773,0,0
142,-788,479,2839,4930,-5626,0,0
-167,-336,603,3073,5858,-3397,0,0
560,-470,1297,485,5537,-2090,0,0
512,-1186,1359,618,3138,-726,0,0
-1022,-2043,469,1017,2951,-1506,0,0
-1230,-2491,-557,1722,2910,-2000,0,0
-1147,-2276,-785,488,2438,-3032,0,0
-1874,-1667,-87,1020,2157,-1059,0,0
-1383,-1276,381,289,875,51,0,0
-985,-651,84,-1189,206,240,0,0
-310,401,-870,-2662,205,293,0,0
-164,1544,-1544,-2860,415,453,0,0
-115,1839,-1777,-120,1839,-227,0,0
933,1168,-1592,2057,3487,-2199,0,0
823,450,-110,1913,3279,-2010,0,0
1340,-202,1679,1671,3123,-779,0,0
1790,-647,2183,1301,2217,-1268,0,0
751,-537,2250,1236,2097,-847,0,0
832,-465,2060,1670,2673,-907,0,0
664,-80,1148,1746,3425,-2141,0,0
288,668,217,2053,3773,-2255,0,0
429,1115,-233,1604,3302,-2588,0,0
333,988,-112,1352,3383,-3505,0,0
117,777,-103,1808,3243,-3432,0,0
360,680,-178,1705,3818,-3320,0,0
233,545,11,2474,3272,-2741,0,0
413,392,455,2562,2187,-3220,0,0
445,417,807,3320,1935,-2480,0,0
-11,271,887,2837,2667,-1771,0,0
73,305,650,1979,3054,-2278,0,0
89,522,55,1102,3235,-3367,0,0
-219,651,-692,3032,3949,-3094,0,0
423,412,-1084,4056,3179,-4167,0,0
544,93,-915,2903,1924,-4200,0,0
95,-89,-1286,2576,2327,-2457,0,0
204,-61,-2163,1631,3019,-2604,0,0
-471,484,-2489,-188,5380,-3668,0,0
-854,1347,-2016,821,7587,-1189,0,0
1598,1041,-1704,2476,6715,-1428,0,0
504,110,-1452,1864,4135,-4265,0,0
203,-18,-1562,1744,1309,-1998,0,0
82,-656,-1195,1479,-65,-705,0,0
-63,-408,-707,3125,28,-971,0,0
-904,570,-60,2890,-250,-945,0,0
-1116,974,538,1015,540,-1502,0,0
208,757,1348,289,1454,-744,0,0
173,-195,2139,-290,1358,275,0,0
87,-1004,2318,-1223,1636,156,0,0
771,-1114,1953,-1585,2258,-772,0,0
1227,-531,1176,-1279,2003,-1447,0,0
396,-117,850,919,2617,-1125,0,0
1524,5,922,1359,2841,-2788,0,0
1363,51,356,2170,1480,-2007,0,0
1338,-472,501,1869,1689,-2980,0,0
1498,-519,12,1341,1956,-3361,0,0
1718,-623,-337,2609,2216,-2167,0,0
790,-1064,-251,1601,1974,-4819,0,0
-576,-268,-756,1554,2894,-5190,0,0
-513,329,-633,2247,2421,-3892,0,0
-1102,222,-312,2122,2100,-5708,0,0
-557,534,-8,2758,2229,-3801,0,0
-132,196,430,2461,1955,-3440,0,0
-482,152,164,942,2760,-4840,0,0
-246,609,-340,861,3158,-4005,0,0
14,401,-204,2327,3388,-4466,0,0
290,-22,199,4238,2518,-5493,0,0
682,-297,563,5163,2567,-6784,0,0
689,-470,935,3264,2576,-3786,0,0
538,-801,976,1247,3131,-3209,0,0
-623,-1294,787,403,3069,-2371,0,0
-1863,-1612,288,-955,2247,-2708,0,0
-2186,-1243,-552,-738,2062,-1879,0,0
-3290,-1727,-941,-34,2568,-1176,0,0
-2871,-2213,-1079,33,2531,-2763,0,0
-3258,-1781,-737,1063,2422,-1197,0,0
-3105,-1448,-161,249,1989,-11,0,0
-1245,-1106,-546,-1578,807,-1604,0,0
-729,190,-1129,-2804,-145,-3053,0,0
-1252,1585,-934,-503,-7,-2064,0,0
-118,1057,-538,1462,1260,130,0,0
1736,22,-336,494,2156,-2532,0,0
1921,0,242,-268,3724,-3051,0,0
1339,294,852,-479,5210,-2343,0,0
324,283,735,626,5022,-1130,0,0
-42,-181,278,1545,5120,-1579,0,0
406,-217,151,595,4870,-3514,0,0
-78,434,-153,657,4074,-2152,0,0
-1234,279,-137,-1232,4231,-2618,0,0
-490,375,448,-2589,3499,-2984,0,0
-197,745,413,-1233,2646,-1114,0,0
-1079,421,-59,-302,3174,177,0,0
-1729,-206,-502,818,4020,-460,0,0
-2052,-804,-699,-279,4573,-2337,0,0
-1064,-885,-635,-1505,4841,-2678,0,0
-576,-754,-259,-1508,4228,-1564,0,0
-550,-425,-28,-1257,3395,-1004,0,0
57,169,46,-755,2634,-584,0,0
260,673,75,187,2282,78,0,0
149,806,106,135,3070,-326,0,0
469,901,359,-226,2980,-941,0,0
779,894,809,359,3052,-417,0,0
1301,583,1116,449,3226,-817,0,0
1556,435,1284,514,3338,-779,0,0
1452,297,1440,513,3270,-528,0,0
1613,182,1266,642,3304,-1409,0,0
1335,288,915,1118,3498,-1825,0,0
870,387,752,1794,3111,-1205,0,0
977,574,608,2071,2919,-1618,0,0
984,915,544,1119,2851,-2826,0,0
259,1139,443,1081,3179,-2691,0,0
17,1144,180,1446,3533,-3044,0,0
141,1255,-166,1611,3425,-3103,0,0
-402,1080,-212,2547,3433,-1898,0,0
-348,520,-35,2543,4114,-2328,0,0
-49,174,118,2440,3598,-2348,0,0
-250,-194,163,2320,3403,-2256,0,0
-93,-680,196,2205,3016,-2840,0,0
286,-1014,17,1346,3029,-3655,0,0
322,-940,-479,912,2713,-3558,0,0
-734,-770,-1243,943,2924,-2661,0,0
-1613,-623,-1998,683,3744,-1999,0,0
-2005,-403,-2327,642,4427,-1489,0,0
-2800,-170,-2332,756,4871,-888,0,0
-2117,171,-1900,474,7952,-839,0,0
-830,525,-3352,755,6626,-477,0,0
-1548,364,-756,-325,6527,157,0,0
-567,423,-291,-431,4317,-76,0,0
-282,716,-495,318,2490,805,0,0
-148,682,-976,883,2133,-276,0,0
1055,894,-1204,2692,1301,-1330,0,0
1355,679,-313,1736,830,-1047,0,0
2012,238,1026,900,1319,-422,0,0
2979,-136,2108,375,795,-801,0,0
2169,-385,2652,-214,753,-650,0,0
1783,-593,2538,-424,1075,-318,0,0
1488,-830,2115,-957,2162,-1504,0,0
986,-623,1642,-1221,3140,-1907,0,0
406,-81,1258,-617,3155,-1069,0,0
-66,180,1140,-51,3105,-1146,0,0
240,222,864,-46,2639,-2523,0,0
133,220,680,438,3361,-3047,0,0
429,434,232,281,3893,-3043,0,0
167,716,-119,986,2996,-2512,0,0
-264,518,-366,2026,3474,-2918,0,0
-232,242,-688,2371,3476,-3718,0,0
-521,217,-1098,2120,4014,-3889,0,0
-735,422,-1210,2074,3665,-2901,0,0
-583,542,-960,2147,2514,-2362,0,0
-322,479,-546,1845,2235,-2182,0,0
-98,314,-432,1685,2627,-2315,0,0
-217,157,-523,1771,2823,-2299,0,0
-224,-87,-540,1482,3545,-2493,0,0
-66,-196,-97,1005,3406,-2244,0,0
-228,-218,406,879,2692,-783,0,0
202,-414,550,831,3232,-1145,0,0
428,-420,573,810,3199,-2305,0,0
160,-229,557,870,3680,-2053,0,0
313,-134,415,666,3756,-2152,0,0
288,32,249,422,3693,-2357,0,0
234,180,204,416,3412,-2093,0,0
335,170,231,615,2827,-2415,0,0
233,108,208,1043,2566,-2304,0,0
-58,-112,182,1641,2553,-2175,0,0
-313,-270,61,1792,3182,-2764,0,0
-618,-152,-165,2029,4033,-2661,0,0
-515,-191,-153,2092,5172,-3126,0,0
-135,-165,141,2783,4998,-3329,0,0
-267,-528,627,4709,5177,-3702,0,0
173,-884,1383,4020,4644,-4724,0,0
342,-1481,1883,2672,3899,-3110,0,0
171,-2307,1619,861,3981,-1605,0,0
-583,-2223,777,-1354,3318,-1503,0,0
-2009,-1113,-2120,-1476,3241,-598,0,0
-2771,-894,-307,606,2803,909,0,0
-2156,-1676,-39,54,1279,-2816,0,0
-1545,-1354,-232,-1635,-833,-2138,0,0
-1537,-18,-1334,-2680,621,-1887,0,0
-1282,1482,-1676,-2654,1380,-1331,0,0
-965,2441,-979,-1201,828,-1159,0,0
781,2662,-499,342,2083,-1052,0,0
2060,1827,-299,2089,2458,-458,0,0
1930,851,129,1439,2999,-1591,0,0
1673,825,450,585,3897,-2244,0,0
1357,970,481,1180,3921,-761,0,0
827,514,540,1310,3340,-280,0,0
514,182,482,837,3094,-794,0,0
1081,297,187,867,2959,-983,0,0
578,364,-390,1145,3032,-1504,0,0
-97,635,-862,1534,4511,-2515,0,0
-88,992,-654,2342,4363,-3014,0,0
-556,644,137,2221,3218,-2585,0,0
-69,10,574,1476,3317,-3490,0,0
544,-148,491,1068,2997,-4207,0,0
-66,-166,277,984,2986,-3421,0,0
-184,-373,140,873,3406,-3301,0,0
273,-436,215,1568,3628,-3256,0,0
577,-537,534,2999,3129,-2786,0,0
734,-572,1003,2464,2444,-3125,0,0
412,-262,983,1334,2180,-3055,0,0
-221,108,454,-185,3070,-3103,0,0
-212,751,-191,-864,4228,-3190,0,0
-516,1004,-794,-371,3666,-3068,0,0
-489,791,-1336,640,4147,-4426,0,0
-182,735,-1720,1758,3868,-4340,0,0
-673,617,-1550,3351,4830,-2182,0,0
677,625,-823,3890,3555,-2751,0,0
482,456,104,4409,3102,-2740,0,0
829,411,719,2464,2362,-3123,0,0
1247,315,611,1089,2000,-1835,0,0
495,-327,572,-1131,3916,-1123,0,0
-439,-1018,404,-2508,4818,-610,0,0
-1825,-879,-927,-3576,6929,764,0,0
-2188,-427,-2160,0,4684,-443,0,0
-490,-120,-2593,3841,297,-3592,0,0
-76,567,-2591,4014,-561,-2162,0,0
-2127,406,-1386,2263,-199,-1030,0,0
-1274,105,-253,1051,405,-1049,0,0
568,-365,434,89,1730,-897,0,0
744,-545,955,-917,2152,-577,0,0
1146,-121,1056,-2108,2746,-755,0,0
1711,708,1055,-1375,3321,-1169,0,0
756,794,732,243,2630,-1426,0,0
-875,209,519,640,3018,-2474,0,0
-558,-232,738,377,3116,-2419,0,0
451,-505,1092,-254,1944,-1945,0,0
571,-548,1222,-482,2391,-1994,0,0
37,-439,805,615,3358,-1530,0,0
-400,-383,63,1180,4567,-2682,0,0
-1218,-99,-1022,1467,5554,-3322,0,0
-1772,381,-1939,831,6262,-3361,0,0
-1547,998,-1885,819,5418,-2401,0,0
-880,1167,-1373,1060,3252,-1732,0,0
-679,593,-578,687,2085,-1110,0,0
-233,-232,66,167,2390,-1022,0,0
-277,-602,549,368,2226,-851,0,0
-193,-664,955,162,3119,-696,0,0
767,-394,1136,-121,3140,-1201,0,0
902,15,1075,224,3626,-1011,0,0
1311,309,983,-473,4756,-1748,0,0
1438,644,1055,230,4453,-2485,0,0
2005,857,833,948,3698,-2235,0,0
1837,919,368,1322,3061,-1735,0,0
1288,802,-189,1225,3794,-2534,0,0
509,768,-929,1209,3715,-2819,0,0
-621,474,-1205,2670,4803,-2910,0,0
-690,221,-714,6198,5475,-4755,0,0
117,192,446,4506,5466,-4525,0,0
822,-158,1556,2002,5916,-4460,0,0
533,-609,2008,68,2929,-3303,0,0
-693,-1169,1288,-417,2399,-3041,0,0
-1904,-1815,276,-465,3440,-2448,0,0
-1446,-2259,-1001,544,3296,-997,0,0
-1124,-2023,-1601,749,2339,-1134,0,0
-370,-1494,-1660,1198,600,-1046,0,0
-1462,-1330,-1413,2111,-154,-1577,0,0
-1736,-1434,-292,2322,701,321,0,0
-378,-1816,-140,-298,291,-1842,0,0
-843,-554,-1163,-4312,1979,-4001,0,0
458,2097,-1297,-4026,3445,94,0,0
765,2458,172,-1452,2619,-253,0,0
825,2048,690,301,3223,-3220,0,0
1409,2044,885,-431,3626,-2037,0,0
352,2181,1848,-1252,3130,315,0,0
-1849,1515,2048,3409,2316,3068,0,0
-1362,-176,266,3434,5645,-2374,0,0
158,383,-999,246,4748,-4388,0,0
-733,984,-1080,1025,3865,-429,0,0
-994,-252,-1128,1009,4415,-1244,0,0
-1069,-497,-531,1505,6263,-835,0,0
131,-319,882,645,2960,-1108,0,0
464,-644,1550,-1265,1488,-1642,0,0
339,-611,996,-2032,1721,-2084,0,0
-2160,-69,122,138,1644,93,0,0
-488,-350,-354,3163,3331,383,0,0
457,-926,-173,2980,3845,-1431,0,0
1064,-715,403,1122,5496,-2365,0,0
1729,65,931,73,4643,-1706,0,0
1850,658,821,-595,3649,-1217,0,0
1574,1275,217,-171,2816,-983,0,0
1049,1522,-544,579,2265,-966,0,0
843,1333,-1131,906,2908,-1792,0,0
769,906,-1238,977,3207,-2122,0,0
872,351,-846,1478,2971,-3424,0,0
639,-142,-524,2338,2815,-3691,0,0
1144,-986,-221,2887,2426,-3765,0,0
1240,-1872,47,2759,1260,-4931,0,0
425,-2209,-283,2604,1729,-5958,0,0
-575,-1711,-872,1163,2640,-4572,0,0
-1100,-1186,-1012,-994,4918,-2515,0,0
-358,-1166,-724,-2508,4134,-3034,0,0
-1095,-803,-1046,-1734,4569,-2764,0,0
-2415,-967,-740,1264,4521,771,0,0
-2644,-1599,-2184,3599,2587,539,0,0
-3465,-1129,1,2782,2107,-478,0,0
-1858,-961,-300,-600,3877,-954,0,0
-709,-1879,-213,-6888,7201,-5078,0,0
-334,-794,550,-8121,10678,-4469,0,0
969,1003,1219,-5699,8430,1111,0,0
-1898,2153,420,-2501,1068,2422,0,0
-683,2575,-1664,3223,-3536,-256,0,0
-688,1879,-2535,4761,-1164,-1191,0,0
-1602,1537,-1470,1825,2107,-1233,0,0
789,1566,603,-215,5409,-786,0,0
1973,1319,2628,-1225,4214,279,0,0
1708,1044,3613,-1616,1684,609,0,0
2375,1294,3511,-1354,789,-339,0,0
1742,1182,2762,-4,214,64,0,0
-20,203,1906,736,739,-874,0,0
114,-268,733,-508,1885,-2166,0,0
-208,-357,165,-1216,2194,-901,0,0
268,-367,-115,-1895,4427,-1531,0,0
-177,53,-354,-1026,4329,-1508,0,0
-584,-35,-156,717,5968,-2406,0,0
590,-102,-216,1179,4970,-4708,0,0
627,138,-440,1596,5265,-4334,0,0
688,-91,-974,2794,5699,-3531,0,0
635,-548,-1679,2911,5328,-3889,0,0
-301,-788,-1841,2060,3480,-2769,0,0
-1732,-796,-1360,1787,2513,-1243,0,0
-1129,-549,-688,1390,1613,-978,0,0
-629,-504,-471,-110,1540,-893,0,0
-516,-317,-592,-959,2568,-2481,0,0
-43,221,-421,-2752,2914,-2211,0,0
391,350,-74,-677,3337,-2268,0,0
507,286,366,-702,3402,-2682,0,0
482,203,703,-594,3705,-2532,0,0
900,137,1135,-392,4464,-2555,0,0
1024,-245,1494,313,4387,-3190,0,0
1421,-526,1633,1020,5633,-4612,0,0
1799,-831,2098,1822,5281,-4305,0,0
1887,-1458,2549,1983,5643,-6586,0,0
2352,-2053,2659,1811,4725,-6759,0,0
2195,-2871,2253,1333,3266,-4547,0,0
1690,-3294,1318,-267,2890,-4740,0,0
986,-2642,295,306,1921,-885,0,0
-567,-2793,-61,-337,124,37,0,0
74,-2293,-6,-316,351,-307,0,0
763,-1809,618,1118,-257,1402,0,0
-1277,-975,1374,1490,-343,2456,0,0
-3206,507,1462,-49,1626,2140,0,0
-3683,1220,974,-3280,3172,2169,0,0
-4403,1435,-271,-5293,3103,-613,0,0
-4724,2167,-744,-2596,1443,-2448,0,0
-2597,2365,-540,356,1915,-2992,0,0
-1223,1881,-621,-540,3539,-4424,0,0
-503,1964,-403,-749,4759,-3126,0,0
798,2297,772,-675,5269,-1190,0,0
1221,2248,1327,251,4290,80,0,0
146,1229,166,1462,4143,204,0,0
-428,269,-709,-1740,7495,-3355,0,0
403,1196,-1405,-2679,5170,-2359,0,0
735,1227,-1771,1152,5799,141,0,0
1262,858,-1441,1011,4849,-2257,0,0
-657,1593,-1184,-473,2177,-1305,0,0
-2011,1710,-1271,-956,2836,-506,0,0
-1455,1319,-1490,-127,3612,-748,0,0
-1406,479,-1759,456,5652,-937,0,0
-573,-672,-1392,-391,6471,-2177,0,0
325,-1481,-240,-773,3875,-1873,0,0
699,-1745,803,-568,3100,-2203,0,0
1213,-1182,1019,-792,2893,-1893,0,0
1155,-343,1269,-1205,2951,-1845,0,0
1345,549,1664,-349,2823,-585,0,0
1318,703,2120,236,2604,-560,0,0
1526,800,2569,-15,2158,-1080,0,0
956,789,2590,-549,1874,-758,0,0
532,558,2099,-703,2617,-1078,0,0
699,481,1634,-387,2639,-1603,0,0
523,381,1166,689,2763,-1803,0,0
293,152,600,1313,4084,-2736,0,0
-13,228,224,1290,4178,-2145,0,0
-610,388,220,1322,4147,-1498,0,0
-701,460,168,1137,3431,-2735,0,0
-706,417,-190,1439,2907,-3051,0,0
-326,298,-538,1143,3806,-3613,0,0
114,92,-556,1421,3967,-3507,0,0
420,-429,-310,1737,4692,-4867,0,0
873,-512,-80,1846,4264,-5091,0,0
798,-378,-152,2311,4157,-3816,0,0
594,-456,-708,2363,3920,-3473,0,0
-287,-439,-1351,2200,2661,-2930,0,0
-2453,-466,-1820,2157,2733,-1086,0,0
-3243,-688,-2037,1193,2891,-416,0,0
-3218,-807,-2006,-521,4234,52,0,0
-997,-874,-1615,-2178,7016,711,0,0
-755,-254,-1328,-5483,7456,1947,0,0
-2732,805,-1653,-2658,5269,2192,0,0
-835,875,-1982,2992,3034,-2309,0,0
1134,838,-1471,7418,113,-4607,0,0
-102,765,698,3476,-147,-1501,0,0
1553,213,2311,908,342,318,0,0
2717,-916,3133,-356,1631,-25,0,0
2417,-1641,3252,-648,4062,-255,0,0
3329,-1726,3255,-1433,4350,-1198,0,0
2547,-1290,3000,-1823,2546,-1802,0,0
1043,-428,2659,-1034,1079,-125,0,0
330,-205,2374,135,1570,207,0,0
101,-28,1128,34,1856,-1671,0,0
-964,373,149,-144,3309,-1604,0,0
-624,524,-29,-119,4298,-1020,0,0
-23,517,-346,207,4291,-2460,0,0
-284,972,-609,856,3342,-3082,0,0
-480,1327,-1028,1330,3991,-2924,0,0
-505,1419,-1742,1460,4614,-2172,0,0
-950,1395,-2259,1536,5367,-1970,0,0
-1046,1095,-2439,1602,5080,-2352,0,0
-456,552,-2118,1238,4803,-2507,0,0
301,-97,-1269,663,4251,-2546,0,0
895,-838,-891,287,4365,-2831,0,0
1847,-1586,-635,239,4252,-3343,0,0
2510,-2134,-310,-231,3287,-3456,0,0
2675,-2473,-65,-336,3107,-3070,0,0
2255,-2601,184,-206,2953,-2193,0,0
777,-2625,309,-466,2423,-620,0,0
-981,-2484,-420,-1257,2370,-691,0,0
-2129,-1715,-1191,-1071,3086,-2011,0,0
-3296,-831,-1084,-1238,3534,-2639,0,0
-2584,-183,-571,-2332,4528,-3640,0,0
528,367,10,-2629,4395,-4323,0,0
2021,386,715,-3233,2871,-3240,0,0
1178,-53,1029,-3692,2314,-1434,0,0
183,-449,728,-3664,2694,-887,0,0
-805,-378,-28,-2931,2642,-1287,0,0
-656,132,-714,-2096,2947,-1278,0,0
72,549,-826,-1638,3210,-1188,0,0
-209,787,-305,-1377,3155,-1146,0,0
-446,1038,311,-1253,2285,-923,0,0
-856,1215,744,-1621,1893,-1107,0,0
-1417,1447,882,-1872,2319,-1202,0,0
-1692,1616,869,-1689,2529,-845,0,0
-1301,1586,805,-1484,2880,-859,0,0
-989,1330,735,-923,2828,-1072,0,0
-1030,814,734,-357,3453,-1017,0,0
-122,215,433,-415,4872,-1942,0,0
-18,98,140,-740,5794,-2368,0,0
-163,238,244,-473,5935,-1147,0,0
876,211,313,-681,4788,-1124,0,0
241,211,425,-641,3528,-1554,0,0
-56,407,296,-443,3199,-1407,0,0
575,442,220,9,3119,-897,0,0
572,106,418,236,3026,-1085,0,0
735,-70,514,196,3257,-1423,0,0
731,-190,465,414,3370,-916,0,0
165,-459,331,271,3273,-1423,0,0
94,-426,71,-42,3731,-1948,0,0
323,-303,-105,-196,3695,-1775,0,0
87,-282,-156,-212,3397,-1733,0,0
-53,-246,-236,-338,2901,-1429,0,0
260,-276,-369,-524,2947,-1490,0,0
-146,-349,-338,-447,3070,-1940,0,0
-378,-257,-308,-324,2823,-1930,0,0
-228,-97,-468,-486,2769,-1786,0,0
-389,64,-627,-698,3067,-1750,0,0
-867,240,-639,-624,3313,-1472,0,0
-1111,406,-505,-623,3894,-942,0,0
-456,518,-270,-384,4332,-848,0,0
198,679,-40,-238,3882,-1070,0,0
-100,772,98,-404,3174,-1038,0,0
-373,684,136,-685,3005,-1033,0,0
-413,406,91,-1142,3211,-1396,0,0
-736,127,-78,-1477,3734,-1645,0,0
-857,76,-290,-1439,4248,-1285,0,0
-532,82,-275,-890,4025,-1018,0,0
-174,78,-123,-395,3495,-1027,0,0
-111,43,-36,-204,3239,-828,0,0
-324,-88,-14,-375,3045,-786,0,0
-841,-271,23,-779,3731,-911,0,0
-903,-411,68,-1029,4602,-676,0,0
-202,-531,83,-1060,4435,-481,0,0
344,-601,105,-897,3863,-503,0,0
329,-587,111,-767,3643,-423,0,0
268,-475,132,-744,3771,-341,0,0
215,-263,142,-771,3722,-263,0,0
-47,-24,137,-1004,3927,-465,0,0
-56,297,141,-1208,3956,-654,0,0
209,594,128,-1080,3714,-562,0,0
121,724,62,-919,3823,-545,0,0
82,772,-15,-710,3778,-379,0,0
74,724,-29,-598,3540,-277,0,0
-122,659,-35,-563,3381,-435,0,0
-242,692,-57,-474,3502,-501,0,0
-339,759,-81,-373,3715,-401,0,0
-577,810,-108,-522,3996,-526,0,0
-533,933,-117,-649,3972,-390,0,0
-469,921,-97,-573,3894,-609,0,0
-679,821,-109,-401,4483,-759,0,0
-298,729,-42,-70,4532,-501,0,0
498,625,92,39,3763,-605,0,0
649,498,116,-184,3206,-680,0,0
247,328,45,-552,3569,-669,0,0
159,246,-92,-755,3891,-656,0,0
164,198,-178,-605,3913,-650,0,0
123,119,-142,-199,4133,-685,0,0
305,70,-42,16,3892,-672,0,0
419,70,71,39,3510,-653,0,0
321,71,166,-9,3349,-505,0,0
-62,53,162,-338,3700,-572,0,0
-386,113,82,-882,4188,-883,0,0
-276,280,-1,-999,3970,-1030,0,0
69,337,-48,-515,3635,-781,0,0
168,199,-74,-86,3624,-612,0,0
64,118,-70,-75,3752,-649,0,0
29,183,-3,-47,3817,-354,0,0
70,209,52,-320,3558,-480,0,0
-152,284,48,-574,3456,-718,0,0
-346,387,1,-484,3842,-535,0,0
-415,333,-32,-319,4140,-723,0,0
-361,271,-22,-196,4189,-802,0,0
-191,226,11,-103,4088,-700,0,0
-50,179,19,-63,3868,-576,0,0
28,66,64,-162,3751,-573,0,0
57,-11,127,-87,3654,-669,0,0
-156,22,161,33,4095,-718,0,0
-319,101,137,-322,4716,-630,0,0
82,175,146,-832,3897,-990,0,0
503,191,128,-589,3005,-865,0,0
348,-60,70,-111,3175,-648,0,0
49,-309,39,90,3769,-845,0,0
45,-339,108,284,4095,-641,0,0
181,-379,187,311,4101,-497,0,0
30,-470,173,-139,4274,-702,0,0
-44,-471,96,-687,4116,-627,0,0
82,-474,21,-737,3322,-785,0,0
55,-488,-68,-390,3230,-1251,0,0
-41,-394,-127,14,3837,-1151,0,0
52,-231,-71,167,4341,-730,0,0
348,-33,45,5,4196,-579,0,0
445,182,147,-349,3775,-543,0,0
271,336,188,-565,3586,-596,0,0
89,415,130,-482,3415,-861,0,0
-172,474,59,-271,3598,-987,0,0
-228,507,20,12,3800,-720,0,0
-151,452,13,108,3686,-663,0,0
-262,368,16,135,3676,-608,0,0
-417,239,1,134,3908,-622,0,0
-369,110,-13,89,4037,-652,0,0
-237,-9,-7,58,4011,-708,0,0
-91,-87,-16,42,4022,-675,0,0
155,-112,-20,4,3758,-565,0,0
215,-115,-7,-91,3606,-623,0,0
71,-35,-11,-108,3789,-587,0,0
50,77,-10,-76,3970,-600,0,0
85,165,20,-7,3925,-646,0,0
127,182,54,-23,3818,-749,0,0
114,151,81,-24,3517,-786,0,0
-69,54,91,74,3632,-638,0,0
-51,-74,91,73,3618,-720,0,0
-77,-132,102,165,3572,-681,0,0
-249,-148,133,295,3656,-592,0,0
-520,-114,194,281,4017,-732,0,0
-484,-7,245,226,4274,-640,0,0
-243,37,237,75,4025,-541,0,0
-157,-58,189,-124,3800,-543,0,0
-140,-209,110,-217,3849,-653,0,0
-31,-294,24,-94,3881,-553,0,0
66,-336,-19,92,3835,-499,0,0
107,-290,-29,178,3811,-509,0,0
16,-230,-70,210,3865,-404,0,0
-49,-241,-138,169,3854,-600,0,0
-49,-225,-134,160,4090,-681,0,0
91,-195,-85,172,4016,-614,0,0
168,-202,-53,106,3801,-598,0,0
