145,-669,485,2983,-1923,-2588,0,0
361,-297,378,2540,-2000,-1853,0,0
177,-209,356,2181,-2219,-1366,0,0
-131,-236,323,1788,-2415,-1662,0,0
-151,-2,256,2059,-2466,-2000,0,0
10,257,-83,2933,-2353,-2747,0,0
347,-49,-345,3692,-2115,-3240,0,0
683,-954,-219,2964,-1945,-2689,0,0
750,-1363,-189,1941,-2166,-2383,0,0
629,-80,-120,2015,-3018,-2240,0,0
218,771,117,2719,-3386,-2194,0,0
-236,-368,306,2151,-2854,-2649,0,0
-503,-943,363,1305,-2982,-1654,0,0
-712,67,544,971,-2535,-1313,0,0
-846,554,509,1110,-2033,-1770,0,0
-673,885,400,1765,-2463,-1461,0,0
-695,1000,602,2733,-3073,-1327,0,0
-755,513,720,3763,-3731,-2763,0,0
-149,261,479,3944,-3491,-2885,0,0
425,82,-10,2774,-2495,-1803,0,0
502,157,-287,2088,-2251,-1780,0,0
395,-60,-369,2150,-2324,-2386,0,0
438,-54,-530,2255,-2405,-2486,0,0
427,192,-437,2378,-2674,-2043,0,0
131,138,-171,2225,-2935,-1881,0,0
-111,46,-76,2148,-2891,-2148,0,0
-135,226,-231,2062,-2828,-1575,0,0
-189,745,-505,2415,-2646,-1455,0,0
-236,910,-681,2267,-2344,-1511,0,0
-273,974,-891,1711,-2091,-1307,0,0
-281,1218,-1068,1647,-1768,-1303,0,0
-321,1211,-1038,1537,-1686,-722,0,0
-550,995,-804,2049,-1876,-795,0,0
-722,529,-386,3151,-2344,-1705,0,0
-680,31,-14,4157,-2574,-2108,0,0
-568,-283,351,5139,-2692,-2289,0,0
-531,-662,645,6283,-2630,-2704,0,0
-574,-748,727,7352,-2733,-3041,0,0
-676,-436,351,7626,-2617,-3432,0,0
-671,280,-243,5929,-2374,-3228,0,0
-437,942,-732,3501,-1333,-2602,0,0
54,944,-868,793,44,-1101,0,0
490,258,-220,-2904,357,810,0,0
489,-296,236,-970,-130,807,0,0
690,94,-67,-201,-232,148,0,0
1049,326,-92,250,-507,423,0,0
1019,26,294,440,-451,-471,0,0
845,-500,582,584,-283,-987,0,0
517,-753,743,2105,-2234,-948,0,0
300,-221,-113,5242,-3252,-3144,0,0
591,430,-583,6652,-3399,-1635,0,0
97,96,92,5911,-3273,-1639,0,0
-312,-469,776,4449,-3333,-2133,0,0
-273,-404,707,3982,-3035,-1975,0,0
-78,-247,375,3935,-2546,-1639,0,0
8,-208,196,3959,-2312,-1603,0,0
-71,-106,186,4125,-2707,-1534,0,0
-162,-103,207,3945,-2837,-1648,0,0
-135,-107,189,3708,-2725,-1540,0,0
-121,-26,142,3675,-2635,-1624,0,0
-131,51,74,3533,-2433,-1671,0,0
-128,39,60,3209,-2187,-1529,0,0
-103,49,31,2739,-2027,-1463,0,0
-61,59,-47,2402,-1913,-1424,0,0
-19,40,-101,2334,-1891,-1340,0,0
-8,-33,-122,2645,-1919,-1436,0,0
22,-106,-91,3264,-2125,-1732,0,0
96,-167,-124,4164,-2611,-2391,0,0
194,-207,-281,5036,-3001,-2685,0,0
270,-153,-361,5505,-3389,-3026,0,0
301,-263,-259,5332,-3477,-3502,0,0
245,-410,-163,4701,-3548,-3318,0,0
181,-226,-239,4388,-3392,-2720,0,0
101,119,-471,3917,-3110,-1563,0,0
-31,527,-709,3483,-2339,-1147,0,0
-113,772,-843,2934,-1926,7,0,0
-185,1087,-873,2923,-1963,-216,0,0
35,1294,-996,2740,-2080,-582,0,0
173,1049,-899,1810,-1671,250,0,0
-12,489,-322,540,-521,320,0,0
-230,-21,379,55,-351,186,0,0
-408,-380,631,374,-175,3,0,0
-398,-660,872,557,108,-104,0,0
-320,-858,1267,637,68,-169,0,0
-348,-1187,1672,1117,-275,-205,0,0
-452,-1421,1733,2152,-1743,-1373,0,0
-244,-518,781,3874,-2576,-3805,0,0
254,33,-11,4874,-2349,-2949,0,0
127,15,-184,4669,-2336,-1556,0,0
-260,14,81,4623,-3215,-1984,0,0
-353,-135,126,4046,-3142,-2157,0,0
-173,-116,-50,3604,-2961,-2046,0,0
-3,249,-296,4228,-3614,-2783,0,0
-30,170,-536,5266,-3815,-2829,0,0
-223,37,-557,5225,-3159,-2379,0,0
-357,-16,-262,4678,-2336,-2617,0,0
-368,-256,-50,3741,-1891,-2400,0,0
-263,-127,-99,3282,-1565,-1988,0,0
-242,45,-202,2750,-1384,-1322,0,0
-327,162,-160,2070,-1156,-1300,0,0
-297,106,-44,1741,-1193,-1354,0,0
-202,97,-26,1947,-1418,-1383,0,0
-43,257,-87,2363,-1764,-1489,0,0
29,436,-105,2640,-2185,-1752,0,0
-129,529,-61,2305,-2396,-1941,0,0
-331,580,66,2230,-2134,-2648,0,0
-433,186,256,1935,-1841,-2536,0,0
-376,-202,313,1891,-2095,-2462,0,0
-98,-282,-14,2479,-2514,-2842,0,0
302,-125,-435,3301,-2496,-2809,0,0
346,50,-495,4828,-2546,-2949,0,0
254,-264,-549,6835,-1677,-2806,0,0
481,-182,-580,7269,-995,-1695,0,0
489,110,-478,6624,-1363,-1608,0,0
445,154,-544,5380,-1366,-1403,0,0
459,392,-896,3113,-745,-899,0,0
510,909,-1123,1157,-132,-850,0,0
310,215,-511,265,-443,-688,0,0
266,-544,-149,357,-542,-178,0,0
727,-186,35,754,-520,132,0,0
970,-625,691,-10,-663,466,0,0
1001,-626,1176,-751,-683,260,0,0
819,-517,1407,-311,-824,-559,0,0
515,-462,1585,828,-2003,-1051,0,0
19,23,1319,3653,-4436,-2994,0,0
-90,592,452,5492,-4752,-2696,0,0
-463,790,0,7115,-4500,-2443,0,0
-798,797,50,5379,-2791,-2633,0,0
-870,308,256,3965,-2351,-2641,0,0
-502,404,-135,3580,-2521,-1859,0,0
-147,612,-542,4553,-2696,-1064,0,0
-152,292,-542,4339,-2543,-558,0,0
-216,244,-266,3417,-2229,-1187,0,0
-163,238,-189,3087,-2034,-1594,0,0
-139,163,-189,3166,-1972,-1180,0,0
-196,63,-89,3159,-1578,-937,0,0
-165,-71,41,3182,-1297,-877,0,0
-65,-167,72,3203,-1332,-1098,0,0
79,-180,28,3324,-1482,-1382,0,0
229,-156,-30,4091,-1977,-2032,0,0
322,-162,-36,5107,-2708,-2514,0,0
242,-280,72,5597,-3254,-2573,0,0
45,-2344,198,5311,-3427,-2746,0,0
-120,-264,279,4839,-3353,-2306,0,0
-338,-41,281,4320,-3047,-1523,0,0
-550,294,245,3818,-2544,-1098,0,0
-782,388,149,3640,-2624,-633,0,0
-725,675,-155,3141,-2434,-646,0,0
-202,933,-479,2093,-1590,-454,0,0
360,944,-493,688,-585,167,0,0
488,409,-111,-13,-289,333,0,0
427,-365,163,282,-406,123,0,0
552,-525,134,1034,-244,-148,0,0
538,-496,391,1221,-450,-351,0,0
52,-1077,985,984,-933,-598,0,0
-382,-1319,1196,1263,-1582,-1198,0,0
-491,-794,611,2364,-2537,-2400,0,0
-232,314,-123,2788,-2069,-2505,0,0
-336,587,-225,3207,-1618,-1423,0,0
-557,161,112,4034,-1637,-1625,0,0
-260,-265,250,5114,-2871,-1613,0,0
284,18,2,5455,-2962,-1773,0,0
562,151,-100,4794,-2904,-2402,0,0
533,252,-68,4212,-3643,-3020,0,0
264,342,-79,4054,-4288,-2627,0,0
-212,119,43,3994,-3975,-2470,0,0
-393,-126,225,3414,-3187,-2046,0,0
-291,-33,233,2756,-2553,-2000,0,0
-102,49,125,2806,-2665,-1934,0,0
3,104,-7,3569,-3113,-1965,0,0
55,115,-274,4661,-3339,-2138,0,0
48,153,-583,5133,-2900,-1847,0,0
-24,129,-605,5227,-2425,-1806,0,0
-13,56,-592,5028,-2108,-1683,0,0
-26,138,-683,4721,-2106,-1326,0,0
10,330,-757,4383,-2049,-1075,0,0
138,503,-655,3943,-1869,-931,0,0
278,475,-619,2370,-1047,-661,0,0
532,612,-584,604,6,93,0,0
450,133,-93,-4,-100,-126,0,0
299,-339,15,-125,-279,18,0,0
345,138,99,334,-246,-704,0,0
270,-475,550,220,-767,-313,0,0
75,-832,1010,112,-939,-29,0,0
-199,-1006,1367,940,-1414,-710,0,0
-343,-1008,1402,2878,-3285,-1677,0,0
-164,-378,847,4961,-4197,-2594,0,0
-24,-270,741,4071,-4149,-1199,0,0
-417,-469,899,4533,-3376,-1921,0,0
-591,-557,784,3977,-2614,-3038,0,0
-237,-221,518,3179,-3077,-2546,0,0
156,69,213,3224,-3151,-2911,0,0
519,80,-269,3634,-3113,-2830,0,0
551,437,-538,4074,-3607,-2321,0,0
168,361,-545,3643,-3334,-2696,0,0
-37,40,-305,2331,-3007,-2126,0,0
-50,-62,-166,1939,-2509,-1644,0,0
36,85,-173,2060,-2219,-1248,0,0
117,108,-106,2372,-2124,-1147,0,0
153,-7,-27,2637,-2213,-1582,0,0
253,-72,3,3403,-2647,-2624,0,0
323,-161,13,4306,-3703,-2863,0,0
238,-165,36,5081,-4411,-3003,0,0
86,-265,108,4675,-4516,-3062,0,0
-196,-61,-10,4316,-4365,-2448,0,0
-591,168,-173,3870,-3262,-1914,0,0
-840,190,-446,2725,-2557,-907,0,0
-735,736,-800,1908,-2264,-752,0,0
-158,1105,-1004,1612,-1870,-609,0,0
267,756,-669,918,-1284,491,0,0
198,99,115,233,-793,619,0,0
127,-168,494,370,-769,-94,0,0
129,-70,506,1033,-484,-609,0,0
-47,-547,873,1209,-453,-357,0,0
-430,-1030,1377,1017,-705,-581,0,0
-618,-1172,1346,2141,-1531,-1833,0,0
-240,-685,444,3491,-2238,-2665,0,0
211,-61,-85,3693,-2183,-2424,0,0
308,101,-328,3994,-2596,-2247,0,0
127,-73,-430,4234,-3001,-2074,0,0
-27,-43,-263,3807,-3227,-1992,0,0
62,-16,-93,3061,-3019,-1958,0,0
211,60,-176,2474,-2956,-1917,0,0
277,429,-213,2757,-3298,-2159,0,0
248,369,-154,3276,-3538,-2030,0,0
168,215,-97,3345,-3499,-1931,0,0
170,296,-48,3247,-3185,-2330,0,0
226,215,-70,3318,-3155,-2279,0,0
224,104,-29,3199,-3437,-1944,0,0
189,-21,0,2811,-3307,-1858,0,0
155,-75,-40,2524,-2928,-1683,0,0
30,-48,-68,2523,-2743,-1533,0,0
-92,47,-91,2782,-2651,-1488,0,0
-170,66,-60,2997,-2761,-1283,0,0
-207,60,-29,3404,-2969,-1480,0,0
-113,129,-164,4363,-3188,-1922,0,0
8,227,-439,5469,-3119,-1972,0,0
-3,256,-558,5604,-2698,-1870,0,0
-91,68,-539,5061,-2304,-1906,0,0
-131,-72,-592,4745,-2160,-1562,0,0
-164,-16,-639,4576,-2078,-1074,0,0
-136,342,-713,3702,-1542,-614,0,0
104,933,-809,1981,-504,-455,0,0
252,869,-669,698,111,-453,0,0
189,-232,-201,81,273,-327,0,0
560,-204,29,233,-584,-224,0,0
805,-231,445,1042,-900,-983,0,0
820,-1297,1079,581,-957,194,0,0
619,-1412,1410,957,-1205,-86,0,0
439,-1026,839,2972,-2877,-1622,0,0
715,-435,16,3973,-3552,-1622,0,0
813,-196,-116,3832,-3795,-766,0,0
446,187,13,3006,-4206,-743,0,0
-242,55,68,2780,-3903,-1528,0,0
-735,-29,199,2720,-3268,-1801,0,0
-810,202,364,3148,-3280,-2227,0,0
-655,392,264,3461,-3179,-2510,0,0
-619,439,161,3791,-3020,-2598,0,0
-683,336,101,3939,-3106,-2528,0,0
-621,355,20,3684,-3108,-2340,0,0
-446,289,77,3423,-2813,-2344,0,0
-326,72,218,3072,-2586,-2309,0,0
-239,-75,285,2787,-2371,-2133,0,0
-163,-197,288,2473,-2171,-1623,0,0
-114,-169,244,2367,-2103,-1463,0,0
-35,-98,140,2460,-2038,-1681,0,0
40,-101,45,2569,-2157,-1824,0,0
136,-69,-18,2922,-2396,-2092,0,0
158,-86,-77,3323,-2931,-2259,0,0
57,-66,-120,3494,-3208,-2615,0,0
-13,95,-189,3479,-3536,-2663,0,0
-100,294,-243,3593,-3702,-2364,0,0
-315,364,-158,3318,-3500,-1781,0,0
-619,311,94,2688,-3083,-1242,0,0
-772,208,381,2327,-2835,-883,0,0
-682,226,411,2411,-2671,-800,0,0
-412,432,200,2887,-2393,-917,0,0
-175,720,-99,3532,-2339,-875,0,0
43,1002,-469,3820,-1837,-687,0,0
353,923,-890,2753,-689,-953,0,0
715,585,-1250,1293,-313,-1352,0,0
764,242,-953,191,-1490,-625,0,0
460,-533,-345,294,-1760,-376,0,0
290,-919,-275,1230,-1216,-664,0,0
275,-610,35,2036,-1338,-482,0,0
-89,-354,507,2199,-1695,-749,0,0
-569,-64,566,2407,-2033,-1110,0,0
-803,286,487,2572,-1628,-1264,0,0
-842,637,511,3856,-1200,-1364,0,0
-830,395,418,5120,-1100,-1204,0,0
-448,259,215,6046,-1395,-1186,0,0
131,239,32,6331,-1856,-1765,0,0
538,121,-70,5673,-2569,-2127,0,0
629,140,-220,5045,-3197,-2169,0,0
406,35,-256,4474,-3469,-2102,0,0
90,-144,-154,3867,-3311,-2019,0,0
-78,-154,-83,3394,-2982,-2121,0,0
-69,-94,-129,3186,-2763,-1990,0,0
-34,-19,-217,3706,-2697,-1940,0,0
11,-26,-247,4329,-2672,-1793,0,0
46,0,-253,4710,-2649,-1566,0,0
83,76,-345,5011,-2269,-1663,0,0
53,-88,-480,5212,-1881,-1530,0,0
-6,-171,-526,4802,-1637,-1465,0,0
77,24,-538,4364,-1477,-1456,0,0
172,-75,-469,3896,-1441,-1060,0,0
300,154,-499,2837,-958,-676,0,0
514,646,-645,1797,-295,-408,0,0
473,454,-345,616,289,-517,0,0
341,-348,184,0,58,-162,0,0
571,-244,254,123,-62,-94,0,0
806,-340,499,177,-405,-151,0,0
889,-769,776,204,-671,79,0,0
698,-832,988,580,-1222,-56,0,0
296,-652,929,2375,-2644,-1281,0,0
70,-148,290,4936,-4150,-1793,0,0
-217,366,-189,5989,-4580,-1000,0,0
-618,544,-352,6062,-3340,-1469,0,0
-906,277,-63,5075,-2247,-2053,0,0
-852,-113,390,3707,-2213,-1745,0,0
-516,-18,232,3380,-2330,-1812,0,0
-178,105,-207,3843,-2213,-1710,0,0
-97,216,-366,3957,-2228,-1506,0,0
-253,287,-264,3763,-2087,-1936,0,0
-388,53,-55,3230,-2073,-1952,0,0
-416,-88,-17,3071,-1958,-1719,0,0
-366,-123,-11,3029,-1781,-1440,0,0
-270,-157,73,3204,-1653,-1273,0,0
-154,-200,154,3298,-1476,-1228,0,0
-9,-200,186,3210,-1411,-1343,0,0
157,-123,107,3530,-1564,-1817,0,0
319,-105,-34,4275,-1881,-2319,0,0
479,-83,-80,5037,-2367,-2728,0,0
476,-179,8,5068,-2726,-2999,0,0
361,-292,68,4818,-3181,-2546,0,0
116,-178,79,4152,-3507,-1863,0,0
-193,57,152,3534,-2923,-1721,0,0
-532,96,294,3476,-2327,-1079,0,0
-890,308,168,3885,-2083,-909,0,0
-947,694,-199,3176,-2000,-892,0,0
-701,861,-352,2008,-2058,-737,0,0
-197,730,-237,1025,-1437,-817,0,0
233,142,83,142,-581,-288,0,0
385,-672,413,229,-189,116,0,0
568,-698,260,1186,325,-184,0,0
444,-778,351,1793,-206,-521,0,0
119,-1031,501,2441,-1250,-1282,0,0
146,-390,120,2982,-2009,-1437,0,0
41,-5,137,3384,-2449,-1994,0,0
-94,-24,262,3257,-2206,-1968,0,0
-216,50,257,3479,-1987,-1598,0,0
-314,132,167,4138,-1880,-1785,0,0
-304,66,173,4297,-1954,-1472,0,0
-193,76,141,4092,-1940,-1668,0,0
-35,161,13,3827,-1975,-2044,0,0
32,171,-31,3913,-2275,-2402,0,0
54,122,-39,3842,-2581,-2290,0,0
33,-1,0,3410,-2632,-2194,0,0
37,86,0,3127,-2816,-2254,0,0
17,217,6,3036,-2905,-2469,0,0
-36,217,10,3120,-2991,-2583,0,0
-102,104,110,3153,-2914,-2374,0,0
-108,-58,234,3128,-2712,-2164,0,0
-4,-116,200,3168,-2552,-1875,0,0
92,-5,-31,3651,-2589,-1912,0,0
187,136,-349,4557,-2602,-1917,0,0
212,190,-478,5067,-2485,-1843,0,0
179,109,-431,5088,-2332,-1896,0,0
113,-110,-359,4849,-2194,-1648,0,0
-10,-226,-260,4529,-1927,-1506,0,0
-66,-111,-177,4209,-1809,-1433,0,0
9,224,-198,3532,-1691,-1019,0,0
226,773,-407,2535,-1079,-817,0,0
479,958,-715,1559,-168,-592,0,0
476,350,-470,1013,380,-498,0,0
461,-247,-34,387,-259,160,0,0
472,139,245,698,-971,-475,0,0
253,-669,788,676,-1140,-332,0,0
112,-1169,1217,944,-1469,259,0,0
-61,-939,1033,2632,-2223,-1027,0,0
50,-405,432,3180,-2845,-2176,0,0
138,-399,410,3603,-3204,-1937,0,0
74,-243,303,2740,-2842,-1205,0,0
-180,-170,243,3330,-3195,-1432,0,0
-248,-93,118,3801,-3426,-1751,0,0
21,81,91,3889,-3194,-2002,0,0
313,333,65,3885,-2927,-2362,0,0
325,342,-8,3840,-2933,-2776,0,0
286,319,-199,3630,-3007,-2822,0,0
385,376,-277,3877,-3250,-2232,0,0
351,12,-131,3673,-3311,-1327,0,0
250,-16,111,2549,-2849,-1367,0,0
201,-52,223,1953,-2414,-1900,0,0
176,-287,86,1951,-2310,-1661,0,0
97,-321,-6,2398,-2327,-1429,0,0
14,-526,90,2617,-2352,-1633,0,0
93,-564,137,2932,-2629,-2001,0,0
239,-553,96,3175,-3180,-2649,0,0
365,-572,36,3458,-3644,-2985,0,0
314,-429,-28,3723,-4059,-2877,0,0
33,-262,-78,3707,-4312,-2646,0,0
-388,88,-107,3654,-4433,-1971,0,0
-917,344,-36,3364,-3690,-1723,0,0
-1353,273,134,3357,-3058,-1404,0,0
-1517,548,-70,3687,-2534,-1400,0,0
-1221,992,-592,3020,-1968,-1248,0,0
-677,1062,-921,1960,-1480,-1170,0,0
-258,639,-718,970,-1211,-739,0,0
-273,-187,9,352,-1521,-365,0,0
-190,-1024,655,442,-1490,-1012,0,0
271,-1080,932,647,-1141,-539,0,0
546,-814,1386,771,-726,-98,0,0
413,-1419,1669,1596,-827,-961,0,0
529,-1795,1235,2875,-1065,-1421,0,0
784,-496,512,3244,-1831,-1722,0,0
554,327,108,3698,-2440,-3240,0,0
309,233,-234,3276,-3325,-3258,0,0
249,234,-236,4001,-4080,-2808,0,0
138,-25,-25,2726,-3664,-2446,0,0
132,-111,194,1603,-3811,-2060,0,0
308,312,-183,1917,-4112,-2094,0,0
282,673,-441,2911,-3891,-2650,0,0
36,378,-255,3000,-3240,-2283,0,0
-265,127,-46,2104,-2734,-2019,0,0
-186,88,-94,1685,-2774,-2280,0,0
203,205,-302,1955,-3317,-1842,0,0
407,196,-368,2112,-3207,-1767,0,0
342,179,-191,2149,-3317,-2123,0,0
233,-6,25,2084,-3307,-2125,0,0
112,-208,52,2048,-3267,-1608,0,0
48,-55,-170,2551,-3146,-1662,0,0
37,117,-510,3448,-3166,-1797,0,0
-85,294,-771,4548,-3292,-2120,0,0
-263,373,-850,5240,-3157,-2224,0,0
-437,363,-902,5300,-2899,-2150,0,0
-612,317,-972,5008,-2538,-1708,0,0
-714,492,-967,4790,-2185,-1866,0,0
-554,763,-974,4300,-1978,-2001,0,0
-383,884,-1011,2566,-1432,-1426,0,0
-171,912,-814,1094,-799,-1133,0,0
2,350,-271,650,-635,-933,0,0
29,-569,249,310,-667,212,0,0
283,-255,508,694,-539,-294,0,0
418,-558,967,852,-742,-499,0,0
284,-1268,1453,897,-959,-111,0,0
31,-1362,1334,2137,-1994,-870,0,0
210,-478,358,3366,-2575,-2035,0,0
405,-174,117,3898,-3060,-1512,0,0
253,-44,34,2894,-2696,-846,0,0
-109,399,98,3209,-3118,-1251,0,0
-427,144,223,3586,-3395,-1966,0,0
-393,86,302,3058,-3263,-1382,0,0
-292,455,182,3639,-3065,-2807,0,0
-34,537,-120,4615,-3085,-3728,0,0
12,224,-281,4331,-2509,-3185,0,0
-65,-100,-94,3772,-2289,-3066,0,0
134,-269,-99,3177,-2440,-2228,0,0
283,-199,-174,2692,-2510,-1730,0,0
235,-76,-182,2650,-2526,-2073,0,0
165,-76,-116,2467,-2426,-2235,0,0
128,-147,-17,2550,-2490,-2254,0,0
172,-186,-25,2790,-2456,-2325,0,0
283,-199,-82,3198,-2426,-2215,0,0
337,-128,-73,3469,-2705,-2135,0,0
369,-23,-123,3575,-3042,-2372,0,0
343,85,-252,3473,-3496,-2144,0,0
143,346,-335,3467,-3600,-1825,0,0
-306,552,-248,3517,-3308,-1651,0,0
-656,456,11,3836,-3194,-1186,0,0
-804,422,-6,4095,-3046,-935,0,0
-642,553,-290,3773,-2567,-1195,0,0
-215,707,-711,2995,-1659,-1274,0,0
137,670,-792,2065,-977,-522,0,0
203,295,-397,1134,-538,58,0,0
138,-304,122,881,-648,252,0,0
140,-688,332,1360,-676,97,0,0
270,-711,621,1175,-440,-25,0,0
169,-809,1333,1073,-1040,-703,0,0
-1,-904,1462,1686,-1481,-1523,0,0
57,-433,889,2864,-2017,-1639,0,0
-77,-16,508,3243,-2277,-2232,0,0
-212,76,227,3534,-2121,-2057,0,0
-304,115,-16,4094,-2610,-1566,0,0
-323,281,-81,4502,-3051,-2050,0,0
-189,123,43,4226,-3341,-1588,0,0
-165,213,-33,3644,-3312,-2064,0,0
-46,452,-250,3676,-3255,-3022,0,0
5,271,-222,3503,-3354,-2635,0,0
-136,93,-142,3058,-3116,-2304,0,0
-157,53,-127,2680,-2921,-2042,0,0
-62,1,-46,2422,-2836,-1586,0,0
-14,8,66,2348,-2799,-1610,0,0
52,19,100,2328,-2798,-1841,0,0
90,14,78,2574,-2889,-1786,0,0
33,8,30,3068,-2869,-1908,0,0
-18,5,-84,3666,-2904,-2113,0,0
-75,32,-302,4389,-2963,-2131,0,0
-127,45,-498,5279,-2853,-2052,0,0
-106,56,-584,5497,-2646,-1882,0,0
-113,136,-547,4885,-2269,-2171,0,0
-167,59,-528,4362,-2197,-2090,0,0
-187,191,-642,3669,-1924,-1326,0,0
-106,557,-784,2910,-1168,-1028,0,0
132,871,-916,2032,-418,-789,0,0
196,709,-665,1421,-112,-721,0,0
48,-426,-57,800,-22,-316,0,0
346,-537,183,196,46,102,0,0
707,-382,412,596,-617,-454,0,0
848,-934,807,600,-780,-189,0,0
701,-1188,1252,399,-1396,467,0,0
247,-807,1257,1887,-2809,-1431,0,0
196,-340,761,3681,-3570,-2787,0,0
235,-74,360,3755,-4068,-1216,0,0
-117,174,262,4410,-3694,-1879,0,0
-243,5,298,4798,-3480,-3063,0,0
-45,-152,441,3563,-3097,-2206,0,0
-1,-11,656,2871,-3398,-2478,0,0
213,236,118,3047,-3611,-3028,0,0
317,335,-225,3462,-3436,-2833,0,0
67,34,-145,3376,-3326,-2161,0,0
-110,-21,48,2506,-2963,-2095,0,0
-19,-130,114,1889,-2516,-2273,0,0
128,-106,36,1891,-2497,-1744,0,0
149,-11,-76,2431,-2529,-1572,0,0
106,-18,-85,2811,-2655,-1342,0,0
88,-43,89,2937,-2751,-1497,0,0
180,-149,211,3053,-2945,-2221,0,0
275,-190,114,3397,-3637,-2709,0,0
334,-129,-113,3811,-3915,-3037,0,0
170,-60,-271,3935,-4264,-2748,0,0
-314,181,-385,3859,-4322,-3992,0,0
-892,530,-458,3435,-3561,-1385,0,0
-1123,590,-586,3022,-2719,-1572,0,0
-735,557,-904,2527,-2273,-903,0,0
-135,830,-1271,2928,-2267,-702,0,0
326,893,-1362,2286,-1724,-721,0,0
318,517,-917,846,-1025,357,0,0
-66,243,-183,627,-877,-159,0,0
-198,-172,156,871,-871,243,0,0
-172,-170,302,1064,-390,-6,0,0
-162,-430,885,1237,-619,-627,0,0
-281,-724,1495,1257,-1028,-940,0,0
-165,-537,1091,3324,-1587,-2011,0,0
198,67,388,4032,-1876,-1880,0,0
220,382,338,4683,-1971,-2116,0,0
99,216,224,4789,-2158,-1475,0,0
-39,65,149,4224,-2555,-1001,0,0
17,163,185,4359,-2808,-1378,0,0
115,19,29,3322,-2375,-1538,0,0
155,114,-20,2926,-2438,-1602,0,0
198,302,-75,3380,-3075,-1611,0,0
160,294,-87,3837,-3640,-1226,0,0
-23,183,120,3508,-3402,-1198,0,0
-96,211,256,3105,-3009,-1691,0,0
-27,239,172,3078,-2980,-1863,0,0
19,137,56,3394,-3101,-1696,0,0
50,14,35,3441,-3259,-1563,0,0
130,-67,86,3172,-3400,-1355,0,0
129,-88,113,2817,-3440,-1347,0,0
45,-107,134,2745,-3221,-1446,0,0
-121,-140,64,3086,-3192,-1592,0,0
-239,-186,-156,3527,-3086,-1454,0,0
-251,-116,-354,3913,-2980,-1358,0,0
-234,-36,-522,4434,-2963,-1798,0,0
-152,-178,-622,4621,-2568,-1831,0,0
-27,-406,-582,4641,-2141,-1735,0,0
53,-484,-509,4659,-2078,-1644,0,0
-56,-365,-401,4342,-2128,-1407,0,0
-263,13,-318,3665,-2150,-1491,0,0
-428,408,-309,2499,-1886,-1205,0,0
-325,859,-538,1550,-895,-691,0,0
-205,820,-518,1105,-118,-391,0,0
-249,-109,85,682,222,97,0,0
23,46,326,625,-127,338,0,0
135,74,669,951,-880,-309,0,0
18,-899,1307,629,-1247,-323,0,0
24,-1268,1511,1295,-1736,-359,0,0
240,-667,970,2528,-2749,-2042,0,0
516,-342,581,3402,-3534,-2199,0,0
418,-43,308,3211,-3467,-888,0,0
-165,-33,453,3618,-3622,-1628,0,0
-339,-335,435,3596,-3569,-2082,0,0
-33,-23,122,3514,-3571,-2043,0,0
292,373,-221,3977,-3673,-2680,0,0
335,394,-374,3819,-3242,-3271,0,0
132,60,-270,3518,-3363,-2731,0,0
52,-175,-94,2943,-3431,-1775,0,0
174,-154,-75,2382,-3200,-1469,0,0
279,-51,-174,2217,-2691,-1805,0,0
151,55,-228,2125,-2519,-2091,0,0
-61,133,-187,2448,-2713,-2254,0,0
-186,-21,-145,2532,-2713,-1916,0,0
-132,-224,-30,2689,-2567,-1761,0,0
92,-353,98,2775,-2520,-1912,0,0
340,-340,81,2927,-2872,-2448,0,0
451,-283,-130,3186,-3524,-2728,0,0
346,8,-377,3760,-4141,-2713,0,0
-39,318,-611,4230,-4493,-2102,0,0
-577,485,-632,4086,-3298,-1246,0,0
-904,519,-572,3911,-2740,-862,0,0
-726,607,-808,3676,-2845,-661,0,0
-351,807,-982,2993,-2333,-884,0,0
-52,820,-843,1979,-1637,-750,0,0
26,541,-480,910,-871,-134,0,0
-53,-149,15,230,-304,650,0,0
-30,-100,107,1587,-346,528,0,0
-38,35,251,2121,-399,-298,0,0
-291,-595,1002,1326,-539,-571,0,0
-511,-867,1437,944,-753,-625,0,0
-364,-367,972,2687,-1679,-1562,0,0
-111,-101,441,4022,-1994,-2095,0,0
-84,-46,307,4154,-1615,-1851,0,0
-136,12,225,4092,-1846,-2055,0,0
37,-53,-4,4492,-2533,-1702,0,0
195,68,75,4170,-3074,-1354,0,0
204,112,152,3289,-3177,-1906,0,0
230,289,-143,3173,-3471,-2168,0,0
229,468,-301,3928,-3702,-2202,0,0
60,359,-223,3918,-3472,-1968,0,0
-65,233,-79,3258,-3163,-1812,0,0
55,312,-1,2895,-3140,-1918,0,0
158,299,9,2900,-3207,-1958,0,0
67,130,50,2977,-3006,-1694,0,0
-148,-36,112,2849,-2814,-1442,0,0
-246,-146,126,2774,-2637,-1516,0,0
-204,-170,83,3221,-2699,-1551,0,0
-206,-138,-27,3854,-2892,-1619,0,0
-208,-128,-180,4542,-2880,-1803,0,0
-238,-153,-251,4996,-2858,-1685,0,0
-320,-67,-346,5299,-2671,-1896,0,0
-301,119,-546,5202,-2401,-1858,0,0
-349,31,-551,4913,-2128,-1450,0,0
-311,73,-616,3968,-1593,-1041,0,0
-60,356,-814,3247,-1219,-676,0,0
261,786,-1084,2428,-440,-836,0,0
497,740,-1012,1560,36,-644,0,0
481,-166,-390,461,140,-203,0,0
697,-390,-45,-75,67,161,0,0
1004,-49,68,624,-679,-273,0,0
894,-650,549,515,-1349,336,0,0
518,-774,1193,257,-1583,380,0,0
122,-580,1269,1456,-2170,-1297,0,0
26,-43,645,3537,-3253,-1775,0,0
-266,171,320,5336,-4256,-1438,0,0
-476,185,98,5054,-3404,-1926,0,0
-409,210,-152,5047,-2405,-2340,0,0
-282,390,-281,4665,-2341,-2294,0,0
-353,239,-124,3767,-2478,-2453,0,0
-290,234,-261,3568,-2496,-2148,0,0
-129,364,-365,4099,-2589,-1481,0,0
-121,147,-139,4194,-2581,-1277,0,0
-105,25,136,3414,-2071,-1692,0,0
67,-66,215,2816,-1622,-1957,0,0
199,-138,125,2771,-1572,-1476,0,0
95,-145,72,3096,-1821,-1064,0,0
-70,-163,49,3293,-2074,-895,0,0
-129,-156,83,3318,-2183,-1048,0,0
-56,-206,189,3470,-2151,-1568,0,0
106,-338,318,3828,-2293,-2265,0,0
265,-603,398,4165,-2623,-2508,0,0
315,-657,390,4453,-2893,-2608,0,0
224,-624,235,4379,-3128,-2694,0,0
69,-437,-34,4017,-3233,-2432,0,0
-158,28,-348,3962,-2972,-1852,0,0
-581,315,-436,3607,-2592,-1421,0,0
-842,353,-502,3033,-2687,-867,0,0
-621,771,-774,2753,-2493,-862,0,0
-127,968,-835,1980,-1821,-399,0,0
172,693,-446,1134,-935,-226,0,0
296,136,-19,376,-154,-6,0,0
300,-268,285,567,-317,268,0,0
248,-272,330,1462,-456,-460,0,0
73,-580,736,1952,-941,-529,0,0
-253,-883,1098,2224,-1223,-1352,0,0
-190,-449,677,3059,-1481,-2157,0,0
-163,-224,322,3299,-1964,-2021,0,0
-285,276,129,3374,-2041,-2008,0,0
-525,257,60,3906,-1934,-1667,0,0
-585,-8,128,3932,-1615,-1293,0,0
-256,-25,241,4119,-1838,-1350,0,0
127,15,111,4549,-2407,-1645,0,0
254,155,38,4498,-2756,-2121,0,0
205,130,83,4126,-2539,-2705,0,0
116,6,70,3646,-2570,-2545,0,0
52,25,23,3524,-2737,-2401,0,0
46,-9,-16,3248,-3024,-1933,0,0
-58,8,49,2932,-3215,-1989,0,0
-158,104,115,2739,-3316,-2180,0,0
-249,100,172,2640,-3153,-2274,0,0
-320,47,226,2672,-2733,-2362,0,0
-316,5,229,2523,-2309,-2096,0,0
-237,-5,173,2402,-1995,-1726,0,0
-110,-23,159,2459,-1941,-1558,0,0
18,-31,144,2754,-2147,-1658,0,0
117,-21,50,3516,-2587,-1997,0,0
202,133,-228,4524,-2920,-2223,0,0
249,393,-604,5238,-2739,-2618,0,0
229,384,-836,5244,-2335,-2506,0,0
175,51,-862,4864,-1855,-2228,0,0
166,-299,-803,4516,-1720,-1874,0,0
234,-370,-736,4135,-1911,-1376,0,0
384,90,-680,3604,-1719,-1260,0,0
553,499,-668,2586,-1356,-845,0,0
669,877,-812,1518,-836,-378,0,0
584,798,-742,1249,-46,-684,0,0
402,-170,-207,867,-41,131,0,0
425,103,125,478,-548,-133,0,0
458,-298,597,213,-802,-499,0,0
527,-928,1136,254,-976,370,0,0
431,-795,1410,1386,-1778,-314,0,0
210,-512,1160,2960,-2760,-1711,0,0
97,-128,754,3713,-3327,-1415,0,0
-172,224,379,4243,-3720,-941,0,0
-552,262,356,4302,-3181,-1490,0,0
-808,-175,444,4419,-2822,-1485,0,0
-668,56,291,3988,-2905,-1471,0,0
-276,217,221,3736,-2692,-2547,0,0
31,85,50,3937,-2880,-2485,0,0
182,217,-264,4600,-3051,-2373,0,0
340,331,-297,4607,-3058,-2560,0,0
316,108,-43,3892,-3293,-2135,0,0
161,53,82,3011,-3067,-2328,0,0
127,180,6,3047,-3068,-2549,0,0
138,144,-96,3803,-3278,-2139,0,0
94,226,-116,4404,-3655,-1545,0,0
-147,510,-50,4227,-3717,-1801,0,0
-516,536,30,3615,-3056,-1644,0,0
-907,461,-24,3598,-2589,-1211,0,0
-982,399,-336,4074,-2116,-925,0,0
-688,302,-716,3774,-1990,-185,0,0
-106,422,-972,2503,-1561,-131,0,0
534,477,-862,868,-1090,-124,0,0
559,262,-382,-53,-1178,340,0,0
198,-455,123,283,-804,304,0,0
59,-291,143,818,-464,280,0,0
-79,-247,528,1508,-659,-322,0,0
-316,-887,985,1368,-498,-176,0,0
-332,-601,936,2706,-1183,-911,0,0
-136,-9,337,4843,-2008,-2066,0,0
25,-25,10,5450,-1748,-1771,0,0
14,-77,30,4451,-1684,-1371,0,0
107,-101,97,4009,-2263,-1493,0,0
244,-170,-153,3775,-2616,-1203,0,0
269,27,-117,2842,-2469,-1288,0,0
229,136,-25,2778,-2742,-1552,0,0
206,276,-220,3367,-3303,-1602,0,0
189,400,-280,3988,-3449,-1642,0,0
130,367,-117,4096,-3143,-1682,0,0
81,275,-16,3626,-2858,-1713,0,0
149,248,4,3436,-2814,-1721,0,0
181,190,-5,3264,-3047,-1335,0,0
72,53,15,3059,-2972,-1239,0,0
-62,-205,112,2871,-2858,-1369,0,0
-113,-287,163,3166,-2782,-1637,0,0
-138,-291,189,4134,-3092,-1575,0,0
-252,-308,150,5550,-3257,-1952,0,0
-332,-383,61,6167,-3081,-1667,0,0
-547,-401,83,5485,-2760,-1250,0,0
-738,-243,-24,4833,-2363,-1690,0,0
-731,-68,-324,4348,-1964,-1200,0,0
-772,216,-458,3669,-1512,-794,0,0
-565,654,-666,2884,-790,-781,0,0
-18,1041,-875,2250,-289,-473,0,0
367,680,-761,1237,60,-219,0,0
580,-358,-436,-26,374,392,0,0
965,-312,-414,-216,26,581,0,0
942,66,-283,451,-981,-683,0,0
537,-429,259,847,-1610,-662,0,0
-22,-953,949,596,-1860,70,0,0
-570,-1001,1297,1748,-2523,-1103,0,0
-546,-262,641,3948,-2964,-2078,0,0
-340,433,169,5234,-3664,-1896,0,0
-324,556,-123,6031,-2804,-2741,0,0
-154,503,-450,6240,-1876,-3617,0,0
18,441,-459,5655,-1897,-3158,0,0
71,108,-284,5110,-2111,-2745,0,0
181,15,-464,4787,-2132,-1840,0,0
98,122,-423,5050,-2566,-1407,0,0
-52,196,-311,4639,-2579,-1364,0,0
-114,90,-65,3789,-2333,-1240,0,0
-219,-54,274,3112,-2436,-875,0,0
-362,-59,518,2838,-2606,-769,0,0
-465,56,607,2739,-2378,-698,0,0
-474,200,625,2620,-1851,-605,0,0
-473,24,635,2678,-1415,-437,0,0
-445,-240,607,2883,-1244,-726,0,0
-210,-490,453,3144,-1170,-1063,0,0
201,-740,265,3387,-1113,-977,0,0
629,-617,70,3265,-1095,-916,0,0
843,-624,-143,3346,-1190,-1358,0,0
809,-594,-420,3440,-1943,-1737,0,0
640,-295,-452,3755,-2435,-2504,0,0
406,-577,-104,3366,-2996,-2126,0,0
63,-942,270,2915,-3097,-1912,0,0
-16,-1149,537,2714,-2276,-2293,0,0
137,-1295,638,2489,-2222,-1865,0,0
253,-1246,529,1817,-1765,-1605,0,0
242,-793,375,1663,-1425,-2199,0,0
238,-672,146,1389,-1540,-2495,0,0
371,-229,-109,1733,-1713,-2637,0,0
394,-26,-108,3018,-2228,-2798,0,0
262,-202,189,3172,-2827,-2711,0,0
147,-432,577,2926,-2680,-2570,0,0
24,-745,747,2170,-2097,-2457,0,0
3,-825,681,1228,-1706,-2301,0,0
108,-345,232,841,-1630,-2276,0,0
249,633,-332,936,-2459,-1543,0,0
94,929,-733,1573,-4024,-1633,0,0
80,890,-618,2680,-4214,-2871,0,0
58,391,72,3479,-3903,-3411,0,0
-175,-786,586,2692,-3418,-2635,0,0
-231,-610,494,2330,-2996,-2398,0,0
-125,2,121,1991,-2637,-1991,0,0
-63,253,-49,1385,-2204,-1584,0,0
-57,222,14,1092,-1903,-1357,0,0
-114,28,42,1139,-2203,-1264,0,0
-39,200,-27,1774,-2617,-1668,0,0
36,221,-17,2772,-3613,-2516,0,0
286,146,23,3655,-4094,-3653,0,0
460,181,47,3386,-3853,-3412,0,0
192,-79,132,1801,-2596,-2253,0,0
-238,-533,289,1060,-1601,-1591,0,0
-535,-534,88,1252,-1691,-1818,0,0
-452,-63,-367,1893,-1936,-2515,0,0
39,306,-734,2605,-2730,-2460,0,0
491,425,-760,2502,-3070,-2253,0,0
656,325,-588,1994,-2933,-2466,0,0
505,245,-493,2105,-2775,-2216,0,0
118,333,-386,2611,-2994,-2108,0,0
-116,141,-169,2995,-3134,-2365,0,0
-39,-142,107,2638,-3014,-2347,0,0
93,-185,258,2176,-2754,-2181,0,0
140,-39,219,2204,-2572,-2088,0,0
88,64,100,2460,-2488,-2062,0,0
-1,56,8,2510,-2564,-2096,0,0
-31,11,-54,2466,-2683,-2189,0,0
-17,-46,-77,2356,-2811,-2107,0,0
13,-39,-26,2366,-2835,-2108,0,0
53,-55,44,2368,-2781,-2062,0,0
86,-47,91,2392,-2735,-2065,0,0
90,-37,101,2407,-2732,-2097,0,0
74,-67,87,2415,-2735,-2142,0,0
48,-78,48,2345,-2700,-2102,0,0
34,-47,-5,2345,-2740,-2120,0,0
29,-60,-42,2344,-2838,-2045,0,0
7,-76,7,2314,-2882,-2022,0,0
-1,-68,71,2319,-2849,-2084,0,0
2,-53,81,2278,-2832,-2104,0,0
-3,-26,58,2272,-2849,-2084,0,0
-43,-2,46,2290,-2859,-2071,0,0
-78,15,73,2342,-2850,-2135,0,0
-101,-19,102,2294,-2829,-2102,0,0
-99,-37,119,2298,-2817,-2102,0,0
-92,-56,116,2277,-2798,-2090,0,0
-85,-47,103,2259,-2728,-2096,0,0
-85,-39,72,2192,-2687,-2085,0,0
-79,-17,49,2239,-2695,-2117,0,0
-70,-25,24,2214,-2732,-2097,0,0
-42,22,-6,2289,-2744,-2172,0,0
-6,8,-21,2274,-2747,-2183,0,0
10,-15,-14,2267,-2753,-2214,0,0
15,-57,-9,2255,-2770,-2213,0,0
14,-71,9,2244,-2791,-2209,0,0
4,-84,32,2245,-2757,-2246,0,0
11,-95,30,2169,-2779,-2217,0,0
20,-57,20,2141,-2780,-2226,0,0
16,-55,10,2140,-2742,-2188,0,0
1,-40,27,2103,-2763,-2191,0,0
-4,-23,22,2092,-2758,-2226,0,0
9,57,-13,2133,-2829,-2262,0,0
-3,69,-6,2191,-2907,-2208,0,0
-34,87,48,2250,-2890,-2262,0,0
-52,53,89,2269,-2829,-2237,0,0
-76,38,106,2246,-2853,-2204,0,0
-85,51,119,2242,-2832,-2214,0,0
-87,23,126,2186,-2807,-2128,0,0
-86,70,112,2179,-2796,-2173,0,0
-68,97,82,2228,-2791,-2195,0,0
-54,68,54,2237,-2805,-2207,0,0
-26,62,39,2223,-2777,-2213,0,0
1,65,26,2211,-2809,-2178,0,0
21,91,2,2252,-2870,-2199,0,0
36,98,-52,2251,-2815,-2174,0,0
35,84,-99,2204,-2712,-2042,0,0
40,75,-105,2239,-2593,-2018,0,0
55,18,-83,2296,-2615,-2048,0,0
95,63,-84,2400,-2888,-2208,0,0
160,159,-140,2579,-3123,-2397,0,0
132,57,-100,2333,-3045,-2097,0,0
-31,-19,82,2034,-2850,-2061,0,0
-176,-21,145,1992,-2824,-2142,0,0
-203,38,95,2220,-2882,-2096,0,0
-152,92,78,2406,-2887,-2081,0,0
-100,101,101,2384,-2793,-2163,0,0
-97,58,120,2262,-2711,-2188,0,0
-120,43,99,2260,-2720,-2221,0,0
-125,13,70,2363,-2795,-2160,0,0
-104,-23,82,2378,-2829,-2150,0,0
-65,-49,105,2297,-2790,-2151,0,0
-24,-72,106,2199,-2753,-2169,0,0
5,-65,67,2173,-2732,-2204,0,0
22,-47,12,2228,-2784,-2220,0,0
27,-41,-17,2268,-2873,-2193,0,0
14,-57,18,2223,-2880,-2219,0,0
3,-79,46,2141,-2905,-2180,0,0
-7,-67,58,2137,-2893,-2208,0,0
-6,-69,67,2158,-2865,-2174,0,0
-3,-52,70,2151,-2882,-2160,0,0
-6,-22,57,2075,-2841,-2198,0,0
-22,15,28,2092,-2879,-2230,0,0
-41,9,25,2164,-2913,-2221,0,0
-62,-25,67,2183,-2868,-2189,0,0
-69,-26,85,2097,-2866,-2185,0,0
-57,0,69,2120,-2849,-2230,0,0
-53,1,53,2119,-2848,-2191,0,0
-58,16,47,2106,-2845,-2218,0,0
-49,15,45,2116,-2857,-2247,0,0
-43,8,47,2103,-2902,-2237,0,0
-36,2,58,2109,-2873,-2270,0,0
-26,-5,52,2093,-2870,-2243,0,0
-27,0,44,2086,-2848,-2268,0,0
-29,5,27,2076,-2846,-2272,0,0
-34,19,4,2123,-2891,-2309,0,0
-39,-20,22,2101,-2886,-2278,0,0
-31,-55,51,2054,-2845,-2236,0,0
-20,-74,54,2038,-2829,-2204,0,0
-9,-66,54,2051,-2801,-2201,0,0
9,-51,47,2002,-2796,-2206,0,0
29,-7,8,1979,-2826,-2236,0,0
28,35,-40,2027,-3018,-2286,0,0
5,39,-58,2058,-2934,-2296,0,0
-15,26,-30,2066,-2949,-2305,0,0
-27,-6,23,2044,-2930,-2291,0,0
-35,-21,62,2003,-2846,-2267,0,0
-24,-7,51,1998,-2823,-2233,0,0
-5,28,23,2014,-2804,-2243,0,0
7,42,-6,2043,-2812,-2232,0,0
13,45,-11,2034,-2837,-2223,0,0
20,66,-21,2056,-2865,-2243,0,0
26,81,-35,2093,-2883,-2276,0,0
28,77,-40,2112,-2894,-2281,0,0
26,60,-30,2123,-2928,-2282,0,0
14,19,-1,2070,-2897,-2224,0,0
23,19,16,2109,-2914,-2223,0,0
44,21,16,2146,-2915,-2217,0,0
46,8,26,2124,-2903,-2180,0,0
45,-9,37,2106,-2888,-2192,0,0
54,-25,41,2109,-2892,-2171,0,0
66,-5,33,2106,-2924,-2181,0,0
76,3,25,2097,-2924,-2223,0,0
81,-7,13,2082,-2962,-2181,0,0
70,5,18,2056,-2966,-2188,0,0
61,0,17,2039,-2952,-2179,0,0
45,22,0,2081,-2983,-2170,0,0
21,40,-5,2091,-3012,-2168,0,0
-1,46,4,2084,-2991,-2161,0,0
-26,46,14,2083,-2997,-2137,0,0
-42,40,24,2069,-2985,-2131,0,0
-40,42,30,2093,-2967,-2121,0,0
-32,52,27,2113,-2963,-2102,0,0
-26,52,28,2105,-2930,-2116,0,0
-27,53,23,2088,-2925,-2123,0,0
-23,69,13,2127,-2937,-2156,0,0
-21,56,5,2133,-2938,-2141,0,0
-23,46,-2,2162,-2975,-2151,0,0
-26,16,13,2160,-2998,-2133,0,0
-31,11,34,2100,-2964,-2116,0,0
-38,21,19,2078,-2936,-2138,0,0
-44,33,-4,2141,-2954,-2127,0,0
-50,22,3,2201,-2985,-2169,0,0
-50,-11,30,2167,-2971,-2190,0,0
-49,-38,40,2101,-2930,-2171,0,0
-52,-33,26,2113,-2928,-2169,0,0
-52,-23,15,2166,-2966,-2180,0,0
-55,-37,32,2097,-2984,-2153,0,0
-58,-30,46,2069,-2963,-2201,0,0
-56,-35,49,2094,-2972,-2187,0,0
-61,-51,62,2119,-2983,-2150,0,0
-59,-72,95,2081,-2951,-2161,0,0
-34,-66,101,1987,-2904,-2159,0,0
-24,-33,64,1976,-2879,-2183,0,0
-36,-1,25,2002,-2920,-2189,0,0
-53,18,8,2027,-2967,-2218,0,0
-67,20,10,2040,-2962,-2239,0,0
-69,10,22,2055,-2971,-2230,0,0
-66,-8,44,2026,-2950,-2211,0,0
-59,-9,54,2001,-2916,-2194,0,0
-54,5,46,1993,-2911,-2219,0,0
-47,28,37,1991,-2934,-2217,0,0
-35,48,27,2056,-2934,-2285,0,0
-31,20,35,2062,-2958,-2268,0,0
-37,-17,72,1982,-2943,-2256,0,0
-34,-39,78,1970,-2900,-2231,0,0
-24,-38,56,1983,-2873,-2199,0,0
-10,-21,40,1960,-2873,-2191,0,0
5,16,8,1935,-2905,-2227,0,0
11,48,-22,1998,-2951,-2266,0,0
1,28,-12,2058,-2984,-2284,0,0
-11,-7,15,2040,-2971,-2281,0,0
-17,-36,29,2002,-2938,-2264,0,0
-14,-51,32,1969,-2900,-2208,0,0
-8,-26,22,1950,-965,-2190,0,0
1,16,-10,1936,-2874,-2220,0,0
11,39,-40,1987,-2902,-2235,0,0
6,44,-49,2014,-2929,-2219,0,0
6,51,-39,2049,-2949,-2259,0,0
15,47,-33,2047,-2958,-2280,0,0
11,34,-32,2057,-2952,-2288,0,0
-3,14,-28,2038,-2935,-2245,0,0
-12,12,-17,2031,-2952,-2231,0,0
-3,15,-6,2066,-2943,-2249,0,0
5,0,-5,2045,-2904,-2208,0,0
15,-1,-11,1975,-2861,-2181,0,0
46,24,-55,1936,-2784,-2162,0,0
87,67,-147,1914,-2686,-2079,0,0
135,151,-288,1933,-2612,-2048,0,0
192,227,-432,2132,-2584,-2090,0,0
217,233,-455,2458,-2696,-2220,0,0
189,169,-386,2786,-2896,-2408,0,0
116,56,-256,3115,-3327,-2448,0,0
59,-90,-77,2871,-3561,-2124,0,0
5,-311,217,2020,-3154,-1829,0,0
8,-353,413,1549,-2759,-1797,0,0
78,-227,355,1758,-2651,-1985,0,0
159,-94,178,2269,-2749,-2177,0,0
157,-19,28,2476,-2811,-2263,0,0
49,-41,-18,2383,-2792,-2365,0,0
-72,-144,-54,2157,-2808,-2279,0,0
-118,-189,-116,2045,-2841,-2124,0,0
-84,-139,-143,2078,-2950,-1980,0,0
-28,-61,-102,2071,-3051,-2019,0,0
34,-13,-17,2035,-3106,-2092,0,0
60,0,75,2039,-3089,-2140,0,0
26,2,148,2092,-2987,-2180,0,0
-28,-8,162,2126,-2922,-2161,0,0
-70,-6,135,2117,-2901,-2185,0,0
-81,-2,84,2078,-2930,-2164,0,0
-86,18,46,2037,-2971,-2134,0,0
-93,41,50,2038,-2983,-2124,0,0
-94,42,80,2073,-2969,-2131,0,0
-85,24,105,2063,-2922,-2126,0,0
-66,33,100,2048,-2865,-2119,0,0
-43,60,61,2073,-2854,-2152,0,0
-36,78,13,2054,-2876,-2177,0,0
-35,95,-32,2082,-2873,-2252,0,0
-36,46,-61,2116,-2932,-2196,0,0
-31,15,-37,2103,-2973,-2186,0,0
1,4,-7,2152,-2940,-2209,0,0
24,-11,-4,2101,-2920,-2175,0,0
26,4,-29,2021,-2996,-2218,0,0
25,2,-70,2101,-2911,-2204,0,0
2,-27,-56,2203,-2975,-2169,0,0
-5,-64,12,2201,-2937,-2175,0,0
18,-75,45,2099,-2922,-2178,0,0
26,-66,31,2032,-2883,-2183,0,0
16,-54,11,2031,-2890,-2146,0,0
10,-30,-17,2104,-2935,-2173,0,0
4,-37,-37,2145,-2980,-2157,0,0
-9,-47,-35,2106,-2960,-2192,0,0
-7,-66,-15,2061,-2947,-2186,0,0
-1,-73,4,2041,-2909,-2176,0,0
10,-67,-14,2046,-2992,-2217,0,0
34,-46,-37,2102,-2870,-2231,0,0
44,-47,-44,2092,-2884,-2240,0,0
51,-55,-45,2023,-2910,-2241,0,0
67,-66,-60,2045,-2893,-2265,0,0
75,-83,-80,2087,-2888,-2209,0,0
71,-85,-88,2099,-2911,-2186,0,0
72,-70,-80,2066,-2900,-2181,0,0
73,-53,-85,2050,-2896,-2171,0,0
72,-33,-87,2067,-2902,-2187,0,0
65,-26,-84,2065,-2935,-2166,0,0
57,5,-77,2089,-2919,-2207,0,0
44,19,-72,2108,-2942,-2224,0,0
22,24,-65,2133,-2988,-2245,0,0
-7,9,-33,2142,-3027,-2243,0,0
-16,-21,23,2147,-3001,-2227,0,0
-24,-57,73,2115,-2875,-2208,0,0
-37,-38,59,2070,-2867,-2143,0,0
-36,12,40,2102,-2870,-2185,0,0
-32,13,40,2093,-2888,-2188,0,0
-33,28,33,2120,-2936,-2222,0,0
-40,13,31,2115,-2929,-2231,0,0
-45,-1,47,2081,-2917,-2211,0,0
-46,-1,58,2040,-2913,-2190,0,0
-51,24,55,2036,-3023,-2205,0,0
-53,49,33,2028,-2848,-2216,0,0
-51,75,9,2060,-2923,-2237,0,0
-58,60,26,2178,-2952,-2236,0,0
-69,17,80,2118,-2916,-2155,0,0
-64,26,117,2094,-2882,-2207,0,0
-62,17,101,2075,-2870,-2209,0,0
-67,19,71,2162,-2856,-2190,0,0
-66,-2,59,2074,-2798,-2065,0,0
-35,52,79,1870,-2784,-2095,0,0
38,192,-4,1892,-2916,-2346,0,0
49,224,-141,2176,-3050,-2383,0,0
-50,92,-80,2499,-3037,-2239,0,0
-127,-91,129,2294,-2873,-2045,0,0
-81,-99,234,1818,-2750,-2088,0,0
32,74,69,1804,-2829,-2239,0,0
51,178,-144,2271,-2952,-2297,0,0
-47,42,-89,2454,-2901,-2048,0,0
-103,-47,117,2067,-2868,-2114,0,0
-21,1,81,1942,-2886,-2339,0,0
29,17,-64,2186,-2867,-2193,0,0
5,2,-49,2228,-2877,-2111,0,0
10,0,-1,2057,-2924,-2201,0,0
14,-9,-2,2075,-2894,-2210,0,0
11,-8,-7,2187,-2883,-2134,0,0
25,2,-7,2138,-2882,-2149,0,0
37,9,-13,2107,-2884,-2176,0,0
41,1,-21,2139,-2917,-2184,0,0
47,-2,-16,2153,-2942,-2155,0,0
41,-12,3,2123,-2936,-2145,0,0
38,4,7,2131,-2890,-2152,0,0
27,9,-4,2146,-2891,-2145,0,0
18,-2,-13,2153,-2927,-2138,0,0
14,-11,-12,2138,-2923,-2120,0,0
25,6,-22,2156,-2917,-2126,0,0
30,28,-38,2216,-2891,-2189,0,0
10,12,-36,2202,-2896,-2165,0,0
-16,-25,-10,2203,-2933,-2173,0,0
-4,-72,24,2155,-2913,-2125,0,0
36,-79,17,2120,-2938,-2114,0,0
69,-50,-5,2140,-2928,-2128,0,0
67,-36,-14,2181,-2924,-2145,0,0
36,-45,-9,2135,-2914,-2172,0,0
6,-66,-10,2094,-2908,-2164,0,0
-4,-49,-21,2091,-2942,-2140,0,0
1,-29,-31,2108,-2932,-2149,0,0
3,-28,-39,2112,-2978,-2138,0,0
-7,-18,-20,2121,-2951,-2134,0,0
-14,-10,1,2111,-2909,-2120,0,0
-17,-1,8,2120,-2897,-2125,0,0
-17,16,10,2126,-2896,-2145,0,0
0,30,4,2119,-2933,-2167,0,0
4,30,5,2111,-2975,-2167,0,0
-16,25,24,2137,-2969,-2170,0,0
-39,21,30,2159,-2933,-2154,0,0
-53,16,49,2174,-2914,-2130,0,0
-56,1,80,2126,-2879,-2139,0,0
-38,0,69,2070,-2867,-2163,0,0
-12,5,29,2091,-2863,-2146,0,0
0,20,-11,2153,-2866,-2161,0,0
-5,29,-39,2179,-2898,-2198,0,0
-7,-2,-42,2172,-2919,-2204,0,0
-8,-40,-21,2131,-2896,-2159,0,0
9,-43,-11,2106,-2915,-2166,0,0
32,-21,-30,2190,-2938,-2198,0,0
21,-36,-31,2182,-2914,-2184,0,0
-2,-47,-9,2097,-2929,-2197,0,0
-15,-57,7,2082,-2917,-2188,0,0
-11,-55,11,2158,-2943,-2162,0,0
3,-53,34,2117,-2925,-2166,0,0
12,-44,38,2064,-2914,-2184,0,0
3,-23,21,2075,-2967,-2171,0,0
-19,-8,34,2060,-2961,-2199,0,0
-38,0,38,2064,-2934,-2182,0,0
-56,22,38,2114,-2951,-2217,0,0
-65,5,44,2128,-2960,-2212,0,0
-69,-8,58,2104,-2932,-2175,0,0
-75,-10,66,2067,-2894,-2173,0,0
-71,4,58,2075,-2901,-2202,0,0
-61,11,40,2036,-2903,-2208,0,0
-52,24,29,2032,-2916,-2219,0,0
-45,34,27,2074,-2917,-2242,0,0
-45,27,33,2113,-2923,-2262,0,0
-52,3,49,2101,-2904,-2262,0,0
-52,-21,55,2077,-2858,-2226,0,0
-41,-34,47,2078,-2832,-2206,0,0
-22,-46,37,2012,-2805,-2157,0,0
4,-8,7,1980,-2802,-2158,0,0
39,56,-44,2013,-2870,-2188,0,0
52,119,-66,2038,-2943,-2184,0,0
45,161,-39,2164,-2926,-2257,0,0
44,52,11,2160,-2916,-2205,0,0
40,42,39,2126,-2912,-2248,0,0
16,7,50,2049,-2881,-2174,0,0
-18,-33,39,1991,-2907,-2086,0,0
-16,1,-4,1985,-2929,-2163,0,0
3,57,-58,2053,-2956,-2140,0,0
-12,72,-47,2181,-2999,-2178,0,0
-33,33,8,2118,-3006,-2258,0,0
-56,-12,50,2111,-2946,-2236,0,0
-79,-25,60,2165,-2887,-2210,0,0
-67,-3,36,2149,-2868,-2206,0,0
-39,-1,9,2117,-2879,-2193,0,0
-19,4,-12,2112,-2894,-2206,0,0
-10,-16,-9,2109,-2895,-2188,0,0
3,-20,6,2085,-2909,-2201,0,0
9,-19,-6,2090,-2889,-2217,0,0
3,-11,-26,2122,-2885,-2193,0,0
4,-21,-19,2110,-2900,-2203,0,0
13,-38,-3,2106,-2910,-2200,0,0
32,-34,5,2093,-2928,-2176,0,0
46,-15,14,2084,-2925,-2184,0,0
37,-7,17,2065,-2927,-2190,0,0
11,-4,9,2055,-2904,-2191,0,0
-10,8,-1,2062,-2920,-2152,0,0
-19,38,-10,2048,-2930,-2200,0,0
-22,61,-15,2107,-2975,-2224,0,0
-30,42,8,2158,-2968,-2210,0,0
-46,20,45,2114,-2908,-2171,0,0
-47,28,49,2086,-2876,-2160,0,0
-40,35,21,2083,-2868,-2169,0,0
-29,49,-8,2087,-2886,-2177,0,0
-32,51,-23,2146,-2922,-2207,0,0
-41,28,-3,2136,-2925,-2200,0,0
-39,6,21,2113,-2905,-2181,0,0
-37,-4,34,2129,-2879,-2163,0,0
-32,-2,43,2093,-2849,-2136,0,0
-23,24,26,2081,-2817,-2144,0,0
-12,53,-21,2108,-2850,-2121,0,0
-1,86,-66,2132,-2881,-2168,0,0
13,103,-91,2131,-2952,-2155,0,0
3,100,-72,2089,-2973,-2107,0,0
-22,98,-26,2080,-2960,-2065,0,0
-15,110,13,2139,-2982,-2069,0,0
2,142,30,2193,-2930,-2070,0,0
9,172,22,2231,-2834,-2112,0,0
10,164,-14,2303,-2801,-2151,0,0
-6,132,-31,2359,-2835,-2143,0,0
-9,96,-13,2379,-2855,-2149,0,0
1,55,2,2348,-2842,-2118,0,0
-8,36,11,2301,-2802,-2120,0,0
-19,38,-2,2297,-2804,-2107,0,0
-40,35,-17,2316,-2836,-2077,0,0
-58,44,-17,2344,-2820,-2099,0,0
-79,29,1,2291,-2895,-2061,0,0
-86,6,30,2243,-2930,-2063,0,0
-51,6,67,2331,-2842,-2069,0,0
4,5,84,2409,-2787,-2125,0,0
25,-30,83,2358,-2780,-2189,0,0
6,-63,62,2308,-2758,-2171,0,0
-33,-88,23,2299,-2772,-2127,0,0
-58,-89,-13,2295,-2794,-2114,0,0
-54,-84,-23,2267,-2841,-2102,0,0
-40,-83,-14,2159,-2896,-2064,0,0
-13,-55,-3,2124,-2886,-2030,0,0
2,-15,1,2082,-2899,-1984,0,0
13,57,-11,2045,-2972,-1997,0,0
13,142,-41,2078,-2983,-1998,0,0
-28,202,-74,2039,-2986,-1841,0,0
-78,259,-102,1937,-2839,-1641,0,0
-81,328,-193,1783,-2620,-1473,0,0
-6,374,-363,1700,-2473,-1361,0,0
160,468,-652,1775,-2389,-1512,0,0
349,655,-974,1626,-2356,-1807,0,0
313,757,-1081,1328,-2336,-1836,0,0
28,809,-926,1634,-2332,-1286,0,0
-318,995,-756,2694,-2182,-1016,0,0
-581,973,-545,3227,-2066,-646,0,0
-799,692,-185,3284,-2117,-326,0,0
-877,430,257,3369,-2224,-692,0,0
-698,242,652,4471,-2531,-1810,0,0
-283,72,667,6333,-2896,-2963,0,0
80,8,349,8183,-2899,-3341,0,0
-87,-219,-15,7994,-2204,-3128,0,0
-440,-558,-369,4944,-989,-2014,0,0
-120,-184,-980,738,418,553,0,0
571,587,-1002,-146,41,1111,0,0
1008,708,-1177,238,-186,453,0,0
1273,815,-1103,171,-591,1238,0,0
1078,1178,-596,572,-1359,276,0,0
551,787,-95,347,-1451,-863,0,0
89,73,234,955,-1587,-977,0,0
128,359,69,4401,-1639,-1165,0,0
547,389,-348,7146,-2170,345,0,0
373,629,98,7529,-3703,-324,0,0
-36,510,739,5847,-4751,-2662,0,0
-241,123,658,5301,-5410,-2614,0,0
-546,-2,451,6795,-5200,-3059,0,0
-572,-248,279,6882,-3849,-1664,0,0
-318,39,-1,5907,-1787,-2096,0,0
287,529,-646,4414,932,342,0,0
1055,404,-1475,4138,1902,1423,0,0
1803,457,-2215,4659,906,2071,0,0
2112,1134,-2389,5355,-672,881,0,0
1662,690,-2001,5052,-1649,277,0,0
788,769,-1386,3923,-1827,-193,0,0
132,1091,-938,2794,-1251,-1076,0,0
37,667,-797,2515,-403,-358,0,0
145,120,-250,1518,134,791,0,0
220,-145,483,1421,-641,896,0,0
15,-234,722,1450,-1450,-491,0,0
-342,-1329,1421,1869,-1975,-2440,0,0
-1313,-2377,2413,3233,-1907,-412,0,0
-2089,-3458,2912,5031,-1846,1072,0,0
-1804,-2627,3285,6567,-1712,500,0,0
-1354,-2522,2682,5897,-2136,764,0,0
-689,-2019,2352,3647,-1740,1441,0,0
-231,-1434,2304,2668,-1439,55,0,0
130,-1406,1551,2426,-1849,-913,0,0
377,-836,848,1812,-2028,-889,0,0
152,-232,477,2060,-2485,-3182,0,0
106,-226,2,2020,-2969,-3970,0,0
158,-25,-304,1901,-3017,-2888,0,0
71,-305,-236,2441,-3087,-2623,0,0
297,-183,-363,2589,-3225,-2396,0,0
528,77,-482,2588,-3466,-2288,0,0
399,95,-368,2397,-3883,-3048,0,0
121,-71,-36,2443,-4710,-4083,0,0
-61,-374,211,2765,-4811,-4597,0,0
-104,-428,190,3147,-4833,-4368,0,0
-129,-307,18,3599,-4650,-3583,0,0
-314,20,-167,3371,-4661,-2371,0,0
-572,715,-581,3005,-4146,-2089,0,0
-597,1031,-954,1921,-2481,-1201,0,0
-449,852,-894,1220,-1842,-519,0,0
-28,1116,-827,591,-1707,447,0,0
49,781,-136,-449,-1019,1163,0,0
-334,146,344,-629,-421,55,0,0
-366,632,18,227,-279,-573,0,0
-353,229,179,1543,-398,-1104,0,0
-297,-528,694,2097,-44,-475,0,0
-270,-895,1165,2177,-524,-898,0,0
82,-455,780,2808,-1564,-2881,0,0
622,-93,-12,3751,-2712,-3204,0,0
693,87,-363,4116,-3194,-3256,0,0
271,-21,-225,3789,-3193,-3088,0,0
-268,-671,159,2960,-2846,-2457,0,0
-464,-827,465,2497,-3064,-2042,0,0
-164,-440,330,2697,-3120,-2174,0,0
186,-232,176,2463,-3340,-2205,0,0
290,37,93,2304,-3988,-2698,0,0
306,279,-67,2317,-4473,-2853,0,0
198,399,-122,2550,-4180,-2946,0,0
-12,343,-48,2459,-3482,-2825,0,0
-159,372,-26,2200,-2831,-2792,0,0
-193,325,-53,1853,-2583,-2731,0,0
-168,163,-69,1684,-2767,-2400,0,0
-119,84,-62,1886,-3048,-2159,0,0
-84,51,-14,2357,-3306,-2305,0,0
-52,75,-6,2895,-3617,-2505,0,0
-56,199,-90,3457,-3852,-2842,0,0
-125,294,-220,4167,-3874,-3261,0,0
-285,296,-370,4634,-3568,-3073,0,0
-532,322,-477,4395,-2972,-2408,0,0
-668,423,-518,4159,-2307,-2147,0,0
-493,567,-490,3849,-2049,-1665,0,0
-108,723,-618,2741,-1319,-1270,0,0
421,926,-1008,1303,-73,-893,0,0
578,484,-804,906,-37,-326,0,0
343,-451,-320,327,-304,-160,0,0
421,-286,-382,414,-527,-347,0,0
449,-618,50,685,-1077,-230,0,0
521,-854,882,535,-957,-658,0,0
486,-1167,1698,1192,-1778,-737,0,0
361,-1329,2079,2351,-3182,-1867,0,0
556,-1189,1464,3224,-4012,-3497,0,0
845,-906,714,1883,-4097,-1299,0,0
493,-447,362,3535,-4353,-1732,0,0
251,-460,173,3265,-3905,-2788,0,0
177,-139,309,2816,-4223,-2796,0,0
69,0,120,2236,-3786,-2938,0,0
20,-25,25,1268,-3335,-2743,0,0
19,124,-59,1765,-3615,-2517,0,0
118,233,-272,2083,-4206,-1857,0,0
198,301,-193,1999,-4074,-1771,0,0
105,298,-5,1528,-3374,-2436,0,0
-2,226,18,1361,-3024,-2678,0,0
-55,195,-110,1653,-2923,-2531,0,0
-100,16,-206,2111,-2979,-2112,0,0
-70,-174,-132,2207,-3066,-1655,0,0
50,-152,-27,2032,-3210,-2102,0,0
170,-49,2,1914,-3723,-2828,0,0
110,29,-13,2055,-4514,-3370,0,0
12,149,-111,2612,-5330,-3490,0,0
-171,273,-302,3570,-5648,-2960,0,0
-598,553,-412,3557,-4759,-2467,0,0
-985,674,-400,3299,-3515,-1949,0,0
-1103,660,-619,2602,-3058,-1155,0,0
-805,791,-1001,1951,-2524,-872,0,0
-225,1014,-1189,1123,-1550,112,0,0
12,897,-589,523,-1102,433,0,0
-153,105,161,489,-1002,226,0,0
-191,13,222,792,-639,175,0,0
-122,75,465,1126,-402,-368,0,0
-102,-228,990,893,-61,-683,0,0
-190,-647,1494,1075,-406,-833,0,0
-150,-604,1266,2215,-1802,-2607,0,0
352,-110,420,3556,-3006,-3189,0,0
472,-220,-3,3890,-3113,-2828,0,0
215,-276,-10,3568,-3087,-3040,0,0
43,-603,364,3475,-3689,-2803,0,0
97,-989,628,2765,-3574,-1874,0,0
266,-892,578,2217,-3473,-1639,0,0
410,-486,338,1973,-3745,-2203,0,0
452,-92,55,2055,-4643,-2354,0,0
380,266,-163,2559,-4941,-2542,0,0
167,246,-54,2506,-4638,-2526,0,0
-93,240,88,2112,-4096,-2546,0,0
-198,275,50,1720,-3490,-2460,0,0
-144,262,-64,1625,-3174,-2252,0,0
-64,248,-204,1909,-3239,-2173,0,0
-32,133,-272,2102,-3205,-1988,0,0
-23,53,-220,2200,-3046,-1810,0,0
9,21,-98,2017,-3012,-1775,0,0
33,-47,5,1723,-2841,-1682,0,0
51,-61,35,1669,-2820,-1519,0,0
63,-5,37,1718,-2855,-1517,0,0
66,60,50,1820,-2963,-1573,0,0
50,121,59,1901,-3147,-1639,0,0
10,136,44,1943,-3243,-1795,0,0
-18,104,51,2002,-3354,-1863,0,0
-20,76,35,2078,-3526,-1920,0,0
-22,40,17,2146,-3572,-2039,0,0
-76,-63,50,2018,-3575,-2125,0,0
-164,-128,56,1896,-3799,-2167,0,0
-258,-181,13,1910,-3806,-2344,0,0
-316,-180,-57,2068,-4131,-2576,0,0
-333,-36,-264,2587,-4393,-2929,0,0
-338,91,-484,3264,-4068,-2981,0,0
-350,73,-688,3817,-3473,-2956,0,0
-386,8,-817,3878,-2989,-2625,0,0
-417,-18,-829,3766,-2671,-2662,0,0
-309,79,-749,3699,-2579,-2632,0,0
-187,82,-716,3030,-2210,-2159,0,0
60,385,-893,1604,-1263,-1399,0,0
457,743,-1012,1130,-701,-910,0,0
476,364,-810,698,-170,-238,0,0
255,-222,-272,544,-103,17,0,0
343,49,-86,759,-524,-106,0,0
468,-132,380,534,-1260,228,0,0
453,-543,1047,296,-1306,-140,0,0
282,-708,1171,1262,-2545,-1271,0,0
385,-362,519,2538,-3388,-2346,0,0
466,33,169,3513,-4269,-2356,0,0
275,267,262,2936,-4141,-1622,0,0
-168,244,593,3235,-4348,-1946,0,0
-479,-95,705,3207,-3806,-2616,0,0
-389,-36,684,3131,-3583,-2558,0,0
-175,95,354,3100,-3488,-2800,0,0
11,79,-87,2910,-3308,-2806,0,0
64,125,-370,3022,-3422,-2889,0,0
37,86,-391,2898,-3594,-2799,0,0
-52,-86,-256,2409,-3470,-2452,0,0
-140,-174,-128,1846,-2941,-2241,0,0
-189,-128,-99,1616,-2687,-2010,0,0
-173,-7,-120,1817,-2658,-1937,0,0
-107,9,-104,2146,-2653,-1766,0,0
-52,-22,10,2352,-2651,-1909,0,0
44,-61,93,2569,-2862,-2343,0,0
150,-106,61,2813,-3293,-2810,0,0
185,-133,74,3165,-3844,-3171,0,0
121,-68,71,3528,-4555,-3323,0,0
-38,123,-70,3950,-4926,-3427,0,0
-422,186,-179,4041,-4576,-2992,0,0
-866,251,-247,3482,-3396,-2321,0,0
-973,305,-370,2323,-2418,-1577,0,0
-564,527,-702,1276,-2122,-766,0,0
71,899,-1000,655,-1580,225,0,0
232,671,-563,392,-978,639,0,0
-59,-62,85,340,-849,344,0,0
-209,8,21,755,-555,-28,0,0
-220,55,244,1308,-582,-550,0,0
-238,-368,891,1309,-370,-586,0,0
-314,-661,1388,1493,-1003,-935,0,0
-104,-246,1096,3048,-2188,-3141,0,0
287,-54,504,3657,-2994,-3347,0,0
226,-172,252,3680,-2595,-3119,0,0
37,-211,188,3486,-2718,-2604,0,0
-38,-357,236,3151,-3167,-2660,0,0
131,-354,251,2633,-3247,-2236,0,0
330,-248,11,2227,-3285,-2374,0,0
519,201,-329,2384,-3845,-2464,0,0
544,296,-432,2861,-4332,-2527,0,0
395,203,-298,3174,-4221,-2505,0,0
113,132,-49,2800,-3467,-2513,0,0
-130,78,78,2355,-2851,-2589,0,0
-216,23,38,2222,-2693,-2371,0,0
-149,-64,-66,2236,-2818,-1960,0,0
25,-55,-141,2142,-2891,-1615,0,0
174,36,-104,1969,-2949,-1690,0,0
174,86,-8,1887,-3095,-2002,0,0
17,6,74,1928,-3017,-2125,0,0
-143,-4,94,1994,-2967,-2037,0,0
-187,39,65,2158,-2910,-2083,0,0
-137,11,46,2272,-2827,-2027,0,0
-55,31,9,2433,-2849,-2029,0,0
7,34,-72,2605,-2737,-2037,0,0
33,41,-121,2735,-2651,-1968,0,0
12,43,-132,2654,-2614,-1993,0,0
-41,12,-116,2545,-2725,-2124,0,0
-97,17,-114,2822,-3477,-2402,0,0
-57,96,-256,3572,-4090,-3114,0,0
26,103,-497,4246,-4122,-3321,0,0
-140,80,-637,4653,-3629,-3102,0,0
-471,-121,-598,4343,-2922,-2882,0,0
-616,-275,-508,3903,-2520,-2348,0,0
-464,-33,-539,3661,-2266,-1780,0,0
-99,408,-638,3059,-1728,-1611,0,0
292,620,-748,1957,-911,-978,0,0
518,685,-674,1111,-208,-719,0,0
365,-155,-187,525,3,-360,0,0
224,-626,155,151,-192,5,0,0
355,-378,313,361,-522,-305,0,0
451,-807,688,208,-912,82,0,0
514,-1013,1067,267,-1056,31,0,0
466,-800,1244,661,-2614,-519,0,0
359,-271,1089,2923,-4357,-3418,0,0
505,262,427,3658,-5109,-2756,0,0
169,709,346,4940,-5788,-2971,0,0
-205,336,341,4736,-4691,-3344,0,0
-141,423,564,3418,-3984,-2998,0,0
101,407,455,2680,-3509,-3131,0,0
380,195,15,2207,-3082,-2475,0,0
288,41,-143,2434,-2916,-2132,0,0
22,-113,-89,2101,-3222,-1720,0,0
14,-160,27,1388,-3202,-1490,0,0
133,-196,75,1293,-2837,-1578,0,0
170,-139,-44,1570,-2700,-1389,0,0
85,-16,-137,2065,-2830,-1332,0,0
-36,24,-127,2327,-2798,-1503,0,0
-124,61,-102,2174,-2790,-1619,0,0
-142,122,-149,2032,-2890,-1987,0,0
-86,91,-235,2123,-2986,-2143,0,0
-28,80,-282,2347,-3142,-2116,0,0
13,72,-176,2773,-3298,-2280,0,0
77,-54,11,2915,-3548,-2452,0,0
194,-145,89,3076,-3727,-2836,0,0
259,-175,6,3290,-4105,-3274,0,0
194,-209,-119,3248,-4440,-2982,0,0
-83,-100,-204,3194,-4718,-2461,0,0
-468,46,-239,3355,-4194,-2078,0,0
-885,234,-387,3644,-3642,-1527,0,0
-1150,542,-640,3170,-3466,-1600,0,0
-915,615,-881,1636,-2619,-1008,0,0
-343,725,-885,254,-1416,-53,0,0
109,454,-447,-452,-183,328,0,0
328,33,-231,500,-478,504,0,0
459,95,-253,1821,-700,153,0,0
484,-12,420,1824,-340,-462,0,0
155,-585,1265,1165,-784,-1045,0,0
-164,-804,1227,1893,-1994,-2091,0,0
-67,-265,485,2837,-2666,-2460,0,0
-140,-18,152,3274,-3015,-2644,0,0
-330,411,-176,2946,-2512,-2231,0,0
-508,303,-77,3098,-2273,-2044,0,0
-410,-50,-7,3630,-2408,-1736,0,0
52,188,-124,3958,-2521,-1270,0,0
436,353,-165,3836,-2539,-1969,0,0
535,201,-180,3687,-3236,-2253,0,0
394,193,-136,3583,-3764,-2316,0,0
201,65,-75,3245,-3603,-2301,0,0
115,80,-74,3233,-3447,-2288,0,0
102,169,-108,3527,-3315,-2250,0,0
60,32,-70,3237,-3036,-1835,0,0
37,17,-25,2612,-2817,-1620,0,0
65,97,-83,2421,-2851,-1684,0,0
20,77,-121,2473,-2900,-1531,0,0
-96,39,-8,2588,-2752,-1584,0,0
-149,-37,142,2560,-2538,-1654,0,0
-148,-75,196,2451,-2409,-1601,0,0
-131,-62,163,2543,-2395,-1577,0,0
-98,-41,76,2648,-2468,-1566,0,0
-66,14,-19,2824,-2570,-1744,0,0
-33,12,-52,2967,-2733,-1822,0,0
-45,19,-76,3067,-2918,-1925,0,0
-65,20,-121,3400,-2963,-2271,0,0
-92,7,-223,3891,-3359,-2331,0,0
-137,100,-405,4711,-3608,-2442,0,0
-107,59,-517,5005,-3314,-2268,0,0
-82,46,-470,4478,-2948,-2046,0,0
-69,34,-391,4242,-2542,-2112,0,0
-121,17,-384,4171,-2250,-1656,0,0
-121,173,-323,3441,-1769,-1261,0,0
97,489,-382,2209,-1083,-956,0,0
326,706,-507,1187,-465,-465,0,0
298,218,-107,779,-141,-514,0,0
270,-359,324,506,-141,-175,0,0
345,-112,483,244,-313,-117,0,0
215,-581,948,284,-519,-22,0,0
39,-860,1265,860,-1497,-204,0,0
-135,-589,921,2965,-3235,-1769,0,0
-127,-338,416,3662,-4260,-1873,0,0
-67,-185,401,3528,-3834,-1865,0,0
-21,90,322,2420,-2992,-1375,0,0
-161,11,340,3002,-3485,-1335,0,0
-178,21,344,3243,-3549,-1294,0,0
-4,90,476,3045,-3149,-1570,0,0
251,220,496,2719,-2935,-2342,0,0
476,306,195,2926,-3270,-2611,0,0
514,352,-173,3477,-3626,-2493,0,0
403,308,-356,3823,-3874,-2275,0,0
305,243,-296,3614,-3894,-1993,0,0
272,1,-15,2811,-3625,-2016,0,0
275,-195,164,1696,-3131,-1830,0,0
238,-265,185,1282,-2870,-1515,0,0
154,-211,64,1454,-2691,-1347,0,0
83,-170,-19,1878,-2577,-1177,0,0
-4,-174,-8,2160,-2718,-1026,0,0
-89,-124,-19,2228,-2963,-1245,0,0
-63,-93,-102,2420,-3157,-1564,0,0
7,-28,-202,2664,-3289,-1545,0,0
-17,-1,-186,2903,-3424,-1622,0,0
-75,-41,-108,3048,-3444,-1857,0,0
-101,-133,-82,3100,-3374,-2255,0,0
-7,-209,-115,3315,-3567,-2553,0,0
92,-227,-202,3567,-3978,-2634,0,0
126,-192,-246,3682,-4307,-2425,0,0
74,-28,-254,3591,-4415,-2056,0,0
-79,206,-344,3426,-4311,-1757,0,0
-252,456,-513,3083,-3440,-1432,0,0
-406,447,-510,2855,-2875,-989,0,0
-341,418,-644,2700,-2960,-655,0,0
32,772,-985,1915,-2268,34,0,0
257,660,-756,919,-1050,309,0,0
148,220,-195,433,-400,349,0,0
-127,14,182,497,-523,17,0,0
-217,-50,247,916,-633,-142,0,0
-342,-141,642,1373,-1001,-227,0,0
-570,-355,1175,1823,-1516,-845,0,0
-604,-144,968,3089,-2450,-1871,0,0
-505,23,559,3964,-2673,-2300,0,0
-434,-169,468,4290,-2361,-2251,0,0
-398,-463,373,4230,-2522,-1998,0,0
-393,-887,436,4358,-2903,-2305,0,0
-134,-1221,577,4011,-2833,-1810,0,0
157,-1179,703,2964,-2887,-1483,0,0
256,-880,521,2266,-2742,-1905,0,0
313,-526,192,1871,-2961,-1955,0,0
353,-266,1,1987,-3416,-2117,0,0
331,-70,-131,2257,-4310,-2098,0,0
261,156,-145,2473,-4579,-2391,0,0
141,222,21,2222,-3961,-2630,0,0
-27,118,158,1835,-3303,-2571,0,0
-77,144,69,1829,-3094,-2297,0,0
-34,76,-114,1978,-3130,-1879,0,0
39,37,-180,2079,-3239,-1719,0,0
119,28,-120,2149,-3251,-1836,0,0
128,-37,-85,2191,-3238,-2006,0,0
50,-122,-114,2315,-3270,-2155,0,0
-63,-118,-120,2320,-3150,-1989,0,0
-165,-150,-52,2109,-3048,-1932,0,0
-137,-132,16,1870,-2885,-1975,0,0
-82,-110,10,1791,-2769,-1797,0,0
-91,-86,-20,1802,-2777,-1815,0,0
-123,-23,-35,1797,-2796,-1880,0,0
-183,16,11,1804,-3039,-2101,0,0
-218,16,24,1915,-3564,-2353,0,0
-162,104,-103,2173,-3942,-2748,0,0
-86,113,-249,2428,-3974,-3001,0,0
-95,89,-416,2948,-3693,-3174,0,0
-220,58,-622,3466,-3363,-2797,0,0
-376,89,-853,4043,-3023,-2823,0,0
-377,213,-974,3922,-2634,-2361,0,0
-374,316,-866,4037,-2565,-2180,0,0
-325,500,-737,3756,-2285,-2355,0,0
-153,614,-598,2681,-1729,-1991,0,0
82,896,-605,1587,-1108,-1302,0,0
191,1056,-688,952,-360,-782,0,0
122,343,-337,767,-18,-65,0,0
239,128,78,897,-170,6,0,0
443,246,355,691,-646,-334,0,0
394,-591,920,424,-1242,93,0,0
252,-813,1333,1208,-1995,-462,0,0
223,-381,876,2306,-3073,-3680,0,0
441,-104,373,3396,-3676,-1835,0,0
562,183,83,3204,-3276,-867,0,0
274,494,84,3678,-3572,-1180,0,0
-74,201,134,4083,-3765,-1996,0,0
-135,111,96,4331,-3864,-1928,0,0
70,331,-171,4186,-3465,-2220,0,0
290,385,-316,3637,-3018,-2461,0,0
274,190,-240,3152,-2956,-2302,0,0
241,118,-98,2898,-3110,-1904,0,0
327,40,6,2462,-2990,-1413,0,0
440,13,101,2361,-2814,-1220,0,0
397,76,170,2384,-2689,-1145,0,0
211,107,297,2211,-2837,-1395,0,0
21,-33,268,2135,-2965,-1644,0,0
-86,-58,160,2279,-2982,-1621,0,0
-187,-130,121,2738,-3141,-1638,0,0
-234,-219,124,3347,-3394,-1868,0,0
-220,-394,208,3806,-3945,-2301,0,0
-138,-500,195,3994,-4577,-2845,0,0
4,-499,127,4146,-4727,-2799,0,0
-16,-529,110,4020,-4683,-2261,0,0
-168,-420,102,3408,-4338,-1928,0,0
-403,-28,-14,3385,-3911,-1450,0,0
-792,213,-139,3000,-3072,-1050,0,0
-921,497,-358,2741,-2524,-893,0,0
-674,750,-802,2402,-2460,-865,0,0
-227,985,-1151,1715,-1880,-407,0,0
-25,793,-856,535,-1140,369,0,0
-257,290,-178,-208,-664,349,0,0
-383,36,88,169,-590,166,0,0
-327,241,94,1142,-777,96,0,0
-400,-62,624,1540,-897,-305,0,0
-499,-387,1246,1097,-811,-487,0,0
-409,114,1152,2692,-1768,-1877,0,0
-243,205,585,4069,-2587,-2633,0,0
-99,91,306,4347,-2141,-2177,0,0
-72,283,276,3556,-1826,-1650,0,0
-14,-47,143,3453,-2083,-1981,0,0
256,-78,-248,3794,-2544,-1325,0,0
464,93,-257,3969,-2897,-1424,0,0
533,35,-97,3496,-3032,-1748,0,0
455,-55,-100,3164,-3258,-1728,0,0
421,-76,-106,3445,-3420,-1707,0,0
430,-68,-87,3688,-3884,-1452,0,0
403,26,-19,3846,-4149,-1562,0,0
346,94,3,3384,-3855,-1682,0,0
240,139,-48,2889,-3358,-1822,0,0
143,156,-137,2721,-3066,-1822,0,0
50,-7,-145,2648,-3060,-1667,0,0
-6,-194,-62,2577,-3153,-1233,0,0
-7,-209,62,2641,-2989,-1083,0,0
4,-217,152,2535,-2663,-1108,0,0
-2,-167,139,2518,-2603,-1132,0,0
-55,-126,88,2599,-2765,-1135,0,0
-163,-62,69,2651,-3183,-1329,0,0
-299,-40,69,2869,-3738,-1854,0,0
-385,-11,33,3198,-4145,-2040,0,0
-460,64,-75,3532,-4272,-2143,0,0
-514,88,-243,3767,-3776,-2167,0,0
-484,110,-451,4166,-3150,-2187,0,0
-435,42,-599,3993,-2502,-1915,0,0
-393,-119,-573,3798,-1911,-1672,0,0
-293,-177,-476,3979,-1849,-1758,0,0
-103,-142,-433,4321,-1907,-1946,0,0
73,29,-462,3789,-1891,-1593,0,0
203,351,-372,2252,-1547,-1239,0,0
409,541,-486,1905,-1203,-834,0,0
496,455,-726,1420,-67,-251,0,0
373,-192,-79,810,323,279,0,0
315,-90,253,389,-391,-71,0,0
167,-367,492,-217,-1057,-183,0,0
170,-1010,1124,41,-1716,224,0,0
217,-1096,1444,1718,-2273,-524,0,0
312,-612,1133,2674,-2950,-1770,0,0
409,43,738,2737,-3273,-1831,0,0
271,388,435,2931,-3391,-1451,0,0
-34,127,485,4245,-3841,-1979,0,0
-193,-233,463,4317,-4250,-1849,0,0
37,123,112,3816,-3933,-2460,0,0
367,162,-317,3616,-3418,-3079,0,0
429,43,-565,3250,-3477,-2763,0,0
259,53,-483,3212,-3930,-2278,0,0
72,-147,-199,2916,-3911,-1474,0,0
39,-207,124,2182,-3278,-1192,0,0
60,-94,244,1853,-2600,-1358,0,0
61,-23,150,1906,-2485,-1217,0,0
83,86,22,2085,-2596,-1184,0,0
100,154,-53,2422,-2764,-1136,0,0
97,178,-28,2766,-2892,-1448,0,0
105,105,95,2981,-3191,-1838,0,0
112,-12,204,3270,-3845,-2360,0,0
166,-145,294,3437,-4400,-2725,0,0
230,-239,290,3362,-4685,-2797,0,0
264,-231,173,3499,-4854,-2597,0,0
86,-117,45,3191,-4741,-1793,0,0
-417,213,-122,2860,-4220,-1433,0,0
-866,447,-134,2607,-3300,-1145,0,0
-1105,381,-64,2734,-3014,-566,0,0
-884,510,-436,3174,-2971,-960,0,0
-239,726,-936,2752,-2587,-622,0,0
128,645,-987,1445,-1469,-555,0,0
349,271,-758,585,-812,-158,0,0
247,169,-427,308,-1281,385,0,0
17,-179,88,709,-1454,-271,0,0
-85,-520,434,1552,-913,-79,0,0
-361,-497,951,1817,-939,-339,0,0
-600,-573,1278,2602,-1702,-1417,0,0
-494,-279,775,2472,-1762,-1301,0,0
-422,79,440,3017,-2628,-2253,0,0
-232,267,-131,3116,-2609,-2501,0,0
-178,545,-532,2736,-2239,-1947,0,0
-282,260,-328,3324,-2206,-1720,0,0
-65,102,-215,3574,-2149,-918,0,0
238,275,-128,3684,-2374,-1117,0,0
441,351,-152,3591,-3011,-1533,0,0
466,368,-202,3441,-3317,-1818,0,0
339,350,-169,3792,-3634,-1994,0,0
167,215,-78,3826,-3890,-1908,0,0
136,178,37,3652,-3678,-1745,0,0
166,242,82,3494,-3531,-1679,0,0
129,168,105,3231,-3432,-1638,0,0
69,83,82,2959,-3208,-1550,0,0
20,-26,71,2680,-2934,-1388,0,0
20,-107,121,2434,-2744,-1190,0,0
30,-110,137,2468,-2642,-1033,0,0
-14,-130,81,2514,-2600,-941,0,0
-43,-77,37,2572,-2576,-971,0,0
-57,-41,18,2608,-2691,-1038,0,0
-76,-14,17,2649,-2897,-1226,0,0
-87,5,-17,2785,-3076,-1555,0,0
-91,18,-159,3143,-3255,-1801,0,0
-107,12,-328,3735,-3475,-1909,0,0
-180,-18,-470,4551,-3659,-2086,0,0
-257,-68,-688,5283,-3530,-1883,0,0
-365,-75,-791,5017,-3090,-1412,0,0
-464,-103,-587,4362,-2397,-1232,0,0
-372,-47,-378,4288,-2164,-1293,0,0
-120,235,-431,3747,-1869,-1298,0,0
141,526,-465,2626,-1346,-1267,0,0
365,614,-475,1637,-788,-454,0,0
334,373,-404,800,121,-401,0,0
324,-287,15,274,179,368,0,0
498,-42,301,503,-302,-7,0,0
529,-208,470,259,-754,-140,0,0
474,-584,843,247,-1182,572,0,0
138,-648,1200,2703,-2635,-31,0,0
32,-282,944,3712,-3549,-1349,0,0
273,-125,751,3375,-3540,-1650,0,0
293,-212,446,3723,-3811,-1074,0,0
-108,-313,304,3540,-3638,-1083,0,0
-473,-430,216,3534,-3368,-2512,0,0
-306,-174,-123,3467,-3460,-2987,0,0
14,-209,-501,3731,-3618,-3222,0,0
189,-214,-778,3471,-3784,-3046,0,0
227,58,-766,4234,-3936,-2907,0,0
182,87,-779,3763,-3677,-1844,0,0
-48,220,-652,3034,-2986,-1863,0,0
-178,291,-596,3596,-2705,-1751,0,0
-229,215,-611,3874,-2506,-1483,0,0
-195,76,-460,4483,-2556,-1503,0,0
-146,-31,-383,4444,-2920,-1287,0,0
-303,93,-206,4106,-3254,-1184,0,0
-716,74,5,2960,-3445,-975,0,0
-900,402,-330,2010,-2829,-615,0,0
-801,837,-778,1789,-1619,-21,0,0
-830,868,-624,981,-221,242,0,0
-843,26,127,1229,64,879,0,0
-354,-374,154,1178,304,1107,0,0
343,141,108,2878,459,-1279,0,0
436,-749,736,3908,-76,-1074,0,0
219,-988,1270,2959,-1120,-374,0,0
18,-499,1166,3632,-2399,-2243,0,0
245,-311,578,4003,-2605,-2642,0,0
193,318,198,4242,-2707,-2832,0,0
-167,100,129,4343,-2024,-2550,0,0
-172,-227,193,4185,-1306,-1315,0,0
38,-62,213,3753,-1279,-1229,0,0
199,-65,40,3391,-1813,-1631,0,0
175,-242,-66,3515,-2343,-1896,0,0
-1,-450,-5,3395,-2460,-2209,0,0
-78,-671,190,3041,-2270,-2056,0,0
-4,-841,353,2444,-2325,-1548,0,0
163,-582,389,2330,-2514,-1559,0,0
294,-174,336,2356,-2769,-1313,0,0
239,162,183,2212,-2956,-1421,0,0
119,401,53,2308,-2839,-1822,0,0
-29,390,29,2371,-2490,-2112,0,0
-130,285,69,2487,-2253,-2283,0,0
-97,171,34,2759,-2232,-2131,0,0
2,131,-94,2838,-2434,-1818,0,0
122,186,-214,2948,-2649,-1701,0,0
135,277,-245,2866,-3080,-1892,0,0
54,324,-168,2721,-3417,-2033,0,0
-76,320,-30,2364,-3527,-1883,0,0
-195,352,144,2139,-3457,-2115,0,0
-195,284,250,2319,-3191,-2227,0,0
-167,156,231,2847,-2835,-2170,0,0
-96,22,31,4085,-2558,-2330,0,0
39,-216,-214,5105,-2609,-2102,0,0
167,-392,-329,5823,-2932,-2092,0,0
230,-550,-307,5443,-2905,-2263,0,0
209,-802,-157,4754,-2575,-1948,0,0
135,-587,-178,4010,-2288,-1862,0,0
140,-136,-332,2874,-2032,-1556,0,0
180,211,-561,1963,-1615,-979,0,0
259,574,-874,1487,-609,-541,0,0
139,66,-624,929,342,16,0,0
97,-444,-161,547,119,377,0,0
359,-1,-174,90,-135,281,0,0
430,-198,166,176,-789,-23,0,0
415,-657,657,540,-1310,12,0,0
296,-2504,677,1864,-2600,-1261,0,0
278,142,229,3006,-3883,-2585,0,0
140,249,201,3820,-4315,-2332,0,0
-118,491,58,3507,-3420,-1440,0,0
-338,635,73,4750,-3518,-2239,0,0
-193,331,105,4687,-3275,-1978,0,0
-32,443,49,3555,-2546,-2432,0,0
101,411,-182,3605,-2631,-3260,0,0
146,169,-592,3650,-2734,-2233,0,0
-178,74,-598,3700,-2731,-1380,0,0
-390,-119,-307,3499,-2767,-1588,0,0
-355,-250,-12,3191,-2672,-1841,0,0
-292,-249,211,2931,-2504,-1721,0,0
-236,-264,273,2389,-2136,-1258,0,0
-178,23,200,2931,-1906,-1581,0,0
-70,22,11,3463,-1806,-1770,0,0
160,52,-63,4126,-1960,-1829,0,0
307,-1,-12,4367,-2353,-2298,0,0
355,-147,70,4324,-2787,-2609,0,0
334,-134,48,4337,-3283,-2445,0,0
130,-53,-15,3938,-3544,-2020,0,0
-167,97,-18,3786,-3251,-1619,0,0
-478,151,16,3659,-2729,-912,0,0
-616,287,-54,3316,-2629,-710,0,0
-391,574,-512,2554,-2515,-693,0,0
-112,841,-882,1867,-2120,-591,0,0
-113,672,-603,1307,-1372,-436,0,0
-186,66,69,1307,-761,246,0,0
-126,-287,380,1237,-395,510,0,0
49,-256,466,1924,-343,-583,0,0
60,-719,944,2111,-323,-821,0,0
-14,-959,1510,1557,-1150,-1098,0,0
-8,-512,1133,2592,-2092,-1991,0,0
53,-409,610,3770,-2409,-1945,0,0
11,64,283,4075,-2245,-1893,0,0
-167,260,197,3639,-2030,-2222,0,0
-142,13,27,3628,-2306,-1954,0,0
173,124,-187,4205,-2402,-1859,0,0
268,41,-76,3606,-2543,-1819,0,0
161,48,38,2660,-2712,-1981,0,0
132,70,-36,2555,-2761,-1934,0,0
170,98,-132,3035,-3055,-1664,0,0
222,121,-124,3404,-3362,-1338,0,0
290,199,24,3472,-3672,-1446,0,0
330,321,96,3250,-3615,-1952,0,0
271,287,57,3042,-3215,-2205,0,0
178,111,-33,2822,-3058,-1900,0,0
171,-7,-125,2513,-2985,-1360,0,0
186,35,-155,2436,-2995,-945,0,0
115,99,-66,2313,-2899,-987,0,0
13,108,53,2105,-2719,-1198,0,0
-60,170,73,2275,-2896,-1266,0,0
-138,150,51,2499,-3068,-1224,0,0
-152,125,55,2915,-3102,-1388,0,0
-100,101,-31,3516,-3259,-1669,0,0
-51,13,-173,3957,-3297,-1796,0,0
-27,-66,-267,4705,-3554,-2081,0,0
10,-166,-504,5324,-3520,-2022,0,0
7,-277,-637,5242,-3021,-1477,0,0
-60,-309,-484,4800,-2498,-1392,0,0
-105,-264,-294,4496,-2145,-1414,0,0
-135,-70,-256,4053,-1945,-1443,0,0
-197,-43,-321,3062,-1766,-1084,0,0
-289,-147,-368,1793,-1053,-990,0,0
-334,-567,-211,1465,-194,-1140,0,0
-171,-1469,293,160,25,216,0,0
403,-1153,657,378,-587,572,0,0
769,-970,890,258,-496,-490,0,0
861,-1057,1097,-669,-493,261,0,0
566,-824,1245,1008,-2364,-1141,0,0
481,-462,648,2528,-4010,-2506,0,0
567,-244,309,3099,-4458,-1856,0,0
414,108,68,2998,-4152,-1478,0,0
188,410,-46,2780,-3834,-2056,0,0
-20,416,-119,3169,-4117,-2836,0,0
-34,496,-170,3425,-3840,-2832,0,0
-129,225,-104,3244,-3412,-2517,0,0
-192,82,-46,2787,-3201,-2112,0,0
-112,125,-52,2581,-3333,-2017,0,0
5,130,-124,2670,-3624,-1981,0,0
-14,77,-56,2497,-3459,-1944,0,0
-126,-8,100,2381,-3063,-2186,0,0
-136,-96,88,2277,-2753,-1995,0,0
-70,-76,31,2239,-2684,-1782,0,0
-24,-55,41,2206,-2838,-1617,0,0
-35,-34,131,2058,-2903,-1564,0,0
-31,11,192,2060,-3027,-1562,0,0
-9,89,130,2285,-3041,-1731,0,0
37,114,116,2410,-3001,-3928,0,0
48,72,148,2354,-3052,-1907,0,0
32,7,129,2352,-2905,-1952,0,0
43,-75,73,2227,-2760,-2043,0,0
160,-90,3,2391,-2967,-2351,0,0
287,-92,-95,2539,-3614,-2634,0,0
304,-102,-170,2694,-4184,-2775,0,0
101,-122,-87,2749,-4799,-2600,0,0
-273,-85,21,2775,-4877,-2458,0,0
-640,261,11,3032,-4325,-2426,0,0
-938,433,-27,3074,-3604,-2123,0,0
-925,518,-376,3062,-3177,-1439,0,0
-604,771,-936,2316,-2870,-1271,0,0
-91,956,-1281,1260,-1884,-655,0,0
278,1031,-1222,1299,-1598,194,0,0
109,553,-683,460,-1150,512,0,0
-34,-47,-5,1139,-960,402,0,0
47,60,84,2092,-621,-28,0,0
-77,-223,707,1351,-373,-428,0,0
-498,-575,1386,794,-664,-1018,0,0
-699,-340,1065,2063,-1904,-1962,0,0
-561,-119,467,3350,-2667,-2270,0,0
-335,228,91,3890,-2370,-2087,0,0
-99,631,-150,3895,-1868,-2326,0,0
53,290,-253,4126,-2351,-3944,0,0
113,205,-193,4507,-3061,-1482,0,0
200,318,-41,4371,-3225,-1925,0,0
220,525,-109,3581,-3276,-2454,0,0
147,563,-230,3632,-3404,-2518,0,0
70,441,-278,4030,-3743,-1900,0,0
-39,421,-331,4493,-3719,-1855,0,0
-94,218,-258,3869,-3109,-1668,0,0
-113,70,23,2755,-2506,-1656,0,0
-150,-76,151,2146,-2013,-1722,0,0
-160,-175,79,2019,-1691,-1468,0,0
-68,-230,-40,2239,-1616,-1040,0,0
106,-136,-100,2298,-1701,-874,0,0
269,-28,-82,2106,-2049,-1097,0,0
324,56,-50,1889,-2647,-1463,0,0
211,81,-14,1797,-3501,-1642,0,0
26,201,12,2203,-3967,-2041,0,0
-78,208,75,3389,-4296,-2482,0,0
-160,-66,137,5012,-4295,-2638,0,0
-236,-385,224,5759,-3736,-2685,0,0
-227,-564,228,5561,-3210,-2736,0,0
-178,-800,5,4904,-2558,-2153,0,0
-157,-896,-110,4178,-2222,-1506,0,0
-104,-602,-249,3791,-2268,-1344,0,0
-48,-189,-403,3794,-2317,-1206,0,0
-5,397,-502,3299,-1601,-1399,0,0
61,581,-487,1784,-759,-1113,0,0
304,750,-700,1366,-59,-670,0,0
446,298,-594,1215,402,239,0,0
653,-149,-116,714,-119,437,0,0
889,114,66,511,-753,-352,0,0
632,-578,564,216,-1324,143,0,0
323,-951,1111,166,-1428,149,0,0
157,-849,1259,1548,-2682,-968,0,0
170,-479,762,3288,-3804,-1656,0,0
114,174,468,3375,-4123,-1543,0,0
-140,787,183,3688,-3931,-1826,0,0
-456,610,100,4284,-3978,-1602,0,0
-453,457,226,4622,-3965,-1528,0,0
66,771,54,4274,-3270,-2484,0,0
634,875,-294,4534,-3077,-2876,0,0
831,499,-587,4291,-3247,-2146,0,0
693,156,-534,3650,-3292,-1436,0,0
556,-22,-344,3064,-3067,-967,0,0
507,-176,-222,2319,-2597,-767,0,0
426,-252,-125,1992,-2291,-959,0,0
363,-253,-156,1949,-2332,-1020,0,0
227,-297,-143,2345,-2499,-921,0,0
51,-366,-32,2672,-2703,-1033,0,0
35,-391,36,2830,-2726,-1331,0,0
128,-380,44,2920,-2936,-1510,0,0
213,-269,54,3150,-3128,-1758,0,0
206,-230,36,3424,-3578,-1831,0,0
98,-224,26,3456,-3655,-1871,0,0
16,-169,63,3589,-3608,-1797,0,0
-124,-81,51,3173,-3615,-1409,0,0
-269,118,-7,3432,-3715,-1307,0,0
-524,278,-30,3634,-3875,-1178,0,0
-857,211,162,3958,-3680,-1208,0,0
-1045,89,162,4778,-3583,-978,0,0
-1066,73,-142,4749,-2864,-682,0,0
-790,328,-595,2563,-1519,-524,0,0
-259,588,-957,1210,-1416,61,0,0
67,708,-909,791,-1143,523,0,0
-18,82,-263,585,-900,847,0,0
-33,60,-20,1784,-793,-26,0,0
-110,-115,390,2334,-376,-480,0,0
-465,-876,1301,1369,-468,-237,0,0
-522,-709,1278,1256,-837,-1132,0,0
-310,-152,595,2903,-2051,-2189,0,0
-306,-81,99,4035,-2614,-2201,0,0
-341,418,-306,3822,-2316,-1792,0,0
-457,485,-209,3167,-2012,-1812,0,0
-420,173,-39,3178,-1958,-1825,0,0
-9,234,-168,3905,-2272,-1465,0,0
400,299,-316,4322,-2444,-1416,0,0
477,328,-272,4789,-3054,-1824,0,0
318,311,-276,4845,-3482,-2101,0,0
75,274,-323,4645,-3472,-2021,0,0
-102,244,-286,4315,-3306,-1926,0,0
-205,199,-298,3794,-2715,-1703,0,0
-261,160,-257,3351,-2139,-1561,0,0
-234,83,-135,2522,-1724,-1173,0,0
-181,55,5,2023,-1570,-908,0,0
-142,84,98,1995,-1600,-952,0,0
-120,69,201,1994,-1879,-1080,0,0
-85,128,259,2221,-2127,-1458,0,0
-57,244,185,2559,-2783,-1557,0,0
-102,413,48,3044,-3209,-1889,0,0
-164,432,-10,3296,-3371,-2013,0,0
-297,223,146,3219,-3144,-2146,0,0
-321,-75,329,3576,-2622,-2259,0,0
-166,-312,230,4312,-2298,-1950,0,0
65,-486,-50,5831,-2168,-1673,0,0
296,-715,-322,6711,-2109,-1145,0,0
349,-693,-289,6181,-2354,-1182,0,0
105,-549,9,4944,-2684,-1405,0,0
-154,-259,55,3531,-2368,-805,0,0
-135,355,-316,2476,-1437,-695,0,0
142,906,-746,1961,-696,-905,0,0
182,560,-664,1857,24,-421,0,0
167,-516,-10,818,160,513,0,0
645,-332,231,128,-260,346,0,0
817,-397,366,268,-855,-249,0,0
713,-3024,792,1112,-1203,60,0,0
497,-1144,1162,1405,-1984,-114,0,0
585,-777,832,2875,-2718,-1928,0,0
758,-758,470,3535,-4379,-2263,0,0
655,-924,565,2564,-3910,-1068,0,0
157,-867,878,3032,-3935,-1855,0,0
-143,-896,926,3663,-3895,-2359,0,0
-277,-701,797,2551,-3436,-2058,0,0
-193,26,298,2610,-3835,-3288,0,0
159,360,-419,2952,-3627,-3397,0,0
227,316,-617,3414,-3818,-3023,0,0
52,54,-454,3198,-3939,-2477,0,0
-235,-86,-160,2266,-3996,-2593,0,0
-522,-136,128,1502,-3341,-2781,0,0
-515,-177,261,1278,-2687,-2133,0,0
-397,-213,160,1669,-2340,-1864,0,0
-220,-238,40,2049,-1981,-3448,0,0
-75,-65,12,2289,-1791,-1155,0,0
-5,90,-100,2208,-1716,-1797,0,0
117,160,-249,2650,-2234,-2829,0,0
209,96,-430,2989,-3520,-3492,0,0
166,64,-435,3640,-4566,-4190,0,0
92,-18,-307,4207,-4940,-3761,0,0
-42,238,-217,3717,-4590,-2832,0,0
-213,480,-249,3031,-3446,-1960,0,0
-405,514,-377,2332,-2507,-967,0,0
-455,748,-634,2292,-2563,-849,0,0
-121,996,-1118,2157,-2527,-628,0,0
113,996,-1083,1507,-2125,336,0,0
-32,730,-308,1180,-969,-175,0,0
-219,259,383,486,-380,277,0,0
-294,165,485,227,-167,184,0,0
-186,449,304,926,-453,-336,0,0
-289,1,630,1872,-799,-730,0,0
-332,-349,925,2693,-1362,-966,0,0
-167,173,617,4182,-2343,-2365,0,0
14,217,106,5584,-2688,-3043,0,0
38,-11,-156,5454,-2058,-2337,0,0
-22,-308,-20,4765,-2208,-2276,0,0
112,-384,-68,3974,-2855,-1446,0,0
272,-146,-133,3467,-2939,-1519,0,0
308,79,-238,3253,-2782,-1858,0,0
328,223,-324,3753,-3107,-1796,0,0
267,277,-360,4371,-3512,-1550,0,0
78,200,-263,4027,-3188,-1364,0,0
9,121,-50,2952,-2511,-1245,0,0
68,153,-29,2515,-2073,-1309,0,0
77,190,-82,2849,-2022,-1194,0,0
-42,93,49,2680,-2107,-1104,0,0
-118,10,223,2173,-2058,-1153,0,0
-98,14,272,1951,-2242,-1098,0,0
-47,52,230,1931,-2454,-1225,0,0
-1,117,153,2367,-2848,-1599,0,0
-16,107,147,2871,-3351,-2066,0,0
-4,61,165,3439,-3754,-2176,0,0
-19,-79,135,4298,-3848,-2257,0,0
-64,-293,84,5072,-3590,-2388,0,0
-84,-358,-75,5359,-3367,-2164,0,0
-129,-298,-317,5318,-3164,-1825,0,0
-127,-298,-422,4967,-2726,-1442,0,0
-113,-90,-396,4425,-2226,-1288,0,0
-172,187,-351,3770,-1947,-982,0,0
-194,429,-394,2393,-1339,-671,0,0
140,810,-593,1340,-245,-692,0,0
268,210,-334,928,344,-399,0,0
306,-551,64,72,403,485,0,0
621,4,-22,211,-569,258,0,0
539,-352,210,599,-881,167,0,0
291,-709,771,672,-1286,149,0,0
4,-638,1002,1414,-2498,-1236,0,0
3,-327,618,3025,-4046,-1821,0,0
110,-4,381,3802,-4474,-1782,0,0
36,198,208,3912,-3527,-1229,0,0
-316,190,290,3804,-2828,-1615,0,0
-419,18,345,3827,-2737,-1668,0,0
-229,234,237,3055,-2760,-1683,0,0
44,558,21,3318,-3284,-2469,0,0
253,415,-297,4021,-3396,-2421,0,0
243,280,-224,4136,-3353,-2049,0,0
112,-67,200,3885,-3498,-1900,0,0
49,-320,500,2797,-3214,-1493,0,0
42,-285,619,2365,-2967,-1688,0,0
125,-198,433,2546,-2798,-1646,0,0
159,-26,272,3058,-2937,-1515,0,0
169,84,259,3218,-3131,-1225,0,0
174,66,327,2968,-3186,-1237,0,0
249,47,374,2540,-3219,-1720,0,0
426,-54,273,2519,-3344,-2096,0,0
558,-111,-4,2816,-3639,-2235,0,0
420,-146,-221,3507,-4477,-2215,0,0
-51,-105,-392,4014,-5388,-1933,0,0
-544,106,-485,4076,-5235,-1950,0,0
-823,173,-430,3481,-4478,-1715,0,0
-915,-40,-417,2483,-2968,-1399,0,0
-709,15,-773,1986,-1986,-406,0,0
-310,457,-1276,1985,-1929,-32,0,0
46,566,-1257,1472,-1731,390,0,0
224,294,-616,665,-1016,656,0,0
131,194,-32,373,-830,340,0,0
-81,65,57,765,-441,-33,0,0
-325,-42,167,1179,-594,-311,0,0
-689,-573,736,508,-195,-26,0,0
-803,-485,1235,334,-734,-510,0,0
-522,62,849,2792,-2156,-2084,0,0
-114,-66,115,4711,-1826,-1594,0,0
270,456,-284,6046,-1546,-1790,0,0
364,678,-147,4829,-2516,-2047,0,0
167,461,-46,3797,-4259,-1763,0,0
167,578,-269,3661,-3554,-1688,0,0
431,862,-517,4953,-3620,-1468,0,0
541,939,-565,6000,-3803,-1617,0,0
452,408,-206,5025,-3160,-1586,0,0
471,181,-74,3334,-2981,-1202,0,0
684,226,-197,2434,-2859,-1024,0,0
819,163,-318,2394,-2982,-545,0,0
755,-8,-228,2708,-2770,-617,0,0
751,-105,-186,3039,-2235,-485,0,0
662,-85,-309,3598,-2207,-362,0,0
529,-86,-463,4728,-1904,-92,0,0
504,-57,-654,5353,-1324,244,0,0
672,-64,-476,4890,-1003,-222,0,0
719,-62,-194,3524,-1751,-1216,0,0
457,-183,-84,2982,-2377,-1057,0,0
57,-431,221,3185,-2961,-47,0,0
-335,-277,575,3797,-3718,247,0,0
-926,308,657,5021,-3960,169,0,0
-1812,654,785,5187,-2860,-234,0,0
-2372,531,831,4942,-1636,-574,0,0
-1921,160,462,4661,-613,626,0,0
-588,128,85,2785,-752,862,0,0
577,328,52,409,-1236,-715,0,0
935,-276,197,-646,-639,-383,0,0
967,-706,127,-702,1069,-339,0,0
1191,-132,-188,995,489,-867,0,0
1262,-561,-333,1386,-229,269,0,0
1314,-987,-191,1421,-1115,655,0,0
1481,-876,-326,3440,-2669,298,0,0
1305,-673,-437,5292,-4793,640,0,0
763,-415,-173,5414,-4944,752,0,0
142,-225,214,4892,-4372,383,0,0
-514,-324,446,4809,-4097,-500,0,0
-887,-3,231,5712,-4376,-892,0,0
-1020,335,175,6350,-4496,-1689,0,0
-1147,82,433,6278,-4479,-1871,0,0
-1355,-241,780,5910,-4402,-1309,0,0
-1372,-801,982,4691,-3380,-421,0,0
-1177,-1003,738,3321,-1660,317,0,0
-718,-520,-24,2061,-560,155,0,0
-139,267,-937,760,-503,614,0,0
57,422,-1210,-167,-314,532,0,0
64,477,-963,571,-1223,-242,0,0
102,142,-646,2448,-1547,-815,0,0
181,-758,3,3298,-1120,-1609,0,0
446,-719,739,3727,-2063,-2434,0,0
635,-557,838,3112,-2545,-2767,0,0
538,-517,672,3264,-3292,-2876,0,0
335,48,-216,4042,-3564,-3353,0,0
-23,103,-717,3887,-2423,-2794,0,0
-297,-616,-2312,2770,-1701,-1963,0,0
-154,-774,263,1876,-1866,-1191,0,0
49,-610,493,1543,-2289,-3400,0,0
222,-486,636,2414,-3351,-1653,0,0
-15,-450,930,3353,-4463,-1542,0,0
-633,-1031,1377,2759,-3265,-3296,0,0
-761,-1452,1345,1358,-1369,-2889,0,0
-1027,-845,167,97,56,-1817,0,0
-1038,985,-1569,-527,528,-1204,0,0
-637,2083,-2980,921,670,-863,0,0
-421,486,-3965,1882,244,-1028,0,0
-314,332,-4721,2973,448,-1102,0,0
-190,1028,-5233,3792,1340,-1328,0,0
-128,1494,-5499,3943,2196,-957,0,0
-157,1568,-5269,5158,3096,-3264,0,0
-604,1024,-4820,3749,3632,-416,0,0
-1010,1937,-4505,3582,4380,-572,0,0
-914,2138,-4263,3971,5056,-1240,0,0
-503,1115,-3837,3722,5092,-1249,0,0
-256,267,-2868,2690,4421,-671,0,0
-236,-51,-1599,1905,3862,-655,0,0
-206,-251,-528,1746,3516,-715,0,0
-154,-218,99,1829,3095,-789,0,0
44,324,406,1867,2677,-981,0,0
290,648,676,1790,2388,-841,0,0
415,627,934,1752,3071,-755,0,0
579,622,1076,1961,4437,-721,0,0
676,775,1158,1941,4633,-713,0,0
545,905,1385,1829,4067,-999,0,0
276,494,1706,1788,3938,-1311,0,0
55,-269,1916,1723,3915,-1162,0,0
-71,-879,1885,1635,3713,-979,0,0
-70,-1205,1605,1493,3452,-854,0,0
-5,-1135,1137,1379,3096,-763,0,0
42,-815,594,1246,2902,-683,0,0
48,-447,32,1259,2849,-687,0,0
13,-140,-487,1332,2870,-711,0,0
-57,118,-929,1485,3082,-785,0,0
-140,227,-1285,1615,3325,-861,0,0
-243,215,-1512,1740,3573,-885,0,0
-366,92,-1551,1790,3721,-1023,0,0
-448,-131,-1399,1760,3802,-1121,0,0
-443,-278,-1131,1632,3798,-1091,0,0
-354,-115,-822,1500,3691,-1013,0,0
-231,193,-534,1560,3612,-961,0,0
-163,306,-305,1649,3512,-972,0,0
-116,333,-152,1651,3389,-1057,0,0
-63,278,-40,1671,3367,-1086,0,0
-32,110,64,1689,3365,-1082,0,0
-5,-88,182,1564,3391,-1008,0,0
22,-127,298,1536,3426,-1011,0,0
48,-159,377,1537,3505,-1034,0,0
71,-220,443,1517,3541,-1016,0,0
59,-334,498,1485,3549,-1044,0,0
61,-415,526,1473,3758,-1011,0,0
94,-391,549,1602,3954,-934,0,0
86,-516,588,1502,3794,-949,0,0
134,-606,669,1286,3480,-877,0,0
233,-473,740,1185,3203,-753,0,0
321,-285,728,1157,2949,-720,0,0
386,-84,637,1155,3035,-601,0,0
351,200,360,1387,3584,-571,0,0
217,395,-118,1676,3834,-756,0,0
84,488,-461,1570,3401,-866,0,0
-64,541,-525,1301,2942,-935,0,0
-277,375,-489,1469,2884,-1058,0,0
-476,-35,-558,1707,3260,-1169,0,0
-537,-353,-734,1731,3669,-1177,0,0
-492,-448,-862,1605,3800,-1081,0,0
-423,-226,-823,1442,3662,-1126,0,0
-362,-40,-605,1498,3530,-1201,0,0
-324,-149,-331,1667,3580,-1174,0,0
-262,-298,-98,1612,3654,-1112,0,0
-169,-286,50,1569,3603,-1108,0,0
-56,-231,146,1516,3428,-1091,0,0
69,-180,234,1447,3365,-1019,0,0
204,-75,318,1388,3465,-959,0,0
307,50,417,1423,3557,-870,0,0
318,61,495,1453,3582,-890,0,0
293,4,551,1415,3524,-947,0,0
300,12,599,1347,3454,-876,0,0
282,32,602,1319,3325,-833,0,0
255,54,540,1292,3308,-776,0,0
190,112,384,1346,3281,-774,0,0
75,106,151,1434,3258,-864,0,0
-43,54,-62,1460,3313,-939,0,0
-157,-38,-210,1441,3354,-1018,0,0
-228,-130,-292,1445,3358,-1008,0,0
-264,-210,-349,1449,3434,-1028,0,0
-249,-234,-405,1431,3522,-1029,0,0
-187,-139,-442,1437,3529,-1037,0,0
-110,-42,-413,1436,3424,-1056,0,0
-37,16,-302,1407,3309,-946,0,0
-5,52,-163,1399,3237,-932,0,0
32,84,-32,1380,3200,-867,0,0
42,103,29,1504,3453,-829,0,0
17,76,-28,1581,3736,-891,0,0
5,127,-99,1553,3786,-942,0,0
-1,185,-70,1505,3547,-922,0,0
-52,104,68,1465,3390,-888,0,0
-111,-14,186,1442,3466,-932,0,0
-118,-48,207,1415,3483,-973,0,0
-85,-18,179,1392,3488,-943,0,0
-55,17,149,1388,3470,-923,0,0
-36,33,133,1378,3460,-907,0,0
-37,39,125,1395,3491,-931,0,0
-45,2,115,1397,3480,-907,0,0
-65,-62,96,1395,3521,-872,0,0
-78,-98,61,1360,3515,-865,0,0
-86,-79,30,1374,3486,-835,0,0
-113,-86,-7,1430,3512,-859,0,0
-163,-175,-44,1508,3553,-880,0,0
-263,-414,-44,1519,3620,-969,0,0
-446,-820,81,1592,3652,-813,0,0
-766,-1541,259,1345,3875,-871,0,0
-931,-1811,366,857,3828,-514,0,0
-993,-1356,330,714,3856,-881,0,0
-764,-955,285,1617,3712,-944,0,0
-679,-1322,266,1798,3591,-630,0,0
-741,-1313,372,1704,3484,-52,0,0
-853,-974,469,1785,3377,-224,0,0
-791,-702,437,1760,3410,-671,0,0
-678,-606,453,1847,3479,-642,0,0
-614,-713,511,1662,3494,-504,0,0
-477,-312,428,1393,3258,-490,0,0
-338,-64,331,1915,3194,-680,0,0
-263,-344,278,1964,3089,-728,0,0
-176,-446,290,1983,2793,-673,0,0
-107,-439,324,1807,2422,-533,0,0
-176,-460,202,1613,2087,-265,0,0
-425,-227,7,1995,2643,-652,0,0
-595,-351,-71,2128,3758,-419,0,0
-753,-967,-107,1880,4565,-92,0,0
-691,-993,-62,2188,4221,-46,0,0
-452,-555,74,1986,3301,102,0,0
-239,-181,82,1855,2940,291,0,0
-143,-8,36,1865,3151,161,0,0
-47,158,21,1956,3424,-152,0,0
85,176,12,1980,3497,-284,0,0
162,122,5,1967,3419,-224,0,0
151,63,-11,1919,3292,-250,0,0
106,54,-18,1936,3248,-202,0,0
17,86,-6,1916,3293,-270,0,0
-61,52,-2,1997,3351,-343,0,0
-101,-27,-8,1942,3347,-274,0,0
-122,-66,-7,1922,3324,-185,0,0
-133,-99,-20,1930,3305,-206,0,0
-104,-101,-22,1916,3319,-108,0,0
-90,-81,-17,1951,3360,-75,0,0
-58,-51,-18,1943,3371,-133,0,0
-17,-7,-22,1890,3337,-140,0,0
-16,-22,-28,1901,3326,-163,0,0
-25,-50,-23,1869,3342,-141,0,0
-40,-64,-23,1918,3364,-119,0,0
-52,-65,-26,1925,3386,-143,0,0
-51,-71,-21,1865,3384,-135,0,0
-39,-75,-30,1884,3343,-93,0,0
-42,-67,-38,1895,3342,-84,0,0
-55,-52,-53,1911,3418,-164,0,0
-51,-69,-62,1849,3435,-161,0,0
-49,-87,-63,1813,3397,-106,0,0
-55,-100,-66,1792,3354,-85,0,0
-42,-57,-52,1766,3344,-38,0,0
-45,-17,-45,1787,3364,-84,0,0
-51,-20,-35,1780,3386,-146,0,0
-44,-11,-15,1770,3395,-97,0,0
-61,16,12,1780,3372,-111,0,0
-88,-12,37,1751,3346,-166,0,0
-75,-75,40,1741,3336,-86,0,0
-41,-76,48,1806,3374,31,0,0
-3,-31,82,1753,3378,31,0,0
60,32,126,1767,3298,37,0,0
112,107,162,1828,3346,-29,0,0
133,151,145,2012,3438,-137,0,0
125,87,93,2010,3474,-186,0,0
129,58,66,1909,3362,-123,0,0
127,48,55,1900,3275,-109,0,0
119,50,49,1925,3263,-129,0,0
94,58,45,1955,3339,-118,0,0
67,72,32,1999,3398,-190,0,0
67,68,27,1993,3387,-245,0,0
68,43,21,1918,3302,-222,0,0
57,16,20,1905,3269,-204,0,0
46,-2,15,1956,3297,-186,0,0
25,-4,10,1964,3318,-146,0,0
2,20,17,1969,3194,-205,0,0
-16,21,24,1938,3298,-254,0,0
-40,-14,24,1945,3287,-282,0,0
-48,-60,22,1955,3330,-251,0,0
-49,-75,27,1953,3320,-171,0,0
-61,-69,25,1981,3297,-180,0,0
-58,-64,23,1955,3326,-170,0,0
-49,-53,20,1947,3312,-159,0,0
-43,-49,11,1972,3288,-171,0,0
-30,-64,15,1956,3313,-134,0,0
-15,-51,11,1985,3303,-121,0,0
-3,-11,5,1993,3298,-54,0,0
5,69,10,1928,3331,-69,0,0
38,146,7,1962,3356,-141,0,0
73,168,14,1951,3261,-146,0,0
100,224,6,2053,3175,-344,0,0
121,135,-9,1944,3224,-375,0,0
75,16,-4,1989,3381,-202,0,0
-27,-19,21,2088,3378,-265,0,0
-41,-37,30,1937,3299,-315,0,0
-22,-112,14,1998,3251,-265,0,0
-27,-198,5,1982,3271,-106,0,0
-35,-145,-13,1943,3314,-88,0,0
-38,-69,-29,1973,3318,-150,0,0
-51,-37,-20,1990,3335,-161,0,0
-82,-41,-8,1955,3290,-136,0,0
-114,-24,0,1926,3261,-105,0,0
-122,-5,7,1946,3289,-181,0,0
-81,-1,1,1951,3327,-183,0,0
-43,6,-2,1949,3285,-123,0,0
-39,20,-3,1941,3280,-103,0,0
-15,67,12,1926,3282,-112,0,0
-6,105,1,2046,3303,-272,0,0
-29,40,-51,2054,3425,-473,0,0
-23,-115,-75,1956,3457,-323,0,0
-28,-215,-80,1927,3328,-72,0,0
-35,-201,-81,1914,3141,76,0,0
-17,-113,-72,1826,3268,112,0,0
41,2,-50,1877,3304,112,0,0
87,126,-29,1937,3381,-54,0,0
126,188,-11,1901,3403,-193,0,0
135,181,-5,1882,3328,-201,0,0
90,167,-21,1909,3347,-298,0,0
55,107,-33,1877,3392,-310,0,0
35,34,-31,1860,3372,-222,0,0
12,27,-24,1836,3309,-181,0,0
-10,53,-22,1875,3316,-215,0,0
-45,48,-28,1926,3434,-372,0,0
-62,-32,-35,1876,3411,-356,0,0
-80,-112,-31,1826,3308,-195,0,0
-101,-136,-22,1828,3311,-134,0,0
-99,-113,-22,1881,3368,-127,0,0
-84,-82,-34,1893,3399,-177,0,0
-57,-79,-51,1899,3411,-195,0,0
-31,-131,-56,1922,3381,-149,0,0
-24,-183,-39,1895,3338,-82,0,0
5,-118,-26,1892,3327,-98,0,0
34,-14,-18,1809,3351,-123,0,0
43,-9,-9,1776,3326,-238,0,0
47,-59,-17,1801,3386,-319,0,0
18,-120,-51,1723,3532,-273,0,0
-25,-208,-105,1800,3470,-252,0,0
-12,-218,-120,1778,3411,-261,0,0
23,-152,-133,1648,3448,-85,0,0
-13,-82,-131,1670,3425,-92,0,0
-24,56,-103,1660,3513,-181,0,0
51,244,-85,1651,3527,-285,0,0
108,282,-95,1683,3489,-418,0,0
243,439,-105,1815,3436,-384,0,0
457,720,-146,1590,3296,-314,0,0
755,1055,-205,1579,3221,-211,0,0
948,1521,-314,1308,3064,-24,0,0
917,1815,-376,1422,3076,293,0,0
671,1874,-492,1232,3614,-350,0,0
660,1681,-650,1109,3539,41,0,0
545,2094,-752,1163,3753,-172,0,0
663,2220,-686,1439,3785,-693,0,0
916,2094,-666,1493,3606,-257,0,0
816,2176,-547,1388,3714,-802,0,0
944,2023,-326,1207,3630,-704,0,0
1042,2293,-213,1335,3570,-446,0,0
857,2411,-100,1486,3641,-432,0,0
531,2058,88,1647,3608,-687,0,0
276,1246,330,1720,3594,-793,0,0
92,277,580,1837,3639,-751,0,0
-61,-819,663,1429,3887,-663,0,0
-52,-1127,568,845,3908,-542,0,0
83,-525,553,1230,3671,-526,0,0
170,-89,549,1381,3572,-458,0,0
174,32,497,1388,3527,-435,0,0
121,10,405,1466,3437,-508,0,0
59,-75,272,1457,3454,-571,0,0
4,-147,137,1447,3454,-591,0,0
-59,-188,-2,1482,3469,-609,0,0
-119,-284,-124,1480,3457,-632,0,0
-147,-381,-192,1452,3498,-699,0,0
-126,-372,-239,1416,3549,-695,0,0
-95,-229,-281,1395,3559,-685,0,0
-68,-11,-309,1437,3550,-697,0,0
-65,74,-323,1519,3505,-734,0,0
-77,25,-323,1528,3504,-701,0,0
-94,-4,-324,1552,3559,-715,0,0
-96,-29,-300,1531,3486,-708,0,0
-97,-47,-229,1512,3448,-664,0,0
-117,-86,-149,1559,3492,-692,0,0
-117,-146,-87,1543,3538,-678,0,0
-96,-144,-27,1517,3539,-640,0,0
-87,-138,44,1508,3427,-675,0,0
-79,-186,114,1494,3408,-681,0,0
-42,-216,174,1451,3471,-637,0,0
21,-173,212,1470,3599,-599,0,0
89,-100,229,1437,3571,-574,0,0
126,-28,263,1439,3504,-536,0,0
119,-4,281,1474,3529,-536,0,0
80,-31,259,1499,3536,-510,0,0
19,-74,193,1517,3560,-530,0,0
-30,-109,102,1524,3562,-567,0,0
-51,-114,27,1515,3573,-563,0,0
-60,-101,-11,1511,3575,-562,0,0
-65,-79,-22,1539,3601,-597,0,0
-74,-62,-26,1533,3564,-643,0,0
-89,-56,-10,1552,3526,-668,0,0
-107,-112,-1,1550,3461,-697,0,0
-108,-160,1,1503,3390,-688,0,0
-89,-136,7,1513,3385,-681,0,0
-65,-101,0,1545,3452,-680,0,0
-50,-77,-22,1571,3483,-685,0,0
-42,-61,-44,1584,3458,-688,0,0
-45,-68,-49,1594,3455,-693,0,0
-45,-83,-40,1596,3512,-703,0,0
-31,-75,-16,1577,3519,-697,0,0
-10,-57,34,1561,3482,-691,0,0
13,-40,93,1536,3535,-656,0,0
32,-4,131,1529,3568,-654,0,0
57,28,149,1505,3525,-655,0,0
81,36,163,1493,3508,-616,0,0
96,37,153,1465,3479,-616,0,0
110,66,139,1437,3417,-606,0,0
103,88,127,1452,3365,-570,0,0
59,65,85,1464,3357,-555,0,0
-7,43,-12,1518,3417,-594,0,0
-69,5,-140,1536,3440,-635,0,0
-108,-27,-221,1513,3450,-620,0,0
-124,-29,-241,1522,3486,-651,0,0
-116,-18,-223,1516,3496,-689,0,0
-94,10,-181,1529,3522,-668,0,0
-84,25,-142,1562,3533,-689,0,0
-68,24,-118,1536,3488,-698,0,0
-31,38,-84,1521,3530,-637,0,0
4,67,-57,1522,3578,-631,0,0
34,109,-26,1504,3527,-633,0,0
39,115,16,1503,3495,-606,0,0
27,90,50,1484,3532,-595,0,0
22,86,61,1456,3498,-608,0,0
24,94,63,1432,3457,-588,0,0
25,107,55,1447,3515,-590,0,0
23,105,29,1440,3523,-594,0,0
17,108,10,1425,3513,-601,0,0
10,97,12,1426,3540,-613,0,0
16,86,14,1394,3575,-599,0,0
31,120,24,1400,3580,-602,0,0
34,119,18,1435,3607,-609,0,0
26,83,-25,1431,3595,-609,0,0
22,68,-69,1418,3540,-595,0,0
11,48,-84,1424,3508,-586,0,0
-5,20,-96,1442,3515,-596,0,0
-12,4,-122,1455,3516,-599,0,0
5,17,-142,1424,3473,-592,0,0
49,69,-118,1426,3439,-582,0,0
103,134,-61,1420,3446,-545,0,0
138,214,3,1456,3578,-459,0,0
98,253,5,1581,3788,-445,0,0
-28,148,-81,1618,3679,-581,0,0
-159,-85,-110,1487,3412,-711,0,0
-185,-262,12,1336,3460,-622,0,0
-101,-216,164,1296,3697,-531,0,0
26,-1,217,1303,3732,-564,0,0
88,149,192,1411,3559,-652,0,0
49,68,127,1450,3432,-670,0,0
-24,-107,55,1393,3476,-623,0,0
-42,-155,-12,1368,3533,-600,0,0
-21,-104,-45,1367,3528,-642,0,0
-9,-64,-56,1421,3570,-708,0,0
-7,-76,-53,1438,3590,-709,0,0
-7,-119,-31,1443,3584,-720,0,0
3,-161,-4,1413,3550,-704,0,0
19,-156,15,1426,3542,-734,0,0
44,-149,13,1436,3528,-736,0,0
81,-142,8,1401,3500,-704,0,0
107,-101,16,1436,3506,-686,0,0
112,-86,27,1454,3541,-698,0,0
109,-78,48,1445,3552,-697,0,0
109,-65,92,1416,3512,-678,0,0
103,-58,134,1405,3516,-693,0,0
91,-48,139,1397,3520,-710,0,0
66,-35,119,1404,3500,-710,0,0
42,-45,81,1387,3472,-730,0,0
27,-32,55,1371,3478,-727,0,0
11,-11,38,1403,3516,-726,0,0
-13,-4,2,1416,3528,-777,0,0
-28,-4,-23,1389,3467,-780,0,0
-35,-8,-22,1391,3434,-754,0,0
-52,-13,-32,1387,3448,-782,0,0
-50,-5,-43,1378,3414,-795,0,0
-52,-20,-33,1383,3357,-771,0,0
-58,-52,-38,1393,3445,-751,0,0
-65,-51,-78,1443,3537,-762,0,0
-70,-60,-117,1474,3610,-809,0,0
-50,-73,-113,1463,3595,-788,0,0
-37,-92,-65,1440,3576,-780,0,0
-24,-102,-34,1429,3526,-845,0,0
13,-103,-32,1394,3493,-817,0,0
71,-58,-30,1372,3518,-771,0,0
138,38,-9,1336,3494,-756,0,0
186,142,41,1332,3494,-712,0,0
190,204,75,1367,3551,-737,0,0
174,220,74,1345,3567,-750,0,0
158,250,84,1313,3550,-751,0,0
142,275,111,1285,3516,-801,0,0
151,318,121,1276,3487,-794,0,0
145,338,82,1321,3424,-792,0,0
115,323,-24,1334,3377,-812,0,0
86,341,-168,1359,3341,-804,0,0
48,343,-295,1403,3403,-814,0,0
12,333,-378,1440,3527,-849,0,0
-11,299,-396,1453,3591,-893,0,0
-8,282,-341,1445,3555,-891,0,0
1,254,-235,1490,3559,-892,0,0
30,209,-146,1414,3507,-859,0,0
68,262,-61,1438,3530,-806,0,0
65,256,-8,1503,3547,-804,0,0
22,163,-16,1473,3546,-824,0,0
-18,102,-21,1461,3457,-819,0,0
-58,5,-22,1449,3457,-840,0,0
-60,-40,-18,1393,3542,-802,0,0
-45,-21,7,1424,3559,-819,0,0
-38,-42,37,1378,3521,-802,0,0
-39,-61,90,1363,3476,-780,0,0
-40,-84,136,1370,3515,-755,0,0
-33,-84,136,1334,3543,-762,0,0
-22,-54,136,1345,3512,-735,0,0
-26,-75,122,1341,3504,-767,0,0
-17,-86,102,1307,3511,-753,0,0
7,-53,97,1325,3567,-749,0,0
35,-8,105,1323,3594,-699,0,0
23,-2,118,1374,3605,-737,0,0
-11,-51,93,1351,3575,-770,0,0
-24,-60,62,1341,3618,-740,0,0
-29,-59,28,1373,3613,-779,0,0
-18,-66,-26,1303,3461,-802,0,0
10,-10,-47,1352,3457,-764,0,0
5,-20,-71,1438,3522,-778,0,0
-30,-90,-113,1416,3526,-808,0,0
-69,-132,-115,1439,3486,-823,0,0
-80,-198,-93,1373,3439,-804,0,0
-43,-156,-57,1375,3522,-765,0,0
11,-50,-43,1438,3588,-794,0,0
21,-31,-27,1488,3570,-792,0,0
-17,-105,11,1466,3513,-811,0,0
-55,-172,67,1430,3539,-793,0,0
-70,-187,104,1384,3499,-806,0,0
-63,-156,127,1364,3470,-811,0,0
-48,-115,133,1364,3489,-834,0,0
-29,-87,136,1364,3506,-810,0,0
-20,-72,136,1396,3571,-841,0,0
-21,-89,118,1382,3531,-835,0,0
-43,-122,101,1417,3486,-836,0,0
-82,-223,64,1424,3459,-839,0,0
-118,-312,12,1435,3516,-863,0,0
-116,-324,-30,1406,3553,-846,0,0
-80,-254,-25,1383,3526,-807,0,0
-47,-170,12,1423,3469,-804,0,0
-45,-143,30,1437,3544,-801,0,0
-54,-131,24,1545,3825,-846,0,0
-46,-195,-14,1394,3654,-881,0,0
11,-100,49,1212,3246,-654,0,0
3,-35,132,1423,3175,-658,0,0
-113,-259,23,1469,3153,-692,0,0
-219,-366,-143,1386,3258,-715,0,0
-253,-341,-157,1482,3516,-692,0,0
-263,-453,-60,1470,3687,-669,0,0
-227,-456,99,1350,3802,-746,0,0
-141,-279,274,1387,3775,-780,0,0
-77,-219,405,1331,3555,-656,0,0
-44,-184,474,1281,3498,-665,0,0
-1,-88,449,1272,3481,-680,0,0
26,29,360,1291,3472,-597,0,0
10,87,229,1323,3418,-603,0,0
-25,104,95,1326,3390,-600,0,0
-89,85,-11,1417,3402,-609,0,0
-180,-31,-105,1448,3446,-607,0,0
-268,-149,-176,1456,3494,-608,0,0
-339,-223,-199,1485,3538,-608,0,0
-358,-291,-191,1418,3651,-701,0,0
-315,-213,-147,1388,3655,-708,0,0
-302,-108,-89,1430,3649,-621,0,0
-222,72,-15,1465,3738,-980,0,0
24,384,41,1472,3586,-1176,0,0
150,314,58,1508,3344,-857,0,0
95,85,26,1473,3348,-579,0,0
32,-65,-35,1451,3527,-495,0,0
22,-58,-102,1427,3646,-520,0,0
48,49,-133,1438,3618,-546,0,0
65,97,-110,1463,3529,-545,0,0
60,68,-62,1459,3546,-506,0,0
45,49,-17,1470,3536,-520,0,0
29,-10,4,1473,3523,-530,0,0
27,-12,7,1430,3537,-489,0,0
33,53,21,1461,3560,-486,0,0
15,64,45,1475,3535,-499,0,0
-33,22,65,1474,3550,-544,0,0
-77,-31,71,1449,3547,-572,0,0
-91,-46,64,1418,3575,-579,0,0
-75,-20,52,1432,3615,-593,0,0
-55,3,37,1429,3623,-604,0,0
-45,10,40,1389,3505,-618,0,0
-35,-15,68,1350,3427,-613,0,0
1,-17,70,1324,3496,-579,0,0
53,67,30,1398,3597,-544,0,0
73,121,-16,1445,3630,-505,0,0
45,99,-39,1448,3563,-537,0,0
-12,10,-40,1465,3521,-555,0,0
-45,-78,-44,1421,3538,-536,0,0
-28,-55,-51,1411,3542,-532,0,0
2,10,-60,1441,3528,-545,0,0
5,29,-76,1481,3527,-558,0,0
-18,-6,-84,1496,3516,-560,0,0
-41,-47,-73,1485,3525,-573,0,0
-38,-63,-47,1477,3532,-582,0,0
-16,-50,-19,1476,3544,-575,0,0
9,-27,7,1469,3547,-564,0,0
21,-3,41,1452,3512,-563,0,0
15,-9,74,1459,3532,-555,0,0
12,-36,85,1430,3539,-553,0,0
20,-20,87,1418,3552,-537,0,0
26,0,89,1437,3567,-541,0,0
16,-12,86,1419,3570,-553,0,0
9,-12,78,1405,3546,-555,0,0
7,-10,62,1405,3545,-553,0,0
7,-9,33,1426,3563,-565,0,0
3,-13,3,1438,3554,-577,0,0
-2,-20,-14,1442,3507,-567,0,0
-6,-30,-15,1456,3499,-551,0,0
-11,-24,-23,1464,3543,-527,0,0
-30,9,-34,1495,3539,-537,0,0
-66,-22,-35,1526,3507,-563,0,0
-97,-109,-20,1490,3493,-572,0,0
-97,-121,11,1454,3566,-578,0,0
-62,-47,47,1465,3609,-570,0,0
-49,-30,70,1494,3556,-612,0,0
-51,-79,68,1446,3521,-607,0,0
-42,-87,57,1424,3527,-610,0,0
-18,-75,38,1426,3531,-630,0,0
9,-48,26,1449,3559,-602,0,0
21,-44,24,1475,3531,-601,0,0
25,-68,28,1456,3507,-592,0,0
32,-62,23,1455,3500,-586,0,0
28,-52,11,1477,3499,-611,0,0
16,-76,3,1506,3514,-610,0,0
10,-107,-4,1477,3534,-601,0,0
14,-77,1,1484,3543,-601,0,0
12,-63,11,1508,3531,-608,0,0
5,-76,15,1485,3519,-614,0,0
6,-64,20,1497,3526,-632,0,0
4,-63,15,1489,3483,-648,0,0
4,-72,15,1484,3467,-648,0,0
8,-80,14,1493,3515,-669,0,0
29,-59,16,1474,3526,-664,0,0
50,-26,36,1465,3475,-664,0,0
50,-27,55,1451,3504,-644,0,0
37,-23,50,1453,3517,-687,0,0
34,-32,34,1419,3475,-659,0,0
46,-26,18,1406,3461,-643,0,0
54,4,-4,1422,3506,-647,0,0
45,28,-23,1454,3506,-627,0,0
20,14,-24,1438,3480,-637,0,0
9,23,-19,1433,3487,-638,0,0
8,49,-33,1447,3482,-650,0,0
2,69,-44,1451,3455,-668,0,0
-14,68,-42,1470,3467,-663,0,0
-31,56,-45,1469,3482,-681,0,0
-32,58,-39,1460,3462,-661,0,0
-37,66,-29,1495,3534,-663,0,0
-48,53,-31,1468,3494,-704,0,0
-50,39,-13,1469,3479,-659,0,0
-39,19,-3,1458,3539,-651,0,0
-26,41,-11,1446,3530,-659,0,0
-27,45,-8,1458,3497,-626,0,0
-43,8,-6,1436,3488,-615,0,0
-48,6,-8,1407,3478,-606,0,0
-49,31,-15,1431,3523,-599,0,0
-52,34,-23,1448,3567,-605,0,0
-52,40,-17,1430,3523,-595,0,0
-57,40,7,1431,3477,-595,0,0
-60,25,9,1436,3521,-589,0,0
-55,33,-10,1443,3561,-578,0,0
-46,57,-16,1449,3534,-592,0,0
-23,59,29,1446,3552,-594,0,0
17,69,66,1412,3570,-621,0,0
55,105,74,1433,3592,-616,0,0
55,83,53,1455,3574,-625,0,0
37,35,33,1473,3544,-643,0,0
20,-13,20,1516,3526,-663,0,0
5,-52,8,1513,3528,-631,0,0
11,-46,-2,1520,3562,-584,0,0
17,-34,-17,1507,3560,-546,0,0
2,-28,-18,1540,3611,-520,0,0
-44,-74,-12,1553,3647,-565,0,0
-84,-122,6,1481,3539,-596,0,0
-76,-139,58,1370,3399,-644,0,0
-17,-127,97,1278,3394,-632,0,0
62,-29,87,1302,3459,-578,0,0
118,83,55,1388,3491,-500,0,0
109,110,22,1452,3536,-454,0,0
42,76,-33,1528,3685,-459,0,0
-41,37,-101,1591,3731,-580,0,0
-77,32,-97,1580,3498,-749,0,0
-93,-73,-16,1522,3297,-778,0,0
-89,-215,30,1457,3417,-734,0,0
-18,-188,23,1489,3620,-632,0,0
51,-71,17,1473,3575,-522,0,0
50,-19,40,1459,3479,-498,0,0
10,-50,49,1452,3506,-555,0,0
-14,-68,26,1499,3541,-579,0,0
-20,-39,9,1518,3535,-667,0,0
-10,-38,20,1490,3509,-729,0,0
-6,-61,31,1470,3545,-716,0,0
4,-65,32,1471,3558,-691,0,0
23,-71,33,1455,3501,-672,0,0
26,-60,36,1438,3470,-641,0,0
23,-59,25,1453,3509,-666,0,0
21,-51,3,1509,3531,-665,0,0
2,-49,-4,1589,3533,-679,0,0
-33,-110,-14,1646,3506,-701,0,0
-79,-170,-18,1740,3466,-741,0,0
-132,-267,-3,1839,3408,-812,0,0
-167,-420,50,1743,3311,-743,0,0
-184,-484,128,1666,3390,-651,0,0
-184,-463,190,1654,3507,-636,0,0
-188,-503,225,1592,3470,-600,0,0
-172,-483,192,1529,3523,-434,0,0
-171,-159,86,1581,3522,-324,0,0
-327,352,-61,1265,3328,18,0,0
-494,850,-155,1127,3273,-145,0,0
-315,1260,-357,735,3599,-752,0,0
150,1583,-472,1274,3936,-1492,0,0
296,722,-199,1856,3613,-468,0,0
-61,-266,67,1641,3595,90,0,0
-124,-508,83,1166,3523,-53,0,0
36,-180,18,1316,3457,-376,0,0
66,-170,47,1511,3561,-413,0,0
8,-306,120,1350,3680,-305,0,0
17,-225,113,1265,3622,-277,0,0
30,-110,65,1349,3562,-390,0,0
26,-66,52,1451,3516,-412,0,0
31,-62,60,1469,3561,-332,0,0
26,-45,41,1488,3570,-433,0,0
32,-83,45,1483,3545,-479,0,0
35,-139,66,1357,3533,-413,0,0
41,-81,59,1324,3578,-434,0,0
75,47,56,1385,3623,-558,0,0
107,141,59,1451,3549,-602,0,0
123,124,92,1508,3516,-638,0,0
136,-30,181,1454,3355,-774,0,0
171,-238,255,1313,3311,-684,0,0
230,-251,180,1355,3653,-614,0,0
369,-62,44,1227,3884,-557,0,0
398,336,-133,1136,3667,-502,0,0
265,601,-247,1357,3482,-598,0,0
114,442,-264,1570,3465,-716,0,0
46,150,-244,1585,3513,-777,0,0
98,129,-184,1413,3542,-760,0,0
181,340,-157,1381,3508,-670,0,0
180,412,-190,1496,3430,-650,0,0
146,330,-214,1416,3432,-640,0,0
124,319,-191,1424,3513,-617,0,0
105,332,-165,1497,3559,-637,0,0
98,363,-112,1480,3543,-645,0,0
96,462,-23,1463,3533,-673,0,0
104,582,67,1532,3513,-779,0,0
96,422,94,1434,3498,-819,0,0
105,273,66,1362,3506,-833,0,0
112,281,35,1437,3538,-760,0,0
94,275,23,1474,3504,-669,0,0
24,156,19,1604,3548,-544,0,0
-100,-43,1,1613,3548,-528,0,0
-220,-151,-2,1558,3444,-525,0,0
-324,-284,-3,1559,3414,-558,0,0
-387,-479,-24,1513,3313,-541,0,0
-407,-626,-51,1468,3220,-524,0,0
-374,-710,-75,1475,3340,-466,0,0
-314,-704,-130,1517,3477,-363,0,0
-263,-638,-212,1507,3498,-295,0,0
-229,-490,-266,1450,3469,-171,0,0
-256,-218,-270,1424,3450,-81,0,0
-338,24,-227,1422,3429,-100,0,0
-447,106,-163,1494,3457,-191,0,0
-546,-37,-135,1584,3563,-296,0,0
-576,-272,-113,1494,3620,-275,0,0
-532,-381,-24,1366,3632,-248,0,0
-447,-429,102,1340,3723,-245,0,0
-342,-414,183,1338,3950,-270,0,0
-246,-296,183,1355,4034,-315,0,0
-167,-204,146,1386,3959,-384,0,0
-108,-261,137,1366,3948,-368,0,0
-65,-397,156,1382,3993,-383,0,0
8,-604,148,1439,4212,-469,0,0
166,-829,114,1456,4495,-461,0,0
396,-887,111,1287,4430,-402,0,0
641,-627,205,1017,3946,-374,0,0
828,-155,387,949,3502,-429,0,0
921,156,551,1083,3318,-396,0,0
905,205,590,1129,3240,-276,0,0
791,254,491,1168,3285,-212,0,0
618,402,271,1271,3435,-225,0,0
414,498,-18,1454,3492,-363,0,0
223,382,-289,1448,3334,-476,0,0
87,237,-416,1253,3024,-428,0,0
30,372,-324,1145,2741,-368,0,0
-7,624,-128,1194,2667,-267,0,0
-71,881,-27,1497,3428,-56,0,0
-154,1701,-135,2055,4671,-181,0,0
-208,2405,-255,2529,4457,-566,0,0
-244,2023,-121,2389,3160,-459,0,0
-498,407,279,2335,2408,-672,0,0
-694,-1710,434,1489,2200,-980,0,0
-486,-2007,412,882,2492,-709,0,0
-134,-725,297,1383,4440,-15,0,0
-96,417,-493,3165,6412,-420,0,0
-15,-109,-1291,2840,4258,-1150,0,0
203,-826,-765,997,1810,-526,0,0
124,-1209,208,541,1646,-357,0,0
-62,-1371,650,1210,1929,-326,0,0
-45,-2896,610,1936,3728,182,0,0
-116,-152,118,2775,5477,-339,0,0
-10,-250,-238,2596,4421,-740,0,0
297,-13,184,1237,3014,-97,0,0
268,964,927,1271,2803,29,0,0
88,2034,1258,2207,3236,-438,0,0
-19,2303,1198,3071,3349,-412,0,0
-235,1314,1042,3367,3077,-212,0,0
-492,143,1085,3250,2987,-200,0,0
-566,-381,1399,3280,2967,-171,0,0
-487,-134,1713,3273,2771,-50,0,0
-425,169,1870,3369,2488,57,0,0
-407,191,1873,3271,2164,269,0,0
-437,488,1781,3204,1900,479,0,0
-504,630,1699,3332,1782,610,0,0
-414,626,1503,3180,2453,-378,0,0
-8,-84,1355,4105,1550,-164,0,0
194,89,1674,4243,367,1429,0,0
-123,557,1798,4324,-341,1244,0,0
-458,-875,1597,3299,313,253,0,0
-496,-2026,1444,4267,-177,505,0,0
-712,-2448,1566,4023,-284,175,0,0
-712,-2076,1466,3566,-449,-595,0,0
-529,-1686,1355,3484,-835,-769,0,0
-455,-1356,1205,3175,-970,-911,0,0
-404,-1080,1037,3133,-948,-1211,0,0
-329,-850,869,2957,-1043,-1323,0,0
-260,-617,647,2922,-1117,-1187,0,0
-258,-330,434,3125,-1220,-1249,0,0
-219,-104,274,3157,-1249,-1393,0,0
-137,74,147,3234,-1509,-1493,0,0
-22,187,76,3174,-1647,-1458,0,0
4,128,-47,2906,-1696,-1511,0,0
62,219,-217,2800,-1736,-1610,0,0
145,323,-431,2730,-1646,-1697,0,0
200,334,-675,2678,-1572,-1401,0,0
135,471,-779,2931,-1528,-1200,0,0
-11,579,-650,3203,-1516,-1525,0,0
-213,282,-348,3803,-1669,-1658,0,0
-433,10,-102,4552,-1746,-1841,0,0
-602,-130,160,4766,-1843,-1814,0,0
-914,-593,782,4298,-1767,-2086,0,0
-1169,-1311,1490,4298,-1440,-1944,0,0
-1061,-1489,1605,5426,-976,-2335,0,0
-697,-814,896,7085,-430,-2809,0,0
-556,-232,-89,6354,551,-1708,0,0
-901,28,-732,1792,1183,-138,0,0
-1045,276,-830,-733,-48,518,0,0
-680,1070,-917,-752,-1202,153,0,0
-185,1150,-565,-391,-864,-1391,0,0
398,228,-25,198,-1577,-213,0,0
487,446,428,1086,-1580,-152,0,0
407,-204,819,2081,-233,-1663,0,0
868,-634,1153,2869,-548,-807,0,0
1166,-155,1295,4575,-1637,-2699,0,0
1407,-393,1056,5587,-2494,-3434,0,0
1341,-175,801,5070,-2836,-3523,0,0
860,-535,725,4575,-2698,-3747,0,0
718,-741,264,3991,-2827,-2983,0,0
947,-470,-386,4418,-3314,-2277,0,0
981,116,-760,4977,-3100,-3018,0,0
828,194,-824,5510,-3416,-2790,0,0
484,170,-927,5491,-3708,-2115,0,0
243,254,-1054,5471,-2429,-2505,0,0
216,46,-1130,4612,-1186,-1769,0,0
362,327,-1395,4240,-973,-657,0,0
564,399,-1422,3476,-292,-382,0,0
665,641,-1231,2400,101,-457,0,0
516,1033,-1023,2612,-687,-573,0,0
217,712,-355,1685,-1431,-656,0,0
7,402,371,817,-1636,-1008,0,0
-268,22,822,1704,-2806,-412,0,0
-672,-19,902,2810,-3687,-442,0,0
-871,429,886,4202,-3999,-1925,0,0
-1221,-541,1141,4615,-3540,-1058,0,0
-1389,-278,1075,5465,-3993,-1850,0,0
-1170,-436,999,6110,-4071,-2078,0,0
-1408,-635,1195,5912,-3054,-2665,0,0
-1854,-595,1035,6437,-2822,-2824,0,0
-1916,-142,173,5940,-1728,-1325,0,0
-1477,778,-400,3280,6,-342,0,0
-504,1706,-823,764,1267,-553,0,0
532,1117,-983,-192,1386,-627,0,0
1040,-792,-932,63,623,1002,0,0
1412,-13,-1177,456,442,847,0,0
1757,366,-1293,930,-145,-101,0,0
1803,-375,-1150,653,-1224,317,0,0
1534,-397,-693,-18,-2161,-228,0,0
1129,-866,-44,109,-2469,-1123,0,0
656,-1541,771,1538,-3035,-562,0,0
-37,-1298,1212,5205,-3550,-2396,0,0
-59,-659,1457,7828,-2309,-4308,0,0
-363,-827,1606,7414,-2741,-3905,0,0
-587,-896,2088,5284,-2775,-3139,0,0
-247,-953,2168,3347,-2226,-1891,0,0
149,-431,1474,2612,-1823,-2055,0,0
448,156,510,2812,-1910,-2641,0,0
558,237,-40,3443,-2291,-2208,0,0
369,283,-107,3550,-2761,-2322,0,0
294,-10,81,2721,-2766,-2051,0,0
282,-96,26,1795,-2504,-2033,0,0
246,165,-186,1884,-2509,-2564,0,0
65,168,-357,2592,-2943,-2365,0,0
-152,-3,-291,3196,-2857,-2239,0,0
-185,-31,-101,3133,-2966,-2008,0,0
-122,50,-59,2912,-2942,-2524,0,0
-54,34,-95,2915,-3055,-3334,0,0
-67,-10,-133,3637,-3634,-4049,0,0
-63,-68,-128,4595,-4298,-4501,0,0
-166,-196,-33,5356,-4728,-4479,0,0
-298,-348,114,4797,-4163,-3720,0,0
-639,-272,-18,3485,-2947,-2398,0,0
-1006,-114,-426,2133,-1181,-986,0,0
-865,355,-940,906,-1135,-37,0,0
-211,1240,-1399,870,-2060,290,0,0
283,1188,-939,178,-1644,310,0,0
144,-73,-12,-137,-929,-32,0,0
66,-44,-85,356,-168,541,0,0
80,376,-126,1889,-133,-851,0,0
136,-160,286,1917,-19,-825,0,0
166,-650,945,1217,-30,-472,0,0
82,-1050,1346,1433,-1322,-1587,0,0
200,-608,752,2900,-2324,-3890,0,0
412,-99,183,3711,-2638,-3764,0,0
111,-101,113,4510,-2717,-3356,0,0
-75,-200,174,4598,-2836,-3028,0,0
-33,-523,522,3467,-3167,-1930,0,0
2,-436,688,2255,-2626,-2255,0,0
106,-51,505,1825,-2540,-2634,0,0
101,74,295,2197,-2989,-2610,0,0
-70,93,80,2551,-3115,-3041,0,0
-48,277,-57,2719,-3203,-2940,0,0
-27,328,-58,2455,-3092,-2741,0,0
-36,311,-56,2297,-2813,-3041,0,0
96,214,-9,2331,-2744,-2830,0,0
171,-1,45,2095,-2689,-2269,0,0
184,19,66,2091,-2584,-2160,0,0
187,2,29,2188,-2550,-2082,0,0
153,-9,-4,2380,-2488,-1969,0,0
102,7,-31,2296,-2382,-1839,0,0
70,105,-76,2187,-2374,-1832,0,0
-1,151,-127,2225,-2697,-1845,0,0
-163,209,-143,2244,-2999,-2166,0,0
-372,222,-74,2320,-3475,-2561,0,0
-582,228,69,2478,-3903,-3274,0,0
-662,48,193,3102,-4106,-3856,0,0
-680,-32,147,4166,-4102,-3945,0,0
-664,-20,39,4836,-3413,-4021,0,0
-724,-33,-56,4605,-2509,-3119,0,0
-893,115,-143,4137,-1745,-2580,0,0
-822,218,-270,3815,-1410,-2195,0,0
-539,613,-389,3811,-1622,-1610,0,0
-254,1254,-447,2948,-1312,-1806,0,0
86,1216,-594,1095,-350,-1290,0,0
217,601,-660,62,790,-933,0,0
297,-365,-564,268,46,1078,0,0
447,653,-639,482,-620,-194,0,0
469,-90,-291,1211,-960,-754,0,0
448,-791,458,492,-1343,495,0,0
331,-789,1170,657,-1451,-788,0,0
252,-990,1241,2783,-2783,-2436,0,0
455,-64,606,3978,-3318,-3501,0,0
540,-257,410,3981,-3759,-2266,0,0
361,-350,432,4305,-3469,-2566,0,0
377,-433,397,3615,-2967,-2772,0,0
407,-54,187,2629,-3065,-3393,0,0
266,120,-242,2113,-2417,-3846,0,0
85,-170,-340,2231,-2349,-2917,0,0
-46,-151,-254,2454,-2622,-2275,0,0
44,-29,-174,2748,-3130,-1819,0,0
129,57,-240,2709,-3121,-1863,0,0
133,311,-374,2640,-2755,-2576,0,0
38,343,-410,2904,-2551,-3047,0,0
-98,89,-317,3227,-2395,-2554,0,0
-164,-94,-142,3270,-2336,-1968,0,0
-83,-220,-54,2877,-2090,-1798,0,0
72,-92,-100,2520,-1994,-1794,0,0
111,50,-119,2447,-2104,-1776,0,0
-39,145,-79,2564,-2325,-1820,0,0
-163,136,30,2810,-2444,-1900,0,0
-188,-10,166,3060,-2553,-1859,0,0
-143,-54,269,3142,-2513,-2096,0,0
-12,-94,301,3003,-2260,-2335,0,0
88,-176,254,2749,-2163,-2337,0,0
138,-93,200,2659,-2078,-2458,0,0
154,-130,137,2597,-2118,-2400,0,0
160,-208,87,2581,-2155,-2236,0,0
248,-191,95,2472,-2098,-2412,0,0
398,-247,140,2216,-2360,-2788,0,0
443,-426,194,2265,-2861,-3741,0,0
472,-383,177,2591,-3537,-4365,0,0
410,-409,178,2876,-4070,-3837,0,0
179,-569,147,3080,-4597,-3198,0,0
48,-110,50,3234,-4432,-2973,0,0
-210,465,-98,3134,-4040,-2227,0,0
-721,830,-146,3295,-3036,-1949,0,0
-1103,574,-377,3525,-2116,-1742,0,0
-1041,745,-953,2775,-1493,-842,0,0
-661,1453,-1427,1707,-1958,-128,0,0
-96,1048,-1295,1088,-1402,-749,0,0
506,415,-556,782,-1112,-411,0,0
700,-349,192,978,-1173,433,0,0
737,-172,471,1341,-807,-242,0,0
496,-217,1006,1545,-878,-1048,0,0
56,-1142,1483,1175,-1220,-931,0,0
-37,-1020,1059,2050,-1698,-1509,0,0
148,203,461,3036,-2523,-2828,0,0
150,264,256,3598,-2850,-2847,0,0
58,312,-44,3333,-2254,-2193,0,0
-103,240,-54,3725,-2277,-2155,0,0
-146,145,-77,3551,-2417,-2311,0,0
-35,83,-27,3542,-2990,-1562,0,0
-43,80,-60,2972,-2985,-1784,0,0
-39,176,-133,3053,-2944,-2583,0,0
-6,49,-226,3345,-3015,-2706,0,0
33,58,-290,3418,-2966,-2513,0,0
85,77,-196,3316,-2968,-2314,0,0
148,-14,-32,2890,-3031,-2162,0,0
195,15,53,2548,-2878,-1955,0,0
148,-25,119,2385,-2607,-1877,0,0
47,-124,169,2184,-2313,-1823,0,0
-35,-48,167,2260,-2275,-1602,0,0
-83,14,97,2484,-2313,-1654,0,0
-30,-6,26,2764,-2448,-1700,0,0
72,-31,-12,2846,-2586,-1565,0,0
145,45,-31,2846,-2573,-1719,0,0
166,119,-87,2839,-2631,-1844,0,0
123,149,-110,2752,-2718,-1864,0,0
20,130,-85,2573,-2765,-1792,0,0
-108,118,-19,2363,-2817,-1756,0,0
-194,87,47,2302,-2833,-1892,0,0
-197,14,38,2585,-2901,-2084,0,0
-187,-35,-67,3175,-2972,-2225,0,0
-238,36,-254,4249,-3181,-2484,0,0
-348,82,-362,5565,-3411,-2844,0,0
-473,-3,-354,5713,-3102,-2570,0,0
-602,22,-258,4978,-2647,-2142,0,0
-645,266,-221,4364,-2108,-2160,0,0
-553,429,-299,3729,-1568,-1898,0,0
-319,729,-552,2930,-1112,-1473,0,0
-105,685,-571,1461,-328,-762,0,0
-55,15,-31,216,25,-233,0,0
113,-446,172,126,-116,198,0,0
547,84,43,146,-492,-260,0,0
688,-270,324,505,-720,-2608,0,0
708,-893,897,1055,-1451,-868,0,0
632,-966,1244,2019,-3559,-2056,0,0
582,-1192,970,3680,-4157,-3179,0,0
674,-1453,958,4850,-4747,-2589,0,0
673,-1246,897,2963,-3467,-1797,0,0
421,-802,875,1640,-2972,-988,0,0
106,-439,714,2665,-3453,-2264,0,0
257,-203,388,2703,-3456,-1995,0,0
249,-148,234,2595,-3465,-2217,0,0
217,54,-23,2377,-3394,-3221,0,0
251,159,-140,1836,-3489,-3083,0,0
98,98,-228,1874,-3831,-3016,0,0
101,107,-318,1917,-3838,-2401,0,0
74,-17,-182,1793,-3451,-1974,0,0
29,-6,54,1451,-3145,-1990,0,0
30,45,159,1341,-3208,-1970,0,0
33,108,169,1380,-3513,-1871,0,0
-12,-1,237,1369,-3289,-1971,0,0
-8,-29,324,1593,-3256,-1917,0,0
-2,9,335,1625,-3190,-1859,0,0
-27,-11,255,1490,-3002,-1961,0,0
-40,65,143,1628,-3090,-2073,0,0
-57,73,29,1686,-3144,-2079,0,0
-49,68,-45,1766,-3224,-2158,0,0
2,16,-97,1809,-3176,-2140,0,0
74,2,-128,1768,-3066,-2238,0,0
168,12,-170,1792,-3228,-2525,0,0
264,-53,-219,1780,-3308,-2745,0,0
316,-143,-259,1837,-4078,-2886,0,0
293,-249,-266,1819,-4643,-2949,0,0
115,-170,-207,2174,-5588,-2821,0,0
-144,51,-126,2592,-5829,-2671,0,0
-495,334,54,2663,-5398,-1961,0,0
-1038,556,148,2824,-4305,-1810,0,0
-1366,588,-35,2627,-3275,-1594,0,0
-1283,731,-431,2016,-2694,-895,0,0
-778,889,-780,1050,-1601,-868,0,0
-129,706,-698,986,-965,-231,0,0
178,243,-379,698,-472,440,0,0
273,132,-82,867,-734,218,0,0
388,58,73,1150,-578,-403,0,0
398,-146,545,852,-737,-485,0,0
49,-577,1023,1356,-1785,-1260,0,0
-114,-296,549,2294,-2532,-2980,0,0
39,359,143,3221,-3626,-3440,0,0
-56,219,-9,3452,-3307,-3314,0,0
-84,167,-85,3340,-2723,-2539,0,0
-127,-161,-51,3276,-2618,-2063,0,0
68,-181,4,3055,-2773,-1828,0,0
260,-4,-58,2523,-2918,-1516,0,0
268,122,-152,2293,-3126,-2106,0,0
235,167,-251,2652,-3819,-2364,0,0
163,221,-248,3042,-4089,-2296,0,0
70,173,-136,3135,-3948,-2382,0,0
-7,125,1,2857,-3734,-2422,0,0
-25,124,45,2731,-3702,-2371,0,0
54,95,29,2545,-3609,-2156,0,0
94,-6,55,2207,-3243,-1827,0,0
41,-60,55,1914,-2778,-1825,0,0
-23,-41,33,1852,-2492,-1693,0,0
-124,-77,-1,1831,-2355,-1525,0,0
-147,-14,-41,1871,-2417,-1474,0,0
-108,-12,-45,2082,-2658,-1616,0,0
-76,-46,18,2257,-3219,-1846,0,0
-57,-61,86,2388,-3739,-2276,0,0
-80,-114,94,2856,-4063,-2431,0,0
-199,-79,55,3229,-4414,-2653,0,0
-326,-13,88,3729,-4529,-3068,0,0
-405,-126,95,4049,-4149,-3195,0,0
-458,-121,-92,4055,-3318,-2887,0,0
-541,-4,-300,4115,-2675,-2504,0,0
-582,73,-454,4133,-2203,-2333,0,0
-447,332,-624,3720,-1926,-1718,0,0
-212,714,-712,2403,-1330,-1636,0,0
125,799,-819,1087,-546,-1276,0,0
199,393,-545,327,-607,-286,0,0
123,-337,-112,-45,-319,98,0,0
367,-45,63,392,-516,-192,0,0
412,-228,491,849,-953,-118,0,0
273,-694,1071,854,-1592,-299,0,0
77,-888,1088,1599,-2938,-1609,0,0
135,-515,454,2287,-3398,-2743,0,0
261,-189,303,2881,-4017,-2544,0,0
176,-1,47,2132,-3505,-1533,0,0
-131,231,57,2919,-4188,-2422,0,0
-46,221,160,3486,-3816,-3114,0,0
139,-147,525,2587,-3646,-1697,0,0
126,-281,597,2420,-3170,-2751,0,0
449,-115,364,2252,-3277,-3237,0,0
629,-226,173,2276,-3669,-2712,0,0
450,-579,22,2344,-3457,-2825,0,0
385,-337,-6,1731,-2901,-2352,0,0
335,-208,198,1656,-2959,-1725,0,0
207,-369,215,1549,-2984,-1698,0,0
216,-195,133,1287,-2941,-1812,0,0
219,-126,117,1451,-3145,-3752,0,0
145,-133,40,1660,-3372,-1948,0,0
128,-63,59,1860,-3630,-1912,0,0
67,-87,168,2300,-3883,-1916,0,0
36,-104,202,2261,-3798,-1970,0,0
16,-103,218,1930,-3702,-2042,0,0
-29,-36,96,1723,-3606,-2200,0,0
-54,24,-36,1737,-3606,-2522,0,0
-41,-32,-83,1966,-3810,-2664,0,0
29,-88,-115,2133,-4107,-2885,0,0
187,-126,-202,2074,-4302,-3361,0,0
314,-123,-367,2096,-4848,-3212,0,0
155,-3,-570,2251,-5146,-2771,0,0
-177,313,-659,2272,-4797,-2362,0,0
-452,393,-536,2012,-3932,-1857,0,0
-675,319,-447,1776,-3430,-1197,0,0
-663,437,-601,2098,-3297,-1212,0,0
-335,565,-892,1873,-2372,-1087,0,0
-54,344,-837,1208,-1303,-603,0,0
36,-46,-466,914,-751,-3,0,0
12,-199,-79,542,-620,100,0,0
185,-173,239,483,-596,147,0,0
248,-214,709,864,-1046,-539,0,0
15,-627,1094,1623,-1960,-1452,0,0
-54,-507,862,1611,-2110,-2380,0,0
75,-2,785,2340,-3471,-2637,0,0
-115,-75,473,2822,-3256,-2825,0,0
-164,129,304,2675,-2622,-2451,0,0
-190,-139,209,3184,-2945,-2323,0,0
40,-155,-13,3049,-3175,-2195,0,0
245,-3,-47,3041,-3543,-2018,0,0
286,106,-117,2659,-3983,-2418,0,0
302,164,-208,2452,-4190,-2531,0,0
194,79,-145,2293,-4188,-2144,0,0
103,98,-94,2191,-4051,-2159,0,0
68,162,-105,2111,-3925,-2296,0,0
14,283,-117,2192,-3797,-2327,0,0
-76,216,-124,2204,-3491,-2254,0,0
-111,160,-121,2196,-3379,-2195,0,0
-49,132,-111,2027,-3245,-2029,0,0
-60,22,-34,1705,-3217,-1724,0,0
-68,-7,47,1566,-3028,-1588,0,0
-28,52,109,1529,-2877,-1514,0,0
-19,112,154,1584,-2866,-1535,0,0
-41,74,173,1615,-2943,-1627,0,0
-81,22,179,1463,-3112,-1839,0,0
-141,2,124,1493,-3366,-1994,0,0
-180,6,25,1461,-3661,-2187,0,0
-240,16,-53,1570,-4085,-2536,0,0
-295,60,-142,2428,-4484,-2863,0,0
-354,-44,-214,3728,-4727,-3017,0,0
-411,-103,-232,4168,-4432,-3051,0,0
-418,-224,-175,4089,-3804,-3560,0,0
-353,-505,-154,3836,-3529,-3612,0,0
-297,-554,-20,3667,-3425,-3080,0,0
-345,-773,161,3280,-3256,-2643,0,0
-370,-407,268,2079,-2539,-2307,0,0
-359,214,180,882,-1447,-1800,0,0
-146,598,-135,669,-238,-1072,0,0
44,368,-399,1154,516,-433,0,0
165,186,-166,839,45,562,0,0
400,381,-48,809,-341,264,0,0
482,-565,144,732,-930,-77,0,0
577,-913,623,838,-1632,-138,0,0
502,-1208,1030,1628,-3426,-1420,0,0
596,-1212,622,1523,-4428,-2984,0,0
913,-657,95,1381,-4250,-2841,0,0
712,-287,-422,1525,-4353,-2421,0,0
437,228,-485,2015,-4296,-2023,0,0
107,88,-245,2731,-4558,-2553,0,0
70,227,-2072,2477,-4897,-2241,0,0
67,663,-195,2122,-4476,-3214,0,0
-11,633,-427,1894,-3681,-3470,0,0
-115,332,-220,1758,-3327,-2408,0,0
15,6,76,1964,-3388,-2304,0,0
310,-192,221,1525,-3397,-1644,0,0
325,-139,250,1194,-3209,-1458,0,0
159,-10,191,1175,-3224,-1847,0,0
-2,7,158,1189,-3290,-1970,0,0
-132,-33,126,1399,-3414,-2040,0,0
-54,-20,119,1597,-3380,-2119,0,0
-1,-14,112,1454,-3541,-1993,0,0
-16,27,85,1294,-3493,-2232,0,0
17,5,69,1141,-3382,-2366,0,0
-8,-28,-1,1036,-3405,-2523,0,0
-1,-71,-90,1091,-3424,-2827,0,0
25,-82,-183,1266,-3757,-2832,0,0
6,-63,-202,1221,-4020,-2744,0,0
-29,-49,-179,1291,-4466,-2647,0,0
-91,143,-190,1522,-4924,-2370,0,0
-338,490,-161,1975,-5226,-2191,0,0
-740,719,94,2203,-4943,-2080,0,0
-1113,604,470,2867,-4669,-1652,0,0
-1094,567,415,3357,-4016,-1578,0,0
-725,749,-10,3017,-3193,-1545,0,0
-256,724,-601,2056,-1921,-1710,0,0
294,572,-902,1426,-814,-820,0,0
537,200,-760,1178,-448,177,0,0
482,52,-319,942,-1112,307,0,0
301,-237,4,1420,-1090,-92,0,0
86,-380,429,1113,-822,-588,0,0
-182,-508,976,651,-1465,-1218,0,0
-394,-264,698,809,-2222,-2282,0,0
-316,74,279,1750,-3304,-2742,0,0
-170,52,97,2632,-3598,-2662,0,0
15,260,-58,2527,-2779,-2295,0,0
34,227,-58,3160,-3101,-2465,0,0
205,138,-92,3383,-3190,-2705,0,0
313,-88,63,3268,-3583,-2153,0,0
190,-143,-56,2820,-3661,-2369,0,0
251,77,-265,2429,-3877,-2496,0,0
224,26,-246,2255,-4365,-2141,0,0
144,153,-209,2624,-4406,-2333,0,0
8,120,-58,2798,-3841,-2297,0,0
-196,15,68,2384,-3331,-2310,0,0
-268,14,-74,1901,-2983,-2339,0,0
-212,-78,-264,1938,-2839,-2075,0,0
-131,-130,-295,2126,-2930,-1820,0,0
-44,-161,-108,2024,-3051,-1869,0,0
-35,-262,134,1702,-3115,-1806,0,0
-70,-238,224,1558,-3119,-1830,0,0
-83,-144,196,1520,-2984,-2104,0,0
-89,-176,124,1665,-3085,-2292,0,0
-79,-178,71,1708,-3422,-2253,0,0
-105,-96,42,1869,-3637,-2547,0,0
-174,-76,18,2093,-4181,-3039,0,0
-192,-99,-61,2539,-4501,-3476,0,0
-159,-147,-214,3260,-4290,-3829,0,0
-146,-282,-266,3731,-3819,-3938,0,0
-300,-353,-339,3407,-3245,-3190,0,0
-595,-121,-445,3037,-2782,-2594,0,0
-663,-60,-642,2914,-2467,-2597,0,0
-407,321,-747,2536,-2163,-1991,0,0
-280,670,-747,1697,-1388,-1077,0,0
-76,977,-616,1217,-499,-1124,0,0
51,347,-264,836,-318,-569,0,0
9,-519,32,302,-96,58,0,0
281,-268,119,320,-245,-444,0,0
560,-485,481,830,-1249,-695,0,0
620,-1173,1080,1444,-2105,-1046,0,0
681,-1437,1391,1799,-3501,-2177,0,0
1016,-937,1262,1228,-4471,-3193,0,0
1168,-885,1360,1377,-4384,-1934,0,0
824,-370,923,1402,-4109,-1253,0,0
404,244,302,2132,-4158,-3276,0,0
323,459,9,2201,-4202,-3331,0,0
75,121,180,1404,-3978,-2460,0,0
-83,-20,-23,641,-3662,-3143,0,0
45,344,-351,567,-4013,-2953,0,0
10,503,-561,1205,-4392,-2593,0,0
-176,262,-466,1518,-4210,-2642,0,0
-199,152,-249,1651,-3646,-2520,0,0
-188,94,-268,1283,-3075,-2302,0,0
-164,78,-343,1495,-2996,-2457,0,0
-160,-66,-435,1681,-3219,-2560,0,0
-139,-75,-396,1565,-3333,-3068,0,0
-93,-90,-277,1744,-3781,-3278,0,0
-108,-35,-357,2016,-4238,-3126,0,0
-121,222,-458,2442,-4608,-3069,0,0
-328,488,-318,2589,-4630,-2509,0,0
-659,488,112,2395,-4092,-1674,0,0
-735,424,162,2550,-3593,-1147,0,0
-498,680,-254,2516,-3172,-1559,0,0
-229,885,-653,2330,-2799,-2020,0,0
-36,749,-777,1808,-2042,-1404,0,0
105,330,-520,1521,-1084,-718,0,0
264,-73,-150,1353,-809,-178,0,0
436,-194,227,1481,-902,-401,0,0
406,-348,796,1705,-1045,-1051,0,0
40,-683,1486,908,-1745,-919,0,0
-295,-518,1310,627,-2173,-1711,0,0
-168,-61,801,1731,-2984,-2538,0,0
27,204,476,2773,-3336,-2673,0,0
9,389,269,3094,-2833,-2529,0,0
89,386,127,3496,-2477,-2775,0,0
391,326,-109,3907,-2665,-2562,0,0
445,209,-186,3115,-3195,-2155,0,0
285,200,-132,2063,-3753,-2448,0,0
178,79,-201,1681,-3833,-2253,0,0
169,-38,-209,1806,-3732,-2052,0,0
217,-109,-167,2189,-3846,-2023,0,0
189,-147,-102,2148,-3809,-1981,0,0
131,-174,-36,1974,-3664,-2180,0,0
123,-170,-52,1881,-3759,-2079,0,0
95,-185,-84,2014,-3545,-1964,0,0
67,-216,-58,2208,-3460,-1796,0,0
31,-260,20,1924,-3255,-1695,0,0
8,-208,50,1813,-3158,-1833,0,0
12,-148,-25,1695,-3204,-1695,0,0
-47,-153,-116,1482,-3126,-1721,0,0
-119,-68,-130,1646,-3309,-1863,0,0
-221,-41,-105,1660,-3582,-1900,0,0
-276,-87,-45,2043,-3703,-2489,0,0
-291,-133,-56,2596,-3961,-2673,0,0
-372,23,-175,3452,-4047,-2954,0,0
-432,61,-363,4106,-3742,-3585,0,0
-412,-37,-495,4325,-3562,-3193,0,0
-453,-42,-447,3840,-3072,-2783,0,0
-427,55,-292,3008,-2525,-2420,0,0
-337,364,-374,2275,-2291,-1856,0,0
-247,972,-568,1672,-1734,-1665,0,0
-346,687,-279,742,-878,-1008,0,0
-564,-88,340,316,-395,-89,0,0
-215,65,624,215,-492,-42,0,0
288,81,891,618,-1013,-231,0,0
380,-512,1113,1371,-1710,-1233,0,0
668,-242,731,1613,-2771,-2227,0,0
832,-198,339,1860,-3736,-2746,0,0
847,-374,-204,2172,-3130,-2690,0,0
830,32,-447,1819,-3576,-1479,0,0
628,-199,-250,2381,-3987,-1448,0,0
497,-408,-157,1601,-3368,-680,0,0
217,-113,-198,1440,-3487,-736,0,0
56,225,-186,2241,-4002,-1683,0,0
34,324,30,2779,-4136,-1401,0,0
-5,506,391,2830,-4052,-1731,0,0
129,485,539,2922,-4269,-2187,0,0
244,427,419,2838,-4103,-2559,0,0
259,279,193,2689,-3677,-3215,0,0
373,103,-65,2594,-3698,-2606,0,0
432,3,-311,2758,-3632,-1965,0,0
565,-83,-479,2683,-3825,-1260,0,0
591,28,-358,2292,-4205,-572,0,0
257,-110,-40,1714,-3724,-1144,0,0
3,-295,169,1192,-2961,-1181,0,0
-140,-335,47,1368,-2645,-1210,0,0
-111,-259,-157,1927,-2915,-1199,0,0
-56,-249,-149,2036,-3221,-1139,0,0
-39,-163,-72,2102,-3316,-1315,0,0
48,-129,-37,1948,-3415,-1475,0,0
120,-144,-70,1787,-3467,-1472,0,0
72,-83,-114,1724,-3583,-1215,0,0
-109,-91,-98,1918,-3501,-1212,0,0
-269,-165,-73,1911,-3135,-1095,0,0
-340,-92,-67,2005,-2929,-898,0,0
-340,-12,-152,2065,-2765,-1132,0,0
-294,-49,-210,2120,-2998,-1406,0,0
-306,-157,-205,2506,-3576,-2390,0,0
-253,-107,-106,3509,-5224,-4391,0,0
-299,-418,210,4328,-6555,-5054,0,0
-598,-906,713,3754,-6497,-4010,0,0
-819,-710,919,2287,-5368,-3013,0,0
-850,-238,659,1322,-3750,-1730,0,0
-982,17,77,1445,-2391,-916,0,0
-743,385,-581,1440,-1922,-422,0,0
-229,1006,-987,1388,-2620,-24,0,0
98,1050,-827,1185,-2177,-294,0,0
65,609,-268,889,-1236,-382,0,0
-113,182,162,711,-380,-80,0,0
-229,168,286,542,-15,31,0,0
-327,180,552,1073,-417,-256,0,0
-311,-93,1084,1217,-935,-729,0,0
-217,-79,1333,1609,-1953,-1779,0,0
4,244,614,2474,-2366,-3643,0,0
248,416,-279,3374,-2423,-3896,0,0
310,479,-603,4045,-2723,-2949,0,0
292,50,-451,4587,-3797,-1873,0,0
439,-98,-76,3710,-3827,-1705,0,0
410,-130,311,2333,-3675,-2119,0,0
177,-194,22,1765,-3308,-2840,0,0
160,-93,-372,2381,-3348,-2209,0,0
252,-31,-628,3784,-3648,-2178,0,0
352,7,-613,3891,-3724,-1941,0,0
258,-32,-232,2272,-3675,-1838,0,0
194,-19,-28,1091,-3476,-1925,0,0
175,-46,11,1229,-3293,-1556,0,0
68,-27,12,1910,-3162,-1415,0,0
-3,34,105,2354,-3066,-1415,0,0
-16,116,240,2578,-3083,-1481,0,0
-26,132,262,2682,-3250,-1922,0,0
-10,44,159,2637,-3365,-2065,0,0
-3,35,27,2703,-3435,-2118,0,0
-15,15,24,2547,-3634,-2176,0,0
-99,-74,68,2105,-3672,-2146,0,0
-174,-122,85,1980,-3703,-2040,0,0
-181,-87,40,2062,-3870,-2128,0,0
-117,-49,-112,2384,-3904,-2522,0,0
-50,25,-325,2865,-3922,-2829,0,0
-65,-26,-508,3617,-3588,-2894,0,0
-191,-257,-577,3988,-3168,-2588,0,0
-299,-391,-514,3902,-3133,-2263,0,0
-326,-398,-358,4034,-3272,-2404,0,0
-228,-331,-213,3667,-2968,-2363,0,0
-215,5,-113,2490,-2382,-1791,0,0
-250,341,-106,1094,-1369,-1387,0,0
-92,615,-472,509,-213,-1088,0,0
-89,121,-336,838,174,87,0,0
4,-162,45,881,-418,306,0,0
443,81,255,975,-964,-462,0,0
553,-525,865,123,-1051,186,0,0
434,-988,1431,600,-1363,-449,0,0
364,-839,989,1706,-3159,-1476,0,0
395,-182,292,2539,-4247,-2511,0,0
270,8,403,2350,-4835,-1841,0,0
183,279,282,1692,-3922,-1372,0,0
54,366,142,2532,-3940,-2159,0,0
77,176,31,3080,-3917,-2580,0,0
185,243,-36,3241,-4194,-2226,0,0
121,262,-120,3116,-4226,-3191,0,0
119,93,-134,2687,-4194,-3222,0,0
44,-29,-59,2555,-4437,-2523,0,0
1,-159,23,2043,-3923,-2443,0,0
-62,-323,124,1405,-3360,-2201,0,0
-173,-217,49,1113,-2829,-1811,0,0
-135,22,-124,1451,-2667,-1407,0,0
-73,125,-235,1926,-2889,-1398,0,0
15,150,-165,2227,-2925,-1521,0,0
43,125,-53,2109,-2923,-1709,0,0
-3,136,-53,2014,-3108,-1883,0,0
-32,71,-63,2209,-3201,-1857,0,0
-49,7,-28,2352,-3392,-1753,0,0
-27,-3,20,2211,-3343,-1901,0,0
30,-8,10,2219,-3272,-2031,0,0
36,-34,16,2179,-3238,-1970,0,0
-16,-102,37,1982,-3002,-2019,0,0
-18,-170,-9,2009,-2973,-2215,0,0
38,-249,-118,2023,-2920,-2646,0,0
59,-320,-183,2213,-3779,-3562,0,0
-10,-364,-153,2581,-5021,-4081,0,0
-267,-419,-6,3172,-5852,-3489,0,0
-529,-2480,42,3310,-5495,-3106,0,0
-627,-159,-241,2495,-4156,-1979,0,0
