-108,-407,565,-792,3343,-841,0,0
-217,-586,934,-907,3560,-901,0,0
-291,-622,1229,-1025,3835,-944,0,0
-319,-543,1406,-1100,4087,-983,0,0
-319,-482,1433,-1112,4192,-1054,0,0
-308,-486,1329,-1127,4113,-1037,0,0
-300,-477,1189,-1151,3933,-1023,0,0
-298,-441,1047,-1183,3751,-1037,0,0
-324,-429,876,-1156,3688,-1141,0,0
-332,-473,624,-1213,3599,-1262,0,0
-305,-363,287,-1249,3455,-1306,0,0
-271,-106,-54,-1194,3313,-1362,0,0
-233,213,-307,-1072,3507,-1395,0,0
-153,626,-355,-844,4224,-1593,0,0
81,816,-339,-731,4180,-1433,0,0
316,850,-516,-659,3631,-983,0,0
398,408,-783,-514,3805,-991,0,0
403,-638,-994,-1097,4303,-826,0,0
452,-674,-1144,-1595,4234,-447,0,0
487,-83,-1362,-1827,4304,-405,0,0
474,52,-1942,-2392,4804,-378,0,0
327,-471,-2789,-3418,5268,-416,0,0
1,-1634,-3643,-4382,4364,-108,0,0
-601,-1902,-4195,-3990,1932,434,0,0
-1164,-988,-4243,-2554,149,-270,0,0
-1338,268,-4204,-1719,-3,-1135,0,0
-1130,1556,-4386,-1842,700,-1268,0,0
-327,3097,-4293,-1574,1035,-3661,0,0
1367,3407,-3334,-3429,-758,-3431,0,0
1126,2213,-2607,-6067,-1718,-300,0,0
-304,2251,-2769,-7947,-880,-5251,0,0
52,1579,-1947,-4757,-3657,-4017,0,0
-334,891,-945,-5373,-3232,-2838,0,0
-610,1242,-417,-2335,-2037,-2009,0,0
-552,667,78,-985,-1648,2219,0,0
-1303,640,-287,393,-608,1522,0,0
-1015,676,-546,247,-11,-1240,0,0
126,878,-95,622,-118,412,0,0
307,250,-38,295,57,318,0,0
336,246,-321,23,-17,-485,0,0
381,628,-355,144,-423,-972,0,0
299,413,-187,-1038,-1941,-2751,0,0
235,90,205,-4063,-2539,-5213,0,0
331,387,340,-4524,-1908,-5775,0,0
435,-57,-328,-3138,-2935,-4769,0,0
392,-52,-700,-2771,-3964,-5380,0,0
549,38,-555,-2002,-4271,-4796,0,0
436,-226,-157,-2920,-4271,-4871,0,0
259,-539,1012,-3842,-3779,-5128,0,0
22,-846,1338,-3990,-3508,-5024,0,0
-157,-412,842,-4818,-3730,-5035,0,0
-252,-117,297,-3872,-3962,-3989,0,0
-371,175,-97,-3242,-3892,-4503,0,0
-290,125,-413,-3649,-3913,-4413,0,0
-362,271,-621,-3940,-3465,-4601,0,0
-664,145,-625,-3198,-2482,-4379,0,0
-1010,-330,-41,-1580,-894,-2800,0,0
-900,-878,995,-305,889,-813,0,0
-463,-772,974,-63,-43,975,0,0
5,-358,599,-607,-880,-58,0,0
781,-250,713,-555,-343,-765,0,0
894,35,493,270,-440,-393,0,0
508,122,69,1010,-1146,255,0,0
268,120,-350,1025,-1963,1361,0,0
-79,29,-690,571,-1126,355,0,0
-168,-145,-957,-1331,-1009,-1588,0,0
-191,-247,-989,-3791,-1845,-4278,0,0
-39,-270,-762,-4718,-2554,-5593,0,0
215,-472,-130,-5686,-2902,-5655,0,0
328,-99,-36,-4756,-2866,-5188,0,0
442,322,-115,-3105,-2822,-5115,0,0
883,280,63,-3065,-3117,-3247,0,0
864,191,168,-3528,-3115,-2460,0,0
705,139,141,-3702,-2746,-3078,0,0
708,218,-15,-2655,-2842,-2599,0,0
540,220,-176,-1901,-3410,-2321,0,0
231,148,-236,-1770,-3516,-2562,0,0
3,89,-213,-1773,-3212,-2556,0,0
-145,-9,-244,-2291,-3149,-2758,0,0
-152,-144,-326,-2768,-3430,-3287,0,0
-65,-275,-308,-3893,-3736,-4022,0,0
60,110,-356,-4620,-3810,-4491,0,0
-36,416,-301,-4429,-4263,-4788,0,0
-284,426,123,-4491,-4973,-4871,0,0
-568,372,745,-3078,-4510,-3567,0,0
-890,-560,1395,-1765,-3273,-2315,0,0
-1040,-788,1894,-451,-2014,-607,0,0
-1091,-1377,1583,-284,-964,1001,0,0
-967,-744,419,-373,-1047,340,0,0
-787,269,-197,-53,-474,-618,0,0
-363,-24,-208,-535,362,-254,0,0
72,39,-272,-847,575,-19,0,0
341,146,-308,-50,709,-230,0,0
587,358,-349,80,275,-689,0,0
667,864,-280,-598,-1031,-2196,0,0
654,1143,126,-2305,-2653,-4179,0,0
536,255,623,-4202,-3309,-3986,0,0
198,-482,586,-5741,-3381,-4380,0,0
-27,-435,101,-4156,-3437,-4958,0,0
-14,-194,-659,-3269,-3468,-3229,0,0
-103,347,-887,-2348,-3089,-2921,0,0
-45,-8,-683,-2454,-2463,-3236,0,0
52,-49,-482,-3155,-2293,-3188,0,0
130,182,-403,-2833,-2235,-3142,0,0
187,4,-243,-3254,-2440,-3203,0,0
167,300,83,-3202,-2421,-3463,0,0
125,-20,174,-3313,-2817,-3606,0,0
6,-88,-18,-3693,-3421,-3957,0,0
-155,284,-248,-3320,-3736,-4747,0,0
-169,158,-424,-3689,-4120,-4727,0,0
-138,25,-474,-4275,-4189,-4760,0,0
-138,45,-451,-4402,-4079,-4722,0,0
-251,56,-325,-3428,-3666,-4061,0,0
-468,-418,282,-2268,-2525,-2647,0,0
-624,-1543,1216,-1524,-479,-1568,0,0
-448,-1936,1487,-881,-54,-167,0,0
-329,-462,946,-271,-674,265,0,0
-159,412,427,594,-457,-1056,0,0
489,253,388,-15,-329,-965,0,0
814,534,421,-569,-609,-308,0,0
664,934,58,-98,-859,-224,0,0
484,1184,-541,169,-1436,-50,0,0
320,1107,-1149,471,-2053,196,0,0
257,721,-1835,-365,-2583,-1349,0,0
363,929,-1929,-2360,-3642,-4203,0,0
475,-188,-902,-4154,-3616,-5302,0,0
569,-1015,-188,-5496,-3174,-5197,0,0
362,-317,-289,-3371,-3452,-6968,0,0
279,59,-297,-2368,-3554,-4826,0,0
474,205,-102,-1633,-3548,-3434,0,0
343,105,-56,-2004,-3845,-2928,0,0
201,269,34,-2423,-3523,-3289,0,0
238,262,-8,-2177,-3245,-2641,0,0
167,211,-214,-2130,-3501,-2839,0,0
202,303,-249,-1959,-3780,-3224,0,0
247,156,-197,-1887,-3986,-3245,0,0
108,75,-137,-2262,-4524,-4041,0,0
14,90,-52,-2629,-5080,-4580,0,0
-55,178,-99,-2896,-5259,-4075,0,0
-210,309,-220,-2756,-4881,-4203,0,0
-432,-6,-222,-2437,-4541,-4140,0,0
-624,62,210,-1671,-4234,-3341,0,0
-746,-327,853,-867,-3502,-2303,0,0
-638,-1030,1257,-1045,-2352,-1918,0,0
-234,-872,955,-939,-1364,-462,0,0
-116,-98,-187,13,-656,963,0,0
-410,344,-1057,229,-234,161,0,0
-350,219,-1065,-125,258,-264,0,0
-59,459,-662,-33,792,350,0,0
-46,705,-270,127,1330,502,0,0
-210,931,147,80,1494,137,0,0
-370,1331,556,239,282,-619,0,0
-720,1338,1113,-26,-2298,-2492,0,0
-1010,363,2001,-1831,-4515,-4989,0,0
-776,-920,2301,-4024,-3836,-7881,0,0
50,-979,986,-4705,-4492,-6632,0,0
387,-513,-408,-2578,-4672,-5664,0,0
643,-321,-562,-2267,-3614,-4750,0,0
546,-127,-334,-2925,-3023,-4208,0,0
298,-171,-243,-3096,-2535,-4352,0,0
255,-128,-179,-2601,-2536,-3724,0,0
249,48,-251,-2131,-2478,-3338,0,0
238,180,-316,-2103,-2410,-3102,0,0
203,328,-226,-2003,-2525,-3110,0,0
207,279,-135,-1985,-2827,-3380,0,0
180,157,-7,-2262,-3519,-4084,0,0
117,73,21,-2582,-4077,-4721,0,0
8,170,-281,-2820,-4512,-5253,0,0
-60,261,-644,-2633,-4656,-5126,0,0
-194,459,-830,-2196,-4609,-4891,0,0
-365,238,-700,-1949,-4222,-5050,0,0
-499,-124,-341,-1442,-3537,-4395,0,0
-736,-884,389,-1222,-2327,-3146,0,0
-753,-1230,1011,-857,-289,-1421,0,0
-532,-1010,597,-116,317,1239,0,0
-543,-174,195,145,291,453,0,0
-25,90,518,-189,264,-725,0,0
649,10,728,-450,-145,356,0,0
598,248,605,-36,-574,254,0,0
408,311,384,777,-760,8,0,0
241,230,55,629,-1389,75,0,0
-23,232,-412,309,-2023,-969,0,0
-169,255,-980,-592,-2679,-2827,0,0
-225,364,-855,-2220,-3426,-5204,0,0
-39,-328,181,-3327,-3206,-6190,0,0
203,-966,451,-4393,-2597,-6094,0,0
336,89,-253,-2396,-3313,-4992,0,0
376,100,-185,-1593,-3766,-4127,0,0
345,-16,220,-2436,-3290,-3703,0,0
187,-58,438,-3394,-2723,-3998,0,0
181,-163,254,-3528,-2510,-3462,0,0
101,201,-109,-2057,-2887,-3251,0,0
71,228,-123,-1714,-3005,-3744,0,0
146,186,15,-1939,-2904,-3604,0,0
107,17,143,-2571,-3088,-3872,0,0
106,-59,155,-2744,-3404,-4135,0,0
114,-109,53,-2737,-3668,-4359,0,0
104,-141,-81,-2734,-3851,-4591,0,0
50,16,-164,-2653,-3660,-4681,0,0
-37,77,-18,-2927,-3442,-4898,0,0
-164,42,292,-3341,-3638,-4580,0,0
-443,-49,650,-3042,-3630,-3984,0,0
-705,-249,1012,-1919,-3037,-2307,0,0
-953,-856,1262,-914,-2011,-516,0,0
-1015,-1176,939,-810,-893,181,0,0
-876,-659,-60,-287,-946,511,0,0
-829,14,-657,-336,-570,-322,0,0
-465,29,-737,-463,-25,-324,0,0
-153,31,-951,-914,293,-262,0,0
111,468,-1007,148,899,-434,0,0
475,531,-888,639,679,-328,0,0
675,936,-565,-178,-817,-3864,0,0
848,816,7,-1495,-3053,-3798,0,0
987,-252,347,-4046,-4555,-4704,0,0
864,-181,-9,-4754,-3717,-6386,0,0
957,73,-653,-2271,-4188,-4401,0,0
748,85,-1044,-2015,-4553,-3240,0,0
555,404,-1009,-1352,-3871,-3482,0,0
546,71,-591,-1569,-3757,-3306,0,0
371,113,-162,-1908,-3445,-3450,0,0
235,-40,-95,-1770,-3451,-3084,0,0
49,-6,-96,-1933,-3403,-2923,0,0
-58,109,-77,-1553,-3106,-3032,0,0
-22,66,-68,-1671,-3074,-2662,0,0
-5,267,-11,-1877,-3300,-2857,0,0
108,239,19,-1638,-3441,-2910,0,0
93,139,80,-1526,-3787,-3053,0,0
28,37,180,-1622,-4394,-3387,0,0
-104,-88,262,-2010,-5008,-3793,0,0
-237,-74,281,-2888,-5363,-4347,0,0
-279,-77,-16,-3021,-5723,-4577,0,0
-343,-25,-301,-2644,-5739,-4978,0,0
-572,-2,-328,-1963,-4545,-4373,0,0
-1051,-688,10,-1499,-2518,-2989,0,0
-1050,-1005,844,-1130,-855,-2194,0,0
-601,-945,1028,-292,-77,386,0,0
-482,-410,450,176,12,775,0,0
-230,407,369,476,146,-731,0,0
391,240,675,-121,-64,-49,0,0
515,333,821,-6,-468,400,0,0
370,194,547,820,-720,298,0,0
243,110,-26,842,-1444,595,0,0
-82,83,-492,537,-2034,-600,0,0
-333,51,-932,-1445,-2878,-2415,0,0
-605,261,-753,-3263,-3818,-4922,0,0
-400,-436,142,-4016,-4246,-6376,0,0
-11,-972,293,-4302,-3807,-5665,0,0
-77,-15,-294,-3441,-3155,-5759,0,0
146,559,-499,-2673,-2486,-4115,0,0
249,726,-445,-2098,-3109,-2038,0,0
-137,667,-10,-1810,-2111,-3769,0,0
-155,143,333,-2713,-2400,-3385,0,0
-298,265,352,-3002,-2324,-3643,0,0
-204,311,82,-2303,-2368,-3674,0,0
28,556,64,-1555,-2640,-3812,0,0
312,326,183,-812,-3042,-3412,0,0
305,-249,259,-687,-3011,-4042,0,0
270,-372,5,-2099,-2730,-3991,0,0
295,136,-332,-1818,-2538,-2813,0,0
301,131,-409,-1198,-2411,-3171,0,0
429,-14,-281,-948,-2855,-3321,0,0
313,-200,-279,-1312,-3112,-3509,0,0
122,-149,-316,-1711,-2913,-3942,0,0
128,41,-213,-1723,-2959,-3509,0,0
152,-97,125,-1889,-3173,-3426,0,0
108,-291,328,-1953,-3820,-3879,0,0
2,-298,366,-2518,-4248,-4389,0,0
-141,-82,277,-3210,-4238,-5314,0,0
-192,44,129,-3898,-4356,-5650,0,0
-184,324,68,-3121,-4382,-4430,0,0
-281,-109,373,-1937,-3752,-2850,0,0
-373,-593,1024,-1005,-2309,-1670,0,0
-294,-1029,1138,29,-838,204,0,0
-229,-804,428,-545,-658,783,0,0
-132,-134,-217,32,-586,310,0,0
-44,-446,-360,134,-377,473,0,0
-112,-409,-336,-168,10,-14,0,0
-61,-126,-317,121,424,-398,0,0
53,-121,-379,159,561,-389,0,0
151,162,-429,311,70,-893,0,0
361,367,-344,-551,-1529,-1756,0,0
531,525,14,-1705,-3412,-3496,0,0
733,-1,555,-3579,-4244,-4374,0,0
624,-424,642,-5826,-4502,-4966,0,0
300,-251,-94,-3957,-5485,-4662,0,0
30,-239,-652,-2981,-5348,-4059,0,0
-48,191,-701,-2610,-4015,-3471,0,0
-44,110,-733,-2544,-3288,-3346,0,0
-4,92,-422,-2493,-3214,-3452,0,0
0,-42,-89,-2293,-3405,-3098,0,0
-30,57,73,-2265,-3369,-3320,0,0
-25,-21,253,-2430,-3488,-3258,0,0
-72,-97,237,-2431,-3623,-3229,0,0
-66,18,138,-2548,-3883,-3599,0,0
65,178,229,-2991,-4201,-3632,0,0
10,177,275,-3624,-4638,-4156,0,0
-106,138,10,-3579,-5100,-4569,0,0
-214,176,-309,-3325,-5291,-4577,0,0
-388,289,-452,-2996,-4602,-4185,0,0
-688,-166,-135,-2360,-2951,-3480,0,0
-739,-461,646,-1182,-1457,-2330,0,0
-632,-949,1040,-535,-343,-465,0,0
-555,-698,604,-692,345,262,0,0
-247,277,148,336,364,-219,0,0
408,178,284,-54,99,71,0,0
790,207,460,-202,-320,380,0,0
750,282,478,162,-364,-76,0,0
569,285,248,284,-532,-101,0,0
343,218,-366,522,-1423,86,0,0
71,241,-1044,112,-2578,-1006,0,0
-125,491,-1460,-1108,-3592,-2796,0,0
-58,121,-1080,-2504,-4645,-3759,0,0
5,-834,171,-3682,-4751,-4873,0,0
-53,-1093,654,-4786,-3727,-5308,0,0
-172,69,71,-2858,-3554,-5160,0,0
76,22,-271,-2875,-3881,-3736,0,0
284,238,-298,-2904,-3387,-2992,0,0
302,225,-232,-3101,-3204,-3345,0,0
343,439,-165,-2886,-3222,-3120,0,0
308,493,-245,-2428,-3423,-2664,0,0
222,383,-274,-2063,-3317,-2853,0,0
126,428,-239,-1974,-3350,-2761,0,0
-22,438,-200,-1579,-3376,-2948,0,0
-102,80,-97,-1562,-3414,-3053,0,0
-121,98,44,-1640,-3320,-3070,0,0
-120,110,84,-1577,-3457,-3401,0,0
-53,-147,-1,-1671,-3906,-3442,0,0
-101,-249,-81,-2116,-4175,-3409,0,0
-173,-367,-151,-2625,-4062,-4507,0,0
22,-487,-252,-3336,-4369,-4939,0,0
199,-139,-342,-2952,-4800,-4492,0,0
80,165,-303,-2624,-4995,-4363,0,0
-237,137,63,-2227,-4260,-3601,0,0
-529,142,572,-1296,-2632,-2087,0,0
-575,26,1011,-446,-1009,-579,0,0
-409,-227,727,-551,-242,453,0,0
-164,400,-26,-605,-439,704,0,0
17,514,-302,320,-169,591,0,0
245,29,-313,496,19,523,0,0
367,25,-237,451,148,246,0,0
306,-80,-117,390,369,154,0,0
218,133,83,-165,178,-611,0,0
271,359,272,-1112,-911,-1451,0,0
297,514,380,-1743,-3155,-3060,0,0
328,-187,740,-2923,-5410,-4479,0,0
240,-821,1122,-4713,-5782,-5451,0,0
-115,-563,495,-3543,-5120,-5294,0,0
-238,-130,-557,-2963,-5501,-3849,0,0
-107,254,-817,-1851,-4476,-3672,0,0
19,-14,-803,-1314,-3338,-3455,0,0
36,67,-623,-1500,-3254,-3066,0,0
81,-14,-449,-1506,-3161,-3056,0,0
156,-32,-133,-1667,-3552,-2887,0,0
182,-25,339,-1844,-3642,-3179,0,0
151,-252,545,-2042,-3536,-2979,0,0
-25,-155,282,-2140,-3766,-2971,0,0
-194,123,-22,-1787,-3575,-3018,0,0
-173,122,-59,-1701,-3211,-3059,0,0
-2,208,93,-2160,-3190,-3184,0,0
176,183,236,-2335,-3548,-3251,0,0
207,2,266,-2656,-4193,-3586,0,0
88,91,103,-2816,-4938,-4057,0,0
-82,47,-199,-3020,-5738,-4316,0,0
-185,241,-452,-3176,-5844,-4615,0,0
-320,383,-432,-2795,-5056,-4733,0,0
-590,-106,-133,-2060,-3121,-3385,0,0
-712,-455,408,-1029,-1171,-1728,0,0
-545,-607,557,-340,-220,159,0,0
-498,-253,123,44,63,823,0,0
-280,196,76,-64,445,-358,0,0
375,93,335,-438,274,159,0,0
575,307,441,-2328,-75,353,0,0
380,429,275,183,-284,-212,0,0
255,457,-69,795,-760,-110,0,0
101,352,-501,788,-1663,-18,0,0
-43,264,-1117,526,-2781,-1669,0,0
-74,62,-1219,-1311,-4036,-3773,0,0
15,-310,-205,-2353,-4613,-5050,0,0
102,-861,498,-3324,-4162,-5756,0,0
239,-523,363,-3584,-3885,-5317,0,0
429,13,-30,-2068,-3919,-4512,0,0
702,-177,-187,-2301,-4077,-3205,0,0
648,201,-194,-2376,-3970,-2694,0,0
450,273,-203,-4064,-3571,-2698,0,0
336,59,-217,-2156,-3759,-2618,0,0
304,126,-191,-1819,-3812,-2578,0,0
284,-78,-156,-1716,-3930,-2476,0,0
207,-40,-189,-1635,-3963,-2542,0,0
125,138,-133,-1100,-3920,-2699,0,0
55,-25,-54,-1163,-3763,-2603,0,0
-4,19,-15,-1324,-3871,-2597,0,0
3,-89,11,-1409,-4178,-2474,0,0
-46,-223,-50,-1687,-4366,-2819,0,0
-113,-96,-62,-1785,-4507,-3285,0,0
-199,-33,-62,-1780,-4571,-3738,0,0
-330,92,-117,-2352,-4756,-4164,0,0
-421,363,-114,-2437,-4667,-4503,0,0
-317,432,16,-2590,-4771,-4225,0,0
-262,553,325,-2132,-4510,-3667,0,0
-414,248,894,-1764,-3891,-2477,0,0
-614,-307,1722,-1164,-2595,-1484,0,0
-386,-684,1934,-416,-960,-3,0,0
-245,-641,1111,-455,-695,849,0,0
-305,-165,334,22,-1033,221,0,0
-179,-244,134,252,-753,199,0,0
-176,-368,11,-237,-358,185,0,0
-289,40,-165,-236,258,-422,0,0
-294,355,-327,-39,512,-628,0,0
-208,578,-378,-433,117,-1133,0,0
79,567,-375,-1527,-2060,-2318,0,0
465,377,-220,-2715,-4583,-3944,0,0
641,0,22,-4184,-4831,-5433,0,0
637,-66,-204,-3667,-4950,-5024,0,0
397,-298,-865,-2760,-5562,-4051,0,0
109,-46,-1241,-1804,-5107,-3793,0,0
83,18,-1143,-1214,-4091,-3388,0,0
-5,-127,-857,-1262,-2945,-3402,0,0
43,-99,-623,-1212,-2646,-3080,0,0
147,3,-496,-987,-2741,-2410,0,0
185,56,-342,-918,-3082,-2327,0,0
172,184,-140,-748,-3299,-2629,0,0
149,86,58,-963,-3579,-2860,0,0
176,12,168,-1192,-3741,-2775,0,0
114,5,147,-1187,-3949,-2569,0,0
19,1,68,-1340,-4074,-2687,0,0
-6,-45,101,-1320,-4002,-3031,0,0
46,-158,172,-1723,-4152,-3237,0,0
57,-135,263,-1968,-4497,-3476,0,0
8,-155,229,-2106,-4955,-3805,0,0
-135,22,108,-2161,-5491,-4231,0,0
-266,89,-71,-2303,-5918,-4153,0,0
-323,195,-93,-2046,-5833,-4458,0,0
-318,-8,10,-1861,-5064,-3950,0,0
-620,-501,338,-1422,-3172,-2700,0,0
-849,-880,866,-1268,-1278,-2088,0,0
-723,-442,986,-1101,-490,-749,0,0
-679,-102,212,-662,128,326,0,0
-311,410,-369,191,3,-156,0,0
365,215,-168,215,-70,300,0,0
685,101,83,76,178,639,0,0
662,187,72,257,395,228,0,0
604,169,-95,442,-80,194,0,0
504,157,-354,185,-1105,106,0,0
386,107,-668,-165,-2723,-959,0,0
375,-33,-815,-772,-4637,-3106,0,0
389,-547,-356,-2023,-6417,-4080,0,0
235,-812,354,-3516,-6255,-4559,0,0
-94,-448,478,-3477,-5202,-5691,0,0
-120,-50,322,-2934,-4782,-5801,0,0
241,-240,298,-3005,-4970,-3300,0,0
220,109,313,-3312,-4580,-2727,0,0
191,497,239,-2053,-3729,-2758,0,0
244,224,178,-1673,-3407,-2243,0,0
178,152,96,-1472,-3266,-1782,0,0
96,257,-78,-1480,-2925,-1446,0,0
32,362,-249,-1468,-2811,-1441,0,0
63,461,-373,-1345,-2724,-1638,0,0
42,530,-467,-945,-3035,-2040,0,0
-4,536,-469,-715,-3409,-2613,0,0
-69,427,-313,-736,-3779,-2649,0,0
-190,152,-192,-844,-4301,-2907,0,0
-200,-171,-91,-1259,-4969,-3271,0,0
-156,-271,-6,-1516,-5034,-3475,0,0
-179,-385,15,-1813,-5055,-4027,0,0
-89,-300,94,-2143,-5049,-4396,0,0
70,-80,113,-2028,-5271,-4416,0,0
98,8,170,-2156,-5763,-4405,0,0
-38,53,278,-2030,-5339,-3691,0,0
-367,-115,510,-1907,-4320,-2988,0,0
-627,-169,965,-1190,-2670,-1826,0,0
-889,-782,1146,-525,-947,303,0,0
-885,-925,644,-807,-669,778,0,0
-599,-337,-96,-831,-602,652,0,0
-291,-183,-481,-199,-72,245,0,0
-5,-449,-595,-297,190,-118,0,0
130,-12,-557,-124,210,-273,0,0
127,150,-546,-42,249,-427,0,0
122,513,-563,61,-56,-832,0,0
225,833,-458,-337,-1475,-1743,0,0
426,922,-25,-1010,-3434,-3375,0,0
535,136,627,-1707,-5066,-4374,0,0
454,-352,863,-4042,-5805,-4919,0,0
273,104,340,-3171,-5528,-4442,0,0
140,-78,-666,-2536,-5293,-3433,0,0
109,273,-972,-1468,-4730,-2964,0,0
110,78,-838,-1115,-3793,-2970,0,0
92,-20,-576,-1302,-3741,-2953,0,0
19,-95,-109,-1187,-3733,-3347,0,0
31,-463,260,-1757,-3913,-3271,0,0
28,-307,314,-1584,-3979,-3105,0,0
37,-234,225,-1455,-3891,-2776,0,0
-6,-24,165,-1436,-3742,-2422,0,0
-51,56,130,-1219,-3388,-2280,0,0
-14,-97,128,-1414,-3265,-2329,0,0
53,-50,179,-1613,-3345,-2361,0,0
70,-27,240,-1721,-3741,-2728,0,0
36,-50,321,-2107,-4515,-3280,0,0
-95,166,226,-2358,-5160,-3715,0,0
-226,144,34,-2631,-5765,-3880,0,0
-259,203,-325,-2736,-5931,-4489,0,0
-217,400,-627,-2385,-5747,-4599,0,0
-229,235,-661,-2038,-4820,-3992,0,0
-376,-201,-256,-1643,-3213,-2669,0,0
-481,-594,475,-244,-1257,-1601,0,0
-352,-1193,691,-790,204,-50,0,0
-222,-199,342,-1452,1052,-124,0,0
166,810,240,184,894,-47,0,0
483,545,534,-57,30,398,0,0
401,500,736,76,-537,274,0,0
169,436,598,358,-586,199,0,0
-30,342,222,53,-942,213,0,0
-68,201,-296,250,-1331,20,0,0
21,105,-875,177,-3146,-1378,0,0
165,134,-847,-1768,-5270,-3356,0,0
204,65,-139,-2955,-5597,-4504,0,0
20,-430,163,-3883,-5370,-5441,0,0
-106,-15,-90,-2856,-5100,-5738,0,0
-51,127,-248,-1849,-4793,-5040,0,0
176,27,-174,-1446,-4529,-3779,0,0
244,110,122,-1590,-4385,-3549,0,0
153,-31,376,-1216,-4653,-3129,0,0
-9,-342,431,-1184,-5243,-2926,0,0
-191,-503,312,-1805,-4480,-3306,0,0
-287,-317,298,-2071,-3796,-3571,0,0
-304,-240,389,-1735,-3254,-3046,0,0
-279,-131,267,-874,-1629,-1814,0,0
-290,95,63,203,-799,-1313,0,0
-166,415,47,223,-858,-1141,0,0
-79,498,97,-347,-1315,-629,0,0
-160,837,88,-1897,-2010,-1527,0,0
-115,958,208,-1114,-2746,-2677,0,0
97,-84,13,-2393,-4489,-4468,0,0
300,-192,-223,-3175,-6100,-5258,0,0
379,-192,-545,-3093,-6964,-5139,0,0
283,-92,-857,-2899,-5582,-5789,0,0
272,291,-737,-2949,-4275,-5229,0,0
52,380,-258,-2207,-4003,-3595,0,0
-271,-58,393,-1888,-3944,-2481,0,0
-468,-707,1039,-1725,-2881,-1413,0,0
-654,-943,1523,-957,-1195,-524,0,0
-596,-1373,1518,-1287,79,22,0,0
-348,-1224,471,-1214,-262,472,0,0
-350,-418,-392,558,-954,259,0,0
-178,-440,-464,738,-728,-593,0,0
205,-99,-385,238,-7,-517,0,0
289,-20,-352,-254,350,-346,0,0
223,240,-304,-663,24,-935,0,0
249,779,-264,-1566,-1420,-1942,0,0
339,767,-231,-2195,-3048,-3084,0,0
320,426,-87,-3592,-4438,-4308,0,0
221,20,398,-3700,-4726,-5693,0,0
222,-263,-34,-3572,-5889,-4444,0,0
133,395,-483,-2335,-6019,-3912,0,0
162,66,-272,-2031,-5043,-3924,0,0
11,-197,-121,-2506,-4099,-3823,0,0
-172,60,-233,-2272,-3536,-3275,0,0
-176,27,-272,-1667,-3218,-2861,0,0
-90,54,-198,-975,-2742,-2623,0,0
-32,16,-131,-769,-2711,-2261,0,0
85,-81,-53,-988,-2889,-2180,0,0
200,-38,93,-1132,-3133,-2304,0,0
203,-96,143,-1603,-3281,-2519,0,0
143,37,30,-1778,-3532,-2774,0,0
85,70,-114,-3912,-3762,-3044,0,0
163,191,-21,-2155,-4078,-3798,0,0
247,237,150,-2685,-4741,-4034,0,0
65,299,85,-3171,-5119,-4299,0,0
-132,243,-261,-2817,-5698,-4174,0,0
-199,139,-664,-2343,-6053,-3858,0,0
-266,171,-844,-1632,-5439,-3832,0,0
-475,-257,-547,-1739,-3966,-3319,0,0
-776,-999,333,-1850,-2043,-2544,0,0
-641,-1100,1008,-1430,-713,-1234,0,0
-385,-500,690,-662,-46,160,0,0
-259,-12,183,-153,51,-308,0,0
221,395,212,23,0,-438,0,0
569,325,317,61,-202,264,0,0
457,430,356,317,-130,218,0,0
282,314,186,762,24,181,0,0
245,394,-108,720,-707,605,0,0
177,481,-414,390,-1517,196,0,0
134,245,-820,-493,-3552,-1104,0,0
112,80,-724,-2430,-5049,-3521,0,0
255,-655,66,-3573,-5584,-5509,0,0
325,-1261,511,-3990,-5543,-6423,0,0
52,-377,262,-3034,-5797,-6154,0,0
-150,348,25,-2498,-5481,-4987,0,0
88,529,-131,-2540,-4294,-3202,0,0
203,717,-325,-1516,-3500,-2340,0,0
236,319,-237,-988,-3465,-2212,0,0
250,59,42,-1101,-3365,-1892,0,0
162,152,176,-1144,-3025,-2083,0,0
112,50,94,-1336,-2950,-2282,0,0
22,-74,15,-1326,-3018,-2291,0,0
-119,3,46,-1287,-3350,-2706,0,0
-146,-30,24,-1469,-3603,-3003,0,0
-135,37,-49,-1814,-4047,-3265,0,0
-151,114,-74,-2116,-4434,-3913,0,0
-105,137,-77,-2281,-4742,-4427,0,0
22,319,-163,-2235,-5030,-4644,0,0
120,477,-204,-1995,-5195,-4436,0,0
80,540,-154,-1872,-5360,-4255,0,0
-68,543,79,-1916,-5186,-4134,0,0
-283,325,408,-1580,-4533,-3030,0,0
-638,-80,906,-939,-2992,-1966,0,0
-763,-455,1169,-504,-1153,-867,0,0
-578,-792,646,-963,-438,743,0,0
-391,-313,-168,-443,-471,890,0,0
-161,-190,-446,76,-261,548,0,0
57,-459,-351,-341,-148,201,0,0
211,-335,-330,-487,-156,-170,0,0
194,-60,-324,-254,72,-239,0,0
100,141,-368,139,166,-647,0,0
153,334,-439,45,-362,-1449,0,0
383,760,-443,-467,-2407,-2495,0,0
578,846,36,-934,-4334,-4690,0,0
736,227,521,-2185,-5451,-4990,0,0
549,55,568,-2381,-6322,-4512,0,0
249,-122,-80,-2225,-6601,-4093,0,0
174,102,-481,-2077,-5880,-3202,0,0
72,74,-569,-1388,-5119,-3192,0,0
-64,-191,-556,-1295,-4969,-2932,0,0
-91,-304,-511,-1217,-4142,-2653,0,0
-128,-473,-293,-1700,-3246,-3065,0,0
-109,-383,-49,-1426,-3035,-2927,0,0
-125,-448,84,-1038,-3416,-2589,0,0
-61,-417,242,-1269,-3627,-2681,0,0
36,-135,385,-1309,-3345,-2515,0,0
-29,-181,500,-1171,-3456,-2900,0,0
-88,-324,641,-1254,-3731,-2965,0,0
-236,-236,761,-1527,-4335,-3106,0,0
-346,-178,786,-2490,-4835,-3895,0,0
-396,8,550,-3548,-5442,-4260,0,0
-386,195,56,-3687,-5782,-5043,0,0
-302,432,-486,-3114,-5462,-4724,0,0
-512,542,-576,-1998,-3980,-3929,0,0
-701,-125,-189,-1148,-2042,-2942,0,0
-543,-861,562,-1102,-1182,-1290,0,0
-430,-1216,811,-890,-241,86,0,0
-397,-2440,423,-617,399,-226,0,0
-56,166,248,-171,102,-690,0,0
563,573,403,-153,-77,250,0,0
616,447,429,358,-259,543,0,0
392,353,442,265,-263,-115,0,0
272,520,334,752,-311,107,0,0
177,153,-81,251,-1166,81,0,0
175,57,-657,-623,-2659,-1331,0,0
310,-119,-793,-1839,-4148,-2818,0,0
355,-735,-195,-3879,-4901,-3711,0,0
242,-776,232,-4717,-4677,-4808,0,0
113,-471,198,-4111,-4637,-5485,0,0
146,131,187,-3399,-4493,-5543,0,0
272,112,109,-3048,-4671,-3857,0,0
221,211,-92,-3154,-4334,-3219,0,0
211,365,-259,-2210,-3917,-3076,0,0
251,80,-326,-1862,-3948,-2489,0,0
146,113,-286,-1878,-3968,-2514,0,0
31,-47,-222,-2167,-3879,-2771,0,0
-65,-118,-220,-2493,-3867,-2931,0,0
-120,-2,-227,-2262,-3504,-2871,0,0
-91,-120,-251,-1992,-3277,-2682,0,0
-39,30,-289,-1362,-2890,-2247,0,0
-62,69,-310,-1048,-2360,-1964,0,0
-92,63,-296,-1069,-2108,-1732,0,0
-106,162,-315,-1035,-2033,-1653,0,0
-58,207,-399,-1104,-2336,-1751,0,0
7,351,-429,-1138,-3252,-2742,0,0
-12,514,-259,-1506,-4352,-6192,0,0
-107,415,72,-2562,-5172,-5223,0,0
-152,416,143,-3138,-5584,-5279,0,0
-102,559,26,-2525,-6404,-4546,0,0
-225,521,179,-3736,-5804,-3609,0,0
-550,223,777,-761,-3946,-3200,0,0
-710,-417,1508,-489,-2419,-1472,0,0
-707,-1611,1749,-767,-1149,-254,0,0
-463,-1847,1236,-1016,-566,-21,0,0
-224,-803,370,-586,-818,539,0,0
-164,-267,-171,110,-722,458,0,0
-113,-485,-405,-165,-238,41,0,0
-18,-341,-495,-553,171,-587,0,0
120,-48,-457,-465,232,-443,0,0
136,174,-366,-595,204,-857,0,0
243,617,-318,-915,-565,-2022,0,0
470,890,-212,-1636,-2563,-3086,0,0
494,650,202,-3051,-4658,-3733,0,0
274,125,823,-4343,-5147,-5391,0,0
194,-207,773,-4120,-5700,-5260,0,0
75,-33,-52,-3841,-6669,-4280,0,0
19,186,-518,-3251,-5808,-3823,0,0
-12,73,-788,-2846,-4151,-3922,0,0
46,88,-918,-2418,-3608,-3695,0,0
119,-19,-804,-1841,-3199,-3316,0,0
117,-123,-507,-1785,-3136,-2901,0,0
20,-70,-250,-1521,-2911,-2358,0,0
-50,-269,-222,-1426,-2802,-1862,0,0
-57,-199,-305,-1254,-2589,-1653,0,0
-63,-148,-346,-1054,-2355,-1660,0,0
-42,-185,-393,-1260,-2177,-1533,0,0
4,6,-471,-935,-2139,-1522,0,0
117,7,-503,-882,-2465,-1564,0,0
158,130,-455,-861,-2745,-2154,0,0
199,147,-313,-1067,-3551,-2858,0,0
137,165,-97,-1251,-4217,-3174,0,0
-24,195,147,-1625,-4737,-3850,0,0
-159,239,401,-2045,-5260,-4369,0,0
-372,162,477,-2533,-5683,-4664,0,0
-453,120,213,-2294,-5794,-4952,0,0
-304,-80,-126,-1971,-5531,-4614,0,0
-186,-311,-192,-2348,-5329,-3787,0,0
-250,-652,78,-2192,-3993,-2612,0,0
-269,-1359,622,-1815,-2147,-1579,0,0
-149,-1386,1135,-1670,-909,-873,0,0
-52,-534,1159,-945,297,-236,0,0
-113,104,656,-238,579,161,0,0
-79,372,372,-209,-88,-124,0,0
99,617,427,122,-310,-2264,0,0
235,471,441,434,-534,-137,0,0
233,567,222,290,-632,-110,0,0
143,523,-259,38,-976,-520,0,0
173,522,-836,-897,-2420,-1759,0,0
102,755,-1298,-1988,-4071,-3367,0,0
138,373,-728,-2496,-5582,-3872,0,0
127,-572,220,-4136,-6199,-5095,0,0
-104,-349,548,-3955,-5458,-6944,0,0
-179,-92,243,-3554,-4836,-6883,0,0
162,206,-165,-2853,-4392,-3855,0,0
298,355,-341,-1838,-3367,-2517,0,0
379,160,-418,-1494,-2727,-2307,0,0
426,213,-438,-935,-2564,-1960,0,0
356,136,-350,-556,-2448,-1591,0,0
201,-14,-122,-885,-2377,-1620,0,0
117,-62,106,-985,-2434,-1699,0,0
118,-192,205,-1277,-2745,-1732,0,0
132,4,175,-1347,-2861,-1882,0,0
119,63,62,-1134,-3159,-2059,0,0
74,26,-71,-1178,-3413,-2332,0,0
34,95,-84,-1073,-3661,-2701,0,0
16,-54,-7,-1154,-3914,-2968,0,0
-42,-230,188,-1763,-4477,-3518,0,0
-112,-107,316,-2381,-5051,-4299,0,0
-194,-131,177,-3009,-5542,-4517,0,0
-304,200,46,-2867,-5466,-5065,0,0
-267,408,45,-2981,-5470,-4935,0,0
-321,544,295,-3454,-5126,-4567,0,0
-571,271,640,-3112,-3898,-3557,0,0
-718,-18,1025,-1662,-2938,-2208,0,0
-495,-710,1282,-157,-2410,280,0,0
-331,-1556,976,-190,-1766,1659,0,0
-379,-1217,-13,-461,-1100,381,0,0
-303,-403,-831,-5,-716,-399,0,0
-233,-93,-1033,-38,-315,-294,0,0
-121,41,-1136,-450,-227,-2376,0,0
-37,428,-1231,-884,16,-439,0,0
22,815,-1130,-347,252,-583,0,0
184,891,-861,-420,413,-1604,0,0
563,1191,-474,-1164,-775,-2134,0,0
734,834,305,-1816,-2538,-2803,0,0
687,-28,892,-2635,-4194,-4740,0,0
630,-459,971,-2650,-6365,-4860,0,0
331,-422,396,-2940,-7037,-4223,0,0
98,-126,-152,-2368,-6343,-3960,0,0
45,-245,-432,-2160,-5552,-3675,0,0
87,-142,-459,-1838,-5044,-3411,0,0
21,-146,-177,-1491,-4295,-3791,0,0
24,-229,127,-2031,-4019,-3414,0,0
-52,-6,286,-2169,-4072,-3164,0,0
-104,44,202,-1999,-4294,-3309,0,0
-18,189,57,-1873,-4437,-3117,0,0
33,302,-74,-2213,-4494,-3001,0,0
-15,354,-123,-2328,-4388,-3306,0,0
-71,410,-157,-2380,-4391,-3727,0,0
-51,459,-103,-2368,-4590,-3552,0,0
-180,134,161,-1860,-3674,-2229,0,0
-576,-786,771,-927,-1499,-1091,0,0
-712,-1385,1372,-619,-501,-638,0,0
-530,-1169,1391,-791,-386,-845,0,0
-312,-218,730,-272,-709,-482,0,0
-229,269,155,-323,-1237,-257,0,0
-105,469,-207,-549,-1161,-668,0,0
38,764,-541,-825,-1476,-1420,0,0
49,1005,-507,-1400,-2379,-2495,0,0
-153,506,186,-1658,-3322,-3467,0,0
-568,-615,1198,-2396,-3625,-3357,0,0
-1227,-3088,2276,-1993,-2913,-3165,0,0
-2005,-1244,3015,-2392,-1273,-2346,0,0
-2454,-433,3511,-1329,261,-2011,0,0
-2387,-995,4024,70,1341,-2071,0,0
-2067,-2186,4495,-926,2006,-1278,0,0
-1753,-2143,4878,-2566,3331,-950,0,0
-1639,-1633,4714,-2593,3635,-15,0,0
-2003,-2071,4873,-2042,5009,1118,0,0
-2310,-2907,5600,-2711,8113,706,0,0
-1883,-1527,5903,-4556,8666,-567,0,0
-1375,2477,4373,-2996,5636,-817,0,0
-1619,2995,1730,-1061,4984,-1072,0,0
-1503,670,6,-1399,5452,-1186,0,0
-953,-564,-405,-1608,4525,-856,0,0
-484,-618,-393,-1662,3781,-457,0,0
-136,-329,-442,-1429,3529,-259,0,0
204,-302,-557,-1091,3628,83,0,0
458,-785,-775,-888,3891,602,0,0
483,-1277,-1010,-564,4022,712,0,0
453,-1418,-1098,-205,3971,841,0,0
415,-1246,-984,21,3794,889,0,0
339,-712,-691,14,3641,878,0,0
254,-142,-392,100,3904,723,0,0
222,163,-126,29,4279,586,0,0
190,223,52,145,4085,178,0,0
163,-333,128,-184,3635,147,0,0
173,-504,270,-606,3713,278,0,0
210,-221,460,-767,3995,302,0,0
238,-208,493,-882,4094,188,0,0
316,-407,319,-962,3802,55,0,0
420,-523,48,-858,3646,-66,0,0
513,-508,-33,-553,3979,-259,0,0
500,-465,129,-489,4179,-463,0,0
347,-490,113,-680,3781,-581,0,0
207,-355,-11,-701,3305,-716,0,0
218,-334,-6,-738,3419,-733,0,0
288,-463,19,-1036,3657,-549,0,0
234,-371,-61,-1201,3776,-327,0,0
81,53,-179,-1070,3685,-444,0,0
-29,438,-299,-720,3551,-614,0,0
-46,530,-321,-438,3533,-665,0,0
-55,428,-283,-595,3449,-551,0,0
-125,346,-263,-770,3601,-424,0,0
-205,456,-263,-948,3807,-421,0,0
-234,797,-279,-916,3936,-624,0,0
-187,887,-281,-944,4429,-731,0,0
12,854,-254,-897,4433,-603,0,0
197,607,-330,-726,3779,-432,0,0
200,48,-434,-839,3746,-383,0,0
164,-172,-368,-1074,3781,-447,0,0
177,111,-227,-1136,3687,-454,0,0
169,437,-154,-1068,3665,-499,0,0
136,535,-123,-1031,3734,-554,0,0
120,527,-57,-1050,3772,-612,0,0
135,508,33,-1021,3889,-602,0,0
179,328,33,-916,3889,-559,0,0
169,-87,-87,-890,3698,-520,0,0
85,-374,-164,-1008,3563,-476,0,0
-5,-239,-68,-1136,3624,-441,0,0
-62,123,151,-1152,3625,-517,0,0
-101,356,285,-1118,3504,-575,0,0
-147,349,279,-1120,3708,-578,0,0
-172,252,285,-1137,3921,-605,0,0
-167,192,291,-1163,3869,-617,0,0
-162,171,230,-1195,3842,-645,0,0
-142,191,109,-1140,3809,-643,0,0
-120,99,-29,-1033,3741,-635,0,0
-119,-95,-92,-1075,3698,-635,0,0
-122,-111,-60,-1147,3720,-578,0,0
-117,42,-14,-1095,3727,-597,0,0
-106,68,-14,-1054,3809,-629,0,0
-63,-19,-44,-1016,3887,-593,0,0
-27,-165,-92,-982,3772,-566,0,0
-31,-266,-113,-1035,3765,-558,0,0
-40,-166,-71,-1072,3758,-550,0,0
-35,-35,-51,-1016,3694,-557,0,0
-36,-69,-51,-1014,3737,-548,0,0
-32,-78,0,-1053,3756,-535,0,0
-19,-24,42,-1069,3766,-548,0,0
-8,-23,42,-1093,3805,-559,0,0
11,-26,19,-1083,3796,-542,0,0
16,-37,-12,-1072,3804,-554,0,0
32,-23,-28,-1069,3763,-553,0,0
59,-20,-46,-1034,3727,-539,0,0
66,-70,-70,-1024,3731,-491,0,0
57,-79,-81,-1029,3737,-464,0,0
45,-41,-61,-1036,3782,-450,0,0
32,-14,-27,-1024,3761,-453,0,0
15,-32,-9,-1029,3752,-486,0,0
1,-37,7,-1046,3741,-515,0,0
-14,-37,22,-1039,3756,-543,0,0
-24,-44,38,-1075,3741,-557,0,0
-23,-5,53,-1088,3769,-559,0,0
-17,-11,37,-1074,3775,-552,0,0
-14,-57,1,-1087,3750,-553,0,0
-10,-54,1,-1081,3775,-549,0,0
-2,-42,22,-1060,3701,-552,0,0
-2,-44,28,-1071,3705,-549,0,0
2,-25,48,-1069,3762,-548,0,0
2,-18,70,-1074,3764,-559,0,0
-4,2,65,-1088,3784,-574,0,0
9,47,52,-1054,3781,-587,0,0
22,32,25,-1020,3724,-586,0,0
25,-20,0,-1040,3719,-568,0,0
30,8,21,-1031,3726,-574,0,0
32,38,47,-1025,3759,-565,0,0
34,30,36,-1031,3753,-559,0,0
30,26,17,-1017,3738,-556,0,0
27,29,16,-1009,3746,-535,0,0
20,30,26,-1005,3709,-552,0,0
21,28,16,-998,3659,-537,0,0
34,-22,-13,-974,3658,-489,0,0
14,-89,-26,-997,3698,-441,0,0
-33,-31,10,-1046,3745,-476,0,0
-54,50,26,-1023,3764,-537,0,0
-57,-13,-7,-1022,3792,-585,0,0
-55,-40,-31,-1039,3744,-599,0,0
-47,1,-36,-1001,3747,-586,0,0
-39,-5,-15,-1002,3787,-592,0,0
-35,14,21,-1037,3798,-612,0,0
-8,53,9,-1028,3777,-623,0,0
24,-12,-43,-989,3725,-567,0,0
27,-74,-40,-1021,3709,-520,0,0
8,-3,15,-1060,3785,-512,0,0
-12,64,32,-1068,3834,-540,0,0
-24,64,0,-1062,3813,-564,0,0
-27,74,-8,-1060,3789,-568,0,0
-18,113,23,-1056,3797,-589,0,0
-10,147,55,-1063,3821,-586,0,0
12,157,47,-1029,3763,-572,0,0
26,100,4,-991,3696,-525,0,0
20,63,9,-982,3709,-489,0,0
4,92,64,-981,3697,-497,0,0
-11,111,90,-1007,3713,-545,0,0
-15,139,70,-1041,3728,-625,0,0
2,197,30,-1024,3712,-719,0,0
43,202,0,-979,3755,-791,0,0
88,152,7,-1003,3834,-806,0,0
142,150,25,-996,3843,-790,0,0
185,120,-30,-948,3752,-737,0,0
188,27,-102,-931,3789,-673,0,0
183,8,-94,-911,3720,-658,0,0
166,16,-70,-893,3621,-673,0,0
142,6,-58,-903,3667,-707,0,0
125,6,-25,-911,3761,-716,0,0
99,-26,-1,-901,3746,-701,0,0
46,-68,-12,-926,3676,-686,0,0
-16,5,9,-963,3682,-724,0,0
-32,155,62,-922,3677,-770,0,0
-35,121,72,-901,3678,-787,0,0
-54,7,79,-964,3744,-808,0,0
-68,48,107,-1012,3780,-838,0,0
-60,134,110,-972,3782,-882,0,0
-33,92,82,-926,3748,-898,0,0
-9,-17,60,-931,3731,-880,0,0
12,-51,51,-937,3735,-850,0,0
18,-36,50,-935,3750,-848,0,0
28,-11,53,-927,3706,-847,0,0
40,-12,31,-923,3651,-847,0,0
57,-30,-3,-903,3665,-843,0,0
77,-60,-17,-890,3700,-848,0,0
90,-114,-35,-877,3683,-835,0,0
86,-173,-73,-884,3676,-819,0,0
61,-148,-84,-888,3694,-818,0,0
32,-87,-67,-860,3680,-831,0,0
1,-78,-48,-865,3726,-851,0,0
-16,-57,-12,-883,3803,-881,0,0
-13,-27,9,-884,3718,-903,0,0
-10,-56,-4,-884,3649,-873,0,0
-21,-71,32,-902,3733,-869,0,0
-37,2,98,-924,3796,-887,0,0
-41,34,103,-919,3800,-952,0,0
-18,8,62,-876,3771,-988,0,0
9,-44,50,-848,3743,-979,0,0
20,-63,84,-872,3809,-983,0,0
28,-19,122,-875,3852,-1003,0,0
45,-1,99,-860,3736,-1004,0,0
46,-11,48,-864,3635,-984,0,0
45,46,59,-864,3679,-1003,0,0
62,82,97,-864,3712,-1012,0,0
77,41,71,-893,3691,-1008,0,0
84,21,3,-894,3666,-975,0,0
88,30,-28,-856,3671,-949,0,0
88,2,-33,-833,3674,-927,0,0
72,-49,-48,-857,3672,-919,0,0
54,-16,-63,-849,3638,-932,0,0
35,5,-87,-820,3620,-935,0,0
13,-15,-99,-813,3678,-952,0,0
-6,-24,-73,-810,3673,-970,0,0
-26,-37,-50,-831,3669,-987,0,0
-39,-36,-46,-843,3710,-995,0,0
-43,-24,-37,-836,3708,-1010,0,0
-40,-36,-28,-834,3698,-1013,0,0
-36,-78,-18,-856,3746,-1024,0,0
-32,-63,7,-881,3698,-1013,0,0
-11,-46,9,-866,3608,-978,0,0
5,-117,-7,-875,3561,-913,0,0
-5,-143,18,-928,3653,-877,0,0
-22,-85,77,-967,3760,-888,0,0
-37,-94,74,-988,3792,-903,0,0
-53,-124,26,-1036,3776,-923,0,0
-56,-50,6,-1017,3703,-955,0,0
-44,-37,-8,-968,3653,-964,0,0
-34,-104,-8,-998,3657,-978,0,0
-21,-84,16,-1013,3649,-996,0,0
1,-76,4,-992,3643,-981,0,0
23,-125,-41,-977,3677,-959,0,0
34,-163,-62,-969,3733,-917,0,0
34,-173,-56,-954,3734,-868,0,0
10,-167,-39,-965,3719,-841,0,0
-37,-99,-8,-967,3680,-833,0,0
-80,-3,30,-945,3668,-872,0,0
-96,30,63,-938,3745,-921,0,0
-83,38,96,-953,3741,-947,0,0
-57,28,109,-973,3706,-963,0,0
-31,-6,85,-987,3661,-929,0,0
-11,-20,66,-988,3681,-895,0,0
1,-13,72,-996,3713,-860,0,0
11,-30,62,-1003,3708,-839,0,0
19,-52,25,-1006,3700,-811,0,0
16,-55,-7,-993,3693,-791,0,0
3,-50,-27,-980,3672,-791,0,0
-11,-42,-44,-964,3679,-774,0,0
-24,-30,-45,-957,3708,-765,0,0
-47,3,-44,-951,3729,-770,0,0
-71,40,-68,-922,3702,-761,0,0
-96,56,-85,-886,3736,-777,0,0
-126,81,-56,-894,3728,-795,0,0
-149,130,-8,-913,3693,-831,0,0
-156,175,28,-921,3733,-852,0,0
-159,176,25,-910,3670,-805,0,0
-194,110,-17,-950,3673,-706,0,0
-265,151,23,-1009,3858,-621,0,0
-303,368,158,-1053,3888,-588,0,0
-295,602,272,-1002,3989,-619,0,0
-255,610,296,-940,4089,-693,0,0
-184,488,260,-937,4053,-712,0,0
-100,411,194,-876,4032,-689,0,0
-42,343,121,-816,3949,-682,0,0
-14,338,72,-788,3811,-631,0,0
-11,395,71,-727,3676,-602,0,0
-38,402,92,-697,3593,-524,0,0
-78,398,143,-691,3588,-455,0,0
-95,456,196,-676,3542,-428,0,0
-87,439,190,-589,3542,-415,0,0
-51,199,118,-569,3551,-392,0,0
-34,-38,25,-650,3610,-318,0,0
-52,-77,-79,-704,3778,-272,0,0
-72,3,-184,-717,3989,-355,0,0
-31,48,-274,-651,4041,-465,0,0
69,-111,-386,-557,3907,-502,0,0
122,-430,-474,-591,3749,-480,0,0
100,-494,-431,-730,3604,-443,0,0
32,-266,-304,-774,3540,-483,0,0
-56,-113,-209,-796,3638,-593,0,0
-120,-106,-145,-893,3784,-642,0,0
-129,-76,-103,-926,3839,-633,0,0
-144,-135,-118,-924,3834,-655,0,0
-172,-240,-141,-1056,3864,-653,0,0
-144,-63,-115,-1084,3866,-623,0,0
-78,96,-105,-1015,3881,-567,0,0
-32,77,-114,-1008,3813,-487,0,0
8,61,-115,-1072,3799,-408,0,0
41,112,-118,-1062,3788,-417,0,0
67,62,-114,-1059,3766,-384,0,0
73,-13,-88,-1077,3776,-371,0,0
39,-49,-63,-1092,3805,-414,0,0
4,-60,-56,-1123,3789,-488,0,0
13,-51,-56,-1128,3723,-502,0,0
25,-49,-47,-1127,3680,-481,0,0
16,-42,5,-1160,3700,-453,0,0
6,-22,77,-1192,3727,-474,0,0
20,-10,113,-1186,3790,-466,0,0
11,-36,83,-1168,3774,-434,0,0
-32,-61,26,-1195,3711,-441,0,0
-55,-13,17,-1211,3722,-511,0,0
-33,3,14,-1191,3755,-498,0,0
-4,-47,-5,-1169,3742,-463,0,0
2,-86,-18,-1173,3709,-417,0,0
-4,-82,-20,-1158,3681,-422,0,0
-19,-80,-10,-1147,3735,-435,0,0
-20,-93,28,-1184,3758,-473,0,0
-2,-86,45,-1232,3745,-504,0,0
31,-66,-1,-1202,3757,-462,0,0
44,-62,-42,-1130,3784,-395,0,0
16,-79,-9,-1155,3758,-381,0,0
-16,-65,46,-1238,3789,-435,0,0
-21,-6,56,-1240,3784,-483,0,0
-21,38,19,-1189,3694,-497,0,0
-23,71,-21,-1130,3622,-494,0,0
-12,91,-26,-1102,3674,-477,0,0
22,71,-5,-1103,3739,-432,0,0
34,9,-12,-1125,3775,-354,0,0
18,-8,-26,-1074,3769,-320,0,0
-24,-79,-24,-1060,3774,-308,0,0
-62,-151,-7,-1098,3738,-331,0,0
-85,-154,21,-1135,3665,-420,0,0
-76,-170,30,-1181,3648,-443,0,0
-33,-198,30,-1198,3678,-391,0,0
-17,-196,74,-1207,3727,-338,0,0
-37,-173,159,-1297,3780,-330,0,0
-55,-109,194,-1353,3768,-374,0,0
-67,-63,141,-1345,3857,-450,0,0
-35,-33,49,-1316,3851,-420,0,0
5,34,-12,-1218,3815,-405,0,0
31,90,23,-1128,3832,-380,0,0
41,88,72,-1130,3779,-329,0,0
27,98,70,-1111,3755,-269,0,0
-19,80,28,-1124,3722,-237,0,0
-69,122,19,-1126,3705,-255,0,0
-87,170,63,-1139,3741,-315,0,0
-66,180,94,-1191,3812,-395,0,0
-10,162,54,-1176,3824,-413,0,0
35,108,-18,-1129,3795,-352,0,0
41,73,-61,-1084,3804,-356,0,0
42,77,-66,-1089,3788,-375,0,0
61,89,-67,-1037,3708,-378,0,0
79,37,-74,-1014,3737,-353,0,0
82,9,-49,-1018,3785,-317,0,0
69,30,-28,-1010,3804,-347,0,0
50,57,-13,-1007,3823,-376,0,0
41,104,-12,-988,3782,-410,0,0
30,131,-21,-956,3702,-424,0,0
10,117,-14,-955,3675,-449,0,0
2,140,29,-966,3665,-466,0,0
14,148,77,-953,3736,-463,0,0
33,70,106,-992,3799,-494,0,0
64,2,80,-1001,3759,-462,0,0
74,-45,22,-956,3735,-442,0,0
56,-55,27,-944,3750,-494,0,0
52,-36,69,-948,3737,-538,0,0
81,-59,80,-962,3737,-589,0,0
109,-101,79,-993,3816,-577,0,0
128,-117,83,-1025,3799,-574,0,0
138,-105,52,-996,3635,-585,0,0
148,-125,-7,-909,3516,-571,0,0
145,-182,-30,-857,3550,-543,0,0
121,-211,-6,-830,3776,-646,0,0
125,-244,25,-808,3958,-882,0,0
156,-420,44,-951,3984,-871,0,0
115,-432,17,-1231,3836,-749,0,0
60,-16,-32,-1193,3783,-813,0,0
81,273,-68,-910,3617,-784,0,0
83,191,-51,-734,3617,-697,0,0
20,-53,27,-886,3824,-698,0,0
-30,-126,85,-1123,3824,-801,0,0
-35,-50,65,-1189,3669,-784,0,0
-53,15,37,-1135,3620,-782,0,0
-31,37,68,-1114,3662,-802,0,0
13,88,103,-1073,3692,-748,0,0
37,164,103,-974,3731,-768,0,0
72,195,66,-915,3690,-724,0,0
66,128,1,-872,3682,-634,0,0
49,33,-32,-861,3728,-726,0,0
50,-55,-19,-979,3815,-829,0,0
84,-71,-18,-1029,3839,-799,0,0
99,-43,-37,-985,3777,-733,0,0
85,15,-45,-925,3741,-788,0,0
90,-6,-75,-874,3676,-776,0,0
73,-9,-88,-794,3728,-811,0,0
68,-79,-47,-759,3730,-874,0,0
75,-191,-39,-829,3641,-868,0,0
68,-227,-40,-840,3649,-878,0,0
55,-322,-22,-993,3702,-913,0,0
59,-349,-26,-1137,3752,-941,0,0
67,-257,-38,-1127,3763,-927,0,0
58,-156,-35,-1030,3714,-909,0,0
25,-125,-23,-1031,3698,-877,0,0
-15,-88,9,-1093,3702,-892,0,0
-34,-36,42,-1126,3711,-913,0,0
-21,-23,47,-1182,3711,-888,0,0
-12,-5,19,-1178,3683,-867,0,0
-16,21,-2,-1142,3664,-852,0,0
-18,39,12,-1129,3684,-858,0,0
-22,60,24,-1129,3689,-843,0,0
-34,94,20,-1100,3717,-881,0,0
-38,127,23,-1086,3706,-880,0,0
-31,152,20,-1052,3685,-903,0,0
-20,93,8,-1033,3709,-909,0,0
-1,19,10,-1052,3673,-898,0,0
30,13,11,-1035,3627,-872,0,0
43,-22,0,-1039,3635,-810,0,0
33,-32,14,-1056,3685,-803,0,0
16,8,52,-1075,3643,-801,0,0
8,18,50,-1053,3588,-799,0,0
7,-29,46,-1076,3624,-788,0,0
3,-35,68,-1104,3669,-774,0,0
-8,-20,66,-1106,3691,-811,0,0
-14,-44,23,-1117,3708,-870,0,0
2,-73,-18,-1115,3690,-937,0,0
57,-116,-65,-1077,3570,-934,0,0
101,-264,-145,-1017,3496,-832,0,0
85,-434,-181,-1039,3537,-749,0,0
16,-383,-94,-1157,3628,-782,0,0
-36,-80,47,-1188,3643,-861,0,0
-34,169,109,-1117,3665,-920,0,0
-6,149,111,-1064,3728,-959,0,0
12,-14,125,-1105,3733,-920,0,0
8,-58,139,-1173,3749,-875,0,0
-9,39,142,-1189,3762,-878,0,0
-6,140,95,-1152,3739,-869,0,0
4,129,15,-1079,3688,-857,0,0
11,26,-43,-1064,3703,-813,0,0
4,-22,-45,-1063,3701,-785,0,0
-21,2,-21,-1062,3653,-783,0,0
-48,45,-4,-1054,3654,-772,0,0
-74,75,7,-1037,3713,-788,0,0
-90,96,25,-1022,3767,-810,0,0
-95,96,29,-1010,3753,-827,0,0
-95,90,22,-991,3740,-858,0,0
-81,87,26,-984,3706,-875,0,0
-64,75,27,-971,3675,-868,0,0
-54,49,37,-967,3717,-861,0,0
-46,55,75,-985,3737,-866,0,0
-36,76,91,-989,3722,-859,0,0
-19,75,70,-989,3717,-851,0,0
0,67,53,-976,3749,-843,0,0
16,48,44,-970,3705,-830,0,0
22,26,28,-978,3715,-822,0,0
32,36,24,-962,3734,-822,0,0
47,17,8,-953,3701,-815,0,0
45,-30,-32,-956,3690,-795,0,0
36,-26,-47,-940,3715,-803,0,0
31,-8,-40,-917,3694,-808,0,0
28,-39,-52,-911,3662,-798,0,0
11,-56,-66,-917,3674,-798,0,0
-14,-23,-44,-917,3698,-814,0,0
-24,-10,-13,-909,3690,-840,0,0
-33,-37,-7,-942,3738,-849,0,0
-37,-15,12,-969,3729,-880,0,0
-32,25,23,-970,3665,-893,0,0
-28,8,4,-994,3692,-875,0,0
-30,41,27,-1015,3802,-920,0,0
-17,84,56,-1005,3803,-926,0,0
9,27,2,-1000,3715,-895,0,0
21,1,-55,-993,3710,-860,0,0
20,50,-36,-972,3734,-850,0,0
20,47,-6,-970,3690,-822,0,0
11,39,-4,-989,3704,-825,0,0
2,72,4,-985,3732,-836,0,0
13,65,1,-964,3687,-827,0,0
18,11,-35,-986,3644,-797,0,0
6,30,-48,-1001,3711,-784,0,0
-8,60,-20,-981,3703,-809,0,0
-16,27,-4,-992,3692,-819,0,0
-16,-4,-16,-992,3659,-816,0,0
-28,3,-28,-1004,3665,-820,0,0
-42,44,-10,-997,3679,-834,0,0
-51,49,21,-996,3707,-856,0,0
-47,45,39,-1010,3727,-877,0,0
-25,32,18,-996,3667,-869,0,0
-12,-27,-23,-996,3620,-840,0,0
-7,-33,-14,-999,3596,-826,0,0
-4,-24,20,-1013,3587,-821,0,0
3,-53,23,-1040,3642,-845,0,0
15,-94,8,-1068,3695,-841,0,0
12,-90,-14,-1109,3724,-845,0,0
5,-16,-59,-1082,3717,-835,0,0
2,-5,-112,-1050,3768,-857,0,0
6,5,-112,-1028,3729,-886,0,0
24,17,-97,-1027,3648,-873,0,0
30,19,-83,-1024,3662,-855,0,0
11,29,-40,-1050,3747,-861,0,0
-10,67,8,-1095,3781,-896,0,0
-7,92,0,-1085,3737,-901,0,0
5,57,-41,-1047,3682,-892,0,0
6,43,-43,-1048,3685,-861,0,0
-1,75,-7,-1029,3677,-824,0,0
-26,94,21,-1035,3704,-842,0,0
-48,140,52,-1044,3711,-881,0,0
-31,142,61,-1019,3662,-898,0,0
-5,56,39,-1026,3642,-872,0,0
-1,19,36,-1062,3680,-853,0,0
-10,53,60,-1064,3710,-862,0,0
-11,35,47,-1052,3664,-880,0,0
-6,-15,6,-1045,3647,-873,0,0
-7,-23,-2,-1033,3668,-867,0,0
-13,-19,17,-1033,3673,-854,0,0
-24,-22,17,-1038,3708,-879,0,0
-21,-24,2,-1008,3702,-872,0,0
-3,-63,-6,-992,3662,-858,0,0
-6,-87,-3,-1004,3625,-829,0,0
-29,-64,18,-1010,3648,-820,0,0
-49,-30,58,-1025,3698,-838,0,0
-63,-25,75,-1044,3704,-873,0,0
-66,-40,49,-1064,3702,-885,0,0
-59,-25,30,-1060,3706,-899,0,0
-48,-15,39,-1053,3714,-900,0,0
-35,-30,30,-1074,3744,-897,0,0
-29,-20,2,-1075,3754,-893,0,0
-14,18,-8,-1039,3714,-916,0,0
6,27,-7,-1022,3658,-912,0,0
25,17,-6,-1011,3669,-887,0,0
35,16,8,-1016,3692,-857,0,0
33,33,21,-1021,3679,-827,0,0
27,31,12,-1023,3690,-805,0,0
14,43,9,-1032,3695,-802,0,0
4,69,11,-1008,3686,-809,0,0
7,21,-18,-976,3687,-793,0,0
-13,-22,-33,-996,3741,-793,0,0
-33,49,5,-1005,3704,-827,0,0
-34,66,5,-998,3685,-853,0,0
-24,-9,-44,-1022,3740,-865,0,0
-13,-6,-47,-1038,3721,-877,0,0
0,30,-28,-1009,3687,-885,0,0
8,-15,-32,-1030,3691,-875,0,0
7,17,-19,-1023,3703,-889,0,0
7,40,1,-1010,3739,-889,0,0
17,23,-3,-998,3732,-883,0,0
21,-2,-13,-996,3729,-915,0,0
32,-5,-6,-1017,3739,-942,0,0
72,-30,-6,-1005,3660,-915,0,0
78,-97,-28,-1032,3648,-880,0,0
62,-55,-14,-1067,3670,-861,0,0
51,36,36,-1047,3658,-866,0,0
41,23,48,-1054,3652,-859,0,0
24,13,30,-1084,3659,-863,0,0
11,45,23,-1069,3664,-872,0,0
6,43,16,-1059,3657,-886,0,0
-1,20,3,-1054,3692,-903,0,0
-9,22,-3,-1059,3678,-923,0,0
-6,48,-15,-1032,3656,-945,0,0
3,34,-30,-1006,3634,-936,0,0
5,18,-30,-1020,3656,-924,0,0
6,38,15,-1022,3686,-927,0,0
13,15,17,-1023,3645,-903,0,0
13,-16,-6,-1025,3629,-886,0,0
7,-9,9,-1021,3638,-856,0,0
-4,-11,40,-1037,3664,-840,0,0
-21,-6,51,-1052,3706,-865,0,0
-34,7,45,-1064,3673,-888,0,0
-22,-10,11,-1030,3629,-886,0,0
-17,-66,-16,-1023,3679,-854,0,0
-37,-54,0,-1052,3727,-862,0,0
-56,-9,7,-1030,3728,-896,0,0
-68,-24,-24,-1006,3705,-929,0,0
-65,-5,-30,-977,3676,-960,0,0
-50,7,-4,-952,3618,-973,0,0
-33,-20,18,-970,3609,-956,0,0
-29,-8,42,-993,3671,-929,0,0
-40,21,69,-1024,3745,-923,0,0
-54,56,71,-1042,3745,-930,0,0
-51,62,29,-1025,3741,-941,0,0
-41,35,-15,-1009,3671,-925,0,0
-31,33,-19,-983,3656,-896,0,0
-26,35,8,-987,3702,-889,0,0
-23,34,12,-992,3714,-885,0,0
-24,20,-11,-983,3712,-876,0,0
-28,24,-16,-976,3706,-879,0,0
-25,42,6,-964,3663,-877,0,0
-27,20,15,-976,3695,-866,0,0
-32,34,25,-1003,3727,-871,0,0
-24,52,28,-996,3723,-884,0,0
-13,9,3,-995,3666,-857,0,0
-8,-9,-9,-991,3662,-828,0,0
-12,18,25,-1009,3726,-817,0,0
-14,28,48,-1019,3726,-807,0,0
-24,0,20,-1021,3697,-795,0,0
-42,25,11,-1019,3698,-802,0,0
-43,54,32,-999,3666,-806,0,0
-39,14,26,-1008,3686,-810,0,0
-42,22,23,-1020,3752,-797,0,0
-40,49,32,-1002,3776,-812,0,0
-40,24,6,-998,3709,-815,0,0
-38,27,-23,-976,3679,-814,0,0
-25,50,-1,-948,3720,-816,0,0
-13,34,23,-963,3692,-790,0,0
-26,9,-4,-992,3651,-736,0,0
-66,92,14,-1014,3777,-775,0,0
-76,212,48,-966,3785,-841,0,0
-37,134,-8,-938,3744,-855,0,0
2,34,-51,-925,3802,-872,0,0
30,27,-33,-937,3724,-837,0,0
46,46,-32,-924,3711,-841,0,0
51,49,-30,-922,3772,-842,0,0
51,59,-20,-914,3743,-842,0,0
53,53,-19,-902,3689,-837,0,0
54,54,3,-917,3725,-853,0,0
56,62,29,-908,3715,-838,0,0
53,29,27,-945,3719,-838,0,0
46,49,23,-930,3711,-845,0,0
37,14,-6,-916,3697,-825,0,0
20,4,-6,-933,3731,-852,0,0
4,69,31,-909,3735,-883,0,0
2,45,30,-908,3707,-895,0,0
0,27,28,-902,3702,-931,0,0
0,60,61,-892,3674,-916,0,0
12,28,72,-894,3663,-909,0,0
12,1,62,-922,3715,-898,0,0
8,10,62,-908,3738,-892,0,0
6,-26,38,-892,3683,-871,0,0
-10,-31,18,-871,3689,-883,0,0
-21,2,45,-857,3662,-872,0,0
-15,-9,62,-849,3632,-854,0,0
-25,-53,43,-863,3698,-812,0,0
-45,-40,50,-880,3745,-797,0,0
-67,-13,54,-893,3734,-816,0,0
-82,12,22,-884,3687,-855,0,0
-73,-3,-16,-833,3707,-871,0,0
-67,-63,-12,-857,3776,-863,0,0
-79,-21,25,-893,3807,-904,0,0
-78,51,28,-861,3759,-933,0,0
-55,38,8,-831,3731,-965,0,0
-14,23,22,-814,3704,-961,0,0
22,-24,30,-840,3684,-888,0,0
29,-16,31,-867,3741,-843,0,0
31,36,45,-852,3817,-815,0,0
32,10,40,-840,3780,-837,0,0
16,-26,22,-848,3690,-820,0,0
-7,43,34,-833,3672,-831,0,0
7,41,46,-811,3736,-819,0,0
26,-54,9,-827,3733,-796,0,0
16,-78,-37,-852,3735,-802,0,0
28,-27,-45,-807,3728,-820,0,0
54,-91,-65,-764,3698,-789,0,0
34,-195,-94,-793,3748,-768,0,0
-4,-186,-66,-743,3785,-746,0,0
-62,-234,-22,-792,3702,-781,0,0
-105,-143,19,-849,3629,-827,0,0
-82,-60,47,-788,3739,-870,0,0
-32,-207,27,-818,3829,-833,0,0
-35,-265,4,-892,3836,-802,0,0
-62,-139,20,-884,3839,-823,0,0
-63,-42,54,-854,3783,-849,0,0
-42,-33,57,-851,3708,-832,0,0
-31,-82,36,-885,3758,-803,0,0
-23,-90,40,-939,3777,-785,0,0
-9,6,61,-938,3738,-791,0,0
-2,6,49,-888,3684,-777,0,0
-4,-89,12,-901,3616,-716,0,0
-38,-80,2,-925,3697,-702,0,0
-59,1,27,-887,3742,-688,0,0
-65,-24,23,-871,3734,-690,0,0
-73,-63,2,-885,3749,-662,0,0
-71,-40,11,-889,3792,-661,0,0
-72,-22,21,-898,3796,-660,0,0
-72,-25,-6,-896,3760,-657,0,0
-64,-39,-38,-888,3806,-675,0,0
-62,-38,-40,-890,3840,-703,0,0
-64,-3,-45,-886,3822,-744,0,0
-50,35,-50,-839,3814,-788,0,0
-23,32,-35,-819,3792,-818,0,0
11,28,-5,-830,3767,-811,0,0
47,25,21,-865,3783,-798,0,0
85,31,41,-876,3773,-786,0,0
117,-8,28,-894,3742,-735,0,0
121,-47,-4,-923,3717,-660,0,0
95,-14,4,-945,3722,-634,0,0
61,39,39,-960,3696,-631,0,0
31,37,30,-967,3715,-638,0,0
4,32,2,-971,3757,-650,0,0
-18,59,-7,-952,3771,-680,0,0
-27,51,-14,-919,3752,-700,0,0
-40,19,-28,-915,3756,-716,0,0
-61,55,-15,-919,3766,-758,0,0
-56,101,0,-897,3755,-783,0,0
-45,67,-18,-885,3752,-781,0,0
-38,48,-19,-886,3780,-760,0,0
-23,50,3,-883,3740,-744,0,0
-12,33,-8,-889,3694,-733,0,0
6,10,-13,-867,3674,-708,0,0
21,-37,13,-902,3680,-660,0,0
14,-49,25,-947,3733,-622,0,0
-9,-38,8,-964,3790,-623,0,0
-32,-32,-9,-956,3760,-657,0,0
-34,-32,-29,-942,3731,-674,0,0
-31,-57,-45,-926,3713,-668,0,0
-45,-53,-38,-950,3765,-682,0,0
-55,11,-13,-930,3760,-719,0,0
-51,-17,-32,-912,3746,-734,0,0
-45,-48,-43,-929,3748,-728,0,0
-43,0,-10,-919,3745,-713,0,0
-42,15,8,-931,3736,-686,0,0
-46,13,-1,-936,3714,-665,0,0
-59,33,-5,-952,3706,-641,0,0
-55,73,-3,-948,3777,-640,0,0
-41,45,-6,-935,3805,-608,0,0
-53,-10,-19,-965,3771,-576,0,0
-81,46,-8,-946,3728,-570,0,0
-102,88,24,-925,3723,-584,0,0
-109,72,42,-948,3778,-597,0,0
-103,68,44,-963,3817,-590,0,0
-95,53,29,-957,3824,-619,0,0
-70,32,11,-913,3740,-615,0,0
-43,-33,-9,-909,3756,-608,0,0
-20,-11,12,-912,3784,-601,0,0
13,-15,27,-950,3860,-590,0,0
38,-33,1,-945,3861,-590,0,0
72,-75,-31,-887,3761,-545,0,0
86,-175,-42,-901,3734,-508,0,0
75,-184,-25,-918,3723,-489,0,0
60,-177,-11,-905,3741,-483,0,0
31,-209,-6,-919,3776,-488,0,0
-11,-183,12,-943,3776,-505,0,0
-54,-123,19,-917,3795,-556,0,0
-81,-135,36,-921,3824,-654,0,0
-55,-145,69,-999,3803,-716,0,0
-6,-117,56,-1023,3775,-669,0,0
23,-53,37,-994,3783,-610,0,0
36,-2,53,-982,3809,-586,0,0
45,8,50,-982,3776,-569,0,0
58,2,21,-949,3737,-562,0,0
76,-63,7,-979,3766,-522,0,0
75,-77,19,-984,3803,-524,0,0
53,-73,16,-1019,3818,-533,0,0
29,-21,-11,-1025,3809,-595,0,0
29,40,-37,-998,3756,-654,0,0
42,49,-47,-987,3738,-689,0,0
66,37,-52,-968,3707,-673,0,0
80,31,-41,-973,3710,-682,0,0
92,50,-3,-987,3761,-673,0,0
110,38,14,-991,3825,-659,0,0
123,-3,-4,-1000,3812,-632,0,0
123,-18,-14,-959,3753,-608,0,0
109,-26,2,-929,3754,-588,0,0
76,-15,44,-952,3788,-600,0,0
43,44,91,-933,3772,-641,0,0
24,51,116,-919,3757,-678,0,0
11,57,145,-928,3779,-722,0,0
11,65,171,-910,3788,-782,0,0
23,14,153,-909,3756,-786,0,0
27,-11,131,-905,3860,-802,0,0
30,15,140,-820,3951,-854,0,0
62,-91,96,-796,3862,-863,0,0
93,-152,18,-787,3742,-864,0,0
132,-109,-12,-650,3754,-897,0,0
196,-234,-35,-612,3988,-1004,0,0
299,-569,-226,-710,4435,-1189,0,0
373,-1117,-660,-980,4327,-1108,0,0
364,-1194,-998,-1405,4069,-1031,0,0
311,-662,-1084,-1536,3584,-1004,0,0
246,-306,-1039,-1574,2975,-898,0,0
200,-59,-971,-1985,2878,-872,0,0
181,225,-1182,-2617,3052,-1011,0,0
91,123,-1766,-3194,3216,-1060,0,0
25,-76,-2448,-3851,3158,-1288,0,0
38,129,-2797,-3808,2791,-1314,0,0
225,606,-2991,-3223,2414,-1327,0,0
549,1048,-2962,-2511,2015,-1342,0,0
740,537,-2730,-2199,1563,-1402,0,0
753,-351,-2391,-2650,1090,-1344,0,0
588,-1037,-2142,-2631,-74,-1226,0,0
298,-1450,-2051,-3668,-793,-855,0,0
23,-437,-2022,-3894,-949,-554,0,0
-185,209,-2107,-3866,-802,-1126,0,0
-97,920,-2034,-3176,-374,-1277,0,0
-273,1080,-1875,-2135,-672,-461,0,0
-604,-1063,-1963,-2868,-400,-3284,0,0
99,-586,-1842,-4739,-773,-2769,0,0
343,1312,-1800,-5225,-2118,-1398,0,0
-33,2059,-1983,-6000,-3559,-1547,0,0
-217,2621,-1823,-5074,-4463,-1858,0,0
-392,2061,-1606,-5481,-4623,-3542,0,0
-89,2105,-1329,-4861,-4808,-4341,0,0
-177,1668,-1090,-2343,-5090,-2797,0,0
-668,1081,-606,-941,-4344,-2858,0,0
-746,116,378,-22,-2512,-1301,0,0
-737,-1415,1601,-119,524,200,0,0
-790,-1428,1996,-476,1205,847,0,0
-892,-768,1627,-853,595,1011,0,0
-707,-671,1296,-594,526,205,0,0
-136,-839,995,-356,-154,-146,0,0
221,-837,726,-259,-498,-637,0,0
445,-550,513,-236,-867,-1622,0,0
660,-67,311,-974,-1873,-2549,0,0
481,194,-16,-3643,-3728,-3844,0,0
260,496,-200,-6798,-3457,-5353,0,0
269,557,-679,-7038,-2458,-4392,0,0
257,488,-1294,-5165,-3078,-3572,0,0
233,646,-1609,-3463,-2949,-3742,0,0
392,673,-1266,-3243,-2640,-3792,0,0
482,225,-641,-2907,-2736,-3252,0,0
292,-134,-194,-3374,-3556,-3681,0,0
-59,-230,248,-3621,-4010,-4221,0,0
-295,-442,335,-4392,-3586,-3968,0,0
-390,-306,118,-4799,-3939,-4273,0,0
-249,-316,-58,-4967,-4342,-4369,0,0
-164,141,-272,-4866,-4385,-4381,0,0
-356,316,-450,-4449,-4103,-3841,0,0
-841,-301,-406,-3302,-2738,-2758,0,0
-942,-1409,223,-2350,-741,-1668,0,0
-511,-1817,959,-1153,299,-421,0,0
-152,-1124,865,-71,506,-274,0,0
163,127,648,476,88,-32,0,0
474,218,680,102,-379,-190,0,0
770,27,659,-416,-911,-179,0,0
802,293,459,435,-1092,-200,0,0
617,110,-58,643,-1256,-105,0,0
329,50,-553,13,-1405,-72,0,0
63,220,-894,-215,-1673,-601,0,0
-38,-160,-1108,-2713,-2453,-2525,0,0
64,-276,-685,-5807,-2840,-4048,0,0
149,-508,-456,-8048,-3455,-4316,0,0
551,357,-853,-5974,-4108,-4133,0,0
824,807,-904,-2549,-3883,-3594,0,0
787,195,-406,-3137,-3366,-2883,0,0
780,213,-146,-3056,-3133,-3632,0,0
465,307,-100,-2478,-3145,-1223,0,0
24,452,-284,-1825,-3153,-2057,0,0
-116,391,-402,-1399,-3318,-2135,0,0
-185,117,-222,-1914,-3423,-2086,0,0
-216,-66,2,-3039,-3547,-2701,0,0
-106,10,112,-3382,-3713,-2732,0,0
-67,27,272,-3956,-4180,-3052,0,0
-72,-1,452,-4213,-4561,-3476,0,0
-144,-43,378,-4620,-4740,-3702,0,0
-425,142,130,-4644,-4656,-4088,0,0
-601,383,95,-4677,-4983,-4076,0,0
-592,522,55,-4586,-4474,-3604,0,0
-638,338,23,-4078,-3470,-3063,0,0
-392,265,331,-2627,-2884,-2272,0,0
76,-348,848,-786,-2144,-421,0,0
198,-1356,930,85,-156,217,0,0
275,-1147,374,95,718,-373,0,0
370,194,114,-89,154,-203,0,0
384,1111,284,1056,-317,-720,0,0
392,-302,485,465,-779,-509,0,0
288,-666,395,-234,-766,407,0,0
152,-31,-99,-391,-822,378,0,0
-57,168,-556,-784,-813,-77,0,0
-239,256,-899,-767,-1223,-890,0,0
-335,379,-1243,-2220,-3307,-2218,0,0
-292,642,-949,-3892,-4940,-3493,0,0
-237,-474,117,-5367,-3627,-4385,0,0
-171,-1324,138,-6897,-4547,-4449,0,0
-52,-27,-432,-4896,-5839,-4278,0,0
27,-77,-486,-3584,-5006,-3815,0,0
76,48,-458,-3631,-3683,-3364,0,0
90,443,-548,-3381,-2732,-3019,0,0
134,463,-583,-2684,-2340,-2163,0,0
197,642,-489,-1617,-2183,-1638,0,0
227,486,-366,-1183,-2219,-1838,0,0
258,284,-279,-1452,-2690,-1866,0,0
232,500,-63,-1489,-3533,-2399,0,0
214,173,315,-2043,-4121,-3150,0,0
223,-79,587,-3342,-4870,-3892,0,0
98,130,504,-3646,-5669,-4067,0,0
-194,-82,135,-4110,-6197,-4106,0,0
-461,266,-122,-3986,-6391,-4220,0,0
-635,269,-183,-3965,-5775,-3975,0,0
-876,-318,-18,-3048,-3616,-2729,0,0
-955,-866,395,-1718,-543,-2349,0,0
-452,-109,700,-154,-92,-774,0,0
-165,-242,410,-340,-571,954,0,0
-19,555,-61,-173,-296,369,0,0
312,894,-322,484,-60,-692,0,0
634,386,-351,301,-104,-228,0,0
631,354,-312,267,-73,148,0,0
531,401,-432,406,-65,47,0,0
484,198,-678,268,-640,357,0,0
445,162,-946,-63,-1775,-188,0,0
454,72,-1193,-764,-3690,-1817,0,0
403,-385,-411,-3009,-5600,-3811,0,0
353,-603,905,-5191,-5639,-5108,0,0
194,-144,427,-4719,-5695,-5007,0,0
-68,395,-263,-2297,-6263,-5056,0,0
128,85,-59,-2300,-5705,-3813,0,0
238,56,8,-2498,-4831,-2651,0,0
61,97,-50,-2216,-3957,-2793,0,0
106,-34,-36,-1919,-3667,-2575,0,0
255,-121,79,-1467,-3665,-2124,0,0
266,-198,168,-1482,-3513,-1861,0,0
143,-253,143,-1601,-3446,-1902,0,0
75,-168,51,-1341,-3129,-1784,0,0
-48,-103,-87,-997,-2767,-1509,0,0
-88,-186,-172,-906,-2641,-1407,0,0
-41,-122,-221,-905,-2672,-1314,0,0
-53,-11,-217,-1019,-2901,-1627,0,0
-39,77,-112,-1465,-3520,-2678,0,0
-7,152,10,-1661,-4294,-3158,0,0
-39,60,233,-2744,-5152,-3493,0,0
-42,205,331,-3334,-5663,-3861,0,0
-49,343,141,-3539,-6226,-3946,0,0
-125,531,10,-3358,-6549,-3659,0,0
-430,405,141,-3186,-5802,-2752,0,0
-690,484,548,-2421,-4304,-2648,0,0
-794,32,1207,-1412,-3048,-1854,0,0
-919,-1114,1668,-1063,-1722,-865,0,0
-836,-1415,1440,-1085,-934,22,0,0
-669,-751,551,-236,-820,458,0,0
-517,-160,-268,332,-756,21,0,0
-317,-84,-586,88,-382,-157,0,0
-125,-11,-580,-289,-113,-211,0,0
45,203,-510,-436,230,-272,0,0
186,191,-431,-2552,533,-353,0,0
308,501,-306,-450,336,-701,0,0
408,528,-243,-1079,-1311,-2135,0,0
540,329,-146,-2474,-4238,-3580,0,0
458,-129,550,-4048,-5931,-4634,0,0
248,-815,1219,-5789,-5506,-4954,0,0
72,-168,116,-4203,-5310,-4580,0,0
88,408,-921,-2849,-4869,-3690,0,0
271,352,-964,-2063,-4436,-2936,0,0
260,-183,-672,-2186,-3847,-2821,0,0
174,-158,-413,-2398,-3283,-2932,0,0
170,-146,-209,-2076,-3053,-2465,0,0
150,-341,-8,-4000,-3288,-2224,0,0
171,-378,153,-1975,-3363,-2567,0,0
285,-350,246,-2240,-3297,-2334,0,0
357,-131,183,-2276,-3021,-2061,0,0
363,18,31,-2209,-2930,-1815,0,0
345,131,-48,-2152,-2980,-1722,0,0
343,264,-16,-2283,-3339,-1835,0,0
339,233,79,-2599,-3847,-1814,0,0
219,185,146,-2991,-4512,-2190,0,0
12,282,25,-3074,-4857,-2820,0,0
-130,364,-241,-2706,-5083,-2955,0,0
-177,352,-443,-2641,-5419,-2854,0,0
-269,380,-397,-2926,-5970,-3289,0,0
-407,182,-229,-3528,-6126,-3667,0,0
-552,143,-94,-3825,-5365,-3556,0,0
-902,-211,129,-2298,-3156,-2262,0,0
-1087,-954,591,-1330,-616,-875,0,0
-669,-425,878,-531,8,188,0,0
-353,-251,692,-547,225,167,0,0
102,487,404,-103,290,-808,0,0
623,690,281,20,-88,-674,0,0
752,328,128,-377,-312,-144,0,0
603,506,-47,48,-353,70,0,0
382,574,-250,813,-409,269,0,0
241,458,-482,1080,-1060,259,0,0
129,197,-740,870,-2717,-979,0,0
34,-228,-958,-1332,-5008,-2433,0,0
42,-293,-296,-2578,-5906,-3343,0,0
87,-1290,576,-4770,-5830,-4053,0,0
-20,-634,204,-4906,-5149,-4481,0,0
-245,340,-265,-2742,-4866,-4927,0,0
72,-169,-105,-3086,-4796,-3772,0,0
333,23,203,-3230,-4534,-2866,0,0
282,93,360,-2731,-4167,-3177,0,0
212,-222,447,-2496,-4214,-2896,0,0
72,-163,433,-2393,-4176,-2330,0,0
-43,-49,393,-2359,-3813,-2253,0,0
-47,-171,235,-2355,-3193,-1956,0,0
-6,-173,-4,-2002,-2901,-1610,0,0
50,-122,-184,-1392,-2597,-1648,0,0
89,-183,-302,-1219,-2496,-1339,0,0
31,-115,-401,-1085,-2302,-1168,0,0
14,-143,-482,-1366,-2242,-1419,0,0
102,-2,-525,-1386,-2439,-1543,0,0
125,-10,-514,-1507,-3008,-1642,0,0
119,-152,-355,-2057,-3716,-1978,0,0
93,-104,-144,-2532,-4303,-2441,0,0
-26,-202,61,-3639,-4955,-3096,0,0
-75,13,34,-4210,-5461,-3610,0,0
-22,328,-30,-3682,-6171,-3762,0,0
8,387,46,-3433,-6557,-3623,0,0
-184,406,247,-3641,-6184,-3296,0,0
-529,374,620,-3489,-4981,-3053,0,0
-624,450,971,-2155,-3634,-1634,0,0
-552,-346,1137,-297,-2124,1243,0,0
-385,-1223,1095,-92,-798,1551,0,0
-217,-1248,576,117,-235,188,0,0
-162,-876,0,-520,-746,-130,0,0
-494,-266,-329,-652,-833,31,0,0
-737,35,-710,-1076,-500,-212,0,0
-760,619,-888,-764,291,-299,0,0
-589,637,-845,-277,952,-657,0,0
-122,762,-658,-372,694,-1513,0,0
549,757,-432,-1310,-1337,-2583,0,0
957,580,277,-2499,-4063,-3780,0,0
766,-172,1214,-4013,-5608,-5192,0,0
340,-443,1153,-4947,-6882,-4881,0,0
54,157,342,-4323,-6740,-4146,0,0
129,393,-283,-3110,-5446,-3496,0,0
185,235,-720,-2491,-4490,-3148,0,0
162,375,-883,-1885,-3736,-2586,0,0
107,275,-694,-1429,-3382,-2180,0,0
48,24,-368,-1507,-3092,-2100,0,0
33,42,-139,-1486,-2703,-2124,0,0
79,-43,-34,-1348,-2505,-1908,0,0
134,-159,-30,-1367,-2447,-1615,0,0
159,0,-63,-1362,-2687,-1599,0,0
175,-13,-43,-1587,-2932,-1612,0,0
132,104,3,-1596,-3027,-1925,0,0
58,156,75,-1688,-3372,-2135,0,0
-48,33,159,-1788,-3787,-2240,0,0
-136,-88,172,-2027,-4231,-2631,0,0
-175,-98,177,-2212,-4434,-2962,0,0
-112,-178,103,-2486,-4488,-3215,0,0
-16,-32,39,-2452,-4523,-3252,0,0
102,-130,76,-2446,-4756,-3224,0,0
238,-350,209,-3096,-5533,-3326,0,0
230,-379,361,-4118,-6424,-3672,0,0
-105,11,229,-4275,-6236,-4076,0,0
-654,371,-41,-2960,-4738,-2956,0,0
-1217,-393,78,-1774,-2408,-1101,0,0
-1369,-1312,448,-1879,-469,-323,0,0
-925,-519,658,-1072,561,-2688,0,0
-288,164,511,-306,931,-483,0,0
313,489,326,-184,603,-168,0,0
681,878,442,-28,37,-55,0,0
783,815,555,122,-405,66,0,0
646,728,561,133,-518,144,0,0
353,734,322,329,-598,59,0,0
142,623,-322,154,-1643,-484,0,0
-47,244,-995,-1118,-3707,-1771,0,0
51,170,-1012,-2012,-4929,-2737,0,0
312,-972,-293,-3708,-6275,-2826,0,0
428,-1352,130,-5836,-5115,-4281,0,0
350,-326,-128,-4582,-5234,-5631,0,0
262,-309,-89,-4283,-5068,-4695,0,0
219,104,-245,-3687,-4729,-3265,0,0
122,349,-310,-2523,-4412,-2980,0,0
145,88,-69,-2141,-4260,-2739,0,0
252,35,172,-2099,-4280,-2286,0,0
221,-118,152,-2242,-3687,-1959,0,0
80,-297,-15,-2412,-3159,-2093,0,0
32,-206,-133,-2052,-2741,-2086,0,0
-10,-4,-145,-1501,-2493,-1806,0,0
-72,-94,-93,-1420,-2372,-1524,0,0
-68,-82,-95,-1456,-2346,-1441,0,0
6,-24,-117,-1227,-2369,-1395,0,0
46,-83,-112,-1210,-2435,-1386,0,0
32,-80,-62,-1305,-2548,-1533,0,0
42,-38,-10,-1432,-2652,-1645,0,0
34,-21,14,-1551,-2785,-1830,0,0
83,-156,64,-2024,-3462,-1863,0,0
92,-67,99,-2569,-4234,-2262,0,0
25,-22,93,-2966,-4756,-2787,0,0
-35,-152,-38,-3653,-5327,-3123,0,0
-78,104,-184,-3678,-5676,-3184,0,0
-195,273,-310,-3449,-5516,-2872,0,0
-653,195,-299,-3201,-5107,-2493,0,0
-1062,-251,18,-3265,-4682,-3608,0,0
-754,-25,516,-3454,-4914,-4017,0,0
-434,171,1014,-3087,-4646,-1921,0,0
-590,1,1041,-1597,-2974,-1526,0,0
-328,-463,599,-327,-1342,-1201,0,0
157,-623,-264,-47,-737,266,0,0
205,-27,-945,-230,-408,210,0,0
158,370,-1011,53,-78,-254,0,0
186,49,-1006,-140,-73,61,0,0
179,260,-1175,-855,20,143,0,0
147,857,-1197,-237,84,-212,0,0
263,1015,-998,-317,-280,-1056,0,0
535,1190,-649,-694,-2102,-2188,0,0
706,996,159,-778,-3662,-3329,0,0
531,272,965,-2277,-5230,-4092,0,0
395,-32,1267,-2800,-6374,-4476,0,0
256,-353,669,-2916,-7048,-3561,0,0
-45,-23,-42,-2442,-6339,-2907,0,0
-150,0,-499,-1838,-5195,-2961,0,0
-66,-31,-712,-1554,-4369,-3054,0,0
82,75,-632,-1015,-4062,-2412,0,0
69,12,-358,-1064,-4067,-2143,0,0
20,-67,-2,-1284,-3958,-2369,0,0
5,-126,170,-1275,-4012,-2468,0,0
-60,-123,159,-1300,-4197,-2485,0,0
-32,-48,105,-1295,-4094,-2405,0,0
25,-28,53,-1154,-3678,-2003,0,0
36,-16,62,-833,-3133,-1774,0,0
36,-57,144,-751,-2766,-1526,0,0
15,2,232,-668,-2427,-1441,0,0
-40,-3,269,-726,-2230,-1328,0,0
-31,-46,276,-1021,-2374,-1386,0,0
30,-78,397,-1421,-3083,-1534,0,0
43,-223,633,-2193,-4438,-2333,0,0
-134,-145,745,-3316,-5869,-3792,0,0
-372,-124,444,-3888,-7284,-4946,0,0
-563,-76,-268,-4018,-7826,-5405,0,0
-566,225,-858,-3285,-7113,-4749,0,0
-560,554,-978,-2095,-5281,-3438,0,0
-638,105,-492,-1227,-2885,-1760,0,0
-700,-1129,404,-1353,-739,-606,0,0
-489,-1457,939,-1685,560,-782,0,0
43,-266,803,-940,809,-85,0,0
391,426,547,61,571,364,0,0
604,358,633,217,157,-349,0,0
807,122,708,71,-303,-565,0,0
772,288,780,172,-799,-85,0,0
603,471,604,232,-994,132,0,0
454,392,91,292,-1594,376,0,0
256,86,-550,512,-3042,-631,0,0
71,-324,-1098,-1229,-5446,-2293,0,0
-26,-642,-655,-3497,-6117,-2770,0,0
63,-1215,130,-5033,-6202,-2948,0,0
192,-1001,244,-6502,-6062,-4535,0,0
138,270,3,-4073,-5781,-5475,0,0
298,-252,-203,-3576,-5608,-3357,0,0
207,-12,-381,-2808,-5017,-2050,0,0
42,228,-433,-1880,-4458,-2110,0,0
10,187,-224,-1445,-4135,-1721,0,0
-81,30,4,-1233,-3500,-1622,0,0
-170,-74,45,-1457,-3008,-1619,0,0
-139,-2,36,-1407,-2880,-1406,0,0
-92,8,-27,-1387,-2544,-1068,0,0
-104,91,-127,-1287,-2316,-1213,0,0
-63,37,-293,-3272,-2199,-1106,0,0
-29,29,-430,-1096,-2217,-888,0,0
-21,119,-458,-958,-2427,-1192,0,0
19,79,-351,-1205,-2893,-1542,0,0
32,90,-147,-1434,-3383,-1952,0,0
-21,-166,18,-2112,-4176,-2461,0,0
-22,-229,155,-2896,-5201,-3194,0,0
-4,-118,146,-3524,-6076,-3551,0,0
0,183,10,-3393,-6433,-3742,0,0
-65,366,-149,-3065,-6731,-3832,0,0
-200,463,-72,-3058,-6730,-3727,0,0
-355,538,186,-3347,-5873,-3189,0,0
-621,588,520,-3012,-4593,-2646,0,0
-781,430,1114,-1882,-3584,-1909,0,0
-560,-431,1580,-627,-2422,-199,0,0
-211,-1273,1268,177,-686,905,0,0
-120,-3128,312,24,-454,386,0,0
-64,-143,-373,412,-513,48,0,0
-101,-52,-489,531,-408,371,0,0
-255,-287,-444,-426,-216,143,0,0
-187,131,-426,-885,352,-222,0,0
6,418,-395,-225,701,-486,0,0
193,322,-316,-338,8,-1319,0,0
412,680,-200,-1440,-2570,-2431,0,0
534,883,-33,-2113,-5794,-3560,0,0
348,-53,641,-3472,-6340,-4471,0,0
267,-849,1232,-4461,-6764,-4658,0,0
222,-964,666,-5030,-7976,-3510,0,0
-87,-273,173,-4773,-6544,-3486,0,0
-215,-67,-176,-3591,-4154,-3627,0,0
-56,-154,-414,-2851,-2986,-2311,0,0
-11,42,-432,-1975,-2746,-1766,0,0
-9,-176,-304,-1667,-2546,-3784,0,0
69,-282,-151,-1751,-2255,-1474,0,0
77,-8,-114,-1496,-1917,-1014,0,0
-15,-32,-121,-1700,-1818,-1136,0,0
15,-6,-144,-1646,-2114,-1317,0,0
103,-5,-128,-1606,-2404,-1081,0,0
94,30,-54,-1707,-2685,-1556,0,0
128,14,21,-1607,-3042,-1984,0,0
149,-75,44,-1919,-3635,-1951,0,0
110,31,82,-2166,-4146,-1997,0,0
99,81,40,-2351,-4257,-2536,0,0
154,118,4,-2741,-4559,-2620,0,0
132,184,-17,-3026,-5340,-2787,0,0
-13,439,-132,-3445,-6473,-3483,0,0
-152,648,-210,-3443,-7005,-3732,0,0
-335,458,-300,-3620,-6693,-3434,0,0
-481,441,-547,-3085,-5768,-3143,0,0
-522,207,-509,-2037,-3863,-2453,0,0
-497,-426,12,-1521,-1613,-1533,0,0
-209,-528,630,-1329,-263,-881,0,0
3,-421,997,-986,679,-355,0,0
113,-163,795,-728,1128,-441,0,0
464,182,409,-528,85,435,0,0
544,601,279,-273,-592,601,0,0
353,755,122,501,-873,81,0,0
151,473,-348,1036,-1060,180,0,0
-45,296,-935,686,-2243,-272,0,0
-141,92,-1262,-959,-3671,-1890,0,0
-128,-112,-1235,-2907,-4606,-1988,0,0
-139,-314,-474,-4249,-5388,-2628,0,0
-20,-866,143,-4586,-5788,-4429,0,0
-263,-431,271,-3561,-7715,-6425,0,0
-314,-210,782,-3352,-7342,-6335,0,0
19,-149,851,-4498,-5409,-3750,0,0
79,435,362,-3439,-4196,-2141,0,0
-24,427,-7,-984,-3584,-1630,0,0
-11,-217,103,-615,-2611,-1362,0,0
-1,-174,289,-1168,-1562,-904,0,0
-96,14,307,-1579,-1196,-991,0,0
-64,38,70,-1931,-1460,-1383,0,0
92,156,-226,-1262,-1966,-1309,0,0
110,79,-367,-677,-2588,-1618,0,0
48,-25,-333,-838,-2929,-2050,0,0
19,-11,-178,-1180,-3183,-2248,0,0
14,36,-154,-1395,-3357,-2135,0,0
6,23,-125,-1535,-3054,-2397,0,0
130,-87,-108,-1856,-3041,-2463,0,0
301,-153,-291,-2250,-3316,-2183,0,0
393,-24,-389,-2095,-3656,-2314,0,0
405,-120,-443,-2242,-4220,-2376,0,0
317,263,-465,-1877,-4879,-2879,0,0
196,250,-361,-1908,-5563,-3452,0,0
-2,200,-213,-2251,-6322,-3600,0,0
-269,107,-81,-3016,-6795,-3780,0,0
-576,262,-151,-3218,-6449,-3209,0,0
-1097,345,67,-2718,-5575,-3271,0,0
-1207,179,904,-1903,-3847,-3094,0,0
-843,-49,1529,-224,-2415,-1673,0,0
-299,-811,1620,-288,-1754,-19,0,0
11,-985,1084,-804,-1124,1214,0,0
-96,-334,198,381,-426,789,0,0
-186,-370,-334,394,-295,-120,0,0
-119,-478,-585,-224,-464,260,0,0
-152,-159,-690,-335,-275,172,0,0
-187,95,-570,-654,-39,-355,0,0
-91,455,-477,-979,-220,-1492,0,0
218,581,-546,-1591,-1503,-2713,0,0
461,753,-499,-2202,-3107,-3547,0,0
433,853,-44,-2934,-4245,-4496,0,0
294,263,742,-3440,-4920,-5408,0,0
302,-256,723,-4013,-6272,-4292,0,0
126,-71,404,-3725,-6367,-3821,0,0
191,-179,-141,-3029,-5150,-3503,0,0
263,54,-497,-2208,-4773,-3065,0,0
187,-8,-370,-1754,-4478,-2875,0,0
84,-214,-90,-2090,-3973,-2890,0,0
-10,-45,44,-2192,-3512,-2656,0,0
-75,-4,-28,-1571,-3439,-2211,0,0
-74,-58,-65,-1105,-3518,-2024,0,0
-6,-16,33,-1056,-3145,-1830,0,0
-36,-47,130,-1251,-2693,-1719,0,0
-81,-23,132,-1180,-2353,-1754,0,0
-62,58,72,-919,-2249,-1668,0,0
-17,13,3,-1098,-2510,-1635,0,0
26,71,9,-1089,-3003,-1943,0,0
35,-101,144,-1712,-3658,-2390,0,0
-26,-86,181,-2569,-4872,-3216,0,0
-98,71,-32,-3276,-5475,-4263,0,0
-171,92,-309,-3509,-6168,-4453,0,0
-305,63,-584,-3433,-6202,-4641,0,0
-345,281,-714,-3047,-5731,-4378,0,0
-404,182,-685,-2329,-4604,-3226,0,0
-537,-451,-268,-1751,-2424,-2466,0,0
-281,-750,186,-1293,-500,-1554,0,0
7,-425,486,-831,-63,-111,0,0
-131,-180,474,44,709,577,0,0
49,55,323,503,612,393,0,0
315,226,648,102,27,68,0,0
341,178,955,63,-123,-89,0,0
251,139,866,41,-264,-33,0,0
92,31,454,-166,-708,-113,0,0
148,1,-232,-739,-2020,-650,0,0
402,215,-1013,-2162,-4430,-2408,0,0
544,347,-1059,-3202,-6765,-3612,0,0
550,-331,-339,-4040,-6835,-4073,0,0
405,-705,-298,-5226,-6430,-4399,0,0
133,413,-353,-3333,-6153,-5334,0,0
155,320,-152,-2173,-5345,-4145,0,0
220,141,-201,-2140,-4297,-2530,0,0
139,356,-365,-1420,-3641,-2301,0,0
159,188,-231,-990,-3780,-2061,0,0
211,61,67,-1070,-3532,-1761,0,0
192,76,181,-3232,-3142,-1685,0,0
110,-19,106,-1204,-2994,-1702,0,0
21,-92,-79,-994,-3062,-1597,0,0
-21,-56,-133,-740,-2996,-1317,0,0
-42,-97,-81,-727,-2690,-1142,0,0
-138,-166,-76,-870,-2456,-1326,0,0
-174,-39,-44,-975,-2665,-1610,0,0
-171,5,47,-841,-2960,-1952,0,0
-135,-263,207,-1351,-3528,-2740,0,0
-5,-353,381,-2078,-4322,-3263,0,0
132,-294,476,-2594,-5606,-3798,0,0
253,-182,317,-3264,-6669,-4449,0,0
339,-83,124,-3786,-7516,-4361,0,0
107,123,-19,-3879,-6958,-3455,0,0
-403,351,-217,-3307,-6144,-2179,0,0
-827,296,67,-2522,-4464,-1721,0,0
-841,78,530,-1105,-2528,-1019,0,0
-339,-323,909,-64,-1656,435,0,0
-60,-359,1061,-893,-380,1097,0,0
-183,-229,259,-363,124,479,0,0
-303,-322,-500,-163,-170,-242,0,0
-281,-111,-692,15,-61,-347,0,0
-252,-329,-874,-425,141,-176,0,0
-232,106,-937,-860,398,-656,0,0
-18,800,-745,-593,-11,-1081,0,0
147,899,-337,-979,-1262,-2209,0,0
176,601,127,-1450,-3389,-3429,0,0
86,91,830,-2792,-5824,-4016,0,0
-75,56,1647,-3068,-6256,-5331,0,0
-158,-544,1205,-3613,-7175,-5062,0,0
-199,-317,205,-4490,-6398,-3884,0,0
-89,284,-642,-3211,-4764,-3352,0,0
132,21,-1016,-2442,-3863,-3221,0,0
282,247,-936,-1490,-3475,-2760,0,0
197,216,-584,-825,-3054,-2485,0,0
80,-90,-203,-1176,-2744,-2248,0,0
5,-57,17,-1351,-2658,-1885,0,0
-20,-160,3,-1256,-2698,-1677,0,0
23,-70,-62,-979,-2750,-1829,0,0
126,-50,-68,-798,-2782,-1810,0,0
165,-95,-56,-929,-2562,-1724,0,0
180,-72,-41,-1131,-2371,-1869,0,0
273,-16,-30,-1098,-2542,-1760,0,0
378,-39,-30,-1088,-2820,-1666,0,0
434,-10,98,-1244,-3403,-1875,0,0
449,-91,405,-1744,-3950,-2087,0,0
310,-157,659,-2543,-4853,-2362,0,0
7,-153,615,-3088,-5983,-3172,0,0
-248,-81,243,-3395,-6731,-3656,0,0
-475,350,-228,-2994,-6457,-3976,0,0
-605,444,-544,-2998,-5969,-4029,0,0
-609,448,-674,-2703,-5522,-3805,0,0
-540,120,-768,-2758,-5093,-3486,0,0
-532,-205,-721,-2238,-3833,-2703,0,0
-593,-949,-210,-1494,-1569,-2190,0,0
-138,-950,614,-1447,-562,-1490,0,0
45,-469,972,-815,225,401,0,0
-105,-303,509,132,555,-89,0,0
396,160,356,421,-215,-1176,0,0
865,241,539,-51,-771,-251,0,0
781,136,466,-132,-981,578,0,0
431,251,-2,-200,-567,402,0,0
241,316,-664,51,-849,23,0,0
257,148,-1076,291,-1839,-281,0,0
231,-338,-1263,-1134,-4005,-1507,0,0
352,-343,-941,-1725,-5836,-2401,0,0
618,-921,157,-2890,-8259,-3123,0,0
199,-728,658,-4894,-7764,-5270,0,0
-336,563,248,-3721,-7089,-6102,0,0
-304,467,-33,-2994,-6048,-3593,0,0
-249,421,-208,-2378,-4451,-2276,0,0
-153,390,-275,-1239,-3353,-1964,0,0
2,23,-97,-667,-2990,-1637,0,0
211,-237,144,-831,-2853,-1584,0,0
336,-274,302,-1042,-2810,-1359,0,0
392,-105,387,-1217,-2733,-1305,0,0
313,207,455,-1067,-2334,-1319,0,0
116,331,592,-1119,-2550,-1349,0,0
73,255,670,-1557,-2740,-932,0,0
57,234,468,-1732,-2915,-1003,0,0
139,90,58,-1834,-3147,-1242,0,0
261,28,-198,-1966,-3681,-1628,0,0
325,25,-241,-1851,-4254,-2248,0,0
295,-164,-74,-2196,-5330,-2976,0,0
80,-132,86,-3066,-6480,-3730,0,0
-121,88,15,-3735,-7599,-4189,0,0
-243,418,-330,-3549,-8096,-4366,0,0
-478,808,-626,-3329,-7045,-3807,0,0
-852,799,-524,-2787,-5190,-2473,0,0
-1034,498,-22,-2136,-3338,-1527,0,0
-864,149,487,-311,-1502,-156,0,0
-553,-853,836,833,-157,1356,0,0
-199,-837,737,233,-555,736,0,0
61,-601,205,163,-974,543,0,0
50,-606,-267,-357,-864,364,0,0
-69,-709,-605,-528,-695,-139,0,0
-183,-340,-862,-589,-385,-519,0,0
-248,104,-1030,-600,-38,-659,0,0
-185,425,-1034,-691,-217,-1307,0,0
83,856,-848,-1166,-1418,-2726,0,0
339,1007,-284,-1281,-3298,-3737,0,0
272,294,947,-1891,-6295,-4797,0,0
366,-465,2111,-2465,-7613,-5092,0,0
472,-1093,1483,-4733,-7222,-3591,0,0
178,-177,199,-4539,-5742,-3068,0,0
140,85,-492,-2645,-5129,-2391,0,0
180,-335,-486,-2312,-4422,-1995,0,0
107,-32,-346,-2069,-3831,-2028,0,0
27,-13,-257,-1961,-3373,-1976,0,0
-51,101,-223,-1685,-2885,-2077,0,0
-78,207,-221,-1148,-2860,-1927,0,0
-70,52,-166,-1032,-2805,-1744,0,0
-43,124,-29,-917,-2700,-1612,0,0
-1,144,100,-1043,-2619,-1623,0,0
107,89,113,-1171,-2889,-1696,0,0
166,197,83,-878,-2905,-1624,0,0
148,88,65,-709,-3070,-1571,0,0
131,-48,91,-929,-3303,-1488,0,0
122,-62,240,-1215,-3386,-1653,0,0
156,-130,367,-1730,-3615,-1850,0,0
175,-165,391,-2163,-3903,-1919,0,0
175,-193,351,-2494,-4359,-2144,0,0
124,-266,467,-2849,-5077,-2382,0,0
1,-229,676,-3707,-5699,-2963,0,0
-228,-76,607,-4118,-6020,-3772,0,0
-444,66,-2,-4213,-6480,-3955,0,0
-625,429,-554,-3520,-6793,-3597,0,0
-775,373,-754,-3332,-6394,-2818,0,0
-1078,309,-746,-2713,-4218,-1771,0,0
-1296,-733,-58,-1904,51,-835,0,0
-717,-1694,1200,-1881,1726,-1989,0,0
107,-671,1571,-1214,1497,-648,0,0
409,530,1073,784,1,476,0,0
382,74,851,-50,-1290,-251,0,0
667,148,585,-334,-1171,-784,0,0
911,466,77,-22,-1174,385,0,0
720,636,-430,-189,-1811,764,0,0
477,807,-913,-79,-1569,190,0,0
244,494,-3488,9,-1925,-975,0,0
123,131,-1885,-1515,-3987,-2437,0,0
106,221,-1395,-2536,-6087,-3242,0,0
112,-505,-290,-3979,-7147,-4687,0,0
64,-686,-64,-4438,-7237,-5423,0,0
-157,207,-330,-2371,-7335,-5326,0,0
-191,176,17,-2497,-6396,-4270,0,0
-75,347,155,-2330,-4953,-3195,0,0
-44,327,2,-1199,-4341,-1827,0,0
-77,56,75,-891,-3612,-1422,0,0
-102,77,483,-961,-2590,-1672,0,0
-32,-119,748,-1615,-1692,-1661,0,0
99,-7,530,-1807,-1597,-1007,0,0
14,25,51,-1749,-1709,-332,0,0
-75,230,-289,-1317,-1723,-737,0,0
-3,152,-395,-898,-2158,-1334,0,0
135,-80,-309,-932,-3025,-1824,0,0
101,50,-306,-1014,-3912,-2765,0,0
67,-70,-4,-1482,-4532,-3288,0,0
76,-254,387,-2176,-4484,-3489,0,0
111,-169,410,-2166,-4269,-3432,0,0
183,-110,220,-1537,-4221,-2499,0,0
98,-195,69,-805,-3458,-1542,0,0
117,-267,-21,-660,-2675,-1435,0,0
317,-397,-101,-604,-2543,-735,0,0
351,-620,-221,-929,-2398,-446,0,0
269,-438,-249,-1603,-2530,-1140,0,0
263,-73,-59,-2184,-3097,-1592,0,0
149,-189,101,-2638,-3954,-2124,0,0
-85,-212,239,-3182,-5229,-3454,0,0
-150,-18,292,-3825,-7554,-4656,0,0
-237,265,162,-4666,-8458,-5468,0,0
-372,714,-147,-4932,-7368,-4191,0,0
-773,1209,-303,-3039,-5426,-1917,0,0
-1089,708,126,-982,-3329,-452,0,0
-912,138,840,169,-1393,815,0,0
-326,-742,1104,768,-628,1587,0,0
-62,-1146,702,-28,-391,636,0,0
-3,-575,-39,-433,-662,-12,0,0
-99,-297,-442,230,-616,-278,0,0
-99,-518,-716,132,-296,-561,0,0
-77,-302,-921,-575,52,-829,0,0
88,468,-992,-844,-131,-1659,0,0
356,679,-762,-1834,-1657,-2224,0,0
371,836,-308,-2418,-3424,-2951,0,0
206,470,380,-3809,-5434,-3368,0,0
28,76,1150,-4152,-6511,-4987,0,0
-1,-135,681,-3798,-7142,-4771,0,0
24,-99,286,-3202,-7381,-3625,0,0
77,-428,338,-3127,-7021,-3017,0,0
-117,-477,179,-3313,-4985,-3643,0,0
-176,-39,-64,-2722,-3403,-2835,0,0
-123,17,-184,-2242,-2266,-1946,0,0
-26,116,-231,-1515,-1539,-1438,0,0
13,133,-247,-1242,-1277,-972,0,0
-23,225,-157,-1233,-1455,-908,0,0
-29,198,-65,-1299,-1683,-1122,0,0
16,44,-129,-1301,-2026,-1673,0,0
33,31,-205,-862,-2697,-2089,0,0
32,-155,-203,-605,-3341,-2010,0,0
-1,-192,-158,-740,-3471,-2130,0,0
19,-91,5,-1155,-3547,-2236,0,0
37,-8,273,-1284,-3642,-2243,0,0
34,-196,232,-1706,-3526,-2004,0,0
50,-85,-104,-1866,-3334,-2055,0,0
151,93,-216,-1757,-3419,-2188,0,0
256,-87,40,-2124,-4099,-2340,0,0
137,-232,347,-3311,-5596,-3207,0,0
-225,78,314,-3647,-6922,-4487,0,0
-449,191,38,-4213,-7650,-4152,0,0
-641,370,-356,-3682,-6412,-3281,0,0
-989,-274,-485,-2212,-3738,-2288,0,0
-922,-1537,70,-1476,-1121,-1368,0,0
-127,-1800,1112,-2415,-263,-1356,0,0
497,-568,1532,-2312,94,-1102,0,0
647,344,878,-725,117,-588,0,0
776,480,187,-389,-795,-780,0,0
798,936,-89,9,-1026,-768,0,0
741,933,-412,336,-1432,-265,0,0
487,1020,-880,422,-1191,323,0,0
174,1374,-1271,490,-1194,148,0,0
131,1161,-1568,-600,-2350,-754,0,0
196,654,-1515,-2233,-3795,-1811,0,0
378,159,-826,-2190,-5828,-2635,0,0
500,-1016,-2248,-2483,-7175,-3756,0,0
204,-682,-28,-2223,-7248,-5302,0,0
-43,-439,371,-1427,-6855,-5450,0,0
13,-819,566,-2523,-5912,-3790,0,0
80,-504,215,-2650,-4687,-2548,0,0
78,-2,-25,-1403,-4481,-2486,0,0
112,-278,1,-1412,-4359,-1766,0,0
-41,156,122,-1652,-3401,-1956,0,0
-106,414,70,-1589,-3050,-1776,0,0
-169,181,-109,-2132,-3605,-1426,0,0
-563,489,-124,-3359,-4353,-3299,0,0
-1050,672,81,-3737,-5315,-5230,0,0
-1517,1043,250,-2742,-4925,-4333,0,0
-2102,535,838,377,-3084,-415,0,0
-2492,-721,2552,1606,1031,2528,0,0
-1958,-1852,4093,4815,1916,4337,0,0
-1556,-4208,5213,3051,1402,4193,0,0
-1544,-2172,6537,-711,3212,1322,0,0
-1983,-650,6803,-3304,3659,467,0,0
-2466,-344,6241,-3372,4696,-1007,0,0
-2564,856,4350,-4498,5138,-2778,0,0
-3012,-296,3358,-3375,8669,-703,0,0
-3518,-2757,5027,-4097,15013,-4073,0,0
-831,-8885,3469,-6401,9898,-4985,0,0
226,-4732,1483,-1807,4438,-586,0,0
-66,2654,323,-3077,2206,686,0,0
-248,4319,184,-1446,1699,-2480,0,0
-194,2483,398,-629,1215,-1176,0,0
-112,847,625,-770,1395,-623,0,0
-188,-174,1088,-1178,2392,-158,0,0
-183,-770,1612,-1757,4872,241,0,0
79,-156,1667,-2762,6426,849,0,0
35,1008,538,-1516,5095,1257,0,0
-348,956,-1036,559,3679,306,0,0
-368,-659,-1718,809,3518,285,0,0
-249,-2025,-1412,-92,3585,757,0,0
-232,-1566,-2960,-356,3885,939,0,0
-258,9,-688,68,3989,530,0,0
-247,1314,-562,612,4382,-2408,0,0
112,762,-238,1315,4419,-1274,0,0
271,-289,-243,234,3627,-19,0,0
161,-383,-261,-243,3601,284,0,0
181,-387,-123,-526,4082,279,0,0
182,-533,135,-1048,4362,361,0,0
81,-346,258,-1366,3854,129,0,0
32,12,44,-1086,3644,-256,0,0
147,448,-64,-507,3881,-580,0,0
276,463,57,-409,4039,-417,0,0
278,77,82,-547,3855,-87,0,0
213,-129,-4,-646,3767,-29,0,0
153,36,-42,-563,3771,-77,0,0
114,202,-20,-494,3923,-286,0,0
172,138,-1,-441,4058,-406,0,0
247,26,-59,-357,3938,-342,0,0
266,-25,-48,-203,4104,-274,0,0
297,-35,74,-137,4006,-490,0,0
357,-243,147,-179,3869,-661,0,0
354,-486,185,-249,3918,-638,0,0
278,-650,236,-499,4016,-589,0,0
192,-707,185,-904,3852,-506,0,0
120,-489,37,-1166,3638,-436,0,0
45,21,-89,-1092,3495,-353,0,0
-37,432,-133,-846,3510,-389,0,0
-110,548,-100,-695,3671,-580,0,0
-178,542,-107,-707,3863,-529,0,0
-231,702,-142,-508,4137,-536,0,0
-205,901,-83,-59,4288,-553,0,0
-84,728,104,346,4057,-727,0,0
110,119,217,375,3545,-757,0,0
188,-465,231,132,3358,-468,0,0
127,-827,205,-261,3718,-224,0,0
1,-806,156,-833,3821,-140,0,0
-132,-210,88,-1040,3696,-371,0,0
-224,187,-15,-827,3549,-521,0,0
-286,65,-80,-798,3631,-564,0,0
-261,73,-70,-816,3868,-603,0,0
-158,243,-41,-647,4047,-553,0,0
-85,111,-122,-553,3818,-443,0,0
-76,-155,-244,-463,3686,-167,0,0
-104,48,-171,-272,4007,-111,0,0
-140,171,-19,-174,4153,-409,0,0
-125,-138,-36,-430,3933,-407,0,0
-134,-214,-44,-552,3739,-224,0,0
-177,-121,61,-826,3708,-262,0,0
-131,-4,91,-979,3836,-284,0,0
-61,44,-15,-996,3954,-183,0,0
-33,94,-140,-882,4015,-117,0,0
-37,156,-188,-721,3911,-105,0,0
-50,258,-163,-592,3739,-233,0,0
-41,236,-103,-549,3746,-286,0,0
-23,168,-41,-657,3830,-174,0,0
-24,118,-11,-786,3968,-34,0,0
-43,136,-18,-851,3951,-17,0,0
-63,150,-76,-787,3782,-57,0,0
-70,117,-109,-696,3748,-146,0,0
-45,70,-92,-706,3808,-156,0,0
-38,22,-70,-821,3873,-113,0,0
-46,42,-84,-863,3875,-100,0,0
-29,136,-107,-865,3874,-127,0,0
-12,164,-106,-816,3884,-102,0,0
9,83,-110,-781,3896,-96,0,0
27,54,-114,-734,3897,-77,0,0
18,-15,-95,-709,3901,-117,0,0
27,-132,-101,-817,3905,-198,0,0
48,-116,-112,-812,3811,-213,0,0
27,-48,-64,-780,3782,-293,0,0
8,-74,-10,-852,3856,-275,0,0
-4,10,11,-851,3779,-256,0,0
-44,113,47,-766,3712,-249,0,0
-106,116,133,-776,3633,-119,0,0
-214,157,200,-820,3472,-11,0,0
-341,243,227,-838,3434,140,0,0
-484,433,270,-825,3404,278,0,0
-626,638,302,-692,3436,270,0,0
-704,642,336,-621,3583,249,0,0
-677,517,392,-666,4081,219,0,0
-491,212,448,-729,4677,153,0,0
-227,-107,355,-910,4807,179,0,0
-17,-110,15,-1011,4341,353,0,0
56,21,-401,-827,3822,436,0,0
85,-39,-580,-640,3541,340,0,0
160,-173,-472,-461,3385,228,0,0
202,-307,-236,-480,3311,495,0,0
24,-455,-102,-698,3164,621,0,0
-255,-385,-73,-884,3159,620,0,0
-459,61,31,-845,3514,810,0,0
-574,608,233,-683,3973,694,0,0
-501,570,347,-516,4382,259,0,0
-253,118,389,-554,4433,493,0,0
-120,-5,352,-705,4241,863,0,0
-95,50,212,-759,3922,900,0,0
-94,120,105,-537,3746,860,0,0
-83,88,102,-376,3614,814,0,0
-87,-40,150,-412,3694,813,0,0
-117,-166,252,-537,3940,917,0,0
-204,-59,354,-641,4023,916,0,0
-332,202,335,-523,3743,836,0,0
-389,398,260,-275,3450,658,0,0
-373,321,218,-326,3509,772,0,0
-286,85,262,-388,3815,916,0,0
-178,22,379,-444,3821,1104,0,0
-199,67,397,-453,3951,1300,0,0
-243,151,279,-409,4131,1035,0,0
-108,260,80,-99,4099,669,0,0
72,144,-27,225,3904,620,0,0
179,23,49,290,3944,918,0,0
155,-122,133,29,3970,1379,0,0
69,-77,88,-107,3926,1399,0,0
30,33,20,64,3922,1108,0,0
47,-18,-7,76,3888,1044,0,0
58,-28,-27,46,3895,1003,0,0
64,24,-16,67,3885,916,0,0
72,-13,13,-161,4062,940,0,0
114,78,-25,-294,4105,990,0,0
156,230,-112,-184,4093,897,0,0
220,166,-172,10,4105,806,0,0
291,-112,-235,6,4015,785,0,0
343,-274,-244,-89,4098,770,0,0
413,-342,-238,-144,4060,685,0,0
473,-427,-237,-155,3939,607,0,0
512,-515,-241,-102,3944,457,0,0
550,-711,-247,-266,3967,400,0,0
601,-598,-286,-389,3782,375,0,0
595,-180,-322,-345,3621,324,0,0
570,-205,-290,-179,3552,-34,0,0
584,-540,-259,-425,3551,-104,0,0
608,-426,-249,-569,3653,-143,0,0
610,-200,-267,-543,3726,-162,0,0
567,-46,-313,-375,3599,-79,0,0
458,-101,-307,-352,3561,-124,0,0
365,-202,-234,-438,3655,-134,0,0
292,-97,-112,-509,3854,-207,0,0
246,77,51,-547,4008,-266,0,0
213,126,118,-417,3827,-316,0,0
166,-153,45,-265,3733,-290,0,0
126,-605,22,-311,3613,-251,0,0
73,-792,81,-515,3515,-224,0,0
-1,-613,185,-705,3572,-237,0,0
-65,-324,279,-810,3810,-360,0,0
-124,-163,335,-968,3981,-511,0,0
-142,43,340,-1045,3860,-611,0,0
-146,165,240,-1030,3819,-675,0,0
-134,226,122,-1105,3786,-804,0,0
-16,383,5,-1066,3715,-798,0,0
146,346,-159,-983,3697,-760,0,0
256,95,-340,-959,3740,-720,0,0
278,-66,-454,-1159,3743,-753,0,0
270,217,-430,-1310,3749,-818,0,0
301,750,-341,-1284,3936,-884,0,0
382,1067,-345,-1123,3982,-850,0,0
458,1029,-434,-993,4201,-881,0,0
558,728,-607,-786,4300,-768,0,0
609,175,-811,-736,4030,-676,0,0
563,-225,-962,-775,3739,-600,0,0
446,-362,-947,-838,3530,-569,0,0
334,-257,-714,-967,3432,-601,0,0
239,-42,-446,-1091,3414,-668,0,0
102,78,-309,-1108,3435,-749,0,0
-64,63,-231,-1153,3438,-825,0,0
-201,76,-98,-1197,3409,-869,0,0
-305,166,93,-1206,3445,-944,0,0
-364,231,273,-1202,3468,-1029,0,0
-394,217,385,-1178,3513,-1065,0,0
-408,125,465,-1147,3567,-1113,0,0
-392,40,555,-1157,3609,-1158,0,0
-348,-13,652,-1162,3719,-1172,0,0
-289,-64,749,-1182,3801,-1210,0,0
-216,-99,792,-1212,3789,-1208,0,0
-150,-118,730,-1276,3852,-1105,0,0
-103,-93,561,-1266,3891,-985,0,0
-46,-110,329,-1210,3724,-858,0,0
-7,-232,136,-1172,3600,-753,0,0
2,-328,56,-1196,3675,-696,0,0
-1,-272,16,-1195,3644,-688,0,0
4,-217,-80,-1109,3618,-627,0,0
-16,-263,-162,-1097,3721,-631,0,0
-42,-234,-215,-1072,3769,-663,0,0
-71,-187,-266,-1014,3765,-737,0,0
-86,-193,-280,-1020,3789,-784,0,0
-82,-175,-275,-1034,3729,-791,0,0
-85,-190,-292,-1006,3604,-767,0,0
-96,-233,-275,-946,3605,-781,0,0
-77,-292,-152,-958,3709,-813,0,0
-43,-276,-17,-1070,3759,-751,0,0
-44,-151,60,-1152,3673,-707,0,0
-48,-65,66,-1195,3658,-604,0,0
-63,-24,85,-1234,3827,-535,0,0
-92,64,179,-1274,3944,-524,0,0
-121,158,242,-1282,3846,-516,0,0
-165,240,187,-1245,3757,-540,0,0
-192,305,93,-1184,3702,-581,0,0
-169,310,62,-1157,3747,-587,0,0
-106,305,90,-1114,3688,-536,0,0
-75,255,82,-1111,3618,-508,0,0
-81,235,47,-1139,3740,-442,0,0
-75,271,33,-1071,3840,-444,0,0
-68,200,-9,-1027,3810,-460,0,0
-88,104,-72,-1033,3759,-475,0,0
-89,146,-102,-977,3735,-525,0,0
-52,179,-80,-879,3772,-553,0,0
-14,59,-34,-864,3840,-571,0,0
11,-75,-16,-940,3898,-527,0,0
26,-84,-34,-971,3826,-468,0,0
4,-38,-92,-944,3774,-450,0,0
-26,42,-93,-913,3868,-496,0,0
-20,140,-25,-888,3837,-554,0,0
2,164,-3,-835,3766,-592,0,0
21,74,-23,-852,3766,-613,0,0
48,43,10,-909,3808,-637,0,0
88,64,64,-930,3818,-623,0,0
108,15,64,-974,3820,-600,0,0
92,24,56,-1008,3797,-625,0,0
64,131,81,-1039,3794,-660,0,0
70,288,126,-1075,3752,-740,0,0
151,436,122,-1003,3820,-781,0,0
263,278,15,-801,3688,-696,0,0
281,-244,-113,-799,3594,-579,0,0
210,-478,-111,-983,3626,-491,0,0
130,-162,-3,-1035,3635,-484,0,0
73,157,79,-903,3656,-575,0,0
49,114,63,-845,3684,-655,0,0
34,-66,-14,-882,3697,-708,0,0
20,-114,-49,-904,3705,-795,0,0
22,-77,-26,-879,3674,-811,0,0
-7,-137,37,-908,3781,-830,0,0
-55,-103,166,-1015,3905,-881,0,0
-64,89,234,-998,3796,-884,0,0
-65,105,155,-946,3707,-901,0,0
-46,45,100,-958,3885,-884,0,0
19,48,117,-873,3888,-819,0,0
35,-76,96,-854,3754,-728,0,0
-18,-64,100,-979,3687,-765,0,0
-33,263,139,-956,3613,-784,0,0
-3,376,110,-823,3595,-817,0,0
38,141,31,-810,3683,-811,0,0
56,-50,-58,-869,3750,-762,0,0
27,-28,-110,-880,3842,-753,0,0
-18,130,-90,-849,3877,-789,0,0
-24,247,-78,-766,3747,-781,0,0
-23,183,-109,-713,3692,-785,0,0
-13,82,-99,-722,3720,-767,0,0
2,44,-73,-711,3656,-736,0,0
3,-15,-100,-690,3660,-740,0,0
20,-90,-118,-646,3797,-770,0,0
56,-213,-109,-611,3831,-724,0,0
32,-390,-55,-680,4075,-720,0,0
-17,-296,83,-803,3985,-809,0,0
17,28,132,-757,3807,-1038,0,0
192,78,93,-492,3800,-1333,0,0
291,-189,155,-428,3625,-1092,0,0
231,-390,263,-675,3658,-865,0,0
137,-282,400,-811,3794,-903,0,0
62,-75,458,-970,3734,-926,0,0
30,178,359,-958,3555,-845,0,0
50,391,155,-740,3428,-789,0,0
54,177,-65,-588,3424,-809,0,0
13,-217,-182,-670,3501,-869,0,0
-21,-277,-193,-752,3690,-825,0,0
-35,-162,-150,-648,3941,-816,0,0
-63,-211,-114,-615,3915,-845,0,0
-108,-238,-89,-675,3795,-840,0,0
-134,-155,-4,-604,3928,-857,0,0
-120,-151,144,-457,3980,-1108,0,0
-50,-367,241,-451,3667,-1590,0,0
-18,-335,190,-602,3465,-1281,0,0
1,-32,116,-585,3503,-969,0,0
49,-195,52,-697,3620,-686,0,0
79,-462,58,-722,3727,-651,0,0
32,-676,73,-808,3741,-781,0,0
-76,-602,44,-994,3725,-710,0,0
-173,-158,8,-973,3852,-777,0,0
-183,147,-39,-803,3795,-839,0,0
-155,50,-116,-740,3689,-812,0,0
-138,-137,-172,-790,3716,-766,0,0
-146,-123,-139,-842,3833,-742,0,0
-159,25,-39,-884,3868,-725,0,0
-164,141,12,-892,3791,-768,0,0
-157,17,-39,-888,3792,-801,0,0
-112,-177,-103,-1035,3829,-772,0,0
-41,-8,-103,-1093,3864,-704,0,0
0,233,-99,-985,3815,-690,0,0
4,275,-126,-943,3796,-661,0,0
-3,290,-115,-938,3813,-657,0,0
-2,319,-50,-945,3830,-683,0,0
21,328,14,-980,3799,-717,0,0
69,331,39,-957,3765,-734,0,0
117,232,3,-920,3732,-715,0,0
146,50,-37,-972,3742,-681,0,0
151,-4,-30,-1018,3774,-647,0,0
140,19,-29,-1018,3748,-591,0,0
107,20,-69,-1023,3737,-588,0,0
61,58,-100,-1007,3773,-608,0,0
24,96,-103,-992,3797,-633,0,0
6,115,-96,-962,3755,-656,0,0
7,83,-115,-909,3666,-647,0,0
-8,-9,-145,-905,3593,-619,0,0
-31,-46,-108,-913,3623,-609,0,0
-50,-33,-15,-918,3697,-617,0,0
-69,-34,69,-963,3726,-663,0,0
-81,-17,105,-993,3708,-751,0,0
-70,7,83,-994,3683,-770,0,0
-54,-28,32,-1004,3721,-780,0,0
-36,-33,23,-1063,3803,-794,0,0
11,17,19,-1013,3664,-751,0,0
20,-64,-35,-1003,3661,-724,0,0
-4,-97,-26,-1069,3800,-721,0,0
-38,56,27,-1108,3846,-746,0,0
-66,237,38,-1088,3850,-828,0,0
-31,310,-36,-896,3730,-806,0,0
-16,62,-114,-824,3610,-782,0,0
-47,-73,-47,-964,3656,-798,0,0
-49,117,81,-977,3704,-804,0,0
-31,163,93,-913,3721,-791,0,0
-39,43,16,-949,3722,-760,0,0
-60,70,-6,-991,3728,-710,0,0
-75,192,46,-946,3758,-749,0,0
-66,194,76,-953,3758,-768,0,0
-36,134,59,-970,3774,-765,0,0
-11,91,30,-962,3730,-747,0,0
-4,56,12,-977,3747,-695,0,0
4,83,17,-972,3749,-698,0,0
4,104,16,-968,3778,-698,0,0
6,100,9,-967,3833,-694,0,0
17,92,-13,-927,3773,-702,0,0
13,61,-44,-891,3779,-725,0,0
19,60,-49,-879,3793,-764,0,0
45,89,-32,-842,3724,-795,0,0
80,49,-28,-783,3653,-782,0,0
84,-68,-21,-821,3670,-754,0,0
51,-33,55,-906,3748,-791,0,0
16,149,132,-913,3780,-834,0,0
13,224,95,-861,3736,-856,0,0
36,119,17,-798,3725,-864,0,0
53,-17,-8,-823,3699,-808,0,0
38,-13,14,-855,3669,-798,0,0
7,57,35,-838,3709,-823,0,0
-10,37,15,-802,3685,-832,0,0
-35,-33,-26,-838,3684,-846,0,0
-66,30,-24,-854,3787,-878,0,0
-85,131,11,-823,3771,-885,0,0
-105,173,29,-846,3759,-895,0,0
-122,239,62,-873,3837,-952,0,0
-106,320,100,-876,3827,-983,0,0
-57,303,78,-855,3758,-974,0,0
-5,213,18,-848,3721,-948,0,0
36,158,-21,-832,3707,-900,0,0
55,156,-28,-851,3679,-876,0,0
76,209,-34,-806,3657,-846,0,0
100,159,-70,-752,3722,-792,0,0
103,40,-105,-772,3805,-776,0,0
88,5,-109,-776,3800,-810,0,0
68,-31,-145,-787,3719,-894,0,0
33,-8,-176,-829,3683,-916,0,0
-29,168,-138,-815,3632,-894,0,0
-89,277,-105,-772,3594,-955,0,0
-114,264,-61,-785,3699,-1006,0,0
-94,272,10,-778,3761,-958,0,0
-71,224,15,-793,3779,-890,0,0
-72,198,0,-812,3829,-876,0,0
-56,235,16,-763,3818,-885,0,0
-13,152,-7,-715,3769,-876,0,0
18,-13,-62,-719,3704,-851,0,0
9,-63,-76,-748,3630,-826,0,0
-41,12,-26,-755,3515,-829,0,0
-104,111,63,-777,3566,-844,0,0
-110,173,170,-746,3752,-863,0,0
-67,78,209,-749,3819,-834,0,0
-36,-81,138,-768,3798,-767,0,0
-43,-171,53,-762,3823,-761,0,0
-62,-168,39,-711,3805,-791,0,0
-62,-177,56,-631,3747,-821,0,0
-46,-241,78,-611,3752,-810,0,0
-28,-280,98,-633,3765,-765,0,0
-26,-308,95,-655,3875,-712,0,0
-16,-337,97,-683,3963,-727,0,0
6,-364,94,-677,3812,-691,0,0
2,-442,66,-668,3686,-663,0,0
-31,-481,89,-726,3710,-724,0,0
-38,-403,180,-780,3816,-791,0,0
13,-424,206,-837,3846,-831,0,0
65,-495,123,-871,3764,-786,0,0
79,-501,35,-870,3747,-754,0,0
84,-454,9,-846,3727,-739,0,0
76,-425,17,-864,3699,-765,0,0
64,-380,11,-908,3752,-848,0,0
79,-327,-29,-888,3737,-832,0,0
75,-250,-50,-797,3746,-803,0,0
58,-196,-14,-783,3831,-852,0,0
77,-181,2,-842,3827,-822,0,0
86,-178,-44,-834,3765,-756,0,0
72,-179,-89,-802,3742,-753,0,0
57,-154,-68,-780,3740,-796,0,0
60,-160,-24,-829,3771,-827,0,0
61,-172,-10,-883,3800,-828,0,0
47,-126,-39,-864,3678,-814,0,0
27,-68,-40,-832,3666,-846,0,0
21,-74,21,-883,3752,-869,0,0
21,-91,45,-968,3769,-850,0,0
11,-25,5,-966,3758,-839,0,0
-5,49,-24,-902,3749,-866,0,0
-20,65,-12,-909,3761,-878,0,0
-21,105,16,-932,3757,-894,0,0
-2,161,13,-907,3730,-898,0,0
11,118,-24,-885,3759,-868,0,0
17,60,-37,-919,3782,-869,0,0
25,94,-31,-908,3733,-858,0,0
28,87,-56,-873,3698,-832,0,0
32,42,-85,-852,3661,-821,0,0
37,17,-83,-815,3618,-808,0,0
38,-42,-67,-817,3622,-797,0,0
33,-75,-20,-863,3705,-800,0,0
32,-72,18,-883,3705,-792,0,0
5,-111,6,-940,3655,-799,0,0
-16,-74,14,-947,3638,-836,0,0
-5,-81,36,-949,3616,-842,0,0
8,-162,35,-988,3637,-844,0,0
11,-189,25,-1011,3660,-835,0,0
11,-179,21,-1011,3694,-819,0,0
-1,-185,17,-1018,3777,-799,0,0
-38,-171,15,-1053,3794,-781,0,0
-77,-81,10,-1048,3748,-787,0,0
-110,-18,-21,-1012,3772,-796,0,0
-132,-6,-43,-990,3788,-811,0,0
-141,53,-24,-962,3768,-800,0,0
-141,99,6,-944,3752,-802,0,0
-123,135,33,-924,3717,-783,0,0
-92,133,70,-928,3722,-772,0,0
-48,103,104,-934,3704,-748,0,0
6,25,101,-949,3700,-703,0,0
57,-72,82,-970,3766,-704,0,0
98,-156,51,-974,3762,-669,0,0
113,-246,3,-1005,3758,-631,0,0
77,-194,4,-1047,3757,-625,0,0
21,-9,40,-1058,3752,-638,0,0
-19,111,38,-1018,3696,-691,0,0
-24,94,-10,-987,3689,-720,0,0
-9,24,-48,-990,3694,-719,0,0
2,-13,-63,-992,3716,-683,0,0
8,-7,-54,-1002,3771,-685,0,0
6,4,-63,-991,3736,-697,0,0
0,-34,-106,-989,3728,-692,0,0
-5,-27,-100,-988,3769,-698,0,0
-15,15,-55,-993,3736,-720,0,0
-16,28,-46,-1002,3723,-757,0,0
1,10,-49,-1015,3756,-776,0,0
17,-5,-44,-1014,3760,-766,0,0
12,-13,-39,-1036,3808,-771,0,0
17,42,-21,-1030,3764,-801,0,0
28,48,-41,-989,3697,-804,0,0
26,-8,-73,-990,3726,-801,0,0
24,23,-32,-985,3754,-816,0,0
26,52,26,-980,3707,-820,0,0
23,27,32,-1001,3668,-813,0,0
15,34,34,-1017,3701,-818,0,0
7,66,63,-1009,3695,-825,0,0
-4,48,79,-1048,3688,-821,0,0
-7,71,82,-1065,3687,-848,0,0
2,91,68,-1056,3690,-849,0,0
16,36,32,-1056,3688,-828,0,0
23,-6,-2,-1064,3695,-809,0,0
18,0,-12,-1051,3703,-799,0,0
10,4,-20,-1039,3697,-805,0,0
2,-6,-37,-1033,3694,-802,0,0
-7,-3,-50,-1001,3680,-799,0,0
-22,-2,-39,-996,3696,-806,0,0
-29,35,11,-1019,3685,-834,0,0
-13,52,30,-998,3670,-827,0,0
-7,-30,1,-1015,3679,-808,0,0
-18,-34,0,-1042,3656,-779,0,0
-32,16,27,-1024,3651,-761,0,0
-50,16,40,-1044,3662,-775,0,0
-61,22,44,-1055,3695,-791,0,0
-53,14,31,-1039,3675,-779,0,0
-45,-35,-5,-1031,3688,-739,0,0
-62,-43,-9,-1061,3722,-727,0,0
-85,36,6,-1061,3743,-743,0,0
-105,61,-5,-1056,3759,-761,0,0
-115,68,-22,-1042,3776,-791,0,0
-115,84,-21,-1043,3777,-803,0,0
-99,99,-26,-1024,3762,-809,0,0
-78,87,-42,-997,3731,-794,0,0
-51,87,-32,-961,3707,-762,0,0
-32,70,3,-967,3724,-734,0,0
-22,86,46,-1008,3791,-734,0,0
4,98,54,-994,3762,-723,0,0
16,13,-2,-1006,3690,-682,0,0
5,2,-26,-1004,3707,-649,0,0
-9,60,21,-987,3727,-643,0,0
-15,40,45,-997,3737,-634,0,0
-28,-12,12,-1010,3742,-641,0,0
-45,-17,-15,-999,3716,-643,0,0
-55,-20,-10,-970,3710,-643,0,0
-67,-18,20,-994,3757,-649,0,0
-72,22,50,-1012,3775,-673,0,0
-72,30,26,-1008,3747,-689,0,0
-58,-7,-19,-979,3717,-670,0,0
-53,-25,-4,-992,3733,-653,0,0
-65,34,53,-1024,3795,-643,0,0
-74,79,68,-1030,3858,-669,0,0
-66,71,35,-1021,3849,-706,0,0
-44,45,-10,-973,3771,-724,0,0
-19,27,-19,-953,3743,-713,0,0
13,63,30,-953,3754,-730,0,0
38,69,50,-964,3783,-717,0,0
56,37,16,-961,3754,-678,0,0
60,43,6,-931,3721,-657,0,0
54,65,44,-932,3722,-638,0,0
47,75,73,-965,3752,-640,0,0
40,83,67,-978,3764,-637,0,0
30,86,42,-952,3768,-637,0,0
17,65,27,-955,3795,-653,0,0
11,92,33,-947,3755,-684,0,0
6,103,11,-902,3681,-677,0,0
-13,83,-16,-899,3678,-666,0,0
-33,116,20,-833,3768,-647,0,0
-60,12,42,-824,3755,-582,0,0
-120,14,40,-944,3808,-577,0,0
-135,264,83,-840,3759,-649,0,0
-80,140,30,-667,3586,-598,0,0
-63,-307,-64,-779,3703,-549,0,0
-90,-307,-37,-952,3730,-494,0,0
-110,23,17,-854,3745,-517,0,0
-112,-22,3,-750,3806,-526,0,0
-120,-229,-26,-877,3845,-537,0,0
-120,-130,-7,-917,3825,-576,0,0
-84,-49,3,-846,3852,-610,0,0
-36,-166,-19,-880,3922,-651,0,0
8,-183,-8,-904,3877,-651,0,0
21,-119,21,-947,3878,-681,0,0
39,57,64,-971,3922,-722,0,0
84,150,64,-816,3805,-683,0,0
49,-94,-33,-827,3556,-618,0,0
-56,0,-38,-1081,3465,-582,0,0
-102,644,133,-1028,3678,-648,0,0
-51,881,246,-813,3840,-732,0,0
5,385,136,-800,3877,-628,0,0
-42,-43,-42,-1025,3771,-592,0,0
-106,333,-74,-1114,3795,-563,0,0
-78,812,2,-855,3777,-650,0,0
10,591,-29,-761,3666,-666,0,0
91,133,-169,-860,3737,-543,0,0
123,-67,-270,-779,3946,-437,0,0
65,-203,-309,-815,3851,-395,0,0
-29,-52,-308,-932,3852,-417,0,0
-34,333,-228,-775,3859,-575,0,0
48,302,-190,-570,3707,-609,0,0
99,-187,-226,-638,3710,-540,0,0
72,-422,-162,-773,3926,-523,0,0
16,-271,-2,-818,3844,-588,0,0
-33,-42,63,-862,3626,-608,0,0
-46,130,89,-832,3714,-669,0,0
10,113,161,-782,3644,-761,0,0
103,-98,212,-880,3534,-675,0,0
171,-273,202,-902,3780,-609,0,0
168,-449,231,-935,4203,-599,0,0
104,-489,252,-1110,3958,-609,0,0
12,-166,116,-1149,3628,-628,0,0
-36,211,50,-1054,3671,-800,0,0
36,373,114,-962,3611,-929,0,0
168,161,115,-955,3647,-888,0,0
287,-201,13,-947,3820,-782,0,0
306,-468,-101,-1035,3970,-703,0,0
222,-397,-118,-1154,3911,-726,0,0
141,-40,-107,-1044,3650,-760,0,0
69,71,-119,-905,3503,-832,0,0
18,26,-63,-891,3476,-823,0,0
-6,16,55,-917,3640,-830,0,0
-5,69,174,-987,3923,-915,0,0
44,159,184,-934,3994,-943,0,0
78,3,64,-878,3933,-932,0,0
78,-133,-36,-909,3733,-871,0,0
47,-48,-33,-893,3676,-826,0,0
-6,78,81,-882,3757,-893,0,0
-7,208,195,-825,3608,-927,0,0
27,142,155,-748,3481,-907,0,0
58,-34,92,-744,3664,-906,0,0
94,-125,114,-726,3813,-881,0,0
95,-229,122,-778,3810,-865,0,0
70,-194,113,-799,3844,-962,0,0
86,-92,92,-691,3818,-1003,0,0
120,-237,23,-613,3728,-1021,0,0
122,-443,-21,-687,3671,-1010,0,0
106,-399,11,-709,3653,-1027,0,0
82,-317,71,-655,3615,-1065,0,0
53,-318,123,-689,3612,-1120,0,0
53,-271,147,-693,3530,-1123,0,0
48,-296,128,-685,3450,-1070,0,0
11,-327,157,-765,3558,-1071,0,0
-36,-227,242,-801,3831,-1080,0,0
-75,-181,283,-797,3889,-1135,0,0
-86,-153,242,-839,3729,-1151,0,0
-68,-66,164,-823,3638,-1171,0,0
-36,-23,70,-749,3587,-1154,0,0
-13,-80,3,-765,3626,-1122,0,0
19,-42,-38,-757,3715,-1090,0,0
25,-29,-107,-709,3734,-1061,0,0
7,-45,-179,-716,3773,-1050,0,0
-3,34,-178,-690,3742,-1031,0,0
-4,76,-128,-648,3633,-995,0,0
-6,27,-89,-670,3577,-939,0,0
-23,-1,-52,-713,3668,-919,0,0
-47,21,-28,-731,3734,-936,0,0
-75,42,-34,-761,3807,-982,0,0
-70,87,-43,-741,3850,-1042,0,0
-34,46,-69,-702,3705,-1026,0,0
-12,-66,-113,-749,3632,-1043,0,0
-6,-2,-74,-666,3683,-1139,0,0
-25,15,-3,-719,3669,-1112,0,0
-74,52,-15,-881,3556,-956,0,0
-125,257,-37,-842,3549,-1000,0,0
-149,301,-21,-788,3674,-1112,0,0
-152,244,32,-833,3944,-1162,0,0
-105,247,60,-843,4127,-1170,0,0
-5,210,-33,-791,3885,-1094,0,0
104,50,-208,-726,3508,-970,0,0
180,-165,-306,-711,3540,-915,0,0
219,-312,-257,-734,3710,-849,0,0
204,-374,-142,-791,3762,-811,0,0
123,-337,-78,-886,3653,-805,0,0
10,-136,-72,-907,3494,-811,0,0
-78,56,-32,-850,3525,-859,0,0
-107,72,88,-866,3593,-900,0,0
-106,-2,187,-920,3628,-854,0,0
-118,-64,209,-997,3703,-837,0,0
-135,-27,202,-1032,3738,-837,0,0
-149,7,178,-1041,3732,-827,0,0
-153,5,133,-1061,3758,-815,0,0
-152,9,81,-1054,3796,-796,0,0
-164,-7,26,-1030,3805,-764,0,0
-207,-22,-22,-1051,3745,-742,0,0
-244,105,-29,-1050,3693,-749,0,0
-250,248,-18,-981,3732,-728,0,0
-254,255,-12,-984,3814,-698,0,0
-253,269,-1,-989,3828,-660,0,0
-251,297,-25,-987,3718,-624,0,0
-260,320,-74,-996,3732,-610,0,0
-265,387,-74,-1027,3831,-613,0,0
-237,479,-45,-1007,3845,-593,0,0
-212,450,-31,-979,3927,-569,0,0
-210,376,-27,-1047,3916,-546,0,0
-200,498,-34,-1069,3792,-504,0,0
-185,620,-51,-965,3779,-524,0,0
-165,572,-44,-965,3818,-554,0,0
-110,526,-36,-930,3756,-526,0,0
-57,396,-81,-906,3738,-482,0,0
-46,303,-120,-949,3807,-450,0,0
-48,358,-121,-937,3761,-401,0,0
-56,384,-140,-883,3736,-376,0,0
-78,342,-143,-883,3771,-359,0,0
-90,373,-121,-882,3737,-320,0,0
-106,383,-122,-836,3698,-270,0,0
-140,307,-109,-846,3722,-257,0,0
-171,301,-55,-871,3690,-245,0,0
-193,299,-30,-874,3727,-238,0,0
-213,253,-21,-897,3800,-267,0,0
-225,243,-10,-909,3820,-277,0,0
-218,205,-26,-895,3841,-256,0,0
-210,125,-34,-901,3884,-247,0,0
-209,97,-31,-937,3815,-180,0,0
-234,90,-69,-912,3722,-78,0,0
-268,39,-71,-927,3811,-154,0,0
-257,115,-9,-981,3945,-203,0,0
-187,123,24,-882,4031,-317,0,0
-85,-52,-28,-881,3926,-252,0,0
-4,-100,-59,-822,3815,-142,0,0
21,-228,-39,-863,3776,-99,0,0
11,-316,5,-1023,3785,-9,0,0
20,-183,48,-1061,3786,24,0,0
14,-127,46,-1030,3766,11,0,0
-17,-231,-1,-1052,3821,41,0,0
-24,-218,3,-1064,3914,-47,0,0
12,-148,14,-994,3861,-133,0,0
50,-204,-8,-947,3824,-203,0,0
64,-192,9,-920,3802,-179,0,0
59,-142,48,-967,3778,-159,0,0
47,-91,82,-1042,3827,-180,0,0
54,-37,113,-1125,3867,-225,0,0
97,9,79,-1133,3880,-192,0,0
119,51,4,-1054,3870,-136,0,0
125,69,-25,-1010,3827,-202,0,0
157,38,-20,-992,3802,-202,0,0
192,-6,-25,-961,3800,-203,0,0
203,-55,-30,-940,3797,-199,0,0
199,-84,-24,-936,3795,-186,0,0
161,-69,-4,-935,3802,-189,0,0
124,11,46,-946,3780,-271,0,0
117,99,81,-916,3730,-318,0,0
115,67,78,-874,3773,-354,0,0
121,-32,82,-897,3792,-376,0,0
139,-93,76,-904,3773,-349,0,0
135,-164,55,-910,3801,-342,0,0
102,-165,45,-935,3772,-360,0,0
70,-111,35,-907,3783,-401,0,0
49,-96,38,-929,3829,-507,0,0
71,-36,39,-954,3813,-576,0,0
132,-29,-32,-833,3834,-564,0,0
163,-260,-126,-759,3816,-513,0,0
139,-413,-119,-875,3658,-452,0,0
94,-221,-28,-898,3582,-422,0,0
42,-36,75,-853,3628,-456,0,0
4,-17,147,-896,3825,-522,0,0
7,-7,131,-901,3888,-558,0,0
-2,-57,34,-861,3816,-603,0,0
-22,-110,-16,-907,3784,-652,0,0
-21,-29,13,-911,3698,-707,0,0
-20,17,21,-972,3785,-744,0,0
-1,140,21,-1024,3914,-765,0,0
59,276,16,-887,3826,-738,0,0
129,133,-22,-757,3689,-592,0,0
136,-130,-23,-800,3589,-473,0,0
87,-212,31,-908,3672,-400,0,0
18,-124,79,-927,3756,-387,0,0
-74,-30,80,-963,3798,-468,0,0
-122,80,25,-913,3775,-550,0,0
-119,-3,-37,-780,3720,-665,0,0
-95,-255,-34,-876,3768,-677,0,0
-80,-222,27,-1000,3805,-656,0,0
-71,-30,46,-994,3810,-679,0,0
-49,51,29,-983,3821,-663,0,0
-16,72,20,-987,3752,-580,0,0
-4,89,-1,-968,3751,-516,0,0
-4,101,-14,-940,3813,-488,0,0
9,76,-12,-909,3797,-444,0,0
-7,1,-53,-875,3741,-429,0,0
-38,-38,-58,-877,3788,-446,0,0
-37,-22,-19,-881,3815,-506,0,0
-22,-34,-14,-888,3810,-530,0,0
-12,-50,-27,-901,3830,-525,0,0
-1,-19,-19,-884,3791,-520,0,0
1,-23,-8,-882,3788,-499,0,0
-2,-29,9,-923,3821,-506,0,0
9,-17,27,-959,3805,-532,0,0
26,-36,3,-957,3756,-527,0,0
33,-61,-18,-935,3802,-504,0,0
30,-63,14,-940,3789,-471,0,0
14,-72,36,-947,3689,-461,0,0
-12,-95,18,-964,3759,-498,0,0
-12,-100,12,-979,3818,-512,0,0
-14,-84,-2,-982,3757,-538,0,0
-11,-34,-15,-970,3833,-580,0,0
29,15,-11,-944,3763,-556,0,0
40,2,-21,-938,3720,-497,0,0
17,-5,-10,-944,3841,-472,0,0
0,31,9,-932,3830,-479,0,0
-18,35,-6,-874,3714,-510,0,0
-22,-16,-5,-853,3715,-521,0,0
-15,-65,32,-899,3788,-493,0,0
-20,-87,38,-930,3773,-484,0,0
-21,-104,28,-953,3788,-521,0,0
8,-120,43,-990,3828,-553,0,0
32,-151,29,-1019,3771,-526,0,0
29,-154,0,-1032,3832,-511,0,0
7,-69,28,-1055,3841,-561,0,0
-8,21,37,-1060,3773,-612,0,0
5,94,0,-1019,3740,-644,0,0
39,155,3,-974,3824,-640,0,0
82,162,29,-954,3928,-602,0,0
108,120,26,-921,3974,-612,0,0
142,45,-5,-825,3775,-594,0,0
144,-124,-65,-802,3532,-462,0,0
49,-170,-25,-928,3564,-400,0,0
-57,169,168,-1047,3755,-505,0,0
-89,581,302,-983,3902,-633,0,0
-57,603,215,-880,3882,-725,0,0
-3,316,46,-851,3836,-729,0,0
53,103,-45,-899,3753,-647,0,0
73,77,-62,-890,3705,-596,0,0
55,136,-40,-891,3765,-586,0,0
67,196,-36,-816,3826,-564,0,0
77,69,-78,-788,3836,-565,0,0
84,-41,-114,-801,3808,-543,0,0
92,-72,-143,-750,3730,-548,0,0
85,-154,-168,-733,3728,-585,0,0
61,-203,-136,-753,3739,-621,0,0
22,-159,-61,-762,3658,-631,0,0
-39,-95,28,-800,3660,-692,0,0
-87,20,143,-845,3709,-744,0,0
-76,107,209,-834,3715,-773,0,0
-52,33,188,-822,3720,-761,0,0
-37,-77,160,-879,3752,-717,0,0
-29,-87,153,-919,3720,-692,0,0
-35,-62,130,-919,3718,-688,0,0
-22,-82,86,-906,3746,-700,0,0
3,-150,30,-874,3799,-673,0,0
42,-283,-18,-848,3816,-576,0,0
51,-340,-67,-880,3653,-543,0,0
31,-207,-128,-863,3632,-635,0,0
33,-111,-151,-784,3716,-783,0,0
59,-186,-149,-763,3746,-801,0,0
60,-260,-131,-813,3766,-770,0,0
24,-188,-89,-845,3729,-775,0,0
0,-107,-31,-845,3653,-733,0,0
-11,-151,27,-898,3768,-668,0,0
-36,-154,88,-980,3800,-633,0,0
-48,-134,80,-982,3828,-673,0,0
-36,-224,3,-1008,3825,-764,0,0
11,-254,-60,-1047,3846,-744,0,0
48,-211,-90,-1038,3814,-719,0,0
42,-132,-79,-1024,3774,-705,0,0
27,-34,-36,-1052,3780,-691,0,0
25,37,-19,-1025,3737,-679,0,0
21,19,-31,-1022,3757,-641,0,0
14,39,-14,-1028,3782,-617,0,0
7,89,8,-983,3769,-613,0,0
-14,53,9,-988,3758,-622,0,0
-22,63,19,-997,3752,-644,0,0
-15,83,18,-968,3722,-640,0,0
-15,31,13,-946,3755,-623,0,0
-27,-2,43,-990,3788,-616,0,0
-35,42,57,-984,3765,-637,0,0
-26,14,33,-960,3729,-636,0,0
-19,-21,25,-966,3700,-629,0,0
-19,-21,37,-975,3730,-608,0,0
-24,-19,50,-1001,3762,-603,0,0
-41,21,55,-1011,3788,-649,0,0
-39,21,44,-1014,3783,-673,0,0
-27,9,12,-991,3695,-654,0,0
-42,27,15,-947,3750,-661,0,0
-36,39,60,-994,3799,-677,0,0
5,43,56,-982,3757,-646,0,0
28,-14,-3,-946,3716,-586,0,0
28,-57,-28,-945,3712,-531,0,0
5,-41,-17,-955,3722,-509,0,0
-30,26,6,-969,3857,-564,0,0
-34,66,12,-931,3834,-654,0,0
-5,-15,-47,-892,3721,-697,0,0
21,-48,-57,-867,3764,-709,0,0
33,-28,12,-913,3823,-703,0,0
51,-12,32,-971,3787,-690,0,0
50,1,-16,-951,3763,-690,0,0
50,5,-8,-939,3778,-718,0,0
65,8,29,-938,3775,-734,0,0
75,-1,31,-954,3722,-720,0,0
82,31,31,-967,3714,-733,0,0
96,56,49,-972,3759,-725,0,0
103,21,43,-983,3788,-705,0,0
88,15,25,-1006,3785,-718,0,0
79,53,2,-964,3713,-743,0,0
87,24,-25,-918,3704,-763,0,0
87,-9,-21,-922,3726,-768,0,0
74,-3,-8,-924,3736,-767,0,0
55,6,-11,-921,3739,-792,0,0
41,41,12,-915,3679,-824,0,0
49,61,25,-906,3663,-834,0,0
63,3,19,-910,3667,-808,0,0
57,-40,17,-947,3690,-782,0,0
36,-24,28,-970,3708,-785,0,0
13,-29,23,-982,3714,-797,0,0
-9,-20,1,-976,3701,-813,0,0
-30,-19,-20,-946,3662,-808,0,0
-41,-18,-15,-935,3675,-827,0,0
-42,-10,14,-944,3717,-841,0,0
-21,-25,15,-943,3679,-810,0,0
-17,-72,-22,-948,3675,-776,0,0
-33,-47,-17,-958,3694,-780,0,0
-34,-10,14,-945,3728,-792,0,0
-32,-61,-3,-957,3735,-808,0,0
-34,-82,-27,-941,3720,-802,0,0
-30,-86,-7,-950,3752,-811,0,0
-35,-60,25,-974,3783,-831,0,0
-38,-46,27,-973,3730,-848,0,0
-25,-48,11,-963,3682,-852,0,0
7,-58,13,-939,3645,-796,0,0
15,-98,18,-987,3673,-732,0,0
-10,-46,25,-1022,3791,-704,0,0
-34,13,27,-990,3778,-715,0,0
-54,-18,-12,-972,3707,-723,0,0
-74,-12,-29,-968,3712,-740,0,0
-79,56,21,-950,3722,-776,0,0
-73,54,48,-969,3767,-806,0,0
-65,46,35,-1003,3815,-832,0,0
-36,102,21,-981,3769,-846,0,0
1,103,-3,-922,3700,-832,0,0
22,23,-7,-924,3710,-758,0,0
18,48,28,-964,3733,-714,0,0
-8,124,51,-950,3737,-699,0,0
-26,120,34,-944,3705,-699,0,0
-33,103,18,-944,3692,-691,0,0
-40,100,19,-938,3681,-672,0,0
-56,76,14,-958,3729,-658,0,0
-73,93,7,-968,3734,-659,0,0
-77,111,-10,-944,3730,-684,0,0
-67,59,-49,-925,3720,-685,0,0
-58,6,-81,-914,3749,-684,0,0
-55,14,-75,-904,3794,-697,0,0
-49,15,-61,-889,3809,-716,0,0
-36,-12,-72,-877,3785,-718,0,0
-17,-18,-69,-847,3769,-710,0,0
1,-43,-42,-843,3757,-697,0,0
7,-47,-3,-874,3789,-685,0,0
19,-9,42,-894,3773,-686,0,0
17,1,59,-919,3698,-658,0,0
-6,44,79,-971,3740,-677,0,0
-11,139,125,-974,3817,-715,0,0
8,117,119,-963,3812,-753,0,0
27,28,64,-992,3804,-763,0,0
43,27,37,-975,3801,-770,0,0
62,19,23,-937,3735,-763,0,0
62,-18,9,-961,3742,-765,0,0
53,50,30,-958,3752,-767,0,0
63,88,34,-924,3713,-781,0,0
74,33,-10,-915,3703,-777,0,0
89,-3,-30,-898,3723,-748,0,0
88,-13,-13,-895,3722,-745,0,0
66,-7,-11,-908,3702,-748,0,0
47,24,-20,-885,3663,-749,0,0
27,36,-7,-875,3661,-769,0,0
13,37,22,-890,3725,-788,0,0
13,16,37,-920,3797,-803,0,0
23,12,18,-920,3716,-806,0,0
24,1,-36,-885,3647,-793,0,0
32,-24,-50,-842,3686,-799,0,0
40,-64,-8,-849,3805,-818,0,0
43,-101,14,-898,3786,-842,0,0
46,-107,-29,-885,3707,-862,0,0
