-625,-115,59,2585,1978,-1596,0,0
-589,12,7,2457,1908,-1649,0,0
-837,161,-41,2524,2040,-1603,0,0
-651,170,-52,2724,2180,-1314,0,0
-298,33,-86,2689,2120,-1604,0,0
-367,21,-128,2544,2346,-1993,0,0
274,118,-143,2562,2439,-1990,0,0
1034,180,-154,2463,2514,-1893,0,0
2877,190,-139,2393,2903,-1761,0,0
4775,-26,25,2381,1484,-2831,0,0
3071,24,159,2489,433,-3435,0,0
850,218,178,2796,1090,-3143,0,0
-657,209,189,2869,1052,-2914,0,0
-2910,183,107,2704,906,-2712,0,0
-3963,103,-65,2512,2232,-2244,0,0
-3209,76,35,2567,2557,-1528,0,0
-2158,97,163,2720,2345,-697,0,0
-1215,-37,188,2690,2719,-599,0,0
-303,-60,207,2633,2508,-741,0,0
193,-109,212,2615,2167,-1152,0,0
645,-32,242,2701,2304,-1773,0,0
704,145,281,2800,2155,-1838,0,0
612,279,148,2907,2063,-1715,0,0
760,263,38,3044,2158,-1715,0,0
931,126,97,2980,1839,-1781,0,0
771,-4,151,2835,1439,-1774,0,0
595,-65,120,2701,1209,-1752,0,0
309,-24,-15,2685,1162,-1609,0,0
89,0,-215,2641,1120,-1508,0,0
-51,-47,-373,2570,1160,-1493,0,0
-136,-57,-592,2318,1145,-1381,0,0
-155,38,-910,1539,1418,-1272,0,0
-50,124,-1008,846,1408,-1428,0,0
-92,79,-660,1107,1208,-1683,0,0
-323,140,-464,2177,2087,-1897,0,0
-226,258,-520,3773,3948,-2374,0,0
335,94,-90,5050,4259,-3437,0,0
556,-208,687,6010,3501,-4193,0,0
885,-226,1121,5613,3020,-3420,0,0
950,-301,1114,4851,2153,-2745,0,0
804,-285,771,3847,1301,-2508,0,0
322,23,211,2450,-1,-1579,0,0
-569,588,-477,900,-520,-341,0,0
-395,972,-909,-377,396,528,0,0
327,818,-734,-1175,535,775,0,0
158,493,-651,-966,206,-1,0,0
-11,381,-429,10,79,-735,0,0
11,224,0,1383,383,-902,0,0
271,62,172,2341,1215,-1198,0,0
244,91,-132,3050,3740,-1840,0,0
242,37,-113,2706,5048,-2043,0,0
-400,-276,415,3730,3708,-2298,0,0
-375,-365,362,4066,3365,-2528,0,0
-147,-219,188,4083,3148,-2575,0,0
-669,-208,-1,4600,5119,-2849,0,0
-244,-357,102,4924,5362,-3350,0,0
-402,-526,420,5226,5503,-3723,0,0
-236,-756,780,5294,5336,-4046,0,0
48,-901,1203,5538,4700,-3623,0,0
322,-1120,1551,5151,3334,-3819,0,0
395,-998,1493,4693,2439,-3694,0,0
183,-746,1094,3529,2124,-3790,0,0
-39,-468,455,2102,901,-3386,0,0
-94,-37,-115,-2160,570,-1502,0,0
479,162,3,-2046,423,214,0,0
824,210,39,-2187,-1492,964,0,0
-91,395,-794,-922,-497,1018,0,0
-170,496,-1350,-129,96,426,0,0
-71,622,-1061,191,-355,321,0,0
32,602,-547,684,-507,551,0,0
109,369,-104,1317,-762,191,0,0
117,107,400,1863,-493,-2720,0,0
-161,-163,951,2584,-132,-1578,0,0
-798,-347,967,4066,1494,-2303,0,0
-504,-358,357,3913,2490,-3082,0,0
-667,-293,-175,4483,1494,-4129,0,0
-1167,-305,-501,4827,2922,-4495,0,0
-170,-267,-525,4359,2236,-4348,0,0
-378,-33,-600,4291,3366,-3029,0,0
3,-133,-329,4543,3416,-3580,0,0
423,-74,35,5187,2697,-4465,0,0
122,34,211,5984,3729,-4455,0,0
787,-151,629,5830,3439,-4913,0,0
1051,-123,910,5301,2467,-4273,0,0
982,-109,937,4405,1963,-3599,0,0
985,-111,732,3569,1187,-3108,0,0
678,-31,322,2793,900,-1992,0,0
-44,92,-190,1581,545,-698,0,0
-899,239,-876,792,927,169,0,0
-474,133,-1304,187,1301,-110,0,0
-43,48,-987,-238,846,-326,0,0
-243,146,-572,-257,849,-158,0,0
249,285,-212,-16,253,-639,0,0
348,554,108,-32,-447,-508,0,0
365,696,419,-38,-330,-75,0,0
822,564,775,167,-567,-420,0,0
827,371,954,1027,-735,-1042,0,0
496,125,892,2927,-288,-1440,0,0
-2,31,225,4322,660,-2028,0,0
-97,55,-646,4300,1126,-3470,0,0
-902,-46,-359,5368,1117,-3604,0,0
-923,-158,47,6295,818,-2833,0,0
-735,-69,-1,5693,1939,-2613,0,0
-283,-152,-314,4610,4410,-4736,0,0
-200,6,-14,5215,3751,-4824,0,0
-724,-126,596,6003,4056,-3578,0,0
108,-494,950,5145,3012,-3765,0,0
71,-409,821,4227,2789,-3258,0,0
343,-390,624,3674,2355,-3544,0,0
338,-252,409,3789,1897,-2960,0,0
150,-340,209,3881,2096,-2710,0,0
147,-482,26,3815,1406,-3263,0,0
-259,-504,-400,3713,632,-3115,0,0
-378,-645,-691,1140,227,-1557,0,0
-223,-529,-225,-1155,-985,454,0,0
259,-150,134,-816,-1382,851,0,0
431,448,-538,-1126,-133,538,0,0
100,796,-887,-929,-220,730,0,0
-213,673,-759,-165,-1108,220,0,0
-687,428,-520,902,-885,109,0,0
-528,-74,-179,1755,-982,-413,0,0
-833,-507,-3,2834,-270,-1977,0,0
-1983,-438,-157,4093,1712,-3148,0,0
-1471,-254,-414,3580,3821,-3303,0,0
-359,-283,-406,3353,2776,-4386,0,0
-340,-238,-15,3461,1939,-3721,0,0
56,-383,411,3913,1720,-3023,0,0
927,-2248,-17,3436,1857,-2739,0,0
662,47,-380,3026,2526,-2922,0,0
376,106,-528,3331,2741,-3700,0,0
194,97,-357,3979,2727,-3563,0,0
-182,-39,-114,4623,3552,-3874,0,0
16,-17,78,4598,3765,-4748,0,0
244,57,420,4833,3626,-4648,0,0
418,11,828,4864,3205,-4442,0,0
828,-58,1026,4452,2614,-4334,0,0
905,-80,1063,4187,2711,-3780,0,0
1370,-86,999,3345,2040,-3288,0,0
1341,-62,728,2661,1004,-2522,0,0
506,-43,237,2319,633,-1429,0,0
6,126,-315,1516,129,-551,0,0
-166,385,-742,759,-141,-161,0,0
-32,517,-732,53,795,-212,0,0
224,627,-387,-735,534,74,0,0
13,765,-149,-764,196,402,0,0
64,806,-111,-484,20,144,0,0
168,806,-108,-513,-218,-22,0,0
198,688,7,-209,-255,-372,0,0
522,383,268,836,-303,-895,0,0
651,46,352,2277,-582,-1595,0,0
181,-18,-129,4231,117,-1999,0,0
62,112,-1092,4544,1833,-3018,0,0
-132,-5,-1044,5151,663,-3650,0,0
-1388,-162,-460,6380,1353,-2875,0,0
-704,-169,-76,5364,883,-2437,0,0
-1079,-79,-44,4298,1839,-2756,0,0
-1281,70,-150,4202,3756,-2983,0,0
-866,257,-31,4775,4667,-3115,0,0
-840,198,162,5744,4720,-3506,0,0
-582,-97,521,6274,4734,-3690,0,0
74,-508,1010,6048,3606,-3577,0,0
133,-862,1418,5877,3387,-2809,0,0
547,-1219,1667,5201,2582,-2717,0,0
505,-1276,1518,4201,1419,-2749,0,0
339,-1153,1082,3214,1326,-3186,0,0
392,-957,563,2084,386,-3259,0,0
-306,-771,105,451,-520,-1635,0,0
-465,-605,47,-965,-669,181,0,0
183,-415,258,-1232,-1212,946,0,0
77,18,-256,-1094,-1306,818,0,0
-207,592,-1000,-860,-376,619,0,0
-172,864,-1131,-2680,-312,561,0,0
-137,893,-1014,-96,-501,-9,0,0
-94,764,-824,914,-377,-302,0,0
-217,302,-345,2623,-17,-1163,0,0
-776,-79,-187,4157,919,-2797,0,0
-1242,69,-506,4143,2239,-3165,0,0
-1025,124,-603,4681,2153,-3551,0,0
-617,22,-501,4285,1511,-3439,0,0
-525,-174,-73,3770,1285,-2751,0,0
218,-275,0,3291,2107,-2685,0,0
694,-113,22,2654,1860,-2829,0,0
128,98,-104,3230,2101,-2738,0,0
139,227,-425,3754,2250,-2854,0,0
4,206,-664,4285,2986,-3054,0,0
-75,28,-611,4613,4080,-3603,0,0
85,-163,-58,4994,3360,-3975,0,0
187,-125,307,5133,3462,-4063,0,0
565,-47,620,4869,3371,-3766,0,0
542,-56,961,4592,2949,-3786,0,0
782,-69,1147,4345,2352,-3490,0,0
909,-106,1069,4193,2017,-3283,0,0
959,-102,818,3684,1396,-2897,0,0
580,-71,416,2997,477,-2067,0,0
-185,-22,-105,2114,320,-1013,0,0
-294,94,-425,679,136,126,0,0
-202,165,-353,-321,27,784,0,0
-330,203,-163,-719,208,701,0,0
-577,317,-63,-589,-218,558,0,0
-763,413,-36,-293,-131,272,0,0
-546,475,-48,-345,-299,-28,0,0
-345,528,-57,-262,-272,-276,0,0
154,374,105,559,13,-1071,0,0
272,113,164,2388,645,-2109,0,0
309,179,-477,4023,1181,-2609,0,0
-246,641,-1615,5288,3369,-3025,0,0
-348,597,-1735,5708,2785,-3385,0,0
-792,59,-659,5592,1897,-2403,0,0
-258,-232,-245,4915,1318,-2386,0,0
-261,-263,-74,4214,2080,-2325,0,0
-71,-353,-54,3801,2645,-2920,0,0
-1,-258,0,3474,3876,-2776,0,0
89,-241,295,3526,4396,-2584,0,0
143,-211,434,3912,4386,-2704,0,0
508,-193,473,3835,4437,-2832,0,0
573,-229,561,3637,4076,-2789,0,0
363,-235,563,3394,3959,-2416,0,0
420,-299,576,3097,3133,-2000,0,0
273,-402,481,2748,2235,-1885,0,0
87,-469,361,2482,994,-1918,0,0
-270,-705,495,3075,245,-2427,0,0
97,-1183,873,4271,-110,-4131,0,0
385,-1187,1107,4159,-492,-4146,0,0
246,-848,1021,3343,-9,-3312,0,0
87,-329,323,2105,1160,-2146,0,0
494,96,-328,43,56,-888,0,0
-98,475,-346,-1269,-1067,490,0,0
-16,536,-204,-1071,-1149,1200,0,0
523,483,-508,-920,-1599,873,0,0
-164,667,-958,-521,-1164,665,0,0
-385,776,-1031,228,-704,-4,0,0
-741,699,-879,1866,-190,-935,0,0
-1423,628,-1131,3754,544,-2238,0,0
-1801,650,-1373,4917,2446,-3275,0,0
-1069,254,-841,5165,3492,-4113,0,0
-315,-2408,-28,4253,2378,-4113,0,0
-478,-415,428,3823,2049,-2895,0,0
-110,-14,387,3634,1994,-2072,0,0
186,212,138,3347,2838,-2296,0,0
395,366,-265,2747,3514,-2519,0,0
363,333,-333,3482,2814,-2556,0,0
122,274,-505,4449,3053,-2645,0,0
-256,108,-434,5173,4149,-2445,0,0
-108,-270,269,6074,5129,-3399,0,0
912,-496,1178,5696,3852,-3853,0,0
870,-560,1650,5100,3792,-3520,0,0
1137,-609,1821,4258,2944,-3307,0,0
1321,-478,1548,3258,1880,-2525,0,0
1019,-329,814,2387,1053,-1656,0,0
263,-27,-198,1568,-113,-912,0,0
-1001,636,-1399,1062,144,-296,0,0
-792,1098,-2014,269,966,81,0,0
-272,919,-1530,-191,315,422,0,0
-761,598,-1023,5,682,182,0,0
-624,337,-732,257,582,-222,0,0
-369,304,-421,224,-24,-133,0,0
-471,382,-152,88,-129,113,0,0
-83,324,220,174,-256,-535,0,0
451,311,595,864,-321,-1094,0,0
382,223,765,3047,507,-1866,0,0
127,391,252,4929,1463,-2020,0,0
-430,893,-2816,5667,3639,-1732,0,0
-536,662,-883,5143,3441,-1628,0,0
-914,-49,-98,4985,2331,-1485,0,0
-615,-121,107,4123,1939,-1176,0,0
-1100,154,6,4121,3460,-1653,0,0
-770,461,-156,4411,5806,-1573,0,0
-185,393,5,4334,6058,-640,0,0
-418,-102,185,4709,5243,-834,0,0
-178,-541,368,5124,4944,-1069,0,0
260,-933,688,4881,4029,-1024,0,0
436,-1302,981,4780,3567,-1424,0,0
453,-1502,1155,5472,3039,-1660,0,0
899,-1694,1285,5146,2404,-2452,0,0
1479,-1356,1199,4112,228,-3737,0,0
-77,-192,697,3273,884,-2167,0,0
-399,318,649,2068,1983,-1711,0,0
624,236,711,357,-564,-1222,0,0
673,92,401,-678,-2345,254,0,0
210,-80,-294,-1593,-1055,534,0,0
416,6,-932,-2206,-221,163,0,0
593,152,-1460,-1456,-779,503,0,0
142,52,-1576,-333,-817,552,0,0
-572,-196,-1242,1006,-960,389,0,0
-1401,-354,-1101,2986,1148,-723,0,0
-2030,-261,-1053,4868,3355,-2112,0,0
-2041,-74,-1059,4996,5872,-3114,0,0
-463,-171,-642,3843,3034,-4138,0,0
-881,-31,-565,4268,3238,-2840,0,0
-445,-50,-452,2830,3725,-1811,0,0
45,-134,29,1969,1916,-1826,0,0
73,-46,164,2360,1908,-1838,0,0
293,175,177,2353,2267,-1570,0,0
404,306,94,2640,2364,-1381,0,0
430,322,-44,2946,2917,-1609,0,0
330,156,-113,3312,3386,-1852,0,0
190,-175,-166,3961,3881,-2275,0,0
351,-452,-165,4247,4390,-3024,0,0
154,-449,-61,4317,5085,-3342,0,0
13,-361,321,4637,5097,-3574,0,0
164,-170,802,4761,5108,-3118,0,0
702,-233,1145,4433,4587,-2851,0,0
872,-293,1268,4201,4229,-2735,0,0
1539,-348,1278,3631,2728,-2182,0,0
1671,-501,884,2567,843,-1727,0,0
1393,-445,211,1525,-12,-789,0,0
439,-225,-328,852,543,321,0,0
-163,-240,-237,203,342,558,0,0
41,-121,207,100,335,279,0,0
114,209,330,-151,238,144,0,0
75,554,334,-481,80,57,0,0
148,800,320,-526,-171,43,0,0
72,867,266,-541,-263,-70,0,0
188,692,332,-263,-259,-425,0,0
450,411,428,911,-234,-1224,0,0
249,290,370,2843,-224,-1979,0,0
98,619,-126,5149,-327,-2930,0,0
-513,969,-905,5738,236,-3419,0,0
-804,704,-1038,5889,1790,-3312,0,0
-509,351,-769,5265,2629,-2460,0,0
-597,85,-86,4740,2601,-2022,0,0
-887,123,117,4535,2280,-1991,0,0
-1191,283,-74,4553,2553,-1465,0,0
-1256,338,-367,4567,2190,-1343,0,0
-2215,478,-1035,4721,2511,-666,0,0
-1572,488,-1107,4608,7343,-912,0,0
508,265,-92,4911,6230,-1104,0,0
-318,-149,576,5183,6379,-1300,0,0
733,-659,1065,5430,4889,-1567,0,0
856,-1140,1300,5682,2762,-1726,0,0
445,-1690,1156,5103,2583,-2645,0,0
899,-1991,1135,3239,1292,-2952,0,0
1340,-2201,1346,1401,-662,-2497,0,0
988,-1991,1235,138,-1486,-1069,0,0
361,-1336,287,-548,-1170,-248,0,0
269,-459,-825,-972,-1086,303,0,0
-300,259,-1218,-1770,-642,1893,0,0
-149,556,-1317,-1682,-1427,1043,0,0
-290,908,-1755,-563,-998,700,0,0
-501,1028,-2271,10,-98,248,0,0
-393,822,-2099,1138,266,-625,0,0
-175,154,-1300,2741,1246,-2392,0,0
-591,-134,-476,4563,2138,-3401,0,0
-835,-98,-295,5575,4570,-2978,0,0
302,-194,-225,4311,3636,-4092,0,0
197,-350,315,3707,3062,-3366,0,0
517,-750,1040,3056,2141,-3406,0,0
683,-492,1058,2904,2157,-3061,0,0
500,-37,809,2811,2477,-2548,0,0
511,182,528,3117,2057,-3221,0,0
361,351,192,3646,1539,-3642,0,0
335,416,25,4818,1729,-4181,0,0
549,295,-40,5319,2389,-4884,0,0
845,132,184,5549,3791,-5418,0,0
1024,0,646,5352,3383,-5320,0,0
997,-108,937,4801,3118,-5055,0,0
1255,62,1102,4084,1788,-3859,0,0
612,257,996,3377,553,-1923,0,0
745,428,605,2415,118,-464,0,0
661,686,19,1473,-1041,-369,0,0
-748,961,-768,699,-814,-267,0,0
-1492,1208,-895,399,640,3,0,0
20,1268,-401,-34,1026,-326,0,0
772,1078,27,-270,41,-497,0,0
901,698,280,-237,-184,-569,0,0
678,222,448,-284,-147,-355,0,0
470,-126,584,-403,210,-215,0,0
733,-376,809,492,-369,-700,0,0
468,-508,832,2080,-939,-1780,0,0
297,-175,342,4251,-1222,-2220,0,0
-125,407,-641,4781,-476,-2262,0,0
-681,459,-813,4964,358,-2204,0,0
-871,206,-649,5757,565,-2495,0,0
-602,274,-609,5790,732,-2700,0,0
-586,171,-563,5850,1120,-2847,0,0
-559,-222,-430,5765,1498,-3065,0,0
-471,-524,-218,5417,1948,-2921,0,0
-465,-722,243,5323,2000,-3210,0,0
-753,-739,690,5200,2174,-2912,0,0
-959,-780,843,4743,1974,-3141,0,0
-1795,-901,869,4891,2292,-3473,0,0
-1186,-1087,873,5010,2521,-3865,0,0
360,-1219,899,4671,1126,-4212,0,0
139,-1194,765,4313,802,-4203,0,0
166,-1021,627,3169,721,-3800,0,0
421,-725,608,1694,-536,-2699,0,0
-465,-258,377,328,-429,-920,0,0
-463,106,-24,-1220,344,65,0,0
213,513,-259,-1637,76,486,0,0
426,894,-519,-677,-390,859,0,0
263,981,-816,-234,-337,621,0,0
83,757,-796,-231,-707,183,0,0
176,542,-609,584,-475,243,0,0
444,362,-363,999,-439,-491,0,0
158,387,56,2603,-186,-1590,0,0
-307,517,98,4623,265,-2183,0,0
-336,441,-316,5059,-266,-3110,0,0
-705,105,-629,5271,-11,-4503,0,0
-590,15,-224,4649,856,-3592,0,0
-155,134,109,4208,1557,-2153,0,0
105,317,-123,3649,967,-2401,0,0
-240,491,-375,4225,1139,-2297,0,0
-15,515,-595,4609,1334,-2444,0,0
-123,422,-791,4747,1620,-2360,0,0
-200,242,-752,5117,1981,-2547,0,0
1,154,-505,5201,1851,-2758,0,0
-248,66,-177,5834,2085,-2647,0,0
-193,-72,250,5787,2468,-2690,0,0
416,-247,777,5771,2303,-2968,0,0
621,-416,1217,5597,2278,-2969,0,0
961,-511,1392,4987,2220,-2933,0,0
1147,-462,1210,4246,1535,-2830,0,0
644,-338,629,3520,885,-2362,0,0
96,-241,-258,2674,440,-1526,0,0
-621,-161,-1436,1009,-120,-626,0,0
-1233,60,-2176,-737,914,141,0,0
60,162,-1459,-350,262,488,0,0
250,156,-638,460,-989,538,0,0
-708,289,-480,457,117,688,0,0
-425,406,-308,-164,219,442,0,0
-164,688,-203,-874,-268,-39,0,0
-541,794,-184,-353,-289,-149,0,0
-69,419,128,1447,-61,-964,0,0
234,173,275,3827,116,-1719,0,0
93,489,-557,3885,2276,-1948,0,0
-14,401,-1367,4163,3663,-2613,0,0
-1135,-22,-1026,5957,3148,-2459,0,0
-871,-144,-169,5991,2179,-1377,0,0
-171,74,-164,4127,1526,-1589,0,0
-1028,375,-216,4018,3713,-1428,0,0
-795,595,22,4387,4970,-916,0,0
-143,417,254,4807,3763,-1372,0,0
-213,139,111,5060,5485,-1224,0,0
290,-441,336,4835,5131,-1378,0,0
3,-974,1002,5376,3810,-1455,0,0
236,-1271,1580,5273,3121,-1695,0,0
361,-1468,1855,5350,2153,-2006,0,0
158,-1937,1992,5555,1464,-2797,0,0
-687,-2915,2315,6089,317,-4381,0,0
-1698,-3044,2013,4434,835,-4666,0,0
-455,-1877,1338,2140,2486,-2661,0,0
1603,-462,882,-406,425,-132,0,0
454,176,124,-1610,-404,248,0,0
-9,613,-409,-1948,289,11,0,0
830,1028,-676,-1425,-371,1176,0,0
889,1018,-1239,-794,-527,673,0,0
762,1039,-1889,-502,368,-280,0,0
1054,992,-1868,247,257,270,0,0
1115,442,-1342,1232,-491,-425,0,0
766,183,-522,2016,-430,-848,0,0
871,90,213,3280,-178,-1158,0,0
246,101,32,4567,250,-2772,0,0
-1197,531,-846,5474,1149,-3649,0,0
-1541,413,-1189,5300,1296,-3493,0,0
-783,-453,-197,5137,1062,-3654,0,0
-51,-666,317,4054,1299,-2921,0,0
249,-374,242,3700,1719,-2782,0,0
-77,-78,74,4434,2013,-3646,0,0
55,154,-97,5044,1961,-3843,0,0
190,69,-164,5565,2245,-4125,0,0
19,-64,99,5579,2588,-4442,0,0
178,-79,562,5451,2356,-3661,0,0
582,-244,832,5215,1661,-3656,0,0
582,-305,849,4698,1996,-3896,0,0
857,-171,806,4121,1456,-3411,0,0
588,12,540,3453,382,-2359,0,0
-493,152,130,2474,83,-962,0,0
-1052,420,-263,1116,-130,-2064,0,0
-1153,721,-666,-28,-435,407,0,0
-702,782,-791,-601,233,220,0,0
-200,740,-731,-878,383,100,0,0
-71,639,-802,-500,889,672,0,0
540,262,-659,-217,542,276,0,0
856,212,-494,-41,529,-108,0,0
1015,272,-304,540,624,-596,0,0
813,288,-124,1456,412,-1108,0,0
591,256,-202,3490,215,-1930,0,0
11,370,-898,4223,1435,-2900,0,0
-124,317,-1082,3705,2405,-2729,0,0
-394,-121,-535,5564,2393,-2683,0,0
-259,-187,-662,5222,2638,-2470,0,0
-153,-276,-509,5298,1978,-2533,0,0
-274,-301,-383,5351,2312,-2929,0,0
-686,-206,-18,5541,2937,-2069,0,0
-1000,-360,521,6117,4378,-2165,0,0
-244,-510,1261,5810,4665,-3189,0,0
-111,-593,1611,5469,3755,-4033,0,0
-229,-905,1653,4880,3612,-3737,0,0
8,-1529,1708,3993,2543,-3866,0,0
116,-1825,1591,3783,1589,-4123,0,0
-114,-1634,1342,3084,981,-2948,0,0
27,-1245,657,2194,306,-2747,0,0
-136,-591,-233,1445,-102,-2712,0,0
-474,135,-725,265,336,-1186,0,0
111,274,-662,-657,585,450,0,0
374,63,-383,-967,9,789,0,0
251,222,-431,-329,-239,298,0,0
342,570,-708,-49,-174,-132,0,0
662,839,-659,31,-504,38,0,0
1048,878,-325,658,-391,19,0,0
1079,771,63,1261,-41,-578,0,0
556,629,376,3068,154,-1488,0,0
-55,372,140,4267,551,-2362,0,0
-173,252,-398,4327,1434,-3074,0,0
-435,273,-696,3961,1820,-2966,0,0
-855,89,-842,4180,518,-3015,0,0
-665,-253,-1164,4246,120,-3506,0,0
-180,-644,-956,3544,535,-3775,0,0
-184,-655,-842,2875,1244,-3211,0,0
-176,-423,-985,2760,2103,-3233,0,0
-175,-101,-1095,3566,3436,-4301,0,0
-301,290,-1092,4157,3802,-4894,0,0
-424,489,-653,4708,3882,-4916,0,0
-10,493,-100,4809,3239,-4715,0,0
130,540,453,4905,2558,-4117,0,0
192,642,840,4410,2507,-3180,0,0
245,728,1066,3776,2882,-2289,0,0
466,796,1297,3318,2580,-1837,0,0
150,839,1473,3204,2385,-1158,0,0
-134,486,1320,2963,2318,-1247,0,0
-168,192,671,1842,1471,-1397,0,0
-182,137,-145,996,1021,-1103,0,0
-123,192,-855,179,959,-856,0,0
-25,433,-1277,-271,1318,-449,0,0
190,369,-990,531,1959,-704,0,0
493,213,-442,96,1396,-482,0,0
901,215,176,-104,385,54,0,0
937,82,702,273,-55,395,0,0
1034,-172,1123,532,-279,456,0,0
1263,-390,1123,1665,-1416,-585,0,0
468,-354,269,2906,-1094,-1324,0,0
-249,-357,-368,3550,-281,-1489,0,0
-667,-364,-682,4435,748,-2921,0,0
-831,-118,-567,5267,1774,-3410,0,0
-994,3,22,5282,1382,-2483,0,0
-694,27,263,4631,1022,-2597,0,0
-605,168,-3,4734,2087,-2735,0,0
-270,395,-276,4783,2932,-2734,0,0
-214,433,-287,5258,3049,-2172,0,0
-247,-8,-84,6139,3831,-2707,0,0
242,-434,109,5876,3749,-2993,0,0
424,-794,608,5561,3399,-3238,0,0
487,-958,1100,5044,2932,-2974,0,0
585,-1030,1308,4377,2825,-2431,0,0
635,-1069,1359,3650,2657,-2304,0,0
765,-746,1174,2287,1874,-1758,0,0
1309,-256,437,1706,-455,-3485,0,0
850,225,-253,2390,-1414,-4287,0,0
1071,346,-459,2052,-1513,-2342,0,0
778,56,-421,1034,-698,-447,0,0
-214,-228,-476,1054,-104,315,0,0
-347,-162,-806,-64,-216,22,0,0
109,3,-850,-875,-903,76,0,0
20,-81,-1130,-838,-1018,248,0,0
-87,-217,-1372,-334,-536,131,0,0
-232,-386,-1196,294,-59,149,0,0
-631,-546,-520,1364,183,-780,0,0
-547,-511,81,2921,1104,-1834,0,0
-381,-391,-88,3926,1443,-3309,0,0
-1241,181,-751,4474,2788,-4334,0,0
-1250,190,-454,4487,1791,-4048,0,0
-766,-413,143,4060,498,-4653,0,0
-288,-501,332,3376,910,-3581,0,0
-91,-367,224,3039,1344,-3110,0,0
-185,-215,-203,3021,2845,-4445,0,0
-163,-35,-307,3054,3066,-5333,0,0
-426,1,-101,3816,2828,-5285,0,0
-80,130,77,4363,2533,-5055,0,0
81,315,306,4351,2442,-4483,0,0
138,339,538,4174,2114,-4187,0,0
-131,318,627,4011,2127,-3975,0,0
-227,282,635,3821,2819,-3345,0,0
-54,124,694,3583,2394,-2769,0,0
77,-25,796,3013,2259,-2592,0,0
465,-88,844,2455,746,-1598,0,0
-30,-57,294,1769,221,-729,0,0
-529,231,-557,1121,1471,-410,0,0
-317,728,-973,60,1304,43,0,0
-369,1020,-687,-731,-291,41,0,0
-680,929,-741,-247,-214,256,0,0
24,706,-1125,-490,178,-30,0,0
231,679,-1213,-659,161,-292,0,0
-20,666,-1083,-359,428,-386,0,0
-88,513,-651,630,352,-610,0,0
-219,365,2,1871,643,-1099,0,0
-133,366,266,4103,1078,-1340,0,0
56,564,-485,4492,3742,-1923,0,0
330,474,-728,3865,3118,-2367,0,0
-631,157,-715,5618,4274,-1848,0,0
353,-70,-561,4781,3609,-1757,0,0
-234,-111,-193,4263,3430,-1444,0,0
-595,-405,232,4080,4065,-2350,0,0
-549,-376,396,4034,4624,-2101,0,0
-644,-401,362,4079,5871,-2020,0,0
-182,-447,546,4260,4900,-2469,0,0
-579,-566,779,5075,4897,-2204,0,0
23,-959,1175,4959,4851,-2612,0,0
789,-1281,1526,4554,3578,-2812,0,0
342,-1615,1759,4682,3419,-2952,0,0
-183,-1892,2024,4364,2706,-3214,0,0
-68,-1978,2025,3927,2034,-3737,0,0
548,-1439,1732,2400,1410,-3032,0,0
223,-498,1213,782,1232,-1191,0,0
539,-41,320,-661,1095,-928,0,0
926,150,-326,-1749,-846,95,0,0
96,135,-743,-1162,-859,1574,0,0
749,-40,-1008,-745,-375,488,0,0
692,211,-1076,-519,-58,-359,0,0
705,548,-1010,-288,-302,116,0,0
607,627,-695,221,-693,126,0,0
173,614,-179,1388,-446,-229,0,0
390,434,389,2613,-517,-3552,0,0
-34,483,681,4012,333,-2311,0,0
-2448,523,377,4317,-178,-2804,0,0
-1032,514,-350,5054,517,-3691,0,0
-1098,259,-583,4584,1203,-3762,0,0
-390,-141,-206,3977,1056,-3124,0,0
25,-259,-65,3487,778,-3208,0,0
-152,-185,-50,3440,971,-3086,0,0
-293,-132,-223,4152,1781,-3283,0,0
214,-26,-369,4583,1647,-3673,0,0
21,35,-418,4923,2147,-3973,0,0
227,-37,-207,5106,1875,-4613,0,0
312,-57,33,5172,1770,-4794,0,0
397,-48,225,5000,2323,-4486,0,0
524,-148,526,4696,2538,-4059,0,0
617,-233,646,4240,2146,-3786,0,0
392,-193,643,3832,1630,-3046,0,0
178,-256,440,3253,864,-2266,0,0
-76,-258,-107,2505,286,-1497,0,0
-266,-14,-700,1651,-261,-623,0,0
-567,288,-1183,1027,-74,-150,0,0
-665,512,-1312,321,869,14,0,0
-443,620,-878,-274,920,282,0,0
-474,569,-532,-389,660,352,0,0
-113,570,-430,-303,653,-2240,0,0
510,709,-338,-346,323,-466,0,0
1708,652,-20,-14,782,-223,0,0
3294,173,800,975,-679,-1182,0,0
2351,59,1209,2308,-1566,-1408,0,0
919,-62,1036,3740,-1627,-1225,0,0
-25,-156,-235,4225,-313,-3268,0,0
-705,118,-1315,4386,1505,-3922,0,0
-812,2,-1113,5922,2804,-3343,0,0
-613,-119,-541,5028,1924,-4027,0,0
-567,-149,117,4888,1439,-4273,0,0
-490,-223,329,4889,2018,-4249,0,0
-438,-155,355,4716,2606,-3830,0,0
-350,-230,639,5171,2855,-4357,0,0
-2200,-225,834,5047,2856,-4721,0,0
152,-213,924,4832,2363,-4371,0,0
-187,-329,1021,4639,1144,-4188,0,0
-1149,-484,986,4929,1707,-4071,0,0
-629,-633,1168,4552,2047,-3485,0,0
-12,-778,1252,3057,909,-2745,0,0
-883,-907,455,1320,298,-2510,0,0
-1641,-776,-729,-186,329,-1704,0,0
-881,-376,-1389,-1137,473,-568,0,0
57,-186,-1304,-634,-500,155,0,0
-59,-49,-1317,18,-432,137,0,0
625,145,-1227,340,503,-230,0,0
1595,259,-720,510,-143,-514,0,0
1619,475,-264,345,-664,-274,0,0
1267,557,136,848,-458,-63,0,0
730,501,411,1723,-351,-918,0,0
-204,498,740,3169,402,-1790,0,0
-494,386,1001,4069,926,-2270,0,0
-1189,496,653,3822,787,-3213,0,0
-1910,620,292,4094,1249,-2799,0,0
-1261,-50,417,4700,727,-3459,0,0
-273,-340,-11,3443,598,-4524,0,0
-581,-257,-344,3402,1249,-4149,0,0
-286,-353,-407,4283,1441,-4918,0,0
27,-177,-598,4471,2549,-5340,0,0
193,-63,-446,4751,2492,-5679,0,0
285,4,-28,5057,2327,-5241,0,0
748,69,362,4945,2148,-4552,0,0
1118,149,580,4492,1867,-4659,0,0
973,316,655,4105,1717,-3916,0,0
528,256,600,3764,1376,-2630,0,0
252,-29,312,2742,458,-2121,0,0
-82,-86,-45,2356,132,-1139,0,0
-539,71,-781,1645,284,-44,0,0
-987,138,-1290,463,963,-191,0,0
-947,139,-894,192,1461,-476,0,0
-2640,193,-230,-81,658,-485,0,0
-529,364,-173,-349,18,-299,0,0
-277,752,-381,-526,56,-497,0,0
346,1172,-272,-841,-229,20,0,0
711,1180,167,-559,-1573,322,0,0
225,952,278,791,-1261,183,0,0
-349,596,150,2510,3,-725,0,0
-315,233,-278,4928,1287,-3027,0,0
745,216,-1414,5915,5590,-4141,0,0
1620,-316,-1250,4619,2980,-3453,0,0
190,-1169,-924,5593,2461,-3566,0,0
692,-1279,-554,5196,1663,-2654,0,0
685,-1089,-261,4588,1827,-3178,0,0
76,-718,-70,4023,3727,-4474,0,0
-54,-328,287,3936,3457,-4732,0,0
-259,-289,640,4236,3486,-4953,0,0
-8,-296,1022,3923,3419,-4811,0,0
100,-319,1310,3936,3095,-4846,0,0
395,-313,1607,4341,2834,-5014,0,0
593,-336,1948,4115,2311,-4620,0,0
529,-572,2149,3498,1714,-4012,0,0
623,-635,2001,2039,544,-3121,0,0
320,-420,1259,563,-668,-1359,0,0
-1013,-81,143,-680,-651,-387,0,0
-659,527,-549,-1195,-250,-622,0,0
731,1079,-974,-1003,-247,501,0,0
489,1228,-1583,-745,433,473,0,0
764,985,-1780,-226,800,-246,0,0
764,713,-1379,271,-58,-17,0,0
841,648,-875,974,-418,-354,0,0
682,677,-165,1001,-1730,228,0,0
-492,444,490,3756,-1172,-369,0,0
-551,288,358,4043,1538,-2522,0,0
-629,520,172,4936,1900,-2968,0,0
-1117,451,2,5106,1803,-2723,0,0
-1394,57,-6,4871,-431,-3654,0,0
-630,-51,-584,5183,624,-4283,0,0
209,-38,-567,4549,302,-3153,0,0
-18,-287,-304,4830,328,-3139,0,0
-24,-322,-25,5335,1164,-3287,0,0
-78,-285,320,5540,1281,-3186,0,0
-263,-247,595,5768,1267,-4263,0,0
-306,22,1018,6404,782,-4223,0,0
-124,3,1374,6053,97,-3127,0,0
-624,-594,1389,5991,-1982,-3238,0,0
-1906,-776,573,4388,2041,-2738,0,0
65,-999,231,1910,3890,-3175,0,0
-628,-955,314,526,3114,-417,0,0
-914,-1079,-770,-375,1981,74,0,0
-780,-649,-1957,-117,1413,-979,0,0
-55,15,-2454,0,701,-347,0,0
-268,44,-1854,552,178,-119,0,0
-405,303,-966,1151,610,-240,0,0
311,508,-476,853,312,-555,0,0
401,599,-45,470,159,-1152,0,0
668,591,411,349,356,-1243,0,0
958,426,764,441,771,-1622,0,0
1408,430,1144,1183,622,-1571,0,0
1061,486,1347,2516,-84,-1195,0,0
129,346,767,3271,623,-2239,0,0
125,232,159,3269,1538,-3762,0,0
349,176,-41,4186,1862,-3365,0,0
203,117,-143,4580,704,-2996,0,0
-249,212,-48,5405,349,-3285,0,0
-493,374,-20,6341,1437,-3925,0,0
-235,452,-240,6690,2830,-4953,0,0
9,524,-355,6695,3489,-4969,0,0
17,17,122,6461,2591,-4618,0,0
225,-599,788,5949,1525,-4570,0,0
574,-753,1042,5122,1533,-3723,0,0
521,-750,1119,3915,2114,-3228,0,0
224,-753,1299,3390,1469,-3207,0,0
-59,-770,1370,3223,792,-3154,0,0
-147,-746,1308,2110,-17,-3168,0,0
-631,-662,778,519,-862,-2317,0,0
-1095,-558,-419,-751,-349,-1157,0,0
-493,-217,-1391,-1274,-250,-217,0,0
336,265,-1514,-500,-289,765,0,0
397,647,-1569,-241,7,578,0,0
426,936,-1483,100,158,332,0,0
841,865,-1281,108,-279,-283,0,0
1014,688,-940,366,-699,-139,0,0
754,319,-555,1274,-646,-185,0,0
157,-87,-230,3176,-221,-2033,0,0
-268,-31,-259,3847,304,-3497,0,0
-660,219,-394,5091,1468,-3720,0,0
-1028,224,-1040,5371,1923,-4060,0,0
-1455,-203,-996,6027,1143,-5213,0,0
-661,-636,-426,5228,1000,-5347,0,0
-129,-667,120,3998,1404,-4004,0,0
85,-624,435,3300,1121,-3983,0,0
-26,-609,11,2469,290,-3916,0,0
-149,-807,-1299,896,244,-4722,0,0
378,-542,-2745,-280,-1086,-5000,0,0
-312,327,-4525,-623,-837,-3753,0,0
1621,921,-5964,-524,-49,-2707,0,0
2788,472,-6565,-764,736,-1202,0,0
1721,-526,-6782,-1723,1924,-589,0,0
371,-1130,-6226,-3520,3063,-1097,0,0
-454,-1665,-5301,-5077,3694,-898,0,0
-673,-1925,-4207,-6293,2916,-2174,0,0
-658,-1550,-2515,-6162,3769,-2286,0,0
332,-1100,-171,-4457,1286,-4460,0,0
-231,-524,216,-3667,-388,-4114,0,0
-621,-572,-2328,-3219,1423,-3159,0,0
-260,-821,-281,-2859,985,-2539,0,0
104,-671,-258,-3716,730,-1998,0,0
-238,-403,-304,-3327,1234,-2139,0,0
-371,-77,-647,-3253,1088,-2194,0,0
-275,45,-805,-3490,613,-2484,0,0
-25,-84,-763,-3490,590,-2326,0,0
45,-79,-839,-3502,953,-2023,0,0
177,142,-955,-3549,510,-1989,0,0
147,400,-829,-3606,11,-2224,0,0
60,497,-651,-3507,519,-2219,0,0
248,499,-885,-3495,732,-2410,0,0
800,341,-1051,-3662,-291,-2511,0,0
731,293,-606,-3858,-501,-2379,0,0
-612,377,312,-4009,47,-2344,0,0
-2073,539,1120,-4651,-751,-1862,0,0
-2361,567,1707,-5140,-502,435,0,0
-1419,475,1896,-5048,-82,115,0,0
-460,395,1827,-4830,163,-418,0,0
-574,8,1441,-4304,367,-687,0,0
-896,-513,624,-3792,346,-788,0,0
-1017,-1134,-761,-3560,20,-1627,0,0
-1858,-1556,-2305,-4025,716,-1973,0,0
-3502,-1800,-3812,-5725,2027,-2792,0,0
-6610,-1291,-4402,-6295,2898,-2220,0,0
-8107,-351,-4219,-5481,3332,-965,0,0
-7863,96,-3547,-4586,3449,16,0,0
-5952,-22,-2469,-4099,3292,472,0,0
-3646,-271,-1500,-4137,2900,810,0,0
-1515,-496,-997,-4118,2443,805,0,0
-71,-642,-398,-3810,1788,556,0,0
624,-731,156,-3463,1222,-76,0,0
870,-395,486,-3942,188,-290,0,0
-1044,112,812,-4035,-842,249,0,0
-3239,334,782,-3848,-439,279,0,0
-3613,276,546,-3859,-277,523,0,0
-3562,-23,381,-4244,-550,512,0,0
-3237,-243,255,-4081,-272,880,0,0
-1137,-498,31,-3956,-751,168,0,0
385,-458,-300,-4265,-892,-196,0,0
526,-379,-395,-4239,-427,151,0,0
557,-393,-150,-4118,-533,-468,0,0
-337,-128,188,-4211,-333,-297,0,0
-503,18,451,-4680,394,427,0,0
-250,-83,612,-4463,425,352,0,0
-229,-123,647,-3954,598,22,0,0
179,-32,533,-4107,678,81,0,0
656,40,353,-3966,697,416,0,0
1074,52,158,-4176,566,705,0,0
1289,8,41,-4191,517,805,0,0
1435,-72,64,-4087,267,742,0,0
1410,-145,97,-4148,-92,538,0,0
1134,-100,54,-4289,-264,338,0,0
850,-50,-60,-4288,-57,198,0,0
800,-63,-174,-6424,389,313,0,0
999,-65,-178,-4453,573,519,0,0
1097,-82,-61,-4051,240,366,0,0
962,-67,45,-3934,-140,288,0,0
863,-22,32,-4089,-155,262,0,0
657,19,12,-4413,142,262,0,0
427,36,19,-4562,321,302,0,0
351,33,-13,-4767,582,528,0,0
616,-96,-58,-4295,638,297,0,0
800,-225,22,-3597,414,-238,0,0
919,-176,103,-3609,145,-227,0,0
824,-61,123,-4011,282,266,0,0
704,-63,146,-4197,493,425,0,0
707,-163,157,-4002,613,244,0,0
821,-199,174,-4150,757,-23,0,0
1021,-125,170,-4314,673,-6,0,0
1066,-132,132,-4047,492,25,0,0
1057,-171,69,-4242,545,-84,0,0
1159,-140,31,-4535,567,9,0,0
1134,-180,37,-4358,670,78,0,0
1195,-256,81,-4299,828,71,0,0
1331,-296,132,-4129,685,-21,0,0
1452,-296,153,-3921,633,-103,0,0
1525,-315,122,-3982,460,-39,0,0
1572,-370,-3,-4079,130,-44,0,0
1705,-410,-161,-4440,60,-182,0,0
1745,-361,-397,-4615,-350,-432,0,0
1383,-236,-543,-4658,21,-28,0,0
1161,-260,-404,-4344,362,151,0,0
958,-316,-219,-4058,369,152,0,0
752,-294,-137,-3898,243,83,0,0
719,-185,-164,-3929,160,131,0,0
695,-105,-213,-4134,172,372,0,0
676,-119,-224,-4211,221,387,0,0
690,-105,-176,-4189,190,332,0,0
675,-64,-130,-4115,116,358,0,0
669,-42,-103,-4187,9,392,0,0
643,-59,-104,-4316,-60,380,0,0
512,-74,-99,-4260,-104,264,0,0
376,-28,-78,-4171,-45,219,0,0
269,46,-54,-4253,-46,327,0,0
134,60,-36,-4279,-13,279,0,0
-20,86,-32,-4285,-29,192,0,0
-209,130,4,-4253,78,215,0,0
-446,135,99,-4458,250,333,0,0
-641,106,207,-4367,386,340,0,0
-695,59,328,-4153,479,232,0,0
-646,17,424,-4097,536,268,0,0
-501,-25,448,-3917,613,287,0,0
-349,-27,404,-3798,671,266,0,0
-170,38,304,-3872,687,446,0,0
13,103,186,-4081,640,600,0,0
70,137,78,-4420,616,622,0,0
91,120,-29,-4705,686,533,0,0
174,-10,-86,-4570,692,297,0,0
410,-203,-48,-4119,476,-352,0,0
564,-213,-65,-3911,78,-773,0,0
643,-52,-136,-4102,177,-383,0,0
582,26,-113,-4308,347,58,0,0
358,6,-39,-4278,373,229,0,0
169,-36,10,-4205,384,238,0,0
123,-61,13,-4265,304,96,0,0
106,-33,-44,-4320,198,-156,0,0
0,11,-99,-4182,272,-161,0,0
68,-2,-107,-4146,353,-57,0,0
151,-32,-84,-4202,385,9,0,0
124,-4,-67,-4231,437,28,0,0
21,25,-45,-4156,477,92,0,0
-3,22,-16,-4133,496,122,0,0
34,6,-5,-4168,416,106,0,0
82,8,-30,-4185,338,6,0,0
51,26,-37,-4156,323,-31,0,0
17,28,-7,-4186,315,-4,0,0
-8,18,12,-4203,322,22,0,0
-37,17,26,-4180,362,36,0,0
-61,14,39,-4158,387,33,0,0
-41,17,45,-4190,400,26,0,0
-47,20,60,-4236,370,22,0,0
-66,14,68,-4255,373,-20,0,0
-66,12,66,-4186,413,-52,0,0
-55,17,78,-4153,445,-14,0,0
14,16,81,-4295,465,18,0,0
65,3,67,-4305,467,41,0,0
127,-19,49,-4129,511,-12,0,0
238,-5,38,-4105,507,-23,0,0
289,25,27,-4225,461,57,0,0
235,30,41,-4251,405,37,0,0
168,29,83,-4210,248,-8,0,0
104,27,78,-4219,187,-58,0,0
-4,40,56,-4242,271,-60,0,0
-66,47,45,-4178,370,-33,0,0
-81,46,29,-4139,451,-85,0,0
-61,74,14,-4096,568,-92,0,0
-72,120,36,-4187,635,-15,0,0
-162,125,95,-4248,632,30,0,0
-201,93,133,-4173,559,-77,0,0
-231,74,140,-4083,487,-177,0,0
-188,66,120,-4136,388,-157,0,0
-205,48,66,-4156,465,-101,0,0
-262,17,47,-4125,634,-77,0,0
-233,0,53,-4133,750,-56,0,0
-169,15,34,-4141,867,-64,0,0
-132,33,40,-4094,930,-32,0,0
-48,15,76,-4115,820,-87,0,0
10,4,91,-4137,617,-151,0,0
50,7,49,-4172,510,-139,0,0
61,3,-5,-4212,589,-95,0,0
40,-13,-18,-4168,689,-104,0,0
40,-22,0,-4143,691,-123,0,0
42,-12,14,-4155,652,-108,0,0
33,-4,6,-4160,645,-107,0,0
12,-7,6,-4115,601,-142,0,0
-2,-1,12,-4158,549,-143,0,0
-28,11,-6,-4176,616,-101,0,0
-59,8,-3,-4152,651,-101,0,0
-51,3,8,-4145,634,-145,0,0
-60,13,5,-4150,654,-124,0,0
-56,15,5,-4147,679,-87,0,0
-42,10,4,-4153,687,-118,0,0
-48,14,8,-4142,669,-117,0,0
-23,11,4,-4110,647,-142,0,0
3,18,0,-4140,631,-127,0,0
10,5,-1,-4198,601,-106,0,0
14,-18,-17,-4151,649,-163,0,0
1,-13,4,-4120,681,-137,0,0
-19,-2,42,-4158,640,-112,0,0
-76,15,77,-4146,514,-78,0,0
-123,17,84,-4215,407,-121,0,0
-164,13,27,-4194,451,-190,0,0
-227,13,-24,-4154,610,-165,0,0
-202,14,-42,-4144,694,-114,0,0
-187,23,-43,-4138,713,-87,0,0
-214,35,-39,-4132,696,-62,0,0
-218,31,-39,-4101,682,-111,0,0
-199,30,-36,-4121,666,-124,0,0
-177,25,-35,-4193,665,-95,0,0
-173,8,-31,-4144,671,-111,0,0
-176,7,-12,-4092,655,-87,0,0
-141,11,-23,-4109,673,-74,0,0
-118,17,-32,-4152,725,-67,0,0
-98,9,-18,-4144,724,-90,0,0
-51,2,-11,-4130,680,-90,0,0
-12,6,-11,-4144,656,-57,0,0
-15,-3,4,-4129,613,-56,0,0
-40,-6,21,-4101,571,-62,0,0
-68,6,27,-4121,586,-57,0,0
-108,14,24,-4178,625,-47,0,0
-97,11,1,-4241,702,-45,0,0
-57,-4,-18,-4180,750,-80,0,0
26,-30,-11,-4095,757,-161,0,0
128,-4,-7,-4102,693,-109,0,0
160,19,-1,-4145,629,-40,0,0
137,10,22,-4200,536,-30,0,0
142,-6,2,-4234,533,-120,0,0
113,6,-21,-4170,652,-142,0,0
133,15,16,-4137,629,-103,0,0
133,8,61,-4159,521,-109,0,0
94,7,59,-4175,491,-117,0,0
75,8,28,-4169,552,-134,0,0
85,2,22,-4146,586,-165,0,0
107,8,3,-4171,604,-171,0,0
114,21,-39,-4122,674,-170,0,0
155,22,-18,-4138,706,-185,0,0
197,26,34,-4187,680,-181,0,0
158,35,84,-4187,641,-130,0,0
132,29,118,-4151,538,-116,0,0
84,23,111,-4130,477,-164,0,0
-6,30,92,-4122,487,-164,0,0
-80,32,76,-4112,519,-167,0,0
-129,34,69,-4116,598,-172,0,0
-161,36,74,-4139,670,-167,0,0
-191,35,76,-4126,695,-173,0,0
-211,40,73,-4129,750,-171,0,0
-206,46,68,-4188,763,-174,0,0
-207,38,61,-4157,745,-212,0,0
-211,36,60,-4111,727,-205,0,0
-220,31,44,-4105,782,-183,0,0
-216,19,35,-4129,811,-159,0,0
-152,2,21,-4126,734,-190,0,0
-144,-7,-10,-4114,739,-228,0,0
-146,-9,-24,-4120,757,-181,0,0
-120,-10,-40,-4106,765,-138,0,0
-135,-11,-61,-4099,833,-110,0,0
-128,-23,-55,-4152,850,-124,0,0
-91,-37,-46,-4148,808,-151,0,0
-58,-32,-71,-4117,809,-87,0,0
-4,-38,-117,-4107,888,-36,0,0
84,-71,-129,-4088,925,-92,0,0
164,-99,-94,-4082,865,-152,0,0
231,-105,-70,-4112,755,-118,0,0
279,-109,-76,-4171,710,-64,0,0
301,-108,-81,-4154,666,-76,0,0
270,-91,-68,-4125,597,-70,0,0
244,-67,-66,-4108,513,-52,0,0
185,-41,-76,-4109,478,-42,0,0
144,-25,-95,-4175,500,-60,0,0
126,-15,-100,-4188,545,-91,0,0
114,-14,-73,-4168,585,-107,0,0
133,-16,-30,-4234,591,-93,0,0
141,-18,-8,-4223,578,-57,0,0
142,-27,16,-4163,545,-81,0,0
194,-13,37,-4160,501,-94,0,0
223,17,51,-4163,496,-69,0,0
205,32,73,-4146,484,-98,0,0
149,43,79,-4149,481,-106,0,0
144,40,85,-4187,588,-37,0,0
132,23,144,-4150,628,-99,0,0
122,38,199,-4121,631,-225,0,0
-19,68,176,-4141,536,-292,0,0
-116,87,115,-4166,581,-218,0,0
-146,80,72,-4166,584,-187,0,0
-200,67,49,-4177,671,-131,0,0
-214,42,21,-4171,768,-142,0,0
-154,19,19,-4099,800,-194,0,0
-21,18,29,-4084,736,-256,0,0
21,25,13,-4123,757,-152,0,0
18,10,12,-4130,750,-135,0,0
58,-4,6,-4135,687,-188,0,0
48,-7,-10,-4139,649,-220,0,0
38,-12,-21,-4125,683,-185,0,0
65,-25,-19,-4142,691,-194,0,0
85,-25,-35,-4144,680,-192,0,0
108,-30,-40,-4135,733,-177,0,0
192,-42,-18,-4130,713,-257,0,0
311,-35,-3,-4140,669,-235,0,0
230,-40,9,-4160,704,-126,0,0
257,-69,33,-4124,623,-189,0,0
275,-57,16,-4124,541,-232,0,0
219,-39,-11,-4187,598,-233,0,0
180,-47,-5,-4187,640,-219,0,0
202,-48,-13,-4152,534,-222,0,0
95,-43,-49,-4137,590,-176,0,0
51,-42,-66,-4118,620,-150,0,0
15,-46,-80,-4142,665,-146,0,0
19,-52,-89,-4151,647,-168,0,0
18,-53,-95,-4172,601,-163,0,0
28,-56,-103,-4147,579,-191,0,0
37,-71,-105,-4140,569,-163,0,0
73,-90,-102,-4174,561,-129,0,0
90,-112,-105,-4156,547,-168,0,0
71,-105,-105,-4122,530,-169,0,0
51,-84,-112,-4149,504,-136,0,0
24,-65,-119,-4217,467,-122,0,0
17,-60,-122,-4209,415,-123,0,0
51,-68,-123,-4200,377,-139,0,0
86,-67,-119,-4203,356,-129,0,0
100,-68,-108,-4236,379,-116,0,0
141,-66,-78,-4207,347,-164,0,0
144,-50,-58,-4214,353,-171,0,0
163,-18,-47,-4163,307,-163,0,0
142,13,-50,-4180,302,-131,0,0
174,11,-85,-4301,348,-151,0,0
281,2,-131,-4256,360,-218,0,0
341,11,-131,-4170,354,-235,0,0
390,82,-134,-4152,292,-201,0,0
403,189,-165,-4136,319,-138,0,0
360,266,-153,-4274,262,-56,0,0
231,294,-83,-4335,168,-48,0,0
4,278,7,-4301,195,-50,0,0
-118,241,92,-4295,232,-32,0,0
-114,196,153,-4250,240,-47,0,0
-125,173,188,-4252,231,-145,0,0
-173,180,187,-4269,298,-183,0,0
-227,189,198,-4226,298,-271,0,0
-258,194,202,-4215,277,-454,0,0
-285,214,214,-4216,309,-503,0,0
-257,226,219,-4143,377,-454,0,0
-103,240,185,-4086,432,-425,0,0
77,256,122,-4133,487,-304,0,0
166,224,106,-4338,449,-337,0,0
89,179,110,-4323,439,-325,0,0
40,80,124,-4162,454,-359,0,0
91,-22,144,-3931,412,-433,0,0
99,-90,147,-3791,375,-501,0,0
96,-119,119,-3943,423,-565,0,0
134,-117,68,-4154,472,-630,0,0
114,-109,26,-4223,497,-675,0,0
32,-114,30,-4175,498,-750,0,0
-11,-123,39,-4138,516,-768,0,0
44,-133,29,-4100,552,-784,0,0
129,-116,20,-4158,573,-849,0,0
145,-62,4,-4186,613,-795,0,0
150,-33,5,-4114,650,-734,0,0
181,-25,35,-4079,627,-705,0,0
191,-28,69,-4083,603,-638,0,0
198,-39,87,-4130,557,-632,0,0
202,-39,79,-4109,546,-598,0,0
199,-51,61,-4075,579,-581,0,0
192,-67,55,-4106,606,-612,0,0
188,-80,67,-4100,637,-650,0,0
155,-84,106,-4111,658,-549,0,0
161,-86,153,-4147,659,-487,0,0
256,-87,169,-4109,666,-490,0,0
286,-93,162,-4027,610,-537,0,0
241,-95,153,-4058,626,-579,0,0
276,-69,137,-4041,640,-599,0,0
283,-36,114,-4073,681,-685,0,0
222,-24,96,-4156,743,-688,0,0
258,-35,91,-4127,812,-674,0,0
307,-59,86,-4060,819,-694,0,0
319,-74,70,-4048,834,-658,0,0
451,-87,27,-4034,802,-610,0,0
519,-91,6,-4083,767,-592,0,0
404,-84,16,-4112,803,-610,0,0
333,-65,26,-4029,794,-592,0,0
311,-46,41,-4036,742,-568,0,0
219,-33,65,-4134,746,-560,0,0
134,-26,82,-4137,734,-615,0,0
69,-6,92,-4095,733,-615,0,0
22,-1,92,-4083,752,-612,0,0
27,-1,87,-4125,773,-632,0,0
38,-7,86,-4112,780,-669,0,0
74,-3,74,-4070,779,-669,0,0
107,19,49,-4051,784,-658,0,0
76,52,22,-4070,825,-653,0,0
59,75,14,-4047,858,-611,0,0
42,79,30,-4029,838,-598,0,0
2,75,52,-4027,825,-597,0,0
-16,61,65,-4018,814,-598,0,0
-12,38,69,-4030,785,-604,0,0
8,13,56,-4054,777,-646,0,0
-3,3,44,-4000,776,-666,0,0
-34,3,41,-3980,818,-668,0,0
5,7,18,-4053,859,-672,0,0
20,21,8,-4039,866,-713,0,0
14,24,5,-4018,861,-745,0,0
11,19,8,-4048,883,-713,0,0
3,9,15,-4019,917,-706,0,0
2,6,28,-3947,883,-709,0,0
9,3,27,-3937,903,-671,0,0
56,-28,18,-3997,900,-572,0,0
102,-27,27,-4011,822,-645,0,0
16,-17,11,-4009,850,-733,0,0
-63,-4,8,-4112,879,-760,0,0
-49,4,0,-4069,888,-785,0,0
-28,9,6,-4001,875,-755,0,0
-29,25,3,-3991,888,-709,0,0
-63,45,4,-4000,885,-672,0,0
-109,54,27,-4009,891,-654,0,0
-145,49,47,-4016,842,-684,0,0
-216,60,43,-4057,903,-690,0,0
-168,67,30,-4106,939,-669,0,0
-107,63,34,-4088,850,-723,0,0
-207,72,67,-3991,830,-730,0,0
-320,86,97,-3944,807,-691,0,0
-410,88,88,-3977,823,-675,0,0
-444,73,53,-3989,913,-663,0,0
-375,60,-10,-4061,984,-671,0,0
-332,52,-50,-4014,1029,-670,0,0
-279,34,-49,-3956,1074,-665,0,0
-199,13,-36,-3970,1104,-686,0,0
-174,17,-28,-3982,1119,-714,0,0
-213,32,-8,-3960,1165,-703,0,0
-164,38,8,-3956,1179,-700,0,0
-57,35,7,-3966,1155,-690,0,0
19,32,5,-3952,1122,-684,0,0
97,28,16,-3959,1107,-667,0,0
208,16,30,-3992,1036,-698,0,0
125,13,47,-3998,997,-704,0,0
8,11,47,-3959,1021,-690,0,0
86,-1,43,-3923,1018,-734,0,0
95,4,45,-4008,1021,-738,0,0
56,13,35,-4011,1050,-715,0,0
68,3,30,-3943,1050,-700,0,0
96,-9,41,-3936,1042,-685,0,0
122,-12,40,-3945,1052,-700,0,0
54,11,46,-3970,1022,-723,0,0
-53,23,70,-3999,1069,-714,0,0
-69,18,84,-3987,1073,-721,0,0
-76,22,71,-3944,1082,-731,0,0
-66,18,66,-3934,1109,-749,0,0
-50,14,64,-3929,1111,-753,0,0
-46,12,54,-3904,1136,-737,0,0
-7,7,37,-3921,1150,-737,0,0
-6,9,18,-3939,1160,-741,0,0
-3,11,13,-3946,1201,-723,0,0
23,10,23,-3948,1181,-731,0,0
-7,14,45,-3927,1183,-736,0,0
-24,21,78,-3916,1160,-732,0,0
-72,33,89,-3881,1131,-707,0,0
-87,36,65,-3887,1125,-671,0,0
-69,18,31,-3921,1140,-653,0,0
-54,-8,12,-3929,1157,-659,0,0
-56,-23,7,-3901,1171,-705,0,0
-85,-21,10,-3887,1215,-740,0,0
-48,-23,8,-3889,1236,-757,0,0
-3,-16,4,-3899,1233,-769,0,0
-11,0,1,-3925,1239,-780,0,0
-11,11,2,-3926,1246,-761,0,0
7,9,17,-3896,1225,-732,0,0
23,8,23,-3916,1211,-716,0,0
26,7,12,-3896,1216,-716,0,0
37,0,16,-3892,1215,-723,0,0
30,2,22,-3907,1194,-732,0,0
13,12,16,-3912,1210,-715,0,0
4,9,19,-3902,1216,-718,0,0
3,1,21,-3896,1205,-738,0,0
3,0,11,-3914,1213,-746,0,0
15,2,2,-3934,1211,-763,0,0
9,3,2,-3930,1218,-764,0,0
18,2,3,-3914,1202,-762,0,0
27,8,-6,-3914,1186,-763,0,0
12,15,-15,-3924,1187,-747,0,0
18,9,-15,-3922,1178,-755,0,0
15,3,-18,-3909,1176,-774,0,0
31,3,-32,-3904,1193,-775,0,0
55,-3,-40,-3915,1195,-785,0,0
60,-2,-31,-3913,1162,-787,0,0
33,9,-31,-3853,1109,-776,0,0
-25,15,-38,-3948,1089,-780,0,0
-81,2,-56,-4016,1111,-806,0,0
-133,-9,-86,-4004,1164,-854,0,0
-155,-8,-128,-3944,1318,-929,0,0
-50,5,-144,-3877,1455,-927,0,0
53,40,-84,-3835,1416,-866,0,0
104,50,-9,-3856,1237,-727,0,0
211,-1,-17,-3845,1146,-662,0,0
308,-48,-49,-3858,1103,-643,0,0
356,-101,-31,-3828,1044,-638,0,0
406,-176,16,-3811,887,-601,0,0
356,-261,14,-3848,818,-586,0,0
380,-335,-49,-3978,933,-677,0,0
528,-343,-105,-4009,992,-798,0,0
527,-289,-84,-3917,943,-849,0,0
435,-238,-28,-3854,785,-820,0,0
413,-230,-57,-3956,690,-777,0,0
433,-246,-165,-4263,824,-850,0,0
339,-219,-177,-4196,1169,-872,0,0
428,-198,-42,-4052,1066,-775,0,0
541,-176,89,-4028,773,-725,0,0
453,-117,147,-3971,564,-541,0,0
297,-102,152,-4041,541,-347,0,0
207,-119,100,-4224,576,-341,0,0
158,-139,46,-4358,587,-350,0,0
135,-177,1,-4331,655,-495,0,0
118,-191,-12,-4000,664,-691,0,0
102,-135,-8,-3908,589,-716,0,0
-9,-40,-13,-4013,660,-520,0,0
-117,6,13,-4050,726,-253,0,0
-161,-8,8,-4105,813,-149,0,0
-142,-45,-12,-4074,808,-159,0,0
-82,-87,2,-4170,788,-243,0,0
-29,-95,24,-4268,771,-370,0,0
-94,-75,66,-4169,760,-456,0,0
-138,-62,111,-4046,768,-485,0,0
-15,-36,78,-4138,769,-540,0,0
-47,12,-3,-4210,875,-527,0,0
-48,65,7,-4087,842,-466,0,0
-200,109,80,-4048,857,-440,0,0
-386,153,126,-4096,879,-378,0,0
-542,178,169,-4021,919,-275,0,0
-486,138,170,-3971,904,-239,0,0
-354,58,80,-3920,942,-343,0,0
-150,-13,0,-3773,951,-412,0,0
23,-47,-2,-3730,970,-433,0,0
134,-48,-72,-3959,1059,-470,0,0
245,6,-178,-4119,1077,-403,0,0
190,87,-178,-4310,1086,-316,0,0
-3,130,-93,-4465,1097,-374,0,0
-254,134,26,-4317,1033,-323,0,0
-402,87,171,-3999,1030,-251,0,0
-305,-1,250,-3833,1017,-350,0,0
-145,-35,194,-3758,1022,-459,0,0
-110,18,45,-4018,1145,-439,0,0
-103,81,-113,-4222,1234,-484,0,0
-2,80,-131,-4115,1207,-389,0,0
224,-21,18,-4002,1000,-332,0,0
379,-129,172,-3922,811,-436,0,0
356,-167,210,-3877,749,-394,0,0
239,-129,108,-3936,834,-457,0,0
102,-27,-29,-4095,993,-494,0,0
19,40,-60,-4163,1019,-516,0,0
-13,37,-2,-4104,980,-534,0,0
27,4,75,-4040,884,-501,0,0
8,-3,96,-3985,864,-457,0,0
-56,6,53,-3982,917,-408,0,0
-70,15,-26,-4015,1012,-406,0,0
-42,23,-85,-4099,1093,-445,0,0
-14,13,-79,-4025,1127,-481,0,0
33,-15,-25,-3986,1167,-518,0,0
120,-22,8,-4063,1164,-467,0,0
184,-17,-4,-4098,1077,-496,0,0
103,-2,34,-3980,1003,-511,0,0
26,-7,101,-3990,993,-482,0,0
32,-19,101,-3978,1007,-438,0,0
105,-32,52,-3974,995,-381,0,0
175,-38,-42,-3956,974,-460,0,0
86,-8,-100,-3950,1084,-452,0,0
50,9,-63,-4020,1155,-450,0,0
52,5,14,-4109,1134,-472,0,0
21,-17,94,-4103,1048,-498,0,0
-2,-36,139,-4039,976,-511,0,0
40,-52,107,-3981,965,-553,0,0
73,-21,29,-3940,996,-553,0,0
28,23,-12,-3961,1079,-508,0,0
1,33,5,-4062,1119,-479,0,0
-32,27,17,-4089,1129,-484,0,0
-77,18,31,-3978,1145,-488,0,0
-43,1,50,-3905,1152,-475,0,0
21,-9,55,-3945,1106,-486,0,0
-14,-6,70,-3983,1055,-505,0,0
-108,0,115,-3913,1016,-485,0,0
-163,7,152,-3894,993,-460,0,0
-168,20,120,-3902,1011,-405,0,0
-86,23,26,-4047,1023,-407,0,0
-23,8,-48,-4076,1011,-512,0,0
-27,-10,-33,-4023,1028,-538,0,0
-31,-15,-18,-3941,1020,-526,0,0
-18,1,-69,-3925,1030,-516,0,0
-20,21,-140,-3969,1071,-475,0,0
-29,30,-167,-4014,1090,-501,0,0
-85,42,-153,-4033,1099,-482,0,0
-128,38,-119,-3980,1122,-456,0,0
-100,21,-87,-3923,1130,-429,0,0
-45,11,-78,-3952,1146,-447,0,0
-27,23,-66,-4071,1137,-453,0,0
-87,27,-23,-4141,1107,-454,0,0
-168,-7,52,-4111,1087,-445,0,0
-137,-73,98,-4001,1081,-457,0,0
9,-116,90,-3911,1065,-492,0,0
119,-101,50,-3894,1034,-496,0,0
137,-54,-9,-3973,1049,-507,0,0
141,-27,-58,-4051,1112,-482,0,0
248,-37,-70,-4058,1133,-467,0,0
347,-55,-38,-4045,1130,-479,0,0
380,-52,10,-4031,1106,-466,0,0
350,-25,51,-4005,1044,-461,0,0
210,7,93,-3988,1037,-422,0,0
155,14,125,-4030,1041,-402,0,0
150,10,140,-4049,982,-414,0,0
76,10,158,-4048,954,-394,0,0
18,-2,168,-4043,930,-389,0,0
-7,-27,158,-4016,936,-409,0,0
30,-44,133,-4020,930,-404,0,0
106,-49,86,-3999,928,-436,0,0
118,-53,14,-3974,916,-487,0,0
9,-44,-54,-3982,990,-462,0,0
-3,-35,-92,-4000,1041,-492,0,0
-8,-17,-121,-4009,1070,-520,0,0
-54,8,-135,-3992,1126,-534,0,0
-87,25,-112,-3978,1144,-531,0,0
-83,24,-78,-3980,1189,-512,0,0
-45,21,-49,-4002,1201,-501,0,0
-99,20,3,-4027,1201,-470,0,0
-22,10,57,-4003,1108,-447,0,0
86,6,74,-3991,1003,-481,0,0
45,24,63,-4011,951,-469,0,0
-43,40,43,-4005,980,-442,0,0
-48,31,24,-4055,991,-450,0,0
-27,22,-4,-4048,941,-510,0,0
-111,30,-16,-4004,993,-559,0,0
-151,38,-13,-3975,1066,-529,0,0
-140,36,-21,-3968,1112,-476,0,0
-122,24,-21,-3986,1158,-459,0,0
-73,3,-8,-3993,1154,-479,0,0
-33,-15,3,-3956,1119,-509,0,0
-8,-19,-3,-3969,1088,-507,0,0
2,-30,-14,-4007,1097,-478,0,0
48,-36,-14,-4000,1087,-502,0,0
60,-33,-13,-3978,1058,-522,0,0
13,-11,-18,-3979,1076,-498,0,0
-2,-3,-12,-3999,1094,-453,0,0
15,-16,8,-4005,1089,-450,0,0
45,-29,25,-4010,1072,-469,0,0
9,-19,34,-3967,1064,-480,0,0
-16,-14,38,-3956,1055,-467,0,0
13,-17,28,-4015,1038,-482,0,0
24,-13,11,-4016,1030,-513,0,0
6,-3,13,-4002,1037,-503,0,0
1,8,19,-4086,1051,-484,0,0
-23,16,13,-4157,1062,-461,0,0
-64,16,35,-4064,1064,-486,0,0
-92,31,69,-3959,1011,-539,0,0
-130,57,53,-3934,1026,-557,0,0
-89,62,0,-3943,1065,-527,0,0
-10,53,-36,-3961,1077,-515,0,0
24,45,-37,-4002,1086,-511,0,0
28,44,-23,-4018,1076,-494,0,0
1,42,-6,-3987,1056,-481,0,0
-23,30,8,-3990,1056,-481,0,0
-17,19,2,-3986,1061,-474,0,0
2,6,-8,-3979,1062,-492,0,0
0,-3,-1,-3989,1058,-495,0,0
-9,-8,-2,-3996,1060,-513,0,0
-14,-11,-5,-3944,1041,-511,0,0
-24,-6,1,-3956,1042,-505,0,0
-24,2,-8,-3995,1073,-509,0,0
-32,-1,-9,-4012,1085,-482,0,0
-32,-13,6,-4001,1074,-502,0,0
-34,-22,6,-3974,1071,-524,0,0
-31,-19,0,-3983,1109,-537,0,0
-12,-12,3,-4005,1117,-545,0,0
17,-17,19,-3985,1081,-518,0,0
30,-26,27,-4013,1065,-507,0,0
12,-4,31,-4026,1048,-484,0,0
-44,12,47,-4003,1027,-489,0,0
-73,11,33,-3983,1030,-463,0,0
-48,-3,14,-3976,1029,-438,0,0
-45,-3,4,-3992,1045,-486,0,0
-59,0,-15,-4009,1084,-483,0,0
-52,-8,1,-4002,1101,-473,0,0
-35,-14,10,-4021,1113,-505,0,0
-23,-8,7,-4039,1115,-533,0,0
-31,1,21,-3990,1097,-518,0,0
-6,1,24,-3969,1052,-522,0,0
22,0,2,-3991,1045,-499,0,0
30,2,-20,-3995,1063,-501,0,0
29,5,-27,-4003,1079,-481,0,0
12,6,-23,-4035,1087,-476,0,0
10,-7,-15,-3998,1090,-491,0,0
35,-12,-4,-3980,1078,-502,0,0
22,3,-11,-3982,1084,-515,0,0
5,15,7,-3999,1099,-503,0,0
1,13,26,-4008,1081,-492,0,0
-11,8,36,-3991,1069,-502,0,0
-8,11,27,-3979,1067,-492,0,0
7,16,15,-3961,1060,-499,0,0
6,14,15,-3984,1074,-496,0,0
55,-5,10,-3957,1131,-559,0,0
160,-12,4,-3980,1110,-597,0,0
117,16,12,-3989,1095,-569,0,0
61,39,23,-4008,1100,-538,0,0
13,41,27,-4090,1006,-572,0,0
-347,86,52,-4057,922,-508,0,0
-621,119,67,-3895,1117,-437,0,0
-247,65,24,-3868,1098,-377,0,0
80,-10,-39,-3922,1038,-390,0,0
173,-55,-77,-3975,1096,-432,0,0
254,-88,-92,-3970,1112,-451,0,0
303,-111,-56,-3959,1082,-499,0,0
194,-84,-8,-4009,1017,-571,0,0
-153,-25,2,-4068,1009,-538,0,0
-409,16,5,-4009,1134,-506,0,0
-249,-8,17,-3996,1120,-485,0,0
-14,-42,3,-3994,1053,-516,0,0
61,-44,-23,-3975,1028,-548,0,0
27,-13,-33,-3991,1033,-535,0,0
-38,20,-41,-4019,1079,-514,0,0
-46,28,-40,-4019,1099,-474,0,0
-29,12,-22,-4003,1097,-472,0,0
-26,0,2,-4007,1109,-476,0,0
-34,4,16,-3991,1100,-479,0,0
-59,10,25,-3981,1093,-490,0,0
-62,8,38,-3994,1101,-491,0,0
-128,11,56,-4028,1063,-537,0,0
-451,32,92,-4007,1147,-451,0,0
-426,11,139,-4000,1284,-370,0,0
-46,-24,150,-3925,1170,-419,0,0
64,-27,117,-3932,1078,-451,0,0
34,-13,59,-3974,1092,-426,0,0
83,-10,0,-4015,1065,-441,0,0
48,-4,-48,-4085,1074,-423,0,0
33,-13,-86,-4070,1079,-434,0,0
44,-32,-108,-3960,1043,-447,0,0
23,-29,-138,-3947,1049,-436,0,0
29,-30,-182,-4005,1064,-414,0,0
32,-40,-220,-4004,1056,-419,0,0
18,-63,-234,-3974,1056,-399,0,0
27,-87,-240,-4000,1035,-397,0,0
-22,-95,-264,-4030,1012,-384,0,0
-60,-108,-271,-4038,972,-410,0,0
-184,-100,-256,-4068,806,-375,0,0
-403,-70,-278,-4010,754,-394,0,0
-473,-25,-394,-3900,617,-514,0,0
-659,62,-516,-3335,666,-558,0,0
-614,64,-458,-2824,904,-631,0,0
-562,33,-231,-2596,878,-769,0,0
-1042,21,92,-3022,1747,-660,0,0
-846,-74,631,-3505,3463,-568,0,0
144,-202,1695,-4647,5370,-332,0,0
861,-351,3262,-5997,6973,194,0,0
1738,-511,4618,-6412,7361,0,0,0
2554,-436,5404,-6021,6512,214,0,0
3259,-211,5480,-5255,5364,217,0,0
3529,94,5190,-4058,4022,-387,0,0
3085,570,4539,-3002,2499,-468,0,0
1887,926,3881,-2227,2119,-785,0,0
1397,1187,3312,-1645,742,-475,0,0
-100,1325,2772,-954,-65,16,0,0
-1240,1268,2493,-483,404,180,0,0
-501,878,2664,-230,401,590,0,0
120,425,2966,215,662,-152,0,0
1977,256,3039,597,-486,-1298,0,0
1895,149,2729,2339,-805,-1847,0,0
583,-71,1945,3101,2387,-2203,0,0
1216,-155,1655,2283,2434,-3212,0,0
1425,-84,1467,3036,1024,-2523,0,0
884,-74,892,3762,1062,-2906,0,0
503,87,330,4537,618,-2756,0,0
-369,152,-155,5275,767,-2796,0,0
-468,63,-383,6037,551,-3728,0,0
-683,55,-769,6595,872,-4681,0,0
-778,61,-585,6641,1812,-4318,0,0
-184,-455,427,6340,1744,-4234,0,0
-3,-711,1187,5602,1769,-3982,0,0
399,-622,1506,4455,352,-3435,0,0
185,-551,1232,3788,111,-3648,0,0
187,-380,659,3295,-606,-3936,0,0
-253,-217,40,2294,-819,-3421,0,0
-662,50,-463,373,-206,-1587,0,0
-376,144,-428,-991,175,186,0,0
-231,-100,-107,-638,-288,831,0,0
-178,-119,-334,532,338,636,0,0
267,8,-466,312,35,331,0,0
91,135,-125,135,-556,152,0,0
342,210,212,458,-590,-235,0,0
555,308,694,628,-1232,-265,0,0
566,173,1245,2225,-1868,-1176,0,0
342,170,1202,2655,-2222,-1748,0,0
-463,354,718,3703,-1416,-2173,0,0
-902,562,-38,4887,465,-3649,0,0
-1036,808,-322,4511,-367,-3489,0,0
-1551,633,-395,4384,-769,-3850,0,0
-686,453,-486,5061,21,-4469,0,0
221,570,-748,5466,-352,-4158,0,0
216,584,-1154,6452,335,-3594,0,0
621,214,-1176,7562,1167,-4055,0,0
511,-90,-622,7443,718,-3860,0,0
207,-265,315,6949,677,-3429,0,0
903,-366,912,5694,-33,-3322,0,0
572,-347,798,4459,573,-2505,0,0
270,-457,623,3273,773,-1516,0,0
-132,-470,358,2060,-158,-641,0,0
-713,-312,-198,1061,280,135,0,0
-371,-71,-296,-25,191,508,0,0
-355,113,65,156,141,259,0,0
-7,201,61,-165,452,-261,0,0
216,358,103,-646,402,-176,0,0
245,321,40,-611,240,-236,0,0
543,260,-97,-745,-161,-372,0,0
1247,268,-110,304,-1237,-909,0,0
1036,255,-32,2326,-987,-962,0,0
902,92,-81,4210,-2152,-1892,0,0
513,152,-911,5463,-996,-2630,0,0
347,99,-1322,5964,-511,-3517,0,0
-562,-54,-882,7173,-721,-3685,0,0
-916,-40,-434,6878,457,-3053,0,0
-311,-221,-117,5262,553,-3398,0,0
-328,-377,-146,5677,976,-3935,0,0
-511,-454,81,6144,907,-3785,0,0
-571,-679,465,6294,1079,-3486,0,0
-41,-956,909,5692,869,-3810,0,0
2,-1022,1148,4613,396,-4269,0,0
-236,-860,1032,3878,389,-3994,0,0
-155,-691,721,3686,299,-3855,0,0
-21,-467,285,3073,426,-3745,0,0
-131,-204,50,1792,-103,-2214,0,0
-1061,11,1,634,159,-571,0,0
-1132,111,185,-124,457,-305,0,0
-456,247,470,-318,-52,177,0,0
208,381,443,-46,-103,107,0,0
681,532,200,-179,146,-317,0,0
927,564,189,-96,156,-115,0,0
1171,372,310,-257,-61,-150,0,0
1230,188,592,507,-445,-471,0,0
792,113,769,1569,-1170,-879,0,0
368,178,611,3024,-1580,-1339,0,0
-90,346,100,4233,-2537,-2031,0,0
-872,457,-549,5160,-1744,-3192,0,0
-625,378,-538,4916,-1121,-3880,0,0
-272,249,-245,4226,-1540,-3572,0,0
-251,130,-393,4278,-865,-2919,0,0
-249,31,-874,4988,-716,-3261,0,0
-43,6,-1397,5990,-37,-4101,0,0
507,-164,-1351,6382,557,-4780,0,0
434,-363,-800,6711,600,-4943,0,0
443,-372,-160,6606,426,-4514,0,0
749,-203,215,5579,279,-3602,0,0
1030,-173,407,4718,-94,-3288,0,0
673,-86,477,4352,-166,-2999,0,0
324,50,270,3633,-240,-2102,0,0
-64,63,-76,2691,-252,-1118,0,0
-625,1,-414,1411,-332,-235,0,0
-722,2,-597,602,-184,117,0,0
-504,136,-260,267,427,282,0,0
-205,340,170,71,290,350,0,0
25,529,270,-457,252,30,0,0
-31,637,348,-522,560,-92,0,0
189,538,259,-629,602,-663,0,0
555,401,259,-294,-425,-1186,0,0
256,232,166,1373,-691,-1404,0,0
45,33,-381,4011,-559,-2208,0,0
516,35,-1351,5410,540,-3243,0,0
757,-122,-1358,5060,-309,-3001,0,0
-616,-443,-341,6673,-745,-2657,0,0
-143,-154,-38,5664,-1044,-2696,0,0
-428,151,-13,5480,637,-2444,0,0
-587,126,102,5650,1134,-3008,0,0
-513,202,313,5760,626,-3394,0,0
-581,240,283,6315,1757,-3784,0,0
-234,38,483,6335,1520,-3530,0,0
-209,-238,928,6552,814,-3899,0,0
164,-478,1256,5787,341,-3542,0,0
108,-841,1425,5233,-169,-3295,0,0
-145,-942,1341,4317,-329,-3272,0,0
-9,-855,1028,3025,-582,-2963,0,0
-317,-795,368,1557,-326,-2468,0,0
-432,-571,-122,-351,-335,-1355,0,0
-259,-121,-171,-1128,40,90,0,0
277,290,-304,-1415,243,787,0,0
719,428,-866,-836,-11,262,0,0
929,405,-1326,-180,212,-22,0,0
1000,324,-1200,28,-56,316,0,0
985,212,-816,1188,-194,507,0,0
670,262,-288,1622,-856,57,0,0
150,370,28,3536,-1583,-525,0,0
-533,448,-381,4607,-1420,-1876,0,0
-990,773,-726,5098,-849,-2055,0,0
-1544,482,-256,5678,609,-1562,0,0
-1464,-127,292,5070,349,-3332,0,0
-658,-51,222,4553,543,-3562,0,0
-533,-19,149,4709,684,-3524,0,0
-155,67,-68,4960,238,-3909,0,0
153,199,-298,5268,360,-3208,0,0
177,-2,-110,5768,-22,-3548,0,0
437,22,124,6266,-662,-4103,0,0
604,287,387,6541,-374,-3472,0,0
867,503,610,5898,-535,-3095,0,0
621,606,684,5586,-279,-2657,0,0
288,417,750,5358,-35,-1825,0,0
299,-158,863,4781,-139,-1772,0,0
134,-595,597,4252,185,-1837,0,0
9,-576,-11,2951,208,-1298,0,0
-141,-374,-570,1526,-121,-548,0,0
-216,-221,-958,453,-136,60,0,0
-369,-122,-605,-58,319,429,0,0
-289,31,18,104,240,350,0,0
-255,342,-60,-258,661,365,0,0
143,509,-105,-2624,381,-205,0,0
184,576,-61,-428,126,-480,0,0
393,506,4,85,-228,-434,0,0
572,431,-172,1655,-893,-991,0,0
844,495,-907,3179,-978,-941,0,0
688,217,-1211,4931,-2191,-1343,0,0
-508,-21,-1590,7054,-874,-1615,0,0
-94,-174,-1613,5016,471,-2030,0,0
706,-290,-1057,4562,1754,-2447,0,0
441,-254,-548,4579,1797,-2180,0,0
-2864,-337,196,4674,1,-1904,0,0
-1066,-244,416,4988,379,-1728,0,0
-738,-14,250,5068,954,-2192,0,0
-888,241,-185,5622,3537,-2501,0,0
-546,228,-86,5844,3000,-2615,0,0
-910,-87,243,6177,2873,-2950,0,0
-402,-394,667,6558,2843,-3112,0,0
245,-528,1118,6276,2250,-2916,0,0
876,-636,1612,6097,1927,-2980,0,0
997,-506,2026,5264,685,-2677,0,0
521,-404,2124,4012,-563,-2222,0,0
-89,-333,1760,2926,-901,-2126,0,0
-346,-183,1339,2094,-1472,-2302,0,0
-589,-220,770,1513,-402,-1022,0,0
-124,-519,121,-2832,254,-193,0,0
422,-527,-100,-1677,-308,432,0,0
307,-365,-334,-1448,-409,1035,0,0
-163,-85,-857,-1166,-320,1030,0,0
51,205,-1360,-401,-348,725,0,0
299,274,-1363,710,-628,226,0,0
109,69,-711,2381,-462,-366,0,0
-128,-98,322,3534,-1010,-977,0,0
-308,197,198,4070,306,-1699,0,0
65,690,-198,4440,-194,-2439,0,0
-2640,624,-327,5145,-77,-2271,0,0
-1222,168,-98,5053,-256,-3519,0,0
-418,-168,-262,4568,-598,-3255,0,0
-115,-622,-286,4935,-790,-3714,0,0
7,-554,-573,5250,33,-4508,0,0
3,-475,-834,5629,455,-3733,0,0
308,-696,-670,5764,401,-4427,0,0
621,-658,-337,5988,534,-5038,0,0
739,-424,24,5868,294,-4551,0,0
702,-305,443,5197,-513,-3811,0,0
356,-322,490,4405,79,-3472,0,0
324,-399,380,3990,84,-2787,0,0
137,-601,176,3244,299,-2247,0,0
-21,-763,-28,2591,176,-1800,0,0
-521,-570,-523,2001,340,-793,0,0
-1018,138,-1141,1131,612,-193,0,0
-1342,994,-1322,264,360,104,0,0
-947,1585,-1078,104,-286,89,0,0
-347,1687,-924,333,-101,224,0,0
-148,1523,-909,-35,372,-673,0,0
687,1349,-662,-182,610,-1153,0,0
1572,1089,-370,171,-38,-2205,0,0
2089,1125,209,1293,818,-1962,0,0
1973,600,819,3026,330,-526,0,0
1166,-110,272,4861,997,-1252,0,0
852,-591,-730,4505,1158,-3695,0,0
98,-342,-708,4856,1324,-2689,0,0
442,-426,-404,5279,894,-1876,0,0
72,-318,-80,4782,583,-1666,0,0
-193,-274,130,5157,542,-2009,0,0
-79,-250,219,5408,460,-2625,0,0
41,-301,91,5266,1240,-4354,0,0
-235,-134,276,5851,1909,-5005,0,0
-335,-164,910,6308,1644,-5078,0,0
-537,-277,1522,6179,700,-4593,0,0
-1264,-375,1634,5678,1075,-2853,0,0
-555,-820,1563,4746,1240,-2041,0,0
-50,-1086,1316,3827,744,-1801,0,0
253,-1129,1039,2917,398,-1960,0,0
-70,-832,360,1885,-793,-3506,0,0
-625,13,-609,844,-364,-2561,0,0
39,678,-1287,-197,-514,-499,0,0
346,1065,-1438,-643,-329,399,0,0
258,1256,-1407,-436,-797,476,0,0
-237,1241,-1631,-456,-599,299,0,0
-499,930,-1592,35,-121,274,0,0
-19,306,-1084,594,64,-159,0,0
518,-221,-86,1352,426,-1115,0,0
603,-386,642,2178,337,-1039,0,0
603,-664,587,3444,1323,-1899,0,0
277,-586,155,4483,2028,-3031,0,0
-224,-133,282,4845,2427,-2485,0,0
-130,-263,670,4607,1110,-3054,0,0
647,-269,483,4032,-441,-4266,0,0
268,72,-23,4336,-133,-3707,0,0
380,114,-191,4664,-722,-3967,0,0
242,330,-40,4592,-531,-3189,0,0
-154,318,-10,4238,165,-2345,0,0
-529,249,-92,4096,367,-2668,0,0
-1311,288,-223,4603,428,-2895,0,0
-1107,343,-204,5519,1274,-3243,0,0
-62,361,140,6255,809,-3596,0,0
176,466,566,6336,660,-3004,0,0
422,345,825,5565,510,-2526,0,0
531,103,741,4723,653,-2421,0,0
567,-134,652,3713,925,-2105,0,0
312,-262,541,2847,828,-1363,0,0
-245,-306,170,1966,1201,-594,0,0
-40,-344,-325,889,609,-367,0,0
-316,-96,-669,98,189,-392,0,0
-400,247,-498,49,843,-236,0,0
236,281,-279,-70,371,-173,0,0
-43,278,-136,-40,608,-224,0,0
200,251,201,235,501,-385,0,0
527,208,552,235,-299,-564,0,0
509,192,903,1014,-673,-903,0,0
866,51,967,2420,-1043,-1389,0,0
815,-28,454,3515,-1409,-1557,0,0
138,-143,-410,4422,-451,-2311,0,0
51,-167,-622,4932,-104,-2745,0,0
-265,-81,-420,6004,311,-2811,0,0
-110,5,-303,6664,219,-3030,0,0
-152,-21,-466,6531,114,-3346,0,0
-379,-122,-233,6152,426,-3159,0,0
-203,-322,84,6078,286,-3355,0,0
-81,-481,79,5954,553,-3873,0,0
141,-570,316,5532,776,-4048,0,0
262,-475,706,5269,346,-3954,0,0
81,-361,969,5058,426,-3602,0,0
252,-284,1191,4500,96,-3362,0,0
167,-225,1205,4002,-691,-2922,0,0
-163,-309,908,3326,-921,-2454,0,0
-644,-364,487,2045,-1081,-1693,0,0
-923,-198,108,513,-1041,-1240,0,0
-684,210,-241,-338,-70,-890,0,0
-152,580,-400,-1054,399,614,0,0
-54,634,-442,-157,231,887,0,0
312,510,-943,328,465,-773,0,0
558,688,-874,484,825,-549,0,0
900,604,85,452,-569,-365,0,0
839,574,1129,1186,-1240,-616,0,0
501,463,1509,2773,-914,-169,0,0
377,249,1061,3520,-821,-590,0,0
99,173,167,4386,-1341,-1605,0,0
-1422,194,-715,4334,-876,-2341,0,0
-2059,-136,-789,4838,-917,-2974,0,0
-1354,-466,-662,5059,-1032,-4322,0,0
-1365,-232,-488,4724,-213,-3653,0,0
-990,31,-330,5228,104,-2426,0,0
-29,94,-403,5466,-292,-2481,0,0
490,-49,-379,6040,-220,-3263,0,0
946,-183,-336,6235,-141,-4103,0,0
880,-58,-17,6518,-229,-3836,0,0
537,-34,451,6469,-352,-3306,0,0
962,-111,838,5976,-270,-3538,0,0
1320,-127,888,5296,-378,-3608,0,0
967,-267,659,4839,-308,-3390,0,0
868,-611,452,4051,145,-2656,0,0
783,-912,551,2281,-124,-1221,0,0
278,-983,609,134,-1209,110,0,0
-388,-589,-123,-532,-1031,877,0,0
-415,-7,-1091,-721,257,507,0,0
-422,763,-1246,-509,765,219,0,0
-630,1128,-1197,110,996,-2,0,0
-423,1089,-996,116,849,-613,0,0
146,864,-492,41,119,-740,0,0
1031,591,-188,229,-732,-1151,0,0
1108,446,-136,1404,-1079,-1381,0,0
547,317,-172,3118,-432,-1405,0,0
350,187,-422,3943,-1136,-1402,0,0
-539,-38,-1086,5304,-851,-3976,0,0
-1058,-150,-1348,5584,202,-2147,0,0
-1205,-180,-1068,5906,119,-1806,0,0
-1592,20,-1153,5341,1067,-1484,0,0
-680,-8,-977,5461,1424,-2353,0,0
-655,3,-862,6439,2680,-2628,0,0
-330,-17,-475,6994,2861,-2481,0,0
-483,-149,254,7277,2656,-2560,0,0
-619,-400,986,6904,3281,-3265,0,0
131,-467,1748,5997,2241,-3367,0,0
222,-427,2027,5501,1984,-3213,0,0
522,-458,2068,4976,1531,-3286,0,0
789,-408,2018,4126,414,-3111,0,0
658,-260,1545,3185,134,-2974,0,0
437,-154,856,1828,-730,-1693,0,0
315,-351,149,267,-1032,-1184,0,0
275,-338,-31,-565,-581,-203,0,0
-126,-112,95,-1285,301,1041,0,0
-292,-58,70,-372,-222,1171,0,0
-316,-37,-487,-65,-351,550,0,0
-362,76,-835,-315,-105,118,0,0
-16,134,-636,207,-357,-28,0,0
104,50,-241,1552,-228,-105,0,0
-279,-278,92,2952,-377,-1023,0,0
-778,-455,-120,4264,-130,-1866,0,0
-357,-357,-636,4716,-355,-2928,0,0
-1012,-80,-586,4798,-451,-2779,0,0
-1996,-168,-97,4921,-198,-2660,0,0
-718,-304,16,4461,-622,-3592,0,0
-580,-115,-169,4262,-44,-3557,0,0
-723,21,-453,4788,1758,-3715,0,0
349,117,-493,4559,1338,-4304,0,0
-69,162,-189,5492,261,-4216,0,0
-455,263,103,6211,945,-3799,0,0
638,402,423,5771,577,-3197,0,0
814,471,561,5312,289,-3070,0,0
669,437,585,5032,594,-2888,0,0
693,377,506,4901,444,-2650,0,0
725,239,313,4681,354,-2303,0,0
607,-108,278,4245,-63,-1711,0,0
120,-569,216,3184,33,-1169,0,0
165,-642,-3,1825,72,-764,0,0
-17,-286,-650,390,230,90,0,0
-117,164,-1147,-745,333,561,0,0
-222,403,-1077,17,308,574,0,0
41,245,-1189,482,162,-123,0,0
181,199,-1206,-122,478,-728,0,0
393,221,-830,-144,527,-1075,0,0
582,286,-300,359,408,-1265,0,0
622,441,257,1430,-154,-1386,0,0
261,483,443,3279,-185,-1526,0,0
116,321,-61,4562,289,-2488,0,0
-65,145,-597,4283,1300,-3053,0,0
-17,-42,-406,4821,2054,-2688,0,0
133,-136,-240,5136,389,-2094,0,0
-323,-46,-373,6092,576,-1827,0,0
-298,-94,-587,6311,1498,-2682,0,0
-140,-39,-515,6022,1815,-3146,0,0
-473,-19,-197,6377,1813,-2870,0,0
-604,-191,488,6528,1851,-2710,0,0
-245,-389,1207,6491,1677,-3188,0,0
-106,-365,1834,6181,1547,-3398,0,0
-192,-286,2316,5636,1584,-3318,0,0
277,-267,2537,4769,1419,-3518,0,0
872,-218,2419,3624,189,-3362,0,0
683,-137,1793,2524,-935,-2419,0,0
256,-226,925,1628,-1630,-1643,0,0
158,-189,120,829,-1843,-1199,0,0
-490,-14,-744,232,-1092,-874,0,0
-665,43,-1090,-97,589,-312,0,0
-62,-137,-834,-388,653,338,0,0
-121,-189,-596,-93,780,638,0,0
146,-136,-553,-85,326,56,0,0
121,111,-413,235,349,-208,0,0
346,257,57,767,-244,-587,0,0
231,524,530,1889,-720,-749,0,0
-257,677,524,3128,-598,-655,0,0
-636,631,306,3663,-1137,-829,0,0
-1331,503,-191,4575,-401,-765,0,0
-1029,281,-626,5104,41,-1823,0,0
-876,235,-897,5020,683,-2519,0,0
-862,68,-901,4705,132,-2598,0,0
-649,-289,-908,5508,-42,-3346,0,0
-121,-548,-959,6008,445,-3982,0,0
215,-638,-774,6575,708,-4007,0,0
116,-601,-374,7716,1047,-4144,0,0
752,-463,274,7332,691,-4696,0,0
513,-216,956,6223,513,-4187,0,0
484,-76,1482,5432,958,-3674,0,0
1264,17,1511,4543,190,-3004,0,0
782,9,1174,3743,-812,-2350,0,0
-374,-175,685,3152,-889,-1843,0,0
-693,-405,153,1907,-713,-411,0,0
-759,-319,-475,204,-470,829,0,0
-320,201,-1086,-268,-82,821,0,0
-48,792,-1353,-546,116,301,0,0
301,1024,-1168,-286,337,189,0,0
670,796,-1104,-173,551,172,0,0
993,601,-1067,-198,1045,127,0,0
1411,570,-840,277,432,-716,0,0
990,888,-790,1652,-288,-621,0,0
268,552,-384,1626,-1369,-680,0,0
-842,-211,207,4162,-1376,-1632,0,0
-1116,-783,-598,6127,1251,-3864,0,0
226,-913,-691,3940,1586,-4067,0,0
471,-407,152,5175,1012,-1551,0,0
242,-150,36,4969,635,-1191,0,0
-485,-86,-201,5040,958,-2505,0,0
-724,35,-280,6254,2254,-3143,0,0
-556,14,-224,6343,2391,-3197,0,0
-702,-100,129,6797,2304,-3215,0,0
-800,-150,557,7145,2798,-3409,0,0
-218,-164,1124,6747,2293,-3937,0,0
76,-62,1779,6567,2150,-3856,0,0
347,-153,2363,5941,1688,-3844,0,0
726,-612,3466,5488,271,-5396,0,0
1954,-860,3818,4554,-755,-3995,0,0
1560,-712,2853,2648,-502,-756,0,0
148,-339,1379,-12,61,798,0,0
-635,-84,-379,-1472,-533,271,0,0
-537,-50,-1529,-1994,-105,-638,0,0
-242,235,-1776,-1458,664,-236,0,0
23,394,-1972,-461,587,-243,0,0
380,474,-1909,41,470,-218,0,0
754,579,-1445,453,-229,64,0,0
889,666,-909,903,-198,719,0,0
411,519,-264,2037,-548,707,0,0
-255,375,219,3513,-1005,-31,0,0
-374,183,355,3586,-1138,12,0,0
-789,32,363,3887,-2422,-964,0,0
-1520,261,-253,5093,-1156,-1429,0,0
-1871,229,-608,6402,-410,-1926,0,0
-1183,46,-893,5740,118,-3726,0,0
-584,-78,-705,5122,4,-3428,0,0
-786,-316,-596,5483,147,-3143,0,0
58,-533,-860,6017,382,-3648,0,0
678,-606,-849,6803,135,-3723,0,0
365,-386,-307,7415,848,-3619,0,0
496,25,552,6987,1302,-2983,0,0
661,271,1203,6123,491,-2660,0,0
724,278,1426,5511,504,-2962,0,0
715,156,1373,4761,-117,-2313,0,0
238,-345,1179,4237,-118,-2193,0,0
200,-660,681,2925,173,-1887,0,0
-101,-197,-23,482,1025,32,0,0
80,364,-1005,145,226,703,0,0
-574,708,-1687,123,45,633,0,0
-784,803,-1525,-157,-263,517,0,0
-896,581,-1042,633,-225,102,0,0
-585,162,-899,475,287,-443,0,0
-251,-30,-876,-375,367,-266,0,0
-170,-222,-731,-474,444,-403,0,0
-98,-251,-491,-117,-672,-636,0,0
-601,23,-431,2287,77,-1266,0,0
-246,106,-379,3898,283,-1998,0,0
-181,-165,-1275,5387,2622,-3521,0,0
665,-639,-1481,4882,2856,-3873,0,0
309,-872,-501,5637,2007,-2228,0,0
-79,-787,-366,5850,3288,-1575,0,0
542,-733,-202,4977,1443,-2645,0,0
-506,-443,-399,5135,3022,-3793,0,0
-658,-282,-534,4913,5560,-4051,0,0
82,-440,0,4937,4383,-4317,0,0
-203,-509,498,4599,4133,-4202,0,0
125,-518,1027,4228,3260,-4191,0,0
911,-331,1314,4042,3030,-3581,0,0
1138,-325,1829,4174,2333,-3382,0,0
577,-399,2540,4561,1402,-3713,0,0
201,-366,2590,3472,-295,-3520,0,0
-851,-114,2221,1827,-18,-2526,0,0
-1,-26,1859,-415,165,-610,0,0
1249,-44,1296,-1726,-1137,596,0,0
924,240,-117,-1477,-509,1047,0,0
933,326,-1459,-1482,456,1042,0,0
1341,2,-1954,-1498,-122,477,0,0
1295,-402,-2268,-575,-460,-244,0,0
1177,-476,-2359,310,305,-338,0,0
1080,-181,-1326,949,-842,820,0,0
-27,317,-259,3111,-933,327,0,0
-714,771,-69,4032,540,-1532,0,0
-942,880,-206,4001,120,-2998,0,0
-970,713,-815,4963,495,-3349,0,0
-1214,114,-818,5732,627,-2942,0,0
-1453,-598,-711,5686,782,-4277,0,0
-705,-750,-832,5827,1330,-4896,0,0
-525,-506,-567,6357,1019,-4884,0,0
-787,-253,-516,6232,2311,-4402,0,0
-450,-255,14,6268,2568,-4475,0,0
-332,-81,635,6234,1469,-4532,0,0
-304,-37,971,6202,2171,-3928,0,0
773,-344,1385,5462,1924,-4131,0,0
1129,-454,1630,4735,713,-3891,0,0
1204,-523,1433,3860,1256,-3627,0,0
1259,-457,1321,2748,940,-2222,0,0
738,-449,1042,1421,1460,-1125,0,0
662,-331,775,1103,1492,-1413,0,0
-249,-81,374,1221,321,-798,0,0
-216,9,37,945,257,-1000,0,0
-82,331,-361,895,-110,-911,0,0
49,731,-783,-534,-470,-538,0,0
134,936,-538,5,-102,170,0,0
-159,532,-369,387,356,170,0,0
-128,301,-293,-473,-70,-456,0,0
-75,435,-55,-461,-114,-850,0,0
295,533,638,764,-490,-814,0,0
674,426,1021,3051,-1426,-1207,0,0
469,107,232,3903,-1019,-2638,0,0
150,28,-268,2933,-630,-3000,0,0
-191,-132,-38,4466,-329,-2562,0,0
-447,-79,-264,4904,-586,-2636,0,0
-779,231,-390,4833,-312,-2467,0,0
-946,269,-674,5613,104,-3632,0,0
-600,270,-1227,6160,1195,-4464,0,0
-726,158,-1315,7026,2506,-4118,0,0
-380,-193,-637,7402,1894,-4798,0,0
-83,-419,177,7694,1441,-4050,0,0
255,-694,1100,6393,1501,-4019,0,0
444,-636,1755,5174,1225,-3876,0,0
268,-570,1988,4779,920,-3425,0,0
533,-565,1910,3697,958,-3326,0,0
846,-332,1595,1958,-217,-2767,0,0
589,-155,974,965,-1131,-1883,0,0
-68,-79,-31,213,-1184,-769,0,0
-228,135,-921,-712,-289,-90,0,0
418,222,-1133,-855,619,107,0,0
772,236,-888,-495,385,496,0,0
569,192,-773,147,-130,-36,0,0
270,258,-813,500,-76,-119,0,0
260,311,-492,809,-383,-2576,0,0
117,404,289,1692,-711,-497,0,0
-323,326,953,2790,-826,-24,0,0
-509,-70,1133,2428,-1433,-801,0,0
-1270,-43,623,3197,-1120,-1726,0,0
-1452,190,254,3978,-8,-1285,0,0
-1534,5,358,4976,-219,-2315,0,0
-831,31,-242,4781,-1582,-4143,0,0
-1096,71,-842,4672,-416,-4084,0,0
90,-554,-1013,4817,-448,-5030,0,0
250,-694,-1296,5476,-207,-4792,0,0
-69,-605,-1163,7057,704,-4690,0,0
508,-498,-515,6782,396,-5910,0,0
439,-139,265,5988,608,-5750,0,0
451,222,828,5181,146,-4898,0,0
627,409,1029,4544,-380,-3865,0,0
761,289,856,4135,-45,-3248,0,0
918,158,690,3445,29,-2589,0,0
824,-93,586,2946,-656,-1555,0,0
656,-344,112,1724,-497,-345,0,0
137,-354,-700,23,-29,750,0,0
-77,-309,-1292,-663,251,545,0,0
37,81,-1199,-622,154,501,0,0
16,449,-1011,119,215,420,0,0
24,534,-1017,149,16,-387,0,0
-69,719,-895,-11,503,-1118,0,0
277,687,-578,354,-247,-1252,0,0
7,614,-139,910,-234,-1140,0,0
212,470,348,2572,-552,-1858,0,0
83,305,442,3365,-906,-2329,0,0
287,199,193,3772,219,-2732,0,0
386,88,36,4094,245,-2655,0,0
-243,-13,-176,4565,134,-2251,0,0
-448,-17,-339,5138,-460,-1783,0,0
-790,-67,-293,5858,-362,-2549,0,0
-619,-70,-483,6800,427,-4019,0,0
-589,32,-792,7309,1464,-3882,0,0
-21,-124,-498,7457,1331,-4139,0,0
-61,-305,65,7118,427,-4078,0,0
-326,-403,606,6829,612,-3839,0,0
92,-466,1104,6010,822,-3435,0,0
-129,-519,1354,5233,1165,-3402,0,0
-241,-452,1634,4708,1389,-3239,0,0
227,-372,1782,3443,885,-2532,0,0
179,-382,1606,1530,-36,-2367,0,0
-427,-248,1081,368,-861,-1881,0,0
-934,-100,157,63,-848,-658,0,0
-1241,23,-852,-348,-147,-505,0,0
-818,138,-1253,-573,1000,-249,0,0
-35,32,-1050,-696,-79,-75,0,0
87,54,-889,79,322,-831,0,0
704,210,-853,449,-268,-436,0,0
882,329,-638,259,-107,382,0,0
1045,211,83,729,-550,372,0,0
452,113,739,2313,-909,-293,0,0
-170,207,895,2418,-912,-1092,0,0
-863,403,809,3524,-566,-850,0,0
-760,369,368,4164,-340,-2154,0,0
-1612,243,-97,5189,186,-2779,0,0
-1180,24,-988,4319,-421,-4363,0,0
-549,-169,-1391,4250,-159,-4614,0,0
-578,-414,-1302,5173,1062,-3277,0,0
196,-396,-1565,5003,1592,-3705,0,0
145,-253,-1421,5559,1667,-4077,0,0
-1075,-283,-1130,6870,2939,-4225,0,0
-335,-326,-344,6901,3151,-5601,0,0
-23,39,564,5907,2250,-5321,0,0
577,174,1225,5308,1620,-4829,0,0
1058,199,1396,4802,1109,-3676,0,0
777,58,920,3943,1320,-2930,0,0
1134,2,584,2962,1549,-2791,0,0
579,-150,625,2759,442,-1651,0,0
18,-437,338,2414,815,-3104,0,0
298,-400,44,1506,306,-484,0,0
-653,-24,-384,512,-40,436,0,0
-461,452,-769,-433,-29,-7,0,0
-246,1020,-731,-647,-173,-181,0,0
-508,1243,-650,-58,725,410,0,0
84,984,-653,55,714,-300,0,0
518,777,-745,-173,661,-706,0,0
666,371,-440,-1,703,-1020,0,0
723,76,463,1600,424,-1421,0,0
1347,109,990,2691,-857,-1285,0,0
1366,229,600,2523,-1437,-1275,0,0
777,181,43,3472,-138,-3880,0,0
691,-65,-372,4292,74,-2676,0,0
8,-145,-621,4901,-200,-2462,0,0
-413,-318,-793,5748,606,-2381,0,0
-119,-427,-656,5560,-65,-3057,0,0
-1234,-239,-545,6322,1126,-2678,0,0
-775,-182,-545,6689,2209,-3671,0,0
-1138,-216,-250,7044,2249,-3668,0,0
-1987,-568,320,7222,3822,-3879,0,0
-313,-849,1313,6713,2829,-5231,0,0
-44,-666,1876,5758,1723,-3919,0,0
371,-760,2075,4634,2054,-3495,0,0
866,-613,2115,3826,1060,-3031,0,0
-47,-541,1792,2937,1158,-2288,0,0
-2,-594,1760,2024,680,-2495,0,0
-28,-201,1302,1002,-594,-2113,0,0
-666,387,249,167,-275,-1314,0,0
-744,700,-645,-535,332,-529,0,0
248,695,-1110,-1493,-56,-188,0,0
462,461,-1236,-837,-556,-262,0,0
374,387,-1433,-176,723,-251,0,0
758,363,-1173,129,-138,406,0,0
731,121,-779,823,-462,284,0,0
635,-30,-352,1145,-684,137,0,0
221,-65,140,2362,-695,27,0,0
-41,-328,350,3169,-863,-850,0,0
-3080,-27,193,3709,-711,-1441,0,0
-1635,172,25,5054,646,-1603,0,0
-1210,-55,-162,4851,24,-3791,0,0
-1068,100,-487,4454,569,-3651,0,0
-814,-192,-323,4295,981,-3669,0,0
-424,-301,-379,4386,985,-4439,0,0
-435,-139,-620,5031,1036,-3625,0,0
-368,-173,-823,6154,1563,-4729,0,0
-132,-20,-785,7176,3048,-4988,0,0
-23,23,-146,6832,2595,-4443,0,0
252,25,688,6664,1696,-4357,0,0
895,39,1126,5641,1691,-4116,0,0
1482,-62,1258,4656,793,-3696,0,0
1231,-391,1060,4259,337,-3563,0,0
1335,-538,789,3434,1173,-2745,0,0
1993,-511,675,2143,301,-1502,0,0
1318,-312,394,1557,-215,-152,0,0
900,-213,-374,802,417,330,0,0
157,19,-1127,-293,650,116,0,0
-177,396,-1249,-355,655,-139,0,0
-67,573,-962,-104,291,-538,0,0
-389,757,-769,-73,658,-321,0,0
51,737,-544,87,446,-830,0,0
408,697,-483,359,-78,-916,0,0
145,479,15,728,140,-448,0,0
907,129,989,2059,-1138,-1329,0,0
1083,190,802,2910,-1962,-1288,0,0
441,344,178,2655,-1066,-1527,0,0
110,151,115,3282,-411,-1780,0,0
-73,49,37,3997,-264,-1733,0,0
-185,82,-387,4671,-493,-2600,0,0
-98,21,-794,5450,287,-2970,0,0
211,-238,-1000,5670,127,-3381,0,0
26,-309,-899,6803,-199,-3495,0,0
-518,-300,-667,8167,691,-3254,0,0
-311,-214,-242,8135,1092,-4708,0,0
-2096,61,582,7367,827,-4216,0,0
-40,-134,1465,6646,22,-4236,0,0
-436,-159,1805,6026,17,-4129,0,0
-643,-217,1861,4990,1128,-2950,0,0
56,-499,2194,4210,203,-3309,0,0
-755,-365,1874,3381,-396,-2678,0,0
-1855,-290,1298,1954,366,-1202,0,0
-1599,-272,945,926,-15,-1008,0,0
-1566,-11,251,-168,-893,-1584,0,0
-1452,495,-533,-543,-472,-1609,0,0
-686,751,-1004,-133,857,-226,0,0
479,445,-850,-653,178,183,0,0
337,227,-723,114,-475,-663,0,0
669,290,-838,431,72,-389,0,0
873,287,-542,462,-88,245,0,0
934,110,-52,433,322,180,0,0
1413,28,278,1194,-695,-472,0,0
1166,274,202,2853,-1215,-1154,0,0
474,552,106,4237,-1949,-870,0,0
-655,691,0,4020,-929,-636,0,0
-343,524,-205,4499,-342,-2342,0,0
150,547,-559,4261,213,-2979,0,0
-172,80,-804,4777,-281,-2296,0,0
-559,-724,-1657,5482,172,-3289,0,0
64,-1137,-1790,6388,833,-4357,0,0
361,-1223,-1270,7108,-156,-4684,0,0
-148,-932,-895,7578,513,-5657,0,0
-419,-450,-95,6909,1849,-5413,0,0
357,-156,644,5539,1107,-5077,0,0
736,63,892,4849,670,-4634,0,0
330,317,1111,4258,296,-3441,0,0
10,448,1112,3879,534,-2409,0,0
85,333,876,3491,123,-1787,0,0
-101,266,669,3314,-66,-1468,0,0
-300,133,307,2300,-153,-2520,0,0
407,129,-117,607,-703,-316,0,0
361,382,-611,43,-362,246,0,0
-112,623,-1118,-658,244,534,0,0
-415,733,-1177,-874,486,207,0,0
-512,579,-1158,-402,780,346,0,0
116,375,-1081,6,367,-443,0,0
399,309,-982,325,131,-964,0,0
529,291,-388,1197,574,-1294,0,0
472,378,510,2741,-237,-1242,0,0
-35,351,731,5079,187,-1594,0,0
217,32,15,4948,1202,-2893,0,0
255,-192,-574,4247,1005,-3226,0,0
-436,-444,-628,5282,2258,-2838,0,0
53,-520,-710,5539,1857,-3245,0,0
-101,-246,-368,5996,1571,-2663,0,0
-470,-244,212,6006,2164,-2694,0,0
2,-265,633,5267,1355,-3248,0,0
-90,-135,509,4762,2263,-2944,0,0
229,-90,522,4169,2372,-2917,0,0
150,-144,520,3727,1205,-2416,0,0
-284,-332,77,3222,1052,-2307,0,0
-471,-582,-433,2780,372,-2030,0,0
-1389,-822,-1204,1788,-142,-1793,0,0
-1727,-850,-1973,1153,251,-1851,0,0
-1941,-976,-2443,965,210,-1114,0,0
-4056,-1199,-2955,341,1205,-1042,0,0
-549,-1334,-3151,244,1768,-1098,0,0
608,-1604,-3092,497,2088,-786,0,0
1111,-1917,-3111,414,2488,-1511,0,0
822,-2130,-3106,79,2447,-1865,0,0
131,-2137,-3217,-1047,3889,-2984,0,0
435,-1970,-2865,-1072,2969,-2867,0,0
-1000,-1909,-2712,-1315,2508,-2300,0,0
-2006,-1805,-2789,-1989,2923,-2166,0,0
-1575,-1747,-2738,-2393,2759,-1649,0,0
-1011,-1755,-2665,-3646,3081,-1502,0,0
-590,-1851,-2275,-3889,2553,-940,0,0
-891,-1972,-2219,-4627,1683,-1155,0,0
-1841,-1766,-2403,-5389,880,-766,0,0
-3260,-1331,-2495,-5532,1245,-285,0,0
-3651,-820,-2293,-5224,688,-594,0,0
-4526,-207,-1935,-4971,515,985,0,0
-4982,30,-1558,-4447,610,916,0,0
-4077,70,-1053,-4002,1209,1154,0,0
-2322,-161,-415,-3730,979,887,0,0
-1314,-243,127,-4119,483,-148,0,0
-201,-105,292,-4268,-463,-155,0,0
23,-68,208,-4246,-1137,55,0,0
-366,17,208,-4599,-853,541,0,0
14,-40,234,-4383,-561,447,0,0
-41,-76,378,-4182,-178,118,0,0
213,32,403,-4498,-177,211,0,0
447,52,372,-4402,-894,325,0,0
197,40,336,-3992,-1201,141,0,0
65,138,112,-3541,-751,41,0,0
-5,192,-3,-3255,-299,139,0,0
-127,326,43,-4350,244,516,0,0
-196,342,152,-4375,364,887,0,0
-425,73,477,-3731,301,630,0,0
-639,-55,841,-3341,551,445,0,0
-373,-27,928,-4459,425,508,0,0
-172,15,740,-5300,161,402,0,0
128,-113,546,-4738,-86,172,0,0
436,-167,583,-4650,-423,-429,0,0
-49,55,594,-4567,-561,-388,0,0
-623,168,552,-4330,-34,134,0,0
-513,87,485,-4073,198,54,0,0
-417,117,393,-4172,514,118,0,0
-235,95,285,-4105,553,171,0,0
-75,9,240,-4013,678,-38,0,0
135,-8,234,-4323,613,31,0,0
261,-29,171,-4244,447,104,0,0
224,-46,120,-4062,463,123,0,0
269,-50,82,-4192,435,32,0,0
136,-18,5,-4136,540,17,0,0
47,-15,-19,-4048,652,58,0,0
35,-18,-45,-4321,680,168,0,0
73,-32,-106,-4385,715,288,0,0
191,-104,-117,-4148,696,207,0,0
193,-122,-69,-4011,635,17,0,0
96,-44,-53,-4071,545,-14,0,0
49,32,-96,-4123,533,81,0,0
59,29,-119,-4163,466,76,0,0
126,-5,-144,-4155,393,32,0,0
214,-12,-211,-4207,340,-39,0,0
112,43,-264,-4203,366,22,0,0
19,70,-247,-4224,436,53,0,0
47,49,-180,-4373,435,64,0,0
120,15,-130,-4388,376,-18,0,0
77,22,-81,-4368,456,-67,0,0
126,33,-60,-4337,543,46,0,0
226,9,-31,-4082,547,51,0,0
118,26,41,-3973,525,52,0,0
26,53,45,-4034,534,112,0,0
-40,64,21,-4099,593,160,0,0
-10,46,18,-4088,698,120,0,0
136,13,29,-4086,733,35,0,0
242,16,58,-4134,705,-22,0,0
354,38,78,-4081,513,-94,0,0
341,72,33,-4201,457,92,0,0
302,52,-1,-4443,565,242,0,0
286,8,22,-4432,528,-26,0,0
108,33,70,-4025,489,-337,0,0
10,76,82,-3896,501,-124,0,0
171,25,55,-4097,484,137,0,0
342,-61,-34,-4154,494,168,0,0
358,-100,-152,-4214,674,120,0,0
240,-100,-140,-4225,882,87,0,0
85,-103,6,-4103,894,13,0,0
22,-83,141,-4046,864,-51,0,0
178,-3,173,-4134,706,-45,0,0
277,77,163,-4197,679,-60,0,0
312,126,205,-4301,786,-15,0,0
560,138,247,-4295,872,-24,0,0
807,124,267,-4140,864,-157,0,0
899,128,267,-4041,853,-264,0,0
869,156,255,-3917,814,-261,0,0
703,173,248,-3944,818,-226,0,0
368,167,222,-4066,863,-214,0,0
23,140,158,-4002,920,-289,0,0
-212,108,114,-3993,913,-316,0,0
-219,48,65,-4196,922,-392,0,0
45,-47,-17,-4024,845,-539,0,0
366,-121,-32,-3803,757,-485,0,0
540,-151,29,-3890,730,-455,0,0
419,-116,75,-4089,696,-524,0,0
202,-31,53,-4258,735,-565,0,0
-34,61,-14,-4300,876,-555,0,0
-229,92,-12,-4147,1050,-533,0,0
-133,59,60,-4026,1109,-498,0,0
175,18,73,-4018,1071,-511,0,0
453,7,23,-4112,960,-456,0,0
623,6,-9,-4119,818,-489,0,0
603,15,-7,-4084,686,-542,0,0
404,34,8,-4068,693,-524,0,0
238,31,13,-4040,733,-511,0,0
158,17,5,-4024,732,-550,0,0
29,25,-9,-4046,775,-580,0,0
-80,36,-20,-4109,918,-579,0,0
-30,13,-14,-4069,957,-599,0,0
68,-14,15,-3970,890,-599,0,0
186,-42,38,-3947,782,-601,0,0
171,-43,30,-4062,776,-590,0,0
89,-35,17,-4113,820,-587,0,0
58,-37,34,-4087,805,-594,0,0
21,-35,52,-4071,779,-583,0,0
-5,-36,40,-4077,792,-592,0,0
-28,-39,18,-4091,866,-597,0,0
-5,-45,12,-4064,918,-616,0,0
66,-46,14,-4084,891,-608,0,0
102,-40,10,-4084,837,-623,0,0
79,-24,9,-4070,822,-615,0,0
79,-9,21,-4036,814,-564,0,0
88,-7,37,-4075,764,-554,0,0
24,-3,34,-4045,742,-568,0,0
-25,0,15,-4016,756,-569,0,0
-67,-3,1,-4017,775,-580,0,0
-91,-7,-5,-4063,798,-605,0,0
-96,0,-14,-4121,802,-621,0,0
-92,11,-10,-4049,708,-638,0,0
-137,28,-29,-4024,678,-616,0,0
-181,41,-68,-4072,770,-546,0,0
-192,40,-84,-4099,834,-537,0,0
-207,41,-90,-4059,864,-591,0,0
-217,56,-87,-4124,899,-589,0,0
-214,66,-45,-4153,865,-569,0,0
-197,60,-11,-4051,758,-567,0,0
-210,59,-50,-4011,793,-507,0,0
-208,39,-118,-4031,905,-531,0,0
-176,8,-130,-4072,946,-633,0,0
-63,-4,-105,-4072,937,-708,0,0
79,3,-42,-4116,881,-588,0,0
126,-8,7,-4112,753,-520,0,0
80,-35,-2,-4018,677,-564,0,0
41,-45,-27,-3948,677,-578,0,0
74,-36,-15,-3995,690,-582,0,0
33,-14,18,-4091,710,-560,0,0
-68,18,53,-4176,677,-585,0,0
-155,50,60,-4159,654,-669,0,0
-150,72,37,-4095,666,-624,0,0
-131,60,48,-4138,741,-555,0,0
-97,27,52,-4061,786,-568,0,0
-82,21,64,-3910,758,-573,0,0
-72,29,103,-4081,709,-583,0,0
-98,37,77,-4196,673,-644,0,0
-170,51,31,-4178,794,-596,0,0
-64,26,27,-4069,830,-564,0,0
-11,12,41,-3975,763,-583,0,0
-100,29,42,-3854,782,-565,0,0
-148,50,48,-3822,815,-527,0,0
-182,75,50,-4068,877,-531,0,0
-232,75,35,-4145,972,-597,0,0
-213,75,48,-4155,989,-611,0,0
-187,83,62,-4150,993,-632,0,0
-134,72,63,-4105,1022,-614,0,0
23,31,58,-4017,961,-583,0,0
163,1,38,-3999,930,-583,0,0
249,-8,3,-4023,909,-570,0,0
283,-7,-27,-4039,878,-613,0,0
252,2,-29,-4040,818,-632,0,0
146,20,-12,-4056,765,-656,0,0
-8,39,0,-4082,793,-672,0,0
-66,42,-14,-4102,800,-665,0,0
-76,43,-48,-4067,795,-686,0,0
-122,45,-65,-4013,882,-678,0,0
-106,31,-51,-4009,916,-678,0,0
-76,22,-43,-4017,915,-707,0,0
-51,18,-32,-4001,891,-709,0,0
-42,10,-21,-4033,911,-699,0,0
38,-12,-30,-4056,946,-702,0,0
112,-34,-14,-4039,904,-693,0,0
96,-32,39,-4064,853,-688,0,0
76,-31,89,-4045,752,-668,0,0
55,-36,80,-4056,726,-680,0,0
68,-55,3,-4048,775,-704,0,0
84,-63,-41,-3997,849,-686,0,0
113,-62,-12,-3971,860,-671,0,0
100,-51,18,-4064,871,-625,0,0
123,-62,16,-4048,814,-626,0,0
110,-64,14,-4051,736,-639,0,0
31,-57,5,-4055,739,-640,0,0
-26,-53,-13,-4071,777,-648,0,0
-48,-55,-5,-4099,814,-617,0,0
-31,-72,-2,-4094,796,-663,0,0
-62,-74,-26,-4029,864,-691,0,0
-44,-61,-19,-4067,1096,-582,0,0
202,-83,23,-3980,1080,-527,0,0
318,-85,65,-3932,948,-549,0,0
308,-62,62,-4166,955,-570,0,0
444,-52,19,-4273,826,-632,0,0
466,-20,1,-4082,662,-668,0,0
342,30,56,-3976,608,-609,0,0
248,59,142,-4018,512,-558,0,0
71,79,138,-4003,425,-562,0,0
-197,104,16,-4067,476,-643,0,0
-456,139,-120,-4208,677,-725,0,0
-515,157,-142,-4230,834,-818,0,0
-359,155,-22,-4084,754,-763,0,0
-315,142,95,-3869,648,-673,0,0
-464,115,30,-3860,838,-674,0,0
-512,97,-132,-4032,1069,-670,0,0
-411,101,-184,-4053,1175,-723,0,0
-285,85,-60,-4067,1164,-767,0,0
-45,28,64,-3991,1061,-774,0,0
225,-23,82,-3885,890,-752,0,0
268,-25,55,-3911,886,-682,0,0
250,-32,38,-4022,911,-689,0,0
238,-2088,32,-4098,887,-705,0,0
252,-47,36,-4077,835,-733,0,0
282,-61,37,-4047,801,-734,0,0
284,-70,39,-4022,822,-686,0,0
279,-81,44,-4021,844,-662,0,0
288,-101,42,-4004,810,-715,0,0
308,-97,62,-4026,751,-732,0,0
255,-68,83,-4058,748,-700,0,0
189,-53,65,-4075,774,-692,0,0
108,-48,46,-4085,795,-668,0,0
84,-51,42,-4108,791,-721,0,0
88,-39,30,-4111,781,-733,0,0
60,-19,19,-4092,810,-701,0,0
53,-11,19,-4044,815,-703,0,0
35,-11,19,-4016,800,-726,0,0
-9,-3,14,-4004,814,-739,0,0
-31,6,7,-4024,859,-737,0,0
-25,11,8,-3993,881,-737,0,0
-23,22,27,-3952,868,-724,0,0
-9,31,35,-3895,853,-721,0,0
-49,47,42,-3915,827,-706,0,0
-156,77,64,-4045,874,-685,0,0
-248,101,75,-4152,860,-778,0,0
-397,131,47,-4162,941,-870,0,0
-332,137,34,-4081,1035,-838,0,0
-82,105,49,-3976,936,-832,0,0
-1,83,38,-3869,877,-797,0,0
0,80,-8,-3893,945,-729,0,0
48,71,-60,-3955,993,-766,0,0
114,49,-50,-3995,931,-789,0,0
122,40,-17,-4054,849,-828,0,0
82,31,-41,-4055,858,-889,0,0
19,23,-56,-3972,939,-838,0,0
33,1,-16,-3971,993,-855,0,0
144,-32,25,-3934,949,-832,0,0
225,-34,52,-3943,839,-757,0,0
134,-39,37,-4001,769,-824,0,0
17,-45,-18,-4009,829,-876,0,0
-22,-33,-33,-3963,954,-832,0,0
32,-41,12,-4021,1009,-805,0,0
175,-79,39,-4020,904,-820,0,0
214,-78,28,-3988,801,-831,0,0
144,-67,17,-3917,867,-820,0,0
163,-74,32,-4004,901,-801,0,0
187,-59,50,-4097,868,-815,0,0
142,-33,68,-4076,786,-817,0,0
59,-17,64,-4018,748,-804,0,0
-5,-10,32,-3975,778,-788,0,0
-52,-9,14,-4013,857,-790,0,0
-56,-15,10,-4018,878,-810,0,0
-73,-1,7,-4025,874,-791,0,0
-113,7,11,-4035,880,-786,0,0
-116,5,13,-4035,836,-820,0,0
-176,30,1,-3994,865,-817,0,0
-178,34,1,-3954,915,-807,0,0
-150,25,11,-3987,916,-812,0,0
-117,21,2,-3957,957,-843,0,0
-44,12,-7,-3937,1006,-810,0,0
29,-2,12,-3958,963,-788,0,0
48,-8,20,-3960,877,-834,0,0
24,13,13,-3938,830,-822,0,0
-61,44,24,-3942,843,-780,0,0
-190,69,37,-4068,872,-777,0,0
-335,86,4,-4081,931,-876,0,0
-341,92,-21,-4010,1020,-906,0,0
-173,86,-8,-3925,1078,-796,0,0
-13,50,-3,-3917,1056,-780,0,0
49,15,-12,-3959,1026,-789,0,0
113,-6,10,-3996,970,-871,0,0
223,-15,26,-3986,945,-878,0,0
263,6,53,-3916,920,-805,0,0
109,32,75,-3950,1002,-812,0,0
-19,25,114,-4003,976,-852,0,0
-48,0,177,-3998,790,-860,0,0
-119,-10,123,-3934,748,-889,0,0
-213,-15,-21,-3808,1011,-850,0,0
-96,-56,-79,-3899,1190,-807,0,0
51,-66,-64,-4010,1174,-868,0,0
0,-38,-13,-4018,1173,-843,0,0
139,-63,37,-4032,1082,-843,0,0
361,-84,23,-4002,932,-839,0,0
365,-74,12,-3925,900,-777,0,0
290,-76,11,-3937,868,-781,0,0
203,-71,-10,-4004,878,-825,0,0
155,-51,-22,-3996,903,-836,0,0
118,-37,1,-4038,918,-815,0,0
83,-35,21,-4014,883,-819,0,0
41,-30,26,-3980,859,-815,0,0
-3,-21,13,-3958,898,-786,0,0
1,-24,-9,-3967,919,-793,0,0
-29,-26,-12,-4020,954,-800,0,0
-20,-28,-8,-4021,927,-842,0,0
-30,-22,-8,-3996,922,-843,0,0
-18,-17,-5,-3963,940,-817,0,0
-2,-14,2,-3963,932,-807,0,0
-10,-12,0,-3948,943,-811,0,0
-5,-6,-1,-3933,936,-798,0,0
-12,0,7,-3950,920,-779,0,0
-26,-3,13,-3946,898,-803,0,0
-80,5,26,-3965,873,-795,0,0
-113,13,16,-3962,916,-808,0,0
-110,19,4,-3972,936,-794,0,0
-138,29,19,-4015,966,-807,0,0
-146,31,31,-4053,962,-819,0,0
-132,28,15,-4022,999,-814,0,0
-45,16,-1,-3971,1021,-805,0,0
50,5,9,-3962,977,-787,0,0
51,1,20,-3961,904,-778,0,0
-21,11,9,-3968,913,-768,0,0
-66,17,-6,-4030,947,-783,0,0
-41,10,-4,-3999,904,-807,0,0
-65,26,4,-3990,904,-768,0,0
-88,34,-1,-4002,914,-759,0,0
-140,38,-2,-3989,905,-775,0,0
-171,46,0,-3970,923,-787,0,0
-176,42,-14,-3987,949,-785,0,0
-177,39,-22,-4002,1017,-775,0,0
-120,28,-29,-3989,1033,-765,0,0
-62,13,-17,-3967,974,-769,0,0
-61,5,-11,-4007,975,-768,0,0
-46,-7,-15,-4009,994,-758,0,0
-33,-23,-11,-3905,983,-755,0,0
-35,-35,4,-3909,987,-789,0,0
-49,-27,17,-3985,1013,-770,0,0
-37,-22,18,-3979,1016,-784,0,0
-74,-19,19,-3993,1042,-777,0,0
-25,-31,26,-3993,1061,-780,0,0
82,-45,15,-3968,1058,-764,0,0
183,-61,0,-3947,1023,-727,0,0
228,-68,1,-3985,936,-728,0,0
169,-54,2,-4025,898,-756,0,0
74,-35,-7,-4020,911,-759,0,0
11,-17,-6,-4016,960,-730,0,0
4,-14,8,-3987,953,-753,0,0
-12,-5,14,-3973,940,-761,0,0
-14,6,-2,-3944,973,-739,0,0
-1,4,-4,-3981,980,-721,0,0
-8,3,6,-3996,936,-749,0,0
-46,11,1,-3952,906,-762,0,0
-102,20,-9,-3948,937,-754,0,0
-107,20,-7,-3948,965,-764,0,0
-112,27,9,-3982,955,-725,0,0
-141,25,-10,-4055,985,-777,0,0
-107,21,-49,-4020,1045,-789,0,0
-11,21,-51,-4052,1054,-764,0,0
71,3,-40,-3980,930,-773,0,0
28,2,-29,-4022,859,-704,0,0
29,7,-69,-4049,855,-745,0,0
-7,19,-74,-3972,827,-691,0,0
-49,18,-36,-3952,751,-691,0,0
-144,26,-55,-4034,762,-738,0,0
-298,50,-75,-4024,914,-726,0,0
-292,43,-33,-3987,957,-745,0,0
-222,22,-6,-4001,977,-767,0,0
-116,17,7,-4017,971,-737,0,0
-66,18,49,-4022,889,-721,0,0
-103,9,42,-3997,855,-751,0,0
-117,3,9,-4004,921,-769,0,0
-50,3,0,-4038,999,-728,0,0
58,-19,11,-4017,931,-714,0,0
21,-18,9,-3997,927,-739,0,0
19,-17,0,-4026,946,-791,0,0
30,-16,17,-3996,957,-794,0,0
36,-12,40,-3921,957,-777,0,0
54,-1,53,-3990,947,-734,0,0
60,10,68,-3996,904,-693,0,0
32,7,46,-3974,850,-737,0,0
-34,0,-3,-4030,933,-742,0,0
21,-19,-11,-4013,989,-738,0,0
60,-30,4,-4000,951,-736,0,0
25,-20,0,-3986,969,-692,0,0
-6,-22,3,-4014,967,-695,0,0
-6,-34,8,-3988,945,-748,0,0
33,-40,1,-3988,919,-737,0,0
44,-39,-15,-3991,945,-697,0,0
45,-42,-25,-3991,950,-686,0,0
35,-39,-21,-4028,941,-718,0,0
25,-34,-19,-4016,924,-738,0,0
20,-26,-15,-4015,935,-711,0,0
41,-32,-10,-4013,922,-714,0,0
59,-36,-4,-3970,897,-722,0,0
57,-28,0,-3986,890,-679,0,0
68,-15,-10,-4012,886,-666,0,0
27,-11,-4,-4033,893,-672,0,0
6,-5,8,-4024,878,-697,0,0
-20,4,1,-4049,904,-700,0,0
-3,1,-8,-4047,945,-733,0,0
90,-5,6,-4042,886,-698,0,0
58,2,30,-4015,832,-669,0,0
-30,-6,39,-3982,837,-678,0,0
-53,-11,14,-4021,912,-682,0,0
2,-19,-8,-4022,974,-655,0,0
53,-39,27,-4016,935,-609,0,0
53,-69,45,-4078,907,-646,0,0
104,-101,26,-4032,937,-682,0,0
196,-108,53,-3924,868,-636,0,0
191,-70,88,-3983,880,-591,0,0
146,-36,104,-4043,951,-490,0,0
157,-16,104,-4108,866,-530,0,0
68,28,54,-4203,823,-598,0,0
-81,63,-12,-4224,999,-602,0,0
-26,26,0,-4101,1138,-583,0,0
188,-33,67,-4007,1045,-625,0,0
271,-31,83,-4046,921,-695,0,0
146,33,80,-4080,936,-629,0,0
23,67,86,-4035,991,-542,0,0
-16,57,71,-4125,985,-504,0,0
-42,21,50,-4132,997,-505,0,0
45,-52,19,-3999,976,-583,0,0
128,-101,-20,-3989,974,-645,0,0
217,-114,-55,-3995,990,-703,0,0
290,-118,-41,-3904,953,-702,0,0
266,-119,20,-3839,883,-638,0,0
294,-117,41,-3882,817,-582,0,0
293,-117,7,-3960,804,-605,0,0
229,-103,-15,-3972,852,-667,0,0
187,-90,14,-3888,865,-664,0,0
249,-108,21,-3967,852,-744,0,0
297,-104,-12,-3925,877,-815,0,0
267,-55,-13,-3842,873,-752,0,0
224,-11,-6,-4093,864,-709,0,0
172,13,-23,-4045,852,-722,0,0
13,33,3,-4200,916,-723,0,0
-37,28,15,-4279,997,-641,0,0
84,-38,31,-4114,935,-671,0,0
230,-90,50,-3816,898,-879,0,0
285,-44,50,-3879,861,-987,0,0
161,31,35,-4033,814,-906,0,0
71,57,31,-4097,835,-783,0,0
108,13,26,-4057,872,-779,0,0
216,-43,5,-4058,925,-1099,0,0
271,14,-5,-4013,875,-1302,0,0
208,114,14,-4014,782,-1122,0,0
142,139,46,-3970,794,-931,0,0
64,121,122,-3872,847,-764,0,0
135,60,166,-3832,784,-717,0,0
236,-8,92,-3800,679,-790,0,0
177,-32,-33,-3939,701,-804,0,0
95,-57,-131,-4087,720,-861,0,0
54,-97,-169,-4061,721,-971,0,0
147,-135,-170,-4108,656,-1069,0,0
280,-135,-173,-4152,611,-1064,0,0
415,-120,-148,-4239,551,-947,0,0
472,-104,-135,-4282,460,-943,0,0
148,-21,-106,-4216,543,-832,0,0
-197,51,-14,-4048,637,-605,0,0
-375,66,85,-3801,713,-480,0,0
-411,47,145,-3782,791,-450,0,0
-386,20,148,-3902,808,-508,0,0
-476,-6,125,-4063,858,-550,0,0
-469,-39,96,-4144,911,-640,0,0
-255,-49,76,-4127,846,-833,0,0
-90,-4,55,-4231,686,-1065,0,0
-291,120,5,-4084,603,-1109,0,0
-753,208,-8,-3956,828,-778,0,0
-748,163,-4,-3959,965,-545,0,0
-523,78,-45,-3953,1035,-552,0,0
-333,0,-86,-4005,1070,-585,0,0
-143,-67,-104,-4048,1168,-702,0,0
137,-78,-120,-3819,1171,-748,0,0
308,-47,-158,-3738,1127,-707,0,0
347,-5,-205,-4073,1186,-680,0,0
383,38,-236,-4329,1187,-642,0,0
277,50,-145,-4129,1097,-683,0,0
138,40,130,-4016,1034,-671,0,0
378,11,362,-4013,799,-755,0,0
521,25,423,-4033,567,-841,0,0
175,63,393,-4031,566,-744,0,0
-56,32,341,-4016,737,-657,0,0
240,-51,210,-4006,662,-818,0,0
214,-33,16,-3994,695,-962,0,0
-233,51,-50,-3989,1029,-909,0,0
-188,81,30,-3963,1120,-718,0,0
112,86,102,-4006,943,-596,0,0
31,87,68,-4027,845,-614,0,0
-182,99,7,-3899,791,-637,0,0
-393,127,-27,-3623,841,-661,0,0
-384,113,-9,-3403,802,-666,0,0
-394,85,69,-3536,788,-687,0,0
-523,6,79,-4042,1028,-748,0,0
-272,-119,-20,-4356,1071,-962,0,0
-189,-233,-186,-4435,1144,-1331,0,0
-651,-178,-161,-4302,1538,-1466,0,0
-302,-52,-12,-3961,1596,-1111,0,0
902,13,55,-3762,1194,-962,0,0
1576,68,31,-3886,881,-760,0,0
1628,68,-11,-4081,705,-684,0,0
1408,38,-46,-4090,511,-672,0,0
984,-4,-58,-4050,404,-684,0,0
610,-44,-67,-4063,434,-779,0,0
398,-68,-89,-4172,413,-845,0,0
37,-74,-94,-4191,489,-996,0,0
-447,-38,-53,-4138,710,-1065,0,0
-639,-18,-2,-4019,895,-1033,0,0
-493,-25,-10,-3948,882,-1088,0,0
-411,-10,-60,-3862,941,-1082,0,0
-303,2,-86,-3811,993,-1011,0,0
-131,-7,-80,-3878,1032,-966,0,0
56,-28,-73,-4002,980,-1005,0,0
179,-28,-61,-4107,886,-1056,0,0
265,7,-3,-3960,742,-997,0,0
274,39,106,-3772,559,-798,0,0
196,15,125,-3844,515,-782,0,0
25,-12,47,-4004,701,-879,0,0
-69,-11,23,-4036,832,-944,0,0
-51,-6,98,-3918,750,-991,0,0
-40,24,129,-3894,654,-996,0,0
-73,61,50,-4016,701,-957,0,0
-131,60,-34,-4117,814,-989,0,0
-163,41,-18,-4216,897,-1020,0,0
-37,-22,76,-4087,885,-1094,0,0
259,-82,134,-3944,738,-1163,0,0
360,-59,88,-3934,747,-1128,0,0
282,11,43,-3952,851,-949,0,0
193,47,68,-3960,791,-758,0,0
111,23,75,-3989,679,-798,0,0
74,-4,34,-4020,612,-940,0,0
17,-8,-14,-4087,651,-1051,0,0
-67,5,-37,-4146,749,-1099,0,0
-38,8,-47,-4092,724,-1050,0,0
-25,-14,-62,-4003,718,-994,0,0
15,-53,-84,-3951,716,-976,0,0
67,-77,-116,-3900,711,-1012,0,0
93,-57,-136,-3974,716,-1021,0,0
51,-8,-130,-3970,712,-946,0,0
-6,13,-79,-3973,678,-908,0,0
-68,16,-25,-4075,644,-908,0,0
-164,7,-15,-4100,703,-983,0,0
-277,2,-21,-4003,775,-1062,0,0
-330,12,-19,-3928,856,-1056,0,0
-186,17,-13,-3928,869,-1073,0,0
-33,20,-14,-3971,841,-1069,0,0
60,19,-10,-3984,748,-1031,0,0
59,21,-15,-4025,725,-982,0,0
64,8,5,-4039,727,-959,0,0
103,-4,27,-3999,647,-976,0,0
45,10,34,-3935,645,-971,0,0
-44,38,49,-3960,679,-893,0,0
-46,35,52,-3992,651,-900,0,0
-86,32,37,-4041,658,-962,0,0
-113,34,28,-4024,652,-993,0,0
-116,29,27,-3980,633,-1022,0,0
-132,39,24,-3932,645,-1027,0,0
-168,72,26,-3915,676,-968,0,0
-198,92,13,-3998,728,-906,0,0
-285,98,-6,-4075,816,-860,0,0
-379,72,22,-4069,851,-924,0,0
-356,29,47,-4055,836,-1113,0,0
-297,13,47,-3969,870,-1219,0,0
-223,10,54,-3905,918,-1197,0,0
-68,3,42,-3880,954,-1081,0,0
108,-11,-5,-3925,947,-1053,0,0
167,-3,-25,-3999,915,-1038,0,0
231,-3,-8,-4030,776,-1003,0,0
221,-6,1,-4035,632,-1001,0,0
117,-8,3,-4014,627,-960,0,0
46,-20,5,-4009,648,-940,0,0
-14,-33,-3,-3975,677,-939,0,0
-61,-38,-13,-3953,698,-975,0,0
-102,-30,-25,-3971,745,-1017,0,0
-121,-18,-20,-3975,798,-1016,0,0
-83,-13,-4,-3959,768,-997,0,0
-70,-7,-10,-3983,755,-1020,0,0
-112,15,-12,-3995,818,-973,0,0
-104,9,2,-3931,801,-950,0,0
-69,-1,-1,-3999,793,-1005,0,0
-53,0,-4,-4057,844,-1025,0,0
-20,-11,10,-4006,831,-998,0,0
37,-30,6,-3972,816,-970,0,0
74,-42,-25,-4002,865,-997,0,0
101,-30,-23,-4065,851,-1054,0,0
120,-7,-1,-4017,769,-996,0,0
108,4,14,-3940,691,-878,0,0
101,-13,11,-3994,637,-815,0,0
64,-29,-16,-4041,632,-852,0,0
-36,-44,-32,-4005,701,-926,0,0
-84,-38,-23,-3985,795,-978,0,0
-46,-31,-3,-4021,832,-980,0,0
-17,-28,11,-4007,802,-964,0,0
-11,-22,14,-3966,748,-926,0,0
-5,-18,7,-3987,721,-885,0,0
-16,-18,4,-3988,693,-890,0,0
-63,-3,4,-3998,661,-881,0,0
-154,11,-2,-3937,702,-839,0,0
-196,16,1,-3923,763,-880,0,0
-218,45,15,-4056,792,-857,0,0
-264,56,12,-4150,791,-816,0,0
-351,35,10,-4040,803,-821,0,0
-369,-5,19,-3970,831,-903,0,0
-289,-37,5,-3986,882,-1056,0,0
-219,-23,-26,-3986,964,-1108,0,0
-159,14,-41,-3950,987,-987,0,0
-70,19,-34,-3976,1015,-860,0,0
31,-7,-24,-3935,940,-896,0,0
77,-9,-20,-3967,845,-941,0,0
65,11,-28,-4031,868,-908,0,0
45,11,-5,-3990,864,-859,0,0
64,-12,34,-3960,777,-854,0,0
49,-11,38,-3989,749,-882,0,0
22,-18,26,-3976,819,-884,0,0
68,-28,14,-3993,878,-927,0,0
108,-19,14,-4014,875,-921,0,0
131,-11,28,-4003,781,-876,0,0
117,-1,24,-4050,725,-845,0,0
72,-8,15,-4015,715,-804,0,0
84,-33,16,-3960,667,-873,0,0
52,-16,10,-4073,698,-916,0,0
-41,11,5,-4111,818,-875,0,0
-56,5,22,-4030,853,-847,0,0
-1,-13,16,-4009,806,-889,0,0
28,-24,-23,-4045,827,-946,0,0
54,-27,-47,-4025,873,-958,0,0
106,-26,-38,-4017,848,-933,0,0
143,-25,-25,-4004,795,-886,0,0
157,-30,-21,-3984,741,-867,0,0
146,-32,-21,-4010,717,-845,0,0
127,-39,-24,-4029,730,-844,0,0
115,-44,-19,-4035,738,-880,0,0
94,-25,-13,-4023,711,-897,0,0
25,1,7,-3970,729,-848,0,0
18,7,28,-3969,670,-822,0,0
-31,17,36,-3953,612,-816,0,0
-109,20,39,-3946,606,-767,0,0
-132,2,17,-3991,668,-799,0,0
-164,-6,0,-4043,775,-822,0,0
-162,-19,-13,-3969,838,-860,0,0
-162,-16,-41,-4018,915,-877,0,0
-114,-22,-50,-4116,989,-907,0,0
-5,-32,-21,-4028,946,-973,0,0
103,-29,26,-3999,820,-973,0,0
157,-24,24,-4081,757,-925,0,0
152,-19,15,-4023,751,-845,0,0
170,-22,26,-4017,685,-810,0,0
149,-30,18,-4065,629,-814,0,0
50,-21,5,-4089,665,-827,0,0
2,-33,-6,-4093,782,-930,0,0
24,-35,8,-4000,835,-963,0,0
136,-45,31,-3932,762,-933,0,0
227,-55,9,-3981,712,-852,0,0
270,-66,-21,-4097,720,-804,0,0
289,-88,-31,-4022,635,-820,0,0
275,-98,-23,-4016,600,-843,0,0
232,-87,-36,-4025,651,-847,0,0
195,-68,-43,-3991,691,-817,0,0
189,-52,-30,-4009,674,-787,0,0
155,-41,-20,-4106,642,-805,0,0
104,-27,-10,-4127,603,-798,0,0
85,-20,12,-4117,535,-802,0,0
78,-13,39,-4078,475,-792,0,0
38,-6,44,-4042,484,-799,0,0
-44,3,18,-4090,600,-841,0,0
-74,16,12,-4115,671,-836,0,0
-24,13,28,-4074,591,-847,0,0
-8,16,20,-4168,479,-841,0,0
-70,23,-9,-4127,419,-748,0,0
-162,15,-22,-4005,390,-682,0,0
-271,-4,-45,-4082,516,-735,0,0
-379,-19,-104,-4172,783,-827,0,0
-428,-15,-151,-4094,1053,-929,0,0
-315,21,-71,-3974,1041,-943,0,0
-43,38,62,-3899,679,-867,0,0
74,33,95,-3897,408,-793,0,0
-54,24,65,-4017,551,-739,0,0
-76,-20,48,-4076,763,-758,0,0
67,-50,50,-4119,808,-826,0,0
157,-44,46,-4109,818,-891,0,0
236,-21,63,-4085,739,-898,0,0
349,-4,75,-4085,573,-814,0,0
375,5,49,-4144,486,-769,0,0
287,23,22,-4176,491,-771,0,0
160,40,31,-4114,475,-757,0,0
15,51,42,-4081,461,-745,0,0
-96,39,16,-4096,531,-767,0,0
-146,20,-9,-4078,623,-827,0,0
-147,6,-12,-4082,674,-886,0,0
-104,-5,-7,-4091,679,-930,0,0
-49,-11,-9,-4092,665,-936,0,0
-8,-17,-3,-4028,687,-893,0,0
70,-34,9,-3980,699,-856,0,0
141,-45,-10,-4019,726,-833,0,0
154,-52,-44,-4144,805,-858,0,0
162,-45,-50,-4141,825,-915,0,0
207,-10,-7,-4023,736,-885,0,0
296,16,38,-3989,592,-843,0,0
288,30,47,-4068,493,-802,0,0
177,16,31,-4107,502,-762,0,0
169,-39,15,-4070,499,-820,0,0
251,-55,7,-3923,432,-871,0,0
211,-11,0,-3955,397,-821,0,0
72,27,-9,-4092,436,-750,0,0
-79,27,-6,-4115,456,-695,0,0
-170,-7,-16,-4152,500,-852,0,0
-223,-7,-27,-4095,557,-980,0,0
-258,15,-22,-3992,634,-977,0,0
-191,32,-6,-4029,729,-920,0,0
-78,36,27,-4023,670,-824,0,0
-49,25,41,-3977,547,-830,0,0
-88,24,7,-4043,567,-898,0,0
-117,33,1,-4024,613,-938,0,0
-107,53,31,-4004,583,-853,0,0
-115,54,34,-4086,602,-826,0,0
-143,44,28,-4135,644,-851,0,0
-127,27,25,-4139,616,-856,0,0
-119,-7,5,-4178,615,-918,0,0
-130,-33,-30,-4083,660,-943,0,0
-90,-51,-28,-3969,705,-939,0,0
34,-64,-12,-3942,691,-988,0,0
90,-26,-17,-3985,650,-977,0,0
24,26,-11,-4082,646,-839,0,0
0,31,-4,-4083,590,-774,0,0
-1,17,-5,-4062,514,-825,0,0
-63,15,-15,-4095,535,-876,0,0
-97,3,-11,-4074,602,-941,0,0
-106,7,-11,-4049,644,-923,0,0
-114,20,7,-4021,656,-877,0,0
-101,35,23,-4016,608,-825,0,0
-129,44,15,-4049,609,-794,0,0
-176,42,4,-4040,655,-796,0,0
-173,28,15,-4030,654,-826,0,0
-143,20,22,-4035,644,-886,0,0
-154,21,10,-4026,683,-895,0,0
-132,18,4,-4080,724,-914,0,0
-96,26,8,-4058,722,-888,0,0
-58,17,19,-3942,707,-842,0,0
8,-5,2,-4001,687,-835,0,0
51,-27,-41,-4094,741,-871,0,0
65,-44,-46,-4086,769,-884,0,0
136,-57,-28,-4079,671,-904,0,0
174,-55,-24,-4075,613,-914,0,0
174,-48,-26,-4066,642,-915,0,0
197,-41,-15,-4052,647,-884,0,0
223,-42,-1,-4021,609,-772,0,0
282,-78,-14,-4049,590,-810,0,0
305,-84,-33,-4102,576,-852,0,0
261,-70,-24,-4071,586,-885,0,0
215,-50,-5,-4077,558,-909,0,0
169,-23,-1,-4122,550,-877,0,0
148,-12,16,-4088,538,-857,0,0
147,-7,48,-4020,491,-852,0,0
124,7,57,-4043,469,-857,0,0
60,30,47,-4045,490,-825,0,0
-4,38,44,-4054,512,-798,0,0
-34,27,42,-4074,527,-804,0,0
-43,15,43,-4032,501,-884,0,0
-56,29,36,-4055,504,-935,0,0
-73,47,21,-4019,536,-929,0,0
-68,63,28,-4026,537,-853,0,0
-51,67,27,-4042,494,-852,0,0
-129,84,17,-4040,502,-869,0,0
-219,109,5,-4084,550,-908,0,0
-313,136,16,-4099,586,-869,0,0
-382,120,47,-4095,612,-840,0,0
-383,73,40,-4053,659,-913,0,0
-400,47,13,-4044,738,-987,0,0
-342,28,-5,-4002,787,-1047,0,0
-228,25,-3,-3938,743,-1073,0,0
-202,50,17,-3965,720,-1030,0,0
-183,57,21,-4021,746,-954,0,0
-175,37,13,-4042,797,-911,0,0
-133,-3,7,-4052,817,-952,0,0
-36,-37,3,-4020,819,-1047,0,0
65,-34,-2,-3987,821,-1075,0,0
134,-3,12,-3976,756,-998,0,0
137,16,33,-3957,629,-841,0,0
94,7,25,-3994,551,-790,0,0
-2,-9,-6,-4048,591,-832,0,0
-80,-20,-15,-4071,699,-948,0,0
-120,-12,-5,-4095,793,-1030,0,0
-99,-10,1,-3970,861,-1019,0,0
7,-5,13,-3960,878,-991,0,0
128,7,33,-4013,782,-936,0,0
141,12,54,-4005,629,-849,0,0
49,2,43,-3987,590,-819,0,0
-16,-17,13,-4042,690,-865,0,0
-7,-36,0,-4055,741,-963,0,0
23,-42,-1,-4030,738,-1006,0,0
58,-43,-15,-4035,763,-969,0,0
96,-52,-26,-3999,792,-945,0,0
150,-56,-24,-4033,765,-954,0,0
164,-52,-22,-4020,756,-917,0,0
164,-50,-2,-4004,733,-879,0,0
181,-51,22,-4035,672,-867,0,0
159,-57,29,-4060,640,-916,0,0
114,-48,26,-4054,656,-917,0,0
105,-45,23,-4031,670,-904,0,0
113,-54,20,-4008,676,-902,0,0
147,-65,16,-3975,684,-922,0,0
181,-54,11,-4008,698,-925,0,0
179,-30,18,-4019,695,-909,0,0
193,-12,37,-4020,639,-861,0,0
166,14,43,-3974,562,-787,0,0
109,1,30,-3941,579,-784,0,0
77,-9,18,-4016,665,-844,0,0
62,10,23,-4087,684,-911,0,0
-5,38,36,-4111,619,-892,0,0
-98,60,33,-4080,553,-867,0,0
-173,69,21,-4077,539,-834,0,0
-214,54,0,-4068,554,-847,0,0
-296,47,-12,-4009,586,-847,0,0
-382,28,-17,-3980,613,-825,0,0
-406,-13,-45,-3991,634,-871,0,0
-412,-31,-101,-4108,693,-913,0,0
-368,-33,-152,-4120,824,-917,0,0
-353,-35,-146,-4056,818,-912,0,0
-321,-27,-101,-4032,867,-918,0,0
-105,-22,-58,-4036,809,-954,0,0
-27,-6,-34,-4088,746,-915,0,0
-36,7,-31,-4066,738,-844,0,0
13,-5,-8,-4010,681,-869,0,0
57,-13,6,-4022,611,-881,0,0
109,-30,1,-4070,579,-853,0,0
138,-48,-32,-4074,586,-849,0,0
94,-37,-35,-4090,645,-823,0,0
91,-32,-6,-4071,679,-811,0,0
112,-35,10,-4031,618,-837,0,0
104,-26,2,-4049,604,-828,0,0
104,-23,-1,-4079,572,-835,0,0
77,-12,0,-4099,560,-837,0,0
57,0,5,-4086,555,-830,0,0
42,11,9,-4081,538,-806,0,0
4,15,12,-4078,551,-758,0,0
-2,-9,1,-4087,585,-738,0,0
24,-37,-20,-4044,615,-814,0,0
35,-23,-13,-4093,595,-903,0,0
-8,27,13,-4102,560,-869,0,0
-71,58,26,-4132,580,-799,0,0
-117,61,23,-4104,614,-794,0,0
-113,65,37,-4064,606,-820,0,0
-92,64,51,-4049,522,-843,0,0
-156,52,27,-4008,553,-849,0,0
-162,23,-6,-3996,701,-850,0,0
-24,-22,-22,-4006,796,-925,0,0
116,-43,-17,-4011,839,-956,0,0
232,-40,5,-4029,807,-897,0,0
304,-26,40,-4043,709,-831,0,0
306,-14,65,-4081,596,-799,0,0
250,-17,69,-4089,549,-827,0,0
213,-26,75,-4116,503,-839,0,0
186,-28,71,-4103,491,-862,0,0
148,-35,44,-4062,536,-891,0,0
118,-26,23,-4025,610,-877,0,0
125,-13,22,-4020,610,-876,0,0
91,12,27,-4010,595,-850,0,0
55,31,31,-4039,564,-802,0,0
5,26,29,-4095,542,-785,0,0
-52,6,27,-4045,546,-890,0,0
-107,23,38,-3938,533,-962,0,0
-160,62,41,-3932,569,-931,0,0
-209,97,29,-4024,633,-822,0,0
-247,93,9,-4126,655,-795,0,0
-375,78,-6,-4204,641,-870,0,0
-566,75,-8,-4138,696,-898,0,0
-544,51,0,-4039,764,-925,0,0
-360,15,14,-3975,776,-973,0,0
-189,-7,4,-3956,773,-1021,0,0
-141,-1,-30,-4010,860,-978,0,0
-60,-1,-45,-4003,908,-914,0,0
33,-7,-24,-3957,828,-900,0,0
67,6,-14,-3992,739,-879,0,0
48,15,-23,-4015,722,-875,0,0
12,23,-13,-4021,702,-841,0,0
2,15,-1,-4047,658,-861,0,0
-38,7,2,-4050,690,-912,0,0
-49,6,10,-4024,739,-927,0,0
-17,4,12,-4026,755,-931,0,0
13,1,7,-3994,744,-893,0,0
50,-7,6,-3991,707,-857,0,0
58,-13,-3,-4047,701,-853,0,0
48,-20,-5,-4022,680,-874,0,0
18,-16,6,-4034,655,-881,0,0
-10,-11,7,-4024,701,-889,0,0
-5,-7,8,-4014,720,-874,0,0
26,-11,5,-4041,696,-872,0,0
31,-25,-4,-4095,692,-904,0,0
42,-25,-14,-4046,679,-906,0,0
84,-39,-22,-3986,649,-902,0,0
122,-47,-29,-4024,667,-914,0,0
141,-43,-31,-4074,705,-927,0,0
140,-32,-7,-4084,720,-888,0,0
153,-33,18,-4030,671,-854,0,0
161,-37,28,-4048,625,-890,0,0
146,-29,31,-4043,628,-902,0,0
133,-32,44,-4042,643,-891,0,0
145,-33,44,-4068,636,-865,0,0
166,-39,30,-4062,619,-876,0,0
156,-35,25,-4061,611,-883,0,0
131,-26,28,-4045,612,-863,0,0
106,-21,29,-4043,613,-864,0,0
82,-15,24,-4063,617,-861,0,0
53,-10,20,-4079,639,-865,0,0
22,-12,19,-4062,656,-857,0,0
32,-21,11,-4063,665,-892,0,0
51,-12,-4,-4091,658,-910,0,0
42,3,-12,-4036,700,-926,0,0
52,17,3,-4004,696,-906,0,0
64,29,28,-3993,653,-885,0,0
56,28,43,-3970,610,-845,0,0
32,18,37,-4001,603,-837,0,0
13,10,24,-4031,600,-847,0,0
-9,2,23,-4015,593,-875,0,0
-35,0,14,-4010,601,-918,0,0
-61,3,8,-4052,668,-876,0,0
-5,-17,11,-4068,696,-919,0,0
38,-15,23,-4025,619,-949,0,0
-38,7,21,-4000,641,-913,0,0
-76,19,11,-4028,705,-873,0,0
-66,18,14,-4040,699,-855,0,0
-71,12,18,-4062,645,-921,0,0
-90,16,11,-4071,654,-948,0,0
-74,16,6,-4031,671,-962,0,0
-60,20,4,-4001,676,-940,0,0
-47,20,-2,-4007,696,-923,0,0
-33,17,-5,-4058,728,-910,0,0
-11,7,-1,-4043,723,-917,0,0
22,-4,5,-3998,664,-949,0,0
38,0,-26,-4048,681,-951,0,0
45,7,-41,-4027,707,-947,0,0
62,13,-36,-4029,638,-910,0,0
80,3,-32,-4037,548,-925,0,0
32,7,-33,-4068,541,-910,0,0
-11,6,-37,-4063,553,-877,0,0
-47,6,-30,-4044,555,-834,0,0
-69,-4,-28,-4025,574,-843,0,0
-103,-10,-31,-4019,617,-922,0,0
-119,-6,-20,-4066,665,-943,0,0
-102,-12,-13,-4041,666,-947,0,0
-73,-17,-2,-4037,617,-943,0,0
-73,-14,-6,-4046,641,-928,0,0
-64,-11,-19,-4062,698,-929,0,0
-15,-14,-12,-4028,670,-886,0,0
42,-24,-13,-4024,589,-922,0,0
30,-13,-23,-4063,604,-936,0,0
22,-4,-12,-4048,601,-895,0,0
24,-11,3,-4043,568,-864,0,0
5,-2,1,-4043,564,-859,0,0
-24,-5,-1,-4052,592,-884,0,0
-17,-12,3,-4040,601,-922,0,0
20,-12,12,-4072,572,-973,0,0
14,5,7,-4091,602,-948,0,0
18,9,3,-4013,621,-885,0,0
57,3,5,-4035,587,-871,0,0
68,-3,-3,-4046,563,-893,0,0
44,-4,-7,-4080,562,-927,0,0
30,-2,-2,-4066,566,-924,0,0
22,-2,7,-4050,573,-935,0,0
36,-9,8,-4068,587,-939,0,0
52,-5,7,-4055,576,-931,0,0
51,-7,8,-4087,564,-905,0,0
70,-16,13,-4050,566,-903,0,0
101,-19,16,-4068,551,-955,0,0
60,0,17,-4072,567,-927,0,0
19,2,27,-4049,570,-904,0,0
28,-1,34,-4039,546,-886,0,0
33,-13,20,-4065,546,-931,0,0
23,-14,5,-4035,571,-917,0,0
49,-23,9,-3997,572,-881,0,0
98,-38,10,-4038,574,-928,0,0
105,-34,5,-4055,608,-956,0,0
84,-22,21,-4026,605,-913,0,0
67,-14,38,-4028,579,-841,0,0
52,-17,35,-4065,575,-864,0,0
14,-1,43,-4028,535,-852,0,0
-20,8,45,-4015,519,-850,0,0
-50,13,29,-4091,555,-840,0,0
-62,4,20,-4121,599,-880,0,0
-71,-4,26,-4094,609,-939,0,0
-67,0,31,-4074,595,-955,0,0
-40,8,26,-4047,584,-935,0,0
-37,14,12,-4018,598,-882,0,0
-50,13,-2,-4029,628,-856,0,0
-56,13,-1,-4058,627,-885,0,0
-84,19,8,-4030,588,-972,0,0
-151,62,13,-3997,557,-1035,0,0
-165,104,8,-4088,551,-850,0,0
-157,56,-5,-4086,576,-844,0,0
-154,15,-11,-4039,659,-932,0,0
-80,-7,-17,-4034,689,-1009,0,0
-19,-11,-22,-4047,670,-1034,0,0
-25,7,-23,-4038,696,-959,0,0
27,4,-9,-4026,639,-927,0,0
50,-1,0,-4026,551,-913,0,0
3,-10,-4,-4034,559,-879,0,0
-30,-11,2,-4068,609,-877,0,0
-34,-24,18,-4032,615,-934,0,0
-27,-26,32,-4000,587,-980,0,0
-39,-9,32,-4029,615,-980,0,0
-45,2,26,-4047,676,-934,0,0
-14,4,25,-4047,656,-899,0,0
13,-4,18,-4033,600,-916,0,0
-16,-6,7,-4014,600,-908,0,0
-43,-2,8,-4036,638,-876,0,0
-68,0,14,-4061,675,-843,0,0
-83,-3,21,-4050,666,-872,0,0
-100,-1,19,-4039,637,-915,0,0
-109,4,12,-4067,659,-914,0,0
-84,-2,4,-4047,676,-932,0,0
-47,-1,1,-4005,620,-916,0,0
-60,1,-13,-3975,645,-863,0,0
-48,-9,-27,-4048,722,-862,0,0
-19,-10,-28,-4110,732,-869,0,0
-12,-11,-13,-4080,680,-924,0,0
-20,-5,0,-4027,633,-929,0,0
-19,-3,1,-4020,673,-912,0,0
6,-9,7,-4015,715,-887,0,0
52,-18,8,-4008,699,-900,0,0
85,-28,3,-4033,688,-917,0,0
103,-19,6,-4066,677,-880,0,0
111,-24,15,-4058,641,-895,0,0
97,-15,16,-4071,621,-885,0,0
63,-12,13,-4029,635,-856,0,0
63,-16,19,-4041,640,-841,0,0
78,-24,15,-4063,623,-857,0,0
59,-29,8,-4053,618,-905,0,0
45,-21,2,-4035,629,-903,0,0
38,-12,5,-4051,646,-887,0,0
32,-8,16,-4056,649,-868,0,0
32,-10,22,-4041,628,-861,0,0
30,-11,19,-4052,620,-877,0,0
19,-10,16,-4058,625,-863,0,0
20,-14,21,-4031,592,-865,0,0
7,-15,13,-3990,591,-873,0,0
-13,-10,0,-4011,671,-902,0,0
-6,10,12,-4076,671,-852,0,0
-9,17,21,-4100,580,-838,0,0
-73,32,9,-4051,530,-820,0,0
-136,29,3,-4066,540,-815,0,0
-157,10,-6,-4032,585,-889,0,0
-189,12,-13,-4015,670,-921,0,0
-187,14,-11,-4015,728,-959,0,0
-182,34,-4,-4049,757,-930,0,0
-178,40,8,-4045,729,-899,0,0
-158,37,19,-4045,638,-920,0,0
-194,56,4,-4067,623,-930,0,0
-259,76,-8,-4099,673,-890,0,0
-257,69,0,-4083,647,-863,0,0
-268,60,-13,-4087,624,-924,0,0
-328,68,-32,-4089,701,-948,0,0
-335,68,-35,-4105,723,-966,0,0
-349,74,-35,-4049,739,-987,0,0
-338,76,-42,-3954,736,-990,0,0
-292,71,-60,-3951,740,-997,0,0
-234,66,-98,-4053,753,-1011,0,0
-177,52,-119,-3947,669,-991,0,0
-122,12,-133,-3963,599,-991,0,0
-74,-15,-200,-4021,642,-1069,0,0
-129,10,-233,-3945,685,-1016,0,0
-160,20,-165,-3924,716,-980,0,0
-76,21,-78,-4054,660,-971,0,0
-21,12,-23,-4167,593,-955,0,0
63,-34,5,-4049,518,-976,0,0
199,-73,5,-3976,448,-997,0,0
314,-90,-22,-4092,462,-946,0,0
375,-89,-38,-4174,480,-875,0,0
384,-91,-10,-4137,479,-800,0,0
413,-117,50,-3987,453,-703,0,0
466,-156,119,-3845,429,-655,0,0
359,-154,159,-3712,383,-640,0,0
34,-115,162,-3757,484,-586,0,0
-91,-96,135,-4044,624,-516,0,0
33,-112,75,-4214,580,-570,0,0
86,-118,-5,-4345,446,-686,0,0
-13,-110,-84,-4468,463,-743,0,0
-80,-111,-146,-4415,641,-685,0,0
-116,-121,-127,-4164,794,-649,0,0
-121,-99,-49,-3816,785,-609,0,0
-145,-50,10,-3765,801,-628,0,0
-151,25,-2,-3934,800,-649,0,0
-233,104,-19,-4054,826,-592,0,0
-338,145,38,-3964,856,-597,0,0
-417,172,167,-4022,887,-521,0,0
-462,160,265,-4199,808,-635,0,0
-498,109,281,-4210,680,-974,0,0
-293,68,217,-4287,735,-841,0,0
48,35,102,-4454,829,-706,0,0
140,14,71,-4170,794,-681,0,0
109,-25,146,-3785,642,-659,0,0
82,-38,193,-3841,499,-828,0,0
-73,35,120,-4073,594,-925,0,0
-213,120,48,-4204,736,-868,0,0
-266,162,65,-4115,802,-874,0,0
-184,163,108,-3995,751,-900,0,0
-145,168,132,-3970,726,-839,0,0
-132,151,106,-3975,788,-859,0,0
-23,113,24,-3948,789,-849,0,0
64,78,-45,-3960,764,-828,0,0
54,43,-77,-3989,840,-802,0,0
75,-1,-94,-4000,916,-771,0,0
104,-45,-91,-3992,952,-779,0,0
106,-73,-79,-4072,973,-792,0,0
87,-78,-71,-4057,951,-828,0,0
7,-49,-49,-4022,960,-852,0,0
-102,-19,-14,-3922,1013,-853,0,0
-71,-15,37,-3851,1046,-845,0,0
19,-13,86,-3859,1055,-823,0,0
84,-18,111,-3955,1067,-826,0,0
187,-35,131,-4108,1040,-816,0,0
398,-67,130,-4227,864,-834,0,0
496,-85,95,-4105,663,-802,0,0
393,-117,84,-3869,639,-693,0,0
322,-176,74,-3851,667,-721,0,0
181,-173,3,-4042,747,-828,0,0
-29,-99,-82,-4116,897,-930,0,0
-138,-15,-71,-4104,1043,-835,0,0
-17,1,13,-4015,996,-788,0,0
50,-14,71,-3954,885,-783,0,0
21,-11,67,-3952,863,-789,0,0
39,0,33,-3986,849,-786,0,0
17,5,1,-4021,864,-732,0,0
-17,-13,-21,-3995,888,-744,0,0
-6,-35,-21,-3972,892,-769,0,0
15,-41,-13,-3928,873,-791,0,0
-18,-27,2,-3914,859,-764,0,0
-89,-12,20,-3917,861,-765,0,0
-153,11,36,-3950,884,-811,0,0
-249,53,57,-4067,951,-800,0,0
-296,73,58,-4096,1012,-841,0,0
-226,68,63,-4073,1009,-780,0,0
-118,50,69,-4013,991,-791,0,0
-24,33,52,-3969,979,-780,0,0
-16,35,30,-3957,999,-764,0,0
-48,44,34,-3973,997,-787,0,0
-71,45,41,-3990,987,-808,0,0
-56,46,28,-3952,972,-842,0,0
-69,58,25,-3938,981,-803,0,0
-93,56,33,-3916,990,-802,0,0
-101,37,38,-3858,1000,-800,0,0
-61,11,15,-3985,1122,-815,0,0
130,-31,-19,-4083,1113,-862,0,0
292,-49,2,-3998,952,-855,0,0
298,-32,58,-3976,800,-842,0,0
178,-6,82,-3962,759,-814,0,0
40,23,44,-3886,739,-798,0,0
-145,36,-16,-3913,863,-862,0,0
-179,26,-66,-4021,1080,-866,0,0
-34,16,-50,-3989,1134,-890,0,0
70,5,32,-3990,1077,-830,0,0
123,-10,79,-3919,911,-836,0,0
57,-14,54,-3914,868,-851,0,0
-26,11,-1,-3937,960,-853,0,0
-24,13,-13,-3921,1026,-853,0,0
-15,11,23,-3863,1020,-852,0,0
-27,19,62,-3819,979,-834,0,0
-61,19,92,-3898,908,-790,0,0
-180,-5,65,-4106,924,-851,0,0
-265,-42,-39,-4100,1092,-849,0,0
-1,-81,-127,-4056,1156,-752,0,0
250,-83,-122,-4008,1024,-755,0,0
53,-63,-56,-3893,1011,-782,0,0
-202,-28,17,-3709,1069,-824,0,0
-239,20,75,-3734,1053,-835,0,0
-255,73,57,-3954,1075,-854,0,0
-267,123,5,-4368,1197,-1015,0,0
-70,135,-54,-4407,1185,-823,0,0
257,56,-34,-3870,936,-673,0,0
383,-107,114,-3506,789,-566,0,0
349,-245,156,-3654,891,-567,0,0
404,-274,39,-4054,849,-882,0,0
113,-120,-109,-4179,788,-1040,0,0
-280,34,-164,-4093,1074,-783,0,0
-176,46,-84,-4110,1155,-760,0,0
-200,28,51,-4011,1163,-780,0,0
-209,33,148,-3887,1088,-805,0,0
-96,55,155,-3879,942,-784,0,0
-97,57,98,-3958,934,-734,0,0
-97,36,37,-4040,963,-745,0,0
-88,15,-7,-4023,976,-821,0,0
-78,13,-26,-3952,1017,-817,0,0
-22,17,-32,-3927,1040,-782,0,0
14,20,-38,-3898,1033,-764,0,0
-35,37,-24,-3904,990,-778,0,0
-132,68,-6,-3951,974,-822,0,0
-174,102,-24,-4037,1043,-840,0,0
-164,135,-36,-4044,1106,-819,0,0
-118,149,-3,-4053,1098,-797,0,0
-47,142,5,-3917,1032,-810,0,0
-44,138,11,-3769,951,-771,0,0
-112,141,6,-3838,1013,-795,0,0
-175,135,-31,-3893,1085,-836,0,0
-259,128,-40,-3963,1196,-886,0,0
-185,103,-30,-4043,1276,-950,0,0
138,56,-8,-4128,1143,-968,0,0
312,23,-9,-4061,957,-897,0,0
252,-37,3,-3711,925,-795,0,0
203,-108,29,-3635,960,-772,0,0
134,-117,19,-3824,999,-970,0,0
-6,-38,-9,-4014,990,-1102,0,0
-77,29,-13,-4013,997,-1027,0,0
-59,25,8,-3975,1038,-899,0,0
-40,-20,26,-3929,1090,-858,0,0
66,-70,13,-3876,1056,-902,0,0
128,-82,-17,-3884,1005,-910,0,0
134,-93,-29,-3960,1006,-894,0,0
152,-111,-20,-3969,964,-937,0,0
137,-103,-15,-3953,910,-939,0,0
71,-74,-20,-3948,905,-892,0,0
-16,-54,-14,-3928,921,-857,0,0
-84,-44,0,-3916,917,-896,0,0
-149,-16,6,-3909,920,-902,0,0
-180,15,-5,-3971,943,-868,0,0
-208,38,-7,-4034,957,-859,0,0
-268,64,6,-4019,976,-877,0,0
-279,77,9,-3921,997,-881,0,0
-250,84,1,-3907,1035,-856,0,0
-195,87,-16,-3919,1028,-836,0,0
-193,89,7,-3964,979,-858,0,0
-236,95,8,-3940,968,-883,0,0
-277,112,-9,-3954,1011,-836,0,0
-254,106,-24,-3950,1046,-854,0,0
-180,80,-36,-3874,992,-855,0,0
-170,68,-65,-3892,1053,-833,0,0
-99,33,-110,-3908,1108,-830,0,0
-10,-26,-118,-3957,1120,-834,0,0
47,-95,-88,-3914,1115,-866,0,0
203,-131,-84,-3918,1148,-861,0,0
347,-114,-88,-3950,1100,-818,0,0
304,-101,-39,-3993,1013,-835,0,0
268,-111,10,-3973,926,-885,0,0
281,-95,15,-3952,886,-854,0,0
257,-76,17,-3984,892,-785,0,0
188,-76,33,-3954,860,-804,0,0
44,-59,57,-3942,911,-870,0,0
32,-46,76,-4003,1003,-846,0,0
174,-52,85,-4054,947,-813,0,0
217,-53,101,-4036,868,-806,0,0
213,-44,111,-4010,794,-804,0,0
148,-29,89,-4008,772,-793,0,0
61,-29,28,-3945,816,-811,0,0
-6,-35,-14,-3935,946,-824,0,0
15,-35,3,-4006,1040,-817,0,0
109,-33,49,-4039,969,-810,0,0
105,-22,69,-4010,843,-738,0,0
31,-35,43,-4010,816,-756,0,0
-25,-58,-10,-3975,800,-786,0,0
-131,-72,-76,-3905,989,-827,0,0
-60,-95,-98,-3885,1177,-840,0,0
136,-95,-33,-3894,1187,-805,0,0
248,-67,62,-4002,1057,-808,0,0
245,-34,107,-4081,910,-804,0,0
186,5,109,-4042,776,-795,0,0
16,49,103,-4037,717,-791,0,0
-186,68,80,-3976,777,-788,0,0
-267,41,24,-3918,916,-789,0,0
-239,-5,-61,-3953,1163,-757,0,0
36,-65,-114,-3894,1327,-768,0,0
354,-104,-69,-3941,1299,-756,0,0
573,-121,28,-4017,1165,-760,0,0
713,-116,90,-4045,895,-773,0,0
634,-87,116,-4063,717,-748,0,0
435,-65,119,-4078,638,-775,0,0
230,-48,84,-4042,630,-775,0,0
55,-30,38,-3978,722,-770,0,0
-22,-26,13,-3975,817,-773,0,0
-26,-24,2,-3982,858,-781,0,0
-43,-11,-4,-3990,874,-780,0,0
-97,0,-4,-4036,946,-767,0,0
-84,-4,9,-4038,931,-782,0,0
-106,0,21,-4018,925,-782,0,0
-132,-4,18,-3947,958,-767,0,0
-144,-13,35,-3952,1009,-736,0,0
-112,-23,58,-3929,977,-763,0,0
-83,-29,47,-3905,937,-788,0,0
-61,-27,11,-3926,964,-757,0,0
-33,-30,-5,-4000,989,-751,0,0
-34,-32,5,-4061,1002,-753,0,0
-34,-33,25,-4021,999,-752,0,0
-20,-38,40,-3994,987,-726,0,0
1,-48,34,-3998,1015,-715,0,0
58,-57,27,-4004,1029,-743,0,0
95,-40,40,-3981,994,-712,0,0
98,-30,47,-3985,941,-691,0,0
42,-28,38,-4003,948,-691,0,0
-3,-23,32,-3976,954,-692,0,0
-27,-29,18,-3946,992,-714,0,0
0,-36,-19,-3941,1056,-700,0,0
95,-45,-55,-4014,1102,-727,0,0
210,-45,-61,-4043,1052,-721,0,0
242,-29,-38,-3977,935,-697,0,0
205,-16,-26,-3957,864,-667,0,0
115,-1,-36,-3976,853,-650,0,0
0,13,-18,-3999,867,-680,0,0
-115,34,18,-4025,890,-676,0,0
-191,44,37,-4045,909,-711,0,0
-241,50,51,-4062,942,-740,0,0
-241,63,64,-4050,937,-740,0,0
-241,76,64,-4027,928,-687,0,0
-219,65,32,-3978,919,-719,0,0
-198,56,-6,-3992,903,-729,0,0
-198,47,-26,-3950,920,-752,0,0
-199,29,-61,-3891,1009,-750,0,0
-182,27,-89,-3979,1144,-696,0,0
-100,33,-79,-4022,1160,-726,0,0
-75,41,-29,-4030,1142,-741,0,0
33,33,14,-4024,1023,-736,0,0
103,20,9,-3947,881,-738,0,0
21,24,-4,-3931,887,-759,0,0
-18,45,-27,-4000,956,-772,0,0
24,64,-48,-4012,949,-769,0,0
72,69,-51,-4008,884,-758,0,0
93,62,-51,-4039,823,-754,0,0
53,50,-61,-3970,809,-755,0,0
-19,38,-44,-3927,799,-714,0,0
-93,11,-31,-3977,823,-727,0,0
-145,-25,-61,-3995,964,-791,0,0
-114,-39,-61,-4014,1123,-789,0,0
26,-45,6,-4004,1122,-765,0,0
127,-59,76,-3977,940,-750,0,0
62,-58,93,-3990,843,-719,0,0
-21,-59,67,-4007,833,-750,0,0
-79,-65,35,-4033,893,-776,0,0
-68,-73,16,-4006,1008,-778,0,0
64,-86,16,-3985,1030,-777,0,0
182,-95,19,-3985,961,-772,0,0
179,-81,17,-3965,927,-765,0,0
162,-65,20,-4019,934,-740,0,0
158,-58,19,-4043,931,-761,0,0
134,-42,32,-4021,930,-744,0,0
138,-27,46,-3952,910,-729,0,0
140,-27,53,-3958,887,-685,0,0
78,-7,63,-3988,867,-645,0,0
5,-7,52,-3972,861,-711,0,0
-46,0,28,-3969,924,-706,0,0
-34,4,26,-4035,978,-715,0,0
-48,2,39,-4125,1001,-739,0,0
-55,15,55,-4091,976,-695,0,0
-69,20,68,-3956,890,-685,0,0
-151,30,74,-3924,920,-659,0,0
-152,41,54,-3934,946,-668,0,0
-165,56,24,-3996,945,-653,0,0
-210,69,10,-4025,973,-647,0,0
-222,55,-6,-4009,961,-726,0,0
-218,38,-33,-3991,1021,-730,0,0
-103,18,-49,-3958,1066,-700,0,0
-12,0,-49,-3967,1053,-669,0,0
-20,0,-37,-3995,1055,-693,0,0
-29,1,-24,-3943,1035,-726,0,0
-9,-4,-11,-3944,1025,-705,0,0
24,-15,-7,-3935,1043,-663,0,0
66,-34,-14,-3999,1060,-640,0,0
110,-55,-24,-4007,1029,-669,0,0
126,-66,-10,-4009,978,-700,0,0
133,-58,-7,-4031,949,-685,0,0
113,-50,-5,-4014,907,-655,0,0
56,-47,10,-4024,879,-667,0,0
15,-39,11,-4035,880,-681,0,0
-28,-26,3,-3988,908,-673,0,0
-24,-24,-4,-3956,948,-671,0,0
9,-19,-21,-4023,983,-662,0,0
16,-9,-18,-4075,998,-671,0,0
30,-3,15,-4040,912,-687,0,0
-25,20,30,-4030,845,-652,0,0
-132,37,7,-3985,868,-650,0,0
-235,51,-2,-4017,945,-659,0,0
-283,78,11,-4025,1000,-665,0,0
-263,83,28,-4024,1003,-668,0,0
-212,78,25,-4048,1019,-664,0,0
-129,66,3,-3999,993,-680,0,0
-80,51,-10,-3956,975,-660,0,0
-35,32,-41,-3939,996,-662,0,0
29,6,-76,-3954,1075,-700,0,0
94,-9,-63,-4008,1114,-711,0,0
168,-18,-9,-3991,1042,-710,0,0
180,-28,11,-3977,988,-705,0,0
189,-35,-2,-3982,1009,-695,0,0
223,-41,9,-3953,980,-710,0,0
208,-34,33,-3922,939,-698,0,0
194,-30,41,-3963,890,-677,0,0
130,-23,29,-4041,914,-689,0,0
97,-21,30,-4036,916,-722,0,0
81,-17,42,-3985,893,-728,0,0
65,-13,46,-3961,899,-698,0,0
53,-15,39,-3999,910,-701,0,0
25,-6,29,-4002,915,-722,0,0
-24,15,42,-4008,911,-731,0,0
-96,42,65,-4044,905,-732,0,0
-178,68,79,-4068,895,-731,0,0
-262,83,89,-4006,875,-746,0,0
-322,99,71,-3986,927,-721,0,0
-314,102,24,-3992,1000,-728,0,0
-278,94,-3,-3953,1068,-746,0,0
-206,89,0,-3933,1062,-757,0,0
-164,87,7,-3971,1069,-761,0,0
-150,95,-4,-3924,1061,-756,0,0
-157,99,-14,-3924,1124,-758,0,0
-89,85,-28,-3955,1170,-763,0,0
21,55,-8,-3980,1116,-761,0,0
94,17,22,-3991,1018,-754,0,0
84,-10,14,-3947,958,-777,0,0
23,-16,-16,-3898,971,-785,0,0
-40,-10,-31,-3930,1093,-785,0,0
29,-14,-17,-3956,1099,-790,0,0
77,-9,22,-3964,1008,-790,0,0
62,1,32,-3973,935,-803,0,0
-6,14,7,-3985,949,-807,0,0
-62,24,-17,-3954,1026,-799,0,0
-59,22,-28,-3924,1088,-800,0,0
-63,25,-14,-3948,1135,-805,0,0
-20,24,35,-3978,1093,-808,0,0
6,22,43,-3970,1040,-805,0,0
3,13,26,-3936,1054,-797,0,0
33,-6,21,-3919,1059,-802,0,0
45,-11,27,-3905,1064,-791,0,0
68,-28,27,-3910,1024,-785,0,0
53,-29,25,-3938,1002,-784,0,0
14,-24,24,-3949,982,-808,0,0
-44,-20,20,-3953,1028,-805,0,0
-76,-14,8,-3943,1129,-800,0,0
-42,-13,8,-3962,1206,-803,0,0
65,-21,29,-3961,1132,-810,0,0
115,-25,35,-3946,987,-814,0,0
61,-18,20,-3963,969,-793,0,0
9,-15,0,-3938,1005,-782,0,0
-27,-22,-17,-3890,1056,-815,0,0
-31,-17,-32,-3872,1149,-803,0,0
57,-29,-25,-3899,1155,-779,0,0
125,-32,2,-3955,1047,-785,0,0
129,-31,-4,-3983,937,-821,0,0
83,-24,-37,-3964,950,-795,0,0
39,-20,-39,-3950,1005,-762,0,0
31,-23,-26,-3947,1005,-779,0,0
19,-12,-29,-3927,984,-793,0,0
-26,8,-20,-3941,986,-783,0,0
-98,23,-1,-4025,1020,-779,0,0
-160,37,9,-4011,1061,-810,0,0
-196,58,35,-3995,1105,-807,0,0
-157,70,65,-3946,1111,-772,0,0
-99,57,67,-3931,1089,-778,0,0
-67,45,59,-3920,1102,-792,0,0
-1,37,65,-3911,1044,-797,0,0
35,27,59,-3921,966,-805,0,0
-9,30,16,-3924,988,-797,0,0
-16,24,-14,-3960,1040,-807,0,0
37,4,-25,-3993,1048,-832,0,0
73,-10,-34,-3958,1034,-831,0,0
86,-10,-39,-3956,1008,-802,0,0
45,-9,-40,-3929,1002,-816,0,0
-19,1,-28,-3946,1008,-840,0,0
-38,13,-22,-3948,1030,-841,0,0
-9,7,-22,-3937,1011,-834,0,0
-24,5,-22,-3941,1049,-823,0,0
-10,-2,-18,-3926,1040,-818,0,0
-46,-5,-9,-3915,1044,-829,0,0
-77,-9,1,-3929,1113,-817,0,0
8,-27,10,-3978,1103,-802,0,0
107,-45,13,-3981,1003,-814,0,0
99,-44,7,-3969,933,-815,0,0
24,-29,1,-3992,946,-785,0,0
-26,-21,-12,-3917,974,-821,0,0
-50,-8,-6,-3909,1031,-833,0,0
-24,0,8,-3977,1023,-815,0,0
-35,1,19,-3992,983,-813,0,0
-72,2,12,-3960,1006,-846,0,0
-29,-7,-6,-3966,1064,-819,0,0
36,-18,-11,-3960,1061,-780,0,0
58,-29,-11,-3970,1020,-789,0,0
30,-28,-11,-3980,984,-817,0,0
-1,-17,21,-3958,963,-839,0,0
-14,10,36,-3897,1141,-802,0,0
10,-7,39,-3900,1110,-775,0,0
23,-15,40,-3886,1070,-794,0,0
48,-18,25,-3879,1013,-765,0,0
53,-14,17,-3935,942,-764,0,0
-17,-3,12,-4001,928,-779,0,0
-63,7,9,-3981,915,-821,0,0
-71,22,9,-3961,964,-814,0,0
-66,32,-5,-3973,1055,-763,0,0
-48,23,-5,-3998,1011,-781,0,0
-90,26,-4,-3967,976,-810,0,0
-140,37,-15,-3967,971,-790,0,0
-224,55,-6,-3940,983,-786,0,0
-311,69,-1,-3965,1032,-782,0,0
-314,57,-5,-3933,1102,-854,0,0
-209,48,-1,-3927,1178,-846,0,0
-26,33,4,-3950,1143,-753,0,0
65,8,9,-3994,1028,-768,0,0
54,5,-2,-3965,958,-820,0,0
-29,19,-21,-3943,986,-842,0,0
-77,28,-31,-3926,1109,-807,0,0
-14,21,-23,-3928,1122,-796,0,0
30,18,-9,-3947,1063,-828,0,0
21,20,-9,-3937,1025,-829,0,0
-2,20,6,-3932,1035,-802,0,0
-10,12,1,-3960,1066,-795,0,0
19,-6,-5,-3909,1065,-814,0,0
49,-13,4,-3930,1061,-814,0,0
90,-20,-2,-3957,1028,-806,0,0
83,-26,-4,-3957,999,-810,0,0
56,-24,1,-3948,989,-819,0,0
24,-23,-6,-3943,1037,-809,0,0
34,-27,-6,-3966,1087,-789,0,0
96,-38,9,-3944,1043,-782,0,0
98,-44,21,-3931,1007,-794,0,0
96,-46,22,-3962,1019,-823,0,0
124,-33,38,-3982,980,-800,0,0
23,-7,52,-3980,933,-773,0,0
-95,-5,33,-3990,1034,-840,0,0
-14,-13,15,-3954,1083,-832,0,0
92,-24,22,-3931,993,-774,0,0
61,-42,14,-3924,986,-770,0,0
67,-51,-14,-3883,969,-802,0,0
85,-51,-30,-3928,972,-810,0,0
62,-47,-41,-4014,1051,-805,0,0
92,-54,-31,-4029,1039,-825,0,0
144,-68,-18,-4066,973,-867,0,0
142,-66,-38,-4015,1015,-845,0,0
168,-69,-41,-3958,1051,-778,0,0
218,-79,-23,-3960,996,-741,0,0
219,-86,-17,-3973,959,-771,0,0
190,-75,-23,-3972,956,-772,0,0
197,-63,-25,-3935,892,-786,0,0
141,-42,-11,-3950,864,-769,0,0
104,-24,-15,-3972,873,-748,0,0
91,-18,-36,-4057,890,-734,0,0
86,-33,-44,-4102,897,-781,0,0
109,-58,-38,-4096,871,-807,0,0
136,-69,-34,-4039,873,-809,0,0
159,-69,-26,-3994,877,-782,0,0
197,-64,-5,-3992,860,-765,0,0
190,-50,8,-3993,819,-759,0,0
134,-40,19,-3968,822,-747,0,0
130,-31,29,-3952,811,-742,0,0
166,-18,27,-4025,777,-739,0,0
138,-14,18,-4067,752,-753,0,0
75,-14,14,-4040,745,-764,0,0
55,-16,8,-3979,737,-783,0,0
43,-9,-6,-3973,758,-782,0,0
0,5,-7,-4030,803,-764,0,0
-35,13,3,-3998,817,-763,0,0
-48,21,9,-3951,801,-763,0,0
-66,27,11,-3969,810,-750,0,0
-66,16,7,-3970,828,-775,0,0
-38,10,11,-3967,832,-783,0,0
-38,21,30,-4018,834,-783,0,0
-94,35,62,-3997,823,-774,0,0
-155,48,104,-4099,822,-767,0,0
-171,65,106,-4162,773,-871,0,0
-245,110,68,-3999,742,-799,0,0
-411,142,52,-4086,872,-770,0,0
-378,120,27,-4048,953,-818,0,0
-242,94,4,-3937,933,-794,0,0
-217,93,15,-3945,929,-795,0,0
-106,69,32,-3994,1059,-784,0,0
307,32,47,-4016,1075,-855,0,0
300,21,61,-3944,864,-927,0,0
-53,26,32,-3973,931,-895,0,0
-73,32,-26,-3953,960,-855,0,0
-131,29,-26,-3917,918,-837,0,0
-285,27,0,-3916,942,-853,0,0
-319,26,-5,-3936,995,-852,0,0
-259,20,-16,-3940,1065,-825,0,0
-126,-2,-10,-3948,1079,-809,0,0
6,-24,-1,-3964,1050,-811,0,0
97,-42,4,-3965,996,-823,0,0
116,-46,7,-3949,956,-814,0,0
90,-41,8,-3999,961,-805,0,0
84,-41,7,-3964,940,-827,0,0
50,-28,17,-3967,940,-818,0,0
33,-15,19,-3989,974,-807,0,0
40,-12,22,-3981,958,-807,0,0
36,-6,26,-3957,933,-816,0,0
27,-1,20,-3969,941,-817,0,0
11,5,16,-3974,957,-805,0,0
-3,5,18,-3970,956,-812,0,0
-21,6,17,-3956,975,-817,0,0
-14,4,16,-3956,1001,-819,0,0
12,-1,21,-3958,982,-827,0,0
14,-1,18,-3975,980,-823,0,0
19,-5,9,-3951,981,-824,0,0
14,-5,13,-3975,990,-823,0,0
38,-7,12,-3969,999,-814,0,0
52,-9,17,-3952,942,-808,0,0
-22,2,20,-3953,1005,-817,0,0
-6,4,29,-3981,997,-821,0,0
-10,16,46,-3996,927,-828,0,0
-72,27,45,-3961,902,-827,0,0
-124,32,32,-3951,959,-815,0,0
-123,34,15,-3956,1013,-821,0,0
-98,32,4,-3915,1025,-839,0,0
-71,29,-1,-3925,1020,-830,0,0
-46,19,-20,-3965,1053,-821,0,0
-13,2,-19,-3970,1067,-849,0,0
11,0,2,-3946,1024,-854,0,0
9,4,6,-3947,994,-835,0,0
-30,0,5,-3944,1020,-797,0,0
-32,-12,9,-3916,1014,-822,0,0
-16,-20,4,-3922,1025,-843,0,0
7,-23,-2,-3938,1039,-821,0,0
27,-33,5,-3940,1031,-812,0,0
43,-40,9,-3932,990,-820,0,0
13,-30,-2,-3932,974,-820,0,0
-39,-12,-3,-3933,964,-808,0,0
-84,1,-3,-3984,965,-795,0,0
-96,4,-18,-3966,978,-829,0,0
-118,21,-14,-3941,1004,-810,0,0
-105,31,-12,-3951,1051,-791,0,0
-74,30,-7,-3967,1042,-798,0,0
-85,37,12,-3978,1015,-828,0,0
-99,49,14,-3986,1008,-827,0,0
-123,62,4,-3968,1031,-800,0,0
-120,60,5,-3961,1058,-789,0,0
-77,48,-14,-3958,1094,-804,0,0
-8,34,-18,-3948,1107,-820,0,0
75,15,-16,-3910,1065,-840,0,0
130,0,-11,-3925,985,-819,0,0
102,-7,-13,-3923,934,-828,0,0
40,-9,-18,-3910,944,-855,0,0
-4,1,-23,-3953,1033,-857,0,0
40,-6,-23,-3965,1036,-855,0,0
61,-15,-4,-3945,1015,-867,0,0
71,-18,9,-3943,999,-883,0,0
83,-16,7,-3942,988,-849,0,0
76,-12,7,-3945,958,-842,0,0
76,-14,5,-3954,937,-860,0,0
72,-15,-1,-3966,949,-868,0,0
75,-17,-4,-3969,951,-858,0,0
73,-17,-2,-3997,942,-852,0,0
63,-16,-7,-4019,950,-855,0,0
68,-21,-8,-3947,913,-848,0,0
17,-16,-1,-3901,936,-857,0,0
19,-9,0,-3957,940,-860,0,0
-12,-1,1,-4003,960,-870,0,0
-7,0,7,-3982,958,-894,0,0
19,1,15,-3967,915,-883,0,0
-17,11,12,-3968,929,-862,0,0
-45,15,5,-3976,963,-859,0,0
-35,10,11,-3972,954,-876,0,0
-29,6,15,-3938,931,-879,0,0
-35,4,14,-3914,953,-859,0,0
-33,-4,21,-3952,974,-835,0,0
-4,-20,15,-3939,965,-873,0,0
-2,-17,-4,-3921,961,-885,0,0
12,-8,-12,-3938,986,-859,0,0
9,-11,-1,-3972,992,-845,0,0
14,-12,11,-3970,960,-887,0,0
10,-5,10,-3935,934,-864,0,0
-10,-2,7,-3914,939,-836,0,0
-24,-5,3,-3947,953,-865,0,0
-17,-4,1,-3972,972,-872,0,0
2,-2,6,-3952,949,-862,0,0
-20,0,14,-3922,945,-856,0,0
-30,2,14,-3997,971,-831,0,0
-23,-9,12,-4002,962,-851,0,0
-60,-10,29,-3980,956,-868,0,0
-48,-1,24,-3970,960,-870,0,0
-34,1,14,-3962,966,-837,0,0
-33,-2,9,-3939,977,-851,0,0
-17,-3,0,-3940,1005,-859,0,0
35,-1,-5,-3951,994,-845,0,0
75,-7,-6,-3965,956,-837,0,0
63,-11,-10,-3963,929,-840,0,0
38,-12,-16,-3954,945,-852,0,0
30,-12,-10,-3943,968,-837,0,0
35,-14,1,-3990,967,-835,0,0
47,-20,-1,-3966,941,-855,0,0
41,-16,7,-3951,924,-856,0,0
28,-5,10,-3978,948,-841,0,0
18,-3,13,-3986,931,-842,0,0
-7,0,21,-3956,919,-860,0,0
-3,2,13,-3966,935,-862,0,0
6,4,7,-3969,955,-848,0,0
16,2,13,-3965,939,-849,0,0
6,4,13,-3965,927,-856,0,0
-11,7,7,-3964,950,-864,0,0
-5,5,9,-3950,959,-852,0,0
3,3,11,-3982,959,-840,0,0
15,-4,6,-3947,947,-862,0,0
25,-14,9,-3978,940,-863,0,0
27,-2,11,-3972,933,-843,0,0
-3,-4,14,-3940,925,-851,0,0
-21,-4,11,-3980,988,-862,0,0
28,-4,17,-3993,956,-868,0,0
9,0,26,-3956,908,-869,0,0
-36,11,16,-3944,941,-863,0,0
-38,17,18,-3950,962,-868,0,0
-32,16,24,-3946,957,-879,0,0
-44,20,22,-3950,978,-874,0,0
-48,22,30,-3968,982,-859,0,0
-47,14,32,-3942,973,-875,0,0
-55,12,32,-3932,978,-883,0,0
-78,22,32,-3931,1022,-869,0,0
-58,16,37,-3950,997,-864,0,0
-55,7,33,-3952,983,-870,0,0
-52,2,16,-3926,1006,-883,0,0
-34,-5,8,-3921,1033,-858,0,0
-14,-11,8,-3914,1024,-845,0,0
-6,-17,4,-3930,1007,-855,0,0
-7,-17,-6,-3933,1005,-870,0,0
-13,-13,-5,-3909,990,-856,0,0
-30,-8,-2,-3954,994,-846,0,0
-32,-10,-14,-3953,1007,-877,0,0
-29,-6,-12,-3907,1000,-879,0,0
-36,8,-4,-3896,1018,-847,0,0
-43,15,1,-3932,995,-833,0,0
-91,22,14,-3974,1008,-876,0,0
-93,24,12,-3962,1018,-901,0,0
-86,32,7,-3946,1039,-849,0,0
-96,36,14,-3948,1050,-830,0,0
-106,31,18,-3972,1072,-869,0,0
-60,27,17,-3954,1054,-880,0,0
-29,17,26,-3912,1011,-861,0,0
-27,6,28,-3949,1008,-843,0,0
-10,1,6,-3957,1004,-858,0,0
-4,-1,-9,-3915,995,-886,0,0
-18,12,-13,-3929,1055,-880,0,0
9,18,-17,-3945,1063,-877,0,0
16,18,-3,-3920,1059,-889,0,0
46,17,3,-3898,1037,-907,0,0
47,17,-2,-3917,1044,-880,0,0
50,9,-14,-3924,1053,-867,0,0
71,-7,-1,-3930,1032,-873,0,0
80,-16,2,-3928,1008,-884,0,0
70,-18,1,-3922,993,-874,0,0
55,-21,4,-3946,991,-867,0,0
38,-21,2,-3944,988,-879,0,0
23,-27,9,-3913,958,-889,0,0
-20,-6,10,-3944,993,-878,0,0
-15,-4,2,-3974,1012,-871,0,0
-11,-8,13,-3953,1003,-872,0,0
2,-12,13,-3921,983,-887,0,0
-5,-10,5,-3938,1013,-882,0,0
-12,-3,14,-3965,1009,-898,0,0
-31,6,18,-3935,1027,-909,0,0
-3,8,16,-3928,1048,-893,0,0
54,2,20,-3925,973,-889,0,0
32,0,11,-3943,963,-870,0,0
-6,-5,-5,-3957,1031,-875,0,0
22,-25,1,-3938,1029,-902,0,0
26,-12,5,-3917,1022,-888,0,0
33,-12,6,-3931,996,-868,0,0
6,-15,14,-3953,999,-888,0,0
12,-15,11,-3928,978,-919,0,0
8,-11,4,-3927,991,-889,0,0
-2,-7,3,-3926,1012,-873,0,0
-10,-5,8,-3929,1010,-893,0,0
-10,-2,8,-3942,1012,-905,0,0
-13,-1,6,-3924,1017,-893,0,0
-11,-2,10,-3932,1020,-874,0,0
0,-4,7,-3936,998,-882,0,0
-14,-2,3,-3919,979,-903,0,0
-36,7,3,-3905,982,-893,0,0
-44,7,-3,-3924,1008,-867,0,0
-51,4,0,-3932,1033,-890,0,0
-27,1,1,-3933,1028,-911,0,0
-5,2,1,-3943,1038,-884,0,0
10,2,9,-3932,1009,-875,0,0
-4,1,13,-3936,992,-884,0,0
-14,4,3,-3942,1009,-900,0,0
-18,6,4,-3924,1010,-894,0,0
-12,6,11,-3929,1003,-883,0,0
-9,6,-2,-3950,1013,-879,0,0
10,2,-13,-3936,1013,-899,0,0
33,8,-12,-3966,1020,-889,0,0
67,11,-15,-3988,978,-877,0,0
35,12,-10,-3957,933,-885,0,0
-10,17,-20,-3938,938,-928,0,0
-21,26,-31,-3952,984,-921,0,0
1,37,-38,-3938,981,-922,0,0
20,44,-38,-3925,956,-916,0,0
18,43,-35,-3926,919,-912,0,0
-17,37,-36,-3927,906,-919,0,0
-54,28,-39,-3934,939,-917,0,0
-67,17,-37,-3947,1002,-903,0,0
-37,-2,-17,-3918,963,-909,0,0
-41,-7,-3,-3945,955,-921,0,0
-14,-12,-16,-3976,948,-914,0,0
-22,-13,-8,-3965,922,-916,0,0
-46,-12,0,-3938,906,-944,0,0
-61,-10,-9,-3937,962,-924,0,0
-29,-19,-12,-3930,988,-923,0,0
1,-24,-3,-3964,997,-938,0,0
16,-18,21,-3982,959,-960,0,0
-9,-4,36,-3936,915,-957,0,0
-62,11,32,-3908,969,-923,0,0
-56,10,33,-3932,1024,-910,0,0
8,-15,48,-3898,988,-936,0,0
39,-10,52,-3930,979,-920,0,0
56,-11,38,-3958,960,-903,0,0
27,-19,39,-3987,955,-923,0,0
13,-21,36,-3948,965,-951,0,0
31,-23,30,-3920,974,-915,0,0
49,-25,25,-3920,960,-892,0,0
55,-31,16,-3951,939,-912,0,0
49,-35,12,-3973,943,-926,0,0
45,-33,9,-3954,925,-911,0,0
23,-26,-4,-3936,942,-906,0,0
7,-20,-13,-3959,961,-884,0,0
14,-31,-9,-3942,941,-914,0,0
-11,-12,-4,-3907,911,-902,0,0
-49,1,-7,-3925,942,-885,0,0
-85,5,-3,-3951,954,-888,0,0
-105,12,-3,-3950,966,-940,0,0
-101,21,-2,-3937,989,-901,0,0
-112,29,11,-3926,997,-884,0,0
-117,28,21,-3931,1009,-902,0,0
-84,24,21,-3942,1006,-901,0,0
-70,25,22,-3960,997,-892,0,0
-82,23,26,-3941,1008,-890,0,0
-67,16,26,-3981,1033,-878,0,0
-4,0,21,-3920,1004,-897,0,0
42,-12,28,-3906,955,-888,0,0
34,-5,16,-3960,975,-877,0,0
17,-7,9,-3953,979,-876,0,0
-6,-9,15,-3922,985,-897,0,0
2,-7,4,-3936,1014,-909,0,0
27,-5,0,-3944,1048,-889,0,0
55,-10,12,-3948,1027,-882,0,0
75,-16,18,-3960,983,-890,0,0
61,-14,11,-3945,966,-905,0,0
31,-3,5,-3911,995,-891,0,0
15,1,10,-3944,1026,-850,0,0
41,-11,6,-3937,1010,-865,0,0
49,-20,5,-3931,969,-880,0,0
42,-18,0,-3955,990,-880,0,0
52,-21,-5,-3956,973,-873,0,0
15,-19,0,-3951,995,-867,0,0
12,-18,2,-3930,1000,-889,0,0
9,-11,9,-3940,998,-884,0,0
-9,0,23,-3946,981,-892,0,0
-37,11,27,-3950,974,-895,0,0
-52,14,17,-3954,1018,-885,0,0
-27,7,19,-3923,1022,-894,0,0
-12,4,32,-3927,1004,-890,0,0
-25,6,31,-3945,1000,-882,0,0
-45,4,31,-3924,1003,-900,0,0
-69,12,40,-3907,1042,-896,0,0
-47,13,46,-3911,1055,-880,0,0
-48,3,47,-3929,1049,-868,0,0
-38,-8,36,-3930,1043,-901,0,0
-15,-14,23,-3934,1036,-892,0,0
-11,-17,18,-3915,1054,-862,0,0
-6,-27,16,-3894,1059,-863,0,0
6,-34,7,-3916,1082,-879,0,0
28,-38,7,-3925,1076,-876,0,0
42,-41,19,-3926,1040,-863,0,0
27,-38,17,-3940,1026,-852,0,0
14,-36,10,-3900,1019,-874,0,0
-29,-18,12,-3873,1015,-858,0,0
-59,-2,8,-3925,1047,-856,0,0
-82,5,6,-3955,1085,-844,0,0
-69,7,14,-3933,1073,-876,0,0
-60,14,18,-3910,1058,-856,0,0
-77,26,18,-3894,1082,-831,0,0
-83,29,25,-3930,1100,-839,0,0
-85,30,22,-3973,1125,-861,0,0
-56,30,5,-3957,1190,-871,0,0
41,12,17,-3914,1163,-866,0,0
155,-14,14,-3926,1105,-847,0,0
227,-32,-26,-3876,1074,-852,0,0
225,-27,-32,-3886,1070,-854,0,0
192,-18,-24,-3923,1076,-886,0,0
151,-16,-33,-3944,1084,-904,0,0
143,-11,-31,-3932,1095,-880,0,0
230,-20,-16,-3979,1012,-909,0,0
251,1,-19,-3992,885,-856,0,0
140,58,-11,-3973,643,-781,0,0
-178,109,9,-3939,539,-850,0,0
-372,99,-109,-3972,952,-1092,0,0
-169,55,-275,-3865,1069,-927,0,0
-104,55,-214,-3865,1146,-919,0,0
4,-3,-118,-3936,1093,-979,0,0
15,-11,27,-4092,846,-1073,0,0
-73,-3,98,-4161,945,-937,0,0
-73,-11,62,-3722,948,-897,0,0
-115,34,33,-3767,1013,-973,0,0
116,13,9,-3959,1088,-976,0,0
333,-10,-37,-3902,1025,-1032,0,0
401,-58,-41,-4033,924,-1094,0,0
469,-59,56,-4024,904,-872,0,0
501,-41,169,-4343,673,-688,0,0
169,-196,23,-3744,515,-1282,0,0
-129,-45,15,-3654,539,-964,0,0
-436,80,-74,-3987,890,-955,0,0
-483,67,-123,-3844,1189,-935,0,0
-151,23,-29,-4089,1133,-1067,0,0
148,-17,44,-3910,999,-940,0,0
198,12,95,-3988,879,-991,0,0
309,-50,32,-3988,1048,-983,0,0
517,-81,28,-4373,750,-854,0,0
233,-283,98,-3880,394,-841,0,0
-244,-9,-31,-3665,568,-986,0,0
-550,102,-112,-3884,1110,-1020,0,0
-166,23,-118,-4046,1140,-964,0,0
313,-96,-4,-4071,1058,-918,0,0
458,-99,84,-3766,984,-848,0,0
558,-125,118,-4113,816,-1087,0,0
504,-99,51,-4062,936,-952,0,0
626,-150,49,-4609,837,-699,0,0
564,-247,38,-3434,447,-832,0,0
142,-6,69,-3614,525,-1162,0,0
3,-59,20,-4169,490,-1150,0,0
-307,-169,-26,-4344,858,-1041,0,0
-38,-24,19,-4045,1205,-359,0,0
273,-64,123,-3977,664,-524,0,0
-224,-146,146,-3997,823,-779,0,0
-327,-186,52,-3906,915,-792,0,0
-133,-126,-43,-3980,829,-1024,0,0
-144,-71,-73,-4055,931,-826,0,0
-27,-96,-27,-3980,879,-699,0,0
45,-77,-1,-3918,766,-704,0,0
-99,-28,-31,-3999,782,-673,0,0
-313,11,-60,-4084,924,-628,0,0
-365,24,-65,-4070,992,-630,0,0
-349,27,-54,-4063,1017,-660,0,0
-307,24,-36,-4088,1035,-702,0,0
-225,19,-17,-4064,1020,-676,0,0
-134,15,-4,-4073,982,-602,0,0
-56,-4,-20,-4109,942,-563,0,0
-10,-46,-58,-4030,954,-565,0,0
83,-94,-68,-3865,973,-606,0,0
222,-113,-49,-3871,995,-635,0,0
348,-111,-43,-3955,1004,-594,0,0
443,-129,-44,-4071,1023,-586,0,0
488,-132,-16,-4029,992,-642,0,0
484,-86,78,-3982,951,-683,0,0
641,-33,177,-4009,746,-636,0,0
661,12,197,-4135,615,-594,0,0
461,40,138,-4243,633,-618,0,0
459,41,58,-4103,600,-649,0,0
651,25,20,-3971,413,-750,0,0
597,56,-13,-4019,232,-889,0,0
147,127,-65,-4109,289,-850,0,0
-228,156,-105,-4245,491,-754,0,0
-578,152,-95,-4026,451,-948,0,0
-1433,278,-8,-3835,437,-1034,0,0
-2102,414,17,-4056,577,-906,0,0
-1836,395,-73,-4265,770,-804,0,0
-1080,218,-163,-4220,915,-883,0,0
-479,43,-97,-4023,1030,-937,0,0
5,-32,20,-3858,1081,-981,0,0
351,-54,39,-3786,950,-1006,0,0
269,-33,-22,-3831,686,-1064,0,0
-295,52,-111,-3882,737,-870,0,0
-401,28,-173,-3945,853,-830,0,0
-67,-45,-141,-4149,955,-931,0,0
248,-68,-54,-4373,941,-979,0,0
283,-11,62,-4301,856,-840,0,0
126,32,227,-3862,890,-622,0,0
307,-5,376,-3710,882,-543,0,0
602,-76,389,-3929,854,-539,0,0
670,-134,245,-4055,876,-573,0,0
671,-161,65,-3972,869,-586,0,0
581,-171,-32,-3888,820,-603,0,0
358,-182,-48,-3939,850,-651,0,0
228,-194,-43,-3978,918,-759,0,0
225,-167,-25,-3954,869,-917,0,0
107,-87,3,-3944,774,-1005,0,0
-50,-23,4,-3985,807,-912,0,0
-67,6,-12,-4085,888,-774,0,0
1,12,-9,-4143,877,-747,0,0
-29,19,18,-4134,822,-757,0,0
-100,34,42,-4072,774,-749,0,0
-153,54,42,-4024,770,-726,0,0
-187,62,-3,-3987,854,-735,0,0
-193,51,-39,-3913,900,-733,0,0
-224,29,-31,-3993,949,-763,0,0
-202,-3,-39,-4012,968,-803,0,0
-106,-25,-45,-4020,967,-846,0,0
38,-22,-34,-4029,940,-874,0,0
115,-11,-12,-4016,901,-795,0,0
122,-3,13,-4027,871,-717,0,0
98,-7,20,-4030,845,-694,0,0
55,-19,17,-3977,835,-710,0,0
40,-28,12,-3981,828,-749,0,0
32,-21,5,-4023,819,-775,0,0
7,-9,6,-4036,810,-761,0,0
-16,-7,10,-4032,813,-738,0,0
-24,-11,1,-4028,822,-745,0,0
-30,-8,-5,-4033,826,-773,0,0
-48,1,0,-4039,818,-779,0,0
-61,4,0,-3992,832,-746,0,0
-48,1,-3,-4024,836,-727,0,0
-45,-8,-7,-4042,825,-752,0,0
-54,-21,-15,-4031,831,-774,0,0
-38,-24,-34,-4017,854,-772,0,0
-5,-26,-41,-4034,872,-727,0,0
29,-45,-31,-4039,869,-710,0,0
51,-59,-19,-4013,858,-712,0,0
68,-59,-11,-4024,840,-728,0,0
60,-51,-9,-4024,831,-744,0,0
65,-41,4,-4022,828,-757,0,0
52,-21,21,-4027,833,-755,0,0
30,-7,30,-4060,868,-749,0,0
44,2,40,-4074,876,-734,0,0
36,14,61,-4035,850,-743,0,0
-4,25,87,-3971,855,-734,0,0
-17,37,98,-3953,848,-707,0,0
-19,46,95,-3981,832,-676,0,0
-26,39,86,-4037,825,-639,0,0
-16,13,60,-4052,837,-651,0,0
29,-11,20,-4035,856,-697,0,0
56,-28,-20,-4013,873,-774,0,0
44,-7,-26,-4023,906,-824,0,0
43,14,-9,-4008,929,-826,0,0
53,23,35,-4050,968,-821,0,0
80,27,84,-4026,1032,-839,0,0
111,30,167,-4030,1131,-873,0,0
28,54,310,-4074,1218,-891,0,0
-257,89,456,-4073,1368,-906,0,0
-488,92,635,-4020,1727,-757,0,0
-96,45,847,-3971,1929,-646,0,0
372,-30,1038,-3904,1832,-691,0,0
477,-73,1149,-3839,1700,-635,0,0
398,-66,1185,-3825,1842,-737,0,0
179,-24,1176,-3707,1753,-861,0,0
-190,6,1153,-3532,1958,-757,0,0
-374,-39,1143,-3410,1881,-761,0,0
-875,-66,1094,-3249,2021,-632,0,0
-1093,-106,949,-3073,2172,-497,0,0
-1122,-131,682,-2998,1919,-548,0,0
-1376,-63,465,-3210,2730,-604,0,0
-1208,-73,565,-2894,2927,77,0,0
-975,-261,555,-2525,2925,423,0,0
-571,-367,446,-2422,2710,397,0,0
-791,-397,358,-2317,2767,508,0,0
-950,-443,244,-2514,3050,669,0,0
-459,-531,196,-2967,3654,208,0,0
114,-406,398,-3113,3300,-296,0,0
-508,-276,458,-2273,2863,1206,0,0
47,-332,425,-2563,3489,1013,0,0
588,-268,593,-2344,2778,393,0,0
-98,-75,561,-2096,2969,477,0,0
-142,69,445,-2186,3333,703,0,0
-95,94,359,-1993,3004,871,0,0
5,85,271,-1906,3056,739,0,0
-39,94,243,-1416,2905,1013,0,0
-168,138,129,-2528,3341,728,0,0
48,99,-271,-1760,3037,669,0,0
-476,126,-194,-1934,3756,1360,0,0
-114,-98,-66,-2562,4091,1090,0,0
885,-258,136,-2282,3059,159,0,0
332,-124,73,-1778,3086,293,0,0
-235,-18,-27,-1917,3664,843,0,0
86,-50,7,-1825,3208,808,0,0
-12,-51,-41,-2010,3290,862,0,0
-162,-82,9,-1410,3266,1343,0,0
122,-71,-57,-2294,3251,869,0,0
411,-110,-25,-2439,3135,202,0,0
136,0,-97,-2100,3053,268,0,0
-159,43,-173,-2298,3544,718,0,0
176,18,3,-2264,3411,510,0,0
342,78,-30,-2029,3216,786,0,0
-183,37,-29,-2230,3612,852,0,0
201,-6,42,-1762,3090,698,0,0
1,16,-6,-2095,3450,550,0,0
-307,20,70,-1765,3591,936,0,0
-183,-41,189,-1606,3431,1041,0,0
342,-121,207,-2525,3686,372,0,0
499,-107,18,-1892,2898,112,0,0
30,13,-72,-2318,3439,378,0,0
-56,56,-108,-2306,3475,573,0,0
154,63,-12,-2166,3185,455,0,0
32,69,69,-2072,3203,491,0,0
-132,83,17,-1933,3392,711,0,0
-134,42,9,-2230,3524,721,0,0
86,-28,25,-1860,3122,606,0,0
14,-33,-16,-1917,3411,477,0,0
-197,0,15,-2055,3669,509,0,0
-139,-48,80,-1617,3349,958,0,0
-41,-142,115,-1793,3378,788,0,0
90,-142,91,-2398,3511,116,0,0
37,-47,3,-2332,3389,249,0,0
-83,16,-80,-2014,3255,521,0,0
80,25,-27,-2044,3130,629,0,0
-127,45,-59,-1964,3141,638,0,0
-185,127,-147,-2045,3131,551,0,0
-45,212,-246,-2120,3164,497,0,0
205,225,-282,-2183,3453,421,0,0
558,247,-259,-2304,3369,271,0,0
1042,286,-309,-2434,3077,-13,0,0
1039,333,-462,-2485,2726,-133,0,0
744,360,-692,-2557,2678,-61,0,0
661,349,-882,-2676,2705,-98,0,0
534,324,-999,-2768,2781,-179,0,0
431,287,-1067,-2868,2887,-203,0,0
446,226,-1085,-2974,2808,-261,0,0
383,174,-1016,-3058,2725,-305,0,0
405,128,-915,-3168,2698,-393,0,0
437,106,-852,-3258,2550,-581,0,0
447,98,-853,-3326,2392,-624,0,0
374,49,-869,-3409,2243,-683,0,0
336,-10,-884,-3487,2115,-750,0,0
381,-65,-900,-3581,1963,-785,0,0
484,-109,-922,-3675,1762,-825,0,0
481,-130,-949,-3778,1526,-858,0,0
415,-118,-952,-3902,1332,-894,0,0
161,-70,-901,-4027,1147,-878,0,0
-269,-32,-786,-4114,1138,-865,0,0
-379,-27,-570,-4090,1198,-878,0,0
-268,-20,-310,-4057,1165,-847,0,0
-159,-20,-111,-4067,1090,-834,0,0
-159,4,6,-4006,1063,-813,0,0
-176,42,74,-3960,1067,-779,0,0
-91,72,104,-4016,952,-682,0,0
-123,67,97,-4056,856,-623,0,0
-234,15,65,-4016,869,-704,0,0
-207,-36,31,-3978,891,-839,0,0
-131,-54,-3,-3935,902,-959,0,0
-144,-44,-45,-3955,951,-972,0,0
-149,-23,-80,-3960,977,-900,0,0
-138,11,-71,-3978,1035,-824,0,0
-37,33,-33,-3987,1046,-763,0,0
67,25,1,-4019,998,-735,0,0
84,15,30,-4012,990,-698,0,0
114,3,47,-3992,955,-708,0,0
130,-8,45,-3973,913,-734,0,0
113,-14,35,-3993,887,-750,0,0
93,-15,22,-4023,878,-776,0,0
76,-13,11,-4011,865,-788,0,0
49,-9,12,-3995,871,-775,0,0
37,-12,10,-4024,883,-761,0,0
28,-15,4,-3985,896,-754,0,0
33,-20,3,-3983,877,-757,0,0
27,-25,-13,-3987,898,-758,0,0
19,-32,-21,-4019,941,-756,0,0
38,-35,-11,-4027,931,-777,0,0
50,-37,2,-4010,901,-780,0,0
61,-42,2,-3984,895,-761,0,0
115,-53,-14,-3986,892,-772,0,0
150,-58,-13,-4015,869,-761,0,0
104,-59,-5,-4056,875,-770,0,0
55,-55,2,-4044,906,-787,0,0
61,-48,14,-4045,916,-780,0,0
85,-44,31,-3997,898,-779,0,0
94,-32,49,-3983,884,-779,0,0
67,-5,50,-3996,886,-750,0,0
30,12,43,-4039,906,-738,0,0
27,17,44,-4029,901,-703,0,0
31,8,54,-3982,883,-699,0,0
37,-6,53,-3960,884,-702,0,0
54,-16,30,-3963,884,-703,0,0
57,-24,2,-3997,896,-714,0,0
54,-30,-12,-3993,909,-733,0,0
36,-30,-4,-3985,918,-746,0,0
34,-28,7,-4002,918,-754,0,0
30,-25,5,-3990,914,-765,0,0
37,-16,6,-3952,890,-763,0,0
15,-3,10,-3966,879,-736,0,0
15,-3,-3,-4058,904,-732,0,0
1,0,0,-4037,907,-711,0,0
-21,-3,23,-3984,891,-723,0,0
-15,-7,21,-3968,884,-741,0,0
-24,-2,4,-4009,916,-747,0,0
-13,1,-4,-4025,925,-756,0,0
-18,3,4,-3999,923,-759,0,0
-22,9,14,-3985,929,-760,0,0
-11,16,16,-4002,917,-755,0,0
-25,21,11,-4010,919,-748,0,0
-19,15,16,-3977,913,-749,0,0
-9,19,21,-3977,886,-752,0,0
-46,33,9,-4009,899,-747,0,0
-65,38,12,-4040,930,-726,0,0
-67,35,24,-4010,908,-730,0,0
-82,26,29,-3974,903,-745,0,0
-71,19,20,-3961,913,-786,0,0
-67,23,5,-3982,944,-807,0,0
-65,28,6,-4003,976,-798,0,0
-35,29,21,-3990,966,-797,0,0
-23,31,37,-3973,949,-771,0,0
-13,22,35,-3999,937,-754,0,0
-12,12,30,-3970,934,-764,0,0
-13,11,34,-3977,923,-782,0,0
-28,17,23,-4003,950,-777,0,0
-41,21,20,-4002,984,-766,0,0
-20,18,27,-3982,954,-770,0,0
-14,16,25,-3976,938,-782,0,0
-23,15,12,-3989,958,-788,0,0
-13,15,7,-4020,962,-788,0,0
-12,14,8,-3999,962,-780,0,0
-2,11,6,-3968,958,-790,0,0
-22,22,13,-3994,956,-789,0,0
-61,31,18,-4007,951,-778,0,0
-73,20,23,-3947,947,-792,0,0
-55,14,23,-3954,947,-810,0,0
-50,17,-2,-3954,974,-808,0,0
-12,3,-31,-3985,990,-803,0,0
17,0,-37,-3991,992,-803,0,0
2,0,-31,-3974,972,-798,0,0
-13,-5,-22,-3942,971,-795,0,0
3,-8,-37,-3929,962,-797,0,0
3,-12,-48,-3963,980,-801,0,0
7,-22,-47,-3970,996,-806,0,0
7,-28,-37,-3964,995,-808,0,0
17,-40,-29,-3989,982,-797,0,0
49,-63,-31,-3973,950,-823,0,0
60,-69,-26,-3935,906,-826,0,0
41,-66,-31,-3910,879,-810,0,0
32,-75,-47,-3968,883,-791,0,0
25,-78,-46,-3993,868,-751,0,0
64,-98,-52,-4003,817,-728,0,0
75,-120,-73,-3977,733,-736,0,0
-33,-115,-105,-3979,616,-717,0,0
-258,-98,-212,-4085,435,-665,0,0
-566,-74,-417,-3988,362,-568,0,0
-711,-99,-638,-3981,408,-549,0,0
-775,-139,-790,-4106,403,-539,0,0
-911,-186,-901,-4104,448,-609,0,0
-977,-179,-933,-3933,520,-685,0,0
-958,-105,-812,-3294,606,-806,0,0
-933,-34,-507,-2215,624,-1183,0,0
-1399,118,40,-2055,1267,-1724,0,0
-2086,408,817,-3921,3464,-2296,0,0
-1642,715,1917,-7664,5995,-2166,0,0
-708,762,3562,-6131,7936,-1823,0,0
535,581,5488,-7600,8347,-1154,0,0
1154,452,6687,-7069,7331,-376,0,0
1727,303,6692,-5824,6058,-7,0,0
2394,94,6110,-4352,4661,-83,0,0
2868,11,5336,-3123,3402,-274,0,0
3144,87,4671,-2188,1769,-314,0,0
2531,217,3944,-1459,500,-243,0,0
2332,457,3181,-1616,-272,-303,0,0
838,812,2387,-1265,-1481,-301,0,0
-676,1210,1687,-1187,-449,135,0,0
-293,1355,1316,-922,-938,1029,0,0
-1208,1034,853,-512,-199,1277,0,0
-440,228,964,1055,157,46,0,0
1938,-368,1135,3058,-781,-3013,0,0
1358,-234,530,4347,117,-3367,0,0
434,-52,100,3756,1768,-3853,0,0
217,-148,285,4276,1736,-4538,0,0
158,-490,111,3989,1585,-3863,0,0
412,-734,64,4089,1709,-4307,0,0
152,-579,-67,4415,1937,-4925,0,0
-301,-375,-22,4594,2331,-5177,0,0
-739,-283,104,4866,2141,-5546,0,0
-483,-216,271,5119,2342,-5665,0,0
-375,-122,525,4819,2243,-6503,0,0
-341,175,890,4582,1782,-5396,0,0
110,117,937,4024,1235,-4373,0,0
309,-34,630,3261,1208,-3964,0,0
497,-67,263,2400,347,-2908,0,0
246,-92,-244,1260,403,-2081,0,0
318,127,-601,-153,209,-1367,0,0
-316,424,-520,-1097,525,-113,0,0
-402,575,-185,-1451,380,875,0,0
307,683,-149,-771,87,1037,0,0
720,632,-448,-312,33,411,0,0
754,552,-505,-85,-208,-143,0,0
770,437,-140,332,-309,-38,0,0
918,181,437,1158,-415,-216,0,0
693,-86,753,2296,-764,-974,0,0
14,-154,614,3606,-1408,-2001,0,0
-1433,-23,274,4559,-805,-2930,0,0
-2020,-14,76,4709,-34,-3328,0,0
-1649,-190,-39,4575,222,-3995,0,0
-1272,-115,-93,4582,396,-4546,0,0
-1055,44,-280,4677,1261,-4422,0,0
-427,252,-646,4493,1990,-4348,0,0
279,248,-528,5125,1951,-3761,0,0
492,-223,-328,5262,1745,-4361,0,0
641,-319,-179,5507,2024,-5522,0,0
1075,94,100,5897,1330,-5477,0,0
587,346,572,5500,1038,-4441,0,0
606,210,851,5143,812,-3628,0,0
882,-4,816,4239,198,-3269,0,0
702,-188,695,3230,-92,-2455,0,0
496,-358,364,2330,159,-1303,0,0
693,-459,68,1298,-15,-412,0,0
462,-370,-130,688,9,-87,0,0
358,-223,-277,202,960,-49,0,0
813,65,-64,-610,861,-147,0,0
824,316,105,-705,609,21,0,0
784,510,86,-653,321,67,0,0
988,711,79,-597,18,17,0,0
912,632,-19,-259,-543,-143,0,0
520,446,-155,478,-701,-754,0,0
364,282,-122,1985,-1214,-1447,0,0
-203,21,-190,3896,-1071,-2183,0,0
-636,-321,-816,4942,-280,-3944,0,0
-257,-205,-533,5466,-623,-4347,0,0
-416,-154,143,6483,-1534,-3851,0,0
-704,-126,65,7047,-1432,-4169,0,0
-686,-124,-419,6707,181,-4939,0,0
-169,-146,-146,6126,27,-5124,0,0
-254,-92,507,5984,-445,-4520,0,0
34,-86,689,5381,52,-4693,0,0
297,-84,600,4628,437,-4709,0,0
453,-78,502,4373,-423,-4470,0,0
-98,-153,314,4526,-654,-3934,0,0
-63,-434,186,3882,-591,-3396,0,0
46,-604,39,2254,-581,-2452,0,0
-348,-561,-225,749,97,-964,0,0
-734,-319,-318,-123,356,-559,0,0
-708,30,-286,-614,866,-619,0,0
232,400,-243,-703,199,-139,0,0
661,528,-428,-356,-148,173,0,0
791,410,-592,378,137,-161,0,0
1044,409,-388,475,74,-575,0,0
1580,609,485,913,-619,-316,0,0
1127,618,1029,1603,-557,36,0,0
322,528,918,2528,-953,-298,0,0
-679,414,274,3780,-1695,-1392,0,0
-1526,143,-550,4494,-1032,-2378,0,0
-1911,-213,-827,4776,-1090,-3053,0,0
-1766,-551,-582,4629,-1298,-3213,0,0
-1082,-877,-264,4210,-1226,-3047,0,0
-1074,-972,-473,3853,-359,-3790,0,0
-942,-781,-926,3805,1111,-5073,0,0
-433,-521,-1184,4411,2036,-6246,0,0
-199,-299,-978,5557,1937,-6815,0,0
161,-174,-436,6009,1853,-6982,0,0
330,176,321,5806,1537,-6001,0,0
538,441,1022,5134,1026,-4578,0,0
685,441,1382,4293,815,-3756,0,0
1172,333,1313,3267,158,-3307,0,0
1216,260,1009,2437,-479,-2217,0,0
522,179,525,1884,-433,-756,0,0
47,192,-89,1080,-48,89,0,0
147,268,-587,143,359,333,0,0
323,309,-763,-300,760,91,0,0
552,249,-702,-557,421,-409,0,0
424,222,-530,-209,499,-603,0,0
692,135,-194,40,-38,-460,0,0
641,2,-17,31,-410,-399,0,0
727,54,133,239,-246,-759,0,0
673,166,434,1383,-558,-1175,0,0
311,65,416,2939,-1583,-1710,0,0
-135,6,-379,4196,-2051,-2205,0,0
-1009,-49,-1259,5005,-1535,-3407,0,0
-1401,-141,-1294,5191,-360,-3807,0,0
-1129,-68,-624,5615,305,-3245,0,0
-651,30,-306,5059,467,-2973,0,0
-551,-36,-306,4395,701,-3746,0,0
-753,-17,-528,4691,1696,-4469,0,0
-718,20,-392,5882,2067,-4660,0,0
-689,-166,221,6629,2320,-4853,0,0
-167,-308,1005,6225,1857,-5187,0,0
22,-251,1464,5558,1389,-4391,0,0
166,-377,1534,4663,1174,-3939,0,0
341,-550,1320,3792,333,-3525,0,0
209,-697,774,3045,90,-2878,0,0
653,-787,188,1609,-124,-2556,0,0
346,-662,-267,89,239,-1353,0,0
444,-516,-260,-845,969,-355,0,0
771,-157,148,-1140,-44,-10,0,0
185,322,151,-625,-205,387,0,0
185,635,-288,-206,163,-235,0,0
623,970,-561,-87,98,-322,0,0
397,1024,-592,135,-216,30,0,0
-399,844,-324,610,-564,-90,0,0
-1076,563,-90,2164,-908,-336,0,0
-1610,75,-261,3352,-802,28,0,0
-1624,-463,-610,4784,-462,-1659,0,0
-1648,-600,-826,5027,637,-2975,0,0
-888,-692,-561,5415,1529,-4610,0,0
-6,-359,-292,5424,283,-5068,0,0
-50,-22,-191,5181,931,-4405,0,0
1007,-322,47,5452,881,-4675,0,0
699,-521,80,4997,830,-5446,0,0
466,-175,43,5049,1171,-6007,0,0
354,276,147,4946,1605,-5611,0,0
818,537,498,4608,885,-4924,0,0
1283,603,694,4345,58,-3732,0,0
1253,439,642,3932,763,-3675,0,0
1859,275,514,3460,-50,-3317,0,0
1677,334,106,2874,-922,-1855,0,0
776,36,-485,1929,-1258,-752,0,0
-140,-58,-1010,1001,-229,110,0,0
-515,16,-1306,432,519,32,0,0
-304,208,-1033,146,780,-113,0,0
-291,371,-471,165,311,114,0,0
-502,478,-63,210,-71,-178,0,0
-308,591,159,59,-398,103,0,0
-210,456,213,48,36,-279,0,0
-180,381,240,337,316,-867,0,0
274,171,342,1899,124,-3232,0,0
708,-268,408,2976,-511,-2328,0,0
1199,-457,217,4324,-1066,-2492,0,0
449,-490,-345,5257,-1366,-2938,0,0
-586,-417,-731,5509,-435,-3317,0,0
-699,-202,-474,6127,185,-2640,0,0
-734,-207,-241,5468,75,-2811,0,0
-649,-254,-15,4869,410,-3636,0,0
-514,-167,3,4815,1152,-4128,0,0
-362,-30,60,5388,1393,-4345,0,0
-20,-21,219,5885,1001,-4970,0,0
353,6,549,5801,710,-4943,0,0
786,-23,1019,5712,-46,-4271,0,0
956,14,1208,5384,-151,-3865,0,0
1042,143,1268,4931,-268,-3804,0,0
902,315,1005,4020,-1767,-3022,0,0
26,288,481,3353,-1498,-2551,0,0
-829,207,114,2460,-611,-1537,0,0
-958,63,-253,328,34,230,0,0
-983,-243,-435,-1279,955,-255,0,0
-1322,-50,-363,-1228,651,-42,0,0
-722,96,-529,-523,-99,223,0,0
-520,58,-721,242,-683,-389,0,0
-470,100,-582,532,562,-40,0,0
-401,191,10,879,120,-989,0,0
-2145,387,742,1266,-1275,-9,0,0
-4901,-87,1073,2186,-1048,152,0,0
-4403,-558,709,3287,23,-1611,0,0
-2169,-313,-3,3982,-343,-1724,0,0
-2321,-205,-775,4207,612,-1958,0,0
-3056,-292,-1210,4490,3025,-2273,0,0
-2843,17,-770,4168,4650,-3019,0,0
-2627,561,-46,4362,3441,-1408,0,0
-1547,594,87,4645,3671,-1087,0,0
-259,424,41,4540,3144,-2418,0,0
-654,544,28,4455,2522,-1739,0,0
-545,460,3,4616,2529,-2912,0,0
-258,320,-63,5028,2567,-712,0,0
18,200,-169,5312,3352,-792,0,0
630,7,-123,5507,3979,-1284,0,0
790,-173,58,5702,3839,-1166,0,0
1350,-352,249,5229,4092,-999,0,0
3181,-419,440,4506,3988,-1291,0,0
5963,-344,681,4028,2647,-1240,0,0
7467,-341,612,3161,-249,-1415,0,0
4854,-433,43,1912,-1033,-1016,0,0
1885,-407,-428,1066,-860,-412,0,0
99,-110,-742,407,3,-37,0,0
-1081,187,-768,-26,193,62,0,0
-2974,533,-450,-111,1227,572,0,0
-2341,575,78,131,1245,167,0,0
-516,539,601,290,155,-639,0,0
-222,451,830,284,-642,-180,0,0
-324,220,807,306,-366,-193,0,0
128,111,558,1057,-723,-1010,0,0
-336,239,-167,2495,-831,-877,0,0
-2054,72,-1030,4531,1185,-1188,0,0
-2969,-163,-1329,5521,2757,-2726,0,0
-2906,-315,-637,6442,3094,-2975,0,0
-2178,6,-375,6705,2842,-1956,0,0
-1512,-20,-312,5419,2715,-1284,0,0
-2588,-74,-230,4734,3540,-1647,0,0
-2568,239,-364,4971,3885,-528,0,0
-2376,316,-679,5082,4902,638,0,0
-1727,156,-557,5235,6032,481,0,0
-938,-149,-6,5533,5563,797,0,0
277,-632,367,5162,4694,949,0,0
1191,-878,583,4524,3484,-40,0,0
1471,-792,588,3954,3521,-74,0,0
3114,-698,534,3455,2963,-857,0,0
3893,-488,268,2881,1149,-1773,0,0
2689,-323,-283,1226,1239,-1193,0,0
3497,-325,-219,-506,1011,40,0,0
4668,-395,256,-597,-32,1162,0,0
4680,-514,284,-715,-688,1274,0,0
3543,-497,-46,-556,-1031,663,0,0
2475,-484,-300,101,-1031,288,0,0
2008,-574,-323,599,-810,-250,0,0
2338,-463,-86,943,-754,-1277,0,0
2328,15,274,1805,-1246,-2058,0,0
1565,487,329,2575,-1095,-2203,0,0
622,666,-19,3403,-1260,-1751,0,0
-841,453,-473,4105,-662,-2172,0,0
-782,43,-395,4308,-573,-4216,0,0
-655,88,-89,4377,-1644,-4821,0,0
-1107,318,-157,5032,-1781,-4140,0,0
-1310,374,-246,5579,-1455,-3969,0,0
-1720,173,-148,6100,-1151,-4064,0,0
-1615,114,-15,6253,-349,-5318,0,0
-665,377,193,6015,-519,-5047,0,0
-958,477,286,5712,-305,-3691,0,0
-827,339,336,5337,246,-3587,0,0
-218,158,468,4759,-294,-3228,0,0
-693,-86,336,4358,-428,-1979,0,0
-794,-295,-71,3817,-66,-1812,0,0
-288,-348,-300,2809,2,-1807,0,0
-682,-132,-469,1754,-235,-614,0,0
-1710,157,-700,862,361,-80,0,0
-3336,413,-644,452,828,-68,0,0
330,422,-276,164,1389,584,0,0
2752,188,177,-153,724,204,0,0
2942,178,301,-213,-550,-601,0,0
1078,228,72,-73,-449,-446,0,0
54,-47,-74,-175,-228,-164,0,0
787,-297,158,422,-1085,-663,0,0
1257,-323,304,1607,-1822,-1393,0,0
461,-272,-283,3033,-1211,-1653,0,0
-197,-405,-1295,4119,158,-3281,0,0
-1358,-354,-1216,4495,496,-4063,0,0
-2134,-270,-462,5360,1297,-3223,0,0
-2992,-356,-429,5555,1344,-3876,0,0
-1007,-277,-155,5183,1580,-4544,0,0
-1036,-123,111,5414,1734,-4353,0,0
-527,-75,119,5263,1502,-4407,0,0
-864,-50,130,5230,2604,-4099,0,0
-813,-127,371,5626,3502,-4395,0,0
92,-80,858,5479,2528,-4941,0,0
125,153,1133,4977,1907,-4180,0,0
8,108,1182,4400,2037,-3481,0,0
310,14,1105,3639,1141,-3184,0,0
-203,92,798,2768,542,-3011,0,0
-873,174,312,2259,359,-1719,0,0
-562,60,-216,1327,47,-1050,0,0
-197,-99,-361,276,159,-273,0,0
-22,-303,-67,-371,157,545,0,0
235,-334,152,-719,-123,79,0,0
619,128,168,-556,13,-492,0,0
1042,656,263,-229,-333,-19,0,0
470,813,387,33,-373,430,0,0
219,636,531,738,-5,215,0,0
488,288,565,2121,-131,-488,0,0
314,-49,308,3354,-84,-940,0,0
98,-175,-105,4163,-400,-1174,0,0
-58,-274,-355,4096,-436,-1800,0,0
-573,-287,-476,4547,-448,-2579,0,0
-1284,-59,-616,5089,-1006,-2529,0,0
-2060,-224,-466,5117,380,-1853,0,0
-1157,-695,-436,4175,143,-3082,0,0
-1390,-498,-783,4614,1891,-3803,0,0
222,-380,-842,4337,2572,-4921,0,0
843,-480,-784,3641,1231,-4785,0,0
220,-394,-684,3988,1305,-4618,0,0
821,-197,-576,5255,953,-3704,0,0
1280,59,-901,5568,492,-3605,0,0
892,200,-1222,5468,2088,-4390,0,0
525,355,-660,5710,2197,-3998,0,0
-2112,392,43,5537,1716,-3357,0,0
-456,367,308,4199,2062,-2091,0,0
-345,212,177,3663,1618,-1711,0,0
-510,-31,-408,2432,1693,-456,0,0
-305,-262,-593,1530,1740,-809,0,0
-444,250,-413,1345,1092,-785,0,0
-206,1130,-209,248,-69,208,0,0
-132,1380,73,121,-187,408,0,0
-571,931,238,373,332,-70,0,0
-89,608,252,117,408,-966,0,0
610,578,76,39,1155,-1385,0,0
774,562,364,123,1618,-1338,0,0
579,427,1189,1015,621,-1248,0,0
322,90,1310,2870,-367,-1472,0,0
402,-131,337,3487,-210,-2427,0,0
37,-79,-463,3985,1037,-2488,0,0
-620,-253,-882,4656,2915,-2083,0,0
-119,-471,-662,4659,2321,-2059,0,0
-51,-570,-293,4532,1060,-2046,0,0
-330,-626,0,4144,858,-1983,0,0
-405,-557,144,3584,1323,-1920,0,0
-404,-522,35,3502,1782,-2252,0,0
-662,-594,112,3702,2126,-2558,0,0
-712,-702,290,4177,2264,-3527,0,0
-419,-598,380,4755,2446,-4606,0,0
-336,-387,434,4681,2929,-4462,0,0
14,-343,669,4610,3093,-4531,0,0
215,-334,917,4625,2591,-4394,0,0
500,-381,985,4736,2030,-4068,0,0
708,-507,989,4482,1694,-3770,0,0
717,-620,895,3758,878,-3270,0,0
458,-686,711,2689,473,-2856,0,0
241,-624,451,1830,22,-2100,0,0
-57,-432,1,832,-414,-1268,0,0
210,-168,-527,-337,-151,-980,0,0
165,262,-707,-1445,530,-66,0,0
610,628,-567,-1596,403,798,0,0
610,843,-709,-1237,-231,358,0,0
583,908,-997,-186,41,41,0,0
776,587,-1066,775,-84,42,0,0
828,245,-569,1578,301,93,0,0
817,-181,-15,2566,186,-348,0,0
265,-522,-65,3601,272,-1375,0,0
-316,-637,-436,3712,79,-2652,0,0
-1645,-518,-321,4336,550,-3265,0,0
-2475,-444,-43,5087,2444,-3799,0,0
-1388,-318,84,4824,2028,-4624,0,0
-949,28,276,4582,2045,-3805,0,0
-2248,-71,487,4281,1283,-3995,0,0
-56,-54,491,3960,1529,-4305,0,0
159,44,339,3927,1835,-4326,0,0
246,145,252,4366,1448,-4120,0,0
254,149,166,4968,1545,-3952,0,0
330,37,287,5188,1058,-4179,0,0
158,-19,539,5369,1062,-4279,0,0
487,-25,652,4980,820,-4166,0,0
216,39,605,4242,465,-3692,0,0
-320,53,357,3814,936,-3112,0,0
-220,-62,232,3517,1160,-2968,0,0
72,-71,172,3313,941,-2870,0,0
421,-60,-64,2558,533,-2173,0,0
438,24,-131,1528,-72,-1057,0,0
8,275,14,454,-140,269,0,0
-144,589,71,49,293,438,0,0
744,918,142,-260,-83,126,0,0
27,1010,35,-414,-96,186,0,0
-723,809,17,-359,185,84,0,0
-686,430,192,-159,-33,-133,0,0
-177,24,367,272,233,-808,0,0
375,-174,466,1037,-54,-1157,0,0
512,-167,464,2028,-140,-1233,0,0
317,-20,189,3295,-414,-1267,0,0
171,234,-547,4434,-158,-2305,0,0
-74,287,-945,5289,241,-3242,0,0
-722,158,-847,5927,1217,-2808,0,0
-413,87,-634,6028,1189,-2553,0,0
-136,35,-410,5788,1365,-2669,0,0
-145,-29,-64,6114,2365,-3217,0,0
240,-48,284,6309,1734,-3519,0,0
32,-136,417,6556,2044,-3682,0,0
249,-370,577,6058,1657,-4023,0,0
369,-519,936,5526,995,-4104,0,0
313,-467,970,4996,459,-3536,0,0
-82,-360,820,4318,334,-2881,0,0
-534,-301,533,3970,130,-2561,0,0
-656,-212,163,3445,260,-2404,0,0
-691,7,-49,2793,491,-1490,0,0
-602,142,-364,1517,-32,-1355,0,0
-572,342,-692,399,-3,-1375,0,0
-784,546,-892,-209,730,-601,0,0
-456,525,-670,-680,615,1,0,0
-7,317,-290,-340,139,194,0,0
666,92,-249,-62,-212,2,0,0
881,36,-160,592,-528,-245,0,0
397,5,52,779,-99,192,0,0
506,-118,723,1828,-72,125,0,0
338,-107,1142,2716,-229,-703,0,0
183,23,1077,3514,-514,-1075,0,0
-217,242,593,4622,-887,-1710,0,0
-972,316,-115,4872,-195,-2212,0,0
-1629,-35,-260,5673,1027,-2879,0,0
-507,-318,-398,5290,850,-4426,0,0
-341,-271,-491,5000,922,-4223,0,0
-332,-203,-515,5324,1673,-4052,0,0
413,-153,-311,5901,1598,-3869,0,0
778,-128,-203,6635,1181,-3649,0,0
658,-235,68,6782,1579,-4282,0,0
555,-309,739,6579,1275,-3787,0,0
456,-440,1376,5976,590,-3120,0,0
420,-546,1347,5027,208,-3359,0,0
731,-428,828,3695,474,-3317,0,0
1128,-460,478,2658,207,-2614,0,0
908,-583,89,1911,-554,-1727,0,0
-56,-305,-586,843,-756,4,0,0
-2350,750,-1352,367,-510,1253,0,0
-3307,2259,-1575,-250,1067,591,0,0
-9,2858,-822,-55,516,-515,0,0
1033,2222,-404,412,-788,-929,0,0
97,1374,-273,448,-4,-868,0,0
281,436,43,570,361,-272,0,0
691,-264,233,206,411,29,0,0
765,-511,317,636,298,11,0,0
877,-776,239,1903,-296,-832,0,0
505,-825,-33,2701,-1026,-1100,0,0
-589,-440,-553,4627,105,-1382,0,0
-317,-149,-1145,5402,1262,-2215,0,0
-516,-86,-905,5673,1215,-2136,0,0
-858,-74,-485,6357,2173,-2244,0,0
-163,-124,-177,6709,1854,-3121,0,0
-284,-105,-258,7240,2903,-3425,0,0
-137,-256,-278,7209,3137,-3409,0,0
73,-534,-14,7258,3202,-3499,0,0
773,-853,732,6543,2301,-3530,0,0
462,-825,1249,5384,2181,-2947,0,0
523,-748,1439,4530,2122,-2903,0,0
610,-819,1505,4039,1689,-3187,0,0
56,-906,1310,3343,942,-2806,0,0
-95,-943,969,2297,-234,-1757,0,0
-634,-671,395,1085,-780,-965,0,0
-801,61,-453,57,-337,-1056,0,0
-404,890,-917,-478,637,-677,0,0
446,1102,-780,-649,630,23,0,0
821,824,-453,-383,-328,128,0,0
1041,535,-311,-4,-548,-158,0,0
1011,325,-106,70,-832,30,0,0
715,148,155,453,-475,131,0,0
822,-57,455,1862,-500,-346,0,0
174,-371,749,3687,-886,-1090,0,0
-1136,-607,535,4713,455,-1849,0,0
-466,-547,48,4426,590,-3287,0,0
-468,-151,-78,4362,-138,-3661,0,0
-929,-17,44,4609,-1,-3773,0,0
-270,96,-5,4406,-104,-3416,0,0
-34,186,-155,4498,23,-3143,0,0
-129,162,-231,4966,281,-3637,0,0
