-93,51,-38,456,-127,-3873,0,0
-273,86,-24,474,-61,-3936,0,0
-363,60,13,509,74,-3800,0,0
-135,3,33,559,195,-3754,0,0
-9,-43,42,526,70,-3974,0,0
82,-32,92,486,193,-3846,0,0
209,-28,88,355,23,-3810,0,0
-67,-9,76,371,-28,-4008,0,0
-249,-40,119,631,74,-4152,0,0
-14,-27,104,789,-7,-4474,0,0
96,71,23,701,-14,-4410,0,0
58,122,-64,634,73,-4111,0,0
-15,-43,90,828,93,-3916,0,0
27,-28,91,851,81,-3840,0,0
63,-20,88,836,89,-3804,0,0
145,-26,90,840,-43,-3881,0,0
90,-23,72,861,-58,-3908,0,0
72,-41,60,839,-58,-3936,0,0
156,-92,74,783,-16,-3918,0,0
353,-121,55,810,-155,-3984,0,0
199,-54,29,841,-147,-3954,0,0
111,-35,44,829,-96,-3948,0,0
171,-37,37,871,-198,-4037,0,0
91,-10,19,875,-123,-4032,0,0
128,14,5,960,-228,-3949,0,0
109,9,-44,951,-221,-3976,0,0
8,29,-31,935,-115,-3849,0,0
-57,67,44,966,-143,-3500,0,0
-246,148,127,982,-132,-2964,0,0
-522,315,207,796,-35,-2386,0,0
-766,462,326,831,-145,-1829,0,0
-800,396,406,968,-473,-1808,0,0
-622,255,87,987,-793,-2031,0,0
-963,10,-321,444,-252,-2849,0,0
-1226,-273,-338,597,829,-4608,0,0
-659,-553,-204,1381,2768,-7502,0,0
1362,-484,51,1884,2153,-10345,0,0
739,258,259,1579,1657,-10654,0,0
-103,803,411,1252,1201,-8245,0,0
171,443,530,1624,102,-6302,0,0
674,-222,397,1157,-776,-3668,0,0
843,-834,221,720,-1117,-1758,0,0
580,-992,209,2081,-744,-1226,0,0
951,-478,123,2238,-1002,-620,0,0
308,427,-396,-1140,-57,-97,0,0
11,915,-659,-1977,354,-1167,0,0
115,804,-202,-941,486,-2603,0,0
874,564,-99,-615,-455,-2256,0,0
237,79,-234,-707,-487,-1333,0,0
-53,-632,83,-477,-199,-2192,0,0
142,-520,-118,-484,-277,375,0,0
-497,-539,-427,1392,266,-684,0,0
200,-199,-153,977,38,-3610,0,0
329,508,-320,2985,-941,-5696,0,0
-1013,196,-644,331,1020,-10421,0,0
-143,-296,448,2644,980,-15353,0,0
1301,931,1138,2741,-3362,-12077,0,0
257,1569,37,3572,-1056,-4879,0,0
733,512,-97,3491,-738,-3955,0,0
276,-289,62,1847,336,-1119,0,0
810,-1423,384,1736,-559,1178,0,0
-293,-2141,743,1898,-1591,587,0,0
-1045,-2027,422,892,-1059,-1064,0,0
331,-1349,-64,-388,-1043,-2826,0,0
537,-90,-736,-2585,-605,-3251,0,0
-244,855,-723,-2528,359,-2109,0,0
-427,563,-182,-1692,37,-2060,0,0
-931,-572,-196,-1355,773,-2209,0,0
230,-1469,133,-718,-18,-3281,0,0
287,-872,187,110,-636,-2796,0,0
403,-17,-149,1412,-615,-3508,0,0
214,1380,-278,462,-945,-2619,0,0
-888,1972,-203,1695,-832,-3769,0,0
-1803,947,288,1106,-356,-7704,0,0
-1719,-165,649,2170,1348,-12801,0,0
1224,-145,1040,3203,-1722,-14958,0,0
222,713,78,1921,-254,-9207,0,0
475,125,59,625,368,-4946,0,0
610,-401,698,511,-1117,-230,0,0
58,-718,405,2204,-1184,2643,0,0
-405,-1194,119,2185,-717,1048,0,0
567,-1180,-2232,-1504,-669,-1876,0,0
1675,-398,-547,-1579,-2112,-3136,0,0
76,758,-754,-1697,-550,-1389,0,0
-513,717,-621,-1712,142,315,0,0
-1307,-757,-134,-2009,251,-922,0,0
-531,-1859,96,-1566,-759,-3150,0,0
-210,-1184,-115,-738,-1626,-2387,0,0
-350,-496,-378,553,-645,-3940,0,0
232,540,-639,922,239,-4422,0,0
82,1724,-621,588,885,-3069,0,0
-958,1348,39,240,1296,-4101,0,0
-1481,-226,112,994,1300,-8869,0,0
-625,-742,167,308,716,-12301,0,0
550,11,387,881,-409,-12151,0,0
271,666,187,487,-304,-11101,0,0
127,910,-135,-599,121,-8463,0,0
-99,691,-25,-845,705,-5370,0,0
192,179,378,698,-384,-2170,0,0
738,70,367,1290,-751,1138,0,0
1208,-228,-79,1555,-1188,874,0,0
392,-98,-373,264,74,-103,0,0
743,371,-630,-1403,82,-1103,0,0
314,822,-491,-1560,87,-1261,0,0
-184,830,-333,-1467,300,-974,0,0
-307,309,-251,-195,32,-1754,0,0
-142,188,-123,308,204,-1654,0,0
50,422,-19,1028,14,-1374,0,0
-231,787,482,434,-199,-361,0,0
-782,668,844,1422,-612,977,0,0
-900,-707,1016,2409,-921,-270,0,0
-329,-2106,973,2689,-1134,-2709,0,0
-4,-2436,-103,683,-1185,-5911,0,0
-849,-2165,-1047,81,91,-7968,0,0
-747,-1884,-1220,-1622,1229,-9975,0,0
-81,-3648,-762,-2358,986,-11483,0,0
346,-1055,-211,-3413,68,-13282,0,0
289,-263,9,-3774,-856,-13998,0,0
-210,602,-39,-3182,-439,-10924,0,0
-355,672,-77,-1307,-96,-6388,0,0
-187,470,27,480,-32,-1103,0,0
344,125,-85,1220,-480,520,0,0
384,303,11,1386,-819,953,0,0
783,571,-285,-276,-477,95,0,0
334,763,-765,-290,215,436,0,0
266,683,-504,-621,491,-637,0,0
250,718,-313,-811,30,-837,0,0
-499,394,-86,-1507,389,-233,0,0
-304,-803,404,-1143,-66,-1778,0,0
23,-908,484,-824,-875,-1690,0,0
-33,-430,272,386,-1269,-2719,0,0
70,338,-128,1414,-1347,-4107,0,0
-417,1682,-492,521,-143,-3940,0,0
-390,1300,-54,1120,109,-4820,0,0
-798,46,25,1568,713,-6209,0,0
-73,-755,236,10,438,-8430,0,0
-181,-602,355,775,-372,-7930,0,0
-917,-64,143,822,531,-5860,0,0
-232,10,188,-819,714,-5986,0,0
37,-9,300,-916,675,-8443,0,0
337,216,300,-1384,373,-10549,0,0
157,292,251,-1356,-89,-10866,0,0
-127,410,387,-871,-459,-6802,0,0
-415,449,488,1853,-727,-1097,0,0
144,452,106,2627,-1020,3230,0,0
-247,-60,-457,2546,-682,5185,0,0
44,-1192,-643,-1307,732,465,0,0
926,-798,-383,-1653,47,-2541,0,0
800,282,-12,-1573,-264,-3355,0,0
337,614,-57,-1854,-216,-3140,0,0
-214,131,-28,-2018,17,-3380,0,0
185,-153,111,-1292,-456,-3636,0,0
-61,487,206,-696,-541,-1402,0,0
76,920,64,662,-612,-769,0,0
190,1383,-262,2081,-336,-1163,0,0
-236,1281,-427,4127,35,-2495,0,0
346,-313,-384,4274,385,-5838,0,0
704,-1427,-462,1951,441,-7994,0,0
454,-1254,133,162,-875,-8214,0,0
-825,-696,405,1052,-484,-5845,0,0
-148,-831,4,423,-446,-4715,0,0
194,-632,-66,-492,-198,-3281,0,0
336,-153,61,-1222,-430,-2552,0,0
13,70,48,-1552,-463,-3881,0,0
-333,43,-110,-1765,140,-7518,0,0
23,480,178,-1385,61,-10262,0,0
11,973,433,-149,-386,-9599,0,0
-344,662,321,1063,-537,-7887,0,0
-427,28,321,825,-182,-4266,0,0
-2192,-767,405,617,-372,-1675,0,0
197,-923,31,884,-621,547,0,0
-354,-827,-150,2678,-913,1237,0,0
-228,-913,-254,-191,-273,-1423,0,0
778,-333,-422,-473,-672,-2559,0,0
381,590,-283,-752,-531,-2858,0,0
75,959,-390,-1738,76,-2110,0,0
-249,310,-394,-1566,383,-1345,0,0
152,-450,-36,-1405,-127,-1805,0,0
172,-183,150,-937,-1008,-786,0,0
-185,270,-16,653,-1206,-1311,0,0
-268,792,-456,1398,-489,-2578,0,0
-231,953,-538,1695,553,-4268,0,0
-27,164,-353,-215,996,-6180,0,0
-171,-700,32,8,1250,-8450,0,0
577,-877,469,-288,-896,-11119,0,0
-679,-108,349,1379,-892,-8875,0,0
-335,285,85,198,87,-5995,0,0
-393,-60,-70,-437,266,-4804,0,0
-342,-436,-134,-308,424,-3502,0,0
-139,-571,-66,-26,-159,-2565,0,0
-256,-568,87,271,33,-1227,0,0
350,-595,23,270,-83,-923,0,0
97,-398,-37,-232,-56,-1114,0,0
-2424,-117,-25,-1197,335,-1999,0,0
-714,46,38,-1388,463,-4010,0,0
-38,70,218,-937,796,-7788,0,0
878,612,370,-1944,272,-10935,0,0
235,1274,457,-1053,334,-12395,0,0
513,1642,278,687,-310,-11413,0,0
414,1582,-136,341,130,-7908,0,0
629,747,17,1112,-432,-4703,0,0
555,232,84,981,-586,939,0,0
833,-259,-254,1038,-503,2881,0,0
-621,-462,-403,3284,-638,4454,0,0
-1077,-1053,-206,-666,684,1615,0,0
-42,-805,-30,-1555,-305,-2279,0,0
26,185,177,-1223,-405,-2640,0,0
266,589,-166,-1719,-659,-3051,0,0
-288,284,-351,-1955,-292,-2804,0,0
13,-674,-242,-1001,39,-4679,0,0
856,-672,-169,-733,-559,-3549,0,0
-49,27,-359,-685,242,-279,0,0
-280,131,-249,1228,325,-1535,0,0
-430,1023,-59,1101,678,-2093,0,0
-278,1331,192,3529,-193,-3899,0,0
58,61,363,3094,-91,-7896,0,0
1087,-1243,280,532,-501,-9878,0,0
271,-896,565,730,-2496,-9581,0,0
-1635,-179,-114,1135,274,-6384,0,0
-362,-455,-251,303,849,-5830,0,0
-124,-344,162,-572,309,-3960,0,0
-314,-93,518,-431,53,-2116,0,0
-13,-93,617,-328,-162,-2070,0,0
-95,-53,501,-486,193,-2231,0,0
-137,86,299,-1046,352,-3349,0,0
-64,183,282,-706,200,-6408,0,0
536,471,280,-15,-42,-9204,0,0
581,913,26,18,-313,-10283,0,0
413,856,-90,1165,103,-10949,0,0
671,728,-106,1158,-1382,-7985,0,0
244,277,35,1095,-440,-3573,0,0
751,-128,236,140,-181,806,0,0
-5,-280,-363,819,-288,3444,0,0
-3456,-525,-1060,2848,-1682,5447,0,0
-4220,-1355,-761,-528,1258,1475,0,0
778,-1775,-1,-948,62,-4110,0,0
2136,-168,330,-2171,-380,-4882,0,0
305,762,-413,-2727,-125,-4904,0,0
-477,442,-619,-2798,584,-4304,0,0
444,-210,-205,-965,188,-4268,0,0
822,238,137,-690,-9,-1194,0,0
39,626,0,703,515,-243,0,0
95,1049,-109,1638,995,-1593,0,0
-336,1871,230,2496,1065,-927,0,0
-752,694,455,4130,793,-4452,0,0
122,-615,384,2123,1477,-6557,0,0
1219,-1074,499,919,-288,-9695,0,0
255,-462,482,1941,-1408,-8262,0,0
-493,54,73,1485,277,-5124,0,0
-146,88,11,122,398,-3637,0,0
-879,-33,92,324,758,-3156,0,0
-576,-297,145,-282,870,-4601,0,0
239,-524,159,78,597,-8704,0,0
889,-219,10,-22,616,-11843,0,0
1154,586,-30,361,-372,-11522,0,0
390,978,26,1058,35,-6545,0,0
589,411,89,1424,-270,-636,0,0
528,-211,-58,711,-371,3071,0,0
330,-806,-347,1681,-313,3770,0,0
-592,-1436,-135,714,63,2612,0,0
-266,-1588,236,-2158,89,-1389,0,0
-284,-844,177,-1099,-819,-2099,0,0
-723,-316,-57,-1495,-535,-2447,0,0
-262,-401,-293,-1736,-541,-3588,0,0
341,-343,-316,-805,-556,-3698,0,0
291,232,-312,-957,-97,-2588,0,0
-234,843,-417,-164,349,-1011,0,0
-548,1057,-293,310,889,-323,0,0
-378,441,-15,2530,659,-1617,0,0
-1020,-746,122,3094,1316,-5139,0,0
11,-1553,153,483,1735,-7547,0,0
1412,-1364,590,-3055,45,-8527,0,0
673,-866,1103,-2219,-1242,-9192,0,0
479,-480,791,-1676,-1855,-9168,0,0
83,-56,140,-1048,-1228,-7839,0,0
-534,361,-260,-740,-180,-4957,0,0
-847,438,-281,-785,541,-2602,0,0
-529,241,-92,-887,404,-1763,0,0
-143,-28,112,-857,-9,-1446,0,0
-142,-216,12,-965,-265,-1693,0,0
-390,-227,-167,-1180,-116,-2154,0,0
-1079,-172,-235,-1196,111,-3060,0,0
-1638,-79,-255,-1136,1153,-4740,0,0
-987,116,-283,-1064,1868,-6275,0,0
-841,416,-206,-1082,2584,-7032,0,0
-386,639,13,-804,3317,-8112,0,0
648,849,181,-786,3488,-9980,0,0
521,1322,300,-789,3545,-10509,0,0
273,1554,707,-380,2288,-7608,0,0
304,1066,918,651,1109,-3925,0,0
846,604,542,973,-815,752,0,0
665,288,-139,896,-1242,2635,0,0
632,-146,-301,1746,-1675,2412,0,0
539,-410,-325,-748,-515,-203,0,0
1038,231,-422,-1090,-512,-783,0,0
877,587,-269,-1421,-253,-1101,0,0
343,366,-34,-1015,-279,-897,0,0
-182,-443,-20,-698,-44,-1797,0,0
253,-920,-48,-880,174,-3243,0,0
298,-351,-19,-736,-261,-1774,0,0
-419,112,-53,352,206,-2897,0,0
-25,579,-200,1132,-24,-4411,0,0
69,607,-207,4650,-107,-6144,0,0
-337,227,-101,2810,509,-5242,0,0
-903,-653,-40,-1164,976,-5553,0,0
-687,-1411,485,757,76,-7491,0,0
-834,-1060,410,1028,-52,-6528,0,0
-1792,-635,-138,363,1400,-5194,0,0
-619,-690,-155,58,1305,-4000,0,0
10,-718,-58,-225,484,-2889,0,0
-36,-605,125,-577,380,-2148,0,0
331,-572,266,-154,-58,-1990,0,0
445,-428,83,-1024,189,-2017,0,0
209,-316,-83,-1586,272,-2759,0,0
-306,-335,4,-1203,948,-4750,0,0
356,-180,93,-1959,1085,-7770,0,0
229,273,207,-2042,1283,-9946,0,0
657,667,-2,-1151,1395,-11069,0,0
632,1088,-270,-922,1254,-10948,0,0
-76,1377,-140,-865,1717,-9215,0,0
269,1124,196,-119,1252,-6279,0,0
760,606,246,609,101,-1225,0,0
643,250,-199,1025,-1116,1808,0,0
-356,-162,-789,731,-457,3320,0,0
227,-643,-743,-1434,69,-717,0,0
144,49,-137,-1083,449,-1266,0,0
369,225,-58,-1682,120,-2370,0,0
-553,-112,-291,-1843,299,-1554,0,0
-432,-1028,37,-1725,469,-2949,0,0
676,-876,666,-1163,-189,-1477,0,0
-51,-355,691,425,-301,-1876,0,0
-164,202,388,1320,331,-3138,0,0
-11,985,116,1141,310,-4271,0,0
-921,1032,215,2231,615,-4364,0,0
-13,76,231,-194,1277,-4929,0,0
145,-988,216,-1109,791,-8796,0,0
474,-890,556,575,-3,-9266,0,0
-83,-115,190,746,-107,-7704,0,0
-900,219,-190,-1115,1064,-6233,0,0
-1126,-193,-93,-921,1584,-7662,0,0
-53,-257,142,-721,1785,-9222,0,0
770,14,150,-1724,827,-11308,0,0
9,589,291,-1847,286,-9791,0,0
55,778,189,-762,147,-5268,0,0
437,567,20,1581,-481,-1473,0,0
599,732,-186,2248,-495,2603,0,0
703,495,-900,2189,-671,4297,0,0
-214,-163,-1009,-760,474,1225,0,0
81,-136,-230,-788,453,-467,0,0
828,354,211,-1371,-56,-1067,0,0
434,581,-9,-1665,-197,-1615,0,0
-119,-97,-176,-2214,118,-2330,0,0
296,-1021,131,-1192,-105,-4754,0,0
681,-527,365,-562,-176,-2004,0,0
-552,133,96,449,310,-1593,0,0
-79,707,123,1913,129,-2672,0,0
-217,1341,11,2792,-94,-2685,0,0
-887,334,-132,3112,630,-5358,0,0
-19,-665,50,756,1136,-6247,0,0
785,-1032,417,-295,-241,-7763,0,0
-199,-656,494,376,-982,-8086,0,0
-466,-392,-25,1598,-223,-7498,0,0
84,-185,-320,734,218,-5709,0,0
-290,-59,-241,-6,732,-3691,0,0
-377,-210,-64,-160,507,-2668,0,0
-360,-374,127,-185,58,-1955,0,0
-70,-507,217,-336,-57,-1814,0,0
-4,-572,53,-781,-71,-2750,0,0
-239,-403,-46,-1194,385,-4034,0,0
-369,-303,133,-411,762,-7519,0,0
-36,130,341,-357,1037,-9889,0,0
611,695,368,-435,1061,-11787,0,0
581,1245,295,-434,514,-10220,0,0
519,1078,174,134,198,-5803,0,0
993,140,117,1005,-486,-1835,0,0
642,-394,-3,-130,-261,2005,0,0
342,-808,-289,917,-708,2637,0,0
-998,-940,-424,800,-52,3782,0,0
-845,-1607,-363,-1641,733,-584,0,0
-245,-1291,163,-189,-108,-2753,0,0
33,-346,218,-577,-424,-3189,0,0
168,36,-34,-1074,-512,-2958,0,0
-152,-293,-91,-1920,-95,-1942,0,0
-4,-806,-65,-1521,-171,-2140,0,0
-257,-503,191,-266,286,-1914,0,0
74,79,398,579,140,-4000,0,0
379,1030,210,-386,-384,-6017,0,0
69,1600,-54,-972,-699,-6707,0,0
-991,1148,-195,-2193,-7,-5611,0,0
-1149,-135,-323,-1096,1625,-7846,0,0
853,-469,-202,333,700,-7543,0,0
-252,-39,-548,1093,700,-6062,0,0
-674,162,-669,-19,1736,-4718,0,0
128,-13,-110,-630,1537,-4882,0,0
191,163,247,-692,993,-4870,0,0
-9,546,356,-1233,551,-4414,0,0
115,616,398,-979,200,-5200,0,0
746,611,253,-519,324,-6475,0,0
1309,674,81,45,-131,-8279,0,0
645,962,2,629,-404,-7822,0,0
-85,1033,-70,993,-272,-5808,0,0
-565,560,76,897,-221,-2706,0,0
-287,-382,204,991,25,-735,0,0
290,-1057,149,396,-232,103,0,0
126,-1146,-36,1737,-155,-262,0,0
-141,-705,-166,1397,431,16,0,0
181,-242,-482,-1352,735,-1631,0,0
10,394,-199,-749,243,-1819,0,0
340,681,373,-1951,-237,-1569,0,0
-89,60,313,-2249,-758,-2014,0,0
-165,-884,203,-609,-376,-4320,0,0
736,-390,183,-657,-669,-1800,0,0
-379,413,-14,242,-461,-1711,0,0
-784,1148,64,1235,-169,-1380,0,0
-798,1189,37,2549,-484,-2598,0,0
-694,472,-8,1269,646,-5482,0,0
487,-167,-134,903,276,-7153,0,0
350,-247,-62,743,-24,-7227,0,0
-193,-191,-117,1641,-510,-6191,0,0
-488,-261,-437,425,1046,-6316,0,0
90,-703,-509,-58,876,-10390,0,0
282,-374,-360,-210,1235,-10905,0,0
814,175,-256,-341,175,-10443,0,0
-105,714,8,-628,97,-8333,0,0
-67,636,-18,-750,475,-5324,0,0
149,196,66,341,-377,-1859,0,0
-137,-301,167,1061,-277,1029,0,0
325,-798,-122,2131,-329,1574,0,0
-47,-934,-226,1661,238,1729,0,0
98,-921,-47,-872,504,-675,0,0
350,-327,-24,-895,-358,-1266,0,0
281,158,56,-1086,-529,-2010,0,0
611,310,-8,-2057,-809,-2609,0,0
90,-50,-299,-1903,-602,-2405,0,0
123,-639,-174,-891,-261,-3710,0,0
282,-289,-98,-651,-125,-1142,0,0
-700,155,-105,177,425,-1260,0,0
-221,572,189,1235,-44,-2648,0,0
-225,1178,152,2324,-168,-3534,0,0
-470,571,-209,749,473,-6095,0,0
-261,-302,-35,1024,1058,-8418,0,0
548,-236,384,-191,-45,-8340,0,0
-682,31,162,645,-384,-7874,0,0
-887,269,130,1514,130,-5069,0,0
-2528,228,118,286,65,-2847,0,0
-1363,-185,52,289,113,-3044,0,0
-1379,-577,-48,54,1064,-3221,0,0
163,-921,-114,-937,1237,-5502,0,0
349,-740,104,-1083,1139,-7760,0,0
558,-316,145,-953,1632,-9448,0,0
954,261,224,-1360,1078,-10962,0,0
192,1010,479,-1292,1837,-10461,0,0
745,1215,603,-989,327,-7146,0,0
808,861,482,286,-81,-2927,0,0
1258,504,294,2341,-1327,1727,0,0
1059,227,-111,3447,-424,3720,0,0
885,-511,-241,586,-436,2357,0,0
330,-538,-104,-2157,189,1246,0,0
68,-170,-126,-1732,-684,438,0,0
-1012,-124,-44,-1551,-851,-1602,0,0
-392,-276,-122,-1408,-688,-2259,0,0
243,-619,-246,-1138,-783,-3670,0,0
40,-380,-299,-1253,115,-2228,0,0
-588,-47,-375,-363,355,-768,0,0
-1564,217,23,1752,155,-2061,0,0
-1799,651,236,2588,-34,-3200,0,0
-2786,456,-244,3124,1878,-5644,0,0
15,-195,-557,521,2492,-6304,0,0
2120,-732,90,-1930,996,-7469,0,0
1270,-812,273,-270,-122,-8347,0,0
240,-504,-400,181,-83,-6409,0,0
-433,-471,-677,-850,901,-5813,0,0
9,-701,-306,-1853,788,-6267,0,0
242,-763,-135,-1264,478,-6171,0,0
386,-686,-81,-683,213,-5984,0,0
-222,-504,-205,-549,686,-4003,0,0
-233,-627,-198,-1031,1007,-2320,0,0
-26,-773,179,-1558,151,-1247,0,0
-167,-698,531,-1257,153,-1189,0,0
108,-421,483,-232,-497,-1012,0,0
-465,-165,122,351,-361,-1241,0,0
-117,-174,0,-208,218,-2889,0,0
662,19,266,-962,59,-4874,0,0
241,494,334,-1815,-147,-5454,0,0
-78,554,94,-2451,-109,-5324,0,0
-32,312,-101,-1493,425,-6585,0,0
527,351,-57,-767,558,-8882,0,0
750,690,-37,-1307,511,-10925,0,0
684,1211,-23,-1265,580,-12398,0,0
419,1776,-102,-1650,-28,-8913,0,0
178,1478,3,-660,-25,-5817,0,0
-157,944,261,476,-361,-2575,0,0
-205,499,-38,433,-303,2951,0,0
452,-485,-508,2205,-323,4118,0,0
-332,-817,-469,1383,95,4836,0,0
-756,-1606,-341,-3089,633,-116,0,0
-449,-1712,159,-672,320,-3858,0,0
1144,-634,573,109,-113,-3687,0,0
715,246,198,-588,-1041,-3479,0,0
-1412,594,15,-1075,-241,-1972,0,0
-677,169,186,-1667,-37,-1743,0,0
145,5,470,-1095,-685,-2137,0,0
27,446,480,-262,-568,-2263,0,0
599,843,20,245,-375,-4765,0,0
1128,1297,-552,1119,-305,-6566,0,0
-139,1381,-793,655,200,-5209,0,0
-2112,589,-265,888,1025,-4778,0,0
-1652,-635,204,349,1721,-6287,0,0
591,-1119,414,1239,334,-7645,0,0
-362,-507,479,19,-58,-6125,0,0
-1721,-314,493,-585,1096,-5254,0,0
-624,-586,399,206,1399,-5205,0,0
1065,-561,-61,864,762,-4370,0,0
1144,-291,-340,658,336,-3728,0,0
-30,-11,-404,321,519,-3032,0,0
-383,80,-243,389,769,-2114,0,0
296,-28,-31,-219,544,-1803,0,0
654,-125,163,-1144,72,-1660,0,0
213,-265,117,-2479,216,-2661,0,0
1139,-471,32,-1346,-200,-4230,0,0
2297,-606,-106,-590,-1062,-4871,0,0
1285,-558,-485,-1813,-1652,-6037,0,0
-459,-2408,-523,-1200,-1183,-6114,0,0
-1017,-30,-433,-1218,-482,-4885,0,0
-608,-5,-372,-1412,-248,-4601,0,0
-27,-50,-338,-1434,-374,-4100,0,0
-40,-70,-429,-1246,-248,-3600,0,0
-55,-126,-438,-1261,-152,-3329,0,0
-14,-205,-359,-1406,-37,-3153,0,0
87,-324,-248,-1447,-42,-3432,0,0
207,-368,-122,-3488,-151,-3700,0,0
202,-354,-38,-1472,-177,-3983,0,0
295,-319,35,-1391,-268,-4136,0,0
301,-218,49,-1466,-335,-4117,0,0
193,-70,105,-1559,-385,-4019,0,0
47,65,236,-1528,-400,-3958,0,0
15,158,382,-1523,-520,-3907,0,0
-89,178,442,-1247,-501,-3957,0,0
-14,105,443,-817,-584,-4066,0,0
-24,76,378,-680,-561,-3922,0,0
-2216,10,282,-559,-353,-3694,0,0
-196,-170,298,-497,-149,-3604,0,0
30,-360,296,-909,-45,-3845,0,0
157,-412,272,-1120,-190,-3969,0,0
-73,-380,290,-1171,-188,-4098,0,0
-190,-272,325,-1337,-190,-4011,0,0
-348,-2200,330,-1286,-156,-3790,0,0
-417,-111,341,-1398,-26,-3583,0,0
-406,-134,304,-1414,53,-3484,0,0
-194,-184,262,-1392,153,-3616,0,0
133,-219,214,-1377,29,-3650,0,0
154,-208,157,-1338,7,-3623,0,0
-105,-223,84,-1257,141,-3624,0,0
-28,-262,11,-1279,212,-3642,0,0
181,-320,19,-1332,236,-3562,0,0
149,-407,41,-1408,119,-3695,0,0
183,-456,114,-1491,101,-3619,0,0
54,-539,125,-1748,149,-3676,0,0
175,-603,143,-1977,125,-3773,0,0
339,-576,136,-2206,-69,-3799,0,0
117,-470,155,-2212,-270,-3796,0,0
-262,-369,211,-2059,-185,-3686,0,0
-309,-346,201,-1981,-90,-3542,0,0
-219,-361,163,-2116,-76,-3454,0,0
-100,-432,123,-2217,0,-3673,0,0
229,-470,46,-2220,-151,-3874,0,0
280,-434,-62,-2224,-266,-4154,0,0
140,-347,-125,-2212,-325,-4361,0,0
-59,-201,-141,-2257,-236,-4366,0,0
-22,-15,-98,-2390,-104,-4207,0,0
93,182,-21,-2389,-196,-3687,0,0
-57,317,114,-2304,-79,-3125,0,0
-207,290,181,-2269,-56,-2846,0,0
-375,145,141,-2387,7,-2702,0,0
-425,-46,123,-2332,67,-2588,0,0
-310,-256,92,-2199,56,-2706,0,0
-226,-382,-30,-2418,185,-2817,0,0
-223,-452,-116,-2714,320,-2909,0,0
-297,-514,-102,-2803,304,-2887,0,0
-458,-602,-66,-2651,436,-3038,0,0
-321,-664,-70,-2668,415,-2954,0,0
-324,-673,-70,-2758,529,-2969,0,0
-264,-683,-37,-2983,488,-2892,0,0
-388,-656,39,-3205,494,-2728,0,0
-524,-650,148,-3285,453,-2595,0,0
-577,-697,103,-3256,622,-2632,0,0
-401,-760,-64,-3403,647,-2589,0,0
-445,-766,-135,-3523,675,-2536,0,0
-560,-702,-111,-3594,736,-2375,0,0
-675,-628,-101,-3638,807,-2287,0,0
-798,-563,-102,-3670,882,-2216,0,0
-871,-496,-130,-3739,869,-2091,0,0
-1241,-403,-201,-3753,947,-1968,0,0
-1575,-307,-259,-3685,1112,-1785,0,0
-1595,-257,-272,-3685,1275,-1640,0,0
-1312,-245,-259,-3722,1332,-1531,0,0
-990,-243,-255,-3725,1308,-1414,0,0
-723,-213,-290,-3774,1244,-1362,0,0
-537,-158,-328,-3802,1236,-1301,0,0
-445,-91,-289,-3784,1160,-1209,0,0
-495,-39,-226,-3895,1152,-1132,0,0
-572,-32,-221,-4019,1209,-1099,0,0
-609,-43,-224,-4013,1296,-1125,0,0
-552,-1,-173,-3917,1272,-1468,0,0
-682,118,-103,-3898,1238,-1458,0,0
-506,156,-74,-3901,1260,-1179,0,0
-108,133,-79,-3938,1189,-1025,0,0
80,130,-73,-3974,1100,-928,0,0
117,115,-55,-3974,1041,-882,0,0
140,78,-36,-3982,985,-875,0,0
144,37,-22,-3923,973,-900,0,0
149,7,-11,-3907,970,-967,0,0
123,4,-17,-3893,957,-1067,0,0
18,32,-29,-3924,970,-1125,0,0
-80,61,-42,-3936,1027,-1086,0,0
18,48,-44,-3903,1014,-999,0,0
183,6,-59,-3921,949,-998,0,0
219,-25,-104,-3932,872,-1095,0,0
134,-22,-132,-3929,892,-1157,0,0
117,2,-107,-3958,880,-1131,0,0
146,19,-69,-4113,868,-1090,0,0
168,25,-72,-4205,802,-1165,0,0
100,62,-80,-4022,715,-1182,0,0
22,99,-58,-3877,641,-1190,0,0
-16,109,-61,-3904,585,-1235,0,0
-96,88,-113,-3956,660,-1312,0,0
-77,15,-159,-3979,770,-1393,0,0
106,-103,-163,-3946,848,-1515,0,0
430,-180,-114,-3892,840,-1591,0,0
752,-173,-36,-3682,677,-1498,0,0
879,-106,55,-3564,514,-1365,0,0
824,-20,140,-3617,452,-1262,0,0
698,34,190,-3812,433,-1154,0,0
420,62,221,-3868,390,-1131,0,0
49,84,255,-3909,483,-1121,0,0
-74,73,257,-3932,572,-1171,0,0
17,39,263,-3974,471,-1271,0,0
36,19,287,-3990,388,-1254,0,0
-14,-7,353,-4027,405,-1169,0,0
14,-66,434,-4294,521,-1168,0,0
188,-154,412,-4307,705,-1262,0,0
564,-251,319,-3924,827,-1151,0,0
1026,-382,235,-3617,800,-1148,0,0
1369,-439,156,-3683,899,-1105,0,0
1693,-480,-14,-3687,759,-1273,0,0
1671,-410,-81,-3684,473,-1174,0,0
945,-310,-35,-3825,356,-1144,0,0
40,-225,57,-3951,559,-1160,0,0
-328,-196,151,-4113,843,-1128,0,0
-106,-227,144,-4137,941,-1141,0,0
205,-234,64,-4141,839,-1152,0,0
174,-186,-53,-4192,772,-1231,0,0
-50,-76,-135,-4112,762,-1316,0,0
-432,90,-146,-4041,705,-1485,0,0
-1055,308,-132,-4005,963,-1593,0,0
-901,443,-85,-3875,1071,-1536,0,0
-417,495,-35,-3768,870,-1304,0,0
-407,530,-24,-3704,751,-1196,0,0
-585,563,-47,-3781,721,-1193,0,0
-837,569,-109,-3945,753,-1131,0,0
-1050,503,-198,-4086,838,-1096,0,0
-1128,360,-254,-3925,859,-1094,0,0
-1093,169,-242,-3630,898,-1045,0,0
-774,-50,-192,-3597,1073,-1047,0,0
-39,-267,-155,-3710,1042,-1208,0,0
320,-340,-146,-3899,675,-1566,0,0
-611,-168,-201,-4045,595,-1844,0,0
-1324,37,-207,-4003,1205,-1627,0,0
-598,82,-60,-3821,1229,-1413,0,0
9,85,126,-3739,1095,-1267,0,0
270,63,213,-3912,1029,-1188,0,0
346,30,166,-3854,911,-1206,0,0
309,7,80,-3843,880,-1255,0,0
361,-4,23,-3935,868,-1345,0,0
452,29,38,-3918,784,-1399,0,0
459,103,127,-3804,657,-1271,0,0
359,157,221,-3809,584,-1119,0,0
143,162,206,-3880,541,-1061,0,0
-143,126,73,-3921,519,-1176,0,0
-452,107,-99,-3936,514,-1346,0,0
-828,130,-238,-3917,612,-1462,0,0
-1078,149,-304,-3867,860,-1423,0,0
-1094,139,-302,-3784,1074,-1346,0,0
-970,138,-235,-3709,1236,-1267,0,0
-783,145,-129,-3663,1293,-1227,0,0
-630,154,-43,-3654,1281,-1236,0,0
-471,160,10,-3606,1210,-1236,0,0
-320,155,45,-3609,1132,-1229,0,0
-187,150,14,-3840,1066,-1249,0,0
-206,168,-86,-4048,1070,-1241,0,0
-314,196,-167,-4216,1033,-1376,0,0
-520,240,-190,-4122,1019,-1487,0,0
-646,247,-102,-3891,1113,-1329,0,0
-505,164,11,-3756,1185,-1272,0,0
-357,77,27,-3666,1183,-1299,0,0
-378,56,-32,-3617,1313,-1277,0,0
-310,46,-78,-3618,1422,-1269,0,0
-153,35,-70,-3676,1407,-1328,0,0
-14,34,-14,-3757,1287,-1363,0,0
48,21,45,-3826,1159,-1357,0,0
64,-7,76,-3750,1084,-1367,0,0
31,-19,74,-3623,1100,-1331,0,0
4,-14,69,-3569,1154,-1309,0,0
-84,23,73,-3676,1211,-1282,0,0
-196,53,42,-3863,1268,-1354,0,0
-281,53,4,-3890,1266,-1403,0,0
-295,15,8,-3859,1286,-1342,0,0
-59,-48,34,-3704,1281,-1294,0,0
159,-95,63,-3748,1240,-1171,0,0
162,-141,25,-3764,1183,-1237,0,0
150,-162,-56,-3627,1220,-1235,0,0
260,-182,-50,-3578,1199,-1158,0,0
297,-198,11,-3805,1049,-1161,0,0
186,-207,-19,-3935,983,-1261,0,0
64,-217,-110,-3901,1135,-1332,0,0
191,-226,-110,-3807,1224,-1277,0,0
383,-204,25,-3810,1094,-1118,0,0
507,-192,129,-3855,898,-1092,0,0
432,-176,67,-3871,795,-1163,0,0
212,-162,-95,-3838,893,-1139,0,0
128,-164,-183,-3919,1017,-1078,0,0
193,-191,-159,-4048,1015,-975,0,0
284,-273,-128,-4011,946,-950,0,0
220,-379,-160,-3983,1017,-958,0,0
120,-478,-236,-3904,1297,-941,0,0
439,-565,-254,-3786,1333,-952,0,0
944,-513,-159,-3856,1308,-991,0,0
1324,-283,10,-3872,1046,-860,0,0
1126,-3,152,-3975,794,-605,0,0
397,195,184,-4124,703,-473,0,0
-339,240,154,-4078,886,-552,0,0
-475,153,128,-4119,1046,-609,0,0
-87,8,118,-4273,1070,-572,0,0
382,-118,139,-4416,962,-594,0,0
537,-163,117,-4361,851,-651,0,0
473,-180,72,-4090,810,-711,0,0
514,-226,126,-3605,779,-805,0,0
726,-200,298,-3589,823,-928,0,0
1419,-78,522,-3965,709,-1316,0,0
2044,152,684,-4276,196,-1438,0,0
1082,394,622,-4095,-22,-1316,0,0
-444,515,404,-3764,304,-1287,0,0
-1048,478,159,-3799,698,-1211,0,0
-890,322,-133,-3835,921,-1227,0,0
-486,121,-415,-3725,993,-1296,0,0
27,-71,-617,-3695,1005,-1449,0,0
465,-151,-683,-3907,860,-1602,0,0
398,-76,-594,-3984,614,-1525,0,0
-175,54,-420,-3957,606,-1351,0,0
-646,120,-216,-4053,812,-1365,0,0
-697,133,-23,-4372,1005,-1425,0,0
-358,121,150,-4000,871,-1387,0,0
-182,133,344,-3393,734,-1169,0,0
-169,137,431,-3333,793,-1074,0,0
-116,113,319,-3679,819,-1119,0,0
-148,96,117,-3951,782,-1267,0,0
-298,92,9,-4001,769,-1233,0,0
-370,36,53,-3961,816,-1247,0,0
-288,-37,119,-3865,839,-1342,0,0
-134,-66,81,-3780,829,-1401,0,0
-151,-41,-41,-3812,918,-1480,0,0
-266,2,-114,-3800,1076,-1559,0,0
-161,46,-100,-3755,1081,-1579,0,0
6,80,-71,-3835,904,-1500,0,0
-48,72,-96,-3992,868,-1436,0,0
-95,29,-154,-3893,974,-1363,0,0
-21,-16,-152,-3692,1095,-1153,0,0
233,-88,-154,-3779,1014,-1115,0,0
289,-125,-194,-3911,907,-1133,0,0
66,-121,-163,-3919,902,-1084,0,0
-12,-137,-25,-3903,943,-1195,0,0
308,-169,87,-3885,721,-1363,0,0
475,-130,55,-3917,364,-1582,0,0
-171,20,-84,-3929,341,-1523,0,0
-643,79,-164,-3859,673,-1219,0,0
-552,42,-119,-3848,848,-1106,0,0
-433,8,-65,-3831,924,-1104,0,0
-314,6,-65,-3885,977,-1147,0,0
-274,42,-58,-3885,987,-1042,0,0
-220,34,6,-3886,965,-1015,0,0
-56,5,85,-3946,872,-1096,0,0
29,-1,92,-4048,814,-1127,0,0
-167,23,56,-4025,884,-1096,0,0
-463,42,38,-3859,1053,-968,0,0
-298,-3,16,-3724,1148,-895,0,0
61,-60,-38,-3794,1089,-924,0,0
117,-65,-94,-3919,1058,-935,0,0
1,-40,-106,-3973,1044,-919,0,0
-142,-17,-66,-3985,1048,-912,0,0
-235,-8,8,-3959,1056,-939,0,0
-223,-14,74,-3936,1036,-945,0,0
-144,-19,76,-3959,953,-1019,0,0
-168,17,9,-4002,872,-1138,0,0
-347,72,-59,-3997,924,-1160,0,0
-437,82,-84,-3934,1046,-1091,0,0
-329,50,-65,-3907,1151,-1008,0,0
-104,10,-47,-3939,1168,-974,0,0
37,-20,-47,-3852,1109,-1010,0,0
85,-16,-28,-3846,1075,-960,0,0
163,-26,-5,-3951,994,-904,0,0
183,-47,12,-4004,934,-930,0,0
257,-108,36,-3993,841,-1007,0,0
376,-165,34,-3948,719,-1180,0,0
446,-185,-9,-3912,733,-1189,0,0
445,-187,-67,-3903,891,-1148,0,0
501,-150,-89,-3956,1063,-1039,0,0
671,-86,-18,-3958,974,-927,0,0
617,-21,109,-4061,817,-831,0,0
222,2,189,-4080,810,-969,0,0
-25,13,239,-4017,918,-889,0,0
142,-38,284,-3916,860,-924,0,0
333,-64,286,-3886,750,-1009,0,0
413,-41,223,-3888,646,-1059,0,0
324,9,136,-3883,527,-1202,0,0
-102,105,54,-4060,657,-1178,0,0
-463,161,-20,-4044,889,-1106,0,0
-250,135,-11,-3866,931,-1034,0,0
27,90,13,-3873,858,-1015,0,0
36,78,-26,-3874,803,-982,0,0
-126,76,-65,-3818,827,-954,0,0
-229,52,-84,-3911,888,-965,0,0
-301,34,-117,-4003,746,-1094,0,0
-939,136,-189,-4058,474,-1171,0,0
-2180,348,-304,-3838,879,-867,0,0
-2320,301,-341,-3871,1411,-911,0,0
-1089,92,-282,-3994,1444,-897,0,0
85,-73,-243,-4082,1207,-1001,0,0
389,-114,-210,-3920,1001,-1047,0,0
188,-78,-132,-3881,1010,-1075,0,0
69,-31,-24,-3940,1016,-1020,0,0
32,6,63,-3917,1030,-932,0,0
95,13,121,-3905,971,-872,0,0
88,0,120,-3923,936,-858,0,0
29,-13,100,-3917,1000,-826,0,0
150,-63,91,-3956,979,-853,0,0
232,-96,91,-3938,881,-935,0,0
154,-73,87,-3887,875,-943,0,0
139,-58,76,-3985,875,-1012,0,0
153,-55,51,-4011,858,-1023,0,0
110,-66,12,-4022,958,-1020,0,0
182,-98,-15,-3943,1045,-1070,0,0
304,-93,-2,-3887,1047,-1053,0,0
248,-49,23,-3940,906,-1084,0,0
-105,39,13,-4004,976,-892,0,0
-101,56,6,-4060,1061,-782,0,0
159,11,31,-4056,984,-818,0,0
220,-25,70,-4025,931,-830,0,0
214,-62,94,-3981,924,-826,0,0
259,-111,95,-3882,880,-835,0,0
292,-152,77,-3806,871,-818,0,0
367,-194,23,-3849,869,-842,0,0
414,-209,-54,-3842,852,-917,0,0
377,-186,-93,-3904,867,-885,0,0
323,-176,-107,-3975,868,-887,0,0
271,-184,-102,-4013,903,-850,0,0
278,-192,-59,-4015,880,-819,0,0
279,-193,-9,-3919,819,-788,0,0
274,-193,17,-3979,833,-762,0,0
390,-192,-2,-4083,845,-818,0,0
566,-165,2,-4121,769,-863,0,0
545,-96,73,-4126,636,-777,0,0
363,-41,131,-4165,572,-707,0,0
228,-35,114,-4125,550,-750,0,0
140,-31,55,-4060,542,-825,0,0
-38,-20,-10,-4027,588,-941,0,0
-216,5,-48,-3987,692,-1024,0,0
-324,48,-51,-4020,820,-999,0,0
-241,77,-32,-4063,909,-886,0,0
-41,84,4,-4066,909,-789,0,0
46,84,51,-4047,864,-735,0,0
81,78,93,-4008,773,-717,0,0
54,75,123,-4035,721,-727,0,0
22,58,115,-4020,669,-780,0,0
-24,37,67,-3992,667,-868,0,0
-148,46,21,-3986,791,-902,0,0
-271,46,7,-3994,908,-880,0,0
-299,30,13,-3962,1027,-846,0,0
-134,15,22,-3952,1074,-836,0,0
40,2,35,-3956,1051,-859,0,0
130,-1,55,-3955,989,-880,0,0
155,8,77,-3957,937,-874,0,0
179,19,94,-3969,898,-853,0,0
179,19,106,-4020,877,-828,0,0
140,9,114,-4013,863,-845,0,0
163,0,127,-3997,827,-880,0,0
165,0,115,-3967,783,-898,0,0
92,4,93,-3963,864,-912,0,0
84,4,64,-3992,928,-898,0,0
69,-7,26,-4006,966,-917,0,0
44,-12,7,-3971,1022,-941,0,0
89,-7,27,-3977,1032,-913,0,0
156,-7,39,-3966,975,-930,0,0
253,8,35,-3930,1073,-891,0,0
740,-21,75,-3911,1039,-1000,0,0
728,-23,108,-3904,803,-1089,0,0
273,31,81,-3858,799,-969,0,0
88,39,38,-3884,848,-908,0,0
14,12,-1,-3969,822,-946,0,0
-120,-7,-31,-3898,839,-1009,0,0
-196,-8,-34,-3898,884,-1062,0,0
-184,0,-39,-3939,921,-1080,0,0
-233,13,-47,-4050,977,-1082,0,0
-201,48,1,-4026,971,-963,0,0
-98,52,40,-3939,783,-932,0,0
-211,51,1,-3947,751,-957,0,0
-335,50,-56,-3921,831,-994,0,0
-437,50,-67,-3997,906,-982,0,0
-446,35,-65,-4002,990,-947,0,0
-358,2,-59,-3920,1015,-965,0,0
-239,-28,-62,-3814,1003,-993,0,0
-197,-51,-111,-3732,1069,-1032,0,0
-166,-34,-143,-3863,1221,-909,0,0
73,-32,-108,-4071,1219,-794,0,0
260,-49,-42,-4240,1033,-813,0,0
340,-91,-4,-4192,839,-945,0,0
524,-131,-5,-3974,594,-1104,0,0
539,-103,-13,-3903,488,-1035,0,0
345,-64,-60,-3852,561,-835,0,0
125,-69,-193,-3649,769,-783,0,0
-85,-77,-325,-3651,981,-848,0,0
-235,-82,-319,-4052,1099,-967,0,0
-49,-61,-157,-4384,1067,-1146,0,0
311,-21,95,-4327,766,-1140,0,0
616,-15,318,-4166,508,-981,0,0
600,-15,450,-4085,426,-872,0,0
101,12,480,-4073,565,-822,0,0
-142,-17,434,-3939,739,-817,0,0
90,-100,326,-3829,738,-832,0,0
321,-170,142,-3813,645,-885,0,0
144,-166,-51,-3918,744,-1025,0,0
-198,-84,-134,-4050,1026,-1036,0,0
-135,-29,-115,-4059,1114,-940,0,0
126,-29,-59,-4031,989,-892,0,0
155,-14,-5,-4048,948,-870,0,0
92,11,41,-4042,939,-856,0,0
72,20,75,-4018,913,-856,0,0
64,15,85,-4015,914,-851,0,0
92,4,78,-3981,902,-909,0,0
122,20,79,-3888,870,-893,0,0
90,52,88,-3867,851,-859,0,0
17,77,80,-3945,846,-865,0,0
-59,87,53,-3930,869,-811,0,0
-57,56,34,-3930,890,-797,0,0
1,9,14,-3930,891,-805,0,0
21,-26,-4,-3950,878,-816,0,0
-8,-49,-10,-3946,880,-831,0,0
-13,-74,-6,-3945,880,-835,0,0
8,-108,-12,-3952,892,-825,0,0
74,-151,-32,-3919,910,-885,0,0
156,-163,-65,-3901,929,-970,0,0
162,-131,-121,-4052,953,-1054,0,0
140,-101,-149,-4106,1017,-1049,0,0
211,-73,-91,-4082,987,-1000,0,0
230,-19,25,-4034,893,-940,0,0
177,41,102,-3945,766,-865,0,0
-56,113,134,-4000,748,-759,0,0
-311,155,176,-4015,786,-720,0,0
-355,123,206,-3950,842,-687,0,0
-180,32,164,-3981,882,-686,0,0
71,-43,73,-3977,761,-799,0,0
39,-38,-10,-3931,734,-856,0,0
-38,-14,-58,-3939,972,-868,0,0
418,-60,-49,-3925,1092,-945,0,0
776,-140,-64,-3898,861,-1001,0,0
363,-93,-111,-3997,835,-1080,0,0
-106,50,-116,-4049,985,-1051,0,0
-119,93,-84,-4031,954,-931,0,0
-104,95,-14,-4035,897,-881,0,0
-41,79,55,-4009,795,-866,0,0
-16,52,54,-3948,698,-907,0,0
-56,48,1,-3907,685,-911,0,0
-118,51,-64,-4039,858,-866,0,0
353,5,-46,-4007,1229,-853,0,0
1298,-69,89,-3918,904,-1127,0,0
866,1,154,-3948,661,-1202,0,0
151,79,142,-3928,855,-1100,0,0
166,61,128,-3921,797,-1051,0,0
80,41,80,-3966,681,-1008,0,0
-134,27,28,-3972,747,-1023,0,0
-115,-6,11,-3965,745,-1090,0,0
-93,-8,-9,-3885,693,-1189,0,0
-124,70,-30,-3848,743,-1184,0,0
-140,162,-45,-4033,840,-1052,0,0
-189,193,-46,-4109,839,-1026,0,0
-323,172,-4,-3979,780,-1076,0,0
-375,118,30,-3894,722,-1245,0,0
-294,89,-6,-3863,694,-1418,0,0
-230,93,-53,-3873,873,-1278,0,0
-191,76,-53,-3891,961,-1110,0,0
-325,58,-47,-3850,914,-1084,0,0
-652,49,-55,-3855,888,-1123,0,0
-817,42,-85,-3886,907,-1173,0,0
-722,53,-100,-3870,931,-1173,0,0
-573,64,-66,-3882,980,-1065,0,0
-428,45,-25,-3918,1022,-972,0,0
-351,9,-8,-3924,1059,-994,0,0
-242,-21,1,-3909,1086,-1046,0,0
-56,-47,19,-3863,1056,-1118,0,0
80,-47,46,-3893,1028,-1080,0,0
146,-47,74,-3975,1012,-1018,0,0
148,-56,88,-3965,986,-988,0,0
125,-73,86,-3930,986,-983,0,0
130,-96,55,-3930,997,-1059,0,0
160,-91,40,-3891,1013,-1052,0,0
220,-78,49,-3927,960,-999,0,0
212,-69,44,-3911,912,-968,0,0
152,-63,32,-3894,929,-953,0,0
144,-61,14,-3885,921,-965,0,0
90,-45,-5,-3931,957,-976,0,0
25,-33,-14,-3940,1022,-962,0,0
28,-36,-3,-3933,1028,-967,0,0
21,-42,17,-3907,1017,-987,0,0
49,-51,26,-3868,973,-984,0,0
26,-57,14,-3879,997,-966,0,0
78,-69,-8,-3923,1018,-980,0,0
144,-78,-30,-3940,989,-983,0,0
123,-65,-27,-3893,997,-987,0,0
122,-45,-8,-3924,982,-935,0,0
84,-32,2,-3961,978,-859,0,0
47,-40,22,-3956,966,-868,0,0
31,-45,51,-3901,944,-864,0,0
32,-37,63,-3911,913,-864,0,0
-18,-19,39,-4005,898,-860,0,0
-121,4,24,-4013,908,-821,0,0
-156,-5,20,-4017,938,-802,0,0
-150,-39,-8,-3954,933,-909,0,0
-158,-33,-28,-3951,946,-1060,0,0
-200,16,-40,-3987,991,-1067,0,0
-198,44,-27,-3951,1043,-980,0,0
-113,45,6,-3921,1041,-872,0,0
-45,42,21,-3897,984,-823,0,0
-46,38,4,-3855,961,-823,0,0
-54,34,-33,-3826,983,-834,0,0
-38,29,-69,-3849,984,-844,0,0
-73,24,-74,-3946,990,-867,0,0
-109,24,-52,-4083,996,-920,0,0
-128,24,-14,-4107,951,-982,0,0
-138,32,47,-4080,912,-995,0,0
-124,35,77,-4015,888,-938,0,0
-122,23,61,-3931,935,-863,0,0
-164,1,25,-3811,1009,-828,0,0
-238,-24,-32,-3871,1153,-856,0,0
-61,-43,-76,-4029,1244,-860,0,0
142,-60,-74,-4093,1086,-848,0,0
51,-59,2,-4041,1116,-922,0,0
227,-72,78,-3934,951,-941,0,0
348,-79,67,-3893,815,-923,0,0
238,-71,-14,-3895,853,-896,0,0
155,-75,-88,-3912,977,-864,0,0
231,-88,-109,-3955,1032,-868,0,0
312,-94,-97,-3949,1012,-865,0,0
304,-94,-59,-3977,1014,-836,0,0
321,-90,-14,-3936,979,-833,0,0
388,-79,41,-3904,876,-809,0,0
367,-64,72,-3917,779,-771,0,0
200,-50,69,-3942,762,-759,0,0
46,-45,56,-3952,799,-746,0,0
67,-57,45,-3963,762,-753,0,0
103,-66,26,-3984,694,-798,0,0
-8,-61,4,-3980,678,-845,0,0
-149,-47,-10,-4088,738,-848,0,0
-246,-48,-31,-4167,838,-841,0,0
-331,-60,-35,-4153,953,-873,0,0
-312,-64,-15,-4046,1029,-867,0,0
-127,-75,11,-3956,1044,-851,0,0
86,-86,11,-3929,1024,-840,0,0
206,-77,-11,-3947,1009,-768,0,0
270,-86,-16,-3984,987,-731,0,0
329,-114,-3,-3982,981,-769,0,0
418,-109,31,-4036,933,-762,0,0
443,-85,64,-4011,830,-707,0,0
371,-60,74,-4014,778,-657,0,0
232,-38,58,-4044,795,-646,0,0
109,-22,59,-4049,839,-646,0,0
130,-33,81,-4025,801,-631,0,0
228,-57,68,-4033,717,-668,0,0
245,-66,12,-4045,632,-758,0,0
48,-52,-33,-4038,692,-790,0,0
-47,-46,-44,-4061,800,-793,0,0
-28,-47,-45,-4046,871,-798,0,0
3,-37,-23,-4051,920,-791,0,0
52,-20,9,-4024,905,-751,0,0
100,-11,44,-4006,843,-725,0,0
94,9,57,-4048,795,-707,0,0
46,20,49,-4038,772,-688,0,0
-9,9,56,-4021,821,-728,0,0
13,3,65,-4026,824,-738,0,0
45,-11,50,-4034,798,-738,0,0
11,-1,30,-4015,818,-743,0,0
-10,3,26,-4040,868,-745,0,0
5,-2,30,-4036,878,-754,0,0
25,-7,31,-4007,861,-745,0,0
10,-5,25,-4031,873,-740,0,0
8,-9,16,-4019,878,-762,0,0
11,-2,19,-3990,865,-746,0,0
-20,9,26,-3955,866,-730,0,0
-26,4,29,-4007,876,-710,0,0
4,-11,11,-4010,878,-689,0,0
20,-27,-1,-3957,856,-702,0,0
-18,-22,-2,-3924,854,-715,0,0
-72,-2,8,-3961,874,-681,0,0
-76,-2,14,-4061,889,-681,0,0
-63,-16,15,-4057,865,-695,0,0
-91,-20,27,-4081,858,-708,0,0
-124,-15,20,-4103,833,-745,0,0
-186,-1,12,-4112,847,-746,0,0
-216,2,-7,-4064,876,-723,0,0
-185,-2,-60,-4002,904,-735,0,0
-126,1,-112,-4016,953,-727,0,0
-34,-4,-127,-4058,945,-638,0,0
64,-47,-116,-4013,926,-608,0,0
185,-105,-119,-3741,921,-703,0,0
220,-83,-107,-3728,912,-733,0,0
117,-18,-12,-3916,924,-582,0,0
88,-31,102,-4193,902,-546,0,0
52,-48,171,-4273,866,-604,0,0
93,-55,195,-4149,762,-679,0,0
133,-44,151,-4092,629,-798,0,0
-30,19,68,-4044,668,-801,0,0
-133,66,34,-4087,771,-700,0,0
-163,78,28,-4197,841,-622,0,0
-219,80,28,-4218,952,-614,0,0
-117,61,25,-3984,913,-607,0,0
-38,46,9,-3880,886,-622,0,0
-62,67,-24,-3977,920,-663,0,0
-125,97,-18,-3952,903,-630,0,0
-211,95,48,-3925,884,-536,0,0
-209,24,71,-3963,886,-519,0,0
-98,-91,4,-4152,941,-571,0,0
57,-199,-94,-4120,1028,-784,0,0
237,-210,-139,-3953,1054,-1023,0,0
364,-114,-142,-3970,1044,-1016,0,0
405,27,-115,-3979,938,-853,0,0
179,175,-38,-3942,818,-654,0,0
-277,310,97,-4006,861,-580,0,0
-463,367,217,-4032,875,-583,0,0
-449,336,242,-4033,872,-491,0,0
-267,236,210,-4008,1051,-335,0,0
479,26,222,-4019,1085,-320,0,0
1260,-235,243,-3980,788,-451,0,0
1049,-327,119,-3958,672,-735,0,0
171,-133,-39,-4124,551,-1721,0,0
-892,299,-180,-4137,653,-1759,0,0
-977,368,-196,-4037,1096,-949,0,0
-665,241,-64,-3923,1267,-756,0,0
-376,197,56,-3764,1246,-704,0,0
-195,124,73,-3751,1184,-824,0,0
-312,75,72,-3822,1260,-951,0,0
-133,41,136,-3898,1211,-966,0,0
267,11,165,-3985,1012,-1017,0,0
341,14,98,-3970,959,-981,0,0
229,41,10,-3931,964,-898,0,0
66,57,-57,-3880,1019,-824,0,0
-19,27,-82,-3850,1049,-836,0,0
-63,-1,-81,-3916,1086,-927,0,0
-194,-22,-68,-3983,1141,-951,0,0
-200,-62,1,-3874,1153,-980,0,0
43,-72,66,-3769,1068,-1004,0,0
88,-32,73,-3812,1034,-1033,0,0
-55,41,66,-3903,1103,-991,0,0
-197,110,62,-3956,1159,-958,0,0
-356,155,80,-4039,1204,-971,0,0
-410,177,134,-3994,1177,-982,0,0
-393,179,182,-3853,1083,-899,0,0
-414,117,175,-3807,1151,-929,0,0
-133,15,79,-3796,1189,-970,0,0
119,-40,-27,-3853,1209,-1055,0,0
185,-24,0,-3935,1396,-1104,0,0
220,34,83,-3876,1309,-1040,0,0
38,84,129,-3745,1205,-946,0,0
-167,83,123,-3706,1250,-926,0,0
-132,44,67,-3658,1250,-917,0,0
-18,2,-1,-3630,1184,-882,0,0
23,-30,-66,-3752,1203,-929,0,0
4,-35,-111,-3854,1231,-1016,0,0
-85,-10,-71,-3840,1256,-1026,0,0
-160,-1,-12,-3881,1304,-1038,0,0
-147,-2,-5,-3896,1338,-1041,0,0
-77,-3,9,-3849,1368,-995,0,0
47,-4,42,-3778,1299,-930,0,0
38,2,57,-3795,1262,-863,0,0
1,6,43,-3859,1243,-846,0,0
-45,11,3,-3858,1231,-893,0,0
-114,14,-10,-3855,1266,-972,0,0
-117,11,-18,-3822,1282,-1034,0,0
-87,22,-20,-3759,1289,-1030,0,0
-110,43,-18,-3808,1318,-965,0,0
-103,49,-27,-3828,1326,-942,0,0
-98,55,-22,-3813,1315,-962,0,0
-96,59,-25,-3812,1288,-1010,0,0
-91,57,-23,-3811,1274,-1011,0,0
-121,51,-24,-3775,1307,-978,0,0
-95,33,-20,-3762,1348,-955,0,0
-49,13,-18,-3767,1349,-972,0,0
-37,3,-11,-3828,1373,-977,0,0
29,-28,-10,-3868,1342,-979,0,0
105,-52,5,-3774,1263,-996,0,0
96,-57,17,-3774,1246,-1007,0,0
51,-45,4,-3816,1295,-963,0,0
48,-51,0,-3832,1325,-941,0,0
77,-61,7,-3862,1321,-969,0,0
115,-65,18,-3873,1281,-975,0,0
147,-66,24,-3842,1207,-982,0,0
127,-62,19,-3812,1186,-959,0,0
98,-57,7,-3829,1185,-942,0,0
49,-45,-30,-3851,1175,-961,0,0
-167,0,-78,-3885,1186,-966,0,0
-344,45,-114,-3893,1250,-931,0,0
-285,63,-112,-3889,1227,-935,0,0
-195,63,-62,-3825,1196,-906,0,0
-72,39,-7,-3787,1184,-886,0,0
22,24,1,-3776,1186,-862,0,0
24,22,-17,-3803,1193,-857,0,0
-42,23,-29,-3854,1246,-884,0,0
-57,22,-16,-3846,1246,-941,0,0
-35,25,14,-3875,1214,-980,0,0
-58,33,26,-3866,1199,-956,0,0
-110,43,19,-3842,1209,-898,0,0
-127,45,-1,-3912,1209,-879,0,0
-154,38,-11,-3860,1256,-936,0,0
-130,36,-4,-3794,1290,-1015,0,0
-68,40,-12,-3791,1318,-1008,0,0
8,36,-5,-3819,1293,-931,0,0
62,30,9,-3846,1217,-920,0,0
39,33,9,-3861,1172,-975,0,0
-39,52,-11,-3885,1184,-998,0,0
-136,74,-30,-3917,1220,-1001,0,0
-185,83,-40,-3859,1281,-912,0,0
-98,48,-3,-3780,1203,-937,0,0
-36,15,14,-3797,1171,-966,0,0
-34,-5,-23,-3820,1201,-934,0,0
-31,-17,-34,-3822,1216,-935,0,0
-28,-20,-24,-3848,1223,-977,0,0
-15,-28,-19,-3851,1234,-976,0,0
-2,-33,-8,-3820,1241,-943,0,0
27,-44,13,-3792,1278,-950,0,0
75,-66,12,-3851,1325,-1022,0,0
73,-62,24,-3888,1359,-988,0,0
140,-63,58,-3852,1275,-945,0,0
166,-64,51,-3836,1189,-960,0,0
103,-48,28,-3833,1195,-926,0,0
78,-45,21,-3853,1199,-877,0,0
70,-51,16,-3831,1200,-885,0,0
71,-48,7,-3873,1207,-945,0,0
80,-48,7,-3886,1205,-973,0,0
78,-49,30,-3890,1211,-959,0,0
74,-39,43,-3862,1200,-934,0,0
69,-20,19,-3852,1163,-927,0,0
-39,15,-30,-3832,1167,-885,0,0
-93,15,-27,-3839,1210,-856,0,0
-20,-20,11,-3833,1173,-905,0,0
-20,-25,17,-3801,1165,-970,0,0
-64,-5,5,-3832,1215,-940,0,0
-76,4,0,-3847,1244,-880,0,0
-51,-3,7,-3841,1252,-869,0,0
-36,-6,14,-3818,1257,-891,0,0
-1,-10,21,-3821,1241,-913,0,0
-4,-4,31,-3865,1223,-889,0,0
1,-7,29,-3898,1188,-867,0,0
-35,-10,6,-3924,1196,-878,0,0
-101,6,-1,-3860,1245,-876,0,0
-89,-5,-7,-3840,1274,-919,0,0
-51,-10,-27,-3841,1300,-969,0,0
-22,4,-15,-3856,1298,-896,0,0
30,-1,15,-3930,1217,-846,0,0
16,-10,25,-3864,1155,-869,0,0
11,-4,16,-3833,1129,-929,0,0
-21,14,-15,-3810,1206,-930,0,0
-16,12,-39,-3797,1325,-924,0,0
74,4,-40,-3830,1350,-881,0,0
156,2,-12,-3897,1303,-855,0,0
191,-6,40,-3929,1192,-882,0,0
183,-22,67,-3905,1031,-912,0,0
111,-31,34,-3890,1021,-944,0,0
9,-31,-16,-3874,1131,-943,0,0
-17,-36,-39,-3914,1270,-914,0,0
44,-51,-24,-3882,1303,-888,0,0
118,-68,27,-3798,1234,-890,0,0
160,-62,54,-3843,1156,-901,0,0
126,-43,18,-3897,1164,-879,0,0
81,-32,-2,-3887,1197,-877,0,0
113,-36,13,-3875,1146,-899,0,0
138,-39,11,-3882,1093,-911,0,0
82,-30,-17,-3901,1114,-894,0,0
42,-16,-16,-3893,1139,-867,0,0
24,-18,-3,-3869,1135,-861,0,0
-11,-24,-3,-3892,1114,-871,0,0
-71,-21,-21,-3926,1144,-891,0,0
-103,-18,-21,-3875,1181,-891,0,0
-57,-24,-4,-3884,1195,-905,0,0
-35,-29,-10,-3884,1198,-913,0,0
-33,-39,-18,-3886,1231,-892,0,0
43,-56,-20,-3897,1251,-899,0,0
135,-65,-12,-3903,1182,-917,0,0
140,-55,0,-3875,1097,-863,0,0
89,-47,6,-3840,1052,-811,0,0
84,-51,-2,-3812,1001,-789,0,0
55,-56,-22,-3877,991,-771,0,0
-13,-58,-42,-3980,997,-774,0,0
-109,-56,-55,-3982,1037,-810,0,0
-147,-41,-51,-3916,1082,-838,0,0
-184,0,-48,-3955,1080,-812,0,0
-333,43,-50,-4024,1052,-722,0,0
-502,55,-22,-4086,1111,-641,0,0
-483,20,2,-4035,1115,-669,0,0
-399,-11,-24,-3899,1146,-810,0,0
-391,20,-75,-3842,1230,-842,0,0
-330,52,-119,-3880,1236,-778,0,0
-275,56,-142,-3879,1187,-693,0,0
-260,49,-135,-3915,1183,-614,0,0
-198,21,-132,-3989,1148,-579,0,0
-198,-5,-140,-3933,1125,-607,0,0
-213,-15,-128,-3902,1146,-609,0,0
-114,2,-116,-4007,1147,-658,0,0
-35,71,-137,-4069,992,-644,0,0
-251,116,-125,-4021,912,-516,0,0
-331,69,-82,-4015,907,-508,0,0
-170,2,-83,-3989,853,-590,0,0
-53,-24,-115,-3927,782,-748,0,0
-206,20,-151,-3917,843,-863,0,0
-376,91,-176,-3966,1000,-877,0,0
-422,133,-165,-4143,1119,-766,0,0
-294,101,-118,-4146,1405,-555,0,0
785,-70,24,-3873,1417,-623,0,0
1516,-146,199,-3872,1088,-831,0,0
1339,-80,243,-4056,763,-992,0,0
808,24,114,-4159,604,-1044,0,0
153,114,-14,-4090,600,-964,0,0
-185,172,-23,-4014,641,-889,0,0
-115,180,20,-4004,642,-838,0,0
-34,149,20,-3994,630,-830,0,0
-129,145,-28,-3953,761,-849,0,0
-51,133,-52,-3851,934,-959,0,0
153,88,-9,-3832,979,-1026,0,0
154,77,40,-3885,977,-1066,0,0
83,101,81,-3907,976,-1066,0,0
96,121,135,-3885,903,-952,0,0
241,77,174,-3987,802,-886,0,0
385,5,149,-4008,731,-992,0,0
454,-14,119,-3845,677,-1157,0,0
405,41,115,-3819,621,-1203,0,0
226,115,69,-3931,619,-1124,0,0
-28,157,-8,-4007,739,-1039,0,0
-190,146,-29,-4032,870,-1011,0,0
-173,97,46,-4037,949,-1087,0,0
-19,44,138,-3933,927,-1170,0,0
99,17,183,-3783,845,-1231,0,0
92,27,156,-3801,784,-1253,0,0
-46,58,74,-3875,862,-1265,0,0
-179,80,20,-3903,988,-1273,0,0
-184,93,16,-3892,1026,-1253,0,0
-109,100,37,-3838,967,-1210,0,0
-98,96,48,-3846,921,-1213,0,0
-125,85,26,-3884,939,-1275,0,0
-174,81,4,-3866,955,-1333,0,0
-221,80,3,-3861,982,-1332,0,0
-184,65,2,-3910,1007,-1318,0,0
-155,43,3,-3788,1005,-1300,0,0
-167,26,18,-3736,1022,-1252,0,0
-170,-2,11,-3763,1068,-1252,0,0
-149,-20,-16,-3788,1128,-1282,0,0
-91,-19,-22,-3837,1152,-1288,0,0
43,-24,-10,-3839,1087,-1301,0,0
115,-27,5,-3869,1014,-1313,0,0
124,-29,3,-3854,987,-1292,0,0
119,-30,14,-3812,964,-1285,0,0
155,-32,42,-3844,938,-1282,0,0
158,-15,40,-3876,935,-1288,0,0
73,21,20,-3851,973,-1237,0,0
-6,41,16,-3785,1004,-1198,0,0
-32,48,21,-3768,1006,-1181,0,0
-57,35,11,-3786,1030,-1171,0,0
-83,13,2,-3837,1099,-1182,0,0
-83,-3,23,-3908,1088,-1226,0,0
-50,-20,49,-3889,997,-1274,0,0
-38,-26,27,-3874,1017,-1341,0,0
35,-19,-56,-3833,1155,-1453,0,0
106,18,-37,-3764,1051,-1388,0,0
61,45,67,-3722,868,-1221,0,0
57,19,47,-3757,763,-1175,0,0
-148,-10,-81,-3766,888,-1281,0,0
-385,-14,-126,-3747,1148,-1320,0,0
-328,-52,-84,-3720,1305,-1318,0,0
-103,-90,-36,-3749,1395,-1339,0,0
90,-92,22,-3777,1339,-1307,0,0
191,-88,84,-3777,1191,-1237,0,0
250,-83,110,-3789,1044,-1172,0,0
232,-71,100,-3823,959,-1117,0,0
170,-67,68,-3870,950,-1128,0,0
137,-63,30,-3886,982,-1188,0,0
103,-39,13,-3980,982,-1218,0,0
14,-3,7,-3946,962,-1232,0,0
-81,39,33,-3805,935,-1170,0,0
-102,50,42,-3817,919,-1125,0,0
-155,39,4,-3832,1027,-1197,0,0
-194,39,-15,-3803,1125,-1249,0,0
-158,45,-10,-3818,1140,-1269,0,0
-102,39,-3,-3821,1133,-1249,0,0
-54,20,3,-3754,1135,-1189,0,0
2,-12,41,-3775,1131,-1143,0,0
60,-31,77,-3846,1082,-1155,0,0
4,-30,79,-3855,1063,-1184,0,0
-114,-10,55,-3850,1125,-1216,0,0
-161,1,33,-3770,1208,-1219,0,0
-117,1,34,-3742,1225,-1205,0,0
-35,-9,13,-3781,1207,-1228,0,0
9,-3,-12,-3849,1154,-1231,0,0
-14,18,-12,-3885,1084,-1171,0,0
-25,12,-6,-3870,1035,-1154,0,0
-46,8,-6,-3820,1036,-1185,0,0
-79,16,-15,-3810,1099,-1159,0,0
-82,1,-31,-3836,1232,-1209,0,0
-23,-1,-34,-3831,1318,-1357,0,0
29,56,7,-3839,1223,-1301,0,0
26,102,43,-3775,1033,-1121,0,0
-48,112,46,-3728,935,-981,0,0
-118,83,13,-3785,923,-983,0,0
-171,31,-36,-3832,1013,-1132,0,0
-256,19,-39,-3856,1142,-1261,0,0
-267,24,-26,-3877,1201,-1340,0,0
-239,32,-7,-3809,1245,-1307,0,0
-180,36,15,-3741,1217,-1212,0,0
-140,31,7,-3743,1185,-1135,0,0
-148,20,-18,-3767,1202,-1120,0,0
-149,5,-25,-3803,1221,-1157,0,0
-130,-9,-17,-3833,1219,-1219,0,0
-96,-13,-6,-3790,1220,-1251,0,0
-66,-6,6,-3797,1198,-1230,0,0
-72,-5,0,-3766,1211,-1199,0,0
-82,-4,-8,-3761,1249,-1168,0,0
-50,-17,-2,-3800,1239,-1132,0,0
-10,-51,-4,-3830,1227,-1141,0,0
42,-82,-23,-3819,1227,-1185,0,0
68,-89,-38,-3818,1229,-1188,0,0
108,-95,-49,-3781,1226,-1175,0,0
161,-87,-43,-3752,1230,-1175,0,0
190,-55,-32,-3842,1222,-1144,0,0
134,-17,-31,-3872,1227,-1087,0,0
74,-4,-11,-3890,1221,-1006,0,0
151,-44,10,-3844,1181,-1051,0,0
271,-82,29,-3847,1136,-1127,0,0
289,-70,43,-3867,1075,-1145,0,0
229,-38,31,-3842,997,-1105,0,0
150,-12,2,-3803,974,-1028,0,0
100,1,-23,-3802,966,-1013,0,0
5,23,-32,-3802,954,-961,0,0
-132,35,-36,-3764,1009,-939,0,0
-183,22,-47,-3784,1103,-995,0,0
-186,4,-58,-3883,1206,-1123,0,0
-175,4,-31,-3868,1281,-1256,0,0
-141,23,36,-3864,1239,-1262,0,0
-90,21,67,-3823,1175,-1242,0,0
-21,18,60,-3787,1156,-1214,0,0
21,24,33,-3793,1134,-1201,0,0
21,31,6,-3801,1147,-1183,0,0
45,20,-6,-3858,1242,-1215,0,0
184,-1,34,-3937,1431,-1157,0,0
431,18,143,-3884,1190,-1053,0,0
176,62,223,-3905,867,-984,0,0
-104,66,205,-3922,1167,-979,0,0
23,33,119,-3730,910,-1089,0,0
-74,25,37,-3725,857,-1076,0,0
-82,-4,-55,-3794,1007,-1229,0,0
11,8,-95,-3918,817,-1368,0,0
-351,54,-128,-3961,852,-1362,0,0
-467,34,-170,-3820,976,-1324,0,0
-406,-11,-193,-3728,1045,-1194,0,0
-336,-81,-227,-3730,1127,-1127,0,0
-249,-144,-272,-3821,1088,-1079,0,0
-242,-187,-291,-3920,1013,-977,0,0
-225,-253,-284,-4019,912,-970,0,0
-285,-297,-293,-4098,946,-821,0,0
13,-371,-293,-3957,903,-704,0,0
359,-387,-251,-3851,665,-1100,0,0
-104,-205,-173,-3893,948,-1300,0,0
-345,11,-67,-3964,1128,-962,0,0
-2304,10,15,-3970,1075,-652,0,0
-240,-62,62,-3825,1026,-746,0,0
-421,-59,110,-3828,1142,-564,0,0
-118,-88,183,-3907,1195,-591,0,0
383,-119,241,-4109,792,-884,0,0
368,-33,208,-4049,769,-878,0,0
513,73,238,-3880,1012,-529,0,0
413,76,225,-4024,927,-459,0,0
-218,128,82,-4165,953,-800,0,0
-505,180,-19,-4164,1271,-918,0,0
-162,106,-9,-4027,1267,-786,0,0
-184,62,12,-3810,1325,-702,0,0
-354,96,48,-3740,1506,-684,0,0
-207,115,93,-3680,1282,-890,0,0
-215,160,83,-3684,1131,-951,0,0
-392,216,51,-3847,1363,-707,0,0
-406,197,73,-3945,1535,-562,0,0
-221,130,103,-4037,1321,-752,0,0
-121,105,76,-4018,981,-1010,0,0
-229,164,40,-3923,986,-884,0,0
-399,196,29,-3875,1282,-741,0,0
-435,188,56,-3866,1440,-784,0,0
-357,190,100,-3799,1400,-855,0,0
-280,174,100,-3759,1313,-982,0,0
-265,167,72,-3772,1352,-923,0,0
-165,141,60,-3850,1380,-838,0,0
-112,112,59,-3855,1315,-882,0,0
-170,105,65,-3796,1314,-887,0,0
-180,85,45,-3772,1387,-921,0,0
-168,69,36,-3702,1491,-1025,0,0
-50,65,60,-3709,1478,-1102,0,0
54,76,51,-3725,1458,-1079,0,0
18,106,56,-3819,1561,-921,0,0
87,107,85,-3798,1591,-871,0,0
273,70,128,-3652,1499,-1036,0,0
358,63,131,-3654,1433,-1242,0,0
340,73,95,-3685,1388,-1188,0,0
243,85,78,-3732,1366,-985,0,0
111,63,60,-3643,1312,-998,0,0
-37,51,37,-3694,1350,-1213,0,0
-127,50,8,-3699,1494,-1218,0,0
-85,39,8,-3663,1486,-1178,0,0
-84,54,12,-3663,1470,-1117,0,0
-114,60,15,-3663,1462,-1164,0,0
-126,63,34,-3650,1471,-1208,0,0
-119,63,26,-3691,1567,-1213,0,0
-34,55,34,-3587,1616,-1223,0,0
96,39,48,-3629,1607,-1334,0,0
229,29,30,-3674,1653,-1410,0,0
339,54,53,-3703,1533,-1328,0,0
332,82,53,-3685,1348,-1163,0,0
269,77,5,-3661,1361,-1201,0,0
188,66,-15,-3626,1403,-1319,0,0
205,28,13,-3530,1379,-1326,0,0
130,-10,44,-3489,1425,-1303,0,0
-1,-17,60,-3553,1530,-1284,0,0
-87,-9,77,-3638,1600,-1223,0,0
-38,-43,96,-3655,1596,-1319,0,0
68,-62,104,-3465,1402,-1382,0,0
-10,-119,81,-3417,1355,-1372,0,0
-62,-237,29,-3500,1513,-1529,0,0
66,-293,33,-3517,1706,-1401,0,0
335,-354,87,-3517,1867,-1233,0,0
581,-420,151,-3596,1860,-1271,0,0
736,-434,208,-3646,1797,-1212,0,0
923,-447,243,-3716,1572,-1112,0,0
998,-454,226,-3751,1324,-1188,0,0
849,-397,175,-3621,1199,-1137,0,0
567,-324,124,-3747,1276,-1024,0,0
377,-271,52,-3784,1371,-1107,0,0
214,-208,57,-3658,1458,-1082,0,0
136,-187,90,-3682,1575,-1132,0,0
175,-186,86,-3697,1558,-1162,0,0
154,-177,86,-3794,1569,-1050,0,0
294,-176,110,-3755,1547,-1091,0,0
436,-154,155,-3755,1351,-1054,0,0
379,-138,127,-3781,1282,-1036,0,0
262,-117,68,-3773,1325,-1082,0,0
159,-87,43,-3717,1345,-1002,0,0
116,-82,12,-3684,1376,-1059,0,0
83,-62,-18,-3752,1414,-1072,0,0
78,-45,-30,-3825,1418,-1079,0,0
68,-16,-31,-3850,1379,-1094,0,0
61,13,-29,-3822,1283,-1107,0,0
94,46,-28,-3770,1175,-1088,0,0
147,55,-41,-3805,982,-1018,0,0
-109,57,-84,-3779,1243,-1162,0,0
-92,94,-92,-3843,1391,-1173,0,0
-111,140,-84,-3812,1394,-1115,0,0
-241,174,-10,-3645,1435,-1020,0,0
-212,184,39,-3640,1385,-1102,0,0
-187,165,8,-3752,1417,-1217,0,0
-125,131,-14,-3774,1472,-1263,0,0
31,98,-2,-3744,1475,-1283,0,0
99,80,19,-3612,1444,-1242,0,0
35,84,64,-3500,1344,-1102,0,0
-184,10,79,-3574,1414,-1265,0,0
-142,-128,23,-3588,1778,-1522,0,0
388,-213,24,-3714,1726,-1370,0,0
707,-177,89,-3714,1342,-1130,0,0
590,-54,161,-3705,1041,-1047,0,0
255,47,132,-3686,874,-1147,0,0
-191,57,23,-3625,1095,-1401,0,0
-306,51,-63,-3636,1518,-1435,0,0
-147,65,-72,-3837,1632,-1118,0,0
-69,62,-22,-3891,1589,-1036,0,0
24,60,57,-3768,1348,-1227,0,0
26,65,54,-3706,1206,-1316,0,0
-87,85,-12,-3650,1243,-1294,0,0
-178,131,-40,-3620,1259,-1244,0,0
-267,188,-77,-3625,1280,-1292,0,0
-389,236,-108,-3639,1384,-1362,0,0
-379,299,-106,-3646,1408,-1369,0,0
-362,349,-119,-3606,1348,-1418,0,0
-468,399,-142,-3607,1333,-1497,0,0
-531,428,-155,-3593,1419,-1477,0,0
-516,407,-150,-3618,1464,-1427,0,0
-492,324,-145,-3595,1565,-1461,0,0
-294,223,-128,-3503,1618,-1538,0,0
-114,136,-100,-3495,1563,-1548,0,0
-56,73,-75,-3512,1504,-1542,0,0
-2,38,-68,-3499,1456,-1554,0,0
-8,0,-61,-3513,1476,-1549,0,0
30,-44,-37,-3499,1478,-1580,0,0
91,-81,-20,-3492,1458,-1568,0,0
145,-121,-15,-3526,1424,-1552,0,0
149,-144,-11,-3558,1386,-1566,0,0
111,-145,0,-3589,1372,-1521,0,0
89,-139,22,-3612,1392,-1472,0,0
93,-125,49,-3605,1369,-1445,0,0
114,-126,49,-3616,1365,-1460,0,0
145,-134,39,-3595,1380,-1496,0,0
178,-127,49,-3632,1353,-1475,0,0
201,-118,43,-3658,1289,-1412,0,0
135,-98,28,-3674,1268,-1368,0,0
77,-73,12,-3709,1247,-1398,0,0
51,-46,-10,-3682,1222,-1419,0,0
-22,-32,-29,-3670,1246,-1411,0,0
-66,-22,-56,-3695,1255,-1400,0,0
-75,-16,-71,-3704,1256,-1389,0,0
-62,-15,-55,-3683,1246,-1373,0,0
-43,-30,-41,-3702,1219,-1374,0,0
-46,-47,-45,-3696,1212,-1385,0,0
-39,-57,-39,-3716,1174,-1378,0,0
-20,-57,-42,-3717,1125,-1386,0,0
-49,-52,-51,-3731,1141,-1376,0,0
-94,-37,-49,-3748,1178,-1312,0,0
-70,-24,-48,-3750,1183,-1337,0,0
-71,5,-47,-3754,1154,-1271,0,0
-149,23,-37,-3705,1183,-1117,0,0
-199,8,-27,-3646,1170,-1174,0,0
-345,33,-41,-3709,1194,-1251,0,0
-554,79,-87,-3890,1258,-1275,0,0
-652,112,-148,-3952,1340,-1180,0,0
-602,109,-141,-3734,1383,-1036,0,0
-334,85,-118,-3678,1176,-1136,0,0
-325,121,-178,-3708,1088,-1121,0,0
-545,170,-212,-3809,1187,-968,0,0
-742,203,-217,-3905,1286,-986,0,0
-869,242,-207,-3842,1364,-994,0,0
-844,255,-176,-3757,1331,-1097,0,0
-889,270,-179,-3692,1353,-1143,0,0
-894,280,-204,-3705,1411,-1117,0,0
-890,294,-224,-3679,1422,-1123,0,0
-890,296,-214,-3638,1463,-1042,0,0
-889,277,-199,-3611,1533,-1029,0,0
-909,254,-183,-3673,1608,-1079,0,0
-882,225,-192,-3655,1625,-1147,0,0
-803,192,-184,-3692,1601,-1230,0,0
-631,156,-155,-3689,1537,-1223,0,0
-398,114,-145,-3699,1332,-1213,0,0
-353,89,-176,-3747,1262,-1158,0,0
-385,85,-209,-3760,1313,-1136,0,0
-323,103,-215,-3792,1273,-1132,0,0
-222,128,-233,-3856,1218,-1100,0,0
-215,145,-282,-4250,1327,-834,0,0
-440,109,-371,-4196,1540,-772,0,0
-701,28,-199,-3231,1658,-635,0,0
-259,-66,28,-3320,1437,-1356,0,0
196,-84,-49,-3539,1251,-1082,0,0
27,-158,-93,-3927,1724,-671,0,0
118,-161,31,-3933,1761,-663,0,0
369,-134,130,-3743,1222,-813,0,0
323,-149,91,-3842,1062,-1008,0,0
243,-147,39,-3926,1268,-854,0,0
352,-153,70,-3902,1255,-750,0,0
379,-148,97,-3862,1136,-769,0,0
282,-132,66,-3918,1197,-802,0,0
212,-107,50,-3940,1341,-782,0,0
277,-93,79,-3873,1310,-774,0,0
295,-75,86,-3746,1236,-715,0,0
210,-92,87,-3729,1288,-750,0,0
257,-97,84,-3746,1192,-906,0,0
271,-75,58,-3779,1142,-901,0,0
190,-55,32,-3903,1194,-833,0,0
68,-38,2,-4004,1231,-809,0,0
-15,-39,-22,-3966,1266,-756,0,0
-44,-59,-2,-3916,1235,-841,0,0
-26,-48,24,-3938,1221,-891,0,0
-66,-38,46,-4008,1268,-795,0,0
-237,-40,79,-4037,1398,-919,0,0
-337,-13,138,-3704,1471,-931,0,0
-229,-36,247,-3422,1623,-966,0,0
244,-90,311,-3494,1593,-1088,0,0
646,-159,246,-3706,1481,-811,0,0
854,-248,168,-3885,1411,-745,0,0
877,-276,148,-4001,1353,-824,0,0
884,-288,151,-4017,1255,-749,0,0
899,-331,142,-3975,1187,-776,0,0
799,-331,110,-3897,1275,-856,0,0
745,-292,80,-3807,1364,-848,0,0
740,-242,79,-3807,1308,-796,0,0
626,-173,104,-3859,1257,-747,0,0
400,-115,103,-3867,1282,-673,0,0
227,-118,77,-3774,1398,-719,0,0
158,-107,76,-3748,1532,-793,0,0
240,-94,78,-3753,1521,-815,0,0
326,-69,62,-3833,1404,-794,0,0
330,-24,41,-3944,1307,-728,0,0
265,34,36,-4092,1250,-682,0,0
110,59,30,-4156,1175,-624,0,0
-24,-10,20,-4034,1148,-757,0,0
229,-114,15,-3800,955,-1080,0,0
462,-165,12,-3643,712,-1199,0,0
327,-151,11,-3796,816,-1093,0,0
142,-83,-37,-3997,937,-909,0,0
-42,11,-88,-4015,968,-779,0,0
-233,60,-96,-3916,1002,-731,0,0
-273,53,-97,-3886,938,-897,0,0
-343,55,-106,-3905,936,-1094,0,0
-360,56,-122,-3944,1040,-1199,0,0
-226,64,-124,-3932,1106,-1195,0,0
-41,68,-94,-3923,1031,-1082,0,0
30,87,-73,-3967,976,-1025,0,0
31,113,-82,-3991,980,-942,0,0
61,117,-82,-3958,1010,-943,0,0
143,116,-65,-3958,938,-964,0,0
245,103,-61,-3946,823,-985,0,0
223,106,-62,-3920,696,-874,0,0
21,93,-79,-3903,789,-825,0,0
-160,79,-136,-3821,913,-915,0,0
-476,82,-188,-3762,1198,-908,0,0
-738,69,-207,-3870,1597,-851,0,0
-725,56,-161,-4001,1817,-803,0,0
-466,61,-57,-3789,1703,-877,0,0
-138,85,69,-3537,1285,-979,0,0
123,116,99,-3594,858,-1029,0,0
-54,173,17,-3846,827,-961,0,0
-376,221,-92,-4028,980,-835,0,0
-555,224,-178,-4107,1129,-905,0,0
-688,202,-212,-4182,1311,-1045,0,0
-519,186,-217,-4168,1259,-1247,0,0
-481,159,-170,-3976,1329,-989,0,0
-453,51,-46,-3677,1503,-829,0,0
-199,-36,26,-3544,1393,-990,0,0
-21,-103,12,-3564,1315,-1060,0,0
161,-160,-33,-3845,1329,-1181,0,0
311,-168,-56,-4064,1314,-1161,0,0
466,-140,-3,-3899,1198,-1060,0,0
623,-116,103,-3630,956,-1088,0,0
608,-71,166,-3588,826,-1119,0,0
584,-29,182,-3784,897,-1058,0,0
648,9,168,-4092,877,-1163,0,0
763,28,123,-4261,847,-1313,0,0
736,26,100,-4171,758,-1652,0,0
402,103,169,-3873,980,-1649,0,0
430,121,269,-3612,1173,-1195,0,0
611,48,285,-3487,1395,-981,0,0
918,-36,223,-3546,1197,-1039,0,0
863,-83,162,-3691,1040,-1215,0,0
1005,-169,206,-4006,726,-1427,0,0
978,-155,206,-4305,137,-1740,0,0
568,18,83,-4092,-48,-1721,0,0
-219,311,61,-3572,275,-1485,0,0
-973,457,142,-3490,1279,-542,0,0
-406,221,169,-3579,1397,-632,0,0
58,-6,113,-3690,1219,-1347,0,0
180,-137,171,-3852,1402,-1603,0,0
651,-185,303,-3900,1161,-1674,0,0
861,-75,321,-3736,760,-1641,0,0
530,7,229,-3643,615,-1427,0,0
54,12,47,-3676,720,-1435,0,0
-268,66,-124,-3738,859,-1527,0,0
-649,143,-188,-3791,1127,-1403,0,0
-682,141,-141,-3758,1291,-1398,0,0
-444,148,-43,-3753,1253,-1519,0,0
-271,150,20,-3742,1097,-1616,0,0
-252,121,-1,-3717,1033,-1678,0,0
-281,99,-43,-3695,1139,-1638,0,0
-265,80,-62,-3650,1223,-1631,0,0
-222,56,-42,-3552,1236,-1654,0,0
-234,46,-32,-3538,1273,-1675,0,0
-188,41,-37,-3565,1288,-1734,0,0
-95,36,-30,-3585,1225,-1694,0,0
-30,16,-27,-3620,1164,-1618,0,0
-5,-11,-42,-3663,1178,-1583,0,0
-1,-20,-40,-3705,1198,-1529,0,0
43,-28,-10,-3700,1154,-1459,0,0
66,-53,4,-3722,1073,-1497,0,0
46,-59,-3,-3668,1038,-1532,0,0
45,-55,-9,-3670,1011,-1517,0,0
-1,-46,-36,-3700,1007,-1484,0,0
-119,-31,-72,-3682,1091,-1487,0,0
-186,-9,-88,-3770,1162,-1485,0,0
-171,-3,-77,-3747,1243,-1445,0,0
4,-31,-27,-3672,1119,-1487,0,0
36,-28,-17,-3703,1014,-1545,0,0
-56,-2,-27,-3702,1100,-1492,0,0
-33,3,-21,-3735,1099,-1441,0,0
-48,12,-23,-3753,1092,-1451,0,0
-50,9,-13,-3734,1068,-1502,0,0
-62,8,-9,-3682,1079,-1542,0,0
-76,11,-9,-3680,1130,-1499,0,0
-43,-8,-17,-3678,1128,-1511,0,0
-24,-19,-23,-3693,1140,-1513,0,0
2,-29,-21,-3718,1135,-1464,0,0
30,-42,-15,-3732,1103,-1442,0,0
36,-46,-16,-3760,1049,-1461,0,0
5,-40,-32,-3762,1064,-1483,0,0
-4,-30,-33,-3784,1071,-1465,0,0
2,-27,-43,-3817,1029,-1410,0,0
2,-42,-69,-3816,1007,-1419,0,0
2,-53,-90,-3789,992,-1423,0,0
8,-55,-96,-3763,942,-1384,0,0
-14,-59,-106,-3753,910,-1320,0,0
-42,-67,-125,-3742,886,-1301,0,0
-81,-71,-139,-3800,888,-1315,0,0
-136,-70,-148,-3855,943,-1355,0,0
-150,-60,-127,-3842,955,-1359,0,0
-154,-30,-99,-3778,880,-1297,0,0
-215,2,-100,-3783,867,-1253,0,0
-280,21,-116,-3819,874,-1243,0,0
-310,26,-126,-3841,874,-1325,0,0
-348,52,-126,-3905,910,-1355,0,0
-360,74,-112,-3881,934,-1314,0,0
-395,94,-93,-3868,982,-1251,0,0
-409,113,-70,-3840,1060,-1253,0,0
-375,134,-16,-3785,1096,-1359,0,0
-330,169,66,-3769,1124,-1397,0,0
-284,195,139,-3745,1140,-1402,0,0
-228,210,199,-3722,1198,-1356,0,0
-127,199,214,-3696,1225,-1350,0,0
-16,179,220,-3632,1405,-1449,0,0
185,187,277,-3572,1365,-1600,0,0
219,201,288,-3556,1324,-1687,0,0
319,220,284,-3566,1455,-1594,0,0
615,192,283,-3537,1357,-1513,0,0
805,169,238,-3536,1097,-1727,0,0
668,221,231,-3621,1444,-1856,0,0
811,197,351,-3609,1453,-1730,0,0
1094,144,455,-3551,1283,-1815,0,0
1377,143,495,-3502,994,-1817,0,0
1206,89,431,-3472,862,-1721,0,0
1040,-30,337,-3445,856,-1962,0,0
816,-72,259,-3409,718,-2269,0,0
464,-23,191,-3378,704,-2147,0,0
300,-35,130,-3392,745,-2142,0,0
145,-24,67,-3386,791,-2291,0,0
10,6,30,-3356,889,-2178,0,0
-70,-11,16,-3364,936,-2177,0,0
-103,-30,20,-3352,1010,-2221,0,0
-69,-40,31,-3344,1031,-2215,0,0
-87,-77,34,-3347,1087,-2075,0,0
83,-171,37,-3375,1044,-2078,0,0
176,-215,34,-3431,964,-2180,0,0
156,-198,18,-3482,930,-2105,0,0
168,-181,4,-3554,904,-2067,0,0
105,-142,-9,-3582,902,-2001,0,0
89,-102,-17,-3577,865,-1968,0,0
59,-62,-12,-3573,781,-1989,0,0
-18,-31,-17,-3562,745,-2037,0,0
-95,7,-48,-3521,744,-2101,0,0
-179,58,-79,-3490,775,-2121,0,0
-241,101,-117,-3539,850,-2083,0,0
-312,137,-139,-3522,930,-2012,0,0
-311,172,-115,-3524,927,-1933,0,0
-334,162,-93,-3479,938,-1960,0,0
-349,129,-66,-3405,1001,-2105,0,0
-342,115,-30,-3330,1052,-2199,0,0
-288,93,2,-3303,1074,-2239,0,0
-226,56,11,-3335,1073,-2262,0,0
-149,12,13,-3345,1114,-2210,0,0
-30,-29,30,-3377,1103,-2139,0,0
61,-58,45,-3383,1044,-2104,0,0
66,-57,47,-3390,1027,-2101,0,0
32,-43,39,-3460,1018,-2094,0,0
21,-28,35,-3455,1014,-2064,0,0
34,4,41,-3479,1017,-1997,0,0
8,13,34,-3520,1029,-1953,0,0
11,2,25,-3498,995,-2012,0,0
15,11,27,-3454,942,-2032,0,0
-14,22,16,-3473,917,-2060,0,0
-104,31,-20,-3463,996,-2071,0,0
-139,35,-35,-3439,1083,-2043,0,0
-117,27,-31,-3444,1097,-2043,0,0
-83,18,-27,-3439,1086,-2059,0,0
-67,15,-23,-3470,1083,-2078,0,0
-48,3,-29,-3447,1078,-2044,0,0
-1,-10,-6,-3427,1016,-1994,0,0
-32,-10,-15,-3420,1010,-2020,0,0
-97,-7,-33,-3406,1101,-2085,0,0
-81,3,-32,-3419,1170,-2103,0,0
-22,10,-11,-3393,1140,-2089,0,0
32,2,8,-3369,1070,-2074,0,0
60,-15,8,-3391,1063,-2102,0,0
69,-24,3,-3419,1069,-2123,0,0
92,-25,12,-3424,1049,-2082,0,0
97,-27,22,-3411,1029,-2025,0,0
79,-39,21,-3429,1043,-2025,0,0
74,-49,22,-3425,1060,-2060,0,0
82,-41,33,-3452,1035,-2059,0,0
58,-31,37,-3433,1049,-2072,0,0
43,-25,49,-3447,1066,-2084,0,0
75,-26,62,-3419,1035,-2072,0,0
98,-37,65,-3402,971,-2060,0,0
81,-54,43,-3430,967,-2061,0,0
61,-59,29,-3437,1016,-2055,0,0
58,-45,34,-3460,1011,-2029,0,0
32,-26,33,-3453,979,-1998,0,0
4,-18,18,-3486,971,-2017,0,0
-36,-14,-3,-3494,985,-2051,0,0
-44,4,5,-3465,960,-2050,0,0
-59,24,-5,-3504,929,-2065,0,0
-164,47,-41,-3603,996,-2120,0,0
-280,99,-36,-3705,987,-2035,0,0
-419,159,-42,-3795,995,-1933,0,0
-617,223,-35,-3736,1201,-1856,0,0
-553,222,53,-3438,1207,-1776,0,0
-454,169,98,-3139,1126,-1860,0,0
-518,86,14,-3062,1176,-2018,0,0
-617,-1,-111,-3125,1313,-2261,0,0
-655,-11,-170,-3177,1350,-2426,0,0
-537,-10,-172,-3223,1255,-2179,0,0
-309,-74,-156,-3260,1140,-1873,0,0
-298,-120,-162,-3282,1080,-1933,0,0
-512,-103,-220,-3325,1148,-2001,0,0
-645,-65,-259,-3339,1257,-1885,0,0
-713,-68,-245,-3257,1307,-1803,0,0
-803,-79,-216,-3198,1370,-1897,0,0
-736,-82,-196,-3171,1439,-1938,0,0
-494,-111,-205,-3222,1365,-1899,0,0
-442,-127,-237,-3501,1391,-1859,0,0
-561,-150,-245,-3765,1534,-1621,0,0
-447,-148,-131,-3696,1401,-1720,0,0
-226,-38,-29,-3801,1137,-1935,0,0
-340,42,-60,-3864,1109,-1714,0,0
-541,85,-135,-3972,1349,-1556,0,0
-600,72,-139,-4048,1629,-1103,0,0
-418,-14,-108,-3935,1532,-1030,0,0
-249,-24,-133,-3706,1372,-945,0,0
-407,-15,-186,-3574,1381,-788,0,0
-503,-77,-214,-3495,1488,-764,0,0
-404,-164,-210,-3559,1480,-674,0,0
-365,-224,-241,-3775,1495,-514,0,0
-411,-254,-266,-3899,1460,-444,0,0
-423,-241,-247,-3940,1388,-435,0,0
-420,-233,-221,-3916,1306,-531,0,0
-459,-224,-200,-3894,1346,-471,0,0
-438,-245,-204,-3847,1392,-377,0,0
-360,-288,-174,-3814,1423,-309,0,0
-176,-312,-132,-3910,1330,-328,0,0
-89,-280,-115,-4041,1243,-383,0,0
-141,-212,-107,-4106,1255,-406,0,0
-186,-160,-90,-3971,1301,-340,0,0
-74,-146,-59,-3888,1311,-287,0,0
48,-145,-38,-3949,1312,-374,0,0
118,-101,-5,-3975,1253,-422,0,0
163,-40,30,-4028,1259,-391,0,0
179,14,54,-4026,1269,-449,0,0
191,78,81,-3941,1290,-411,0,0
216,88,98,-3876,1322,-388,0,0
298,65,128,-3869,1313,-459,0,0
326,73,150,-3895,1306,-424,0,0
313,67,147,-3916,1374,-537,0,0
250,69,146,-3881,1501,-578,0,0
305,59,153,-3755,1528,-552,0,0
287,68,169,-3752,1568,-567,0,0
238,91,171,-3824,1583,-502,0,0
243,107,163,-3791,1499,-605,0,0
-155,132,165,-3720,1320,-617,0,0
-681,147,123,-3605,1358,-402,0,0
-715,159,25,-3792,1458,-502,0,0
-853,212,-59,-3986,1653,-552,0,0
-752,190,-47,-3884,1805,-449,0,0
-479,28,75,-3761,1765,-298,0,0
-31,-81,175,-3713,1728,-331,0,0
442,-109,185,-3852,1614,-445,0,0
713,-112,143,-3930,1400,-567,0,0
706,-81,93,-3962,1152,-675,0,0
445,7,66,-3913,1051,-718,0,0
45,101,72,-3846,1069,-734,0,0
-373,168,71,-3893,1269,-692,0,0
-485,178,16,-3903,1518,-670,0,0
-315,133,-27,-3814,1543,-730,0,0
-257,96,4,-3696,1571,-774,0,0
-186,62,15,-3696,1682,-783,0,0
-10,59,-7,-3725,1722,-745,0,0
99,71,16,-3763,1613,-701,0,0
93,67,57,-3759,1517,-739,0,0
118,43,65,-3685,1414,-781,0,0
30,39,28,-3651,1437,-806,0,0
-78,41,-22,-3691,1625,-782,0,0
-25,27,-12,-3730,1667,-722,0,0
31,16,37,-3702,1579,-765,0,0
16,7,46,-3742,1559,-802,0,0
53,6,20,-3800,1582,-796,0,0
126,10,13,-3792,1512,-804,0,0
70,26,30,-3772,1443,-795,0,0
-10,46,34,-3766,1453,-798,0,0
-45,65,1,-3771,1441,-802,0,0
-174,100,-26,-3734,1492,-790,0,0
-314,117,-31,-3700,1609,-807,0,0
-293,116,-26,-3715,1680,-793,0,0
-204,97,-5,-3722,1665,-755,0,0
-175,80,19,-3665,1648,-764,0,0
-182,70,31,-3662,1676,-767,0,0
-165,39,4,-3705,1720,-742,0,0
-51,-21,-35,-3695,1764,-769,0,0
132,-88,-53,-3638,1771,-715,0,0
326,-138,-48,-3640,1670,-698,0,0
370,-144,-18,-3711,1563,-714,0,0
287,-129,-5,-3720,1538,-784,0,0
199,-108,-9,-3726,1574,-756,0,0
144,-92,19,-3764,1601,-713,0,0
152,-98,54,-3739,1616,-732,0,0
194,-98,63,-3747,1577,-719,0,0
186,-85,82,-3694,1456,-705,0,0
68,-72,79,-3673,1471,-753,0,0
-13,-52,49,-3732,1593,-753,0,0
2,-36,51,-3765,1601,-787,0,0
-17,-10,77,-3820,1639,-768,0,0
0,20,95,-3881,1625,-760,0,0
-23,47,112,-3777,1565,-805,0,0
-95,44,79,-3628,1659,-753,0,0
-20,2,19,-3732,1752,-640,0,0
147,-68,-16,-3755,1655,-694,0,0
236,-118,-35,-3636,1523,-767,0,0
224,-127,-75,-3662,1494,-778,0,0
148,-105,-125,-3728,1546,-776,0,0
63,-70,-127,-3750,1566,-774,0,0
-22,-33,-94,-3778,1594,-729,0,0
-43,-16,-62,-3763,1553,-712,0,0
-63,0,-46,-3725,1503,-774,0,0
-139,20,-56,-3714,1530,-793,0,0
-221,48,-56,-3712,1607,-761,0,0
-232,74,-35,-3702,1656,-744,0,0
-218,95,3,-3737,1633,-741,0,0
-331,101,17,-3677,1695,-731,0,0
-301,53,-14,-3671,1898,-691,0,0
70,-7,14,-3719,1859,-653,0,0
398,-10,141,-3762,1474,-679,0,0
271,55,216,-3787,1122,-798,0,0
-295,143,121,-3745,1231,-860,0,0
-729,179,-39,-3640,1707,-791,0,0
-642,125,-94,-3547,2103,-677,0,0
-143,34,-30,-3602,2084,-592,0,0
204,-6,71,-3714,1858,-654,0,0
330,-5,138,-3741,1549,-754,0,0
207,20,122,-3713,1390,-804,0,0
-94,42,44,-3639,1535,-771,0,0
-244,45,-2,-3646,1784,-694,0,0
-146,27,42,-3684,1823,-660,0,0
-46,-7,62,-3640,1780,-750,0,0
4,-32,24,-3609,1814,-760,0,0
107,-41,33,-3686,1739,-663,0,0
140,-40,67,-3709,1610,-709,0,0
24,-16,46,-3672,1602,-774,0,0
-74,-1,4,-3681,1719,-716,0,0
7,-29,7,-3712,1737,-686,0,0
59,-38,17,-3703,1704,-720,0,0
66,-25,20,-3743,1618,-707,0,0
34,2,28,-3782,1482,-740,0,0
-77,40,12,-3736,1415,-769,0,0
-221,92,-26,-3756,1435,-731,0,0
-392,157,-57,-3812,1501,-705,0,0
-527,220,-83,-3791,1571,-692,0,0
-586,264,-104,-3856,1646,-642,0,0
-599,272,-110,-3758,1680,-617,0,0
-544,243,-117,-3651,1697,-591,0,0
-424,197,-159,-3729,1660,-585,0,0
-413,184,-191,-3805,1614,-584,0,0
-448,195,-219,-3798,1582,-578,0,0
-452,189,-271,-3721,1551,-598,0,0
-429,176,-326,-3665,1478,-577,0,0
-421,178,-383,-3741,1411,-568,0,0
-489,196,-434,-3828,1399,-607,0,0
-585,222,-467,-3881,1405,-657,0,0
-704,261,-476,-3875,1443,-669,0,0
-781,294,-464,-3839,1526,-620,0,0
-756,291,-440,-3740,1559,-694,0,0
-795,292,-389,-3679,1654,-760,0,0
-736,257,-315,-3647,1791,-783,0,0
-427,175,-197,-3676,1726,-734,0,0
-172,109,-41,-3723,1503,-752,0,0
-192,77,69,-3722,1420,-834,0,0
-287,42,106,-3749,1553,-758,0,0
-138,-44,124,-3781,1660,-679,0,0
122,-134,167,-3795,1648,-649,0,0
374,-205,219,-3843,1556,-590,0,0
629,-256,241,-3908,1385,-567,0,0
790,-270,229,-3926,1204,-568,0,0
745,-249,189,-3906,1066,-612,0,0
401,-163,142,-3907,1222,-592,0,0
293,-123,120,-3955,1349,-506,0,0
471,-133,104,-3899,1240,-641,0,0
188,-73,76,-3934,1427,-565,0,0
109,-27,74,-4000,1549,-459,0,0
241,-28,123,-3893,1482,-474,0,0
321,-69,178,-3837,1381,-489,0,0
391,-140,173,-3807,1366,-530,0,0
491,-181,135,-3821,1351,-501,0,0
475,-164,106,-3877,1365,-522,0,0
451,-105,82,-3866,1313,-619,0,0
318,-8,72,-3813,1279,-724,0,0
-13,118,79,-3818,1389,-680,0,0
-275,171,69,-3864,1655,-550,0,0
-128,118,72,-3789,1706,-530,0,0
141,69,99,-3768,1549,-576,0,0
153,49,111,-3800,1550,-552,0,0
154,6,117,-3776,1508,-494,0,0
158,-31,120,-3800,1521,-551,0,0
149,-46,120,-3802,1550,-592,0,0
207,-106,107,-3767,1538,-573,0,0
305,-144,92,-3755,1495,-636,0,0
348,-169,69,-3734,1476,-616,0,0
456,-223,53,-3741,1376,-517,0,0
610,-241,34,-3798,1299,-644,0,0
529,-214,38,-3778,1504,-524,0,0
526,-258,43,-3838,1377,-503,0,0
543,-246,20,-3883,1243,-675,0,0
434,-201,-19,-3952,1237,-618,0,0
560,-199,-76,-4008,1120,-712,0,0
460,-191,-125,-4021,1218,-794,0,0
295,-176,-113,-3874,1316,-902,0,0
49,-181,24,-3795,1603,-1013,0,0
-45,-179,206,-3895,1720,-1221,0,0
205,-119,214,-3975,1493,-1456,0,0
545,-45,73,-3884,1161,-1626,0,0
416,50,-19,-3758,1080,-1446,0,0
193,67,-55,-3738,1210,-1035,0,0
168,22,-105,-3793,1411,-911,0,0
231,8,-62,-3835,1571,-1096,0,0
342,13,35,-3778,1518,-1239,0,0
441,2,57,-3615,1265,-1225,0,0
348,11,8,-3500,1218,-1174,0,0
248,-8,-72,-3589,1271,-1123,0,0
289,-61,-142,-3733,1198,-1051,0,0
360,-109,-213,-3854,1076,-1000,0,0
357,-140,-258,-3886,1021,-1066,0,0
309,-165,-260,-3902,876,-1046,0,0
232,-183,-254,-3875,846,-1015,0,0
228,-181,-239,-3908,808,-1039,0,0
210,-166,-211,-3961,783,-979,0,0
197,-169,-175,-3997,792,-923,0,0
234,-167,-124,-4069,724,-976,0,0
194,-120,-110,-4220,617,-1133,0,0
-47,-25,-88,-4174,757,-1140,0,0
-230,47,19,-3973,866,-934,0,0
-212,89,137,-3855,853,-771,0,0
-199,125,155,-3889,844,-807,0,0
-257,156,122,-3896,971,-930,0,0
-213,164,125,-3902,989,-933,0,0
-148,145,132,-3893,969,-902,0,0
-141,120,94,-3842,825,-914,0,0
-296,123,20,-3917,962,-932,0,0
-302,96,-24,-3970,1140,-903,0,0
-132,38,-20,-3901,1174,-829,0,0
120,-25,20,-3839,1050,-766,0,0
334,-84,25,-3936,906,-822,0,0
240,-86,-41,-4052,846,-961,0,0
-82,-51,-92,-3866,1006,-920,0,0
-90,-54,-47,-3860,1120,-816,0,0
54,-70,4,-4061,1131,-819,0,0
146,-45,33,-4199,1053,-975,0,0
76,20,73,-4050,913,-1094,0,0
-182,77,117,-3850,1077,-1079,0,0
-244,135,216,-3834,1252,-1073,0,0
-189,192,296,-3825,1203,-998,0,0
-263,175,310,-3837,1349,-940,0,0
-261,114,311,-3834,1630,-858,0,0
309,-85,373,-3802,1844,-936,0,0
1151,-242,517,-3741,1401,-1031,0,0
955,-188,548,-3710,1254,-1080,0,0
403,-86,495,-3703,1435,-1135,0,0
75,0,529,-3740,1659,-1013,0,0
-16,14,659,-3778,1836,-986,0,0
38,-11,811,-3729,1868,-964,0,0
140,-52,911,-3639,1889,-956,0,0
256,-84,954,-3564,1901,-886,0,0
453,-123,959,-3439,1929,-817,0,0
755,-184,895,-3273,1880,-871,0,0
948,-211,763,-3166,1926,-962,0,0
1138,-240,606,-3187,1729,-1221,0,0
1034,-313,398,-3268,1518,-1292,0,0
715,-341,164,-3320,1530,-3504,0,0
270,-354,32,-3330,1860,-1420,0,0
-28,-349,-38,-3336,2117,-1530,0,0
-160,-271,-26,-3312,2304,-1422,0,0
-30,-239,37,-3261,2299,-1310,0,0
206,-230,106,-3238,2087,-1441,0,0
159,-173,118,-3303,1956,-1594,0,0
111,-141,88,-3304,2081,-1609,0,0
377,-184,96,-3171,2091,-1399,0,0
572,-218,154,-3152,2011,-1261,0,0
526,-186,201,-3228,1970,-1183,0,0
378,-102,187,-3255,1911,-1126,0,0
138,-17,143,-3230,1952,-1108,0,0
-7,42,145,-3117,1915,-1198,0,0
-142,118,91,-3115,1896,-1463,0,0
-274,209,-13,-3186,2303,-1818,0,0
-225,249,-57,-3138,2674,-1775,0,0
-92,202,-1,-3006,2711,-1556,0,0
109,111,113,-2884,2537,-1227,0,0
119,31,160,-2875,2238,-1261,0,0
-97,31,177,-2726,2249,-1237,0,0
-86,16,160,-2712,2228,-1214,0,0
-87,33,99,-2847,2224,-1455,0,0
-223,137,43,-3005,2344,-1677,0,0
-355,270,-12,-3043,2449,-1612,0,0
-457,321,-21,-2900,2488,-1256,0,0
-454,241,-31,-2923,2569,-1114,0,0
-375,113,-64,-3124,2666,-1215,0,0
-227,5,-16,-3155,2574,-1242,0,0
-116,-68,86,-3042,2340,-1257,0,0
-83,-97,113,-2955,2268,-1246,0,0
-38,-121,28,-3005,2494,-1261,0,0
129,-148,5,-3054,2501,-1304,0,0
203,-126,89,-3065,2277,-1307,0,0
130,-74,117,-3025,2152,-1309,0,0
-15,-20,53,-3025,2216,-1354,0,0
-158,25,-36,-3045,2461,-1385,0,0
-166,56,-50,-3019,2595,-1388,0,0
-64,84,-11,-2973,2552,-1372,0,0
28,103,27,-2902,2510,-1361,0,0
112,96,59,-2829,2463,-1354,0,0
162,51,45,-2811,2448,-1289,0,0
164,-19,10,-2880,2498,-1302,0,0
211,-77,20,-2963,2486,-1336,0,0
302,-108,43,-2965,2390,-1471,0,0
305,-87,21,-2911,2281,-1528,0,0
181,-56,21,-2895,2486,-1437,0,0
231,-59,62,-2887,2509,-1435,0,0
284,-42,89,-2897,2376,-1504,0,0
121,20,91,-2928,2369,-1578,0,0
71,75,96,-2928,2363,-1517,0,0
89,89,65,-2929,2341,-1505,0,0
33,91,53,-2893,2387,-1485,0,0
76,65,50,-2835,2418,-1503,0,0
166,21,44,-2820,2397,-1500,0,0
228,-2,34,-2896,2464,-1553,0,0
393,-9,61,-2928,2477,-1621,0,0
523,-25,104,-2851,2348,-1668,0,0
538,-39,123,-2788,2276,-1689,0,0
537,-56,120,-2799,2187,-1750,0,0
429,-46,85,-2852,2105,-1796,0,0
257,-23,53,-2880,2151,-1783,0,0
124,-2,28,-2884,2188,-1816,0,0
132,2,12,-2882,2256,-1884,0,0
181,-6,9,-2873,2194,-1904,0,0
182,2,17,-2851,2187,-1906,0,0
243,5,11,-2834,2177,-1944,0,0
262,15,7,-2840,2116,-1937,0,0
204,39,-2,-2828,2087,-1964,0,0
144,95,104,-2868,2038,-1964,0,0
39,104,137,-2750,2147,-2058,0,0
-4,-16,-89,-2591,2100,-2064,0,0
16,-32,-216,-2834,2094,-1989,0,0
21,-8,-20,-2828,2190,-2038,0,0
76,-28,12,-2824,2106,-2051,0,0
67,-21,8,-2852,2062,-2066,0,0
35,-9,13,-2853,2040,-2049,0,0
-19,-7,13,-2809,2037,-2054,0,0
-13,-12,8,-2796,2117,-2082,0,0
35,-15,13,-2798,2073,-2067,0,0
4,-1,23,-2784,2082,-2042,0,0
23,2,24,-2816,2086,-2045,0,0
25,-1,24,-2825,2043,-2035,0,0
-4,-8,10,-2816,2076,-2031,0,0
24,-29,0,-2785,2110,-2023,0,0
58,-49,-12,-2797,2092,-2061,0,0
59,-49,5,-2803,2061,-2069,0,0
40,-37,16,-2826,2059,-2053,0,0
30,-41,-9,-2846,2070,-2041,0,0
39,-39,4,-2840,2042,-2028,0,0
25,-33,39,-2833,2016,-2054,0,0
-25,-20,-4,-2792,1983,-2049,0,0
-29,-1,21,-2831,2090,-2046,0,0
38,7,73,-2872,2095,-2059,0,0
30,8,29,-2857,2029,-2065,0,0
2,22,6,-2848,1990,-2046,0,0
-45,44,-19,-2833,2024,-2044,0,0
-45,52,-20,-2870,2075,-2064,0,0
-34,39,18,-2866,2075,-2078,0,0
-47,28,32,-2818,2052,-2047,0,0
-64,7,-18,-2781,2097,-2033,0,0
8,-12,4,-2805,2132,-2060,0,0
52,-3,-5,-2779,2077,-2092,0,0
80,23,-6,-2783,2043,-2099,0,0
76,50,-5,-2836,1960,-2048,0,0
-14,73,12,-2831,2011,-2047,0,0
-52,60,-6,-2823,2047,-2077,0,0
-47,35,-8,-2813,2042,-2117,0,0
-33,19,7,-2763,2062,-2121,0,0
2,8,-23,-2762,2084,-2113,0,0
12,7,-9,-2788,2052,-2100,0,0
-43,22,-49,-2785,2020,-2072,0,0
-65,17,-18,-2836,2024,-2069,0,0
-34,1,28,-2833,2052,-2101,0,0
-16,-13,10,-2795,2041,-2112,0,0
-5,-26,31,-2762,2086,-2106,0,0
31,-43,23,-2772,2059,-2091,0,0
3,-43,22,-2824,2044,-2091,0,0
-7,-22,58,-2802,2051,-2069,0,0
6,-27,15,-2806,2061,-2120,0,0
12,-45,-5,-2817,2098,-2059,0,0
54,-52,28,-2799,2074,-2053,0,0
44,-57,25,-2831,2087,-2080,0,0
54,-62,23,-2828,2051,-2090,0,0
83,-45,-2,-2799,2025,-2095,0,0
68,-37,1,-2812,2029,-2083,0,0
47,-31,73,-2833,2047,-2060,0,0
46,-16,129,-2810,2036,-2097,0,0
67,-24,75,-2798,2059,-2112,0,0
93,-40,39,-2795,1990,-2083,0,0
69,-18,87,-2801,2095,-2058,0,0
113,-41,0,-2838,2047,-2124,0,0
88,-42,-16,-2844,1921,-2102,0,0
28,15,101,-2767,1994,-2105,0,0
15,4,5,-2756,2011,-2122,0,0
-14,-15,-29,-2852,2030,-2119,0,0
-22,14,87,-2807,2023,-2114,0,0
-49,31,90,-2760,2080,-2092,0,0
-29,4,17,-2749,2041,-2108,0,0
-56,0,16,-2763,2021,-2126,0,0
-63,15,32,-2797,2106,-2120,0,0
-1,3,5,-2747,2079,-2114,0,0
-13,-6,-26,-2832,2141,-2119,0,0
-73,-40,-55,-2736,2007,-2200,0,0
-130,-60,-149,-2773,2077,-2056,0,0
19,14,-148,-2864,1945,-2048,0,0
-133,62,70,-2885,1905,-2040,0,0
-271,91,46,-2782,2092,-2014,0,0
-183,84,-69,-2836,2117,-2063,0,0
-163,82,-42,-2790,2149,-2048,0,0
-110,69,-14,-2746,2171,-2030,0,0
-37,60,13,-2724,2126,-2015,0,0
-103,87,36,-2682,2105,-2035,0,0
-78,57,24,-2719,2226,-1985,0,0
67,-26,-2,-2759,2181,-2016,0,0
-4,-13,-154,-929,2014,-2063,0,0
-236,77,41,-2779,2120,-2033,0,0
-131,24,11,-2733,2153,-2001,0,0
-28,-36,30,-2746,2172,-1993,0,0
-5,-51,76,-2746,2178,-2059,0,0
6,-30,62,-2784,2154,-2081,0,0
44,-12,17,-2786,2131,-2031,0,0
22,-2,-19,-2778,2145,-1997,0,0
32,-39,-37,-2808,2190,-1973,0,0
57,-64,-17,-2826,2123,-2056,0,0
31,-48,31,-2774,2098,-2085,0,0
36,-28,53,-2772,2115,-2053,0,0
12,-13,43,-2765,2188,-1989,0,0
36,-29,35,-2778,2175,-1982,0,0
66,-53,28,-2754,2115,-2023,0,0
72,-50,39,-2763,2127,-2029,0,0
127,-70,45,-2786,2126,-2019,0,0
102,-57,26,-2811,2119,-2024,0,0
53,-29,39,-2795,2093,-2028,0,0
16,-22,16,-2797,2081,-2032,0,0
0,-12,33,-2781,2134,-2034,0,0
16,-10,20,-2796,2142,-2024,0,0
56,-30,59,-2773,2110,-2048,0,0
31,-13,30,-2759,2038,-2055,0,0
-38,5,-7,-2795,2082,-2060,0,0
-50,12,-10,-2793,2091,-2057,0,0
-85,24,-12,-2748,2096,-2063,0,0
-113,31,-20,-2728,2162,-2042,0,0
-46,12,9,-2743,2201,-2009,0,0
15,-21,57,-2748,2179,-2039,0,0
19,-13,48,-2762,2150,-2062,0,0
19,4,38,-2757,2103,-2038,0,0
-26,28,-18,-2779,2146,-2021,0,0
-27,22,-14,-2808,2171,-2006,0,0
-18,8,15,-2754,2111,-2034,0,0
-15,10,-1,-2748,2145,-2041,0,0
22,2,-5,-2791,2135,-2022,0,0
16,1,0,-2789,2125,-1995,0,0
20,1,-13,-2788,2122,-2013,0,0
6,8,-23,-2796,2138,-2030,0,0
-2,22,-26,-2794,2118,-2021,0,0
-21,22,3,-2808,2102,-2012,0,0
-38,9,-5,-2781,2151,-2003,0,0
-32,9,-12,-2770,2168,-2023,0,0
-32,21,-3,-2707,2172,-2024,0,0
-5,32,-89,-2765,2169,-2028,0,0
50,5,-39,-2804,2106,-2052,0,0
11,5,9,-2807,2088,-2062,0,0
-64,20,112,-597,2207,-2015,0,0
57,-49,-80,-2787,2207,-2006,0,0
103,-71,10,-2764,2142,-2087,0,0
94,-55,60,-2795,2072,-2118,0,0
133,-38,26,-2805,2075,-2100,0,0
214,-74,-11,-2824,2077,-2061,0,0
155,-54,54,-2763,2031,-2075,0,0
62,-19,46,-2771,1959,-2048,0,0
-56,5,11,-2782,2042,-2050,0,0
-39,-39,-40,-2839,2151,-2081,0,0
102,-98,-48,-2870,2111,-2106,0,0
173,-84,15,-2834,2001,-2118,0,0
108,-25,-20,-2789,1981,-2057,0,0
35,0,-58,-2823,1989,-2029,0,0
-56,19,-25,-2898,1974,-2065,0,0
-109,29,3,-2847,2015,-2113,0,0
-9,-6,4,-2825,2065,-2095,0,0
87,-37,67,-2775,2047,-2090,0,0
56,-29,9,-2806,2006,-2092,0,0
46,-25,42,-2822,1988,-2110,0,0
30,-13,55,-2813,1994,-2099,0,0
6,-9,14,-2835,1999,-2102,0,0
6,-15,31,-2813,2055,-2100,0,0
23,-10,3,-2823,2023,-2127,0,0
31,-1,77,-2794,2012,-2127,0,0
52,-15,54,-2768,2032,-2095,0,0
47,-9,-30,-2820,2023,-2093,0,0
-29,28,-139,-2877,2009,-2130,0,0
-50,42,-12,-2899,2080,-2173,0,0
-48,86,42,-2717,2042,-2155,0,0
49,58,-239,-2854,2269,-2048,0,0
754,-136,293,-2831,2240,-2132,0,0
1084,-110,299,-2749,1867,-2362,0,0
927,-73,187,-2784,1718,-2304,0,0
890,-90,187,-2817,1611,-2297,0,0
687,-89,143,-2831,1489,-2362,0,0
347,-61,89,-2811,1476,-2409,0,0
94,-35,-12,-2859,1476,-2467,0,0
-65,5,-104,-2856,1629,-2465,0,0
-7,21,-24,-2779,1659,-2508,0,0
43,17,3,-2774,1628,-2509,0,0
51,16,-1,-2778,1577,-2489,0,0
28,8,12,-2784,1568,-2474,0,0
27,-3,55,-2786,1642,-2483,0,0
55,-15,106,-2777,1632,-2508,0,0
8,-17,26,-2769,1628,-2497,0,0
15,-27,27,-2786,1637,-2476,0,0
-3,-15,14,-2829,1615,-2486,0,0
-28,-6,37,-2789,1599,-2488,0,0
-25,-7,24,-2754,1630,-2519,0,0
39,-24,95,-2786,1700,-2491,0,0
49,-32,78,-2790,1606,-2466,0,0
-42,-9,-22,-2816,1593,-2445,0,0
-37,-15,69,-2765,1635,-2488,0,0
3,-12,86,-2752,1661,-2504,0,0
-21,-4,19,-2765,1680,-2485,0,0
-15,-13,16,-2783,1659,-2480,0,0
12,-21,65,-2766,1647,-2480,0,0
25,-30,61,-2740,1654,-2483,0,0
29,-34,61,-2751,1684,-2472,0,0
5,-35,14,-2793,1678,-2480,0,0
-4,-41,6,-2768,1674,-2491,0,0
44,-47,26,-2740,1649,-2475,0,0
37,-45,17,-2746,1660,-2453,0,0
14,-31,-19,-2786,1654,-2488,0,0
10,-27,-42,-2791,1633,-2485,0,0
14,-22,-39,-2789,1635,-2475,0,0
6,5,-31,-2782,1600,-2426,0,0
-99,23,-116,-2814,1599,-2476,0,0
-149,-5,-155,-2819,1602,-2503,0,0
-108,25,-146,-2830,1654,-2474,0,0
-64,42,-95,-2824,1700,-2462,0,0
-41,21,-56,-2839,1652,-2438,0,0
-20,10,32,-2808,1619,-2461,0,0
38,-1,73,-2802,1645,-2491,0,0
30,4,5,-2844,1611,-2443,0,0
-13,15,-29,-2817,1593,-2414,0,0
-5,5,35,-2817,1585,-2433,0,0
-54,16,17,-2818,1661,-2451,0,0
-48,17,25,-2795,1657,-2452,0,0
-42,9,3,-2818,1643,-2446,0,0
-52,1,-44,-2803,1630,-2441,0,0
-44,7,-98,-2827,1696,-2471,0,0
35,46,-317,-2825,1609,-2508,0,0
-37,-1,-183,-2699,1579,-2361,0,0
-36,-70,156,-2909,1733,-2410,0,0
-55,-52,3,-2837,1600,-2512,0,0
-25,-40,-12,-2832,1562,-2529,0,0
59,-31,-11,-2885,1668,-2441,0,0
65,-30,-2,-2905,1605,-2418,0,0
-9,-10,-10,-2872,1460,-2424,0,0
-91,17,-53,-2846,1539,-2427,0,0
-107,6,-70,-2833,1645,-2421,0,0
-79,-20,-59,-2822,1690,-2451,0,0
-49,-26,-20,-2841,1621,-2402,0,0
-72,-21,-5,-2849,1583,-2400,0,0
-76,-32,-4,-2869,1637,-2416,0,0
-52,-31,21,-2869,1621,-2410,0,0
-90,-7,40,-2827,1645,-2400,0,0
-125,-14,81,-2798,1711,-2409,0,0
-78,-37,157,-2772,1734,-2410,0,0
-26,-58,104,-2841,1766,-2408,0,0
26,-109,-32,-2851,1691,-2392,0,0
17,-85,35,-2840,1622,-2340,0,0
-99,-28,54,-2828,1703,-2329,0,0
-133,-20,27,-2792,1803,-2336,0,0
-87,-30,24,-2734,1883,-2389,0,0
-47,-1,71,-2823,1722,-2392,0,0
-163,67,213,-2794,1731,-2327,0,0
-147,59,329,-2850,1933,-2232,0,0
-92,-4,172,-2851,1949,-2233,0,0
-37,-56,89,-2836,1914,-2299,0,0
-34,-19,88,-2834,1879,-2238,0,0
-57,29,78,-2847,1827,-2140,0,0
-133,60,76,-2883,1846,-2145,0,0
-205,70,-30,-2900,1881,-2173,0,0
-218,74,-136,-2856,1864,-2183,0,0
-207,102,-128,-2863,1872,-2142,0,0
-206,102,-96,-2870,1894,-2131,0,0
-200,79,-78,-2910,1883,-2134,0,0
-199,70,-159,-2941,1840,-2168,0,0
-195,84,-224,-2998,1812,-2163,0,0
-221,90,-288,-3023,1831,-2161,0,0
-198,56,-393,-2982,1798,-2165,0,0
-230,108,-394,-3017,1737,-2121,0,0
-386,196,-374,-2983,1875,-2073,0,0
-336,205,-326,-2989,1847,-2090,0,0
-291,202,-282,-2934,1797,-2064,0,0
-273,193,-329,-2923,1738,-2071,0,0
-320,192,-348,-2990,1682,-2102,0,0
-486,253,-222,-3025,1803,-2111,0,0
-544,247,-219,-2922,1829,-2155,0,0
-548,229,-247,-2929,1819,-2236,0,0
-478,202,-219,-2996,1850,-2305,0,0
-264,85,-195,-2953,1853,-2277,0,0
150,-113,-203,-2898,1796,-2189,0,0
220,-81,-69,-2901,1694,-2049,0,0
99,-63,29,-2938,1848,-2043,0,0
192,-167,33,-3007,1848,-2060,0,0
237,-169,53,-3045,1740,-2093,0,0
185,-134,27,-3073,1722,-2097,0,0
159,-130,31,-3119,1774,-2082,0,0
131,-115,34,-3084,1756,-2058,0,0
80,-75,32,-3034,1712,-2056,0,0
21,-32,7,-3029,1696,-2061,0,0
-17,3,-6,-3076,1717,-2075,0,0
-33,26,-21,-3112,1704,-2067,0,0
-54,36,-17,-3100,1707,-2096,0,0
-37,27,-26,-3074,1741,-2130,0,0
20,16,-30,-3042,1728,-2085,0,0
58,26,-14,-3055,1691,-2067,0,0
44,28,-6,-3081,1687,-2080,0,0
-1,34,-28,-3067,1658,-2102,0,0
-27,46,-28,-3055,1692,-2123,0,0
-9,38,-27,-3052,1707,-2108,0,0
4,31,-12,-3056,1680,-2101,0,0
-4,23,-1,-3060,1657,-2088,0,0
-28,24,1,-3067,1677,-2139,0,0
-29,29,-14,-3079,1708,-2138,0,0
-20,22,-6,-3052,1677,-2161,0,0
-11,0,-16,-3040,1705,-2171,0,0
32,-24,-17,-3021,1695,-2138,0,0
61,-20,-15,-3053,1671,-2099,0,0
1,-21,-51,-3119,1659,-2091,0,0
-109,-56,-83,-3138,1697,-2139,0,0
-102,-50,-46,-3040,1650,-2105,0,0
-121,-12,-43,-3020,1633,-2025,0,0
-264,-5,-83,-3029,1666,-1946,0,0
-376,-20,-70,-3112,1769,-1992,0,0
-315,-14,30,-3133,1827,-2103,0,0
-157,-10,38,-3122,1881,-2015,0,0
-13,-19,61,-3096,1790,-1967,0,0
9,-9,74,-3078,1705,-1956,0,0
-52,4,54,-3039,1767,-1931,0,0
-59,0,62,-3053,1743,-1937,0,0
-70,3,52,-3096,1723,-1959,0,0
-93,12,42,-3113,1740,-1946,0,0
-84,25,36,-3108,1817,-1928,0,0
-64,34,23,-3095,1777,-1959,0,0
-114,44,-15,-3122,1763,-1962,0,0
-205,40,-72,-3135,1747,-1945,0,0
-338,43,-108,-3107,1835,-1894,0,0
-452,36,-155,-3136,1916,-1883,0,0
-488,51,-182,-3082,1961,-1827,0,0
-452,79,-130,-3041,1975,-1822,0,0
-309,67,-155,-3173,2022,-1886,0,0
-66,32,-162,-3199,1964,-1836,0,0
87,8,-43,-3221,1804,-1703,0,0
4,-15,-15,-3153,1732,-1703,0,0
-168,-11,-21,-3079,1876,-1838,0,0
-119,-16,-2,-3025,2028,-1832,0,0
51,-40,48,-3051,1956,-1830,0,0
141,-45,61,-3108,1807,-1851,0,0
109,4,47,-3146,1840,-1895,0,0
66,100,39,-3149,1836,-1857,0,0
-142,208,12,-3105,1799,-1815,0,0
-372,252,-37,-3010,1912,-1784,0,0
-387,202,-47,-2947,2089,-1855,0,0
-298,111,-7,-2896,2241,-1868,0,0
-119,30,87,-2929,2382,-1844,0,0
175,-49,194,-3030,2194,-1806,0,0
286,-108,238,-3037,1870,-1793,0,0
316,-162,220,-3049,1699,-1791,0,0
298,-201,174,-3110,1765,-1917,0,0
158,-186,124,-3097,1943,-2086,0,0
189,-108,87,-3075,2058,-1963,0,0
257,-35,111,-2972,1956,-1722,0,0
243,-24,87,-3060,1929,-1740,0,0
54,-11,6,-3224,1964,-1851,0,0
4,22,-13,-3173,1770,-1846,0,0
-2,55,-66,-3127,1770,-1854,0,0
-122,84,-150,-3098,1891,-1821,0,0
-275,116,-181,-3067,2011,-1861,0,0
-312,120,-149,-3027,2078,-1925,0,0
-208,104,-105,-2929,2043,-1938,0,0
-135,109,-86,-2916,2076,-1825,0,0
-163,101,-69,-2924,2031,-1807,0,0
-208,81,-53,-2968,1947,-1891,0,0
-192,48,-41,-2991,2008,-1921,0,0
-102,-4,-23,-3014,2106,-1911,0,0
-30,-43,7,-3011,2119,-1884,0,0
31,-67,40,-2959,1986,-1855,0,0
48,-78,44,-2907,1925,-1880,0,0
66,-76,28,-3012,2044,-1852,0,0
57,-61,25,-3097,2049,-1811,0,0
0,-56,27,-3020,1972,-1863,0,0
15,-57,38,-2979,2005,-1852,0,0
92,-60,42,-3035,2013,-1842,0,0
98,-41,30,-3050,1859,-1813,0,0
-39,0,7,-3093,1936,-1822,0,0
-76,-2,-14,-3099,2127,-1903,0,0
26,6,9,-3044,2073,-1879,0,0
50,30,14,-3020,1933,-1784,0,0
-22,32,2,-2991,1836,-1778,0,0
-43,14,-5,-3031,2019,-1843,0,0
17,-7,2,-3109,2121,-1861,0,0
66,-11,13,-3109,1991,-1826,0,0
99,-32,6,-3080,1824,-1788,0,0
-13,-56,-3,-3044,1930,-1832,0,0
27,-107,-1,-3034,2097,-1882,0,0
194,-141,32,-3083,2118,-1821,0,0
262,-152,63,-3114,1926,-1724,0,0
165,-157,55,-3077,1713,-1741,0,0
56,-165,36,-3089,1900,-1784,0,0
96,-166,42,-3169,2090,-1770,0,0
138,-149,62,-3149,1952,-1695,0,0
77,-151,67,-3122,1776,-1738,0,0
23,-170,40,-3119,1818,-1846,0,0
96,-181,25,-3149,2071,-1790,0,0
248,-177,36,-3226,2076,-1692,0,0
225,-146,23,-3199,1835,-1679,0,0
99,-101,-5,-3182,1709,-1746,0,0
25,-61,-23,-3186,1857,-1779,0,0
32,-24,-28,-3194,1978,-1736,0,0
20,14,-33,-3195,1910,-1704,0,0
-25,22,-40,-3184,1818,-1708,0,0
-27,0,-40,-3160,1795,-1773,0,0
-37,-10,-29,-3163,1826,-1730,0,0
-39,-35,-26,-3178,1954,-1780,0,0
20,-50,-16,-3194,1938,-1796,0,0
10,-38,2,-3190,1868,-1762,0,0
-9,-39,-3,-3176,1843,-1702,0,0
-7,-51,11,-3154,1845,-1742,0,0
31,-44,27,-3130,1838,-1731,0,0
42,-23,29,-3127,1826,-1655,0,0
-10,-4,28,-3179,1793,-1664,0,0
-77,20,26,-3222,1786,-1761,0,0
-107,62,31,-3277,1882,-1760,0,0
-106,89,14,-3246,1940,-1709,0,0
-95,84,-16,-3198,1880,-1770,0,0
-84,74,-15,-3183,1878,-1814,0,0
23,40,14,-3188,2001,-1812,0,0
184,11,35,-3215,1937,-1749,0,0
205,21,39,-3205,1791,-1630,0,0
93,24,26,-3217,1695,-1612,0,0
-118,11,4,-3243,1785,-1749,0,0
-173,-21,5,-3212,1989,-1824,0,0
-23,-89,45,-3140,2058,-1819,0,0
162,-178,107,-3101,1977,-1817,0,0
335,-261,188,-3094,1913,-1785,0,0
464,-331,261,-3149,1866,-1765,0,0
490,-398,295,-3102,1873,-1777,0,0
620,-464,350,-2985,1796,-1759,0,0
752,-505,416,-3067,1948,-1690,0,0
880,-560,447,-3237,2043,-1701,0,0
962,-589,488,-3336,1927,-1688,0,0
1046,-571,511,-3421,1802,-1626,0,0
1044,-534,499,-3512,1777,-1585,0,0
923,-488,480,-3407,1661,-1524,0,0
729,-424,470,-3274,1639,-3528,0,0
666,-385,442,-3335,1713,-1465,0,0
535,-362,394,-3419,1871,-1489,0,0
362,-335,363,-3395,1933,-1531,0,0
262,-277,377,-3153,1796,-1514,0,0
122,-180,409,-3067,1805,-1457,0,0
-60,-103,382,-3074,1937,-1436,0,0
-225,-26,345,-2856,1915,-1374,0,0
-400,61,299,-2816,1941,-1393,0,0
-556,128,107,-3032,2157,-1484,0,0
-818,205,-133,-3191,2359,-1533,0,0
-1066,280,-232,-3212,2441,-1526,0,0
-1274,302,-214,-3104,2510,-1598,0,0
-1826,281,-200,-2960,2585,-1719,0,0
-2033,276,-109,-2717,2572,-1469,0,0
-1459,285,-10,-2497,2438,-1003,0,0
-1004,269,-33,-2641,2656,-1085,0,0
-557,256,-143,-3062,2848,-992,0,0
-286,302,-251,-3268,2636,-858,0,0
-470,401,-294,-3182,2515,-795,0,0
-699,416,-289,-2900,2395,-713,0,0
-689,302,-298,-2740,2494,-719,0,0
-280,110,-349,-2867,2716,-757,0,0
358,-80,-422,-3194,2884,-866,0,0
841,-167,-431,-3428,2794,-1031,0,0
777,-148,-318,-3224,2372,-1111,0,0
273,-81,-180,-3015,2114,-1142,0,0
-66,-22,-152,-3097,2096,-1058,0,0
10,-19,-260,-3273,2053,-1071,0,0
166,-21,-442,-3419,1905,-1108,0,0
130,16,-565,-3504,1716,-1059,0,0
-31,87,-610,-3548,1569,-1000,0,0
-233,156,-658,-3692,1601,-923,0,0
-359,192,-689,-3819,1577,-869,0,0
-464,191,-717,-3854,1463,-852,0,0
-645,185,-754,-3832,1400,-822,0,0
-786,191,-743,-3837,1375,-776,0,0
-812,194,-719,-3882,1365,-785,0,0
-724,181,-715,-3903,1299,-782,0,0
-612,145,-723,-3901,1236,-758,0,0
-441,94,-715,-3941,1136,-725,0,0
-314,45,-666,-4023,1097,-741,0,0
-208,7,-591,-4034,1077,-752,0,0
-92,-22,-472,-4012,1023,-748,0,0
-62,-29,-354,-4051,960,-792,0,0
-235,-1,-256,-4059,925,-839,0,0
-498,52,-148,-4024,965,-833,0,0
-588,103,-37,-3998,1052,-826,0,0
-438,141,52,-3992,995,-889,0,0
-296,168,78,-3921,842,-928,0,0
-295,180,57,-3914,788,-902,0,0
-248,169,25,-3967,809,-851,0,0
-143,131,1,-3972,808,-851,0,0
-122,97,-7,-4025,867,-874,0,0
-106,82,5,-4043,973,-903,0,0
10,96,42,-3988,935,-896,0,0
55,129,86,-3932,828,-847,0,0
-9,144,102,-3966,778,-823,0,0
-77,117,75,-4014,790,-829,0,0
-42,59,20,-3989,759,-899,0,0
11,19,-28,-3984,721,-1034,0,0
-46,19,-36,-3975,790,-1051,0,0
-29,18,-8,-3986,855,-992,0,0
49,15,19,-4011,830,-943,0,0
28,19,25,-3965,797,-892,0,0
-31,12,25,-3908,803,-878,0,0
-35,-6,-3,-3946,808,-954,0,0
-90,-8,-41,-3951,839,-1029,0,0
-181,16,-38,-3963,896,-1021,0,0
-199,27,-17,-3955,936,-963,0,0
-157,21,-3,-3960,945,-959,0,0
-126,23,1,-3953,946,-960,0,0
-80,18,5,-3936,917,-989,0,0
-57,16,8,-3927,898,-1012,0,0
-34,14,2,-3950,899,-1026,0,0
6,8,-9,-3950,906,-1002,0,0
45,-1,7,-3929,890,-992,0,0
79,-9,16,-3926,865,-988,0,0
92,-13,20,-3975,870,-971,0,0
106,-27,18,-3935,856,-974,0,0
116,-34,19,-3977,833,-985,0,0
112,-48,-5,-4062,854,-973,0,0
124,-90,-30,-4128,882,-1006,0,0
215,-144,-42,-4133,892,-1065,0,0
391,-198,-50,-4014,831,-1167,0,0
491,-190,-36,-4006,825,-1215,0,0
598,-166,-13,-4068,880,-1136,0,0
731,-158,17,-4063,889,-1024,0,0
794,-165,60,-3868,819,-977,0,0
867,-196,119,-3611,779,-982,0,0
991,-208,159,-3754,832,-997,0,0
1099,-143,154,-4073,904,-1002,0,0
1123,-28,169,-4182,845,-914,0,0
852,84,254,-4120,646,-881,0,0
270,172,363,-4018,631,-900,0,0
-86,210,462,-3910,757,-896,0,0
-51,190,537,-3889,859,-947,0,0
-9,190,613,-3954,915,-1059,0,0
-193,273,737,-4068,1166,-1392,0,0
-558,460,992,-4126,1661,-1283,0,0
-890,456,1350,-3957,2123,-1246,0,0
-1118,262,1759,-3692,2700,-1261,0,0
-844,-26,2053,-3374,3307,-1230,0,0
-414,-254,2277,-3160,3447,-1000,0,0
-432,-387,2506,-2680,3436,-732,0,0
-206,-523,2571,-2296,3185,-446,0,0
87,-664,2447,-2065,2845,-409,0,0
479,-655,2186,-1888,2531,-581,0,0
585,-466,1785,-1899,2500,-759,0,0
403,-337,1326,-1939,2754,-806,0,0
372,-365,954,-2018,3315,-766,0,0
1148,-401,607,-2022,2476,-1454,0,0
113,-273,439,-1531,3092,-1132,0,0
-840,-298,431,-1116,4124,-1123,0,0
-1172,-328,573,-843,4009,-962,0,0
-518,-311,623,-671,3801,-939,0,0
-257,-283,626,-638,3599,-934,0,0
-669,-245,599,-509,3620,-594,0,0
-292,-258,419,-425,3550,-458,0,0
670,-238,101,-428,2955,-625,0,0
966,-100,-334,-482,2731,-974,0,0
301,60,-708,-769,3409,-863,0,0
276,117,-787,-1021,4375,-481,0,0
2155,-41,-712,-981,3796,-748,0,0
2057,-390,-656,-1367,3177,-1569,0,0
-145,-403,-298,-1564,4638,-2250,0,0
-329,-88,329,-991,4590,-2142,0,0
42,135,476,-824,2930,-1789,0,0
-756,266,264,-1050,2545,-1154,0,0
-968,246,-40,-805,2648,-439,0,0
-99,39,-499,-1129,3118,-718,0,0
371,9,-633,-1385,3701,-1232,0,0
509,99,-484,-1442,4357,-1267,0,0
344,-35,-186,-1704,4190,-1487,0,0
-598,-51,294,-1172,4450,-2007,0,0
-126,267,462,-905,3094,-1945,0,0
-710,472,263,-935,2638,-1312,0,0
-1422,458,-33,-630,3658,-10,0,0
405,60,-275,-972,3196,-277,0,0
1046,-96,-367,-1213,3173,-1408,0,0
812,93,-364,-1545,4234,-1403,0,0
312,135,-45,-1814,4322,-2018,0,0
-804,404,491,-1217,4607,-2610,0,0
-177,813,672,-1111,3186,-2260,0,0
-1050,959,636,-1343,3379,-3384,0,0
-1423,908,779,-931,3836,-529,0,0
-54,834,696,-505,3045,-650,0,0
295,817,434,-289,3396,-445,0,0
718,546,257,34,3553,-505,0,0
784,266,119,31,3496,-1076,0,0
328,249,135,-99,3979,-1111,0,0
632,243,253,-83,3809,-1245,0,0
681,212,323,-175,3714,-1292,0,0
630,132,395,-149,3555,-1510,0,0
507,140,387,-57,3304,-1664,0,0
233,192,297,-34,3240,-1830,0,0
-112,236,216,-44,3235,-1873,0,0
-427,297,146,31,3365,-1762,0,0
-689,315,135,249,3479,-1601,0,0
-550,361,154,312,3467,-1811,0,0
-408,515,114,241,3353,-1634,0,0
-697,570,66,171,3810,-914,0,0
90,353,94,255,4000,-764,0,0
1110,155,126,339,3631,-1336,0,0
1306,159,130,504,3561,-1571,0,0
1066,123,139,515,3372,-1769,0,0
487,173,258,607,3525,-1818,0,0
583,170,351,686,3280,-1939,0,0
712,175,310,766,2939,-2395,0,0
85,279,199,696,3006,-2361,0,0
-702,300,187,624,3442,-1614,0,0
-422,4,287,700,3858,-1122,0,0
949,-314,320,829,2991,-2357,0,0
635,59,274,1082,3024,-2222,0,0
556,208,242,1156,3081,-1962,0,0
719,139,276,1012,3048,-2094,0,0
743,84,410,1179,3051,-2278,0,0
795,35,440,1174,2648,-2454,0,0
652,75,378,1064,2469,-2520,0,0
399,94,280,1124,2504,-2672,0,0
86,61,202,1240,2337,-2564,0,0
-159,-86,125,1135,2500,-2393,0,0
-69,-221,81,1252,2544,-2401,0,0
262,-218,130,1335,2782,-2474,0,0
664,-144,170,1308,2138,-2739,0,0
-52,63,92,1306,2391,-2876,0,0
-132,189,43,1181,2495,-2721,0,0
-6,120,5,1110,2422,-2624,0,0
-116,-44,-37,1112,2495,-2550,0,0
-53,-177,-62,1055,2514,-2538,0,0
56,-166,-55,1141,2412,-2714,0,0
-154,-5,-15,1301,2688,-2614,0,0
128,31,26,1287,2510,-2550,0,0
161,92,25,1300,2470,-2879,0,0
119,211,23,1408,2649,-2823,0,0
168,230,31,1327,2512,-2701,0,0
176,169,45,1246,2464,-2668,0,0
183,93,39,1271,2355,-2644,0,0
8,37,3,1304,2441,-2597,0,0
21,-56,-9,1258,2408,-2547,0,0
140,-135,-7,1255,2329,-2694,0,0
124,-53,26,1391,2421,-2727,0,0
291,-37,28,1310,2252,-2711,0,0
428,0,43,1325,2132,-2844,0,0
226,15,-33,1365,1934,-2862,0,0
69,20,-95,1249,2290,-2606,0,0
413,-66,-86,1133,2163,-2744,0,0
463,-134,-120,1199,2126,-2633,0,0
747,-310,-286,1301,1834,-3016,0,0
710,-386,-329,1336,2553,-3174,0,0
996,-494,-98,1291,2310,-3686,0,0
461,-386,203,1049,2394,-3446,0,0
1,-417,504,847,2210,-3199,0,0
-154,-510,652,775,1604,-3220,0,0
-811,-456,627,772,1808,-3100,0,0
-796,-459,582,698,2086,-3010,0,0
192,-452,436,630,1293,-3328,0,0
708,-236,21,573,564,-3607,0,0
133,-78,-411,554,1375,-3419,0,0
27,-119,-582,705,1888,-3293,0,0
326,-235,-607,656,1633,-3447,0,0
129,-265,-666,500,1562,-3546,0,0
-50,-242,-686,442,1874,-3573,0,0
60,-247,-630,415,1953,-3494,0,0
115,-275,-564,342,1865,-3366,0,0
163,-324,-532,213,1727,-3357,0,0
85,-388,-574,44,1699,-3292,0,0
79,-464,-661,-197,1525,-3309,0,0
-5,-523,-811,-434,1311,-3195,0,0
-232,-643,-1040,-629,1181,-2980,0,0
-276,-842,-1386,-1059,1128,-2812,0,0
-472,-1075,-1629,-1476,1361,-2645,0,0
-642,-1329,-1797,-1911,1664,-2589,0,0
-713,-1560,-1894,-2300,1796,-2673,0,0
-892,-1654,-1962,-2723,2017,-2802,0,0
-1147,-1583,-1959,-2996,2096,-2777,0,0
-1345,-1401,-1908,-3219,2174,-2673,0,0
-1738,-1170,-1808,-3352,2162,-2458,0,0
-2137,-915,-1720,-3533,2353,-2230,0,0
-2280,-689,-1569,-3558,2335,-1878,0,0
-2243,-515,-1432,-3509,2363,-1619,0,0
-2051,-377,-1235,-3454,2352,-1601,0,0
0,-234,-879,-3522,2337,-1473,0,0
-1350,-169,-461,-3955,2648,-1233,0,0
209,-188,-233,-3955,2467,-1484,0,0
1279,-86,-58,-3786,1979,-1160,0,0
1582,-8,252,-3868,1480,-823,0,0
1331,53,486,-3984,1109,-803,0,0
641,129,501,-3924,999,-896,0,0
-74,182,419,-3787,1102,-877,0,0
-393,156,375,-3702,1179,-724,0,0
-303,36,362,-3676,1141,-665,0,0
-141,-112,294,-3719,1093,-728,0,0
-53,-261,126,-3767,1204,-766,0,0
210,-398,-50,-3783,1313,-865,0,0
379,-445,-95,-3828,1206,-1321,0,0
-479,-136,-61,-3813,1121,-2564,0,0
-1314,295,-106,-3613,1587,-1311,0,0
-578,110,-169,-3565,1715,-650,0,0
82,-46,-201,-3719,1683,-749,0,0
334,-46,-196,-3776,1549,-772,0,0
159,-31,-209,-3729,1409,-864,0,0
-115,-14,-181,-3719,1581,-848,0,0
-99,4,-91,-3706,1611,-871,0,0
-18,33,-14,-3744,1464,-818,0,0
-48,40,3,-3797,1399,-783,0,0
-54,31,-34,-3855,1329,-819,0,0
-184,29,-80,-3854,1357,-809,0,0
-279,3,-71,-3839,1446,-893,0,0
-171,-36,-34,-3839,1463,-961,0,0
-91,-66,-17,-3809,1474,-974,0,0
-23,-90,-21,-3764,1554,-939,0,0
161,-124,-43,-3744,1550,-925,0,0
271,-130,-43,-3760,1530,-916,0,0
357,-105,-4,-3780,1446,-865,0,0
466,-68,62,-3668,1284,-796,0,0
488,-20,129,-3703,1102,-725,0,0
182,22,94,-3905,1019,-713,0,0
-215,26,-17,-3998,1191,-765,0,0
-213,17,-92,-3967,1263,-805,0,0
-136,38,-93,-3918,1151,-926,0,0
-356,99,-66,-3845,1126,-983,0,0
-566,130,-79,-3791,1284,-932,0,0
-518,106,-125,-3793,1468,-950,0,0
-358,96,-123,-3818,1531,-945,0,0
-221,120,-80,-3863,1499,-890,0,0
-192,141,-44,-3880,1398,-776,0,0
-213,117,-28,-3776,1363,-798,0,0
-178,104,-1,-3672,1327,-772,0,0
-178,97,14,-3700,1319,-787,0,0
-170,74,-26,-3806,1365,-827,0,0
-211,65,-57,-3908,1435,-886,0,0
-165,59,-27,-3832,1384,-900,0,0
-56,27,21,-3794,1274,-933,0,0
-68,24,17,-3773,1264,-868,0,0
-115,19,-18,-3766,1363,-823,0,0
-115,4,-33,-3821,1447,-830,0,0
-76,-5,-17,-3819,1474,-849,0,0
18,-7,14,-3823,1393,-849,0,0
42,-8,28,-3852,1327,-842,0,0
57,-11,18,-3823,1255,-849,0,0
18,-7,4,-3833,1252,-859,0,0
-25,1,-17,-3857,1320,-876,0,0
-50,16,-30,-3883,1374,-827,0,0
-30,18,5,-3858,1364,-811,0,0
-3,15,24,-3826,1302,-833,0,0
-38,28,16,-3827,1293,-840,0,0
-57,36,-3,-3822,1303,-819,0,0
-66,23,-9,-3782,1324,-817,0,0
-45,-3,-20,-3792,1395,-895,0,0
-8,-4,-25,-3832,1437,-870,0,0
33,-14,15,-3818,1389,-798,0,0
88,-49,29,-3819,1349,-821,0,0
110,-65,14,-3834,1354,-882,0,0
116,-54,27,-3837,1316,-887,0,0
103,-36,32,-3814,1273,-869,0,0
52,-1,25,-3828,1257,-835,0,0
-31,43,18,-3809,1200,-753,0,0
-131,35,2,-3779,1233,-722,0,0
-181,2,-20,-3900,1388,-858,0,0
-163,26,-10,-3909,1418,-933,0,0
-157,76,27,-3748,1275,-840,0,0
-215,111,25,-3703,1192,-723,0,0
-287,107,-59,-3803,1238,-652,0,0
-329,60,-127,-3910,1389,-768,0,0
-316,22,-106,-3871,1477,-973,0,0
-292,48,-15,-3788,1484,-1055,0,0
-228,78,0,-3732,1419,-870,0,0
-177,70,-52,-3706,1444,-750,0,0
-145,53,-62,-3742,1491,-735,0,0
-42,16,-49,-3806,1401,-802,0,0
-119,37,-18,-3824,1465,-863,0,0
-168,71,41,-3807,1409,-823,0,0
-158,54,46,-3796,1351,-757,0,0
-158,17,24,-3806,1393,-812,0,0
-119,-2,17,-3800,1442,-897,0,0
-57,10,25,-3785,1436,-859,0,0
-5,15,12,-3816,1395,-744,0,0
-1,-1,-2,-3802,1403,-723,0,0
24,-24,-4,-3827,1399,-788,0,0
21,-22,-6,-3849,1430,-873,0,0
-7,6,18,-3868,1426,-819,0,0
34,6,31,-3865,1360,-770,0,0
45,1,12,-3830,1314,-770,0,0
6,-2,-3,-3807,1334,-799,0,0
-11,-5,-10,-3824,1403,-820,0,0
21,-5,-13,-3835,1436,-794,0,0
74,-13,-7,-3815,1385,-780,0,0
69,-15,2,-3807,1347,-761,0,0
72,-30,-3,-3828,1361,-830,0,0
52,-15,-3,-3833,1382,-831,0,0
49,1,17,-3827,1341,-778,0,0
38,-1,0,-3826,1328,-792,0,0
-12,2,-16,-3847,1376,-806,0,0
-33,-5,10,-3824,1372,-779,0,0
11,-35,18,-3791,1362,-832,0,0
55,-46,-7,-3819,1404,-883,0,0
74,-36,-19,-3846,1423,-798,0,0
107,-61,4,-3815,1400,-775,0,0
163,-82,12,-3818,1352,-833,0,0
137,-52,9,-3829,1323,-798,0,0
151,-51,-3,-3827,1257,-785,0,0
101,-53,-30,-3857,1319,-807,0,0
76,-48,-26,-3837,1350,-793,0,0
123,-69,-4,-3801,1299,-843,0,0
132,-70,-15,-3824,1338,-897,0,0
141,-48,-17,-3854,1358,-834,0,0
169,-37,-1,-3862,1309,-772,0,0
171,-46,4,-3856,1278,-764,0,0
197,-62,-1,-3837,1257,-818,0,0
187,-50,-7,-3854,1255,-851,0,0
147,-19,3,-3885,1251,-822,0,0
153,-8,7,-3866,1198,-822,0,0
84,17,10,-3865,1196,-813,0,0
18,37,31,-3866,1201,-767,0,0
1,25,38,-3794,1184,-810,0,0
-30,34,46,-3758,1215,-845,0,0
-68,51,34,-3830,1266,-811,0,0
-100,25,19,-3879,1350,-839,0,0
-74,-1,33,-3855,1422,-906,0,0
1,-11,54,-3814,1399,-935,0,0
64,-28,58,-3798,1399,-921,0,0
155,-36,52,-3815,1382,-837,0,0
216,-47,45,-3859,1356,-799,0,0
246,-65,38,-3870,1304,-829,0,0
252,-63,35,-3853,1237,-867,0,0
236,-51,30,-3871,1205,-861,0,0
194,-42,18,-3887,1209,-832,0,0
167,-43,14,-3859,1214,-839,0,0
152,-37,3,-3831,1218,-875,0,0
128,-26,-19,-3834,1254,-868,0,0
113,-22,-25,-3869,1258,-883,0,0
92,-13,-16,-3879,1246,-892,0,0
83,-11,-2,-3886,1203,-892,0,0
39,7,2,-3873,1158,-884,0,0
-32,9,-3,-3841,1165,-881,0,0
-47,2,-13,-3825,1212,-916,0,0
-23,3,-19,-3829,1247,-925,0,0
-10,8,-15,-3851,1262,-904,0,0
-27,15,-13,-3894,1256,-878,0,0
-50,14,6,-3850,1227,-936,0,0
-50,18,4,-3815,1205,-958,0,0
-64,19,-18,-3864,1264,-933,0,0
-28,8,-33,-3848,1299,-969,0,0
24,32,-17,-3817,1247,-877,0,0
35,43,-10,-3875,1135,-822,0,0
-27,40,-40,-3864,1100,-895,0,0
-103,55,-80,-3834,1143,-998,0,0
-174,77,-74,-3862,1248,-998,0,0
-145,79,-39,-3842,1288,-976,0,0
-132,77,-16,-3830,1221,-956,0,0
-225,67,-30,-3880,1186,-964,0,0
-259,27,-79,-3841,1224,-965,0,0
-145,-81,-102,-3730,1362,-1127,0,0
75,-143,-52,-3838,1569,-1238,0,0
457,-113,11,-3895,1422,-1167,0,0
723,-68,23,-3790,1174,-1070,0,0
615,-37,-22,-3736,1274,-1247,0,0
628,13,-48,-3865,1477,-1478,0,0
771,109,-12,-3961,1508,-1579,0,0
833,264,48,-3962,1459,-1464,0,0
756,406,115,-3885,1335,-1314,0,0
556,517,231,-3842,1255,-1156,0,0
321,559,375,-3802,1206,-979,0,0
171,510,488,-3785,1166,-860,0,0
57,399,558,-3725,1072,-885,0,0
-138,286,617,-3616,918,-981,0,0
-383,196,647,-3460,973,-1001,0,0
-272,64,601,-3485,1060,-1052,0,0
53,-84,461,-3661,999,-1091,0,0
301,-217,251,-3694,987,-1157,0,0
598,-409,82,-3535,1022,-1202,0,0
1067,-620,-45,-3561,1215,-1274,0,0
1642,-760,-143,-3600,1112,-1571,0,0
1475,-824,-301,-3617,783,-1413,0,0
725,-917,-390,-3837,966,-1634,0,0
196,-906,-296,-4252,739,-2938,0,0
-703,-264,5,-3972,684,-4413,0,0
-426,107,112,-3972,1060,-1778,0,0
358,7,55,-3848,1306,-1059,0,0
662,17,108,-3479,1073,-860,0,0
561,85,137,-3553,1175,-1008,0,0
924,57,117,-3882,1237,-1392,0,0
1034,60,151,-4078,1357,-1519,0,0
1059,-73,358,-3701,1149,-1293,0,0
1267,-245,506,-3550,636,-1134,0,0
1035,-283,263,-3720,32,-1182,0,0
46,-200,-66,-3964,36,-1192,0,0
-619,-51,-15,-4294,452,-1416,0,0
-1155,172,134,-4540,851,-1432,0,0
-1399,319,115,-3927,1408,-1087,0,0
-895,156,83,-3234,1553,-1165,0,0
-49,3,50,-2932,1486,-2038,0,0
697,-120,-43,-3154,972,-1590,0,0
788,-398,-282,-3752,777,-1181,0,0
217,-448,-378,-4302,912,-1261,0,0
-414,-225,-166,-4236,931,-1551,0,0
-742,-15,79,-3900,701,-1373,0,0
-1014,132,87,-3867,931,-1576,0,0
-1116,283,94,-3775,1219,-1440,0,0
-750,297,134,-3736,1765,-1202,0,0
80,209,169,-3692,1760,-1236,0,0
373,218,163,-3548,1744,-1402,0,0
838,203,254,-3284,1399,-917,0,0
1120,53,319,-3297,1016,-1047,0,0
749,-12,250,-3555,1115,-1383,0,0
608,-30,125,-3934,1159,-1701,0,0
473,2,11,-4168,1064,-1756,0,0
152,38,-62,-3946,1184,-3520,0,0
-118,43,-82,-3634,1383,-1463,0,0
-181,82,-31,-3468,1505,-1649,0,0
-109,142,41,-3505,1326,-1709,0,0
-92,199,77,-3672,1224,-1783,0,0
-125,289,107,-3791,1031,-1864,0,0
-439,402,100,-3792,891,-1859,0,0
-834,551,142,-3662,1105,-1736,0,0
-820,580,273,-3487,1378,-1496,0,0
-758,542,469,-3500,1740,-1540,0,0
-726,567,611,-3202,1770,-1474,0,0
-585,545,637,-2601,1763,-1310,0,0
-312,503,606,-2567,1537,-1796,0,0
-561,514,370,-2830,1752,-1868,0,0
-571,309,51,-3321,2657,-1948,0,0
59,40,-61,-3462,2424,-2763,0,0
297,-11,79,-3064,1873,-2541,0,0
528,-166,201,-2983,1632,-2031,0,0
559,-307,194,-3155,1734,-1833,0,0
448,-291,47,-3230,1543,-2097,0,0
-137,-74,-54,-2763,2420,-1486,0,0
600,-177,212,-2494,2032,-1170,0,0
1361,-381,314,-2930,933,-2169,0,0
850,-333,78,-3427,962,-2523,0,0
294,-226,-125,-3548,1450,-1935,0,0
83,-222,-132,-3203,1857,-1159,0,0
183,-324,-33,-3037,1884,-1616,0,0
295,-225,41,-2932,1329,-2307,0,0
-3,-100,-9,-2988,1311,-2053,0,0
-201,-119,-134,-3393,1661,-2003,0,0
-257,-42,-163,-3530,1895,-2103,0,0
-226,63,-90,-3387,1785,-1962,0,0
-277,94,-82,-3260,1844,-1945,0,0
-346,110,-96,-3219,2001,-1919,0,0
-265,123,-58,-3091,1965,-1773,0,0
-92,89,44,-2990,1825,-1788,0,0
-24,56,101,-3009,1628,-3928,0,0
-141,47,53,-3140,1665,-2013,0,0
-224,61,-11,-3168,1713,-2124,0,0
-287,69,12,-3101,1820,-1922,0,0
-114,16,49,-3118,1777,-1875,0,0
56,-1,72,-3015,1630,-1777,0,0
84,-14,54,-3305,1563,-1773,0,0
-184,-47,-113,-3572,1809,-1994,0,0
-338,7,-67,-3174,1924,-1822,0,0
-112,8,171,-2741,1575,-1709,0,0
-51,-48,161,-2870,1461,-1911,0,0
-229,-45,-71,-3204,1814,-2049,0,0
-271,6,-243,-3489,2105,-1913,0,0
-188,-25,-299,-3561,2451,-1823,0,0
199,-32,-174,-3395,2327,-1842,0,0
370,126,68,-3185,1739,-1606,0,0
0,204,178,-3003,1508,-1626,0,0
-318,95,54,-2914,1630,-2146,0,0
-334,-21,-66,-2919,2046,-2196,0,0
85,-100,47,-2887,2166,-1838,0,0
414,-127,187,-2989,1949,-1655,0,0
471,-130,196,-3116,1865,-1813,0,0
471,-116,134,-3187,1800,-1887,0,0
498,-104,103,-3254,1746,-1897,0,0
460,-75,87,-3313,1624,-1971,0,0
340,-22,54,-3282,1501,-1943,0,0
107,13,10,-3194,1521,-1895,0,0
-53,16,-26,-3133,1584,-1909,0,0
-123,21,-65,-3119,1691,-2012,0,0
-147,65,-75,-3111,1720,-2172,0,0
-140,131,-75,-3124,1739,-2255,0,0
-57,181,-82,-3168,1773,-2433,0,0
62,261,-63,-3277,1831,-2355,0,0
185,311,-14,-3343,1791,-2172,0,0
74,318,41,-3059,1625,-2000,0,0
-181,261,57,-2623,1606,-1930,0,0
-402,199,15,-2540,1724,-1999,0,0
-512,201,-38,-2741,1879,-1983,0,0
-355,196,-67,-2913,2017,-2156,0,0
-43,218,-50,-3014,1947,-2579,0,0
84,319,-10,-3008,1849,-2955,0,0
113,493,-29,-3171,1903,-3048,0,0
89,689,-36,-3082,1915,-2761,0,0
80,747,-15,-2762,1988,-2739,0,0
148,713,2,-2614,1974,-2632,0,0
172,635,26,-2502,2004,-2598,0,0
288,551,124,-2301,1920,-2959,0,0
361,556,236,-2098,1861,-3329,0,0
469,579,264,-1962,2105,-4380,0,0
491,778,143,-2450,2414,-5095,0,0
497,1143,173,-2692,2891,-5326,0,0
1166,1532,409,-2725,2527,-4995,0,0
1608,1809,599,-2344,2118,-4536,0,0
1979,1908,493,-2076,1581,-4181,0,0
1883,1845,123,-1386,959,-3751,0,0
1715,1689,-362,-1392,743,-3570,0,0
1098,1713,-723,-1354,131,-2321,0,0
151,1624,-838,-1274,123,-1559,0,0
-315,1352,-635,-1002,-73,-787,0,0
-229,784,-224,-197,-210,-939,0,0
158,259,202,239,-607,-3448,0,0
328,-30,385,702,-702,-1855,0,0
413,-93,405,798,-786,-2360,0,0
501,126,260,41,-562,-3067,0,0
136,571,64,-296,-678,-2900,0,0
-1345,777,44,242,-250,-3063,0,0
-1447,502,-7,783,838,-3829,0,0
440,-100,-91,1345,687,-5855,0,0
805,-348,7,1809,1123,-8858,0,0
1200,-86,141,2131,972,-11201,0,0
1005,560,351,1317,-192,-10036,0,0
403,731,618,1287,-519,-7383,0,0
739,173,554,620,-1277,-5356,0,0
583,-343,430,212,-806,-2442,0,0
281,-428,225,1318,-1037,-107,0,0
102,-397,10,2444,-1074,282,0,0
250,-83,-220,433,-604,38,0,0
287,351,-696,-1195,276,-1616,0,0
707,680,-610,-1444,-236,-2665,0,0
-23,991,-525,-1051,-406,-1911,0,0
-748,372,-367,-695,-58,-1487,0,0
-5,-638,-30,-93,-251,-2403,0,0
295,-484,-19,-562,-344,-287,0,0
-382,-305,-155,-360,463,-1150,0,0
-139,302,197,53,328,-1079,0,0
411,1066,375,1860,-1386,-1326,0,0
-492,723,149,3079,-1721,-3980,0,0
-1007,-327,-441,3625,-39,-6203,0,0
456,-1103,-319,2943,-428,-9389,0,0
483,-702,-173,2016,-1410,-9379,0,0
-947,-38,-48,1409,-125,-6520,0,0
-783,-267,248,1088,-332,-5555,0,0
-513,-443,225,1144,-645,-4046,0,0
-19,-396,-55,959,-454,-3548,0,0
-108,-204,-89,-316,-254,-3319,0,0
-216,-282,18,-304,-100,-4439,0,0
136,-523,206,520,-356,-8115,0,0
179,-185,270,817,-201,-11194,0,0
48,535,495,1007,-208,-10609,0,0
400,527,586,962,-936,-7343,0,0
820,-182,307,560,-862,-2399,0,0
669,-608,62,422,-1156,1530,0,0
-145,-720,-337,591,-341,3085,0,0
-588,-1320,-197,872,215,923,0,0
23,-1166,-191,-792,156,-2883,0,0
584,-147,40,935,-589,-3993,0,0
894,951,-19,129,-536,-4053,0,0
302,1537,-198,-306,-248,-1979,0,0
-159,900,73,-1025,258,-908,0,0
401,-336,173,-1259,-752,-1516,0,0
236,-182,169,-986,-1353,356,0,0
-450,54,-137,-616,-1061,181,0,0
-129,122,-353,486,-632,-1078,0,0
124,772,-406,1197,-919,-3257,0,0
-1241,556,-424,45,-492,-6256,0,0
-1948,-667,-201,1633,1392,-10465,0,0
463,-1076,199,1831,549,-13094,0,0
627,1,142,1872,-935,-11099,0,0
-908,1042,119,1589,376,-5596,0,0
-693,770,179,901,567,-3397,0,0
15,-76,159,1150,-60,-2460,0,0
612,-686,131,455,-648,-2150,0,0
530,-671,9,-181,-878,-2033,0,0
606,-458,-151,-340,-715,-1945,0,0
418,-81,-314,-2976,-652,-1815,0,0
-549,346,-322,-889,-128,-2061,0,0
-908,271,39,859,-665,-5608,0,0
-303,443,51,1651,-313,-9644,0,0
90,1077,-299,1195,252,-10546,0,0
241,1159,242,2371,158,-10191,0,0
840,677,299,2306,-852,-7025,0,0
59,160,177,1958,-72,-2636,0,0
-135,-59,597,1205,-615,928,0,0
-892,39,121,2345,223,4106,0,0
-3056,-684,-363,-80,919,2117,0,0
-301,-934,180,-1735,735,-3176,0,0
1074,235,792,-1431,-1088,-3703,0,0
-24,974,176,-1172,-1106,-1672,0,0
-155,-63,151,-140,-899,-1567,0,0
924,-1128,0,-272,-1227,-3585,0,0
342,-2688,-400,-825,-1149,-1436,0,0
-278,-140,-473,-265,-588,-1666,0,0
373,477,-569,-210,-344,-3019,0,0
150,1217,-822,2453,-215,-2402,0,0
-774,550,-298,5372,-78,-3917,0,0
-508,-613,63,2595,773,-5765,0,0
708,-1399,175,1069,-1009,-8827,0,0
32,-870,88,2217,-1407,-7692,0,0
-529,-242,-318,1721,-24,-5735,0,0
-53,181,-164,-297,185,-3768,0,0
97,289,120,-734,-438,-3119,0,0
244,200,34,-555,-1240,-3431,0,0
6,14,-274,-279,-1149,-4001,0,0
171,-142,-475,451,-1129,-4940,0,0
-31,17,-645,814,-64,-5126,0,0
26,157,-631,951,337,-5872,0,0
52,204,-460,1765,552,-7767,0,0
384,324,-271,2199,-77,-9315,0,0
203,506,-265,1780,-850,-8642,0,0
153,263,-260,1749,-1490,-7236,0,0
78,-173,-430,1397,-746,-4482,0,0
76,-272,-403,556,290,-1473,0,0
202,14,-412,800,224,2178,0,0
-457,-234,-538,1176,832,2521,0,0
-69,-2592,-432,-1664,873,-197,0,0
471,-309,135,-600,-166,-2010,0,0
520,533,155,-538,-808,-1920,0,0
-543,419,-329,-251,-296,-1172,0,0
-371,-705,-137,-475,-253,-2655,0,0
321,-849,236,-412,-886,-2153,0,0
-250,-435,73,-602,-749,-743,0,0
-634,-299,-126,289,-346,-2460,0,0
-3,516,-194,-49,133,-3116,0,0
-337,1213,-209,2107,348,-4541,0,0
-881,703,-53,2975,1114,-5965,0,0
276,-328,131,2993,549,-6657,0,0
916,-759,243,1639,-1048,-6599,0,0
235,-630,-185,1533,-538,-5675,0,0
-396,-73,-379,1236,663,-3961,0,0
-674,186,-25,321,491,-3155,0,0
-1027,-65,161,8,341,-3378,0,0
-326,-551,100,341,145,-4556,0,0
-291,-708,-28,156,337,-6035,0,0
47,-571,-36,20,672,-7344,0,0
34,-142,12,162,884,-7850,0,0
184,79,83,309,1016,-10115,0,0
139,509,356,317,872,-10547,0,0
174,528,173,953,96,-9625,0,0
314,359,109,564,-455,-4668,0,0
569,-158,-11,784,-551,-1485,0,0
338,-391,-133,225,-464,1045,0,0
-146,-400,-163,1453,-309,2345,0,0
-491,-759,-121,502,319,22,0,0
570,-533,-251,-641,181,-2029,0,0
1008,251,-58,280,-381,-2120,0,0
503,974,47,-767,-504,-2495,0,0
-137,1027,-171,-427,-179,-863,0,0
-392,88,-224,-701,21,-979,0,0
-114,-573,30,-382,70,-1192,0,0
-27,-386,176,-477,75,-285,0,0
-302,-158,189,68,-171,-1659,0,0
-205,580,212,201,-245,-2891,0,0
-248,1129,281,2046,-351,-4109,0,0
-766,271,40,960,-44,-6778,0,0
-480,-984,-28,1738,1233,-9570,0,0
1094,-1140,331,721,-830,-9663,0,0
-2192,-378,104,905,-442,-7288,0,0
-335,129,-229,659,685,-4794,0,0
-56,406,-39,-283,559,-3482,0,0
-117,610,359,-749,229,-2491,0,0
-259,413,378,-635,-140,-3161,0,0
-299,205,276,-161,87,-4540,0,0
-105,101,252,876,110,-6853,0,0
362,197,231,1659,321,-8993,0,0
731,396,-63,1623,50,-11411,0,0
332,984,-80,971,-225,-9674,0,0
384,804,63,1180,-1128,-7118,0,0
458,266,176,1429,-1155,-2625,0,0
1165,-177,-123,787,-412,1359,0,0
835,-350,-520,1834,632,2134,0,0
-767,-590,-471,2030,1728,2628,0,0
-449,-856,-21,-1370,1675,-546,0,0
-68,-71,526,-1396,-185,-2155,0,0
-326,821,655,-1638,-825,-2578,0,0
-231,821,238,-1643,-1144,-2814,0,0
-199,35,222,-915,-1200,-3328,0,0
312,-502,331,116,-1181,-3738,0,0
75,46,157,-697,-605,-875,0,0
-162,374,188,-108,-391,-501,0,0
-172,835,157,1026,-335,-1222,0,0
-538,1292,-87,3102,173,-1715,0,0
-740,203,-73,6566,-161,-5459,0,0
-58,-872,72,4440,296,-5690,0,0
963,-1373,70,313,-1200,-7560,0,0
-509,-963,18,1982,-1068,-6888,0,0
-384,-552,-210,1638,41,-5054,0,0
233,-338,-333,77,22,-3921,0,0
-180,-161,-128,-190,289,-3053,0,0
-71,-97,-26,-776,249,-2149,0,0
55,-449,-4,-496,-122,-3561,0,0
-61,-706,4,292,34,-5955,0,0
100,-463,29,491,315,-8806,0,0
215,86,131,986,-179,-10037,0,0
121,488,-47,1130,-55,-10200,0,0
143,595,-84,30,-205,-9627,0,0
88,414,119,-268,-695,-7124,0,0
177,-10,243,839,-1039,-2868,0,0
609,-280,51,1281,-506,929,0,0
701,-586,-199,2608,-552,1816,0,0
-530,-777,-485,1960,289,1627,0,0
113,-801,-344,-466,141,-1395,0,0
903,-47,-93,-240,-956,-1919,0,0
905,752,-533,-2177,-898,-2659,0,0
195,918,-838,-1859,-636,-2695,0,0
-407,322,-625,-2075,23,-3378,0,0
317,-257,-246,-681,-182,-3717,0,0
563,193,-100,-1105,253,-860,0,0
-103,533,-156,286,414,334,0,0
47,546,232,2104,-132,-502,0,0
-740,1073,126,2749,-550,-1282,0,0
-1936,286,196,3719,-670,-4742,0,0
-628,-1051,293,1568,39,-8731,0,0
1035,-1346,464,586,-1875,-11511,0,0
-348,-321,476,1688,-1819,-9382,0,0
-996,110,-225,2197,207,-6102,0,0
-219,-190,-359,876,966,-4824,0,0
242,-295,81,-4,506,-3480,0,0
392,-296,389,-77,-267,-2385,0,0
655,-435,312,-289,-747,-1861,0,0
520,-599,46,-771,-791,-1781,0,0
-20,-638,-78,-742,-462,-2253,0,0
-215,-447,-29,-271,-354,-2469,0,0
-447,-172,-14,-315,-324,-2964,0,0
-573,-168,5,241,-173,-5320,0,0
-41,-132,14,707,-177,-9803,0,0
462,609,90,384,118,-11198,0,0
1234,1118,172,511,-867,-12452,0,0
320,1562,30,249,-1052,-9979,0,0
483,1349,285,907,-1216,-7230,0,0
469,813,455,1077,-1885,-3768,0,0
-38,502,288,-242,-477,494,0,0
146,482,46,630,-729,2985,0,0
-806,142,-126,2113,-534,3149,0,0
-131,-448,-276,-1078,-108,-183,0,0
925,-52,-443,-625,-856,-1385,0,0
638,681,-511,-1098,-731,-1340,0,0
340,626,-580,-624,-538,-1365,0,0
-155,3,-448,251,36,-973,0,0
59,-927,-41,146,-350,-2949,0,0
119,-633,143,-614,50,-784,0,0
-1350,-96,69,-686,1066,275,0,0
-1178,-234,417,172,672,-929,0,0
-464,-94,618,2908,136,-3773,0,0
-186,-389,683,4844,-1535,-7264,0,0
-395,-1099,480,1636,-690,-8658,0,0
488,-1640,284,-10,-1800,-10513,0,0
-317,-1019,110,640,-1487,-8530,0,0
-425,-314,19,823,-152,-6125,0,0
148,51,39,7,-198,-4226,0,0
107,274,24,-282,47,-2454,0,0
5,371,-11,-554,-172,-4008,0,0
-295,315,4,-698,-197,-1863,0,0
-411,103,124,-513,-181,-2900,0,0
-444,-39,226,319,-88,-4913,0,0
195,32,230,672,-405,-6278,0,0
378,116,93,1224,-622,-9236,0,0
803,399,40,1077,-1229,-10707,0,0
136,855,-133,1097,-483,-10955,0,0
316,1003,181,977,-1359,-8878,0,0
28,817,126,819,-1523,-5706,0,0
406,167,172,1260,-1365,-2429,0,0
822,-217,45,47,180,595,0,0
1619,-310,-164,461,275,2654,0,0
-679,-557,-150,2621,336,4021,0,0
-1217,-1446,-130,-584,1140,-372,0,0
866,-1187,200,-512,-723,-2347,0,0
870,124,193,-726,-1437,-2287,0,0
-238,711,-491,-847,-1039,-2269,0,0
-698,393,-561,-791,-43,-782,0,0
-32,-788,-102,-906,-209,-3269,0,0
296,-912,244,-234,-902,-3014,0,0
-427,-137,102,-606,-120,-1368,0,0
-323,321,152,365,-571,-2872,0,0
-441,1234,2,115,-457,-3337,0,0
-972,1096,15,3098,-1213,-4975,0,0
-1320,-62,263,2241,295,-7333,0,0
562,-1035,344,1659,-359,-9614,0,0
136,-614,138,553,-880,-8344,0,0
-632,-107,78,725,-27,-6137,0,0
-106,142,337,33,-361,-4379,0,0
-231,225,286,337,-678,-3502,0,0
-314,314,-17,372,-324,-2097,0,0
-301,340,-188,-102,22,-1301,0,0
-331,221,-123,-462,-153,-1052,0,0
-677,-50,36,-605,-156,-1752,0,0
-361,-479,51,79,-595,-4970,0,0
-560,-467,-53,575,-34,-8446,0,0
279,-138,-113,588,448,-10962,0,0
55,445,-31,486,1192,-11875,0,0
716,818,255,1016,353,-12099,0,0
420,1231,172,1097,129,-9152,0,0
376,1036,148,1601,-281,-6481,0,0
939,715,252,1463,-572,-1802,0,0
2543,266,-60,-576,-72,2816,0,0
2268,-402,-289,-637,-195,4158,0,0
-1259,-722,-127,841,246,3675,0,0
-1258,-1303,1,-990,788,-866,0,0
-157,-770,-25,1,-593,-2682,0,0
-209,290,-76,-602,-586,-3134,0,0
-11,657,-302,-930,-392,-1796,0,0
112,148,-222,-714,-481,-709,0,0
363,-842,91,-911,-708,-3128,0,0
489,-651,215,-596,-829,-1725,0,0
-616,-78,-5,-234,-502,-1375,0,0
-424,240,-77,840,-194,-2956,0,0
83,1060,-355,1530,-480,-3735,0,0
-1479,923,-197,5304,-429,-5531,0,0
-928,-101,99,2735,799,-5922,0,0
572,-938,154,864,-255,-8189,0,0
77,-577,440,1038,-1018,-7755,0,0
-461,30,142,1544,-740,-5145,0,0
22,188,30,634,-528,-3592,0,0
-22,227,-73,-75,-592,-2554,0,0
-297,135,-118,-11,-101,-2037,0,0
62,-183,11,106,-383,-2503,0,0
-206,-424,32,142,-331,-3997,0,0
-25,-648,49,371,-62,-7439,0,0
156,-462,18,623,-189,-9921,0,0
488,-29,21,642,-431,-11708,0,0
317,609,94,698,-1009,-10866,0,0
107,881,48,919,-691,-9469,0,0
249,859,104,757,-698,-6649,0,0
395,550,250,997,-8,-2093,0,0
879,183,255,-96,-241,2178,0,0
246,-174,54,1422,-525,2977,0,0
-850,-459,-106,3420,-261,3735,0,0
-358,-947,-284,-1090,739,-37,0,0
936,-577,-81,-662,-606,-1327,0,0
765,246,83,-1010,-779,-2313,0,0
194,694,-291,-1369,-1154,-2877,0,0
-425,348,-406,-1315,-806,-2425,0,0
-4,-685,-158,-363,-644,-4330,0,0
498,-599,-33,-581,-822,-2350,0,0
-889,94,-162,-595,375,-429,0,0
-659,287,102,549,454,-2684,0,0
-173,914,57,2447,-134,-2723,0,0
-1026,463,79,4285,-512,-5116,0,0
-790,-525,160,2276,476,-7752,0,0
86,-1144,19,1907,402,-10252,0,0
481,-592,343,1185,-846,-9816,0,0
-221,116,261,824,-804,-7333,0,0
-409,268,317,581,-560,-5111,0,0
-170,-11,205,706,-644,-3840,0,0
-223,-202,-62,125,-399,-2255,0,0
-229,-309,-91,-429,-106,-1274,0,0
82,-432,-65,-391,-95,-1405,0,0
99,-357,-128,-456,54,-1463,0,0
46,-163,-205,-490,103,-1869,0,0
-298,38,-160,57,-205,-2478,0,0
-243,171,-13,702,-189,-3641,0,0
-78,292,28,1191,-326,-4341,0,0
-321,104,19,274,13,-6221,0,0
573,-236,221,1587,186,-10829,0,0
1443,333,182,1301,-1329,-12931,0,0
509,1189,-84,1376,-880,-12588,0,0
748,1621,-189,765,-1458,-8949,0,0
85,1317,-153,915,10,-4177,0,0
990,745,404,760,-504,1629,0,0
818,-82,-81,959,503,4234,0,0
479,-974,-564,2334,458,4551,0,0
-1660,-1097,-402,703,1680,4228,0,0
-1026,-1693,-133,-1890,973,-332,0,0
-536,-1216,431,-1045,298,-1946,0,0
528,-577,525,-1034,-846,-4625,0,0
150,-133,281,-840,-1674,-3660,0,0
-557,-561,37,-1613,-946,-2723,0,0
-99,-1249,83,-710,-1346,-3363,0,0
-616,-693,-8,-909,-478,-2237,0,0
-216,-39,-165,-419,-452,-4211,0,0
28,1006,-295,303,210,-5781,0,0
433,1694,-142,1383,-452,-8168,0,0
-179,1116,-154,227,-357,-5844,0,0
153,-249,37,1394,22,-9037,0,0
786,-184,144,1307,-1512,-9771,0,0
-714,611,-12,2283,-563,-7298,0,0
-516,888,-80,1260,395,-3548,0,0
-399,349,-91,1028,212,-3184,0,0
79,-194,170,1117,-382,-3024,0,0
61,-274,-11,500,-588,-2476,0,0
8,-419,-59,167,-634,-2257,0,0
84,-546,-60,-183,-669,-2782,0,0
-20,-270,-171,-409,-546,-2692,0,0
-406,44,-138,-207,-37,-2545,0,0
-465,95,25,455,84,-3525,0,0
-181,26,139,1042,264,-6237,0,0
606,105,193,1449,-111,-9893,0,0
871,601,98,1808,-659,-11059,0,0
468,1059,-24,1595,-816,-9196,0,0
300,723,16,1966,-710,-6923,0,0
656,190,14,1520,-477,-3939,0,0
398,303,217,27,-70,889,0,0
52,55,345,1088,-681,3058,0,0
-919,-112,-87,2623,259,4663,0,0
-552,-613,-538,-1307,1138,1882,0,0
158,218,-289,-1217,-1383,-3472,0,0
368,-558,-193,-774,-1061,-4205,0,0
923,-873,-216,-259,-915,-4273,0,0
-363,-63,-330,-182,192,-1563,0,0
-797,295,78,650,518,-2440,0,0
-828,823,84,2138,464,-1372,0,0
-638,139,382,693,-1008,-4500,0,0
-355,-700,294,2483,-1739,-7793,0,0
-1135,-483,-652,1105,826,-9448,0,0
-305,-715,-344,945,1627,-11613,0,0
133,51,418,976,165,-9178,0,0
-549,787,572,1158,-668,-5989,0,0
-430,522,22,1202,-378,-3088,0,0
115,77,-327,713,-48,-1716,0,0
490,-135,-200,222,-253,-602,0,0
548,-352,-218,-473,-383,339,0,0
506,-618,-270,-658,-329,162,0,0
155,-834,-167,-606,-490,-928,0,0
-727,-742,-86,-758,-210,-2329,0,0
-1136,-665,91,-307,107,-5978,0,0
-606,-423,264,457,1084,-10942,0,0
1280,277,188,-52,24,-14147,0,0
105,1288,15,832,683,-13148,0,0
240,1609,-302,1046,866,-8979,0,0
367,1275,-50,1227,475,-5025,0,0
791,606,143,2013,-1024,-875,0,0
556,-311,-162,-2776,112,1610,0,0
869,-669,-224,234,8,2134,0,0
-917,-300,292,2501,-612,3281,0,0
-1643,-347,-61,-1313,1298,2258,0,0
584,-946,284,-1056,593,-1760,0,0
1550,-318,897,-478,-1777,-3833,0,0
204,387,79,-536,-2091,-2902,0,0
-298,-79,-327,-1036,-1357,-2476,0,0
-167,-870,-353,-643,-508,-3626,0,0
-470,-375,-352,-739,396,-2051,0,0
-2408,-126,-231,-190,794,-2089,0,0
-175,281,-102,325,1381,-4725,0,0
310,958,395,2250,-407,-5966,0,0
-252,403,428,1426,-1692,-6596,0,0
-393,-482,-95,1806,-897,-8024,0,0
-558,-548,-392,1379,375,-7826,0,0
-448,-354,-423,406,665,-6605,0,0
-293,-155,-81,141,370,-5027,0,0
134,-190,41,402,32,-4327,0,0
414,-288,-252,354,49,-3757,0,0
361,-262,-292,-72,140,-2782,0,0
376,-379,-49,-333,-109,-2256,0,0
172,-579,198,-714,-132,-1656,0,0
68,-837,498,-1389,111,-1384,0,0
60,-1333,762,-1339,178,-2077,0,0
693,-1627,880,-1605,-15,-3694,0,0
861,-1499,851,-1576,-450,-4489,0,0
683,-1371,685,-1566,-1122,-4858,0,0
145,-964,514,-1501,-1010,-4555,0,0
-679,-691,292,-1636,-700,-4336,0,0
-1138,-582,95,-1515,28,-3627,0,0
-955,-752,-2,-1516,72,-3646,0,0
-587,-874,35,-1748,349,-3442,0,0
-117,-1085,-56,-2172,88,-3559,0,0
-374,-1078,1,-2395,296,-3313,0,0
-276,-1149,-12,-2621,39,-3357,0,0
-403,-1106,58,-2639,249,-3225,0,0
329,-1213,108,-3045,93,-3267,0,0
-31,-1137,139,-3215,172,-2979,0,0
-179,-1169,173,-3582,473,-2862,0,0
81,-1163,262,-3665,361,-2606,0,0
-394,-1117,280,-3605,335,-2789,0,0
-424,-1011,199,-3609,240,-2646,0,0
-790,-937,56,-3850,502,-2720,0,0
-590,-923,-27,-3766,267,-2733,0,0
-1075,-688,-197,-3813,517,-2599,0,0
-1023,-523,-229,-3860,470,-2580,0,0
-1050,-281,-275,-3651,452,-2361,0,0
-1325,-77,-393,-3863,559,-2273,0,0
-1686,70,-430,-3733,981,-1482,0,0
-1217,-16,-407,-3792,1251,-1360,0,0
-1028,-69,-421,-3930,649,-1597,0,0
-1882,88,-457,-3752,1039,-1216,0,0
-1680,82,-491,-3844,1109,-1352,0,0
-1718,66,-500,-3970,897,-1426,0,0
-2035,144,-443,-3984,1234,-1180,0,0
-1445,124,-358,-4047,1183,-1145,0,0
-1169,73,-309,-4185,957,-1011,0,0
-1350,89,-288,-4077,1098,-647,0,0
-642,3,-246,-3853,1139,-558,0,0
116,-182,-296,-3709,734,-800,0,0
-40,-192,-378,-3905,788,-980,0,0
-66,-122,-361,-4367,868,-1445,0,0
-225,44,-224,-4297,904,-2036,0,0
-710,256,-2,-3582,958,-1927,0,0
-460,258,75,-3299,783,-1376,0,0
61,107,-59,-3369,581,-1124,0,0
13,-42,-244,-3746,556,-1122,0,0
-233,-94,-324,-3899,388,-1084,0,0
-248,-129,-379,-4021,59,-1108,0,0
-302,-120,-406,-4158,-34,-1110,0,0
-395,-57,-319,-4115,141,-1067,0,0
-209,-1,-138,-4066,182,-992,0,0
-198,-5,-10,-4233,269,-961,0,0
-83,-35,77,-4331,298,-1059,0,0
149,-42,119,-4585,317,-1146,0,0
-126,22,79,-4641,558,-1306,0,0
-960,188,73,-4069,1344,-552,0,0
-707,84,206,-3624,1504,-320,0,0
-538,-2,323,-3633,1434,-496,0,0
-750,-23,296,-3826,1657,-549,0,0
-318,-13,224,-3909,1733,-1115,0,0
-223,142,233,-3745,1559,-1233,0,0
-320,191,241,-3678,1856,-582,0,0
296,15,286,-3691,1672,-396,0,0
519,-146,303,-3671,1423,-686,0,0
381,-154,226,-3767,1316,-854,0,0
242,-70,96,-3898,1318,-863,0,0
83,40,47,-3968,1411,-863,0,0
82,138,104,-3900,1285,-943,0,0
-36,256,80,-3894,1177,-1054,0,0
-453,308,-25,-3954,1449,-944,0,0
-593,205,-63,-3937,1621,-736,0,0
-220,-8,1,-3865,1499,-672,0,0
372,-186,85,-3827,1147,-763,0,0
615,-222,165,-3637,728,-911,0,0
142,-74,123,-3633,812,-1080,0,0
-356,70,23,-3860,1326,-1043,0,0
-202,45,51,-3977,1470,-956,0,0
163,-37,92,-3982,1323,-902,0,0
352,-82,95,-3867,1070,-862,0,0
185,-55,85,-3864,983,-900,0,0
-130,-8,40,-3857,1177,-915,0,0
-110,9,30,-3836,1294,-899,0,0
-16,7,49,-3904,1274,-875,0,0
-49,-17,38,-3846,1344,-855,0,0
51,-29,39,-3807,1290,-841,0,0
105,-43,44,-3837,1232,-844,0,0
96,-57,23,-3941,1219,-937,0,0
48,-61,-2,-3903,1282,-925,0,0
96,-75,5,-3840,1202,-859,0,0
47,-72,-11,-3851,1224,-822,0,0
39,-89,-48,-3844,1312,-863,0,0
43,-92,-53,-3836,1298,-887,0,0
64,-87,-62,-3863,1337,-831,0,0
172,-105,-44,-3886,1253,-836,0,0
161,-90,-25,-3968,1233,-846,0,0
170,-83,-21,-3919,1192,-887,0,0
138,-56,6,-3828,1141,-819,0,0
132,-45,10,-3806,1102,-798,0,0
58,-47,-13,-3773,1137,-775,0,0
-50,-54,-54,-3834,1277,-753,0,0
-38,-61,-71,-3889,1341,-751,0,0
73,-68,-47,-3936,1308,-751,0,0
198,-85,27,-3944,1184,-811,0,0
193,-58,91,-3954,1039,-831,0,0
120,-19,93,-3934,990,-886,0,0
-115,47,42,-3929,1109,-938,0,0
-367,104,34,-3854,1328,-882,0,0
-270,111,99,-3785,1347,-758,0,0
-67,80,146,-3761,1322,-767,0,0
-77,51,138,-3817,1337,-908,0,0
-87,58,74,-3878,1409,-1022,0,0
184,25,17,-3882,1274,-878,0,0
432,-37,4,-3883,1030,-845,0,0
384,-32,5,-3926,901,-953,0,0
137,31,12,-4060,936,-903,0,0
-110,74,1,-3989,1147,-895,0,0
-130,85,7,-3861,1280,-968,0,0
-31,94,19,-3826,1213,-953,0,0
36,93,-12,-3859,1083,-904,0,0
-11,95,-53,-3892,1131,-965,0,0
-52,97,-50,-3914,1163,-1018,0,0
-95,94,-43,-3866,1204,-991,0,0
-87,72,-43,-3816,1224,-1034,0,0
-78,60,-38,-3753,1199,-1017,0,0
-71,48,-43,-3786,1250,-1050,0,0
-29,33,-42,-3846,1304,-1080,0,0
56,2,-31,-3833,1248,-1052,0,0
124,-29,-21,-3840,1147,-1059,0,0
84,-22,-35,-3812,1149,-1057,0,0
96,-32,-44,-3821,1207,-1047,0,0
138,-40,-27,-3865,1173,-1038,0,0
148,-48,-32,-3854,1145,-1050,0,0
142,-55,-37,-3831,1168,-1091,0,0
138,-54,-9,-3830,1173,-1029,0,0
175,-78,12,-3848,1132,-1004,0,0
187,-91,-6,-3834,1089,-1046,0,0
173,-81,-28,-3843,1100,-1056,0,0
185,-71,-26,-3888,1076,-1070,0,0
142,-40,-8,-3921,1025,-1008,0,0
119,-27,-17,-3922,989,-1034,0,0
111,-14,-22,-3910,977,-1059,0,0
105,6,-9,-3944,943,-1058,0,0
79,33,-16,-3983,930,-1058,0,0
21,58,-21,-3967,939,-1007,0,0
41,53,-23,-3939,923,-1042,0,0
106,48,-36,-3958,937,-1119,0,0
202,39,-36,-3955,972,-1148,0,0
250,47,-7,-3980,947,-1190,0,0
113,84,30,-3936,857,-1134,0,0
-12,84,50,-3829,745,-1129,0,0
-142,88,19,-3806,704,-1298,0,0
-366,113,-56,-3718,931,-1351,0,0
-367,70,-87,-3653,1078,-1200,0,0
-173,-41,-105,-3824,1025,-1161,0,0
-107,-127,-127,-3970,994,-1171,0,0
-150,-130,-81,-3914,1189,-1152,0,0
-29,-112,37,-3856,1066,-1197,0,0
-97,-71,92,-3767,899,-1133,0,0
-306,-93,50,-3812,964,-1063,0,0
-126,-154,-15,-3962,1147,-1021,0,0
238,-249,8,-4045,1152,-1010,0,0
592,-319,76,-4055,905,-955,0,0
667,-331,80,-3974,699,-921,0,0
486,-279,43,-3974,615,-917,0,0
205,-203,-2,-4066,659,-928,0,0
-47,-138,-50,-4077,813,-947,0,0
-303,-95,-43,-3999,1003,-745,0,0
-303,-103,24,-3935,1098,-628,0,0
-116,-130,79,-3893,1056,-644,0,0
28,-141,88,-3874,906,-666,0,0
14,-130,66,-3987,820,-618,0,0
-121,-117,41,-4001,815,-631,0,0
-247,-93,32,-3983,900,-690,0,0
-289,-70,12,-3982,1031,-624,0,0
-235,-58,8,-4039,1080,-537,0,0
-232,-45,2,-4104,1116,-618,0,0
-130,-49,-26,-4040,1036,-647,0,0
0,-55,-56,-4019,928,-641,0,0
34,-46,-75,-4012,847,-603,0,0
-5,-38,-102,-4017,895,-539,0,0
0,-61,-103,-4119,920,-523,0,0
-35,-91,-74,-4267,841,-506,0,0
-209,-95,-9,-4052,802,-483,0,0
-342,-97,57,-3784,918,-544,0,0
-364,-66,43,-3796,1177,-536,0,0
-387,-15,-47,-3910,1335,-415,0,0
-350,17,-123,-4070,1315,-345,0,0
-41,32,-124,-4124,1168,-482,0,0
-3,74,-34,-4046,1050,-581,0,0
-210,106,134,-3973,1041,-508,0,0
-281,103,212,-3913,1090,-416,0,0
-312,86,150,-3920,1196,-416,0,0
-366,56,62,-3877,1420,-468,0,0
-149,-3,77,-3814,1553,-396,0,0
342,-55,158,-4013,1434,-256,0,0
586,-62,181,-4179,1156,-284,0,0
433,-8,148,-4155,934,-491,0,0
52,95,123,-4028,986,-540,0,0
-229,183,95,-3886,1296,-560,0,0
-253,221,98,-3813,1393,-460,0,0
-166,206,145,-3852,1398,-391,0,0
-22,169,158,-3992,1454,-514,0,0
283,125,112,-4170,1262,-651,0,0
341,78,58,-4074,1083,-685,0,0
282,6,78,-3805,1039,-650,0,0
353,-51,111,-3711,1008,-748,0,0
277,-9,56,-3768,948,-796,0,0
39,62,-38,-3957,1060,-769,0,0
-91,95,-67,-3997,1257,-802,0,0
12,77,-13,-3899,1270,-781,0,0
125,54,55,-3787,1189,-795,0,0
193,70,88,-3740,1091,-813,0,0
110,131,55,-3917,1046,-836,0,0
-191,193,-7,-4027,1220,-881,0,0
-260,192,-1,-4013,1309,-856,0,0
-82,121,19,-3877,1244,-847,0,0
112,60,9,-3778,1153,-897,0,0
105,61,-27,-3840,1175,-875,0,0
36,74,-36,-3900,1266,-922,0,0
-27,96,-10,-3858,1293,-947,0,0
-50,104,26,-3830,1290,-924,0,0
-33,100,30,-3821,1265,-932,0,0
-73,111,19,-3824,1333,-968,0,0
-83,109,39,-3806,1346,-980,0,0
-107,100,50,-3755,1283,-1012,0,0
-249,139,-23,-3768,1315,-937,0,0
-222,123,-65,-3778,1410,-925,0,0
5,37,-10,-3792,1404,-990,0,0
200,-42,49,-3798,1345,-976,0,0
315,-92,48,-3819,1258,-942,0,0
284,-105,37,-3849,1193,-995,0,0
206,-89,31,-3878,1156,-1061,0,0
118,-64,16,-3858,1185,-1053,0,0
62,-44,7,-3824,1247,-990,0,0
79,-40,10,-3841,1233,-989,0,0
91,-41,21,-3847,1179,-1002,0,0
63,-39,8,-3836,1167,-1008,0,0
48,-43,-17,-3788,1226,-1003,0,0
124,-50,-32,-3817,1189,-1059,0,0
66,-11,-71,-3832,1202,-1037,0,0
21,8,-79,-3848,1289,-1028,0,0
85,4,-30,-3875,1247,-1044,0,0
68,12,18,-3852,1190,-1054,0,0
-20,27,38,-3773,1212,-1030,0,0
-52,37,67,-3732,1218,-1024,0,0
-55,44,78,-3785,1187,-1075,0,0
-91,60,58,-3765,1209,-1135,0,0
-92,76,59,-3779,1260,-1046,0,0
-82,89,70,-3808,1228,-1060,0,0
-165,131,67,-3831,1238,-1190,0,0
-242,178,63,-3878,1308,-1198,0,0
-182,185,61,-3863,1320,-1209,0,0
-20,156,82,-3802,1318,-1119,0,0
85,107,101,-3754,1169,-1143,0,0
-5,107,48,-3715,1155,-1135,0,0
-124,131,-54,-3709,1359,-1178,0,0
-49,108,-73,-3700,1419,-1186,0,0
58,66,-26,-3724,1281,-1186,0,0
18,57,-22,-3792,1299,-1176,0,0
15,36,-45,-3733,1324,-1174,0,0
45,-11,-37,-3661,1285,-1179,0,0
38,-43,-47,-3697,1327,-1214,0,0
44,-60,-70,-3749,1391,-1185,0,0
82,-81,-26,-3789,1418,-1186,0,0
140,-100,40,-3785,1330,-1220,0,0
98,-84,67,-3716,1273,-1220,0,0
62,-66,69,-3728,1264,-1216,0,0
75,-68,69,-3776,1211,-1197,0,0
53,-71,58,-3780,1177,-1178,0,0
-14,-65,26,-3809,1239,-1162,0,0
-23,-81,2,-3762,1330,-1142,0,0
77,-135,2,-3706,1348,-1153,0,0
185,-156,-7,-3731,1369,-1122,0,0
264,-154,-1,-3800,1305,-1089,0,0
265,-140,33,-3836,1158,-1139,0,0
172,-104,34,-3842,1075,-1168,0,0
31,-58,7,-3833,1131,-1127,0,0
-57,-34,-13,-3852,1244,-1060,0,0
-20,-52,-11,-3836,1284,-1084,0,0
86,-83,-10,-3776,1218,-1138,0,0
108,-84,-31,-3813,1259,-1071,0,0
136,-87,-27,-3815,1261,-1090,0,0
145,-68,1,-3798,1194,-1133,0,0
100,-33,19,-3793,1172,-1069,0,0
62,-8,45,-3824,1135,-1024,0,0
-8,14,56,-3837,1091,-1068,0,0
-68,31,46,-3758,1121,-1105,0,0
-77,60,47,-3686,1084,-1004,0,0
-222,115,22,-3900,1082,-1070,0,0
-445,185,-25,-3991,1317,-1349,0,0
-384,203,27,-3844,1364,-1189,0,0
-139,130,65,-3758,1310,-1011,0,0
14,74,8,-3688,1237,-1131,0,0
-61,79,-51,-3727,1280,-1163,0,0
-82,67,-55,-3785,1325,-1146,0,0
-76,66,-16,-3791,1281,-1170,0,0
-152,87,3,-3787,1282,-1189,0,0
-201,97,-6,-3764,1331,-1174,0,0
-175,83,-8,-3735,1375,-1157,0,0
-76,47,-7,-3727,1374,-1152,0,0
19,9,0,-3720,1315,-1161,0,0
29,-5,1,-3748,1284,-1174,0,0
3,-14,-17,-3714,1345,-1171,0,0
53,-33,1,-3724,1345,-1176,0,0
107,-46,21,-3772,1271,-1171,0,0
103,-45,1,-3810,1274,-1147,0,0
105,-56,2,-3809,1286,-1130,0,0
125,-75,16,-3784,1253,-1161,0,0
134,-78,15,-3764,1228,-1161,0,0
127,-75,10,-3788,1207,-1155,0,0
84,-63,6,-3826,1218,-1158,0,0
40,-50,3,-3832,1245,-1131,0,0
34,-49,1,-3820,1222,-1109,0,0
34,-62,1,-3760,1200,-1114,0,0
24,-60,-7,-3781,1204,-1120,0,0
18,-53,-28,-3812,1209,-1100,0,0
4,-53,-30,-3836,1208,-1102,0,0
-19,-52,-20,-3832,1191,-1097,0,0
-27,-52,-36,-3817,1200,-1116,0,0
-31,-49,-48,-3789,1212,-1098,0,0
-10,-46,-44,-3760,1196,-1097,0,0
-3,-38,-32,-3748,1185,-1082,0,0
-33,-10,-25,-3832,1192,-1072,0,0
-85,21,-19,-3898,1212,-1097,0,0
-83,34,4,-3837,1151,-1131,0,0
-129,64,9,-3787,1113,-1101,0,0
-181,89,-20,-3803,1217,-1077,0,0
-166,94,-8,-3856,1247,-1086,0,0
-135,92,3,-3835,1169,-1149,0,0
-170,109,-12,-3808,1194,-1146,0,0
-182,130,-15,-3811,1295,-1147,0,0
-118,137,7,-3797,1276,-1179,0,0
-86,149,9,-3760,1257,-1182,0,0
-89,151,8,-3774,1334,-1155,0,0
14,114,13,-3737,1380,-1154,0,0
182,74,38,-3694,1299,-1168,0,0
204,56,77,-3841,1247,-1151,0,0
140,29,45,-3863,1299,-1116,0,0
87,-13,33,-3739,1312,-1127,0,0
127,-60,52,-3704,1256,-1205,0,0
199,-75,34,-3743,1112,-1249,0,0
110,-52,10,-3776,1049,-1245,0,0
-45,-17,-10,-3752,1114,-1278,0,0
-172,24,-21,-3744,1274,-1256,0,0
-166,31,-5,-3785,1362,-1229,0,0
-51,-1,29,-3731,1295,-1213,0,0
24,-18,48,-3760,1180,-1254,0,0
10,-12,15,-3794,1183,-1237,0,0
-8,-14,-4,-3808,1222,-1213,0,0
-11,-20,4,-3806,1222,-1231,0,0
5,-25,-4,-3758,1217,-1195,0,0
18,-29,-8,-3752,1181,-1192,0,0
-26,-26,-11,-3763,1205,-1201,0,0
-54,-28,-12,-3756,1211,-1206,0,0
-78,-18,-7,-3795,1188,-1192,0,0
-150,-2,-8,-3810,1249,-1179,0,0
-145,-7,3,-3769,1304,-1208,0,0
-77,-13,5,-3729,1285,-1171,0,0
-24,-17,-17,-3758,1284,-1149,0,0
-7,-17,-16,-3799,1286,-1154,0,0
44,-38,-4,-3777,1226,-1182,0,0
56,-43,-11,-3698,1170,-1149,0,0
13,-26,-19,-3719,1160,-1159,0,0
-25,1,-33,-3729,1187,-1198,0,0
-98,47,-14,-3804,1216,-1145,0,0
-222,98,-1,-3963,1290,-1226,0,0
-258,122,6,-3833,1296,-1266,0,0
-190,129,17,-3671,1266,-1221,0,0
-82,110,-13,-3698,1229,-1172,0,0
-61,98,-56,-3734,1194,-1197,0,0
-147,104,-56,-3710,1276,-1227,0,0
-133,85,-39,-3712,1324,-1231,0,0
-92,75,-47,-3764,1343,-1227,0,0
-34,54,-54,-3758,1344,-1207,0,0
58,13,-36,-3743,1251,-1209,0,0
49,-9,-27,-3739,1248,-1217,0,0
45,-25,-36,-3706,1364,-1203,0,0
154,-51,-5,-3755,1336,-1186,0,0
203,-50,17,-3810,1199,-1197,0,0
191,-44,9,-3861,1018,-1219,0,0
38,-14,-13,-3895,1012,-1236,0,0
-149,15,-31,-3768,1250,-1202,0,0
-88,-9,0,-3692,1304,-1176,0,0
64,-36,2,-3807,1208,-1193,0,0
112,-45,-15,-3903,1107,-1184,0,0
54,-45,-3,-3880,962,-1136,0,0
-144,-19,-37,-3877,994,-1099,0,0
-287,-2,-88,-3874,1165,-1124,0,0
-293,15,-122,-3867,1141,-1104,0,0
-276,40,-183,-3743,1104,-1130,0,0
-166,23,-158,-3880,1073,-1170,0,0
-120,-8,-91,-3971,910,-1130,0,0
-284,18,-107,-3852,883,-1083,0,0
-450,71,-140,-3883,1014,-1030,0,0
-416,90,-116,-3962,946,-1044,0,0
-477,140,-128,-4028,834,-1033,0,0
-682,223,-192,-4058,823,-1009,0,0
-968,297,-233,-3950,964,-967,0,0
-1083,340,-223,-3879,1133,-869,0,0
-1009,345,-227,-3883,1088,-842,0,0
-1011,331,-246,-3913,1033,-820,0,0
-1065,323,-251,-3929,1009,-815,0,0
-1235,349,-316,-3944,963,-812,0,0
-1428,387,-416,-3939,1095,-786,0,0
-1472,405,-458,-3944,1214,-733,0,0
-1408,373,-477,-3860,1307,-767,0,0
-1257,320,-454,-3793,1333,-752,0,0
-1136,271,-463,-3819,1348,-791,0,0
-1031,241,-475,-3776,1261,-899,0,0
-1054,250,-441,-3803,1269,-958,0,0
-1108,263,-422,-3843,1425,-984,0,0
-1066,254,-328,-3821,1496,-1012,0,0
-865,209,-239,-3757,1486,-1134,0,0
-635,154,-179,-3679,1413,-1052,0,0
-440,86,-99,-3764,1315,-1001,0,0
-297,20,-51,-3843,1252,-1126,0,0
-180,-34,-35,-3803,1259,-1087,0,0
-66,-79,-4,-3836,1222,-1027,0,0
-36,-111,13,-3835,1243,-3072,0,0
21,-133,48,-3843,1223,-1007,0,0
121,-159,78,-3817,1163,-977,0,0
216,-157,95,-3885,1132,-933,0,0
197,-103,163,-4039,1054,-748,0,0
57,-89,236,-4118,1003,-807,0,0
-57,-103,134,-3946,1049,-910,0,0
-56,-116,21,-3864,1234,-798,0,0
113,-152,61,-3855,1253,-749,0,0
214,-154,90,-3865,1141,-744,0,0
181,-157,92,-3962,1102,-817,0,0
197,-149,104,-3923,1151,-829,0,0
177,-148,127,-3853,1197,-777,0,0
235,-170,147,-3870,1288,-681,0,0
408,-203,153,-3904,1293,-542,0,0
610,-240,149,-3986,1179,-523,0,0
608,-241,88,-3959,1154,-549,0,0
600,-263,65,-3960,1136,-386,0,0
636,-315,102,-3952,1152,-333,0,0
590,-325,149,-3902,1150,-354,0,0
372,-266,145,-3969,1272,-329,0,0
313,-202,155,-3992,1442,-374,0,0
432,-150,203,-3928,1342,-440,0,0
457,-92,215,-4022,1200,-468,0,0
342,-48,200,-4033,1246,-522,0,0
365,-46,171,-3897,1297,-524,0,0
426,-62,135,-3876,1374,-393,0,0
580,-132,96,-3895,1427,-463,0,0
784,-191,74,-3854,1314,-475,0,0
845,-222,62,-3951,1327,-466,0,0
888,-234,81,-4009,1273,-491,0,0
841,-216,111,-3943,1205,-429,0,0
771,-219,122,-4025,1138,-591,0,0
630,-231,65,-4060,1096,-745,0,0
381,-239,33,-3863,1350,-593,0,0
453,-294,112,-3805,1530,-501,0,0
756,-342,184,-3841,1456,-610,0,0
1035,-357,176,-3820,1252,-647,0,0
1260,-348,133,-3983,1067,-573,0,0
1251,-314,111,-4079,914,-643,0,0
1034,-236,101,-4069,856,-702,0,0
816,-149,84,-4109,862,-659,0,0
585,-79,90,-4025,801,-772,0,0
306,1,91,-3989,867,-723,0,0
177,38,76,-4062,1107,-683,0,0
197,33,109,-3887,1207,-688,0,0
339,18,195,-3804,1097,-790,0,0
370,41,215,-3893,1068,-880,0,0
267,70,192,-3871,1184,-1070,0,0
340,75,186,-3797,1135,-1295,0,0
232,144,141,-3826,1195,-1206,0,0
-49,185,100,-3844,1510,-1001,0,0
86,126,109,-3768,1533,-1094,0,0
359,50,98,-3635,1210,-1116,0,0
486,7,15,-3657,854,-992,0,0
374,3,-145,-3790,681,-998,0,0
0,28,-323,-3960,769,-1179,0,0
-511,108,-382,-4141,1172,-1157,0,0
-693,83,-242,-4031,1526,-963,0,0
-154,-2,-1,-3707,1322,-1111,0,0
224,-9,46,-3724,779,-1190,0,0
-28,48,-122,-3876,812,-1182,0,0
-244,83,-160,-3936,1212,-1187,0,0
-81,36,-57,-3808,1279,-1248,0,0
138,-11,0,-3691,1072,-1134,0,0
199,-12,-60,-3824,892,-1101,0,0
12,10,-170,-3906,948,-1201,0,0
-92,8,-193,-3896,1096,-1247,0,0
-18,-18,-161,-3920,1121,-1265,0,0
-8,-21,-145,-3847,1073,-1273,0,0
20,-10,-133,-3840,988,-1151,0,0
67,-37,-117,-3834,851,-1141,0,0
24,-38,-104,-3892,786,-1197,0,0
-38,-40,-127,-3868,808,-1183,0,0
-51,-59,-150,-3813,829,-1063,0,0
-4,-92,-147,-3856,699,-1133,0,0
69,-109,-201,-3982,558,-1215,0,0
4,-100,-263,-4083,569,-1179,0,0
-126,-59,-226,-4048,724,-1170,0,0
-302,-8,-73,-3959,853,-1003,0,0
-292,6,47,-3909,751,-1131,0,0
-288,49,46,-3886,606,-1155,0,0
-348,73,11,-3983,662,-1037,0,0
-396,77,2,-3977,758,-1050,0,0
-421,99,22,-3925,824,-1028,0,0
-405,125,77,-3977,760,-1027,0,0
-494,165,99,-4001,736,-1024,0,0
-606,204,94,-3976,811,-1025,0,0
-573,231,93,-3937,831,-1044,0,0
-569,280,115,-3910,741,-990,0,0
-743,339,124,-4068,737,-953,0,0
-1013,376,73,-4058,891,-962,0,0
-1114,356,9,-3901,1086,-1001,0,0
-1007,296,-36,-3705,1218,-949,0,0
-835,212,-77,-3533,1314,-927,0,0
-602,130,-152,-3649,1509,-894,0,0
-244,74,-210,-3944,1571,-886,0,0
36,27,-139,-4073,1458,-839,0,0
94,1,-28,-4120,1359,-819,0,0
-27,0,39,-4001,1370,-798,0,0
-19,-45,99,-3786,1383,-785,0,0
177,-121,144,-3690,1301,-783,0,0
351,-169,146,-3724,1087,-768,0,0
315,-170,18,-3817,1059,-903,0,0
171,-159,-27,-3923,1126,-870,0,0
57,-148,-12,-3972,1287,-835,0,0
52,-150,-3,-3896,1417,-788,0,0
245,-180,46,-3976,1313,-848,0,0
448,-193,82,-3985,1034,-999,0,0
399,-172,132,-3712,693,-1059,0,0
-48,-82,125,-3827,917,-952,0,0
-236,7,-52,-3787,1354,-846,0,0
-245,62,-87,-3906,1514,-977,0,0
-84,82,53,-3966,1418,-998,0,0
116,97,150,-3990,1020,-1015,0,0
-151,172,143,-3868,1006,-1015,0,0
-357,247,91,-3789,1227,-999,0,0
-314,264,72,-3767,1344,-1025,0,0
-206,232,85,-3799,1346,-1005,0,0
-51,167,62,-3843,1268,-936,0,0
-3,114,30,-3879,1234,-979,0,0
-15,77,-13,-3791,1284,-1037,0,0
25,57,-24,-3724,1261,-1029,0,0
-14,53,-27,-3766,1284,-1011,0,0
7,21,-23,-3785,1301,-1049,0,0
25,2,-8,-3796,1273,-1061,0,0
12,-4,-4,-3794,1245,-1085,0,0
-32,3,-10,-3786,1311,-1075,0,0
8,-12,-6,-3775,1396,-1017,0,0
138,-50,11,-3767,1352,-1031,0,0
182,-70,27,-3764,1271,-1049,0,0
162,-83,25,-3816,1247,-1011,0,0
112,-92,25,-3855,1316,-1070,0,0
80,-90,42,-3834,1337,-1006,0,0
141,-107,38,-3839,1322,-983,0,0
226,-135,43,-3854,1255,-1022,0,0
316,-167,60,-3857,1070,-1011,0,0
239,-167,29,-3781,968,-981,0,0
27,-143,-56,-3764,1174,-983,0,0
26,-161,-103,-3819,1385,-983,0,0
197,-206,-78,-3895,1354,-979,0,0
289,-213,-19,-3941,1233,-928,0,0
280,-207,21,-3861,1028,-930,0,0
134,-191,1,-3803,990,-959,0,0
21,-170,-51,-3806,1180,-894,0,0
66,-165,-66,-3871,1275,-906,0,0
197,-155,-51,-3899,1219,-927,0,0
287,-128,-23,-3925,1032,-899,0,0
242,-82,-17,-4018,923,-946,0,0
128,-34,-38,-4045,904,-965,0,0
57,7,-49,-3986,915,-931,0,0
-10,51,-43,-3934,885,-883,0,0
-159,101,-23,-3927,833,-907,0,0
-360,152,-40,-3928,889,-958,0,0
-456,170,-57,-3892,998,-897,0,0
-458,160,-64,-3873,1109,-894,0,0
-402,140,-86,-3854,1181,-931,0,0
-331,125,-60,-3883,1136,-945,0,0
-332,126,-41,-3929,1112,-962,0,0
-353,128,-52,-3880,1127,-953,0,0
-355,123,-36,-3882,1130,-892,0,0
-346,110,-43,-3839,1158,-922,0,0
-296,101,-64,-3854,1224,-971,0,0
-186,95,-44,-3870,1234,-914,0,0
-82,93,6,-3866,1059,-854,0,0
-190,123,46,-3913,954,-875,0,0
-348,141,65,-3938,997,-835,0,0
-383,104,60,-4051,1030,-826,0,0
-379,28,2,-3999,1203,-844,0,0
-209,-47,-42,-3824,1340,-744,0,0
-58,-92,-4,-3786,1345,-599,0,0
0,-129,26,-3842,1312,-622,0,0
74,-141,-11,-3986,1204,-719,0,0
40,-112,-69,-4065,1195,-712,0,0
-14,-98,-31,-3890,1091,-736,0,0
-110,-54,26,-3816,912,-785,0,0
-337,43,-31,-3928,946,-788,0,0
-611,147,-78,-3956,1155,-781,0,0
-744,197,-36,-3866,1189,-658,0,0
-954,160,67,-3980,1233,-492,0,0
-1006,33,64,-4049,1601,-985,0,0
-310,18,-166,-3609,1874,-772,0,0
442,45,-56,-3685,1364,-267,0,0
156,57,194,-4071,724,-900,0,0
-749,126,-33,-3919,1357,-1239,0,0
-563,105,-208,-3698,1991,-498,0,0
421,-10,-72,-3757,1616,-582,0,0
550,-4,-19,-3874,1176,-807,0,0
364,12,-71,-3932,1091,-766,0,0
447,-39,-46,-3885,956,-766,0,0
432,-59,-47,-3838,857,-772,0,0
190,0,-147,-4014,963,-761,0,0
14,38,-160,-4109,1083,-804,0,0
10,30,-85,-4135,1062,-815,0,0
79,2,-75,-4003,890,-768,0,0
-6,-4,-82,-3909,831,-740,0,0
-167,9,-108,-3922,958,-749,0,0
-140,-7,-120,-3910,993,-720,0,0
-77,-28,-86,-3970,869,-752,0,0
-205,-8,-78,-3985,824,-774,0,0
-420,20,-58,-3977,962,-767,0,0
-507,31,-42,-3951,1086,-772,0,0
-437,32,-51,-3946,1110,-785,0,0
-315,19,-63,-4045,1015,-813,0,0
-270,4,-97,-4034,1021,-805,0,0
-250,-24,-67,-3995,1046,-744,0,0
-93,-60,-86,-3921,842,-809,0,0
-185,-53,-185,-3936,920,-723,0,0
-163,-91,-187,-3972,1101,-642,0,0
58,-144,-158,-4006,916,-673,0,0
69,-157,-158,-3999,898,-647,0,0
94,-157,-133,-4083,866,-620,0,0
48,-130,-137,-4083,874,-633,0,0
-122,-87,-98,-3986,1043,-609,0,0
-128,-84,-17,-4025,1170,-567,0,0
67,-100,49,-4010,1039,-521,0,0
169,-97,81,-3962,877,-471,0,0
142,-81,58,-4044,799,-433,0,0
83,-64,19,-4110,838,-394,0,0
37,-74,2,-4122,922,-364,0,0
92,-116,27,-4123,941,-372,0,0
202,-143,16,-4104,867,-431,0,0
257,-148,6,-4062,904,-508,0,0
414,-141,3,-4085,755,-483,0,0
336,-87,-27,-4131,845,-362,0,0
261,-39,20,-4145,897,-282,0,0
265,-5,104,-4103,659,-265,0,0
73,45,104,-4089,576,-278,0,0
-93,62,67,-4105,693,-259,0,0
-92,31,74,-4019,823,-266,0,0
0,-6,72,-4079,841,-295,0,0
-26,-2,52,-4084,932,-459,0,0
14,13,97,-4056,994,-366,0,0
111,13,109,-4098,772,-400,0,0
-101,62,75,-3991,965,-495,0,0
-64,77,122,-4157,948,-365,0,0
-49,71,141,-4095,779,-541,0,0
-200,92,117,-3918,959,-438,0,0
-81,83,97,-4027,971,-449,0,0
34,84,33,-3975,876,-517,0,0
-59,109,5,-4107,858,-447,0,0
-279,118,25,-4180,1050,-487,0,0
-296,84,81,-3982,1081,-554,0,0
-216,77,85,-3911,1082,-493,0,0
-128,74,47,-3958,1158,-500,0,0
63,27,24,-4060,1043,-508,0,0
148,-10,1,-4030,1008,-518,0,0
194,-37,-2,-3963,951,-564,0,0
215,-40,-22,-3962,923,-506,0,0
102,-11,-55,-4005,1103,-595,0,0
98,5,-4,-4005,1183,-620,0,0
287,-22,55,-4061,972,-484,0,0
267,-18,53,-3998,868,-427,0,0
184,0,49,-3995,775,-485,0,0
75,7,8,-3992,768,-510,0,0
-27,15,-42,-4029,907,-610,0,0
-6,14,-47,-3989,1000,-667,0,0
12,24,-14,-4011,1012,-603,0,0
-59,48,12,-4030,1074,-587,0,0
-43,50,37,-4073,973,-621,0,0
-102,43,33,-4215,981,-578,0,0
-137,0,31,-4109,1105,-652,0,0
-31,-59,43,-3984,1123,-716,0,0
127,-96,40,-3972,1102,-745,0,0
198,-79,7,-4021,978,-736,0,0
31,-52,-49,-3978,1151,-715,0,0
-31,-64,18,-3932,1310,-783,0,0
98,-108,132,-3729,1290,-771,0,0
211,-156,162,-3732,1369,-592,0,0
352,-201,151,-3748,1490,-568,0,0
659,-285,185,-3694,1400,-604,0,0
946,-380,216,-3785,1256,-473,0,0
1168,-440,174,-4005,1129,-466,0,0
1313,-436,80,-4070,956,-561,0,0
1224,-369,44,-4097,904,-569,0,0
1066,-280,75,-4089,780,-565,0,0
619,-167,123,-4087,912,-509,0,0
462,-149,164,-4061,1012,-419,0,0
563,-169,136,-4063,901,-454,0,0
470,-145,66,-4061,988,-432,0,0
434,-136,26,-4042,978,-420,0,0
317,-136,17,-3996,1051,-444,0,0
375,-145,29,-3989,969,-444,0,0
313,-120,32,-4030,911,-424,0,0
111,-75,27,-4030,989,-417,0,0
-3,-30,14,-4064,1068,-443,0,0
-61,-14,26,-3996,1126,-468,0,0
-33,-7,40,-3972,1090,-435,0,0
-47,8,3,-4126,1109,-402,0,0
-54,-2,-11,-4117,1155,-427,0,0
89,-49,33,-4040,1043,-437,0,0
266,-85,11,-3990,799,-488,0,0
167,-55,-56,-3928,795,-547,0,0
-40,-6,-72,-4009,1017,-459,0,0
-57,2,-62,-4069,1118,-526,0,0
-51,17,-53,-4030,1114,-608,0,0
-4,17,-22,-3978,1145,-557,0,0
140,-11,26,-3964,1074,-481,0,0
245,-7,5,-4018,978,-517,0,0
242,1,-32,-4079,966,-555,0,0
275,-19,-23,-4054,874,-562,0,0
244,-21,-24,-4003,784,-603,0,0
133,3,-55,-3988,867,-574,0,0
79,-1,-59,-4023,969,-548,0,0
117,-31,-41,-4005,1018,-651,0,0
192,-38,-16,-4010,939,-628,0,0
196,-49,-9,-4038,924,-624,0,0
233,-68,-13,-4017,918,-655,0,0
241,-60,-10,-4004,965,-593,0,0
288,-58,7,-3992,945,-552,0,0
324,-64,16,-4029,816,-546,0,0
326,-77,-2,-4030,754,-638,0,0
329,-76,-7,-4013,760,-698,0,0
303,-44,7,-4053,791,-629,0,0
235,-2,25,-4113,807,-511,0,0
133,17,61,-4096,766,-523,0,0
19,36,78,-4083,733,-664,0,0
-75,64,56,-4082,801,-740,0,0
-89,82,54,-4052,894,-695,0,0
-8,75,54,-3932,975,-576,0,0
31,56,124,-3802,1022,-436,0,0
38,8,162,-3987,957,-515,0,0
-66,-45,117,-4136,1073,-780,0,0
-7,-81,100,-4071,1140,-993,0,0
273,-106,68,-3919,1012,-880,0,0
491,-100,18,-3889,937,-719,0,0
491,-65,-8,-3976,891,-652,0,0
373,-36,-21,-4123,974,-656,0,0
266,-28,24,-4063,1008,-663,0,0
241,-39,98,-3981,873,-726,0,0
199,-30,63,-3908,833,-797,0,0
149,7,-6,-3955,861,-799,0,0
145,23,-15,-4117,913,-754,0,0
156,5,35,-4136,792,-679,0,0
147,-15,18,-4067,702,-785,0,0
67,22,-42,-4007,858,-781,0,0
91,46,-36,-4067,830,-709,0,0
74,73,-49,-4063,702,-713,0,0
-112,113,-68,-4019,790,-646,0,0
-160,106,-51,-4072,762,-633,0,0
-199,78,-56,-4150,697,-747,0,0
-256,58,-79,-3998,746,-864,0,0
-159,46,-95,-3921,631,-1044,0,0
-164,94,-140,-3920,651,-938,0,0
-403,132,-112,-3901,1007,-570,0,0
-351,83,-62,-4007,1072,-598,0,0
-272,60,-51,-4072,901,-929,0,0
-269,93,-24,-4079,709,-1184,0,0
-326,126,-13,-4005,851,-1035,0,0
-324,98,13,-3933,1047,-775,0,0
-194,41,45,-3883,1126,-770,0,0
2,-12,76,-3953,1069,-852,0,0
284,-43,66,-4020,760,-965,0,0
181,-23,23,-3998,716,-895,0,0
44,-43,26,-3958,805,-803,0,0
36,-63,31,-3998,877,-814,0,0
23,-66,5,-4004,965,-856,0,0
109,-76,-9,-3977,980,-901,0,0
217,-72,-9,-3992,914,-841,0,0
269,-70,-6,-4033,846,-756,0,0
274,-73,7,-4041,755,-782,0,0
272,-64,-7,-4007,659,-836,0,0
185,-34,-19,-3927,657,-814,0,0
78,8,-13,-3919,663,-790,0,0
-23,52,-1,-3922,653,-780,0,0
-155,96,5,-4052,679,-745,0,0
-282,129,-21,-4215,721,-752,0,0
-434,129,-29,-4164,779,-868,0,0
-491,133,-6,-4036,792,-941,0,0
-458,131,-17,-4020,864,-778,0,0
-408,104,-29,-4008,940,-713,0,0
-369,98,-14,-3980,914,-734,0,0
-350,96,-20,-3989,883,-810,0,0
-342,107,-47,-3976,861,-795,0,0
-409,113,-57,-3997,891,-754,0,0
-466,100,-53,-3948,939,-772,0,0
-511,91,-40,-3995,1023,-774,0,0
-452,61,-43,-3949,1117,-753,0,0
-255,20,-27,-3880,1055,-759,0,0
-193,4,-29,-3939,1074,-738,0,0
-189,-15,-26,-3927,1112,-735,0,0
-130,-30,27,-3947,1049,-721,0,0
-57,-54,40,-4027,997,-754,0,0
-30,-58,23,-3988,976,-765,0,0
-25,-51,25,-4007,935,-736,0,0
-25,-53,22,-4036,910,-750,0,0
-25,-57,6,-4023,939,-708,0,0
-19,-65,-15,-4058,983,-676,0,0
2,-80,-23,-3996,1010,-746,0,0
54,-79,-18,-3935,980,-727,0,0
91,-86,-22,-3960,973,-681,0,0
101,-87,-25,-3995,988,-682,0,0
131,-81,-27,-4012,942,-705,0,0
139,-76,-22,-3976,917,-711,0,0
140,-68,4,-3945,888,-667,0,0
136,-55,21,-3988,838,-672,0,0
66,-32,12,-4009,864,-656,0,0
51,-18,23,-4023,881,-619,0,0
17,-3,10,-4066,817,-659,0,0
-115,17,-9,-4115,901,-717,0,0
-144,18,5,-4113,993,-740,0,0
-23,-11,22,-3985,936,-686,0,0
62,-25,29,-3951,831,-662,0,0
48,-14,-6,-4059,872,-667,0,0
6,11,-45,-4165,954,-621,0,0
18,17,-34,-4104,859,-613,0,0
-19,25,-8,-3954,635,-666,0,0
-214,53,-23,-3939,657,-653,0,0
-376,51,-74,-4035,891,-607,0,0
-372,10,-114,-4047,1129,-702,0,0
-181,-19,-92,-3946,1232,-643,0,0
134,-68,-3,-3960,1024,-565,0,0
317,-96,10,-3992,632,-659,0,0
90,-64,-72,-4017,750,-714,0,0
18,-65,-62,-3996,904,-597,0,0
110,-95,-13,-4119,882,-566,0,0
110,-101,-33,-4144,972,-646,0,0
148,-85,-20,-4059,923,-604,0,0
244,-96,45,-4078,778,-595,0,0
255,-93,53,-4039,674,-655,0,0
177,-50,27,-4015,664,-637,0,0
49,-11,14,-4100,733,-534,0,0
-44,-4,28,-4137,797,-520,0,0
-72,4,36,-4081,777,-573,0,0
-66,11,17,-4074,776,-617,0,0
-84,22,2,-4065,829,-543,0,0
-66,14,13,-4064,832,-525,0,0
-32,7,24,-3998,746,-582,0,0
-96,24,25,-4065,721,-568,0,0
-168,29,15,-4111,804,-559,0,0
-166,33,27,-4043,813,-591,0,0
-158,54,48,-3972,737,-608,0,0
-207,89,37,-4101,748,-510,0,0
-287,101,-6,-4202,769,-526,0,0
-335,106,-33,-4071,782,-608,0,0
-363,132,-41,-4053,828,-621,0,0
-403,155,-43,-4095,912,-607,0,0
-410,167,-27,-4017,984,-620,0,0
-365,187,1,-3950,954,-652,0,0
-375,222,39,-3982,867,-624,0,0
-489,253,68,-4023,836,-625,0,0
-600,294,63,-4039,898,-696,0,0
-637,316,34,-4087,990,-712,0,0
-564,302,-1,-4051,1032,-719,0,0
-456,285,5,-3989,901,-669,0,0
-436,263,-28,-3908,862,-774,0,0
-461,262,-100,-3917,940,-765,0,0
-478,240,-121,-3939,1048,-783,0,0
-408,197,-98,-3946,1067,-839,0,0
-362,171,-80,-3966,1112,-813,0,0
-317,149,-63,-3939,1139,-794,0,0
-249,139,-36,-3923,1072,-833,0,0
-274,150,-36,-3919,1071,-830,0,0
-291,138,-38,-3956,1123,-824,0,0
-221,110,-21,-3924,1061,-824,0,0
-168,84,-31,-3901,983,-885,0,0
-195,74,-65,-3856,1031,-842,0,0
-167,47,-76,-3903,1073,-862,0,0
-120,24,-90,-3933,1124,-862,0,0
-84,-1,-66,-3924,1111,-812,0,0
-46,-32,-44,-3911,1069,-877,0,0
-10,-58,-55,-3861,1146,-886,0,0
130,-96,-32,-3912,1171,-826,0,0
281,-134,-13,-3937,1031,-837,0,0
295,-143,20,-4003,893,-840,0,0
245,-123,13,-4026,851,-849,0,0
182,-104,-15,-3950,843,-820,0,0
183,-93,-38,-3959,825,-860,0,0
132,-64,-71,-4034,906,-907,0,0
93,-46,-61,-3955,957,-875,0,0
103,-50,-11,-3968,1004,-809,0,0
229,-72,16,-3967,930,-806,0,0
299,-82,32,-3987,742,-844,0,0
159,-58,31,-3958,770,-842,0,0
119,-55,19,-3962,874,-800,0,0
180,-68,41,-3984,802,-762,0,0
154,-78,50,-4028,759,-774,0,0
110,-73,16,-4053,806,-798,0,0
69,-66,5,-4041,937,-783,0,0
179,-91,27,-4075,904,-771,0,0
218,-101,36,-4021,796,-751,0,0
98,-93,48,-4004,849,-729,0,0
70,-102,69,-3997,916,-705,0,0
137,-108,62,-3988,873,-701,0,0
143,-110,36,-3974,915,-673,0,0
176,-123,54,-4034,951,-682,0,0
251,-134,63,-4049,865,-688,0,0
190,-125,64,-4006,886,-659,0,0
158,-117,79,-4042,955,-667,0,0
175,-97,93,-4044,939,-667,0,0
121,-79,98,-4018,1003,-638,0,0
171,-93,110,-3992,1013,-667,0,0
319,-122,108,-3941,899,-661,0,0
342,-134,87,-3986,969,-612,0,0
405,-151,77,-3998,1009,-610,0,0
480,-165,81,-4012,909,-585,0,0
458,-162,84,-4034,921,-593,0,0
441,-147,74,-4110,882,-595,0,0
351,-117,67,-4105,905,-592,0,0
346,-100,69,-4032,834,-590,0,0
275,-70,54,-4022,838,-568,0,0
202,-51,54,-4050,897,-625,0,0
230,-31,49,-4112,832,-626,0,0
158,-3,40,-4004,812,-620,0,0
74,24,42,-4014,852,-602,0,0
33,34,12,-4132,904,-584,0,0
-28,34,29,-4063,917,-603,0,0
-10,31,61,-4022,821,-607,0,0
-26,39,10,-3978,806,-616,0,0
-100,48,-51,-4022,922,-641,0,0
-83,33,-39,-4054,972,-689,0,0
2,17,-10,-3979,927,-656,0,0
12,26,-17,-4025,849,-648,0,0
-97,51,-39,-4022,916,-677,0,0
-100,61,-30,-4014,898,-706,0,0
-116,72,-40,-4078,931,-695,0,0
-103,69,-43,-4020,960,-702,0,0
-4,49,-10,-4044,840,-695,0,0
-33,42,-26,-4008,801,-720,0,0
-103,47,-46,-3923,863,-724,0,0
-97,48,-40,-3958,909,-733,0,0
-52,42,-46,-4042,938,-722,0,0
-16,38,-46,-4037,894,-727,0,0
-54,31,-29,-4072,959,-691,0,0
-18,10,-17,-4041,915,-741,0,0
-54,24,-20,-3965,958,-690,0,0
-22,15,-14,-3980,969,-668,0,0
-6,14,6,-3961,909,-687,0,0
-12,4,11,-4026,906,-683,0,0
-9,-16,6,-4054,907,-691,0,0
-26,-34,8,-4017,906,-713,0,0
6,-60,32,-4011,893,-747,0,0
98,-80,50,-4002,783,-752,0,0
60,-79,38,-4020,748,-763,0,0
-61,-75,25,-4009,887,-761,0,0
29,-90,39,-3930,899,-784,0,0
165,-87,44,-3961,802,-750,0,0
164,-73,25,-4035,718,-744,0,0
104,-54,4,-4120,666,-767,0,0
17,-40,-25,-4114,664,-792,0,0
-52,-25,-37,-3971,740,-795,0,0
-59,-6,-26,-3987,851,-704,0,0
-48,4,-19,-3996,880,-725,0,0
-50,15,-14,-4008,848,-762,0,0
-52,15,8,-4063,858,-721,0,0
-44,1,20,-3966,859,-706,0,0
-65,9,45,-3961,899,-671,0,0
-83,28,31,-4068,980,-656,0,0
-57,37,19,-4075,984,-674,0,0
21,26,37,-3985,863,-685,0,0
21,9,40,-3974,871,-616,0,0
10,-1,11,-4029,960,-586,0,0
75,-20,-11,-4027,961,-616,0,0
149,-38,-5,-4040,906,-622,0,0
145,-31,3,-4089,859,-607,0,0
81,-13,-5,-4070,850,-616,0,0
4,2,-4,-3986,832,-633,0,0
-120,22,10,-4017,921,-616,0,0
-149,7,9,-4036,1021,-630,0,0
-84,-6,19,-3972,1021,-633,0,0
-3,-15,31,-4023,978,-618,0,0
46,-29,19,-4087,954,-600,0,0
73,-12,-1,-4061,845,-583,0,0
-3,8,-17,-4053,838,-604,0,0
-55,31,-22,-4059,883,-607,0,0
-46,51,-23,-4062,860,-582,0,0
-74,59,-17,-4001,755,-589,0,0
-216,64,-11,-4057,764,-605,0,0
-314,57,-52,-4089,961,-607,0,0
-235,43,-63,-4036,1012,-620,0,0
-146,50,-42,-4028,913,-596,0,0
-196,56,-31,-4092,903,-594,0,0
-272,64,-14,-4087,1002,-574,0,0
-192,41,-3,-4011,996,-572,0,0
-95,13,-6,-4010,903,-635,0,0
-65,8,-15,-4003,784,-668,0,0
-143,20,-24,-4067,798,-644,0,0
-234,27,-30,-3994,920,-644,0,0
-250,41,-31,-4009,1053,-601,0,0
-161,24,-32,-4006,1135,-584,0,0
39,-28,12,-4024,997,-677,0,0
205,-73,26,-3973,785,-745,0,0
144,-113,5,-3904,741,-634,0,0
69,-188,-13,-3966,804,-521,0,0
46,-289,-85,-4030,964,-693,0,0
211,-295,-201,-3989,1284,-879,0,0
565,-196,-168,-3990,1283,-640,0,0
790,-128,16,-4053,854,-400,0,0
718,-114,139,-4174,430,-367,0,0
520,-140,76,-4128,267,-570,0,0
284,-132,-63,-4132,571,-778,0,0
290,-86,-122,-4191,962,-679,0,0
535,-35,-58,-4160,1097,-557,0,0
683,50,91,-4054,824,-441,0,0
527,101,242,-3958,387,-232,0,0
258,33,222,-3995,240,-559,0,0
24,27,47,-4138,628,-921,0,0
118,51,-26,-4161,945,-767,0,0
336,36,69,-4104,819,-595,0,0
254,48,146,-4035,632,-580,0,0
148,70,125,-4016,598,-669,0,0
57,89,106,-3944,653,-781,0,0
-26,118,137,-4053,778,-805,0,0
32,125,153,-4135,820,-805,0,0
50,103,192,-4003,722,-720,0,0
53,41,209,-3992,652,-810,0,0
16,16,160,-3894,742,-961,0,0
-48,47,117,-3848,896,-953,0,0
-28,66,83,-3939,1024,-836,0,0
22,43,79,-3932,1043,-812,0,0
128,12,86,-3995,910,-897,0,0
154,7,37,-4035,823,-982,0,0
98,29,-13,-4041,896,-981,0,0
77,38,-6,-4025,933,-880,0,0
111,15,15,-3929,870,-857,0,0
87,18,0,-3912,886,-888,0,0
13,33,-20,-4035,1019,-889,0,0
-11,22,-24,-4038,1084,-938,0,0
14,15,-2,-3943,1012,-960,0,0
83,14,7,-3953,887,-933,0,0
78,12,-15,-3980,870,-905,0,0
60,13,-22,-3995,879,-900,0,0
42,5,-16,-3997,866,-920,0,0
27,-5,-2,-3995,842,-912,0,0
40,-16,-4,-3974,824,-930,0,0
27,-14,-15,-3947,841,-922,0,0
16,-15,-17,-3959,889,-900,0,0
35,-26,-15,-3943,873,-890,0,0
27,-35,-13,-3935,850,-899,0,0
69,-30,-38,-3975,842,-977,0,0
79,1,-65,-4056,842,-943,0,0
83,11,-51,-4144,837,-913,0,0
107,4,-35,-4081,713,-947,0,0
44,15,-22,-3921,607,-934,0,0
-48,42,-28,-3947,564,-869,0,0
-177,73,-78,-3976,554,-842,0,0
-392,93,-114,-4009,657,-834,0,0
-471,99,-125,-3989,743,-968,0,0
-503,127,-110,-3987,749,-962,0,0
-610,155,-85,-3931,787,-894,0,0
-697,159,-65,-3943,865,-794,0,0
-697,132,-73,-3935,972,-886,0,0
-639,122,-76,-3913,1070,-940,0,0
-464,105,-43,-3946,1043,-852,0,0
-281,64,-3,-3970,882,-790,0,0
-225,52,23,-3998,728,-850,0,0
-373,90,-21,-4010,694,-917,0,0
-531,127,-58,-3969,891,-824,0,0
-524,139,-25,-3888,921,-2840,0,0
-581,164,5,-3946,918,-822,0,0
-710,189,9,-4018,965,-838,0,0
-765,186,-16,-4015,1094,-867,0,0
-656,149,-32,-3916,1212,-904,0,0
-480,118,-22,-3851,1248,-849,0,0
-345,94,-18,-3821,1208,-780,0,0
-342,76,-7,-3891,1216,-828,0,0
-275,58,-3,-3891,1149,-844,0,0
-247,33,-1,-3925,1176,-834,0,0
-225,14,13,-3942,1241,-838,0,0
-154,2,28,-3967,1238,-833,0,0
-114,-9,34,-4076,1277,-830,0,0
19,-28,29,-4027,1252,-865,0,0
133,-29,30,-3814,1151,-792,0,0
199,-40,38,-3715,1096,-777,0,0
264,-57,28,-3856,1063,-813,0,0
281,-86,7,-3931,1092,-802,0,0
329,-134,22,-3967,1093,-789,0,0
405,-163,34,-3985,1037,-824,0,0
395,-158,37,-3901,973,-852,0,0
303,-123,38,-3868,955,-852,0,0
227,-74,8,-3990,1037,-856,0,0
169,-33,-5,-4061,1136,-820,0,0
118,-13,43,-4021,1058,-824,0,0
104,2,45,-3941,929,-882,0,0
90,10,13,-3908,919,-894,0,0
67,14,-13,-3917,975,-851,0,0
68,5,-24,-3942,1043,-813,0,0
89,-9,-31,-3931,1061,-849,0,0
124,-20,-24,-3906,1026,-878,0,0
123,-22,-15,-3875,999,-867,0,0
98,-14,-4,-3913,1012,-835,0,0
79,-14,8,-4000,989,-872,0,0
37,6,13,-3982,965,-911,0,0
15,15,19,-3963,969,-888,0,0
13,11,20,-3913,972,-878,0,0
16,12,16,-3850,981,-874,0,0
10,27,24,-3869,970,-825,0,0
-53,36,33,-3962,965,-856,0,0
-107,39,20,-3956,1011,-954,0,0
-71,31,15,-3897,1063,-951,0,0
-17,24,39,-3910,1092,-870,0,0
-39,33,60,-3980,1099,-861,0,0
-79,42,73,-3943,1110,-855,0,0
-27,60,103,-3937,1012,-813,0,0
-123,100,114,-3950,876,-907,0,0
-408,128,74,-3899,1011,-1030,0,0
-354,107,46,-3905,1183,-961,0,0
-46,40,34,-3961,1138,-921,0,0
178,-20,-9,-3884,963,-970,0,0
176,-10,-54,-3900,896,-940,0,0
35,26,-89,-3940,1002,-947,0,0
-63,55,-82,-3932,1079,-957,0,0
-104,71,-55,-3917,1087,-967,0,0
-124,73,-34,-3849,1104,-961,0,0
-111,62,-12,-3807,1090,-940,0,0
-97,42,-6,-3889,1136,-934,0,0
-62,10,-1,-3864,1117,-997,0,0
-111,4,26,-3820,1090,-1058,0,0
-157,7,18,-3814,1245,-1008,0,0
-39,-16,30,-3892,1281,-947,0,0
97,-38,47,-3914,1136,-1009,0,0
90,-37,42,-3904,1076,-1001,0,0
78,-34,43,-3880,1042,-926,0,0
59,-39,27,-3875,1011,-950,0,0
24,-42,-1,-3858,1052,-959,0,0
24,-45,-1,-3888,1071,-967,0,0
2,-47,0,-3923,1130,-965,0,0
23,-54,6,-3885,1143,-964,0,0
41,-52,25,-3866,1095,-932,0,0
28,-48,15,-3904,1117,-922,0,0
35,-47,11,-3917,1129,-906,0,0
85,-58,2,-3881,1090,-947,0,0
96,-63,-1,-3891,1093,-915,0,0
105,-60,-2,-3885,1081,-890,0,0
84,-49,-3,-3899,1065,-877,0,0
45,-38,-6,-3908,1041,-914,0,0
20,-33,-7,-3938,1078,-909,0,0
48,-43,-1,-3933,1075,-878,0,0
77,-54,11,-3901,1024,-872,0,0
57,-48,-5,-3906,1019,-867,0,0
36,-46,-12,-3928,1059,-859,0,0
45,-45,-5,-3939,1053,-876,0,0
44,-43,-7,-3940,1053,-874,0,0
43,-40,1,-3916,1017,-861,0,0
12,-36,9,-3926,1006,-848,0,0
-7,-34,-3,-3909,1031,-857,0,0
4,-33,0,-3912,1046,-846,0,0
-7,-25,10,-3969,1040,-827,0,0
-61,-14,1,-3945,1072,-845,0,0
-41,-13,-4,-3965,1047,-879,0,0
24,-25,-26,-3930,1067,-862,0,0
116,-49,-37,-3921,1031,-800,0,0
157,-55,-55,-3875,982,-806,0,0
155,-59,-76,-3894,1028,-795,0,0
164,-73,-54,-3945,1069,-778,0,0
199,-96,-2,-4037,1017,-799,0,0
216,-108,39,-4162,968,-807,0,0
236,-123,25,-4184,928,-776,0,0
278,-161,4,-4002,855,-817,0,0
308,-175,-11,-3839,816,-806,0,0
262,-146,-39,-3895,892,-756,0,0
181,-104,-74,-3957,987,-732,0,0
105,-67,-69,-4002,1043,-738,0,0
115,-56,-56,-3876,1003,-859,0,0
125,-49,-14,-3853,1002,-829,0,0
95,-66,72,-4057,979,-662,0,0
92,-120,100,-4185,917,-695,0,0
188,-168,29,-4049,965,-796,0,0
438,-183,-16,-3957,1085,-831,0,0
682,-136,38,-3872,1007,-729,0,0
705,-77,147,-3835,687,-471,0,0
380,-98,171,-4124,537,-420,0,0
89,-185,-4,-4289,774,-883,0,0
171,-177,-100,-3993,1116,-1036,0,0
530,-141,51,-3772,923,-651,0,0
554,-120,175,-3925,676,-372,0,0
328,-100,113,-4128,624,-405,0,0
45,-96,27,-4209,772,-616,0,0
-7,-82,26,-4112,831,-880,0,0
18,-12,54,-4095,779,-799,0,0
10,13,34,-4085,807,-627,0,0
31,6,22,-4037,812,-578,0,0
26,8,3,-4027,797,-584,0,0
-14,1,-36,-4097,805,-584,0,0
-35,-31,-49,-4109,820,-643,0,0
96,-66,-66,-4056,783,-764,0,0
158,-52,-75,-4028,750,-707,0,0
137,-30,-79,-4085,755,-590,0,0
57,-15,-83,-4082,740,-494,0,0
-32,-27,-74,-4019,740,-525,0,0
-42,-28,-87,-4054,712,-636,0,0
-126,-2,-122,-4075,719,-682,0,0
-152,18,-127,-4082,717,-714,0,0
-142,46,-107,-4098,679,-682,0,0
-189,69,-79,-4165,669,-664,0,0
-231,97,-67,-4168,685,-663,0,0
-250,116,-60,-4050,637,-609,0,0
-251,109,-45,-4002,566,-645,0,0
-276,108,-63,-4054,553,-686,0,0
-302,99,-85,-4079,630,-676,0,0
-310,76,-76,-4118,707,-649,0,0
-291,52,-59,-4080,759,-609,0,0
-214,19,-36,-4018,763,-624,0,0
-144,3,-20,-4062,702,-653,0,0
-101,-3,-40,-4107,666,-687,0,0
-116,2,-45,-4151,665,-681,0,0
-124,-3,-16,-4131,658,-647,0,0
-93,-30,28,-4055,636,-675,0,0
-79,-31,49,-4014,654,-716,0,0
-90,-2,37,-4021,716,-775,0,0
-156,33,37,-3998,843,-766,0,0
-138,45,75,-3987,914,-762,0,0
-66,35,125,-3995,945,-764,0,0
37,18,156,-4014,929,-801,0,0
122,8,155,-3978,882,-828,0,0
201,-3,128,-3986,843,-832,0,0
277,-5,93,-4022,801,-808,0,0
317,-4,71,-4049,778,-782,0,0
320,4,71,-4032,735,-750,0,0
270,20,81,-4042,744,-720,0,0
209,30,94,-4030,782,-703,0,0
171,32,111,-4017,813,-725,0,0
145,36,121,-4039,817,-778,0,0
112,41,116,-4030,820,-823,0,0
90,54,118,-3982,806,-804,0,0
101,46,108,-3973,819,-790,0,0
110,42,82,-4007,863,-814,0,0
93,50,72,-4025,893,-829,0,0
96,48,70,-4012,875,-826,0,0
105,40,65,-3962,864,-847,0,0
91,47,64,-3988,871,-865,0,0
65,52,53,-3998,889,-858,0,0
58,48,53,-3978,885,-863,0,0
81,30,46,-3969,892,-876,0,0
103,13,24,-3906,938,-932,0,0
134,13,26,-3917,948,-905,0,0
171,8,1,-3963,917,-887,0,0
133,5,-18,-3985,904,-855,0,0
165,-22,-25,-4026,869,-939,0,0
197,-36,-36,-4011,846,-1012,0,0
163,-32,-27,-3973,879,-971,0,0
199,-43,-39,-3935,947,-998,0,0
252,-29,-50,-3949,959,-1021,0,0
281,15,-62,-4067,899,-961,0,0
283,46,-73,-4090,764,-870,0,0
346,46,-89,-4030,670,-900,0,0
483,36,-134,-3966,444,-1019,0,0
257,65,-106,-3989,273,-931,0,0
100,51,-153,-4026,311,-1091,0,0
-142,57,-160,-4054,327,-1087,0,0
-581,47,-214,-4167,639,-1189,0,0
-698,20,-244,-3992,876,-1115,0,0
-349,4,-153,-3871,900,-1093,0,0
127,11,-91,-3790,718,-1115,0,0
269,22,2,-3964,502,-1002,0,0
156,-14,17,-4008,456,-1033,0,0
8,-24,22,-4128,602,-1116,0,0
-23,-46,24,-4077,672,-1086,0,0
39,-35,52,-3818,536,-898,0,0
100,-9,55,-3934,507,-1036,0,0
43,-3,29,-4048,535,-1013,0,0
-55,-16,32,-4178,445,-989,0,0
-46,-28,53,-4132,481,-1032,0,0
-105,-33,76,-3997,527,-1027,0,0
-112,-44,51,-3993,624,-1226,0,0
-28,-22,12,-4055,762,-1118,0,0
56,-19,41,-4084,640,-1000,0,0
35,4,74,-3834,608,-1010,0,0
-52,135,666,-2740,495,-1050,0,0
-58,131,1489,-4638,1069,-990,0,0
-77,40,326,-5950,1241,-1293,0,0
-366,-155,-1496,-4419,885,-1100,0,0
-522,-646,-1936,-2506,532,-919,0,0
-72,-122,-342,-3610,654,-904,0,0
65,122,143,-4031,533,-792,0,0
142,74,87,-4053,294,-924,0,0
-1,80,10,-4193,326,-952,0,0
-216,102,32,-4001,501,-982,0,0
-264,114,91,-4055,587,-1023,0,0
-153,78,92,-4082,597,-876,0,0
32,88,115,-3946,463,-944,0,0
47,114,142,-4042,444,-1049,0,0
-33,118,130,-4128,578,-933,0,0
-50,80,106,-4071,555,-979,0,0
-79,51,102,-4004,549,-1099,0,0
-149,57,80,-4031,685,-1024,0,0
-165,54,42,-3957,767,-2992,0,0
-71,68,36,-3909,685,-962,0,0
-56,71,30,-4022,561,-1086,0,0
-89,67,6,-4056,586,-1124,0,0
-106,47,3,-4042,625,-979,0,0
-86,20,-7,-4012,653,-1038,0,0
-59,9,-27,-3968,664,-1125,0,0
-62,10,-35,-3963,710,-1123,0,0
-36,-1,-40,-4021,774,-1070,0,0
61,-30,-37,-3996,748,-1079,0,0
108,-28,-18,-3935,646,-1069,0,0
52,-24,-4,-3991,605,-1024,0,0
-33,-28,0,-3987,633,-1089,0,0
-73,-25,14,-3997,693,-1096,0,0
-14,-35,8,-3964,737,-1005,0,0
109,-51,-1,-3992,673,-1000,0,0
181,-66,5,-4003,576,-1066,0,0
180,-66,-1,-4001,577,-1061,0,0
155,-53,-21,-4000,608,-1042,0,0
137,-49,-20,-4007,542,-1100,0,0
-3,-27,-22,-3979,533,-1079,0,0
-78,-6,-32,-4000,620,-1061,0,0
-56,-3,-13,-4030,601,-1058,0,0
-43,4,0,-4013,551,-1109,0,0
-56,22,7,-4016,670,-1102,0,0
75,7,14,-4001,734,-1046,0,0
341,-23,52,-4078,731,-1084,0,0
536,-23,-17,-4020,695,-1180,0,0
250,23,-14,-3865,492,-983,0,0
234,5,30,-3974,453,-970,0,0
420,-28,5,-4112,489,-1069,0,0
379,-49,36,-4048,259,-1133,0,0
91,-32,29,-4043,380,-1151,0,0
-87,5,-12,-4121,508,-1108,0,0
-142,21,23,-4146,435,-1216,0,0
-336,85,53,-3840,296,-1121,0,0
-728,120,37,-3741,346,-989,0,0
-888,48,-55,-4068,662,-1211,0,0
-675,12,-124,-4141,924,-1282,0,0
-301,1,-55,-4004,865,-1104,0,0
-29,-43,34,-3967,588,-1027,0,0
-4,-61,-6,-4018,553,-1036,0,0
78,-74,-78,-4011,702,-1162,0,0
317,-80,-70,-4023,669,-1127,0,0
455,-67,-56,-3961,514,-1034,0,0
404,-57,-57,-4031,402,-1168,0,0
219,-30,-96,-4077,499,-1117,0,0
136,-31,-114,-4036,674,-883,0,0
327,-89,-54,-3946,722,-818,0,0
704,-172,48,-3903,594,-840,0,0
1164,-217,102,-4017,391,-979,0,0
1337,-202,177,-4143,247,-879,0,0
1205,-189,239,-4139,315,-863,0,0
1134,-189,229,-4046,232,-943,0,0
893,-159,223,-3990,241,-863,0,0
712,-119,189,-3879,231,-868,0,0
313,-56,179,-3859,139,-822,0,0
-225,-15,147,-4192,250,-955,0,0
-426,-5,108,-4397,354,-1083,0,0
-371,-14,105,-4242,456,-993,0,0
-244,-22,104,-4024,402,-852,0,0
-374,27,48,-3897,354,-814,0,0
-536,52,-74,-4044,481,-1030,0,0
-431,27,-103,-4180,610,-966,0,0
-303,23,-31,-4119,582,-843,0,0
-397,40,13,-4067,495,-875,0,0
-516,68,7,-4069,489,-965,0,0
-614,122,-36,-4012,561,-857,0,0
-624,125,-54,-4018,642,-881,0,0
-489,101,-30,-4050,693,-916,0,0
-376,84,-20,-4018,676,-836,0,0
-282,44,-19,-4047,683,-826,0,0
-151,7,-13,-4073,664,-883,0,0
-51,-15,6,-4095,616,-900,0,0
-46,-21,19,-4082,593,-907,0,0
-91,-2,25,-4097,655,-903,0,0
-66,9,23,-4028,702,-898,0,0
6,17,30,-3978,623,-916,0,0
-7,30,32,-4026,629,-852,0,0
-6,21,18,-4057,645,-852,0,0
-14,8,14,-4022,639,-882,0,0
-25,-2,16,-4019,676,-893,0,0
9,-9,20,-4007,694,-868,0,0
71,-21,32,-4045,666,-862,0,0
125,-30,43,-4076,681,-895,0,0
165,-26,64,-4085,680,-878,0,0
260,-39,121,-4131,749,-883,0,0
423,-68,167,-4026,776,-841,0,0
610,-87,131,-3912,761,-924,0,0
678,-87,95,-3970,664,-839,0,0
567,-85,152,-3961,459,-789,0,0
164,-60,163,-4178,318,-922,0,0
-223,-16,31,-4082,485,-1047,0,0
-325,43,-80,-3874,737,-867,0,0
-340,31,-75,-4039,926,-904,0,0
-97,-19,-18,-4129,816,-1008,0,0
81,-28,62,-3966,640,-925,0,0
0,-18,45,-3975,566,-812,0,0
-152,-4,-10,-4031,587,-956,0,0
-217,17,-27,-4008,740,-954,0,0
-95,16,-16,-4011,902,-862,0,0
118,-4,17,-4012,806,-895,0,0
178,-1,61,-4013,611,-918,0,0
113,27,39,-4017,620,-919,0,0
34,50,1,-4104,741,-873,0,0
146,22,20,-4098,787,-941,0,0
277,-5,70,-3897,581,-871,0,0
158,-6,85,-3920,574,-856,0,0
51,-35,8,-4045,718,-971,0,0
141,-67,-31,-4028,822,-983,0,0
351,-87,29,-4050,729,-914,0,0
340,-93,85,-4077,560,-873,0,0
110,-58,86,-4016,457,-835,0,0
-164,-10,-4,-3959,573,-911,0,0
-300,21,-79,-4027,619,-954,0,0
-338,37,-50,-4037,668,-940,0,0
-227,29,18,-4049,640,-895,0,0
-157,14,44,-4018,587,-898,0,0
-114,32,-11,-4017,531,-902,0,0
-132,72,-93,-4090,536,-958,0,0
-313,124,-136,-4118,529,-1002,0,0
-650,169,-112,-4081,711,-966,0,0
-721,159,-71,-4027,872,-909,0,0
-531,131,-16,-3961,911,-913,0,0
-299,101,9,-3938,899,-930,0,0
-122,76,14,-3934,825,-940,0,0
-5,55,23,-3998,815,-943,0,0
86,41,40,-4040,792,-904,0,0
130,37,14,-4030,882,-935,0,0
312,19,-55,-3987,753,-941,0,0
261,2,4,-3918,532,-866,0,0
-49,17,29,-3892,502,-981,0,0
-338,60,-21,-3933,719,-1026,0,0
-400,78,-15,-3981,929,-813,0,0
-363,68,-82,-4113,822,-1102,0,0
-237,19,-103,-4067,753,-1094,0,0
-122,0,0,-3925,708,-842,0,0
-229,0,27,-3938,674,-1027,0,0
-317,30,-12,-4047,755,-1006,0,0
-308,27,-14,-3973,828,-922,0,0
-229,4,-7,-3967,826,-946,0,0
-120,-6,-19,-3996,839,-937,0,0
-37,-19,-26,-3968,755,-949,0,0
-59,-21,-26,-3972,756,-939,0,0
-96,-19,-38,-3995,786,-890,0,0
-119,-19,-30,-3977,752,-945,0,0
-141,-17,-35,-3990,769,-965,0,0
-139,-12,-48,-3980,788,-926,0,0
-120,-10,-40,-3968,774,-928,0,0
-110,-5,-38,-3978,739,-941,0,0
-126,10,-41,-4012,712,-953,0,0
-174,32,-42,-4042,752,-915,0,0
-197,43,-36,-4009,781,-957,0,0
-188,55,12,-4033,747,-981,0,0
-213,60,33,-3988,829,-887,0,0
-131,40,22,-3976,867,-927,0,0
-11,20,91,-4012,765,-907,0,0
-71,25,126,-3999,801,-893,0,0
-144,42,58,-3977,878,-941,0,0
-168,38,37,-3970,814,-815,0,0
-227,46,19,-3879,848,-833,0,0
-177,51,-33,-3905,917,-927,0,0
-100,32,-36,-4042,962,-879,0,0
7,-9,8,-4019,842,-888,0,0
-36,0,36,-3982,693,-939,0,0
-216,38,12,-3992,797,-885,0,0
-252,43,-21,-3941,869,-874,0,0
-243,38,-12,-3935,905,-894,0,0
-201,26,-14,-3961,971,-894,0,0
-158,16,-11,-3982,996,-886,0,0
-109,-4,10,-3976,1011,-887,0,0
-23,-26,35,-4002,959,-860,0,0
32,-40,37,-4048,898,-875,0,0
34,-45,17,-3931,845,-874,0,0
29,-49,7,-3845,854,-867,0,0
9,-34,-12,-3884,970,-843,0,0
56,-27,-34,-3910,1083,-810,0,0
232,-50,-25,-3984,1003,-800,0,0
321,-70,-4,-4043,872,-849,0,0
289,-78,2,-4031,865,-871,0,0
233,-67,13,-4017,897,-783,0,0
177,-65,27,-3979,958,-744,0,0
172,-78,39,-3989,972,-775,0,0
176,-100,65,-3998,977,-843,0,0
320,-142,99,-4010,839,-941,0,0
452,-151,99,-3964,699,-934,0,0
399,-118,70,-3989,804,-770,0,0
291,-88,68,-4080,874,-720,0,0
146,-59,116,-4107,824,-781,0,0
138,-45,119,-4018,679,-913,0,0
113,-14,56,-3937,677,-830,0,0
47,-1,-6,-3939,819,-777,0,0
38,2,-33,-3968,906,-822,0,0
43,4,-12,-4018,930,-856,0,0
124,5,16,-3990,842,-890,0,0
147,26,5,-4043,748,-813,0,0
48,40,-28,-4047,750,-867,0,0
-70,56,-36,-3968,829,-928,0,0
-64,51,-24,-3949,913,-896,0,0
-6,41,8,-3967,904,-832,0,0
2,39,35,-3966,840,-876,0,0
-16,42,30,-3987,802,-902,0,0
-15,42,8,-3982,815,-866,0,0
12,22,8,-4000,860,-861,0,0
68,1,20,-3968,843,-890,0,0
91,4,19,-3989,799,-886,0,0
43,22,6,-4053,781,-866,0,0
-21,29,9,-3987,715,-936,0,0
-109,46,2,-3960,740,-923,0,0
-157,46,-30,-4015,883,-880,0,0
-94,24,-22,-3997,896,-908,0,0
12,7,-2,-3963,770,-922,0,0
-15,12,-16,-3982,716,-908,0,0
-125,30,-43,-3984,782,-927,0,0
-165,29,-37,-3969,853,-941,0,0
-124,21,-21,-3964,845,-949,0,0
-100,23,-25,-3963,841,-928,0,0
-84,19,-32,-3992,851,-937,0,0
-48,10,-28,-3996,836,-961,0,0
-51,14,-15,-3978,814,-941,0,0
-86,12,-2,-3991,849,-932,0,0
-39,4,1,-3991,850,-935,0,0
33,-10,-6,-3974,791,-945,0,0
29,-16,-7,-3958,774,-935,0,0
-5,-12,-8,-3978,823,-913,0,0
5,-16,-6,-3998,836,-915,0,0
27,-21,2,-3982,785,-930,0,0
12,-23,3,-3983,783,-924,0,0
-1,-24,1,-4014,824,-893,0,0
27,-34,3,-3971,807,-934,0,0
30,-27,5,-3955,790,-932,0,0
22,-24,0,-4015,818,-885,0,0
44,-33,6,-4011,804,-886,0,0
83,-42,5,-3969,738,-928,0,0
65,-38,-8,-3983,757,-904,0,0
25,-32,-22,-4003,814,-878,0,0
15,-35,-12,-3994,826,-893,0,0
42,-39,7,-3946,780,-911,0,0
36,-32,12,-3943,745,-895,0,0
-26,-16,2,-4010,800,-867,0,0
-18,-17,-1,-3961,788,-921,0,0
-8,-5,-1,-3943,765,-916,0,0
-29,5,-12,-4061,823,-860,0,0
-27,3,0,-4088,832,-897,0,0
14,13,18,-4017,780,-950,0,0
2,47,19,-3941,765,-914,0,0
-99,87,39,-3963,753,-841,0,0
-189,85,73,-4052,739,-900,0,0
-222,60,54,-3999,770,-950,0,0
-204,31,12,-3954,904,-922,0,0
-78,3,-2,-3968,991,-868,0,0
69,-23,19,-3912,923,-890,0,0
133,-20,34,-3960,805,-911,0,0
85,-3,15,-4045,787,-898,0,0
24,4,25,-4014,777,-886,0,0
-19,9,29,-3968,770,-904,0,0
-70,8,0,-3940,830,-868,0,0
-74,-13,-13,-3933,885,-885,0,0
2,-50,-10,-4007,903,-912,0,0
143,-84,-27,-4028,919,-954,0,0
284,-81,-20,-3975,814,-896,0,0
245,-48,15,-3984,658,-847,0,0
43,-18,19,-4018,598,-883,0,0
-148,0,-17,-4048,803,-949,0,0
-49,-15,-38,-4012,961,-897,0,0
152,-36,4,-3943,847,-841,0,0
182,-36,27,-3973,711,-859,0,0
89,-24,0,-4052,742,-870,0,0
55,-21,4,-4027,777,-874,0,0
55,-18,40,-4017,735,-866,0,0
-5,-2,33,-4020,762,-873,0,0
-20,7,14,-3984,793,-873,0,0
19,6,21,-4028,764,-850,0,0
-13,13,20,-4005,738,-874,0,0
-98,39,10,-3986,790,-901,0,0
-106,53,11,-3999,832,-879,0,0
-96,52,32,-4040,842,-858,0,0
-85,45,40,-4043,854,-907,0,0
-51,43,41,-4023,834,-884,0,0
-56,47,48,-3956,806,-853,0,0
-83,36,41,-3958,824,-864,0,0
-80,22,17,-3971,833,-891,0,0
-72,13,-7,-3939,853,-917,0,0
-61,6,-14,-3986,927,-891,0,0
-6,-12,-4,-3980,913,-902,0,0
27,-25,19,-3938,831,-935,0,0
-2,-8,19,-3951,831,-918,0,0
-43,-5,15,-3974,857,-875,0,0
-60,-8,17,-3935,849,-926,0,0
-55,-11,8,-3943,856,-929,0,0
-34,-9,-8,-3968,873,-939,0,0
-12,-7,-16,-3994,881,-925,0,0
-14,-2,-2,-4018,862,-940,0,0
-30,1,3,-3961,838,-979,0,0
-2,1,-7,-3990,861,-946,0,0
65,-12,-22,-3961,840,-910,0,0
82,-22,-24,-3917,804,-914,0,0
72,-15,-37,-3986,827,-913,0,0
67,-16,-49,-4045,846,-889,0,0
78,-21,-32,-4001,801,-912,0,0
87,-22,-25,-3956,733,-930,0,0
36,-12,-39,-3965,778,-901,0,0
8,-8,-39,-3983,837,-898,0,0
52,-19,-20,-4011,806,-922,0,0
63,-14,-1,-3999,748,-911,0,0
16,-2,8,-4043,725,-900,0,0
-49,9,10,-4007,734,-897,0,0
-88,18,20,-3954,746,-911,0,0
-101,23,14,-3980,815,-888,0,0
-58,11,12,-4027,842,-857,0,0
8,-5,30,-4021,760,-899,0,0
2,-8,21,-3999,720,-894,0,0
-48,-5,-3,-3983,787,-866,0,0
-52,-12,-7,-3973,840,-885,0,0
6,-28,3,-3997,834,-891,0,0
58,-37,4,-3996,798,-890,0,0
66,-39,4,-4029,787,-881,0,0
62,-40,14,-4036,779,-878,0,0
43,-31,29,-3961,735,-903,0,0
4,-18,22,-3964,771,-901,0,0
32,-21,5,-4031,810,-878,0,0
60,-26,9,-4052,825,-871,0,0
107,-33,24,-4024,751,-896,0,0
78,-27,18,-3995,728,-870,0,0
12,-15,1,-4000,804,-854,0,0
32,-25,9,-4007,813,-880,0,0
56,-34,22,-3996,785,-875,0,0
66,-37,20,-3978,781,-847,0,0
55,-35,13,-4017,791,-832,0,0
52,-42,15,-4007,775,-869,0,0
53,-39,19,-3988,761,-882,0,0
47,-31,15,-4025,802,-849,0,0
56,-30,32,-4026,798,-808,0,0
75,-25,39,-4004,736,-849,0,0
27,-11,21,-4006,729,-847,0,0
-27,0,14,-3929,743,-801,0,0
-73,-1,15,-3967,753,-813,0,0
-102,-12,-17,-3964,809,-870,0,0
-64,-16,-32,-3967,866,-876,0,0
-13,-14,-4,-4085,877,-830,0,0
11,-15,26,-4059,778,-856,0,0
-21,6,30,-4014,750,-892,0,0
-27,26,-4,-4011,856,-891,0,0
32,37,9,-3985,895,-834,0,0
54,51,80,-4025,713,-769,0,0
-92,34,92,-4052,621,-830,0,0
-226,6,7,-3992,816,-937,0,0
-131,-12,-38,-3937,1072,-832,0,0
159,-57,25,-4000,1010,-772,0,0
314,-94,75,-4070,731,-861,0,0
203,-74,54,-4046,624,-863,0,0
56,-56,35,-3963,725,-823,0,0
-7,-40,39,-3921,809,-813,0,0
5,-26,26,-3938,841,-818,0,0
-23,-10,24,-3887,788,-800,0,0
-123,16,48,-3941,784,-725,0,0
-152,-2,33,-4050,856,-682,0,0
-204,-34,33,-4064,903,-798,0,0
-125,-79,62,-3984,926,-780,0,0
43,-130,76,-3971,920,-725,0,0
108,-161,73,-3898,944,-691,0,0
219,-186,55,-3887,878,-768,0,0
239,-171,11,-4017,877,-789,0,0
125,-126,-8,-4127,939,-731,0,0
-8,-92,67,-4196,921,-732,0,0
-107,-65,145,-4159,879,-765,0,0
-161,-32,152,-4031,920,-694,0,0
-94,-31,116,-3966,961,-647,0,0
-44,-35,79,-3983,1008,-640,0,0
-29,-31,60,-3995,1031,-643,0,0
0,-36,63,-4036,1038,-654,0,0
15,-36,64,-4002,1011,-629,0,0
30,-32,59,-3977,984,-611,0,0
42,-29,45,-3991,957,-608,0,0
26,-27,17,-3985,986,-627,0,0
12,-15,-5,-3948,1005,-612,0,0
12,-13,-19,-4004,1000,-589,0,0
-15,-15,-22,-4038,1033,-570,0,0
-17,-18,-10,-3989,1006,-610,0,0
-32,-3,-9,-3973,979,-642,0,0
-88,27,-29,-4006,1022,-606,0,0
-87,21,-35,-4052,1086,-607,0,0
-11,0,-17,-3997,1034,-641,0,0
45,-6,-8,-3965,974,-634,0,0
28,0,-28,-4017,1006,-591,0,0
31,-2,-41,-3971,996,-588,0,0
-5,7,-29,-3945,1012,-624,0,0
-8,23,-25,-3998,1039,-606,0,0
20,12,-22,-4017,1017,-593,0,0
42,-3,0,-3956,993,-631,0,0
106,-12,6,-3928,936,-670,0,0
56,6,-13,-3966,994,-608,0,0
2,10,-11,-4030,1081,-553,0,0
27,-14,26,-4047,1050,-565,0,0
85,-44,50,-4004,948,-651,0,0
160,-54,25,-4013,875,-678,0,0
157,-53,-18,-4054,913,-632,0,0
136,-52,-23,-4043,995,-619,0,0
143,-34,-12,-3998,991,-587,0,0
151,-28,-5,-4030,954,-630,0,0
169,-18,-8,-4067,904,-675,0,0
201,-22,-3,-4118,839,-692,0,0
201,-29,5,-4057,777,-698,0,0
133,-3,3,-3922,768,-625,0,0
89,14,-34,-3953,810,-573,0,0
25,21,-97,-4022,886,-574,0,0
-19,12,-98,-4073,965,-615,0,0
42,-16,-50,-4091,922,-710,0,0
70,-21,-27,-4063,848,-781,0,0
38,-2,-15,-4053,860,-698,0,0
61,-15,-5,-4000,837,-645,0,0
70,-21,5,-4005,824,-608,0,0
73,-26,-1,-4002,801,-594,0,0
72,-37,-25,-3999,787,-632,0,0
43,-31,-46,-4060,813,-638,0,0
38,-39,-38,-4116,813,-658,0,0
52,-53,-25,-4096,796,-688,0,0
76,-44,-20,-4029,780,-687,0,0
64,-16,-17,-3975,739,-620,0,0
-9,4,-24,-3959,735,-567,0,0
-66,21,-48,-3995,740,-577,0,0
-140,43,-61,-4090,776,-601,0,0
-195,55,-32,-4133,790,-651,0,0
-228,83,1,-4145,744,-649,0,0
-266,91,-4,-4088,709,-710,0,0
-251,86,-19,-4021,698,-786,0,0
-207,95,-38,-4042,734,-769,0,0
-176,100,-48,-4048,782,-694,0,0
-158,111,-45,-4036,753,-625,0,0
-201,121,-20,-4071,705,-581,0,0
-225,100,-9,-4060,639,-687,0,0
-260,100,-21,-4083,634,-810,0,0
-322,124,-46,-4111,716,-786,0,0
-354,117,-46,-4033,821,-700,0,0
-306,93,-7,-4007,861,-690,0,0
-261,71,6,-4060,822,-766,0,0
-240,60,12,-4028,795,-797,0,0
-171,49,-11,-3963,816,-823,0,0
-117,43,-49,-3986,896,-786,0,0
-49,37,-23,-4010,857,-726,0,0
-41,40,7,-4062,752,-739,0,0
-113,53,-11,-4068,708,-753,0,0
-131,49,-21,-3968,681,-801,0,0
-196,65,-17,-4015,755,-790,0,0
-232,59,-27,-4053,862,-764,0,0
-189,36,-25,-4051,914,-780,0,0
-74,19,-24,-3983,877,-806,0,0
-5,14,-13,-3956,804,-796,0,0
-28,31,-16,-4035,793,-803,0,0
-94,49,-23,-4119,838,-800,0,0
-96,40,6,-4120,833,-813,0,0
-17,12,26,-4064,790,-838,0,0
41,-5,16,-4001,764,-783,0,0
60,-25,25,-3941,728,-738,0,0
56,-32,32,-3972,702,-763,0,0
-8,-21,-22,-3969,795,-771,0,0
-7,-16,-74,-4005,928,-770,0,0
85,-22,-73,-4055,924,-802,0,0
139,-29,-25,-4087,819,-816,0,0
131,-28,30,-4042,701,-791,0,0
71,-19,42,-4021,635,-761,0,0
-22,-18,10,-3995,691,-766,0,0
-56,-19,-14,-3944,801,-771,0,0
-26,-23,-10,-4012,862,-777,0,0
11,-29,0,-4054,860,-791,0,0
48,-28,23,-4010,780,-793,0,0
29,-18,30,-4006,727,-770,0,0
-21,-13,21,-4035,773,-735,0,0
-37,-9,25,-4011,790,-748,0,0
-45,-13,25,-4012,810,-790,0,0
-27,-12,23,-4027,817,-782,0,0
15,-13,27,-4048,789,-774,0,0
16,-6,30,-4054,748,-749,0,0
-18,6,25,-4037,730,-746,0,0
-67,21,10,-4053,757,-753,0,0
-111,33,0,-4047,783,-749,0,0
-128,33,5,-3997,770,-770,0,0
-143,39,-12,-4015,776,-769,0,0
-155,39,-39,-4052,834,-780,0,0
-157,51,-25,-4066,868,-754,0,0
-150,61,1,-4032,824,-788,0,0
-193,78,11,-3993,802,-803,0,0
-225,92,20,-3979,852,-768,0,0
-203,76,32,-4001,895,-790,0,0
-149,59,33,-4026,917,-800,0,0
-56,42,40,-4054,894,-781,0,0
-1,32,40,-4017,839,-806,0,0
17,31,42,-3956,758,-812,0,0
-16,45,27,-3976,745,-811,0,0
-108,65,-11,-4030,858,-787,0,0
-114,59,-4,-4010,908,-802,0,0
-54,49,18,-3999,863,-828,0,0
-71,45,14,-3981,906,-2848,0,0
-19,20,1,-3958,945,-820,0,0
56,-10,0,-3956,991,-820,0,0
166,-40,24,-3938,930,-855,0,0
182,-32,64,-4012,863,-843,0,0
100,-7,78,-4075,876,-839,0,0
43,-5,79,-3943,876,-870,0,0
69,-14,88,-3871,899,-854,0,0
135,-26,67,-3926,965,-815,0,0
202,-49,54,-3954,949,-793,0,0
233,-67,73,-3992,877,-825,0,0
219,-92,76,-4003,851,-850,0,0
218,-120,61,-3989,897,-854,0,0
250,-136,43,-3954,973,-826,0,0
309,-148,54,-3995,986,-785,0,0
364,-150,61,-3990,894,-810,0,0
309,-122,54,-3973,832,-776,0,0
227,-106,34,-3984,864,-810,0,0
215,-85,18,-4000,903,-824,0,0
231,-58,14,-4025,892,-782,0,0
174,-37,31,-4047,842,-749,0,0
83,-16,50,-4068,793,-762,0,0
17,-5,35,-4042,795,-809,0,0
-8,-1,20,-3970,840,-814,0,0
23,-10,14,-3988,893,-801,0,0
70,-16,1,-3992,924,-783,0,0
85,-19,11,-3969,899,-783,0,0
104,-18,25,-4000,836,-810,0,0
67,-5,3,-3985,833,-818,0,0
16,11,5,-3978,845,-796,0,0
-24,32,21,-3989,831,-789,0,0
-111,51,22,-4028,832,-783,0,0
-194,61,32,-4039,875,-806,0,0
-202,56,28,-3979,879,-841,0,0
-200,43,16,-3944,939,-827,0,0
-145,26,0,-3972,1015,-816,0,0
-50,12,4,-3978,1025,-811,0,0
28,3,15,-3981,935,-830,0,0
51,1,9,-3990,881,-817,0,0
18,-3,-2,-3950,878,-805,0,0
-3,-13,-6,-3894,920,-814,0,0
30,-12,-12,-3967,957,-795,0,0
68,-24,-2,-4004,953,-772,0,0
144,-59,22,-4022,889,-804,0,0
206,-78,20,-3998,802,-812,0,0
148,-73,20,-3975,812,-792,0,0
95,-66,17,-4016,866,-817,0,0
58,-45,9,-4036,923,-819,0,0
39,-29,26,-3988,912,-805,0,0
25,-22,45,-3951,868,-821,0,0
8,-6,32,-3991,882,-795,0,0
-16,-1,18,-3994,924,-805,0,0
-33,12,26,-4002,913,-806,0,0
-61,22,21,-4010,909,-781,0,0
-99,20,14,-3987,921,-782,0,0
-119,21,5,-3961,911,-771,0,0
-104,5,-7,-3970,903,-798,0,0
-79,-12,-25,-3954,912,-840,0,0
-43,-22,-28,-3941,966,-840,0,0
18,-18,-17,-4013,941,-792,0,0
-8,-5,-3,-4010,905,-775,0,0
-57,10,10,-4022,888,-781,0,0
-83,20,6,-3973,869,-815,0,0
-117,31,3,-3956,903,-811,0,0
-105,31,-13,-3990,987,-804,0,0
-50,25,-3,-3984,993,-765,0,0
2,13,25,-3961,885,-796,0,0
-40,20,8,-3967,891,-821,0,0
-63,31,-7,-3988,954,-784,0,0
-43,21,13,-3992,942,-783,0,0
-36,18,16,-3960,910,-815,0,0
-50,29,9,-3929,913,-796,0,0
-71,36,10,-3990,921,-777,0,0
-101,33,-1,-4023,941,-817,0,0
-97,28,8,-3983,936,-854,0,0
-72,22,32,-3958,934,-836,0,0
-64,21,25,-3948,961,-796,0,0
-82,40,9,-3974,990,-772,0,0
-112,68,-1,-3971,931,-823,0,0
-198,111,0,-3939,890,-810,0,0
-250,129,6,-3967,890,-796,0,0
-226,101,-11,-4020,901,-814,0,0
-168,54,-33,-4015,936,-822,0,0
-119,14,-23,-3975,964,-797,0,0
-97,-12,-7,-3943,1001,-789,0,0
-49,-28,-15,-3940,997,-822,0,0
0,-45,-29,-3930,987,-834,0,0
24,-59,-23,-3926,1013,-845,0,0
43,-57,-6,-3952,1041,-820,0,0
80,-54,-1,-3976,1025,-819,0,0
76,-40,-8,-3992,1030,-824,0,0
71,-38,2,-3980,1030,-831,0,0
132,-54,29,-3974,969,-844,0,0
175,-63,33,-3957,898,-794,0,0
144,-65,15,-3958,933,-762,0,0
129,-72,-4,-3959,997,-770,0,0
175,-77,-3,-3953,971,-801,0,0
193,-66,18,-3966,917,-750,0,0
145,-56,28,-4023,881,-705,0,0
90,-49,27,-4054,851,-750,0,0
61,-43,12,-3993,822,-825,0,0
34,-31,-2,-3908,896,-812,0,0
38,-17,0,-3958,976,-755,0,0
23,-1,21,-4059,983,-744,0,0
-7,22,38,-4040,892,-755,0,0
-56,51,47,-4020,775,-727,0,0
-164,66,29,-3977,757,-735,0,0
-271,73,4,-3974,847,-769,0,0
-298,69,-20,-3928,978,-787,0,0
-238,49,-30,-3958,1082,-788,0,0
-156,34,-7,-4022,1105,-781,0,0
-75,20,15,-3990,1024,-815,0,0
-42,25,22,-3957,919,-790,0,0
-111,41,13,-3962,903,-779,0,0
-197,57,-4,-3978,995,-787,0,0
-170,58,-8,-3964,1015,-797,0,0
-114,53,-1,-3951,975,-810,0,0
-104,49,-14,-3938,991,-791,0,0
-74,32,-21,-3905,1018,-807,0,0
-39,21,-17,-3952,1060,-802,0,0
14,1,-14,-4008,1078,-807,0,0
77,-12,10,-3974,1013,-817,0,0
97,-9,26,-3951,905,-813,0,0
-6,14,15,-3930,921,-787,0,0
-57,24,-3,-3951,992,-796,0,0
-31,13,-3,-3969,1030,-810,0,0
39,-9,9,-3953,994,-808,0,0
68,-20,15,-3966,962,-789,0,0
49,-20,7,-3968,980,-791,0,0
61,-29,6,-3948,966,-820,0,0
62,-15,13,-3956,964,-796,0,0
72,-26,12,-3986,961,-785,0,0
76,-30,22,-3991,938,-784,0,0
34,-22,34,-3955,916,-789,0,0
-40,-9,32,-3943,975,-802,0,0
-33,-5,17,-3959,1051,-805,0,0
48,-15,19,-3989,1074,-803,0,0
136,-30,36,-3965,963,-810,0,0
113,-25,40,-3940,887,-806,0,0
3,-7,27,-3939,926,-760,0,0
-80,-10,16,-3949,967,-771,0,0
-97,-27,5,-4049,1057,-829,0,0
59,-61,-33,-4098,1158,-851,0,0
279,-71,-27,-3913,1067,-841,0,0
307,-24,37,-1649,876,-758,0,0
81,27,80,-3894,771,-676,0,0
-237,36,29,-4099,899,-831,0,0
-293,23,-28,-4028,1108,-911,0,0
-46,-26,10,-3913,1125,-817,0,0
132,-68,29,-3876,1047,-788,0,0
137,-50,5,-3938,1025,-775,0,0
97,-20,15,-4020,950,-834,0,0
-11,28,41,-4027,873,-839,0,0
-138,66,27,-3981,907,-796,0,0
-169,79,13,-3924,992,-781,0,0
-142,74,4,-3911,1032,-802,0,0
-105,59,4,-3940,1079,-805,0,0
-33,41,4,-3978,1085,-798,0,0
34,19,-1,-3975,1055,-810,0,0
86,-4,0,-3919,985,-834,0,0
77,-6,5,-3926,950,-807,0,0
20,-2,-4,-3974,1013,-798,0,0
21,-7,-6,-3942,1022,-833,0,0
40,-2,7,-3943,983,-824,0,0
34,-5,0,-3954,981,-817,0,0
27,-16,-3,-3960,992,-825,0,0
55,-16,-3,-3995,993,-830,0,0
95,-34,-5,-3991,971,-815,0,0
92,-49,-4,-3913,979,-822,0,0
119,-69,-5,-3911,983,-833,0,0
139,-75,-5,-3959,1016,-827,0,0
149,-76,7,-3956,1006,-836,0,0
142,-63,31,-3963,939,-806,0,0
106,-47,29,-3950,871,-812,0,0
31,-30,-1,-3936,891,-821,0,0
-1,-34,-23,-3950,1009,-827,0,0
70,-53,0,-3980,1039,-812,0,0
133,-55,23,-3971,929,-800,0,0
77,-44,17,-3959,894,-799,0,0
2,-28,5,-3965,925,-798,0,0
-22,-25,8,-3993,966,-831,0,0
7,-23,13,-3985,965,-823,0,0
21,-15,22,-3947,899,-783,0,0
-29,-1,19,-3965,884,-798,0,0
-62,10,-10,-3951,949,-855,0,0
-20,25,-6,-3963,980,-835,0,0
28,34,6,-3992,934,-806,0,0
15,39,3,-3997,887,-812,0,0
-25,49,-3,-4011,907,-834,0,0
-25,46,-11,-3995,965,-849,0,0
17,36,-10,-3964,992,-816,0,0
70,22,-4,-4002,972,-796,0,0
97,7,0,-3955,921,-810,0,0
89,-7,6,-3866,884,-811,0,0
113,-18,-9,-3937,914,-809,0,0
147,-28,-32,-3935,916,-812,0,0
123,-30,-18,-3935,904,-819,0,0
83,-30,-11,-3981,945,-846,0,0
77,-22,-4,-3988,931,-827,0,0
64,-10,24,-3978,890,-806,0,0
51,-13,22,-3996,874,-820,0,0
36,-11,-5,-4043,885,-805,0,0
16,-10,-14,-4046,901,-808,0,0
15,-23,-7,-4030,912,-803,0,0
16,-31,4,-3995,894,-800,0,0
-5,-24,7,-4004,890,-785,0,0
-24,-18,-7,-3975,902,-795,0,0
-30,-15,-9,-4008,920,-783,0,0
-47,-12,-2,-4004,919,-784,0,0
-68,-14,16,-3997,920,-757,0,0
-72,-22,35,-4024,958,-722,0,0
-55,-38,37,-4004,924,-740,0,0
-26,-57,24,-3984,873,-716,0,0
-11,-80,-1,-3963,864,-721,0,0
-47,-99,-7,-3998,915,-698,0,0
-68,-115,15,-4002,924,-689,0,0
-91,-133,26,-3951,956,-695,0,0
-64,-161,19,-3932,1022,-663,0,0
60,-200,32,-3974,1013,-643,0,0
176,-233,44,-3997,912,-604,0,0
220,-253,32,-3956,829,-611,0,0
215,-243,27,-3991,807,-598,0,0
173,-205,7,-4090,793,-554,0,0
21,-156,-25,-4145,832,-515,0,0
-42,-128,-31,-4096,838,-510,0,0
-28,-121,-13,-4059,828,-578,0,0
-15,-95,-17,-4074,851,-647,0,0
-27,-54,-46,-4059,904,-657,0,0
-33,-34,-54,-4081,1027,-623,0,0
39,-18,-15,-4101,1085,-592,0,0
113,11,34,-4116,1001,-529,0,0
115,25,36,-4144,953,-523,0,0
105,42,31,-4087,900,-550,0,0
141,58,51,-4028,806,-571,0,0
180,70,40,-4018,736,-608,0,0
132,102,13,-4026,718,-560,0,0
103,104,-2,-4055,747,-522,0,0
52,86,-14,-4038,795,-545,0,0
-11,77,-6,-3988,853,-591,0,0
-3,69,-5,-4027,875,-650,0,0
-25,78,-7,-4041,919,-715,0,0
-8,101,44,-3995,888,-572,0,0
-1,85,34,-4000,816,-596,0,0
-118,83,-32,-4003,923,-675,0,0
-121,96,-19,-4029,987,-700,0,0
-62,79,31,-4036,943,-728,0,0
-37,69,53,-3978,892,-703,0,0
-12,63,32,-3966,886,-691,0,0
-14,48,17,-4015,952,-700,0,0
20,35,35,-3990,962,-721,0,0
44,33,53,-3995,932,-736,0,0
33,29,43,-3973,933,-751,0,0
50,23,41,-3990,943,-729,0,0
68,15,36,-4005,925,-722,0,0
68,-3,35,-3998,917,-716,0,0
94,-18,43,-4008,893,-716,0,0
105,-30,39,-4023,874,-735,0,0
65,-34,26,-4024,891,-738,0,0
53,-37,24,-4012,915,-729,0,0
82,-49,26,-4000,901,-752,0,0
83,-47,26,-3992,902,-751,0,0
96,-41,16,-4011,897,-750,0,0
97,-35,0,-3998,888,-745,0,0
98,-35,-4,-3988,886,-743,0,0
118,-36,-15,-3947,870,-769,0,0
94,-20,-32,-3977,886,-758,0,0
58,-1,-28,-4008,888,-713,0,0
40,1,-15,-4033,860,-684,0,0
4,-1,-3,-3993,817,-713,0,0
-85,14,-6,-3994,829,-747,0,0
-158,30,-14,-4053,878,-751,0,0
-221,35,-20,-4053,918,-748,0,0
-274,40,-8,-4012,933,-752,0,0
-296,53,-3,-3943,945,-778,0,0
-248,58,-7,-3935,975,-814,0,0
-161,65,-8,-4005,999,-784,0,0
-52,41,9,-4007,958,-742,0,0
34,11,30,-3968,864,-746,0,0
43,2,17,-3974,841,-766,0,0
-6,3,-14,-3989,937,-761,0,0
-9,8,-2,-3976,1001,-720,0,0
27,2,19,-3998,972,-709,0,0
43,-7,27,-4000,898,-744,0,0
28,-11,18,-4006,878,-776,0,0
22,-15,12,-4007,895,-782,0,0
31,-16,21,-3990,906,-765,0,0
29,-11,24,-4013,934,-742,0,0
40,-23,16,-3988,960,-735,0,0
74,-30,32,-3966,954,-754,0,0
104,-25,39,-4006,940,-770,0,0
119,-22,25,-4030,920,-769,0,0
115,-10,29,-4009,881,-739,0,0
87,-8,45,-4012,861,-700,0,0
43,-18,32,-4012,863,-729,0,0
17,-23,7,-3995,896,-765,0,0
15,-22,6,-4014,929,-769,0,0
20,-25,19,-3988,933,-762,0,0
17,-26,22,-3986,919,-752,0,0
2,-10,3,-3996,940,-744,0,0
-13,-9,2,-4002,965,-734,0,0
-5,-13,13,-3978,949,-733,0,0
3,-27,10,-3958,949,-762,0,0
4,-25,0,-3953,962,-753,0,0
31,-29,-6,-3978,954,-756,0,0
33,-28,-2,-3954,940,-725,0,0
45,-27,4,-3969,932,-717,0,0
54,-22,0,-4000,915,-722,0,0
7,-13,-9,-3971,916,-733,0,0
-42,0,-13,-3999,945,-742,0,0
-66,9,-19,-4021,970,-739,0,0
-77,18,-9,-4027,985,-711,0,0
-61,14,6,-4008,948,-736,0,0
-56,6,7,-3979,926,-812,0,0
-30,10,2,-3979,946,-827,0,0
50,2,5,-3994,964,-771,0,0
136,-18,12,-3964,929,-737,0,0
153,-15,22,-3970,930,-710,0,0
139,-8,15,-4018,937,-736,0,0
117,-4,16,-3955,926,-745,0,0
112,8,39,-4001,906,-740,0,0
95,12,24,-4019,941,-761,0,0
103,9,28,-3992,936,-757,0,0
127,3,51,-3959,878,-768,0,0
103,3,40,-3985,875,-796,0,0
42,15,18,-3995,935,-772,0,0
44,6,23,-3997,954,-761,0,0
58,-6,32,-3999,946,-800,0,0
60,-6,39,-3971,912,-812,0,0
18,-1,62,-3960,911,-791,0,0
-8,0,85,-3970,933,-776,0,0
-4,6,81,-4024,931,-777,0,0
-44,9,51,-3988,951,-770,0,0
-51,0,31,-3968,976,-773,0,0
9,-12,18,-3985,963,-783,0,0
58,-38,1,-3965,951,-808,0,0
92,-62,-11,-3958,947,-808,0,0
109,-72,-14,-3982,958,-800,0,0
121,-78,-15,-4010,955,-802,0,0
117,-77,-11,-3972,947,-813,0,0
126,-68,0,-4030,952,-785,0,0
138,-74,2,-3990,934,-811,0,0
128,-56,15,-3979,929,-790,0,0
130,-43,24,-4010,930,-768,0,0
129,-43,20,-4039,936,-758,0,0
114,-33,19,-4011,936,-749,0,0
122,-39,19,-3994,928,-776,0,0
131,-37,19,-4028,926,-780,0,0
151,-33,20,-4017,909,-795,0,0
161,-27,33,-4022,892,-786,0,0
160,-27,41,-4002,887,-777,0,0
174,-24,36,-4019,896,-773,0,0
175,-18,24,-3991,895,-788,0,0
161,-4,22,-3934,887,-766,0,0
120,0,17,-3937,886,-772,0,0
98,9,3,-3960,889,-774,0,0
61,22,-6,-3942,888,-749,0,0
28,22,-4,-3905,885,-742,0,0
-1,23,1,-3901,894,-710,0,0
-16,16,1,-3980,907,-708,0,0
-38,-2,1,-3979,902,-722,0,0
-65,-23,15,-3972,916,-740,0,0
-78,-32,34,-3960,924,-761,0,0
-58,-16,55,-3782,873,-785,0,0
-95,21,82,-3846,849,-765,0,0
-139,48,50,-3989,869,-814,0,0
-180,53,3,-4287,980,-708,0,0
-129,12,-17,-4176,991,-843,0,0
-109,-9,28,-3933,847,-949,0,0
-190,10,48,-3937,875,-1037,0,0
-110,54,-8,-3986,919,-926,0,0
-96,63,-59,-4021,1025,-751,0,0
-54,43,-49,-3989,1012,-687,0,0
-49,30,-10,-3999,965,-688,0,0
-153,24,-11,-3988,1001,-771,0,0
-184,42,-12,-3873,989,-784,0,0
-197,65,16,-3906,930,-834,0,0
-262,67,15,-3982,958,-900,0,0
-305,77,-1,-3935,1054,-883,0,0
-177,85,18,-3900,1085,-796,0,0
-44,64,35,-3947,1045,-762,0,0
-35,46,16,-3995,1052,-776,0,0
-26,21,-11,-3930,1038,-847,0,0
25,2,-1,-3803,1002,-843,0,0
55,-4,41,-3911,1014,-809,0,0
20,5,64,-4010,1042,-789,0,0
-51,27,87,-4012,997,-788,0,0
-167,49,109,-3970,1008,-788,0,0
-170,46,103,-3954,1007,-860,0,0
-130,41,84,-3940,1030,-864,0,0
-49,22,63,-3926,1046,-801,0,0
32,-4,40,-3938,1000,-749,0,0
-29,-1,8,-3954,1009,-755,0,0
-164,5,-11,-3989,1080,-810,0,0
-232,13,-7,-3982,1125,-838,0,0
-172,6,-4,-3966,1114,-836,0,0
-72,-16,-36,-3939,1132,-837,0,0
4,-25,-63,-3863,1131,-822,0,0
22,-14,-50,-3889,1097,-763,0,0
31,-22,-50,-3983,1082,-781,0,0
43,-33,-72,-3938,1086,-866,0,0
67,-35,-71,-3891,1096,-877,0,0
106,-35,-60,-3903,1118,-827,0,0
118,-25,-52,-3947,1109,-772,0,0
104,-15,-32,-4001,1074,-741,0,0
111,-21,-5,-3934,992,-773,0,0
102,-31,12,-3957,923,-784,0,0
51,-23,-18,-3991,969,-822,0,0
32,-27,-42,-3972,1070,-859,0,0
61,-11,-3,-3928,1079,-805,0,0
83,-4,46,-3947,1012,-746,0,0
48,-3,48,-3949,1003,-724,0,0
47,-10,26,-3902,962,-766,0,0
41,-9,12,-3902,922,-792,0,0
1,-2,0,-3947,943,-785,0,0
-23,-1,-7,-3985,964,-792,0,0
-63,9,0,-3968,962,-795,0,0
-97,25,12,-3965,979,-773,0,0
-124,35,3,-3994,1006,-775,0,0
-179,43,-7,-3922,1022,-837,0,0
-221,61,5,-3913,1060,-868,0,0
-159,56,10,-3943,1091,-835,0,0
-54,36,16,-3952,1066,-797,0,0
-9,29,23,-3932,1011,-796,0,0
-27,24,16,-3916,991,-831,0,0
-76,28,-1,-3936,1066,-840,0,0
-84,35,6,-3958,1127,-792,0,0
-58,25,35,-3946,1090,-812,0,0
-27,16,47,-3897,1032,-830,0,0
-8,12,30,-3948,1067,-815,0,0
27,-12,15,-3937,1091,-831,0,0
60,-8,31,-3924,1042,-818,0,0
51,-6,31,-3937,1008,-812,0,0
16,-3,12,-3942,1033,-850,0,0
-6,9,10,-3933,1047,-846,0,0
-18,16,10,-3942,1037,-846,0,0
-54,31,-12,-3910,1066,-818,0,0
-61,34,-8,-3943,1081,-815,0,0
-65,24,-18,-3970,1104,-877,0,0
-3,15,-24,-3942,1125,-864,0,0
87,2,5,-3939,1030,-809,0,0
59,-3,24,-3865,933,-837,0,0
-38,13,5,-3873,978,-866,0,0
-98,24,-32,-3940,1150,-872,0,0
-25,7,-27,-3944,1211,-871,0,0
156,-7,22,-3872,1078,-870,0,0
192,-13,32,-3953,1004,-871,0,0
166,-12,11,-4066,1012,-836,0,0
185,-13,5,-3999,884,-828,0,0
115,-12,13,-3963,755,-874,0,0
-59,0,2,-3954,762,-881,0,0
-210,11,-25,-3906,877,-874,0,0
-302,13,-45,-3855,1030,-877,0,0
-291,8,-40,-3865,1149,-894,0,0
-211,9,-17,-3858,1153,-893,0,0
-149,5,-4,-3903,1152,-886,0,0
-83,6,-11,-3995,1159,-854,0,0
-29,-7,-8,-3984,1136,-894,0,0
49,-31,23,-3905,1070,-913,0,0
116,-33,37,-3904,1035,-832,0,0
140,-34,21,-3931,1001,-816,0,0
79,-23,16,-3898,938,-790,0,0
24,-22,10,-3947,946,-814,0,0
11,-20,-18,-3963,999,-836,0,0
-10,-5,-24,-3959,1025,-799,0,0
-40,7,-24,-3965,1022,-798,0,0
-66,14,-28,-3956,996,-789,0,0
-104,20,-23,-3975,1008,-798,0,0
-108,20,-33,-3968,1027,-823,0,0
-97,20,-36,-3927,1012,-799,0,0
-102,13,-37,-3924,1028,-800,0,0
-89,5,-47,-3952,1080,-806,0,0
-44,-9,-40,-3928,1075,-815,0,0
-11,-17,-21,-3924,1040,-809,0,0
-1,-19,-12,-3971,983,-786,0,0
-29,-22,-15,-3946,923,-791,0,0
-78,-20,-35,-3956,957,-805,0,0
-90,-26,-50,-3970,1037,-806,0,0
-56,-28,-31,-3957,1044,-798,0,0
-28,-24,-20,-3968,1018,-790,0,0
-13,-20,-31,-3959,998,-782,0,0
9,-21,-39,-3954,996,-794,0,0
8,-15,-22,-3990,978,-788,0,0
7,-13,9,-3971,904,-770,0,0
-23,-12,7,-3959,881,-782,0,0
-64,-1,-26,-3948,952,-795,0,0
-56,7,-26,-3941,999,-798,0,0
-36,15,-2,-3960,999,-785,0,0
-12,18,8,-3983,969,-767,0,0
-29,31,16,-4004,924,-782,0,0
-63,38,22,-3996,896,-820,0,0
-89,44,33,-3969,901,-793,0,0
-106,33,21,-3969,971,-802,0,0
-83,31,5,-3966,1044,-809,0,0
-14,25,22,-3931,1012,-792,0,0
-11,23,38,-3976,978,-801,0,0
-17,29,29,-3994,976,-834,0,0
-12,37,31,-3964,950,-829,0,0
-39,40,42,-3952,958,-820,0,0
-60,47,44,-4000,983,-829,0,0
-69,54,52,-4002,991,-813,0,0
-58,38,48,-3951,977,-836,0,0
-14,28,29,-3945,1004,-841,0,0
14,33,6,-3999,1039,-820,0,0
48,41,-2,-4032,995,-827,0,0
50,64,-2,-4012,838,-812,0,0
-24,76,-56,-4001,799,-888,0,0
-46,88,-158,-3927,850,-923,0,0
-9,126,-193,-3929,839,-877,0,0
-13,160,-203,-3892,744,-921,0,0
-134,206,-214,-3921,796,-952,0,0
-139,236,-186,-3909,789,-971,0,0
-150,241,-103,-3894,656,-984,0,0
-290,234,-54,-4097,712,-1001,0,0
-354,214,-107,-4200,722,-1020,0,0
-505,210,-168,-4072,775,-1017,0,0
-593,201,-173,-3894,879,-993,0,0
-570,178,-165,-3877,941,-1020,0,0
-546,155,-177,-3907,1009,-1080,0,0
-444,132,-160,-3924,968,-1064,0,0
-352,104,-140,-3953,920,-1095,0,0
-294,66,-150,-3882,916,-1095,0,0
-297,46,-136,-3857,962,-1075,0,0
-294,38,-89,-3873,1005,-1105,0,0
-195,22,-48,-3873,920,-1074,0,0
-146,7,-23,-3946,811,-1051,0,0
-169,-19,-25,-3928,777,-1057,0,0
-218,-38,-40,-3886,866,-1046,0,0
-212,-53,-45,-3902,990,-1042,0,0
-111,-76,-22,-3904,1007,-1034,0,0
-12,-85,12,-3931,943,-1013,0,0
38,-97,26,-3948,897,-1009,0,0
92,-115,39,-3991,836,-934,0,0
67,-118,50,-3992,785,-919,0,0
-35,-123,43,-3972,805,-901,0,0
-94,-137,22,-3951,863,-863,0,0
-124,-157,-1,-3940,998,-849,0,0
-47,-199,36,-3993,1052,-787,0,0
152,-266,98,-3954,926,-716,0,0
249,-323,98,-4009,910,-758,0,0
366,-348,50,-3993,902,-783,0,0
500,-310,20,-4058,782,-800,0,0
360,-223,15,-4145,837,-789,0,0
288,-145,37,-4079,880,-727,0,0
356,-78,55,-4096,835,-571,0,0
341,-9,14,-4148,805,-496,0,0
228,49,-28,-4107,711,-459,0,0
-11,93,-48,-4062,749,-434,0,0
-179,97,-73,-4038,864,-504,0,0
-227,90,-98,-4202,977,-587,0,0
-195,67,-103,-4275,983,-651,0,0
-49,5,-59,-4120,756,-684,0,0
21,-67,-3,-3854,575,-637,0,0
65,-153,23,-3726,581,-646,0,0
184,-185,-25,-3953,616,-714,0,0
208,-148,-149,-4199,627,-723,0,0
64,-118,-210,-4154,668,-706,0,0
-3,-119,-122,-4024,656,-750,0,0
66,-108,-20,-4053,566,-801,0,0
79,-72,-23,-4078,556,-863,0,0
24,-6,-61,-4052,599,-866,0,0
-1,57,-48,-4071,588,-783,0,0
-4,81,-17,-4092,605,-758,0,0
3,94,-12,-4171,696,-688,0,0
114,60,-21,-4169,700,-636,0,0
281,-15,-2,-4044,550,-741,0,0
363,-44,10,-4011,454,-974,0,0
332,15,0,-4102,532,-985,0,0
265,70,11,-4158,712,-725,0,0
297,69,53,-4101,719,-575,0,0
314,59,96,-4076,609,-565,0,0
291,48,87,-4137,532,-710,0,0
239,54,47,-4098,499,-804,0,0
208,72,36,-4053,461,-821,0,0
205,82,45,-4051,458,-810,0,0
179,84,37,-4094,489,-760,0,0
93,81,23,-4096,563,-723,0,0
84,60,32,-4040,614,-755,0,0
111,40,54,-3971,614,-787,0,0
138,39,62,-4009,589,-879,0,0
110,61,54,-4048,596,-961,0,0
39,81,79,-3979,654,-955,0,0
41,76,138,-3960,694,-942,0,0
78,49,192,-3903,694,-976,0,0
156,16,221,-3913,694,-1062,0,0
219,-10,218,-3967,699,-1174,0,0
194,-26,182,-4013,682,-1204,0,0
219,-49,118,-4014,647,-1173,0,0
295,-83,63,-4000,622,-1106,0,0
399,-113,12,-4030,603,-1060,0,0
459,-125,-39,-4044,564,-1022,0,0
481,-120,-76,-4060,488,-1016,0,0
399,-83,-74,-4082,409,-967,0,0
266,-47,-48,-4125,311,-855,0,0
172,-37,-42,-4141,204,-828,0,0
11,-45,-63,-4151,137,-851,0,0
-123,-75,-97,-4020,177,-976,0,0
-176,-76,-137,-4050,309,-1114,0,0
-236,-29,-177,-4175,518,-1154,0,0
-294,18,-160,-4144,721,-1101,0,0
-279,49,-62,-4021,698,-950,0,0
-207,55,37,-4001,543,-887,0,0
-186,49,70,-3975,463,-998,0,0
-242,74,75,-3951,442,-1083,0,0
-292,99,77,-3998,429,-1094,0,0
-293,88,56,-4028,464,-1125,0,0
-277,85,33,-3941,506,-1125,0,0
-297,103,46,-3965,573,-1044,0,0
-247,101,70,-4147,624,-938,0,0
-189,61,78,-4124,646,-967,0,0
-150,36,91,-3961,629,-1070,0,0
-180,47,106,-3879,621,-970,0,0
-229,28,75,-4017,708,-892,0,0
-259,12,2,-4014,750,-790,0,0
-293,-15,-53,-3857,738,-764,0,0
-412,-20,-112,-3853,758,-875,0,0
-472,-5,-159,-3998,799,-868,0,0
-547,-15,-154,-4140,784,-902,0,0
-735,-75,-89,-4102,973,-932,0,0
-431,-175,-5,-3898,1196,-956,0,0
245,-226,91,-3801,1134,-833,0,0
601,-198,163,-3989,933,-773,0,0
469,-139,156,-4180,818,-692,0,0
362,-124,97,-4104,781,-709,0,0
433,-107,69,-4012,729,-742,0,0
429,-74,104,-4028,678,-691,0,0
328,-52,119,-4092,655,-649,0,0
205,-28,83,-4140,678,-618,0,0
100,-20,41,-4067,691,-664,0,0
15,-12,35,-4057,731,-693,0,0
-20,-4,40,-4012,775,-724,0,0
-12,7,51,-4047,786,-667,0,0
-28,3,47,-4099,784,-702,0,0
-39,0,22,-4086,791,-755,0,0
-26,10,2,-4071,778,-742,0,0
-84,23,-5,-3977,787,-698,0,0
-147,24,1,-3982,846,-728,0,0
-114,20,6,-4055,867,-733,0,0
-52,10,11,-4038,824,-742,0,0
-50,5,21,-4091,810,-746,0,0
-50,13,6,-4040,806,-739,0,0
-91,26,5,-4017,787,-706,0,0
-150,24,-3,-4002,813,-754,0,0
-159,22,-4,-3997,901,-756,0,0
-71,10,14,-4046,897,-754,0,0
-17,-1,14,-4042,836,-755,0,0
-20,3,1,-3995,818,-753,0,0
-68,13,11,-4029,825,-703,0,0
-100,6,0,-3982,841,-772,0,0
-97,10,-3,-4010,893,-767,0,0
-53,3,7,-3993,913,-723,0,0
-16,-18,12,-4005,870,-706,0,0
-18,-20,0,-4042,863,-762,0,0
-1,-30,-6,-4074,900,-752,0,0
37,-37,3,-3996,862,-738,0,0
18,-29,5,-3972,857,-725,0,0
15,-29,-12,-4032,907,-736,0,0
29,-38,-13,-3976,925,-765,0,0
88,-55,12,-3959,963,-776,0,0
200,-74,36,-3966,960,-744,0,0
253,-87,68,-4043,922,-739,0,0
274,-88,84,-4015,851,-747,0,0
251,-79,94,-3953,839,-753,0,0
207,-56,103,-4046,897,-728,0,0
175,-44,115,-3882,952,-741,0,0
221,-26,102,-3917,971,-738,0,0
233,5,119,-3963,883,-603,0,0
204,11,121,-4045,789,-630,0,0
84,33,44,-4143,716,-734,0,0
-98,66,26,-4167,744,-695,0,0
-104,58,18,-4182,773,-693,0,0
-194,41,-36,-4165,753,-832,0,0
-362,30,-93,-4051,930,-855,0,0
-295,-29,-82,-3952,1040,-819,0,0
-49,-87,-58,-3760,1145,-816,0,0
288,-111,-91,-3814,1246,-793,0,0
417,-101,-72,-3994,1246,-694,0,0
464,-102,46,-4051,1066,-619,0,0
569,-122,147,-4093,730,-691,0,0
542,-117,145,-4107,523,-751,0,0
368,-90,86,-4107,533,-722,0,0
186,-76,47,-4002,594,-607,0,0
94,-93,18,-3930,661,-611,0,0
69,-95,-35,-3951,741,-694,0,0
-6,-64,-81,-4080,860,-717,0,0
-40,-39,-70,-4187,909,-706,0,0
-25,-23,-32,-4117,759,-728,0,0
-67,-8,-17,-4059,632,-714,0,0
-136,3,-46,-4029,626,-738,0,0
-255,38,-72,-4005,667,-678,0,0
-367,68,-73,-4028,684,-596,0,0
-449,64,-88,-4063,655,-550,0,0
-555,23,-129,-4111,701,-541,0,0
-546,-51,-166,-4065,820,-663,0,0
-437,-103,-148,-3992,899,-708,0,0
-280,-141,-102,-3987,941,-671,0,0
-128,-169,-76,-4003,988,-626,0,0
64,-168,-72,-4055,1001,-653,0,0
195,-120,-39,-4114,937,-589,0,0
214,-61,19,-4147,752,-477,0,0
167,-22,46,-4150,559,-453,0,0
67,-1,18,-4102,447,-586,0,0
-38,40,-27,-4133,467,-718,0,0
-66,83,-64,-4136,587,-719,0,0
-40,108,-69,-4121,688,-635,0,0
-13,132,-30,-4084,680,-576,0,0
13,136,5,-4064,583,-607,0,0
45,136,-6,-4081,457,-681,0,0
30,140,-54,-4126,428,-740,0,0
-48,141,-81,-4168,508,-744,0,0
-150,139,-55,-4111,655,-716,0,0
-118,133,4,-4066,752,-712,0,0
-31,132,43,-3979,750,-649,0,0
-3,131,81,-3881,702,-607,0,0
-10,116,106,-3950,684,-608,0,0
21,90,72,-4090,707,-718,0,0
46,81,29,-4098,745,-717,0,0
99,59,37,-4093,770,-706,0,0
119,52,67,-4135,749,-691,0,0
14,75,72,-4153,761,-775,0,0
-130,121,78,-4074,812,-833,0,0
-167,160,98,-3948,818,-843,0,0
-180,199,106,-3934,815,-866,0,0
-217,233,96,-3955,844,-888,0,0
-241,250,96,-3959,854,-866,0,0
-236,225,96,-3982,822,-868,0,0
-253,184,79,-3972,790,-897,0,0
-230,131,36,-4028,837,-925,0,0
-106,76,-30,-3993,856,-906,0,0
-61,34,-44,-3958,832,-896,0,0
-134,15,-28,-3987,910,-976,0,0
-147,8,-28,-3989,984,-994,0,0
-75,-10,-27,-3950,1011,-1001,0,0
2,-30,-4,-3892,1013,-1016,0,0
87,-53,38,-3880,983,-995,0,0
174,-73,68,-3923,897,-975,0,0
165,-70,51,-3946,856,-968,0,0
105,-61,26,-3929,862,-964,0,0
42,-46,29,-3972,901,-954,0,0
21,-47,38,-3971,914,-944,0,0
47,-73,50,-3928,905,-902,0,0
96,-106,36,-3957,953,-895,0,0
180,-136,-7,-3996,997,-923,0,0
271,-151,-44,-3938,1018,-949,0,0
388,-151,-36,-3961,970,-926,0,0
424,-132,2,-4003,897,-897,0,0
361,-102,42,-3989,860,-881,0,0
325,-74,84,-3979,802,-876,0,0
293,-45,123,-3985,741,-870,0,0
221,-15,149,-3985,672,-858,0,0
99,12,153,-3942,610,-850,0,0
-79,30,132,-4013,647,-899,0,0
-180,56,81,-4024,660,-940,0,0
-354,96,63,-3946,712,-919,0,0
-525,110,46,-3897,885,-940,0,0
-586,94,-11,-3854,1027,-959,0,0
-536,60,-61,-3969,1245,-977,0,0
-153,29,-49,-4011,1257,-915,0,0
116,8,25,-3999,1074,-903,0,0
162,-25,96,-3940,861,-921,0,0
90,-11,78,-3899,783,-956,0,0
-91,23,4,-3874,943,-923,0,0
-127,15,-7,-3930,1131,-904,0,0
36,-12,38,-3984,1125,-910,0,0
187,-33,59,-3976,963,-918,0,0
191,-44,34,-3863,856,-915,0,0
84,-33,5,-3854,922,-888,0,0
8,-19,-4,-3927,1046,-886,0,0
54,-19,4,-3927,1051,-905,0,0
122,-22,9,-3963,1044,-929,0,0
213,-33,-1,-4023,1020,-932,0,0
229,-32,2,-4023,913,-913,0,0
115,-12,31,-3918,845,-906,0,0
2,6,33,-3911,873,-921,0,0
-66,24,11,-3970,951,-916,0,0
-85,36,21,-3988,1008,-900,0,0
-68,39,50,-3926,961,-880,0,0
-67,19,31,-3896,975,-1016,0,0
-18,6,-10,-3871,1067,-989,0,0
56,6,13,-3889,1084,-884,0,0
95,-11,44,-3980,991,-902,0,0
45,-13,32,-3926,908,-971,0,0
-33,13,34,-3932,931,-970,0,0
-84,27,37,-3926,995,-918,0,0
-94,21,34,-3937,1023,-917,0,0
-88,17,30,-3930,1030,-955,0,0
-46,5,34,-3904,985,-964,0,0
-37,-2,24,-3893,973,-946,0,0
-56,-2,2,-3911,1003,-938,0,0
-54,-5,-6,-3914,1021,-960,0,0
-46,-6,-3,-3917,1035,-963,0,0
-37,-6,-2,-3923,1036,-939,0,0
-30,-12,-4,-3912,1031,-940,0,0
-18,-15,-4,-3892,1023,-942,0,0
-40,-4,-2,-3898,1027,-930,0,0
-58,3,-9,-3905,1040,-922,0,0
-77,13,-13,-3912,1039,-921,0,0
-58,13,-1,-3925,1015,-971,0,0
-54,25,-12,-3950,993,-940,0,0
-94,41,-23,-3930,1014,-939,0,0
-113,50,-24,-3896,1012,-939,0,0
-149,69,-37,-3881,1001,-956,0,0
-214,92,-62,-3878,1061,-956,0,0
-227,98,-68,-3936,1167,-940,0,0
-87,63,-55,-3888,1153,-961,0,0
55,28,-30,-3883,1122,-991,0,0
164,9,-24,-3922,1102,-998,0,0
226,5,-6,-3944,1045,-956,0,0
211,13,37,-3894,919,-971,0,0
106,10,62,-3890,837,-1016,0,0
-19,15,30,-3892,932,-1031,0,0
-11,20,6,-3938,1051,-1007,0,0
45,21,51,-3903,1010,-920,0,0
18,1,59,-3857,934,-1032,0,0
-7,-8,4,-3898,1002,-1066,0,0
36,9,-24,-3889,1068,-1037,0,0
67,9,9,-3905,1034,-1012,0,0
25,17,36,-3928,967,-1032,0,0
-31,42,41,-3930,938,-1060,0,0
-95,68,46,-3904,928,-1030,0,0
-177,85,44,-3902,957,-1038,0,0
-227,96,25,-3891,995,-1063,0,0
-261,102,13,-3860,1034,-1057,0,0
-279,95,29,-3853,1094,-1033,0,0
-220,68,37,-3823,1146,-1035,0,0
-118,49,19,-3794,1154,-1034,0,0
-74,43,-14,-3843,1133,-1017,0,0
-45,23,-45,-3919,1132,-1080,0,0
-9,25,-32,-3940,1050,-1044,0,0
-69,26,30,-3936,1000,-1068,0,0
-179,36,68,-3860,999,-1067,0,0
-242,52,45,-3853,1154,-1118,0,0
-110,63,13,-3867,1142,-1096,0,0
-102,66,39,-3803,1013,-1078,0,0
-159,52,42,-3826,1048,-1106,0,0
-128,48,-14,-3809,1015,-1092,0,0
-227,66,-47,-3823,1091,-1094,0,0
-325,72,-39,-3887,1175,-1087,0,0
-327,52,-45,-3826,1355,-1108,0,0
-147,32,-41,-3790,1338,-1024,0,0
-105,15,-5,-3762,1281,-1050,0,0
-101,-12,-9,-3843,1372,-1040,0,0
44,-42,-1,-3860,1313,-998,0,0
134,-75,34,-3806,1222,-1021,0,0
191,-101,33,-3806,1166,-1029,0,0
213,-99,27,-3781,1078,-995,0,0
127,-89,37,-3763,1001,-1014,0,0
15,-82,1,-3833,1116,-1075,0,0
20,-66,-57,-3873,1276,-1051,0,0
80,-56,-51,-3934,1326,-1014,0,0
172,-91,-9,-3849,1302,-969,0,0
292,-126,12,-3818,1231,-954,0,0
339,-140,-6,-3832,1236,-1009,0,0
431,-146,-7,-3930,1243,-930,0,0
506,-154,25,-3897,1081,-906,0,0
454,-153,57,-3856,962,-964,0,0
361,-121,50,-3802,920,-1008,0,0
229,-69,24,-3917,1056,-970,0,0
208,-36,64,-4014,1040,-925,0,0
183,-7,109,-3922,832,-985,0,0
27,37,95,-3907,693,-1030,0,0
-175,69,31,-3936,804,-1001,0,0
-245,65,-51,-3921,1001,-1009,0,0
-198,55,-58,-3913,1109,-1009,0,0
-99,45,-27,-3898,1055,-1035,0,0
-109,49,-21,-3871,1023,-1041,0,0
-167,62,-28,-3892,1016,-1038,0,0
-196,60,-11,-3917,997,-1084,0,0
-192,63,-16,-3876,995,-1044,0,0
-232,79,-17,-3863,989,-991,0,0
-279,76,-21,-3858,978,-1002,0,0
-322,72,-46,-3857,1062,-1073,0,0
-322,85,-65,-3869,1205,-1064,0,0
-224,85,-67,-3876,1287,-1059,0,0
-95,76,-46,-3852,1210,-1042,0,0
-68,78,-2,-3900,1086,-1040,0,0
-114,84,23,-3898,1024,-1032,0,0
-181,84,20,-3826,1050,-1013,0,0
-182,66,-3,-3803,1116,-1049,0,0
-128,50,-31,-3808,1179,-1064,0,0
-77,45,-30,-3781,1186,-1077,0,0
-37,30,3,-3741,1120,-1043,0,0
-6,9,-10,-3832,1146,-1062,0,0
69,-11,-53,-3896,1139,-1089,0,0
95,-28,-53,-3921,1132,-1088,0,0
98,-34,-28,-3866,1134,-1087,0,0
96,-30,7,-3874,1132,-1059,0,0
73,2,24,-3882,1108,-1060,0,0
65,18,24,-3892,1082,-1049,0,0
77,11,30,-3914,1067,-1014,0,0
121,-15,35,-3924,1050,-1016,0,0
134,-36,28,-3850,1015,-1012,0,0
74,-42,28,-3829,1025,-1002,0,0
74,-54,19,-3862,1020,-1023,0,0
92,-75,-12,-3895,1002,-1046,0,0
75,-91,-33,-3905,1056,-1048,0,0
91,-107,-26,-3928,1063,-1022,0,0
107,-120,-7,-3906,982,-1023,0,0
47,-113,3,-3879,931,-1000,0,0
-14,-109,-15,-3882,974,-1013,0,0
25,-120,-38,-3886,988,-1008,0,0
42,-120,-40,-3912,955,-1008,0,0
11,-106,-43,-3934,972,-1042,0,0
-15,-74,-35,-3849,948,-1015,0,0
-81,-24,6,-3867,901,-968,0,0
-164,13,11,-3971,933,-979,0,0
-210,36,-11,-3902,981,-929,0,0
-240,42,12,-3928,1107,-875,0,0
-130,8,20,-3970,1167,-863,0,0
-3,-23,29,-4033,1103,-848,0,0
51,-40,32,-3964,984,-854,0,0
9,-54,11,-3891,935,-858,0,0
-101,-50,29,-3857,1066,-770,0,0
-37,-67,54,-3949,1051,-757,0,0
-15,-66,10,-4081,965,-850,0,0
-127,-28,-46,-3988,1030,-860,0,0
-124,-8,-24,-3948,1068,-791,0,0
-57,-17,-8,-3946,981,-756,0,0
-158,3,-26,-3968,961,-737,0,0
-282,30,-21,-3993,983,-704,0,0
-351,46,-38,-3922,947,-773,0,0
-450,93,-73,-3927,954,-756,0,0
-618,138,-84,-3977,1128,-732,0,0
-692,158,-68,-3852,1190,-782,0,0
-741,173,-21,-3848,1250,-734,0,0
-641,126,-7,-3933,1360,-790,0,0
-313,70,-49,-3898,1189,-892,0,0
-324,75,-71,-3803,1141,-827,0,0
-470,94,-69,-3899,1329,-848,0,0
-332,120,-64,-3896,1297,-813,0,0
-252,127,-34,-3876,1206,-830,0,0
-157,111,-85,-3872,1159,-907,0,0
-54,111,-113,-3867,1073,-811,0,0
-111,93,-84,-3918,1088,-816,0,0
-93,69,-70,-3947,1073,-827,0,0
-18,64,-30,-3958,957,-792,0,0
-23,49,-33,-3928,881,-804,0,0
-106,39,-72,-3976,976,-767,0,0
-96,23,-77,-4029,1030,-773,0,0
-41,7,-88,-3989,910,-817,0,0
-157,30,-103,-3949,905,-832,0,0
-360,65,-111,-3937,1051,-798,0,0
-468,77,-80,-3943,1231,-722,0,0
-196,28,-31,-3902,1108,-766,0,0
-27,9,-39,-4002,924,-775,0,0
-201,17,-66,-4018,1048,-713,0,0
-207,-15,-40,-3930,1121,-745,0,0
-88,-50,-18,-3892,1137,-745,0,0
103,-113,-36,-3899,1120,-750,0,0
235,-143,-39,-4025,1064,-663,0,0
218,-129,36,-3893,952,-599,0,0
181,-126,62,-3916,815,-731,0,0
40,-103,-25,-4010,900,-780,0,0
-1,-74,-44,-4009,1005,-692,0,0
38,-66,7,-4051,945,-618,0,0
-17,-72,33,-4029,960,-660,0,0
-4,-71,54,-3938,900,-634,0,0
40,-89,62,-3905,828,-625,0,0
-40,-79,20,-4014,914,-638,0,0
-153,-62,-30,-4058,1050,-674,0,0
-245,-46,-11,-4125,1214,-774,0,0
-209,-35,63,-3975,1310,-707,0,0
114,-76,172,-3932,1206,-703,0,0
404,-97,169,-3945,981,-738,0,0
291,-66,94,-3916,1089,-643,0,0
236,-71,82,-3884,1314,-540,0,0
504,-136,106,-3794,1261,-593,0,0
609,-150,97,-3981,1312,-605,0,0
683,-158,134,-3994,1225,-556,0,0
812,-181,232,-3939,993,-519,0,0
778,-164,219,-4012,879,-572,0,0
601,-126,89,-3977,941,-638,0,0
481,-95,14,-3998,1115,-583,0,0
470,-79,45,-4083,1223,-544,0,0
505,-61,113,-4000,1079,-550,0,0
398,-48,151,-3922,976,-564,0,0
206,-34,148,-3928,1068,-555,0,0
117,-31,132,-3892,1149,-600,0,0
127,-38,134,-3915,1198,-597,0,0
202,-46,122,-4133,1228,-570,0,0
355,-91,83,-4114,1137,-607,0,0
639,-154,66,-3948,897,-685,0,0
664,-175,38,-3883,804,-696,0,0
383,-171,11,-3946,964,-679,0,0
258,-160,-3,-4031,1130,-794,0,0
358,-111,-15,-4073,1067,-835,0,0
493,-58,-6,-4042,934,-878,0,0
466,-2,19,-3998,843,-822,0,0
267,-1,30,-3953,856,-715,0,0
135,-47,27,-3853,928,-729,0,0
119,-60,-13,-3876,1033,-824,0,0
118,-29,-71,-3940,1148,-863,0,0
124,-5,-63,-3971,1134,-770,0,0
144,-11,10,-3967,1036,-735,0,0
179,-31,30,-3968,893,-832,0,0
139,-8,-11,-3966,835,-846,0,0
46,17,-20,-3940,853,-765,0,0
-7,13,-18,-3946,877,-792,0,0
-87,29,-45,-3947,927,-829,0,0
-143,42,-60,-3947,991,-869,0,0
-142,52,-51,-4021,1012,-859,0,0
-113,52,-27,-3990,956,-852,0,0
-100,50,-7,-3977,885,-872,0,0
-108,56,-25,-3963,863,-859,0,0
-155,60,-43,-3945,887,-846,0,0
-179,57,-41,-3911,931,-859,0,0
-196,53,-35,-3921,983,-876,0,0
-171,50,-43,-3896,1015,-889,0,0
-104,49,-42,-3925,995,-898,0,0
-28,41,-31,-3956,956,-2936,0,0
27,32,-21,-3965,908,-893,0,0
17,34,-18,-3945,912,-885,0,0
1,43,-14,-3970,964,-855,0,0
4,49,-4,-4000,952,-901,0,0
15,60,-3,-4017,960,-910,0,0
98,50,-6,-4059,976,-886,0,0
199,14,8,-3990,929,-894,0,0
226,0,32,-3874,869,-887,0,0
228,0,47,-3908,899,-850,0,0
237,2,26,-3972,900,-887,0,0
189,14,16,-3993,875,-904,0,0
127,29,33,-4016,887,-924,0,0
102,34,29,-3972,942,-931,0,0
148,30,10,-3924,957,-940,0,0
211,28,-9,-3925,960,-984,0,0
268,39,7,-3908,922,-1026,0,0
249,85,37,-3933,870,-1000,0,0
181,138,70,-3909,813,-1020,0,0
18,193,119,-3891,670,-964,0,0
-313,215,152,-3983,651,-1053,0,0
-568,208,103,-4020,779,-1114,0,0
-577,158,-7,-3875,992,-1172,0,0
-409,107,-78,-3830,1203,-1162,0,0
-157,69,-76,-3826,1276,-1173,0,0
-5,53,1,-3793,1172,-1171,0,0
8,50,91,-3800,1071,-1165,0,0
43,43,104,-3810,970,-1187,0,0
53,34,53,-3879,971,-1187,0,0
84,25,-1,-3896,1032,-1156,0,0
125,9,-1,-3867,996,-1164,0,0
68,-1,39,-3877,986,-1186,0,0
40,1,48,-3864,1002,-1216,0,0
29,29,32,-3782,934,-1193,0,0
-75,60,35,-3805,949,-1176,0,0
-125,58,28,-3925,1014,-1215,0,0
-92,43,17,-3903,997,-1197,0,0
-97,23,28,-3830,990,-1177,0,0
-62,-8,26,-3808,1012,-1172,0,0
2,-36,-5,-3819,995,-1171,0,0
10,-54,-27,-3830,1013,-1216,0,0
-15,-57,-28,-3842,1056,-1221,0,0
-17,-56,-10,-3814,1068,-1196,0,0
-6,-56,6,-3808,1053,-1169,0,0
-26,-59,-6,-3847,1041,-1195,0,0
-25,-62,-44,-3853,1112,-1193,0,0
53,-69,-43,-3867,1079,-1151,0,0
89,-77,0,-3859,992,-1146,0,0
51,-69,5,-3857,964,-1144,0,0
-14,-42,-13,-3858,992,-1139,0,0
-48,-19,-5,-3873,1021,-1123,0,0
-54,-16,11,-3893,1005,-1137,0,0
-81,-14,12,-3859,990,-1136,0,0
-91,-17,-2,-3874,1060,-1113,0,0
-6,-29,-9,-3891,1036,-1097,0,0
8,-25,3,-3874,976,-1108,0,0
-42,-2,11,-3891,946,-1104,0,0
-109,12,-1,-3885,983,-1096,0,0
-106,1,-31,-3889,1110,-1105,0,0
19,-17,-27,-3872,1111,-1087,0,0
120,-27,14,-3855,961,-1078,0,0
64,-19,22,-3858,854,-1047,0,0
-75,0,-9,-3893,926,-1074,0,0
-105,4,-38,-3915,1073,-1102,0,0
-31,-1,-20,-3899,1106,-1105,0,0
34,3,28,-3920,1072,-1066,0,0
92,-9,55,-3876,959,-1072,0,0
21,-5,60,-3865,921,-1066,0,0
-76,3,33,-3884,1043,-1082,0,0
5,-30,10,-3889,1126,-1078,0,0
139,-50,17,-3854,1063,-1088,0,0
167,-57,28,-3859,996,-1084,0,0
151,-54,16,-3911,978,-1087,0,0
121,-42,-5,-3911,979,-1106,0,0
94,-27,-9,-3896,1000,-1091,0,0
73,-12,6,-3916,981,-1057,0,0
30,-4,11,-3905,958,-1082,0,0
-24,7,-4,-3850,967,-1083,0,0
-37,9,-6,-3827,1016,-1087,0,0
-17,10,13,-3853,1005,-1067,0,0
-69,29,27,-3858,962,-1114,0,0
-137,45,19,-3871,1012,-1119,0,0
-115,42,20,-3910,1049,-1089,0,0
-92,36,30,-3913,1050,-1109,0,0
-55,21,22,-3830,1045,-1113,0,0
-31,20,13,-3832,1049,-1104,0,0
-27,19,12,-3858,1065,-1099,0,0
-8,6,10,-3908,1061,-1111,0,0
18,-7,19,-3891,1023,-1108,0,0
11,-10,28,-3872,986,-1099,0,0
-9,-17,4,-3822,974,-1120,0,0
-38,-19,-14,-3849,1022,-1123,0,0
-26,-16,-16,-3880,1052,-1150,0,0
0,-25,-16,-3862,1023,-1119,0,0
16,-26,-22,-3850,1005,-1123,0,0
49,-34,-29,-3869,992,-1127,0,0
37,-20,-31,-3895,1001,-1111,0,0
-8,-1,-18,-3875,971,-1099,0,0
-59,9,-5,-3872,1022,-1089,0,0
-10,6,3,-3891,1056,-1051,0,0
45,5,16,-3898,928,-1039,0,0
-9,18,13,-3984,915,-1057,0,0
-37,28,-12,-3978,925,-1022,0,0
-97,26,-8,-3917,940,-1003,0,0
-156,22,-11,-3834,1018,-1054,0,0
-159,29,-16,-3840,1111,-1043,0,0
-88,25,3,-3862,1080,-1083,0,0
-49,20,12,-3849,992,-1109,0,0
-124,42,15,-3890,1024,-1095,0,0
-200,53,26,-3872,1041,-1109,0,0
-206,33,24,-3803,1092,-1090,0,0
-111,-7,-25,-3848,1224,-1103,0,0
106,-72,-34,-3913,1240,-1079,0,0
366,-143,11,-3923,1006,-1056,0,0
422,-167,-3,-3836,793,-1016,0,0
237,-142,-34,-3849,794,-1002,0,0
18,-89,-41,-3921,963,-1066,0,0
-63,-38,-24,-3952,1054,-1063,0,0
-31,-18,7,-3922,987,-1058,0,0
-1,-18,7,-3916,940,-1042,0,0
9,-14,-14,-3940,956,-1006,0,0
-19,-5,-13,-3940,968,-997,0,0
-60,6,2,-3911,963,-1037,0,0
-65,22,7,-3922,971,-1016,0,0
-45,22,3,-3903,957,-997,0,0
-43,17,3,-3885,930,-1012,0,0
-51,19,-12,-3914,984,-1007,0,0
-24,9,-13,-3943,1019,-984,0,0
10,-4,13,-3925,991,-1003,0,0
2,-13,12,-3918,985,-1000,0,0
2,-12,6,-3924,1012,-978,0,0
30,-27,-1,-3903,1010,-1013,0,0
26,-29,0,-3900,1048,-1010,0,0
60,-34,14,-3907,1038,-989,0,0
100,-41,12,-3900,965,-989,0,0
82,-38,-9,-3931,970,-976,0,0
52,-36,-15,-3943,1007,-963,0,0
51,-34,-2,-3932,963,-974,0,0
8,-18,-8,-3917,946,-974,0,0
-17,-12,-22,-3936,984,-953,0,0
-20,-7,-17,-3943,1001,-934,0,0
-14,-7,-20,-3935,999,-946,0,0
-7,-4,-32,-3915,1013,-919,0,0
-3,-2,-25,-3917,986,-924,0,0
-34,10,-17,-3928,981,-944,0,0
-60,26,-19,-3900,986,-923,0,0
-84,45,-10,-3938,989,-897,0,0
-134,68,-11,-3977,1030,-882,0,0
-172,76,-14,-3956,1045,-893,0,0
-162,77,-8,-3960,1030,-888,0,0
-159,84,-30,-3969,1043,-849,0,0
-163,71,-43,-3963,1052,-857,0,0
-146,47,-32,-3925,1069,-831,0,0
-77,13,-33,-3891,1049,-842,0,0
-3,-17,-49,-3928,1038,-821,0,0
40,-51,-59,-3930,991,-826,0,0
24,-77,-34,-3944,949,-880,0,0
37,-89,-20,-3998,907,-915,0,0
57,-90,-21,-3939,796,-886,0,0
-34,-96,7,-3924,819,-854,0,0
-89,-114,22,-3882,853,-949,0,0
-88,-89,38,-3845,805,-1089,0,0
-132,-7,47,-3938,810,-1279,0,0
-322,91,93,-4043,1027,-1388,0,0
-385,114,188,-4177,1078,-1459,0,0
-201,80,180,-4040,950,-1572,0,0
6,65,94,-3813,973,-1423,0,0
370,22,22,-3746,909,-1103,0,0
638,-38,-61,-3757,822,-1007,0,0
600,-64,-138,-3919,921,-1074,0,0
515,-67,-129,-3993,957,-1166,0,0
510,-80,-33,-3935,815,-1171,0,0
560,-110,31,-3884,692,-1196,0,0
505,-106,17,-3881,748,-1168,0,0
449,-93,4,-3825,841,-984,0,0
566,-117,26,-3818,789,-906,0,0
700,-141,52,-3895,629,-935,0,0
731,-165,53,-3962,474,-1099,0,0
627,-128,33,-4188,332,-1302,0,0
142,14,57,-4128,505,-1266,0,0
-189,120,180,-3884,657,-930,0,0
15,97,231,-3805,592,-760,0,0
-61,90,106,-3922,490,-832,0,0
-462,92,-56,-4153,738,-900,0,0
-617,70,-106,-4090,867,-1216,0,0
-523,108,-14,-3931,783,-1358,0,0
-330,142,57,-3892,727,-1131,0,0
-288,151,42,-3902,753,-846,0,0
-416,144,13,-3907,806,-781,0,0
-589,101,-6,-3880,876,-961,0,0
-661,70,-1,-3863,992,-1134,0,0
-558,32,-9,-3893,1101,-1189,0,0
-363,-14,-30,-3942,1175,-1112,0,0
-195,-44,-24,-3970,1167,-1047,0,0
-187,-39,16,-3900,1144,-1021,0,0
-216,-24,29,-3849,1107,-1017,0,0
-197,-36,4,-3790,1147,-967,0,0
-102,-68,-4,-3800,1209,-1003,0,0
14,-73,-8,-3874,1229,-1080,0,0
97,-61,-3,-3951,1258,-1001,0,0
184,-58,40,-3949,1126,-936,0,0
226,-64,74,-3883,934,-906,0,0
188,-74,56,-3867,853,-952,0,0
141,-81,-5,-3910,941,-1054,0,0
146,-73,-44,-3944,1111,-1061,0,0
230,-67,-20,-3958,1149,-987,0,0
341,-74,26,-3920,998,-914,0,0
350,-67,34,-3918,860,-895,0,0
243,-49,7,-3957,834,-899,0,0
123,-31,-14,-4020,856,-955,0,0
23,-19,-18,-3994,916,-978,0,0
-2,-17,-3,-3951,950,-989,0,0
31,-14,5,-3928,908,-986,0,0
13,-12,-9,-3947,901,-964,0,0
-20,-1,-29,-3944,923,-955,0,0
-36,-2,-32,-3944,943,-953,0,0
-4,-8,-31,-3971,937,-976,0,0
-8,-4,-31,-3956,932,-1015,0,0
-40,16,-5,-3916,973,-970,0,0
-44,19,20,-3953,965,-946,0,0
-57,29,24,-3919,959,-958,0,0
-93,43,42,-3835,953,-863,0,0
-80,28,49,-3878,933,-829,0,0
-45,13,24,-3924,918,-905,0,0
-27,12,-14,-3940,914,-1063,0,0
-25,19,-18,-3966,965,-1033,0,0
52,-12,20,-3948,1006,-878,0,0
257,-54,48,-3900,1040,-762,0,0
417,-92,-16,-3869,513,-788,0,0
-78,-38,-117,-3937,762,-1094,0,0
-292,-76,-128,-3978,939,-991,0,0
-327,-59,-70,-4097,880,-1143,0,0
-402,56,-5,-3981,1057,-1006,0,0
-131,120,26,-3929,942,-1030,0,0
-182,173,37,-3941,985,-880,0,0
-190,136,20,-3957,996,-890,0,0
-139,85,10,-3963,903,-976,0,0
-190,77,-7,-3977,958,-1021,0,0
-162,59,-3,-3913,970,-986,0,0
-42,17,7,-3886,949,-991,0,0
-4,16,-1,-3930,938,-1021,0,0
-27,29,-7,-3887,948,-1008,0,0
-32,46,-7,-3823,954,-988,0,0
-85,61,-11,-3951,998,-952,0,0
-103,47,-5,-3995,939,-956,0,0
-63,16,13,-3920,797,-1013,0,0
-64,-3,3,-3920,838,-1109,0,0
-66,-1,-18,-3962,985,-1042,0,0
-39,-1,-9,-3938,1043,-969,0,0
-39,5,7,-3921,1008,-960,0,0
-55,13,6,-3899,985,-970,0,0
-39,12,2,-3874,946,-999,0,0
-37,16,-2,-3902,951,-1020,0,0
-27,9,-1,-3887,1008,-992,0,0
26,-12,9,-3893,1031,-1005,0,0
48,-21,13,-3912,1030,-996,0,0
77,-35,16,-3887,1030,-968,0,0
105,-42,21,-3900,960,-970,0,0
93,-36,16,-3918,947,-1006,0,0
96,-18,23,-3922,937,-1016,0,0
103,-1,36,-3943,893,-1002,0,0
79,10,34,-3951,882,-1007,0,0
84,6,1,-3959,950,-1051,0,0
151,-7,-35,-3932,995,-1122,0,0
211,-5,-41,-3912,979,-1106,0,0
232,-3,-31,-3933,951,-1056,0,0
198,10,-36,-4056,968,-1124,0,0
88,49,-12,-4101,971,-1088,0,0
81,66,86,-4001,863,-1031,0,0
115,88,162,-3920,569,-954,0,0
-39,101,168,-3739,465,-867,0,0
-253,81,67,-3769,553,-924,0,0
-493,64,-38,-3865,916,-1093,0,0
-520,38,-64,-3859,1235,-1235,0,0
-406,25,-34,-3841,1359,-1239,0,0
-196,18,16,-3850,1338,-1163,0,0
-13,2,51,-3845,1214,-1124,0,0
19,-1,66,-3814,1069,-1062,0,0
14,-3,61,-3838,998,-1037,0,0
23,-17,41,-3901,1041,-1141,0,0
68,-23,41,-3872,1109,-1245,0,0
154,-18,60,-3840,1063,-1224,0,0
190,-5,58,-3871,1048,-1122,0,0
191,4,60,-3889,1020,-1053,0,0
162,3,72,-3880,969,-1065,0,0
94,12,77,-3901,966,-1102,0,0
16,36,74,-3903,1010,-1102,0,0
-20,43,75,-3855,1028,-1112,0,0
-50,56,72,-3797,1022,-1112,0,0
-74,67,53,-3864,1029,-1111,0,0
-89,58,41,-3891,1028,-1121,0,0
-113,48,25,-3861,1078,-1171,0,0
-127,54,18,-3773,1133,-1210,0,0
-133,77,20,-3789,1148,-1169,0,0
-144,88,18,-3816,1147,-1104,0,0
-133,73,17,-3778,1122,-1121,0,0
-117,57,-4,-3814,1132,-1225,0,0
-142,53,-15,-3876,1171,-1238,0,0
-127,45,-16,-3864,1190,-1189,0,0
-81,39,-15,-3777,1200,-1144,0,0
-46,44,-13,-3764,1153,-1124,0,0
-62,64,-15,-3817,1091,-1131,0,0
-127,85,-10,-3849,1061,-1154,0,0
-182,93,1,-3860,1079,-1155,0,0
-187,80,9,-3793,1120,-1174,0,0
-194,73,1,-3782,1177,-1207,0,0
-222,72,-19,-3772,1242,-1204,0,0
-166,58,-15,-3776,1251,-1161,0,0
-55,33,-7,-3792,1202,-1208,0,0
-40,31,-2,-3780,1210,-1270,0,0
-54,36,5,-3777,1218,-1235,0,0
-37,21,6,-3774,1250,-1177,0,0
-7,-7,9,-3766,1269,-1207,0,0
75,-30,10,-3753,1229,-1269,0,0
136,-42,14,-3747,1179,-1242,0,0
142,-47,8,-3789,1171,-1213,0,0
126,-51,3,-3779,1182,-1232,0,0
128,-50,13,-3775,1131,-1262,0,0
104,-43,11,-3753,1121,-1226,0,0
88,-42,1,-3801,1166,-1197,0,0
97,-50,-3,-3810,1165,-1246,0,0
106,-52,4,-3791,1131,-1265,0,0
102,-50,-2,-3790,1109,-1209,0,0
85,-53,-11,-3798,1106,-1165,0,0
72,-56,-12,-3831,1103,-1211,0,0
47,-52,-10,-3811,1108,-1249,0,0
46,-51,-12,-3777,1112,-1212,0,0
53,-53,-23,-3812,1125,-1159,0,0
57,-59,-22,-3806,1095,-1186,0,0
48,-55,-13,-3795,1034,-1205,0,0
14,-53,-12,-3783,1044,-1179,0,0
-6,-46,-13,-3840,1092,-1162,0,0
-22,-45,-5,-3840,1115,-1194,0,0
-6,-49,6,-3823,1076,-1225,0,0
3,-51,1,-3807,1076,-1213,0,0
21,-55,1,-3790,1088,-1184,0,0
37,-51,13,-3804,1051,-1190,0,0
5,-33,21,-3818,1016,-1177,0,0
-59,-15,19,-3820,1036,-1158,0,0
-83,-6,7,-3921,1084,-1227,0,0
-90,-9,1,-3881,1109,-1286,0,0
-57,-20,18,-3869,1072,-1268,0,0
-27,-32,-3,-3878,1070,-1193,0,0
-8,-46,-32,-3928,1068,-1132,0,0
18,-64,-39,-3888,1014,-1142,0,0
28,-64,-61,-3873,975,-1200,0,0
27,-43,-93,-3871,1000,-1143,0,0
94,-37,-101,-3920,992,-1052,0,0
190,-68,-96,-3941,881,-1049,0,0
207,-98,-83,-3962,822,-1018,0,0
175,-126,-41,-3919,801,-973,0,0
105,-131,-29,-3975,891,-911,0,0
119,-155,-50,-3957,916,-856,0,0
129,-179,-36,-3822,839,-791,0,0
87,-204,-8,-3741,829,-778,0,0
-24,-207,5,-3645,888,-784,0,0
-96,-174,43,-3786,1026,-831,0,0
-144,-82,22,-4169,1049,-920,0,0
-372,26,-81,-4289,1065,-860,0,0
-578,49,-102,-3986,1123,-694,0,0
-392,-39,-2,-3731,1092,-699,0,0
-132,-101,34,-3742,1028,-834,0,0
-108,-37,-15,-3808,1069,-753,0,0
-277,52,-11,-3844,1139,-555,0,0
-469,99,46,-3897,1109,-484,0,0
-747,119,80,-4069,1131,-640,0,0
-990,114,69,-4015,1284,-911,0,0
-820,90,50,-3792,1392,-843,0,0
-329,68,28,-3746,1377,-771,0,0
43,80,-19,-3873,1282,-633,0,0
105,121,-74,-4054,1199,-755,0,0
-63,158,-92,-4063,1031,-766,0,0
-345,204,-110,-4195,1150,-875,0,0
-333,199,-136,-4267,1206,-842,0,0
-64,109,-176,-4037,1075,-831,0,0
81,53,-211,-3923,1105,-689,0,0
236,6,-210,-3923,1125,-590,0,0
364,-32,-165,-3834,1014,-709,0,0
315,-41,-98,-3801,775,-884,0,0
157,23,-68,-3922,559,-1094,0,0
-97,131,-109,-4081,577,-1000,0,0
-354,177,-151,-4139,752,-880,0,0
-488,180,-138,-4011,900,-903,0,0
-457,149,-77,-3903,942,-975,0,0
-352,123,-11,-3870,1010,-1011,0,0
-194,119,29,-3879,1063,-954,0,0
-35,103,56,-3955,1005,-889,0,0
56,70,81,-3983,883,-891,0,0
38,49,91,-3960,789,-964,0,0
-48,40,74,-3929,784,-994,0,0
-112,36,31,-3953,912,-1011,0,0
-48,25,0,-3927,977,-970,0,0
72,1,11,-3957,955,-982,0,0
198,-28,23,-4016,851,-1013,0,0
219,-12,28,-3964,712,-1028,0,0
110,2,39,-3941,699,-1010,0,0
55,3,23,-3886,731,-972,0,0
54,-8,-12,-3884,742,-968,0,0
22,-23,-55,-3964,854,-1028,0,0
95,-46,-78,-3963,939,-1013,0,0
218,-61,-56,-3930,906,-971,0,0
201,-63,12,-3852,739,-844,0,0
40,-100,49,-4128,847,-1003,0,0
181,-158,-58,-4012,1078,-1173,0,0
464,-94,-63,-3703,821,-893,0,0
153,1,119,-4177,658,-816,0,0
-157,-53,51,-4140,1171,-1429,0,0
374,-35,-113,-3652,1143,-1101,0,0
847,144,99,-3819,720,-696,0,0
408,209,417,-4458,237,-668,0,0
-826,72,283,-4025,562,-1441,0,0
-823,-62,-143,-3575,1562,-1267,0,0
657,-69,-241,-3871,1499,-841,0,0
1342,44,87,-3934,643,-840,0,0
393,97,414,-4324,103,-704,0,0
-1067,-53,173,-3869,612,-1568,0,0
-802,-219,-409,-3383,1925,-1292,0,0
1246,-264,-359,-3977,1494,-505,0,0
2050,-178,130,-4428,205,-698,0,0
420,-98,223,-3921,104,-1648,0,0
-489,30,101,-3821,908,-2952,0,0
59,-20,154,-4236,339,-595,0,0
-579,-114,-75,-3729,500,-1629,0,0
-1064,-150,-376,-3661,1766,-1072,0,0
485,-133,-135,-4077,1626,-649,0,0
1236,-9,314,-4053,489,-902,0,0
134,77,466,-4111,450,-1128,0,0
-324,55,295,-3935,790,-825,0,0
121,-45,121,-3925,602,-747,0,0
124,-72,29,-4050,560,-807,0,0
-279,-53,-51,-4128,758,-799,0,0
-373,-44,-84,-4092,832,-876,0,0
-331,-29,-70,-3938,707,-865,0,0
-469,-6,-46,-3879,757,-823,0,0
-503,3,-93,-3975,924,-833,0,0
-457,40,-137,-4099,938,-819,0,0
-440,78,-114,-4102,836,-811,0,0
-420,87,-91,-3936,618,-802,0,0
-580,117,-97,-4013,629,-754,0,0
-777,146,-158,-4025,815,-783,0,0
-951,173,-200,-3912,1002,-772,0,0
-953,161,-224,-3993,1183,-798,0,0
-775,152,-213,-4009,1262,-847,0,0
-502,122,-121,-3925,1234,-813,0,0
-208,83,-34,-4014,1133,-763,0,0
-20,56,4,-4061,1020,-741,0,0
52,36,30,-3997,851,-756,0,0
-17,10,-11,-4005,821,-813,0,0
31,-25,-68,-4015,815,-764,0,0
88,-55,-55,-3952,694,-841,0,0
-26,-60,-4,-3879,615,-945,0,0
-167,-43,11,-3927,734,-910,0,0
-108,-41,-24,-4016,825,-862,0,0
-37,-39,-60,-4058,802,-902,0,0
-10,-40,-46,-4012,767,-930,0,0
44,-46,-6,-3965,695,-907,0,0
28,-41,10,-3980,687,-886,0,0
-5,-28,-3,-4019,742,-884,0,0
9,-14,-27,-3996,769,-867,0,0
47,-7,-31,-3987,772,-824,0,0
133,-18,-32,-4008,757,-814,0,0
219,-23,-61,-4051,729,-782,0,0
206,-13,-84,-4049,717,-735,0,0
142,-2,-76,-4061,727,-724,0,0
46,28,-70,-4107,767,-733,0,0
-49,63,-87,-4122,813,-761,0,0
-59,69,-85,-4052,838,-786,0,0
16,63,-58,-4026,797,-804,0,0
35,60,-34,-4005,777,-802,0,0
70,48,-8,-3975,718,-789,0,0
55,50,-3,-4008,667,-797,0,0
-51,64,-14,-4039,716,-817,0,0
-87,57,-8,-3995,735,-845,0,0
-73,51,16,-4002,781,-851,0,0
-35,46,34,-4033,812,-824,0,0
7,33,58,-4003,736,-822,0,0
-10,28,83,-3983,681,-827,0,0
-40,20,78,-4011,721,-826,0,0
-29,4,57,-4020,743,-819,0,0
-23,-12,46,-4023,756,-850,0,0
-7,-23,48,-4029,796,-852,0,0
46,-28,56,-4016,764,-852,0,0
34,-21,61,-3995,738,-852,0,0
-13,-12,57,-4037,766,-849,0,0
-12,-11,47,-4002,773,-869,0,0
-25,3,55,-4008,798,-845,0,0
-19,10,63,-4035,841,-839,0,0
24,11,64,-4017,819,-837,0,0
32,22,74,-4018,791,-866,0,0
-6,35,79,-3985,807,-873,0,0
-73,41,80,-3998,882,-866,0,0
-53,19,82,-3966,977,-886,0,0
110,-22,85,-3954,961,-867,0,0
220,-51,88,-3973,875,-860,0,0
226,-65,87,-3973,778,-856,0,0
162,-59,65,-3993,744,-861,0,0
82,-48,26,-3996,761,-866,0,0
12,-43,6,-4013,818,-883,0,0
20,-61,0,-3978,878,-901,0,0
94,-78,19,-3948,816,-848,0,0
108,-93,21,-3968,771,-859,0,0
103,-118,-25,-3989,823,-888,0,0
178,-141,-46,-4009,834,-881,0,0
265,-148,-21,-4033,779,-907,0,0
259,-122,4,-4005,682,-882,0,0
108,-78,16,-4018,714,-891,0,0
49,-52,4,-4037,872,-970,0,0
228,-41,1,-3981,816,-888,0,0
305,-27,35,-4010,661,-820,0,0
229,-9,41,-4047,573,-865,0,0
148,7,18,-4015,575,-891,0,0
107,26,6,-4030,670,-878,0,0
101,36,0,-3992,688,-845,0,0
67,35,28,-3951,656,-835,0,0
34,18,38,-3986,677,-899,0,0
23,7,28,-4008,707,-850,0,0
-2,-3,41,-4033,710,-806,0,0
-50,-23,39,-4055,779,-820,0,0
-20,-56,42,-4062,826,-766,0,0
13,-98,59,-4055,857,-788,0,0
5,-118,72,-3968,883,-795,0,0
6,-116,93,-3950,900,-757,0,0
9,-105,77,-4013,905,-800,0,0
-34,-80,36,-3989,945,-778,0,0
-15,-65,39,-4005,934,-763,0,0
15,-42,50,-4020,807,-774,0,0
-81,1,22,-4024,761,-716,0,0
-243,40,10,-4003,791,-651,0,0
-326,54,-8,-3992,819,-732,0,0
-359,73,-33,-4023,846,-740,0,0
-370,93,-25,-4125,877,-695,0,0
-345,103,-35,-4137,814,-764,0,0
-428,153,-53,-3942,766,-698,0,0
-579,194,-35,-3946,785,-567,0,0
-760,167,-88,-4192,1055,-716,0,0
-608,91,-226,-4007,1504,-939,0,0
-55,87,-175,-1569,1358,-635,0,0
111,104,136,-3899,890,-253,0,0
-234,8,215,-4165,932,-1007,0,0
-372,102,-33,-4117,1379,-1453,0,0
306,271,-58,-3667,1122,-854,0,0
713,311,316,-4170,291,-325,0,0
-217,194,314,-4348,100,-1018,0,0
-1259,137,-271,-3748,1343,-1416,0,0
-507,108,-462,-3639,1910,-623,0,0
727,83,-79,-3858,1443,-552,0,0
457,72,227,-3981,1063,-892,0,0
112,16,292,-3907,926,-879,0,0
492,-81,223,-3935,675,-883,0,0
627,-116,90,-3981,556,-833,0,0
270,-93,-20,-4008,570,-819,0,0
-164,-35,-78,-4041,672,-866,0,0
-496,40,-64,-4095,927,-966,0,0
-521,59,-7,-3936,992,-966,0,0
-373,22,56,-3840,881,-938,0,0
-288,-7,33,-3779,723,-936,0,0
-542,28,9,-3942,965,-874,0,0
-859,49,14,-4005,979,-803,0,0
-964,57,-6,-4030,700,-853,0,0
-1237,118,-142,-3973,916,-696,0,0
-1351,109,-188,-3873,1109,-582,0,0
-1332,55,-246,-3852,1498,-572,0,0
-880,25,-236,-4082,1701,-490,0,0
-197,-47,-93,-4098,1379,-529,0,0
-18,-119,-43,-3981,1025,-611,0,0
-93,-106,-116,-3829,989,-716,0,0
-135,-85,-163,-3796,1060,-760,0,0
-222,-29,-137,-3866,1258,-631,0,0
-136,-34,-85,-3957,1347,-311,0,0
109,-117,-28,-4019,1138,-349,0,0
164,-123,-38,-4129,895,-663,0,0
-36,-38,-53,-4138,1014,-603,0,0
-96,-2,-1,-4006,964,-669,0,0
-397,29,45,-3802,1136,-300,0,0
32,-123,43,-3887,1140,-132,0,0
375,-276,11,-3997,1035,-291,0,0
316,-365,67,-4074,1138,-23,0,0
996,-439,130,-4404,1250,-255,0,0
864,-364,163,-4187,973,-655,0,0
373,-262,164,-3891,1076,-465,0,0
659,-232,144,-3788,1189,-163,0,0
767,-235,105,-3913,1053,-290,0,0
518,-175,30,-3945,1006,-338,0,0
450,-119,-40,-3996,1029,-316,0,0
288,-94,-31,-4095,1052,-279,0,0
374,-92,19,-4045,1062,-332,0,0
450,-71,44,-4137,939,-315,0,0
272,-40,10,-4095,968,-336,0,0
133,-32,-13,-4182,1192,-349,0,0
277,-49,-21,-3905,1133,-203,0,0
431,-108,35,-3773,846,-5,0,0
528,-231,-5,-4040,797,-134,0,0
361,-286,-141,-4177,974,-454,0,0
338,-288,-225,-4131,1009,-581,0,0
560,-216,-172,-4070,808,-347,0,0
817,-146,-89,-4015,779,-105,0,0
569,-167,-59,-4006,609,-128,0,0
-50,-185,-147,-4008,722,-388,0,0
-5,-83,-240,-4181,938,-852,0,0
-448,2,-70,-4110,1035,-208,0,0
-388,-55,122,-4177,1264,72,0,0
383,-116,160,-4144,965,-158,0,0
709,-95,134,-4093,591,-237,0,0
582,-36,96,-4179,590,-158,0,0
388,14,37,-4106,646,-188,0,0
136,65,16,-4137,746,-248,0,0
-23,93,27,-4155,830,-308,0,0
-35,123,55,-4160,922,-348,0,0
-11,122,95,-4141,954,-366,0,0
131,131,123,-4163,953,-361,0,0
179,129,131,-4067,1078,-294,0,0
397,130,136,-3967,1107,-273,0,0
700,115,98,-3930,861,-292,0,0
531,73,47,-3929,844,-209,0,0
187,44,20,-4002,1029,-256,0,0
123,20,32,-3952,1019,-432,0,0
245,25,70,-3996,905,-665,0,0
279,82,73,-4080,795,-665,0,0
137,126,61,-4091,794,-616,0,0
64,149,43,-4043,727,-649,0,0
-17,168,-7,-4021,711,-641,0,0
-125,170,-33,-3945,769,-756,0,0
-312,210,-19,-3948,876,-674,0,0
-318,225,-32,-4067,976,-672,0,0
-317,264,-48,-4014,939,-798,0,0
-415,320,-26,-3984,888,-713,0,0
-340,317,-35,-4043,881,-751,0,0
-514,344,-54,-4025,909,-823,0,0
-759,367,-46,-3995,965,-809,0,0
-736,354,-42,-3901,1031,-797,0,0
-794,332,-26,-3876,1051,-727,0,0
-914,289,-25,-3869,1068,-751,0,0
-1022,230,-28,-3872,1175,-815,0,0
-891,172,-59,-3842,1241,-811,0,0
-516,102,-83,-3911,1157,-791,0,0
-341,41,-130,-4012,1152,-860,0,0
-307,-5,-170,-3858,1210,-810,0,0
-278,-43,-137,-3786,1286,-745,0,0
-215,-76,-97,-3838,1344,-766,0,0
-102,-99,-71,-3997,1411,-798,0,0
197,-119,-27,-4047,1329,-798,0,0
501,-141,45,-3908,1036,-759,0,0
532,-147,57,-3855,855,-746,0,0
345,-130,-22,-3866,955,-724,0,0
253,-117,-77,-3957,1109,-661,0,0
337,-145,-76,-4017,1131,-650,0,0
467,-189,-57,-4030,1092,-656,0,0
575,-213,-15,-4006,935,-715,0,0
554,-196,40,-3987,718,-747,0,0
364,-157,55,-4066,694,-737,0,0
180,-125,29,-4038,805,-728,0,0
128,-93,-9,-4027,958,-746,0,0
153,-64,7,-4023,965,-735,0,0
233,-40,62,-4039,808,-734,0,0
219,-1,46,-4046,738,-731,0,0
59,45,10,-4046,760,-653,0,0
-129,78,14,-3994,809,-697,0,0
-221,115,11,-3948,835,-767,0,0
-280,137,-3,-3948,911,-740,0,0
-290,128,20,-3982,962,-694,0,0
-259,93,40,-3957,974,-787,0,0
-230,87,14,-3972,1060,-813,0,0
-143,88,15,-4010,1086,-734,0,0
-62,56,62,-3983,951,-764,0,0
-90,48,65,-3953,978,-857,0,0
-78,78,44,-3853,968,-768,0,0
-187,96,106,-3869,842,-547,0,0
-352,7,36,-4092,1094,-968,0,0
-96,-26,-143,-3997,1274,-1119,0,0
333,51,-98,-3916,1196,-768,0,0
529,81,83,-3993,915,-670,0,0
225,107,159,-4049,753,-772,0,0
-131,165,116,-3990,706,-951,0,0
-298,226,34,-3912,727,-931,0,0
-544,227,-34,-3890,1008,-869,0,0
-497,170,-112,-3868,1289,-848,0,0
-151,115,-129,-3865,1306,-874,0,0
59,92,-48,-3916,1182,-955,0,0
80,104,38,-3943,1049,-944,0,0
5,124,77,-3995,933,-934,0,0
-102,122,63,-3940,918,-972,0,0
-118,97,23,-3845,905,-970,0,0
-197,78,-33,-3895,1114,-1003,0,0
-203,51,-85,-3808,1444,-915,0,0
86,-23,-96,-3762,1489,-957,0,0
276,-53,-38,-3898,1509,-1126,0,0
508,-57,80,-3978,1351,-1061,0,0
787,-71,168,-3883,994,-1043,0,0
755,-58,179,-3826,819,-1003,0,0
588,-18,149,-3850,763,-1093,0,0
347,75,129,-3895,730,-1104,0,0
31,164,131,-3866,676,-1049,0,0
-296,209,144,-3826,659,-1021,0,0
-559,195,112,-3808,763,-1086,0,0
-623,137,2,-3778,902,-1160,0,0
-659,93,-146,-3783,1090,-1204,0,0
-603,70,-216,-3837,1331,-1206,0,0
-315,60,-206,-3923,1400,-1210,0,0
-87,45,-135,-3901,1296,-1194,0,0
19,18,-30,-3923,1193,-1136,0,0
138,-11,11,-3916,1055,-1123,0,0
164,-39,-17,-3847,932,-1097,0,0
136,-61,-60,-3818,898,-1121,0,0
70,-70,-137,-3877,987,-1135,0,0
31,-82,-196,-3873,1084,-1106,0,0
106,-102,-171,-3939,1069,-1014,0,0
224,-163,-127,-3888,969,-1129,0,0
231,-172,-89,-3938,879,-1002,0,0
201,-197,-78,-3919,778,-997,0,0
165,-192,-106,-3871,568,-1064,0,0
-151,-131,-189,-3909,623,-1010,0,0
-376,-119,-286,-3923,693,-1091,0,0
-587,-92,-295,-3919,792,-1045,0,0
-412,-99,-191,-3972,890,-928,0,0
-230,-114,-43,-4008,729,-884,0,0
-316,-115,-38,-4011,754,-904,0,0
-387,-108,-110,-3965,836,-829,0,0
-374,-120,-118,-4014,928,-801,0,0
-181,-141,-65,-4010,833,-833,0,0
-63,-137,-4,-4011,738,-771,0,0
-130,-113,-12,-4017,763,-751,0,0
-213,-101,-54,-4063,829,-808,0,0
-33,-102,-62,-4098,877,-650,0,0
314,-124,-28,-4131,707,-754,0,0
299,-77,-26,-4050,596,-704,0,0
201,-31,-32,-4081,633,-689,0,0
130,-5,-17,-4066,590,-773,0,0
70,35,25,-4074,711,-572,0,0
225,5,71,-4065,578,-730,0,0
102,28,57,-4025,631,-666,0,0
77,19,53,-4055,680,-680,0,0
-10,31,56,-4089,632,-695,0,0
-31,37,34,-4075,689,-739,0,0
-43,55,47,-4057,698,-704,0,0
-137,67,86,-4071,797,-665,0,0
-25,28,107,-4087,849,-774,0,0
99,30,134,-4068,893,-633,0,0
266,11,183,-4056,812,-655,0,0
298,13,161,-4128,690,-712,0,0
120,47,77,-4091,760,-714,0,0
188,58,49,-3983,666,-774,0,0
132,84,40,-4057,693,-758,0,0
25,80,15,-4049,767,-807,0,0
-34,81,22,-3931,725,-859,0,0
-202,92,4,-3934,890,-901,0,0
-225,100,-22,-3892,980,-884,0,0
-163,126,15,-3903,1012,-810,0,0
-9,137,66,-3992,959,-787,0,0
29,122,104,-4119,881,-873,0,0
-77,105,110,-4120,841,-952,0,0
-96,74,90,-4022,867,-950,0,0
-1,36,64,-3945,903,-917,0,0
9,3,52,-3887,976,-891,0,0
40,-46,52,-3840,1030,-936,0,0
208,-83,42,-3825,977,-990,0,0
393,-86,21,-3891,900,-980,0,0
440,-71,17,-3996,854,-979,0,0
372,-38,49,-4027,766,-960,0,0
211,-7,88,-4049,714,-962,0,0
55,7,81,-3963,678,-990,0,0
-117,24,36,-3906,761,-1034,0,0
-257,31,-3,-3904,956,-1019,0,0
-199,7,-5,-3928,1062,-1004,0,0
-18,-23,18,-3907,1072,-1008,0,0
155,-56,38,-3882,1024,-1030,0,0
279,-86,59,-3878,967,-999,0,0
304,-103,76,-3922,939,-981,0,0
250,-127,94,-3889,890,-934,0,0
206,-189,91,-3841,970,-943,0,0
306,-257,74,-3862,1039,-906,0,0
423,-318,45,-3942,1107,-911,0,0
597,-366,1,-3933,1189,-968,0,0
827,-357,31,-3917,1151,-924,0,0
985,-296,167,-4012,1022,-802,0,0
1063,-258,275,-4002,749,-685,0,0
892,-245,267,-3937,603,-681,0,0
601,-234,172,-4012,718,-747,0,0
521,-232,84,-4027,825,-776,0,0
585,-209,59,-4054,778,-801,0,0
418,-145,61,-4132,860,-750,0,0
177,-93,97,-4096,1019,-656,0,0
174,-75,129,-3985,975,-684,0,0
62,-46,113,-4027,988,-717,0,0
-100,-27,100,-4124,1086,-674,0,0
3,-65,144,-3973,940,-705,0,0
132,-78,172,-3980,762,-794,0,0
34,-9,111,-3942,803,-763,0,0
-114,54,-13,-3989,974,-732,0,0
-158,93,-85,-4181,1088,-654,0,0
-24,79,-84,-4323,1039,-618,0,0
43,18,-21,-4184,958,-691,0,0
75,-29,85,-3899,893,-719,0,0
97,-30,155,-3783,861,-744,0,0
118,-26,131,-3805,968,-677,0,0
251,-43,11,-3846,955,-654,0,0
295,-70,-148,-3883,975,-704,0,0
244,-86,-258,-3955,1017,-707,0,0
244,-107,-261,-4002,1059,-711,0,0
328,-119,-151,-3995,1009,-750,0,0
329,-107,6,-3996,935,-780,0,0
194,-89,119,-4006,925,-788,0,0
151,-82,182,-3925,935,-787,0,0
270,-72,232,-3825,891,-774,0,0
421,-37,272,-3889,755,-708,0,0
260,-11,233,-4368,670,-630,0,0
-161,-57,110,-4376,765,-664,0,0
-237,-168,42,-3730,831,-596,0,0
198,-295,108,-3628,948,-575,0,0
1090,-311,179,-4136,774,-702,0,0
1414,-198,118,-4461,243,-867,0,0
160,-44,5,-4297,183,-924,0,0
-1046,66,-12,-3997,645,-760,0,0
-837,44,3,-3952,948,-739,0,0
-119,-2,-56,-4067,762,-911,0,0
-158,104,-193,-4124,748,-954,0,0
-608,285,-286,-4110,769,-961,0,0
-1254,455,-301,-4116,884,-782,0,0
-1385,517,-241,-4128,1025,-563,0,0
-978,461,-158,-4162,1139,-563,0,0
-397,378,-88,-4100,1148,-575,0,0
109,309,-6,-3987,1053,-593,0,0
326,256,92,-3921,967,-584,0,0
368,229,148,-3891,953,-602,0,0
395,198,156,-3835,1069,-602,0,0
769,64,159,-3830,1168,-570,0,0
1553,-101,126,-3930,854,-732,0,0
2125,-209,80,-3840,113,-1294,0,0
394,-34,-128,-4115,-637,-2242,0,0
-2384,265,-181,-4052,1244,-1156,0,0
-1208,115,69,-3593,1464,-940,0,0
-69,12,157,-3587,893,-1385,0,0
-190,57,60,-3830,1027,-1103,0,0
-41,20,-35,-3975,1044,-1067,0,0
59,-23,-49,-3946,1031,-1054,0,0
146,-33,4,-3972,938,-1111,0,0
126,-40,5,-3952,829,-1121,0,0
22,-26,-42,-3895,858,-1230,0,0
-112,15,-67,-3955,886,-1216,0,0
-153,23,-77,-3990,975,-1166,0,0
-128,21,-36,-4040,1026,-1194,0,0
-70,51,33,-4069,968,-1239,0,0
-90,90,81,-4029,1063,-1223,0,0
-106,130,132,-3963,1062,-1305,0,0
-156,198,141,-3955,1139,-1229,0,0
-10,226,131,-3812,1335,-1047,0,0
461,156,222,-3602,1284,-882,0,0
949,52,324,-3582,1078,-875,0,0
1059,-11,376,-3657,1088,-1111,0,0
1006,-28,409,-3617,925,-1171,0,0
921,-9,396,-3670,964,-1426,0,0
898,85,421,-3748,796,-1445,0,0
752,85,347,-3924,680,-1510,0,0
499,78,235,-3860,608,-1625,0,0
160,52,133,-3633,626,-1498,0,0
-17,42,34,-3523,672,-1518,0,0
-14,52,-58,-3520,604,-1606,0,0
-87,54,-182,-3680,479,-1578,0,0
-404,38,-393,-3989,491,-1473,0,0
-738,30,-556,-4055,849,-1629,0,0
-571,68,-521,-3957,1100,-1824,0,0
-207,154,-366,-3873,1061,-1792,0,0
-46,228,-214,-3700,850,-1647,0,0
-148,269,-79,-3565,744,-1542,0,0
-378,257,21,-3645,795,-1529,0,0
-541,192,36,-3658,941,-1817,0,0
-505,139,26,-3516,1202,-2276,0,0
-149,169,50,-3824,1445,-2642,0,0
149,321,90,-3910,1460,-2617,0,0
308,483,218,-3517,1341,-2483,0,0
368,628,373,-3547,1239,-2234,0,0
171,736,436,-3679,1303,-2016,0,0
-130,763,468,-3677,1486,-2049,0,0
-319,757,617,-3537,1519,-1905,0,0
-512,671,854,-3304,1438,-1724,0,0
-657,517,1006,-3194,1447,-1615,0,0
-895,364,994,-2866,1481,-1708,0,0
-1319,248,876,-2552,1722,-1755,0,0
-1570,146,783,-2638,2049,-1491,0,0
-1639,21,713,-2736,2262,-1340,0,0
-1896,-95,639,-2758,2142,-1287,0,0
-2316,-239,578,-2652,2391,-983,0,0
-2158,-481,556,-2540,2626,-887,0,0
-1796,-536,413,-2521,2670,-732,0,0
-1537,-478,190,-2494,2790,-615,0,0
-965,-449,-51,-2516,2840,-543,0,0
-430,-422,-260,-2538,2709,-587,0,0
23,-382,-378,-2640,2915,-451,0,0
392,-385,-347,-2687,2804,-389,0,0
280,-394,-373,-2640,2865,-397,0,0
711,-367,-450,-2742,3044,-512,0,0
1263,-355,-522,-2906,2782,-770,0,0
1557,-337,-634,-2990,2825,-815,0,0
1698,-340,-575,-3079,2644,-787,0,0
1806,-406,-444,-3167,2298,-1068,0,0
1427,-340,-439,-3157,2269,-1138,0,0
995,-300,-586,-3100,2517,-1018,0,0
1360,-337,-684,-3137,2649,-965,0,0
2246,-431,-601,-3230,2439,-1160,0,0
2551,-475,-411,-3273,1941,-1571,0,0
1880,-395,-302,-3313,1674,-1630,0,0
1126,-339,-320,-3448,1653,-1862,0,0
588,-242,-287,-3543,1616,-1795,0,0
596,-189,-203,-3585,1431,-1867,0,0
324,-100,-145,-3607,1205,-1879,0,0
-171,-14,-142,-3590,1250,-1725,0,0
-171,-10,-122,-3581,1237,-1816,0,0
-73,1,-95,-3615,1173,-1861,0,0
-123,49,-75,-3668,1211,-1746,0,0
-92,83,-59,-3624,1090,-1637,0,0
-18,76,-28,-3667,1356,-1510,0,0
674,-36,62,-3750,1442,-1819,0,0
1035,-16,221,-3712,1114,-1736,0,0
318,34,257,-3469,1107,-1772,0,0
-312,98,215,-3294,1359,-1723,0,0
-404,166,169,-3267,1289,-1616,0,0
-506,151,52,-3317,1286,-1661,0,0
-476,91,-65,-3448,1374,-1801,0,0
-401,87,-104,-3490,1349,-1852,0,0
-387,119,-94,-3529,1323,-1830,0,0
-397,137,-131,-3540,1315,-1793,0,0
-453,139,-180,-3558,1312,-1674,0,0
-584,123,-208,-3532,1385,-1733,0,0
-590,120,-193,-3558,1450,-1669,0,0
-417,82,-144,-3556,1415,-1640,0,0
-293,58,-109,-3530,1324,-1583,0,0
-343,49,-113,-3518,1381,-1525,0,0
-270,34,-118,-3552,1414,-1492,0,0
-201,21,-116,-3557,1387,-1480,0,0
-191,19,-118,-3560,1390,-1511,0,0
-258,36,-120,-3621,1397,-1503,0,0
-301,40,-111,-3561,1392,-1481,0,0
-262,15,-85,-3557,1417,-1463,0,0
-200,-8,-88,-3599,1491,-1491,0,0
-107,-17,-85,-3619,1509,-1476,0,0
-56,-36,-57,-3595,1507,-1427,0,0
56,-72,-45,-3640,1484,-1410,0,0
160,-101,-54,-3763,1451,-1451,0,0
182,-112,-43,-3707,1422,-1426,0,0
269,-126,-9,-3535,1316,-1381,0,0
338,-132,19,-3480,1178,-1351,0,0
253,-118,2,-3529,1133,-1383,0,0
102,-81,-33,-3562,1172,-1359,0,0
49,-60,-26,-3613,1166,-1346,0,0
-33,-32,-28,-3789,1165,-1391,0,0
-147,-10,-57,-3883,1273,-1468,0,0
-182,6,-35,-3821,1324,-1485,0,0
-134,-8,-2,-3632,1297,-1428,0,0
21,-48,-35,-3527,1246,-1417,0,0
103,-50,-103,-3585,1282,-1401,0,0
109,1,-95,-3666,1306,-1268,0,0
86,46,-29,-3820,1162,-1212,0,0
-111,56,-15,-3897,1142,-1287,0,0
-219,40,7,-3726,1142,-1425,0,0
-136,38,33,-3627,999,-1586,0,0
-230,47,-27,-3677,1064,-1490,0,0
-317,26,-119,-3686,1323,-1359,0,0
-250,-1,-118,-3675,1436,-1414,0,0
-175,-3,-64,-3659,1398,-1456,0,0
-133,7,-30,-3653,1336,-1426,0,0
-91,8,-33,-3647,1274,-1430,0,0
-80,3,-35,-3649,1252,-1422,0,0
-80,1,-41,-3698,1290,-1426,0,0
-47,-5,-36,-3672,1299,-1384,0,0
-3,-14,-21,-3653,1258,-1375,0,0
-2,-15,-17,-3680,1265,-1402,0,0
-7,-10,-11,-3655,1280,-1406,0,0
31,-17,3,-3646,1243,-1357,0,0
50,-25,-1,-3709,1229,-1353,0,0
43,-23,-1,-3729,1230,-1376,0,0
26,-16,17,-3687,1207,-1365,0,0
25,-21,20,-3660,1214,-1330,0,0
36,-19,11,-3705,1250,-1329,0,0
60,-19,16,-3727,1218,-1342,0,0
52,-17,21,-3745,1170,-1347,0,0
14,-6,15,-3742,1205,-1347,0,0
17,-4,16,-3731,1210,-1324,0,0
18,-5,18,-3744,1204,-1327,0,0
19,-6,21,-3741,1194,-1342,0,0
16,-5,23,-3728,1169,-1342,0,0
0,-3,13,-3760,1196,-1326,0,0
1,-6,5,-3774,1219,-1310,0,0
4,-10,18,-3724,1149,-1313,0,0
-25,-6,16,-3705,1109,-1322,0,0
-48,-11,-14,-3748,1176,-1303,0,0
-21,-32,-22,-3780,1168,-1230,0,0
29,-73,-39,-3738,1128,-1297,0,0
53,-95,-64,-3625,1126,-1302,0,0
34,-105,-85,-3658,1204,-1260,0,0
100,-137,-111,-3698,1247,-1250,0,0
192,-172,-107,-3699,1198,-1093,0,0
226,-229,-79,-3755,1113,-1051,0,0
215,-299,-49,-3820,1053,-1055,0,0
225,-379,-29,-3921,1032,-1048,0,0
297,-419,-32,-4169,1037,-1155,0,0
247,-350,-44,-4192,1038,-1384,0,0
-38,-179,6,-3870,993,-1359,0,0
-209,-105,67,-3604,1014,-885,0,0
-60,-165,35,-3682,1028,-773,0,0
77,-198,-43,-3841,994,-944,0,0
38,-171,-104,-4020,1005,-1201,0,0
-64,-89,-96,-4080,1069,-1174,0,0
-36,-11,-17,-4003,1024,-1025,0,0
-41,66,33,-3931,928,-986,0,0
-187,139,10,-3879,963,-989,0,0
-263,190,-13,-3878,1022,-953,0,0
-247,207,-7,-3925,940,-908,0,0
-297,199,2,-3968,896,-919,0,0
-322,173,-18,-3938,927,-1025,0,0
-308,161,-43,-3873,1001,-1077,0,0
-289,169,-52,-3871,1053,-1054,0,0
-358,183,-45,-3904,1088,-981,0,0
-387,164,-32,-3871,1131,-1004,0,0
-285,123,-18,-3874,1082,-1111,0,0
-216,92,-36,-3849,1091,-1166,0,0
-155,70,-45,-3803,1143,-1100,0,0
-74,47,-23,-3845,1120,-1020,0,0
-51,30,-8,-3883,1068,-1053,0,0
-52,20,-9,-3873,1017,-1121,0,0
-46,18,-17,-3856,1011,-1122,0,0
-56,32,-24,-3884,1077,-1110,0,0
-72,56,-20,-3899,1085,-1050,0,0
-73,68,-5,-3891,1023,-1054,0,0
-88,94,0,-3926,936,-1108,0,0
-185,133,-16,-3897,902,-1085,0,0
-281,146,-28,-3861,936,-1041,0,0
-331,144,-32,-3831,975,-996,0,0
-302,108,-56,-3738,997,-954,0,0
-194,61,-80,-3713,995,-985,0,0
-178,47,-122,-3898,1013,-1120,0,0
-291,66,-175,-3870,1062,-1076,0,0
-350,65,-171,-3818,1095,-985,0,0
-403,86,-152,-3851,1172,-1119,0,0
-575,178,-140,-3879,1253,-1198,0,0
-987,302,-75,-3817,1396,-1166,0,0
-1211,360,32,-3659,1489,-1090,0,0
-1005,316,81,-3484,1446,-1083,0,0
-695,237,65,-3542,1434,-1044,0,0
-364,157,-17,-3733,1374,-1061,0,0
-223,104,-87,-4014,1327,-1055,0,0
-181,51,-124,-4251,1291,-1057,0,0
-149,-35,-81,-3769,1159,-948,0,0
-22,-135,77,-3382,1071,-992,0,0
143,-149,96,-3573,1133,-1182,0,0
-73,-38,-43,-3913,1373,-1169,0,0
-369,69,-125,-3994,1475,-1042,0,0
-452,84,-76,-3895,1405,-979,0,0
-343,27,15,-3777,1356,-992,0,0
-87,-51,67,-3716,1376,-988,0,0
157,-97,58,-3692,1341,-972,0,0
201,-87,11,-3715,1310,-935,0,0
128,-42,-31,-3863,1284,-948,0,0
-37,14,-38,-4005,1325,-998,0,0
-255,74,21,-3936,1376,-977,0,0
-356,92,99,-3846,1408,-934,0,0
-280,78,115,-3805,1441,-962,0,0
-175,63,92,-3744,1478,-949,0,0
-49,35,88,-3709,1475,-886,0,0
66,-5,104,-3699,1442,-878,0,0
133,-36,105,-3732,1447,-928,0,0
220,-63,85,-3769,1411,-962,0,0
262,-72,67,-3773,1345,-960,0,0
224,-66,59,-3809,1337,-963,0,0
182,-59,43,-3783,1342,-973,0,0
156,-48,27,-3777,1348,-997,0,0
133,-37,14,-3750,1344,-984,0,0
133,-40,-3,-3749,1335,-981,0,0
110,-38,-11,-3743,1341,-994,0,0
94,-38,-10,-3745,1340,-1003,0,0
92,-38,-13,-3767,1360,-1024,0,0
103,-30,-15,-3797,1382,-1021,0,0
135,-20,3,-3801,1315,-1009,0,0
103,-2,31,-3791,1203,-1024,0,0
-23,28,29,-3737,1190,-1067,0,0
-167,58,0,-3674,1326,-1040,0,0
-204,66,-10,-3732,1420,-1010,0,0
-173,50,-15,-3817,1441,-1053,0,0
-115,25,-24,-3765,1446,-1066,0,0
41,5,-14,-3753,1404,-1031,0,0
119,4,-4,-3779,1339,-997,0,0
81,13,-8,-3773,1306,-1050,0,0
-4,35,1,-3701,1315,-1057,0,0
-83,42,15,-3705,1375,-1043,0,0
-97,43,15,-3761,1439,-1016,0,0
-67,45,18,-3771,1425,-989,0,0
-17,21,30,-3793,1388,-1008,0,0
21,7,23,-3783,1391,-1049,0,0
-23,13,23,-3743,1438,-1019,0,0
-5,6,38,-3676,1433,-1014,0,0
-3,1,47,-3698,1444,-1029,0,0
8,-14,43,-3768,1471,-1023,0,0
82,-28,48,-3753,1442,-1041,0,0
127,-36,57,-3722,1364,-1042,0,0
112,-39,46,-3727,1338,-1028,0,0
67,-37,34,-3734,1337,-1026,0,0
15,-28,31,-3734,1386,-1049,0,0
-6,-18,42,-3726,1401,-1038,0,0
-30,-11,48,-3694,1385,-1026,0,0
-42,-15,14,-3711,1475,-1043,0,0
24,-22,12,-3759,1508,-1008,0,0
108,-33,52,-3810,1441,-996,0,0
97,-29,76,-3836,1354,-1002,0,0
0,-9,71,-3815,1359,-1034,0,0
-74,3,64,-3756,1408,-1021,0,0
-84,-18,50,-3656,1478,-992,0,0
4,-63,23,-3604,1528,-1012,0,0
128,-95,1,-3653,1516,-995,0,0
218,-116,-12,-3739,1465,-992,0,0
225,-107,-5,-3791,1396,-1014,0,0
182,-81,4,-3781,1314,-1037,0,0
95,-50,1,-3807,1295,-1027,0,0
-5,-18,-14,-3765,1326,-1001,0,0
-78,-1,-18,-3707,1399,-1020,0,0
-58,5,-10,-3718,1428,-1022,0,0
-13,10,-8,-3761,1399,-1011,0,0
-22,26,-7,-3756,1324,-1040,0,0
-105,53,-9,-3749,1328,-1041,0,0
-170,77,-21,-3773,1435,-1026,0,0
-144,79,-25,-3740,1468,-1050,0,0
-99,80,-9,-3719,1428,-1038,0,0
-95,80,-11,-3695,1399,-1039,0,0
-111,78,-13,-3705,1409,-1048,0,0
-117,77,-14,-3716,1448,-1040,0,0
-73,63,-9,-3722,1433,-1036,0,0
-36,42,-14,-3746,1409,-1023,0,0
-37,32,-28,-3735,1435,-1021,0,0
-48,30,-19,-3714,1417,-1013,0,0
-79,26,-5,-3715,1423,-1047,0,0
-89,25,-8,-3740,1472,-1057,0,0
-60,21,-5,-3716,1457,-1031,0,0
-28,5,2,-3730,1422,-1026,0,0
-30,-1,-10,-3756,1411,-1039,0,0
-72,0,-9,-3697,1417,-1045,0,0
-97,4,4,-3709,1464,-1045,0,0
-53,-2,-2,-3718,1480,-1021,0,0
-12,-10,3,-3721,1411,-1025,0,0
-55,-2,14,-3722,1403,-1036,0,0
-73,3,-2,-3745,1441,-1043,0,0
-62,1,-17,-3759,1500,-1015,0,0
-2,-22,5,-3758,1472,-1007,0,0
25,-33,19,-3719,1408,-1027,0,0
5,-31,4,-3709,1417,-1014,0,0
5,-32,-6,-3737,1440,-1028,0,0
13,-34,2,-3726,1447,-1029,0,0
37,-35,14,-3727,1403,-1009,0,0
34,-37,-4,-3779,1410,-1004,0,0
28,-35,-17,-3761,1458,-1029,0,0
43,-30,7,-3722,1419,-998,0,0
46,-30,10,-3733,1397,-989,0,0
15,-18,0,-3738,1423,-983,0,0
-17,-7,17,-3716,1454,-977,0,0
6,-10,27,-3716,1439,-978,0,0
17,-7,23,-3729,1388,-960,0,0
-2,-9,12,-3750,1377,-980,0,0
-41,-1,7,-3746,1397,-986,0,0
-71,11,11,-3729,1413,-959,0,0
-52,14,8,-3737,1405,-961,0,0
-28,17,-2,-3741,1356,-962,0,0
-100,28,-9,-3777,1398,-958,0,0
-136,39,-10,-3773,1442,-990,0,0
-154,58,2,-3732,1432,-978,0,0
-210,80,12,-3740,1451,-966,0,0
-208,85,3,-3770,1484,-974,0,0
-154,74,4,-3751,1474,-957,0,0
-95,54,8,-3730,1428,-957,0,0
-72,46,-5,-3744,1421,-969,0,0
-94,53,-21,-3749,1452,-983,0,0
-111,53,-17,-3732,1476,-979,0,0
-81,48,-9,-3738,1463,-991,0,0
-69,46,-8,-3748,1446,-994,0,0
-67,40,-11,-3747,1435,-998,0,0
-78,28,-11,-3711,1442,-1000,0,0
-84,18,-16,-3688,1499,-989,0,0
-53,1,-18,-3664,1539,-988,0,0
11,-15,-2,-3689,1497,-1004,0,0
36,-17,0,-3714,1457,-994,0,0
41,-13,-12,-3750,1426,-995,0,0
-7,-2,-14,-3788,1468,-982,0,0
-29,4,-5,-3789,1528,-982,0,0
12,-3,12,-3723,1502,-978,0,0
55,-12,13,-3695,1448,-980,0,0
63,-16,-8,-3741,1444,-998,0,0
63,-16,-19,-3748,1451,-1012,0,0
41,-15,-3,-3704,1428,-978,0,0
10,-18,8,-3688,1426,-978,0,0
2,-20,-7,-3704,1454,-1000,0,0
19,-31,-10,-3747,1480,-999,0,0
61,-34,1,-3756,1446,-999,0,0
70,-32,8,-3728,1383,-1017,0,0
10,-12,-1,-3732,1386,-997,0,0
-33,-1,-15,-3764,1457,-996,0,0
-11,3,-4,-3768,1463,-993,0,0
28,2,-10,-3756,1413,-1005,0,0
25,1,-10,-3738,1369,-991,0,0
-8,2,-19,-3713,1360,-988,0,0
-47,0,-23,-3694,1372,-999,0,0
-72,-2,-27,-3676,1410,-1010,0,0
-66,-7,-32,-3749,1458,-1002,0,0
-3,-20,-40,-3803,1507,-1053,0,0
96,-16,-24,-3762,1421,-1014,0,0
63,13,0,-3789,1278,-975,0,0
-77,45,-24,-3795,1307,-1024,0,0
-155,69,-39,-3717,1393,-1022,0,0
-145,73,-26,-3708,1438,-994,0,0
-81,52,-32,-3750,1472,-990,0,0
-5,36,-5,-3763,1387,-999,0,0
-14,38,8,-3761,1346,-1023,0,0
-50,48,3,-3767,1379,-1027,0,0
-58,52,0,-3750,1401,-1026,0,0
-32,43,1,-3733,1405,-1029,0,0
-6,34,1,-3747,1424,-1031,0,0
34,22,6,-3747,1452,-1040,0,0
103,13,13,-3747,1424,-1067,0,0
119,16,26,-3753,1351,-1031,0,0
83,-7,41,-3816,1395,-1032,0,0
108,-31,49,-3768,1381,-1064,0,0
117,-32,62,-3690,1311,-1074,0,0
104,-31,37,-3723,1324,-1099,0,0
62,-28,5,-3703,1402,-1079,0,0
62,-41,29,-3644,1428,-1073,0,0
103,-65,57,-3687,1317,-1025,0,0
74,-96,12,-3843,1320,-1101,0,0
114,-116,-62,-3806,1504,-1140,0,0
270,-112,-27,-3755,1419,-1005,0,0
295,-102,39,-3766,1169,-979,0,0
112,-64,9,-3764,1106,-1105,0,0
-103,-4,-39,-3784,1282,-1097,0,0
-129,7,-33,-3766,1439,-1062,0,0
-22,-4,-7,-3729,1416,-1049,0,0
43,-5,-4,-3771,1313,-1038,0,0
-2,3,-7,-3771,1288,-1081,0,0
-76,25,9,-3750,1323,-1075,0,0
-86,36,14,-3725,1340,-1040,0,0
-108,47,20,-3748,1353,-1039,0,0
-121,57,31,-3765,1361,-1088,0,0
-115,61,37,-3771,1351,-1071,0,0
-138,70,32,-3762,1366,-1045,0,0
-162,69,25,-3747,1419,-1055,0,0
-114,53,31,-3736,1429,-1050,0,0
-37,31,28,-3735,1381,-1047,0,0
-21,12,11,-3735,1378,-1055,0,0
-4,-1,-1,-3739,1415,-1063,0,0
47,-20,0,-3738,1418,-1043,0,0
73,-30,3,-3758,1382,-1050,0,0
62,-31,5,-3718,1338,-1088,0,0
21,-19,5,-3737,1343,-1073,0,0
8,-26,-10,-3751,1418,-1064,0,0
48,-23,5,-3742,1378,-1059,0,0
33,-14,23,-3732,1320,-1078,0,0
-11,-3,2,-3730,1383,-1085,0,0
19,-5,-2,-3743,1407,-1057,0,0
58,-13,9,-3747,1358,-1058,0,0
31,-10,9,-3740,1347,-1073,0,0
10,-5,7,-3743,1354,-1064,0,0
-5,0,8,-3769,1378,-1059,0,0
-8,0,13,-3762,1384,-1074,0,0
-3,-1,22,-3743,1365,-1054,0,0
-4,-4,13,-3765,1380,-1049,0,0
13,-16,6,-3732,1375,-1074,0,0
17,-17,13,-3742,1371,-1063,0,0
22,-17,5,-3783,1390,-1045,0,0
46,-24,8,-3796,1364,-1043,0,0
30,-23,21,-3759,1349,-1052,0,0
14,-21,14,-3746,1372,-1069,0,0
41,-25,3,-3751,1378,-1063,0,0
61,-35,6,-3746,1386,-1045,0,0
98,-48,10,-3738,1325,-1055,0,0
78,-47,-5,-3741,1313,-1053,0,0
51,-43,-14,-3737,1325,-1057,0,0
34,-37,-13,-3729,1296,-1065,0,0
-27,-25,-17,-3728,1298,-1070,0,0
-68,-14,-28,-3750,1382,-1087,0,0
-22,-12,-24,-3759,1402,-1041,0,0
2,-5,6,-3776,1316,-1039,0,0
-76,17,9,-3774,1322,-1093,0,0
-114,29,7,-3766,1428,-1044,0,0
-15,13,18,-3758,1409,-1013,0,0
53,-2,18,-3765,1340,-1047,0,0
29,-2,13,-3768,1332,-1040,0,0
17,-2,9,-3752,1351,-1032,0,0
27,-5,9,-3758,1358,-1035,0,0
39,-7,12,-3772,1335,-1056,0,0
20,-13,10,-3750,1339,-1060,0,0
5,1,13,-3744,1364,-1035,0,0
11,3,21,-3767,1353,-1039,0,0
17,2,15,-3798,1345,-1053,0,0
27,-3,13,-3761,1322,-1055,0,0
-5,5,23,-3753,1328,-1056,0,0
-7,5,10,-3754,1353,-1055,0,0
0,5,13,-3766,1354,-1053,0,0
-18,13,26,-3763,1352,-1074,0,0
-19,21,23,-3747,1358,-1057,0,0
-29,26,20,-3747,1352,-1048,0,0
-33,17,14,-3753,1385,-1084,0,0
11,7,13,-3752,1406,-1052,0,0
49,-2,25,-3743,1337,-1053,0,0
13,4,21,-3748,1307,-1090,0,0
-30,10,12,-3730,1360,-1065,0,0
-23,4,16,-3730,1400,-1047,0,0
14,-3,11,-3775,1392,-1065,0,0
53,-12,10,-3772,1313,-1081,0,0
0,1,14,-3773,1303,-1059,0,0
-41,9,-4,-3752,1359,-1062,0,0
-30,7,0,-3747,1354,-1056,0,0
-36,11,4,-3750,1339,-1070,0,0
-43,12,-11,-3747,1372,-1087,0,0
-14,11,-11,-3767,1369,-1053,0,0
-13,4,-6,-3748,1343,-1066,0,0
-39,4,-5,-3718,1376,-1102,0,0
-10,-2,-1,-3732,1411,-1078,0,0
22,-14,14,-3726,1400,-1062,0,0
67,-37,22,-3740,1359,-1079,0,0
99,-56,1,-3773,1365,-1063,0,0
138,-76,-9,-3756,1349,-1046,0,0
158,-83,5,-3769,1283,-1083,0,0
101,-63,-3,-3806,1287,-1104,0,0
43,-50,-28,-3747,1314,-1062,0,0
39,-57,-19,-3750,1315,-1029,0,0
52,-59,-19,-3777,1287,-1064,0,0
17,-53,-28,-3759,1284,-1060,0,0
-2,-54,-26,-3773,1311,-1054,0,0
39,-59,-26,-3781,1273,-1078,0,0
43,-56,-37,-3790,1241,-1077,0,0
20,-50,-47,-3813,1262,-1086,0,0
0,-39,-46,-3811,1289,-1073,0,0
-1,-34,-34,-3785,1288,-1051,0,0
-1,-34,-27,-3806,1313,-1059,0,0
31,-38,-17,-3790,1288,-1047,0,0
47,-46,1,-3784,1236,-1053,0,0
-6,-35,-4,-3784,1278,-1054,0,0
3,-41,-8,-3766,1336,-1042,0,0
64,-52,21,-3779,1316,-1017,0,0
93,-56,33,-3783,1262,-1029,0,0
95,-54,37,-3771,1231,-998,0,0
99,-57,31,-3791,1197,-1002,0,0
5,-46,30,-3766,1272,-995,0,0
21,-46,60,-3789,1259,-993,0,0
10,-30,54,-3876,1254,-1007,0,0
-48,-4,34,-3855,1315,-985,0,0
-21,-10,49,-3800,1285,-958,0,0
9,-23,49,-3834,1279,-962,0,0
35,-23,35,-3863,1292,-969,0,0
34,-14,35,-3829,1247,-943,0,0
-9,7,28,-3761,1227,-920,0,0
-24,4,-3,-3671,1200,-919,0,0
-114,5,-32,-3813,1371,-857,0,0
-95,-6,-21,-3935,1467,-903,0,0
-19,-8,26,-3893,1301,-942,0,0
-103,4,45,-3834,1241,-940,0,0
-210,22,43,-3715,1346,-897,0,0
-183,29,30,-3702,1400,-887,0,0
-182,28,5,-3760,1465,-864,0,0
-184,19,47,-3803,1523,-885,0,0
-74,10,79,-3829,1405,-915,0,0
-98,22,57,-3808,1402,-811,0,0
-106,21,47,-3815,1430,-810,0,0
-90,22,30,-3813,1392,-866,0,0
-104,25,13,-3803,1418,-862,0,0
-115,45,15,-3755,1424,-875,0,0
-133,77,-3,-3725,1427,-892,0,0
-167,113,-29,-3742,1442,-917,0,0
-229,156,-51,-3777,1495,-932,0,0
-221,178,-71,-3769,1512,-906,0,0
-165,199,-119,-3862,1557,-928,0,0
-108,243,-182,-3827,1515,-1005,0,0
-143,290,-146,-3750,1327,-909,0,0
-228,287,-137,-3818,1293,-949,0,0
-203,249,-240,-3783,1232,-972,0,0
-234,192,-308,-3720,1309,-958,0,0
-232,124,-309,-3723,1474,-918,0,0
-192,63,-278,-3664,1549,-915,0,0
-210,30,-207,-3637,1607,-997,0,0
-106,14,-125,-3743,1549,-1091,0,0
60,-14,-86,-3840,1329,-1054,0,0
177,-63,-71,-3861,1098,-1064,0,0
264,-94,-83,-3880,938,-1131,0,0
243,-87,-107,-3923,812,-1151,0,0
122,-76,-118,-3927,796,-1171,0,0
98,-85,-117,-3932,830,-1178,0,0
202,-111,-81,-3897,742,-1161,0,0
344,-133,-36,-3921,606,-1219,0,0
333,-107,-18,-3910,502,-1227,0,0
118,-62,-1,-3937,470,-1197,0,0
-71,-37,-17,-3939,556,-1242,0,0
-114,-21,-43,-3939,729,-1250,0,0
-1,-15,-15,-3939,763,-1164,0,0
114,-24,17,-3955,673,-1125,0,0
67,-20,18,-3951,670,-1154,0,0
17,-11,16,-3954,768,-1193,0,0
80,-8,27,-3948,810,-1141,0,0
118,-11,57,-3938,777,-1075,0,0
92,-5,68,-3882,785,-1114,0,0
38,6,68,-3858,848,-1079,0,0
16,7,64,-3885,923,-1040,0,0
39,-8,46,-3850,980,-1031,0,0
48,-19,50,-3874,1010,-1054,0,0
15,-22,62,-3902,1026,-1030,0,0
-93,-36,77,-3972,1087,-1019,0,0
-181,-70,79,-3942,1250,-1019,0,0
-35,-117,82,-3807,1396,-970,0,0
350,-171,102,-3798,1355,-895,0,0
551,-198,112,-3890,1082,-892,0,0
426,-170,114,-3880,909,-936,0,0
250,-124,95,-3898,804,-941,0,0
-38,-81,56,-3915,874,-904,0,0
-198,-77,-4,-3857,1075,-917,0,0
-138,-114,-46,-3890,1255,-861,0,0
24,-159,-30,-3967,1339,-842,0,0
172,-180,27,-3958,1280,-867,0,0
254,-176,70,-3862,1125,-837,0,0
164,-139,102,-3914,1123,-719,0,0
129,-108,122,-3981,1094,-708,0,0
68,-72,127,-3966,960,-686,0,0
-133,-33,96,-3996,1000,-694,0,0
-240,-17,43,-3997,1083,-748,0,0
-217,-30,34,-3955,1125,-804,0,0
-70,-54,21,-3936,1122,-897,0,0
-10,-53,2,-3896,1182,-849,0,0
66,-52,21,-3835,1178,-863,0,0
88,-4,26,-3880,1083,-1047,0,0
41,78,10,-3985,970,-803,0,0
-16,93,12,-3890,741,-610,0,0
-361,98,-53,-3872,993,-738,0,0
-521,103,-141,-3972,1446,-820,0,0
-145,66,-51,-3959,1355,-703,0,0
196,12,59,-4028,888,-840,0,0
-47,54,-4,-3949,797,-950,0,0
-330,108,-95,-3857,1130,-803,0,0
-244,90,-91,-3845,1314,-739,0,0
-64,61,-44,-3886,1215,-820,0,0
57,44,-9,-3952,1019,-881,0,0
56,42,12,-3940,902,-859,0,0
-99,67,-14,-3999,979,-792,0,0
-206,76,-34,-3944,1048,-809,0,0
-231,72,-40,-3846,1160,-889,0,0
-101,61,-32,-3847,1225,-824,0,0
30,45,-10,-3884,1156,-807,0,0
24,46,9,-3882,1064,-928,0,0
-80,67,11,-3908,1191,-922,0,0
16,42,22,-3913,1258,-845,0,0
222,-20,34,-3837,1208,-852,0,0
392,-69,56,-3854,1109,-855,0,0
432,-82,78,-3940,1029,-872,0,0
377,-66,86,-3926,1017,-866,0,0
278,-25,102,-4027,955,-738,0,0
132,-14,120,-4046,757,-819,0,0
-79,-1,69,-3936,695,-1057,0,0
-355,69,-22,-3851,1000,-938,0,0
-475,80,-45,-3847,1292,-810,0,0
-363,26,-16,-3827,1397,-974,0,0
-123,1,22,-3800,1374,-999,0,0
179,-48,58,-3895,1217,-928,0,0
280,-87,58,-3901,1058,-974,0,0
217,-80,36,-3852,992,-967,0,0
138,-76,8,-3865,1146,-943,0,0
189,-82,-4,-3877,1219,-890,0,0
264,-87,11,-3890,1180,-848,0,0
256,-75,37,-3928,1104,-849,0,0
182,-55,42,-3944,1001,-860,0,0
24,-31,32,-3927,1046,-880,0,0
-41,-24,31,-3863,1152,-901,0,0
31,-25,53,-3848,1128,-947,0,0
102,-27,48,-3905,1086,-966,0,0
135,3,18,-3979,1017,-895,0,0
59,13,-7,-3981,1025,-890,0,0
46,-3,-24,-3913,1052,-929,0,0
123,-20,-38,-3859,1067,-893,0,0
175,-38,-53,-3879,1109,-864,0,0
200,-53,-58,-3896,1085,-886,0,0
180,-62,-41,-3863,1085,-909,0,0
182,-58,0,-3911,1064,-890,0,0
174,-57,12,-3967,1007,-849,0,0
105,-66,20,-3908,1017,-860,0,0
135,-79,43,-3848,978,-892,0,0
128,-67,57,-3864,983,-895,0,0
101,-39,52,-3915,997,-829,0,0
32,-9,30,-3968,994,-791,0,0
-68,11,3,-3959,1014,-871,0,0
-139,32,-22,-4048,1127,-948,0,0
-69,34,-18,-3952,1144,-929,0,0
44,26,10,-3907,1066,-869,0,0
78,27,27,-3916,919,-832,0,0
36,36,-6,-3892,824,-949,0,0
-147,74,-47,-3930,1031,-948,0,0
-114,76,-6,-3952,1049,-867,0,0
-33,52,30,-3887,798,-933,0,0
-246,70,-1,-3915,830,-938,0,0
-388,72,-25,-3866,1024,-967,0,0
-370,58,-13,-3837,1172,-988,0,0
-256,38,-4,-3842,1278,-966,0,0
-65,11,11,-3915,1235,-946,0,0
46,-4,27,-3983,1146,-994,0,0
97,-13,29,-3957,1044,-955,0,0
58,-16,33,-3858,1025,-912,0,0
15,-20,20,-3819,1113,-918,0,0
68,-29,16,-3870,1137,-913,0,0
128,-37,32,-3929,1039,-929,0,0
87,-30,31,-3928,991,-926,0,0
2,-28,20,-3903,1070,-910,0,0
9,-18,17,-3894,1111,-906,0,0
33,-24,23,-3879,1099,-905,0,0
47,-30,30,-3887,1075,-900,0,0
43,-24,29,-3923,1023,-905,0,0
-17,-14,20,-3918,1010,-904,0,0
-78,-5,17,-3895,1061,-904,0,0
-82,4,5,-3885,1145,-913,0,0
-37,3,6,-3899,1155,-907,0,0
11,2,16,-3902,1083,-920,0,0
-5,8,15,-3909,1056,-897,0,0
-44,12,13,-3916,1067,-904,0,0
-70,14,11,-3886,1083,-897,0,0
-78,15,6,-3867,1094,-900,0,0
-56,7,-6,-3842,1107,-916,0,0
-32,6,-20,-3889,1133,-908,0,0
-22,7,-17,-3932,1116,-911,0,0
-36,11,0,-3921,1071,-943,0,0
-103,32,8,-3892,1092,-914,0,0
-120,34,6,-3880,1136,-917,0,0
-100,34,16,-3876,1155,-928,0,0
-75,39,24,-3877,1144,-915,0,0
-71,43,25,-3882,1118,-926,0,0
-74,46,21,-3884,1121,-925,0,0
-65,45,17,-3895,1132,-920,0,0
-53,42,18,-3866,1139,-919,0,0
-36,38,13,-3858,1124,-923,0,0
-35,37,6,-3883,1132,-922,0,0
-37,36,1,-3882,1121,-943,0,0
-43,35,8,-3882,1120,-936,0,0
-36,30,2,-3880,1137,-940,0,0
-37,30,-5,-3851,1157,-965,0,0
-46,32,5,-3857,1210,-939,0,0
31,18,8,-3866,1158,-951,0,0
29,22,16,-3858,1110,-962,0,0
-1,32,21,-3863,1120,-969,0,0
-22,40,19,-3868,1118,-959,0,0
-60,47,17,-3866,1156,-970,0,0
-59,42,21,-3847,1203,-986,0,0
-5,30,31,-3834,1187,-980,0,0
23,25,36,-3880,1139,-961,0,0
19,19,26,-3885,1085,-992,0,0
-36,20,12,-3839,1111,-1000,0,0
-63,22,-2,-3853,1206,-999,0,0
-26,17,-4,-3852,1225,-1014,0,0
29,11,7,-3834,1137,-1043,0,0
-27,24,2,-3848,1121,-1027,0,0
-81,25,-9,-3817,1192,-1023,0,0
-54,14,-4,-3768,1225,-1013,0,0
-14,4,-1,-3807,1232,-1017,0,0
22,-2,-5,-3852,1199,-1027,0,0
15,1,-1,-3855,1143,-1025,0,0
-47,5,6,-3840,1165,-1029,0,0
-82,10,14,-3813,1236,-1032,0,0
-48,10,27,-3811,1239,-1016,0,0
4,4,34,-3824,1167,-1018,0,0
-7,9,28,-3834,1134,-1019,0,0
-28,14,14,-3860,1139,-1007,0,0
-51,14,3,-3859,1174,-1008,0,0
-59,19,2,-3850,1183,-1022,0,0
-64,26,0,-3796,1140,-1012,0,0
-100,25,-3,-3802,1189,-1004,0,0
-99,30,-1,-3821,1223,-1024,0,0
-70,29,4,-3833,1204,-1015,0,0
-67,30,-3,-3849,1211,-1006,0,0
-69,30,-1,-3827,1194,-1021,0,0
-73,28,4,-3820,1188,-1015,0,0
-74,29,-4,-3825,1204,-1010,0,0
-74,32,-7,-3829,1203,-1025,0,0
-83,30,-3,-3817,1209,-1028,0,0
-75,29,-4,-3822,1210,-1020,0,0
-70,28,-11,-3828,1223,-1015,0,0
-68,24,-6,-3815,1220,-1036,0,0
-86,32,-2,-3818,1214,-1021,0,0
-89,31,-12,-3816,1218,-1019,0,0
-79,28,-9,-3809,1230,-1039,0,0
-70,30,-5,-3819,1247,-1013,0,0
-38,4,-11,-3820,1237,-1035,0,0
42,-31,-22,-3807,1242,-1030,0,0
111,-28,-21,-3826,1204,-977,0,0
66,-6,-6,-3841,1109,-1030,0,0
-63,30,-7,-3780,1052,-1062,0,0
-212,64,-6,-3720,1116,-967,0,0
-270,55,23,-3912,1202,-966,0,0
-256,41,9,-4028,1305,-1058,0,0
-161,29,-15,-3859,1345,-1010,0,0
5,-4,0,-3790,1255,-975,0,0
79,-24,-26,-3750,1148,-1021,0,0
24,-19,-69,-3764,1189,-1020,0,0
2,-20,-69,-3831,1270,-1020,0,0
32,-27,-45,-3838,1280,-1042,0,0
58,-32,-28,-3820,1277,-1012,0,0
132,-48,-26,-3831,1211,-1022,0,0
137,-48,-25,-3822,1180,-1022,0,0
95,-39,0,-3823,1178,-1005,0,0
78,-34,20,-3836,1160,-1013,0,0
38,-31,20,-3827,1179,-1025,0,0
24,-20,29,-3811,1208,-1013,0,0
66,-31,42,-3770,1158,-1004,0,0
40,-31,50,-3797,1153,-993,0,0
-16,-32,45,-3870,1266,-978,0,0
97,-73,35,-3892,1269,-989,0,0
205,-100,45,-3892,1163,-982,0,0
193,-98,41,-3881,1118,-985,0,0
139,-87,32,-3823,1120,-984,0,0
104,-75,26,-3797,1132,-987,0,0
91,-68,20,-3834,1171,-968,0,0
153,-77,15,-3889,1125,-952,0,0
174,-80,-3,-3914,1071,-967,0,0
121,-71,-20,-3901,1089,-962,0,0
98,-68,-19,-3849,1111,-948,0,0
103,-65,-10,-3821,1114,-936,0,0
71,-56,2,-3858,1076,-945,0,0
-17,-31,7,-3921,1081,-983,0,0
-115,-7,-3,-3912,1201,-1005,0,0
-97,-7,8,-3876,1305,-952,0,0
90,-39,26,-3825,1271,-918,0,0
283,-78,18,-3849,1162,-922,0,0
379,-99,-6,-3902,1045,-941,0,0
341,-87,-16,-3913,979,-955,0,0
207,-57,-3,-3923,990,-960,0,0
99,-32,7,-3885,1074,-960,0,0
94,-18,12,-3876,1105,-937,0,0
113,-10,29,-3922,1070,-952,0,0
100,0,35,-3950,1031,-960,0,0
62,11,33,-3909,1001,-959,0,0
-6,28,37,-3881,1019,-968,0,0
-50,40,27,-3868,1078,-965,0,0
-42,40,24,-3877,1104,-975,0,0
-28,42,36,-3866,1083,-975,0,0
-19,38,24,-3878,1085,-992,0,0
-19,36,5,-3880,1118,-990,0,0
-6,30,9,-3870,1114,-984,0,0
9,21,16,-3859,1103,-1001,0,0
30,14,15,-3856,1081,-1007,0,0
32,9,8,-3873,1071,-1011,0,0
28,1,-1,-3872,1079,-997,0,0
51,-14,-3,-3875,1069,-998,0,0
61,-22,-5,-3891,1053,-1018,0,0
27,-12,3,-3866,1047,-1041,0,0
-31,7,13,-3871,1071,-1015,0,0
-44,8,6,-3873,1097,-1015,0,0
-14,0,8,-3866,1103,-1020,0,0
9,-3,16,-3869,1089,-1008,0,0
7,-12,12,-3870,1082,-1027,0,0
0,-3,0,-3871,1093,-1026,0,0
14,-10,1,-3866,1084,-1027,0,0
25,-11,4,-3869,1072,-1035,0,0
10,-4,1,-3880,1077,-1033,0,0
-10,3,-2,-3881,1094,-1040,0,0
-14,8,1,-3854,1088,-1035,0,0
-1,5,1,-3883,1082,-1025,0,0
3,2,-5,-3878,1081,-1028,0,0
4,2,-2,-3855,1065,-1025,0,0
-9,6,-5,-3848,1049,-1011,0,0
-27,8,-13,-3862,1059,-1022,0,0
-55,18,-15,-3880,1102,-1021,0,0
-58,28,-13,-3898,1124,-1021,0,0
-44,34,-9,-3897,1088,-1018,0,0
-63,39,-10,-3869,1059,-1034,0,0
-107,47,-12,-3843,1089,-1033,0,0
-139,57,-9,-3827,1127,-1033,0,0
-175,67,-13,-3798,1193,-1028,0,0
-173,70,8,-3778,1211,-1025,0,0
-164,69,12,-3788,1195,-1017,0,0
-172,68,-1,-3849,1210,-966,0,0
-136,54,-20,-3913,1236,-986,0,0
-55,52,-33,-3951,1189,-1042,0,0
30,52,-71,-3902,1088,-1104,0,0
21,66,-122,-3805,1037,-1130,0,0
-148,118,-159,-3775,1211,-1104,0,0
-178,158,-121,-3832,1331,-1054,0,0
0,164,-12,-3934,1083,-1037,0,0
105,163,37,-3951,711,-1136,0,0
-55,168,5,-3951,518,-1113,0,0
-327,151,-64,-3881,514,-1074,0,0
-615,126,-158,-3829,797,-1152,0,0
-762,103,-226,-3771,1191,-1257,0,0
-600,92,-200,-3791,1405,-1239,0,0
-232,75,-101,-3881,1263,-1192,0,0
-4,65,-17,-3899,887,-1264,0,0
-128,105,-13,-3886,708,-1281,0,0
-401,151,-68,-3868,898,-1225,0,0
-421,147,-86,-3830,1085,-1190,0,0
-280,114,-64,-3806,1114,-1208,0,0
-167,86,-60,-3798,1088,-1230,0,0
-77,75,-56,-3835,1032,-1205,0,0
-19,69,-56,-3854,952,-1220,0,0
-49,78,-51,-3873,873,-1231,0,0
-156,90,-30,-3858,884,-1217,0,0
-231,86,-15,-3799,957,-1227,0,0
-226,70,-24,-3777,991,-1241,0,0
-199,47,-36,-3804,1033,-1233,0,0
-158,19,-44,-3831,1098,-1234,0,0
-62,-18,-38,-3824,1084,-1240,0,0
18,-41,-9,-3861,980,-1259,0,0
16,-46,-11,-3864,946,-1274,0,0
3,-50,-28,-3826,988,-1256,0,0
24,-59,-13,-3806,1028,-1231,0,0
69,-76,19,-3804,979,-1248,0,0
72,-88,29,-3833,989,-1253,0,0
92,-96,32,-3870,978,-1228,0,0
142,-114,47,-3863,934,-1204,0,0
145,-126,59,-3876,885,-1186,0,0
105,-128,56,-3824,838,-1163,0,0
31,-131,27,-3813,926,-1131,0,0
12,-139,-8,-3871,1078,-1128,0,0
85,-150,-2,-3872,1075,-1099,0,0
121,-158,26,-3864,1021,-1070,0,0
93,-169,20,-3826,1042,-1075,0,0
74,-180,-14,-3796,1166,-1080,0,0
152,-193,-22,-3884,1267,-1027,0,0
339,-211,8,-3943,1189,-1014,0,0
438,-209,74,-3920,980,-958,0,0
410,-198,108,-3858,855,-909,0,0
303,-191,66,-3840,918,-903,0,0
235,-193,12,-3884,1133,-886,0,0
342,-220,35,-3927,1241,-859,0,0
517,-248,125,-3942,1130,-858,0,0
591,-240,188,-3968,984,-838,0,0
526,-201,200,-3977,910,-800,0,0
436,-158,195,-4002,856,-827,0,0
304,-120,167,-4035,939,-820,0,0
267,-111,160,-3988,1010,-809,0,0
341,-113,170,-3880,905,-856,0,0
210,-82,156,-3965,1013,-839,0,0
140,-77,162,-3977,1108,-763,0,0
215,-87,208,-3813,981,-693,0,0
95,-71,184,-3870,1064,-738,0,0
-12,-42,83,-4054,1304,-778,0,0
74,-37,15,-4045,1266,-724,0,0
47,-36,32,-3994,1255,-700,0,0
8,-35,90,-3871,1180,-749,0,0
15,-14,91,-3793,1024,-823,0,0
-159,62,36,-3869,1061,-772,0,0
-328,123,-1,-3969,1194,-781,0,0
-296,143,-12,-3931,1138,-849,0,0
-287,153,-41,-3982,1131,-771,0,0
-287,124,-72,-3981,1214,-719,0,0
-210,82,-81,-3905,1182,-746,0,0
-175,52,-109,-3839,1169,-729,0,0
-135,23,-127,-3874,1203,-696,0,0
-66,4,-127,-4040,1168,-714,0,0
-44,-20,-143,-4084,1085,-721,0,0
-34,-50,-147,-3959,985,-718,0,0
-97,-78,-149,-3916,992,-703,0,0
-180,-98,-151,-3924,1100,-734,0,0
-253,-116,-129,-3824,1177,-686,0,0
-215,-173,-92,-3866,1181,-597,0,0
-28,-271,-135,-3994,1221,-693,0,0
222,-316,-200,-3948,1209,-803,0,0
403,-274,-149,-3859,984,-627,0,0
345,-257,-55,-3875,785,-405,0,0
291,-272,-40,-4050,755,-390,0,0
360,-272,-105,-4176,744,-507,0,0
335,-224,-141,-4156,726,-684,0,0
166,-104,-95,-4076,671,-676,0,0
-81,16,-32,-4164,746,-559,0,0
-171,48,-10,-4212,844,-507,0,0
-173,39,0,-4079,1030,-563,0,0
-43,50,48,-4039,1061,-637,0,0
111,84,80,-4065,980,-712,0,0
149,127,89,-4019,857,-643,0,0
92,148,110,-4015,877,-589,0,0
104,148,129,-4039,910,-565,0,0
129,139,121,-3988,960,-669,0,0
104,161,122,-3895,1044,-754,0,0
106,184,183,-3926,1029,-679,0,0
171,170,242,-3961,1013,-757,0,0
164,174,272,-3827,995,-792,0,0
47,178,297,-3849,1127,-796,0,0
118,160,277,-4020,1188,-862,0,0
205,139,247,-4042,1018,-859,0,0
201,83,225,-3868,883,-933,0,0
235,42,175,-3851,886,-978,0,0
185,34,93,-3832,989,-940,0,0
56,36,35,-3836,1134,-917,0,0
101,11,-7,-3836,1183,-951,0,0
251,-24,-53,-3830,1132,-993,0,0
306,-36,-74,-3848,1048,-959,0,0
341,-52,-71,-3849,927,-873,0,0
394,-83,-69,-3856,837,-842,0,0
428,-119,-93,-4002,796,-818,0,0
474,-164,-182,-4302,777,-942,0,0
184,-105,-202,-4038,948,-1221,0,0
-303,23,-13,-3745,1231,-1099,0,0
33,-9,125,-3875,1060,-922,0,0
306,-2,106,-4014,849,-970,0,0
-60,98,68,-3955,806,-827,0,0
-332,118,64,-3931,878,-738,0,0
-268,53,40,-3968,902,-864,0,0
-170,6,-22,-3938,1049,-1110,0,0
-188,52,-32,-3864,1157,-1249,0,0
-270,147,24,-3888,1111,-1081,0,0
-310,176,24,-3854,1043,-866,0,0
-334,144,-7,-3823,1038,-776,0,0
-199,54,-28,-3830,1056,-840,0,0
-87,-9,-38,-3900,1097,-984,0,0
-130,7,-27,-3953,1170,-1059,0,0
-201,32,6,-3884,1213,-1060,0,0
-195,37,42,-3820,1205,-1018,0,0
-149,35,41,-3768,1175,-1003,0,0
-124,33,15,-3820,1199,-1023,0,0
-89,27,3,-3872,1198,-1071,0,0
-23,18,9,-3868,1114,-1106,0,0
19,9,4,-3878,1082,-1067,0,0
10,4,-10,-3883,1130,-1001,0,0
-1,-3,1,-3909,1163,-953,0,0
22,-20,7,-3870,1140,-969,0,0
25,-20,14,-3851,1094,-1024,0,0
-6,-6,10,-3845,1110,-1065,0,0
-23,8,11,-3857,1136,-1054,0,0
4,12,23,-3869,1108,-1013,0,0
37,4,21,-3881,1072,-1021,0,0
23,1,13,-3892,1084,-1005,0,0
20,-4,19,-3866,1097,-999,0,0
34,-12,29,-3860,1066,-986,0,0
25,-15,20,-3874,1051,-966,0,0
2,-20,11,-3870,1076,-953,0,0
7,-31,12,-3860,1073,-974,0,0
12,-36,5,-3900,1077,-990,0,0
1,-36,-5,-3878,1088,-996,0,0
9,-35,-2,-3858,1055,-993,0,0
-10,-26,-9,-3888,1079,-972,0,0
-34,-21,-13,-3917,1143,-970,0,0
-17,-16,1,-3906,1148,-972,0,0
-5,-10,14,-3869,1088,-985,0,0
-20,-4,11,-3881,1052,-977,0,0
-45,4,-2,-3887,1096,-969,0,0
-46,5,0,-3892,1122,-970,0,0
-37,4,6,-3876,1121,-980,0,0
-45,13,14,-3843,1114,-977,0,0
-30,13,18,-3820,1075,-950,0,0
-6,5,4,-3837,1058,-939,0,0
7,-1,-25,-3901,1072,-919,0,0
-1,-12,-42,-3987,1111,-952,0,0
-31,-5,-28,-3988,1120,-1008,0,0
-84,21,-2,-3872,1122,-999,0,0
-96,45,16,-3833,1102,-929,0,0
-96,56,-3,-3835,1064,-863,0,0
-127,48,-23,-3872,1093,-880,0,0
-124,25,-26,-3906,1125,-937,0,0
-113,13,-26,-3901,1156,-1038,0,0
-111,21,-6,-3885,1161,-1052,0,0
-105,33,-7,-3866,1156,-1003,0,0
-111,32,-5,-3838,1188,-922,0,0
-61,11,1,-3822,1207,-956,0,0
-25,3,2,-3863,1201,-982,0,0
1,-13,1,-3874,1183,-986,0,0
48,-28,8,-3873,1113,-1012,0,0
48,-30,4,-3838,1090,-997,0,0
60,-34,-2,-3855,1127,-979,0,0
101,-36,-1,-3872,1098,-947,0,0
116,-35,-5,-3905,1055,-950,0,0
88,-24,-13,-3951,1063,-940,0,0
50,-15,-2,-3915,1093,-943,0,0
50,-6,23,-3840,1084,-950,0,0
48,17,21,-3829,1046,-921,0,0
19,24,6,-3847,1062,-907,0,0
21,12,9,-3827,1054,-991,0,0
-58,20,47,-3883,958,-854,0,0
-125,-63,27,-4054,1043,-928,0,0
-23,-126,-38,-3962,1349,-1332,0,0
56,-25,9,-3819,1345,-1264,0,0
96,72,79,-3851,1065,-929,0,0
5,103,83,-3828,956,-676,0,0
-27,50,58,-3866,932,-674,0,0
72,-54,7,-3959,1010,-909,0,0
-8,-60,-17,-3928,1186,-1225,0,0
-95,14,18,-3866,1249,-1206,0,0
23,40,22,-3893,1125,-1030,0,0
31,54,-4,-3883,1071,-945,0,0
-66,86,23,-3812,1148,-966,0,0
-36,71,50,-3837,1103,-830,0,0
44,7,-32,-3927,1089,-809,0,0
-17,-16,-64,-3865,1227,-1006,0,0
39,-15,-1,-3854,1168,-1153,0,0
48,16,6,-3871,1036,-1141,0,0
-57,61,-26,-3892,1098,-953,0,0
-24,33,-6,-3896,1133,-869,0,0
27,-7,13,-3853,1112,-923,0,0
1,-8,6,-3863,1111,-986,0,0
-37,-4,-6,-3839,1174,-1029,0,0
-12,-13,14,-3774,1180,-1072,0,0
39,-28,28,-3824,1194,-1051,0,0
94,-44,27,-3865,1227,-1070,0,0
146,-45,40,-3811,1156,-1088,0,0
211,-56,40,-3829,1067,-1033,0,0
244,-74,20,-3856,1081,-998,0,0
239,-73,24,-3844,1110,-1006,0,0
206,-58,42,-3837,1072,-955,0,0
185,-55,47,-3853,1060,-938,0,0
178,-58,48,-3917,1080,-1023,0,0
160,-49,57,-3989,1100,-1125,0,0
131,-21,74,-3888,1038,-1101,0,0
101,4,58,-3875,998,-993,0,0
87,5,8,-3900,1057,-1042,0,0
52,31,-24,-3892,1058,-1045,0,0
-15,56,-15,-3907,989,-1025,0,0
-75,68,-19,-3918,922,-1040,0,0
-142,75,-35,-3920,987,-1136,0,0
-164,88,-42,-3898,1068,-1211,0,0
-180,119,-9,-3825,1056,-1174,0,0
-189,144,28,-3807,984,-1085,0,0
-242,144,26,-3785,1027,-1017,0,0
-253,121,22,-3782,1140,-1067,0,0
-212,84,19,-3792,1242,-1189,0,0
-142,56,26,-3776,1308,-1305,0,0
-45,50,36,-3736,1280,-1274,0,0
36,42,48,-3707,1143,-1121,0,0
66,24,36,-3749,1066,-1060,0,0
34,27,-9,-3943,1061,-1107,0,0
-146,44,0,-3904,1148,-1151,0,0
-194,34,61,-3776,1157,-1200,0,0
-133,40,29,-3791,1199,-1210,0,0
-159,63,-22,-3799,1290,-1149,0,0
-115,46,-3,-3804,1226,-1159,0,0
-103,27,8,-3725,1203,-1178,0,0
-89,9,1,-3721,1242,-1153,0,0
-36,-13,-12,-3762,1261,-1151,0,0
-35,-18,-7,-3787,1241,-1173,0,0
-53,-17,17,-3788,1213,-1158,0,0
-63,-24,22,-3789,1224,-1161,0,0
-71,-20,15,-3759,1259,-1165,0,0
-16,-26,14,-3763,1236,-1169,0,0
14,-28,1,-3821,1208,-1169,0,0
3,-20,4,-3832,1212,-1158,0,0
-4,-12,28,-3808,1188,-1105,0,0
-21,-12,28,-3801,1219,-1098,0,0
-14,-16,24,-3760,1247,-1152,0,0
18,-15,19,-3773,1220,-1183,0,0
23,-10,-1,-3817,1241,-1165,0,0
48,-16,-4,-3837,1226,-1116,0,0
57,-11,-1,-3816,1164,-1088,0,0
12,-11,-7,-3798,1132,-1058,0,0
-23,-14,-18,-3798,1155,-1086,0,0
-39,-14,-28,-3793,1197,-1110,0,0
-40,-11,-25,-3815,1221,-1111,0,0
-53,-6,-20,-3820,1221,-1096,0,0
-64,-7,-13,-3795,1214,-1090,0,0
-56,-10,-8,-3788,1197,-1108,0,0
-72,-3,-15,-3791,1220,-1115,0,0
-66,-3,-17,-3807,1235,-1098,0,0
-47,-2,-12,-3794,1207,-1072,0,0
-64,2,-9,-3799,1207,-1081,0,0
-69,6,-11,-3804,1253,-1086,0,0
-51,15,2,-3833,1226,-1074,0,0
-51,21,14,-3826,1178,-1081,0,0
-65,29,17,-3823,1170,-1071,0,0
-90,35,13,-3829,1214,-1082,0,0
-93,39,12,-3804,1247,-1094,0,0
-78,43,14,-3802,1222,-1077,0,0
-74,42,6,-3802,1210,-1079,0,0
-81,41,0,-3801,1230,-1096,0,0
-77,39,2,-3787,1228,-1106,0,0
-77,34,2,-3786,1233,-1080,0,0
-66,22,-7,-3798,1252,-1079,0,0
-39,8,-6,-3737,1234,-1099,0,0
-26,2,-8,-3775,1262,-1145,0,0
-39,11,-18,-3826,1320,-1146,0,0
3,15,0,-3813,1259,-1101,0,0
13,7,14,-3780,1179,-1056,0,0
-12,-3,-1,-3777,1174,-1047,0,0
-39,-4,-18,-3807,1230,-1076,0,0
-31,-7,-21,-3812,1274,-1106,0,0
-11,-6,-11,-3824,1252,-1100,0,0
-32,6,-6,-3811,1206,-1042,0,0
-63,9,-8,-3791,1202,-1048,0,0
-73,13,-11,-3817,1231,-1068,0,0
-57,10,-12,-3865,1269,-1074,0,0
-6,-6,3,-3809,1217,-1056,0,0
0,-9,17,-3758,1165,-1057,0,0
-66,3,1,-3783,1254,-1061,0,0
-70,4,-11,-3803,1368,-1090,0,0
24,-6,10,-3805,1268,-1085,0,0
39,-10,13,-3781,1150,-1048,0,0
-11,-21,-2,-3817,1191,-1029,0,0
-7,-43,-12,-3833,1306,-1114,0,0
61,-47,-9,-3810,1336,-1172,0,0
101,-18,9,-3748,1213,-1081,0,0
45,2,13,-3767,1123,-923,0,0
13,-33,-21,-3895,1234,-1014,0,0
46,-47,-33,-3884,1357,-1211,0,0
60,-7,18,-3799,1248,-1166,0,0
18,26,88,-3819,1065,-940,0,0
-9,-12,87,-3807,1021,-878,0,0
-30,-68,21,-3721,1229,-1111,0,0
-10,-56,-24,-3703,1510,-1305,0,0
92,-3,-1,-3740,1486,-1171,0,0
145,11,22,-3768,1266,-1000,0,0
149,-5,6,-3825,1162,-1014,0,0
113,-15,-8,-3831,1183,-1112,0,0
104,-9,0,-3787,1191,-1145,0,0
84,16,17,-3782,1175,-1118,0,0
55,33,32,-3795,1185,-1066,0,0
42,33,42,-3846,1187,-1079,0,0
17,37,41,-3834,1172,-1159,0,0
9,43,41,-3823,1157,-1189,0,0
10,40,31,-3826,1139,-1155,0,0
13,34,23,-3791,1148,-1121,0,0
-5,32,5,-3799,1202,-1129,0,0
-9,30,-9,-3800,1271,-1172,0,0
31,32,4,-3782,1229,-1197,0,0
48,37,6,-3806,1169,-1180,0,0
7,42,-3,-3815,1175,-1160,0,0
-29,41,-3,-3777,1199,-1172,0,0
-2,31,0,-3758,1217,-1204,0,0
-1,35,5,-3775,1206,-1185,0,0
5,29,9,-3770,1195,-1195,0,0
-2,27,10,-3758,1218,-1222,0,0
-8,27,23,-3731,1225,-1201,0,0
16,17,23,-3741,1247,-1210,0,0
35,9,12,-3766,1265,-1241,0,0
73,3,29,-3761,1197,-1236,0,0
49,10,38,-3763,1132,-1218,0,0
-17,19,25,-3769,1157,-1204,0,0
-44,18,22,-3790,1191,-1212,0,0
-31,4,16,-3777,1170,-1231,0,0
-43,-3,0,-3785,1196,-1239,0,0
-45,-20,-25,-3743,1271,-1246,0,0
38,-53,-34,-3714,1305,-1261,0,0
133,-69,-53,-3751,1307,-1252,0,0
184,-70,-51,-3753,1230,-1185,0,0
205,-80,-33,-3817,1184,-1200,0,0
154,-82,-11,-3809,1153,-1209,0,0
136,-93,25,-3728,1057,-1199,0,0
65,-89,18,-3769,1088,-1230,0,0
40,-87,3,-3786,1195,-1204,0,0
105,-101,9,-3818,1215,-1239,0,0
127,-87,3,-3803,1194,-1220,0,0
171,-70,20,-3837,1082,-1096,0,0
207,-70,30,-3875,970,-1055,0,0
126,-16,44,-3823,842,-734,0,0
-130,-28,-26,-3928,912,-1280,0,0
-263,-30,-91,-3974,1416,-1903,0,0
11,90,-4,-3734,1308,-1202,0,0
259,20,36,-3617,1144,-975,0,0
280,13,22,-3643,1044,-741,0,0
-13,-7,-20,-3947,819,-1323,0,0
-121,-23,-2,-4019,1099,-1987,0,0
-15,46,52,-3840,1288,-1409,0,0
190,16,61,-3660,1320,-922,0,0
376,-50,31,-3762,1079,-780,0,0
118,-96,28,-3873,889,-871,0,0
-42,-122,52,-3784,748,-1228,0,0
-101,-73,11,-3759,956,-1562,0,0
-176,24,-62,-3825,1264,-1292,0,0
3,16,-25,-3872,1179,-1008,0,0
101,-16,-11,-3874,900,-1119,0,0
-130,1,-65,-3785,906,-1337,0,0
-152,5,-49,-3853,1065,-1264,0,0
-32,-14,-32,-3940,1130,-1134,0,0
75,-41,4,-3830,1067,-1165,0,0
275,-49,44,-3799,1012,-1174,0,0
466,-99,82,-3902,1088,-1277,0,0
707,-141,103,-3780,1083,-1267,0,0
593,-58,23,-3957,944,-1207,0,0
151,8,-2,-4265,797,-1037,0,0
-162,-11,36,-3741,736,-1074,0,0
-323,28,20,-3422,954,-1340,0,0
-283,91,-40,-3679,1180,-1338,0,0
-176,33,-73,-3916,1273,-1200,0,0
90,-68,-73,-3954,1185,-1132,0,0
338,-145,-138,-4094,1074,-1127,0,0
353,-156,-262,-3854,1143,-1173,0,0
656,-101,-91,-3875,924,-1198,0,0
815,-102,5,-3858,658,-1195,0,0
625,-63,-54,-3753,525,-1039,0,0
398,-53,5,-3847,506,-1212,0,0
158,-38,39,-3962,649,-1360,0,0
-52,-9,7,-4081,857,-1331,0,0
7,-39,34,-3935,852,-1181,0,0
141,-57,31,-3789,755,-1169,0,0
118,-40,23,-3944,713,-1273,0,0
-6,-4,40,-3943,651,-1243,0,0
-188,31,85,-3890,599,-1186,0,0
-387,63,49,-3849,872,-1276,0,0
-197,44,-18,-3878,1054,-1342,0,0
-79,59,14,-3819,994,-1110,0,0
107,10,32,-3843,877,-1284,0,0
385,-25,78,-3955,753,-1343,0,0
287,7,77,-3938,624,-1113,0,0
36,-10,18,-3901,758,-1259,0,0
77,-1,15,-3915,787,-1239,0,0
-138,30,40,-4016,460,-1115,0,0
-724,67,53,-3799,730,-1325,0,0
-356,34,-57,-3814,1291,-1452,0,0
63,41,0,-3847,1196,-1073,0,0
186,-28,90,-3880,859,-1084,0,0
114,5,49,-3814,737,-1371,0,0
80,9,35,-3851,915,-1430,0,0
367,-23,74,-3945,834,-1125,0,0
173,-13,141,-4030,318,-931,0,0
-549,9,79,-3928,194,-1319,0,0
-1125,94,-159,-3780,1368,-1504,0,0
-152,38,-263,-3802,1783,-1219,0,0
630,-49,48,-3831,1304,-1005,0,0
817,-95,206,-3980,490,-1212,0,0
211,-54,92,-3945,528,-1257,0,0
-89,-40,-45,-3788,898,-1323,0,0
211,-81,-32,-3881,1105,-1345,0,0
373,-81,57,-3873,874,-1090,0,0
272,-67,158,-3860,333,-1015,0,0
-220,-31,144,-3906,365,-1257,0,0
-537,4,-74,-3859,1044,-1439,0,0
-403,20,-75,-3867,1197,-1235,0,0
-326,-6,107,-3968,952,-1181,0,0
-162,-13,98,-3875,967,-1243,0,0
-58,2,39,-3849,921,-1186,0,0
-154,-2,43,-3871,1043,-1128,0,0
-4,-9,3,-3847,1086,-1319,0,0
164,-10,-10,-3889,1044,-1394,0,0
232,13,-6,-3887,948,-1068,0,0
164,15,13,-3878,871,-1072,0,0
91,14,13,-3863,779,-1264,0,0
-30,41,28,-3906,692,-1207,0,0
-179,60,23,-3905,761,-1124,0,0
-266,60,-67,-3834,1227,-1245,0,0
-129,65,-96,-3850,1123,-1219,0,0
-24,34,52,-3895,681,-1199,0,0
-226,46,78,-3847,684,-1194,0,0
-573,86,-59,-3743,1160,-1227,0,0
-387,64,-54,-3834,1313,-1182,0,0
-41,14,24,-3854,1200,-1213,0,0
155,-11,37,-3820,967,-1295,0,0
96,0,23,-3848,929,-1224,0,0
46,-2,12,-3854,973,-1163,0,0
30,0,-15,-3822,1057,-1242,0,0
99,-4,-12,-3842,963,-1244,0,0
66,-9,13,-3883,819,-1224,0,0
-93,1,2,-3862,915,-1191,0,0
-177,11,-24,-3799,1143,-1238,0,0
4,-1,-13,-3828,1162,-1239,0,0
126,-18,19,-3867,986,-1185,0,0
103,-21,5,-3838,955,-1264,0,0
90,-15,10,-3843,972,-1185,0,0
94,-28,21,-3865,959,-1188,0,0
69,-21,15,-3832,927,-1252,0,0
38,-8,11,-3865,968,-1210,0,0
35,-20,-5,-3864,1053,-1216,0,0
133,-36,15,-3836,970,-1217,0,0
164,-36,24,-3859,883,-1210,0,0
79,-25,15,-3882,824,-1226,0,0
-51,-11,-1,-3852,964,-1234,0,0
-54,-7,-2,-3823,1038,-1208,0,0
9,-17,9,-3842,949,-1222,0,0
-8,-16,15,-3886,819,-1219,0,0
-103,-7,33,-3910,868,-1253,0,0
-135,18,-1,-3820,1096,-1217,0,0
-8,5,-15,-3831,1148,-1186,0,0
125,-20,15,-3856,1008,-1178,0,0
186,-37,-12,-3857,952,-1329,0,0
211,-31,-16,-3867,969,-1290,0,0
255,-34,-3,-3850,929,-1129,0,0
246,-43,14,-3851,832,-1173,0,0
188,-31,9,-3864,771,-1234,0,0
42,-8,-14,-3868,862,-1249,0,0
-12,0,-17,-3886,945,-1238,0,0
34,-8,-2,-3872,917,-1276,0,0
75,-3,4,-3883,846,-1202,0,0
24,-11,10,-3867,823,-1206,0,0
-17,3,-7,-3857,879,-1273,0,0
-46,17,-16,-3870,922,-1251,0,0
-23,6,2,-3887,849,-1240,0,0
-21,3,3,-3873,821,-1264,0,0
-57,12,-5,-3865,861,-1257,0,0
-80,20,-11,-3875,926,-1262,0,0
-61,17,-1,-3871,893,-1249,0,0
2,9,11,-3863,861,-1277,0,0
3,16,0,-3873,859,-1239,0,0
-15,12,-3,-3880,902,-1267,0,0
12,7,-3,-3871,912,-1280,0,0
27,4,7,-3865,863,-1256,0,0
31,0,7,-3861,887,-1245,0,0
31,-1,-1,-3865,872,-1267,0,0
42,-1,8,-3857,835,-1277,0,0
27,4,4,-3876,841,-1276,0,0
26,3,-3,-3897,907,-1272,0,0
55,-2,-18,-3827,935,-1254,0,0
123,-12,-18,-3870,815,-1363,0,0
119,1,13,-3905,723,-1224,0,0
-7,11,9,-3869,732,-1195,0,0
-193,30,3,-3876,746,-1268,0,0
-254,30,-60,-3871,908,-1339,0,0
-365,49,-40,-3832,935,-1214,0,0
-109,12,-59,-3849,1248,-1393,0,0
349,-8,-16,-3832,946,-1231,0,0
291,-12,51,-3904,605,-1221,0,0
73,14,36,-3887,563,-1281,0,0
-182,49,-13,-3828,945,-1317,0,0
12,21,-26,-3826,1144,-1447,0,0
336,-10,19,-3903,948,-1295,0,0
454,-32,34,-3921,700,-1221,0,0
557,-52,46,-3850,712,-1238,0,0
616,-53,50,-3884,652,-1426,0,0
298,-7,37,-3862,657,-1392,0,0
79,19,5,-3843,632,-1325,0,0
-65,16,-14,-3873,633,-1413,0,0
-129,22,-29,-3878,713,-1445,0,0
-138,25,-34,-3871,781,-1417,0,0
-60,16,-22,-3842,756,-1393,0,0
2,8,-23,-3856,680,-1407,0,0
-11,5,-25,-3887,666,-1408,0,0
-29,4,-28,-3828,686,-1342,0,0
-46,-6,-38,-3823,726,-1421,0,0
-1,-5,-31,-3881,678,-1414,0,0
10,-5,-27,-3881,676,-1406,0,0
-6,-3,-10,-3871,692,-1429,0,0
4,6,6,-3863,624,-1368,0,0
-52,12,-8,-3858,647,-1358,0,0
-109,17,-13,-3855,668,-1423,0,0
-87,19,-20,-3882,675,-1452,0,0
-41,20,-27,-3883,695,-1411,0,0
3,15,-21,-3872,674,-1392,0,0
49,8,-30,-3887,655,-1436,0,0
104,15,-14,-3918,561,-1371,0,0
1,33,-3,-3864,538,-1298,0,0
-150,47,-36,-3843,611,-1402,0,0
-264,61,-36,-3872,520,-1412,0,0
-493,68,15,-3906,428,-1227,0,0
-800,75,-60,-3816,972,-1495,0,0
-399,49,-119,-3815,1158,-1529,0,0
-34,31,6,-3865,994,-1350,0,0
193,-5,80,-3879,641,-1325,0,0
75,20,57,-3836,523,-1342,0,0
-114,46,5,-3822,690,-1352,0,0
-197,49,12,-3851,854,-1390,0,0
-119,38,-4,-3832,878,-1500,0,0
-14,17,18,-3847,753,-1435,0,0
-66,16,69,-3878,569,-1184,0,0
-304,18,27,-3881,721,-1383,0,0
-385,36,-41,-3806,946,-1515,0,0
-247,37,8,-3822,979,-1336,0,0
1,-11,22,-3840,939,-1357,0,0
97,-25,10,-3816,827,-1393,0,0
70,-22,14,-3845,776,-1397,0,0
-4,-15,15,-3866,836,-1379,0,0
-14,-21,36,-3825,847,-1336,0,0
21,-35,45,-3779,830,-1328,0,0
56,-52,5,-3793,872,-1435,0,0
96,-56,-16,-3830,897,-1434,0,0
106,-56,2,-3922,888,-1402,0,0
128,-60,37,-3979,831,-1378,0,0
170,-42,45,-3959,777,-1434,0,0
123,30,66,-3622,648,-1163,0,0
-99,6,35,-3644,603,-1063,0,0
-228,-125,-80,-3923,946,-1796,0,0
-4,-91,-67,-3978,1259,-1698,0,0
363,-36,33,-3855,968,-1196,0,0
364,-17,80,-3853,622,-1061,0,0
187,-27,45,-3926,482,-1232,0,0
-4,-40,18,-3805,556,-1204,0,0
-83,-87,-34,-3832,825,-1444,0,0
-78,-62,-58,-3862,1089,-1526,0,0
104,-7,21,-3825,943,-1244,0,0
170,-7,65,-3811,660,-1186,0,0
-32,0,29,-3875,646,-1264,0,0
-91,0,12,-3914,716,-1331,0,0
-71,-9,21,-3926,792,-1357,0,0
-92,-2,25,-3898,821,-1324,0,0
-110,7,24,-3873,804,-1299,0,0
-135,14,7,-3888,848,-1348,0,0
-93,6,-11,-3917,897,-1401,0,0
21,-8,5,-3892,871,-1336,0,0
143,-14,5,-3847,825,-1295,0,0
157,-7,4,-3798,740,-1243,0,0
63,18,-5,-3788,720,-1228,0,0
-10,27,-26,-3918,818,-1349,0,0
38,12,14,-3953,780,-1375,0,0
31,6,37,-3818,727,-1306,0,0
-67,24,5,-3796,849,-1281,0,0
-44,31,-11,-3837,899,-1344,0,0
-52,50,15,-3996,644,-1281,0,0
-188,24,33,-3867,734,-1490,0,0
-132,33,10,-3775,989,-1364,0,0
-19,18,31,-3799,927,-1258,0,0
91,-14,32,-3920,765,-1356,0,0
32,-2,38,-3904,708,-1338,0,0
-44,5,64,-3912,725,-1306,0,0
-146,10,43,-3815,859,-1273,0,0
-114,2,15,-3751,968,-1337,0,0
-21,-11,-22,-3887,994,-1488,0,0
111,-15,8,-3838,917,-1343,0,0
139,8,22,-3787,766,-1136,0,0
-50,15,-4,-3852,774,-1300,0,0
-63,5,-15,-3889,900,-1467,0,0
49,-20,13,-3929,962,-1449,0,0
179,-46,31,-3917,911,-1357,0,0
212,-15,53,-3746,709,-1188,0,0
112,21,45,-3780,582,-1178,0,0
-135,26,-31,-3963,773,-1418,0,0
-134,13,14,-3890,851,-1365,0,0
-60,-8,51,-3826,808,-1335,0,0
-210,8,31,-3790,864,-1312,0,0
-213,9,37,-3803,901,-1284,0,0
-121,-15,2,-3840,965,-1431,0,0
-52,-26,-20,-3863,1075,-1365,0,0
70,-47,11,-3841,1050,-1327,0,0
191,-66,38,-3814,855,-1329,0,0
170,-69,24,-3838,779,-1326,0,0
116,-63,-4,-3833,843,-1284,0,0
113,-67,4,-3835,888,-1272,0,0
119,-69,18,-3843,848,-1256,0,0
93,-78,22,-3793,792,-1218,0,0
54,-97,11,-3833,791,-1316,0,0
-8,-79,3,-3925,857,-1419,0,0
-65,-40,26,-3867,884,-1328,0,0
-90,-17,49,-3819,885,-1195,0,0
-102,-9,51,-3868,925,-1179,0,0
-140,0,36,-3884,980,-1274,0,0
-178,21,34,-3940,1004,-1324,0,0
-228,75,45,-4014,928,-1259,0,0
-256,112,111,-3913,744,-1072,0,0
-260,97,137,-3837,633,-1075,0,0
-364,79,86,-3768,758,-1199,0,0
-485,47,24,-3754,1126,-1351,0,0
-436,14,-13,-3771,1446,-1448,0,0
-262,16,-102,-3765,1656,-1347,0,0
39,15,-143,-3745,1644,-1223,0,0
570,-57,55,-3864,1139,-1201,0,0
833,-81,219,-3795,616,-1127,0,0
463,-43,177,-3751,519,-959,0,0
-24,-43,39,-3875,818,-1170,0,0
-240,-25,-15,-3891,1137,-1376,0,0
-143,-20,48,-3816,1174,-1353,0,0
57,-31,63,-3765,1042,-1254,0,0
33,-18,23,-3800,1025,-1161,0,0
4,-23,3,-3859,1081,-1199,0,0
43,-34,17,-3853,1053,-1280,0,0
52,-27,30,-3842,986,-1273,0,0
16,-18,16,-3889,1024,-1245,0,0
26,-31,3,-3874,1065,-1219,0,0
76,-52,4,-3783,1023,-1224,0,0
80,-58,-5,-3803,1036,-1250,0,0
84,-58,-21,-3837,1088,-1223,0,0
127,-72,-4,-3855,1057,-1189,0,0
162,-90,8,-3841,971,-1187,0,0
131,-95,-5,-3843,977,-1189,0,0
115,-98,-16,-3844,1017,-1187,0,0
135,-108,-11,-3832,1013,-1189,0,0
176,-115,-8,-3866,987,-1200,0,0
182,-107,-24,-3888,971,-1262,0,0
94,-52,-42,-3955,1028,-1253,0,0
6,-21,-18,-3925,1069,-1184,0,0
63,-16,49,-3936,962,-1163,0,0
133,-13,55,-3985,807,-1200,0,0
138,-27,36,-3975,780,-1142,0,0
78,-38,84,-3883,793,-1078,0,0
-7,-38,113,-3705,740,-1108,0,0
-48,-52,57,-3719,688,-1098,0,0
-21,-92,-68,-3813,775,-1285,0,0
-169,-113,-50,-3778,1013,-1287,0,0
-72,-167,54,-3895,1143,-1152,0,0
37,-195,54,-3979,1445,-1067,0,0
254,-213,76,-3847,1248,-1118,0,0
759,-179,30,-3820,412,-1447,0,0
259,-95,-77,-4009,619,-956,0,0
-39,-130,-56,-4194,944,-851,0,0
-145,-105,27,-4136,966,-1023,0,0
-237,-74,59,-3866,945,-942,0,0
-11,-110,32,-3671,894,-711,0,0
223,-168,-25,-3739,886,-640,0,0
282,-204,-65,-4014,909,-651,0,0
265,-231,-58,-4117,830,-628,0,0
163,-268,5,-3919,742,-623,0,0
-38,-304,63,-3693,793,-666,0,0
-131,-334,60,-3580,939,-654,0,0
50,-332,10,-3837,1023,-670,0,0
231,-230,-80,-4280,1089,-712,0,0
142,-30,-165,-4383,1043,-759,0,0
-339,202,-174,-4263,937,-657,0,0
-979,330,-117,-4059,960,-478,0,0
-1224,274,-35,-3897,1012,-414,0,0
-901,94,19,-3935,1139,-574,0,0
-219,-72,-9,-4032,1101,-834,0,0
-58,-73,-74,-4149,1154,-891,0,0
-314,29,-88,-4081,1289,-716,0,0
-226,80,-73,-3995,1205,-564,0,0
-155,60,-66,-3956,1148,-497,0,0
-120,7,-43,-3903,1207,-527,0,0
77,-36,8,-3918,1169,-566,0,0
229,-36,57,-4045,1071,-624,0,0
246,-1,80,-4058,986,-698,0,0
183,59,107,-3956,952,-699,0,0
133,117,138,-3892,946,-709,0,0
118,176,131,-3924,931,-726,0,0
30,240,98,-4005,923,-726,0,0
-76,281,85,-4060,910,-714,0,0
-80,278,103,-4023,877,-763,0,0
-28,259,160,-3936,803,-818,0,0
-139,214,252,-3999,804,-973,0,0
-264,128,303,-4157,799,-1190,0,0
-355,31,270,-4065,883,-1230,0,0
-183,-106,138,-3801,1056,-1130,0,0
378,-209,-29,-3626,1093,-1142,0,0
635,-198,-146,-3601,996,-1086,0,0
476,-178,-192,-3771,986,-801,0,0
392,-273,-231,-4138,955,-625,0,0
392,-249,-206,-4306,896,-707,0,0
425,-210,-115,-3942,818,-688,0,0
464,-209,-9,-3761,636,-636,0,0
489,-232,9,-3907,527,-608,0,0
313,-237,-87,-4174,580,-689,0,0
-19,-183,-143,-4268,765,-642,0,0
-122,-167,-69,-4110,918,-683,0,0
-1,-160,65,-3969,890,-740,0,0
70,-138,142,-3975,881,-719,0,0
70,-96,131,-3915,793,-695,0,0
-126,-48,94,-3831,770,-582,0,0
-238,-68,37,-3981,909,-564,0,0
-44,-108,-42,-4221,1004,-616,0,0
97,-86,-95,-4329,946,-698,0,0
35,-9,-97,-4167,900,-717,0,0
-31,70,-42,-4006,892,-679,0,0
-31,124,0,-4049,920,-666,0,0
14,162,-7,-4043,952,-752,0,0
37,219,-5,-4025,865,-718,0,0
-84,257,30,-4032,955,-624,0,0
-93,234,83,-4015,860,-701,0,0
-277,227,105,-3984,726,-756,0,0
-688,271,79,-3893,921,-577,0,0
-608,242,36,-3878,1042,-674,0,0
-70,137,-9,-3948,1018,-810,0,0
269,57,-51,-4042,888,-848,0,0
344,45,-55,-4057,862,-836,0,0
248,61,-5,-4046,845,-806,0,0
105,54,56,-4006,827,-845,0,0
7,25,90,-3964,932,-772,0,0
74,-23,76,-3897,919,-745,0,0
119,-55,24,-3922,838,-829,0,0
-22,-46,-33,-3945,911,-838,0,0
-75,-38,-58,-3963,938,-864,0,0
-82,-27,-56,-3968,939,-918,0,0
-86,-20,-40,-3944,962,-954,0,0
-37,-19,-13,-3941,964,-946,0,0
19,-8,2,-3929,957,-941,0,0
65,9,-2,-3928,957,-939,0,0
102,32,-4,-3907,930,-911,0,0
92,55,10,-3952,907,-865,0,0
32,69,26,-4023,903,-867,0,0
-52,81,46,-3980,893,-868,0,0
-95,83,69,-3900,902,-828,0,0
-68,63,71,-3897,895,-821,0,0
-42,43,39,-3957,914,-828,0,0
-16,24,6,-3971,911,-855,0,0
-30,4,7,-3958,906,-889,0,0
-52,-5,15,-3937,946,-932,0,0
-11,-5,14,-3925,941,-959,0,0
-13,9,5,-3939,939,-988,0,0
-47,32,-8,-3926,971,-999,0,0
-47,50,-7,-3932,970,-985,0,0
-60,58,7,-3925,973,-977,0,0
-63,55,20,-3932,969,-966,0,0
-61,43,16,-3900,967,-982,0,0
-35,39,4,-3881,970,-982,0,0
-10,34,-13,-3890,975,-973,0,0
-2,25,-26,-3958,982,-978,0,0
15,16,-23,-3967,974,-960,0,0
4,2,-7,-3917,936,-939,0,0
-62,-11,7,-3872,916,-955,0,0
-109,-15,-6,-3889,944,-966,0,0
-103,-27,-37,-3918,924,-974,0,0
-106,-41,-80,-4003,971,-1026,0,0
-17,-56,-135,-4028,1101,-1119,0,0
351,-87,-204,-3870,985,-1335,0,0
333,-25,-223,-3880,1064,-1773,0,0
101,129,-83,-3934,1213,-2146,0,0
-42,360,117,-3753,1376,-2197,0,0
40,593,201,-3694,1493,-2217,0,0
254,781,228,-3653,1401,-2241,0,0
222,923,329,-3722,1320,-2247,0,0
40,1047,375,-3817,1682,-2636,0,0
272,1189,406,-3581,1959,-3377,0,0
797,1463,609,-4072,2642,-4494,0,0
1684,2016,847,-4721,2797,-4783,0,0
2357,2576,1038,-5440,1965,-4597,0,0
1859,2867,986,-5128,1064,-4287,0,0
925,3352,740,-4394,387,-3004,0,0
141,3468,404,-3911,189,-1806,0,0
74,3355,251,-3142,146,-930,0,0
744,3001,248,-2107,-78,-528,0,0
579,2506,225,-1370,-296,-736,0,0
-557,2011,258,-406,438,-1114,0,0
-514,1364,257,554,932,-2213,0,0
261,698,243,1219,879,-4003,0,0
1132,294,364,2258,497,-6368,0,0
1293,333,348,2919,-717,-7481,0,0
181,481,157,2954,-300,-7427,0,0
194,168,65,2987,-411,-6447,0,0
93,-329,165,1950,-61,-4942,0,0
243,-971,316,1286,-439,-3927,0,0
-24,-1103,310,284,18,-2479,0,0
-52,-623,-152,2598,361,-1175,0,0
-191,57,-47,1287,194,874,0,0
-90,106,-20,-1085,180,-582,0,0
487,222,138,-1143,-178,-2496,0,0
887,688,121,-1130,-605,-2133,0,0
421,563,-247,-566,-690,-1799,0,0
-209,34,-250,-757,-147,-1176,0,0
270,-505,-42,-853,-366,-1156,0,0
90,-419,12,-409,-460,-376,0,0
-38,-171,-84,490,208,-1395,0,0
528,538,50,998,-292,-2103,0,0
-160,1041,191,2469,-641,-3467,0,0
-714,633,122,1401,-297,-5462,0,0
-704,-54,64,2936,342,-6476,0,0
276,-335,283,2384,-376,-7413,0,0
-77,-106,275,2570,-962,-6157,0,0
-1070,-322,66,2293,366,-6590,0,0
-260,-902,159,2027,272,-9349,0,0
46,-681,247,1532,256,-10419,0,0
-127,-219,167,563,62,-11054,0,0
-132,83,243,259,136,-10113,0,0
123,226,85,-286,-552,-6371,0,0
4,-73,128,1067,-533,-2891,0,0
678,-321,2,1463,-55,383,0,0
1013,-290,-383,2060,77,2142,0,0
-105,-422,-195,1508,298,2099,0,0
524,-717,-308,-1636,540,-1850,0,0
1192,5,-181,-757,-826,-2811,0,0
247,997,-52,-835,-881,-1716,0,0
-884,808,-230,-297,-536,-1353,0,0
-1092,-199,-106,-694,-65,-1655,0,0
-120,-684,100,-928,-553,-1996,0,0
-60,-330,58,-876,-586,-830,0,0
-119,-119,-214,6,-39,-916,0,0
413,406,-249,1042,85,-1367,0,0
426,1281,-82,1217,-431,-1582,0,0
-549,1174,70,2420,-735,-4211,0,0
-821,744,51,3570,-17,-5215,0,0
-472,181,65,1582,425,-5814,0,0
50,-443,212,1704,-278,-8317,0,0
-200,-255,230,2974,-293,-7916,0,0
-246,-60,116,2731,-69,-7635,0,0
-252,-322,187,1836,425,-9120,0,0
95,-225,254,2274,-62,-9478,0,0
391,-66,6,2020,10,-9791,0,0
-41,149,-154,70,321,-7163,0,0
-216,-61,214,140,-75,-3421,0,0
57,-655,374,1862,-1143,-343,0,0
616,-1000,113,1975,-645,1017,0,0
331,-794,64,860,-401,904,0,0
-214,-452,-147,-952,540,-584,0,0
148,-2248,-276,-1343,92,-1966,0,0
339,113,-44,-932,-525,-2513,0,0
145,256,-60,-569,-1048,-2424,0,0
-569,-159,-209,-874,-375,-2506,0,0
-111,-546,-269,-704,-345,-2182,0,0
38,-270,-225,-648,-72,-1157,0,0
347,27,-159,405,-74,-1823,0,0
488,674,-237,1035,163,-2192,0,0
256,1188,-296,2130,-137,-3204,0,0
-392,698,-61,3552,-333,-5233,0,0
-370,-186,1,2627,340,-6328,0,0
274,-682,328,153,-520,-7450,0,0
-203,-220,659,1460,-1494,-6223,0,0
-724,360,297,1890,-695,-4788,0,0
-458,217,-99,800,116,-6402,0,0
-51,-60,33,882,550,-8403,0,0
481,-128,221,857,-694,-10516,0,0
78,105,425,1397,-1190,-9281,0,0
-196,-32,17,1278,-820,-5438,0,0
-833,-813,-214,1894,-498,-2165,0,0
-841,-1158,-206,196,-125,-97,0,0
-294,-824,-154,954,-57,383,0,0
-180,-390,36,-728,252,643,0,0
-182,-272,-409,-1423,526,-1654,0,0
-303,74,-49,329,234,-1398,0,0
551,129,267,430,-560,-1920,0,0
93,53,143,534,-580,-1536,0,0
-128,-342,115,-1050,-49,-1516,0,0
-53,-548,126,-1462,-204,-3680,0,0
-272,-378,143,-98,-158,-1002,0,0
611,-161,103,696,-247,-2263,0,0
733,607,-101,150,13,-2855,0,0
139,682,-257,170,814,-5304,0,0
-178,215,141,567,1047,-6467,0,0
529,-605,193,588,805,-9229,0,0
843,-913,143,-824,-587,-12543,0,0
-8,-308,42,-124,-100,-14158,0,0
-150,535,-21,-830,414,-13082,0,0
-580,977,146,-1550,659,-8775,0,0
-561,628,357,-391,-814,-4170,0,0
446,-201,-114,195,-137,448,0,0
3437,-840,-176,2212,-1268,2003,0,0
1268,-750,78,4478,-1047,2404,0,0
-174,-782,-447,417,138,-1121,0,0
361,-284,-620,-1594,-338,-2541,0,0
301,711,-528,-2352,-458,-2841,0,0
-29,1281,-444,-2036,-796,-2332,0,0
-302,885,-10,-1753,-759,-1812,0,0
268,-5,58,-1202,-1159,-2956,0,0
-317,24,-199,-888,-628,-1368,0,0
-856,411,-286,-925,210,-348,0,0
-656,735,-7,566,143,-637,0,0
-289,1180,-201,1568,-251,-1423,0,0
-1246,967,-42,4076,-536,-2364,0,0
-1251,-424,369,4518,-28,-4707,0,0
329,-1182,29,-478,-413,-6835,0,0
275,-956,333,284,-1549,-7904,0,0
-259,-359,316,972,-973,-7655,0,0
-401,-246,-163,1384,-196,-8902,0,0
-62,96,-307,-400,679,-9103,0,0
354,179,180,-438,-416,-11786,0,0
67,790,432,322,-726,-9721,0,0
-48,810,-13,177,-456,-7625,0,0
-415,441,170,387,-122,-3515,0,0
129,-251,253,885,-49,126,0,0
1180,-766,234,1667,-789,1263,0,0
233,-508,-144,1621,-709,2134,0,0
-979,-585,-583,-1171,658,-621,0,0
-416,-388,-314,-500,-54,-3031,0,0
637,475,79,-292,-651,-3028,0,0
304,1063,-143,-727,-828,-2046,0,0
-697,735,-196,-394,-31,-226,0,0
-392,-237,-127,-1044,83,-841,0,0
-439,-563,-8,-879,-124,260,0,0
-144,-689,-13,-364,-39,84,0,0
51,-539,-116,584,-63,-1369,0,0
-163,116,-21,1437,398,-2604,0,0
-662,97,467,2343,-399,-4410,0,0
-906,-809,501,2556,324,-6343,0,0
397,-1486,174,-987,670,-9295,0,0
382,-1378,17,-777,222,-13380,0,0
-87,-199,56,-849,1089,-13557,0,0
401,574,-1,-1077,649,-13982,0,0
514,1401,367,-1246,211,-11140,0,0
376,1541,195,-1229,-304,-8536,0,0
-100,1288,310,-153,-627,-3489,0,0
408,625,274,1148,-902,974,0,0
773,108,98,1644,-1169,3098,0,0
-838,106,-212,2952,-735,4492,0,0
-1403,-541,-470,-235,669,1460,0,0
321,-813,-187,-1043,279,-1692,0,0
916,39,90,-1223,-739,-2133,0,0
-360,363,-364,-1507,-426,-2581,0,0
-473,-267,-300,-1525,49,-2687,0,0
226,-881,-250,-895,-316,-3816,0,0
-360,-390,-238,-723,238,-1419,0,0
-341,87,-53,-200,621,-319,0,0
14,379,202,1790,291,-307,0,0
68,708,147,1687,220,-1947,0,0
96,691,322,1929,-516,-4054,0,0
-322,-11,281,2958,-1059,-5397,0,0
-1716,-763,69,2123,-204,-6774,0,0
-667,-855,-209,73,1813,-7851,0,0
506,-536,-240,226,813,-8821,0,0
-234,6,-82,-2080,1550,-8652,0,0
402,-48,-28,181,1049,-10027,0,0
479,165,-110,183,1420,-11094,0,0
836,568,-107,-11,397,-10248,0,0
50,827,12,-438,489,-6036,0,0
-408,243,-147,-183,600,-2310,0,0
-144,-493,-17,662,764,1624,0,0
1728,-1213,21,2525,435,3173,0,0
1781,-1642,21,3071,-772,2810,0,0
-225,-1749,-138,-1253,-38,-2244,0,0
290,-734,55,-1217,-1041,-3538,0,0
697,344,72,-1726,-1615,-3301,0,0
-579,431,-172,-2729,-1177,-3586,0,0
-1113,-68,-164,-2314,-544,-3742,0,0
112,47,-26,-1000,-676,-2916,0,0
-201,736,-47,-699,-461,-1471,0,0
-697,1184,-59,99,70,-867,0,0
-178,1609,-143,1336,201,-1271,0,0
-728,1858,-190,2272,168,-1358,0,0
-1395,868,-11,3424,691,-3994,0,0
-681,26,86,1686,1238,-4475,0,0
966,-630,193,-974,922,-6323,0,0
1429,-867,631,545,-1331,-8943,0,0
27,-133,241,1389,-486,-8043,0,0
478,1,-340,506,-128,-7995,0,0
273,-218,-331,209,933,-9864,0,0
962,-52,23,93,-352,-9215,0,0
474,140,160,252,-656,-7331,0,0
16,-109,14,365,-1083,-4671,0,0
-562,-576,-250,754,-441,-1912,0,0
369,-1057,-295,842,-671,-2089,0,0
728,-329,-539,908,-204,-364,0,0
526,268,-721,240,139,1172,0,0
113,202,-850,-1663,262,-781,0,0
-673,475,-377,-425,159,-893,0,0
-244,457,242,-265,-326,-1048,0,0
-155,43,126,-230,-754,-1226,0,0
-722,-481,-139,-1041,7,-940,0,0
-543,-704,212,-1115,254,-97,0,0
-355,-715,379,-529,-214,-478,0,0
-256,-693,330,292,-520,-2292,0,0
204,-363,98,2443,-1223,-5855,0,0
37,-178,-306,706,-834,-7616,0,0
426,-382,-326,-1265,36,-8726,0,0
692,-492,19,-1403,-752,-10049,0,0
357,1,169,366,-957,-10566,0,0
-277,761,-316,-467,-318,-10498,0,0
-466,1010,-372,-580,534,-10560,0,0
306,1175,3,11,10,-10946,0,0
-1,1727,113,-484,-225,-8458,0,0
-591,1695,310,-151,-354,-4763,0,0
-325,1125,575,538,-921,-1215,0,0
-178,626,434,556,-918,2535,0,0
3,-320,216,2137,-1064,2740,0,0
-141,-686,-170,2342,-765,2160,0,0
416,-731,-695,-1183,49,-1554,0,0
658,40,-570,-1209,-718,-2648,0,0
-32,956,-426,-1268,-288,-2225,0,0
-211,621,-518,-567,-371,-3323,0,0
-257,250,-468,-536,230,-2542,0,0
445,70,-254,-645,304,-1516,0,0
328,267,-132,-329,304,414,0,0
111,366,-66,663,636,1314,0,0
135,242,51,1551,398,353,0,0
-508,402,255,2774,254,-934,0,0
-977,-440,547,5334,-585,-3987,0,0
-439,-1268,414,2306,78,-6103,0,0
359,-1814,-28,235,-56,-9349,0,0
-273,-1096,256,979,-230,-8239,0,0
-829,-384,244,885,600,-6574,0,0
-331,-540,187,80,702,-6932,0,0
309,-726,160,242,527,-9612,0,0
644,-386,272,224,-223,-11406,0,0
713,192,255,-8,-175,-10687,0,0
750,552,244,-404,-786,-8565,0,0
76,419,194,-538,-146,-4190,0,0
234,-2456,307,206,-670,-1388,0,0
563,-1047,63,86,-330,-574,0,0
1248,-680,86,2115,-1461,-582,0,0
-692,266,-155,2093,-175,283,0,0
-763,397,-534,276,553,-676,0,0
53,656,-225,-215,-146,-1568,0,0
214,1218,-157,-1322,-638,-1503,0,0
-890,1340,-267,-1521,-332,-217,0,0
-1239,461,27,-1661,-488,-81,0,0
-962,-613,289,-809,-461,-1603,0,0
-537,-495,133,-537,245,-745,0,0
-98,-352,-56,505,539,-1049,0,0
560,-218,92,2249,142,-3604,0,0
267,200,178,3931,-140,-5196,0,0
-85,-464,-43,2345,146,-7818,0,0
909,-750,65,938,-19,-8038,0,0
792,-194,505,201,-1660,-7441,0,0
-1020,450,474,609,-629,-5396,0,0
-876,277,42,227,-134,-5485,0,0
-372,-20,53,60,433,-7090,0,0
333,-136,38,58,262,-9480,0,0
522,48,-77,440,24,-10072,0,0
218,408,-110,508,76,-8691,0,0
-169,321,-118,569,198,-7341,0,0
-326,60,76,731,-250,-4547,0,0
-585,-91,107,466,-130,-1210,0,0
263,-316,94,1393,-271,714,0,0
338,-156,45,3204,-569,1935,0,0
484,-505,-277,-1372,-56,-2020,0,0
1426,200,79,-1067,-1027,-2230,0,0
816,746,-86,-1686,-1320,-2003,0,0
-768,371,-327,-1404,-643,-1261,0,0
-713,-419,-239,-1210,29,-1717,0,0
-71,-319,-215,-958,1,-888,0,0
-483,129,-177,441,426,-148,0,0
45,142,32,1993,223,-1152,0,0
221,358,33,2671,78,-3597,0,0
-780,269,-7,3284,205,-5417,0,0
-1651,-188,-55,713,1283,-5047,0,0
-319,-1170,272,376,1302,-8282,0,0
821,-901,636,174,-340,-10179,0,0
-122,-124,219,-281,469,-10918,0,0
531,140,37,-296,184,-11498,0,0
529,698,4,-2632,170,-10804,0,0
472,992,41,-283,-156,-8687,0,0
161,806,79,257,-133,-5113,0,0
362,197,52,2477,-474,-1497,0,0
-392,-285,179,890,-678,1581,0,0
-146,-1272,43,-1,-447,-666,0,0
147,-632,-151,924,-1043,-706,0,0
-156,204,-596,-1103,215,-871,0,0
485,360,-679,-1159,-57,-979,0,0
158,638,-483,-758,146,-817,0,0
396,573,-294,-577,-505,-555,0,0
-457,-310,-17,-94,-483,-1052,0,0
-235,-936,170,-661,122,-3221,0,0
184,-183,51,-681,-268,-2216,0,0
-249,340,91,221,143,-1879,0,0
-44,848,66,521,-57,-1987,0,0
-948,1115,-129,2292,71,-2313,0,0
-1290,-44,412,1637,804,-5617,0,0
246,-806,436,3293,876,-7923,0,0
924,-811,-285,1728,-178,-9176,0,0
-412,-120,-235,919,972,-7803,0,0
-352,231,92,450,1145,-7036,0,0
67,-57,385,665,572,-8248,0,0
476,-88,161,1211,29,-8861,0,0
33,102,-66,796,-540,-7802,0,0
-221,-107,-17,85,264,-5021,0,0
267,-883,0,-16,-1231,-3258,0,0
-1187,-1287,-194,683,-665,-1916,0,0
-1384,-1067,-728,1345,754,-777,0,0
-1256,-455,-698,2058,754,-35,0,0
-616,-164,-422,-1402,1000,-1718,0,0
261,214,-119,-494,94,-1476,0,0
584,584,69,-264,-53,-1220,0,0
618,712,58,-210,-584,-948,0,0
-2240,363,-141,-460,-186,-261,0,0
-186,-411,-155,-1449,392,-564,0,0
316,-912,51,-996,636,-2118,0,0
634,-494,252,-432,173,-3438,0,0
330,489,100,-128,20,-5485,0,0
-759,1395,90,615,558,-5733,0,0
-1216,1046,-86,-18,2106,-6250,0,0
218,-119,137,69,2255,-7310,0,0
1796,-698,398,141,257,-9052,0,0
183,67,411,1515,-373,-6846,0,0
-550,566,78,1120,688,-4498,0,0
84,648,-74,2,459,-3038,0,0
-2520,395,23,321,840,-3568,0,0
8,-138,157,1069,698,-5942,0,0
631,-245,-174,-283,1032,-8201,0,0
596,-284,-60,-464,258,-8644,0,0
462,-465,323,-88,-178,-6248,0,0
630,-850,-15,439,-799,-3843,0,0
-277,-1010,-316,1271,987,-1844,0,0
468,-866,-440,1308,1221,-1836,0,0
70,-288,-105,1225,526,-1597,0,0
711,460,-15,-1188,-752,-1405,0,0
537,1040,-271,-758,-1003,-455,0,0
88,1033,-295,-1107,-892,-501,0,0
-766,739,-274,-1476,-585,-156,0,0
-1239,-374,-127,-607,21,-865,0,0
-363,-1136,81,-1306,8,-3900,0,0
-258,-63,-77,-637,383,-4082,0,0
27,925,83,-418,531,-3940,0,0
101,1681,176,1341,531,-3465,0,0
-212,1136,40,2889,-159,-3685,0,0
-1479,-127,-73,1072,1721,-4670,0,0
796,-1421,-66,1528,1394,-9029,0,0
1043,-662,58,1700,-138,-9829,0,0
-642,441,-105,674,774,-6969,0,0
-607,601,150,16,882,-4448,0,0
-694,450,416,228,316,-2975,0,0
-573,305,399,452,351,-2145,0,0
211,39,275,792,3,-1959,0,0
118,-26,136,948,426,-1980,0,0
105,70,167,63,468,-2218,0,0
-826,45,440,-117,459,-3429,0,0
-1755,-3,531,539,720,-5843,0,0
-1842,105,296,1417,2298,-7639,0,0
596,86,150,1879,2618,-8863,0,0
1488,93,-81,1332,1462,-9020,0,0
502,94,-8,1000,799,-5455,0,0
240,-397,96,1432,-921,-1668,0,0
-310,-628,-23,-11,-1101,924,0,0
-509,-537,-843,642,-530,1121,0,0
-1035,-384,-820,-2368,1941,1281,0,0
880,-723,-343,-1863,1574,-1888,0,0
1594,-284,329,-846,621,-3784,0,0
1557,505,400,-1217,-283,-2792,0,0
527,391,205,35,-259,-2175,0,0
653,63,244,804,-230,-1859,0,0
464,315,56,825,-9,-1387,0,0
-366,436,-47,704,688,-1305,0,0
-1240,236,260,1711,611,-1306,0,0
-1221,-704,690,866,239,-2199,0,0
-471,-1524,295,534,312,-4674,0,0
-88,-1552,-351,1316,707,-6287,0,0
-138,-1353,-520,-596,1254,-6391,0,0
-63,-1616,-479,-1236,1514,-8007,0,0
811,-1388,-161,-1923,924,-8627,0,0
443,-831,-78,-1540,208,-8666,0,0
143,-347,-249,-1186,320,-7799,0,0
134,24,-384,-1706,454,-6662,0,0
46,347,-271,-1702,722,-5545,0,0
145,470,-113,-1526,510,-4513,0,0
166,538,9,-1196,346,-3164,0,0
564,561,113,-329,64,-2209,0,0
611,517,236,427,-472,-2253,0,0
180,693,188,-734,-506,-2360,0,0
-554,649,157,-3272,-197,-3843,0,0
-651,609,288,-329,-140,-4761,0,0
-728,700,248,-979,154,-3966,0,0
-940,355,277,-1076,699,-4104,0,0
-172,36,320,-426,622,-4162,0,0
316,5,64,222,611,-4359,0,0
815,170,-2096,592,75,-3785,0,0
431,335,-44,960,218,-2836,0,0
163,303,-184,796,374,-2771,0,0
-144,207,-313,577,609,-3153,0,0
-263,113,-365,301,847,-3191,0,0
182,34,-310,24,904,-3529,0,0
428,79,-240,-639,600,-3924,0,0
