102,-51,-7,-731,843,-3849,0,0
105,128,20,-695,661,-3512,0,0
14,282,59,-579,543,-3178,0,0
-184,316,41,-453,438,-3007,0,0
-406,205,5,-378,348,-2939,0,0
-645,206,-6,-395,521,-3188,0,0
-878,401,31,-280,760,-3657,0,0
-944,280,118,-68,1082,-4102,0,0
-834,-249,144,-188,1380,-4357,0,0
-689,-410,108,-242,1703,-4540,0,0
-463,-426,51,-356,1917,-4581,0,0
-224,-205,25,-494,1989,-4448,0,0
-48,124,56,-421,1920,-4383,0,0
95,73,118,-415,1669,-4255,0,0
181,-106,139,-496,1537,-4274,0,0
273,-247,52,-591,1512,-4292,0,0
387,-200,-99,-624,1535,-4186,0,0
482,-18,-201,-510,1499,-4107,0,0
562,71,-203,-451,1398,-4004,0,0
621,155,-172,-434,1218,-3847,0,0
640,250,-148,-383,1058,-3700,0,0
598,308,-117,-356,799,-3572,0,0
478,445,-70,-243,535,-3631,0,0
386,312,26,-169,355,-3799,0,0
324,19,79,-246,128,-4019,0,0
369,-219,92,-203,10,-4196,0,0
470,-245,83,-436,-79,-3448,0,0
427,0,89,-355,-271,-3106,0,0
410,-45,147,-385,-387,-2865,0,0
382,-142,184,-400,-261,-2633,0,0
426,-324,203,-513,101,-2098,0,0
478,-95,137,-517,899,-2037,0,0
467,504,0,-673,1349,-1978,0,0
201,1855,-174,-711,1424,-3316,0,0
-199,3172,-223,599,900,-6384,0,0
-88,1407,-340,2282,452,-11173,0,0
772,-1223,-407,1993,754,-12602,0,0
1670,-1374,-263,1715,990,-11028,0,0
1861,-1527,-46,859,705,-7723,0,0
1094,-1502,180,-372,-249,-3869,0,0
-72,-1001,-1,-1126,-1301,2086,0,0
-1426,-424,-880,-460,-1549,314,0,0
-1005,-808,-554,-388,-2963,2064,0,0
-192,-1342,-757,111,1049,1525,0,0
-154,-213,-650,476,232,-1148,0,0
-526,465,363,721,343,-3264,0,0
-626,130,354,-258,893,-5013,0,0
-1022,545,300,-1092,886,-6806,0,0
-386,691,304,-1106,2103,-4147,0,0
486,1251,160,354,1344,-2244,0,0
1432,-77,384,-528,-2436,19,0,0
2622,250,442,-1042,-3054,1878,0,0
1838,773,402,27,-1916,-643,0,0
-7,405,19,-41,-967,-3182,0,0
-886,456,-245,-89,-176,-5516,0,0
-1433,160,-169,-92,-746,-7619,0,0
-1034,-326,-54,96,72,-7894,0,0
-481,-410,40,9,252,-7055,0,0
-532,-262,139,-185,388,-6520,0,0
-423,-507,59,-945,973,-7075,0,0
-468,274,-25,-879,1604,-8384,0,0
-232,-523,-117,-947,1443,-10903,0,0
545,-847,-230,-1842,903,-11917,0,0
1287,-339,-398,-1028,89,-9559,0,0
928,764,-426,-235,-915,-1926,0,0
-313,462,215,1313,-456,2416,0,0
-1124,-2000,175,-1746,-2804,895,0,0
-283,-147,-573,-629,-2402,1021,0,0
566,-13,-1107,1056,1548,-797,0,0
227,-499,-560,795,118,-942,0,0
28,-153,134,611,-159,-2729,0,0
-231,456,270,-247,106,-3406,0,0
-620,1180,363,-26,487,-3950,0,0
-172,1162,322,-497,914,-2042,0,0
432,806,761,-208,592,-1353,0,0
1348,-66,1076,-1505,-1406,-101,0,0
2043,326,588,423,-2450,-498,0,0
978,-266,174,349,-2745,-3264,0,0
-295,375,159,1239,-2164,-4898,0,0
-811,-127,188,-49,270,-6205,0,0
-1458,590,474,-143,-398,-7470,0,0
-980,-71,507,-1015,-664,-6297,0,0
-667,247,244,-591,-215,-6007,0,0
-685,-2200,63,-584,140,-5075,0,0
-431,-159,-175,-582,341,-4868,0,0
-371,201,-194,-621,602,-5255,0,0
-294,465,-282,-122,1124,-5462,0,0
-88,185,-320,-444,1408,-8144,0,0
47,809,-226,-225,786,-7384,0,0
316,559,-254,476,-1104,-9605,0,0
794,-626,-381,1919,-1410,-11667,0,0
1077,-1205,-449,948,900,-7786,0,0
72,-326,-562,-458,763,-1504,0,0
-1169,-128,-756,-219,-273,1118,0,0
-777,-869,-492,-525,-2922,941,0,0
119,-94,25,-118,-482,2195,0,0
60,-31,-576,1382,2095,589,0,0
-389,-624,-262,672,-631,-1136,0,0
-621,-260,665,-18,-1364,-2669,0,0
-893,165,741,-85,-294,-4657,0,0
-852,303,385,512,570,-5330,0,0
18,406,395,110,995,-3067,0,0
771,1133,861,201,610,-2311,0,0
1805,379,1026,-822,-723,-1488,0,0
2735,183,261,-1789,-556,-876,0,0
1808,1699,-214,-613,-605,-1037,0,0
131,1286,50,1512,-1174,-3161,0,0
-911,-1210,340,-223,-341,-5350,0,0
-1562,-578,241,464,405,-8659,0,0
-1036,-695,-120,64,267,-7079,0,0
-960,-320,-407,38,-284,-6916,0,0
-892,-58,-237,944,169,-6610,0,0
-482,-802,-174,-54,239,-6151,0,0
-179,-82,-174,227,32,-6421,0,0
281,-203,-187,184,138,-5610,0,0
598,-178,-177,-2,189,-5277,0,0
749,-7,-50,-156,496,-5618,0,0
896,221,48,-135,885,-6071,0,0
1062,-247,41,-154,886,-7113,0,0
1128,-534,-46,-258,207,-8926,0,0
1306,-1014,-211,-448,-1294,-8102,0,0
708,125,-159,-117,-1687,-3265,0,0
-550,-659,247,363,-1017,-70,0,0
-1380,-1886,268,-3550,-1385,1547,0,0
-1136,495,-427,-1102,-2049,-972,0,0
-82,880,-840,-62,-1258,-940,0,0
334,1239,-1068,1878,858,-1623,0,0
471,-544,-470,1297,-466,-2477,0,0
310,-321,70,21,-160,-2403,0,0
114,258,85,109,1022,-3575,0,0
268,564,296,-1001,505,-2540,0,0
684,1754,438,-722,116,-824,0,0
1215,1517,437,242,-487,84,0,0
1758,-112,268,140,-1619,2066,0,0
879,-145,75,-92,-4389,1813,0,0
2548,-785,-1774,236,162,1168,0,0
-2269,-65,-107,1057,1875,-7914,0,0
-2097,-427,174,483,585,-8042,0,0
-1442,-224,535,305,645,-7406,0,0
-871,-295,499,99,-93,-7882,0,0
-373,-484,424,-62,53,-5960,0,0
174,-705,117,-70,258,-5334,0,0
418,-466,71,-458,181,-4441,0,0
380,-65,48,61,406,-3858,0,0
482,-295,-44,-185,263,-3931,0,0
362,74,47,-7,179,-3534,0,0
219,45,5,-120,299,-3811,0,0
-17,450,-52,244,439,-4407,0,0
-323,133,-28,-90,262,-5334,0,0
-529,525,45,176,7,-7912,0,0
-92,-170,97,400,-116,-10746,0,0
627,-1232,14,-217,-190,-11595,0,0
1011,-572,-119,396,931,-7583,0,0
85,-312,283,110,2153,230,0,0
-2007,671,797,-1240,-78,-571,0,0
-2073,-118,-91,-1307,-2853,-2892,0,0
-400,-238,-714,-1036,-4009,-1726,0,0
543,1445,-519,672,-1168,-943,0,0
685,760,-522,1179,257,-3280,0,0
539,-393,-331,671,200,-1433,0,0
412,-1026,12,24,1689,-2265,0,0
485,-1237,-3,-1161,1749,-2562,0,0
539,261,-96,-1327,943,-1519,0,0
744,1402,-139,-216,653,-656,0,0
1229,945,106,104,-859,282,0,0
1652,-158,298,-608,-2242,1192,0,0
1043,322,50,-308,-4114,365,0,0
-774,679,-20,857,-3054,-4039,0,0
-1765,223,-326,1506,-300,-4773,0,0
-2137,-99,-553,1105,2502,-7173,0,0
-2133,107,-35,938,2044,-7819,0,0
-1478,-252,316,281,2230,-6968,0,0
-1181,-36,425,-165,1651,-7367,0,0
-868,16,386,-58,1403,-6765,0,0
-298,-404,42,-284,1275,-6191,0,0
-23,148,91,17,846,-5399,0,0
187,56,129,214,827,-4825,0,0
402,-152,-19,117,1070,-4361,0,0
437,128,-49,149,1446,-4226,0,0
341,346,-24,183,1519,-4767,0,0
284,247,-90,193,1524,-6056,0,0
453,-96,-90,221,1110,-7280,0,0
726,-500,-79,46,430,-7334,0,0
525,-587,-80,72,1248,-7059,0,0
-270,-596,62,-368,2506,-4478,0,0
-1371,6,43,-26,2564,-1671,0,0
-1844,-967,-728,447,-1400,-1493,0,0
-951,-1350,-666,245,-4825,557,0,0
42,-498,-452,719,-1110,-1477,0,0
465,160,-493,758,-530,-2802,0,0
679,268,-315,555,1235,-3131,0,0
739,-133,-193,-259,2980,-3007,0,0
-284,825,480,-707,1119,-3451,0,0
-155,598,648,-358,1715,-2655,0,0
668,300,193,-577,516,-1329,0,0
1261,766,451,218,-2276,-420,0,0
2065,-364,421,-242,-2538,-73,0,0
1633,-316,122,137,-2352,-990,0,0
-317,94,142,600,-1603,-3581,0,0
-1629,213,88,600,3463,-6281,0,0
-1944,-201,116,-1114,3408,-8664,0,0
-1474,703,536,-906,2067,-7831,0,0
-792,302,372,-482,2037,-7112,0,0
-502,-48,331,-576,1466,-6790,0,0
-84,-73,259,-357,841,-5570,0,0
387,-170,-25,-130,723,-4466,0,0
531,100,-70,-34,369,-3661,0,0
554,209,-27,70,359,-2957,0,0
561,61,-48,119,654,-2568,0,0
534,-171,-22,37,854,-2642,0,0
479,-140,47,-338,882,-2654,0,0
277,419,103,-14,1025,-3114,0,0
30,205,67,-23,792,-4407,0,0
-276,386,-39,98,609,-7196,0,0
48,120,-365,770,737,-10649,0,0
919,-568,-612,251,478,-10886,0,0
1438,-615,-391,897,1041,-9812,0,0
1220,-1738,-110,-860,1058,-5095,0,0
-63,-716,-164,-597,348,-756,0,0
-1276,-1057,-471,696,-1131,150,0,0
-977,-936,-692,240,-3395,1051,0,0
192,-326,-426,940,-865,-95,0,0
517,-175,-292,551,423,-1754,0,0
481,1241,-38,122,261,-1146,0,0
230,1882,-14,797,1667,-1264,0,0
-816,1512,187,250,286,-2452,0,0
-1287,755,366,-311,726,-2788,0,0
-378,292,-112,-640,716,-1540,0,0
394,793,78,152,-1652,-1991,0,0
1288,233,655,-458,-1862,-1093,0,0
1497,591,636,-375,-1803,-220,0,0
-621,1095,455,378,-2175,-3711,0,0
-2297,1154,-389,1946,2923,-6298,0,0
-2214,-1363,-1012,1205,3537,-7670,0,0
-1835,-480,-299,455,2905,-7859,0,0
-1410,912,214,1596,2510,-7553,0,0
-845,-239,242,1099,1919,-7092,0,0
-262,-564,331,532,1483,-5824,0,0
223,-302,408,506,1256,-4821,0,0
435,-189,358,399,927,-3981,0,0
502,-192,239,426,930,-3130,0,0
522,-353,173,365,1008,-2890,0,0
507,-353,223,40,1075,-2593,0,0
413,6,258,23,1151,-2588,0,0
343,110,233,-4,1485,-2913,0,0
149,391,187,-44,1442,-3828,0,0
3,913,111,115,1572,-5905,0,0
292,1183,-23,800,1254,-7342,0,0
655,-163,-291,1417,646,-8794,0,0
783,-1394,-623,1790,1328,-9708,0,0
1118,-3768,-782,2259,2891,-9599,0,0
932,-1622,-456,600,2072,-7073,0,0
217,-796,174,778,552,551,0,0
-965,-2185,-25,-1922,-1653,2789,0,0
-1101,-517,-416,-1787,-4248,2429,0,0
-600,566,-988,-471,-507,-35,0,0
-2056,407,-1509,588,970,-2092,0,0
129,372,-824,764,228,-1979,0,0
-85,377,-124,796,1800,-2977,0,0
-549,382,-9,188,1017,-3156,0,0
-633,352,77,23,1031,-2015,0,0
-119,565,127,453,878,-947,0,0
468,240,558,202,-1218,-717,0,0
1138,307,766,217,-2075,-1970,0,0
1502,533,336,401,-1809,-4152,0,0
676,1713,665,794,-1225,-3432,0,0
-579,1471,894,1990,2180,-3071,0,0
-1940,-397,526,-47,3354,-6072,0,0
-2278,-402,651,-286,2822,-6488,0,0
-1804,-414,410,-187,2579,-6836,0,0
-1428,287,-65,69,1935,-7773,0,0
-941,73,-237,688,1637,-7259,0,0
-250,-292,-216,597,1586,-5749,0,0
280,34,-83,842,1434,-4829,0,0
552,-141,52,723,1364,-3772,0,0
690,-34,100,535,1288,-3171,0,0
664,190,105,393,1257,-2953,0,0
599,102,163,403,1362,-2578,0,0
318,484,299,305,1330,-2907,0,0
-355,2243,530,993,1939,-5220,0,0
25,1525,730,2704,2356,-7362,0,0
985,-1131,572,1588,1418,-7986,0,0
1265,-837,280,1403,1266,-7872,0,0
1281,-1179,-67,1533,1787,-7058,0,0
815,-2242,-410,1512,2136,-6917,0,0
95,-3375,-155,91,1972,-4154,0,0
-660,-1677,704,-1240,486,-158,0,0
-1384,-14,1119,-1148,-1801,-1847,0,0
-406,-1343,265,-2442,-3244,239,0,0
491,221,-1230,-1222,-1269,1362,0,0
547,1156,-2022,854,556,-718,0,0
175,566,-1480,1269,716,-600,0,0
-259,16,-646,901,1389,-1384,0,0
-647,620,-165,61,755,-2162,0,0
-742,1249,219,127,741,-2026,0,0
-317,1192,269,-336,536,-1569,0,0
319,1431,216,651,-1443,-2482,0,0
1244,-297,217,165,-1034,-1985,0,0
1141,-254,69,-429,-514,-3380,0,0
-107,1351,322,658,-1140,-3253,0,0
-1610,1353,56,2005,3170,-5662,0,0
-1868,-1259,-164,669,2207,-8063,0,0
-1105,-585,457,-113,2375,-5095,0,0
-856,1176,191,808,2427,-6650,0,0
-835,339,142,884,1233,-6209,0,0
-576,-688,172,476,1887,-4836,0,0
-196,-503,-5,138,1999,-4916,0,0
-137,434,20,591,1528,-4781,0,0
36,157,-2,769,1427,-4005,0,0
187,-237,-159,619,1416,-4200,0,0
296,-14,-127,763,1547,-4236,0,0
449,-157,22,736,1441,-4714,0,0
661,-110,23,345,1491,-4748,0,0
960,-83,-53,552,1533,-4931,0,0
1029,-320,-31,-123,1775,-5723,0,0
907,349,-19,521,1301,-7093,0,0
1027,-690,-183,648,1520,-8122,0,0
894,-1029,-220,750,1224,-8895,0,0
508,-1203,247,868,1641,-7619,0,0
201,-923,751,1046,2792,-1736,0,0
-499,-955,394,-766,-977,-56,0,0
-457,-551,452,-2236,-4917,1352,0,0
315,381,30,-1907,-2719,3711,0,0
400,869,-1395,576,1313,-669,0,0
157,208,-1454,677,846,-788,0,0
-793,-179,-612,111,1296,-2237,0,0
-1037,493,-114,425,1801,-3427,0,0
-872,635,-9,-163,1399,-3508,0,0
-2216,505,78,75,1062,-1673,0,0
794,86,225,381,-810,-719,0,0
1760,-292,580,604,-3266,926,0,0
1484,80,748,219,-2819,184,0,0
-173,1054,364,766,-791,-4886,0,0
-1430,731,-77,713,2495,-5511,0,0
-2384,-172,-283,-357,4645,-7446,0,0
-2320,16,-31,-221,3737,-8987,0,0
-1518,24,105,308,3124,-8487,0,0
-896,-395,89,143,2295,-7957,0,0
-340,132,137,509,1506,-7050,0,0
391,53,153,729,1263,-5519,0,0
825,-103,227,441,976,-4490,0,0
983,-74,358,401,921,-3601,0,0
1082,-274,365,204,823,-2841,0,0
1002,-232,297,-163,699,-2539,0,0
805,53,229,108,582,-2174,0,0
612,-373,183,-166,397,-2506,0,0
490,-420,124,-280,432,-2433,0,0
285,-219,25,-174,832,-2959,0,0
1,178,-102,-328,1259,-3895,0,0
-297,565,-144,-92,1395,-6673,0,0
-76,22,-298,-62,870,-8903,0,0
592,-497,-348,221,210,-9581,0,0
1053,-1402,-349,475,366,-8830,0,0
769,-1881,-419,122,1896,-5841,0,0
-498,-806,-149,-754,2567,-1955,0,0
-2107,620,-79,-415,2400,281,0,0
-2820,770,-425,-214,-450,-2033,0,0
-1289,-11,47,-906,-4107,-553,0,0
371,488,348,-424,-1912,-1388,0,0
723,840,-18,362,-1099,-652,0,0
-20,6,-291,787,-181,-922,0,0
-787,-192,-357,522,2271,-2238,0,0
-1387,759,-348,460,2103,-2989,0,0
-1227,795,-89,381,1096,-3334,0,0
-396,595,154,380,601,-3172,0,0
607,-181,643,339,-1241,-4205,0,0
2155,-925,852,-628,-1727,-2768,0,0
2615,183,583,-353,625,-2234,0,0
954,196,360,-278,1046,-4110,0,0
-787,21,-126,159,4370,-5277,0,0
-1533,-245,-390,-608,3965,-7944,0,0
-1109,525,214,132,3620,-7186,0,0
-887,749,354,488,2663,-7662,0,0
-459,96,296,603,1231,-7588,0,0
314,-246,346,181,861,-5905,0,0
957,130,451,458,905,-4878,0,0
1286,60,476,377,785,-3686,0,0
1338,66,395,413,750,-2758,0,0
1274,39,287,336,545,-2133,0,0
1057,54,254,343,241,-1804,0,0
745,-282,248,266,149,-2016,0,0
502,-369,129,49,46,-2269,0,0
329,-74,-8,95,-24,-2379,0,0
192,119,-39,329,166,-2518,0,0
-94,261,-96,320,573,-3208,0,0
-533,819,-229,374,800,-5390,0,0
-566,758,-291,711,561,-8080,0,0
18,-327,-264,814,-364,-10193,0,0
717,-1247,-281,875,-434,-11265,0,0
1201,-1485,-590,1351,-222,-10454,0,0
853,-1376,-730,1311,913,-6922,0,0
-196,-776,-881,636,2699,-250,0,0
-1301,-1283,-281,-964,219,1000,0,0
-1172,523,468,-2182,-3549,-73,0,0
-3,1757,313,183,-3023,2257,0,0
204,-417,-515,311,-767,-308,0,0
336,-208,-680,1239,-358,-1931,0,0
303,-297,155,706,1,-1886,0,0
111,431,564,451,1407,-1977,0,0
-419,1693,493,350,1101,-2427,0,0
-780,1791,411,442,1067,-2651,0,0
-293,1046,537,-236,533,-1255,0,0
298,383,685,104,-1429,-1774,0,0
847,-795,812,249,-2692,-2009,0,0
681,-1384,16,3,-1696,-3869,0,0
-169,101,-937,166,1076,-3850,0,0
-1586,866,-849,1178,3060,-5953,0,0
-2310,-694,-339,-443,3079,-8946,0,0
-1848,-275,182,20,2841,-7816,0,0
-1344,-426,-43,-38,2220,-8541,0,0
-804,-240,-223,188,1184,-7887,0,0
-123,-420,-367,224,884,-5772,0,0
408,-119,-359,298,821,-4347,0,0
715,45,-227,494,766,-3200,0,0
751,-250,-65,299,630,-2425,0,0
568,-179,-27,179,507,-2042,0,0
393,110,-14,232,422,-1955,0,0
265,43,11,206,629,-1866,0,0
142,179,127,220,991,-1910,0,0
-41,444,322,-27,1333,-2513,0,0
-166,1050,439,-337,1811,-2671,0,0
-482,1651,471,1,1810,-5310,0,0
-581,904,91,977,821,-9293,0,0
-164,-357,-499,1910,722,-12898,0,0
990,-781,-621,2777,1466,-13570,0,0
2209,-1571,-343,2126,3020,-11239,0,0
2399,-2199,162,1543,3674,-5891,0,0
1208,-2634,632,-193,2452,130,0,0
-482,-864,589,-982,-1445,4349,0,0
-1310,-143,-177,-707,-3266,850,0,0
-476,192,-418,-1510,-2430,1184,0,0
-18,287,-1112,442,791,-1001,0,0
370,-710,-1261,267,870,-1675,0,0
281,-410,-619,-441,577,-730,0,0
-275,861,9,226,939,-1202,0,0
-870,1127,386,92,1141,-1623,0,0
-866,1284,445,553,1314,-1161,0,0
-305,772,620,504,73,-1959,0,0
292,562,733,147,-2656,-2174,0,0
984,601,638,486,-1911,-1308,0,0
352,1001,625,-39,-1123,-2218,0,0
-2093,4543,762,1515,1186,-4148,0,0
-3110,3858,-336,692,5572,-8454,0,0
-1898,-2715,-1366,1572,3880,-10070,0,0
-968,-1450,-322,599,3562,-7647,0,0
-611,892,23,1998,2631,-8020,0,0
123,-931,-2,1628,1361,-6820,0,0
666,-1125,55,571,1383,-4549,0,0
984,-74,94,1135,1159,-3696,0,0
1078,-203,104,806,727,-3216,0,0
1063,-120,170,887,708,-2211,0,0
959,-342,177,819,670,-1912,0,0
715,-407,165,402,636,-1727,0,0
411,-231,269,504,813,-1550,0,0
176,-2416,306,400,904,-1812,0,0
-83,-243,240,425,1101,-2578,0,0
-415,232,196,268,1128,-4268,0,0
-488,710,113,725,1058,-6868,0,0
-57,236,-10,1068,838,-9547,0,0
547,-427,-88,1091,1079,-11140,0,0
1227,-975,-199,1049,1678,-11295,0,0
1406,-1676,-245,1162,2663,-8832,0,0
704,-3927,-32,2075,3387,-4019,0,0
-442,-5880,545,-1828,1791,1881,0,0
-1406,78,542,-2963,-4308,609,0,0
-586,2449,-105,-663,-5297,366,0,0
312,2117,-1305,-205,-1256,-46,0,0
332,3148,-1939,1630,1025,-2318,0,0
900,-144,-1141,855,1313,-2541,0,0
783,-35,-303,-522,2274,-2349,0,0
-123,1350,109,154,1632,-2885,0,0
-196,194,210,-224,732,-1297,0,0
550,771,392,95,600,566,0,0
983,1667,1085,687,-1245,945,0,0
985,874,1418,934,-2678,347,0,0
250,-424,742,676,-4092,-2859,0,0
-1183,548,-89,122,-1416,-5194,0,0
-2238,2919,-591,2376,3833,-5995,0,0
-2394,199,-540,1390,3966,-9130,0,0
-1813,-810,313,637,1714,-7616,0,0
-1110,202,420,1338,1955,-7211,0,0
-653,-500,-44,1231,1344,-7299,0,0
-249,-684,-121,1043,990,-5431,0,0
352,-449,-113,1010,1178,-4063,0,0
499,-158,-1,762,884,-3266,0,0
379,-364,209,559,583,-2880,0,0
369,-768,176,221,429,-2780,0,0
297,-368,32,140,473,-2584,0,0
151,-186,26,261,458,-2407,0,0
-82,-761,63,238,586,-2213,0,0
-297,-1295,40,-317,719,-1990,0,0
-405,-350,-70,-418,781,-2895,0,0
-375,490,-199,-94,871,-3479,0,0
-356,918,-387,-40,1642,-4665,0,0
-411,1939,-415,384,2259,-6879,0,0
43,1934,-197,1295,2552,-9372,0,0
851,1322,6,1810,2249,-10261,0,0
1526,914,290,2753,2220,-9223,0,0
1700,-685,256,3224,2171,-7376,0,0
982,-2138,-107,1946,2383,-4751,0,0
-364,-1202,-321,168,1959,-1721,0,0
-1167,-13,-598,794,-1160,360,0,0
-1225,-1460,-769,-413,-3637,-52,0,0
-352,-705,-502,-721,-1804,651,0,0
246,-48,-666,141,1071,-359,0,0
167,-18,-865,712,-48,-453,0,0
-108,-453,-198,595,-402,-1793,0,0
-353,146,307,370,236,-2158,0,0
-782,726,446,662,731,-2845,0,0
-479,568,319,27,927,-2397,0,0
286,855,367,845,-43,-2433,0,0
1074,-479,823,462,-697,-2220,0,0
1600,-593,920,69,204,-1700,0,0
854,-274,798,-60,-1336,-3487,0,0
-606,-97,640,177,2658,-4360,0,0
-2099,184,-240,157,3733,-7588,0,0
-1919,146,-439,-335,3663,-7442,0,0
-1343,1107,-164,456,3213,-7223,0,0
-1152,980,-68,1268,1992,-7401,0,0
-570,-512,-124,537,1476,-5755,0,0
25,-31,-54,469,1313,-4800,0,0
370,154,148,727,1021,-3907,0,0
595,-311,213,185,887,-2573,0,0
735,137,182,342,908,-1939,0,0
759,-93,225,426,1078,-1757,0,0
486,-253,317,266,1498,-2059,0,0
-44,-2064,344,634,1723,-4909,0,0
-121,-111,179,464,1724,-8176,0,0
565,-259,18,1028,2473,-10362,0,0
1550,-1437,-202,-55,2272,-10663,0,0
1867,-1142,-269,315,2354,-9592,0,0
1594,-1623,-359,202,2441,-7740,0,0
866,-555,-124,848,2437,-1389,0,0
93,-147,270,1308,2042,5668,0,0
-1229,-456,464,-892,-3086,3312,0,0
-1558,1180,691,-2392,-3567,2246,0,0
-1043,1689,-572,-342,-434,-2746,0,0
-550,1066,-1081,-262,-704,-2768,0,0
-443,807,-422,1773,1459,-5234,0,0
124,-881,-243,434,2098,-5264,0,0
77,201,-289,509,1602,-4985,0,0
836,147,-28,-237,1045,-2604,0,0
1792,1570,330,464,702,-404,0,0
2421,248,976,894,-566,1204,0,0
2241,-1031,814,230,-1479,2178,0,0
596,-264,662,104,-3320,-387,0,0
-1527,498,548,822,633,-3349,0,0
-3202,613,-396,238,4530,-8101,0,0
-3077,402,-562,213,2445,-10174,0,0
-1768,632,-124,632,2563,-8908,0,0
-1028,638,-177,1110,2033,-8013,0,0
-390,-327,-84,873,1177,-5735,0,0
165,-83,40,783,1089,-4442,0,0
484,267,177,1103,873,-3893,0,0
637,-372,287,677,729,-2988,0,0
606,-243,308,472,554,-2640,0,0
484,-51,300,444,422,-2667,0,0
367,-286,249,202,395,-2688,0,0
313,-107,178,135,420,-3123,0,0
398,287,84,-43,562,-2935,0,0
564,599,17,340,745,-2799,0,0
558,589,-70,380,1249,-3076,0,0
349,609,-135,1079,1118,-4174,0,0
206,-197,-114,951,923,-6776,0,0
379,-36,-154,1747,523,-9645,0,0
909,-1086,-410,1805,-225,-12707,0,0
1683,-933,-584,1914,646,-10884,0,0
1854,-650,-241,2893,1113,-9208,0,0
1464,-1593,26,1650,1266,-3647,0,0
-24,-689,341,-1406,159,2829,0,0
-1303,54,-493,-1037,-116,1870,0,0
-1027,-26,-877,-440,-2662,2420,0,0
-441,-948,-134,533,-864,2462,0,0
-454,-1195,-152,867,1169,-978,0,0
-602,-2208,163,407,-1358,-463,0,0
-957,-201,561,178,-204,-1988,0,0
-1261,386,319,-237,1339,-3499,0,0
-1376,1345,227,-134,1237,-3958,0,0
-595,924,344,-255,1387,-2831,0,0
445,1295,732,90,305,-2190,0,0
1256,484,1221,439,-2066,-1301,0,0
1469,-904,1127,290,-1421,-1315,0,0
381,-522,789,323,-1337,-3304,0,0
-1268,522,296,1089,3705,-6069,0,0
-2467,870,-423,777,4840,-10564,0,0
-1713,-127,-151,-91,3454,-9641,0,0
-753,241,165,350,1709,-9034,0,0
-266,-16,-38,462,1320,-7599,0,0
146,-53,-248,653,1274,-5689,0,0
522,-27,-217,767,684,-4424,0,0
721,-421,-64,310,479,-3325,0,0
892,-440,14,192,376,-2332,0,0
919,-327,46,73,91,-2054,0,0
875,-265,46,-38,-52,-1846,0,0
855,-359,34,-2376,-211,-1822,0,0
779,-25,57,-941,-355,-2087,0,0
695,-113,-64,-459,-155,-3086,0,0
330,1,-520,746,814,-5133,0,0
10,677,-521,1699,1740,-8557,0,0
544,781,-205,1972,903,-9991,0,0
1097,36,152,1079,217,-10923,0,0
1554,-1236,210,229,-221,-9588,0,0
1569,-1988,65,-231,-627,-7863,0,0
802,-1915,-131,-62,728,-3090,0,0
-492,-1925,-225,1713,1988,3031,0,0
-2336,-2869,313,-1544,-1033,2149,0,0
-2291,-319,926,-2477,-3395,-1664,0,0
-113,638,402,-2478,-2945,-2040,0,0
881,1235,-655,100,754,-2171,0,0
884,439,-1113,101,363,-922,0,0
520,940,-733,492,145,-2262,0,0
61,1092,-241,197,753,-1887,0,0
-464,1236,46,-28,1144,-2674,0,0
46,1665,274,-429,1288,-1662,0,0
856,2786,751,549,-134,-157,0,0
1300,1120,1232,837,-2387,624,0,0
943,-324,815,-27,-2445,118,0,0
-189,-252,389,452,-2916,-2235,0,0
-1597,617,107,881,665,-3124,0,0
-3679,2025,-345,2132,2821,-8955,0,0
-3191,-408,-362,352,2910,-9095,0,0
-2094,645,-325,1311,2208,-9345,0,0
-1418,-332,-361,1323,1562,-8153,0,0
-836,-536,-196,902,1371,-6418,0,0
-95,258,-133,1328,1026,-5521,0,0
423,-110,44,1129,601,-3933,0,0
528,-514,300,513,549,-2521,0,0
414,-213,187,319,554,-2015,0,0
221,-9,-104,317,713,-2084,0,0
-11,48,-167,191,1006,-2092,0,0
-197,198,-124,558,1232,-2740,0,0
-221,216,-157,446,1508,-3486,0,0
-213,1249,-180,802,2163,-5156,0,0
145,1740,-152,1762,1818,-6734,0,0
295,1010,-192,2130,1347,-8331,0,0
266,698,-266,2696,1955,-9545,0,0
800,-645,-475,3928,2200,-10286,0,0
1128,-3238,-456,2514,3380,-8805,0,0
996,-3449,-56,944,3583,-5723,0,0
392,-1141,-391,-851,1339,-1525,0,0
-159,1432,-737,1707,-264,762,0,0
286,-202,-122,-527,-2827,1305,0,0
667,565,401,-917,-3371,2643,0,0
527,-273,-135,757,-452,-140,0,0
356,-849,-81,709,70,-819,0,0
315,-99,589,444,327,-2288,0,0
113,448,567,-220,782,-1811,0,0
-257,763,349,82,1354,-1724,0,0
-129,798,545,-210,1362,-1623,0,0
513,1024,941,1037,164,-2066,0,0
1427,-672,1116,394,-1476,-2426,0,0
1811,-643,717,686,-2567,-1779,0,0
709,-909,663,656,-2309,-2382,0,0
-1074,-416,514,300,1061,-2782,0,0
-2779,589,-50,-449,3256,-7014,0,0
-3136,720,-39,-1107,3356,-9127,0,0
-2214,187,-263,-598,2591,-9119,0,0
-1487,-7,-431,-786,1887,-8261,0,0
-706,794,-381,592,1057,-6461,0,0
123,114,-444,750,583,-5104,0,0
491,253,-340,852,530,-3404,0,0
611,343,-138,1014,572,-2485,0,0
599,-1,13,566,657,-2014,0,0
394,169,155,524,773,-1632,0,0
180,-27,142,378,887,-1948,0,0
45,84,70,201,1080,-2341,0,0
-86,237,31,322,1139,-2728,0,0
-174,296,-70,547,1503,-3653,0,0
-398,850,-135,989,1736,-5893,0,0
-160,817,-184,1988,1783,-8961,0,0
620,355,-125,2004,1326,-10692,0,0
1453,352,4,3242,1082,-10461,0,0
1949,-579,74,3342,1620,-10226,0,0
1771,-1195,-211,1799,2873,-7773,0,0
985,-548,-503,-743,2173,-2871,0,0
-340,109,-1138,-586,1471,1542,0,0
-1033,-936,-1444,-648,-177,1629,0,0
-203,-210,-141,71,-3120,1989,0,0
400,-236,632,-467,-1055,925,0,0
-136,-174,-91,-51,-1137,400,0,0
-414,-722,-377,790,-805,-1594,0,0
-588,-666,-185,451,1038,-2761,0,0
-941,395,-39,708,1211,-3150,0,0
-618,524,177,282,901,-2823,0,0
40,1285,610,519,780,-1648,0,0
829,760,1342,852,-537,-1180,0,0
1478,-871,1455,62,-1681,-789,0,0
1169,-1112,922,-142,-2127,-1513,0,0
-706,403,523,479,741,-4006,0,0
-2639,1476,-649,1889,4394,-9151,0,0
-2304,-740,-937,239,3614,-10007,0,0
-1169,401,-122,466,2987,-8291,0,0
-743,565,192,1323,1940,-7652,0,0
-272,-1117,128,201,1251,-5477,0,0
136,-270,37,401,852,-4512,0,0
447,-285,70,497,579,-3971,0,0
602,-339,135,156,618,-2747,0,0
665,92,90,420,627,-2382,0,0
568,-122,70,302,647,-2338,0,0
313,-29,153,203,747,-2226,0,0
195,32,128,220,1036,-2636,0,0
143,148,37,209,1121,-2835,0,0
11,463,36,387,1059,-3359,0,0
-91,566,35,610,1090,-4126,0,0
-133,629,-3,749,1069,-4771,0,0
-274,1541,65,1743,1555,-6088,0,0
-315,1333,88,3272,2044,-10275,0,0
505,467,206,3809,1936,-11373,0,0
1302,-861,605,3605,2495,-11885,0,0
1489,-2866,181,1256,3846,-7455,0,0
832,-1931,-211,-281,3975,-2864,0,0
62,-39,-16,-760,-1394,3747,0,0
-2328,-219,-178,-508,-4317,917,0,0
-54,-581,-324,-1756,-4476,900,0,0
-226,835,-431,-25,-1262,-2739,0,0
850,-13,-529,462,485,-2229,0,0
1393,17,-450,397,1770,-1093,0,0
720,658,-452,442,2558,-1395,0,0
-389,917,-276,172,765,-1261,0,0
-507,169,-11,-53,874,-2130,0,0
562,591,60,-44,320,-316,0,0
1268,538,557,1383,-1809,1413,0,0
618,-831,958,666,-3139,636,0,0
-804,-613,501,788,-3209,-3253,0,0
-1923,-414,-43,1358,497,-5943,0,0
-2639,835,-899,1706,3903,-8396,0,0
-2459,602,-687,1496,3402,-8723,0,0
-1733,-8,48,603,3035,-7848,0,0
-1263,-87,206,719,2245,-7752,0,0
-641,-1308,114,-324,1774,-6142,0,0
-106,110,46,235,1413,-4765,0,0
302,294,72,795,1105,-3947,0,0
417,-220,130,294,852,-2768,0,0
374,365,144,687,915,-2445,0,0
396,-41,123,539,904,-2250,0,0
221,61,204,388,1027,-2072,0,0
86,142,226,649,1211,-2744,0,0
78,208,54,315,1487,-3347,0,0
42,962,22,903,2053,-4811,0,0
209,706,89,781,2195,-7273,0,0
473,485,120,1460,1710,-10321,0,0
1287,-642,-219,2095,1289,-11624,0,0
1710,-1859,-267,3141,1481,-12830,0,0
2188,-3431,-500,2682,4025,-9314,0,0
1836,-2872,-79,1086,3640,-1250,0,0
-19,-508,-11,-1697,-215,4592,0,0
-698,1444,-844,-1357,-3398,2710,0,0
198,948,-266,-822,-3824,1717,0,0
425,289,55,129,-1469,-1368,0,0
436,-178,-517,421,-2,-1125,0,0
261,377,-681,923,565,-2289,0,0
-52,612,-322,102,1384,-2415,0,0
-525,1486,-5,279,1097,-2481,0,0
-13,1078,252,-363,1108,-1416,0,0
777,1353,736,826,404,-171,0,0
1097,-587,1273,950,-1850,152,0,0
658,-1177,1014,721,-3031,-679,0,0
-322,-1366,537,459,-3940,-3198,0,0
-1253,-258,251,-86,1360,-3134,0,0
-2791,2034,-575,680,3183,-7388,0,0
-2933,553,-438,-321,2874,-8862,0,0
-2035,623,-124,256,2685,-8716,0,0
-1342,-157,-260,197,1623,-8177,0,0
-780,-143,-258,272,1250,-6115,0,0
-250,299,-241,1013,1100,-5139,0,0
143,-141,-130,763,772,-4103,0,0
285,-39,35,744,859,-3272,0,0
375,-34,63,672,870,-2752,0,0
296,-111,122,617,811,-2627,0,0
119,-333,210,390,1170,-2559,0,0
-22,11,206,495,1377,-2444,0,0
-321,208,263,514,1497,-2783,0,0
-722,-98,249,274,1597,-3212,0,0
-1010,-243,7,7,1921,-4058,0,0
-898,-23,-259,-325,2254,-4076,0,0
-840,663,-434,-46,2486,-3511,0,0
-986,385,-508,-11,2682,-3303,0,0
-1160,72,-481,-12,2936,-3416,0,0
-1163,-71,-566,209,2838,-3626,0,0
-1138,91,-719,202,2951,-3379,0,0
-1059,473,-702,609,3082,-3162,0,0
-1023,203,-587,385,3058,-3237,0,0
-980,185,-485,330,3030,-3098,0,0
-833,366,-486,459,3308,-2751,0,0
-879,561,-449,406,3087,-2433,0,0
-1002,695,-439,401,2995,-2207,0,0
-1068,821,-567,506,3027,-2052,0,0
-1209,1244,-648,604,3266,-1760,0,0
-1283,1596,-614,958,3438,-1610,0,0
-1052,1058,-461,1194,3395,-1215,0,0
-859,654,-136,1029,3296,-1018,0,0
-792,955,90,870,2912,-1003,0,0
-748,1488,-11,873,2726,-750,0,0
-752,1876,-379,1116,3361,-910,0,0
-650,1937,-794,1244,3887,-1188,0,0
-577,2047,-962,1194,3950,-1189,0,0
-667,1845,-959,1332,4025,-1638,0,0
-649,887,-750,1220,3855,-1878,0,0
-406,-477,-313,565,3915,-1908,0,0
-76,-797,-63,-201,3765,-2093,0,0
161,-596,-45,487,3811,-1325,0,0
418,-1507,57,398,4546,-770,0,0
645,-1658,104,-72,4454,-509,0,0
775,-926,123,-228,3889,-304,0,0
701,50,215,-230,3526,-219,0,0
439,791,226,130,3544,-547,0,0
257,812,150,411,3844,-650,0,0
195,169,41,563,3909,-722,0,0
211,-700,31,338,3756,-758,0,0
208,-952,104,85,3728,-800,0,0
176,-625,147,-12,3759,-928,0,0
150,-148,167,-83,3752,-929,0,0
92,206,176,2,3697,-1006,0,0
37,248,172,114,3721,-1129,0,0
8,80,127,103,3666,-1151,0,0
-14,-42,61,110,3569,-1114,0,0
-21,-102,22,133,3548,-1133,0,0
-12,-71,-20,114,3622,-1070,0,0
-23,63,-75,194,3720,-1100,0,0
-37,110,-116,244,3677,-1059,0,0
-112,189,-127,224,3699,-892,0,0
-224,162,-156,345,4052,-1144,0,0
-191,-160,-192,317,4020,-1209,0,0
-113,-283,-114,94,3540,-1012,0,0
-118,-11,-15,31,3497,-1109,0,0
-88,174,-32,219,3783,-1188,0,0
-16,9,-86,177,3882,-1051,0,0
-38,-151,-78,131,3803,-1106,0,0
-39,-250,-32,91,3907,-1103,0,0
34,-210,13,-48,3759,-927,0,0
68,92,60,-151,3641,-849,0,0
-11,497,60,-65,3731,-734,0,0
-149,455,-9,268,3809,-1038,0,0
-102,-186,-39,259,3864,-997,0,0
-5,-551,-11,16,3737,-863,0,0
10,-184,7,-153,3590,-937,0,0
-6,447,3,106,3669,-1012,0,0
9,467,17,250,3840,-1039,0,0
18,155,30,148,3912,-1035,0,0
-15,44,30,118,3805,-1051,0,0
-27,4,57,147,3640,-1001,0,0
-7,-85,67,140,3678,-1017,0,0
32,-114,3,126,3821,-1040,0,0
54,-18,-38,147,3898,-984,0,0
40,62,-11,182,3823,-984,0,0
19,23,45,182,3747,-984,0,0
10,-70,60,164,3726,-993,0,0
12,-107,31,137,3701,-987,0,0
13,-75,2,165,3737,-960,0,0
4,-101,-12,181,3807,-1022,0,0
7,-97,-14,152,3745,-994,0,0
16,-32,-2,145,3667,-975,0,0
7,20,6,145,3708,-939,0,0
-35,-51,-29,207,3812,-976,0,0
-53,-262,-43,173,3843,-1004,0,0
-32,-277,17,38,3741,-923,0,0
-22,-7,82,-6,3744,-977,0,0
-24,173,98,64,3783,-1039,0,0
-23,97,67,75,3779,-990,0,0
-25,-48,22,53,3735,-1031,0,0
-23,-92,13,46,3688,-1020,0,0
-9,-51,24,93,3730,-1018,0,0
19,-35,16,123,3796,-1017,0,0
30,-15,10,151,3809,-997,0,0
18,8,32,170,3802,-983,0,0
-5,-32,48,184,3796,-991,0,0
-28,-150,46,176,3782,-1043,0,0
-38,-246,59,127,3728,-1021,0,0
-38,-240,81,115,3739,-1007,0,0
-39,-224,64,98,3770,-1081,0,0
-24,-189,22,125,3784,-1061,0,0
-2,-168,-2,169,3780,-1083,0,0
19,-177,5,155,3770,-1082,0,0
27,-141,24,157,3764,-1070,0,0
39,-122,39,154,3762,-1052,0,0
57,-100,49,127,3715,-1041,0,0
63,-45,41,136,3646,-1019,0,0
70,-27,32,151,3599,-959,0,0
72,-50,18,169,3706,-921,0,0
58,-88,-16,167,3832,-952,0,0
38,-63,-6,165,3869,-955,0,0
16,1,61,142,3770,-1004,0,0
17,49,101,119,3715,-1004,0,0
28,70,80,104,3721,-1026,0,0
30,112,37,88,3713,-1024,0,0
24,148,10,127,3728,-1039,0,0
12,100,-12,130,3761,-1071,0,0
-6,62,-29,121,3743,-1062,0,0
-22,61,-36,131,3749,-1036,0,0
-30,56,-49,124,3731,-1077,0,0
-28,91,-52,123,3697,-1019,0,0
-27,129,-58,175,3723,-1009,0,0
-32,98,-75,178,3798,-1033,0,0
-55,99,-81,201,3789,-1034,0,0
-83,89,-58,202,3696,-1063,0,0
-101,43,-26,192,3656,-1116,0,0
-99,-37,-12,169,3717,-1157,0,0
-77,-84,-1,133,3774,-1168,0,0
-52,-52,13,110,3798,-1154,0,0
-30,-20,11,113,3764,-1154,0,0
0,-21,6,118,3704,-1087,0,0
27,-6,8,134,3700,-1042,0,0
41,-6,-5,163,3735,-1019,0,0
35,-53,-18,199,3817,-994,0,0
14,-129,10,187,3849,-983,0,0
-16,-202,78,130,3820,-995,0,0
-37,-193,146,39,3757,-971,0,0
-46,-102,200,81,3692,-1010,0,0
-39,-119,225,106,3702,-1015,0,0
-40,-142,178,109,3728,-1057,0,0
-27,-117,91,158,3695,-1047,0,0
-1,-138,44,176,3662,-1011,0,0
11,-159,15,146,3749,-1078,0,0
15,-152,-2,127,3705,-1067,0,0
12,-124,1,147,3686,-1027,0,0
20,-121,-19,187,3701,-1014,0,0
14,-168,-34,231,3732,-954,0,0
-8,-223,-16,201,3764,-915,0,0
-41,-213,45,182,3754,-920,0,0
-85,-208,100,200,3834,-1103,0,0
-66,-248,159,184,3750,-1113,0,0
-40,-208,217,168,3730,-1138,0,0
-32,-61,241,214,3695,-1042,0,0
-98,241,227,273,3818,-931,0,0
-234,616,241,419,3837,-769,0,0
-413,460,250,757,3847,-879,0,0
-401,-365,181,736,3716,-948,0,0
-223,-887,168,418,3695,-751,0,0
-79,-660,199,257,3803,-716,0,0
4,-291,167,366,3772,-835,0,0
112,-108,113,296,3812,-550,0,0
95,221,20,308,3829,-684,0,0
7,419,-54,470,3877,-762,0,0
-54,192,-129,538,3998,-784,0,0
-68,91,-221,341,4242,-628,0,0
-192,420,-312,488,3604,-756,0,0
-277,174,-250,683,3166,-934,0,0
-47,-589,-82,449,3414,-919,0,0
264,-578,17,-130,3962,-452,0,0
144,503,-90,-73,4158,-795,0,0
-84,1206,-221,382,3944,-880,0,0
-213,608,-226,725,3545,-732,0,0
-122,-787,-119,278,3466,-671,0,0
-8,-1052,-80,-187,3793,-738,0,0
20,-295,-178,-237,4007,-855,0,0
-46,404,-148,9,3804,-665,0,0
-194,258,-63,202,3847,-793,0,0
-179,-303,-81,263,3886,-874,0,0
-24,-608,-89,122,3796,-735,0,0
52,-416,-48,-80,3684,-726,0,0
24,153,19,-91,3814,-588,0,0
-120,534,62,72,3795,-501,0,0
-298,284,1,342,3881,-675,0,0
-284,-501,-120,401,3833,-796,0,0
-102,-942,-141,110,3901,-616,0,0
-39,-635,-117,-32,3875,-707,0,0
-35,-195,-67,71,4012,-767,0,0
-12,-188,65,126,3887,-691,0,0
13,-368,232,6,3920,-627,0,0
53,-314,296,-57,3823,-632,0,0
103,-139,276,2,3757,-567,0,0
127,-118,149,130,4115,-548,0,0
130,-363,-18,169,4150,-538,0,0
86,-618,-24,124,3965,-538,0,0
10,-725,112,37,3790,-521,0,0
-41,-706,209,-10,3634,-556,0,0
-30,-595,132,31,3693,-606,0,0
31,-460,-41,108,3825,-617,0,0
119,-331,-134,165,3741,-644,0,0
191,-68,-98,118,3735,-486,0,0
161,348,-54,202,4147,-487,0,0
115,437,-79,319,4040,-610,0,0
97,265,10,222,3708,-517,0,0
-7,248,168,154,3705,-662,0,0
-98,184,263,178,3583,-794,0,0
-110,-102,229,151,3609,-789,0,0
-9,-292,81,-51,3657,-598,0,0
52,54,-38,-107,3698,-427,0,0
7,477,-157,122,4091,-611,0,0
15,455,-237,222,4009,-633,0,0
20,304,-121,81,3756,-611,0,0
-42,380,56,65,3756,-711,0,0
-86,413,96,90,3711,-630,0,0
-125,323,31,119,3731,-569,0,0
-157,139,-100,195,4022,-639,0,0
-112,-48,-188,142,4164,-700,0,0
-49,52,-156,86,4037,-791,0,0
-7,238,-34,87,3848,-842,0,0
14,298,55,-11,3941,-767,0,0
-20,300,22,27,3816,-797,0,0
-24,4,-110,169,4011,-947,0,0
141,-437,-197,19,3994,-909,0,0
280,-330,-155,-217,3752,-846,0,0
301,200,-91,-151,3804,-917,0,0
310,487,-66,-104,3776,-733,0,0
262,538,-90,-60,3672,-643,0,0
163,343,-148,136,3813,-734,0,0
126,-151,-167,95,3810,-802,0,0
154,-337,-129,-106,3845,-802,0,0
177,7,-58,-241,3741,-824,0,0
151,496,15,-140,3518,-830,0,0
96,668,5,-104,3647,-691,0,0
-34,803,-111,-133,3699,-403,0,0
-269,655,-225,386,4218,-883,0,0
-195,-577,-206,382,4148,-1123,0,0
53,-1226,69,-422,3361,-820,0,0
4,-19,204,-713,3244,-767,0,0
-246,1434,18,-163,3672,-789,0,0
-355,1155,-151,492,3919,-1247,0,0
-143,-521,-114,274,4070,-1169,0,0
116,-1216,30,-485,3730,-809,0,0
114,-44,43,-616,3582,-809,0,0
-47,1146,-32,-76,3772,-850,0,0
-128,864,-45,292,3789,-1111,0,0
20,-200,-22,71,3940,-898,0,0
180,-411,-42,-333,3816,-617,0,0
138,419,-90,-285,3715,-770,0,0
39,937,-76,87,3692,-955,0,0
48,579,-25,152,3710,-953,0,0
111,174,-22,14,3837,-946,0,0
139,154,-49,1,3792,-1025,0,0
135,178,-18,84,3808,-1095,0,0
160,72,60,39,3991,-1232,0,0
235,123,166,36,4050,-1284,0,0
278,314,262,134,3900,-1251,0,0
295,331,325,254,3703,-1209,0,0
310,159,326,318,3524,-1113,0,0
301,36,278,312,3448,-996,0,0
254,56,185,326,3524,-943,0,0
189,75,85,338,3697,-915,0,0
75,96,24,258,3803,-845,0,0
-103,145,13,289,3600,-968,0,0
-206,-84,43,322,3570,-1079,0,0
-168,-416,61,127,3680,-1041,0,0
-90,-325,63,-92,3670,-1098,0,0
-60,174,27,-69,3832,-1116,0,0
-113,521,-49,92,3891,-1138,0,0
-194,405,-91,229,3632,-1269,0,0
-199,-39,-101,264,3697,-1231,0,0
-113,-373,-119,128,3837,-1212,0,0
-11,-175,-135,24,3729,-1240,0,0
47,282,-119,171,3711,-1216,0,0
101,362,-81,322,3651,-1212,0,0
152,153,-48,264,3688,-1185,0,0
148,164,-37,145,3919,-1116,0,0
68,332,-8,245,3797,-1206,0,0
9,159,47,348,3697,-1191,0,0
-4,-187,67,274,3719,-1129,0,0
-17,-273,48,186,3691,-1244,0,0
-21,-60,37,209,3688,-1185,0,0
-31,98,51,330,3566,-1149,0,0
-49,-30,86,365,3585,-1193,0,0
-56,-168,73,350,3565,-1124,0,0
-42,-204,36,368,3656,-1069,0,0
-7,-196,0,323,3856,-1055,0,0
4,-33,-29,294,3862,-1016,0,0
-35,195,-7,314,3651,-972,0,0
-91,324,61,360,3556,-929,0,0
-137,272,72,424,3594,-947,0,0
-158,46,-19,447,3716,-952,0,0
-160,-142,-151,423,3703,-917,0,0
-156,-179,-205,413,3740,-802,0,0
-180,-156,-183,354,3903,-818,0,0
-223,-118,-141,292,3899,-946,0,0
-212,-84,-77,294,3838,-927,0,0
-163,-120,9,228,3822,-941,0,0
-128,-84,70,154,3829,-1015,0,0
-105,-23,71,197,3773,-1018,0,0
-55,-73,65,196,3757,-961,0,0
-12,-93,87,158,3889,-924,0,0
-2,-76,76,153,3904,-924,0,0
-8,-97,42,167,3881,-880,0,0
-5,-156,17,169,3809,-884,0,0
4,-214,2,164,3775,-892,0,0
12,-221,-8,144,3822,-874,0,0
13,-149,1,126,3778,-871,0,0
1,-86,18,146,3754,-888,0,0
-19,-140,18,143,3788,-925,0,0
-34,-224,5,133,3792,-939,0,0
-31,-283,-9,139,3831,-960,0,0
-7,-301,-9,79,3810,-996,0,0
32,-171,14,60,3684,-944,0,0
70,-39,21,112,3686,-935,0,0
99,-4,2,129,3787,-943,0,0
108,44,-16,154,3756,-913,0,0
106,69,4,183,3716,-862,0,0
97,29,34,156,3761,-889,0,0
89,40,37,146,3745,-877,0,0
83,64,42,170,3747,-881,0,0
80,60,61,173,3786,-869,0,0
60,44,77,165,3798,-909,0,0
28,25,104,162,3765,-890,0,0
0,-36,113,162,3779,-911,0,0
-17,-126,81,135,3785,-971,0,0
-41,-139,54,145,3783,-977,0,0
-52,-139,52,146,3813,-991,0,0
-55,-118,65,134,3785,-1004,0,0
-66,-75,86,191,3756,-1011,0,0
-61,-119,94,217,3718,-1029,0,0
-33,-160,64,179,3681,-1014,0,0
-13,-102,5,190,3708,-1024,0,0
7,-60,-36,224,3706,-1006,0,0
26,-56,-41,212,3764,-995,0,0
42,-37,-55,205,3799,-994,0,0
50,-32,-83,186,3804,-972,0,0
48,-13,-96,161,3773,-951,0,0
26,39,-64,162,3753,-957,0,0
-5,58,-22,168,3766,-971,0,0
-22,21,-10,154,3755,-970,0,0
-34,-16,0,161,3708,-990,0,0
-58,-64,4,159,3764,-1023,0,0
-70,-118,-11,149,3774,-1085,0,0
-47,-148,-8,131,3776,-1101,0,0
-3,-148,-12,96,3811,-1125,0,0
39,-143,-48,63,3776,-1115,0,0
57,-129,-70,73,3699,-1037,0,0
58,-142,-87,94,3763,-1065,0,0
71,-163,-108,81,3748,-1075,0,0
94,-71,-91,68,3688,-1022,0,0
115,73,-53,105,3673,-975,0,0
105,132,-32,108,3750,-918,0,0
41,174,-10,88,3672,-859,0,0
-68,200,30,124,3707,-863,0,0
-139,44,-54,211,3865,-1048,0,0
-80,-229,-169,147,3855,-1086,0,0
4,-147,-114,22,3754,-1064,0,0
32,216,59,18,3726,-1077,0,0
12,338,188,46,3704,-1102,0,0
-23,140,189,41,3683,-1126,0,0
-24,-161,123,1,3636,-1130,0,0
-2,-249,76,-79,3679,-1083,0,0
3,-110,43,-38,3799,-1116,0,0
6,-24,9,53,3763,-1078,0,0
11,-46,-17,96,3735,-1044,0,0
15,-78,-36,96,3763,-1041,0,0
11,-73,-47,104,3821,-1039,0,0
9,-67,-31,106,3817,-1043,0,0
9,-48,11,85,3752,-1055,0,0
8,-29,46,80,3717,-1057,0,0
13,-36,41,76,3694,-1073,0,0
23,-60,30,88,3706,-1051,0,0
16,-98,34,104,3796,-1089,0,0
8,-143,39,74,3750,-1109,0,0
16,-120,48,100,3738,-1107,0,0
50,-88,40,102,3755,-1139,0,0
79,8,42,-40,3799,-1144,0,0
86,408,46,-133,3775,-1035,0,0
57,740,12,142,3755,-1121,0,0
33,327,-25,174,3838,-1175,0,0
18,-185,-52,41,3737,-1160,0,0
33,-366,-97,24,3563,-1175,0,0
99,-370,-147,-24,3584,-1182,0,0
159,-131,-179,0,3690,-1178,0,0
194,199,-182,130,3704,-1162,0,0
193,403,-126,211,3716,-1159,0,0
145,354,-16,212,3796,-1224,0,0
101,154,62,87,3743,-1250,0,0
95,123,104,-27,3606,-1274,0,0
107,221,133,-65,3559,-1267,0,0
114,277,92,-81,3655,-1302,0,0
101,277,12,-19,3620,-1299,0,0
55,186,-5,-21,3575,-1335,0,0
24,131,0,-78,3717,-1416,0,0
40,200,-28,-81,3718,-1384,0,0
35,295,-50,-27,3668,-1416,0,0
11,264,-78,27,3643,-1443,0,0
-2,205,-107,32,3599,-1428,0,0
-9,202,-124,63,3568,-1461,0,0
-15,173,-131,90,3581,-1478,0,0
-20,145,-132,115,3632,-1498,0,0
-9,148,-131,125,3668,-1493,0,0
3,152,-117,144,3679,-1474,0,0
-6,65,-98,177,3700,-1488,0,0
-12,-86,-74,152,3648,-1442,0,0
-3,-146,-58,109,3751,-1478,0,0
41,-50,-43,39,3595,-1401,0,0
45,172,3,103,3503,-1333,0,0
29,166,36,150,3522,-1317,0,0
11,14,35,126,3571,-1280,0,0
-14,-79,14,98,3676,-1299,0,0
-32,-97,28,14,3679,-1299,0,0
-54,-15,39,-39,3550,-1278,0,0
-82,121,11,39,3559,-1242,0,0
-101,104,-48,139,3597,-1312,0,0
-90,24,-56,91,3662,-1278,0,0
-90,110,-43,126,3679,-1324,0,0
-82,105,-33,141,3702,-1335,0,0
-72,65,-31,120,3682,-1287,0,0
-62,81,-13,140,3666,-1273,0,0
-48,59,7,120,3715,-1260,0,0
-44,68,13,98,3712,-1243,0,0
-53,80,19,111,3644,-1238,0,0
-56,31,8,102,3655,-1212,0,0
-58,18,-13,105,3703,-1231,0,0
-61,41,8,115,3679,-1208,0,0
-68,6,29,123,3748,-1210,0,0
-65,-57,13,62,3798,-1198,0,0
-72,-6,0,99,3733,-1169,0,0
-67,-21,15,115,3675,-1170,0,0
-53,-48,34,55,3702,-1178,0,0
-46,-3,31,81,3735,-1194,0,0
-44,-13,27,90,3707,-1213,0,0
-46,-47,12,109,3716,-1229,0,0
-40,-95,-8,137,3788,-1278,0,0
-18,-150,-4,115,3726,-1287,0,0
14,-133,40,91,3745,-1275,0,0
46,-104,69,82,3711,-1287,0,0
69,-130,71,77,3738,-1261,0,0
81,-146,63,52,3762,-1233,0,0
82,-125,58,45,3688,-1225,0,0
74,-120,49,97,3663,-1216,0,0
71,-184,23,98,3658,-1204,0,0
68,-197,9,93,3648,-1173,0,0
59,-157,14,104,3722,-1171,0,0
46,-143,19,70,3706,-1202,0,0
35,-52,41,36,3605,-1166,0,0
25,29,54,65,3579,-1168,0,0
12,-30,34,51,3621,-1199,0,0
-6,-67,3,48,3632,-1165,0,0
-20,-36,-18,47,3697,-1168,0,0
-44,40,-11,46,3746,-1212,0,0
-77,89,18,64,3721,-1234,0,0
-94,62,38,33,3673,-1259,0,0
-91,20,27,25,3655,-1293,0,0
-84,-17,1,36,3727,-1315,0,0
-67,-40,-18,51,3669,-1314,0,0
-40,-16,-9,57,3666,-1271,0,0
-9,3,-21,98,3699,-1281,0,0
7,5,-31,98,3748,-1238,0,0
11,57,-11,103,3719,-1197,0,0
9,76,26,114,3682,-1192,0,0
1,35,20,105,3697,-1196,0,0
-8,6,17,82,3690,-1181,0,0
-19,13,31,78,3683,-1183,0,0
-26,5,24,87,3726,-1186,0,0
-36,-14,9,102,3685,-1209,0,0
-40,-4,23,92,3716,-1209,0,0
-26,29,27,121,3739,-1221,0,0
-22,-40,20,122,3713,-1242,0,0
-35,-103,27,106,3683,-1233,0,0
-37,-99,60,121,3667,-1235,0,0
-31,-118,94,116,3714,-1257,0,0
-22,-122,90,85,3776,-1275,0,0
-5,-104,60,91,3682,-1243,0,0
18,-123,34,90,3678,-1249,0,0
51,-111,20,76,3826,-1242,0,0
76,-17,25,27,3803,-1172,0,0
61,51,30,92,3722,-1217,0,0
37,-97,11,96,3579,-1210,0,0
10,-219,-10,88,3589,-1194,0,0
-1,-252,-30,122,3630,-1237,0,0
3,-211,-25,126,3612,-1200,0,0
14,-85,10,153,3608,-1187,0,0
27,42,43,145,3628,-1146,0,0
12,132,53,160,3654,-1128,0,0
-27,101,45,184,3803,-1164,0,0
-56,24,61,105,3771,-1212,0,0
-70,106,127,44,3698,-1197,0,0
-75,160,163,50,3698,-1238,0,0
-89,101,132,36,3694,-1227,0,0
-119,18,51,89,3666,-1237,0,0
-120,-98,-31,135,3651,-1251,0,0
-93,-141,-80,157,3730,-1273,0,0
-51,-75,-90,183,3789,-1278,0,0
-3,-6,-79,219,3739,-1260,0,0
37,9,-39,202,3724,-1232,0,0
66,60,-7,185,3767,-1220,0,0
89,91,6,169,3684,-1204,0,0
95,108,26,170,3649,-1161,0,0
88,74,30,183,3753,-1155,0,0
66,6,15,156,3676,-1139,0,0
31,-9,47,153,3560,-1074,0,0
2,7,90,134,3736,-1085,0,0
-16,-6,52,145,3785,-1124,0,0
-55,-56,23,145,3708,-1134,0,0
-93,-121,41,136,3673,-1181,0,0
-92,-191,22,132,3730,-1221,0,0
-84,-226,-10,126,3719,-1274,0,0
-74,-186,16,135,3704,-1255,0,0
-51,-176,32,163,3724,-1298,0,0
-23,-215,18,129,3735,-1287,0,0
-4,-181,11,138,3717,-1228,0,0
12,-153,20,138,3740,-1209,0,0
19,-138,31,131,3717,-1160,0,0
8,-123,37,149,3645,-1105,0,0
-14,-168,24,176,3573,-1087,0,0
-27,-249,-14,188,3667,-1076,0,0
-32,-278,-38,171,3801,-1141,0,0
-15,-182,-8,140,3742,-1115,0,0
2,-45,72,124,3723,-1117,0,0
13,-2,113,90,3737,-1135,0,0
10,-13,100,55,3750,-1110,0,0
-6,-29,78,45,3701,-1136,0,0
-18,-68,57,32,3664,-1159,0,0
-21,-86,33,27,3645,-1185,0,0
1,-65,8,27,3570,-1183,0,0
39,25,-16,66,3659,-1120,0,0
47,132,-42,110,3853,-1138,0,0
16,236,-28,106,3794,-1099,0,0
-22,333,49,144,3689,-1059,0,0
-46,299,85,150,3650,-1103,0,0
-77,227,64,113,3642,-1092,0,0
-119,204,16,162,3656,-1057,0,0
-148,67,-31,202,3704,-1132,0,0
-166,-47,-52,179,3750,-1128,0,0
-165,-32,-55,208,3811,-1167,0,0
-130,-4,-39,196,3772,-1160,0,0
-101,43,-11,205,3763,-1161,0,0
-73,26,-8,222,3789,-1181,0,0
-34,12,-1,208,3732,-1151,0,0
4,46,23,233,3749,-1149,0,0
44,9,29,206,3759,-1113,0,0
60,17,41,184,3774,-1051,0,0
60,47,59,178,3746,-1012,0,0
50,30,58,164,3707,-999,0,0
31,3,41,167,3725,-981,0,0
13,-28,24,166,3758,-1000,0,0
-6,-31,23,180,3772,-1030,0,0
-20,-28,27,202,3780,-1054,0,0
-23,-61,20,209,3724,-1102,0,0
-12,-76,30,204,3700,-1103,0,0
1,-80,46,221,3709,-1128,0,0
4,-110,46,218,3745,-1125,0,0
8,-117,26,227,3755,-1091,0,0
15,-118,17,244,3736,-1088,0,0
14,-134,19,240,3721,-1076,0,0
10,-149,18,237,3755,-1088,0,0
13,-132,21,240,3736,-1084,0,0
18,-97,34,249,3725,-1084,0,0
18,-90,43,262,3750,-1120,0,0
29,-73,61,242,3736,-1096,0,0
45,-26,83,246,3737,-1108,0,0
58,-26,82,209,3715,-1113,0,0
50,-35,77,205,3730,-1081,0,0
38,-54,76,196,3709,-1082,0,0
30,-68,66,178,3671,-1091,0,0
20,-61,41,182,3661,-1089,0,0
16,-52,13,181,3650,-1080,0,0
11,-32,-10,199,3654,-1065,0,0
-5,-25,-29,225,3629,-1076,0,0
-6,28,-26,194,3529,-1023,0,0
10,211,-11,231,3676,-957,0,0
-6,352,-27,244,3876,-988,0,0
-84,430,-48,318,3943,-1045,0,0
-141,319,-31,407,3765,-1093,0,0
-141,61,38,355,3606,-1136,0,0
-122,-90,77,277,3637,-1165,0,0
-94,-99,43,258,3731,-1146,0,0
-55,-59,-2,305,3746,-1127,0,0
-30,-47,12,291,3794,-1106,0,0
-24,-26,32,278,3803,-1115,0,0
-8,-16,28,265,3749,-1077,0,0
15,-4,21,271,3722,-1046,0,0
27,-11,8,266,3741,-1047,0,0
26,-3,-13,264,3757,-991,0,0
19,33,-25,285,3733,-981,0,0
6,41,-20,285,3715,-990,0,0
-11,36,-18,292,3727,-993,0,0
-19,24,-21,297,3727,-1011,0,0
-27,17,-15,304,3728,-1029,0,0
-36,-2,-9,317,3749,-1053,0,0
-31,-43,-4,307,3734,-1081,0,0
-12,-25,13,298,3732,-1077,0,0
12,9,25,298,3727,-1077,0,0
21,14,27,289,3744,-1056,0,0
18,16,27,279,3760,-1050,0,0
12,10,32,254,3745,-1073,0,0
11,-12,30,261,3774,-1074,0,0
12,-27,20,227,3751,-1077,0,0
2,-21,14,242,3740,-1063,0,0
-5,-72,-14,225,3708,-1077,0,0
-13,-106,-51,227,3728,-1095,0,0
-11,-132,-87,263,3784,-1138,0,0
5,-141,-100,263,3762,-1164,0,0
22,-102,-76,266,3729,-1185,0,0
49,-53,-40,239,3669,-1144,0,0
76,-11,-30,265,3663,-1122,0,0
93,-38,-35,256,3636,-1070,0,0
92,-14,-14,258,3639,-1002,0,0
69,15,23,252,3598,-974,0,0
28,-42,20,273,3635,-994,0,0
7,-145,-30,227,3738,-1039,0,0
22,-45,-32,121,3809,-1014,0,0
32,204,57,121,3916,-1017,0,0
7,244,115,148,3639,-988,0,0
-42,141,77,184,3632,-943,0,0
-68,27,-42,224,3752,-1019,0,0
-77,-29,-105,181,3714,-1064,0,0
-110,92,-60,168,3736,-1090,0,0
-135,142,-7,197,3725,-1130,0,0
-140,55,-9,174,3655,-1102,0,0
-157,15,-55,199,3699,-1054,0,0
-175,-82,-103,267,3796,-1141,0,0
-161,-243,-115,259,3746,-1121,0,0
-113,-273,-113,253,3781,-1110,0,0
-45,-217,-111,204,3836,-1130,0,0
5,-55,-68,208,3884,-1047,0,0
36,25,18,205,3890,-1066,0,0
59,33,85,122,3788,-1045,0,0
81,65,103,110,3714,-1028,0,0
111,59,101,55,3680,-992,0,0
125,125,89,46,3709,-944,0,0
109,173,64,81,3788,-909,0,0
69,132,34,110,3752,-912,0,0
27,61,11,134,3735,-931,0,0
2,-6,-20,159,3719,-972,0,0
-13,-52,-37,178,3760,-1008,0,0
-18,-58,-36,189,3804,-1041,0,0
-9,-31,-18,170,3791,-1076,0,0
6,12,-9,162,3739,-1096,0,0
22,15,1,166,3698,-1101,0,0
31,6,-1,159,3696,-1095,0,0
29,8,-8,180,3773,-1095,0,0
22,-44,-19,166,3789,-1132,0,0
23,-37,5,142,3715,-1116,0,0
38,2,27,150,3713,-1151,0,0
58,5,12,122,3760,-1146,0,0
69,46,11,108,3768,-1112,0,0
78,104,24,83,3706,-1094,0,0
82,131,20,88,3678,-1083,0,0
74,138,-3,87,3653,-1035,0,0
61,155,-39,106,3647,-1015,0,0
49,169,-76,132,3665,-1020,0,0
30,176,-119,178,3807,-1055,0,0
12,215,-136,180,3753,-1106,0,0
6,226,-83,233,3761,-1182,0,0
24,150,-22,125,3724,-1186,0,0
22,244,-11,121,3692,-1162,0,0
10,267,-42,177,3661,-1159,0,0
-7,166,-80,168,3654,-1150,0,0
-29,107,-103,186,3670,-1157,0,0
-37,74,-103,186,3683,-1158,0,0
-33,89,-94,179,3714,-1157,0,0
-24,104,-84,172,3787,-1175,0,0
-16,133,-67,158,3700,-1199,0,0
-7,171,-14,159,3650,-1170,0,0
-3,135,-7,176,3683,-1188,0,0
-5,34,-41,172,3701,-1177,0,0
-16,4,-47,193,3734,-1150,0,0
-19,-1,-21,196,3744,-1180,0,0
-21,0,9,186,3714,-1165,0,0
-25,-10,31,185,3705,-1170,0,0
-22,-35,48,156,3712,-1174,0,0
-17,-36,59,149,3715,-1159,0,0
-20,-80,56,154,3785,-1173,0,0
-21,-134,50,120,3715,-1173,0,0
-16,-121,61,135,3718,-1172,0,0
3,-166,53,109,3757,-1200,0,0
14,-161,35,91,3781,-1171,0,0
23,-141,30,99,3751,-1163,0,0
30,-144,42,70,3739,-1167,0,0
30,-124,43,75,3709,-1164,0,0
35,-113,22,64,3677,-1145,0,0
42,-93,-6,79,3673,-1128,0,0
40,-66,-16,77,3766,-1100,0,0
24,-52,-17,67,3706,-1131,0,0
13,-11,-5,67,3640,-1081,0,0
8,8,-14,96,3657,-1116,0,0
-5,-14,-18,63,3675,-1113,0,0
-24,19,-29,86,3661,-1088,0,0
-38,23,-33,96,3642,-1121,0,0
-48,20,-42,112,3608,-1116,0,0
-53,18,-48,149,3654,-1096,0,0
-57,15,-40,134,3724,-1101,0,0
-70,59,-9,128,3783,-1074,0,0
-97,59,29,108,3829,-1103,0,0
-120,38,48,51,3684,-1117,0,0
-125,43,56,65,3666,-1105,0,0
-112,-12,19,45,3740,-1133,0,0
-105,-35,-22,50,3799,-1095,0,0
-104,-17,-19,65,3786,-1080,0,0
-101,-23,0,55,3760,-1098,0,0
-94,-50,-13,57,3757,-1101,0,0
-77,-64,-26,66,3743,-1088,0,0
-53,-42,-20,92,3753,-1062,0,0
-35,-34,-14,112,3839,-1040,0,0
-21,-40,-14,93,3772,-1040,0,0
-6,3,14,100,3729,-988,0,0
3,2,28,127,3771,-999,0,0
0,-67,22,102,3835,-991,0,0
-10,-58,33,88,3815,-982,0,0
-15,-29,61,73,3742,-1007,0,0
-8,-44,69,55,3738,-1010,0,0
9,-63,53,45,3770,-1001,0,0
20,-65,44,35,3815,-996,0,0
14,-56,45,47,3791,-988,0,0
4,-97,34,64,3794,-1007,0,0
5,-125,18,58,3705,-999,0,0
12,-93,18,97,3700,-999,0,0
22,-108,4,106,3782,-1005,0,0
17,-117,-18,112,3821,-1000,0,0
1,-112,2,107,3768,-1001,0,0
-12,-146,23,102,3766,-1039,0,0
-10,-212,10,74,3760,-1069,0,0
7,-201,16,38,3723,-1066,0,0
40,-119,44,29,3684,-1049,0,0
71,-64,42,47,3805,-1032,0,0
79,-29,21,36,3710,-1001,0,0
68,14,29,96,3628,-949,0,0
56,-33,22,95,3659,-949,0,0
50,-42,-7,92,3794,-926,0,0
37,26,1,80,3880,-923,0,0
13,131,62,49,3794,-935,0,0
-17,167,110,39,3749,-955,0,0
-39,121,105,4,3730,-988,0,0
-58,110,64,3,3699,-1018,0,0
-67,86,1,30,3709,-1042,0,0
-66,59,-51,46,3775,-1083,0,0
-54,88,-62,64,3752,-1093,0,0
-29,127,-46,119,3744,-1092,0,0
-2,58,-44,104,3763,-1125,0,0
18,68,-44,83,3765,-1060,0,0
29,159,-36,121,3754,-1025,0,0
25,171,-26,135,3711,-1033,0,0
5,130,-16,150,3724,-1022,0,0
-9,82,-7,138,3746,-1030,0,0
-22,68,1,158,3696,-1050,0,0
-32,20,1,172,3752,-1036,0,0
-37,-29,-11,173,3722,-1073,0,0
-33,-32,-6,184,3757,-1079,0,0
-24,-56,10,200,3791,-1107,0,0
-21,-113,37,172,3818,-1124,0,0
-13,-142,61,157,3783,-1140,0,0
7,-140,77,137,3686,-1138,0,0
24,-145,83,143,3677,-1132,0,0
36,-184,65,155,3693,-1112,0,0
43,-210,55,173,3688,-1071,0,0
43,-202,69,172,3765,-1038,0,0
34,-188,74,153,3885,-1087,0,0
29,-152,102,105,3782,-1086,0,0
29,-93,155,95,3705,-1106,0,0
42,-117,156,62,3721,-1127,0,0
45,-126,102,28,3764,-1098,0,0
34,-107,48,67,3674,-1075,0,0
5,-190,21,114,3600,-1058,0,0
-27,-322,-40,149,3681,-1059,0,0
-39,-372,-95,135,3707,-1080,0,0
-30,-290,-83,162,3691,-1054,0,0
-15,-206,-30,157,3791,-1054,0,0
-7,-99,7,103,3751,-1062,0,0
10,56,62,93,3627,-1004,0,0
27,169,88,72,3641,-983,0,0
8,237,57,89,3873,-979,0,0
-51,198,11,139,3900,-994,0,0
-114,77,13,114,3774,-1046,0,0
-142,6,10,123,3646,-1108,0,0
-127,-42,-6,109,3656,-1165,0,0
-94,-17,-14,113,3727,-1166,0,0
-57,-6,-20,136,3726,-1118,0,0
-46,-43,-39,161,3773,-1111,0,0
-45,-87,-58,174,3727,-1082,0,0
-31,-104,-52,200,3717,-1076,0,0
-4,-144,-36,187,3740,-1095,0,0
17,-123,-3,167,3804,-1058,0,0
40,-41,50,152,3778,-1001,0,0
53,45,118,130,3783,-1008,0,0
57,94,149,101,3766,-997,0,0
61,139,146,85,3749,-951,0,0
45,148,138,106,3794,-990,0,0
9,74,132,99,3763,-959,0,0
-38,-32,99,87,3694,-1030,0,0
-43,-78,35,73,3736,-1073,0,0
-8,14,-19,94,3762,-1042,0,0
2,87,-38,144,3789,-1061,0,0
-17,46,-58,180,3780,-1023,0,0
-39,-31,-74,192,3764,-999,0,0
-56,-54,-80,176,3734,-1012,0,0
-69,-47,-78,204,3678,-993,0,0
-70,-75,-65,199,3644,-977,0,0
-59,-48,-41,135,3674,-952,0,0
-49,95,-11,138,3803,-961,0,0
-26,165,15,119,3809,-985,0,0
6,192,51,45,3807,-947,0,0
7,260,81,23,3738,-980,0,0
-22,227,93,52,3762,-998,0,0
-43,85,75,43,3805,-1037,0,0
-56,0,49,62,3779,-1074,0,0
-67,-48,32,126,3762,-1097,0,0
-56,-101,17,142,3732,-1066,0,0
-27,-70,0,168,3712,-1035,0,0
1,-46,-21,220,3760,-1009,0,0
19,-38,-13,208,3659,-959,0,0
35,11,26,248,3599,-905,0,0
57,-51,20,231,3557,-895,0,0
65,-85,-12,250,3660,-834,0,0
53,-122,-60,303,3865,-846,0,0
28,-180,-95,297,3822,-870,0,0
-6,-181,-72,323,3853,-881,0,0
-9,-218,-49,302,4034,-963,0,0
3,-195,-60,220,4121,-994,0,0
-8,-56,-47,218,4021,-1013,0,0
-26,15,42,226,3734,-1069,0,0
-23,-1,164,211,3546,-1066,0,0
14,-45,218,166,3494,-1047,0,0
61,-23,170,145,3471,-1019,0,0
97,56,81,141,3577,-906,0,0
107,136,8,177,3778,-890,0,0
80,126,-22,199,3938,-894,0,0
21,43,-35,217,4006,-956,0,0
-18,-62,-17,158,3874,-1026,0,0
-33,-61,32,145,3796,-1072,0,0
-16,-53,26,103,3710,-1136,0,0
26,23,-23,86,3647,-1137,0,0
86,152,-62,105,3664,-1093,0,0
132,297,-72,104,3700,-1053,0,0
130,405,-68,138,3675,-1051,0,0
121,397,-78,164,3733,-946,0,0
100,351,-123,185,3743,-1014,0,0
54,351,-144,187,3722,-996,0,0
6,377,-134,244,3699,-993,0,0
-17,330,-131,230,3653,-1012,0,0
-40,344,-145,244,3662,-1004,0,0
-70,362,-151,298,3735,-1031,0,0
-95,314,-148,281,3719,-1084,0,0
-106,299,-121,307,3769,-1084,0,0
-102,223,-99,288,3748,-1156,0,0
-95,171,-74,261,3732,-1153,0,0
-77,125,-67,269,3882,-1219,0,0
-27,40,-58,191,3872,-1284,0,0
36,92,-5,141,3706,-1236,0,0
110,214,60,122,3627,-1206,0,0
182,322,63,136,3649,-1129,0,0
216,369,41,168,3722,-1027,0,0
188,366,40,194,3811,-996,0,0
126,297,50,216,3757,-977,0,0
68,181,64,200,3713,-964,0,0
31,98,54,171,3695,-991,0,0
0,106,8,166,3737,-1014,0,0
-29,150,-31,206,3705,-1034,0,0
-52,122,-48,232,3699,-1083,0,0
-63,66,-68,241,3707,-1136,0,0
-54,48,-98,252,3688,-1136,0,0
-32,98,-110,260,3675,-1129,0,0
-10,171,-96,282,3750,-1123,0,0
17,198,-84,274,3797,-1142,0,0
47,256,-69,253,3796,-1126,0,0
57,316,-55,283,3777,-1155,0,0
38,274,-59,262,3749,-1161,0,0
8,222,-65,256,3694,-1146,0,0
-18,146,-55,276,3631,-1157,0,0
-40,21,-47,266,3593,-1131,0,0
-53,-79,-63,267,3611,-1097,0,0
-51,-144,-85,280,3649,-1072,0,0
-46,-159,-79,274,3675,-1058,0,0
-41,-130,-55,292,3754,-1077,0,0
-16,-84,-29,229,3735,-1050,0,0
7,57,22,229,3768,-1025,0,0
6,128,75,202,3777,-1042,0,0
-21,120,101,189,3778,-1016,0,0
-47,16,98,162,3724,-1053,0,0
-61,-64,89,138,3691,-1067,0,0
-62,-103,46,154,3769,-1100,0,0
-49,-116,-18,150,3773,-1114,0,0
-42,-80,-28,192,3720,-1104,0,0
-31,-80,-7,206,3756,-1097,0,0
-13,-96,-11,205,3787,-1132,0,0
8,-47,-2,195,3764,-1080,0,0
24,12,21,225,3719,-1087,0,0
36,-35,18,192,3691,-1054,0,0
36,-43,9,202,3697,-994,0,0
27,-35,18,206,3687,-980,0,0
4,-32,24,224,3726,-973,0,0
-20,-78,17,246,3751,-977,0,0
-44,-116,32,222,3742,-1006,0,0
-57,-92,58,214,3715,-1030,0,0
-55,-79,66,200,3746,-1052,0,0
-48,-86,62,183,3742,-1094,0,0
-34,-50,73,167,3769,-1083,0,0
-10,-8,78,160,3745,-1099,0,0
7,16,77,136,3763,-1077,0,0
19,50,67,134,3779,-1041,0,0
25,55,52,151,3785,-1045,0,0
10,18,33,171,3754,-1033,0,0
-11,-28,-6,202,3708,-1037,0,0
-24,-80,-46,237,3657,-1045,0,0
-32,-118,-61,290,3654,-1051,0,0
-36,-170,-56,304,3784,-1084,0,0
-24,-172,-47,272,3795,-1085,0,0
6,-94,-15,282,3777,-1090,0,0
36,-64,19,249,3735,-1102,0,0
51,-36,32,210,3708,-1029,0,0
51,-50,29,194,3734,-1006,0,0
28,-102,34,168,3774,-1012,0,0
4,-121,38,148,3784,-1011,0,0
5,-111,27,110,3721,-1016,0,0
13,-44,26,118,3653,-1006,0,0
13,3,22,133,3668,-941,0,0
-15,-6,-19,151,3727,-974,0,0
-54,-29,-55,167,3631,-932,0,0
-83,-42,-59,213,3618,-935,0,0
-91,-86,-71,195,3712,-974,0,0
-104,-36,-80,183,3843,-960,0,0
-114,24,-51,192,3850,-988,0,0
-128,63,25,146,3791,-1000,0,0
-141,102,72,154,3781,-1033,0,0
-131,39,61,129,3748,-1040,0,0
-124,-14,25,135,3719,-1052,0,0
-110,-78,-7,164,3753,-1073,0,0
-77,-95,-23,171,3763,-1068,0,0
-29,-16,1,187,3783,-1035,0,0
12,58,38,229,3725,-950,0,0
14,1,50,227,3713,-921,0,0
-18,-91,41,272,3787,-864,0,0
-48,-222,32,279,3856,-931,0,0
-55,-241,54,217,3788,-929,0,0
-45,-158,103,246,3779,-959,0,0
-17,-153,131,207,3815,-992,0,0
14,-121,138,190,3769,-950,0,0
32,-112,155,192,3786,-905,0,0
30,-165,139,158,3832,-933,0,0
25,-170,93,170,3826,-895,0,0
24,-182,64,188,3750,-907,0,0
15,-211,56,194,3723,-921,0,0
6,-240,45,212,3774,-912,0,0
11,-236,40,205,3786,-929,0,0
20,-176,41,217,3816,-947,0,0
32,-140,38,220,3832,-944,0,0
32,-106,42,208,3813,-948,0,0
19,-85,52,194,3679,-954,0,0
5,-97,58,211,3642,-921,0,0
0,-152,44,185,3732,-955,0,0
1,-130,3,204,3849,-941,0,0
-1,-101,-19,242,3748,-927,0,0
-25,-111,4,243,3702,-915,0,0
-41,-149,3,237,3729,-913,0,0
-41,-164,-10,225,3713,-914,0,0
-39,-120,-5,246,3818,-913,0,0
-32,-73,-8,252,3732,-911,0,0
-31,-8,14,265,3589,-855,0,0
-17,23,26,294,3624,-837,0,0
-1,1,-4,321,3858,-834,0,0
-8,1,-47,308,3987,-851,0,0
-18,59,-44,324,3974,-835,0,0
-25,86,26,289,3855,-836,0,0
-58,118,106,269,3748,-861,0,0
-89,70,124,280,3698,-864,0,0
-99,-35,69,236,3718,-900,0,0
-95,-65,-11,260,3746,-918,0,0
-86,-80,-48,287,3793,-931,0,0
-67,-83,-54,288,3833,-928,0,0
-42,-64,-56,306,3768,-897,0,0
-36,-84,-46,318,3784,-873,0,0
-28,-103,-42,271,3854,-881,0,0
-9,-50,-32,270,3887,-873,0,0
-2,-30,8,234,3772,-886,0,0
-15,-9,70,188,3704,-871,0,0
-12,-11,93,168,3688,-875,0,0
-3,-52,81,147,3706,-890,0,0
-7,-112,56,162,3813,-886,0,0
-17,-209,40,150,3849,-917,0,0
-27,-242,60,122,3751,-949,0,0
-13,-239,86,142,3681,-957,0,0
13,-265,79,145,3804,-948,0,0
16,-300,33,159,3859,-943,0,0
2,-355,15,168,3826,-894,0,0
-12,-404,29,164,3701,-901,0,0
-5,-444,41,145,3731,-906,0,0
28,-434,35,97,3901,-889,0,0
51,-286,44,54,3936,-903,0,0
48,-112,77,63,3826,-910,0,0
54,-82,100,42,3744,-937,0,0
71,-102,102,-11,3721,-951,0,0
79,-53,89,-20,3713,-966,0,0
80,-12,45,11,3751,-951,0,0
75,-1,-28,40,3701,-966,0,0
67,2,-75,112,3688,-944,0,0
57,-23,-87,154,3680,-958,0,0
40,-31,-82,167,3714,-932,0,0
29,0,-80,172,3729,-934,0,0
22,61,-73,187,3722,-935,0,0
5,89,-58,212,3746,-944,0,0
-16,77,-32,203,3757,-968,0,0
-32,88,2,193,3749,-992,0,0
-38,108,37,198,3739,-1017,0,0
-38,91,58,189,3817,-1034,0,0
-37,55,59,154,3781,-1072,0,0
-26,76,76,151,3753,-1065,0,0
2,48,75,138,3765,-1102,0,0
23,31,48,108,3792,-1086,0,0
31,62,32,139,3778,-1058,0,0
34,44,30,132,3722,-1044,0,0
29,30,14,136,3706,-1017,0,0
24,12,-17,155,3722,-1002,0,0
18,7,-34,165,3716,-968,0,0
1,22,-33,195,3710,-950,0,0
-21,-13,-37,207,3758,-936,0,0
-49,-51,-40,204,3745,-964,0,0
-66,-32,-18,208,3738,-960,0,0
-64,-25,-1,226,3724,-978,0,0
-62,-46,1,216,3764,-974,0,0
-69,-33,15,213,3802,-980,0,0
-75,-26,39,192,3764,-1010,0,0
-72,-29,46,192,3739,-1015,0,0
-61,-63,38,189,3775,-1016,0,0
-55,-122,32,155,3789,-1040,0,0
-52,-143,33,142,3753,-1028,0,0
-39,-148,26,147,3790,-1012,0,0
-20,-154,3,137,3789,-1056,0,0
9,-95,-3,159,3753,-1011,0,0
45,-57,1,185,3751,-1011,0,0
66,-78,-4,176,3789,-992,0,0
66,-65,-1,189,3811,-953,0,0
62,-50,17,180,3784,-975,0,0
57,-29,27,184,3731,-979,0,0
59,-37,19,192,3706,-977,0,0
60,-46,20,187,3714,-974,0,0
55,-23,31,198,3722,-961,0,0
44,-9,37,198,3762,-944,0,0
23,-14,37,178,3750,-975,0,0
7,27,53,160,3671,-934,0,0
1,49,51,175,3682,-955,0,0
-9,6,25,150,3750,-954,0,0
-32,23,13,146,3755,-952,0,0
-39,73,14,148,3684,-952,0,0
-32,108,-1,173,3723,-958,0,0
-31,118,-12,181,3809,-963,0,0
-44,146,-5,209,3833,-987,0,0
-55,138,11,199,3781,-1002,0,0
-62,121,21,204,3733,-1006,0,0
-62,54,16,197,3771,-1042,0,0
-47,34,8,152,3751,-1019,0,0
-23,83,4,196,3777,-1024,0,0
1,48,-19,190,3807,-1037,0,0
3,51,-30,222,3807,-1005,0,0
1,46,-21,234,3761,-1002,0,0
-3,24,-17,233,3686,-990,0,0
-10,-42,-29,252,3633,-955,0,0
-26,-122,-52,277,3763,-951,0,0
-49,-186,-67,288,3830,-1028,0,0
-44,-202,-52,260,3805,-1011,0,0
-11,-152,18,229,3795,-1007,0,0
9,-106,100,184,3712,-1006,0,0
26,-72,129,175,3687,-919,0,0
44,-91,76,195,3775,-935,0,0
48,-137,20,181,3884,-945,0,0
41,-84,46,163,3852,-991,0,0
66,46,128,105,3755,-979,0,0
90,179,161,102,3747,-977,0,0
81,197,112,104,3771,-981,0,0
51,153,27,127,3713,-971,0,0
21,101,-20,152,3686,-988,0,0
-8,40,-38,179,3775,-1046,0,0
-28,-11,-78,171,3756,-1069,0,0
-27,-8,-120,227,3740,-1085,0,0
-13,-69,-152,267,3731,-1120,0,0
-11,-128,-165,273,3722,-1122,0,0
-4,-117,-157,307,3715,-1105,0,0
15,-117,-131,312,3712,-1111,0,0
15,-127,-87,340,3745,-1074,0,0
-4,-225,-46,330,3771,-1085,0,0
-22,-297,-6,257,3763,-1123,0,0
-4,-273,41,224,3687,-1156,0,0
55,-185,90,164,3663,-1117,0,0
100,-46,138,149,3678,-1122,0,0
122,25,184,141,3686,-1030,0,0
119,24,212,122,3692,-985,0,0
82,-10,207,107,3678,-974,0,0
35,-52,177,71,3698,-955,0,0
8,-40,125,34,3702,-968,0,0
-13,18,81,33,3728,-995,0,0
-45,54,58,22,3739,-980,0,0
-96,60,40,40,3749,-1017,0,0
-143,5,2,60,3721,-1036,0,0
-176,-55,-47,87,3740,-1012,0,0
-203,-154,-124,115,3818,-1084,0,0
-215,-222,-173,86,3746,-1033,0,0
-209,-178,-178,128,3721,-1019,0,0
-186,-165,-188,93,3659,-963,0,0
-199,-103,-177,83,3701,-849,0,0
-241,-76,-159,41,3677,-807,0,0
-300,-71,-152,60,3664,-774,0,0
-337,-158,-154,76,3777,-781,0,0
-336,-220,-141,13,3862,-780,0,0
-319,-162,-100,27,3875,-792,0,0
-277,-130,-21,7,3835,-755,0,0
-232,-100,70,5,3866,-749,0,0
-176,-111,126,-18,3831,-724,0,0
-104,-86,153,-22,3811,-647,0,0
-41,-59,147,0,3789,-638,0,0
13,-53,118,59,3819,-607,0,0
82,-101,64,90,4174,-633,0,0
166,-61,-4,-4,4382,-621,0,0
189,200,7,25,4123,-585,0,0
146,385,134,101,3826,-572,0,0
119,338,224,172,3674,-547,0,0
104,155,209,131,3590,-522,0,0
59,122,97,129,3715,-523,0,0
19,125,-41,190,3804,-539,0,0
-20,84,-109,205,3895,-527,0,0
-76,56,-126,225,3837,-543,0,0
-138,2,-105,226,3735,-560,0,0
-172,-34,-77,223,3745,-591,0,0
-145,-50,-96,196,3898,-594,0,0
-107,-8,-140,170,3908,-595,0,0
-84,106,-144,120,3856,-588,0,0
-54,219,-120,87,3986,-616,0,0
-8,287,-140,56,3987,-618,0,0
11,360,-169,-8,4050,-603,0,0
4,452,-142,12,3763,-602,0,0
5,374,-52,28,3709,-613,0,0
46,188,-2,-100,3906,-648,0,0
87,219,3,-202,3920,-651,0,0
96,346,30,-143,3841,-665,0,0
100,323,64,-95,3757,-642,0,0
89,245,52,-67,3870,-656,0,0
64,138,-14,3,3933,-661,0,0
37,-16,-50,13,3791,-670,0,0
26,-64,-9,21,3757,-676,0,0
51,-56,33,7,3932,-726,0,0
84,-20,44,-17,3898,-760,0,0
103,40,62,15,3784,-751,0,0
136,45,75,8,3818,-787,0,0
169,86,75,-24,3838,-775,0,0
158,181,93,-1,3866,-756,0,0
119,197,106,13,3774,-780,0,0
78,175,102,36,3592,-744,0,0
31,112,79,94,3669,-767,0,0
-3,-47,16,105,3880,-817,0,0
-9,-139,-43,97,3906,-883,0,0
53,-166,-75,81,3806,-933,0,0
152,-79,-53,-8,3825,-866,0,0
190,178,3,93,3858,-903,0,0
191,199,55,160,3818,-839,0,0
168,74,84,140,3748,-834,0,0
144,-4,85,123,3747,-858,0,0
143,-24,69,111,3850,-830,0,0
130,23,73,95,3859,-884,0,0
97,67,91,108,3748,-889,0,0
68,32,92,108,3689,-878,0,0
37,1,69,114,3681,-929,0,0
9,-16,35,156,3640,-929,0,0
-2,-49,10,176,3709,-907,0,0
-15,-68,-8,184,3769,-974,0,0
-28,-63,-6,194,3755,-969,0,0
-30,-49,15,230,3739,-991,0,0
-25,-70,35,202,3764,-1024,0,0
-32,-70,42,225,3800,-1043,0,0
-24,-103,51,207,3805,-1080,0,0
-9,-90,78,165,3769,-1102,0,0
3,-30,98,132,3724,-1103,0,0
18,23,93,116,3729,-1072,0,0
12,25,69,144,3733,-1052,0,0
-22,-2136,36,147,3690,-1074,0,0
-38,-168,9,129,3668,-1065,0,0
-15,-90,15,116,3608,-994,0,0
11,41,18,144,3771,-986,0,0
20,112,-22,171,3829,-936,0,0
-6,149,-25,219,3815,-894,0,0
-54,76,14,229,3808,-919,0,0
-115,-51,29,201,3777,-952,0,0
-172,-179,18,188,3769,-1015,0,0
-189,-273,28,160,3714,-1073,0,0
-175,-285,56,136,3716,-1117,0,0
-141,-220,59,107,3723,-1113,0,0
-106,-2152,37,153,3753,-1076,0,0
-71,-80,14,166,3731,-1039,0,0
-40,-62,12,182,3718,-958,0,0
-20,-44,12,203,3729,-914,0,0
-16,-64,-1,216,3728,-871,0,0
-12,-121,-32,237,3751,-815,0,0
-1,-171,-54,208,3683,-783,0,0
-1,-157,-55,252,3682,-763,0,0
16,-226,-93,299,3957,-776,0,0
47,-259,-187,244,4044,-786,0,0
64,-65,-245,298,3917,-764,0,0
70,120,-189,332,3835,-785,0,0
75,243,-74,338,3741,-855,0,0
112,334,26,327,3785,-837,0,0
153,370,23,311,4048,-863,0,0
127,424,-34,237,3898,-877,0,0
26,547,12,311,3422,-831,0,0
-41,351,127,362,3439,-903,0,0
-32,-39,150,184,3767,-996,0,0
-22,-127,82,111,3948,-1042,0,0
-13,-33,57,119,3860,-1084,0,0
19,82,110,97,3678,-1095,0,0
57,174,180,85,3693,-1105,0,0
66,167,177,84,3866,-1089,0,0
27,107,96,111,3836,-1054,0,0
-35,-18,13,202,3659,-1046,0,0
-67,-247,-22,215,3568,-1060,0,0
-61,-363,-27,200,3752,-1077,0,0
-30,-327,-45,165,3883,-1086,0,0
-7,-180,-43,197,3863,-1071,0,0
7,-112,-9,214,3790,-1075,0,0
17,-119,27,178,3708,-1082,0,0
26,-126,45,175,3697,-1083,0,0
41,-146,45,158,3717,-1083,0,0
50,-139,18,166,3755,-1062,0,0
50,-165,-11,163,3722,-1095,0,0
58,-149,1,152,3679,-1063,0,0
77,-109,10,170,3675,-1082,0,0
86,-107,2,160,3695,-1052,0,0
76,-81,8,167,3711,-1019,0,0
62,-55,21,177,3685,-1015,0,0
45,-49,29,182,3692,-1025,0,0
33,-36,31,184,3724,-1032,0,0
17,-34,45,186,3729,-1078,0,0
-2,-49,71,145,3660,-1097,0,0
0,-24,60,142,3696,-1074,0,0
5,-18,30,122,3786,-1149,0,0
-5,61,38,125,3693,-1122,0,0
-6,95,42,150,3660,-1112,0,0
-6,63,7,111,3662,-1085,0,0
-47,118,-29,153,3672,-1025,0,0
-97,120,-53,155,3628,-994,0,0
-156,133,-70,145,3595,-955,0,0
-228,136,-113,154,3606,-940,0,0
-292,105,-161,135,3638,-885,0,0
-334,97,-199,135,3658,-841,0,0
-341,78,-219,144,3714,-805,0,0
-320,44,-231,170,3992,-791,0,0
-273,37,-228,145,4038,-764,0,0
-242,133,-164,155,3943,-720,0,0
-229,167,-95,170,3914,-713,0,0
-226,47,-85,193,3961,-732,0,0
-208,-135,-74,161,3919,-732,0,0
-167,-182,-3,118,3911,-772,0,0
-94,-123,68,55,3905,-785,0,0
-10,-43,102,7,3898,-773,0,0
62,-26,116,27,3912,-796,0,0
144,-83,132,7,3914,-771,0,0
224,-68,164,6,3927,-729,0,0
283,-45,188,-25,3934,-748,0,0
311,70,212,-89,3794,-617,0,0
290,171,209,-26,3801,-674,0,0
251,100,158,-81,3637,-579,0,0
154,144,107,-82,3672,-527,0,0
41,181,29,-63,3655,-528,0,0
-69,174,-64,-83,3545,-448,0,0
-197,188,-167,-36,3683,-474,0,0
-296,93,-293,45,3923,-566,0,0
-343,-39,-394,62,3963,-632,0,0
-331,-54,-403,69,3990,-685,0,0
-275,-10,-348,67,4075,-749,0,0
-212,61,-265,59,3979,-751,0,0
-161,132,-162,92,3909,-740,0,0
-106,113,-104,107,3894,-757,0,0
-51,44,-85,91,3886,-735,0,0
-6,42,-35,87,3858,-729,0,0
38,59,39,85,3853,-725,0,0
79,35,82,57,3902,-730,0,0
108,11,108,38,3907,-721,0,0
127,15,151,17,3877,-729,0,0
142,42,190,-10,3857,-737,0,0
147,45,193,-9,3925,-757,0,0
140,20,168,-15,3884,-791,0,0
137,32,154,-14,3754,-767,0,0
134,48,151,-2,3760,-780,0,0
124,32,124,31,3814,-814,0,0
125,-14,83,102,3845,-842,0,0
170,-65,78,98,3828,-855,0,0
225,1,120,96,3799,-849,0,0
262,70,143,131,3795,-834,0,0
279,59,136,148,3781,-821,0,0
274,63,150,139,3704,-778,0,0
243,87,160,151,3678,-762,0,0
181,31,119,186,3750,-789,0,0
114,-24,82,166,3666,-818,0,0
73,47,96,194,3645,-823,0,0
63,33,80,219,3708,-889,0,0
28,9,48,190,3770,-884,0,0
-32,79,31,244,3775,-938,0,0
-66,61,35,261,3708,-988,0,0
-88,10,42,256,3702,-1041,0,0
-88,-30,36,237,3700,-1064,0,0
-77,-4,19,235,3713,-1072,0,0
-71,33,-3,248,3731,-1089,0,0
-73,33,-23,276,3753,-1078,0,0
-75,-7,-37,307,3731,-1104,0,0
-69,-46,-36,292,3688,-1079,0,0
-54,-34,-36,332,3741,-1077,0,0
-34,-86,-49,324,3740,-1060,0,0
-29,-89,-57,330,3758,-1050,0,0
-2,-76,-56,327,3764,-1065,0,0
46,-25,-18,292,3800,-1024,0,0
68,102,52,266,3827,-994,0,0
53,152,102,275,3788,-973,0,0
28,54,109,264,3708,-966,0,0
12,-45,87,227,3701,-985,0,0
11,-53,41,235,3742,-1004,0,0
15,-53,-1,250,3731,-1017,0,0
20,-16,5,271,3726,-999,0,0
27,-7,3,320,3728,-989,0,0
18,-101,-34,324,3737,-1024,0,0
5,-130,-57,327,3777,-1013,0,0
22,-120,-47,335,3788,-1057,0,0
49,-69,8,271,3734,-1057,0,0
56,56,62,288,3638,-1013,0,0
51,66,66,287,3659,-998,0,0
28,31,33,273,3661,-991,0,0
1,2,9,304,3657,-972,0,0
-19,-64,-14,310,3740,-1008,0,0
-21,-48,-31,270,3706,-1019,0,0
-5,104,-4,319,3738,-1003,0,0
18,168,35,303,3802,-1037,0,0
16,208,57,262,3813,-1014,0,0
2,247,70,251,3830,-997,0,0
-18,213,72,231,3727,-1036,0,0
-55,126,58,244,3634,-1041,0,0
-75,-6,-7,257,3692,-1087,0,0
-63,-102,-93,265,3758,-1112,0,0
-52,-75,-124,280,3754,-1117,0,0
-35,-12,-106,321,3728,-1099,0,0
-15,-8,-85,345,3746,-1083,0,0
-1,-37,-86,335,3662,-1065,0,0
11,-25,-79,365,3695,-1020,0,0
26,-54,-88,354,3774,-1047,0,0
29,-27,-88,299,3864,-1004,0,0
16,59,-34,298,3810,-1027,0,0
1,61,67,256,3657,-1051,0,0
1,14,101,235,3634,-1030,0,0
13,-25,34,238,3707,-1044,0,0
10,-42,-29,256,3823,-1062,0,0
1,-43,-11,237,3853,-1087,0,0
1,-28,42,216,3785,-1115,0,0
9,-46,56,214,3749,-1136,0,0
27,-99,36,195,3623,-1111,0,0
53,-117,8,215,3588,-1077,0,0
73,-143,-58,243,3716,-1074,0,0
67,-129,-101,230,3790,-1041,0,0
43,-67,-60,251,3736,-1022,0,0
19,-57,27,223,3690,-1055,0,0
5,-84,34,213,3716,-1068,0,0
12,-94,-12,198,3764,-1081,0,0
8,-18,11,197,3812,-1117,0,0
6,31,67,175,3699,-1121,0,0
19,30,69,157,3543,-1056,0,0
14,-8,17,178,3610,-1085,0,0
11,-78,-57,174,3623,-1052,0,0
7,-44,-85,188,3738,-1040,0,0
-7,6,-70,199,3833,-1119,0,0
-33,35,7,165,3778,-1056,0,0
-59,78,76,181,3676,-1083,0,0
-64,22,59,169,3666,-1090,0,0
-72,-5,-10,203,3798,-1092,0,0
-80,-35,-34,204,3866,-1166,0,0
-75,-15,3,177,3645,-1146,0,0
-49,1,48,210,3515,-1086,0,0
-21,-90,23,200,3665,-1085,0,0
-13,-103,-54,202,3830,-1039,0,0
-20,-26,-64,225,3809,-1029,0,0
-37,37,31,226,3745,-1048,0,0
-52,38,100,224,3788,-1106,0,0
-42,-26,87,190,3859,-1080,0,0
-39,-34,58,147,3868,-1128,0,0
-42,-7,77,162,3659,-1139,0,0
-19,-74,114,174,3439,-1053,0,0
23,-165,58,151,3629,-1063,0,0
63,-120,-80,112,3812,-985,0,0
56,134,-114,136,3831,-935,0,0
3,337,-27,216,3874,-931,0,0
-64,216,10,293,3933,-1038,0,0
-99,-97,-12,182,3686,-1018,0,0
-110,-150,2,172,3525,-1053,0,0
-67,-150,5,207,3511,-1032,0,0
-14,-175,-58,249,3758,-1020,0,0
18,-107,-127,252,3904,-987,0,0
16,5,-84,314,3882,-968,0,0
-7,-17,49,280,3878,-1013,0,0
-28,-99,116,205,3898,-1075,0,0
-18,-132,109,136,3759,-1077,0,0
5,-79,105,140,3606,-1097,0,0
36,-76,91,148,3628,-1060,0,0
57,-122,26,164,3752,-1052,0,0
72,-154,-44,167,3777,-1017,0,0
79,-103,-57,212,3745,-1010,0,0
86,-80,-46,215,3754,-1025,0,0
81,-35,-35,215,3810,-1004,0,0
67,-6,-19,208,3762,-1003,0,0
45,-4,6,183,3667,-1007,0,0
29,-29,-1,194,3625,-1013,0,0
26,-62,-23,186,3637,-1031,0,0
28,-66,-30,181,3630,-1052,0,0
41,-17,-24,173,3659,-1020,0,0
49,77,-11,170,3790,-1025,0,0
22,162,3,187,3904,-1056,0,0
-24,128,19,184,3815,-1107,0,0
-51,20,52,155,3629,-1138,0,0
-52,-101,53,90,3592,-1204,0,0
-32,-107,5,45,3722,-1238,0,0
6,-40,-50,92,3791,-1248,0,0
40,4,-53,96,3735,-1227,0,0
67,36,-38,119,3654,-1199,0,0
104,49,-21,57,3641,-1165,0,0
126,135,9,12,3677,-1142,0,0
124,188,29,-4,3681,-1141,0,0
89,165,22,-18,3703,-1119,0,0
35,85,3,-1,3775,-1195,0,0
-6,19,-16,-46,3727,-1215,0,0
-30,59,-28,3,3701,-1264,0,0
-34,41,-53,8,3621,-1292,0,0
-44,62,-72,40,3587,-1273,0,0
-58,74,-69,103,3590,-1280,0,0
-86,36,-50,111,3710,-1292,0,0
-120,0,-28,124,3668,-1295,0,0
-141,-51,16,135,3649,-1270,0,0
-141,-130,35,121,3927,-1290,0,0
-130,-158,30,76,3901,-1246,0,0
-123,-104,64,89,3643,-1158,0,0
-92,-124,85,82,3610,-1141,0,0
-38,-133,59,72,3689,-1113,0,0
4,-41,55,115,3798,-1073,0,0
18,2,70,149,3795,-1068,0,0
15,-34,81,152,3734,-1012,0,0
14,-59,90,156,3710,-1010,0,0
20,-51,81,153,3702,-1030,0,0
23,-27,49,182,3657,-1018,0,0
21,-40,12,206,3694,-1018,0,0
10,-55,-12,232,3825,-1025,0,0
1,-38,-19,221,3814,-1035,0,0
12,60,11,210,3622,-973,0,0
28,141,54,250,3639,-967,0,0
33,122,56,185,3692,-978,0,0
19,177,49,218,3728,-961,0,0
8,173,46,223,3737,-985,0,0
-19,163,65,195,3789,-1016,0,0
-50,145,79,178,3809,-1038,0,0
-68,114,77,144,3689,-1077,0,0
-91,79,77,146,3665,-1075,0,0
-112,-3,63,128,3684,-1085,0,0
-132,-62,39,136,3767,-1079,0,0
-147,-85,27,132,3795,-1062,0,0
-164,-53,14,161,3844,-1035,0,0
-179,-96,-42,187,3953,-1003,0,0
-200,-163,-99,159,3765,-1011,0,0
-204,-127,-112,237,3557,-984,0,0
-140,-168,-189,342,3624,-979,0,0
-40,-221,-316,365,3719,-923,0,0
42,-155,-378,419,3910,-836,0,0
125,-49,-348,392,3932,-819,0,0
166,183,-212,414,3800,-797,0,0
170,346,-34,456,3712,-883,0,0
184,387,81,701,4032,-1180,0,0
151,300,199,961,3864,-1638,0,0
228,-119,452,1078,3613,-2269,0,0
571,-727,634,835,3868,-2825,0,0
1067,-574,666,1030,4300,-3607,0,0
1610,-491,828,1210,4596,-3774,0,0
2048,-375,1000,1172,4656,-3562,0,0
2356,-244,1065,1325,4499,-3401,0,0
2575,-386,1114,1384,4318,-3179,0,0
2666,-512,1126,1351,4050,-3095,0,0
2691,-610,1150,1137,3735,-2891,0,0
2609,-585,1161,1057,3245,-2742,0,0
2494,-928,1162,710,2747,-2962,0,0
2338,-950,1110,404,1882,-2830,0,0
2098,-1153,1026,250,1077,-3200,0,0
1896,-1279,881,21,367,-3213,0,0
1666,-1207,632,22,51,-3500,0,0
1559,-1366,368,105,-107,-2871,0,0
1487,-1593,19,-617,-483,-2201,0,0
1256,-1358,-346,-765,-515,-2103,0,0
938,-524,-252,-753,-769,-1436,0,0
451,492,-50,-752,-1330,-1436,0,0
-7,700,108,-486,-1502,-2166,0,0
-242,259,300,-675,-1492,-2697,0,0
-355,198,348,-562,-1286,-3097,0,0
-327,90,255,-430,-1081,-3233,0,0
-183,-60,146,-465,-803,-3022,0,0
-64,45,79,-439,-555,-2712,0,0
-85,339,58,-329,-426,-2678,0,0
-100,382,97,-348,-190,-2906,0,0
-87,279,52,-578,-262,-3276,0,0
-248,692,-47,-570,-452,-4004,0,0
-431,735,-162,-91,-490,-5310,0,0
-272,-699,-250,338,-515,-7029,0,0
28,-2484,-258,-1499,-1142,-8391,0,0
58,-1110,-317,-2064,-1306,-9867,0,0
269,-13,-252,-1145,-1900,-10140,0,0
652,-1218,-119,-1344,-2426,-8649,0,0
627,-1804,63,-1244,-2574,-7115,0,0
255,-1708,306,-2204,-1627,-3840,0,0
-370,843,372,-835,62,1575,0,0
-1519,1281,6,310,1114,554,0,0
-1807,-159,299,-1127,-2949,-827,0,0
-884,48,265,-1379,-1088,687,0,0
-101,981,-929,-536,305,-3128,0,0
661,1730,-1029,160,-383,-3975,0,0
1101,492,-661,309,169,-2568,0,0
637,65,-342,-602,-508,-1715,0,0
-393,267,-37,-224,591,-3053,0,0
-399,-362,-54,43,1264,-1421,0,0
10,54,-190,909,800,771,0,0
191,-42,309,903,-1578,924,0,0
833,-84,392,738,-2645,-588,0,0
976,-66,122,56,-1402,-3141,0,0
144,901,250,-1139,-1099,-5108,0,0
-846,1615,709,-2390,-1273,-7560,0,0
-1176,1217,493,-2501,-796,-9989,0,0
-706,382,-151,-1251,-678,-9649,0,0
-540,-4,-421,-280,71,-8374,0,0
-631,-230,-238,300,-121,-7565,0,0
-361,-492,-295,-107,-292,-6707,0,0
-66,25,-351,296,-529,-6186,0,0
329,-356,-247,227,-428,-4587,0,0
549,-166,-209,240,-465,-3546,0,0
597,-82,-190,228,-624,-3124,0,0
621,-27,-150,129,-339,-2786,0,0
624,169,-16,138,-1,-3443,0,0
419,250,142,-181,-250,-4762,0,0
285,-71,244,-117,-960,-7154,0,0
597,-985,186,-718,-2060,-9031,0,0
904,-1151,56,-1183,-3668,-8656,0,0
733,709,114,-615,-2051,-4980,0,0
-296,1406,468,326,254,-137,0,0
-2075,-409,277,-2146,2625,768,0,0
-2041,-611,-269,-2309,-1780,-1624,0,0
-167,55,-493,-915,-2672,-756,0,0
484,761,-593,1338,395,-1182,0,0
570,-503,-310,1155,-1341,-2205,0,0
698,-692,-15,629,-1502,-2892,0,0
376,160,-2,-17,-796,-1523,0,0
-430,661,-1,119,599,-1746,0,0
-546,433,-82,-722,1168,-841,0,0
-392,1140,-10,9,703,-644,0,0
70,320,118,-75,-471,-825,0,0
833,0,-73,606,-1625,-1319,0,0
688,-360,279,418,-2239,-3351,0,0
-144,-114,402,380,-1292,-5408,0,0
-1132,225,335,8,-903,-7653,0,0
-1488,118,337,-523,-198,-7645,0,0
-1238,4,159,-415,9,-6978,0,0
-1239,-4,22,-110,286,-7294,0,0
-1012,-247,-117,-122,202,-7073,0,0
-546,-153,-162,12,274,-6510,0,0
-141,-172,-83,-30,314,-5745,0,0
212,-253,2,-199,293,-4919,0,0
469,-177,4,-307,213,-4375,0,0
608,-173,-45,-305,190,-3924,0,0
701,-81,-92,-268,402,-3738,0,0
716,-33,-32,-175,507,-4103,0,0
552,131,78,-417,327,-4860,0,0
407,727,176,-751,-69,-6436,0,0
525,947,160,312,-831,-8060,0,0
631,-1016,-92,-134,-1584,-9770,0,0
570,-749,-355,232,-1263,-9013,0,0
275,-405,-119,226,1007,-4246,0,0
-580,-1122,242,-721,2233,1597,0,0
-1316,-2516,340,-636,-3163,1017,0,0
-572,-2056,81,-2562,-4555,1639,0,0
-116,1940,-786,500,57,-1281,0,0
262,148,-806,15,474,-1233,0,0
587,130,-487,253,570,-2766,0,0
300,431,-195,-128,-52,-1814,0,0
-710,752,73,521,208,-3216,0,0
-750,224,161,-382,639,-3067,0,0
-167,1173,400,190,890,-2100,0,0
264,770,537,72,-489,-2029,0,0
1166,-33,260,-45,-1642,-2631,0,0
2076,-339,57,-74,-2195,-3271,0,0
1221,214,362,-81,-2039,-4077,0,0
-183,209,542,-112,-6,-5294,0,0
-1452,-160,968,-2147,-736,-7567,0,0
-1196,557,662,-2004,-1074,-6891,0,0
-1127,308,-50,-1023,-541,-6542,0,0
-1174,-246,-414,-812,-39,-6508,0,0
-638,113,-391,-340,21,-6233,0,0
-126,163,-256,-228,-24,-5225,0,0
164,170,-287,-84,-89,-4181,0,0
353,-32,-314,-115,-278,-3474,0,0
342,6,-284,-78,-590,-3035,0,0
284,-207,-304,-45,-723,-2822,0,0
231,-141,-281,-53,-579,-2656,0,0
175,-146,-210,-7,-362,-2642,0,0
85,-240,-144,-213,-383,-2610,0,0
-58,-108,-95,-195,-212,-3156,0,0
-63,-173,-111,-496,-45,-3378,0,0
-114,318,-90,-197,190,-3920,0,0
-121,142,6,-333,150,-4464,0,0
-186,353,123,-443,122,-6019,0,0
-119,491,244,-568,86,-8261,0,0
337,359,178,-431,-454,-9801,0,0
999,-524,-1,-544,-853,-9898,0,0
1326,-881,-281,-553,-416,-8333,0,0
786,-1100,-541,-529,111,-6607,0,0
-361,439,-416,301,419,-2385,0,0
-1266,1045,19,864,-423,-48,0,0
-1015,-1237,-122,-1107,-3352,652,0,0
9,-1060,-290,-1415,-1437,837,0,0
272,-336,-355,-372,490,-761,0,0
496,-515,-196,-350,-928,-2006,0,0
455,-314,-210,-470,97,-2552,0,0
-527,724,-342,218,89,-3205,0,0
-698,576,-152,-389,304,-3168,0,0
-131,1462,-46,-257,1254,-1830,0,0
345,1418,278,-19,186,-1901,0,0
1402,897,217,-347,-1516,-1927,0,0
2132,363,-146,741,-2544,-1218,0,0
1045,-1065,-91,354,-2784,-1919,0,0
-537,-1180,-74,237,-2278,-4657,0,0
-1689,-149,226,-498,-117,-7596,0,0
-1988,792,222,-41,480,-8363,0,0
-1689,393,172,-260,103,-7797,0,0
-1199,-54,287,-485,113,-7656,0,0
-568,-214,158,-1027,176,-6519,0,0
-105,251,-81,-350,329,-5748,0,0
323,-65,-191,-297,224,-4067,0,0
425,198,-84,143,-62,-3623,0,0
474,-43,64,-60,-407,-3380,0,0
499,49,89,117,-765,-3339,0,0
598,-79,116,82,-903,-3044,0,0
548,-44,172,109,-837,-2798,0,0
377,11,216,152,-938,-2632,0,0
193,-136,307,154,-921,-2903,0,0
29,-186,337,-31,-910,-3066,0,0
-154,-142,298,-45,-724,-3309,0,0
-316,-55,260,-266,-663,-3374,0,0
-492,205,234,-65,-463,-3644,0,0
-558,-40,228,-228,-384,-3556,0,0
-609,-42,232,-308,-255,-3914,0,0
-525,147,290,-226,-113,-3868,0,0
-533,247,357,-56,104,-3301,0,0
-386,60,307,-81,404,-3655,0,0
-214,203,333,-28,652,-3764,0,0
-99,340,545,336,816,-3862,0,0
4,435,661,280,749,-3909,0,0
-208,613,706,407,672,-5260,0,0
-354,742,679,372,702,-7097,0,0
-172,426,521,714,258,-9722,0,0
411,-734,504,362,-298,-10721,0,0
1119,-2131,509,216,-212,-9559,0,0
1020,-3208,621,27,52,-7032,0,0
-184,-2831,598,-1600,601,-4699,0,0
-1149,241,-42,-1707,1326,-398,0,0
-1571,1558,-1214,1479,752,-845,0,0
-947,-631,-819,-1171,-3096,1161,0,0
-98,112,-183,-1276,-1380,1263,0,0
165,420,-747,-569,-1103,102,0,0
0,518,-718,406,-804,-376,0,0
-205,387,-230,173,312,-1359,0,0
-827,1204,-30,652,1241,-2111,0,0
-1293,718,88,748,1856,-3009,0,0
-910,141,114,-268,1379,-2909,0,0
-360,893,227,26,405,-3076,0,0
428,311,222,328,-1111,-4086,0,0
1462,-389,115,-809,-1201,-3298,0,0
1024,1064,422,-160,283,-2384,0,0
-1014,1823,214,697,3928,-7824,0,0
-2287,-74,-51,712,3022,-9531,0,0
-1425,-927,156,-996,3392,-7123,0,0
-1003,1074,7,521,2426,-8714,0,0
-497,-24,-284,851,1338,-7933,0,0
163,-674,-356,257,1154,-6242,0,0
748,156,-122,406,1032,-4818,0,0
1042,81,81,470,968,-3443,0,0
1033,-2216,57,312,793,-2380,0,0
860,-96,31,327,525,-2090,0,0
667,-261,117,276,294,-2094,0,0
521,-411,214,17,296,-2050,0,0
412,-256,235,37,342,-2120,0,0
265,-230,248,210,474,-2151,0,0
-3,-93,204,123,951,-2730,0,0
-98,152,64,201,1916,-3699,0,0
-80,363,-102,-668,1713,-6221,0,0
114,1184,96,156,260,-8799,0,0
678,-590,42,149,109,-10344,0,0
1099,-1396,-44,-51,762,-10328,0,0
938,-1444,44,149,1683,-8386,0,0
100,-591,208,-547,2517,-3221,0,0
-1290,714,-196,488,1992,-1020,0,0
-1506,-327,-518,-319,-3612,63,0,0
-369,-488,27,-1235,-4698,1701,0,0
241,796,-177,335,-758,-626,0,0
174,-129,-582,1511,-101,-1415,0,0
-103,-1263,-256,112,382,-3439,0,0
-34,240,24,-260,2025,-3467,0,0
-270,972,184,-282,1128,-3465,0,0
39,785,319,-818,655,-1491,0,0
678,1077,336,-740,544,-93,0,0
1078,875,643,-559,-961,-662,0,0
1333,-413,688,-519,-2192,-1416,0,0
1106,-746,301,-168,-3040,-2489,0,0
-537,795,-267,470,726,-3865,0,0
-2384,2108,-1111,2664,3821,-7650,0,0
-2312,-666,-933,949,3076,-8467,0,0
-1569,189,138,619,2354,-8003,0,0
-915,651,566,1488,1744,-8288,0,0
-187,-574,499,422,848,-6841,0,0
391,-244,406,397,757,-5457,0,0
826,-401,345,202,747,-4226,0,0
932,-376,316,43,642,-3191,0,0
883,-505,285,67,459,-2735,0,0
734,-660,230,-351,163,-2463,0,0
525,-353,183,-231,142,-2536,0,0
348,-281,149,-284,214,-2661,0,0
89,11,92,-393,106,-2741,0,0
-232,279,53,-115,71,-3541,0,0
-236,-47,-29,-391,500,-4436,0,0
115,210,-118,-76,817,-4750,0,0
424,188,-157,37,1034,-4917,0,0
520,633,-131,269,814,-5538,0,0
664,437,-23,795,93,-6681,0,0
749,-119,50,602,-458,-7860,0,0
723,-2784,36,976,-1322,-9953,0,0
903,-1969,-197,-372,-631,-9465,0,0
585,-568,-572,-755,1910,-5145,0,0
-893,1510,-792,791,3704,-191,0,0
-1881,436,-693,124,297,-223,0,0
-1293,-605,-32,-1099,-4183,-339,0,0
-327,-408,144,-1427,-2747,747,0,0
-183,-33,-908,941,-1005,-1881,0,0
49,-1242,-974,1308,-1067,-2477,0,0
171,-1483,-330,511,917,-2982,0,0
94,-257,-73,-511,1784,-2492,0,0
-301,1264,173,95,1636,-2329,0,0
-10,1127,435,-351,1156,-903,0,0
598,1335,458,7,-502,-231,0,0
1010,510,731,318,-1660,-480,0,0
1100,-49,948,188,-1708,-1763,0,0
50,1896,1274,66,-2550,-2679,0,0
-2085,4826,731,3282,2094,-4299,0,0
-2784,1230,-795,3640,3902,-10311,0,0
-1879,-1640,-897,692,3159,-8194,0,0
-1383,233,-601,1144,3025,-7626,0,0
-866,522,-820,2328,1872,-8129,0,0
-164,-1380,-611,1496,1214,-6075,0,0
290,-974,-314,1061,1175,-4497,0,0
663,-309,-161,1369,955,-4002,0,0
816,-487,-80,722,820,-2892,0,0
702,-199,-33,495,765,-2264,0,0
600,-306,34,359,666,-2207,0,0
493,-432,123,11,758,-1921,0,0
290,-187,131,119,737,-2171,0,0
152,-152,108,132,817,-2437,0,0
101,-165,87,87,777,-2578,0,0
88,-85,8,-67,1116,-3134,0,0
105,280,-33,191,1162,-3566,0,0
-64,457,36,461,1237,-4923,0,0
-215,406,122,1093,1018,-7345,0,0
-28,-2136,113,1278,1045,-9953,0,0
545,-627,-27,1687,1172,-11840,0,0
1373,-1327,-70,738,1829,-10832,0,0
1606,-1025,45,1072,2673,-7572,0,0
872,-1609,246,1896,5381,-2256,0,0
-523,-2097,1005,-1570,2348,2059,0,0
-1763,-512,1032,-2809,-4666,171,0,0
-761,-266,-232,-2744,-6484,457,0,0
468,738,-1590,1174,-2360,-68,0,0
250,-157,-1442,2811,659,-1614,0,0
120,-982,-360,1905,1044,-2020,0,0
192,-523,489,58,2132,-3087,0,0
-204,1168,951,-565,1671,-3299,0,0
-200,712,816,-1306,940,-2866,0,0
449,1014,321,-2157,75,-69,0,0
983,1974,36,-141,-1432,-450,0,0
1204,411,177,-123,-2724,-1748,0,0
924,-394,170,-865,-2572,-3092,0,0
-75,1066,236,59,-786,-3156,0,0
-1658,1407,-480,1443,3835,-6450,0,0
-2360,125,-613,64,2818,-7596,0,0
-1963,542,-114,626,3414,-6132,0,0
-1502,480,-137,990,2581,-7524,0,0
-1099,-156,-70,986,1801,-7437,0,0
-486,-301,-22,828,1390,-5793,0,0
120,131,-71,976,1312,-5141,0,0
413,128,53,832,1145,-4140,0,0
499,47,211,665,968,-3061,0,0
561,-235,278,559,976,-2793,0,0
550,-471,372,279,1083,-2759,0,0
520,-477,445,317,1192,-2700,0,0
449,-683,353,47,1252,-2773,0,0
348,-484,225,-95,1141,-2829,0,0
411,-332,81,-98,1011,-4083,0,0
402,172,-5,3,992,-5710,0,0
424,247,-128,154,837,-8046,0,0
658,155,-331,527,777,-8978,0,0
852,-190,-378,520,1373,-9132,0,0
765,-96,-296,1037,2783,-7897,0,0
335,-156,-117,913,4104,-4378,0,0
-811,86,-236,262,2061,-1268,0,0
-1866,110,-295,-105,-2619,-490,0,0
-1461,35,250,-1252,-6120,-551,0,0
-251,-8,491,-944,-3643,-516,0,0
394,-131,-112,437,-1341,-2478,0,0
643,-379,-354,1325,130,-2354,0,0
166,-693,-397,835,3289,-2317,0,0
-489,24,-245,862,3350,-2788,0,0
-542,422,367,-253,913,-1714,0,0
-159,332,481,-831,-16,-779,0,0
520,578,355,-532,-1137,-1168,0,0
1391,-159,591,-27,-2984,-1282,0,0
1618,-357,673,-453,-1475,-1617,0,0
184,741,326,1295,132,-3140,0,0
-2089,1188,-309,1336,4433,-7373,0,0
-2720,513,-756,599,4590,-9214,0,0
-2020,-1030,-444,-110,3681,-7073,0,0
-1275,-577,-249,-271,3311,-7204,0,0
-567,452,-356,399,1827,-7375,0,0
120,141,-192,824,1055,-5920,0,0
732,-162,-80,665,1042,-4509,0,0
1071,-59,-64,866,984,-3662,0,0
1146,-174,51,633,832,-2772,0,0
1021,-94,251,595,558,-2285,0,0
902,-292,330,328,534,-1956,0,0
739,-14,294,195,624,-1832,0,0
547,244,279,300,730,-1672,0,0
257,-84,210,162,896,-1959,0,0
73,-147,110,117,1272,-2801,0,0
-89,264,-98,17,1474,-4378,0,0
-193,817,-125,370,1481,-7127,0,0
116,745,-21,981,1105,-9517,0,0
808,-617,-83,883,785,-10947,0,0
1367,-548,-119,355,1123,-8661,0,0
1191,-398,4,252,1753,-5786,0,0
-370,-847,-507,-841,2892,-1945,0,0
-2044,1057,-1173,319,2218,1435,0,0
-2757,245,-1362,960,-1631,-2025,0,0
-1795,-894,-586,-330,-5334,-1490,0,0
-346,-803,-442,1316,-2428,-3395,0,0
767,-1743,-677,1223,-757,-2732,0,0
1327,-1374,-568,1733,2298,-3160,0,0
989,-1083,-159,-272,3914,-3381,0,0
-94,988,370,-387,2979,-3783,0,0
45,687,838,-1778,2066,-2643,0,0
1071,1664,888,-933,1299,-901,0,0
1996,909,913,-611,-1630,1026,0,0
1917,5,832,-298,-2803,890,0,0
1081,-541,477,-93,-1504,-1447,0,0
-898,727,382,236,308,-4554,0,0
-2701,1212,-261,627,4578,-9076,0,0
-2651,365,-818,-319,2782,-11228,0,0
-1389,770,-307,492,1858,-9238,0,0
-382,128,-224,662,1463,-7627,0,0
94,-115,-84,698,674,-5994,0,0
657,-351,65,521,850,-4054,0,0
1084,-251,29,331,674,-3172,0,0
1071,-34,90,305,371,-2265,0,0
816,-21,120,255,194,-1755,0,0
477,93,80,162,212,-2053,0,0
196,164,144,248,22,-2343,0,0
55,-243,181,3,195,-2308,0,0
-101,-108,110,-188,281,-2315,0,0
-316,403,24,-336,439,-2033,0,0
-630,1011,-298,-979,559,-1604,0,0
-801,1387,-582,-78,784,-2819,0,0
-477,572,-627,473,1864,-2810,0,0
-267,722,-242,2028,1883,-5058,0,0
-126,450,45,3526,1105,-9209,0,0
481,-399,28,3692,666,-12702,0,0
1522,-1504,224,2666,1451,-14865,0,0
2583,-3254,248,542,2482,-13643,0,0
2766,-4651,88,-1349,2447,-7681,0,0
1454,-3558,-658,-546,1982,-286,0,0
-394,-1243,-1629,1748,1575,4863,0,0
-1652,569,-928,2565,-1484,3065,0,0
-931,568,673,281,-4413,3231,0,0
-899,1043,383,-88,-2400,-2049,0,0
-539,73,-929,206,-1184,-4751,0,0
947,216,-1152,-254,2736,-3543,0,0
825,2622,-461,110,2482,-786,0,0
-784,2384,777,418,1722,-1424,0,0
-947,-934,1473,-1968,2714,-1113,0,0
-280,265,1467,-2297,1697,334,0,0
349,852,1278,-1555,-1905,861,0,0
428,-395,410,-1559,-5100,-119,0,0
-363,-286,-1100,732,-3150,-4661,0,0
-1126,-257,-1182,982,-1313,-5432,0,0
-1866,1150,-663,1997,3716,-6505,0,0
-2664,1146,-342,1307,4598,-9480,0,0
-2288,264,234,507,4170,-8776,0,0
-1435,-207,519,50,3347,-8911,0,0
-677,-1012,659,-777,1957,-8153,0,0
143,-951,575,-973,1383,-6103,0,0
803,-375,304,-394,1060,-4681,0,0
1053,118,211,-188,854,-3515,0,0
1016,489,234,418,884,-2916,0,0
1000,-354,210,-3,658,-2372,0,0
793,-203,265,-131,445,-2228,0,0
574,81,357,36,475,-2436,0,0
418,-95,348,-2248,178,-2752,0,0
321,-122,260,-505,111,-3773,0,0
506,-203,125,-166,260,-5067,0,0
969,-520,-227,-780,1334,-4230,0,0
1021,1153,-407,-124,1687,-3257,0,0
797,1321,-78,48,1406,-3971,0,0
488,528,351,-135,236,-6339,0,0
520,-331,253,720,-1012,-9757,0,0
1069,-1621,-418,766,-1886,-11534,0,0
1716,-2133,-848,1645,-1222,-11061,0,0
1723,-2944,-634,-172,139,-5179,0,0
279,-679,-179,129,1558,1808,0,0
-1855,-71,-190,-247,2933,4370,0,0
-2641,1247,527,-942,-1786,1719,0,0
-1280,1345,1597,-1200,-5008,-474,0,0
-667,1247,612,-636,-3034,-2833,0,0
-179,41,-1504,1539,-644,-3991,0,0
77,-286,-1650,1100,3444,-3335,0,0
-275,1093,84,-49,3582,-4525,0,0
-304,720,1327,-1713,1347,-5184,0,0
456,866,1218,-1658,1585,-2068,0,0
1424,1718,1162,-810,436,930,0,0
1900,705,1245,-1195,-3673,4051,0,0
1001,177,204,-314,-3794,2475,0,0
-712,-67,-570,1113,-1717,-461,0,0
-2733,104,-569,1989,2096,-5006,0,0
-3845,228,-836,1826,5536,-11031,0,0
-3055,-443,-789,596,4358,-12472,0,0
-1657,123,-264,367,3223,-10854,0,0
-675,35,-87,1009,2315,-9093,0,0
80,-704,-150,846,1430,-6683,0,0
771,-625,-142,971,1067,-4995,0,0
1224,-423,-57,812,1030,-3757,0,0
1348,-114,118,707,1039,-2585,0,0
1255,-202,191,407,864,-1918,0,0
947,-214,210,286,362,-2006,0,0
702,-327,291,94,-38,-1751,0,0
490,-363,231,131,72,-2028,0,0
198,56,172,309,116,-2351,0,0
-32,-43,44,461,375,-2461,0,0
-223,-22,-126,266,420,-1960,0,0
-436,755,-74,457,832,-1658,0,0
-597,868,76,-336,916,-2735,0,0
-642,1035,316,-804,687,-5789,0,0
-336,866,380,-44,834,-9474,0,0
273,-52,-158,1227,1373,-12685,0,0
1309,-590,-321,1898,1616,-13299,0,0
2346,-1202,-32,1189,1400,-11101,0,0
2520,-1039,-95,1266,1549,-5819,0,0
1305,-499,-303,309,1347,708,0,0
-1226,1279,-873,504,826,2986,0,0
-2992,-379,-1345,-95,283,-858,0,0
-1730,-1608,-678,-1590,-2122,-602,0,0
-190,340,250,-542,-2238,-305,0,0
321,-414,-63,367,-881,-1485,0,0
14,-806,-599,754,-2044,-601,0,0
-237,-1475,-552,1077,-91,-1860,0,0
-539,-192,-616,570,2208,-784,0,0
-3424,1411,-325,732,2559,-2027,0,0
-1193,822,432,-519,1524,-1612,0,0
-475,1878,945,320,589,-2580,0,0
376,832,1209,557,-1439,-3693,0,0
1134,338,1512,1211,-1075,-3060,0,0
753,-215,1365,889,1033,-2987,0,0
-1445,1354,575,1933,6065,-5146,0,0
-2933,139,-319,947,5299,-10571,0,0
-1809,-2011,22,-1858,1281,-11035,0,0
-426,235,-66,-205,1714,-9817,0,0
210,104,-836,1377,1992,-8280,0,0
855,-497,-625,1030,1837,-4572,0,0
1355,28,-199,1174,1471,-3262,0,0
1492,-653,-141,558,1026,-2663,0,0
1218,-569,-115,136,739,-1711,0,0
935,-71,77,332,403,-1613,0,0
758,-415,202,62,53,-1849,0,0
449,-228,238,-127,-158,-2050,0,0
189,-260,142,-77,5,-2309,0,0
-9,-149,69,-201,112,-2420,0,0
-299,433,90,1,360,-2615,0,0
-562,729,116,-217,195,-2485,0,0
-1027,1987,122,-317,-9,-2331,0,0
-1031,1385,32,864,65,-3076,0,0
-633,-537,-55,-111,1024,-2876,0,0
-384,196,-324,540,2569,-3915,0,0
-272,323,-292,998,2614,-6212,0,0
-44,255,200,1719,2754,-9058,0,0
734,-548,258,1393,2785,-10157,0,0
1358,-124,216,-224,1492,-9210,0,0
1584,647,-589,-750,840,-7691,0,0
1574,-670,-1032,1629,1086,-6185,0,0
716,-2578,-686,1652,2363,-5046,0,0
-695,-1900,-319,1024,3709,-2163,0,0
-1706,1181,-638,-331,2555,1881,0,0
-1754,2536,-2028,1501,-1528,129,0,0
-1012,841,-1200,600,-4369,-176,0,0
-393,724,513,1807,-1204,-2716,0,0
437,-1067,685,1432,-1819,-3258,0,0
855,-1295,319,1011,-351,-2476,0,0
635,-750,-90,860,1439,-1861,0,0
-88,339,-153,816,1811,-1551,0,0
-297,836,519,685,1545,-1398,0,0
210,1050,1471,-123,582,-482,0,0
689,835,1933,-181,-1002,-421,0,0
838,-327,1284,-583,-1644,-761,0,0
270,-305,264,823,-314,-1206,0,0
-1533,663,-580,1388,6524,-3600,0,0
-3302,2356,-435,2816,4649,-10864,0,0
-1716,-1092,789,1632,4025,-10862,0,0
-668,-477,1040,529,3530,-10385,0,0
-200,-203,246,1133,2242,-8683,0,0
324,-912,-236,818,1586,-6521,0,0
716,-329,-143,1296,1643,-5038,0,0
947,-451,-164,1383,1414,-3856,0,0
956,-389,-133,1106,931,-2956,0,0
949,-42,-11,1069,583,-2575,0,0
937,-208,57,836,278,-2459,0,0
765,-124,104,570,64,-2445,0,0
691,-70,129,521,68,-2571,0,0
660,-23,206,289,-42,-2169,0,0
439,162,220,214,-182,-1887,0,0
133,94,76,13,-284,-1650,0,0
-246,151,-143,-181,-215,-1974,0,0
-471,546,-354,-711,150,-2051,0,0
-586,2365,-473,-744,1280,-1708,0,0
-520,2297,-706,589,2452,-3110,0,0
-707,587,-1044,1828,2692,-5514,0,0
-377,477,-2800,5586,1644,-9061,0,0
763,-517,-349,7582,-513,-13564,0,0
2381,-1114,419,7299,527,-13859,0,0
3858,-2436,953,3574,2056,-10904,0,0
3770,-1908,781,350,2138,-3543,0,0
1610,-1487,677,-1567,2046,1701,0,0
-1034,-843,-138,-3688,2181,6621,0,0
-2084,1330,-1457,-912,781,3471,0,0
-1511,-109,-1007,1100,-3285,1439,0,0
-1208,-1171,67,1839,-802,-1037,0,0
-723,-782,-120,2255,-430,-2193,0,0
-643,-405,16,667,-111,-2745,0,0
-922,952,142,-957,403,-2190,0,0
-1691,2932,-467,-192,1414,-3257,0,0
-1457,1139,-1089,-604,1783,-2490,0,0
-810,1220,-988,229,1117,-1212,0,0
28,1220,402,2439,-1732,-2789,0,0
1104,-1025,1941,1053,-1372,-2109,0,0
1173,-46,1855,1315,182,-1584,0,0
-417,-262,962,1885,3236,-2225,0,0
-3033,962,-339,2813,5326,-7764,0,0
-3226,160,-791,2451,3443,-10025,0,0
-1590,-1902,-171,946,2654,-9308,0,0
-683,80,98,829,2467,-8249,0,0
-95,370,-294,1556,1658,-6270,0,0
370,-390,-343,1463,1360,-4430,0,0
707,-672,-76,1299,1608,-3405,0,0
794,-464,70,1153,1563,-2700,0,0
706,-122,212,1062,1210,-2254,0,0
550,-161,369,964,913,-2301,0,0
371,-180,374,735,827,-2475,0,0
181,11,307,687,930,-2708,0,0
98,-149,216,510,1138,-2995,0,0
123,-58,163,421,1185,-3147,0,0
133,66,186,451,1046,-3519,0,0
308,-10,205,312,1035,-3818,0,0
609,342,209,384,1175,-4342,0,0
918,667,243,947,1121,-4304,0,0
794,388,330,1512,1189,-5687,0,0
461,-269,164,2147,616,-7624,0,0
558,-874,-113,2431,466,-10788,0,0
1338,-1524,-132,1740,671,-11796,0,0
2085,-1917,-4,896,1025,-11284,0,0
2320,-2479,76,239,1545,-7833,0,0
1591,-1274,-283,-1014,1002,-766,0,0
-65,629,-1327,60,1323,3612,0,0
-560,-593,-1483,195,-85,4001,0,0
-347,-90,-151,14,-1823,4227,0,0
-526,299,-281,641,741,1761,0,0
-774,-266,-751,273,-916,826,0,0
-1099,147,-126,770,-726,-1620,0,0
-1252,-400,222,51,909,-3240,0,0
-1375,599,275,-76,1870,-4364,0,0
-745,1534,605,353,2212,-4018,0,0
496,2076,1327,890,1589,-3025,0,0
1857,1035,2225,1163,-139,-3108,0,0
2831,-1527,3040,291,-1166,-2984,0,0
3235,-1499,3040,-1811,-1525,-921,0,0
1781,1947,1959,-72,-3080,-1844,0,0
-982,2513,-99,1740,-3530,-6184,0,0
-2811,819,-231,1392,-1693,-9663,0,0
-2591,-385,-33,674,-99,-9348,0,0
-1760,486,-483,1044,230,-8210,0,0
-698,158,-473,1428,1000,-6386,0,0
62,152,-80,758,396,-3995,0,0
254,681,-105,762,-92,-2970,0,0
90,686,-226,395,-332,-2192,0,0
-299,1480,-181,974,5,-2093,0,0
-705,1314,-474,1225,444,-2509,0,0
-1090,659,-667,960,856,-2317,0,0
-1595,359,-670,1117,1696,-2666,0,0
-1983,526,-691,1661,2504,-2793,0,0
-2168,546,-771,2102,2673,-3015,0,0
-2315,1226,-735,2278,2351,-2925,0,0
-2286,1614,-762,2717,2000,-2815,0,0
-2033,618,-868,2561,1522,-2681,0,0
-1987,634,-969,2128,1394,-2394,0,0
-1973,1340,-1166,2484,1318,-2306,0,0
-1702,596,-1420,2153,2311,-2148,0,0
-1304,407,-1561,1395,3371,-2011,0,0
-1088,2198,-1504,1477,3675,-1592,0,0
-910,3265,-1405,1959,3439,-1138,0,0
-644,2059,-1340,1917,3639,-909,0,0
-270,411,-1446,1772,4588,-926,0,0
309,-138,-1243,1115,4845,-671,0,0
619,922,-614,508,4603,-152,0,0
383,2072,-174,782,4372,-273,0,0
103,1613,-65,1095,3782,-730,0,0
35,217,-19,1234,3338,-837,0,0
50,-1174,74,1120,3545,-823,0,0
239,-1997,124,650,3893,-1088,0,0
502,-1208,109,284,4011,-1009,0,0
688,-243,102,459,4062,-711,0,0
796,-222,45,557,3989,-654,0,0
790,-154,-21,393,3762,-832,0,0
687,288,-7,349,3537,-902,0,0
527,685,44,416,3481,-932,0,0
386,800,46,548,3458,-961,0,0
307,678,-27,623,3338,-1004,0,0
272,521,-130,629,3231,-1036,0,0
236,466,-240,629,3334,-1055,0,0
191,510,-398,659,3659,-1017,0,0
103,609,-564,609,3954,-906,0,0
-99,817,-607,674,3697,-846,0,0
-353,783,-495,784,3736,-1081,0,0
-447,292,-389,985,3987,-1235,0,0
-336,-2496,-250,782,3678,-1281,0,0
-209,-608,-33,402,3487,-1147,0,0
-262,14,37,368,3794,-878,0,0
-444,409,-28,723,3762,-1347,0,0
-397,-95,-40,900,3594,-1525,0,0
-151,-823,42,665,3488,-1212,0,0
116,-1002,156,354,3400,-1094,0,0
273,-428,244,71,3760,-943,0,0
214,731,297,216,4170,-1100,0,0
-7,1660,464,877,3762,-1350,0,0
-189,1366,783,1527,3660,-1226,0,0
-125,-248,993,1620,3906,-878,0,0
20,-1435,895,1326,3767,-863,0,0
124,-1485,701,933,3408,-687,0,0
31,-969,555,884,3273,-707,0,0
-65,-589,390,1023,3368,-745,0,0
-46,-567,192,1099,3529,-808,0,0
58,-684,63,1000,3699,-890,0,0
169,-560,5,783,3561,-838,0,0
189,-67,-21,643,3465,-819,0,0
123,535,-125,715,3505,-881,0,0
63,831,-300,883,3500,-906,0,0
21,719,-436,957,3556,-940,0,0
-6,410,-476,782,3654,-1005,0,0
-121,585,-435,656,3573,-868,0,0
-333,790,-408,965,3808,-1109,0,0
-355,341,-452,1114,4111,-1134,0,0
-213,-379,-479,902,3932,-1086,0,0
-97,-601,-384,506,3732,-910,0,0
-211,76,-281,341,3728,-756,0,0
-465,762,-248,712,3604,-993,0,0
-563,480,-256,1079,3613,-1100,0,0
-409,-459,-281,1026,3543,-1121,0,0
-137,-585,-241,562,3496,-1077,0,0
66,234,-141,661,3622,-881,0,0
174,488,-89,734,4042,-647,0,0
169,351,-123,732,4063,-677,0,0
169,109,-66,717,3863,-616,0,0
171,-141,76,546,3602,-508,0,0
82,-139,174,436,3617,-614,0,0
-34,-35,145,551,3789,-701,0,0
-117,-174,46,673,3868,-693,0,0
-198,-613,7,703,3785,-795,0,0
-212,-1150,39,659,3868,-868,0,0
-104,-1494,75,502,4092,-901,0,0
67,-1496,137,266,3873,-988,0,0
163,-976,226,142,3563,-988,0,0
169,-291,209,322,3677,-1014,0,0
242,-117,93,488,3881,-1023,0,0
352,-231,27,402,3823,-958,0,0
376,-158,75,326,3680,-889,0,0
329,-3,184,373,3635,-877,0,0
286,-12,254,400,3574,-868,0,0
246,-94,235,371,3570,-801,0,0
166,-120,125,365,3675,-796,0,0
65,-102,-15,352,3575,-821,0,0
-44,34,-74,300,3370,-706,0,0
-199,269,-91,290,3607,-617,0,0
-395,388,-226,442,3882,-780,0,0
-505,94,-454,634,3844,-1039,0,0
-464,-347,-525,486,3635,-951,0,0
-416,-422,-420,309,3641,-878,0,0
-399,-136,-280,291,3820,-951,0,0
-363,124,-150,403,3851,-1000,0,0
-302,90,-52,418,3927,-943,0,0
-219,-13,10,337,4036,-899,0,0
-132,50,80,252,3944,-835,0,0
-83,220,172,282,3797,-801,0,0
-60,264,244,328,3770,-729,0,0
-43,171,254,322,3894,-636,0,0
-43,72,188,334,3947,-605,0,0
-59,-31,98,348,3934,-621,0,0
-60,-108,43,345,3826,-601,0,0
-32,-146,34,347,3785,-569,0,0
25,-119,17,317,3919,-546,0,0
76,4,-42,341,3953,-519,0,0
82,77,-110,392,3802,-535,0,0
78,56,-116,414,3760,-525,0,0
98,22,-107,430,3964,-536,0,0
106,-14,-150,412,4185,-623,0,0
67,17,-209,382,3996,-722,0,0
15,110,-190,409,3704,-741,0,0
3,-27,-119,454,3786,-833,0,0
70,-407,-83,305,3816,-994,0,0
197,-522,-49,53,3733,-1011,0,0
313,-162,17,-156,3750,-888,0,0
360,397,68,-203,3792,-787,0,0
308,774,83,-95,3703,-717,0,0
156,738,14,129,3581,-783,0,0
73,108,-87,268,3621,-872,0,0
96,-518,-140,71,3768,-809,0,0
110,-521,-201,-102,3808,-869,0,0
83,-56,-232,-93,3749,-909,0,0
42,294,-193,71,3618,-911,0,0
8,234,-97,76,3506,-925,0,0
-52,107,6,-8,3665,-968,0,0
-134,21,43,-38,3847,-1105,0,0
-184,-120,45,-23,3673,-1197,0,0
-161,-237,71,-54,3653,-1104,0,0
-116,-201,31,-82,3781,-1092,0,0
-91,-93,-51,11,3824,-1113,0,0
-99,-108,-41,81,3767,-1029,0,0
-103,-192,34,37,3732,-979,0,0
-68,-172,70,-21,3830,-957,0,0
-31,-98,57,3,3897,-944,0,0
-23,-92,24,58,3804,-963,0,0
-3,-128,18,67,3792,-937,0,0
44,-94,36,-19,3803,-897,0,0
80,96,34,-62,3750,-874,0,0
75,224,41,48,3620,-802,0,0
36,68,31,168,3765,-779,0,0
19,-260,-39,152,4080,-903,0,0
43,-344,-57,2,4056,-908,0,0
39,-19,73,-99,3831,-867,0,0
17,286,232,-61,3754,-926,0,0
35,324,257,-20,3766,-924,0,0
79,154,128,48,3765,-856,0,0
93,-87,-20,115,3850,-889,0,0
80,-217,-92,112,3822,-904,0,0
76,-149,-75,112,3780,-895,0,0
107,-8,-51,84,3805,-922,0,0
113,211,-36,77,3775,-881,0,0
52,297,-31,183,3763,-899,0,0
-12,86,-57,247,3703,-928,0,0
-38,-219,-115,248,3663,-955,0,0
-24,-383,-163,181,3663,-994,0,0
20,-241,-157,87,3488,-910,0,0
39,133,-106,114,3507,-796,0,0
35,307,-85,184,3758,-892,0,0
52,264,-82,118,3746,-831,0,0
39,286,-50,22,3807,-888,0,0
13,386,21,-54,3898,-931,0,0
-34,443,67,-43,4035,-973,0,0
-86,285,67,-24,3883,-1099,0,0
-99,72,48,-97,3700,-1037,0,0
-85,49,-1,-140,3746,-1055,0,0
-68,101,-73,-79,3700,-1053,0,0
-74,80,-113,-42,3727,-965,0,0
-105,4,-125,26,3800,-975,0,0
-132,-109,-134,20,3714,-961,0,0
-147,-147,-135,49,3720,-961,0,0
-124,-154,-135,27,3846,-996,0,0
-83,-81,-108,-18,3858,-983,0,0
-43,41,-60,-28,3849,-953,0,0
3,117,-19,-48,3816,-912,0,0
26,151,-19,-87,3851,-896,0,0
30,133,-29,-79,3799,-865,0,0
12,60,-36,-84,3782,-816,0,0
-39,-24,-45,-72,3854,-841,0,0
-88,-157,-57,-63,3866,-898,0,0
-83,-263,-28,-109,3878,-930,0,0
-39,-217,38,-203,3704,-947,0,0
2,-19,77,-179,3738,-983,0,0
71,121,52,-125,3896,-934,0,0
125,218,18,-134,3864,-884,0,0
105,275,32,-79,3832,-888,0,0
56,127,61,-44,3774,-889,0,0
25,-125,63,-81,3707,-896,0,0
19,-248,32,-109,3793,-894,0,0
22,-230,3,-109,3738,-930,0,0
35,-147,27,-93,3765,-920,0,0
55,-59,50,-113,3810,-966,0,0
75,28,42,-132,3750,-960,0,0
79,93,46,-107,3732,-903,0,0
66,70,37,-94,3774,-963,0,0
46,28,17,-131,3604,-938,0,0
29,40,19,-72,3604,-885,0,0
31,-22,-3,-96,3751,-884,0,0
22,3,-47,-103,3929,-845,0,0
-13,70,-61,-76,3987,-894,0,0
-36,67,-26,-72,3803,-914,0,0
-22,7,-12,-78,3709,-943,0,0
14,-20,-30,-129,3681,-935,0,0
26,47,-50,-53,3747,-962,0,0
37,62,-53,-47,3902,-984,0,0
41,130,-12,-114,3939,-1004,0,0
-3,225,60,-61,3809,-1055,0,0
-59,92,117,-25,3554,-1021,0,0
-105,-183,95,-42,3504,-1005,0,0
-93,-469,-41,-46,3712,-1038,0,0
-21,-571,-154,-159,3767,-964,0,0
22,-228,-144,-219,3851,-938,0,0
31,197,-91,-51,3840,-974,0,0
38,215,-52,16,3824,-936,0,0
39,69,-38,-56,3885,-945,0,0
41,83,2,-131,3892,-936,0,0
21,164,82,-143,3841,-960,0,0
-22,132,141,-153,3700,-1013,0,0
-82,2,175,-102,3503,-1002,0,0
-142,-275,161,-45,3710,-1152,0,0
-99,-588,80,-120,3919,-1212,0,0
-1,-576,44,-267,3850,-1116,0,0
36,-183,55,-237,3740,-1103,0,0
46,28,49,-61,3716,-1014,0,0
64,-118,24,-49,3770,-954,0,0
70,-177,30,-158,3880,-946,0,0
59,-24,65,-191,3864,-916,0,0
33,51,95,-174,3751,-928,0,0
0,-11,94,-201,3628,-917,0,0
-20,-46,59,-165,3655,-878,0,0
-22,-156,22,-74,3735,-926,0,0
-13,-337,36,-175,3796,-904,0,0
12,-244,37,-229,3818,-920,0,0
61,-28,17,-182,3731,-970,0,0
107,197,10,-147,3777,-961,0,0
128,381,-18,57,3919,-1111,0,0
172,361,-37,60,3846,-1121,0,0
194,496,0,16,3737,-1049,0,0
145,654,66,70,3570,-1102,0,0
90,584,102,71,3561,-1007,0,0
40,434,55,79,3612,-1014,0,0
-10,275,-1,96,3605,-1046,0,0
-40,182,-35,72,3607,-1011,0,0
-42,184,-46,66,3659,-1052,0,0
-38,187,-37,101,3716,-1125,0,0
-54,80,-12,189,3631,-1170,0,0
-113,-214,56,144,3649,-1221,0,0
-196,-382,85,106,3755,-1248,0,0
-233,-423,40,180,3808,-1247,0,0
-216,-480,0,184,3815,-1196,0,0
-184,-390,-25,130,3952,-1195,0,0
-142,-113,-41,135,3783,-1135,0,0
-103,108,-12,221,3778,-1076,0,0
-65,27,15,266,3811,-1113,0,0
-36,-198,39,215,3762,-1063,0,0
-18,-361,80,200,3814,-1082,0,0
35,-482,143,104,3807,-1119,0,0
105,-390,212,49,3834,-1075,0,0
161,-255,279,64,3771,-1055,0,0
186,-224,325,65,3792,-972,0,0
171,-264,287,103,3853,-964,0,0
138,-457,206,170,3639,-953,0,0
123,-747,128,138,3813,-1010,0,0
154,-794,101,-31,4009,-956,0,0
126,-514,132,-92,3905,-978,0,0
50,-309,141,-83,3746,-953,0,0
-13,-255,103,-105,3555,-863,0,0
-92,-203,45,-127,3517,-869,0,0
-196,-148,-64,-60,3598,-911,0,0
-271,-233,-220,40,3691,-969,0,0
-276,-343,-334,49,3743,-998,0,0
-254,-309,-323,39,3748,-1041,0,0
-234,-159,-220,25,3844,-1044,0,0
-209,4,-106,33,3736,-997,0,0
-203,70,-12,96,3622,-952,0,0
-189,-41,18,117,3713,-917,0,0
-144,-160,0,40,3751,-906,0,0
-105,-72,5,-27,3840,-942,0,0
-48,129,69,-77,3819,-929,0,0
19,308,144,-99,3788,-908,0,0
61,381,156,-122,3857,-895,0,0
69,364,112,-94,3855,-920,0,0
74,281,82,-44,3843,-916,0,0
82,174,96,-37,3814,-950,0,0
78,98,95,-51,3831,-943,0,0
72,58,43,-40,3877,-933,0,0
74,72,-18,-54,3963,-924,0,0
74,174,-38,-69,3795,-912,0,0
52,273,-15,-28,3668,-893,0,0
38,219,-13,1,3586,-867,0,0
26,112,-53,26,3609,-822,0,0
-19,36,-133,79,3852,-868,0,0
-65,-54,-165,137,4005,-1008,0,0
-42,-132,-107,126,3959,-1073,0,0
48,-63,13,3,3916,-1100,0,0
135,230,106,-79,3740,-1016,0,0
153,561,116,-21,3618,-911,0,0
98,609,13,123,3599,-900,0,0
41,230,-113,218,3703,-889,0,0
-15,-211,-146,117,3759,-928,0,0
-90,-286,-86,38,3795,-968,0,0
-141,-215,-19,79,3906,-1131,0,0
-96,-252,31,32,3750,-1163,0,0
-15,-168,76,-82,3652,-1128,0,0
41,62,74,-57,3700,-1143,0,0
69,165,31,49,3780,-1107,0,0
74,80,2,74,3716,-1055,0,0
57,13,22,35,3651,-1021,0,0
43,34,39,64,3685,-991,0,0
44,49,42,57,3786,-989,0,0
42,107,68,40,3807,-966,0,0
24,167,109,65,3864,-986,0,0
2,136,136,76,3696,-947,0,0
-31,79,142,111,3658,-925,0,0
-63,-4,62,145,3692,-948,0,0
-86,-128,-51,193,3700,-946,0,0
-103,-238,-104,210,3728,-967,0,0
-98,-273,-89,206,3741,-1001,0,0
-79,-245,-31,170,3728,-1009,0,0
-54,-133,23,154,3807,-981,0,0
-34,-40,45,172,3921,-1006,0,0
-38,-57,68,148,3815,-956,0,0
-76,-122,109,164,3620,-911,0,0
-110,-317,116,172,3699,-941,0,0
-96,-503,67,128,3842,-965,0,0
-63,-480,45,104,3904,-972,0,0
-21,-357,83,114,3894,-979,0,0
13,-257,143,81,3867,-974,0,0
36,-183,177,76,3886,-996,0,0
69,-181,193,49,3772,-984,0,0
103,-165,196,4,3739,-979,0,0
134,-95,146,-16,3805,-956,0,0
148,-33,72,9,3771,-920,0,0
146,-17,29,37,3777,-902,0,0
141,5,3,34,3754,-896,0,0
120,55,-14,54,3748,-889,0,0
84,69,-31,63,3723,-899,0,0
41,76,-43,74,3693,-905,0,0
2,83,-53,100,3678,-951,0,0
-25,96,-64,97,3674,-946,0,0
-57,115,-83,152,3628,-924,0,0
-115,5,-101,194,3685,-940,0,0
-163,-145,-143,178,3941,-1073,0,0
-133,-200,-173,146,3986,-1120,0,0
-62,-114,-125,56,3770,-1133,0,0
-18,148,-35,50,3688,-1136,0,0
25,314,24,114,3734,-1118,0,0
67,304,58,81,3655,-1037,0,0
54,307,86,76,3654,-996,0,0
21,261,65,118,3757,-1014,0,0
15,132,14,83,3718,-977,0,0
-10,96,-9,98,3739,-990,0,0
-41,56,-16,142,3811,-1045,0,0
-41,13,-9,131,3767,-1053,0,0
-19,68,5,142,3723,-1067,0,0
4,108,1,171,3769,-1068,0,0
7,80,-15,178,3811,-1080,0,0
11,78,-12,179,3759,-1053,0,0
19,80,-1,184,3723,-1088,0,0
36,66,-5,182,3712,-1057,0,0
49,94,0,190,3696,-1022,0,0
52,119,15,180,3759,-997,0,0
43,122,6,192,3803,-1027,0,0
38,119,9,157,3725,-969,0,0
34,149,15,163,3708,-978,0,0
36,130,-4,135,3664,-1001,0,0
41,188,-23,149,3670,-941,0,0
43,224,-32,206,3760,-944,0,0
11,145,-30,201,3791,-988,0,0
-39,93,-26,203,3805,-967,0,0
-72,36,-24,208,3762,-1025,0,0
-85,-15,-11,178,3729,-1061,0,0
-76,-4,-5,174,3770,-1064,0,0
-55,14,-12,156,3758,-1103,0,0
-37,52,1,175,3796,-1109,0,0
-15,33,-6,199,3771,-1123,0,0
5,5,-1,171,3711,-1104,0,0
24,39,6,175,3702,-1063,0,0
37,37,-4,188,3745,-1037,0,0
32,-9,-12,200,3762,-1013,0,0
22,-12,5,193,3729,-980,0,0
14,-4,21,188,3740,-974,0,0
-1,-2,20,182,3805,-998,0,0
-21,21,24,158,3757,-1005,0,0
-28,41,29,189,3810,-1044,0,0
-20,-20,7,197,3775,-1061,0,0
-34,-93,3,181,3762,-1084,0,0
-49,-173,8,179,3747,-1105,0,0
-37,-261,-9,147,3694,-1136,0,0
-13,-238,-19,129,3702,-1134,0,0
21,-156,-16,117,3744,-1121,0,0
51,-31,-6,82,3730,-1040,0,0
56,124,2,132,3760,-984,0,0
46,111,-29,187,3749,-1015,0,0
46,-11,-52,175,3725,-976,0,0
37,-40,-34,167,3727,-1011,0,0
23,-41,4,164,3748,-1023,0,0
10,-34,28,148,3747,-1031,0,0
12,-3,33,148,3732,-1086,0,0
31,53,40,156,3656,-1075,0,0
50,100,49,174,3612,-1071,0,0
59,117,56,191,3640,-1051,0,0
56,105,50,187,3678,-1023,0,0
55,160,32,134,3639,-954,0,0
39,338,46,129,3718,-883,0,0
-13,440,61,140,3825,-941,0,0
-74,403,26,190,3819,-961,0,0
-118,190,-12,247,3771,-1026,0,0
-135,-40,-14,144,3744,-1073,0,0
-128,-5,-10,170,3745,-1092,0,0
-96,-12,-9,212,3778,-1139,0,0
-61,-34,-6,162,3761,-1108,0,0
-46,68,-8,190,3756,-1063,0,0
-37,91,-33,243,3755,-1076,0,0
-27,31,-65,268,3726,-1031,0,0
-16,-10,-77,295,3757,-1027,0,0
-2,-37,-75,279,3798,-1015,0,0
4,1,-66,278,3783,-982,0,0
5,43,-34,294,3770,-983,0,0
3,57,7,273,3755,-988,0,0
-4,50,28,280,3740,-995,0,0
-8,2,37,266,3742,-1004,0,0
-6,-27,40,259,3784,-1016,0,0
-5,-67,48,265,3815,-1062,0,0
-2,-99,73,224,3738,-1037,0,0
6,-111,92,227,3714,-1058,0,0
25,-168,78,189,3743,-1059,0,0
34,-168,42,192,3791,-1043,0,0
39,-142,31,186,3772,-1028,0,0
39,-99,38,191,3749,-1035,0,0
41,-98,22,200,3730,-1048,0,0
46,-101,-2,197,3713,-1031,0,0
45,-77,-9,221,3731,-1010,0,0
32,-97,-13,233,3765,-1031,0,0
16,-109,-10,205,3697,-1001,0,0
15,-57,0,219,3692,-1005,0,0
20,-46,-5,213,3722,-1021,0,0
5,-18,-2,188,3752,-989,0,0
-13,38,14,188,3692,-978,0,0
-26,35,18,190,3667,-984,0,0
-40,17,1,173,3626,-979,0,0
-40,59,-33,200,3615,-942,0,0
-35,87,-52,218,3754,-911,0,0
-67,102,-57,244,3964,-949,0,0
-115,62,-33,233,3869,-998,0,0
-139,30,41,218,3706,-1018,0,0
-122,-34,83,185,3660,-1095,0,0
-89,-49,51,163,3730,-1106,0,0
-52,-23,-1,208,3811,-1118,0,0
-24,-13,8,187,3817,-1112,0,0
-10,10,45,195,3733,-1095,0,0
11,-46,36,186,3711,-1064,0,0
28,-101,-9,199,3722,-1031,0,0
34,-121,-37,220,3783,-983,0,0
44,-113,-50,218,3777,-996,0,0
70,-27,-31,208,3796,-970,0,0
93,84,21,216,3820,-950,0,0
88,126,52,187,3829,-932,0,0
58,103,55,185,3773,-907,0,0
14,9,45,163,3715,-963,0,0
-8,-44,12,151,3703,-1015,0,0
-1,-48,-19,182,3746,-1065,0,0
11,-30,-18,149,3672,-1083,0,0
15,55,10,169,3654,-1022,0,0
14,37,2,172,3757,-1051,0,0
11,14,-28,158,3749,-1035,0,0
5,59,-26,221,3699,-1018,0,0
-2,7,-10,225,3724,-1041,0,0
-21,-66,-17,238,3771,-1033,0,0
-39,-121,-13,241,3763,-1054,0,0
-40,-135,4,223,3769,-1103,0,0
-19,-102,21,204,3767,-1136,0,0
4,-47,44,197,3693,-1105,0,0
20,-38,44,215,3681,-1059,0,0
25,-99,15,221,3731,-1071,0,0
35,-81,21,183,3691,-1000,0,0
47,25,48,189,3689,-986,0,0
47,48,37,165,3728,-979,0,0
27,57,5,167,3719,-937,0,0
10,56,-1,191,3677,-928,0,0
-8,37,-1,210,3718,-971,0,0
-33,10,-14,201,3819,-1019,0,0
-49,45,2,189,3829,-1059,0,0
-57,85,41,201,3785,-1073,0,0
-65,25,53,191,3787,-1119,0,0
-51,-22,28,145,3718,-1106,0,0
-21,16,6,173,3706,-1093,0,0
-1,-1,-7,172,3729,-1084,0,0
-8,-15,-19,183,3754,-1037,0,0
-16,-21,-26,188,3733,-1014,0,0
-25,-17,-21,182,3714,-1022,0,0
-38,-17,-28,202,3740,-1013,0,0
-42,-39,-32,199,3730,-1014,0,0
-44,-15,-15,203,3721,-1007,0,0
-44,-6,-12,226,3776,-1011,0,0
-40,-33,-15,201,3739,-1008,0,0
-30,10,0,207,3751,-1013,0,0
-7,26,9,214,3748,-1019,0,0
5,17,10,206,3788,-996,0,0
1,0,12,231,3866,-1014,0,0
-9,-66,20,201,3809,-1087,0,0
-8,-96,36,219,3718,-1106,0,0
26,-141,57,207,3719,-1128,0,0
78,-97,91,159,3698,-1085,0,0
109,18,121,198,3760,-1010,0,0
116,-37,104,188,3782,-1050,0,0
117,-67,74,148,3798,-991,0,0
108,-41,56,207,3777,-1067,0,0
89,-92,36,164,3810,-1066,0,0
64,-101,-13,200,3774,-1123,0,0
61,-128,-43,157,3522,-1103,0,0
56,18,-31,154,3496,-1012,0,0
17,145,-25,169,3599,-1016,0,0
-59,173,-41,178,3691,-1016,0,0
-127,136,-72,255,3791,-1074,0,0
-153,-21,-98,236,3740,-1192,0,0
-139,-59,-83,214,3694,-1177,0,0
-86,-13,-66,228,3719,-1183,0,0
-31,22,-60,211,3794,-1166,0,0
-10,63,-47,220,3773,-1110,0,0
-9,65,-19,200,3701,-1088,0,0
-8,35,-14,187,3687,-1078,0,0
-3,3,-33,173,3699,-1068,0,0
1,23,-32,183,3731,-1027,0,0
-5,23,-16,183,3762,-1036,0,0
-14,11,-3,146,3731,-1046,0,0
-16,55,21,130,3689,-1030,0,0
-4,75,30,126,3704,-1037,0,0
-4,61,8,100,3733,-1037,0,0
-22,96,-16,131,3794,-1016,0,0
-32,109,-31,157,3790,-1033,0,0
-45,102,-32,167,3782,-1045,0,0
-57,87,-34,194,3785,-1063,0,0
-46,31,-32,201,3758,-1083,0,0
-23,-13,-12,187,3744,-1082,0,0
0,-27,9,180,3795,-1084,0,0
28,-16,20,151,3741,-1059,0,0
48,29,39,141,3720,-1022,0,0
58,20,38,148,3750,-1016,0,0
53,-19,26,131,3779,-994,0,0
38,-10,31,127,3736,-980,0,0
20,-6,38,113,3727,-988,0,0
4,-25,20,122,3739,-980,0,0
-17,-67,0,135,3773,-1002,0,0
-45,-96,2,151,3764,-1022,0,0
-66,-142,6,153,3779,-1070,0,0
-61,-146,6,112,3712,-1076,0,0
-39,-62,14,117,3690,-1082,0,0
-14,-3,8,134,3762,-1062,0,0
-16,-1,0,148,3810,-1059,0,0
-35,-29,4,127,3758,-1060,0,0
-25,-5,-15,117,3679,-1006,0,0
5,34,-35,128,3653,-974,0,0
15,94,-31,125,3607,-932,0,0
6,185,-11,159,3542,-877,0,0
-8,203,-15,220,3778,-836,0,0
-61,107,-37,237,4073,-898,0,0
-144,-25,-35,254,4012,-993,0,0
-169,-146,25,210,3712,-1031,0,0
-112,-149,86,121,3625,-1051,0,0
-38,-5,83,71,3680,-1037,0,0
-16,119,50,129,3701,-992,0,0
-16,67,21,158,3899,-946,0,0
-18,-53,-5,142,3897,-1015,0,0
-21,-73,9,88,3698,-979,0,0
-12,11,12,120,3735,-950,0,0
2,-29,-23,120,3790,-981,0,0
-15,-75,-38,150,3795,-934,0,0
-19,-145,-37,164,3765,-951,0,0
-1,-158,-37,145,3760,-948,0,0
10,-114,-38,191,3828,-976,0,0
25,-97,-27,177,3842,-973,0,0
33,-30,17,193,3761,-987,0,0
35,-34,73,176,3747,-983,0,0
40,-87,87,152,3741,-971,0,0
38,-142,77,120,3742,-954,0,0
32,-159,60,120,3786,-973,0,0
36,-122,58,105,3745,-978,0,0
44,-37,64,150,3742,-970,0,0
48,-68,51,154,3764,-979,0,0
29,-110,48,136,3803,-975,0,0
17,-89,58,123,3752,-996,0,0
24,-56,52,114,3681,-1014,0,0
35,-27,29,134,3713,-1006,0,0
39,9,18,143,3713,-997,0,0
33,52,24,161,3687,-952,0,0
17,33,15,190,3749,-978,0,0
7,40,10,145,3673,-937,0,0
9,149,19,213,3680,-918,0,0
8,124,20,216,3779,-942,0,0
-29,98,20,204,3837,-957,0,0
-69,94,38,197,3775,-976,0,0
-90,75,54,189,3710,-1014,0,0
-96,18,34,180,3735,-1042,0,0
-85,-12,6,164,3765,-1042,0,0
-73,16,5,179,3742,-1041,0,0
-67,10,2,197,3800,-1052,0,0
-52,-22,-13,177,3752,-1036,0,0
-31,20,-6,192,3740,-1000,0,0
-8,9,-15,218,3748,-985,0,0
-2,-35,-32,217,3779,-940,0,0
-7,-20,-27,245,3790,-915,0,0
-14,-19,-12,234,3758,-918,0,0
-24,-10,-5,241,3778,-907,0,0
-27,-9,-2,239,3793,-936,0,0
-22,10,12,222,3797,-956,0,0
-17,36,34,237,3865,-988,0,0
-15,6,53,186,3829,-1037,0,0
-10,13,74,185,3751,-1031,0,0
13,-18,71,185,3705,-1039,0,0
34,-58,26,171,3730,-1012,0,0
46,-81,-29,208,3774,-993,0,0
57,-93,-43,202,3776,-984,0,0
61,-43,-27,220,3790,-977,0,0
62,-23,-22,220,3750,-969,0,0
56,-15,-23,212,3685,-957,0,0
47,-8,-23,221,3693,-926,0,0
31,-28,-31,218,3719,-960,0,0
24,20,-26,207,3696,-922,0,0
19,67,-10,249,3676,-949,0,0
13,54,0,212,3668,-901,0,0
-3,94,0,248,3752,-882,0,0
-29,76,17,238,3822,-918,0,0
-68,63,53,199,3829,-956,0,0
-87,77,74,178,3800,-1007,0,0
-79,67,69,171,3733,-1057,0,0
-63,28,50,151,3728,-1053,0,0
-47,-18,13,164,3803,-1081,0,0
-27,-40,-8,153,3762,-1066,0,0
-2,0,-7,176,3747,-1046,0,0
28,-19,-29,186,3778,-1030,0,0
36,-28,-44,199,3794,-974,0,0
28,-13,-30,216,3762,-954,0,0
19,-17,-14,216,3739,-956,0,0
13,-31,-18,230,3750,-952,0,0
12,-34,-14,219,3748,-937,0,0
6,0,5,223,3740,-934,0,0
-3,5,14,221,3789,-953,0,0
-12,-6,10,191,3731,-965,0,0
-15,10,6,222,3732,-991,0,0
-5,-31,-12,238,3750,-996,0,0
-9,-61,-6,231,3781,-989,0,0
-26,-59,29,205,3774,-996,0,0
-30,-57,43,186,3778,-1032,0,0
-19,-65,37,167,3769,-1057,0,0
-7,-50,40,145,3735,-1066,0,0
9,-35,40,153,3732,-1049,0,0
24,-50,18,168,3791,-1034,0,0
29,-75,-15,170,3773,-1049,0,0
38,-52,-18,180,3730,-1013,0,0
53,-42,-20,211,3713,-1032,0,0
56,-73,-34,207,3756,-1008,0,0
42,-74,-31,215,3777,-979,0,0
26,-63,-5,202,3738,-1002,0,0
20,-41,13,184,3701,-1008,0,0
26,-25,15,164,3661,-997,0,0
30,14,11,159,3681,-964,0,0
19,1,-3,153,3723,-933,0,0
-8,-25,-23,141,3728,-927,0,0
-32,29,-15,155,3733,-924,0,0
-38,69,-6,168,3763,-955,0,0
-47,82,0,145,3797,-979,0,0
-70,117,20,153,3808,-1001,0,0
-79,92,29,136,3749,-1047,0,0
-75,58,28,108,3724,-1044,0,0
-61,62,11,102,3771,-1060,0,0
-44,73,-22,113,3756,-1047,0,0
-36,67,-40,142,3749,-1026,0,0
-31,30,-53,176,3781,-1034,0,0
-20,-1,-58,170,3726,-1007,0,0
-4,32,-41,215,3738,-998,0,0
15,16,-34,220,3764,-981,0,0
12,12,-25,223,3783,-939,0,0
-1,12,1,223,3769,-934,0,0
-16,-1,30,194,3757,-951,0,0
-24,4,39,192,3763,-968,0,0
-24,-7,41,170,3754,-975,0,0
-27,7,52,175,3771,-970,0,0
-36,-26,49,194,3870,-994,0,0
-49,-91,37,149,3777,-1035,0,0
-48,-84,49,163,3734,-1047,0,0
-10,-120,46,146,3723,-1065,0,0
19,-123,15,144,3782,-1042,0,0
39,-116,-7,171,3827,-1017,0,0
50,-101,5,158,3765,-1024,0,0
56,-74,18,170,3739,-1009,0,0
67,-92,10,169,3748,-1012,0,0
73,-73,18,161,3740,-992,0,0
69,-32,29,168,3752,-959,0,0
55,-55,19,151,3725,-998,0,0
43,-37,15,147,3697,-954,0,0
41,-15,7,180,3686,-963,0,0
28,-20,-2,156,3704,-956,0,0
3,21,2,167,3741,-927,0,0
-22,39,10,149,3704,-966,0,0
-48,40,-3,149,3641,-966,0,0
-56,17,-31,183,3685,-955,0,0
-59,-7,-39,180,3769,-982,0,0
-76,27,-15,182,3842,-984,0,0
-84,46,7,180,3877,-1040,0,0
-78,68,31,142,3763,-1061,0,0
-57,107,54,160,3720,-1075,0,0
-18,50,32,137,3754,-1071,0,0
1,27,-9,145,3819,-1031,0,0
7,33,-13,159,3796,-1006,0,0
6,41,3,155,3734,-993,0,0
8,22,-10,180,3728,-978,0,0
10,-15,-21,174,3751,-965,0,0
3,3,-9,185,3746,-945,0,0
-9,2,-9,198,3767,-939,0,0
-19,-24,0,188,3740,-953,0,0
-22,-1,16,179,3753,-952,0,0
-16,18,22,197,3753,-962,0,0
-17,-4,20,185,3780,-956,0,0
-26,6,31,184,3776,-959,0,0
-32,12,42,179,3738,-983,0,0
-31,-13,33,192,3750,-994,0,0
-31,-69,18,185,3803,-1010,0,0
-33,-77,25,172,3763,-1021,0,0
-28,-74,29,184,3752,-1015,0,0
-13,-118,11,177,3774,-1041,0,0
6,-97,13,168,3780,-1019,0,0
30,-34,26,199,3771,-1016,0,0
49,-57,17,189,3779,-1005,0,0
45,-69,15,184,3805,-969,0,0
36,-57,32,166,3762,-975,0,0
34,-57,27,158,3727,-987,0,0
34,-73,2,156,3735,-990,0,0
32,-53,-2,156,3726,-979,0,0
30,-32,-1,171,3718,-960,0,0
19,-44,-11,193,3752,-971,0,0
12,-31,-7,163,3701,-936,0,0
15,44,8,191,3705,-935,0,0
13,36,3,170,3718,-944,0,0
-8,58,-3,174,3702,-901,0,0
-14,99,2,200,3693,-884,0,0
-26,111,9,218,3767,-909,0,0
-60,92,21,214,3844,-940,0,0
-95,82,39,188,3804,-981,0,0
-108,59,46,189,3701,-1026,0,0
-100,-3,33,162,3760,-1040,0,0
-75,-19,2,150,3802,-1082,0,0
-44,34,0,156,3782,-1063,0,0
-16,52,1,181,3759,-1057,0,0
9,16,-19,173,3788,-1000,0,0
20,27,-25,194,3785,-967,0,0
19,29,-11,193,3748,-950,0,0
18,21,-18,206,3748,-921,0,0
14,-4,-27,209,3754,-919,0,0
0,8,-13,210,3743,-894,0,0
-15,3,-4,212,3752,-880,0,0
-30,-26,-11,214,3777,-900,0,0
-45,-26,1,211,3760,-896,0,0
-49,-6,16,239,3774,-930,0,0
-44,-53,8,245,3805,-969,0,0
-46,-56,19,232,3831,-980,0,0
-38,-36,53,233,3789,-1033,0,0
-18,-60,72,177,3723,-1041,0,0
10,-62,62,168,3768,-1037,0,0
44,-58,41,139,3795,-1028,0,0
60,-17,32,162,3752,-986,0,0
65,-33,18,184,3778,-956,0,0
66,-75,-4,164,3767,-947,0,0
61,-42,-4,178,3759,-934,0,0
61,-32,-8,197,3762,-944,0,0
48,-48,-21,193,3779,-931,0,0
30,-35,-16,203,3757,-931,0,0
18,-26,-6,194,3718,-963,0,0
10,-23,-13,206,3721,-977,0,0
7,-27,-14,206,3726,-989,0,0
6,0,6,198,3703,-1000,0,0
8,19,9,213,3739,-980,0,0
8,0,2,193,3740,-994,0,0
2,56,27,202,3724,-964,0,0
3,65,32,206,3718,-991,0,0
4,46,15,163,3718,-962,0,0
-3,95,20,182,3737,-937,0,0
-8,117,29,181,3739,-956,0,0
-23,108,15,189,3747,-961,0,0
-40,69,-1,207,3772,-979,0,0
-54,39,-7,212,3765,-1004,0,0
-61,19,-14,230,3736,-1002,0,0
-58,-7,-8,231,3792,-1014,0,0
-46,6,0,209,3755,-1027,0,0
-30,69,21,233,3738,-1011,0,0
-5,48,12,232,3767,-1015,0,0
-1,36,8,227,3796,-977,0,0
-10,50,29,220,3755,-955,0,0
-18,28,29,198,3714,-944,0,0
-22,-11,0,207,3749,-929,0,0
-27,-26,-10,199,3770,-933,0,0
-35,8,0,205,3734,-927,0,0
-39,2,-5,220,3752,-910,0,0
-44,-42,-22,228,3782,-932,0,0
-49,-26,-12,218,3764,-926,0,0
-40,19,1,258,3766,-942,0,0
-28,-9,-3,236,3778,-936,0,0
-28,2,2,243,3810,-928,0,0
-27,10,30,243,3802,-943,0,0
-27,1,55,210,3794,-963,0,0
-26,-33,56,203,3801,-985,0,0
-17,-87,45,158,3768,-992,0,0
-1,-86,21,166,3744,-988,0,0
24,-100,-18,191,3803,-963,0,0
39,-97,-46,190,3772,-960,0,0
52,-21,-37,226,3759,-932,0,0
66,3,-32,259,3745,-931,0,0
58,-21,-38,258,3795,-907,0,0
39,-23,-30,262,3783,-910,0,0
23,-26,-9,241,3740,-938,0,0
14,-25,-3,246,3741,-958,0,0
12,-38,-3,223,3739,-972,0,0
8,-27,9,210,3726,-986,0,0
10,-35,11,213,3731,-971,0,0
13,-64,3,205,3759,-989,0,0
18,-28,15,174,3724,-948,0,0
28,33,24,202,3723,-942,0,0
26,-2,12,172,3745,-929,0,0
7,17,6,169,3732,-895,0,0
1,56,10,167,3685,-896,0,0
-4,104,8,178,3719,-889,0,0
-22,108,-3,218,3806,-901,0,0
-54,63,1,197,3797,-935,0,0
-83,41,15,208,3730,-973,0,0
-85,-29,6,195,3775,-982,0,0
-73,-64,-14,174,3809,-1036,0,0
-58,18,12,170,3762,-1008,0,0
-29,67,29,188,3738,-1011,0,0
-9,26,1,174,3765,-968,0,0
-13,8,-12,193,3798,-914,0,0
-24,6,2,174,3765,-914,0,0
-29,16,-4,183,3749,-901,0,0
-28,6,-16,187,3773,-892,0,0
-33,16,-10,186,3770,-885,0,0
-42,23,-3,198,3758,-876,0,0
-48,-6,-11,199,3807,-878,0,0
-52,-15,-12,182,3776,-891,0,0
-49,28,1,194,3779,-909,0,0
-35,21,-3,209,3780,-921,0,0
-30,1,-8,201,3818,-908,0,0
-28,28,5,206,3811,-919,0,0
-25,34,15,181,3783,-957,0,0
-21,77,0,162,3788,-989,0,0
-9,71,-17,348,3764,-1154,0,0
-8,75,42,486,3742,-1480,0,0
8,451,174,801,3693,-1861,0,0
217,500,310,1664,3807,-3031,0,0
855,-377,473,1765,4098,-3245,0,0
1398,-477,728,1733,4540,-3037,0,0
1765,-332,1011,1558,4728,-2995,0,0
2045,-353,1231,1505,4739,-2781,0,0
2201,-505,1358,1383,4444,-2553,0,0
2244,-571,1386,1233,4018,-2298,0,0
2192,-505,1330,1199,3401,-2245,0,0
2088,-434,1237,1190,2899,-2281,0,0
1958,-392,1171,1133,2440,-2339,0,0
1795,-369,1115,1079,2068,-2355,0,0
1599,-553,1044,1084,1684,-2474,0,0
1428,-1027,922,936,1461,-2619,0,0
1232,-1311,679,820,1451,-2516,0,0
1028,-1483,437,801,991,-2958,0,0
864,-1816,336,399,464,-3705,0,0
856,-1823,352,11,146,-4113,0,0
972,-1324,359,-481,13,-4182,0,0
999,-398,298,-538,-112,-3736,0,0
864,270,211,-451,-220,-2966,0,0
558,725,102,-190,-405,-2348,0,0
280,454,104,-113,-662,-2382,0,0
159,-151,194,-408,-754,-2462,0,0
53,-90,236,-402,-740,-2613,0,0
-36,135,207,-277,-558,-2469,0,0
-104,495,99,-316,-176,-1648,0,0
-282,1075,-64,53,24,-1398,0,0
-435,830,-143,-35,44,-1761,0,0
-495,679,3,123,304,-2824,0,0
-444,937,54,447,743,-4278,0,0
-333,1130,-200,1861,152,-7629,0,0
47,426,-576,2674,-193,-9370,0,0
458,-386,-647,3281,131,-10960,0,0
1096,-1612,-293,2429,-81,-10489,0,0
1109,-1481,-29,2149,-817,-8950,0,0
811,-3121,-84,430,-798,-8653,0,0
570,-2536,17,-1667,-428,-4889,0,0
-105,1360,-73,-990,800,209,0,0
-1366,3852,-712,-68,-1308,641,0,0
-1258,2345,-629,685,-1557,833,0,0
-243,397,-273,280,-482,835,0,0
163,801,-760,1331,1192,-1546,0,0
452,-1073,-482,701,823,-3804,0,0
836,-1887,277,203,1741,-3337,0,0
480,-1127,680,-541,841,-3279,0,0
5,-1291,684,-1065,478,-3611,0,0
400,-691,219,-583,1707,-512,0,0
890,980,-157,414,354,1351,0,0
969,978,393,872,-3573,2423,0,0
460,-1133,531,1050,-5762,-1597,0,0
60,-2726,-452,-39,-3688,-5228,0,0
-236,389,-951,-278,-441,-3934,0,0
-1483,2846,-201,1102,1219,-8521,0,0
-1692,-42,591,-240,620,-9220,0,0
-1105,109,520,-1019,235,-8025,0,0
-832,867,249,-65,42,-7812,0,0
-543,-304,45,-73,-199,-5709,0,0
-254,-331,-68,170,-365,-5154,0,0
89,-169,-146,300,-228,-4340,0,0
332,-47,-165,512,7,-3302,0,0
527,-329,-83,390,242,-2592,0,0
635,-134,60,-80,599,-1986,0,0
608,1165,171,-818,1582,-523,0,0
78,3058,607,878,1513,-2657,0,0
-964,1216,829,2238,-1529,-10072,0,0
-555,-2368,313,2836,-2597,-16290,0,0
1737,-2589,-370,1467,-807,-14379,0,0
2477,-968,-357,494,-786,-8256,0,0
1445,-666,-434,-149,313,-1443,0,0
-326,107,-516,-580,1905,5649,0,0
-2277,403,-119,-1467,-408,2392,0,0
-1589,-593,146,-1948,-4122,184,0,0
-229,65,-677,298,-1948,-1689,0,0
158,-166,-1085,1786,-425,-1507,0,0
339,-144,-395,1721,639,-3384,0,0
186,382,260,488,449,-3711,0,0
-642,535,394,-320,540,-7272,0,0
-186,-953,36,-1123,1197,-4160,0,0
658,-280,-70,-1118,1740,-1103,0,0
1197,1061,431,649,-473,1288,0,0
1629,-269,784,317,-2579,2604,0,0
1022,235,138,816,-2853,873,0,0
-506,-3,84,496,-3358,-3530,0,0
-1543,605,317,633,-998,-6134,0,0
-2323,850,3,1189,1138,-10639,0,0
-1787,-444,-48,-305,-125,-9082,0,0
-1046,482,191,852,423,-7477,0,0
-675,-488,298,329,477,-6619,0,0
-438,-503,274,-182,268,-5486,0,0
-60,-115,53,-156,233,-4636,0,0
102,-25,-49,-149,236,-3674,0,0
132,-28,31,-127,511,-3248,0,0
265,-151,104,-185,684,-2927,0,0
352,-204,156,-342,821,-2836,0,0
376,16,112,-626,766,-3160,0,0
221,803,202,-225,452,-4751,0,0
124,747,268,-60,-294,-7600,0,0
545,559,3,756,-1219,-10532,0,0
1376,-356,-275,1213,-1668,-10898,0,0
1545,-487,-206,2141,-1217,-9221,0,0
779,-1161,-211,926,9,-6451,0,0
-310,-424,-518,-1103,935,-1684,0,0
-1257,850,-992,829,773,1466,0,0
-909,-1357,-511,154,-2773,1957,0,0
-228,-1231,173,-1221,-1328,3576,0,0
-507,432,-386,1015,1013,-343,0,0
-659,-260,-61,452,-1163,-513,0,0
-562,358,935,-469,-941,-1801,0,0
-583,1399,968,301,102,-3964,0,0
-658,1104,917,525,737,-4528,0,0
-144,756,998,131,1226,-2927,0,0
738,823,1170,316,607,-2466,0,0
1125,263,1188,86,-1242,-3992,0,0
1017,-1175,438,70,-1760,-3374,0,0
828,-2051,-545,-1280,-1745,-4458,0,0
516,-249,-779,-1303,1115,-3570,0,0
-1113,2106,-704,877,621,-7730,0,0
-1445,-296,-371,519,876,-8789,0,0
-692,-439,-561,91,508,-7007,0,0
-640,686,-452,1765,-17,-7758,0,0
-397,-599,-200,923,-9,-6037,0,0
-128,122,-215,725,-122,-5265,0,0
198,325,-93,1009,-185,-4765,0,0
500,-251,36,401,-191,-3629,0,0
626,-53,63,267,-180,-2713,0,0
625,-129,79,248,-52,-2039,0,0
516,-336,-2,-34,421,-1754,0,0
560,212,-31,-116,468,-2229,0,0
571,231,290,232,217,-2235,0,0
316,-12,580,-263,-173,-2974,0,0
-384,1563,378,854,-691,-5750,0,0
-496,528,-203,1464,-931,-9796,0,0
186,-855,-328,1252,-1384,-13316,0,0
1472,-2140,-149,1048,-1146,-13686,0,0
2289,-3948,54,380,-438,-8079,0,0
1315,-3318,49,-1653,-167,-707,0,0
-684,1128,-288,1340,1568,3931,0,0
-2069,1437,-89,1351,1644,1590,0,0
-1697,276,477,-1117,-3072,-59,0,0
-349,547,373,-1706,-2816,-1028,0,0
-106,1200,-533,202,-1727,-3635,0,0
346,-978,-696,798,54,-3390,0,0
886,-1324,-659,-1369,1001,-2053,0,0
-155,2008,-433,177,846,-2084,0,0
-558,836,-31,386,1286,-2689,0,0
276,340,-279,-677,766,-193,0,0
710,1539,231,877,-754,-699,0,0
838,285,733,-429,-2625,-2175,0,0
1115,641,601,378,-3907,-2594,0,0
629,-361,367,544,-2961,-1716,0,0
-1701,949,-259,1161,724,-5762,0,0
-2696,-83,-318,681,1344,-8268,0,0
-1943,-615,1,-262,1007,-7264,0,0
-1541,1044,86,980,510,-8392,0,0
-1048,-288,-5,690,388,-7400,0,0
-568,-531,-10,187,456,-5847,0,0
-154,195,39,261,441,-4893,0,0
88,411,4,310,310,-4138,0,0
210,151,-20,202,148,-3381,0,0
203,-50,-42,166,91,-3068,0,0
145,-94,-30,114,241,-2995,0,0
109,-41,-13,199,508,-2674,0,0
82,-122,20,216,661,-2799,0,0
70,-45,111,150,572,-2950,0,0
79,234,254,438,476,-3445,0,0
50,511,327,744,239,-4451,0,0
-105,741,299,1865,-1144,-7296,0,0
51,375,177,3406,-23,-11129,0,0
1105,-1091,298,1762,959,-11423,0,0
1776,-1564,360,-490,1184,-9458,0,0
1498,-477,116,-502,882,-5838,0,0
155,-162,-110,-767,1636,-2721,0,0
-1123,746,-385,-363,2516,255,0,0
-1306,559,-319,-1049,-1707,985,0,0
-869,117,163,-1240,-4978,1427,0,0
-368,312,-902,587,-563,-463,0,0
-69,-435,-1523,1780,318,-2414,0,0
396,-1297,-375,547,74,-2523,0,0
559,-6,229,192,594,-2765,0,0
-163,568,388,115,866,-2656,0,0
-434,472,569,-40,1375,-2319,0,0
227,1065,816,-564,1480,-780,0,0
582,2032,1184,963,-301,-1724,0,0
1133,-842,1236,640,-3151,-3822,0,0
1982,-1901,651,-1052,-3054,-2379,0,0
1354,679,378,598,-1857,-1313,0,0
-876,728,144,1106,1084,-2263,0,0
-3348,69,-240,498,1392,-8599,0,0
-2621,-846,-584,-165,1837,-7874,0,0
-1826,589,-988,830,1747,-8901,0,0
-1389,830,-795,1639,1127,-7812,0,0
-623,-60,-543,1448,734,-6053,0,0
50,27,-306,1214,661,-5204,0,0
411,-37,6,1106,587,-4346,0,0
626,-411,135,724,489,-3505,0,0
653,-160,122,465,429,-3070,0,0
599,203,135,666,456,-2673,0,0
517,-137,181,641,493,-2180,0,0
328,-474,183,356,595,-2146,0,0
177,-74,260,441,450,-2497,0,0
67,22,309,394,546,-3113,0,0
-15,231,168,319,838,-4232,0,0
62,1290,-81,253,1323,-6088,0,0
285,3318,20,1282,1035,-8651,0,0
438,4588,443,4837,-829,-10429,0,0
1491,-912,595,7851,-1278,-9570,0,0
1929,-5153,110,4565,448,-6449,0,0
1113,-3783,-149,1483,790,-3849,0,0
-290,-868,-470,372,1686,568,0,0
-1395,-167,-552,-557,2663,1155,0,0
-1263,-460,270,-2663,-3987,358,0,0
-410,517,548,-1471,-3074,2888,0,0
-440,932,-295,-146,-291,-1033,0,0
-567,841,-279,290,-729,-1488,0,0
-579,-765,10,887,937,-1757,0,0
-959,144,-109,301,1644,-3041,0,0
-1326,960,-286,1483,788,-4036,0,0
-768,-193,-108,586,327,-2224,0,0
-45,672,448,897,-117,-2394,0,0
686,-226,830,925,-1000,-3456,0,0
1569,-875,812,-236,41,-1942,0,0
1094,457,808,-415,-761,-1657,0,0
-812,1290,498,667,5116,-3169,0,0
-2936,-19,-427,1311,3196,-10729,0,0
-2135,-1897,-600,-2224,2452,-9201,0,0
-959,658,-712,1052,2365,-9687,0,0
-269,321,-690,1899,1378,-8337,0,0
356,-767,-406,862,1164,-5373,0,0
910,166,-148,1039,1054,-4213,0,0
1193,-179,22,623,736,-3401,0,0
1131,-265,84,277,489,-2501,0,0
936,-210,13,388,224,-2304,0,0
762,-430,-29,232,114,-2287,0,0
650,-401,85,62,118,-2162,0,0
597,-407,206,-165,192,-2241,0,0
504,178,241,-352,273,-1890,0,0
292,907,96,152,250,-2237,0,0
42,992,-102,614,190,-2988,0,0
-141,798,-179,1085,582,-3365,0,0
-300,529,-159,1217,1026,-4715,0,0
-410,614,-104,1732,1246,-6945,0,0
26,312,-31,2177,512,-9052,0,0
712,-139,173,1993,448,-9532,0,0
1118,339,397,2414,240,-8954,0,0
1410,-1562,563,2139,-320,-8721,0,0
1254,-2310,147,274,-187,-5004,0,0
82,-1024,-369,301,2004,-2308,0,0
-1637,32,-779,-621,1692,252,0,0
-2110,324,-872,-270,-1736,-1182,0,0
-572,-554,-87,-905,-4020,-470,0,0
586,672,69,416,-841,-742,0,0
523,677,-147,1188,-521,-1614,0,0
218,-170,-23,1098,-509,-1947,0,0
376,-313,4,704,773,-1869,0,0
59,551,147,395,1356,-1248,0,0
-499,827,499,102,1543,-1358,0,0
-203,781,507,-755,818,-2960,0,0
280,806,394,691,-1699,-2039,0,0
731,-1295,562,-146,-2143,-2018,0,0
491,-135,897,974,-1667,-3016,0,0
-573,427,1273,1804,1887,-3413,0,0
-2699,2228,554,2543,2411,-9103,0,0
-2417,-157,-77,670,1526,-10216,0,0
-1124,193,-410,367,2199,-7895,0,0
-774,871,-804,1684,1697,-7703,0,0
-508,-910,-623,879,882,-6028,0,0
99,-820,-195,937,820,-4694,0,0
580,-373,-71,838,671,-4084,0,0
678,-275,3,818,523,-3413,0,0
749,-457,-65,341,560,-2617,0,0
605,190,-295,281,342,-2175,0,0
309,480,-367,514,376,-2508,0,0
157,235,-189,317,379,-2658,0,0
160,-130,-12,588,421,-3117,0,0
248,-335,126,538,482,-3018,0,0
390,-41,276,949,837,-3008,0,0
572,99,308,575,1138,-2639,0,0
488,741,213,722,1171,-2530,0,0
92,585,4,757,316,-4675,0,0
-206,999,-4,2001,-142,-7841,0,0
146,-245,-134,2609,-929,-11272,0,0
752,-525,-74,2947,-544,-11763,0,0
1402,-1637,35,2782,483,-10716,0,0
1381,-2195,20,898,1681,-7200,0,0
462,-929,-114,35,2144,-2218,0,0
-619,1364,-542,539,1228,1916,0,0
-1113,451,-125,-929,-3720,1869,0,0
-172,-298,352,-2219,-3345,2334,0,0
-1,426,-276,-149,-484,-249,0,0
-120,120,-426,893,-208,-1770,0,0
205,-218,90,1038,1771,-3246,0,0
-242,423,342,490,1763,-3178,0,0
-635,751,476,453,481,-3567,0,0
49,500,411,-304,716,-2202,0,0
804,1166,677,714,183,-1222,0,0
1477,-703,1106,341,-1215,-504,0,0
1619,-1351,1027,-3,-2064,-531,0,0
442,-1614,666,-496,-3683,-1812,0,0
-1503,-377,374,147,1154,-3252,0,0
-3319,807,-849,196,3440,-8768,0,0
-2897,585,-852,-97,1173,-10126,0,0
-1351,992,-343,878,1063,-8611,0,0
-796,952,-385,1571,897,-7758,0,0
-324,-216,-313,1094,754,-5584,0,0
320,-15,-143,964,976,-4451,0,0
701,35,-18,798,530,-3621,0,0
629,-295,134,434,295,-2670,0,0
458,-154,111,528,435,-2517,0,0
281,-321,-12,363,342,-2536,0,0
39,-373,-23,346,393,-2624,0,0
-133,-387,9,257,493,-2810,0,0
-229,-140,-16,154,499,-2901,0,0
-271,171,-42,321,544,-3242,0,0
-247,-210,-19,1,771,-3866,0,0
-36,-21,-53,63,1567,-4086,0,0
155,538,-196,544,1493,-4919,0,0
220,572,-151,873,727,-5329,0,0
387,471,-10,1467,384,-6708,0,0
614,508,195,1756,60,-8337,0,0
930,-315,343,1892,-482,-10143,0,0
1284,-2541,458,812,-401,-11388,0,0
1581,-5932,370,-86,1874,-9024,0,0
786,-6519,228,-3394,3083,-3700,0,0
-270,311,-572,-1473,2524,83,0,0
-731,3472,-1531,1908,-36,1719,0,0
-897,2218,-383,694,-3704,954,0,0
282,796,811,-318,-2775,1120,0,0
390,546,507,-289,-914,-1474,0,0
44,668,-228,-220,-1139,-2813,0,0
277,28,-533,-930,1350,-3090,0,0
197,1539,-554,-868,1716,-2279,0,0
-208,2007,169,-124,1253,-2274,0,0
480,1388,650,-1105,1448,-306,0,0
1376,2198,974,1087,741,80,0,0
1541,340,1283,-38,-2613,1096,0,0
273,22,782,43,-4721,-845,0,0
-1183,-690,55,139,-3902,-3279,0,0
-2503,614,-956,2297,1893,-6825,0,0
-2910,-351,-1534,1370,2304,-10154,0,0
-1846,-258,-906,674,2058,-7830,0,0
-1160,428,-544,1318,1378,-7501,0,0
-1093,-550,-470,577,1061,-6737,0,0
-681,-95,-228,877,1358,-5026,0,0
-114,175,-121,863,869,-4794,0,0
129,80,13,625,521,-3940,0,0
189,-83,78,476,448,-3167,0,0
197,-102,50,431,414,-3185,0,0
149,-116,136,433,582,-3134,0,0
161,-114,212,415,631,-2926,0,0
-10,-60,115,8,593,-2398,0,0
-162,-16,-44,396,781,-2924,0,0
-118,-41,-66,322,793,-3274,0,0
-15,123,-36,387,1174,-3383,0,0
231,-3,-18,339,1228,-3683,0,0
350,264,114,456,910,-4363,0,0
359,329,320,795,978,-5698,0,0
506,746,301,1194,1183,-7306,0,0
685,2158,430,3077,750,-8004,0,0
857,795,710,3179,308,-8103,0,0
906,-76,723,2032,22,-7234,0,0
962,-2648,258,2119,920,-7050,0,0
723,-1423,-244,1155,1594,-6583,0,0
-28,-357,-370,718,2028,-3989,0,0
-747,813,-836,1209,1458,-1112,0,0
-758,-188,-766,-791,-2810,-460,0,0
299,92,71,-1972,-3632,2143,0,0
486,535,18,2,-1087,-1293,0,0
604,-107,-169,1324,-591,-2097,0,0
960,-1748,-93,928,543,-1995,0,0
905,-1049,-277,319,1735,-2385,0,0
67,933,-159,776,1457,-1651,0,0
-168,499,-15,734,1116,-1288,0,0
579,163,4,5,952,201,0,0
942,266,505,1392,-1555,1033,0,0
173,-865,1068,27,-3564,-1026,0,0
-890,-455,764,187,-3440,-3553,0,0
-2101,1,-120,1498,2935,-7379,0,0
-2668,288,-594,806,1981,-10878,0,0
-1573,476,-496,1106,1579,-9027,0,0
-788,635,-427,1177,1979,-7979,0,0
-606,110,-222,1215,1529,-6538,0,0
-154,-844,-139,448,1238,-4847,0,0
232,-152,-78,578,968,-4325,0,0
438,53,71,693,493,-3914,0,0
542,-131,127,502,126,-3122,0,0
549,-140,-6,503,66,-2982,0,0
494,-192,-31,481,138,-3146,0,0
391,-70,36,578,100,-3008,0,0
240,-66,38,580,33,-3313,0,0
187,-66,-18,442,67,-3317,0,0
105,137,-8,530,3,-3285,0,0
23,-6,29,480,-75,-3129,0,0
-97,73,55,542,-121,-2994,0,0
-260,7,29,563,-6,-3089,0,0
-359,30,-11,445,-173,-2957,0,0
-343,0,26,414,-142,-2983,0,0
-174,75,111,-131,64,-2785,0,0
167,1082,236,274,499,-2473,0,0
637,614,387,977,934,-2255,0,0
593,-605,431,984,1090,-2417,0,0
-167,-238,354,1127,1019,-4734,0,0
-717,817,165,1865,786,-8723,0,0
-365,598,-202,2644,382,-12542,0,0
1009,291,-234,3255,877,-12876,0,0
2168,208,467,4098,-10,-10964,0,0
2425,-1465,579,2430,805,-6964,0,0
1302,-970,17,132,714,-2260,0,0
-627,108,-1291,-1656,1686,2176,0,0
-1908,405,-2718,336,3422,1369,0,0
-2010,-1335,-1282,51,-2230,-19,0,0
-444,-1374,685,18,-2715,648,0,0
290,-516,422,1056,-2170,-1546,0,0
-154,-938,184,1104,-1886,-1883,0,0
-209,-1151,116,380,1126,-2921,0,0
-135,271,-20,-489,2194,-2928,0,0
-510,1115,132,-318,1702,-2818,0,0
-205,657,218,-1258,1575,-1129,0,0
678,1547,371,39,814,-65,0,0
1257,427,991,527,-1715,437,0,0
787,-652,1386,318,-2658,-821,0,0
-243,-179,1212,1007,-1089,-2437,0,0
-2136,1430,269,1966,3399,-7412,0,0
-3230,1365,-2584,1901,2115,-12168,0,0
-1928,-600,-1087,1428,3581,-11045,0,0
-866,506,-1056,1959,3465,-11054,0,0
-1,-502,-647,1442,2202,-8789,0,0
793,-850,-454,810,1797,-5751,0,0
1224,12,-364,897,1064,-4200,0,0
1284,-349,-224,568,559,-3316,0,0
1231,-370,-142,446,701,-2140,0,0
1058,-3,-144,529,539,-2026,0,0
833,-71,80,217,153,-2146,0,0
617,-78,293,197,114,-2432,0,0
507,-40,331,60,24,-2851,0,0
449,19,341,-44,-246,-2880,0,0
331,43,398,99,-57,-2839,0,0
102,142,497,198,-158,-3120,0,0
-151,165,500,205,-746,-3550,0,0
-90,105,319,472,-810,-3347,0,0
45,-26,197,474,-489,-3037,0,0
-59,242,269,635,-334,-2660,0,0
-208,139,280,724,-468,-2578,0,0
-373,125,257,589,-214,-2588,0,0
-557,413,302,715,250,-2988,0,0
-554,201,205,421,555,-3682,0,0
-377,488,36,718,1312,-4316,0,0
-156,309,-46,700,1526,-5387,0,0
167,771,112,1718,799,-6161,0,0
337,190,230,1844,-194,-8245,0,0
511,138,235,2247,-497,-9284,0,0
960,-1054,128,2175,-1175,-10494,0,0
1096,-2327,-142,1885,-900,-11008,0,0
1136,-3670,-211,1569,601,1543,0,0
1227,-3151,-133,1985,2400,692,0,0
-718,-368,-384,-1089,1394,3980,0,0
-2045,1215,-467,-840,-320,1093,0,0
-1016,150,-135,-1442,-2073,1372,0,0
-226,692,195,169,-98,-1206,0,0
173,53,157,306,-1136,-912,0,0
16,34,328,304,-1564,-1342,0,0
-321,327,292,255,-104,-2240,0,0
-577,1152,148,3,956,-2445,0,0
-498,1783,304,450,1001,-2532,0,0
164,1163,612,-346,185,-1802,0,0
747,772,478,-76,-1164,-1450,0,0
580,-102,89,-268,-827,-2020,0,0
-45,24,210,142,-676,-2360,0,0
-1459,572,-60,1489,3604,-5377,0,0
-3171,1332,-673,1429,2376,-10062,0,0
-2487,103,-675,1506,3029,-8952,0,0
-1300,-280,-547,1145,2617,-8692,0,0
-661,483,-280,1942,1619,-7832,0,0
-58,-379,-130,1642,1443,-5633,0,0
356,-340,33,1370,1378,-4871,0,0
633,-135,233,1052,1147,-4070,0,0
775,-244,357,794,1273,-3186,0,0
773,-318,381,538,1145,-2837,0,0
610,-211,397,425,755,-2733,0,0
420,-285,344,324,538,-2697,0,0
314,-329,188,208,534,-2815,0,0
230,-76,74,334,651,-2836,0,0
134,-49,35,444,630,-3139,0,0
110,-187,-13,381,710,-3083,0,0
64,-142,-128,412,848,-3433,0,0
111,-153,-202,405,858,-3939,0,0
281,-281,-252,598,967,-4647,0,0
477,-450,-239,493,777,-5515,0,0
582,111,-115,552,667,-6333,0,0
743,263,-28,553,253,-7302,0,0
778,210,-31,447,118,-8104,0,0
1044,-248,198,576,329,-8483,0,0
1337,-496,555,733,-400,-8613,0,0
1171,-1216,305,419,191,-7122,0,0
305,-398,-207,-642,593,-2820,0,0
-974,192,-1052,-1483,1935,1206,0,0
-1717,393,-1756,-713,604,-476,0,0
-621,79,-672,-162,-2530,566,0,0
619,-474,355,237,-1118,917,0,0
627,-326,-42,274,-675,-365,0,0
55,90,-313,745,-1181,-436,0,0
-726,-279,-353,737,962,-1670,0,0
-1190,504,-230,1077,1698,-2468,0,0
-995,699,239,589,889,-3066,0,0
39,974,909,-4,26,-2666,0,0
1036,850,1047,160,-1768,-2268,0,0
1459,-311,754,236,-2302,-1560,0,0
910,-762,484,372,-1458,-1040,0,0
-893,-468,619,369,880,-2042,0,0
-3396,516,-102,-301,3531,-8008,0,0
-3260,496,-711,-731,4151,-10068,0,0
-1505,502,-766,-162,3716,-9504,0,0
-797,1404,-310,1137,2148,-7952,0,0
-403,177,-370,1301,1489,-6294,0,0
47,-148,-497,1061,1429,-5343,0,0
423,122,-162,1140,1291,-4272,0,0
610,-350,87,858,1129,-3383,0,0
649,-225,95,657,929,-2775,0,0
567,-40,99,672,821,-2421,0,0
405,-285,184,459,794,-2372,0,0
221,-125,262,428,851,-2428,0,0
108,-233,227,366,828,-2786,0,0
51,-225,145,275,1007,-2913,0,0
29,37,82,387,1197,-3117,0,0
19,-58,18,201,1307,-3471,0,0
163,154,-1,275,1367,-3965,0,0
374,133,-14,339,1311,-4884,0,0
350,354,41,695,1161,-6766,0,0
659,31,-97,973,986,-8165,0,0
1056,-42,-162,1060,547,-8715,0,0
1412,90,-113,1081,683,-8126,0,0
1499,317,-57,1458,328,-7545,0,0
1308,-490,-190,608,1492,-5328,0,0
630,-99,-18,115,1655,-2833,0,0
-735,462,-147,-7,973,-1728,0,0
-1590,520,-696,-241,267,-487,0,0
-1073,79,-654,-769,-2975,-354,0,0
-97,195,-186,-292,-3103,879,0,0
96,-100,-372,676,-1204,-1364,0,0
217,-35,-381,851,98,-1584,0,0
89,-258,-167,1269,1949,-877,0,0
-565,-203,-7,267,2805,-2352,0,0
-878,1059,418,549,1215,-2780,0,0
-162,504,814,353,610,-1982,0,0
909,-10,1352,940,-856,-1793,0,0
1361,-1268,1653,687,-1987,-2298,0,0
955,-1588,1432,-367,-2696,-3169,0,0
-57,-344,1072,444,-347,-3072,0,0
-2042,812,95,769,2453,-7627,0,0
-2361,696,-219,162,2985,-8209,0,0
-1103,760,-256,546,2955,-7096,0,0
-739,1440,-280,1194,1174,-7647,0,0
-608,133,-306,1076,562,-6025,0,0
-181,-444,-436,774,858,-4790,0,0
289,-26,-364,982,664,-4304,0,0
474,-277,-175,855,573,-3530,0,0
522,-169,-61,774,579,-2730,0,0
529,-104,-23,663,382,-2402,0,0
305,-135,46,472,500,-2444,0,0
15,-58,87,602,649,-2679,0,0
-190,-122,10,523,818,-3184,0,0
-303,150,-77,643,770,-3432,0,0
-343,77,-105,662,713,-3745,0,0
-289,-107,-133,543,781,-3892,0,0
-168,92,-161,763,988,-3932,0,0
52,-25,-242,830,1387,-4315,0,0
287,338,-286,1101,1454,-4654,0,0
532,478,-60,1562,1194,-5520,0,0
684,280,161,1392,1019,-6714,0,0
749,598,292,2123,601,-8154,0,0
1157,-738,321,1771,814,-9710,0,0
1485,-947,492,1949,1030,-10465,0,0
1523,-2462,417,640,1341,-7172,0,0
540,-3078,96,461,2676,-3029,0,0
-621,-1991,-294,-261,2073,1106,0,0
-1059,1596,-395,-940,-1297,1881,0,0
-677,1625,-117,-1045,-4128,-623,0,0
312,635,-152,-353,-2376,1252,0,0
111,842,-764,1033,-216,-1585,0,0
18,408,-581,1398,225,-2079,0,0
-83,-653,14,753,1932,-1537,0,0
-523,690,298,-113,1382,-2426,0,0
-484,1678,575,252,311,-2343,0,0
369,706,781,-27,41,-2136,0,0
1471,42,1680,1032,-1185,-3505,0,0
2495,-1847,2600,35,-1013,-2326,0,0
2343,-858,1854,-319,-4382,382,0,0
468,926,-147,24,-2201,-1353,0,0
-2039,2213,-2018,1727,2645,-4497,0,0
-3521,878,-1514,1958,3025,-8269,0,0
-2614,-1143,-548,1190,2426,-7851,0,0
-1674,262,-2600,1444,859,-9009,0,0
-1103,87,-465,1571,811,-7555,0,0
-444,-128,-333,1305,755,-5417,0,0
-63,286,-274,1434,636,-4545,0,0
2,42,-97,1034,732,-3720,0,0
72,-93,87,917,847,-3173,0,0
93,-215,117,604,754,-2866,0,0
-35,114,200,678,643,-2857,0,0
-66,44,261,762,607,-2878,0,0
-59,-122,215,647,577,-2930,0,0
-50,5,121,613,746,-2942,0,0
-55,115,10,668,974,-3151,0,0
-43,361,-59,939,1200,-3842,0,0
-23,641,-91,1021,1483,-5645,0,0
225,1134,-94,2148,1382,-7616,0,0
760,-197,-123,2139,1443,-9932,0,0
1360,-517,147,2586,933,-9967,0,0
1847,-1103,271,2402,1137,-9451,0,0
1946,-1309,374,1979,1822,-8180,0,0
1620,-1405,555,773,1658,-3633,0,0
142,90,70,-1530,1866,2457,0,0
-1612,1436,-1641,-375,1586,902,0,0
-1452,-407,-1715,-239,-2501,-1232,0,0
289,-63,35,236,-2862,238,0,0
977,-2,719,659,-1607,-722,0,0
547,-966,167,707,-1915,-378,0,0
39,-1453,-265,857,253,-3608,0,0
-212,-494,-504,378,2110,-2267,0,0
-588,1327,-144,559,1009,-2634,0,0
-137,768,364,-249,421,-2178,0,0
869,1194,835,214,69,-1608,0,0
1506,-31,1235,611,-2354,-1220,0,0
996,-1244,774,62,-3623,-2595,0,0
54,-671,176,86,-3328,-2444,0,0
-1240,894,-290,843,1885,-3148,0,0
-2907,1394,-898,768,3365,-6756,0,0
-2821,474,-475,271,3173,-7380,0,0
-1843,-51,25,257,2492,-7661,0,0
-1346,21,130,748,1675,-8050,0,0
-724,-891,28,567,997,-6636,0,0
-52,-494,-59,826,906,-5205,0,0
256,-22,-50,1239,1063,-4289,0,0
215,-224,4,770,1197,-3653,0,0
250,190,85,740,1265,-3512,0,0
340,-57,126,578,1103,-3463,0,0
255,-194,208,274,891,-3265,0,0
209,-108,175,310,710,-3522,0,0
272,-211,39,226,688,-3484,0,0
275,-124,-68,256,815,-3314,0,0
316,-142,-129,349,1040,-3189,0,0
348,-52,-148,477,854,-3179,0,0
219,123,-122,838,524,-3398,0,0
-212,231,-199,1012,179,-6246,0,0
-87,1021,-379,2029,1137,-8796,0,0
932,738,-99,2339,2034,-9617,0,0
1704,-309,574,936,1114,-8316,0,0
1742,-809,599,54,244,-7500,0,0
1453,-1523,189,-492,-261,-6539,0,0
691,-975,-48,-217,1138,-4734,0,0
-478,581,-392,659,3658,569,0,0
-1783,1934,-1063,870,3145,2363,0,0
-2469,1220,-1349,206,-3106,-2587,0,0
-833,-517,-99,-567,-5594,-998,0,0
757,-278,522,-70,-2182,-1724,0,0
1126,-125,296,661,-1087,-824,0,0
706,-739,211,140,983,-734,0,0
201,-100,-90,80,2828,-756,0,0
-508,1090,-317,129,2198,-940,0,0
-961,1071,-158,201,1349,-1558,0,0
-407,774,117,566,-31,-1139,0,0
270,79,666,681,-3035,-1660,0,0
442,-814,840,337,-3037,-2622,0,0
131,46,514,1106,-806,-2681,0,0
-1117,817,79,2020,3806,-4063,0,0
-2975,1393,-445,2393,3914,-9926,0,0
-1998,-427,-627,1703,3989,-8567,0,0
-814,436,-392,1896,3458,-7610,0,0
-596,478,-133,2138,1867,-6780,0,0
-367,-950,-294,1525,1340,-5813,0,0
5,-200,-307,1433,1344,-4979,0,0
287,-330,-200,1201,1227,-4191,0,0
451,-821,-116,912,1152,-3628,0,0
576,-2472,-70,917,1148,-2986,0,0
639,-372,-16,808,1068,-2527,0,0
526,-345,143,702,1071,-2521,0,0
453,-381,231,511,1151,-2433,0,0
399,-304,185,440,1260,-2653,0,0
253,-70,176,443,1436,-3131,0,0
141,-186,113,427,1445,-4181,0,0
126,-24,81,497,1000,-5512,0,0
474,-381,63,686,836,-6230,0,0
967,-347,20,668,1265,-6386,0,0
1137,361,142,732,1062,-6456,0,0
1080,4,201,482,609,-7495,0,0
1089,5,256,858,54,-8266,0,0
982,-1208,74,265,4,-8899,0,0
925,-1103,-15,668,1517,-6979,0,0
608,-370,529,1681,4043,-1416,0,0
-1026,205,889,-67,3694,1746,0,0
-2298,1293,-433,-359,-156,-1494,0,0
-1346,-437,-1202,-1074,-5021,-1562,0,0
303,-519,-130,-554,-3686,324,0,0
563,562,374,437,-2049,-304,0,0
176,-86,-17,96,-2381,-306,0,0
7,-27,-240,223,191,-1069,0,0
-105,247,-393,167,1800,-1437,0,0
-419,984,-287,57,2513,-1436,0,0
-614,1362,-23,105,2390,-2109,0,0
-137,1006,210,157,864,-1958,0,0
392,-131,613,269,-1667,-2655,0,0
334,-1700,650,-793,-3159,-3692,0,0
269,-633,524,488,341,-2129,0,0
-3640,1043,-520,2197,4282,-4288,0,0
-4050,2188,-824,2402,4098,-9367,0,0
-2225,-589,-908,1322,4847,-8829,0,0
-1032,2040,-495,2452,3354,-8841,0,0
-679,279,-203,2255,1984,-7804,0,0
97,-1195,-154,1084,1868,-5972,0,0
769,301,93,1414,1695,-4607,0,0
1042,-572,259,1006,1505,-3356,0,0
1012,-869,345,533,1400,-2386,0,0
1016,-240,212,587,1244,-1851,0,0
779,-219,102,367,1194,-1511,0,0
328,99,308,429,1181,-1622,0,0
216,-33,397,419,944,-1908,0,0
145,-180,243,179,1184,-2133,0,0
-13,151,151,409,1023,-2444,0,0
-16,-166,62,320,1093,-2798,0,0
0,374,-46,593,1226,-2828,0,0
19,650,9,873,1427,-3557,0,0
-161,1354,67,1959,1725,-6197,0,0
-73,908,100,2620,1303,-9582,0,0
431,-542,-75,2511,1149,-11367,0,0
1131,66,-171,3145,2003,-11820,0,0
1955,-949,65,2866,2056,-10294,0,0
2162,-2152,105,1564,2677,-7090,0,0
1479,-1618,-165,66,2414,-2237,0,0
33,275,-982,61,3344,4108,0,0
-1370,1517,-1099,1239,1350,1931,0,0
-774,-908,692,-1118,-3014,1163,0,0
753,-494,1099,-412,-2355,-14,0,0
985,649,523,1325,-1551,-865,0,0
446,-150,704,897,-1474,-827,0,0
216,193,744,560,525,-1612,0,0
-88,1338,306,46,1101,-1841,0,0
-355,1780,169,-452,1006,-1863,0,0
148,983,154,-351,1075,-1770,0,0
702,408,228,-813,412,-1107,0,0
945,568,579,80,-566,-352,0,0
794,-481,943,362,65,-1618,0,0
32,-65,898,900,1915,-1175,0,0
-2499,901,-1589,1715,3377,-4478,0,0
-5092,2081,-3606,3546,5187,-7017,0,0
-5081,592,-2855,4543,6385,-8902,0,0
-4379,264,-2711,3822,6515,-8304,0,0
-3457,355,-2900,4128,6377,-6675,0,0
-2456,-252,-1991,2688,4763,-4836,0,0
-2096,1328,-1383,2019,3619,-3334,0,0
-1588,1034,-1219,1775,3160,-2443,0,0
-1032,-355,-1014,768,2942,-1679,0,0
-844,352,-873,382,3171,-1318,0,0
-710,1500,-744,435,3287,-1115,0,0
-545,1795,-528,546,3255,-635,0,0
-457,1698,-341,522,3384,-567,0,0
-333,1772,-174,393,3583,-490,0,0
-130,1945,-194,370,3470,-459,0,0
35,2176,89,675,3452,-433,0,0
123,2095,314,577,3346,-501,0,0
