-11,-34,10,180,-816,-3918,0,0
84,-72,-32,220,-750,-3961,0,0
49,-56,54,112,-647,-3973,0,0
40,-48,147,100,-806,-3968,0,0
3,-66,75,120,-846,-4076,0,0
-40,-68,-3,113,-762,-4166,0,0
-30,-39,4,55,-695,-4122,0,0
183,-23,13,83,-774,-3998,0,0
354,-13,-7,64,-959,-4061,0,0
163,4,4,98,-1049,-4032,0,0
77,9,-16,104,-980,-4020,0,0
136,27,-39,145,-954,-4070,0,0
147,41,-27,152,-999,-3987,0,0
117,47,-36,181,-898,-3972,0,0
193,45,1,206,-992,-3897,0,0
112,26,5,198,-1002,-3890,0,0
120,4,0,187,-1005,-3914,0,0
139,7,20,174,-1122,-3927,0,0
53,16,25,162,-1151,-3929,0,0
40,13,23,180,-1214,-3931,0,0
-41,21,3,211,-1209,-3922,0,0
-136,34,1,219,-1168,-3844,0,0
-177,18,6,267,-1043,-3861,0,0
-15,-24,5,325,-1107,-3863,0,0
-149,-38,13,314,-1133,-3886,0,0
-382,-23,51,305,-1041,-3927,0,0
-345,-19,64,211,-965,-4041,0,0
-302,20,71,206,-971,-4123,0,0
-295,60,87,349,-932,-4021,0,0
-193,40,29,458,-892,-3968,0,0
-51,-30,28,634,-850,-3946,0,0
237,-115,3,721,-860,-3878,0,0
500,-181,-81,551,-1014,-3830,0,0
295,-176,-129,681,-1101,-3710,0,0
-187,-98,-84,661,-1221,-3541,0,0
-894,28,-50,714,-656,-3111,0,0
-554,63,-95,523,-159,-2599,0,0
224,91,12,-142,60,-2531,0,0
653,189,114,-491,-352,-2086,0,0
944,174,170,-107,-224,-3255,0,0
1598,141,21,-375,-1853,-3863,0,0
-178,325,-320,-588,-1700,-3981,0,0
-1211,350,-506,-165,-1360,-4509,0,0
-847,58,-403,-48,-251,-6326,0,0
152,15,-409,-60,-1340,-6341,0,0
-512,-57,-56,137,-706,-6692,0,0
493,-273,-134,50,-1355,-7703,0,0
1272,-297,32,93,-1949,-9038,0,0
1312,-79,80,-206,-3904,-8501,0,0
-649,8,39,-78,-2585,-4775,0,0
-1722,-749,-137,647,-199,-1038,0,0
185,-1741,214,-489,1211,-1826,0,0
2692,-1287,261,2072,-2088,-2138,0,0
530,-315,-77,1372,-988,-2329,0,0
838,436,-853,-1117,-620,-1666,0,0
134,905,-906,-914,-93,-1702,0,0
-385,1094,-488,-1077,379,-224,0,0
-1554,633,30,-523,-906,362,0,0
-3336,-394,936,-365,310,-1818,0,0
-83,-855,839,-2079,99,-2968,0,0
1083,-279,393,-1455,-1171,-3778,0,0
1883,798,-124,432,-286,-4635,0,0
2499,1209,-262,1039,-4696,-3512,0,0
-1560,543,-146,231,-1779,-5483,0,0
92,-295,-606,-415,-2128,-7800,0,0
-1407,-247,359,1767,-2967,-5957,0,0
-2360,-356,814,1501,-1325,-5644,0,0
-115,-799,-20,48,-1735,-5249,0,0
840,-717,-577,-883,-449,-4189,0,0
1013,-378,-326,-347,-668,-3894,0,0
897,-13,-79,-386,-508,-3425,0,0
784,318,-128,-783,-778,-2178,0,0
-528,416,-75,-737,-985,-1235,0,0
-2103,-21,157,319,-659,-1435,0,0
-303,-631,223,1543,-446,-3546,0,0
837,-702,-103,545,-1891,-3808,0,0
-58,-396,-17,-613,-756,-4151,0,0
145,-196,-78,-728,-1193,-4785,0,0
-99,72,79,-1482,-1111,-5352,0,0
-372,526,33,-933,-1455,-5690,0,0
-373,700,148,-1072,-1307,-6374,0,0
-260,805,97,-453,-1320,-7083,0,0
623,695,-176,-233,-1630,-8788,0,0
117,980,-129,409,-1940,-8873,0,0
-233,895,-72,353,-1261,-8699,0,0
-694,425,84,539,-1992,-2317,0,0
-1442,-749,225,1210,889,1517,0,0
1594,-1785,594,1028,-1237,370,0,0
795,-1167,663,2867,-1766,-361,0,0
-294,-671,-17,-890,-329,-2052,0,0
-225,-78,-538,-1720,-164,-2381,0,0
-271,244,-332,-968,149,-2732,0,0
490,184,17,-1614,-566,-3160,0,0
-8,152,112,-944,-844,-2608,0,0
-278,303,213,-935,71,-1878,0,0
291,616,-53,-1276,-948,-1469,0,0
508,1074,-179,637,-21,-2826,0,0
2784,1194,-503,3978,-2704,-3570,0,0
289,431,-441,3197,-2969,-5144,0,0
-770,-225,-445,1463,-467,-6057,0,0
-905,-616,-136,119,-2408,-5825,0,0
-2752,-679,1181,1449,-798,-5467,0,0
-257,-974,685,241,-1311,-4718,0,0
548,-846,-47,-941,-1092,-4560,0,0
413,-2392,-63,-577,-853,-3674,0,0
68,12,-279,-421,-1008,-3438,0,0
383,122,-346,-169,-704,-3005,0,0
126,104,-185,-393,-855,-2846,0,0
103,-11,140,-391,-827,-3066,0,0
202,-106,159,-282,-1143,-3166,0,0
308,-132,128,-255,-1528,-3900,0,0
-373,-4,88,-373,-1719,-4454,0,0
-309,84,-145,-491,-1433,-4252,0,0
-790,136,-198,-40,-1015,-4367,0,0
-525,116,-66,-12,-486,-4562,0,0
-483,130,-31,160,-914,-4387,0,0
-659,75,-45,69,-142,-5684,0,0
175,118,-56,-197,-867,-6295,0,0
27,363,-7,-368,-740,-7563,0,0
319,669,108,-115,-1188,-7884,0,0
706,786,33,55,-1606,-8232,0,0
135,656,-87,159,-2088,-4664,0,0
-978,-347,-132,129,-632,301,0,0
33,-1997,499,325,118,22,0,0
1837,-2506,1237,189,-525,-3102,0,0
2267,-1469,884,1621,-2009,-4724,0,0
715,-470,203,493,-1686,-4490,0,0
255,421,-665,-1154,-1094,-3687,0,0
-425,1079,-1107,-1597,-495,-2096,0,0
-1700,1149,-688,-1431,292,-1377,0,0
-1500,978,135,-1391,196,-953,0,0
-1003,953,524,-870,-184,-1179,0,0
-18,1144,307,-584,-354,-1602,0,0
1941,1085,-205,806,-1287,-2912,0,0
3220,749,-299,4860,-3736,-3696,0,0
570,10,-564,3045,-4068,-4344,0,0
-2005,-537,-777,193,-666,-5845,0,0
-1533,-895,30,1114,-2008,-5603,0,0
-1993,-965,522,685,-355,-5246,0,0
33,-827,37,-842,-862,-4796,0,0
44,-2408,-134,-729,-1082,-3541,0,0
-760,-83,-106,-437,-207,-3281,0,0
225,-42,-16,-218,-838,-3050,0,0
211,-34,-73,-275,-730,-2752,0,0
-3,-82,176,-38,-890,-3058,0,0
-485,-158,223,-239,-893,-3014,0,0
-348,-328,-10,134,-597,-3825,0,0
735,-334,-52,-217,-323,-4152,0,0
911,-97,-137,-450,-1129,-4222,0,0
-365,116,-29,-126,-811,-4079,0,0
-329,102,138,65,-729,-4667,0,0
-180,104,134,108,-1342,-5288,0,0
-211,51,120,-103,-734,-6711,0,0
456,166,93,-533,-1177,-8021,0,0
-146,496,1,-662,-1115,-8971,0,0
4,692,212,-109,-1244,-9049,0,0
894,565,137,-253,-2282,-7750,0,0
-918,112,-151,-195,-1543,-1461,0,0
-963,-1323,231,855,149,337,0,0
1794,-2235,566,277,-220,-67,0,0
1706,-1491,575,2474,-2054,-241,0,0
-1029,-916,506,-243,-506,-1865,0,0
482,-261,-157,-594,-930,-3074,0,0
965,259,-634,-1090,-820,-4801,0,0
-274,595,-854,-3015,-880,-3284,0,0
-2798,472,-316,-2085,-135,-2363,0,0
-2255,242,627,-752,659,-1881,0,0
85,539,464,-157,-763,-1620,0,0
1344,1081,108,360,-9,-2845,0,0
3838,1538,-709,978,-2461,-3536,0,0
1102,1126,-744,4190,-3601,-5463,0,0
-1459,358,-459,1713,-598,-5173,0,0
1010,-335,-455,-1724,-1449,-7106,0,0
-816,-117,670,1525,-3827,-4491,0,0
-3463,-214,703,2167,322,-3719,0,0
972,-783,-12,7,-950,-4255,0,0
434,-719,-152,-1046,-1074,-2679,0,0
-1183,-480,-141,-748,161,-2685,0,0
-56,-557,106,-381,-272,-3185,0,0
650,-522,202,-472,-716,-3752,0,0
1257,-145,83,-99,-1023,-4875,0,0
695,263,-426,-1023,-1712,-3728,0,0
-498,576,-543,156,-168,-3306,0,0
-263,399,-534,-784,383,-3643,0,0
579,327,-266,-569,-388,-3583,0,0
-509,316,-65,-108,-1273,-3453,0,0
-72,-30,35,-119,-703,-4773,0,0
730,-28,-48,521,-1856,-4737,0,0
-555,162,-26,-624,-1356,-5030,0,0
-711,-35,335,112,-1322,-6213,0,0
423,-179,169,-863,-1886,-8015,0,0
-78,57,90,354,-2825,-8204,0,0
-702,-5,115,-33,-2012,-6728,0,0
-921,-540,16,-837,-1216,-3201,0,0
330,-1579,524,-234,-337,-2314,0,0
699,-2346,238,-1697,-742,-2220,0,0
-308,-1674,374,1071,-1254,-3217,0,0
-518,-564,471,2194,-863,-2628,0,0
432,264,-313,-210,-823,-2695,0,0
-71,817,-548,-503,-33,-3021,0,0
167,733,-813,-2728,426,-3538,0,0
-351,612,-546,-2628,-212,-2454,0,0
-2175,481,478,-1776,364,-2371,0,0
-885,655,845,-996,59,-1384,0,0
1194,984,257,-299,-775,-1900,0,0
2604,1526,-406,952,-1383,-3009,0,0
2027,1271,-726,3606,-3236,-4639,0,0
-884,435,-525,4064,-1824,-4953,0,0
-343,-844,-486,-31,35,-7316,0,0
1046,-1003,546,-455,-3313,-7095,0,0
-1619,-373,884,1070,-1442,-4830,0,0
-1541,-307,125,-139,-166,-3245,0,0
-215,-428,29,-82,42,-2300,0,0
1099,-288,31,46,-589,-1929,0,0
851,134,1,-204,-696,-2025,0,0
1121,461,-84,-630,-450,-1574,0,0
1301,540,-65,-142,-1446,-2053,0,0
-262,375,94,309,-1342,-2596,0,0
-947,44,20,-1072,-785,-4012,0,0
-658,-191,-32,-472,-476,-5147,0,0
-128,-416,197,-659,-857,-5665,0,0
627,-471,236,-819,-1915,-6305,0,0
39,-260,146,-1506,-2052,-8489,0,0
242,107,146,-1644,-3361,-10240,0,0
-882,798,51,-1319,-2657,-9721,0,0
-436,897,-79,400,-2794,-7663,0,0
-1650,521,-218,702,-1793,-2803,0,0
-888,-724,-144,35,224,849,0,0
557,-2063,133,-1376,412,-517,0,0
1761,-1732,151,1172,-1219,-2430,0,0
813,-706,-19,1231,-982,-2839,0,0
752,205,-409,-795,-731,-2170,0,0
-463,694,-414,-439,-576,-2073,0,0
-1859,708,-226,-558,319,-1537,0,0
-1508,338,-49,-991,-33,-1257,0,0
-1790,-45,458,-1515,-169,-1922,0,0
-1043,109,624,-1730,-381,-2147,0,0
797,686,382,-949,-154,-3252,0,0
3228,1311,166,1607,-1653,-4546,0,0
2552,955,59,3934,-3407,-5231,0,0
-1546,98,-128,3842,-2096,-4452,0,0
-1752,-1079,-332,-1730,682,-6289,0,0
509,-1225,356,-770,-1677,-6611,0,0
-625,-885,666,-758,-1160,-5667,0,0
-681,-551,8,-3432,-836,-3499,0,0
-858,-323,-120,-328,407,-1812,0,0
562,-218,61,383,430,-1859,0,0
2235,17,125,182,-582,-2902,0,0
1386,405,-53,-1459,-1275,-3632,0,0
566,658,-104,-927,-1329,-4576,0,0
238,480,-240,-1029,-1366,-4911,0,0
-336,419,-296,-666,-1050,-5596,0,0
-1098,415,-187,-555,-757,-6312,0,0
-847,163,-168,-41,-436,-3362,0,0
-300,-238,-172,-365,-750,-3701,0,0
-257,-319,-87,-1309,-591,-4861,0,0
238,-115,112,-402,-1627,-5094,0,0
-673,92,165,-487,-957,-6572,0,0
286,295,125,-896,-1541,-7607,0,0
45,667,-236,-1069,-1367,-8787,0,0
365,1004,-187,-347,-1985,-8645,0,0
-26,1090,-39,395,-2197,-7533,0,0
-721,702,-197,762,-1123,-1367,0,0
-957,-860,-380,568,878,4403,0,0
746,-2975,445,-1897,817,1160,0,0
1368,-2752,828,1184,-1288,-1585,0,0
-2488,-1494,856,1773,-1317,-3472,0,0
-258,-711,74,-1570,-456,-4687,0,0
400,19,-600,-805,-628,-4009,0,0
-588,314,-538,-1690,-133,-3488,0,0
-1614,416,-124,-2131,-290,-2579,0,0
-2149,347,434,-1340,497,-2268,0,0
531,585,300,-1534,-157,-2961,0,0
2089,1285,-174,-1629,-920,-3825,0,0
2678,1973,-682,-64,-1502,-4292,0,0
1736,1585,-615,2263,-2648,-3537,0,0
-2022,686,-345,3467,-2054,-3827,0,0
-1526,-545,-490,-155,595,-6647,0,0
37,-733,55,333,-1970,-5652,0,0
-2068,-474,576,679,545,-5713,0,0
-162,-246,-106,-306,253,-4284,0,0
343,63,-197,-473,255,-3124,0,0
415,233,131,-600,-23,-2053,0,0
1660,-20,241,189,193,-3492,0,0
3839,-34,-291,-619,-932,-2831,0,0
876,680,-744,-952,-1684,-841,0,0
-3121,1074,-415,-272,-1001,-244,0,0
-3926,247,293,991,-266,-2085,0,0
284,-771,487,549,795,-3335,0,0
3002,-1148,-66,-230,-1370,-6134,0,0
1162,-825,153,-718,-2045,-7035,0,0
-153,-490,49,-763,-1463,-6903,0,0
-388,-241,-27,-2456,-1409,-6681,0,0
-55,122,117,-449,-1956,-6198,0,0
-1045,409,133,-368,-2029,-6304,0,0
-806,489,29,-1140,-737,-6651,0,0
-335,600,97,-571,-1455,-6400,0,0
-257,535,173,-628,-976,-6362,0,0
-83,170,135,-426,-1732,-3815,0,0
-679,-934,247,-394,-102,-2338,0,0
1104,-2108,283,-814,-1609,-2667,0,0
-669,-2274,382,-673,-904,-3448,0,0
-2304,-1210,24,1259,-4,-4006,0,0
470,-234,-54,1803,-215,-2707,0,0
968,307,-267,-550,-58,-2788,0,0
2186,886,-605,-893,-595,-1987,0,0
-890,1171,-538,-1494,-828,-800,0,0
-4124,967,83,-1430,-126,169,0,0
-3838,144,674,-978,251,-174,0,0
-721,-277,689,-968,580,-1733,0,0
2601,89,310,-536,104,-3281,0,0
4261,512,-204,911,-800,-4818,0,0
3394,188,-285,2761,-3562,-7016,0,0
-1911,-499,26,393,-1960,-4919,0,0
-2352,-1379,-341,-1919,1227,-7963,0,0
1596,-1417,-227,-972,-1428,-7750,0,0
-711,-790,-38,-1407,-485,-6667,0,0
-575,-222,-213,-1616,722,-6439,0,0
580,407,-188,-1484,-557,-4455,0,0
-768,943,161,-847,93,-3310,0,0
-292,895,243,-556,200,-2950,0,0
1494,539,-112,-596,-515,-2997,0,0
990,414,-411,-319,-1362,-2268,0,0
-675,313,-337,-734,-757,-1898,0,0
-106,113,80,-131,-849,-2468,0,0
1377,88,-8,-889,-1161,-2905,0,0
662,391,-236,-938,-1687,-2725,0,0
-1298,666,149,-300,-892,-2704,0,0
-1922,583,185,25,-717,-3137,0,0
-1082,251,169,353,-399,-3254,0,0
996,-249,131,-2,-772,-4794,0,0
3772,-553,165,-845,-2570,-5014,0,0
1549,-431,-25,-939,-3859,-5977,0,0
-1401,-221,106,-764,-1812,-7241,0,0
-1671,-36,-163,-892,-1590,-7348,0,0
-2044,418,76,-875,-897,-7062,0,0
-1116,878,692,215,-876,-6656,0,0
705,447,580,-389,-878,-8514,0,0
-131,303,448,-666,-1928,-5598,0,0
-131,-437,61,-180,-364,-1848,0,0
28,-1854,-453,-3120,573,-647,0,0
-494,-2355,-37,-813,678,-1888,0,0
-592,-1477,-719,738,22,-2091,0,0
-1955,-898,-712,1691,56,-1469,0,0
284,-581,-128,-250,622,-4353,0,0
2342,458,-286,282,-1464,-3295,0,0
-719,1033,-437,-707,597,-2659,0,0
-416,1078,-274,-1175,937,-1377,0,0
-674,656,468,-1071,-288,-1318,0,0
-1097,609,1196,-1228,310,-1040,0,0
616,795,959,-1568,-323,-2105,0,0
2656,802,388,-338,-1360,-5591,0,0
4359,762,-19,2842,-4035,-6106,0,0
-788,726,-323,1502,-3548,-4423,0,0
-4854,-126,-391,-1527,1247,-5433,0,0
193,-1001,-241,-195,105,-7138,0,0
2091,-877,288,685,-1190,-6649,0,0
355,-528,-326,-151,-673,-5870,0,0
170,-105,-389,-271,-278,-4158,0,0
-742,350,-244,-657,-214,-2230,0,0
-1836,418,-68,-195,86,-1530,0,0
-1282,24,-1,-1104,480,-1850,0,0
307,-286,-48,-780,-288,-3355,0,0
1339,-328,74,132,-947,-4371,0,0
636,-65,-276,-3296,-1360,-3977,0,0
-56,250,-85,205,-1079,-3629,0,0
-39,284,167,136,-1295,-3154,0,0
-376,262,31,-405,-954,-3070,0,0
-1384,288,52,-704,-10,-1717,0,0
200,-122,390,-606,51,-429,0,0
2035,-978,315,-739,-1418,-3916,0,0
572,-1367,82,-1117,-1803,-6965,0,0
-24,-715,-70,-1954,-2079,-9489,0,0
-860,144,-116,-2125,-1524,-10632,0,0
-2832,747,-287,-2308,-757,-9914,0,0
-448,1241,-78,-1803,-382,-9898,0,0
-54,1543,350,-1686,-1182,-9650,0,0
-1928,1809,791,-210,-2263,-6348,0,0
-2268,1032,232,645,-490,-338,0,0
-302,-628,-805,-1100,586,5504,0,0
437,-2088,-855,-1238,1005,3202,0,0
844,-2005,782,2208,-187,364,0,0
-566,-1442,1389,536,294,-1903,0,0
790,-660,422,558,583,-3256,0,0
1136,-121,-258,313,234,-3333,0,0
746,162,-62,-1306,-75,-2294,0,0
-508,144,448,-1939,-541,-2941,0,0
-645,158,878,-1203,-623,-3619,0,0
1082,498,550,-3672,-562,-4273,0,0
2057,1181,-355,-2051,-706,-5061,0,0
3596,1448,-898,480,-2463,-6001,0,0
186,1167,-995,3438,-3766,-2812,0,0
-4834,275,-1346,-1879,1609,-3465,0,0
-2842,-398,-987,-408,1828,-6106,0,0
-324,-765,378,2000,1044,-6749,0,0
965,-588,22,-223,1121,-5196,0,0
950,-302,-475,-1436,168,-5477,0,0
-216,70,43,-762,494,-4262,0,0
-2496,267,-102,820,77,-3172,0,0
95,135,-722,148,180,-2799,0,0
835,-80,-1047,-766,586,-2789,0,0
1070,-119,-461,-815,151,-2964,0,0
136,-158,473,-438,-150,-3417,0,0
338,-279,763,-359,-588,-3954,0,0
871,-399,141,368,-1483,-4517,0,0
-4,-397,-132,274,-575,-5199,0,0
36,-195,-89,-680,-578,-4590,0,0
161,-8,65,-328,-595,-4101,0,0
238,134,-63,-57,-692,-3359,0,0
-54,228,-97,150,-839,-2918,0,0
-595,279,182,136,-1067,-2096,0,0
-1202,183,319,-323,-664,-1711,0,0
-857,-17,339,-420,-111,-2017,0,0
152,-195,429,93,-399,-2874,0,0
156,-196,300,-1028,-680,-4136,0,0
-829,-62,199,-589,-1131,-4764,0,0
-1537,-113,259,-1588,739,-5338,0,0
155,-314,-91,-1162,835,-6713,0,0
1276,-430,-230,-1281,877,-9668,0,0
974,194,48,-1455,-844,-10959,0,0
-853,1200,256,-1355,577,-11565,0,0
-477,1699,-369,-39,741,-10094,0,0
-473,1765,237,897,394,-6197,0,0
1279,1095,-99,658,-292,-247,0,0
1265,-460,-641,-1362,409,5369,0,0
1256,-1907,4,-1508,239,3432,0,0
127,-1823,1074,2697,-1895,1323,0,0
-2266,-1305,1121,-1579,-363,-2166,0,0
-1338,-665,181,45,-170,-2760,0,0
-425,-459,-52,898,171,-2690,0,0
-349,-395,-149,-634,27,-2155,0,0
-1388,-627,-69,-1413,284,-2108,0,0
-745,-639,311,-2083,1066,-2866,0,0
1721,173,380,-2473,229,-4434,0,0
1838,1295,211,-1652,-351,-5542,0,0
1020,1494,-143,1763,-1612,-5095,0,0
-296,600,-256,2826,-1295,-3605,0,0
-1616,-682,-724,-3836,1235,-5146,0,0
495,-1046,-471,-2080,848,-7157,0,0
862,-792,374,25,-423,-7352,0,0
871,-356,-10,-86,141,-7584,0,0
1079,281,-679,-265,-862,-5782,0,0
-1729,950,-636,-576,177,-3096,0,0
-3555,1052,-388,-238,346,-2275,0,0
-2665,730,-145,-858,1079,-1748,0,0
-471,324,-16,-1080,1217,-1344,0,0
2048,-142,141,-578,132,-2162,0,0
2688,-447,95,-458,-656,-3633,0,0
1956,-447,222,314,-1042,-4609,0,0
260,-234,237,270,-771,-4900,0,0
-126,-58,11,-310,219,-5759,0,0
1093,187,-188,-1295,-319,-5664,0,0
642,529,-136,-1196,-865,-3772,0,0
-440,533,78,-66,-280,-3433,0,0
72,215,275,-27,13,-4327,0,0
847,144,230,-89,-566,-4284,0,0
37,241,96,-172,-582,-4203,0,0
-403,294,177,-170,-716,-3553,0,0
-500,225,90,-193,-611,-3163,0,0
70,70,134,-266,-781,-2767,0,0
80,-111,58,77,-900,-3187,0,0
294,-224,-47,-420,-529,-4212,0,0
266,-107,-180,-208,-1009,-5089,0,0
-642,121,-122,-457,-558,-4965,0,0
-737,212,-154,-702,390,-5941,0,0
552,244,83,-380,-369,-6800,0,0
1199,350,184,-140,-1213,-7926,0,0
2163,758,52,309,-2760,-7055,0,0
854,1015,-387,-50,-2023,-5996,0,0
-443,808,-815,-121,-973,-4899,0,0
-579,134,-351,588,-888,-3802,0,0
-518,-865,454,285,-699,-397,0,0
-2041,-1934,496,-1099,352,1630,0,0
-2102,-2188,122,-726,153,1034,0,0
-2426,-1825,492,1342,939,357,0,0
-1923,-1791,864,-965,1323,-1735,0,0
1874,-1353,729,-343,108,-3450,0,0
2158,-969,429,788,-1227,-4012,0,0
251,-820,78,-738,-1,-4770,0,0
1175,-434,-368,-1587,-537,-4528,0,0
484,240,-244,-1909,-312,-4534,0,0
1184,1084,-214,-2763,238,-5096,0,0
3955,1793,-473,-2066,-1127,-5408,0,0
2281,2020,-436,-158,-3383,-4102,0,0
-3040,1696,3,-92,-1926,-2048,0,0
-5889,306,109,-1232,706,-3793,0,0
-2203,-921,-189,-1920,940,-6890,0,0
1410,-968,-69,-266,-252,-6410,0,0
1365,-613,-173,-601,-215,-6706,0,0
1114,43,-457,-1154,-406,-6034,0,0
426,685,-639,-1155,-30,-5205,0,0
157,1141,-693,-1197,-460,-3731,0,0
-455,1200,-900,-1003,-685,-2582,0,0
-887,910,-1131,-887,23,-1697,0,0
-163,445,-920,-165,351,-1601,0,0
1183,-47,-204,906,-483,-2688,0,0
907,-391,265,1253,-1198,-3718,0,0
36,-584,-157,173,-907,-4613,0,0
563,-626,-163,220,-749,-6372,0,0
635,-163,-55,-163,-1401,-4854,0,0
-813,374,-98,-156,-1308,-3593,0,0
-1537,442,-5,166,-806,-2603,0,0
-823,112,89,419,-346,-2559,0,0
564,-250,123,367,-646,-3040,0,0
523,-335,237,377,-1210,-3946,0,0
-284,-165,194,397,-669,-4134,0,0
-598,-57,101,169,-434,-3521,0,0
-746,-193,225,-605,198,-3635,0,0
50,-307,355,247,-120,-4499,0,0
325,-202,337,-214,-499,-4233,0,0
119,-53,179,-275,-496,-4582,0,0
153,69,40,-175,-426,-4059,0,0
-411,69,-44,-592,28,-3555,0,0
-627,-192,74,-608,196,-3828,0,0
-403,-479,108,-737,274,-4341,0,0
325,-501,0,-822,1,-4867,0,0
165,-304,180,-678,-85,-5276,0,0
45,-46,82,-634,-74,-4622,0,0
121,88,-99,202,-85,-4365,0,0
193,161,-217,-80,89,-3547,0,0
183,189,-234,-388,92,-3051,0,0
23,137,-23,-227,-230,-3119,0,0
165,88,167,-614,-381,-2809,0,0
128,71,138,-623,-559,-3001,0,0
-33,127,-17,-1319,-336,-3399,0,0
-75,244,-147,-1137,-634,-3500,0,0
-654,320,41,-346,-604,-3489,0,0
-1250,228,178,61,-746,-4097,0,0
-780,-16,149,228,100,-4529,0,0
424,-211,-219,-383,32,-5280,0,0
18,-194,-239,-574,484,-6137,0,0
524,-126,-29,-755,1399,-8790,0,0
1644,257,-92,-3008,1070,-10582,0,0
1262,871,399,-2097,220,-11532,0,0
848,1244,1281,-1683,-2031,-8908,0,0
-36,1099,1364,-876,-2171,-4384,0,0
-2482,890,896,1584,-1818,4585,0,0
-1744,-871,-522,246,667,4955,0,0
685,-2113,-895,234,-1553,1149,0,0
-858,-1799,912,648,18,-1539,0,0
679,-1017,720,-667,-724,-2913,0,0
166,-262,-319,-236,-1082,-3284,0,0
-1123,162,-405,-314,-47,-2892,0,0
-908,264,-443,-1667,237,-2719,0,0
-452,359,-311,-1485,412,-2552,0,0
-3,677,-68,-1640,981,-2102,0,0
893,1006,-226,-1345,922,-2784,0,0
1742,954,-343,2706,-673,-3641,0,0
849,-46,-142,2556,-1358,-4681,0,0
-1160,-1031,-427,-383,211,-6161,0,0
-813,-1597,-822,-2251,864,-8070,0,0
-793,-1208,-186,-1580,517,-7399,0,0
-131,-772,113,-766,1113,-7744,0,0
1787,-131,-71,-1133,-34,-5785,0,0
1055,554,-358,-1155,57,-5136,0,0
654,981,-310,-1098,-300,-3948,0,0
45,1114,-186,-461,-559,-2926,0,0
271,918,-225,-373,-350,-2635,0,0
1061,540,-403,-386,-227,-2012,0,0
1648,192,-572,-196,-1092,-2344,0,0
1189,30,-315,-89,-1560,-2396,0,0
41,-85,419,81,-1439,-2543,0,0
-556,-182,622,-229,-1663,-3417,0,0
-801,-345,267,224,-1244,-3989,0,0
-515,-450,209,-169,-1211,-4266,0,0
-715,-268,-25,-409,-925,-4409,0,0
-3120,-73,-59,-470,-385,-4300,0,0
-559,-78,153,-307,-281,-4135,0,0
162,-9,72,-794,-234,-4087,0,0
398,130,120,-842,-436,-3552,0,0
308,116,330,-356,-722,-3195,0,0
192,2,16,-255,-863,-3225,0,0
-452,-16,-231,-239,-587,-3353,0,0
-685,4,-170,-740,-290,-3257,0,0
-309,-262,-154,-593,-181,-3841,0,0
525,-469,25,-622,-363,-5143,0,0
239,-219,-46,-1004,-786,-5983,0,0
-524,140,1,-1195,-373,-6109,0,0
-2744,441,13,-1413,-384,-5173,0,0
-586,416,1,-850,-383,-4521,0,0
-282,152,140,-636,-877,-2884,0,0
-1272,-348,446,-693,-499,-1299,0,0
-1686,-1054,550,-1187,82,-1080,0,0
-1311,-1644,428,-1242,204,-1382,0,0
-630,-2225,-129,-2619,578,-1845,0,0
78,-2677,-637,-3071,545,-2386,0,0
428,-2946,-628,-3681,748,-3410,0,0
-32,-2874,-402,-4449,920,-3551,0,0
-640,-2726,-510,-4704,1008,-3878,0,0
-523,-2201,-312,-4465,877,-3132,0,0
-1154,-1897,-251,-4423,640,-2725,0,0
-777,-1838,-480,-4456,1002,-2699,0,0
-134,-1739,-812,-4475,469,-1546,0,0
-889,-1780,-939,-4242,710,-2487,0,0
121,-1383,-875,-4671,457,-2196,0,0
-612,-1080,-738,-4249,-14,-1731,0,0
-2560,-914,-516,-4122,701,-1784,0,0
-2024,-679,-144,-3945,773,-1478,0,0
-539,-551,93,-3920,863,-1320,0,0
217,-431,131,-3876,691,-1395,0,0
115,-284,75,-4057,645,-1316,0,0
-42,-124,16,-4324,766,-1060,0,0
-99,19,23,-4182,741,-663,0,0
-113,92,170,-4025,711,-552,0,0
75,127,347,-4025,761,-711,0,0
455,197,412,-4011,721,-735,0,0
876,266,387,-4106,487,-643,0,0
1127,300,319,-4160,256,-582,0,0
1197,263,210,-4210,257,-566,0,0
1263,147,67,-4335,299,-523,0,0
1141,9,-51,-4601,347,-521,0,0
1122,-71,-84,-4386,307,-473,0,0
1047,-109,13,-3915,119,-429,0,0
756,-154,126,-3902,-7,-472,0,0
484,-184,77,-4210,8,-574,0,0
145,-128,-26,-4227,53,-620,0,0
-369,-51,-11,-4145,256,-526,0,0
-474,-42,51,-4157,379,-595,0,0
-198,-62,79,-4120,283,-686,0,0
-78,-50,62,-4134,169,-719,0,0
-232,-11,6,-4234,268,-705,0,0
-364,-2,-39,-4291,427,-630,0,0
-235,-28,-28,-4130,490,-665,0,0
27,-24,3,-4106,429,-724,0,0
166,31,14,-4129,338,-732,0,0
60,94,36,-4067,286,-582,0,0
-107,75,45,-4148,374,-480,0,0
-82,-3,10,-4108,378,-560,0,0
-33,-45,12,-4120,395,-622,0,0
13,-55,25,-4214,388,-654,0,0
38,-59,-7,-4410,467,-701,0,0
193,-45,-60,-4437,487,-767,0,0
386,24,-4,-4175,310,-757,0,0
357,113,119,-3757,74,-593,0,0
103,94,137,-3801,91,-507,0,0
-60,-20,16,-4080,331,-591,0,0
-67,-64,-131,-4206,495,-697,0,0
-61,-4,-123,-4208,520,-729,0,0
-94,86,-2,-4281,485,-702,0,0
-16,159,73,-4210,300,-592,0,0
-87,166,106,-4200,150,-489,0,0
-227,89,90,-4240,115,-542,0,0
-258,8,48,-4155,107,-684,0,0
-328,-37,26,-4030,223,-786,0,0
-330,-65,-5,-4039,389,-817,0,0
-204,-49,-59,-4162,518,-818,0,0
-100,11,-76,-4175,548,-797,0,0
-123,63,-14,-4110,537,-745,0,0
-171,75,70,-3980,532,-702,0,0
-97,54,98,-3970,544,-661,0,0
30,40,59,-4011,474,-660,0,0
-2,56,36,-4051,428,-631,0,0
-138,76,70,-4127,435,-562,0,0
-198,49,102,-4214,420,-550,0,0
-144,-11,88,-4182,360,-620,0,0
-141,-47,33,-4122,326,-720,0,0
-241,-55,-22,-4157,410,-808,0,0
-267,-36,-56,-4054,540,-819,0,0
-179,18,-43,-4025,533,-848,0,0
-225,134,13,-4096,537,-753,0,0
-324,175,16,-4175,648,-626,0,0
-173,153,13,-4108,607,-579,0,0
-65,104,69,-4129,535,-527,0,0
-19,38,66,-4052,466,-599,0,0
-69,2,19,-4071,424,-675,0,0
-228,-2,-8,-4074,472,-763,0,0
-182,30,-32,-4145,573,-952,0,0
-143,148,-163,-4101,580,-861,0,0
-443,156,-194,-4051,673,-811,0,0
-490,47,-60,-4234,770,-772,0,0
-7,-27,20,-4219,530,-842,0,0
263,-54,62,-4077,241,-853,0,0
213,-94,26,-3990,263,-860,0,0
132,-125,-89,-4005,463,-825,0,0
142,-100,-133,-4035,621,-730,0,0
231,-42,-38,-4095,632,-665,0,0
281,11,106,-4089,465,-576,0,0
146,10,180,-4106,345,-515,0,0
63,-37,129,-4114,327,-577,0,0
-2,-77,18,-4103,275,-657,0,0
-229,-101,-32,-4148,391,-664,0,0
-269,-133,-62,-4126,493,-685,0,0
-92,-190,-127,-4128,579,-845,0,0
24,-174,-118,-4169,653,-940,0,0
63,-136,-45,-4198,547,-747,0,0
301,-100,32,-4166,734,-681,0,0
929,-130,101,-4419,586,-494,0,0
1212,-169,211,-4263,294,-456,0,0
1017,-212,257,-4236,331,-507,0,0
1222,-213,248,-4038,497,-491,0,0
1456,-218,171,-3952,396,-514,0,0
964,-171,118,-3906,291,-628,0,0
-27,-122,158,-3876,605,-522,0,0
-325,-177,128,-3991,911,-602,0,0
180,-214,74,-3971,817,-819,0,0
469,-179,29,-4094,447,-733,0,0
369,-63,10,-4086,228,-622,0,0
281,16,-36,-4005,324,-341,0,0
486,-87,-161,-4007,491,-414,0,0
751,-187,-258,-4263,460,-646,0,0
649,-109,-247,-4413,483,-620,0,0
640,-6,-219,-4335,252,-357,0,0
613,-45,-146,-4292,80,-240,0,0
509,-117,-82,-4253,82,-206,0,0
500,-180,-94,-4200,238,-259,0,0
569,-221,-54,-4217,168,-567,0,0
376,-141,2,-4148,21,-618,0,0
112,-38,-18,-4046,93,-493,0,0
-31,16,-35,-3959,214,-313,0,0
-27,-9,-25,-3980,208,-284,0,0
36,-59,-62,-4148,243,-404,0,0
227,-90,-76,-4195,350,-356,0,0
593,-148,-55,-4308,169,-463,0,0
722,-105,-70,-4369,-175,-540,0,0
895,-10,-61,-4349,11,-451,0,0
846,31,-2,-4297,-32,-368,0,0
444,43,28,-4150,-126,-257,0,0
-18,29,21,-4132,-135,-338,0,0
-360,18,25,-4176,42,-352,0,0
-207,-44,4,-4321,76,-509,0,0
-36,-25,-45,-4338,65,-491,0,0
-42,16,-66,-4287,77,-363,0,0
-81,32,-86,-4193,-92,-320,0,0
-325,46,-60,-4182,-80,-222,0,0
-310,50,-4,-4273,-52,-356,0,0
-137,55,-23,-4269,-76,-455,0,0
-135,28,-22,-4191,18,-519,0,0
-89,10,-5,-4082,77,-492,0,0
39,-22,-22,-4126,25,-494,0,0
190,-88,-46,-4320,65,-573,0,0
402,-108,-49,-4345,-9,-416,0,0
470,-78,-48,-4196,-134,-332,0,0
374,-25,-50,-4149,-228,-274,0,0
121,-1,-36,-4151,-155,-283,0,0
-37,2,-32,-4224,-41,-385,0,0
-30,24,-32,-4257,-10,-346,0,0
-35,2,-20,-4259,-54,-355,0,0
-71,-39,2,-4230,-82,-355,0,0
0,-60,5,-4206,-118,-419,0,0
31,-10,18,-4138,-163,-338,0,0
-24,5,23,-4105,-141,-367,0,0
-97,35,1,-4140,-146,-351,0,0
-159,54,1,-4258,-36,-370,0,0
-104,40,17,-4272,-93,-407,0,0
-81,35,30,-4210,-99,-383,0,0
-61,16,28,-4174,-99,-438,0,0
-93,8,31,-4178,-87,-448,0,0
-116,-4,30,-4248,-60,-462,0,0
-72,-14,10,-4305,-46,-451,0,0
42,-14,-26,-4235,-62,-464,0,0
31,-6,-20,-4128,-99,-326,0,0
-61,-13,0,-4177,-120,-340,0,0
-77,-16,-8,-4194,-86,-428,0,0
-45,6,6,-4171,-95,-411,0,0
-56,22,17,-4149,-160,-398,0,0
-112,40,-8,-4167,-107,-379,0,0
-166,36,-7,-4247,-59,-338,0,0
-75,-10,-11,-4230,-179,-441,0,0
-38,-19,-80,-4249,-108,-507,0,0
-29,2,-72,-4195,-19,-580,0,0
-86,60,-10,-4145,-60,-396,0,0
-166,62,30,-4151,-119,-450,0,0
-125,57,4,-4218,-143,-435,0,0
-137,59,-15,-4171,-9,-449,0,0
-49,37,17,-4143,-88,-374,0,0
-127,5,44,-4158,-69,-410,0,0
-97,-52,51,-4283,-30,-476,0,0
-50,-86,31,-4304,-73,-575,0,0
-76,-53,44,-4159,-99,-555,0,0
-119,-8,63,-4206,-167,-432,0,0
-81,-14,34,-4246,-212,-520,0,0
-94,-16,-19,-4213,-83,-486,0,0
-98,-8,-10,-4159,90,-497,0,0
63,7,23,-4175,36,-436,0,0
104,18,27,-4249,-70,-389,0,0
41,14,17,-4270,-77,-407,0,0
11,26,19,-4182,-88,-381,0,0
-9,18,35,-4228,-106,-371,0,0
-6,5,27,-4244,-69,-417,0,0
-11,-11,19,-4263,-7,-450,0,0
13,-24,26,-4219,2,-510,0,0
46,-7,16,-4187,-1,-484,0,0
39,2,13,-4202,-37,-477,0,0
16,14,10,-4234,-39,-414,0,0
21,8,12,-4233,14,-431,0,0
89,16,21,-4166,-6,-398,0,0
73,27,19,-4186,-73,-385,0,0
6,33,12,-4185,-58,-373,0,0
-71,37,21,-4200,-29,-351,0,0
-83,12,21,-4237,-27,-478,0,0
-67,13,4,-4235,-40,-530,0,0
-79,27,14,-4150,-3,-489,0,0
-44,19,20,-4181,-9,-517,0,0
-93,14,1,-4198,-68,-555,0,0
-441,25,12,-4175,52,-441,0,0
-302,20,14,-4221,137,-437,0,0
71,3,-8,-4230,-8,-507,0,0
66,-3,10,-4180,13,-485,0,0
186,-6,9,-4232,221,-448,0,0
782,-12,-23,-4195,37,-510,0,0
561,-60,7,-4102,-258,-525,0,0
-42,-61,35,-4199,-195,-532,0,0
-151,-28,-12,-4229,48,-508,0,0
-5,7,-4,-4219,106,-470,0,0
1,41,32,-4200,11,-371,0,0
228,86,0,-4196,150,-415,0,0
683,26,-5,-4216,-51,-568,0,0
367,-12,31,-4260,-208,-591,0,0
-28,-30,7,-4178,-64,-517,0,0
-132,-31,-16,-4095,-101,-416,0,0
-170,-15,6,-4098,-158,-367,0,0
-235,-37,18,-4211,-84,-409,0,0
-183,-43,13,-4277,-6,-500,0,0
-120,-40,23,-4239,79,-553,0,0
-25,-37,31,-4148,43,-508,0,0
-81,-51,35,-4099,17,-458,0,0
-95,-77,28,-4160,-74,-533,0,0
-23,-36,-10,-4265,-24,-500,0,0
69,7,-29,-4225,8,-437,0,0
60,43,-45,-4159,-64,-361,0,0
-89,63,-54,-4157,-47,-344,0,0
-187,65,-47,-4261,-63,-382,0,0
-192,63,-28,-4223,-20,-420,0,0
-95,27,11,-4199,-47,-450,0,0
-51,-2,20,-4168,-69,-457,0,0
-90,-34,19,-4210,12,-469,0,0
-74,-74,4,-4291,34,-552,0,0
8,-85,-10,-4240,40,-505,0,0
77,-102,25,-4099,-60,-435,0,0
133,-119,43,-4100,-237,-477,0,0
198,-107,32,-4150,-50,-521,0,0
385,-47,27,-4170,-43,-492,0,0
231,24,8,-4224,-172,-407,0,0
-64,47,-17,-4220,-21,-369,0,0
-27,44,-8,-4147,-60,-333,0,0
-24,23,6,-4221,-84,-330,0,0
-94,-33,-10,-4435,86,-416,0,0
-28,-36,-9,-4236,86,-447,0,0
11,16,23,-4073,-167,-335,0,0
-31,30,23,-4189,-183,-346,0,0
-38,39,-20,-4282,73,-471,0,0
-102,82,-7,-4241,93,-444,0,0
-183,90,26,-4157,-66,-352,0,0
-126,36,-16,-4053,-205,-328,0,0
-180,-15,-24,-4114,-147,-378,0,0
-275,-30,-20,-4269,18,-442,0,0
-328,-13,-11,-4272,136,-443,0,0
-155,-18,3,-4196,75,-470,0,0
-42,-14,2,-4165,-106,-524,0,0
-62,-10,-2,-4223,-21,-527,0,0
49,-1,26,-4323,69,-564,0,0
155,40,89,-4254,18,-462,0,0
215,33,69,-4145,-101,-347,0,0
123,-3,15,-4131,-86,-401,0,0
15,-1,-23,-4192,37,-486,0,0
7,22,-39,-4226,12,-520,0,0
41,36,-40,-4175,-73,-463,0,0
66,30,-36,-4177,-119,-411,0,0
24,17,-25,-4281,-119,-443,0,0
-17,18,-11,-4262,-9,-449,0,0
16,4,2,-4259,11,-454,0,0
11,4,7,-4179,-40,-458,0,0
-35,7,14,-4113,-99,-439,0,0
-61,-14,24,-4085,-130,-482,0,0
-29,-38,24,-4127,-114,-523,0,0
14,-45,26,-4247,-26,-557,0,0
55,-25,32,-4233,-6,-548,0,0
49,11,36,-4132,-87,-479,0,0
-15,24,24,-4196,-109,-470,0,0
-38,20,-1,-4359,33,-521,0,0
-3,34,-5,-4234,73,-464,0,0
-8,26,24,-4076,-22,-365,0,0
-32,-25,29,-4153,-96,-421,0,0
-32,-47,5,-4233,-6,-509,0,0
-40,-25,14,-4193,40,-512,0,0
-65,-14,25,-4175,-61,-510,0,0
-72,-16,6,-4169,-64,-505,0,0
-36,-21,-6,-4200,22,-505,0,0
-1,-23,0,-4208,25,-508,0,0
-17,-14,-15,-4190,17,-489,0,0
-30,0,-23,-4206,-18,-446,0,0
-40,8,-8,-4232,-81,-432,0,0
-40,9,-20,-4261,-51,-472,0,0
-87,37,-25,-4231,-1,-482,0,0
-164,61,-3,-4136,-6,-396,0,0
-88,28,6,-4125,-103,-442,0,0
8,-13,-18,-4187,-60,-471,0,0
43,-45,-29,-4235,80,-474,0,0
71,-42,-17,-4248,1,-455,0,0
26,-17,-23,-4206,-98,-451,0,0
-24,-2,-23,-4203,-158,-456,0,0
-49,11,-25,-4190,-106,-448,0,0
-4,0,-21,-4215,-48,-505,0,0
-12,4,-10,-4212,-18,-505,0,0
-30,5,2,-4179,-14,-501,0,0
9,0,9,-4199,-86,-514,0,0
54,2,4,-4179,-19,-433,0,0
139,-9,12,-4177,-44,-399,0,0
77,-3,5,-4212,-124,-390,0,0
-18,10,2,-4205,-134,-396,0,0
-77,15,0,-4278,-50,-2488,0,0
-54,14,-2,-4257,-1,-450,0,0
-31,7,15,-4137,-83,-485,0,0
-39,8,8,-4148,-134,-524,0,0
-31,9,-4,-4213,-73,-534,0,0
9,10,4,-4221,-26,-527,0,0
26,16,11,-4229,-56,-513,0,0
6,17,5,-4219,-90,-518,0,0
0,17,2,-4149,-69,-479,0,0
30,4,18,-4175,-99,-497,0,0
42,-6,12,-4230,-73,-504,0,0
39,-12,19,-4226,-16,-509,0,0
50,-14,32,-4183,-49,-485,0,0
60,-27,36,-4171,-63,-469,0,0
96,-53,33,-4219,-58,-502,0,0
116,-63,33,-4219,-47,-529,0,0
115,-46,36,-4194,-80,-527,0,0
64,-6,29,-4117,-90,-443,0,0
15,0,20,-4159,-53,-418,0,0
-41,-9,9,-4210,-43,-455,0,0
-73,-14,7,-4222,-27,-480,0,0
-18,-18,6,-4199,-91,-509,0,0
-1,-6,-1,-4151,-70,-454,0,0
-18,4,5,-4178,-38,-447,0,0
-52,16,2,-4239,-70,-454,0,0
-100,23,-4,-4206,-41,-447,0,0
-92,22,-12,-4184,-55,-489,0,0
-95,30,-15,-4177,-50,-470,0,0
-92,19,-4,-4196,-24,-476,0,0
-50,8,-10,-4233,-42,-503,0,0
-47,6,-11,-4226,-16,-499,0,0
-41,10,-1,-4182,-76,-501,0,0
-59,20,-2,-4154,-107,-491,0,0
-64,10,-14,-4241,-45,-501,0,0
-29,1,-23,-4222,-31,-515,0,0
-11,-2,-14,-4204,-31,-504,0,0
36,-4,-10,-4225,-11,-524,0,0
110,9,2,-4180,-66,-521,0,0
105,24,5,-4202,-94,-441,0,0
7,12,2,-4229,-80,-409,0,0
-31,-8,0,-4185,-99,-498,0,0
-39,3,4,-4161,-118,-510,0,0
-49,1,17,-4174,-76,-513,0,0
-23,-4,3,-4212,-7,-560,0,0
14,10,4,-4226,-17,-528,0,0
26,15,8,-4201,-82,-470,0,0
48,0,-5,-4211,-115,-451,0,0
32,-11,3,-4216,-96,-442,0,0
21,-23,5,-4206,-58,-481,0,0
4,-25,1,-4218,-59,-536,0,0
-22,-10,8,-4182,-84,-520,0,0
-16,-10,17,-4161,-100,-513,0,0
13,-19,13,-4224,-69,-532,0,0
8,-15,18,-4215,-11,-523,0,0
23,-14,27,-4202,-72,-553,0,0
-38,15,18,-4120,-120,-479,0,0
-99,13,20,-4191,-50,-477,0,0
-35,-9,14,-4290,-40,-531,0,0
-1,-11,20,-4233,-22,-525,0,0
23,-18,34,-4164,-28,-505,0,0
80,-29,30,-4158,-100,-523,0,0
73,-30,25,-4204,-54,-502,0,0
73,-32,20,-4219,8,-506,0,0
121,-26,18,-4221,-24,-509,0,0
96,-3,15,-4144,-70,-428,0,0
27,-4,17,-4129,-57,-393,0,0
5,-14,8,-4246,-90,-454,0,0
-42,-2,-5,-4258,-31,-463,0,0
-39,-1,4,-4184,-34,-489,0,0
-31,10,1,-4166,-88,-485,0,0
-63,16,-2,-4171,-27,-463,0,0
-43,12,-4,-4227,-34,-505,0,0
-60,32,-9,-4214,-78,-491,0,0
-108,40,-14,-4200,-43,-471,0,0
-75,26,-13,-4207,-53,-475,0,0
-42,12,1,-4207,-61,-491,0,0
-12,-3,-5,-4220,-7,-510,0,0
-3,-3,4,-4203,-28,-517,0,0
-38,2,14,-4163,-62,-508,0,0
-21,-1,4,-4186,-91,-548,0,0
-14,13,0,-4173,-79,-536,0,0
-21,22,-5,-4180,-47,-510,0,0
-44,23,-6,-4194,-51,-496,0,0
-72,15,-14,-4208,-14,-522,0,0
-53,18,-20,-4214,-156,-507,0,0
-154,38,-42,-4205,-143,-468,0,0
-166,5,-40,-4238,-20,-515,0,0
-72,-21,-16,-4172,-39,-569,0,0
-48,-7,-3,-4129,-30,-579,0,0
-2,-2,9,-4143,-17,-576,0,0
29,2,13,-4222,-34,-528,0,0
4,3,6,-4236,-188,-511,0,0
-54,11,0,-4192,-179,-493,0,0
-54,-6,-26,-4188,-112,-535,0,0
-82,-16,-9,-4206,-23,-524,0,0
-126,-14,26,-4195,45,-517,0,0
-62,-21,37,-4219,-6,-558,0,0
12,-21,34,-4202,-38,-556,0,0
9,-18,38,-4182,-83,-501,0,0
-54,-24,32,-4244,-96,-492,0,0
-10,-41,13,-4257,13,-521,0,0
131,-42,17,-4227,29,-523,0,0
140,-8,32,-4144,21,-464,0,0
69,5,45,-4147,-43,-424,0,0
-22,-10,43,-4225,-153,-509,0,0
17,-13,21,-4265,-96,-557,0,0
99,5,38,-4253,28,-493,0,0
118,22,64,-4177,42,-479,0,0
39,36,52,-4148,-36,-520,0,0
-20,34,22,-4218,-51,-554,0,0
-10,25,10,-4218,21,-515,0,0
45,17,27,-4203,54,-500,0,0
59,29,30,-4154,-34,-496,0,0
-23,36,29,-4191,-41,-501,0,0
-36,26,17,-4222,-21,-551,0,0
-31,30,8,-4188,18,-543,0,0
-32,30,16,-4157,52,-537,0,0
-27,22,14,-4135,0,-556,0,0
-57,14,9,-4174,-3,-568,0,0
-51,5,4,-4231,18,-594,0,0
-5,8,7,-4212,48,-587,0,0
14,27,3,-4170,9,-562,0,0
-60,53,-6,-4103,-20,-536,0,0
-148,65,-12,-4199,-20,-543,0,0
-181,57,-24,-4262,41,-525,0,0
-165,16,-10,-4226,46,-549,0,0
-115,-25,10,-4131,-33,-623,0,0
-47,-48,11,-4141,11,-696,0,0
25,-35,8,-4206,106,-738,0,0
38,23,3,-4188,133,-694,0,0
41,70,6,-4185,37,-594,0,0
46,69,-10,-4175,-50,-528,0,0
39,48,-14,-4159,-48,-470,0,0
-6,10,10,-4248,-31,-490,0,0
-82,-34,22,-4245,34,-589,0,0
-147,-33,34,-4122,48,-629,0,0
-150,8,8,-4071,-61,-662,0,0
-165,22,-38,-4157,17,-614,0,0
-100,-2,-53,-4279,119,-616,0,0
-45,-1,-25,-4201,29,-639,0,0
-40,8,4,-4149,-35,-631,0,0
-14,-3,-5,-4146,14,-626,0,0
-26,-2,-2,-4170,46,-612,0,0
-29,-2,-2,-4224,49,-608,0,0
14,-11,-8,-4231,-10,-649,0,0
7,-1,8,-4155,-25,-637,0,0
10,7,10,-4132,-33,-601,0,0
-42,8,-9,-4179,-27,-594,0,0
-97,2,-2,-4217,54,-599,0,0
-29,-14,11,-4189,64,-621,0,0
40,-20,18,-4185,-15,-655,0,0
29,-9,9,-4159,5,-646,0,0
4,10,16,-4161,17,-606,0,0
4,12,12,-4202,11,-582,0,0
15,-4,7,-4201,21,-604,0,0
34,-6,7,-4182,1,-605,0,0
16,-4,8,-4175,5,-597,0,0
4,-6,10,-4202,28,-614,0,0
-2,-2,12,-4187,33,-612,0,0
-6,-5,20,-4193,29,-615,0,0
20,-4,12,-4202,46,-611,0,0
47,-4,15,-4188,21,-585,0,0
35,-11,11,-4211,-17,-596,0,0
39,-18,-9,-4221,15,-599,0,0
34,-15,0,-4157,7,-580,0,0
-15,-9,9,-4123,-40,-538,0,0
-94,-30,16,-4180,-29,-547,0,0
-95,-71,28,-4247,19,-619,0,0
51,-94,40,-4220,107,-680,0,0
199,-66,37,-4173,75,-659,0,0
164,-6,19,-4115,44,-587,0,0
70,29,18,-4180,40,-497,0,0
4,30,20,-4232,-5,-474,0,0
-36,7,16,-4202,-67,-535,0,0
-45,-8,11,-4143,-27,-594,0,0
-21,-6,15,-4150,62,-604,0,0
-21,5,16,-4158,85,-590,0,0
-72,5,12,-4205,89,-608,0,0
-34,-4,2,-4234,98,-665,0,0
47,14,-1,-4176,55,-612,0,0
48,26,11,-4087,7,-529,0,0
-14,12,8,-4201,-6,-560,0,0
-45,-2,-7,-4279,87,-571,0,0
-14,-11,15,-4166,54,-586,0,0
-15,-13,18,-4123,1,-606,0,0
-28,-14,-5,-4175,69,-623,0,0
-15,3,-4,-4194,79,-601,0,0
-23,17,9,-4210,54,-582,0,0
-25,20,8,-4206,8,-577,0,0
-33,19,-3,-4190,-1,-565,0,0
-45,10,-3,-4165,21,-567,0,0
-60,15,2,-4153,18,-612,0,0
33,42,6,-4202,86,-650,0,0
101,35,6,-4226,125,-648,0,0
81,-8,4,-4161,35,-631,0,0
32,-9,-2,-4168,-8,-591,0,0
-8,-15,5,-4205,56,-569,0,0
3,-15,10,-4114,3,-578,0,0
-87,-4,8,-4189,-37,-597,0,0
-112,-16,-16,-4250,42,-644,0,0
3,-15,-10,-4154,65,-621,0,0
9,1,5,-4162,51,-591,0,0
-30,1,-17,-4231,81,-599,0,0
-23,6,-10,-4189,61,-591,0,0
1,4,8,-4166,-35,-593,0,0
-17,-3,1,-4173,-40,-613,0,0
-39,3,0,-4181,40,-603,0,0
-4,6,6,-4177,80,-603,0,0
25,10,8,-4184,11,-598,0,0
-10,16,-2,-4181,19,-625,0,0
3,18,3,-4172,24,-631,0,0
-9,22,2,-4182,-1,-619,0,0
-74,17,-12,-4210,79,-625,0,0
-27,9,1,-4183,75,-649,0,0
23,8,20,-4152,-5,-611,0,0
-6,-1,18,-4145,2,-601,0,0
-35,-11,-1,-4205,0,-642,0,0
-53,-8,-3,-4197,50,-642,0,0
-1,-7,7,-4189,36,-664,0,0
29,5,-13,-4163,9,-655,0,0
5,5,2,-4173,78,-600,0,0
45,-8,8,-4199,58,-588,0,0
49,-16,12,-4200,-3,-602,0,0
2,-16,23,-4194,25,-615,0,0
-5,-8,27,-4160,16,-616,0,0
-12,-9,21,-4172,-31,-638,0,0
-17,-18,-14,-4223,-3,-657,0,0
11,-25,-21,-4195,100,-627,0,0
53,-21,5,-4162,56,-604,0,0
20,-13,3,-4138,-16,-594,0,0
-34,-20,1,-4202,8,-608,0,0
-16,-19,-4,-4252,48,-616,0,0
-34,-5,-5,-4225,53,-586,0,0
-83,-1,6,-4144,25,-565,0,0
-80,-18,19,-4133,-70,-597,0,0
-72,-35,12,-4165,-41,-611,0,0
-30,-49,5,-4192,65,-625,0,0
23,-42,15,-4205,81,-625,0,0
9,-21,20,-4195,83,-608,0,0
17,-9,18,-4155,42,-598,0,0
18,-2,18,-4171,14,-579,0,0
46,-8,12,-4185,41,-559,0,0
48,-6,14,-4186,40,-532,0,0
-7,-10,10,-4177,19,-526,0,0
-72,-20,6,-4196,-29,-569,0,0
-84,-19,-2,-4209,-6,-586,0,0
-54,-17,-8,-4159,49,-576,0,0
-86,-4,-4,-4150,14,-570,0,0
-231,0,-21,-4219,85,-571,0,0
-196,0,-30,-4189,135,-597,0,0
-54,6,1,-4202,36,-628,0,0
19,11,9,-4225,-9,-602,0,0
30,-1,1,-4189,65,-554,0,0
37,-6,5,-4173,70,-562,0,0
5,2,7,-4195,62,-557,0,0
-3,-2,11,-4210,39,-560,0,0
30,-13,6,-4208,8,-585,0,0
43,-8,4,-4178,49,-561,0,0
59,-14,7,-4172,48,-586,0,0
78,-11,6,-4160,42,-588,0,0
52,-2,6,-4188,65,-563,0,0
45,-9,-2,-4242,53,-569,0,0
40,9,1,-4201,14,-552,0,0
20,14,7,-4164,-21,-542,0,0
-12,13,1,-4180,-27,-555,0,0
-28,9,-1,-4200,25,-549,0,0
9,-3,-6,-4207,76,-578,0,0
-3,12,-11,-4195,53,-601,0,0
-43,30,-2,-4180,34,-604,0,0
6,27,-4,-4171,23,-584,0,0
32,22,-2,-4194,3,-562,0,0
-5,24,-7,-4259,12,-590,0,0
-53,44,-8,-4229,58,-549,0,0
-35,35,0,-4156,-34,-552,0,0
-77,15,-2,-4161,-72,-615,0,0
-99,-1,-13,-4213,68,-668,0,0
-16,-2,-8,-4158,94,-662,0,0
23,1,8,-4150,72,-657,0,0
76,-13,-2,-4174,61,-689,0,0
172,-15,5,-4204,35,-688,0,0
263,-7,16,-4240,-11,-575,0,0
222,-20,8,-4242,-27,-481,0,0
124,-52,12,-4222,-72,-557,0,0
58,-45,18,-4176,-38,-582,0,0
111,-18,23,-4214,-118,-561,0,0
-2,21,14,-4154,-212,-527,0,0
-263,19,2,-4048,-76,-531,0,0
-330,-14,-18,-4165,67,-612,0,0
-214,-10,-35,-4189,141,-647,0,0
-173,1,8,-4151,151,-642,0,0
-133,17,24,-4187,48,-630,0,0
-107,1,22,-4224,-3,-678,0,0
-22,-1,3,-4209,-4,-700,0,0
29,12,7,-4253,90,-578,0,0
62,-8,41,-4215,-7,-513,0,0
33,-48,68,-4120,-123,-578,0,0
-12,-91,47,-4114,-47,-663,0,0
-17,-89,-2,-4118,101,-729,0,0
-24,-55,-35,-4195,261,-778,0,0
89,15,-3,-4241,229,-715,0,0
235,54,34,-4223,129,-571,0,0
390,25,43,-4151,10,-504,0,0
418,-10,45,-4142,-32,-447,0,0
457,-70,50,-4217,-156,-442,0,0
319,-55,52,-4186,-271,-412,0,0
-69,-55,42,-4261,4,-465,0,0
-228,-55,16,-4125,138,-600,0,0
-244,16,-2,-4119,121,-660,0,0
-148,78,-14,-4234,19,-728,0,0
-94,133,-34,-4193,71,-634,0,0
24,128,-44,-4212,67,-591,0,0
88,115,-42,-4245,-3,-571,0,0
65,89,-48,-4254,60,-580,0,0
80,60,-43,-4176,2,-542,0,0
-37,26,-27,-4091,-45,-594,0,0
-48,-41,-48,-4209,0,-772,0,0
119,-29,-74,-4247,93,-756,0,0
280,10,-15,-4183,12,-613,0,0
277,9,6,-4154,-189,-595,0,0
81,8,-19,-4148,-138,-544,0,0
-13,-23,-3,-4166,-84,-552,0,0
10,-66,10,-4250,-57,-588,0,0
81,-96,15,-4275,22,-656,0,0
110,-55,18,-4181,-56,-560,0,0
-65,-19,32,-4082,-206,-458,0,0
-286,-20,21,-4105,-288,-494,0,0
-348,-39,-13,-4224,-91,-597,0,0
-181,-68,-13,-4267,31,-686,0,0
-12,-59,15,-4141,102,-699,0,0
62,-31,36,-4209,81,-718,0,0
82,-6,25,-4157,17,-638,0,0
75,-10,33,-4063,-32,-502,0,0
44,-39,33,-4132,-149,-563,0,0
-5,-58,-7,-4340,-127,-646,0,0
-18,-40,-22,-4320,-59,-666,0,0
-87,-10,17,-4231,-21,-601,0,0
-105,-30,34,-4150,-25,-644,0,0
-86,-30,14,-4184,15,-705,0,0
-103,23,-9,-4167,127,-583,0,0
-37,10,20,-4174,121,-486,0,0
95,-58,39,-4199,-146,-522,0,0
78,-93,40,-4192,-232,-593,0,0
31,-101,19,-4223,-49,-634,0,0
64,-65,3,-4192,43,-664,0,0
35,-7,8,-4153,75,-560,0,0
38,9,10,-4179,36,-474,0,0
58,-20,19,-4225,-38,-492,0,0
76,-31,26,-4130,-125,-494,0,0
46,-32,32,-4129,-139,-479,0,0
43,-42,18,-4279,79,-487,0,0
117,-39,0,-4332,190,-488,0,0
117,-9,39,-4203,122,-439,0,0
177,3,73,-4123,-69,-450,0,0
269,3,18,-4138,-126,-470,0,0
314,10,-7,-4229,-69,-478,0,0
102,13,13,-4238,49,-433,0,0
-79,13,20,-4271,51,-453,0,0
-114,41,8,-4225,-55,-442,0,0
-139,54,3,-4174,-100,-376,0,0
-166,32,-16,-4240,-38,-370,0,0
-137,-4,-31,-4248,2,-327,0,0
-86,-53,-57,-4221,-31,-426,0,0
-140,-90,-68,-4237,-50,-573,0,0
-217,-82,-31,-4174,-18,-610,0,0
-163,-56,3,-4166,36,-590,0,0
-47,-49,-4,-4219,66,-615,0,0
-21,-18,-1,-4217,131,-587,0,0
37,17,22,-4216,82,-501,0,0
151,14,26,-4149,-62,-441,0,0
157,-9,11,-4206,-109,-433,0,0
181,-14,-7,-4321,-44,-424,0,0
209,-25,7,-4253,9,-366,0,0
145,-36,36,-4162,-46,-363,0,0
94,-42,37,-4150,-116,-404,0,0
52,-30,14,-4142,-74,-398,0,0
-22,-21,-5,-4175,7,-403,0,0
-94,-5,-5,-4295,-4,-450,0,0
-94,19,-14,-4313,-22,-483,0,0
-17,35,-11,-4182,-57,-419,0,0
-24,32,-6,-4175,-73,-395,0,0
-63,14,-33,-4247,-12,-456,0,0
-56,16,-40,-4238,11,-525,0,0
-18,49,-32,-4185,-60,-503,0,0
-37,65,-33,-4192,-87,-437,0,0
-53,59,-37,-4228,-97,-417,0,0
-90,43,-38,-4246,-90,-422,0,0
-104,16,-14,-4192,-67,-449,0,0
-85,2,-10,-4188,-100,-497,0,0
-114,-4,-12,-4181,-74,-528,0,0
-127,-2,-4,-4177,-78,-549,0,0
-123,2,-15,-4264,-37,-546,0,0
-66,-9,-12,-4256,10,-527,0,0
7,-15,-2,-4164,-44,-494,0,0
-7,-28,9,-4152,-126,-515,0,0
-6,-33,-4,-4218,-136,-560,0,0
8,-22,-15,-4257,-41,-520,0,0
18,-19,-1,-4204,-43,-498,0,0
20,-15,-7,-4209,-98,-517,0,0
17,-9,-10,-4198,-104,-487,0,0
19,-15,2,-4179,-112,-481,0,0
30,-23,-6,-4253,-61,-498,0,0
26,-19,-1,-4244,-49,-494,0,0
23,-7,12,-4183,-102,-498,0,0
18,3,12,-4179,-129,-478,0,0
29,3,11,-4192,-101,-454,0,0
53,-11,10,-4218,-125,-489,0,0
22,8,10,-4223,-115,-470,0,0
-4,9,6,-4228,-70,-439,0,0
2,6,11,-4181,-101,-423,0,0
-10,-1,14,-4201,-143,-445,0,0
-26,-11,4,-4233,-104,-480,0,0
-40,-6,14,-4230,-74,-505,0,0
-39,2,18,-4208,-85,-502,0,0
-28,1,19,-4190,-91,-493,0,0
-16,-2,20,-4197,-91,-502,0,0
-8,-6,24,-4227,-60,-506,0,0
26,-12,28,-4240,-58,-504,0,0
45,-13,17,-4194,-88,-498,0,0
29,3,13,-4154,-89,-463,0,0
12,-2,17,-4205,-91,-469,0,0
10,-10,10,-4253,-54,-478,0,0
11,-11,12,-4200,-48,-473,0,0
-5,-9,16,-4174,-102,-475,0,0
-32,-11,14,-4201,-93,-489,0,0
-13,-9,8,-4224,-67,-506,0,0
-16,-1,5,-4215,-47,-492,0,0
-34,0,10,-4201,-38,-484,0,0
-4,5,-2,-4212,-66,-510,0,0
-1,17,1,-4201,-85,-476,0,0
-28,16,11,-4189,-94,-463,0,0
-45,7,4,-4211,-38,-493,0,0
-34,5,12,-4223,-8,-518,0,0
0,12,9,-4202,-66,-507,0,0
-19,10,5,-4185,-76,-483,0,0
-27,-3,7,-4221,-54,-476,0,0
-5,-16,11,-4246,-44,-496,0,0
-5,-22,31,-4236,-74,-507,0,0
-19,-22,28,-4177,-78,-496,0,0
-10,-25,26,-4171,-23,-509,0,0
20,-14,38,-4203,-37,-539,0,0
45,5,20,-4254,-28,-521,0,0
27,19,13,-4226,-29,-462,0,0
19,21,16,-4197,-57,-446,0,0
19,16,11,-4222,-80,-479,0,0
-28,20,12,-4240,-47,-473,0,0
-55,17,20,-4217,24,-445,0,0
27,-2,20,-4206,-17,-467,0,0
67,-17,13,-4212,-62,-510,0,0
55,-11,11,-4203,-19,-495,0,0
40,5,14,-4243,-12,-477,0,0
15,10,7,-4261,-2,-473,0,0
-5,17,14,-4191,-29,-471,0,0
-29,21,30,-4131,-121,-429,0,0
-86,-3,15,-4192,-101,-448,0,0
-93,-36,1,-4294,27,-551,0,0
-21,-38,11,-4234,60,-577,0,0
22,-27,23,-4171,42,-544,0,0
48,-19,12,-4154,-15,-545,0,0
27,-9,13,-4188,-33,-507,0,0
37,-10,19,-4244,-31,-463,0,0
51,-21,17,-4245,-27,-438,0,0
11,-32,26,-4188,3,-440,0,0
-3,-36,25,-4171,-26,-494,0,0
-30,-25,16,-4200,-25,-511,0,0
-33,-19,10,-4207,-7,-503,0,0
-21,-25,9,-4207,21,-519,0,0
20,-21,9,-4204,35,-522,0,0
37,0,-2,-4155,4,-470,0,0
-12,16,-2,-4180,-17,-416,0,0
-44,11,-5,-4280,-27,-417,0,0
-40,-2,-7,-4309,-28,-420,0,0
-20,-14,5,-4204,-34,-448,0,0
-14,-18,8,-4162,-32,-474,0,0
-33,-16,-2,-4191,25,-493,0,0
-20,-5,-6,-4257,51,-517,0,0
5,13,-7,-4255,17,-477,0,0
11,20,1,-4182,-31,-411,0,0
14,15,1,-4152,-90,-431,0,0
2,17,-7,-4212,-42,-423,0,0
-40,15,-2,-4259,26,-411,0,0
-52,11,2,-4255,8,-467,0,0
-36,18,-3,-4196,-46,-501,0,0
-51,23,-1,-4158,-47,-480,0,0
-45,10,-12,-4193,-15,-504,0,0
-14,5,-7,-4248,29,-527,0,0
29,9,0,-4222,30,-503,0,0
44,12,4,-4200,-32,-485,0,0
12,16,-2,-4180,-43,-461,0,0
-28,17,3,-4204,-68,-442,0,0
-65,8,3,-4260,-5,-438,0,0
-30,-9,8,-4259,18,-458,0,0
-32,-7,21,-4187,-30,-465,0,0
-47,-19,16,-4189,-13,-2576,0,0
1,-19,9,-4216,15,-556,0,0
42,-9,21,-4201,18,-517,0,0
54,-12,24,-4187,-34,-525,0,0
63,-12,9,-4273,-11,-549,0,0
90,-1,1,-4220,46,-505,0,0
88,12,17,-4148,-25,-441,0,0
40,8,9,-4240,-51,-445,0,0
18,-1,-3,-4279,-6,-482,0,0
19,8,11,-4196,-51,-467,0,0
-21,9,12,-4135,-73,-457,0,0
-49,-1,-1,-4188,-38,-513,0,0
-55,1,-2,-4244,24,-530,0,0
-27,2,7,-4234,33,-528,0,0
4,4,8,-4208,-27,-522,0,0
-9,5,8,-4176,-35,-484,0,0
-18,-8,16,-4205,-22,-492,0,0
3,-25,12,-4247,8,-524,0,0
16,-30,14,-4226,23,-521,0,0
27,-26,19,-4166,-5,-501,0,0
6,-28,14,-4168,-25,-490,0,0
-14,-35,4,-4222,3,-488,0,0
-16,-36,9,-4228,7,-478,0,0
-13,-37,15,-4199,-18,-493,0,0
-10,-31,6,-4185,-34,-513,0,0
-39,-10,-1,-4175,-19,-479,0,0
-60,-5,-2,-4206,-8,-453,0,0
-52,-19,-14,-4273,42,-439,0,0
-34,-34,-5,-4277,46,-450,0,0
-2,-37,2,-4212,-13,-486,0,0
8,-27,-3,-4177,-16,-464,0,0
-4,-23,-4,-4186,-20,-444,0,0
-11,-29,-6,-4240,-10,-465,0,0
27,-26,8,-4231,4,-453,0,0
58,-20,30,-4216,-57,-405,0,0
26,-11,9,-4209,-53,-377,0,0
-23,-9,-14,-4252,-7,-382,0,0
-21,-12,-19,-4259,5,-440,0,0
-19,1,-12,-4201,-15,-434,0,0
-20,2,1,-4199,-42,-445,0,0
4,5,-2,-4190,-45,-446,0,0
0,10,7,-4194,-43,-401,0,0
-25,6,15,-4217,-31,-400,0,0
-20,4,7,-4217,-5,-402,0,0
-35,10,3,-4211,-10,-427,0,0
-65,20,4,-4198,-37,-451,0,0
-73,24,2,-4226,-30,-469,0,0
-20,9,-10,-4259,11,-473,0,0
18,2,-5,-4229,26,-446,0,0
0,1,8,-4216,-29,-419,0,0
-9,-12,7,-4231,-13,-439,0,0
34,-20,7,-4243,8,-450,0,0
38,-18,11,-4214,11,-437,0,0
28,-19,16,-4205,-11,-456,0,0
48,-11,6,-4203,-39,-489,0,0
52,8,7,-4220,-36,-453,0,0
42,11,18,-4240,-21,-423,0,0
57,-9,9,-4231,-33,-448,0,0
61,3,2,-4237,-6,-459,0,0
59,18,2,-4224,-13,-422,0,0
18,29,5,-4192,-61,-406,0,0
-22,28,-1,-4237,-88,-422,0,0
-24,21,-4,-4246,-38,-435,0,0
-10,15,6,-4208,-15,-427,0,0
-37,15,2,-4178,-6,-437,0,0
-64,11,4,-4221,-23,-475,0,0
-39,11,-1,-4232,-23,-508,0,0
-38,10,-9,-4233,-4,-478,0,0
-52,-1,-6,-4216,-10,-483,0,0
-49,-7,-5,-4188,-33,-501,0,0
-32,-7,0,-4197,-27,-496,0,0
-16,-14,4,-4239,-20,-484,0,0
-8,-21,8,-4236,3,-509,0,0
35,-18,3,-4204,-22,-522,0,0
32,0,-2,-4167,-59,-457,0,0
-14,-1,2,-4194,-72,-442,0,0
-29,-10,-3,-4256,-23,-458,0,0
-4,-16,11,-4226,-23,-468,0,0
5,-17,11,-4176,-40,-483,0,0
-20,-9,2,-4215,-4,-478,0,0
-28,-1,3,-4238,-40,-483,0,0
-26,-7,-1,-4258,-39,-479,0,0
21,-22,0,-4218,-28,-511,0,0
68,-8,-5,-4184,-26,-511,0,0
59,17,-9,-4184,-22,-448,0,0
9,44,-9,-4208,-58,-400,0,0
-55,54,-11,-4241,-109,-365,0,0
-143,32,-9,-4254,-106,-401,0,0
-152,2,-7,-4247,-45,-518,0,0
-86,4,-12,-4218,0,-588,0,0
-28,20,-3,-4175,7,-549,0,0
-1,25,-3,-4206,-1,-513,0,0
13,31,-2,-4236,-45,-477,0,0
13,29,-3,-4226,-77,-410,0,0
-13,13,-4,-4198,-105,-426,0,0
-68,3,0,-4214,-100,-481,0,0
-73,-3,-6,-4241,-31,-510,0,0
-63,-5,-1,-4218,-12,-542,0,0
-57,-1,-5,-4213,-12,-559,0,0
-24,1,-10,-4207,-30,-554,0,0
15,1,2,-4191,-75,-537,0,0
23,-4,3,-4202,-41,-507,0,0
27,-10,9,-4228,-49,-502,0,0
19,-7,5,-4215,-57,-497,0,0
16,-9,8,-4200,-52,-484,0,0
16,-14,11,-4230,-54,-494,0,0
16,-20,9,-4248,-20,-509,0,0
17,-12,14,-4205,-43,-499,0,0
14,-7,12,-4190,-75,-495,0,0
16,-7,8,-4239,-84,-528,0,0
22,-6,8,-4243,-34,-514,0,0
52,-7,13,-4180,-29,-501,0,0
43,1,17,-4209,-55,-486,0,0
16,5,6,-4229,-53,-465,0,0
-4,8,12,-4201,-82,-462,0,0
-26,3,11,-4223,-64,-455,0,0
-31,-8,8,-4259,-38,-500,0,0
-16,-4,13,-4207,-39,-514,0,0
-16,5,13,-4170,-51,-500,0,0
-30,1,13,-4207,-48,-514,0,0
-18,0,8,-4247,-27,-545,0,0
5,5,14,-4233,-11,-512,0,0
28,2,15,-4189,-52,-495,0,0
9,1,7,-4180,-60,-499,0,0
-19,2,10,-4232,-28,-518,0,0
-4,2,7,-4246,-18,-517,0,0
-9,1,10,-4204,-32,-506,0,0
-20,-2,5,-4169,-64,-528,0,0
-27,0,3,-4202,-53,-540,0,0
-2,0,0,-4244,-26,-539,0,0
7,5,-2,-4231,-4,-516,0,0
-7,12,3,-4192,-40,-491,0,0
-38,11,-4,-4209,-71,-492,0,0
-54,6,-6,-4228,-69,-509,0,0
-41,1,-1,-4233,-20,-527,0,0
-4,-1,-9,-4235,-5,-526,0,0
-39,2,-11,-4196,-36,-520,0,0
-51,-5,-12,-4184,-59,-542,0,0
-7,-11,-13,-4216,-58,-547,0,0
31,-16,-6,-4231,-47,-527,0,0
31,-15,-1,-4222,-42,-514,0,0
5,-15,3,-4189,-64,-488,0,0
-19,-5,-4,-4201,-81,-521,0,0
-20,4,-4,-4224,-78,-523,0,0
-17,10,4,-4218,-49,-493,0,0
-20,5,5,-4216,-44,-491,0,0
-36,2,11,-4202,-57,-511,0,0
-29,1,10,-4200,-90,-531,0,0
-24,0,8,-4219,-59,-536,0,0
-3,2,4,-4242,-35,-539,0,0
8,7,5,-4222,-42,-533,0,0
0,10,7,-4208,-76,-512,0,0
5,4,-2,-4212,-57,-519,0,0
26,1,4,-4198,-58,-516,0,0
20,3,8,-4220,-40,-475,0,0
16,-5,12,-4248,-50,-466,0,0
-20,-10,20,-4227,-98,-477,0,0
-49,-27,17,-4210,-116,-555,0,0
-121,-34,17,-4238,-43,-578,0,0
-184,-19,35,-4213,0,-520,0,0
-150,0,29,-4180,15,-494,0,0
-45,5,10,-4223,-22,-527,0,0
-3,1,5,-4194,-13,-548,0,0
27,-3,13,-4198,29,-567,0,0
99,3,10,-4220,10,-557,0,0
112,14,12,-4222,-1,-504,0,0
109,16,14,-4204,-47,-479,0,0
79,15,17,-4184,-122,-458,0,0
7,2,11,-4233,-97,-453,0,0
-34,-17,4,-4292,4,-503,0,0
-30,-17,12,-4242,21,-532,0,0
-15,-7,8,-4138,-33,-507,0,0
-30,-4,-1,-4152,-67,-511,0,0
-54,-10,-6,-4264,-25,-546,0,0
-39,-7,-8,-4263,20,-529,0,0
-32,-4,5,-4170,-51,-519,0,0
-59,-10,-1,-4159,-82,-543,0,0
-71,-10,-5,-4195,-17,-541,0,0
-35,-14,0,-4244,2,-532,0,0
4,-18,-4,-4243,20,-538,0,0
41,-9,0,-4207,-7,-508,0,0
23,0,-3,-4223,-53,-477,0,0
-19,-5,-12,-4240,-55,-511,0,0
2,-3,-21,-4236,-33,-568,0,0
44,15,-31,-4225,-23,-551,0,0
29,32,-23,-4204,-31,-495,0,0
16,30,-22,-4193,-74,-457,0,0
-5,18,-9,-4178,-141,-431,0,0
-41,-3,-2,-4224,-153,-470,0,0
-60,-18,1,-4233,-51,-530,0,0
-58,-16,19,-4226,-17,-540,0,0
-53,-14,18,-4203,-33,-556,0,0
-45,-18,26,-4181,-82,-531,0,0
-10,-44,34,-4179,-123,-567,0,0
64,-50,12,-4239,-2,-592,0,0
99,-18,9,-4253,65,-537,0,0
52,18,14,-4228,-56,-479,0,0
-24,32,-1,-4209,-123,-474,0,0
-23,19,-7,-4226,-107,-490,0,0
2,4,-9,-4237,-27,-531,0,0
20,6,-2,-4213,38,-538,0,0
45,14,-1,-4184,34,-502,0,0
43,14,-2,-4204,-60,-496,0,0
32,9,-7,-4258,-113,-504,0,0
49,0,-18,-4277,-86,-479,0,0
32,7,-15,-4186,-82,-457,0,0
-67,21,-5,-4165,-126,-470,0,0
-126,10,-12,-4231,-79,-542,0,0
-90,5,-5,-4248,-29,-571,0,0
-30,1,10,-4230,-37,-562,0,0
-7,-6,3,-4206,-31,-576,0,0
2,10,-2,-4186,-68,-564,0,0
-14,22,4,-4209,-111,-517,0,0
-24,13,-1,-4234,-107,-515,0,0
-27,3,-1,-4246,-74,-550,0,0
-18,7,2,-4186,-54,-550,0,0
-24,12,10,-4153,-93,-550,0,0
-44,13,7,-4193,-99,-557,0,0
-56,2,7,-4266,-61,-577,0,0
-26,-3,7,-4237,-73,-599,0,0
2,8,2,-4118,-86,-567,0,0
-17,15,10,-4147,-114,-526,0,0
-74,7,8,-4268,-91,-536,0,0
-95,-6,11,-4262,-56,-507,0,0
-114,-32,20,-4187,-91,-523,0,0
-131,-69,14,-4207,-35,-588,0,0
48,-90,0,-4231,39,-600,0,0
205,-67,-15,-4232,-56,-629,0,0
92,-2,-5,-4171,-134,-574,0,0
-80,31,15,-4185,-114,-484,0,0
-96,17,10,-4235,-38,-519,0,0
36,8,13,-4251,-7,-564,0,0
195,8,39,-4339,-164,-695,0,0
174,69,91,-4202,-341,-1076,0,0
624,148,240,-4810,-322,-2102,0,0
1011,515,242,-5080,-1016,-3020,0,0
372,1088,-41,-4818,-1597,-2599,0,0
-286,1394,-542,-5064,-1628,-2829,0,0
-899,1785,-959,-5385,-591,-3321,0,0
-487,2170,-1135,-5266,-293,-3246,0,0
-141,2420,-1279,-5175,-367,-3164,0,0
-473,2599,-1316,-5068,-124,-2860,0,0
-2424,2709,-1171,-4784,-193,-3593,0,0
-181,2824,-927,-4570,-311,-4592,0,0
-37,2929,-842,-3919,-361,-3558,0,0
-129,2791,-807,-2788,-499,-2789,0,0
-811,2554,-743,-1682,-660,-2211,0,0
-1654,2268,-625,-893,-477,-1286,0,0
-1390,1880,-712,-718,83,-807,0,0
205,1560,-867,-765,69,-411,0,0
541,1227,-818,-518,-386,-305,0,0
331,844,15,-340,-54,-996,0,0
657,518,758,-369,-911,-1950,0,0
899,291,739,67,-1526,-2375,0,0
797,129,236,78,-1899,-2868,0,0
400,54,-50,683,-1750,-2524,0,0
-322,1,-132,786,-1551,-2360,0,0
-665,-159,-83,-873,-1385,-4664,0,0
-930,-10,48,-757,-788,-6339,0,0
-838,373,-120,9,-790,-6216,0,0
-1206,523,-99,354,-530,-5610,0,0
-1025,433,17,548,-58,-4982,0,0
-401,296,-45,771,-380,-4506,0,0
-65,61,47,1055,-62,-4527,0,0
663,-101,-24,1103,-607,-4791,0,0
288,-136,-20,1005,-663,-4769,0,0
-155,-93,-131,830,-205,-4803,0,0
-131,-46,-126,871,58,-4258,0,0
77,-111,-75,637,55,-4132,0,0
348,-207,74,488,-357,-4483,0,0
36,-200,176,-172,-560,-4967,0,0
-286,-76,247,402,-886,-5450,0,0
-945,69,243,259,-577,-6202,0,0
-949,348,168,305,-130,-6213,0,0
-678,660,62,383,247,-5547,0,0
-466,841,120,684,340,-4610,0,0
252,774,204,660,717,-4759,0,0
1080,688,222,1323,410,-6332,0,0
1435,704,98,1791,714,-6910,0,0
1117,525,119,1789,-417,-2514,0,0
-1107,-305,-588,670,268,4983,0,0
1667,-2446,-217,-510,-251,1910,0,0
240,-2480,1499,1763,-780,-1289,0,0
-656,-954,1037,-1367,-203,-2183,0,0
-97,13,-117,-730,-169,-3953,0,0
367,219,95,818,-106,-4240,0,0
-544,309,132,-252,-1319,-991,0,0
-2081,-298,412,-28,-675,-1375,0,0
-792,-717,548,-1720,331,-3210,0,0
983,-148,97,-2426,-708,-2811,0,0
901,788,127,-869,-109,-3009,0,0
1436,955,256,3961,-1700,-4248,0,0
665,55,184,1709,-2100,-6564,0,0
-440,-474,-399,632,115,-9625,0,0
544,-291,-268,1401,-1471,-8127,0,0
-509,130,131,579,-949,-5503,0,0
-663,354,-371,192,-586,-3557,0,0
-281,323,-586,68,-141,-2293,0,0
529,226,-543,-304,-22,-1332,0,0
1128,25,-439,57,-848,-1304,0,0
654,-196,-208,-162,-707,-2030,0,0
-386,-265,28,21,-694,-2340,0,0
-303,-297,172,136,-438,-3096,0,0
15,-352,159,625,-1073,-4480,0,0
238,-265,52,576,-1414,-4821,0,0
-83,-78,-177,-325,-1223,-4704,0,0
-627,28,-410,-600,-839,-4867,0,0
-624,-107,-86,-13,-68,-7106,0,0
305,-43,112,-78,-822,-8784,0,0
57,383,-80,-342,-1297,-9677,0,0
-189,858,-168,-236,-884,-8560,0,0
-871,1079,-228,713,-617,-4652,0,0
-259,525,151,1641,729,-5155,0,0
2052,-207,147,672,-1219,-6148,0,0
1076,-507,-71,257,-2312,-5033,0,0
-1653,-901,-494,28,-1530,413,0,0
-2206,-1654,-315,-447,840,-367,0,0
1016,-1405,288,1240,-71,-647,0,0
377,-731,357,1978,-1057,-1119,0,0
-20,-370,-235,-2315,1113,-3690,0,0
2650,208,-443,-524,1016,-4738,0,0
3377,1095,-75,-337,-505,-4239,0,0
158,1663,-102,-77,-2136,-1499,0,0
-3565,1211,647,-196,-1071,-832,0,0
-2918,720,1121,-1428,-321,-2720,0,0
-482,838,821,-1775,-939,-2096,0,0
1300,1385,241,-537,-1279,-3441,0,0
1900,1357,-386,5075,-1938,-4572,0,0
89,590,-377,4549,-1810,-3813,0,0
-1139,-525,-345,198,245,-7246,0,0
909,-727,510,3982,-2563,-6949,0,0
-975,-300,111,1767,-2170,-4365,0,0
-1384,-387,-703,373,-106,-3371,0,0
232,-603,-517,-85,-508,-2851,0,0
603,-378,-615,-782,-92,-2456,0,0
690,-176,-454,86,-537,-2616,0,0
-214,-157,-15,368,-445,-2629,0,0
330,-330,80,834,17,-4731,0,0
1871,-293,-3,310,-833,-5490,0,0
572,171,42,70,-2111,-5025,0,0
-1239,213,233,-871,-1152,-4057,0,0
-375,-316,253,-274,-1320,-4350,0,0
332,-557,178,358,-2038,-4199,0,0
-491,-249,-282,618,-965,-4839,0,0
-164,174,-751,1764,-432,-4097,0,0
-387,104,-330,3075,-1104,-3686,0,0
-833,-217,-6,1330,-49,-4711,0,0
631,-165,-215,791,-379,-4598,0,0
65,198,-86,1242,-1089,-3212,0,0
-1232,302,149,1589,-246,-2535,0,0
-614,48,107,1515,-310,-2517,0,0
66,-169,120,1224,-460,-2557,0,0
146,-303,174,980,-679,-2640,0,0
-7,-431,244,425,-243,-2680,0,0
551,-459,391,262,-479,-3257,0,0
469,-255,365,-746,-796,-3638,0,0
2,65,149,-137,-540,-3824,0,0
-469,269,117,-31,-563,-2935,0,0
-1547,156,140,-457,-168,-2329,0,0
-925,-304,281,449,458,-3117,0,0
779,-723,92,224,355,-4445,0,0
1351,-712,-110,-206,-1238,-5921,0,0
171,-423,-17,-133,-617,-7094,0,0
-445,-136,94,-375,-1073,-7186,0,0
-941,268,37,-650,151,-6767,0,0
-323,500,-164,-176,998,-7006,0,0
1732,551,403,-1015,1605,-9500,0,0
2450,1123,1024,193,-3549,-9734,0,0
-1020,1746,440,827,-2538,-8857,0,0
-440,1640,-243,605,-1875,-5616,0,0
-969,1196,-945,238,-652,2389,0,0
-923,-762,-1179,2102,440,6864,0,0
907,-3619,607,-2608,-908,4,0,0
356,-2743,1151,1175,-1458,-4124,0,0
880,-862,-86,-633,-651,-3963,0,0
142,258,-908,-1670,-476,-3534,0,0
-1602,591,259,326,436,-2882,0,0
-1151,451,442,78,227,-1740,0,0
-780,55,-26,-277,245,-1396,0,0
-999,-155,176,-881,288,-1646,0,0
-1398,92,552,-1914,72,-2050,0,0
536,753,808,-1335,846,-3720,0,0
3464,1306,456,1908,-1791,-4421,0,0
1963,732,104,4603,-3846,-3679,0,0
-1481,-586,24,1776,-649,-5833,0,0
208,-1230,-515,-716,-384,-6645,0,0
-34,-1041,-52,1066,-1726,-6116,0,0
-1111,-718,67,3,131,-5515,0,0
789,-364,-388,-1170,-24,-4295,0,0
2289,-51,-243,-501,-1233,-3683,0,0
1388,215,-136,-470,-1951,-3170,0,0
-138,487,-255,-455,-1392,-3044,0,0
-1523,703,-352,-99,-519,-2479,0,0
-1782,724,-340,-7,157,-1077,0,0
-1604,411,-90,-763,-271,-1514,0,0
-1100,31,27,-300,1011,-3639,0,0
1326,-224,-29,312,108,-5823,0,0
1083,-48,-74,-79,-964,-6868,0,0
-684,274,58,709,-1033,-6002,0,0
-264,233,40,725,91,-6962,0,0
11,368,-2,365,-605,-6742,0,0
-820,448,28,868,384,-6631,0,0
36,283,9,1122,296,-6623,0,0
327,7,48,996,-1097,-6495,0,0
392,-434,-194,139,-1565,-4981,0,0
-926,-1226,-610,-41,-3574,-2894,0,0
-2803,-1909,-103,-2243,1334,-2006,0,0
-1690,-1692,-646,-1113,1412,47,0,0
-2816,-1405,165,2785,259,-2136,0,0
-1178,-863,1052,914,1592,-3438,0,0
2229,20,272,132,614,-3369,0,0
3494,608,-272,-612,996,-3528,0,0
3995,874,-747,-1842,-188,-2708,0,0
-281,925,-877,-887,-1180,-1336,0,0
-4620,388,70,-1076,1809,-1480,0,0
-2569,145,911,-1410,1878,-465,0,0
1385,173,1156,-1757,757,-1118,0,0
3824,501,1069,80,394,-5036,0,0
4570,625,580,4445,-4296,-5651,0,0
-623,129,557,3381,-3737,-5425,0,0
-2565,-914,-123,-1364,1412,-8529,0,0
1857,-1212,-233,610,-1781,-8348,0,0
1039,-400,67,615,-1907,-5727,0,0
-279,128,-672,-719,-74,-4413,0,0
1153,265,-984,-741,-343,-3067,0,0
323,346,-933,-539,-1010,-1361,0,0
-1645,398,-606,-99,205,-694,0,0
-867,335,32,134,321,-1240,0,0
225,467,152,15,-221,-1108,0,0
-304,560,-256,528,-699,-886,0,0
-1595,278,-126,-595,235,-1772,0,0
-1158,-308,382,203,308,-4692,0,0
676,-548,358,710,-454,-6663,0,0
384,-406,-459,-450,-777,-8112,0,0
-55,-171,-332,-340,937,-9725,0,0
426,234,-171,-559,743,-10083,0,0
439,591,79,123,335,-9794,0,0
214,746,434,150,-944,-9047,0,0
314,734,-286,-340,-1901,-5260,0,0
-1875,-120,-664,211,-2270,340,0,0
-600,-1841,-180,-499,-545,665,0,0
327,-2432,72,-2296,-1997,-1709,0,0
-840,-1477,318,857,627,-3903,0,0
89,-377,412,2039,293,-3777,0,0
485,566,-335,-1127,550,-2530,0,0
410,1226,-479,-262,980,-1964,0,0
1042,1273,67,-339,623,-921,0,0
783,934,64,-73,-1064,-361,0,0
-1444,281,318,-261,-346,-1263,0,0
-1398,64,750,-1354,540,-2027,0,0
803,482,696,-1804,-359,-2344,0,0
1456,1080,264,-613,-697,-3982,0,0
1782,992,128,5345,-2750,-4030,0,0
-1608,-230,-10,3666,-1755,-3610,0,0
-1860,-1399,-418,-1747,1966,-7623,0,0
1733,-1342,-257,1444,-829,-8726,0,0
-236,-703,203,1535,-743,-7046,0,0
-479,-414,-167,223,1103,-5964,0,0
1121,-180,-373,-564,58,-4680,0,0
444,247,-77,-651,-341,-3189,0,0
-211,489,99,-59,-391,-1734,0,0
-323,361,85,448,-142,-1770,0,0
113,200,39,376,-105,-1998,0,0
46,172,16,-76,-571,-1804,0,0
-1120,119,71,-795,-1257,-2047,0,0
-1742,-136,227,-289,388,-2913,0,0
1450,-543,-253,346,717,-4387,0,0
2738,-413,-532,-809,-622,-5354,0,0
507,12,-170,-1047,-1047,-5227,0,0
-1195,259,146,-328,-929,-4475,0,0
-3880,-8,-15,-625,-1075,-4586,0,0
-1475,-305,-207,-112,-668,-5917,0,0
-417,-394,-348,228,-194,-7825,0,0
674,-33,-329,23,1023,-9597,0,0
737,602,-556,-298,1244,-10428,0,0
696,1241,-119,10,1289,-8785,0,0
956,1339,98,-204,-359,-6149,0,0
-781,797,403,474,-1712,-2412,0,0
-2587,-338,282,333,-473,2125,0,0
-1160,-1888,-533,-1274,175,2591,0,0
146,-2510,389,117,-1124,-982,0,0
-98,-1713,1336,733,-1635,-2397,0,0
-229,-507,61,-1398,-1258,-3446,0,0
558,321,-814,-42,495,-4287,0,0
979,744,-750,-574,879,-4118,0,0
-255,1036,-422,-1184,161,-2662,0,0
-1559,813,210,-430,707,-1947,0,0
-105,629,504,-942,671,-1048,0,0
1569,871,293,-1463,736,-1141,0,0
3032,1164,-180,10,-258,-3530,0,0
1427,942,92,5655,-3204,-3877,0,0
-3425,54,186,2931,-446,-4446,0,0
-1255,-929,-453,-182,2568,-8102,0,0
1443,-918,-139,1434,-500,-7414,0,0
-470,-471,355,507,340,-5904,0,0
350,-290,-232,-811,834,-4891,0,0
1160,-119,-230,-2200,-126,-3704,0,0
516,66,-59,-90,-212,-1839,0,0
552,-47,-114,154,-216,-1815,0,0
-302,-184,-1,232,-631,-1561,0,0
-903,-415,204,-348,444,-1209,0,0
126,-729,381,-1178,-230,-1682,0,0
-120,-797,502,-1612,-772,-4332,0,0
-481,-562,488,-523,-884,-5191,0,0
340,-371,243,-343,-409,-5014,0,0
-125,-127,-305,-1482,-415,-5554,0,0
-218,-4,-119,-1938,190,-6209,0,0
663,164,53,-1531,-678,-5911,0,0
968,114,204,-235,-894,-7420,0,0
1028,278,-133,-265,-1291,-8910,0,0
-425,901,-662,-791,-202,-9990,0,0
-1458,1503,-252,-482,833,-8891,0,0
-1241,1577,154,-479,698,-7112,0,0
-1041,1150,401,84,-948,-3093,0,0
-1398,42,142,19,-821,1369,0,0
-968,-1620,85,-56,-1303,1577,0,0
-782,-2423,267,-957,355,-1804,0,0
763,-1313,444,1816,-625,-2972,0,0
-5,-422,166,697,-105,-2382,0,0
637,225,-340,-846,527,-3276,0,0
1852,616,-550,-180,484,-3189,0,0
801,827,-569,-776,-95,-1851,0,0
-1035,827,121,-432,-60,-1477,0,0
-1702,635,802,-1044,477,-1319,0,0
-504,656,819,-1725,589,-1194,0,0
1629,929,347,-1137,621,-2712,0,0
3553,710,91,5318,-2301,-4223,0,0
-29,-349,348,4463,-3660,-4066,0,0
-2265,-1269,-33,-2675,1054,-8192,0,0
188,-1214,-854,-162,498,-7425,0,0
-74,-758,102,894,-143,-7649,0,0
-391,-242,162,440,374,-6139,0,0
318,98,-357,-379,24,-4922,0,0
210,324,-343,-312,-305,-3148,0,0
-174,205,-559,206,-523,-1820,0,0
-623,-41,-1107,-227,761,-1726,0,0
-442,-283,-773,-14,1265,-1997,0,0
227,-481,239,-366,381,-2344,0,0
-365,-498,724,-814,192,-3160,0,0
-96,-525,586,-388,-69,-4190,0,0
965,-554,729,69,-564,-5118,0,0
1409,-493,559,-164,-982,-4066,0,0
1614,-502,201,-457,-1385,-4148,0,0
473,-213,-348,-1049,-1225,-4544,0,0
-1569,123,-232,-1518,187,-4883,0,0
-1128,341,202,-1380,632,-4652,0,0
-458,341,71,-1367,398,-5774,0,0
406,375,114,-979,264,-6174,0,0
-129,664,191,-86,-423,-6223,0,0
-1277,945,-8,202,451,-5541,0,0
-595,941,-313,-465,1073,-5198,0,0
974,689,-272,-476,653,-6116,0,0
2265,426,67,197,-737,-6733,0,0
2482,214,220,197,-2449,-6719,0,0
1251,63,308,-475,-3755,-4077,0,0
-2473,-562,177,-502,-2569,575,0,0
-6867,-2047,152,-1137,811,1643,0,0
-8585,-2577,11,-3081,2751,-1748,0,0
-4734,-1275,-969,1637,1773,-2429,0,0
778,-700,-672,2263,2980,-1408,0,0
4386,-575,-492,149,1398,-2720,0,0
3645,-270,-418,-225,-8,-3634,0,0
1887,148,-418,-1961,1468,-2643,0,0
1395,517,-362,-1827,541,-3092,0,0
321,827,339,-1850,1263,-4053,0,0
2873,1412,779,-3013,2245,-5971,0,0
6195,2446,278,-2865,-1475,-6644,0,0
1920,3291,-959,330,-3978,-2981,0,0
-3777,2641,-939,4518,-2006,-118,0,0
-5804,428,-229,1136,1589,-567,0,0
-297,-1227,-478,-518,3339,-2888,0,0
4015,-1663,-156,921,-1156,-6026,0,0
1629,-1206,537,267,-348,-5689,0,0
2074,-527,123,-602,-749,-4780,0,0
1422,-54,-300,-709,-1851,-4938,0,0
-1041,309,-57,22,-1074,-3710,0,0
-1427,290,102,399,-384,-2901,0,0
-773,27,-113,6,-196,-2881,0,0
563,-304,-302,634,594,-2421,0,0
3464,-730,-740,466,-665,-3199,0,0
3258,-826,-767,299,-2022,-4531,0,0
-528,-353,-102,-306,-2130,-4088,0,0
-2915,232,585,-277,-1073,-4125,0,0
-2804,369,587,33,-168,-2737,0,0
-1435,35,463,-326,1276,-1445,0,0
618,-531,634,-164,116,-1187,0,0
1034,-1220,847,-61,-1094,-2820,0,0
675,-1308,688,-1117,-2166,-4902,0,0
-396,-782,235,-2199,-2153,-5548,0,0
-843,-258,-153,-2221,-1339,-5981,0,0
-511,141,-412,-1472,-687,-5836,0,0
10,412,-535,-1542,-289,-6560,0,0
349,818,-350,-1467,-235,-7397,0,0
-327,1246,-351,-1501,-266,-7829,0,0
-935,1520,-217,-1399,-139,-7274,0,0
-92,1393,-156,-700,-89,-6906,0,0
819,1205,-42,837,-1421,-6051,0,0
166,674,57,1245,-1682,-4822,0,0
-143,-97,-69,280,-1842,-1039,0,0
-123,-1245,-249,102,443,3577,0,0
-959,-2725,676,-2640,1787,2354,0,0
-2063,-2793,1041,-2423,44,-2331,0,0
-1457,-2252,872,1884,307,-1837,0,0
378,-1867,105,225,-425,-2671,0,0
786,-1023,-274,-468,-301,-3711,0,0
-195,-610,-30,-804,-184,-3247,0,0
56,-585,317,-2108,383,-2805,0,0
1174,-380,373,-1765,-378,-4372,0,0
861,226,379,-1333,-528,-5870,0,0
1207,1300,11,-3643,32,-7376,0,0
2504,2571,-613,-3219,-1192,-7025,0,0
313,2764,-324,-455,-1684,-4789,0,0
-2564,1853,178,-2267,-296,-2178,0,0
-4014,495,-310,-1971,1473,-2779,0,0
-3664,-676,-407,-895,1929,-5979,0,0
1662,-681,309,-19,776,-6331,0,0
1871,-330,173,-69,-42,-6793,0,0
1238,281,-224,-1020,-317,-6662,0,0
125,1066,-613,-1047,-214,-4926,0,0
-220,1368,-546,-367,275,-3577,0,0
332,1334,-564,-225,-293,-2472,0,0
301,1054,-580,288,-752,-2381,0,0
825,630,-500,1259,-888,-3231,0,0
2845,136,-639,835,-796,-3806,0,0
2649,295,-1131,-117,-2332,-3525,0,0
-792,843,-1123,-98,-882,-2049,0,0
-1877,716,-111,871,437,-687,0,0
-638,91,410,1529,-175,-828,0,0
-138,-496,346,1399,-447,-1877,0,0
-45,-803,339,546,-427,-2681,0,0
-137,-940,349,194,-527,-3455,0,0
120,-949,354,-63,-576,-4161,0,0
128,-881,262,-173,-946,-4803,0,0
77,-832,299,-502,-953,-5046,0,0
191,-728,225,-656,-1041,-5385,0,0
225,-507,131,-583,-1118,-5465,0,0
55,-267,58,-538,-1065,-7096,0,0
-145,-87,-2,-573,-804,-4627,0,0
-54,23,-64,-386,-810,-4164,0,0
-136,62,-41,-143,-714,-3794,0,0
-151,112,-3,-99,-658,-3497,0,0
-467,188,-109,-322,-626,-3110,0,0
-956,154,-14,-465,-302,-3083,0,0
-1039,122,62,-891,-60,-2978,0,0
-569,73,215,-748,465,-2694,0,0
546,-204,666,-1664,-474,-3602,0,0
-63,-287,1345,-873,-1494,-5029,0,0
-452,-228,1257,-35,-1233,-5135,0,0
-217,52,-25,754,-1452,-5510,0,0
77,465,-1373,219,-310,-5913,0,0
-594,706,-1444,-906,758,-7714,0,0
-305,784,-737,-394,1123,-9557,0,0
-147,946,-328,-230,200,-8533,0,0
-531,737,-74,-414,294,-6605,0,0
-1408,12,593,-41,-561,760,0,0
-1216,-1824,245,-517,827,4491,0,0
2136,-3458,-334,-2748,-363,-1769,0,0
802,-2252,1095,961,-1043,-1574,0,0
-193,-1303,1933,155,-572,-2758,0,0
763,-499,1146,-518,-1663,-4303,0,0
435,95,-236,179,-937,-4419,0,0
-938,428,-1078,-1687,154,-2853,0,0
-2397,618,-893,-2405,815,-2474,0,0
-2310,586,-46,-1695,1875,-3242,0,0
924,780,331,-3688,2159,-3644,0,0
3906,1364,-203,-1010,262,-4386,0,0
2940,1441,-378,2211,-3024,-3142,0,0
-1854,343,-183,2289,-2241,-1606,0,0
-3153,-1131,-194,-2776,2098,-5668,0,0
504,-1362,-932,-1835,1555,-8539,0,0
2172,-833,111,-251,-354,-9291,0,0
666,232,704,-431,-653,-6740,0,0
44,781,84,-951,525,-5388,0,0
506,1122,-201,-1250,-15,-4428,0,0
-793,1434,-262,-638,-442,-2432,0,0
-1625,1218,-42,225,425,-2097,0,0
-111,790,0,511,545,-2588,0,0
2489,575,-419,456,-229,-2350,0,0
2711,320,-1243,236,-824,-1457,0,0
835,-34,-917,835,-67,-1302,0,0
-160,-350,323,-580,-917,-1991,0,0
-1200,-526,928,-219,-928,-2719,0,0
-862,-749,428,208,-998,-3496,0,0
-455,-800,305,-275,-734,-4800,0,0
-644,-478,191,-814,-516,-4524,0,0
-1211,-121,-230,-850,-339,-4761,0,0
-1405,114,-260,-1070,126,-4481,0,0
-889,134,-86,-594,-114,-4183,0,0
-109,-92,124,-244,486,-5584,0,0
-642,-132,305,-840,810,-6646,0,0
-1163,219,222,-772,1736,-7951,0,0
-381,637,-173,-517,1730,-7727,0,0
-204,923,-181,-274,2450,-7047,0,0
1270,1061,-261,-118,1891,-6761,0,0
2006,934,-140,345,1007,-5858,0,0
3011,410,348,135,-783,-2538,0,0
1416,-672,254,206,-3863,797,0,0
-3702,-1958,68,-342,-1402,1893,0,0
-5324,-2657,283,-2411,2557,-958,0,0
-1637,-1815,337,1252,542,-3342,0,0
2540,-1389,652,359,409,-4208,0,0
3178,-383,636,-1023,-410,-3844,0,0
2744,454,113,-3,-421,-3347,0,0
2089,825,-687,-931,-1013,-2721,0,0
-2845,1063,-958,-1551,-527,-832,0,0
-6745,781,-164,-1840,1648,-969,0,0
-4456,589,733,-809,2988,-1884,0,0
2236,534,734,-218,4289,-3224,0,0
5559,656,559,663,-1973,-3354,0,0
-1037,60,1281,2588,-3176,-2608,0,0
-6824,-985,712,-996,1957,-3828,0,0
-1793,-1180,-1312,-548,3309,-5208,0,0
1105,-1233,-1299,-973,1737,-5020,0,0
190,-1346,-358,-733,1112,-4675,0,0
-407,-1678,-137,-981,1631,-3747,0,0
-469,-1689,-113,-2196,763,-3038,0,0
-1463,-1569,-518,-2412,1713,-2404,0,0
-359,-1584,-1261,-3390,2198,-2727,0,0
164,-1406,-1567,-3450,1456,-3556,0,0
-483,-1135,-1288,-3679,2660,-4228,0,0
796,-722,-1048,-3798,1794,-3631,0,0
987,-460,-710,-3163,949,-3340,0,0
-13,-321,-491,-3223,501,-2652,0,0
-1350,-354,-411,-2911,1073,-2237,0,0
-622,-435,-402,-2897,1319,-2606,0,0
810,-353,-450,-2830,808,-2483,0,0
906,-369,-676,-2836,461,-2842,0,0
1205,-353,-734,-2808,571,-2933,0,0
1218,-370,-960,-2985,-66,-3133,0,0
66,-307,-1096,-3150,120,-3091,0,0
-780,-247,-1162,-3671,586,-3146,0,0
-730,-91,-1044,-3602,761,-2864,0,0
-669,10,-635,-3742,731,-2636,0,0
-886,84,-69,-3336,796,-2444,0,0
-895,88,322,-3098,610,-1967,0,0
-1354,26,485,-2876,451,-1252,0,0
-1976,-253,584,-2893,725,-899,0,0
-1531,-625,605,-3335,752,-950,0,0
-592,-951,379,-3768,710,-1091,0,0
46,-1184,31,-3984,547,-1369,0,0
101,-1329,-204,-4450,506,-1366,0,0
82,-1388,-284,-4751,679,-1753,0,0
393,-1304,-268,-4465,757,-1916,0,0
889,-1182,-233,-4498,686,-2179,0,0
1310,-881,-145,-4327,364,-2207,0,0
996,-566,-217,-4160,262,-2068,0,0
438,-269,-352,-4232,435,-1802,0,0
169,14,-390,-4325,411,-1549,0,0
-205,236,-357,-4246,444,-1260,0,0
-480,357,-260,-4182,526,-1062,0,0
-457,440,-94,-4172,486,-750,0,0
-457,399,54,-3915,433,-628,0,0
-439,306,97,-3881,508,-528,0,0
-196,157,60,-4119,635,-454,0,0
341,-7,127,-4240,502,-411,0,0
499,-202,373,-4202,494,-283,0,0
640,-508,518,-4167,468,-318,0,0
911,-728,422,-3757,470,-364,0,0
671,-859,26,-3702,577,-648,0,0
540,-971,-266,-3672,789,-656,0,0
662,-1002,-321,-3765,699,-720,0,0
336,-913,-400,-4095,771,-800,0,0
77,-759,-408,-4426,729,-777,0,0
190,-621,-198,-4735,710,-862,0,0
366,-402,245,-4572,542,-817,0,0
213,-154,634,-4410,395,-775,0,0
246,78,742,-4125,363,-411,0,0
972,115,493,-4026,-242,51,0,0
1535,-25,14,-4106,-1021,148,0,0
642,-197,-219,-4462,26,164,0,0
95,-276,-66,-4592,804,208,0,0
120,-241,45,-4473,632,249,0,0
-172,-170,132,-4191,443,321,0,0
-381,-184,238,-3939,536,111,0,0
-372,-189,262,-3937,653,-237,0,0
-132,-95,255,-4056,732,-734,0,0
229,53,213,-4220,1114,-292,0,0
1084,26,287,-4296,1306,212,0,0
1754,-22,333,-4133,492,43,0,0
1369,-34,283,-3981,170,154,0,0
711,-114,203,-4345,613,239,0,0
623,-59,164,-4488,512,-287,0,0
291,5,262,-4075,681,-106,0,0
203,-63,289,-3707,1394,-244,0,0
599,-38,182,-3388,1406,-433,0,0
654,-58,225,-3385,1451,-480,0,0
464,-131,241,-3600,1170,-312,0,0
293,-195,207,-3815,976,-315,0,0
521,-221,73,-4067,812,-165,0,0
749,-315,-62,-4349,849,-19,0,0
712,-376,-64,-4377,1014,-93,0,0
485,-375,48,-4303,1061,72,0,0
572,-341,76,-4228,1124,60,0,0
536,-256,29,-4084,1050,-69,0,0
269,-143,45,-4009,1231,-186,0,0
263,25,47,-3965,1062,72,0,0
194,110,1,-3924,983,164,0,0
-15,141,-9,-3944,1062,68,0,0
-202,164,24,-3959,1001,26,0,0
-231,169,38,-3984,1086,-42,0,0
-155,153,2,-4040,1177,-86,0,0
-115,166,-57,-4023,1229,-63,0,0
-51,137,-60,-4113,1153,-25,0,0
-67,57,-25,-4065,1029,-137,0,0
-15,29,-17,-3973,1089,-225,0,0
89,6,-26,-3918,1159,-194,0,0
85,-33,-33,-3976,1193,-237,0,0
2,-12,-46,-4089,1183,-326,0,0
-71,51,-29,-4099,1096,-271,0,0
-337,48,32,-4094,1135,-277,0,0
-390,-5,39,-4015,1116,-401,0,0
9,-6,-36,-3851,1049,-343,0,0
316,16,-82,-3829,895,-269,0,0
386,30,-94,-3930,1002,-195,0,0
409,24,-113,-4149,1219,-313,0,0
332,60,-99,-4250,1075,-291,0,0
134,98,-96,-4089,978,-193,0,0
-62,93,-87,-3949,919,-172,0,0
-213,69,-91,-3896,972,-200,0,0
-316,-5,-77,-4163,1178,-553,0,0
-262,-8,-59,-4180,892,-564,0,0
-154,-1,-56,-4050,701,-394,0,0
-19,-19,-109,-4015,835,-371,0,0
120,-27,-173,-4025,923,-358,0,0
126,-15,-198,-4015,822,-304,0,0
53,20,-186,-3969,787,-163,0,0
-12,0,-125,-4089,749,-196,0,0
-129,-11,-60,-4133,742,-272,0,0
-198,-16,-47,-4125,792,-258,0,0
-124,-37,-60,-4135,845,-281,0,0
-40,-54,-46,-4156,689,-182,0,0
-52,-57,-80,-4169,678,-189,0,0
-103,-8,-108,-4131,791,-34,0,0
-180,-24,-118,-4148,781,5,0,0
-287,-57,-112,-4158,665,-86,0,0
-365,-89,-105,-4093,609,-20,0,0
-295,-183,-126,-4112,569,-115,0,0
-238,-225,-143,-4128,527,-123,0,0
-228,-209,-146,-4095,522,-21,0,0
-215,-171,-154,-4160,565,-17,0,0
-328,-98,-129,-4190,522,-31,0,0
-455,-3,-82,-4135,569,4,0,0
-516,34,-52,-4167,509,-98,0,0
-511,61,-58,-4221,290,-181,0,0
-424,64,-72,-4302,177,-177,0,0
-229,41,-82,-4312,326,-284,0,0
-92,35,-61,-4169,332,-247,0,0
-1,21,-52,-4083,284,-48,0,0
69,-37,-85,-4256,357,-16,0,0
110,-54,-91,-4294,272,3,0,0
63,-57,-64,-4251,218,26,0,0
65,-66,-69,-4219,262,-38,0,0
91,-47,-69,-4102,251,47,0,0
123,-68,-77,-4168,233,63,0,0
158,-70,-86,-4269,294,39,0,0
164,-42,-59,-4194,230,120,0,0
182,-40,-47,-4121,175,184,0,0
157,-38,-37,-4189,253,114,0,0
135,-11,-23,-4251,245,110,0,0
173,18,-29,-4203,214,144,0,0
156,51,-15,-4067,207,203,0,0
112,63,11,-4031,254,213,0,0
139,63,24,-4058,307,161,0,0
68,56,52,-4177,314,154,0,0
-44,70,87,-4242,243,131,0,0
-119,99,113,-4247,200,169,0,0
-175,96,156,-4247,326,24,0,0
-165,117,180,-4237,382,-95,0,0
-206,167,204,-4190,405,-153,0,0
-270,207,175,-4186,419,-192,0,0
-234,245,151,-4210,531,-200,0,0
-85,264,179,-4188,498,-231,0,0
68,275,194,-4128,375,-293,0,0
120,273,195,-4084,521,-361,0,0
110,262,205,-4071,513,-326,0,0
165,230,167,-4053,618,-387,0,0
294,202,118,-4034,700,-418,0,0
219,179,109,-4081,660,-356,0,0
56,170,118,-4081,668,-321,0,0
-70,154,139,-4058,782,-523,0,0
-150,152,154,-4124,688,-623,0,0
-94,113,131,-4073,658,-555,0,0
29,23,113,-4132,799,-627,0,0
117,-1,164,-4191,794,-664,0,0
96,27,185,-4128,692,-653,0,0
60,78,146,-4066,720,-677,0,0
63,131,100,-4018,738,-721,0,0
93,170,81,-3905,754,-667,0,0
136,138,94,-3915,816,-734,0,0
239,82,92,-3974,1010,-835,0,0
283,26,87,-3987,1095,-836,0,0
289,-17,106,-3954,1106,-825,0,0
326,-20,150,-3934,891,-757,0,0
268,-69,205,-3978,964,-763,0,0
294,-114,239,-3912,1036,-880,0,0
294,-95,223,-3805,1102,-1001,0,0
258,-49,215,-3764,1111,-852,0,0
352,-81,217,-3837,1185,-747,0,0
415,-175,203,-3946,1342,-695,0,0
248,-213,196,-4104,1263,-782,0,0
24,-101,114,-3960,1136,-878,0,0
-110,14,47,-3866,1164,-802,0,0
-129,10,28,-3785,1240,-876,0,0
58,-30,19,-3866,1241,-944,0,0
271,-33,-27,-3792,1299,-757,0,0
319,-88,-98,-3757,1286,-389,0,0
303,-147,-195,-3981,1351,-553,0,0
166,-83,-216,-4325,1276,-656,0,0
-97,-41,-103,-4279,1024,-686,0,0
-248,43,-8,-3812,919,-447,0,0
-207,8,6,-3763,957,-645,0,0
-165,7,6,-3859,974,-704,0,0
-204,1,-14,-4093,1048,-747,0,0
-199,-10,-10,-4124,982,-640,0,0
-91,-54,7,-3921,818,-403,0,0
-12,-87,43,-3850,1060,-453,0,0
133,-43,71,-4028,833,-650,0,0
115,45,31,-4142,916,-656,0,0
165,82,-13,-4099,972,-592,0,0
156,70,-33,-4018,912,-515,0,0
132,15,-43,-3946,905,-524,0,0
109,-50,-47,-3978,950,-566,0,0
121,-66,-41,-4071,837,-585,0,0
65,-48,-53,-4072,884,-592,0,0
44,-49,-78,-3994,993,-661,0,0
48,-23,-108,-4068,955,-716,0,0
88,35,-110,-4068,888,-545,0,0
21,21,-91,-3949,879,-562,0,0
-43,18,-92,-3854,909,-683,0,0
-94,48,-125,-3938,662,-837,0,0
-86,123,-144,-4242,790,-825,0,0
21,168,-78,-4065,776,-655,0,0
-17,123,-46,-3831,764,-711,0,0
-37,82,-44,-3911,907,-794,0,0
17,76,-46,-4059,857,-827,0,0
-87,137,-48,-4118,829,-953,0,0
-274,278,-23,-4114,828,-1046,0,0
-382,353,30,-3909,728,-678,0,0
-262,234,-5,-3878,815,-803,0,0
-53,188,-90,-3933,987,-1133,0,0
53,230,-52,-3904,859,-971,0,0
129,187,-28,-3969,793,-1014,0,0
136,172,-30,-3988,771,-1184,0,0
-69,200,-10,-3938,762,-1166,0,0
-254,203,7,-4005,731,-1154,0,0
-298,206,38,-3975,830,-1093,0,0
-169,136,30,-3802,661,-1090,0,0
-155,7,-20,-3864,739,-1330,0,0
-55,-9,-13,-3871,874,-1311,0,0
100,3,-22,-3862,771,-1075,0,0
114,-8,-51,-3967,772,-1181,0,0
26,34,-91,-4040,817,-1290,0,0
-123,133,-75,-3898,808,-1085,0,0
-31,110,-68,-3894,660,-1090,0,0
54,21,-64,-3899,792,-1202,0,0
122,-60,-22,-3909,753,-1202,0,0
181,-81,-13,-3945,741,-1247,0,0
252,-14,-13,-3925,751,-1191,0,0
114,50,-15,-3909,553,-1062,0,0
-85,45,-32,-3929,503,-1038,0,0
-72,11,-59,-3984,602,-1233,0,0
27,8,-63,-3988,677,-1350,0,0
86,1,-33,-3839,572,-1180,0,0
87,-69,-49,-3943,573,-1141,0,0
16,-86,-34,-4009,651,-1193,0,0
-52,-68,-11,-3861,597,-1175,0,0
-69,-74,-1,-3909,597,-1291,0,0
3,-31,10,-3935,607,-1300,0,0
17,-23,16,-3850,619,-1065,0,0
54,-195,28,-3928,567,-1118,0,0
176,-252,72,-4135,768,-1452,0,0
213,-56,114,-3969,567,-1269,0,0
50,35,68,-3896,565,-976,0,0
-29,-2,34,-3994,619,-1046,0,0
-86,2,38,-4000,653,-1046,0,0
-68,-6,42,-3979,748,-1079,0,0
62,-38,55,-3943,765,-1127,0,0
69,-35,63,-3911,598,-1064,0,0
-28,-15,44,-3932,645,-1121,0,0
-110,66,41,-4010,746,-1392,0,0
-254,184,79,-4051,732,-1082,0,0
-264,150,127,-3967,688,-1002,0,0
-298,97,64,-3790,869,-1005,0,0
-122,52,-30,-3859,753,-1098,0,0
-129,20,-23,-3921,774,-1044,0,0
-134,-29,-7,-3922,800,-1099,0,0
-31,-42,-38,-3933,816,-1243,0,0
-147,-3,-36,-4011,857,-1266,0,0
-401,70,17,-4074,849,-1192,0,0
-223,136,20,-3894,842,-1092,0,0
-82,175,-46,-3895,641,-1193,0,0
-362,175,-25,-3798,741,-1094,0,0
-308,108,-19,-3844,812,-1084,0,0
-120,29,-9,-3898,790,-1145,0,0
-83,-24,51,-3937,913,-1314,0,0
38,10,58,-3897,905,-1235,0,0
163,35,17,-3857,865,-1135,0,0
334,5,-25,-3883,895,-1215,0,0
472,-7,-30,-3954,832,-1352,0,0
553,31,-14,-3918,724,-1350,0,0
523,88,-27,-3873,653,-1314,0,0
355,117,-34,-3877,631,-1254,0,0
218,87,-27,-3895,704,-1349,0,0
136,62,-10,-3842,635,-1343,0,0
41,35,13,-3835,553,-1273,0,0
33,-9,20,-3902,813,-1394,0,0
121,-3,24,-3918,629,-1448,0,0
-29,24,3,-3867,561,-1318,0,0
-103,35,-14,-3757,679,-1283,0,0
-174,-36,-28,-3845,626,-1353,0,0
-394,-89,-33,-3912,719,-1400,0,0
-256,-76,-29,-3921,860,-1438,0,0
7,-37,-7,-3921,606,-1321,0,0
51,-54,6,-3909,670,-1248,0,0
86,-65,22,-3895,766,-1250,0,0
-19,-51,26,-3886,658,-1287,0,0
-167,-22,10,-3864,754,-1258,0,0
-51,-2,-58,-3855,713,-1366,0,0
55,27,-121,-3867,644,-1403,0,0
36,18,-108,-3897,676,-1296,0,0
62,14,-68,-3930,707,-1221,0,0
298,0,-52,-3947,618,-1284,0,0
425,24,-74,-3762,443,-1208,0,0
217,-30,-55,-3720,573,-1137,0,0
-45,-130,16,-4107,612,-1524,0,0
-137,-49,85,-4082,497,-1498,0,0
-29,-10,80,-3863,498,-1433,0,0
61,-8,37,-3815,558,-1392,0,0
67,4,27,-3902,589,-1237,0,0
101,-15,47,-3950,567,-1211,0,0
80,-29,75,-3892,550,-1182,0,0
55,-60,93,-3821,534,-1086,0,0
212,-182,89,-3877,598,-1322,0,0
264,-195,120,-4035,683,-1572,0,0
246,-90,139,-4025,546,-1364,0,0
185,-60,81,-3997,664,-1292,0,0
120,-13,66,-3921,631,-1188,0,0
-31,19,75,-3869,651,-1105,0,0
-68,-1,72,-3875,758,-1172,0,0
55,-36,61,-3945,733,-1274,0,0
176,-21,104,-4084,748,-1392,0,0
219,49,141,-4003,462,-1255,0,0
97,48,77,-3812,588,-1161,0,0
53,-4,39,-3779,658,-1149,0,0
-13,-24,-18,-3806,483,-1127,0,0
-187,-72,-72,-3804,631,-1039,0,0
-45,-170,-104,-3936,918,-987,0,0
905,-303,-152,-3987,195,-810,0,0
1151,-435,-264,-4377,365,-1263,0,0
247,-237,-138,-4371,856,-1797,0,0
-628,27,33,-3845,743,-1416,0,0
-535,106,-52,-3813,754,-1412,0,0
-143,149,-193,-3945,404,-1182,0,0
-272,60,-161,-3965,276,-919,0,0
-335,-55,-104,-4055,222,-956,0,0
-314,-125,-37,-4047,499,-1028,0,0
-172,-132,-72,-4048,632,-1236,0,0
-210,-78,-57,-3909,526,-987,0,0
-260,-86,-71,-3905,507,-880,0,0
-313,-109,-81,-4007,531,-1025,0,0
-351,-97,-71,-4005,508,-1006,0,0
-229,-138,-58,-3914,484,-877,0,0
67,-297,-61,-3946,286,-1035,0,0
50,-307,-104,-4176,190,-1209,0,0
-96,-148,-144,-4287,512,-988,0,0
-107,0,-119,-4289,389,-788,0,0
-374,57,16,-4123,323,-660,0,0
-308,74,24,-4059,466,-865,0,0
-232,58,-9,-4115,460,-992,0,0
-268,19,-9,-4024,497,-846,0,0
-21,-28,-49,-4069,233,-828,0,0
73,-10,-67,-4116,390,-893,0,0
144,35,-34,-4123,412,-873,0,0
140,23,15,-4006,233,-599,0,0
96,-45,30,-4109,482,-759,0,0
-13,-21,18,-4185,555,-921,0,0
-120,-4,24,-4064,529,-814,0,0
-85,-73,11,-4158,344,-1039,0,0
3,-45,-32,-4113,366,-961,0,0
126,-31,-45,-4069,275,-753,0,0
113,-63,-45,-4049,331,-802,0,0
69,-64,-36,-4036,395,-800,0,0
15,-77,-22,-4105,330,-804,0,0
32,-73,-23,-4090,434,-775,0,0
117,-79,-22,-4081,351,-743,0,0
87,-67,-16,-4129,331,-762,0,0
26,-31,16,-4139,381,-690,0,0
-51,-10,41,-4121,323,-782,0,0
-66,25,27,-4076,327,-836,0,0
10,23,10,-4096,273,-779,0,0
-19,21,16,-4123,313,-809,0,0
27,6,27,-4122,335,-833,0,0
193,-34,21,-4164,302,-787,0,0
325,-58,5,-4177,345,-742,0,0
325,-34,-15,-4128,378,-634,0,0
135,6,-25,-4089,373,-561,0,0
-107,36,-14,-4057,352,-658,0,0
-249,50,-11,-4112,263,-775,0,0
-231,45,-17,-4153,345,-791,0,0
-131,26,-23,-4154,351,-758,0,0
-79,-21,-58,-4129,324,-826,0,0
-12,-78,-61,-4110,316,-893,0,0
72,-61,-67,-4166,229,-903,0,0
34,5,-69,-4104,330,-726,0,0
-48,-3,-46,-4110,352,-759,0,0
-73,22,-29,-4086,234,-799,0,0
-102,35,-17,-4091,214,-776,0,0
-93,2,-13,-4140,250,-835,0,0
-52,-9,23,-4097,255,-830,0,0
69,-13,43,-4069,208,-803,0,0
90,0,46,-4117,297,-699,0,0
-22,-22,77,-4162,332,-746,0,0
-72,-31,90,-4120,286,-800,0,0
9,-56,85,-4158,281,-778,0,0
158,-62,64,-4188,247,-723,0,0
153,-56,58,-4149,402,-577,0,0
95,-85,58,-4137,456,-556,0,0
-52,-81,45,-4093,407,-620,0,0
-236,-62,26,-4103,334,-630,0,0
-487,-37,14,-4080,286,-565,0,0
-807,-16,18,-4030,554,-467,0,0
-427,-31,3,-4125,434,-799,0,0
-254,28,-46,-4183,216,-998,0,0
-333,89,-42,-4137,481,-781,0,0
-167,76,-58,-4166,388,-748,0,0
-128,99,-64,-4106,407,-694,0,0
-126,115,-43,-4078,384,-615,0,0
-230,123,-34,-4100,350,-617,0,0
-596,147,-2,-4136,422,-649,0,0
-1121,151,29,-4098,650,-538,0,0
-901,63,-5,-4088,428,-843,0,0
-642,52,-73,-4196,133,-1113,0,0
-502,157,-75,-4187,320,-930,0,0
-176,184,-46,-4125,541,-667,0,0
183,102,-60,-4111,438,-705,0,0
155,58,-52,-4049,493,-702,0,0
108,28,-51,-4106,550,-785,0,0
103,45,-70,-4106,411,-754,0,0
-15,53,-45,-4057,438,-606,0,0
-74,14,-6,-4116,407,-803,0,0
-106,27,15,-4096,457,-982,0,0
-55,48,28,-3994,407,-976,0,0
77,41,4,-4050,377,-854,0,0
141,14,14,-4115,406,-836,0,0
141,19,43,-4160,407,-850,0,0
116,26,54,-4089,457,-871,0,0
106,4,50,-4047,387,-858,0,0
118,-23,50,-4039,385,-844,0,0
145,-41,52,-4084,388,-852,0,0
181,-39,39,-4116,438,-848,0,0
173,-47,40,-4109,424,-751,0,0
138,-78,29,-4150,388,-728,0,0
82,-76,23,-4149,441,-714,0,0
43,-76,24,-4122,439,-805,0,0
19,-59,-2,-4081,371,-837,0,0
2,-40,-30,-4056,398,-771,0,0
7,-40,-43,-4051,368,-671,0,0
-13,-60,-24,-4083,381,-614,0,0
-14,-74,-6,-4219,388,-709,0,0
-97,-23,17,-4171,409,-762,0,0
-148,9,15,-4008,433,-687,0,0
-137,-6,-10,-4064,418,-748,0,0
-172,10,-18,-4088,420,-722,0,0
-206,15,-6,-4120,385,-702,0,0
-243,22,-3,-4140,422,-760,0,0
-276,30,8,-4091,452,-807,0,0
-253,29,13,-4068,409,-780,0,0
-189,11,5,-4125,454,-751,0,0
-139,-6,1,-4124,443,-776,0,0
-154,11,9,-4094,458,-731,0,0
-178,22,12,-4103,480,-791,0,0
-214,53,9,-4050,483,-760,0,0
-211,40,8,-4077,472,-759,0,0
-166,15,-7,-4135,460,-806,0,0
-111,1,-13,-4129,477,-778,0,0
-44,-10,-6,-4118,441,-775,0,0
-22,-9,-4,-4090,510,-760,0,0
-18,-10,5,-4073,466,-742,0,0
-31,-5,1,-4107,480,-745,0,0
-21,2,-14,-4114,507,-746,0,0
-29,11,-1,-4095,474,-703,0,0
-37,-4,8,-4115,487,-701,0,0
8,-31,10,-4140,478,-746,0,0
42,-34,11,-4094,502,-757,0,0
54,-26,14,-4085,463,-726,0,0
25,-29,8,-4103,463,-687,0,0
-5,-27,17,-4099,462,-724,0,0
26,-28,10,-4117,446,-770,0,0
60,-20,3,-4118,485,-2752,0,0
52,-20,9,-4114,495,-679,0,0
30,-23,9,-4108,515,-687,0,0
26,-40,8,-4108,461,-727,0,0
45,-49,0,-4106,450,-719,0,0
89,-62,13,-4099,459,-699,0,0
144,-79,32,-4137,452,-699,0,0
193,-91,35,-4157,497,-714,0,0
206,-79,23,-4112,509,-676,0,0
182,-52,17,-4082,513,-614,0,0
104,-34,23,-4092,480,-591,0,0
32,-27,17,-4107,440,-621,0,0
2,-10,15,-4090,447,-613,0,0
-64,2,28,-4115,447,-599,0,0
-96,1,27,-4119,491,-642,0,0
-78,-1,18,-4129,478,-694,0,0
-69,18,13,-4114,457,-705,0,0
-75,42,12,-4080,491,-629,0,0
-66,30,19,-4092,491,-641,0,0
-76,36,26,-4122,492,-713,0,0
-80,60,34,-4103,513,-730,0,0
-87,75,31,-4071,498,-748,0,0
-123,85,34,-4038,530,-742,0,0
-119,71,45,-4069,502,-744,0,0
-96,55,49,-4152,489,-797,0,0
-102,89,53,-4113,516,-866,0,0
-149,114,58,-3977,596,-730,0,0
-42,28,54,-4076,557,-842,0,0
99,15,32,-4150,509,-880,0,0
140,28,40,-4117,615,-786,0,0
188,14,44,-4056,561,-769,0,0
195,-3,39,-4023,602,-755,0,0
189,-23,40,-4081,576,-767,0,0
178,-33,37,-4081,576,-706,0,0
204,-71,42,-4122,560,-668,0,0
181,-87,39,-4168,535,-731,0,0
120,-65,24,-4087,619,-681,0,0
54,-60,15,-4093,595,-720,0,0
28,-46,-12,-4135,560,-733,0,0
-2,-38,-41,-4133,606,-630,0,0
-45,-63,-25,-3980,538,-603,0,0
-19,-89,-2,-4043,468,-692,0,0
0,-96,8,-4179,566,-750,0,0
3,-77,16,-4142,516,-817,0,0
-24,-33,4,-4030,511,-808,0,0
7,-27,-16,-4062,561,-785,0,0
112,1,-40,-4138,483,-712,0,0
125,6,-36,-4150,568,-621,0,0
168,-5,-29,-4168,530,-717,0,0
207,24,-51,-4089,525,-628,0,0
188,17,-44,-4042,534,-547,0,0
45,-4,-13,-4115,497,-618,0,0
3,1,-27,-4136,543,-664,0,0
69,29,-45,-4124,489,-618,0,0
62,79,-52,-4114,555,-678,0,0
43,130,-74,-4097,544,-739,0,0
-156,116,-70,-4055,468,-821,0,0
-278,65,-76,-4032,393,-1127,0,0
-86,130,-128,-4109,346,-1042,0,0
142,226,-142,-4081,371,-588,0,0
4,184,-79,-4003,464,-360,0,0
-418,-9,11,-3975,423,-719,0,0
-536,-82,50,-4036,341,-1138,0,0
-298,3,-13,-4178,389,-1196,0,0
-132,103,-24,-4105,393,-778,0,0
-155,92,18,-4019,406,-621,0,0
-160,58,48,-4087,421,-808,0,0
-107,48,64,-4112,409,-845,0,0
-161,-25,69,-4065,421,-950,0,0
-273,-42,72,-4162,339,-1202,0,0
-275,17,72,-4064,494,-1077,0,0
-12,-41,47,-4153,414,-1131,0,0
255,-28,-3,-4070,460,-915,0,0
297,-55,13,-3972,482,-585,0,0
188,-158,52,-4055,474,-419,0,0
-34,-301,94,-4136,560,-631,0,0
-250,-368,109,-4197,678,-1114,0,0
-57,-314,34,-4131,591,-1148,0,0
305,-301,-50,-4048,377,-876,0,0
615,-323,-104,-4177,404,-740,0,0
717,-296,-87,-4214,536,-523,0,0
637,-233,-3,-4088,413,-254,0,0
636,-218,53,-4022,376,-137,0,0
637,-182,42,-4131,477,-211,0,0
415,-123,35,-4133,690,-45,0,0
-23,-148,29,-4205,754,44,0,0
-569,-162,51,-4084,614,-143,0,0
-782,-105,103,-4053,333,-448,0,0
-665,16,114,-4165,377,-620,0,0
-466,128,109,-4236,488,-722,0,0
-355,232,99,-4113,541,-529,0,0
-313,236,100,-4052,548,-212,0,0
-417,124,80,-4166,681,-329,0,0
-499,59,27,-4264,671,-710,0,0
-367,115,-38,-4149,444,-494,0,0
-253,78,-51,-4033,484,-400,0,0
-66,-7,-22,-4112,533,-548,0,0
104,-44,-5,-4247,642,-652,0,0
238,-17,-20,-4221,602,-649,0,0
268,36,-46,-4089,584,-467,0,0
304,48,-84,-4050,638,-340,0,0
213,47,-79,-4011,681,-180,0,0
85,-22,-23,-4096,682,-351,0,0
26,-60,-5,-4188,484,-667,0,0
-112,-37,18,-4201,499,-751,0,0
-59,-32,7,-4107,493,-710,0,0
82,-50,-18,-4087,471,-580,0,0
111,-64,-8,-4123,595,-590,0,0
219,-33,9,-4105,562,-615,0,0
408,1,-5,-4111,524,-508,0,0
398,1,17,-4028,514,-283,0,0
216,-62,74,-4017,573,-242,0,0
126,-156,98,-4153,563,-505,0,0
153,-165,82,-4242,489,-650,0,0
242,-95,43,-4230,469,-487,0,0
318,-51,14,-4170,474,-206,0,0
300,-58,11,-4162,515,-5,0,0
126,-84,28,-4203,479,-101,0,0
-207,-39,33,-4176,570,-273,0,0
-345,33,28,-4101,642,-237,0,0
-236,60,15,-4079,441,-171,0,0
-306,53,22,-4137,433,-245,0,0
-382,62,50,-4161,548,-324,0,0
-372,84,63,-4109,576,-433,0,0
-395,98,71,-4080,614,-447,0,0
-326,68,43,-4157,659,-469,0,0
-208,61,-6,-4240,686,-620,0,0
-226,128,-42,-4124,627,-582,0,0
-265,144,-37,-4072,546,-426,0,0
-236,99,-32,-4080,554,-343,0,0
-175,19,-7,-4183,594,-487,0,0
-64,-18,7,-4179,632,-410,0,0
-83,-69,49,-4088,635,-300,0,0
-197,-107,111,-3985,635,-519,0,0
-193,-93,132,-3982,651,-617,0,0
-94,-29,117,-4081,614,-604,0,0
-40,89,105,-4060,704,-412,0,0
-71,138,143,-4050,765,-369,0,0
-178,119,165,-4066,783,-236,0,0
-183,-91,145,-4183,880,-529,0,0
7,-213,82,-4391,594,-947,0,0
233,-109,28,-4136,666,-588,0,0
363,-81,40,-3951,795,-194,0,0
342,-129,39,-4023,810,-273,0,0
185,-94,14,-3992,861,-357,0,0
38,-40,-6,-4025,871,-241,0,0
-12,-11,-13,-4180,757,-252,0,0
-152,54,-15,-4182,805,-348,0,0
-218,77,-35,-4165,906,-445,0,0
6,66,-99,-4087,758,-399,0,0
196,1,-142,-4103,702,-233,0,0
277,-80,-120,-4120,693,-155,0,0
227,-103,-60,-4229,717,-186,0,0
-48,-58,-12,-4170,826,-259,0,0
-314,4,23,-3948,881,-304,0,0
-292,34,-6,-3944,660,-240,0,0
-327,28,-47,-4103,676,-141,0,0
-359,7,-40,-4249,757,-267,0,0
-356,36,-34,-4221,732,-359,0,0
-321,74,-55,-4114,750,-404,0,0
-205,124,-98,-4135,771,-426,0,0
-149,198,-108,-3965,712,-154,0,0
-287,191,-60,-3947,603,25,0,0
-493,127,-12,-4045,601,-182,0,0
-559,108,24,-4148,620,-455,0,0
-746,139,80,-4158,704,-555,0,0
-805,145,89,-4217,736,-531,0,0
-470,101,-14,-4209,662,-569,0,0
-133,70,-106,-4167,602,-406,0,0
28,9,-131,-4105,602,-299,0,0
156,-30,-143,-4146,489,-335,0,0
113,-31,-186,-4209,511,-309,0,0
-18,-43,-210,-4141,603,-344,0,0
-134,-41,-144,-4142,592,-393,0,0
-223,-35,-57,-4155,594,-430,0,0
-85,-34,-34,-4005,672,-361,0,0
45,-44,-8,-4023,704,-341,0,0
18,-55,10,-4064,732,-415,0,0
-26,-57,34,-4033,709,-508,0,0
-1,-46,66,-4016,606,-580,0,0
71,-30,80,-4113,597,-586,0,0
157,-48,40,-4219,463,-496,0,0
202,-102,-30,-4336,563,-504,0,0
337,-134,-37,-4212,657,-500,0,0
448,-151,25,-3986,651,-345,0,0
493,-169,79,-3995,720,-307,0,0
506,-178,104,-4070,674,-400,0,0
519,-149,210,-4157,696,-385,0,0
521,-37,299,-4139,525,-207,0,0
325,5,244,-4202,773,-185,0,0
141,13,127,-3997,934,-236,0,0
44,-30,38,-3914,827,-169,0,0
153,-110,-43,-4086,541,-187,0,0
346,-127,-75,-4328,409,-166,0,0
397,-115,-42,-4397,530,-126,0,0
366,-100,-9,-4171,513,29,0,0
368,-109,-77,-4079,611,181,0,0
274,-159,-123,-4080,651,307,0,0
-27,-217,-70,-4120,597,362,0,0
-473,-227,12,-4176,490,178,0,0
-553,-169,50,-4270,396,3,0,0
-364,-90,10,-4274,616,-228,0,0
-231,1,4,-4097,641,-135,0,0
-166,63,-29,-4075,561,-16,0,0
-241,125,-61,-4051,612,81,0,0
-452,157,-24,-4050,698,40,0,0
-549,177,32,-4072,656,-171,0,0
-564,215,74,-4126,699,-319,0,0
-496,246,78,-4310,822,-427,0,0
-623,277,48,-4338,964,-373,0,0
-697,245,53,-4031,917,-213,0,0
-325,144,6,-3880,657,-184,0,0
-83,58,25,-3942,605,-149,0,0
-78,10,70,-4153,750,-244,0,0
-6,14,49,-4224,953,-347,0,0
328,-3,-99,-4145,956,-711,0,0
587,86,-171,-3916,582,-410,0,0
374,106,-74,-4097,404,-103,0,0
156,60,16,-4163,530,7,0,0
51,-24,77,-4169,526,-24,0,0
-116,-65,122,-4338,694,-431,0,0
-282,7,110,-4226,809,-472,0,0
-406,15,73,-4095,694,-478,0,0
-249,19,5,-3983,697,-359,0,0
127,-18,-5,-4032,662,-177,0,0
294,-83,8,-4149,499,-137,0,0
214,-137,33,-4122,565,-25,0,0
173,-189,40,-4128,721,-118,0,0
172,-156,17,-4236,843,-251,0,0
109,-41,9,-4290,889,-321,0,0
26,119,-11,-4341,783,-421,0,0
118,286,-39,-4135,486,-196,0,0
-110,330,-19,-3835,530,249,0,0
-373,132,22,-3741,600,203,0,0
-524,-69,62,-3972,664,-173,0,0
-412,-148,83,-4396,770,-536,0,0
-6,-117,47,-4324,838,-607,0,0
296,-60,5,-4127,735,-371,0,0
353,-15,-45,-4049,700,-118,0,0
100,15,-29,-4082,683,-37,0,0
-220,20,-2,-4102,675,-153,0,0
-264,32,-11,-4181,732,-320,0,0
-170,59,-25,-4114,690,-370,0,0
-101,76,-14,-4046,702,-278,0,0
-18,52,-8,-4125,729,-282,0,0
20,37,-3,-4129,711,-258,0,0
-43,28,16,-4141,724,-231,0,0
-84,24,21,-4078,740,-242,0,0
-106,6,24,-4071,712,-233,0,0
-211,-41,28,-4151,712,-274,0,0
-277,-72,13,-4207,758,-467,0,0
-42,-4,-65,-4089,830,-551,0,0
199,87,-72,-3885,622,-169,0,0
93,51,8,-3981,573,-100,0,0
-6,19,85,-4176,784,-240,0,0
-124,34,163,-4316,815,-310,0,0
-298,52,181,-4185,788,-372,0,0
-187,56,91,-3978,746,-350,0,0
-44,21,23,-4013,755,-397,0,0
109,2,-1,-4150,782,-408,0,0
221,2,-7,-4161,747,-335,0,0
233,3,-11,-4112,770,-337,0,0
152,12,-19,-4043,797,-359,0,0
140,4,-30,-4082,768,-397,0,0
253,-12,-55,-4182,770,-373,0,0
339,-17,-56,-4179,731,-248,0,0
186,-6,-32,-4195,645,-81,0,0
-246,-1,-41,-4186,808,-84,0,0
-422,-47,-103,-3879,907,-179,0,0
-163,-120,-134,-3938,631,-342,0,0
11,-105,-84,-4216,509,-502,0,0
23,-24,7,-4176,680,-467,0,0
97,-3,43,-4136,758,-332,0,0
134,-25,32,-4155,758,-374,0,0
108,15,14,-4127,744,-430,0,0
47,81,18,-4031,656,-292,0,0
4,71,36,-4038,584,-158,0,0
41,9,40,-4115,574,-146,0,0
26,-26,45,-4151,574,-108,0,0
-104,-51,44,-4163,649,-207,0,0
-190,-20,33,-4129,685,-366,0,0
-203,58,37,-4055,653,-289,0,0
-234,94,44,-4101,710,-249,0,0
-231,101,19,-4153,759,-303,0,0
-280,90,-21,-4198,806,-335,0,0
-257,69,-44,-4221,789,-552,0,0
-74,133,-70,-4074,738,-430,0,0
-75,148,-53,-3964,662,-125,0,0
-250,66,-31,-4058,616,-257,0,0
-322,24,-7,-4132,694,-500,0,0
-228,20,32,-4148,750,-537,0,0
-104,14,34,-4126,816,-537,0,0
13,15,12,-4050,771,-484,0,0
90,13,-13,-4056,758,-391,0,0
146,-8,-11,-4131,744,-373,0,0
248,-16,2,-4228,872,-426,0,0
445,16,-2,-4149,741,-441,0,0
196,14,27,-3956,624,-238,0,0
-84,-67,32,-3997,742,-290,0,0
-137,-110,22,-4112,717,-480,0,0
-110,-95,22,-4155,715,-519,0,0
70,-90,2,-4132,731,-560,0,0
274,-63,-21,-4089,698,-434,0,0
335,-43,-14,-4122,725,-267,0,0
312,-42,3,-4095,708,-222,0,0
254,-52,4,-4127,686,-254,0,0
96,-53,11,-4123,687,-301,0,0
-9,-41,18,-4140,719,-399,0,0
28,-29,-1,-4117,681,-381,0,0
79,-39,-20,-4182,638,-332,0,0
83,-48,-47,-4167,671,-357,0,0
105,-43,-59,-4050,624,-364,0,0
125,-16,-44,-4063,614,-308,0,0
76,18,-8,-4143,630,-294,0,0
-36,50,17,-4140,659,-311,0,0
-115,61,24,-4123,645,-346,0,0
-120,43,11,-4099,610,-336,0,0
-61,1,-8,-4103,588,-312,0,0
0,-23,-12,-4152,598,-310,0,0
-56,-7,13,-4119,628,-338,0,0
-119,6,26,-4059,661,-400,0,0
-86,4,19,-4089,624,-382,0,0
-34,6,18,-4148,585,-363,0,0
-42,22,18,-4153,639,-319,0,0
-83,28,16,-4103,659,-333,0,0
-109,39,15,-4094,670,-431,0,0
-141,69,18,-4125,722,-469,0,0
-135,85,19,-4109,682,-401,0,0
-83,56,4,-4103,663,-366,0,0
-9,-4,7,-4083,660,-385,0,0
81,-12,-21,-4172,737,-464,0,0
121,37,-27,-4129,751,-430,0,0
21,71,16,-4082,648,-328,0,0
-107,54,38,-4112,671,-350,0,0
-94,15,21,-4116,710,-441,0,0
-25,-14,16,-4095,670,-458,0,0
12,-31,15,-4097,698,-432,0,0
-4,-32,23,-4110,710,-404,0,0
-44,-29,28,-4084,708,-353,0,0
-44,-61,24,-4124,698,-383,0,0
36,-90,4,-4113,721,-443,0,0
119,-96,4,-4062,714,-366,0,0
143,-99,5,-4140,666,-325,0,0
83,-65,-1,-4187,684,-350,0,0
-34,-15,12,-4122,714,-349,0,0
-66,11,14,-4076,674,-394,0,0
2,18,-10,-4078,641,-385,0,0
45,14,-11,-4089,661,-329,0,0
36,10,10,-4122,666,-306,0,0
50,-7,1,-4146,704,-260,0,0
28,-19,15,-4147,674,-300,0,0
-36,9,33,-4092,693,-349,0,0
-51,45,37,-4045,661,-299,0,0
-127,74,41,-4065,637,-249,0,0
-214,77,33,-4114,706,-348,0,0
-234,105,33,-4072,674,-396,0,0
-271,114,48,-4075,696,-349,0,0
-127,76,5,-4238,817,-420,0,0
-124,63,-45,-4175,884,-516,0,0
-140,68,-36,-4004,738,-492,0,0
-25,61,-25,-4058,663,-456,0,0
0,53,-3,-4104,749,-469,0,0
-57,55,20,-4080,760,-474,0,0
-100,40,22,-4053,742,-475,0,0
-60,7,18,-4087,757,-583,0,0
53,-2,19,-4089,735,-592,0,0
165,-3,24,-4071,725,-477,0,0
182,-10,19,-4094,752,-451,0,0
146,-3,20,-4051,744,-439,0,0
66,5,39,-4057,712,-459,0,0
25,7,44,-4113,756,-538,0,0
25,18,27,-4105,790,-591,0,0
66,18,19,-4041,749,-571,0,0
129,5,13,-4057,702,-499,0,0
125,-32,22,-4076,764,-477,0,0
135,-61,23,-4082,802,-559,0,0
198,-53,18,-4060,784,-538,0,0
204,-34,19,-4065,722,-421,0,0
161,-40,16,-4092,716,-336,0,0
72,-59,26,-4124,701,-375,0,0
4,-63,36,-4094,689,-444,0,0
37,-59,29,-4087,706,-424,0,0
26,-58,28,-4074,653,-378,0,0
13,-48,25,-4143,690,-396,0,0
30,-10,24,-4158,735,-299,0,0
-5,3,38,-4102,711,-228,0,0
-250,28,61,-4160,782,-252,0,0
-670,43,178,-4198,869,-271,0,0
-448,-44,148,-4035,842,-382,0,0
-148,-100,15,-3988,867,-449,0,0
-174,-60,-25,-4088,662,-418,0,0
-389,-6,-52,-4027,765,-447,0,0
-434,25,-96,-4005,862,-608,0,0
-296,75,-116,-4016,872,-588,0,0
-124,81,-106,-4089,877,-544,0,0
67,58,-69,-4096,885,-363,0,0
117,-46,-38,-4104,896,-207,0,0
143,-203,-64,-4103,904,-285,0,0
219,-301,-90,-4022,890,-267,0,0
70,-356,-44,-3980,840,-339,0,0
185,-332,14,-4012,700,-398,0,0
477,-238,32,-4114,777,-317,0,0
558,-120,69,-4151,778,-194,0,0
369,4,115,-4175,763,-97,0,0
169,77,86,-4154,814,-223,0,0
149,128,11,-4103,785,-226,0,0
139,130,-2,-4065,729,-65,0,0
111,65,-18,-4182,797,-131,0,0
147,27,-42,-4142,786,-253,0,0
162,63,-9,-4036,623,-246,0,0
71,122,37,-4069,626,-178,0,0
-76,166,59,-4082,694,-174,0,0
-260,192,60,-4090,668,-171,0,0
-379,166,24,-4131,706,-279,0,0
-365,144,-10,-4143,748,-487,0,0
-261,158,-20,-4140,763,-444,0,0
-197,138,-43,-4149,743,-359,0,0
-187,104,-85,-4111,748,-389,0,0
-206,82,-93,-4096,722,-412,0,0
-220,57,-87,-4068,728,-449,0,0
-229,29,-77,-4054,768,-440,0,0
-219,-20,-69,-4087,802,-494,0,0
-108,-45,-72,-4066,788,-544,0,0
-35,-40,-40,-4047,752,-493,0,0
-27,-46,-13,-4062,819,-526,0,0
86,-38,-1,-4092,829,-561,0,0
193,-13,-14,-4121,756,-518,0,0
280,18,-36,-4114,707,-437,0,0
223,59,-2,-4044,619,-339,0,0
36,72,46,-3975,628,-349,0,0
-91,86,89,-4047,744,-420,0,0
-213,81,132,-4194,806,-441,0,0
-259,17,106,-4099,845,-653,0,0
-11,-1,48,-4029,847,-727,0,0
251,15,55,-4029,726,-507,0,0
282,12,80,-4076,695,-390,0,0
144,30,101,-4106,779,-430,0,0
2,73,102,-4088,744,-480,0,0
-123,96,77,-4029,724,-488,0,0
-143,81,34,-4062,776,-538,0,0
-85,57,13,-4108,776,-528,0,0
-68,24,9,-4136,765,-476,0,0
-64,-20,-2,-4096,828,-501,0,0
-20,-58,-16,-4077,855,-484,0,0
2,-89,-29,-4097,842,-553,0,0
35,-83,-38,-4051,762,-559,0,0
69,-68,-38,-4047,760,-485,0,0
74,-58,-23,-4061,782,-466,0,0
4,-31,-10,-4037,792,-435,0,0
-69,-18,2,-4062,846,-447,0,0
-56,-15,-2,-4050,812,-469,0,0
-55,-16,8,-4071,795,-481,0,0
-60,-10,21,-4071,812,-508,0,0
-72,5,44,-4041,836,-521,0,0
-109,16,68,-4024,850,-533,0,0
-112,6,63,-4027,870,-565,0,0
-51,-26,39,-4086,891,-596,0,0
73,-43,19,-4082,896,-596,0,0
152,-49,24,-4001,839,-467,0,0
185,-88,20,-4046,855,-422,0,0
220,-117,8,-4098,780,-410,0,0
160,-110,13,-4144,765,-380,0,0
58,-83,13,-4079,813,-396,0,0
43,-66,-8,-4052,813,-346,0,0
68,-69,-27,-4153,784,-279,0,0
3,-64,-29,-4144,740,-307,0,0
-126,-36,-15,-4042,785,-290,0,0
-145,-23,-10,-4072,789,-261,0,0
-120,-21,-26,-4120,762,-293,0,0
-156,-10,-42,-4090,799,-315,0,0
-183,8,-45,-4068,768,-331,0,0
-195,20,-42,-4074,794,-337,0,0
-212,16,-26,-4101,824,-395,0,0
-180,25,-22,-4117,828,-438,0,0
-126,36,-31,-4113,811,-399,0,0
-105,35,-52,-4069,794,-419,0,0
-64,40,-69,-4110,805,-411,0,0
-11,51,-55,-4108,742,-375,0,0
-13,61,-42,-4071,745,-343,0,0
-11,69,-41,-4118,793,-363,0,0
-18,97,-41,-4099,775,-283,0,0
-97,90,-30,-4083,751,-234,0,0
-161,53,-26,-4100,731,-316,0,0
-157,28,-11,-4123,740,-385,0,0
-113,21,-7,-4117,724,-418,0,0
-100,26,-14,-4078,750,-409,0,0
-101,26,-11,-4059,743,-405,0,0
-99,20,-16,-4110,734,-419,0,0
-75,6,-28,-4146,747,-460,0,0
0,-9,-37,-4080,694,-485,0,0
64,-18,-35,-4046,703,-432,0,0
82,-30,-21,-4126,720,-415,0,0
81,-24,-10,-4108,685,-442,0,0
47,-16,-4,-4004,675,-468,0,0
38,-12,4,-4086,669,-521,0,0
57,9,13,-4146,683,-551,0,0
68,31,33,-4105,667,-485,0,0
103,19,34,-4113,675,-482,0,0
181,9,20,-4109,690,-489,0,0
241,6,20,-4109,683,-376,0,0
178,-1,38,-4084,651,-295,0,0
73,-10,50,-4104,657,-364,0,0
20,-3,45,-4144,665,-426,0,0
7,5,29,-4126,697,-444,0,0
13,18,17,-4103,690,-407,0,0
-17,16,16,-4106,671,-361,0,0
-60,3,12,-4107,703,-436,0,0
-60,8,13,-4090,701,-480,0,0
-68,27,16,-4123,728,-449,0,0
-91,34,17,-4093,732,-432,0,0
-119,25,15,-4090,734,-435,0,0
-120,9,10,-4114,743,-476,0,0
-96,0,3,-4108,751,-521,0,0
-83,0,1,-4072,749,-512,0,0
-63,-2,-1,-4094,732,-484,0,0
-50,-10,-2,-4120,745,-459,0,0
-27,-23,-2,-4095,735,-474,0,0
-6,-19,-6,-4096,745,-487,0,0
16,-7,-5,-4050,745,-468,0,0
9,-1,-5,-4095,726,-444,0,0
-18,12,0,-4153,741,-437,0,0
-47,27,1,-4092,700,-460,0,0
-54,26,-6,-4056,734,-474,0,0
-21,10,-7,-4110,743,-488,0,0
19,-1,1,-4113,724,-484,0,0
39,-9,9,-4111,699,-444,0,0
37,-22,6,-4084,700,-453,0,0
12,-26,8,-4079,739,-417,0,0
-21,-55,12,-4101,750,-525,0,0
59,-62,-11,-4070,701,-612,0,0
145,-27,-10,-4072,655,-512,0,0
94,3,17,-4035,668,-391,0,0
-36,11,34,-4089,757,-456,0,0
-77,19,44,-4078,776,-522,0,0
-51,17,61,-4059,759,-533,0,0
-7,-7,58,-4080,766,-537,0,0
93,-42,33,-4136,798,-493,0,0
183,-66,28,-4126,729,-445,0,0
136,-66,49,-4069,748,-436,0,0
108,-67,48,-4078,752,-417,0,0
131,-90,22,-4141,768,-437,0,0
178,-98,1,-4133,739,-434,0,0
212,-90,-9,-4106,688,-329,0,0
195,-87,-14,-4113,702,-285,0,0
132,-73,-7,-4111,717,-282,0,0
51,-51,1,-4128,701,-293,0,0
-4,-28,-2,-4120,726,-333,0,0
-36,-3,-5,-4095,723,-320,0,0
-46,3,-12,-4118,729,-318,0,0
-44,3,-21,-4162,703,-315,0,0
-88,9,-13,-4091,683,-298,0,0
-136,8,5,-4065,699,-338,0,0
-158,9,11,-4106,770,-444,0,0
-148,28,13,-4121,799,-474,0,0
-109,37,11,-4079,725,-406,0,0
-70,19,4,-4090,731,-367,0,0
-62,-3,12,-4122,761,-405,0,0
-48,-17,15,-4105,770,-444,0,0
-14,-21,17,-4073,725,-432,0,0
7,-21,13,-4071,765,-448,0,0
18,-6,14,-4075,759,-420,0,0
1,7,19,-4075,727,-356,0,0
-30,-2,20,-4104,743,-373,0,0
-15,-4,17,-4101,732,-418,0,0
8,23,21,-4076,710,-360,0,0
-9,43,30,-4132,742,-335,0,0
-43,63,36,-4141,780,-426,0,0
-21,84,18,-4115,785,-454,0,0
8,83,-16,-4102,858,-478,0,0
-39,68,7,-4052,770,-438,0,0
-1,17,6,-4062,703,-397,0,0
101,-50,2,-4130,757,-439,0,0
147,-74,18,-4118,790,-491,0,0
131,-43,19,-4049,797,-446,0,0
101,-8,9,-4069,808,-405,0,0
16,20,21,-4092,757,-421,0,0
-48,28,26,-4059,762,-439,0,0
-12,-1,16,-4098,782,-515,0,0
92,-28,6,-4121,785,-544,0,0
176,-37,9,-4079,752,-441,0,0
202,-61,4,-4067,725,-369,0,0
213,-102,-11,-4095,731,-374,0,0
219,-131,-9,-4123,728,-367,0,0
213,-130,-14,-4143,723,-360,0,0
154,-95,-13,-4122,737,-345,0,0
85,-53,-7,-4073,733,-291,0,0
30,-33,-2,-4113,695,-306,0,0
-34,-6,-4,-4147,689,-386,0,0
-54,24,-5,-4124,710,-367,0,0
-15,32,-5,-4113,688,-319,0,0
-44,39,-4,-4131,725,-334,0,0
-115,59,11,-4091,745,-394,0,0
-131,74,19,-4053,667,-380,0,0
-134,69,28,-4076,674,-385,0,0
-141,64,46,-4100,719,-410,0,0
-137,56,47,-4120,770,-469,0,0
-113,51,30,-4084,751,-459,0,0
-85,26,15,-4080,723,-389,0,0
-68,-20,5,-4143,754,-430,0,0
-57,-38,2,-4121,781,-490,0,0
-47,-35,2,-4042,780,-504,0,0
-11,-17,-5,-4028,775,-498,0,0
8,2,2,-4076,765,-403,0,0
-20,8,13,-4123,785,-411,0,0
-40,18,17,-4091,792,-429,0,0
-59,19,16,-4053,798,-432,0,0
-61,-4,15,-4076,811,-478,0,0
-3,-23,11,-4089,784,-529,0,0
68,-19,15,-4088,785,-473,0,0
103,-30,15,-4083,798,-402,0,0
91,-17,13,-4093,783,-386,0,0
17,9,15,-4115,784,-374,0,0
-63,31,37,-4104,747,-359,0,0
-90,32,45,-4059,721,-333,0,0
-74,10,22,-4107,810,-405,0,0
-37,8,6,-4109,830,-457,0,0
-21,20,6,-4072,786,-449,0,0
4,18,2,-4068,762,-403,0,0
8,2,3,-4106,788,-393,0,0
-8,-9,8,-4092,775,-423,0,0
1,-17,-4,-4084,785,-411,0,0
16,-26,-8,-4121,801,-409,0,0
-47,-12,9,-4091,802,-399,0,0
-83,-6,11,-4069,835,-447,0,0
-21,-7,-5,-4108,811,-496,0,0
79,-7,-5,-4077,775,-458,0,0
122,-11,1,-4028,782,-369,0,0
96,-26,11,-4073,764,-346,0,0
50,-29,12,-4143,765,-403,0,0
13,-4,8,-4110,788,-430,0,0
-32,25,16,-4040,801,-446,0,0
-48,35,25,-4044,777,-459,0,0
-15,23,30,-4110,814,-485,0,0
50,11,29,-4134,810,-495,0,0
97,5,15,-4074,778,-445,0,0
116,-6,-2,-4057,776,-413,0,0
74,-8,8,-4082,783,-413,0,0
12,-1,22,-4101,765,-447,0,0
-3,10,11,-4116,786,-511,0,0
13,33,-14,-4092,808,-522,0,0
21,64,-31,-4076,821,-524,0,0
19,84,-45,-4080,786,-476,0,0
-2,84,-45,-4065,731,-448,0,0
-22,67,-43,-4070,705,-463,0,0
-59,35,-37,-4105,775,-536,0,0
-61,35,-31,-4072,799,-559,0,0
-64,36,-22,-4044,797,-541,0,0
-60,23,-17,-4045,792,-574,0,0
2,9,-30,-4062,745,-588,0,0
27,18,-18,-4087,759,-556,0,0
-28,31,16,-4052,719,-515,0,0
-55,23,21,-4053,776,-533,0,0
-35,11,19,-4086,747,-563,0,0
-8,4,19,-4103,723,-578,0,0
31,-5,14,-4071,707,-539,0,0
39,-16,19,-4126,758,-536,0,0
47,-20,6,-4125,767,-544,0,0
51,-14,-1,-4023,685,-481,0,0
2,-12,6,-4058,681,-448,0,0
-63,-8,17,-4103,707,-474,0,0
-119,-3,29,-4099,730,-518,0,0
-113,-2,32,-4073,738,-549,0,0
-84,-5,29,-4084,728,-554,0,0
-51,-7,14,-4095,753,-544,0,0
-25,-4,12,-4084,758,-510,0,0
-36,-3,22,-4107,747,-483,0,0
-55,-7,13,-4073,777,-495,0,0
-70,-7,3,-4077,808,-507,0,0
-40,11,-17,-4052,785,-492,0,0
-60,-11,-33,-4090,797,-550,0,0
-101,-18,-14,-4104,812,-616,0,0
-62,0,3,-4081,770,-617,0,0
-5,9,11,-4052,764,-568,0,0
25,7,17,-4045,797,-532,0,0
34,10,19,-4098,791,-538,0,0
25,16,18,-4081,767,-525,0,0
15,18,12,-4081,771,-556,0,0
36,28,4,-4054,777,-554,0,0
31,40,16,-4054,746,-527,0,0
30,55,17,-4071,774,-524,0,0
51,44,6,-4100,784,-523,0,0
-5,16,18,-4095,773,-545,0,0
-42,6,28,-4036,751,-575,0,0
-32,-1,36,-4044,755,-593,0,0
3,1,39,-4094,785,-600,0,0
37,6,26,-4083,758,-573,0,0
40,1,4,-4093,746,-493,0,0
16,-19,-8,-4112,770,-492,0,0
-18,-15,-10,-4089,771,-561,0,0
-49,9,-3,-4038,777,-544,0,0
-71,17,3,-4046,772,-540,0,0
-86,24,3,-4077,783,-546,0,0
-114,26,9,-4055,778,-541,0,0
-133,27,14,-4063,794,-565,0,0
-154,32,14,-4060,815,-564,0,0
-200,23,24,-4026,840,-599,0,0
-176,11,22,-4032,888,-647,0,0
-93,12,23,-4038,854,-630,0,0
-53,16,27,-4062,846,-567,0,0
-67,7,23,-4058,833,-567,0,0
-88,-4,15,-4045,850,-588,0,0
-47,-17,3,-4050,876,-633,0,0
28,-11,-2,-4059,838,-632,0,0
21,13,8,-4050,865,-535,0,0
-3,14,10,-4058,828,-497,0,0
-40,-3,0,-4074,845,-553,0,0
-49,-7,1,-4071,835,-567,0,0
-30,-22,1,-4061,852,-562,0,0
23,-39,-6,-4065,825,-564,0,0
16,-40,-3,-4053,805,-506,0,0
-26,-43,1,-4077,834,-487,0,0
-26,-47,-5,-4072,827,-504,0,0
-10,-41,-9,-4033,814,-500,0,0
-28,-21,4,-4043,795,-442,0,0
-104,-5,19,-4069,830,-430,0,0
-139,3,21,-4065,843,-459,0,0
-143,5,30,-4080,821,-483,0,0
-124,-2,24,-4083,874,-525,0,0
-48,1,9,-4060,864,-528,0,0
-32,18,11,-4048,830,-448,0,0
-88,22,12,-4099,870,-456,0,0
-129,19,3,-4102,886,-506,0,0
-142,6,-26,-4100,940,-516,0,0
-50,-29,-85,-4103,954,-651,0,0
76,-48,-145,-4066,898,-691,0,0
209,-31,-152,-4008,774,-512,0,0
243,-17,-118,-4068,687,-343,0,0
139,15,-66,-4098,682,-339,0,0
-23,40,-11,-4001,695,-304,0,0
-110,29,34,-4020,733,-399,0,0
-150,34,48,-4197,807,-504,0,0
-157,50,12,-4179,864,-567,0,0
-121,66,-8,-4035,781,-537,0,0
-117,57,-21,-3999,679,-518,0,0
-117,32,-16,-3985,696,-525,0,0
-124,4,28,-4094,732,-564,0,0
-140,-8,56,-4176,866,-656,0,0
-35,3,39,-4140,897,-634,0,0
79,5,8,-4025,849,-587,0,0
117,0,-1,-3972,776,-524,0,0
133,-18,1,-4083,764,-498,0,0
155,-38,1,-4137,759,-519,0,0
156,-39,8,-4077,760,-540,0,0
120,-16,18,-4026,755,-519,0,0
63,2,27,-4053,768,-545,0,0
22,14,40,-4055,721,-577,0,0
19,15,58,-4054,774,-573,0,0
71,10,73,-4101,841,-578,0,0
75,14,86,-4032,808,-538,0,0
23,8,90,-3996,791,-560,0,0
-32,18,98,-4125,839,-613,0,0
-62,37,101,-4064,883,-618,0,0
-53,42,87,-3968,849,-548,0,0
-56,20,75,-4005,860,-507,0,0
-84,-9,66,-4067,894,-519,0,0
-110,-45,69,-4064,937,-530,0,0
-96,-86,69,-4025,862,-578,0,0
-8,-128,43,-4018,917,-659,0,0
147,-133,30,-4068,917,-642,0,0
167,-105,40,-4141,877,-445,0,0
63,-102,21,-4060,914,-356,0,0
15,-100,-10,-4045,891,-388,0,0
5,-99,-30,-4098,946,-500,0,0
53,-85,-39,-4138,930,-483,0,0
40,-71,-51,-4049,923,-348,0,0
23,-91,-57,-4015,933,-317,0,0
135,-119,-71,-4059,983,-451,0,0
319,-112,-89,-4004,888,-531,0,0
299,-100,-99,-3990,771,-312,0,0
222,-142,-104,-4206,772,-187,0,0
13,-117,-55,-4275,862,-396,0,0
-345,11,34,-3969,801,-369,0,0
-493,60,70,-3902,884,-174,0,0
-305,39,35,-4144,837,-222,0,0
-315,50,41,-4118,878,-403,0,0
-332,93,93,-3957,956,-513,0,0
-187,125,105,-3984,977,-498,0,0
-66,140,90,-4025,968,-396,0,0
-64,127,89,-3988,915,-270,0,0
-54,84,89,-4035,885,-265,0,0
-43,51,83,-4150,914,-407,0,0
-55,59,70,-4083,941,-477,0,0
-51,81,74,-4034,945,-436,0,0
-19,76,62,-4090,936,-403,0,0
13,39,19,-4100,963,-427,0,0
23,12,6,-4036,940,-438,0,0
31,-26,-1,-4055,965,-484,0,0
60,-36,-6,-4067,979,-556,0,0
113,-26,-15,-3993,914,-501,0,0
122,-28,-5,-3937,978,-509,0,0
88,-4,2,-3864,869,-530,0,0
-65,35,27,-3797,1011,-544,0,0
-104,76,84,-3836,1086,-540,0,0
-38,75,123,-4023,1193,-541,0,0
127,35,116,-4090,1012,-537,0,0
230,-19,79,-4152,830,-476,0,0
358,-78,64,-4269,823,-433,0,0
491,-137,105,-4285,911,-333,0,0
559,-201,135,-4193,729,-158,0,0
453,-295,77,-4173,703,-135,0,0
321,-346,-20,-4096,926,-320,0,0
209,-319,-22,-4080,1231,-356,0,0
147,-285,-11,-4120,1275,-304,0,0
33,-272,-52,-3942,1178,-148,0,0
-59,-297,-76,-3867,1137,-142,0,0
7,-266,-64,-3893,1296,-152,0,0
365,-223,-106,-3850,1298,-230,0,0
412,-203,-94,-3826,1114,-219,0,0
144,-103,-74,-3841,1105,-147,0,0
-34,37,-78,-4007,1194,-234,0,0
-280,211,-60,-4203,1213,-254,0,0
-598,335,-48,-4444,1248,-212,0,0
-712,319,-172,-4496,990,-168,0,0
-728,204,-288,-3832,584,-4,0,0
-499,36,-240,-3763,341,-154,0,0
-177,-54,-191,-4325,784,-609,0,0
66,6,-194,-4537,831,-608,0,0
3,108,-251,-4215,535,-337,0,0
-220,168,-303,-4043,498,-195,0,0
-322,153,-242,-4025,584,-110,0,0
-238,114,-139,-4020,451,-160,0,0
-265,66,-102,-3989,332,-281,0,0
-375,-3,-96,-4065,449,-421,0,0
-363,-49,-104,-4150,545,-595,0,0
-118,-48,-125,-4051,444,-608,0,0
144,-55,-134,-4064,391,-492,0,0
207,-59,-104,-4348,616,-369,0,0
291,-66,-107,-4321,613,-323,0,0
353,-86,-131,-4074,285,-248,0,0
384,-113,-147,-4017,129,-242,0,0
372,-115,-149,-4206,150,-247,0,0
418,-97,-168,-4403,326,-419,0,0
265,6,-126,-4392,395,-481,0,0
123,119,-27,-4191,120,-240,0,0
51,135,9,-4064,37,45,0,0
121,45,-14,-4200,205,45,0,0
193,-69,-39,-4256,333,74,0,0
227,-171,-74,-4314,274,156,0,0
112,-260,-89,-4044,151,327,0,0
-66,-410,18,-3974,86,256,0,0
-191,-471,117,-4404,-51,-198,0,0
-441,-339,53,-4359,231,-336,0,0
-650,-201,-14,-4155,639,-206,0,0
-442,-150,13,-4036,430,-84,0,0
-168,-156,72,-4022,-12,-31,0,0
0,-175,77,-4274,81,-13,0,0
175,-169,63,-4380,372,52,0,0
159,-133,94,-4219,463,108,0,0
71,-45,129,-4198,457,34,0,0
-22,88,150,-4213,398,163,0,0
-140,140,151,-4204,385,225,0,0
-212,134,133,-4164,459,167,0,0
-215,114,131,-4108,498,221,0,0
-121,76,129,-4161,505,146,0,0
-5,74,111,-4225,508,72,0,0
14,93,116,-4169,514,107,0,0
-26,104,140,-4176,543,119,0,0
-28,103,123,-4213,591,91,0,0
-18,100,105,-4169,570,70,0,0
-33,91,101,-4181,550,40,0,0
10,76,70,-4268,602,38,0,0
49,79,43,-4234,518,23,0,0
9,97,35,-4210,572,28,0,0
-21,94,24,-4171,627,56,0,0
-36,45,0,-4157,607,50,0,0
-58,-12,-10,-4177,612,-90,0,0
-6,-13,-52,-4181,635,-262,0,0
4,42,-50,-4120,579,-234,0,0
36,88,-20,-4162,533,-163,0,0
61,114,1,-4163,563,-144,0,0
116,122,6,-4218,713,-42,0,0
129,91,16,-4077,631,-58,0,0
-30,50,44,-4044,559,-235,0,0
-1,49,19,-4222,639,-289,0,0
93,52,14,-4316,744,-348,0,0
150,72,50,-4270,631,-330,0,0
198,58,-6,-4251,651,-276,0,0
447,14,-109,-4263,641,-348,0,0
680,30,-146,-4136,351,-251,0,0
729,50,-168,-4090,228,-35,0,0
587,52,-141,-4133,168,25,0,0
246,44,-95,-4124,354,36,0,0
91,47,-73,-4143,477,-92,0,0
-94,96,-21,-4180,465,-225,0,0
-287,170,25,-4225,532,-328,0,0
-268,241,41,-4287,517,-364,0,0
-265,275,76,-4230,365,-359,0,0
-366,240,131,-4129,236,-273,0,0
-346,143,150,-4072,363,-353,0,0
-168,58,100,-4149,548,-610,0,0
-43,51,50,-4131,632,-749,0,0
-67,89,23,-4076,660,-649,0,0
-120,94,17,-4075,668,-533,0,0
-102,59,10,-4156,633,-466,0,0
-47,7,-13,-4162,521,-447,0,0
-21,-45,-31,-4114,394,-542,0,0
-8,-54,-37,-4081,387,-628,0,0
-35,-26,-36,-4121,480,-593,0,0
-72,-9,-28,-4156,613,-539,0,0
-75,-22,-16,-4160,650,-479,0,0
-49,-68,-21,-4087,578,-534,0,0
6,-77,-21,-4071,481,-631,0,0
56,-35,-11,-4147,434,-580,0,0
88,10,-16,-4161,465,-489,0,0
41,50,-1,-4187,428,-301,0,0
-140,28,5,-4178,458,-177,0,0
-266,-48,-11,-4123,533,-332,0,0
-337,-108,-15,-4087,554,-525,0,0
-313,-144,-15,-4136,616,-653,0,0
-124,-137,-25,-4213,613,-721,0,0
111,-85,-22,-4241,551,-632,0,0
233,-54,-18,-4136,480,-452,0,0
324,-65,-28,-4116,454,-335,0,0
390,-64,-47,-4198,439,-303,0,0
291,-57,-50,-4149,415,-188,0,0
156,-92,-13,-3997,334,-169,0,0
22,-144,5,-4239,456,-319,0,0
146,-160,-56,-4364,587,-510,0,0
315,-105,-65,-4297,504,-484,0,0
440,-17,-31,-4182,328,-209,0,0
520,12,-50,-4160,247,-159,0,0
234,8,-37,-4174,261,-130,0,0
-23,-11,-16,-4183,307,-119,0,0
-105,-27,-16,-4251,332,-228,0,0
-162,-19,-12,-4206,333,-368,0,0
-229,-3,13,-4129,345,-421,0,0
-207,11,17,-4181,371,-405,0,0
-132,11,-10,-4226,416,-417,0,0
-50,17,-15,-4208,435,-446,0,0
16,26,-17,-4206,426,-418,0,0
70,28,-5,-4146,389,-380,0,0
119,13,7,-4125,366,-320,0,0
171,-10,7,-4190,362,-350,0,0
157,-10,6,-4200,365,-362,0,0
79,15,20,-4164,387,-308,0,0
45,9,24,-4154,384,-270,0,0
51,-4,13,-4185,356,-319,0,0
14,1,22,-4189,307,-323,0,0
-45,5,32,-4180,330,-321,0,0
-62,7,35,-4157,334,-337,0,0
-105,12,41,-4198,383,-323,0,0
-144,6,40,-4235,464,-375,0,0
-102,6,36,-4185,423,-425,0,0
-64,13,33,-4149,366,-391,0,0
-45,1,24,-4167,395,-408,0,0
6,-10,4,-4210,449,-421,0,0
64,11,-4,-4204,430,-368,0,0
70,21,-2,-4167,375,-288,0,0
14,21,-1,-4162,367,-239,0,0
-63,1,15,-4171,369,-255,0,0
-115,-24,22,-4224,385,-335,0,0
-134,-35,16,-4233,434,-410,0,0
-88,-33,9,-4187,451,-440,0,0
-2,-17,4,-4158,426,-369,0,0
-5,-23,6,-4190,422,-316,0,0
-23,-33,-1,-4208,432,-371,0,0
-25,-20,1,-4193,433,-409,0,0
4,-11,8,-4128,415,-377,0,0
38,-17,6,-4137,419,-331,0,0
56,-29,2,-4215,425,-305,0,0
56,-33,4,-4201,414,-326,0,0
45,-16,11,-4196,417,-340,0,0
71,6,12,-4168,438,-351,0,0
65,24,23,-4131,380,-317,0,0
-34,19,34,-4184,392,-285,0,0
-32,7,18,-4260,449,-336,0,0
7,10,7,-4199,398,-367,0,0
-3,15,15,-4131,378,-329,0,0
-20,11,16,-4175,430,-324,0,0
-30,7,12,-4204,443,-360,0,0
-40,11,18,-4174,422,-373,0,0
-40,20,21,-4154,398,-327,0,0
-56,14,20,-4144,423,-294,0,0
-84,-4,16,-4203,472,-333,0,0
-43,-9,6,-4214,459,-349,0,0
-8,-11,8,-4194,397,-341,0,0
-17,-18,9,-4185,439,-352,0,0
15,-22,7,-4186,471,-378,0,0
38,-18,7,-4194,441,-364,0,0
32,-20,8,-4178,459,-351,0,0
43,-12,13,-4171,406,-323,0,0
11,0,9,-4180,406,-264,0,0
-20,-13,5,-4160,443,-279,0,0
-46,-40,3,-4171,465,-376,0,0
12,-46,-3,-4235,495,-458,0,0
108,-22,-5,-4206,447,-441,0,0
115,12,10,-4131,420,-375,0,0
51,30,26,-4093,432,-322,0,0
21,28,30,-4174,476,-329,0,0
30,19,36,-4238,482,-364,0,0
72,13,31,-4199,431,-367,0,0
94,12,22,-4146,394,-318,0,0
70,6,28,-4167,401,-305,0,0
71,1,21,-4187,466,-339,0,0
72,13,18,-4155,505,-325,0,0
62,23,23,-4110,470,-320,0,0
-32,17,39,-4116,477,-320,0,0
-80,-1,47,-4154,486,-367,0,0
-60,-13,36,-4201,463,-393,0,0
-25,-16,24,-4211,442,-405,0,0
-12,-13,18,-4161,449,-389,0,0
17,-17,23,-4167,496,-340,0,0
45,-26,23,-4206,492,-337,0,0
21,-25,13,-4192,500,-348,0,0
-25,-18,3,-4150,514,-376,0,0
-68,-10,1,-4154,506,-370,0,0
-90,-10,4,-4161,477,-362,0,0
-75,-17,-3,-4202,474,-337,0,0
-34,-28,-19,-4181,476,-335,0,0
-31,-23,-23,-4175,453,-340,0,0
-50,-2,-12,-4162,450,-392,0,0
304,63,-11,-4263,309,-1395,0,0
1226,529,-18,-4938,-206,-2970,0,0
395,1082,-115,-5085,-236,-4892,0,0
-1601,1675,-301,-4942,-883,-5114,0,0
-2342,2347,-603,-5873,799,-3867,0,0
-1608,3106,-647,-6510,2629,-3471,0,0
-583,3474,-130,-6809,2400,-3371,0,0
181,3544,583,-6335,2119,-2795,0,0
882,3413,990,-5245,1912,-2078,0,0
1705,3158,998,-4195,1634,-1941,0,0
2273,2879,747,-3468,912,-1977,0,0
1875,2664,522,-2448,21,-1631,0,0
1030,2335,368,-1670,-202,-1762,0,0
395,1966,198,-959,-518,-1499,0,0
60,1537,44,-477,-514,-1648,0,0
321,1102,-152,-223,-596,-2061,0,0
734,741,-257,208,-690,-2338,0,0
1174,524,130,588,-788,-2834,0,0
1663,469,916,438,-1466,-3085,0,0
1001,408,996,195,-2416,-2573,0,0
-248,238,227,388,-1819,-2550,0,0
-447,20,-286,485,-1188,-3487,0,0
-170,0,-39,331,-658,-3459,0,0
98,144,79,242,-1248,-2393,0,0
-541,-4,-27,-122,-991,-3269,0,0
-201,-378,21,57,-778,-3260,0,0
832,-593,112,-190,-1378,-3411,0,0
715,-548,253,-323,-1868,-4081,0,0
101,-490,265,-309,-1808,-4403,0,0
-145,-465,60,-162,-1477,-4965,0,0
-8,-395,-15,-375,-1364,-5193,0,0
212,-201,56,-283,-1636,-5353,0,0
-93,45,-40,-258,-1741,-4767,0,0
-454,240,-142,-124,-1311,-4230,0,0
-460,351,-92,157,-1079,-3845,0,0
-2224,300,-29,89,-936,-3608,0,0
145,213,-16,-73,-1186,-3444,0,0
210,142,68,-110,-1088,-3789,0,0
659,176,183,-281,-1610,-4186,0,0
274,399,201,410,-1847,-3390,0,0
-461,474,7,365,-1316,-2547,0,0
-822,340,-196,122,-973,-2081,0,0
-894,88,-142,175,-566,-2330,0,0
-212,-113,46,-128,-627,-2911,0,0
427,-143,132,-31,-933,-3836,0,0
917,81,-22,159,-1331,-4331,0,0
126,535,-225,417,-1791,-3390,0,0
-1402,697,-133,634,-1054,-2752,0,0
-1627,386,50,1039,-721,-2715,0,0
-1036,-113,62,951,-382,-4127,0,0
-593,-409,99,639,-556,-5592,0,0
-767,-418,37,364,-82,-6418,0,0
-765,-382,27,511,-147,-7127,0,0
-1033,-253,113,-8,549,-7297,0,0
-326,-107,47,577,1041,-8710,0,0
666,77,108,189,661,-9778,0,0
1192,499,70,228,-60,-10164,0,0
907,949,47,722,-941,-8244,0,0
-23,1057,-236,516,-884,-3357,0,0
-2271,554,-303,626,-568,2751,0,0
-2620,-1029,-144,-1152,1243,2962,0,0
1388,-2200,332,-767,-1076,-930,0,0
712,-1249,1192,1447,-1434,-1139,0,0
-318,-264,226,43,-850,-1179,0,0
386,86,-535,356,-367,-2439,0,0
469,95,-477,335,-515,-2256,0,0
-253,-148,-319,-50,-558,-2188,0,0
-415,-271,-204,-880,210,-3143,0,0
78,-11,-340,-2219,606,-2491,0,0
1030,552,-329,-1515,699,-3383,0,0
2400,1350,-123,570,1132,-5079,0,0
3261,1594,-347,2306,-1572,-5869,0,0
-43,1448,-395,4661,-3875,-2792,0,0
-3756,132,-342,1216,1569,-3827,0,0
-608,-778,120,927,-495,-5730,0,0
-365,-1049,874,2784,-1391,-5509,0,0
-267,-1055,298,959,293,-5096,0,0
1216,-870,-429,-55,-978,-5101,0,0
33,-418,-422,-316,-706,-3848,0,0
-641,-157,-349,-664,299,-3509,0,0
-304,-112,-214,-622,-228,-3612,0,0
-424,-127,-21,-337,98,-3635,0,0
279,-167,27,-227,-149,-3965,0,0
361,-131,58,-130,-863,-4033,0,0
77,-121,292,-171,-691,-3886,0,0
723,-181,318,-530,-941,-4153,0,0
845,-132,65,-416,-1515,-4647,0,0
-176,114,-355,-738,-1029,-4484,0,0
-1152,280,-672,-356,-266,-4250,0,0
-367,213,-607,-73,700,-3901,0,0
994,44,-242,-111,-450,-3990,0,0
278,-22,383,-330,-661,-4445,0,0
173,-26,578,-343,-687,-4780,0,0
325,81,383,-49,-762,-4938,0,0
381,297,327,109,-475,-4579,0,0
615,450,221,519,-880,-4323,0,0
639,546,11,569,-958,-3600,0,0
6,618,-92,731,-924,-3048,0,0
-609,495,-7,990,-379,-2623,0,0
-243,200,101,1383,-357,-2499,0,0
116,-73,70,1312,-449,-2406,0,0
92,-252,86,1198,-826,-2668,0,0
-484,-351,122,1115,-648,-3243,0,0
-262,-316,186,878,-869,-3942,0,0
-335,-115,-67,68,-1268,-3233,0,0
-1254,20,-317,-589,-141,-2410,0,0
-1828,-77,-346,-836,-217,-1685,0,0
-3577,-285,100,-168,385,-2095,0,0
-2831,-480,546,627,1032,-2839,0,0
-404,-752,290,65,677,-4594,0,0
307,-778,-201,-1043,888,-5902,0,0
217,-609,-231,-1168,2148,-8171,0,0
724,-149,-129,-846,1979,-9079,0,0
736,401,7,-846,2471,-9515,0,0
1011,1011,-184,-597,1944,-8009,0,0
134,1208,-266,34,1963,-6370,0,0
655,729,83,1298,1530,-6713,0,0
1453,84,377,658,-296,-4388,0,0
-99,-555,270,463,-609,-163,0,0
-898,-1299,56,-556,-71,1192,0,0
590,-1687,-87,676,-1289,-45,0,0
366,-1440,224,1642,-1350,-1365,0,0
1133,-614,61,-818,-342,-3643,0,0
2505,112,-201,-467,-594,-4734,0,0
2753,598,-568,-1957,-541,-5627,0,0
358,1185,-856,-1870,-1484,-3289,0,0
-2929,1218,-253,-1349,951,-1987,0,0
-875,1222,329,-1845,667,-473,0,0
466,1435,166,-1607,229,-759,0,0
1515,1650,-18,1806,-163,-2222,0,0
1101,721,411,5677,-3080,-3163,0,0
-1066,-687,462,1207,-1514,-6039,0,0
51,-1176,-384,-289,-1196,-8032,0,0
-21,-754,319,857,-2709,-6911,0,0
-1872,-196,274,820,-470,-5342,0,0
-284,-94,-577,374,680,-5001,0,0
726,207,-590,218,-635,-3474,0,0
-1235,440,-415,268,-440,-2100,0,0
-1125,249,-300,227,912,-2101,0,0
662,-100,-221,766,666,-2602,0,0
1775,-381,53,603,-10,-2994,0,0
1931,-490,308,820,-1050,-3738,0,0
1496,-470,384,543,-2453,-3905,0,0
117,-376,210,448,-1912,-4258,0,0
-561,-259,34,349,-1227,-4078,0,0
-746,-180,-83,154,-510,-3965,0,0
-322,-190,-144,99,-59,-4031,0,0
67,-222,149,203,-409,-3864,0,0
-172,-206,540,532,-676,-3633,0,0
-555,-211,610,402,-985,-3630,0,0
-558,-293,539,311,-919,-4342,0,0
-213,-165,289,42,-1749,-4306,0,0
-1522,121,-17,-115,-1176,-3712,0,0
-2369,209,-34,-89,25,-2587,0,0
-1692,-6,151,-93,739,-2231,0,0
43,-304,170,-583,534,-2491,0,0
1234,-515,92,-1362,476,-3585,0,0
1309,-507,315,-643,58,-3683,0,0
384,-431,394,-930,-7,-3454,0,0
90,-387,404,-665,-428,-4592,0,0
-42,-382,354,-538,-530,-5525,0,0
482,-245,201,-535,-818,-5650,0,0
591,-64,-180,-496,-770,-5833,0,0
342,110,-347,-681,-646,-5392,0,0
-134,181,-379,-1067,-407,-6056,0,0
-865,206,-115,-551,469,-6594,0,0
50,169,-169,-1114,480,-9175,0,0
-107,659,-55,-535,-1289,-9528,0,0
-2967,1221,-355,-469,-881,-9482,0,0
-4458,1470,-181,974,972,-5708,0,0
-184,667,64,-674,2315,257,0,0
3997,-867,-566,-2061,-734,4857,0,0
792,-2389,-467,-1669,-418,1600,0,0
-626,-2324,659,2087,-320,-1938,0,0
651,-1265,821,506,-250,-2999,0,0
1693,-169,-93,-575,-542,-3995,0,0
1720,353,-459,-784,-105,-3977,0,0
307,627,-478,-1264,-1088,-1905,0,0
-2546,350,-88,-1474,-623,-1427,0,0
-3557,-149,466,-1724,740,-2150,0,0
-1123,-76,354,-1854,1095,-2707,0,0
1796,596,74,-1227,1534,-5052,0,0
3656,1396,-280,70,-841,-5729,0,0
1014,1158,-294,1687,-2193,-5489,0,0
-2744,246,-447,-496,1424,-5461,0,0
-1420,-501,-1122,-1301,2374,-7694,0,0
735,-522,85,1529,997,-7650,0,0
-329,75,824,73,593,-4746,0,0
-592,276,324,-476,991,-3611,0,0
-226,368,-157,-1327,140,-1663,0,0
-3386,633,-667,-1555,-3034,2567,0,0
-9247,-196,-294,-3451,-2631,6388,0,0
-5833,-3593,696,-3464,2246,-628,0,0
1737,-3810,355,1032,3329,-6159,0,0
1150,-1668,-1085,-727,63,-6413,0,0
-2589,-205,-2735,-2093,7724,-5396,0,0
2156,-3,-3911,-2894,7448,-5960,0,0
3514,-311,-2651,-2171,2540,-3695,0,0
-171,22,-1025,-2814,2417,-2603,0,0
-1027,336,-268,-3352,3498,-2415,0,0
523,329,157,-3254,2133,-2267,0,0
116,263,552,-3041,1056,-1906,0,0
-1175,-25,810,-1730,2492,-2633,0,0
565,-315,436,-1058,3908,-3544,0,0
3199,-249,-121,-1752,3289,-4473,0,0
4331,148,-300,-2463,1689,-5026,0,0
3043,648,-279,-2955,802,-5420,0,0
906,1169,-46,-3033,771,-5102,0,0
200,1473,330,-2319,1375,-4798,0,0
1136,1571,360,-2202,894,-4267,0,0
1282,1718,175,-2141,-170,-3604,0,0
274,1790,274,-1708,-365,-3126,0,0
-584,1681,550,-1183,-254,-2378,0,0
-331,1330,645,-470,-406,-2152,0,0
136,877,405,-288,-484,-2308,0,0
805,453,100,-224,-605,-2614,0,0
1173,231,-119,-192,-638,-3307,0,0
1223,139,-424,-260,-833,-3831,0,0
1052,143,-851,-352,-1219,-4083,0,0
1146,186,-1525,-524,-1034,-3626,0,0
1164,-15,-1369,313,-492,-3602,0,0
1145,-63,-182,587,-1137,-4106,0,0
431,215,175,278,-1323,-4012,0,0
72,342,-55,684,-1722,-4138,0,0
-1005,321,-147,878,-965,-3753,0,0
-1370,355,-25,857,-37,-3723,0,0
-480,328,58,622,-542,-3720,0,0
-209,298,137,575,-691,-3683,0,0
20,330,160,1035,-829,-3042,0,0
-388,271,246,1377,-644,-2344,0,0
-344,136,317,696,-409,-2018,0,0
-241,76,198,-2,-573,-1936,0,0
-374,31,188,-156,-638,-1580,0,0
-862,-2136,305,133,-623,-2013,0,0
-1064,-262,255,-167,-759,-3006,0,0
-747,-360,145,30,-611,-4207,0,0
-432,-412,-176,92,-562,-5844,0,0
-340,-410,-283,-340,809,-7626,0,0
106,-182,-287,255,686,-9005,0,0
-446,202,69,197,1060,-9221,0,0
-628,499,250,883,1409,-9098,0,0
-267,633,202,707,1624,-8297,0,0
-305,505,568,216,260,-6301,0,0
-692,-89,792,-249,-1098,-1258,0,0
-1490,-1302,32,-881,-1313,1932,0,0
-1460,-2442,-349,-526,314,-153,0,0
252,-2074,-309,37,-402,-2124,0,0
1487,-1225,61,4,836,-2624,0,0
3636,-286,-253,-649,226,-4630,0,0
4675,418,-407,-702,-1469,-4932,0,0
335,847,-511,-2164,-1899,-1552,0,0
-3631,740,127,-570,233,-997,0,0
-2166,332,670,-774,860,-2796,0,0
776,595,369,-2082,214,-2958,0,0
1832,1301,67,-1031,9,-3169,0,0
1464,1623,-106,2940,-1628,-2257,0,0
-1413,464,84,3470,-2130,-2200,0,0
-2713,-1191,204,-1109,1437,-6355,0,0
1604,-1743,-419,-145,250,-9548,0,0
2696,-1098,299,1111,-1745,-7799,0,0
430,-191,-41,-750,-489,-5961,0,0
1171,324,-527,-1063,-810,-4428,0,0
996,607,-334,-192,-1834,-3781,0,0
-842,805,-297,-6,-1064,-2905,0,0
-1253,661,-344,165,-225,-2360,0,0
-897,248,-472,363,-263,-2788,0,0
-699,-59,-458,181,-176,-3733,0,0
-278,-135,-392,63,-107,-3818,0,0
213,-110,-128,227,-315,-3653,0,0
288,-92,128,1088,-678,-4035,0,0
223,-212,64,934,-257,-4601,0,0
570,-105,-157,409,-459,-4755,0,0
141,184,-239,258,-723,-3950,0,0
-745,281,-139,374,-624,-3816,0,0
-855,204,78,813,-285,-3876,0,0
-14,76,72,655,-273,-3875,0,0
802,9,98,658,-1027,-3880,0,0
356,46,197,899,-1212,-3794,0,0
-54,88,144,676,-834,-3417,0,0
-123,78,180,940,-620,-2953,0,0
-115,-12,271,868,-465,-2421,0,0
-145,-125,193,451,-710,-1972,0,0
-1111,-242,272,251,-640,-1799,0,0
-1868,-455,765,-195,372,-1382,0,0
-472,-833,710,-144,581,-2118,0,0
1530,-1265,-59,-86,117,-3903,0,0
1695,-1345,-309,-759,-686,-4967,0,0
1595,-873,-202,-806,-1341,-4960,0,0
629,-362,-488,-2105,-1929,-5480,0,0
-924,23,-287,-1999,-1491,-5325,0,0
-923,4,-32,-1683,-620,-5206,0,0
290,-188,-208,-1536,-1344,-6683,0,0
79,-113,-402,-1403,-1349,-8887,0,0
-531,557,-415,-871,-1725,-9041,0,0
-2756,1129,-677,-840,428,-7829,0,0
-1216,1036,-519,-1023,2606,-7991,0,0
2217,824,-263,-1107,380,-7634,0,0
1733,702,153,-673,-1673,-4997,0,0
-865,143,135,-89,294,1968,0,0
1062,-1313,-324,-1079,1123,1459,0,0
1143,-1677,1477,834,-1093,535,0,0
16,-964,2790,2637,-930,1363,0,0
2132,-785,1185,-503,-1801,-748,0,0
1890,-534,-283,-903,-2664,-3070,0,0
-386,-410,-598,-1541,-1451,-3407,0,0
-1199,-534,-833,-1911,-1228,-2924,0,0
-1507,-625,-579,-1615,-250,-3018,0,0
-755,-249,-133,-1648,110,-2552,0,0
266,549,106,-1067,439,-3610,0,0
2429,1308,-47,-347,-889,-5833,0,0
1378,1599,-405,2049,-4934,-4679,0,0
-4290,973,-275,2149,-2417,-3734,0,0
-5276,-235,-548,-3187,2467,-5913,0,0
-246,-765,-767,-1916,1126,-7609,0,0
1699,-708,719,-372,-413,-8026,0,0
917,-109,621,-679,-56,-5537,0,0
1807,260,-254,-1578,218,-4337,0,0
2577,635,-292,-1408,-1563,-4190,0,0
461,956,-432,-334,-2095,-3005,0,0
-1192,821,-756,-464,-708,-2796,0,0
333,617,-580,-43,-338,-3504,0,0
2285,530,-438,-207,-2121,-3736,0,0
1969,582,-472,-455,-2485,-3389,0,0
-222,773,-350,-108,-2285,-3004,0,0
-3241,781,261,229,-1248,-1876,0,0
-3365,316,707,655,-168,-2027,0,0
58,-180,451,905,260,-3300,0,0
2294,-287,220,965,-1662,-4626,0,0
281,2,21,813,-1434,-4224,0,0
-777,179,110,669,-395,-2900,0,0
-532,-12,299,658,-271,-2647,0,0
-314,-362,505,824,-694,-2801,0,0
457,-615,522,1066,-69,-4150,0,0
2051,-555,319,574,-1201,-4623,0,0
894,-311,112,291,-2067,-3082,0,0
-1031,-196,214,566,-1183,-2414,0,0
-1195,-142,274,361,-695,-2208,0,0
-597,-66,154,131,-1169,-1634,0,0
-969,-149,110,-370,-1148,-1394,0,0
-641,-415,290,-1122,-968,-2965,0,0
169,-504,308,-674,-1686,-3912,0,0
-767,-660,41,-1436,-1148,-4594,0,0
-482,-948,-289,-1793,122,-7618,0,0
555,-849,-286,-2111,-883,-10855,0,0
-2,-134,23,-2478,-1254,-12602,0,0
380,810,-184,-610,-2716,-11922,0,0
-1006,1427,-704,-704,-1117,-9921,0,0
-855,1529,-920,-1023,-209,-6740,0,0
-1570,1080,-485,-485,531,2575,0,0
-508,-778,-558,-1140,1320,4800,0,0
1190,-2123,451,157,-71,1890,0,0
1235,-1762,1660,2947,-535,1521,0,0
1867,-1261,1069,-907,-888,-1982,0,0
1410,-526,-318,-406,-1291,-4408,0,0
913,53,-495,-1132,-1042,-4095,0,0
-961,322,-315,-1283,-1588,-2177,0,0
-3086,-179,286,-2088,-82,-3693,0,0
-734,-307,596,-2436,414,-3198,0,0
1380,166,116,-1920,-595,-2906,0,0
1387,1029,112,-978,-214,-4692,0,0
1412,1741,-50,557,-2263,-4435,0,0
-1512,1185,273,3405,-2272,-3840,0,0
-2956,-97,151,-810,365,-5295,0,0
-950,-906,-920,-935,837,-6934,0,0
548,-946,-19,-207,-186,-6385,0,0
6,-684,459,-816,115,-5946,0,0
586,-599,-500,-1761,22,-6085,0,0
2080,-271,-588,-1902,-337,-5305,0,0
2684,226,-466,-1328,-1822,-4221,0,0
1473,563,-487,-1280,-2131,-3322,0,0
309,744,-282,-1059,-1567,-2630,0,0
-298,696,-177,-201,-1474,-2353,0,0
-641,435,-387,-30,-1203,-2493,0,0
-289,163,-493,-41,-1288,-2887,0,0
273,-24,-334,-366,-1242,-3244,0,0
1101,-56,184,-58,-1897,-3161,0,0
1385,-128,573,20,-1949,-3839,0,0
1755,-210,154,75,-2703,-4688,0,0
468,-18,-512,-54,-2956,-4794,0,0
-1403,422,-668,-140,-1685,-4802,0,0
-1998,783,-701,-175,-1154,-4160,0,0
-1954,810,-417,376,-621,-3924,0,0
-961,674,202,398,-370,-3560,0,0
192,562,756,504,-999,-2654,0,0
265,300,702,970,-1485,-2677,0,0
332,-50,-27,1232,-1238,-2755,0,0
302,-240,-337,938,-1018,-2592,0,0
-760,-314,-152,515,-823,-2321,0,0
-1994,-401,323,571,-586,-1755,0,0
-2631,-705,634,-84,-159,-2035,0,0
-1720,-1100,399,-429,342,-2863,0,0
56,-1355,-2064,-748,-5,-3516,0,0
7,-1302,-78,-1301,-451,-4370,0,0
-1046,-1051,-16,-1682,154,-4964,0,0
-794,-768,189,-1890,1102,-5332,0,0
65,-397,641,-996,300,-4517,0,0
-291,-114,334,-330,-195,-3867,0,0
-505,-112,-461,-785,516,-3521,0,0
-105,-199,-817,-2170,1005,-4045,0,0
973,-197,-729,-2317,315,-4581,0,0
1140,-134,-307,-2708,313,-5565,0,0
849,205,134,-2277,-582,-6143,0,0
-202,587,116,-2082,-414,-6381,0,0
-1705,963,45,-2062,1190,-6260,0,0
-2373,1190,484,-876,3156,-7312,0,0
-468,1093,898,-607,3563,-9156,0,0
2100,1098,838,-1817,1331,-9174,0,0
652,991,1488,-1381,22,-6024,0,0
133,347,1645,877,-379,750,0,0
1646,-519,198,513,-2156,2691,0,0
1457,-1137,-123,923,-1726,639,0,0
689,-963,728,1436,-2419,593,0,0
1278,-797,11,-1328,-1319,-2951,0,0
2172,-374,-1032,944,-1686,-6176,0,0
4164,96,-2112,-1465,-1234,-5815,0,0
1685,771,-2633,-2591,-3436,-3176,0,0
-4765,1227,-2171,-1811,-1740,-2313,0,0
-5218,1535,-582,-1555,1511,-962,0,0
-426,1772,247,-2611,1235,557,0,0
2524,1757,-349,-949,-810,391,0,0
1941,972,31,7011,-2033,-353,0,0
-1561,-617,925,4411,-2898,351,0,0
-3001,-2832,677,-1917,2354,-8026,0,0
3236,-2834,573,90,-1064,-9265,0,0
2739,-1743,877,340,-3539,-7452,0,0
-479,-799,471,-650,-1737,-6424,0,0
-642,-369,309,-566,-902,-5911,0,0
-319,53,112,-785,-1225,-4440,0,0
-828,365,68,-291,-1092,-3471,0,0
-1509,432,77,-299,-725,-2851,0,0
-1536,194,56,187,-212,-3021,0,0
-331,-122,84,111,144,-3048,0,0
800,-338,54,127,-239,-3315,0,0
850,-431,82,95,-720,-3507,0,0
146,-414,112,-44,-777,-3538,0,0
-373,-398,-16,-385,-860,-3749,0,0
-1044,-392,-26,-404,-737,-3684,0,0
-1153,-454,48,-343,-109,-3736,0,0
-862,-509,22,-84,-363,-3742,0,0
-530,-569,-17,-45,-12,-3936,0,0
485,-428,-133,-733,-309,-3769,0,0
504,-52,-149,-1617,-1066,-3416,0,0
-796,687,523,-2876,-200,-4360,0,0
-3461,1563,2050,-1845,1483,-5565,0,0
-2943,1552,2123,1162,1239,-5282,0,0
892,803,-457,870,1656,-6053,0,0
2006,308,-1559,-350,1468,-5704,0,0
3331,150,-1052,-550,1103,-6362,0,0
4504,-37,-708,-121,-2112,-8722,0,0
2368,349,-773,-778,-3419,-9384,0,0
-672,677,63,159,-2284,-6098,0,0
-2169,246,340,-69,-491,-518,0,0
-3315,-500,-301,-911,564,5291,0,0
-349,-2426,-940,-1269,448,556,0,0
1079,-2379,156,1425,-482,-1995,0,0
686,-1032,1157,-655,-192,-2629,0,0
271,145,468,-422,-973,-4228,0,0
-491,592,-469,-2976,-147,-3936,0,0
-1999,502,-389,-1664,196,-2850,0,0
-2666,118,541,-1466,1079,-3309,0,0
-504,65,950,-919,1231,-3505,0,0
2686,666,529,-1881,820,-4192,0,0
4157,1565,-157,-800,-640,-5336,0,0
1548,1693,-292,4372,-4242,-2669,0,0
-3322,764,-170,2461,-2823,-1237,0,0
-5701,-604,-571,-1450,2618,-3691,0,0
-1116,-1571,-1083,-1964,2186,-6944,0,0
2241,-1615,135,-536,845,-7222,0,0
1363,-969,334,-627,302,-5556,0,0
884,-331,-245,-417,71,-5228,0,0
462,183,-312,-207,288,-3860,0,0
-139,513,-207,462,38,-2016,0,0
-108,505,-122,89,537,-1409,0,0
334,461,-55,-294,178,-1278,0,0
374,311,-71,-426,286,-600,0,0
-16,-179,-146,-1832,36,-272,0,0
-117,-660,205,-1638,-920,-1720,0,0
-295,-989,809,-1017,-863,-4198,0,0
-399,-1198,458,-1908,-555,-8177,0,0
755,-810,-440,-2198,323,-11478,0,0
926,255,-1078,-2607,-579,-12893,0,0
-237,1353,-1048,-3072,1157,-12887,0,0
1212,2123,-1010,-2133,954,-11392,0,0
2530,2560,-1131,-2355,-1911,-8625,0,0
1487,2541,-970,-399,-604,-3113,0,0
1045,1759,-1181,879,130,6355,0,0
2,-755,-473,-1184,3392,7904,0,0
1038,-2324,1800,-944,-1134,3201,0,0
-1026,-2030,2161,3181,-2045,-119,0,0
-921,-1367,581,-1025,-1529,-2651,0,0
-1528,-546,-265,-1454,-610,-4084,0,0
-1193,-89,-85,-1177,-646,-5110,0,0
-774,-27,-243,-1565,-640,-4079,0,0
-523,-274,-252,-1738,-49,-4253,0,0
89,69,505,-1681,-51,-2671,0,0
-1052,891,823,-1209,524,-2552,0,0
537,1525,762,-1321,-92,-5629,0,0
1104,1979,1281,4018,-3628,-8523,0,0
-4132,1846,980,1654,-1557,-3389,0,0
-2627,728,-973,-272,3395,-2876,0,0
2416,-501,-1115,1665,212,-5712,0,0
2189,-840,213,1913,-1347,-4758,0,0
880,-904,-246,1478,-285,-4813,0,0
1088,-725,-885,-345,-567,-4657,0,0
-85,-450,-869,-771,-380,-3609,0,0
245,-495,-1170,-750,262,-2777,0,0
3379,-888,-1529,-8,580,-4595,0,0
3425,-449,72,495,-2288,-4141,0,0
-898,592,1138,-46,-3550,-2278,0,0
-3666,813,573,-93,-858,-2871,0,0
-1842,484,238,640,136,-2070,0,0
-141,91,7,556,93,-588,0,0
-930,-490,-318,93,289,-397,0,0
-1035,-1211,15,144,476,-2346,0,0
5,-1589,504,-652,-432,-5506,0,0
1079,-1291,287,-1196,-1457,-4630,0,0
-326,-950,-267,-1697,-1183,-4890,0,0
-900,-671,-357,-1337,37,-5190,0,0
17,-418,-594,-1495,963,-5983,0,0
395,46,-392,-1028,107,-4556,0,0
-662,332,243,-1347,188,-3986,0,0
-788,377,231,-1328,-506,-3872,0,0
-765,30,86,-2029,497,-6260,0,0
570,71,41,-2005,-48,-7254,0,0
-309,328,98,-2017,243,-8244,0,0
-1348,721,44,-1327,-145,-8741,0,0
-3186,1129,-5,-1382,2615,-6788,0,0
-1675,1218,203,-1510,3154,-6816,0,0
402,925,926,-588,3702,-6793,0,0
6359,817,890,-780,598,-6965,0,0
7138,1257,-91,-683,-4465,-5102,0,0
241,1292,-743,-1584,-1874,1915,0,0
-3882,187,-841,-328,2691,8246,0,0
388,-2020,877,671,843,4354,0,0
1384,-2224,1831,1891,-2100,-25,0,0
-170,-1372,598,-729,-1016,-3391,0,0
197,-401,-561,-679,-422,-4633,0,0
717,-59,-233,-830,-739,-5823,0,0
579,224,9,-1208,-1219,-4933,0,0
366,549,101,-1074,-875,-4537,0,0
33,1074,31,-2567,-494,-3567,0,0
-674,1781,-121,-3431,-510,-3191,0,0
-1425,2291,-58,1655,-2913,-2004,0,0
-3515,1256,244,5191,-2571,-594,0,0
-3120,-876,29,176,20,-1158,0,0
1156,-2428,-788,-3619,1221,-6102,0,0
4152,-2177,374,-97,-2393,-8872,0,0
1093,-983,427,83,-2364,-8595,0,0
-529,113,-540,156,-1487,-5858,0,0
-1865,659,-862,27,-587,-3118,0,0
-2203,757,-1299,-2,536,-2276,0,0
-434,380,-1274,-635,2372,-2046,0,0
1261,-35,-304,-365,-17,-1790,0,0
-196,-196,679,288,-741,-2343,0,0
-1537,-194,598,290,-617,-2183,0,0
-1151,-370,96,-788,-155,-2575,0,0
-964,-512,-47,-1420,-219,-3355,0,0
-104,-521,-248,-2194,798,-3401,0,0
601,-559,-41,-1525,34,-4453,0,0
1260,-455,71,-1516,-26,-6246,0,0
642,-148,-29,-1150,-1126,-7346,0,0
35,205,-229,-969,845,-8988,0,0
-479,839,-234,-1241,-135,-8727,0,0
-1682,1255,234,-1568,1691,-8837,0,0
-226,1415,256,-94,118,-8180,0,0
434,1380,-167,918,1204,-6222,0,0
1875,1000,-845,683,125,-4021,0,0
-560,412,-854,350,-972,2351,0,0
-1288,-1320,-1122,-701,1061,4714,0,0
715,-3553,128,-2208,-93,-885,0,0
706,-2801,1934,1064,1368,-3406,0,0
3560,-1243,1575,-737,93,-3744,0,0
1870,161,216,-146,-2090,-4911,0,0
-541,793,42,-354,-41,-3733,0,0
-645,938,79,-1367,-672,-2155,0,0
-2094,754,634,-786,-340,-1488,0,0
-1838,417,1108,-1232,252,-2128,0,0
850,652,883,-2750,440,-2014,0,0
3290,1098,437,-2460,-707,-2380,0,0
1682,1436,448,3244,-4011,-257,0,0
-6093,435,1341,1496,-1708,1134,0,0
-7310,-1642,536,-3485,1524,-1101,0,0
-1224,-3287,-2916,-4115,2286,-2923,0,0
2330,-3887,-3563,-6291,450,-2830,0,0
808,-4162,-2009,-7890,-940,-2253,0,0
