-136,-255,109,572,3657,-1316,0,0
-119,-393,51,505,3762,-1407,0,0
-24,-464,36,405,3700,-1420,0,0
103,-338,101,325,3618,-1230,0,0
152,-118,127,419,3751,-1242,0,0
166,-164,67,473,3704,-1268,0,0
172,-254,51,390,3623,-1140,0,0
163,-166,99,383,3574,-1141,0,0
159,-99,120,381,3527,-1136,0,0
128,-43,98,392,3485,-1129,0,0
65,-26,46,391,3555,-1151,0,0
9,-29,-12,371,3632,-1212,0,0
-14,-20,-34,362,3532,-1241,0,0
-35,-27,-39,371,3463,-1291,0,0
-48,-56,-73,377,3423,-1290,0,0
-75,-57,-121,417,3512,-1352,0,0
-94,-106,-156,435,3581,-1537,0,0
-81,-304,-135,410,3627,-2090,0,0
23,-749,-47,451,3771,-3333,0,0
362,-1259,24,354,3898,-4315,0,0
920,-1260,-61,359,4030,-4753,0,0
1563,-1079,-200,956,4321,-5311,0,0
2222,-1141,-151,1375,4667,-4907,0,0
2743,-1080,-1,1532,4643,-3733,0,0
2984,-955,120,1746,4124,-2810,0,0
2988,-1436,210,1579,3573,-2086,0,0
2963,-1670,164,1188,2947,-710,0,0
2794,-1069,206,963,2292,25,0,0
2543,-560,450,739,1765,352,0,0
2192,-412,657,148,1081,713,0,0
1629,-378,739,-495,663,1011,0,0
923,-457,693,-1033,1444,61,0,0
402,-83,739,-1947,1274,-2017,0,0
-234,331,767,-2389,1125,-6048,0,0
-625,-619,258,-3129,1319,-10795,0,0
-154,-1409,-108,-4224,1638,-12606,0,0
715,-596,-334,-3661,1280,-11019,0,0
1155,145,-597,-2102,475,-8491,0,0
847,-2072,-830,-1608,940,-6700,0,0
515,356,-823,-1441,597,-4731,0,0
214,1298,-501,-169,286,-2365,0,0
140,1586,-3,562,-593,-872,0,0
420,114,1001,163,-3282,1093,0,0
153,-1007,1233,-2302,-2484,3736,0,0
-243,34,-265,-391,1124,1583,0,0
-488,-1273,-1666,849,2543,-727,0,0
-526,-1536,-847,-931,2374,-922,0,0
-284,936,475,-745,1425,-1747,0,0
-658,930,664,-1069,310,-3965,0,0
-489,134,194,-1820,-229,-3878,0,0
278,671,-225,-688,-27,-2192,0,0
942,284,-381,643,-486,-2169,0,0
1539,-1037,-326,318,-1158,-1245,0,0
965,-407,-71,745,-2795,-965,0,0
-1399,-50,86,264,-2057,-6337,0,0
-2588,-359,-426,-1489,614,-10803,0,0
-1102,-105,-116,-2589,2327,-9804,0,0
974,575,1153,-1725,1152,-6787,0,0
835,368,1324,-1533,1222,-4675,0,0
-415,573,811,-1706,666,-6166,0,0
-926,-308,764,-2380,8,-7146,0,0
-472,-1032,512,-3178,533,-6385,0,0
-75,-466,-175,-2527,757,-5403,0,0
15,295,-586,-1251,434,-4461,0,0
-87,19,-668,-838,584,-4037,0,0
-152,-634,-565,-1366,776,-4088,0,0
158,-409,-389,-1558,719,-4097,0,0
664,70,-212,-1192,411,-3850,0,0
1003,-104,-70,-1126,232,-3233,0,0
1197,-31,-3,-1127,155,-2368,0,0
1247,441,100,-684,-166,-1546,0,0
976,392,309,-718,-716,-1220,0,0
546,542,445,-1051,-833,-899,0,0
-41,936,453,-598,-1091,-1496,0,0
-818,-79,373,-862,-1116,-3060,0,0
-1079,-667,326,-1396,-1021,-3650,0,0
-687,-80,240,-805,-475,-3505,0,0
-91,255,69,452,-309,-2235,0,0
106,19,193,1179,-413,-2544,0,0
-313,-334,403,844,755,-825,0,0
-667,8,450,-131,2337,-2043,0,0
-720,668,1006,-1587,1567,-5509,0,0
-655,-63,1197,-3997,1238,-9384,0,0
-525,-663,44,-5542,922,-12085,0,0
55,-781,-687,-4707,1810,-12244,0,0
686,-679,-1169,-2991,775,-10909,0,0
662,-1075,-1181,-1828,-587,-9680,0,0
111,-2187,-1258,-1597,1422,-6925,0,0
81,-1654,-1268,-1204,2809,-1502,0,0
428,2815,-358,798,-197,4040,0,0
-804,2801,933,1332,-2495,4417,0,0
-1996,-1168,133,-1622,-2706,5027,0,0
-2132,272,-977,403,1069,1770,0,0
-2067,-91,-344,651,2153,-4610,0,0
-840,-338,532,-1145,2320,-3528,0,0
-48,1459,413,128,2833,-2425,0,0
-519,1400,629,20,1251,-4571,0,0
-609,435,982,-1355,-24,-5040,0,0
390,120,783,-1621,-165,-3750,0,0
1728,-576,268,-1855,399,-4105,0,0
3061,-708,-186,-1309,1299,-2508,0,0
2924,6,-412,395,430,-332,0,0
624,1421,-351,629,-692,-1844,0,0
-2765,1570,-323,945,1021,-8968,0,0
-3662,-1362,-231,-1659,4374,-10341,0,0
-971,-1212,494,-4167,2545,-8329,0,0
672,730,685,-2147,663,-8288,0,0
638,-75,79,-803,812,-5377,0,0
484,-541,-295,-685,584,-3542,0,0
467,-342,-293,-694,231,-2895,0,0
489,-213,-45,-694,258,-2871,0,0
508,142,179,-568,230,-3323,0,0
526,-109,268,-574,173,-3746,0,0
492,-282,199,-764,1245,-3411,0,0
485,142,83,-672,1288,-3642,0,0
519,53,276,-545,417,-3530,0,0
264,-289,375,-895,674,-3510,0,0
150,-417,193,-1100,848,-3834,0,0
227,-91,-60,-877,680,-3456,0,0
141,316,-194,-426,403,-3615,0,0
-26,14,-189,-367,108,-3889,0,0
-111,-455,-158,-571,409,-3813,0,0
-68,-425,-169,-821,587,-3677,0,0
-82,19,-163,-804,253,-3551,0,0
-387,109,-102,-805,-129,-4412,0,0
-494,-700,-207,-1526,606,-4552,0,0
-30,-432,-337,-1875,667,-3659,0,0
296,645,-73,-1425,26,-3476,0,0
245,571,275,-1308,-373,-3503,0,0
-48,-254,298,-1767,-156,-3789,0,0
-143,-557,142,-2210,-21,-4018,0,0
58,-157,56,-2133,-222,-3973,0,0
242,-176,40,-1590,-393,-4043,0,0
350,-724,1,-1836,-381,-3526,0,0
329,-73,59,-1687,-200,-3244,0,0
225,724,205,-1013,130,-3369,0,0
45,282,210,-885,333,-3384,0,0
-25,54,121,-865,-22,-3095,0,0
-120,307,194,-426,-95,-3310,0,0
-172,120,244,-286,-26,-3048,0,0
-85,186,254,75,111,-2046,0,0
67,900,261,802,461,157,0,0
-502,1682,453,1252,1029,-1060,0,0
-1269,433,774,-668,865,-5663,0,0
-694,-883,868,-2506,1231,-5937,0,0
355,-776,523,-3226,1381,-4779,0,0
454,246,-241,-2715,2182,-5280,0,0
192,736,-272,-1461,601,-6831,0,0
-354,-906,-37,-1834,578,-7647,0,0
-688,-1549,-500,-3128,783,-9732,0,0
-286,-1458,-893,-3482,1296,-12209,0,0
625,-1464,-1023,-3333,1621,-11079,0,0
1183,-963,-949,-1992,2401,-7595,0,0
1335,21,-629,-1180,2838,-1279,0,0
892,3583,-290,102,596,5786,0,0
-1510,2938,-164,3500,944,3452,0,0
-2866,-2520,182,617,-2530,1412,0,0
-1261,-449,1729,-592,-2613,260,0,0
-512,790,1909,-1450,-111,-3222,0,0
-527,-354,603,-2808,220,-5049,0,0
-270,155,-946,-1957,2860,-3374,0,0
27,2061,-1486,310,4100,-2842,0,0
369,2731,-590,947,434,-4306,0,0
580,392,443,-98,-1536,-3505,0,0
1003,-1240,573,-908,-1112,-2127,0,0
1960,-1397,131,-693,-309,-2116,0,0
2531,-1334,-497,171,1331,-520,0,0
1545,290,-661,869,911,-1126,0,0
-1095,1937,79,1551,-90,-6956,0,0
-3466,-293,342,-255,1183,-12284,0,0
-2534,-2110,435,-4768,3199,-10470,0,0
283,77,386,-2846,1224,-8046,0,0
661,143,-47,-1235,1049,-6725,0,0
636,-35,-206,-911,39,-4640,0,0
614,133,-215,-621,-98,-3774,0,0
660,-360,-281,-829,195,-3143,0,0
732,-198,-272,-694,485,-2797,0,0
728,196,-299,-294,1039,-2758,0,0
747,31,-308,104,1035,-2322,0,0
590,-234,-183,-69,473,-1782,0,0
231,-183,73,-335,31,-2266,0,0
83,-209,122,-602,-200,-2084,0,0
0,8,0,-701,-401,-2010,0,0
-168,336,-13,-648,-1342,-1996,0,0
-679,317,126,-620,-960,-2848,0,0
-1137,-269,-18,-1245,-29,-3766,0,0
-819,-460,-11,-1166,49,-3666,0,0
-239,-264,37,-843,649,-2907,0,0
183,5,-20,-489,724,-2364,0,0
81,426,120,-345,1238,-2635,0,0
-402,709,494,-2648,1363,-4255,0,0
-810,159,950,-2011,643,-8423,0,0
-513,-1005,751,-4367,136,-11440,0,0
285,-968,-231,-4576,904,-11760,0,0
977,-433,-863,-2452,1898,-11372,0,0
1308,-1160,-710,-1686,2122,-9203,0,0
1312,-1694,-284,-1521,2358,-4634,0,0
832,-392,75,-2191,2108,271,0,0
63,4140,4,-933,-95,4925,0,0
-2064,2874,-684,2148,1534,862,0,0
-2962,-2414,-819,-620,-1864,-1933,0,0
-1419,-1967,975,-1047,-4625,-296,0,0
-732,-44,1151,-917,-2916,-2908,0,0
-305,-825,-196,-756,-1058,-4709,0,0
215,-878,-1256,76,2849,-2017,0,0
599,1101,-1243,647,5439,306,0,0
605,4229,364,1503,2663,-1250,0,0
-370,2125,1783,-510,-544,-4593,0,0
-768,-1928,1527,-2310,-326,-4127,0,0
456,-1924,352,-3616,-400,-4090,0,0
1992,-1031,-634,-2230,729,-4639,0,0
2360,-702,-1038,-442,369,-2240,0,0
560,1453,-840,1327,-64,-3132,0,0
-2200,1787,-343,1511,815,-8411,0,0
-3098,-1103,521,-1460,3438,-9510,0,0
-1287,-959,1137,-3887,3133,-7106,0,0
-94,733,594,-2197,1275,-7447,0,0
-21,287,-8,-1351,1162,-6153,0,0
362,10,-178,-1294,874,-4078,0,0
634,-39,-195,-1006,650,-3702,0,0
814,-300,-332,-760,568,-3083,0,0
874,-126,-325,-170,556,-2361,0,0
703,-20,-109,56,852,-2165,0,0
423,-133,96,-46,932,-2728,0,0
205,-292,251,-457,836,-3217,0,0
134,-299,249,-846,1072,-3645,0,0
281,-47,-33,-1140,1134,-3617,0,0
335,513,-216,-845,689,-3805,0,0
166,298,-198,-632,400,-4018,0,0
-57,-423,-314,-1083,164,-4086,0,0
-119,-532,-506,-1248,-71,-3947,0,0
-61,-402,-679,-1006,-92,-3288,0,0
-151,-60,-606,-750,-479,-3110,0,0
-370,-117,-269,-963,-248,-3707,0,0
-244,-391,-42,-1432,-323,-3172,0,0
-98,-129,128,-1417,-270,-2725,0,0
69,142,291,-1278,-726,-2462,0,0
251,205,283,-879,-714,-2076,0,0
450,197,28,-321,503,-1522,0,0
591,514,-233,369,1425,-1358,0,0
517,648,-117,707,1381,-1739,0,0
187,841,611,118,1054,-2900,0,0
-724,962,1303,-1366,594,-6994,0,0
-1429,-796,1320,-4767,64,-12963,0,0
-1110,-1902,186,-8208,1286,-15493,0,0
78,-1090,-1468,-6431,3049,-15440,0,0
1474,-731,-2019,-1693,2922,-10111,0,0
1913,-927,-1422,1213,3085,-3158,0,0
1312,656,-461,1571,1596,3842,0,0
-999,2889,683,1518,-217,5896,0,0
-3166,497,505,338,-821,1805,0,0
-1618,415,-895,895,-2979,2551,0,0
-718,1698,-188,2715,-1665,-1042,0,0
-830,625,1359,179,-850,-4405,0,0
-622,-443,1334,-881,35,-3911,0,0
-456,-610,195,-1471,3322,-2452,0,0
-324,1366,-114,-467,3961,-4332,0,0
150,1416,836,-833,1153,-5852,0,0
1027,122,1009,-1511,-1032,-3351,0,0
1594,-1008,546,-484,-2054,-2148,0,0
1910,-1906,192,-290,-567,-1754,0,0
1859,-1092,-349,1078,1033,-145,0,0
-196,866,-451,1481,2218,-3652,0,0
-2997,1336,-264,383,3138,-11742,0,0
-2873,-1025,252,-2629,3746,-11687,0,0
-621,-1507,607,-4620,2416,-9503,0,0
785,504,-60,-1120,224,-7821,0,0
493,137,-637,291,1530,-5976,0,0
837,110,-267,43,697,-4140,0,0
1211,190,185,163,-246,-3319,0,0
997,-583,112,-268,55,-2825,0,0
720,-574,-171,-465,597,-2449,0,0
522,-198,-332,-164,1040,-2839,0,0
557,-109,-411,-136,875,-2757,0,0
599,139,-315,109,601,-2595,0,0
387,-208,-159,8,349,-2861,0,0
81,-736,-102,-703,-174,-2981,0,0
-94,-518,-185,-1006,-180,-3132,0,0
-15,-7,-277,-849,-536,-2966,0,0
-181,22,-116,-949,-1062,-3354,0,0
-534,-499,-20,-1598,-526,-4016,0,0
-365,-343,-201,-1835,-292,-3186,0,0
-360,244,-238,-1506,-155,-3776,0,0
-450,-102,-130,-1720,-422,-4075,0,0
-371,-422,-46,-1704,-909,-3803,0,0
-179,-342,44,-1350,-1017,-3399,0,0
146,-6,92,-684,-591,-2341,0,0
226,357,122,229,356,-1094,0,0
-66,286,285,487,1108,-990,0,0
-253,132,543,90,1113,-1338,0,0
-440,252,672,-500,1399,-2552,0,0
-535,520,550,-2008,2068,-5351,0,0
-364,761,421,-3342,591,-9209,0,0
-657,-103,-36,-3986,872,-12975,0,0
-867,-1793,-680,-4658,2266,-16350,0,0
290,-1723,-1066,-2211,3954,-9309,0,0
1069,705,-439,1423,2109,-1302,0,0
-594,2771,460,360,527,3819,0,0
-2899,2236,140,-610,-119,1241,0,0
-2509,-523,-680,-558,-1568,-1091,0,0
-723,-1363,273,-98,-604,-2043,0,0
613,-965,1304,-1511,-186,-2726,0,0
658,-372,401,-1342,-98,-2988,0,0
201,28,-637,-300,1851,-1650,0,0
-629,1120,-788,340,2572,-2555,0,0
-516,1054,237,-137,-412,-4443,0,0
340,-354,660,-873,-886,-3943,0,0
1556,-777,101,-1073,-658,-3191,0,0
2686,-550,-240,4,1478,-3121,0,0
2671,-777,-329,-134,4242,-2947,0,0
1616,675,86,-803,3429,-3773,0,0
-508,1700,512,-656,-51,-8647,0,0
-1929,-1287,409,-3427,444,-10373,0,0
-850,-1276,155,-4081,973,-7365,0,0
88,366,-455,-1390,419,-6692,0,0
240,499,-749,-208,17,-5132,0,0
434,600,-647,83,45,-3442,0,0
485,4,-420,0,123,-3079,0,0
494,-714,-255,-697,171,-2364,0,0
525,-211,-78,-805,-12,-2029,0,0
510,239,71,-626,-166,-2320,0,0
319,-123,56,-778,-132,-2266,0,0
70,190,133,-652,148,-2399,0,0
-66,634,472,-115,446,-3341,0,0
-141,-78,518,-468,668,-3561,0,0
-237,123,382,-780,427,-3864,0,0
-346,246,414,-874,81,-4781,0,0
-314,-352,246,-1531,159,-4787,0,0
-169,-154,-107,-1387,183,-4569,0,0
-136,-82,-350,-945,186,-4338,0,0
-106,-237,-448,-982,-56,-3732,0,0
-85,-48,-342,-564,-372,-3126,0,0
-237,-123,-185,-230,-179,-2691,0,0
-347,-43,-11,-254,45,-2306,0,0
-241,301,262,-245,148,-1678,0,0
-96,568,564,-492,-133,-1385,0,0
-170,424,562,-834,181,-1503,0,0
-599,-322,19,-1308,1276,-2885,0,0
-829,-405,-334,-1425,2376,-4901,0,0
-380,-78,124,-1996,2088,-7209,0,0
325,-217,267,-3079,2196,-8394,0,0
341,-197,-187,-3771,1030,-11216,0,0
76,-1249,-457,-4689,1425,-13692,0,0
515,-1846,-1285,-4244,2151,-10759,0,0
1088,-831,-1360,-1119,2872,-6317,0,0
1110,262,-570,327,2663,-1799,0,0
87,2073,177,690,-1006,3737,0,0
-2389,1053,-37,876,-236,1088,0,0
-1932,-691,-1397,1155,-1210,1997,0,0
-202,1431,-237,3428,-1067,216,0,0
246,396,2214,-1092,-1241,-2312,0,0
69,375,1498,-1885,-2299,-2218,0,0
-332,-414,-135,-897,483,-1715,0,0
-477,821,-504,421,3006,-1312,0,0
-611,1596,731,231,2169,-3894,0,0
-113,219,1370,-1231,556,-3424,0,0
677,-437,928,-1554,-899,-3433,0,0
1730,-755,246,-808,528,-3352,0,0
2203,-495,-436,1058,2851,-971,0,0
283,1125,141,332,1108,-4195,0,0
-2588,1118,362,580,1068,-11042,0,0
-3383,-1239,-319,-1741,3475,-11374,0,0
-1299,-3552,55,-4015,3680,-9930,0,0
644,460,-118,-1462,1292,-7945,0,0
960,-174,-626,-537,557,-5149,0,0
1322,-2,-605,-81,915,-2967,0,0
1524,95,-311,86,982,-2444,0,0
1311,-328,-104,-381,714,-2213,0,0
961,-463,-26,-897,293,-2092,0,0
658,-244,-49,-929,-109,-2269,0,0
441,5,-77,-836,-207,-2705,0,0
374,144,-46,-681,101,-2789,0,0
372,449,79,-340,419,-2945,0,0
279,442,172,-156,540,-3041,0,0
-6,377,128,-165,-185,-3475,0,0
-389,236,162,-141,-483,-4423,0,0
-567,-289,131,-601,-202,-5114,0,0
-442,-527,-119,-1044,77,-5113,0,0
-214,-254,-350,-984,166,-5103,0,0
-64,-234,-400,-809,183,-5133,0,0
13,-453,-454,-788,5,-4482,0,0
19,-495,-521,-645,-75,-3694,0,0
35,-657,-431,-2688,-27,-3082,0,0
169,-526,-272,-775,185,-2035,0,0
118,361,-108,-814,247,-1791,0,0
-199,979,198,-956,-276,-2781,0,0
-609,142,414,-1590,-593,-4062,0,0
-661,-841,324,-2485,-681,-4184,0,0
-170,-268,34,-1970,-683,-3147,0,0
417,509,-251,-245,-226,-1796,0,0
565,12,-327,454,634,-738,0,0
158,-126,-262,549,1518,-742,0,0
-177,140,139,117,801,-2107,0,0
-393,312,808,-813,1151,-3618,0,0
-823,711,883,-2100,1745,-7115,0,0
-907,-215,653,-3620,923,-11574,0,0
-782,-1161,-109,-5097,950,-13688,0,0
-305,-1128,-1062,-3943,2705,-15232,0,0
923,-1405,-1096,-1785,2586,-10942,0,0
1531,-1355,-400,18,2349,-4435,0,0
1105,522,207,-801,1912,2243,0,0
-854,5204,198,-482,579,6018,0,0
-3524,1975,-1409,56,2140,-836,0,0
-2538,-2891,-1559,-1144,-1925,286,0,0
-13,1106,862,-167,-575,612,0,0
829,2220,1957,-820,-666,-2321,0,0
377,401,777,-911,-762,-2840,0,0
-351,-23,-600,84,170,-1717,0,0
-984,1088,-1463,1271,1990,-2705,0,0
-854,1575,-876,1580,1049,-5112,0,0
393,371,78,865,-366,-2775,0,0
1552,-79,761,140,-1727,-2439,0,0
2480,-622,1129,416,-1845,-2362,0,0
2249,-1608,831,654,296,-2873,0,0
308,-1013,-43,539,3089,-8562,0,0
-649,-318,357,-179,1741,-10575,0,0
-1095,-801,743,-1823,1046,-10303,0,0
-587,-1069,480,-2840,1818,-7993,0,0
257,-131,123,-1299,1071,-5628,0,0
307,317,91,-661,95,-5036,0,0
343,340,-38,-298,63,-3958,0,0
437,-300,-230,-361,524,-3340,0,0
502,-726,-295,-520,821,-2761,0,0
585,-269,-406,-194,1180,-2852,0,0
642,-241,-447,-43,843,-2851,0,0
540,-381,-471,-353,425,-2347,0,0
293,-41,-506,-437,87,-2409,0,0
4,130,-374,-585,-728,-2578,0,0
-306,373,79,-719,-1376,-3635,0,0
-604,-281,153,-1194,291,-4700,0,0
-336,-499,-307,-1621,12,-3789,0,0
-266,179,-245,-1071,-111,-4340,0,0
-180,-315,157,-1309,-377,-4364,0,0
31,-625,348,-1924,-602,-3945,0,0
232,-347,366,-1956,-575,-4036,0,0
479,-355,312,-1819,-715,-3520,0,0
555,-21,246,-1358,-327,-2792,0,0
341,194,344,-1052,-151,-3009,0,0
143,-222,355,-1126,-17,-2961,0,0
225,-153,70,-722,357,-1922,0,0
265,484,-87,104,84,-1242,0,0
107,771,79,267,-58,-605,0,0
-235,1073,276,172,163,-309,0,0
-841,873,277,105,787,-1278,0,0
-1429,90,288,-491,826,-3082,0,0
-1508,-258,403,-1326,1414,-5208,0,0
-1393,214,107,-2372,2354,-8147,0,0
-964,96,97,-3157,1417,-13043,0,0
-458,-1402,-309,-4778,2268,-15217,0,0
626,-1850,-1039,-4434,2974,-14493,0,0
1718,-1551,-1188,-2107,2792,-10300,0,0
1869,-1492,-915,-94,2610,-4251,0,0
1265,238,-334,-558,2061,1436,0,0
28,4133,-25,72,758,5541,0,0
-2398,2753,-445,2567,2332,2179,0,0
-3262,-2492,-568,-644,1180,-1261,0,0
-883,501,342,-1452,-1575,2610,0,0
105,3763,1333,1110,-1681,-611,0,0
-610,733,905,-387,-2709,-3307,0,0
-1357,628,-70,-40,-1579,-4593,0,0
-1668,-20,-495,920,2165,-3961,0,0
-1022,-180,-420,276,3578,-4527,0,0
731,1083,332,-436,1176,-4295,0,0
2160,921,1172,-1286,-1554,-3903,0,0
3057,-853,1110,-1236,-928,-3558,0,0
3179,-2266,218,350,1426,-2522,0,0
1260,-1273,-369,520,1319,-4154,0,0
-1378,685,-490,1380,2523,-9925,0,0
-2216,120,-1043,315,1807,-8429,0,0
-1194,-620,121,-1140,2178,-7606,0,0
108,82,801,-1131,1047,-6966,0,0
369,-344,104,-689,189,-6475,0,0
787,-807,-224,-682,701,-3929,0,0
1252,-482,-83,-415,800,-3056,0,0
1326,-603,109,-569,513,-2568,0,0
1060,-387,220,-667,-122,-2194,0,0
689,-11,340,-328,-264,-2884,0,0
586,-854,399,-603,-126,-3079,0,0
563,-670,275,-995,468,-2445,0,0
351,770,289,-442,166,-3125,0,0
-14,407,455,-541,-629,-4186,0,0
-162,-549,393,-1499,-820,-4112,0,0
4,-197,180,-1591,-586,-4252,0,0
175,194,-178,-1042,-397,-3844,0,0
73,284,-501,-662,-507,-3070,0,0
-331,400,-629,-442,-480,-3194,0,0
-824,-106,-685,-813,235,-4073,0,0
-744,-386,-784,-1256,449,-4340,0,0
-333,327,-613,-802,-481,-4241,0,0
-346,7,-204,-850,-662,-5273,0,0
-64,-727,-246,-1397,-699,-3530,0,0
13,290,-377,-628,-81,-2963,0,0
-215,554,-170,-288,244,-3954,0,0
-207,-87,167,-884,-336,-4198,0,0
-56,-254,291,-1443,-562,-4433,0,0
172,33,259,-1443,-496,-4383,0,0
269,346,273,-960,-387,-4016,0,0
137,385,367,-637,-279,-3766,0,0
-87,-122,422,-729,-495,-3941,0,0
-72,-646,339,-1140,-435,-3251,0,0
117,-19,283,-794,103,-2471,0,0
125,681,343,-180,737,-2000,0,0
-89,694,354,-358,546,-1512,0,0
-390,709,301,-665,-169,-2203,0,0
-559,-51,69,-691,-410,-3191,0,0
-305,-788,-239,-802,71,-3298,0,0
239,-347,-443,-422,821,-3115,0,0
630,406,-293,633,1414,-2511,0,0
-78,595,55,472,1499,-5028,0,0
-943,-393,1047,-1760,-346,-11617,0,0
-1211,-2379,790,-5829,653,-15416,0,0
52,-2513,-447,-7088,2311,-16119,0,0
1671,-952,-895,-2656,1916,-10517,0,0
1749,-1115,-734,17,1308,-3497,0,0
853,585,-665,-1559,625,3856,0,0
-1080,4531,-1303,953,1010,5658,0,0
-3337,1372,-1919,2982,2333,-452,0,0
-2550,-1359,-905,711,-193,-1586,0,0
26,1658,1052,54,-2382,-1269,0,0
522,1555,1421,-627,-1810,-3450,0,0
289,-96,399,-589,-1199,-3551,0,0
113,-305,105,-301,57,-1882,0,0
72,640,6,265,1630,-2183,0,0
336,1119,286,290,835,-3238,0,0
807,298,760,-409,-464,-3108,0,0
1489,-784,885,-771,-1150,-3047,0,0
2150,-1664,515,-693,567,-3171,0,0
2167,-2113,40,-375,405,-3379,0,0
542,-776,176,-1355,-1795,-5105,0,0
-1963,686,-290,-1160,-511,-9128,0,0
-2550,-179,-862,-1528,1433,-8337,0,0
-1316,-106,110,-2050,1642,-6795,0,0
-452,590,438,-1483,376,-6232,0,0
-183,122,-135,-1178,-46,-5368,0,0
477,-158,-368,-492,532,-3233,0,0
762,-328,-204,-417,561,-2590,0,0
693,-169,86,-806,110,-2570,0,0
474,224,334,-719,-353,-2934,0,0
213,-191,411,-894,-360,-4045,0,0
220,-521,273,-1133,-222,-4021,0,0
336,-142,166,-692,-280,-4028,0,0
304,142,132,-342,-553,-4028,0,0
96,9,82,-394,-1006,-3907,0,0
-39,-247,61,-754,-676,-3550,0,0
-8,10,-22,-924,-46,-3427,0,0
106,410,-144,-604,325,-3180,0,0
5,431,-157,-327,-35,-3138,0,0
-350,6,113,-599,-417,-4154,0,0
-529,-668,207,-1479,-451,-4897,0,0
-444,-523,-291,-1791,-390,-4646,0,0
-434,166,-666,-1074,-426,-4884,0,0
-287,-222,-595,-720,-74,-4440,0,0
75,-345,-540,-473,185,-2840,0,0
-19,587,-292,-188,151,-3009,0,0
-298,562,275,-547,-105,-4205,0,0
-325,-631,546,-1818,-341,-4667,0,0
-88,-688,262,-2601,-460,-4753,0,0
193,111,-10,-1905,-579,-4810,0,0
417,215,-34,-1179,-526,-4263,0,0
527,39,124,-877,-311,-3562,0,0
490,-149,385,-782,-279,-3181,0,0
358,-561,402,-927,-308,-2648,0,0
212,-451,195,-854,93,-2137,0,0
42,182,56,-508,261,-2047,0,0
-160,520,113,-512,12,-2214,0,0
-369,405,183,-703,-87,-2263,0,0
-413,48,30,-657,108,-1979,0,0
-420,6,-222,-659,424,-1758,0,0
-440,643,-285,-434,607,-1869,0,0
-623,1071,28,-186,788,-3096,0,0
-1231,609,275,-1094,1224,-6654,0,0
-1442,-694,349,-2852,607,-12205,0,0
-710,-1772,-281,-5184,1965,-13980,0,0
574,-723,-776,-3231,2720,-13634,0,0
1241,-1367,-606,-890,2500,-8624,0,0
1019,-1199,43,-754,1745,-4163,0,0
450,654,290,-880,1639,-885,0,0
-447,3141,-33,-866,1467,1406,0,0
-1712,4064,-836,-192,273,-1136,0,0
-1412,851,-1221,-1352,-3058,-3054,0,0
14,-337,-431,-1391,-541,1176,0,0
862,407,286,-278,304,-262,0,0
595,-529,278,-1160,-1927,-2328,0,0
-62,-828,-396,-157,-685,-2051,0,0
-515,-851,-913,833,895,-2329,0,0
-167,-198,-572,526,799,-3427,0,0
966,935,-54,801,18,-2685,0,0
1611,170,346,536,-248,-2996,0,0
2142,-1172,619,-117,303,-3049,0,0
2418,-1132,559,-424,-314,-2580,0,0
1314,-62,267,-644,-1558,-5170,0,0
-30,1243,103,-50,-3171,-6188,0,0
-1806,1323,-234,1223,-527,-9196,0,0
-2113,-184,310,-826,2144,-9282,0,0
-727,-73,1365,-2027,106,-7062,0,0
-403,-96,1082,-1844,-768,-5653,0,0
-645,-89,271,-797,-748,-5260,0,0
-468,-456,97,-49,144,-4723,0,0
141,-707,202,-261,632,-3670,0,0
539,-500,148,-221,724,-2881,0,0
345,-541,-72,-457,917,-2625,0,0
107,-116,-242,-529,650,-2971,0,0
26,-137,-172,-458,497,-3847,0,0
41,-632,-307,-1174,433,-4005,0,0
246,-64,-360,-1428,-879,-3521,0,0
134,367,-29,-1034,-1189,-4116,0,0
-78,-528,-226,-1597,215,-3851,0,0
83,-210,-513,-1496,60,-3290,0,0
38,300,-376,-1115,167,-3446,0,0
-20,-408,-97,-1496,-229,-3403,0,0
-15,-602,105,-2156,-443,-3299,0,0
105,3,-30,-2127,-201,-3305,0,0
183,256,-141,-1618,-397,-3333,0,0
137,275,14,-1253,156,-3234,0,0
199,399,470,-846,-220,-3887,0,0
317,-126,649,-954,-444,-3858,0,0
371,-95,458,-1077,-640,-3545,0,0
188,473,304,-702,-899,-3795,0,0
-167,94,106,-863,-794,-3937,0,0
-406,-152,-227,-1065,-352,-3578,0,0
-510,136,-467,-641,43,-3176,0,0
-426,247,-422,-194,255,-2489,0,0
-151,62,-245,10,-41,-1677,0,0
28,-420,-150,-131,-25,-1187,0,0
58,-332,-142,-310,12,-746,0,0
-190,322,213,-344,705,-1850,0,0
-817,590,395,-1511,762,-4928,0,0
-1033,265,753,-3107,-488,-10329,0,0
-984,-1001,-21,-5025,482,-13914,0,0
-264,-1738,-1017,-4414,2817,-15420,0,0
1270,-1880,-695,-2834,3018,-10695,0,0
1946,-1162,-70,-1498,1318,-4950,0,0
1273,-549,309,-1155,282,-1683,0,0
245,1134,245,-2299,219,795,0,0
-747,4436,-490,9,-337,1424,0,0
-1731,2296,-953,138,-1228,-1882,0,0
-991,-236,-735,-951,-643,185,0,0
206,1372,-120,197,-640,909,0,0
401,1101,556,248,-1429,-1224,0,0
-122,100,477,-558,-1014,-2561,0,0
-358,-181,-131,218,896,-1700,0,0
-550,400,-618,976,1559,-2382,0,0
-439,613,-42,538,118,-5151,0,0
547,-243,518,-297,-991,-4667,0,0
1784,-1216,590,-722,-695,-5131,0,0
2642,-2050,211,-868,-90,-3470,0,0
1718,-1258,-39,-612,-1113,-3610,0,0
-273,375,-248,-148,-1461,-6111,0,0
-1828,828,-624,254,251,-7356,0,0
-1831,-391,-30,-1061,2138,-8135,0,0
-275,-580,1137,-2354,279,-6496,0,0
290,161,886,-2025,-726,-5319,0,0
111,261,37,-1106,-380,-4476,0,0
-19,-24,-293,-571,259,-3626,0,0
19,-351,-270,-478,525,-3373,0,0
82,-196,-122,-648,631,-3396,0,0
164,60,-91,-560,156,-3274,0,0
105,-327,-24,-789,-428,-3226,0,0
-35,-449,48,-3304,-150,-3254,0,0
63,-101,-25,-1133,-216,-3215,0,0
151,43,45,-1018,-627,-3242,0,0
174,44,320,-1077,-1190,-3434,0,0
194,-132,542,-972,-803,-3446,0,0
256,138,596,-668,-215,-3349,0,0
150,340,534,-423,706,-3459,0,0
-53,354,332,-684,793,-3464,0,0
-283,638,402,-689,-376,-4327,0,0
-538,60,410,-1268,-503,-5026,0,0
-517,-315,-18,-1675,-223,-4907,0,0
-330,176,-465,-1137,150,-4674,0,0
-229,179,-640,-477,426,-4541,0,0
-237,-275,-676,-579,424,-4098,0,0
-310,63,-632,-489,74,-4032,0,0
-443,-6,-451,-522,-468,-4823,0,0
-266,-661,-388,-919,-594,-4281,0,0
35,-311,-528,-439,144,-3075,0,0
-98,206,-395,-390,229,-3309,0,0
-325,252,71,-1043,-333,-4136,0,0
-292,-303,396,-1694,-836,-4756,0,0
-55,-705,278,-2086,-672,-4669,0,0
342,-129,10,-1290,-336,-4029,0,0
590,133,59,-339,189,-2757,0,0
405,-15,382,-316,417,-2212,0,0
-130,-454,415,-710,853,-2609,0,0
-364,-461,215,-1027,470,-2341,0,0
-271,255,302,-956,-64,-3149,0,0
96,379,212,-940,13,-3157,0,0
429,472,-234,-600,853,-2221,0,0
624,729,-339,79,519,-1753,0,0
277,342,-55,-177,1048,-2455,0,0
-452,52,300,-1606,-35,-5865,0,0
-572,-1152,620,-3334,723,-9063,0,0
-22,-1353,-197,-4825,1119,-9009,0,0
102,-486,-633,-3558,-103,-11671,0,0
-45,-1743,-712,-3607,359,-11423,0,0
350,-1655,-1075,-2899,573,-8461,0,0
807,-507,-679,-1265,451,-5323,0,0
672,386,-46,-549,879,-1447,0,0
3,2836,207,-972,378,4303,0,0
-2041,5854,-396,1905,1322,3979,0,0
-3757,705,-1912,605,2038,-2350,0,0
-2625,-1654,-669,715,-160,-722,0,0
-272,1844,2182,-886,-839,-2529,0,0
639,1278,1915,-1688,-2244,-5387,0,0
70,-720,138,-838,-2605,-3651,0,0
-357,-721,-415,462,165,-3058,0,0
122,-498,-108,438,1854,-3556,0,0
1160,337,431,10,1010,-3691,0,0
1810,-276,694,-548,535,-3854,0,0
2119,-1535,507,-1154,951,-4773,0,0
2351,-2090,66,-1992,962,-5089,0,0
2202,-700,-166,-1356,-372,-4039,0,0
865,1111,-310,321,-1000,-4471,0,0
-1076,694,-681,103,-777,-7780,0,0
-1013,-510,-266,-1200,-459,-5637,0,0
-187,-429,426,-1589,-89,-4242,0,0
41,219,199,-1138,-412,-4497,0,0
-106,233,-106,-547,49,-4337,0,0
-168,-175,-27,-853,370,-3828,0,0
-23,-20,158,-1023,-94,-3677,0,0
-65,57,248,-789,-133,-3974,0,0
-198,-363,269,-1058,-228,-3957,0,0
-84,-286,131,-1044,-163,-3917,0,0
115,50,-120,-432,99,-3780,0,0
84,76,-241,-215,285,-3406,0,0
-58,376,-260,-131,479,-3208,0,0
-172,382,-83,-95,45,-3973,0,0
-201,-215,60,-797,-78,-4179,0,0
-146,-77,-91,-1071,-33,-4312,0,0
-147,41,-320,-778,120,-4451,0,0
-125,-155,-512,-601,18,-4047,0,0
-109,-112,-615,-440,-592,-3686,0,0
-273,-125,-538,-373,-1287,-3541,0,0
-579,-430,-279,-576,-1668,-3942,0,0
-682,-579,-77,-972,-633,-3809,0,0
-613,-137,-95,-1136,725,-4413,0,0
-258,-51,-17,-1415,405,-4643,0,0
175,45,342,-1632,-211,-4738,0,0
505,-124,597,-1847,-846,-4691,0,0
623,-273,507,-1897,-924,-4209,0,0
571,36,268,-1475,-252,-3391,0,0
448,480,263,-806,-113,-3494,0,0
390,-117,331,-698,-126,-3313,0,0
413,-246,223,-761,-42,-2506,0,0
171,596,218,-326,-238,-2585,0,0
-253,393,273,-312,-343,-2964,0,0
-524,-245,148,-831,72,-2728,0,0
-239,-23,36,-639,248,-2103,0,0
116,208,78,-232,158,-1651,0,0
204,51,81,-297,211,-1187,0,0
76,262,-11,26,853,-1637,0,0
-188,305,220,-43,1084,-3528,0,0
-639,789,706,-1409,765,-7072,0,0
-1313,313,739,-3376,-1977,-14893,0,0
-1350,-3228,-111,-6130,1164,-18070,0,0
637,-2843,-1235,-5875,2623,-14963,0,0
2332,-686,-985,-612,732,-9525,0,0
1864,-2387,-650,479,2327,-3946,0,0
1176,1055,-608,-2759,1768,8226,0,0
-790,6728,-836,3321,1750,7127,0,0
-3489,-1547,-1343,1224,784,-466,0,0
-1865,-1954,914,-845,-2303,2411,0,0
-33,3416,2310,-985,-711,-1167,0,0
37,298,1591,-1893,-2174,-5592,0,0
-26,-1393,-99,-2530,-1318,-4137,0,0
-95,-45,-1382,-339,3149,-3040,0,0
-116,1405,-1615,746,4008,-4891,0,0
295,1954,-760,713,-164,-5796,0,0
584,-128,124,77,-1686,-4580,0,0
1254,-1656,248,-161,-2041,-3751,0,0
2593,-2136,-303,461,417,-1942,0,0
2784,-1255,-930,1124,1332,290,0,0
1311,1187,106,13,-2308,-2148,0,0
-899,1729,1212,-497,-3277,-6814,0,0
-2413,16,291,-2002,-624,-8994,0,0
-1733,-777,326,-3273,1470,-9306,0,0
33,269,918,-2409,-222,-6945,0,0
231,210,443,-1667,-552,-4129,0,0
-409,988,-358,-123,30,-4048,0,0
-707,190,-346,380,448,-4557,0,0
-449,-486,309,-700,609,-4431,0,0
179,151,486,-859,194,-3863,0,0
506,104,91,-691,175,-2927,0,0
360,212,-135,-962,159,-2267,0,0
-53,478,-2128,-1016,-44,-2657,0,0
-442,-430,93,-1250,-198,-3636,0,0
-374,-1405,162,-1958,-192,-3916,0,0
79,-778,117,-1970,-790,-3410,0,0
190,414,-5,-1005,-491,-3566,0,0
147,493,-6,-451,-205,-4139,0,0
335,34,229,-442,371,-3886,0,0
486,219,130,-497,1128,-3242,0,0
216,1023,107,-157,-345,-4051,0,0
-415,242,363,-514,-984,-4852,0,0
-650,-833,110,-1598,-348,-4625,0,0
-275,-192,-475,-1557,318,-4085,0,0
57,870,-585,-507,530,-3837,0,0
24,358,-415,-293,351,-3762,0,0
-168,-243,-488,-704,-91,-3453,0,0
-485,17,-518,-392,-575,-4290,0,0
-724,-555,-488,-423,-453,-4744,0,0
-459,-651,-526,-418,270,-3215,0,0
-85,682,-449,83,688,-991,0,0
-423,1982,-150,285,1024,-487,0,0
-1304,1781,21,-349,1737,-1630,0,0
-2043,936,-31,-826,1951,-2409,0,0
-2638,-107,-170,-812,2413,-2634,0,0
-3042,-655,-187,-1038,2874,-3963,0,0
-2908,-220,-374,-1338,3314,-4135,0,0
-2599,1368,-831,-586,3513,-3753,0,0
-2361,2742,-1188,639,3101,-3366,0,0
-2514,2333,-1413,1262,4004,-3516,0,0
-2531,1054,-1609,1144,4451,-3093,0,0
-2412,532,-1443,993,4231,-3331,0,0
-2028,444,-1043,784,4216,-3115,0,0
-1451,612,-605,807,4006,-2755,0,0
-955,467,9,761,3861,-2655,0,0
-578,406,496,559,3712,-2327,0,0
-352,370,683,642,3436,-2336,0,0
-176,-105,736,671,3341,-2090,0,0
8,-602,782,498,3666,-1611,0,0
215,-617,816,450,3809,-1215,0,0
374,-228,832,473,3947,-636,0,0
375,506,858,584,3961,-177,0,0
220,1103,868,788,3954,-191,0,0
72,1052,790,931,4018,-370,0,0
16,517,589,910,3951,-209,0,0
-46,15,338,801,3858,-182,0,0
-123,-237,76,711,3775,-456,0,0
-175,-263,-192,678,3796,-567,0,0
-215,-142,-478,726,3817,-625,0,0
-252,-62,-729,780,3670,-664,0,0
-316,-18,-912,810,3924,-735,0,0
-313,-1,-1080,888,4336,-789,0,0
-180,75,-1114,868,4357,-503,0,0
-85,289,-908,906,4031,-518,0,0
-70,245,-591,967,3741,-752,0,0
-51,0,-282,856,3569,-772,0,0
-8,-154,-54,723,3572,-837,0,0
82,-222,112,525,3672,-902,0,0
186,-148,294,226,3602,-846,0,0
196,12,477,-33,3406,-914,0,0
129,-203,541,-113,3546,-1161,0,0
135,-1384,187,-1057,3750,-1281,0,0
160,-1195,-103,-1293,3753,-1273,0,0
134,364,-7,-402,3605,-1228,0,0
27,577,84,146,3367,-1013,0,0
-111,37,94,287,3170,-843,0,0
-242,-182,110,245,3193,-863,0,0
-342,4,117,214,3349,-1150,0,0
-360,378,143,260,3362,-1285,0,0
-356,641,256,355,3390,-1423,0,0
-344,780,332,302,3814,-1381,0,0
-321,1124,299,758,4765,-880,0,0
-281,482,235,516,4391,-663,0,0
-207,-8,269,288,3483,-571,0,0
-299,-424,250,477,3457,-372,0,0
-342,-311,230,933,3694,-537,0,0
-274,-444,230,1195,3624,-347,0,0
-249,-1060,178,959,3632,-63,0,0
-192,-1098,137,857,3743,173,0,0
-93,-830,108,837,4052,386,0,0
31,-357,81,900,4259,487,0,0
104,23,119,998,4187,448,0,0
99,112,259,1021,3906,241,0,0
47,-6,380,986,3684,73,0,0
73,-297,322,733,3678,-142,0,0
182,-173,107,496,3690,-362,0,0
171,430,-61,871,3727,-294,0,0
69,522,-214,1193,3862,-229,0,0
32,99,-302,1230,3837,-107,0,0
41,-152,-264,1108,3655,116,0,0
38,-111,-188,1156,3654,128,0,0
9,-155,-157,1125,3777,205,0,0
-15,-159,-168,1118,3911,173,0,0
13,-246,-170,1013,3907,-128,0,0
14,-90,-93,865,3857,-129,0,0
30,178,-46,597,3844,-309,0,0
124,185,-173,103,3901,-685,0,0
250,293,-354,93,3880,-687,0,0
276,384,-314,372,3793,-396,0,0
293,329,-236,242,3813,-140,0,0
248,407,-251,118,3736,-152,0,0
55,438,-420,112,3866,-605,0,0
-88,392,-569,220,3884,-1332,0,0
13,455,-425,459,3795,-1653,0,0
234,362,-121,446,3700,-1245,0,0
294,140,17,193,3483,-789,0,0
198,99,-33,4,3299,-843,0,0
105,185,-103,93,3582,-1186,0,0
103,167,-97,247,3802,-1273,0,0
142,39,-10,194,3728,-1084,0,0
156,-81,67,17,3606,-837,0,0
124,-134,51,-83,3580,-729,0,0
70,-98,-3,-250,3639,-826,0,0
25,112,-31,-199,3718,-838,0,0
-14,309,11,102,3730,-945,0,0
-13,283,75,126,3684,-1012,0,0
-50,145,130,244,3744,-1117,0,0
-83,-173,141,235,3929,-1300,0,0
-25,-373,200,253,3930,-1346,0,0
68,-512,329,287,3759,-1188,0,0
135,-379,473,374,3600,-1081,0,0
170,-79,519,462,3522,-1037,0,0
178,66,426,616,3469,-1027,0,0
157,26,326,646,3509,-987,0,0
89,-71,230,661,3598,-925,0,0
-2,-173,113,758,3511,-961,0,0
-71,-280,-16,776,3571,-907,0,0
-90,-302,-171,815,3772,-903,0,0
-37,-263,-314,864,3829,-883,0,0
49,-173,-375,893,3933,-876,0,0
170,-17,-351,923,3992,-795,0,0
278,185,-264,983,3940,-736,0,0
329,311,-162,1039,3862,-756,0,0
369,328,-68,1018,3653,-674,0,0
381,362,9,951,3606,-603,0,0
359,468,23,919,3822,-544,0,0
279,656,-16,928,3961,-402,0,0
63,797,-18,1030,3757,-510,0,0
-238,466,55,1109,3365,-905,0,0
-483,-318,121,951,3422,-973,0,0
-610,-860,105,674,3780,-957,0,0
-641,-909,-24,535,4027,-1181,0,0
-523,-882,-95,494,3803,-1476,0,0
-251,-946,88,270,3570,-1462,0,0
103,-917,328,245,3697,-1426,0,0
503,-1562,224,-725,3737,-1129,0,0
541,-850,-83,-1256,3632,-901,0,0
216,1025,-38,-174,3516,-1407,0,0
-43,1701,101,479,3268,-1626,0,0
-131,934,154,506,3067,-1334,0,0
-120,-182,138,552,3042,-1230,0,0
-113,-666,129,257,3570,-1153,0,0
-242,-395,4,247,4936,-1363,0,0
-163,-382,-145,593,4146,-1889,0,0
6,-820,-53,398,3387,-1475,0,0
129,-780,-8,146,3696,-1164,0,0
380,-171,-136,185,3769,-1029,0,0
582,511,-77,204,3522,-708,0,0
424,960,88,291,3515,-699,0,0
107,949,112,504,3538,-892,0,0
-159,452,36,530,3395,-967,0,0
-402,-252,-23,339,3374,-890,0,0
-544,-548,-92,202,3595,-943,0,0
-536,-376,-199,198,3754,-1060,0,0
-438,-171,-308,282,3800,-1134,0,0
-291,-78,-302,287,3809,-1099,0,0
-177,82,-192,299,3934,-1082,0,0
-78,276,-105,441,4019,-1117,0,0
34,311,-33,534,3796,-1026,0,0
78,278,50,556,3712,-986,0,0
100,248,94,547,3668,-994,0,0
110,202,118,506,3645,-939,0,0
80,150,116,532,3733,-991,0,0
71,25,132,473,3622,-1026,0,0
76,-11,157,391,3729,-993,0,0
130,52,119,409,3804,-994,0,0
183,118,111,439,3725,-930,0,0
163,164,142,462,3749,-914,0,0
122,120,112,459,3732,-897,0,0
65,55,53,451,3681,-895,0,0
8,13,-5,449,3645,-896,0,0
-40,-1,-67,466,3638,-913,0,0
-73,-12,-133,502,3673,-925,0,0
-92,-9,-184,563,3738,-964,0,0
-97,-46,-192,607,3656,-988,0,0
-107,-79,-146,587,3680,-978,0,0
-103,-58,-128,602,3739,-1014,0,0
-87,-80,-132,609,3710,-987,0,0
-88,-99,-98,603,3703,-999,0,0
-76,-113,-38,550,3706,-949,0,0
-50,-102,-6,517,3719,-953,0,0
-12,-109,-2,461,3720,-918,0,0
35,-54,-14,452,3734,-849,0,0
51,-14,-26,468,3776,-849,0,0
49,-22,-40,444,3863,-832,0,0
66,-20,-34,381,3900,-837,0,0
99,25,-2,308,3837,-838,0,0
114,61,19,199,3830,-798,0,0
102,148,-23,144,3829,-802,0,0
64,172,-104,129,3750,-809,0,0
-9,122,-173,84,3740,-843,0,0
-93,92,-220,-11,3715,-959,0,0
-121,141,-251,-119,3680,-1192,0,0
-107,231,-280,11,3772,-1489,0,0
-124,108,-291,210,3815,-1643,0,0
-174,-166,-232,120,3615,-1442,0,0
-240,-383,-140,47,3515,-1271,0,0
-233,-594,-126,-174,3551,-1195,0,0
-167,-481,-139,-287,3626,-1106,0,0
-90,-259,-112,-215,3668,-1105,0,0
-13,-213,-67,-277,3729,-1087,0,0
74,-82,-9,-332,3963,-991,0,0
213,134,53,-460,3811,-716,0,0
296,538,160,-567,3337,-321,0,0
144,984,133,-332,3423,-340,0,0
-71,881,-70,64,3670,-644,0,0
-266,217,-226,45,3674,-908,0,0
-404,-339,-219,-92,3594,-1217,0,0
-328,-439,-134,-296,3485,-1165,0,0
-187,-96,-48,-362,3538,-951,0,0
-110,263,47,-87,3681,-1125,0,0
-73,223,182,41,3642,-1192,0,0
-103,-7,352,49,3560,-1174,0,0
-151,-216,444,-59,3893,-1164,0,0
-91,-206,359,-119,4123,-1105,0,0
38,60,362,148,3828,-710,0,0
83,256,475,282,3478,-588,0,0
51,251,520,413,3438,-527,0,0
-10,231,455,559,3599,-388,0,0
-123,170,318,759,3924,-383,0,0
-197,-66,220,832,3995,-416,0,0
-204,-247,253,754,3857,-231,0,0
-216,-193,280,764,3827,-220,0,0
-226,-142,200,818,3862,-308,0,0
-234,-149,67,861,4017,-273,0,0
-234,-130,-74,928,4021,-317,0,0
-235,-155,-128,953,3907,-357,0,0
-217,-212,-41,896,3764,-382,0,0
-188,-182,88,802,3751,-295,0,0
-213,-75,90,923,3943,-515,0,0
-223,-305,-24,993,3904,-757,0,0
-85,-592,-48,802,3970,-725,0,0
225,-378,125,480,4084,-374,0,0
449,267,431,522,3865,-142,0,0
411,714,571,754,3689,-317,0,0
263,467,414,872,3578,-511,0,0
138,-114,150,716,3506,-384,0,0
55,-307,-28,601,3599,-296,0,0
11,-156,-86,633,3729,-390,0,0
-4,-46,-93,695,3736,-325,0,0
-31,0,-91,735,3666,-286,0,0
-103,-11,-115,784,3653,-370,0,0
-166,-65,-160,784,3657,-334,0,0
-214,-51,-171,800,3617,-324,0,0
-271,-56,-186,858,3655,-364,0,0
-318,-149,-235,888,3751,-383,0,0
-325,-238,-280,882,3868,-408,0,0
-260,-256,-277,854,3983,-382,0,0
-124,-123,-202,809,3989,-211,0,0
-10,111,-112,871,4020,-219,0,0
68,152,-147,949,4041,-260,0,0
140,62,-197,883,3901,-216,0,0
192,121,-143,804,3973,-302,0,0
250,143,-60,750,4085,-434,0,0
313,-2,-100,605,4006,-454,0,0
403,63,-173,386,3740,-354,0,0
461,394,-210,481,3522,-482,0,0
492,452,-228,620,3410,-470,0,0
495,460,-184,590,3593,-2496,0,0
461,577,-72,555,3917,-533,0,0
352,565,72,403,4154,-729,0,0
181,364,164,303,4091,-1028,0,0
-29,-124,149,214,3717,-1401,0,0
-162,-989,127,38,3419,-2005,0,0
40,-1843,52,-750,3449,-2354,0,0
386,-1009,37,-794,3357,-1419,0,0
453,385,29,-232,3447,-836,0,0
391,740,29,293,3530,-1088,0,0
309,109,-19,395,3522,-1260,0,0
244,-413,-13,270,3335,-1151,0,0
198,-337,114,176,3418,-1159,0,0
244,-17,218,81,3551,-1134,0,0
295,445,243,74,3630,-952,0,0
221,724,213,230,3805,-1106,0,0
122,584,180,188,3802,-1131,0,0
7,470,157,100,3659,-1128,0,0
-143,371,111,102,3474,-1238,0,0
-298,206,-15,156,3424,-1352,0,0
-432,67,-209,360,3440,-1544,0,0
-563,-206,-400,591,3445,-1657,0,0
-635,-586,-528,686,3532,-1646,0,0
-542,-812,-522,598,3666,-1459,0,0
-355,-623,-361,560,3617,-3144,0,0
-263,-123,-167,779,3586,-957,0,0
-220,83,-1,1018,3417,-1051,0,0
-113,-136,167,976,3599,-832,0,0
71,-220,245,804,4265,-678,0,0
343,165,276,660,4674,-535,0,0
555,816,497,648,4395,-396,0,0
524,1096,753,649,4014,-496,0,0
364,881,706,633,3751,-585,0,0
232,449,357,673,3605,-598,0,0
148,-37,-69,675,3600,-678,0,0
149,-262,-326,607,3620,-736,0,0
212,-52,-465,532,3910,-690,0,0
246,532,-669,659,4333,-348,0,0
35,1084,-846,1158,3976,-551,0,0
-345,532,-720,1329,2856,-1516,0,0
-560,-693,-341,870,2856,-1475,0,0
-581,-1031,-131,565,3476,-1208,0,0
-468,-960,-189,512,3820,-1711,0,0
-163,-948,-199,265,4013,-1895,0,0
168,-607,50,-222,3987,-1609,0,0
400,138,364,-546,3849,-1212,0,0
459,761,516,-540,3645,-982,0,0
350,813,461,-151,3521,-1154,0,0
276,180,320,-89,3485,-2912,0,0
166,-144,267,-238,3412,-556,0,0
-50,37,203,-29,3327,-806,0,0
-229,-9,97,208,3078,-1046,0,0
-381,-256,-26,338,3750,-1229,0,0
-383,-373,-249,457,4118,-1369,0,0
-186,-355,-267,432,3140,-1099,0,0
-195,41,-98,417,3339,-768,0,0
-302,426,-4,753,3949,-1040,0,0
-325,322,70,897,3795,-971,0,0
-441,-72,166,877,3677,-826,0,0
-534,-455,126,853,3898,-786,0,0
-492,-680,-48,841,4422,-771,0,0
-288,-692,-232,706,4543,-671,0,0
17,-344,-205,504,3958,-566,0,0
231,127,-9,458,3488,-684,0,0
361,216,72,594,3536,-1034,0,0
526,-239,-109,609,4029,-1336,0,0
628,-580,-428,742,5402,-1680,0,0
799,-636,-488,1022,4029,-3660,0,0
1235,-1638,147,244,2992,-4254,0,0
1804,-1595,326,-212,4068,-3251,0,0
2277,-511,-39,189,4157,-3844,0,0
2395,-663,-117,508,4576,-4154,0,0
2527,-907,77,548,4367,-3576,0,0
2675,-1142,277,493,3989,-3582,0,0
2877,-1425,267,139,3389,-3034,0,0
2895,-1134,244,52,3237,-1856,0,0
2594,-260,350,72,2347,-891,0,0
2157,166,784,-139,1238,-1509,0,0
1664,-157,749,-174,1792,-890,0,0
1308,-182,459,-651,1109,-591,0,0
958,229,408,-935,211,-587,0,0
477,359,335,-417,519,-798,0,0
116,-729,278,-356,648,-1523,0,0
-27,-1601,256,-1082,551,-2016,0,0
77,-989,125,-860,-158,-2216,0,0
-16,-543,-104,-461,931,-3100,0,0
78,-213,-182,-760,155,-4085,0,0
142,126,197,-464,-257,-5748,0,0
220,-958,240,-1243,638,-5470,0,0
632,-973,201,-2032,838,-4830,0,0
760,336,358,-2023,1055,-5008,0,0
447,642,476,-1767,789,-6289,0,0
-277,-1111,472,-2846,931,-8961,0,0
-496,-3253,304,-6414,1008,-10123,0,0
9,-1939,-478,-8256,783,-9923,0,0
497,205,-1355,-4203,1436,-8257,0,0
809,703,-1275,-1355,1684,-3455,0,0
647,1817,-198,-262,902,-1672,0,0
-3,1679,592,-496,600,-1034,0,0
-665,1298,934,-1449,-142,-1162,0,0
-1607,1766,532,-937,1980,-1094,0,0
-1730,1883,-205,-152,1026,-1786,0,0
-688,936,93,-137,-4479,-3400,0,0
130,-234,665,-400,-3914,-636,0,0
114,43,404,-39,-578,-666,0,0
109,-430,41,-115,466,-3153,0,0
220,-546,-2400,-650,2929,-2320,0,0
77,1226,-775,-265,3330,-1744,0,0
95,1738,-68,-189,-922,-4969,0,0
400,-487,474,-104,-1738,-3953,0,0
1051,-2329,154,-278,-1285,-2281,0,0
1900,-2764,-342,-482,416,-2153,0,0
2354,-1797,-851,-2192,680,-1548,0,0
1551,181,-519,-1110,-2110,-2303,0,0
-369,2725,189,-47,-2711,-4718,0,0
-2948,979,-296,-890,1372,-8559,0,0
-2884,-1348,-285,-4027,3549,-8703,0,0
-708,666,453,-2869,512,-7067,0,0
-226,705,477,-1170,-211,-7270,0,0
-36,-452,-224,-906,-183,-5312,0,0
389,-90,-331,-54,54,-4071,0,0
670,-322,-12,215,653,-3509,0,0
702,-544,134,-415,504,-3221,0,0
598,-56,21,-874,202,-2959,0,0
319,153,-222,-889,31,-3179,0,0
-32,-415,-459,-1229,151,-3555,0,0
-68,-236,-640,-1284,-678,-3041,0,0
-232,268,-468,-465,-1038,-3571,0,0
-393,-506,-301,-863,133,-3551,0,0
-123,-360,-135,-1126,112,-2620,0,0
-30,380,298,-851,-418,-2874,0,0
-139,33,633,-1186,-845,-3524,0,0
-154,-486,613,-1719,-623,-3305,0,0
-111,33,506,-1618,-98,-2689,0,0
-254,413,468,-1035,556,-3416,0,0
-275,-225,197,-1107,521,-2833,0,0
-279,-10,45,-781,467,-2720,0,0
-350,400,153,-418,389,-3508,0,0
-255,-120,198,-542,325,-3694,0,0
-74,-350,137,-1001,551,-3935,0,0
371,-87,197,-946,291,-3891,0,0
563,-178,35,-886,1017,-2970,0,0
477,83,12,-1034,394,-3361,0,0
383,139,287,-1226,319,-3519,0,0
148,-313,268,-1758,286,-3152,0,0
-77,-400,327,-2278,497,-4711,0,0
63,9,318,-2856,-316,-6186,0,0
-174,-11,-24,-2613,-800,-8067,0,0
-605,-1109,-380,-2877,584,-10106,0,0
-110,-1159,-469,-3538,923,-10495,0,0
661,-736,-296,-3933,346,-9738,0,0
987,-1149,-405,-4035,323,-7392,0,0
1041,-971,-494,-3297,1193,-4220,0,0
752,1422,-112,-1597,2145,-1075,0,0
271,3171,407,-814,2576,1060,0,0
-615,3495,672,251,2310,2712,0,0
-2859,1159,369,7,2217,-1444,0,0
-3196,-1086,-310,-1687,-1858,-3713,0,0
-3104,565,-311,-939,-6213,-2789,0,0
-39,964,-460,734,-1761,-2517,0,0
238,566,-462,-95,-728,-5873,0,0
834,-215,72,-266,-365,-4671,0,0
911,-548,-510,-147,2264,-1349,0,0
744,549,-865,467,1811,-3868,0,0
1102,325,164,121,-66,-4643,0,0
1577,-983,955,-84,-346,-2802,0,0
1818,-2223,572,-358,61,-1834,0,0
1932,-2885,-221,-950,621,-1863,0,0
1777,-1457,-739,-1229,-1594,-1027,0,0
432,1317,-478,-655,-2409,-2558,0,0
-1773,2022,-208,-659,-615,-7059,0,0
-2297,60,111,-1923,1560,-7746,0,0
-1190,-610,933,-3103,1289,-6806,0,0
-158,834,864,-2379,-141,-5600,0,0
-107,1068,477,-944,-573,-4973,0,0
-328,-403,218,-1254,-472,-4170,0,0
-285,-332,149,-1640,-182,-3728,0,0
-1,563,220,-863,-19,-4009,0,0
158,138,224,-617,141,-4054,0,0
137,-106,41,-889,639,-3908,0,0
132,426,-70,-375,583,-4016,0,0
86,234,-134,-154,432,-3959,0,0
25,-87,-167,-285,259,-3918,0,0
-9,-167,-71,-328,60,-4001,0,0
35,-410,-69,-517,20,-3800,0,0
94,-385,-163,-607,104,-3571,0,0
32,-268,-266,-692,157,-3503,0,0
-136,-260,-455,-916,1,-3388,0,0
-411,30,-516,-859,-355,-3764,0,0
-677,-264,-422,-1071,-17,-4671,0,0
-467,-994,-394,-1725,58,-4375,0,0
-110,-636,-325,-1957,-26,-3706,0,0
-96,184,-172,-1789,-123,-3994,0,0
-172,-101,-115,-1969,-604,-4489,0,0
-60,-578,-204,-2313,-563,-4194,0,0
223,-12,-271,-2037,-80,-4043,0,0
560,621,-105,-1522,-372,-3889,0,0
733,671,207,-1025,-519,-3178,0,0
638,438,588,-1024,-382,-2816,0,0
415,117,875,-1166,-166,-3403,0,0
315,-2272,530,-1431,-84,-2392,0,0
-12,321,143,-1114,-34,-2616,0,0
-447,817,99,-802,-39,-3716,0,0
-710,228,122,-810,35,-4487,0,0
-556,-652,41,-1352,144,-4373,0,0
-117,-258,-120,-1453,222,-3435,0,0
79,595,-275,-941,-282,-2868,0,0
-56,624,-176,-582,-1664,-2514,0,0
-504,-172,-81,-315,-857,-2992,0,0
-629,-641,-209,-566,262,-2320,0,0
-540,-346,1,-537,805,-2056,0,0
-238,58,510,-683,1092,-3488,0,0
439,200,680,-1420,453,-3641,0,0
591,418,538,-1638,201,-3460,0,0
310,30,247,-1592,167,-3365,0,0
-97,-73,-88,-1603,-70,-3978,0,0
-547,-207,-132,-1678,143,-6161,0,0
-593,-564,-165,-2327,906,-6972,0,0
-597,-444,-277,-2605,1112,-9470,0,0
-379,-1040,-323,-3493,1349,-11495,0,0
286,-1696,-369,-4796,1730,-11816,0,0
1132,-1938,-586,-5333,2143,-11043,0,0
1893,-1621,-885,-4484,1355,-7805,0,0
2034,-546,-767,-2393,1094,-3266,0,0
1734,1791,-112,-1395,643,2446,0,0
301,5893,404,-1208,627,7069,0,0
-2333,3547,-2576,3096,3156,5840,0,0
-5095,-3991,-1387,312,3881,679,0,0
-4139,-1881,320,-2005,-1233,-1724,0,0
-1336,5002,849,-284,-3099,-2049,0,0
-1151,2555,209,814,-1734,-6425,0,0
-1488,-1479,-692,90,-1140,-6594,0,0
-743,-901,-711,818,1821,-3126,0,0
392,913,-218,1015,4615,-2893,0,0
1139,1707,1042,605,2674,-4342,0,0
1344,-641,1901,-1309,412,-5075,0,0
2072,-2521,1345,-2844,-148,-4093,0,0
3052,-1787,-90,-2348,455,-2621,0,0
3130,-239,-2936,506,2040,-1436,0,0
1985,1479,-409,1522,1016,-1081,0,0
-738,2834,164,1765,33,-5315,0,0
-3191,355,310,-77,-522,-11329,0,0
-2709,-3681,454,-2986,1930,-6706,0,0
-679,-900,290,-3705,857,-6556,0,0
399,2156,-25,-299,304,-5412,0,0
683,813,-507,812,762,-2910,0,0
731,264,-438,455,515,-1521,0,0
400,909,2,369,765,-1595,0,0
-79,1117,348,605,968,-1700,0,0
-645,823,634,688,1411,-2269,0,0
-982,87,727,385,1451,-3166,0,0
-1049,-340,620,72,1230,-3837,0,0
-1027,-71,433,69,1050,-4574,0,0
-1012,156,167,360,1277,-5323,0,0
-802,-207,-108,298,1526,-5246,0,0
-404,-33,-223,246,1624,-4219,0,0
-253,541,-167,502,1651,-3558,0,0
-385,450,-132,599,1861,-3221,0,0
-599,-174,-274,390,1869,-3229,0,0
-770,-843,-573,19,1986,-3497,0,0
-642,-2656,-757,-302,1952,-3256,0,0
-565,638,-722,-2,1556,-3468,0,0
-648,840,-554,364,1391,-4283,0,0
-595,-331,-506,77,1763,-4221,0,0
-378,-541,-545,-350,2194,-3788,0,0
-208,177,-404,-281,2511,-4171,0,0
68,142,-117,-424,2398,-4493,0,0
438,-379,113,-916,2119,-4504,0,0
720,-420,155,-1273,1860,-4257,0,0
816,-166,42,-1289,1739,-4288,0,0
814,-309,-83,-1201,1566,-4486,0,0
848,-623,-203,-1229,1452,-4404,0,0
993,-540,-336,-1053,1286,-3950,0,0
1099,-70,-389,-688,1036,-3547,0,0
1075,208,-298,-327,951,-3470,0,0
1017,-138,-173,-303,670,-3356,0,0
883,-362,-86,-524,885,-3136,0,0
683,-38,19,-411,838,-3399,0,0
498,-241,60,-390,539,-3687,0,0
400,-701,25,-679,501,-3471,0,0
416,-360,163,-813,420,-3292,0,0
413,294,475,-552,380,-3618,0,0
413,25,641,-587,384,-3462,0,0
379,154,503,-657,652,-3050,0,0
243,871,324,-344,1185,-3329,0,0
47,1140,311,98,1108,-3857,0,0
-167,45,390,33,602,-4646,0,0
-203,-1461,357,-914,127,-4566,0,0
-189,-1151,79,-1489,2,-4349,0,0
-156,-82,-288,-998,189,-4312,0,0
-180,452,-540,-430,795,-4172,0,0
-180,517,-590,-174,1298,-4029,0,0
-146,204,-379,-67,1273,-4034,0,0
-210,-736,-42,-551,675,-4314,0,0
-324,-1799,-47,-1398,314,-4208,0,0
-258,-1407,-402,-1809,-92,-3686,0,0
-89,180,-436,-1177,-73,-3700,0,0
37,726,-127,-814,316,-3904,0,0
99,26,39,-1207,665,-3994,0,0
118,-541,40,-1739,820,-3824,0,0
211,-331,82,-2123,619,-3635,0,0
341,437,127,-1925,-55,-3584,0,0
282,499,46,-1615,-101,-3447,0,0
163,170,-93,-1538,-227,-3239,0,0
16,203,-190,-1615,-690,-3320,0,0
-246,91,-458,-1329,-285,-3868,0,0
-361,-576,-865,-1047,700,-3159,0,0
-240,-193,-838,-561,1765,-2050,0,0
-18,976,-96,139,1699,-2331,0,0
117,922,1090,266,977,-3517,0,0
17,-597,1698,-926,173,-4267,0,0
-259,-2186,1193,-2326,-232,-4724,0,0
-285,-2052,146,-3193,256,-3991,0,0
134,714,-577,-2091,430,-3004,0,0
542,3041,-617,18,312,-2578,0,0
645,2255,-152,557,208,-2414,0,0
345,-605,349,114,166,-2650,0,0
-382,-3932,549,-1099,681,-3241,0,0
-791,-4723,559,-3837,1272,-3442,0,0
-89,-1203,250,-4785,1131,-4268,0,0
798,2167,-53,-2922,373,-4383,0,0
829,2989,56,-1313,-318,-4521,0,0
315,1088,41,-987,179,-4919,0,0
-16,-1053,-81,-1796,228,-4134,0,0
-173,-758,-86,-2376,361,-3757,0,0
-275,387,17,-2021,909,-4048,0,0
-356,376,175,-2110,1144,-4213,0,0
-591,-76,309,-2846,1277,-5625,0,0
-748,-1063,315,-4196,1332,-8350,0,0
-557,-2069,-55,-6287,1024,-10086,0,0
10,-1314,-986,-6630,1931,-10031,0,0
1030,368,-1489,-3953,1565,-9131,0,0
1550,1,-868,-1871,1828,-8057,0,0
1739,-1399,-279,-2014,2594,-2782,0,0
1508,1779,365,-3085,201,4189,0,0
-64,6371,70,-789,740,6015,0,0
-1893,2916,-2238,1739,2557,4058,0,0
-2828,-1926,-1982,733,-856,1757,0,0
-1727,-916,985,809,-1646,563,0,0
-775,1122,1976,-338,-1555,-1744,0,0
-436,1194,580,-772,-482,-3592,0,0
-505,1141,-895,-297,1764,-3336,0,0
-601,2672,-1374,523,3161,-3581,0,0
-282,3171,-622,1198,1617,-4681,0,0
163,641,275,562,-596,-4993,0,0
853,-2278,152,-723,-2476,-5551,0,0
2321,-2159,-887,-819,-2135,-3528,0,0
2111,535,-1856,2823,2006,-1113,0,0
296,1499,-573,2987,2826,-3566,0,0
-1673,494,861,2368,2559,-7984,0,0
-2424,-3613,1190,-1558,2540,-8621,0,0
-819,-3109,1343,-6384,1561,-6243,0,0
-232,1197,638,-3190,-277,-8011,0,0
-467,1197,-367,-386,764,-6908,0,0
127,-653,-793,-364,689,-3749,0,0
601,-237,-327,-152,1484,-3112,0,0
1046,66,69,278,1839,-3037,0,0
1223,-558,291,37,1534,-2287,0,0
1032,-443,565,-538,681,-2365,0,0
775,-125,696,-790,202,-2808,0,0
539,-425,652,-1069,-185,-3293,0,0
440,-960,673,-1690,-19,-3647,0,0
646,-337,625,-1888,474,-2873,0,0
736,1226,567,-1003,964,-2500,0,0
349,1697,642,-395,944,-2998,0,0
-324,575,752,-767,-449,-4654,0,0
-612,-1184,732,-1782,-1115,-5336,0,0
-416,-945,165,-2286,-667,-4591,0,0
-286,265,-610,-1334,-143,-4784,0,0
-225,701,-992,-431,284,-4419,0,0
-151,585,-876,20,172,-3931,0,0
-192,77,-640,-66,146,-4336,0,0
-111,-562,-498,-549,305,-4579,0,0
129,-494,-524,-805,115,-3769,0,0
29,322,-573,-427,-514,-3494,0,0
-411,-91,-466,-251,-311,-5238,0,0
-180,-1595,-585,-1157,374,-3496,0,0
198,-253,-570,-1079,545,-2354,0,0
106,1258,-152,-470,498,-3446,0,0
-25,453,309,-634,-441,-4175,0,0
-193,-1169,570,-1552,-454,-4719,0,0
-13,-1637,470,-2749,-261,-4483,0,0
328,-483,187,-2748,-576,-3913,0,0
380,671,-11,-1751,-549,-3779,0,0
289,591,-85,-1016,-280,-3615,0,0
160,-42,-77,-1166,195,-3584,0,0
165,-193,53,-1430,309,-3765,0,0
325,-58,282,-1681,100,-3889,0,0
420,343,469,-1891,65,-3969,0,0
390,293,556,-1754,97,-4576,0,0
492,-140,264,-1634,38,-3414,0,0
444,519,153,-985,-340,-3212,0,0
254,862,353,-508,-658,-3918,0,0
216,155,498,-514,-966,-3610,0,0
100,-206,452,-620,-582,-3268,0,0
-177,86,217,-431,126,-3482,0,0
-410,194,31,-329,159,-4052,0,0
-406,85,165,-383,42,-4975,0,0
-157,-311,273,-845,131,-5062,0,0
86,-283,197,-1115,40,-4371,0,0
90,145,118,-817,-84,-4112,0,0
-70,-63,-20,-657,-92,-3967,0,0
-276,-328,-241,-671,80,-3829,0,0
-485,-359,-468,-747,693,-4343,0,0
-377,-343,-611,-1048,1109,-3772,0,0
-200,343,-302,-865,330,-3841,0,0
-275,-157,77,-1099,-133,-4948,0,0
-47,-1158,-60,-1959,-384,-3719,0,0
25,185,-342,-1398,-196,-2965,0,0
-297,1475,-524,-267,438,-3461,0,0
-551,589,-528,-124,476,-3943,0,0
-436,-698,-256,-1128,596,-3947,0,0
-65,-495,207,-2083,36,-3783,0,0
95,211,507,-2286,-394,-4025,0,0
60,98,301,-2222,-468,-3924,0,0
-47,5,-82,-1988,-396,-3538,0,0
-92,263,-310,-1405,-23,-3243,0,0
37,768,-313,-1069,-83,-2947,0,0
232,1827,70,-291,-359,-3235,0,0
294,750,362,244,-36,-2701,0,0
-17,-1337,150,-190,444,-1638,0,0
-378,-1621,-86,-392,681,-2167,0,0
-246,-832,198,-339,-103,-2351,0,0
-120,-46,592,-390,623,-1831,0,0
-354,252,570,-940,1596,-3326,0,0
-113,226,494,-1390,1150,-4287,0,0
26,18,437,-1246,157,-4759,0,0
-354,-972,102,-1410,371,-5664,0,0
-441,-3240,-114,-1659,1527,-5318,0,0
10,97,28,-1457,1951,-5075,0,0
354,532,439,-2146,1028,-6528,0,0
193,-612,420,-4009,359,-8416,0,0
-3,-1444,-364,-5656,527,-10418,0,0
518,-993,-1338,-5254,1744,-10872,0,0
1693,-245,-1628,-2986,1773,-9107,0,0
2295,-324,-1304,-1529,1118,-5815,0,0
2052,-834,-485,-2017,13,-5285,0,0
1572,-1812,98,-4801,-479,-5330,0,0
1394,-1005,-158,-7565,-886,-3991,0,0
1140,2234,-1184,-5071,-469,567,0,0
-138,5762,-1199,1112,1765,3277,0,0
-1946,-1548,-939,2519,1587,9469,0,0
-4663,-5618,-1564,3090,137,10765,0,0
-4373,2991,-976,8568,-153,6773,0,0
-4062,5053,763,8634,1753,-7614,0,0
-3294,-885,1787,5,2519,-8917,0,0
-1298,71,1214,-2306,2428,-7942,0,0
74,1287,882,-603,3174,-7422,0,0
19,565,914,-750,1794,-7727,0,0
436,-1295,911,-2174,153,-6588,0,0
1614,-1828,414,-2303,479,-4815,0,0
2606,-1294,-206,-909,2649,-3950,0,0
3220,-3216,-685,-1258,3990,-1661,0,0
2841,1264,-670,-1829,287,1704,0,0
420,3629,-305,586,909,-1823,0,0
-1970,-181,-24,382,34,-9203,0,0
-1627,-3244,413,-3565,199,-6599,0,0
-495,-79,407,-2977,-160,-7610,0,0
-319,843,-76,-1004,-97,-7661,0,0
-10,-41,-532,-389,263,-4435,0,0
230,215,-570,6,559,-3193,0,0
544,476,-190,386,417,-2217,0,0
604,497,338,406,129,-1601,0,0
316,168,823,261,-518,-2296,0,0
196,-2768,998,-132,-804,-2781,0,0
294,-938,905,-897,-258,-2216,0,0
149,1024,774,-842,1153,-2120,0,0
-634,3214,590,491,800,-4779,0,0
-1136,729,391,853,-529,-7950,0,0
-715,-2862,85,-1415,-206,-5862,0,0
-46,-1723,-257,-2467,291,-5545,0,0
504,801,-434,-849,503,-4706,0,0
573,826,-590,20,329,-3747,0,0
321,96,-757,-72,26,-3622,0,0
58,-77,-814,-53,-242,-3574,0,0
-163,-385,-645,-33,-836,-3825,0,0
-258,-1583,-501,-594,-89,-4273,0,0
79,-1728,-496,-1621,-270,-2807,0,0
82,367,-246,-1362,392,-3189,0,0
-74,811,64,-963,224,-4118,0,0
-117,-733,204,-1567,-241,-4347,0,0
60,-1339,159,-2514,-322,-4136,0,0
359,-148,49,-2304,-693,-3949,0,0
466,1163,53,-1298,-443,-3449,0,0
266,1122,184,-413,-1,-3956,0,0
117,-522,26,-744,97,-3192,0,0
43,-525,-105,-959,36,-2617,0,0
-159,434,44,-397,-52,-3425,0,0
-268,-129,44,-611,-106,-3064,0,0
-246,-61,-61,-880,-204,-2264,0,0
-315,286,-232,-633,-4,-2452,0,0
-196,-323,-634,-715,322,-2004,0,0
205,242,-482,-247,-201,-1291,0,0
270,554,184,197,1576,-2117,0,0
178,40,906,-646,228,-2370,0,0
-269,238,1338,-1341,35,-3921,0,0
-670,-668,920,-2123,464,-5382,0,0
-665,-692,311,-3077,522,-6557,0,0
-613,106,-125,-3110,937,-8845,0,0
-587,-719,-377,-3637,1104,-12092,0,0
-170,-2015,-602,-5519,1417,-14054,0,0
1036,-1443,-1199,-5745,1650,-12299,0,0
2327,542,-1722,-3022,1384,-7658,0,0
2692,1242,-1385,248,1307,-2688,0,0
1717,37,-271,890,1875,2116,0,0
-258,1380,1303,-694,1410,5914,0,0
-2948,3510,1489,227,2469,4209,0,0
-4766,1018,-140,-691,3588,-3123,0,0
-3212,159,-524,-669,-3110,-6590,0,0
-750,-824,36,-814,-5029,-4473,0,0
-86,301,-50,-647,-1119,-5768,0,0
190,-1005,-101,-456,-1431,-6736,0,0
1005,-1789,-678,-913,1973,-2606,0,0
1831,222,-1197,153,4691,-1591,0,0
2140,2909,-2272,481,3048,-684,0,0
1588,3477,1114,-370,-1352,-1317,0,0
524,-55,810,-629,-958,-3459,0,0
658,-3506,-264,-1530,863,-2953,0,0
1629,-2909,-951,-2197,293,-1030,0,0
1432,1225,-654,165,-2313,-514,0,0
-1084,3033,-245,1978,-1828,-5763,0,0
-3424,-198,-347,428,-66,-12011,0,0
-2369,-2786,-7,-3632,1267,-8702,0,0
-96,576,653,-2601,385,-9364,0,0
797,1115,592,-190,268,-6539,0,0
1075,-219,332,227,-73,-2946,0,0
989,-215,419,221,-105,-2297,0,0
902,-47,541,-70,-123,-1781,0,0
590,260,612,-386,24,-3864,0,0
153,131,507,-476,280,-2635,0,0
-108,7,322,-707,272,-3424,0,0
-279,-51,338,-735,37,-4660,0,0
-253,-528,171,-3296,-771,-5436,0,0
-28,-710,-286,-1460,-420,-4617,0,0
155,21,-700,-833,449,-3500,0,0
142,545,-797,-172,251,-3365,0,0
-69,143,-777,-229,-199,-3071,0,0
-484,-315,-666,-577,-666,-3451,0,0
-721,-892,-388,-1082,-1349,-4558,0,0
-527,-1094,-197,-1690,-1278,-4239,0,0
-383,-8,-356,-1471,-541,-4422,0,0
-288,379,-495,-1146,-438,-4537,0,0
-133,30,-377,-1025,-659,-3999,0,0
85,-98,-68,-875,-716,-3564,0,0
329,281,415,-613,-903,-3313,0,0
354,363,844,-564,-973,-3757,0,0
308,-292,943,-1062,-567,-2989,0,0
69,-22,1030,-1349,-88,-3333,0,0
-153,-365,774,-1554,598,-3283,0,0
-258,63,320,-1272,644,-2516,0,0
-642,1337,377,-573,124,-4740,0,0
-787,371,372,-822,13,-6087,0,0
-490,-814,30,-1535,777,-5181,0,0
-35,-198,-254,-1429,1269,-4670,0,0
332,466,-308,-897,575,-3628,0,0
200,528,-187,-709,-1066,-3050,0,0
-326,-328,-359,-871,-276,-3640,0,0
-365,-951,-594,-1206,328,-2779,0,0
-206,-142,-371,-1021,597,-2425,0,0
-84,592,26,-909,205,-2664,0,0
-59,159,156,-1032,-482,-2662,0,0
-112,-453,49,-1091,-285,-2256,0,0
-134,-249,-171,-868,717,-2098,0,0
28,344,-233,-267,378,-2122,0,0
-21,354,-41,-47,631,-2929,0,0
-249,-469,209,-636,513,-4693,0,0
-141,-936,402,-1588,599,-4918,0,0
-10,-304,352,-1966,696,-4797,0,0
-155,390,185,-3840,1297,-5837,0,0
-405,375,70,-1897,1761,-6686,0,0
-768,-153,143,-3096,1778,-9229,0,0
-779,-1444,178,-5269,1896,-13098,0,0
192,-2362,-538,-7053,1873,-13207,0,0
1330,-1269,-1589,-4617,2115,-10489,0,0
1942,-267,-1967,-1450,3007,-5879,0,0
2369,1562,-1211,425,2593,395,0,0
1334,3627,-54,201,832,7185,0,0
-2202,1826,255,218,1768,5758,0,0
-4937,-1367,-511,-488,3419,-169,0,0
-3297,-125,9,-1246,-1926,-3055,0,0
-676,1794,314,267,-4356,-4713,0,0
-188,148,-72,345,-998,-4834,0,0
255,-268,76,435,102,-3875,0,0
875,-129,13,426,1987,-2393,0,0
1008,1253,-191,563,4126,-2096,0,0
803,2206,579,-168,1317,-3940,0,0
1149,422,1360,-1626,-1411,-4498,0,0
1852,-1221,998,-2306,-2098,-3582,0,0
2508,-1996,-162,-1566,44,-2831,0,0
2517,-1249,-1008,917,1618,-1376,0,0
1014,461,-307,651,-1198,-3700,0,0
-1183,1069,600,397,-3309,-7596,0,0
-2602,-676,209,-1686,214,-8752,0,0
-1329,-859,213,-2771,1181,-7515,0,0
29,815,749,-797,-900,-6818,0,0
84,268,495,-228,-231,-5410,0,0
416,-11,180,-148,202,-3740,0,0
679,-14,408,-65,582,-2955,0,0
683,-342,439,-322,1207,-2079,0,0
391,-194,329,-822,632,-2065,0,0
-79,307,293,-1082,47,-2976,0,0
-309,315,67,-906,-145,-3961,0,0
-285,-465,-336,-1093,-530,-4011,0,0
-310,-400,-533,-1100,-855,-3525,0,0
-580,218,-403,-702,-1146,-4339,0,0
-629,-557,-219,-1000,-737,-4597,0,0
-292,-475,-203,-1076,-213,-2952,0,0
-379,419,-116,-662,357,-4156,0,0
-261,-202,61,-1110,-181,-4585,0,0
128,-614,223,-1774,-1036,-4009,0,0
384,51,281,-1723,-1061,-4122,0,0
488,613,282,-1246,-498,-3569,0,0
338,672,438,-651,-517,-3827,0,0
162,-274,391,-720,88,-3764,0,0
230,-229,178,-568,637,-3197,0,0
112,541,270,-177,589,-3709,0,0
-249,294,445,-388,-341,-4269,0,0
-616,-373,359,-1081,-384,-5097,0,0
-526,-518,7,-1659,182,-5224,0,0
-162,-133,-348,-1377,518,-4793,0,0
22,42,-539,-1006,900,-4353,0,0
7,-145,-653,-969,1045,-3916,0,0
-24,-188,-665,-933,346,-3164,0,0
-156,98,-366,-523,-402,-3633,0,0
-229,-676,-198,-928,-304,-3403,0,0
-169,-422,-239,-1223,-232,-2677,0,0
-335,317,-101,-1071,52,-3423,0,0
-431,-50,113,-1705,-5,-4159,0,0
-288,-298,117,-2178,-325,-4494,0,0
-70,-184,-44,-1980,-583,-4649,0,0
178,-167,-217,-1355,-561,-4207,0,0
449,-8,-315,-504,722,-3016,0,0
599,-364,-293,92,1351,-2411,0,0
578,-617,-221,-335,784,-1316,0,0
388,271,157,-537,-96,-1859,0,0
276,179,641,-800,-1305,-2551,0,0
80,-488,672,-1381,-87,-2517,0,0
37,58,262,-1233,-35,-1890,0,0
-121,835,70,-606,-150,-1810,0,0
-629,831,176,-696,493,-2666,0,0
-1143,393,467,-1641,986,-5185,0,0
-1116,-954,451,-3953,1258,-8338,0,0
-541,-1511,-304,-5570,1163,-8231,0,0
-2,730,-891,-2598,1680,-7491,0,0
87,1311,-756,63,1498,-7250,0,0
-270,-779,-102,-1346,1242,-9106,0,0
-158,-2339,280,-4721,996,-11280,0,0
725,-1998,-428,-6575,679,-9383,0,0
1234,-12,-1264,-3272,1152,-6113,0,0
1144,521,-755,-476,1904,-3076,0,0
680,518,279,-1379,1842,1572,0,0
-362,2264,404,-768,1600,4317,0,0
-1762,1354,-373,2497,1427,2414,0,0
-2868,-1329,-604,963,-1147,-449,0,0
-1884,802,247,1973,-4039,-925,0,0
-1268,1922,572,1631,-1815,-4063,0,0
-513,169,1057,-888,-850,-5204,0,0
382,-83,853,-1975,1295,-3019,0,0
729,931,44,-1042,4082,-2233,0,0
389,1880,259,-543,3577,-3717,0,0
387,782,1107,-1560,-343,-5140,0,0
965,-1177,795,-2390,-1597,-4755,0,0
2101,-1879,-442,-1724,405,-4284,0,0
3389,-1275,-1266,762,3423,-1231,0,0
2669,540,-63,1042,-78,-201,0,0
-582,1952,989,472,-3110,-6621,0,0
-2972,-364,146,-1136,-1095,-9461,0,0
-2263,-2154,-141,-3900,2943,-8109,0,0
253,300,389,-2112,197,-7179,0,0
415,489,99,160,-271,-5507,0,0
-239,-274,-247,-281,834,-4244,0,0
46,199,223,-837,70,-3218,0,0
550,461,585,-772,149,-2665,0,0
753,36,516,-376,695,-2637,0,0
586,-303,230,-474,1019,-2316,0,0
144,334,90,-441,928,-2985,0,0
-166,351,-57,-342,597,-3617,0,0
-317,-414,-126,-870,-6,-4299,0,0
-347,-623,-339,-1315,-175,-4413,0,0
-285,-341,-735,-851,-28,-4135,0,0
-285,-246,-982,-604,147,-3407,0,0
-421,349,-859,-254,-170,-3090,0,0
-734,199,-507,-344,-105,-4129,0,0
-663,-578,-233,-971,-580,-3634,0,0
-640,-291,-71,-1261,92,-3733,0,0
-657,51,-91,-1617,862,-5004,0,0
-223,70,-59,-1904,469,-4979,0,0
198,-31,33,-1946,329,-4915,0,0
532,-275,107,-3968,28,-4435,0,0
667,-129,176,-1621,-314,-4032,0,0
630,-88,195,-1286,-331,-3749,0,0
482,-63,176,-1134,-235,-3553,0,0
348,116,242,-961,-347,-3705,0,0
332,17,306,-705,-298,-3541,0,0
415,-93,219,-415,423,-2677,0,0
273,384,171,-282,1385,-2458,0,0
-189,837,324,-324,925,-3251,0,0
-651,247,501,-1024,336,-4689,0,0
-651,-753,295,-2179,597,-4910,0,0
-242,-353,-250,-2256,1013,-4668,0,0
72,329,-638,-1175,778,-3735,0,0
-137,480,-432,-342,-704,-3622,0,0
-676,-670,-260,-641,-115,-4242,0,0
-676,-1011,-398,-1205,20,-3398,0,0
-499,-325,-284,-1261,467,-3721,0,0
-245,75,-52,-1355,238,-3765,0,0
-80,315,205,-1156,-236,-4150,0,0
122,-111,294,-1085,-156,-3873,0,0
384,-217,304,-959,236,-3275,0,0
543,83,266,-746,1751,-2856,0,0
606,-12,120,-832,1564,-2924,0,0
700,-167,62,-1130,499,-2541,0,0
698,-12,116,-1403,-125,-2645,0,0
520,-291,103,-1391,-719,-2720,0,0
133,-556,-142,-1461,-403,-2510,0,0
-145,38,-458,-1005,128,-2038,0,0
-402,984,-363,-300,107,-2184,0,0
-751,951,154,-155,519,-3479,0,0
-1139,-625,356,-1252,1277,-4227,0,0
-1224,-704,426,-2289,1866,-5571,0,0
-824,256,466,-2991,2084,-8457,0,0
-495,-121,69,-4065,2164,-10147,0,0
-225,-222,-189,-4269,2448,-11379,0,0
260,-1072,-306,-3685,2088,-11598,0,0
763,-2356,-687,-3589,2202,-9872,0,0
1215,-1774,-1019,-2379,1845,-6340,0,0
1317,-299,-862,-652,1447,-1743,0,0
997,3560,-296,-886,1752,4224,0,0
-532,5730,-218,1454,2616,5648,0,0
-3674,1478,-1211,-587,2856,-1332,0,0
-3589,-3345,-486,-1051,-1196,-4311,0,0
-68,764,220,-396,-4778,-926,0,0
752,2935,226,2806,-1970,-4094,0,0
-72,-1545,820,615,-1408,-5329,0,0
384,-2474,960,-833,421,-2559,0,0
1265,283,-101,-673,3805,-1630,0,0
1558,1611,80,199,4720,-3165,0,0
1957,1375,1497,-689,979,-3900,0,0
2184,-942,1907,-1595,-1170,-3111,0,0
2165,-1994,571,-2111,-1267,-2866,0,0
2221,-2321,-1012,-984,1130,-1641,0,0
1682,289,-780,1073,-2331,278,0,0
-1333,2015,-116,1707,-2743,-7386,0,0
-2899,111,-242,-431,-1078,-10361,0,0
-2032,-1941,329,-2897,2288,-7232,0,0
36,-724,706,-3253,113,-7473,0,0
300,319,309,-1044,-839,-5816,0,0
-181,-108,-91,-262,289,-3801,0,0
-196,40,29,-2752,143,-2913,0,0
54,183,153,-605,375,-2515,0,0
327,216,222,-638,572,-2226,0,0
298,656,324,-608,517,-2307,0,0
14,781,251,-347,219,-3061,0,0
-234,-65,-7,-332,274,-3335,0,0
-587,-454,-343,-542,497,-3914,0,0
-714,-183,-529,-642,226,-5120,0,0
-444,10,-541,-635,533,-4763,0,0
-142,250,-584,-444,1185,-4012,0,0
-25,251,-563,-347,895,-3849,0,0
-116,-113,-614,-412,917,-3457,0,0
-365,-85,-771,-473,245,-3467,0,0
-723,-198,-642,-440,-385,-4680,0,0
-809,-1034,-724,-1013,-280,-4545,0,0
-689,-550,-848,-1048,-185,-4153,0,0
-711,244,-638,-796,516,-5324,0,0
-327,-349,-375,-1371,469,-5078,0,0
253,-262,-197,-1543,232,-4225,0,0
675,406,-28,-946,143,-3545,0,0
843,498,245,-630,-29,-2810,0,0
734,569,545,-600,-52,-2324,0,0
414,663,786,-659,52,-2108,0,0
-16,660,875,-896,359,-1775,0,0
-546,821,819,-933,574,-1631,0,0
-1295,514,736,-1008,926,-2344,0,0
-1905,-129,568,-1129,1503,-2501,0,0
-2252,171,349,-964,2132,-2950,0,0
-2278,841,186,-368,2483,-3261,0,0
-2297,1286,0,222,2817,-3173,0,0
-2451,1597,-236,877,3001,-3481,0,0
-2613,1320,-409,1416,3552,-3711,0,0
-2585,865,-452,1497,3775,-3073,0,0
-2611,882,-317,1606,3971,-2744,0,0
-2631,921,-230,1610,4241,-2405,0,0
-2537,662,-291,1518,4451,-2253,0,0
-2323,66,-285,1339,4293,-2209,0,0
-2002,-836,-141,1066,4382,-2331,0,0
-1406,-1412,67,260,4562,-1980,0,0
-627,3,3,-1458,4597,-2248,0,0
204,2446,-52,613,4120,-1823,0,0
413,1630,21,1375,3838,-609,0,0
382,844,39,1026,3843,-128,0,0
459,1229,67,944,3977,186,0,0
494,1625,48,1235,4197,55,0,0
477,956,28,1367,3852,-642,0,0
478,-266,181,1108,3541,-935,0,0
567,-1092,446,696,3697,-810,0,0
691,-1242,442,61,3870,-549,0,0
665,-393,103,-304,3869,-616,0,0
532,785,-169,52,3680,-745,0,0
350,1096,-246,103,3491,-706,0,0
115,575,-275,202,3450,-936,0,0
-33,-157,-374,154,3490,-976,0,0
-71,-216,-421,136,3573,-1048,0,0
-107,148,-394,362,3639,-1296,0,0
-173,179,-314,536,3534,-1316,0,0
-247,-125,-201,478,3457,-1309,0,0
-268,-267,-136,331,3414,-1275,0,0
-243,-142,-113,281,3327,-1240,0,0
-241,-15,-85,306,3495,-1176,0,0
-265,-92,-48,209,3744,-1007,0,0
-280,-76,56,206,3876,-985,0,0
-232,-84,186,138,3874,-994,0,0
-128,-146,213,-45,3679,-988,0,0
-38,48,164,40,3603,-842,0,0
-6,297,88,281,3849,-788,0,0
30,315,18,459,4082,-806,0,0
100,197,61,426,3950,-789,0,0
135,118,165,331,3807,-817,0,0
159,125,174,335,3734,-868,0,0
177,144,85,434,3755,-880,0,0
187,94,16,534,3799,-934,0,0
220,70,45,540,3834,-856,0,0
251,165,99,579,3735,-822,0,0
231,186,109,645,3615,-818,0,0
161,105,82,670,3637,-833,0,0
104,5,71,638,3589,-826,0,0
64,-4,95,608,3577,-821,0,0
27,47,90,612,3743,-877,0,0
3,69,69,635,3766,-897,0,0
-28,38,75,599,3711,-978,0,0
-32,-13,70,518,3640,-1046,0,0
8,38,52,511,3617,-1025,0,0
47,136,54,577,3657,-1015,0,0
53,149,63,642,3650,-988,0,0
16,67,42,671,3582,-1006,0,0
-23,-22,4,643,3596,-945,0,0
-30,8,-23,673,3655,-953,0,0
-3,63,-14,688,3676,-861,0,0
6,154,28,723,3674,-818,0,0
-32,143,45,759,3611,-835,0,0
-89,53,39,729,3611,-803,0,0
-131,38,16,746,3686,-842,0,0
-152,11,-10,752,3727,-881,0,0
-131,32,-9,714,3679,-873,0,0
-80,155,50,687,3628,-827,0,0
-51,250,90,710,3664,-808,0,0
-45,226,37,720,3704,-799,0,0
-41,238,-17,730,3752,-734,0,0
-45,316,-11,785,3735,-713,0,0
-95,242,-26,859,3664,-784,0,0
-156,61,-104,843,3637,-792,0,0
-159,47,-158,819,3697,-797,0,0
-113,119,-156,834,3763,-802,0,0
-60,151,-123,838,3849,-753,0,0
-31,200,-99,897,3800,-707,0,0
-62,151,-102,955,3757,-685,0,0
-108,29,-111,965,3704,-629,0,0
-134,-88,-104,976,3659,-625,0,0
-119,-216,-127,961,3760,-645,0,0
-25,-237,-200,910,3871,-618,0,0
118,-63,-249,932,3848,-588,0,0
227,123,-210,973,3787,-507,0,0
232,237,-73,1016,3676,-511,0,0
126,123,74,1038,3672,-669,0,0
28,-200,178,912,3635,-715,0,0
-2,-352,277,765,3543,-736,0,0
-12,-302,346,710,3700,-770,0,0
-10,-261,332,695,3848,-792,0,0
11,-281,321,644,3710,-823,0,0
40,-301,386,549,3794,-885,0,0
118,-264,440,448,3838,-903,0,0
176,-154,433,394,3756,-890,0,0
137,-100,351,446,3694,-1011,0,0
67,-270,194,420,3629,-1029,0,0
24,-372,22,370,3591,-1035,0,0
8,-271,-122,406,3629,-1022,0,0
-2,-160,-242,524,3596,-1049,0,0
-28,-218,-342,571,3543,-1087,0,0
-53,-248,-430,583,3607,-1088,0,0
-48,-202,-473,668,3677,-1078,0,0
-26,-207,-448,729,3653,-1078,0,0
1,-227,-329,725,3677,-1024,0,0
26,-177,-177,745,3798,-993,0,0
52,-147,-42,738,3740,-1001,0,0
75,-109,112,665,3645,-980,0,0
99,-47,253,606,3663,-1006,0,0
122,-24,336,553,3631,-1014,0,0
111,3,382,518,3635,-1053,0,0
83,-3,389,478,3692,-1117,0,0
63,-22,376,437,3612,-1157,0,0
31,-63,357,421,3519,-1210,0,0
10,-119,298,377,3481,-1207,0,0
2,-62,157,349,3586,-1200,0,0
23,103,-17,390,3707,-1155,0,0
51,219,-127,516,3615,-1137,0,0
35,169,-183,567,3613,-1082,0,0
15,132,-252,582,3675,-1045,0,0
15,193,-320,621,3708,-983,0,0
14,263,-329,702,3672,-967,0,0
-14,238,-308,756,3652,-966,0,0
-48,160,-285,771,3634,-968,0,0
-69,138,-262,775,3694,-963,0,0
-77,139,-212,827,3617,-999,0,0
-104,77,-132,820,3674,-1018,0,0
-126,22,-70,810,3738,-1092,0,0
-113,-54,0,757,3635,-1132,0,0
-86,-75,84,685,3713,-1157,0,0
-29,-40,120,645,3760,-1179,0,0
31,1,146,638,3683,-1138,0,0
44,-11,169,644,3691,-1161,0,0
47,-102,155,589,3667,-1117,0,0
45,-97,139,573,3726,-1112,0,0
49,-101,113,573,3714,-1114,0,0
49,-120,96,545,3681,-1097,0,0
55,-112,77,550,3606,-1097,0,0
80,-117,67,512,3528,-1014,0,0
95,-22,51,532,3573,-968,0,0
104,28,-8,570,3604,-909,0,0
82,69,-50,632,3610,-860,0,0
22,62,-46,680,3656,-888,0,0
-28,-20,-33,662,3576,-898,0,0
-57,-28,-17,670,3527,-965,0,0
-67,-74,-26,718,3575,-1134,0,0
-16,-169,-41,570,3691,-1168,0,0
109,85,6,542,3764,-1121,0,0
187,317,55,761,3653,-1206,0,0
148,105,58,815,3508,-1196,0,0
66,-106,33,767,3599,-1175,0,0
41,-98,13,734,3687,-1117,0,0
40,0,76,761,3635,-1111,0,0
15,-3,145,734,3607,-1085,0,0
-9,-2,160,664,3624,-987,0,0
-76,74,133,721,3601,-1035,0,0
-172,-40,51,714,3556,-1104,0,0
-240,-173,-41,667,3578,-1154,0,0
-254,-185,-98,643,3701,-1222,0,0
-206,-141,-129,639,3761,-1261,0,0
-129,-78,-113,625,3760,-1241,0,0
-61,8,-69,634,3692,-1174,0,0
-39,24,-52,655,3624,-1130,0,0
-51,-13,-84,643,3604,-1075,0,0
-61,-19,-117,669,3616,-1028,0,0
-78,-57,-121,691,3588,-984,0,0
-102,-116,-106,662,3644,-979,0,0
-85,-102,-94,590,3779,-940,0,0
-33,22,-59,576,3808,-905,0,0
-8,72,8,599,3727,-914,0,0
-5,5,77,539,3679,-895,0,0
-2,6,91,500,3716,-941,0,0
13,29,43,474,3687,-963,0,0
7,45,4,480,3588,-1003,0,0
-21,44,-12,455,3624,-1072,0,0
-21,44,-11,444,3657,-1138,0,0
2,43,-8,447,3600,-1152,0,0
17,43,8,451,3604,-1159,0,0
33,34,6,473,3612,-1147,0,0
41,24,0,480,3659,-1137,0,0
61,49,1,482,3764,-1140,0,0
114,92,24,474,3665,-1056,0,0
129,154,68,515,3692,-1035,0,0
92,88,66,522,3779,-1050,0,0
36,-10,36,489,3807,-1083,0,0
4,-76,64,466,3581,-1123,0,0
-23,-154,83,429,3479,-1139,0,0
-19,-168,-3,407,3547,-1136,0,0
29,-69,-91,492,3523,-1073,0,0
37,-11,-121,612,3660,-1061,0,0
29,-46,-103,636,3756,-1033,0,0
24,-72,-13,641,3724,-1022,0,0
1,-142,105,577,3629,-1080,0,0
-24,-148,146,514,3563,-1088,0,0
-39,-99,117,513,3611,-1106,0,0
-56,-63,85,525,3668,-1102,0,0
-82,-70,108,529,3647,-1126,0,0
-107,-155,111,523,3609,-1187,0,0
-76,-188,69,468,3626,-1164,0,0
-5,-20,44,553,3664,-1145,0,0
39,44,48,633,3652,-1103,0,0
30,26,75,645,3646,-1032,0,0
10,15,97,644,3666,-1002,0,0
-1,25,101,632,3668,-965,0,0
-12,59,98,653,3712,-949,0,0
-20,53,97,651,3615,-931,0,0
-44,55,106,634,3574,-937,0,0
-62,70,95,631,3679,-967,0,0
-57,94,61,657,3695,-970,0,0
-60,116,54,694,3636,-1007,0,0
-64,92,37,668,3672,-1006,0,0
-41,143,6,690,3663,-1004,0,0
-18,178,-5,723,3712,-998,0,0
19,186,-25,718,3671,-964,0,0
52,227,-21,728,3550,-894,0,0
57,290,-15,759,3531,-847,0,0
47,332,-58,796,3592,-797,0,0
20,364,-134,863,3705,-774,0,0
-28,323,-181,929,3691,-752,0,0
-111,205,-184,954,3688,-2808,0,0
-187,76,-187,951,3619,-815,0,0
-215,-19,-157,909,3513,-833,0,0
-203,9,-112,890,3680,-839,0,0
-145,98,-89,916,3807,-836,0,0
-90,152,-36,946,3773,-784,0,0
-74,161,53,932,3790,-760,0,0
-89,103,99,932,3737,-782,0,0
-103,-22,73,868,3656,-781,0,0
-90,-47,29,838,3636,-777,0,0
-57,-21,-7,862,3730,-771,0,0
-15,13,-33,892,3800,-734,0,0
11,32,-15,926,3774,-723,0,0
24,-8,11,904,3747,-683,0,0
48,0,20,882,3728,-631,0,0
57,30,36,887,3728,-606,0,0
41,3,59,859,3728,-626,0,0
23,-27,64,816,3766,-699,0,0
32,-65,48,776,3710,-784,0,0
61,-83,35,733,3590,-824,0,0
91,-59,47,718,3561,-860,0,0
122,-27,49,699,3724,-859,0,0
156,12,38,705,3707,-847,0,0
163,32,81,699,3586,-844,0,0
155,48,129,667,3724,-827,0,0
127,85,133,677,3802,-762,0,0
22,64,84,748,3735,-806,0,0
-110,-156,28,690,3524,-883,0,0
-172,-295,28,578,3566,-907,0,0
-115,-247,5,580,3789,-1003,0,0
-9,-43,-58,511,3746,-828,0,0
-31,117,-85,655,3619,-811,0,0
-108,-11,-101,684,3600,-835,0,0
-158,-72,-129,668,3610,-774,0,0
-186,-32,-146,710,3632,-802,0,0
-179,6,-131,769,3700,-855,0,0
-129,18,-91,821,3694,-889,0,0
-61,4,-33,794,3755,-880,0,0
-9,20,3,767,3802,-822,0,0
8,10,26,741,3687,-800,0,0
-15,-63,39,694,3638,-795,0,0
-23,-96,28,687,3649,-797,0,0
-25,-87,20,732,3708,-797,0,0
-8,-97,26,743,3758,-785,0,0
26,-86,46,723,3690,-719,0,0
24,-70,62,719,3710,-722,0,0
23,-40,65,719,3764,-674,0,0
17,-2,81,735,3718,-700,0,0
-13,-56,90,674,3671,-760,0,0
-21,-85,60,624,3721,-757,0,0
-10,-39,14,673,3752,-798,0,0
15,-20,1,719,3714,-797,0,0
38,-22,8,739,3689,-779,0,0
36,-34,4,749,3724,-781,0,0
26,-34,-10,764,3717,-802,0,0
25,-44,-17,772,3596,-849,0,0
39,-29,1,746,3529,-864,0,0
68,16,16,753,3610,-831,0,0
94,83,4,760,3719,-781,0,0
99,149,9,801,3772,-753,0,0
81,134,46,796,3740,-752,0,0
44,55,76,755,3680,-783,0,0
6,0,70,698,3681,-809,0,0
-9,-3,33,699,3666,-832,0,0
-19,-15,-7,702,3687,-861,0,0
-15,-7,-19,710,3688,-864,0,0
-6,-6,-20,728,3692,-842,0,0
-4,-12,-37,736,3654,-852,0,0
-4,2,-46,762,3686,-831,0,0
-4,-7,-60,792,3675,-831,0,0
-13,-14,-53,791,3655,-815,0,0
-21,2,-22,800,3712,-830,0,0
-21,-10,-10,781,3720,-849,0,0
-13,-9,14,750,3660,-851,0,0
1,3,46,706,3671,-829,0,0
1,19,29,757,3696,-860,0,0
-28,-53,-11,779,3671,-876,0,0
-26,-81,-11,768,3689,-903,0,0
12,-44,26,734,3721,-888,0,0
38,11,61,726,3758,-849,0,0
34,-13,55,721,3677,-822,0,0
0,-57,24,686,3632,-851,0,0
-19,-79,-15,696,3621,-871,0,0
-19,-82,-45,718,3656,-856,0,0
-19,-67,-63,766,3702,-891,0,0
6,-58,-57,777,3638,-860,0,0
31,-15,-8,770,3600,-839,0,0
28,18,24,764,3659,-829,0,0
22,22,12,757,3692,-784,0,0
4,50,32,765,3657,-790,0,0
-37,-3,56,754,3660,-820,0,0
-75,-89,31,728,3701,-867,0,0
-76,-121,-7,719,3666,-873,0,0
-63,-64,19,714,3629,-812,0,0
-102,-81,26,794,3656,-888,0,0
-157,-284,-44,802,3721,-1009,0,0
-104,-363,-81,730,3743,-1018,0,0
29,-147,-6,697,3681,-782,0,0
28,22,75,886,3779,-876,0,0
-36,-308,26,841,3774,-929,0,0
3,-420,0,639,3695,-820,0,0
90,-120,73,696,3729,-786,0,0
91,-78,107,782,3738,-805,0,0
20,-289,59,706,3695,-831,0,0
19,-327,-4,569,3831,-822,0,0
97,-159,-13,570,3820,-789,0,0
105,-58,-11,626,3693,-773,0,0
26,-115,-68,650,3679,-829,0,0
-33,-219,-134,574,3705,-837,0,0
-36,-183,-145,546,3689,-904,0,0
11,-101,-148,533,3691,-918,0,0
88,25,-148,519,3712,-834,0,0
145,180,-118,525,3781,-810,0,0
179,266,-84,516,3783,-772,0,0
185,334,-47,492,3729,-755,0,0
166,384,16,490,3717,-744,0,0
116,370,77,470,3697,-759,0,0
51,242,73,517,3524,-863,0,0
4,-198,-56,392,3468,-939,0,0
-58,-514,-284,213,3502,-949,0,0
-94,-399,-385,125,3616,-1055,0,0
-81,116,-306,188,3942,-1400,0,0
9,518,-174,237,4007,-1613,0,0
111,810,-43,270,3680,-1606,0,0
79,831,54,386,3333,-1406,0,0
-32,641,45,534,3282,-1312,0,0
-125,340,-43,670,3337,-1317,0,0
-181,67,-77,706,3564,-1466,0,0
-127,-145,17,721,3628,-1603,0,0
-35,-623,159,406,3527,-1316,0,0
-6,-761,256,82,3620,-1001,0,0
-15,-278,276,126,3761,-806,0,0
-56,139,264,408,3568,-991,0,0
-134,-46,208,448,3682,-1129,0,0
-149,-165,130,446,3815,-1151,0,0
-66,-60,87,527,3848,-1133,0,0
56,-53,71,471,3810,-1011,0,0
155,74,94,461,3697,-897,0,0
194,250,107,542,3671,-799,0,0
177,368,77,611,3720,-574,0,0
82,482,47,736,3649,-522,0,0
-58,385,24,846,3528,-624,0,0
-174,139,-49,822,3597,-638,0,0
-252,27,-149,812,3622,-786,0,0
-314,36,-225,769,3714,-1026,0,0
-257,363,-188,801,3812,-1447,0,0
-19,802,-18,1176,3825,-1635,0,0
150,82,88,1205,3761,-1224,0,0
169,-614,69,793,3668,-863,0,0
190,-410,82,687,3605,-755,0,0
190,-27,132,783,3645,-718,0,0
112,61,155,907,3706,-719,0,0
-15,-179,138,874,3731,-749,0,0
-98,-376,121,744,3717,-790,0,0
-79,-349,133,639,3667,-820,0,0
-4,-171,156,600,3693,-848,0,0
75,2,149,620,3536,-897,0,0
118,155,143,585,3637,-754,0,0
84,338,140,713,3838,-795,0,0
-20,139,97,772,3685,-911,0,0
-108,-163,42,587,3648,-913,0,0
-105,-128,-12,538,3607,-939,0,0
-70,14,-89,639,3509,-929,0,0
-83,29,-174,738,3532,-943,0,0
-120,-13,-284,795,3637,-911,0,0
-155,-39,-381,872,3698,-963,0,0
-171,-76,-387,862,3853,-986,0,0
-121,-32,-210,843,3865,-939,0,0
-77,0,31,814,3772,-1019,0,0
-26,-39,126,760,3719,-1020,0,0
26,-70,131,727,3556,-980,0,0
41,-67,138,708,3632,-949,0,0
60,-62,100,709,3739,-946,0,0
84,-48,68,694,3671,-858,0,0
83,-7,93,707,3651,-934,0,0
113,-26,109,657,3594,-919,0,0
161,57,111,647,3649,-860,0,0
184,150,106,713,3651,-863,0,0
185,141,93,691,3579,-794,0,0
165,186,92,682,3582,-751,0,0
102,221,79,770,3648,-751,0,0
-9,104,2,826,3684,-816,0,0
-115,-32,-74,816,3620,-859,0,0
-194,-96,-88,835,3596,-965,0,0
-225,-186,-77,779,3637,-1037,0,0
-193,-142,-67,731,3676,-1070,0,0
-124,1,-31,736,3743,-1064,0,0
-54,74,16,737,3703,-1021,0,0
-14,92,45,728,3628,-943,0,0
-10,103,37,745,3663,-895,0,0
-21,74,-15,775,3686,-868,0,0
-33,40,-44,788,3668,-830,0,0
-43,47,-8,762,3683,-813,0,0
-39,62,47,705,3837,-837,0,0
-10,52,102,634,3782,-833,0,0
14,84,123,618,3623,-812,0,0
-11,109,55,682,3560,-826,0,0
-75,37,-91,742,3577,-870,0,0
-112,-42,-213,744,3620,-855,0,0
-120,-15,-233,798,3683,-879,0,0
-104,-22,-198,830,3728,-871,0,0
-72,-23,-126,833,3745,-843,0,0
-34,8,-23,841,3719,-831,0,0
1,34,70,808,3718,-815,0,0
30,48,123,784,3604,-777,0,0
24,60,158,757,3625,-734,0,0
1,66,159,786,3656,-738,0,0
-32,0,142,760,3640,-723,0,0
-68,-38,128,746,3639,-758,0,0
-75,-49,120,702,3602,-728,0,0
-71,39,113,732,3630,-686,0,0
-92,72,89,810,3681,-667,0,0
-138,12,37,860,3717,-665,0,0
-186,-69,-17,902,3705,-741,0,0
-195,-155,-40,902,3747,-794,0,0
-139,-195,-49,898,3769,-812,0,0
-40,-144,-26,893,3697,-787,0,0
45,-40,29,941,3722,-746,0,0
105,-25,47,942,3836,-667,0,0
144,29,26,957,3811,-609,0,0
143,53,41,1003,3699,-609,0,0
131,-13,60,953,3614,-613,0,0
147,21,68,905,3619,-573,0,0
155,106,72,915,3700,-541,0,0
125,131,39,928,3761,-530,0,0
66,113,-5,947,3692,-570,0,0
-5,32,-24,938,3628,-630,0,0
-72,-48,-62,954,3741,-692,0,0
-130,-132,-108,1004,3725,-792,0,0
-161,-251,-104,967,3692,-861,0,0
-121,-253,-38,850,3773,-890,0,0
-39,-77,61,793,3786,-929,0,0
38,8,107,798,3782,-971,0,0
114,-33,89,714,3702,-935,0,0
183,19,50,697,3565,-840,0,0
204,91,3,722,3552,-766,0,0
175,125,-53,790,3551,-742,0,0
127,74,-100,829,3558,-717,0,0
97,34,-98,812,3460,-688,0,0
64,96,-55,788,3590,-673,0,0
53,192,-32,784,3764,-654,0,0
37,252,-7,781,3719,-604,0,0
-41,241,-8,786,3675,-660,0,0
-136,159,-68,765,3611,-700,0,0
-213,100,-141,782,3561,-738,0,0
-274,49,-205,792,3596,-802,0,0
-295,42,-267,810,3762,-891,0,0
-248,48,-283,819,3836,-933,0,0
-160,111,-188,785,3839,-949,0,0
-58,186,-48,792,3781,-1002,0,0
32,136,15,713,3710,-969,0,0
65,63,-7,579,3757,-877,0,0
79,115,-37,591,3834,-820,0,0
98,164,-17,672,3756,-834,0,0
114,87,51,647,3725,-810,0,0
135,38,98,649,3751,-819,0,0
161,-36,102,642,3664,-769,0,0
165,-30,84,636,3716,-743,0,0
134,-34,78,697,3668,-777,0,0
101,-83,53,615,3723,-751,0,0
73,-33,49,654,3662,-809,0,0
33,-67,38,604,3724,-814,0,0
36,-9,-5,607,3750,-822,0,0
42,-13,-64,701,3623,-868,0,0
37,-109,-124,675,3556,-833,0,0
45,-32,-150,706,3632,-834,0,0
75,84,-128,751,3723,-796,0,0
96,153,-16,773,3727,-796,0,0
84,117,102,722,3705,-799,0,0
65,83,143,656,3683,-810,0,0
32,66,108,660,3611,-876,0,0
13,13,36,623,3538,-868,0,0
13,54,-24,653,3544,-822,0,0
-7,119,-46,758,3696,-789,0,0
-75,35,-53,818,3752,-847,0,0
-139,-135,-62,768,3737,-898,0,0
-154,-218,-49,735,3691,-971,0,0
-121,-238,-25,683,3585,-958,0,0
-65,-115,-3,669,3737,-965,0,0
19,2,48,696,3663,-889,0,0
60,57,125,678,3665,-821,0,0
55,45,150,692,3686,-822,0,0
35,-17,124,654,3643,-775,0,0
10,-23,88,682,3681,-783,0,0
-20,-52,50,702,3716,-765,0,0
-59,-63,30,736,3720,-735,0,0
-149,-167,16,793,3619,-764,0,0
-298,-436,-73,832,3592,-942,0,0
-314,-645,-189,681,3697,-1061,0,0
-110,-340,-137,538,3767,-917,0,0
114,211,83,692,3804,-821,0,0
198,387,273,786,3853,-785,0,0
179,239,313,766,3840,-752,0,0
138,71,250,634,3710,-694,0,0
96,102,170,621,3574,-690,0,0
22,103,79,672,3598,-726,0,0
-69,-7,-48,712,3659,-838,0,0
-97,-109,-151,660,3636,-850,0,0
-68,3,-150,679,3612,-785,0,0
-72,105,-107,810,3740,-841,0,0
-85,7,-82,777,3781,-851,0,0
-63,12,-47,730,3702,-872,0,0
-6,99,-23,690,3706,-866,0,0
59,216,-32,698,3818,-750,0,0
47,309,-77,790,3775,-662,0,0
-85,122,-168,962,3495,-852,0,0
-153,-275,-243,796,3465,-831,0,0
-63,-137,-171,698,3653,-750,0,0
33,192,-24,863,3706,-747,0,0
9,153,57,920,3750,-814,0,0
-10,-44,52,773,3768,-820,0,0
56,82,76,667,3824,-728,0,0
82,269,136,771,3987,-830,0,0
84,96,148,703,3867,-797,0,0
85,-48,183,599,3600,-696,0,0
23,-56,195,607,3515,-720,0,0
-67,-143,57,626,3486,-762,0,0
-129,-232,-129,632,3484,-727,0,0
-177,-215,-230,713,3626,-783,0,0
-191,-284,-223,707,3735,-871,0,0
-95,-240,-121,563,3783,-780,0,0
51,137,32,602,3822,-714,0,0
129,358,135,741,3609,-754,0,0
128,237,124,729,3552,-717,0,0
138,218,64,697,3722,-630,0,0
125,364,77,804,3774,-576,0,0
13,297,127,919,3736,-674,0,0
-121,-50,134,828,3624,-741,0,0
-175,-218,108,735,3621,-801,0,0
-151,-154,65,737,3764,-845,0,0
-117,-39,23,862,3806,-901,0,0
-99,-118,34,889,3679,-935,0,0
-89,-221,70,858,3688,-849,0,0
-100,-316,47,848,3759,-816,0,0
-97,-384,-12,793,3871,-847,0,0
-15,-308,-41,764,3858,-840,0,0
89,-173,24,762,3700,-768,0,0
143,-96,90,759,3660,-743,0,0
175,-72,63,704,3637,-707,0,0
217,49,10,699,3647,-636,0,0
263,254,7,697,3713,-568,0,0
270,438,37,769,3766,-529,0,0
199,404,44,842,3781,-545,0,0
64,196,11,846,3671,-636,0,0
-65,-32,-51,805,3571,-741,0,0
-134,-144,-111,746,3520,-803,0,0
-144,-88,-155,739,3560,-830,0,0
-139,26,-201,825,3636,-881,0,0
-140,23,-247,877,3699,-921,0,0
-124,-4,-234,883,3719,-892,0,0
-102,2,-128,889,3741,-905,0,0
-78,-47,-27,838,3758,-920,0,0
-24,-44,1,777,3793,-884,0,0
49,39,37,772,3754,-814,0,0
96,90,122,778,3691,-778,0,0
108,43,198,745,3674,-786,0,0
122,2,196,682,3654,-770,0,0
135,28,147,682,3613,-738,0,0
110,34,99,691,3646,-743,0,0
72,12,59,706,3716,-772,0,0
35,-19,28,731,3721,-814,0,0
-11,-72,14,760,3651,-881,0,0
-58,-164,-5,754,3659,-949,0,0
-65,-216,-50,733,3695,-997,0,0
-27,-192,-84,743,3659,-995,0,0
36,-121,-71,747,3645,-938,0,0
74,-45,-20,790,3618,-889,0,0
47,-68,11,793,3702,-865,0,0
12,-122,-7,791,3710,-846,0,0
-10,-140,0,751,3639,-841,0,0
-15,-116,38,733,3642,-862,0,0
1,-109,57,686,3638,-807,0,0
-3,-58,39,707,3687,-822,0,0
-17,-62,-12,712,3739,-832,0,0
-7,-22,-5,677,3619,-801,0,0
-20,42,52,678,3667,-833,0,0
-41,4,39,644,3725,-867,0,0
-39,1,-18,642,3663,-909,0,0
-12,34,-39,631,3592,-926,0,0
30,134,-4,637,3625,-864,0,0
47,211,11,694,3694,-842,0,0
24,186,-15,716,3734,-837,0,0
5,165,-18,723,3656,-858,0,0
-17,111,-8,697,3582,-902,0,0
-35,82,-49,675,3681,-966,0,0
-3,135,-93,692,3655,-893,0,0
13,237,-81,805,3619,-871,0,0
-32,173,-71,833,3674,-864,0,0
-73,70,-69,812,3691,-866,0,0
-88,44,-46,785,3703,-887,0,0
-83,47,-12,775,3697,-913,0,0
-52,40,12,748,3676,-918,0,0
-14,52,26,735,3684,-877,0,0
6,49,44,728,3720,-825,0,0
6,30,46,727,3706,-803,0,0
-10,-9,24,722,3663,-805,0,0
-27,-33,11,715,3655,-796,0,0
-34,-33,13,720,3674,-785,0,0
-38,-35,3,731,3755,-801,0,0
-24,-24,9,713,3703,-799,0,0
-8,7,38,704,3642,-774,0,0
-17,-13,26,717,3700,-797,0,0
-18,-45,-14,725,3707,-790,0,0
13,14,-26,766,3719,-759,0,0
17,68,9,824,3687,-698,0,0
-44,37,68,825,3636,-734,0,0
-111,-90,71,768,3672,-833,0,0
-106,-150,32,704,3754,-912,0,0
-34,-60,35,729,3745,-963,0,0
47,4,68,725,3712,-898,0,0
102,45,76,741,3746,-827,0,0
107,22,60,773,3718,-779,0,0
64,-48,46,773,3662,-770,0,0
21,-111,22,764,3687,-798,0,0
7,-135,-3,761,3687,-802,0,0
6,-113,-8,764,3693,-827,0,0
31,-70,-7,761,3653,-819,0,0
56,-12,4,781,3564,-778,0,0
39,8,10,789,3633,-773,0,0
18,-3,-24,821,3664,-767,0,0
9,16,-26,811,3645,-743,0,0
1,77,16,793,3669,-743,0,0
-8,74,34,739,3690,-719,0,0
-48,73,19,754,3720,-739,0,0
-113,-11,-33,809,3715,-833,0,0
-130,-128,-78,784,3647,-915,0,0
-84,-87,-49,767,3632,-931,0,0
-25,2,0,801,3705,-941,0,0
14,8,9,806,3742,-867,0,0
24,13,22,817,3704,-842,0,0
15,-23,47,765,3662,-840,0,0
17,-32,51,728,3681,-808,0,0
14,-28,29,735,3684,-800,0,0
-1,-54,12,730,3691,-806,0,0
-10,-78,3,724,3681,-799,0,0
-20,-81,-9,734,3738,-821,0,0
-32,-117,-24,775,3717,-886,0,0
-27,-194,-45,783,3673,-954,0,0
1,-212,-47,794,3655,-979,0,0
40,-175,-26,810,3690,-953,0,0
71,-143,-3,817,3771,-982,0,0
123,-107,33,734,3747,-935,0,0
183,17,111,716,3647,-861,0,0
156,34,166,702,3600,-801,0,0
66,-81,138,661,3660,-823,0,0
5,-177,41,628,3688,-884,0,0
-22,-194,-38,649,3643,-937,0,0
-29,-187,-53,649,3644,-973,0,0
-4,-151,-51,633,3650,-957,0,0
16,-91,-58,679,3605,-965,0,0
25,-60,-78,691,3638,-962,0,0
56,8,-68,707,3594,-902,0,0
63,86,5,695,3620,-842,0,0
32,116,40,714,3704,-852,0,0
-14,45,32,666,3626,-869,0,0
-61,23,32,654,3634,-922,0,0
-87,-17,12,649,3633,-959,0,0
-109,-42,-8,674,3640,-965,0,0
-134,-77,-24,703,3717,-1030,0,0
-113,-117,-23,670,3695,-1040,0,0
-57,-52,11,630,3642,-1026,0,0
-5,52,38,654,3671,-994,0,0
11,52,33,674,3695,-945,0,0
5,28,28,655,3700,-943,0,0
5,31,31,646,3672,-944,0,0
14,46,26,657,3714,-959,0,0
15,36,22,685,3674,-990,0,0
8,-7,25,662,3655,-1009,0,0
22,-30,-5,690,3684,-1018,0,0
30,-20,-12,720,3649,-929,0,0
-7,-29,13,744,3684,-973,0,0
-30,-115,-6,694,3675,-1004,0,0
-8,-75,-6,694,3693,-1016,0,0
18,-43,17,692,3639,-989,0,0
15,-64,10,683,3604,-922,0,0
-14,-93,-26,721,3653,-922,0,0
-29,-124,-45,759,3678,-921,0,0
-30,-123,-19,745,3617,-914,0,0
-29,-76,28,705,3673,-910,0,0
-21,-42,36,685,3679,-920,0,0
-16,-14,43,644,3618,-897,0,0
-2,33,51,610,3614,-874,0,0
6,70,25,612,3640,-825,0,0
-24,80,-32,691,3709,-834,0,0
-61,24,-52,704,3711,-837,0,0
-72,27,-29,701,3711,-841,0,0
-97,-3,-23,721,3674,-899,0,0
-121,-89,-43,699,3685,-950,0,0
-88,-69,-35,652,3690,-950,0,0
-34,41,5,692,3661,-964,0,0
-5,33,16,690,3606,-922,0,0
5,29,14,712,3653,-859,0,0
-5,24,22,766,3719,-870,0,0
-18,-18,42,744,3756,-878,0,0
-9,-27,60,695,3732,-874,0,0
-7,-25,61,668,3688,-882,0,0
-30,-74,21,672,3735,-923,0,0
-37,-140,-32,684,3731,-1002,0,0
-2,-129,-22,699,3657,-1023,0,0
53,-105,7,711,3635,-1028,0,0
98,-82,11,733,3689,-951,0,0
124,-37,36,757,3723,-895,0,0
140,-19,82,709,3708,-862,0,0
145,3,118,656,3619,-798,0,0
106,32,137,626,3633,-762,0,0
33,6,94,640,3727,-808,0,0
-33,-70,36,596,3707,-860,0,0
-67,-70,23,570,3675,-932,0,0
-75,-71,-5,535,3631,-950,0,0
-82,-34,-60,593,3666,-990,0,0
-85,-57,-121,644,3735,-1046,0,0
-40,-70,-150,635,3680,-1057,0,0
34,17,-117,659,3668,-998,0,0
77,91,-73,691,3700,-925,0,0
73,103,-49,681,3685,-853,0,0
34,65,-24,663,3674,-856,0,0
-1,25,-7,571,3626,-836,0,0
-27,71,11,556,3618,-804,0,0
-71,91,2,535,3684,-818,0,0
-105,105,-15,516,3740,-845,0,0
-104,135,-12,500,3698,-869,0,0
-96,157,5,484,3677,-881,0,0
-99,170,-5,482,3798,-903,0,0
-82,160,-25,459,3810,-998,0,0
-28,157,-7,444,3708,-1154,0,0
19,162,0,460,3619,-1093,0,0
15,194,-29,575,3576,-986,0,0
-14,116,-64,571,3665,-930,0,0
-24,123,-52,592,3781,-924,0,0
-36,82,3,639,3723,-971,0,0
-56,-37,46,540,3598,-1004,0,0
-45,-37,48,531,3641,-990,0,0
-43,-32,34,634,3697,-1020,0,0
-67,-126,66,660,3649,-1112,0,0
-42,-186,143,683,3705,-1128,0,0
28,-213,242,804,3771,-1151,0,0
126,-179,374,892,3754,-1146,0,0
239,-73,545,1205,3686,-1207,0,0
330,-143,754,1599,3728,-1280,0,0
427,-325,1045,1887,3717,-1305,0,0
552,-505,1361,1968,3561,-1281,0,0
644,-479,1579,2013,3394,-1248,0,0
656,-357,1673,2025,3112,-1185,0,0
572,-277,1685,2099,2956,-1131,0,0
445,-195,1640,2194,2993,-1162,0,0
309,-22,1586,2218,2872,-1173,0,0
146,93,1504,2237,2653,-1208,0,0
-24,181,1382,2272,2422,-1232,0,0
-217,349,1226,2512,2164,-1249,0,0
-383,168,1000,2577,2202,-1323,0,0
-299,-398,557,1808,2224,-1686,0,0
12,8,215,2666,1851,-1701,0,0
132,220,12,3304,1614,-1402,0,0
140,-85,-92,3248,1600,-1400,0,0
171,-337,-44,3147,1640,-1581,0,0
145,-389,-47,3095,1698,-1606,0,0
53,-248,-42,3053,1776,-1664,0,0
-4,-54,16,2779,1790,-1806,0,0
13,378,52,2719,1720,-1724,0,0
-3,747,58,3209,1774,-1561,0,0
0,579,60,3328,1758,-1292,0,0
-18,245,29,3000,1711,-909,0,0
-134,287,-15,3147,1825,-935,0,0
-163,135,-25,3326,1903,-1212,0,0
-122,-79,-22,3057,1836,-1214,0,0
-115,-81,-87,3364,1908,-1341,0,0
-144,-313,-55,3696,2154,-1611,0,0
-106,-752,39,2773,2037,-1730,0,0
-4,-278,-20,2417,1948,-1718,0,0
85,144,-97,2737,2210,-1461,0,0
114,341,-50,3006,2308,-1459,0,0
164,434,-27,2888,2069,-1185,0,0
210,397,-109,2900,1898,-898,0,0
257,453,-193,2931,1837,-1087,0,0
250,817,-208,3154,1798,-1072,0,0
132,1093,-148,3404,1930,-1193,0,0
28,1022,-27,3492,1975,-1036,0,0
-137,813,34,3300,1863,-842,0,0
-326,586,2,3269,1951,-1126,0,0
-187,9,-39,3292,1996,-1217,0,0
111,-408,-83,3334,1887,-786,0,0
161,-483,-78,3292,1963,-590,0,0
21,-538,-52,3078,2138,-617,0,0
-143,-468,-65,2915,2196,-809,0,0
-176,-276,-85,2839,2151,-1008,0,0
-113,-3,-106,2871,2065,-977,0,0
-39,206,-135,3018,2020,-1118,0,0
80,372,-134,3305,2074,-1072,0,0
158,268,-48,3365,2113,-937,0,0
186,53,16,3081,2117,-1033,0,0
229,66,-4,3100,2111,-943,0,0
187,90,-27,3366,2051,-821,0,0
16,-107,59,3398,1969,-758,0,0
-163,-289,111,2954,2070,-736,0,0
-156,-169,78,2791,2179,-1214,0,0
73,133,-34,2976,2089,-1252,0,0
164,192,-110,3318,2040,-889,0,0
-47,-175,-69,3059,2233,-834,0,0
-127,-304,-7,3019,2206,-1080,0,0
-102,-545,-3,2929,2034,-1073,0,0
-42,-549,-87,2779,1924,-1181,0,0
113,-220,-236,2718,1714,-1032,0,0
132,252,-387,2962,1622,-797,0,0
-9,661,-378,3640,1995,-901,0,0
-91,267,-241,3610,2581,-1152,0,0
-91,-702,-164,2793,2753,-1043,0,0
-149,-1044,-129,2072,2756,-1085,0,0
-100,-1099,-333,1364,2803,-1480,0,0
7,-1665,-950,650,2747,-1311,0,0
-124,-1556,-1719,64,2799,-1129,0,0
-407,143,-2191,552,3317,-1163,0,0
-597,1287,-2517,1212,3975,-1135,0,0
-609,1294,-2630,1455,4319,-996,0,0
-615,541,-2512,1504,4440,-857,0,0
-633,-170,-2173,1441,4422,-812,0,0
-588,-404,-1605,1300,4271,-820,0,0
-483,-242,-960,1142,3979,-732,0,0
-396,155,-433,1103,3812,-763,0,0
-329,426,-146,1134,3743,-914,0,0
-275,451,-16,1136,3629,-1035,0,0
-236,287,129,1047,3570,-1064,0,0
-200,70,308,986,3720,-1178,0,0
-70,-165,482,803,3883,-1217,0,0
124,-177,720,590,3971,-1029,0,0
264,2,944,540,3846,-1048,0,0
346,41,1025,530,3768,-1071,0,0
395,-15,936,486,3749,-977,0,0
398,-62,772,486,3694,-918,0,0
357,-19,602,528,3689,-911,0,0
308,-80,397,535,3718,-901,0,0
260,-131,181,494,3626,-818,0,0
183,-64,-3,551,3500,-797,0,0
74,-32,-166,649,3451,-796,0,0
-57,-66,-314,711,3445,-782,0,0
-198,-92,-442,734,3526,-790,0,0
-306,-105,-552,778,3657,-846,0,0
-356,-145,-612,794,3739,-915,0,0
-348,-154,-604,811,3765,-922,0,0
-300,-141,-489,811,3735,-938,0,0
-243,-88,-311,806,3794,-1004,0,0
-147,-27,-153,787,3815,-1022,0,0
-26,44,-14,756,3749,-999,0,0
73,122,112,743,3706,-970,0,0
140,148,202,710,3696,-1002,0,0
196,187,232,669,3702,-917,0,0
213,244,248,708,3670,-872,0,0
155,171,272,735,3649,-905,0,0
74,-13,260,682,3750,-950,0,0
46,-126,202,586,3703,-972,0,0
66,-82,169,527,3627,-956,0,0
87,16,155,554,3659,-963,0,0
90,39,100,589,3646,-903,0,0
58,26,26,619,3628,-883,0,0
11,10,-52,652,3625,-898,0,0
-18,-13,-128,668,3594,-896,0,0
-36,-2,-180,715,3618,-891,0,0
-67,-17,-216,771,3664,-932,0,0
-104,-68,-236,755,3708,-962,0,0
-107,-72,-212,759,3758,-1012,0,0
-78,-100,-137,751,3681,-1046,0,0
-35,-101,-27,679,3684,-1053,0,0
19,-20,43,681,3726,-1026,0,0
57,7,55,702,3666,-999,0,0
56,-14,73,685,3622,-992,0,0
68,-23,111,636,3622,-913,0,0
74,33,135,639,3710,-894,0,0
54,42,115,661,3695,-906,0,0
30,10,104,613,3633,-879,0,0
6,25,105,620,3625,-930,0,0
-16,4,84,586,3641,-929,0,0
-38,25,31,611,3725,-955,0,0
-49,0,-29,621,3679,-1003,0,0
-47,-11,-35,584,3595,-993,0,0
-40,37,-36,622,3668,-1004,0,0
-34,17,-92,664,3614,-1023,0,0
-40,13,-122,675,3663,-970,0,0
-35,40,-122,739,3695,-1003,0,0
-25,0,-87,720,3649,-961,0,0
-20,26,-31,724,3698,-953,0,0
-13,27,-10,733,3658,-937,0,0
-34,14,9,730,3616,-917,0,0
-63,-34,25,722,3712,-978,0,0
-43,-65,25,653,3702,-936,0,0
-19,-6,51,674,3720,-991,0,0
0,-38,72,631,3692,-991,0,0
31,-24,81,593,3647,-934,0,0
42,22,73,622,3678,-917,0,0
29,10,49,620,3670,-872,0,0
-1,17,30,636,3664,-897,0,0
-30,-5,1,645,3628,-922,0,0
-52,-23,-24,659,3642,-942,0,0
-61,-32,-36,674,3679,-959,0,0
-65,-48,-43,686,3691,-977,0,0
-59,-60,-47,698,3733,-977,0,0
-43,-74,-23,683,3648,-957,0,0
-32,-48,19,642,3662,-915,0,0
-14,0,21,672,3710,-877,0,0
-24,-12,16,670,3692,-856,0,0
-39,-19,22,639,3689,-861,0,0
-23,7,30,615,3686,-841,0,0
-23,44,44,634,3676,-826,0,0
-68,-7,37,623,3666,-847,0,0
-108,-70,-1,615,3609,-891,0,0
-128,-113,-42,636,3641,-933,0,0
-127,-141,-69,656,3681,-974,0,0
-95,-130,-69,688,3726,-958,0,0
-44,-98,-35,711,3767,-941,0,0
15,-69,34,689,3689,-867,0,0
62,-10,96,666,3722,-805,0,0
79,45,102,687,3754,-800,0,0
59,16,98,670,3675,-806,0,0
39,-4,110,626,3657,-845,0,0
46,3,106,609,3707,-866,0,0
48,11,81,610,3797,-887,0,0
53,3,65,604,3734,-896,0,0
51,11,71,596,3676,-951,0,0
57,2,40,605,3702,-977,0,0
73,-10,-34,646,3655,-979,0,0
90,-9,-92,705,3645,-956,0,0
112,11,-116,758,3712,-893,0,0
121,36,-87,813,3632,-809,0,0
76,43,-10,820,3644,-801,0,0
16,0,39,772,3670,-847,0,0
-15,-22,33,721,3641,-883,0,0
-32,3,31,713,3601,-946,0,0
-47,-1,40,691,3632,-982,0,0
-50,-9,31,678,3652,-993,0,0
-56,-16,13,675,3673,-1037,0,0
-40,-22,0,672,3636,-1037,0,0
-14,5,11,672,3611,-1011,0,0
-5,27,15,673,3696,-978,0,0
0,25,-15,690,3716,-935,0,0
-6,23,-22,713,3671,-926,0,0
-23,-3,-15,699,3664,-912,0,0
-38,-31,-21,700,3642,-906,0,0
-60,-49,-37,709,3673,-902,0,0
-72,-59,-28,701,3630,-931,0,0
-51,-33,-3,668,3678,-921,0,0
-11,21,7,675,3663,-874,0,0
-12,47,29,673,3707,-837,0,0
-29,18,15,663,3751,-848,0,0
-32,0,-9,615,3662,-857,0,0
-32,53,0,629,3678,-869,0,0
-39,46,-8,648,3720,-890,0,0
-68,-2,-34,674,3706,-920,0,0
-85,-60,-33,644,3694,-982,0,0
-48,-36,-10,602,3669,-1023,0,0
16,24,-29,657,3682,-975,0,0
41,23,-35,707,3703,-930,0,0
37,-7,-20,721,3730,-903,0,0
49,-18,0,692,3681,-882,0,0
51,7,36,679,3614,-844,0,0
31,-4,45,657,3679,-830,0,0
11,-29,13,660,3726,-865,0,0
6,-23,18,636,3719,-876,0,0
21,12,49,619,3644,-900,0,0
18,7,52,586,3653,-880,0,0
-2,-2,7,611,3684,-902,0,0
-7,-12,-39,619,3669,-914,0,0
2,25,-37,637,3644,-920,0,0
13,50,-21,649,3686,-874,0,0
9,51,-31,691,3699,-849,0,0
-20,7,-42,701,3685,-882,0,0
-29,-1,-21,684,3671,-918,0,0
-12,17,6,691,3671,-921,0,0
-15,14,11,695,3681,-932,0,0
-25,-15,11,681,3653,-916,0,0
-27,-27,19,669,3690,-922,0,0
-25,-39,21,654,3697,-911,0,0
-18,-24,36,632,3702,-865,0,0
-18,-14,47,620,3712,-837,0,0
-35,-11,43,571,3711,-806,0,0
-45,24,28,570,3702,-806,0,0
-58,21,-3,570,3661,-795,0,0
-82,17,-34,587,3689,-825,0,0
-95,-11,-60,618,3673,-855,0,0
-98,-24,-86,657,3695,-896,0,0
-84,-31,-99,707,3783,-940,0,0
-39,-36,-56,711,3786,-928,0,0
8,5,27,683,3737,-929,0,0
51,31,77,626,3674,-902,0,0
90,68,77,626,3636,-823,0,0
74,65,51,656,3672,-794,0,0
19,-3,17,663,3736,-812,0,0
0,-34,-5,634,3731,-811,0,0
1,-3,-13,657,3675,-861,0,0
3,-23,-29,642,3626,-853,0,0
20,12,-49,656,3722,-787,0,0
13,72,-64,745,3785,-786,0,0
-31,-12,-49,727,3769,-832,0,0
-12,-55,-21,595,3651,-821,0,0
40,62,4,595,3654,-770,0,0
22,95,-19,654,3743,-776,0,0
-24,27,-55,626,3732,-769,0,0
-47,17,-32,573,3771,-824,0,0
-24,11,-12,508,3795,-857,0,0
30,61,-9,467,3748,-823,0,0
69,145,-39,494,3744,-815,0,0
83,192,-56,497,3739,-770,0,0
70,214,-21,507,3663,-775,0,0
31,185,19,475,3670,-800,0,0
-1,185,24,450,3707,-856,0,0
-13,193,-11,437,3761,-923,0,0
2,216,-50,396,3757,-959,0,0
33,295,-42,426,3705,-1023,0,0
45,286,-52,482,3658,-1163,0,0
35,187,-105,497,3577,-1127,0,0
24,133,-137,558,3604,-1019,0,0
10,46,-166,594,3647,-977,0,0
0,-1,-185,590,3733,-971,0,0
6,9,-157,651,3746,-1021,0,0
27,-49,-82,627,3695,-1002,0,0
55,-40,0,643,3703,-1013,0,0
72,-68,52,635,3684,-993,0,0
62,-103,91,619,3651,-966,0,0
46,-145,116,579,3659,-992,0,0
65,-135,124,559,3686,-985,0,0
93,-125,145,553,3620,-929,0,0
92,-105,172,529,3728,-890,0,0
90,-79,161,540,3710,-869,0,0
72,-64,151,512,3663,-836,0,0
48,-8,150,516,3668,-813,0,0
18,2,134,527,3683,-779,0,0
-41,0,93,552,3703,-815,0,0
-99,-45,39,551,3636,-849,0,0
-134,-63,-32,585,3677,-930,0,0
-140,-84,-99,601,3578,-952,0,0
-153,-53,-118,650,3663,-958,0,0
-159,-79,-155,724,3764,-1015,0,0
-143,-141,-154,712,3703,-990,0,0
-99,-118,-60,711,3714,-958,0,0
-33,-73,31,679,3755,-922,0,0
25,2,80,668,3724,-836,0,0
47,30,123,662,3679,-791,0,0
39,28,152,633,3738,-780,0,0
26,17,151,625,3754,-778,0,0
4,-20,135,570,3695,-793,0,0
-8,-3,118,542,3687,-797,0,0
-16,30,80,538,3679,-817,0,0
-30,39,23,557,3702,-813,0,0
-56,38,-30,599,3739,-833,0,0
-76,11,-58,606,3712,-880,0,0
-69,24,-74,596,3769,-927,0,0
-37,41,-98,625,3738,-936,0,0
-14,58,-81,641,3689,-925,0,0
-8,47,-59,673,3744,-924,0,0
-3,-2,-71,665,3716,-916,0,0
1,-3,-53,656,3675,-933,0,0
35,27,-26,662,3680,-962,0,0
85,52,-7,691,3694,-949,0,0
119,62,25,697,3758,-956,0,0
158,63,80,674,3705,-928,0,0
168,36,121,657,3601,-884,0,0
137,-13,128,603,3652,-871,0,0
104,-2,110,588,3705,-854,0,0
74,7,80,582,3626,-873,0,0
24,8,56,587,3610,-903,0,0
-16,-22,8,588,3622,-947,0,0
-42,-37,-44,606,3613,-950,0,0
-60,-25,-82,632,3678,-1000,0,0
-26,3,-97,649,3619,-965,0,0
3,57,-62,696,3645,-919,0,0
-12,59,-28,721,3751,-925,0,0
-27,31,4,711,3668,-915,0,0
-51,1,27,694,3639,-965,0,0
-73,-48,17,665,3670,-997,0,0
-64,-54,18,644,3669,-980,0,0
-47,-30,22,649,3733,-976,0,0
-32,-24,23,652,3706,-955,0,0
-17,-20,47,621,3676,-944,0,0
1,-16,39,604,3707,-926,0,0
13,1,35,594,3666,-883,0,0
12,19,39,600,3734,-854,0,0
4,16,16,596,3681,-853,0,0
-18,19,-1,609,3634,-852,0,0
-34,10,-25,619,3699,-872,0,0
-49,13,-48,661,3683,-871,0,0
-71,4,-43,653,3700,-916,0,0
-64,14,-39,662,3694,-957,0,0
-53,10,-41,693,3657,-959,0,0
-55,-10,-35,716,3682,-960,0,0
-53,-45,-25,722,3708,-956,0,0
-36,-59,2,681,3723,-946,0,0
-6,-18,43,674,3725,-897,0,0
8,-34,66,645,3672,-865,0,0
3,-49,71,586,3665,-845,0,0
7,-26,47,594,3729,-851,0,0
20,-15,12,620,3688,-851,0,0
16,-12,19,618,3671,-834,0,0
8,-1,22,601,3719,-856,0,0
17,11,-7,610,3684,-839,0,0
17,41,-25,641,3669,-833,0,0
0,38,-15,661,3683,-832,0,0
-24,14,-26,658,3712,-842,0,0
-39,12,-24,653,3701,-893,0,0
-30,15,-10,646,3751,-942,0,0
5,12,-8,623,3658,-945,0,0
15,21,6,616,3654,-926,0,0
18,8,-18,655,3781,-939,0,0
24,-32,-45,674,3714,-958,0,0
27,-49,-15,653,3669,-977,0,0
48,-63,0,622,3689,-964,0,0
61,-71,-13,643,3663,-922,0,0
40,-102,-12,659,3786,-968,0,0
54,-138,-10,600,3754,-1001,0,0
111,-66,15,549,3555,-910,0,0
125,42,63,556,3590,-830,0,0
87,57,70,551,3641,-778,0,0
37,69,64,548,3620,-765,0,0
-33,64,50,566,3633,-824,0,0
-94,18,15,559,3610,-854,0,0
-144,-8,-20,586,3691,-937,0,0
-159,-32,-53,570,3721,-1001,0,0
-132,14,-49,608,3735,-1045,0,0
-94,4,-38,617,3714,-1060,0,0
-61,10,-30,619,3741,-1047,0,0
-22,15,-6,617,3727,-1021,0,0
19,29,1,601,3724,-969,0,0
38,38,2,631,3744,-943,0,0
44,-4,1,593,3672,-884,0,0
24,-8,-14,611,3744,-859,0,0
-15,-75,-80,630,3717,-899,0,0
-46,-144,-137,630,3526,-944,0,0
-24,-124,-155,649,3440,-935,0,0
39,27,-79,717,3522,-830,0,0
50,142,87,789,3612,-756,0,0
-14,99,233,724,3840,-762,0,0
-82,3,294,621,3952,-784,0,0
-120,-108,268,521,3815,-891,0,0
-111,-181,182,408,3718,-945,0,0
-42,-65,86,407,3683,-935,0,0
11,32,-5,533,3710,-927,0,0
5,-16,-79,569,3702,-854,0,0
-16,-1,-100,604,3728,-819,0,0
-35,-15,-117,661,3712,-840,0,0
-59,-64,-171,674,3707,-839,0,0
-70,-74,-229,743,3776,-896,0,0
-39,-108,-231,756,3769,-886,0,0
10,-48,-128,783,3776,-845,0,0
38,-54,9,735,3731,-842,0,0
51,-76,104,635,3675,-842,0,0
76,-41,132,572,3650,-799,0,0
80,17,121,551,3674,-742,0,0
44,29,98,570,3625,-711,0,0
-16,-36,61,527,3624,-762,0,0
-28,-32,14,489,3649,-769,0,0
-8,53,-3,540,3683,-791,0,0
-9,71,1,592,3642,-800,0,0
-37,39,-13,608,3725,-800,0,0
-57,53,-67,631,3903,-787,0,0
-84,18,-82,646,3849,-827,0,0
-98,-32,-42,511,3844,-890,0,0
-42,46,3,454,3819,-904,0,0
0,85,38,422,3783,-959,0,0
22,7,26,304,3706,-1090,0,0
34,0,-29,262,3716,-1114,0,0
23,9,-97,301,3774,-1037,0,0
19,14,-127,346,3755,-987,0,0
44,54,-100,402,3663,-948,0,0
59,59,-46,436,3535,-948,0,0
46,26,28,399,3483,-969,0,0
29,14,78,354,3590,-1072,0,0
38,55,107,356,3634,-1146,0,0
30,50,158,339,3625,-1141,0,0
15,18,157,328,3748,-1235,0,0
40,23,114,361,3660,-1131,0,0
76,83,104,441,3554,-1018,0,0
108,116,102,491,3683,-953,0,0
126,157,83,517,3739,-900,0,0
94,180,91,593,3702,-849,0,0
29,106,114,594,3594,-843,0,0
-43,33,105,560,3483,-824,0,0
-112,34,53,625,3471,-812,0,0
-183,17,-3,678,3535,-801,0,0
-244,9,-53,727,3705,-786,0,0
-285,-39,-63,789,3751,-780,0,0
-333,-146,-36,841,3792,-807,0,0
-362,-289,-40,847,3733,-838,0,0
-356,-370,-62,862,3708,-842,0,0
-318,-399,-90,911,3700,-836,0,0
-270,-422,-84,979,3717,-748,0,0
-240,-434,-46,1051,3818,-676,0,0
-200,-486,12,1035,3852,-656,0,0
-92,-453,122,950,3896,-586,0,0
77,-287,229,898,3856,-520,0,0
237,-79,283,846,3827,-369,0,0
321,172,287,875,3795,-245,0,0
310,324,280,913,3695,-202,0,0
223,291,274,909,3661,-337,0,0
155,115,203,804,3636,-545,0,0
169,92,80,699,3673,-617,0,0
200,303,-63,766,3829,-639,0,0
158,405,-211,977,3825,-786,0,0
92,180,-300,943,3607,-815,0,0
82,143,-218,853,3611,-759,0,0
71,261,-106,973,3645,-883,0,0
47,102,-99,915,3654,-891,0,0
60,127,-97,871,3750,-861,0,0
87,215,-33,898,3760,-800,0,0
39,190,56,856,3800,-784,0,0
-31,93,115,788,3650,-820,0,0
-83,-31,137,707,3519,-851,0,0
-114,-94,85,646,3579,-932,0,0
-82,-92,-18,602,3631,-942,0,0
-12,-27,-57,609,3673,-864,0,0
23,40,-45,661,3939,-838,0,0
32,-31,-58,674,3881,-876,0,0
43,-104,-42,557,3749,-872,0,0
76,-34,-21,584,3702,-948,0,0
95,-55,-55,576,3544,-926,0,0
78,-40,-145,634,3552,-875,0,0
40,-30,-250,731,3604,-858,0,0
-2,-75,-282,788,3550,-819,0,0
-40,-124,-217,807,3565,-813,0,0
-63,-145,-130,809,3653,-815,0,0
-72,-153,-55,808,3697,-858,0,0
-73,-177,38,764,3753,-913,0,0
-60,-212,114,730,3784,-989,0,0
-37,-288,174,632,3642,-1033,0,0
8,-256,246,521,3709,-1027,0,0
93,-143,286,487,3767,-972,0,0
154,-46,311,489,3738,-900,0,0
166,-29,307,470,3713,-847,0,0
153,-13,254,455,3676,-793,0,0
108,25,157,490,3607,-766,0,0
23,11,37,508,3603,-768,0,0
-64,-25,-82,522,3648,-818,0,0
-114,-30,-161,523,3673,-869,0,0
-132,-2,-202,546,3749,-962,0,0
-125,-13,-230,548,3739,-1012,0,0
-103,-1,-252,566,3709,-1040,0,0
-69,37,-275,594,3753,-1040,0,0
-14,78,-262,658,3784,-973,0,0
18,74,-205,716,3713,-957,0,0
23,8,-164,719,3618,-951,0,0
48,20,-158,747,3628,-907,0,0
107,116,-113,792,3713,-759,0,0
98,152,27,795,3746,-713,0,0
52,58,201,672,3662,-800,0,0
33,-11,314,476,3508,-793,0,0
-22,51,292,399,3589,-862,0,0
-59,101,164,383,3686,-930,0,0
-42,224,94,455,3665,-929,0,0
-72,251,64,607,3672,-1040,0,0
-127,73,-23,626,3659,-998,0,0
-159,-24,-131,597,3721,-960,0,0
-120,35,-166,622,3758,-1019,0,0
-46,67,-82,665,3743,-1083,0,0
26,57,11,616,3729,-973,0,0
60,100,24,635,3738,-829,0,0
43,80,10,695,3728,-824,0,0
22,8,10,675,3688,-755,0,0
9,9,22,700,3636,-728,0,0
-9,4,24,704,3674,-700,0,0
-48,-29,26,687,3702,-689,0,0
-80,-63,38,598,3748,-909,0,0
-38,-29,38,503,3714,-1035,0,0
1,58,30,577,3674,-904,0,0
-27,22,-13,680,3769,-885,0,0
-14,-54,-39,789,3754,-940,0,0
48,-186,0,688,3622,-768,0,0
63,-195,74,523,3542,-601,0,0
-21,-55,95,451,3653,-667,0,0
-125,103,7,540,3787,-1024,0,0
-109,209,-49,815,3818,-1100,0,0
-17,48,-10,901,3813,-844,0,0
49,-162,55,762,3717,-701,0,0
30,-211,75,585,3666,-667,0,0
-22,-215,13,486,3684,-761,0,0
-38,-98,-50,554,3692,-846,0,0
-37,8,-36,657,3696,-851,0,0
-38,-14,20,663,3701,-836,0,0
-18,24,44,614,3760,-755,0,0
-27,232,35,695,3747,-779,0,0
-27,346,45,832,3674,-807,0,0
-2,128,68,885,3659,-813,0,0
0,-79,67,728,3681,-766,0,0
-34,-87,46,659,3735,-858,0,0
-40,-120,36,656,3725,-886,0,0
-22,-187,46,760,3720,-770,0,0
11,-405,58,685,3653,-722,0,0
11,-430,52,539,3693,-766,0,0
-22,-144,23,629,3727,-809,0,0
-33,-21,30,682,3672,-798,0,0
-31,-50,18,629,3666,-755,0,0
-30,40,3,681,3707,-723,0,0
-41,60,19,680,3734,-741,0,0
-22,48,22,656,3699,-798,0,0
-10,105,23,670,3639,-819,0,0
-19,82,20,723,3714,-859,0,0
-13,20,21,715,3753,-775,0,0
-5,17,33,688,3700,-791,0,0
17,31,34,638,3683,-796,0,0
26,74,35,707,3708,-797,0,0
18,66,35,691,3706,-827,0,0
-6,83,21,778,3730,-839,0,0
-26,75,22,810,3733,-844,0,0
-8,120,55,807,3752,-936,0,0
47,132,52,803,3723,-820,0,0
63,90,47,768,3682,-650,0,0
28,41,29,758,3675,-715,0,0
34,69,5,813,3666,-723,0,0
60,93,11,923,3622,-612,0,0
16,-65,9,862,3623,-607,0,0
-28,-182,-10,792,3718,-895,0,0
8,-75,-13,821,3656,-924,0,0
24,-58,-2,875,3704,-832,0,0
7,-202,11,680,3637,-786,0,0
-21,9,6,545,3624,-803,0,0
-27,253,-14,697,3882,-946,0,0
42,329,10,839,4095,-932,0,0
145,240,140,867,3958,-798,0,0
179,129,282,663,3774,-771,0,0
149,288,257,832,3503,-847,0,0
72,309,135,1168,3133,-672,0,0
-81,-53,-16,1456,3056,-762,0,0
-160,-347,-129,1557,3425,-954,0,0
-123,-786,-195,1378,3763,-914,0,0
-56,-1082,-201,1122,3829,-776,0,0
-10,-1171,-123,898,3789,-587,0,0
-29,-1470,-60,478,3610,-209,0,0
-105,-1547,-106,-116,3535,-366,0,0
-63,-522,-141,-73,3556,-867,0,0
-10,778,-185,159,3830,-1056,0,0
74,1698,-138,746,3894,-1150,0,0
119,1149,-49,902,3709,-1061,0,0
17,32,22,587,3658,-1111,0,0
-86,-457,19,313,3719,-1328,0,0
-73,-429,-73,262,3853,-1526,0,0
11,-567,-195,232,3871,-1993,0,0
176,-901,-213,155,3852,-2478,0,0
432,-845,-155,133,3892,-3118,0,0
839,-705,-149,311,3810,-3553,0,0
1326,-602,-108,528,3738,-3685,0,0
1763,-625,27,733,3419,-3917,0,0
2186,-811,216,860,2969,-3721,0,0
2519,-1165,413,923,2753,-3602,0,0
2763,-1476,357,858,3488,-2622,0,0
2873,-1273,16,914,3722,-2169,0,0
2955,-1054,-7,833,2862,-2147,0,0
2886,-749,279,408,2865,-2011,0,0
2656,-815,440,350,2315,-2929,0,0
2313,-1992,361,-603,1334,-2993,0,0
2086,-2004,-89,-1223,1394,-1411,0,0
1928,-385,-570,-1085,1091,-283,0,0
1583,1360,-476,-416,556,-1058,0,0
1137,1315,-91,127,158,-1882,0,0
414,-328,190,-462,-433,-1955,0,0
-344,-347,438,-940,-21,-3796,0,0
-490,522,577,-1298,71,-5708,0,0
-551,628,680,-1488,-340,-8143,0,0
-622,-940,418,-2414,14,-10035,0,0
-195,-1817,-23,-4150,328,-9303,0,0
342,-275,-404,-3257,365,-8161,0,0
607,230,-547,-1940,744,-6407,0,0
544,-259,-262,-1881,-227,-4806,0,0
-122,-508,-72,-1215,-428,-5242,0,0
-567,-2110,37,-1409,-158,-6803,0,0
-313,-2086,320,-2990,163,-3352,0,0
-344,2403,294,-830,810,486,0,0
-764,3503,455,289,381,-1546,0,0
-347,-150,338,-1124,-3209,-182,0,0
489,1086,-115,-1882,-3032,3169,0,0
511,2915,-666,215,-837,653,0,0
49,466,-756,432,-264,-2478,0,0
-347,-963,-726,-725,2144,-2448,0,0
-445,747,-752,35,3823,-652,0,0
-792,2108,-238,-10,1397,-3826,0,0
-414,1147,414,57,-1433,-4827,0,0
39,-837,368,-29,-1588,-4200,0,0
1070,-1938,91,-72,-1491,-5152,0,0
2614,-1811,-320,529,-375,-2826,0,0
2206,-553,-341,541,-960,-3251,0,0
216,881,-110,905,-1304,-6732,0,0
-1496,327,-77,604,-792,-8704,0,0
-1780,-1982,376,-2205,2028,-9176,0,0
44,-1055,1072,-3269,-195,-7654,0,0
769,629,914,-1880,-1335,-6166,0,0
742,746,327,-408,-972,-3914,0,0
499,130,240,-52,-873,-2844,0,0
130,-50,386,-575,-98,-2555,0,0
-124,280,517,-596,219,-2972,0,0
-242,146,739,-708,-24,-3957,0,0
-78,-277,755,-1112,-314,-4252,0,0
111,-596,480,-1152,-111,-4171,0,0
267,-468,60,-890,100,-3865,0,0
374,61,-192,-420,-408,-3456,0,0
257,117,-196,-206,-794,-3106,0,0
-40,-360,-186,-433,-699,-3154,0,0
-250,-678,-286,-865,-400,-3144,0,0
-2344,-318,-418,-1027,118,-2903,0,0
-369,357,-510,-799,300,-3249,0,0
-515,437,-508,-770,-565,-3575,0,0
-735,44,-201,-913,-1681,-4760,0,0
-725,-827,-81,-1523,-1029,-4477,0,0
-476,-488,-308,-1702,-445,-3348,0,0
-553,308,-361,-1350,-283,-4486,0,0
-437,95,-141,-1306,-359,-4812,0,0
-89,-275,71,-1518,-399,-4357,0,0
260,-195,246,-1624,-659,-3928,0,0
440,244,348,-1393,-674,-3040,0,0
338,599,526,-737,-597,-2660,0,0
25,59,454,-430,651,-2263,0,0
-142,-17,98,-816,717,-2271,0,0
-302,801,-14,-955,-491,-3596,0,0
-397,606,-62,-708,-967,-4919,0,0
-151,-630,-396,-1103,18,-4423,0,0
459,-317,-591,-894,263,-2991,0,0
728,413,-378,121,-55,-1969,0,0
320,7,-292,77,373,-1339,0,0
-274,-265,-101,-402,-233,-1934,0,0
-801,-542,291,-1023,355,-3281,0,0
-734,-517,412,-1864,488,-4506,0,0
-412,-48,311,-2232,94,-6306,0,0
-220,36,201,-1943,194,-7008,0,0
-142,-304,6,-1743,255,-6537,0,0
-262,-374,-119,-3856,1041,-6714,0,0
-248,84,-34,-2047,1341,-7618,0,0
-278,-189,233,-2811,562,-10009,0,0
-261,-1730,137,-4470,900,-11556,0,0
367,-2175,-467,-5051,2037,-9773,0,0
1096,-987,-650,-3239,1606,-6409,0,0
943,63,-2216,-1102,762,-3506,0,0
583,895,161,-754,727,-41,0,0
234,3120,143,-728,-160,3191,0,0
-1180,2454,-427,1330,-136,986,0,0
-1711,-912,-889,-564,-2497,-175,0,0
-340,482,-287,384,-2423,2664,0,0
-111,1934,937,381,-994,-1662,0,0
44,571,1117,-782,148,-4701,0,0
475,293,11,-1033,2247,-2603,0,0
-28,1608,-942,137,3827,-2370,0,0
-297,2537,-436,645,439,-5607,0,0
325,432,435,649,-2204,-4641,0,0
688,-2566,554,50,-1815,-3071,0,0
1837,-3196,106,-914,65,-2724,0,0
2967,-1350,-504,532,903,-1419,0,0
1919,-487,-142,-347,-940,-3798,0,0
514,1191,604,-736,-2974,-4320,0,0
-1416,1359,405,-41,-1325,-6584,0,0
-2212,-783,120,-2173,1346,-7947,0,0
-1123,-21,696,-2656,135,-7352,0,0
-510,846,835,-1554,-1186,-6941,0,0
-266,12,173,-1110,-442,-5389,0,0
146,-123,-349,-156,290,-4087,0,0
475,-275,-183,341,399,-3207,0,0
412,-537,97,1,400,-2904,0,0
178,-290,-36,-319,90,-3011,0,0
-116,-191,-315,-477,-166,-3141,0,0
-412,-233,-432,-612,-136,-3602,0,0
-521,-244,-455,-646,-196,-3990,0,0
-465,-267,-445,-814,-515,-4053,0,0
-334,-170,-323,-1037,-448,-4130,0,0
-150,-144,-139,-1133,-829,-3640,0,0
-337,-208,8,-1219,-789,-3899,0,0
-427,-440,87,-1457,-595,-4480,0,0
-56,-514,141,-1768,-767,-4250,0,0
430,-98,170,-1610,-734,-3983,0,0
764,360,218,-1063,-411,-3270,0,0
698,834,420,-559,-97,-2909,0,0
222,282,561,-588,387,-3679,0,0
-57,-349,259,-1308,340,-3002,0,0
-383,335,52,-1105,-189,-3914,0,0
-703,67,27,-1069,-39,-4930,0,0
-597,-670,-248,-1553,702,-4492,0,0
-290,-286,-653,-1294,1216,-4213,0,0
-3,155,-702,-937,-18,-3328,0,0
-96,338,-239,-558,-117,-3796,0,0
-399,-847,-337,-1284,899,-4101,0,0
-176,-1102,-344,-2143,-231,-3487,0,0
-15,-89,-77,-2220,-388,-3504,0,0
154,323,-98,-1817,-816,-3543,0,0
156,180,-236,-1345,-647,-3587,0,0
184,-102,-266,-1103,-407,-3031,0,0
250,-160,-199,-943,-119,-2362,0,0
261,29,-76,-632,-322,-2107,0,0
136,91,173,-426,-680,-2282,0,0
-213,63,326,-589,-428,-2821,0,0
-346,202,348,-870,-13,-3729,0,0
13,593,515,-814,462,-4138,0,0
397,747,711,-989,342,-3890,0,0
273,219,718,-1607,316,-4031,0,0
-73,-384,514,-2452,356,-3949,0,0
-508,-441,64,-2741,687,-4321,0,0
-821,-161,-234,-2392,1457,-6518,0,0
-686,-24,-285,-2787,1533,-8025,0,0
-622,128,-382,-3129,542,-9803,0,0
-754,-688,-620,-3293,1267,-12552,0,0
2,-1613,-824,-3546,1792,-10269,0,0
930,-301,-558,-1757,1860,-6844,0,0
980,237,243,-510,1973,-4264,0,0
542,144,873,-1246,1078,-482,0,0
-113,1649,746,-1330,549,1087,0,0
-1097,2871,-31,-443,548,1469,0,0
-1934,2192,-864,336,-990,-947,0,0
-1414,158,-838,913,-4329,-875,0,0
-1018,18,-465,1542,-2051,-573,0,0
-815,887,95,789,-620,-5043,0,0
125,-893,871,-718,18,-5533,0,0
840,-1336,348,-2034,3422,-1141,0,0
457,636,-434,-2832,5675,-2072,0,0
688,2252,151,-101,2011,-4403,0,0
1418,522,1188,-917,-2652,-4319,0,0
1534,-2270,1118,-1455,-1499,-3409,0,0
2288,-3461,-381,-1992,896,-2104,0,0
2602,-2177,-1612,-772,510,-1581,0,0
1588,1231,-1238,110,-1600,-1850,0,0
-528,3292,-270,1163,-2171,-5644,0,0
-2252,837,-308,197,-293,-7510,0,0
-1925,-1327,164,-1511,1212,-6615,0,0
-2880,-144,654,-1927,102,-6451,0,0
-317,929,497,-472,-202,-5943,0,0
-47,-30,212,-276,164,-4539,0,0
188,-232,344,-729,108,-3797,0,0
342,35,524,-687,136,-3566,0,0
383,126,471,-526,528,-3383,0,0
225,413,242,-187,952,-3226,0,0
-115,199,37,15,88,-4343,0,0
-213,-597,2,-347,-418,-4987,0,0
1,-598,-186,-450,-279,-4490,0,0
211,-148,-468,13,-33,-4072,0,0
233,51,-590,167,350,-3246,0,0
151,488,-455,290,337,-3049,0,0
-27,639,-157,340,185,-3728,0,0
-202,-185,20,-169,-1,-4010,0,0
-270,-728,-55,-988,-63,-3886,0,0
-318,-209,-223,-1050,-457,-4145,0,0
-358,-139,-309,-947,-475,-4327,0,0
-295,-175,-348,-962,-350,-3804,0,0
-439,-89,-238,-954,-191,-4646,0,0
-432,-809,-126,-1558,-146,-4887,0,0
-112,-808,-140,-2073,-191,-4412,0,0
292,168,-44,-1599,-170,-4375,0,0
595,520,137,-1052,-388,-3851,0,0
619,220,314,-866,-515,-3598,0,0
438,-218,419,-1073,-265,-3384,0,0
220,-86,556,-1206,-323,-3752,0,0
136,-308,606,-1222,-92,-4202,0,0
344,-551,264,-1351,23,-3012,0,0
370,379,128,-608,-199,-3029,0,0
93,397,248,-234,-235,-3474,0,0
-249,-209,120,-570,-304,-3447,0,0
-431,-185,-83,-615,-357,-3797,0,0
-281,-161,-138,-486,-243,-3916,0,0
45,-172,-207,-440,237,-3474,0,0
390,297,-261,-310,14,-2346,0,0
265,729,-16,-178,-845,-1782,0,0
-560,377,131,-549,401,-2999,0,0
-1015,-11,156,-1038,153,-4356,0,0
-914,-580,396,-1433,607,-6336,0,0
-123,-1283,231,-2709,344,-5939,0,0
689,-142,10,-1911,-180,-4954,0,0
1070,418,-164,-89,607,-3549,0,0
1128,-328,-276,103,501,-2367,0,0
727,-198,31,-280,-23,-3007,0,0
183,-295,474,-1059,-489,-5387,0,0
2,-1047,688,-3021,-1221,-8484,0,0
199,-1597,198,-5134,-603,-10459,0,0
799,-1183,-469,-5449,67,-10046,0,0
1444,-184,-488,-3883,-249,-7680,0,0
1462,-84,-147,-2563,-649,-4833,0,0
977,-376,363,-1726,-389,-1806,0,0
185,924,573,-1712,720,2467,0,0
-995,3797,238,-1497,1196,6080,0,0
-3480,3248,-1230,1932,3079,5288,0,0
-6723,-768,-2407,1535,6156,-2690,0,0
-5427,-1120,-926,-1473,-514,-1027,0,0
-3227,3231,-122,476,783,-1893,0,0
-3483,1335,-843,1293,2027,-7165,0,0
-3075,-1175,-854,886,1243,-5920,0,0
-1418,-339,-524,851,4897,-4092,0,0
-274,1220,499,1544,3579,-5448,0,0
247,323,1142,-425,-691,-4026,0,0
987,-71,1110,-1010,-1744,-4515,0,0
2077,-1259,894,-1833,-220,-6191,0,0
3915,-1196,279,-919,3270,-4381,0,0
3788,-439,160,-166,7216,-3808,0,0
1699,1073,388,51,5836,-7940,0,0
-11,484,-334,-150,3874,-8750,0,0
13,-1216,-423,-1314,3289,-6492,0,0
957,-518,319,-1430,2166,-5599,0,0
1294,342,363,-69,289,-5886,0,0
1456,-774,-48,200,226,-4054,0,0
1629,-1025,-252,-32,1130,-2927,0,0
1929,-429,-123,216,956,-1931,0,0
1770,-211,111,216,367,-1278,0,0
1098,18,93,-176,397,-1251,0,0
424,503,-56,-175,122,-1799,0,0
-72,364,-50,-108,-246,-2977,0,0
-163,-263,-23,-505,-585,-3698,0,0
-71,-504,-132,-1027,-403,-4192,0,0
123,-31,-327,-1038,-115,-4196,0,0
282,256,-409,-889,-350,-3880,0,0
156,594,-263,-759,-1444,-3368,0,0
-321,111,-71,-403,-665,-5016,0,0
-129,-1327,-287,-1342,-87,-3343,0,0
71,-383,-164,-1549,-454,-3031,0,0
15,522,215,-1329,-835,-3761,0,0
43,-48,352,-1517,-1317,-3743,0,0
39,-285,325,-1820,-1016,-3828,0,0
95,61,152,-1549,-1054,-3723,0,0
52,4,2,-1193,-1034,-3782,0,0
-2,-28,95,-997,-593,-4008,0,0
146,-267,18,-860,225,-3284,0,0
362,349,-157,-591,-188,-2281,0,0
84,1449,13,-56,-689,-3176,0,0
-191,912,97,13,-795,-3783,0,0
-337,-266,-27,-175,-508,-3855,0,0
-411,-737,-5,-622,-415,-3868,0,0
-406,-286,11,-733,2,-4142,0,0
-266,54,-7,-624,-511,-4542,0,0
-78,-233,91,-737,-736,-4649,0,0
206,-431,14,-999,-51,-4113,0,0
560,239,40,-854,-353,-3169,0,0
498,698,244,-435,-661,-3314,0,0
145,-158,203,-622,-643,-4069,0,0
-17,-627,130,-1044,-837,-6352,0,0
120,-494,72,-1072,-421,-3870,0,0
446,-47,46,-1047,-324,-2595,0,0
418,745,154,-336,-138,-2318,0,0
-41,506,209,-2384,-193,-2327,0,0
-954,528,422,-581,-852,-4902,0,0
-1897,-989,565,-1658,-467,-11774,0,0
-1344,-2795,444,-5536,367,-14820,0,0
695,-707,-281,-5667,1060,-13473,0,0
2229,1068,-845,-1733,574,-8564,0,0
2147,374,-510,356,278,-3480,0,0
1005,-1240,81,-664,-305,946,0,0
-517,-22,527,-1061,660,2681,0,0
-1665,2001,267,376,1743,3057,0,0
-3076,1912,-593,1377,2591,1890,0,0
-3684,1000,-1069,-455,97,-1918,0,0
-2323,839,-552,-862,-1575,1500,0,0
-2344,1036,111,-607,1168,-1147,0,0
-2674,-25,-545,-1704,1098,-4908,0,0
-2285,30,-1497,-253,1715,-3833,0,0
-2274,470,-1804,1761,5976,-4312,0,0
-1310,1839,-973,2158,2627,-6189,0,0
133,1316,437,1406,-2542,-5267,0,0
1040,-435,1032,327,-3318,-6778,0,0
2948,-1226,941,-259,-729,-6491,0,0
4343,-697,752,444,3892,-5711,0,0
3012,134,585,806,5206,-7583,0,0
1479,69,648,836,3017,-8616,0,0
528,-606,404,-622,1834,-7050,0,0
373,-1165,420,-2075,1834,-5406,0,0
970,362,783,-1246,-120,-4718,0,0
986,1232,712,262,-573,-4238,0,0
960,-37,171,414,-442,-3124,0,0
886,-738,-72,294,101,-2430,0,0
661,-664,-152,377,954,-2389,0,0
474,-483,-118,450,925,-2707,0,0
372,-395,-15,141,313,-2822,0,0
296,-362,-48,-126,-171,-2714,0,0
168,-565,19,-495,-753,-3205,0,0
72,-591,-11,-1108,-921,-2978,0,0
-102,-81,-151,-3200,-1196,-3366,0,0
-357,-386,-284,-1060,-1187,-4078,0,0
-348,-684,-259,-1375,-1225,-3540,0,0
-402,113,-110,-1130,-574,-3890,0,0
-497,-60,-27,-1232,-281,-4873,0,0
-246,-1143,52,-2095,-614,-4809,0,0
221,-829,-11,-2501,-1138,-3616,0,0
453,526,-76,-1509,-1300,-3393,0,0
449,772,-25,-851,-1158,-2664,0,0
207,1011,274,-682,-1318,-2449,0,0
-204,723,645,-353,-733,-3880,0,0
-193,-146,379,-520,-260,-3053,0,0
-187,365,180,-2424,2,-3439,0,0
-327,1377,338,37,-196,-4474,0,0
-526,759,398,290,-405,-5464,0,0
-555,-1244,211,-737,-57,-5669,0,0
-227,-1593,3,-1927,115,-4956,0,0
89,-37,-195,-1564,102,-4506,0,0
128,669,-2496,-663,-48,-4035,0,0
-89,373,-512,-380,-981,-3677,0,0
-440,-443,-324,-299,-560,-5131,0,0
-194,-1718,-544,-1397,-222,-3865,0,0
226,-183,-624,-1447,-594,-2715,0,0
263,1699,-228,-561,-605,-2944,0,0
86,745,154,-522,-612,-2994,0,0
-275,-609,326,-1097,-557,-3118,0,0
-366,-1039,383,-1350,-887,-3138,0,0
-140,-900,253,-1214,-959,-2891,0,0
117,-209,-48,-639,623,-2212,0,0
287,697,-233,-132,1060,-1731,0,0
273,1254,53,-261,-492,-1969,0,0
-180,1299,507,-489,-430,-3380,0,0
-688,-254,355,-860,-69,-5321,0,0
-473,-1602,125,-1844,-168,-4439,0,0
-194,52,-31,-1248,107,-4453,0,0
-97,249,-150,-326,151,-4879,0,0
61,-694,31,-709,261,-4230,0,0
203,-567,281,-1570,-409,-4032,0,0
36,-564,154,-2118,-299,-5164,0,0
-25,-289,-136,-2227,343,-5960,0,0
252,640,-80,-1724,230,-6072,0,0
61,339,-29,-1905,273,-7351,0,0
-273,-860,50,-2805,145,-9016,0,0
-64,-1150,-94,-3765,-237,-9996,0,0
421,-754,-539,-3381,-344,-11232,0,0
907,-1348,-738,-2526,855,-9377,0,0
1577,-693,-425,-1136,1268,-3139,0,0
1506,1056,319,-482,963,2354,0,0
35,3607,680,-1172,1170,7291,0,0
-3232,1511,-134,1909,2999,5962,0,0
-6663,-3471,-618,-1708,4717,-1849,0,0
-4660,1221,106,-1668,644,-2044,0,0
-930,6226,-22,2284,-840,-5595,0,0
-110,1145,541,-571,676,-4597,0,0
-750,-912,136,-1861,-2182,-2997,0,0
-992,1,-808,-167,-644,-3204,0,0
-1437,233,-1781,1287,4451,-4757,0,0
-287,1520,-1076,2304,2211,-5541,0,0
1427,783,939,858,-1779,-3728,0,0
2392,-558,1462,-342,-2784,-4403,0,0
3721,-1265,956,577,-31,-3559,0,0
3384,-642,599,1904,4263,-3938,0,0
1122,660,935,936,2318,-10792,0,0
189,-94,1252,-267,1740,-9486,0,0
-44,-644,861,-1409,1239,-6576,0,0
231,-472,1119,-1602,769,-5984,0,0
551,410,974,-475,-435,-4867,0,0
454,264,577,-69,-270,-4017,0,0
497,-833,236,116,594,-3477,0,0
662,-1463,-70,-241,1115,-2827,0,0
770,-599,-63,-144,901,-2752,0,0
562,-196,39,-94,958,-2905,0,0
385,-334,-76,-550,184,-2746,0,0
183,-235,-208,-548,-257,-2850,0,0
24,-58,-365,-393,-438,-3202,0,0
-127,-236,-543,-607,-765,-3024,0,0
-430,-2168,-596,-884,-1270,-2776,0,0
-858,-356,-320,-1008,-1224,-4551,0,0
-706,-1756,-61,-2083,-482,-4168,0,0
-243,-669,-273,-2283,14,-2663,0,0
-146,1215,-315,-1248,-312,-3370,0,0
-179,861,-75,-864,-1252,-3890,0,0
-179,-508,88,-1298,-1264,-4041,0,0
-28,-621,90,-1718,-726,-3902,0,0
196,576,29,-859,111,-3375,0,0
111,1207,-10,114,485,-3455,0,0
-171,730,236,179,-303,-4219,0,0
-587,-109,343,-228,-850,-5577,0,0
-598,-1330,-18,-1237,-343,-5754,0,0
-35,-357,-355,-1521,215,-4645,0,0
331,1583,-295,-269,357,-4374,0,0
348,966,-270,54,321,-3968,0,0
169,-467,-334,-601,-106,-3786,0,0
-16,-763,-209,-1150,-1036,-3832,0,0
-75,-1124,-308,-1384,-293,-3827,0,0
166,-968,-464,-1649,-276,-2792,0,0
251,451,-55,-3504,-391,-2900,0,0
204,652,277,-1372,-629,-2963,0,0
31,-353,224,-1226,-514,-3040,0,0
-27,-917,138,-1185,-575,-2584,0,0
51,-525,20,-1005,-395,-2447,0,0
186,276,-190,-620,619,-1846,0,0
195,844,-127,-345,-68,-1715,0,0
-8,835,227,-561,-603,-2263,0,0
-500,745,269,-865,-402,-3165,0,0
-957,-119,219,-876,-524,-4852,0,0
-870,-1030,246,-1434,150,-4744,0,0
-667,-614,123,-1395,175,-5519,0,0
-503,-1157,-28,-1557,507,-5557,0,0
-131,-952,11,-2070,911,-4307,0,0
180,992,281,-1781,776,-5025,0,0
66,1426,360,-1805,154,-7307,0,0
-264,-390,101,-2847,243,-8993,0,0
-139,-1254,-294,-3876,1250,-10078,0,0
650,-711,-514,-3622,840,-9732,0,0
1055,-688,-569,-2198,742,-8176,0,0
988,-1807,-513,-1762,1083,-4913,0,0
659,-457,20,-1048,1248,-1270,0,0
82,2325,1094,-1518,2366,1332,0,0
-880,5365,1594,-2755,3144,4749,0,0
-2657,2753,-918,695,3918,4052,0,0
-5050,-1841,-2930,1257,3512,-499,0,0
-4573,-975,-705,1928,-1758,-1716,0,0
-2750,3442,603,-159,985,-1852,0,0
-2712,3837,-930,-175,2548,-5576,0,0
-2898,975,-1987,1113,-237,-5401,0,0
-2141,-301,-3432,2992,4020,-4763,0,0
-1089,584,-324,2573,6499,-5739,0,0
620,1117,1069,725,543,-4485,0,0
1795,8,1745,-546,-2446,-4663,0,0
3024,-1241,1966,-142,-2291,-6342,0,0
4592,-2408,2087,461,3375,-5778,0,0
4299,-801,390,2452,6922,-6824,0,0
2747,535,559,3797,3873,-9038,0,0
1437,-1381,1543,1703,2857,-7883,0,0
901,-1610,1315,-831,2367,-4259,0,0
953,660,1194,-244,1563,-4066,0,0
837,503,1378,131,-328,-4461,0,0
720,-1300,1330,-308,-545,-3145,0,0
807,-1286,767,-401,124,-1957,0,0
610,-524,76,414,959,-2441,0,0
218,-467,-502,334,1257,-3336,0,0
-133,-969,-783,104,1204,-3508,0,0
-213,-1219,-842,-336,755,-3917,0,0
-135,-1261,-904,-775,339,-4068,0,0
2,-1625,-1040,-1105,413,-3200,0,0
157,-785,-1108,-1105,252,-2492,0,0
189,534,-815,-1011,-495,-2483,0,0
59,1327,-421,-935,-1469,-2646,0,0
-293,1031,-241,-750,-969,-2847,0,0
-691,-65,-269,-1002,406,-3720,0,0
-573,-851,-72,-1899,-131,-4537,0,0
-111,-461,139,-2450,-673,-4166,0,0
233,281,283,-2105,-1343,-4155,0,0
243,93,367,-1713,-1563,-4317,0,0
226,-421,252,-1550,-1288,-3601,0,0
220,107,259,-972,-887,-3287,0,0
108,45,352,-563,124,-3797,0,0
181,-379,87,-812,332,-2666,0,0
0,683,17,-591,77,-3315,0,0
-372,703,74,-712,-568,-4360,0,0
-665,-347,-176,-1077,-256,-4727,0,0
-525,-574,-443,-1118,231,-4120,0,0
-117,195,-428,-451,9,-3509,0,0
220,341,-109,-39,-994,-2629,0,0
70,-368,124,-428,-272,-2512,0,0
-198,-761,247,-1017,-568,-2901,0,0
-351,-687,473,-1593,-370,-3232,0,0
-371,-774,349,-2082,-302,-3791,0,0
-141,-243,-21,-2015,453,-3589,0,0
174,1083,-108,-1081,936,-3037,0,0
249,1054,144,-702,-121,-2502,0,0
-166,21,231,-1073,-138,-2678,0,0
-465,-292,145,-1107,127,-2706,0,0
-585,57,108,-963,4,-3717,0,0
-687,65,8,-1320,514,-4888,0,0
-676,-92,14,-1736,1102,-6101,0,0
-331,-581,179,-2526,1084,-6427,0,0
6,-237,-40,-2972,777,-6004,0,0
-110,412,-276,-1769,692,-6904,0,0
-268,-532,-199,-1754,1024,-7670,0,0
-98,-964,-112,-2796,1359,-8245,0,0
316,-657,-84,-3563,1073,-9141,0,0
698,-1209,-146,-4463,1162,-9748,0,0
1102,-1868,-415,-4701,1862,-7847,0,0
1567,-609,-584,-3735,1442,-4298,0,0
1553,1111,-214,-975,762,-1598,0,0
902,1749,-263,-1924,1552,6282,0,0
-706,4756,-1024,1628,2720,8287,0,0
-4458,-30,-1902,3167,3596,4257,0,0
-7294,-3409,-197,1010,4266,-3797,0,0
-4080,1625,937,-1367,-662,282,0,0
-1374,204,390,3137,2094,-3064,0,0
-2313,1905,69,255,2109,-4164,0,0
-3618,-1351,-577,404,-82,-1981,0,0
-4011,-636,-884,591,3472,-3359,0,0
-2786,416,-969,80,4118,-4657,0,0
-697,1674,34,431,774,-5582,0,0
953,430,1124,65,-1355,-6361,0,0
2557,-1175,1405,132,119,-6169,0,0
3399,-576,677,1685,8529,-6433,0,0
2793,972,374,4166,10004,-7725,0,0
2107,-387,1827,3837,5652,-9312,0,0
2108,-3452,1603,1214,4849,-4994,0,0
2220,-1472,1092,-223,2971,-3476,0,0
1777,93,1527,147,1651,-4247,0,0
1400,-1024,1294,-8,823,-3216,0,0
1216,-1712,999,-48,1424,-2910,0,0
1250,-1793,377,187,2292,-2231,0,0
1271,-1156,-241,430,2183,-1724,0,0
1018,-259,-393,691,2041,-2587,0,0
824,-482,-427,297,1386,-2626,0,0
517,-1051,-363,-550,352,-2549,0,0
152,-1336,-286,-937,181,-3091,0,0
30,-1394,-482,-1687,74,-2846,0,0
9,-546,-663,-2076,-417,-2995,0,0
17,526,-700,-1762,-1019,-2961,0,0
-149,1004,-650,-1140,-804,-2794,0,0
-574,688,-527,-910,60,-3916,0,0
-678,-522,-299,-1456,11,-4843,0,0
-194,-1022,-62,-2291,-158,-4352,0,0
371,69,9,-2209,-152,-4225,0,0
662,698,56,-1543,-623,-3484,0,0
515,706,238,-1273,-1144,-3040,0,0
103,196,291,-1344,-1097,-3402,0,0
-193,-625,162,-1556,-523,-3200,0,0
-222,-370,202,-1439,-179,-3282,0,0
-35,197,380,-882,60,-3702,0,0
199,205,483,-598,496,-3159,0,0
40,820,431,-449,473,-3005,0,0
-539,1285,425,-26,-243,-4860,0,0
-906,-715,197,-735,113,-6226,0,0
-541,-2029,-185,-2437,527,-5204,0,0
39,15,-439,-2016,962,-4464,0,0
284,1355,-493,-645,1042,-3907,0,0
162,375,-551,-419,339,-3004,0,0
-206,-56,-365,-489,-873,-2897,0,0
-675,-935,-210,-805,-56,-4452,0,0
-490,-1734,-396,-1922,247,-3236,0,0
-163,325,-270,-1797,-111,-3243,0,0
-28,1553,262,-1238,-529,-4320,0,0
-117,-135,351,-1582,-363,-4599,0,0
-89,-1242,-24,-2224,-40,-3781,0,0
112,151,-96,-1710,25,-3575,0,0
250,1058,110,-893,813,-3466,0,0
226,738,355,-794,1783,-3657,0,0
116,266,537,-973,1165,-4152,0,0
21,-19,509,-1279,-226,-4306,0,0
-201,-137,185,-1461,-730,-5039,0,0
-263,-255,-279,-1413,-273,-4751,0,0
-91,315,-484,-718,362,-4127,0,0
127,555,-307,-2,538,-3513,0,0
224,-253,-3,-135,320,-2977,0,0
172,-692,81,-630,107,-2348,0,0
97,-316,52,-597,90,-2291,0,0
69,-432,-30,-655,83,-2122,0,0
111,-209,-3,-641,-579,-1580,0,0
-88,1004,128,-246,886,-1974,0,0
-381,1398,269,-20,625,-3035,0,0
-550,183,531,-522,278,-3981,0,0
-653,-1075,596,-1764,524,-4676,0,0
-631,-1231,396,-2750,442,-5392,0,0
-334,-215,122,-2781,754,-5133,0,0
35,937,-267,-1906,649,-4513,0,0
37,886,-426,-852,878,-4484,0,0
-122,-200,-407,-866,1151,-3929,0,0
-300,-471,-235,-1100,1226,-4500,0,0
-270,-622,-50,-1387,1271,-4588,0,0
-154,-85,18,-1544,1078,-4933,0,0
-233,747,52,-1027,1155,-6562,0,0
-282,-269,186,-1473,1245,-8828,0,0
43,-2005,262,-3637,1695,-10241,0,0
802,-1956,-131,-5307,2461,-9875,0,0
1573,-689,-521,-4416,2180,-7678,0,0
1582,-349,-548,-2678,1674,-4506,0,0
974,269,-417,-1070,1277,-1536,0,0
353,2138,-168,-1333,1170,3522,0,0
-833,5885,-431,683,3035,8094,0,0
-4015,516,-1637,3968,5139,4764,0,0
-6944,-4687,-340,-369,4749,-3363,0,0
-4442,12,1442,-1878,-1263,-1666,0,0
-1785,6675,111,2035,469,-6475,0,0
-2166,621,-204,605,908,-8366,0,0
-1985,-1910,-88,-620,-739,-4483,0,0
-575,158,39,241,2438,-4725,0,0
706,-38,479,359,3308,-4399,0,0
1478,-420,978,-239,445,-2770,0,0
2238,-451,1165,-784,-1170,-2378,0,0
3097,-739,1077,-851,-386,-2682,0,0
3595,-1078,704,-215,2692,-3329,0,0
2131,-276,-119,631,6518,-5320,0,0
393,1,307,601,4415,-10015,0,0
-227,-1383,-183,-1374,4565,-8444,0,0
402,-476,-531,-1250,3810,-5738,0,0
855,-186,324,-62,2039,-4722,0,0
610,-719,474,-559,899,-4387,0,0
564,-15,168,-355,1036,-3381,0,0
790,87,-113,-39,1288,-2810,0,0
909,47,-256,-147,1351,-2605,0,0
814,-115,-253,-33,1359,-2933,0,0
692,-606,-302,-509,1173,-3181,0,0
586,-534,-430,-858,513,-3040,0,0
378,-245,-622,-708,275,-2896,0,0
234,14,-634,-648,-123,-3487,0,0
187,-127,-410,-1011,-235,-3810,0,0
236,-236,-269,-1327,-882,-3311,0,0
69,-55,-337,-1137,178,-3243,0,0
-120,-147,-373,-1361,582,-3832,0,0
-31,-170,-249,-1712,-67,-3911,0,0
249,62,-121,-1605,-703,-3756,0,0
429,227,44,-1379,-1001,-3705,0,0
386,417,216,-1183,-949,-3274,0,0
151,425,307,-741,-483,-3660,0,0
81,-374,144,-651,139,-3309,0,0
110,-8,61,-529,637,-3106,0,0
-5,808,312,-306,408,-3884,0,0
-181,164,398,-647,-235,-4526,0,0
-316,-974,48,-1449,-36,-4672,0,0
-232,-542,-276,-1654,340,-4217,0,0
-75,604,-288,-955,292,-4325,0,0
91,274,-390,-755,-165,-3629,0,0
93,151,-384,-537,-882,-3038,0,0
-148,-391,-266,-217,-896,-4009,0,0
-73,-1532,-338,-922,-813,-2832,0,0
6,-334,-171,-906,-190,-2322,0,0
-14,440,66,-510,-46,-2584,0,0
-53,185,354,-609,-232,-2750,0,0
-65,175,535,-934,190,-2426,0,0
-35,306,472,-1035,34,-2323,0,0
-109,656,437,-958,141,-2295,0,0
-434,978,507,-783,300,-3791,0,0
-599,-573,333,-1551,101,-5752,0,0
-408,-1415,69,-2613,459,-5994,0,0
-149,-244,-116,-2056,421,-6159,0,0
143,108,-216,-1221,705,-4337,0,0
233,326,-223,-576,896,-2412,0,0
-238,273,-112,-629,530,-2733,0,0
-679,-30,311,-882,1310,-4300,0,0
-624,91,660,-1777,1129,-6634,0,0
-539,-250,384,-3275,530,-10675,0,0
-137,-1223,-262,-4272,1313,-11577,0,0
683,-1049,-648,-3551,2209,-9928,0,0
1364,-624,-657,-1842,2233,-6510,0,0
1424,216,-309,-350,1679,-2708,0,0
811,856,235,846,1129,104,0,0
-670,-62,902,-189,1706,2547,0,0
-2746,540,1181,-1266,5052,3020,0,0
-3998,2047,418,-693,6191,1470,0,0
-4260,3439,-373,-386,3876,-528,0,0
-3888,3201,-1695,1250,2450,-2007,0,0
-3535,3269,-2334,4596,1809,-2886,0,0
-3740,3376,-1436,4433,613,-5307,0,0
-3088,1014,-161,1927,681,-5263,0,0
-2541,4,158,-106,1189,-5425,0,0
-1498,949,-277,147,1128,-5488,0,0
-56,1352,-180,1006,1318,-4613,0,0
1399,324,721,992,276,-3943,0,0
2671,-751,1523,477,-938,-3143,0,0
3324,-1105,1710,1985,3268,-3028,0,0
1890,-1213,720,5392,10715,-6454,0,0
938,-1746,1132,5544,9215,-9139,0,0
1603,-3181,2313,1841,7514,-8095,0,0
2491,-2626,1682,-1337,4535,-4751,0,0
2390,-1505,1155,-785,3062,-3673,0,0
2043,-811,701,87,2017,-2697,0,0
1597,-282,482,1068,1348,-2544,0,0
1252,-1521,226,1357,1967,-2194,0,0
1151,-2165,-216,661,2012,-1725,0,0
1077,-1451,-431,182,2125,-1679,0,0
903,-775,-528,-106,1892,-1700,0,0
699,-364,-542,-508,858,-2043,0,0
288,102,-631,-689,239,-2311,0,0
-165,0,-729,-398,326,-2956,0,0
-427,-541,-857,-800,893,-3036,0,0
-392,-56,-916,-956,875,-3081,0,0
-269,726,-835,-677,344,-3304,0,0
-301,336,-572,-671,171,-4230,0,0
-192,-492,-207,-1364,-305,-3854,0,0
-79,239,-38,-1280,180,-3277,0,0
-263,490,-41,-776,763,-4061,0,0
-355,-859,50,-1341,266,-4647,0,0
-70,-1301,179,-2402,-461,-4329,0,0
238,174,124,-2000,-786,-4619,0,0
346,788,56,-898,-740,-4290,0,0
282,359,81,-430,-459,-4020,0,0
372,-340,316,-642,-129,-3672,0,0
592,-370,499,-742,881,-2804,0,0
530,297,512,-632,1521,-2897,0,0
175,535,572,-821,613,-3685,0,0
-264,-309,374,-1298,-140,-4448,0,0
-455,-1253,-106,-1884,149,-4856,0,0
-104,-967,-522,-2020,428,-3790,0,0
337,1005,-556,-836,-773,-2208,0,0
156,703,-297,103,-236,-2757,0,0
-260,-1450,-347,-1201,22,-2254,0,0
-460,-712,-39,-1614,-166,-2647,0,0
-359,-81,149,-1663,104,-3305,0,0
-50,517,91,-1678,-65,-3675,0,0
123,875,13,-1020,668,-3715,0,0
290,121,-40,-803,251,-3007,0,0
261,-1167,41,-937,-47,-2761,0,0
-202,-2168,-42,-1936,106,-3587,0,0
-198,-774,-144,-2582,496,-4284,0,0
266,1949,-175,-1877,148,-3840,0,0
242,3149,-20,-928,184,-4811,0,0
79,1492,32,-403,362,-5124,0,0
-162,-1722,6,-1046,613,-5041,0,0
-199,-2602,77,-2670,366,-4537,0,0
-190,-927,0,-3040,418,-5104,0,0
-239,675,-125,-2451,471,-5603,0,0
-372,1058,84,-2077,731,-7532,0,0
-400,-589,106,-3263,737,-8373,0,0
-201,-1148,-131,-4544,993,-10141,0,0
483,-1278,-429,-4685,1008,-9944,0,0
1205,-1264,-615,-3563,1525,-6861,0,0
1486,105,-264,-1615,1695,-2198,0,0
1343,2004,642,50,1347,491,0,0
435,2594,901,-1426,751,6748,0,0
-2263,3069,-398,2489,3555,9046,0,0
-6118,-1810,-1418,715,6525,1310,0,0
-6499,730,-93,764,1783,-4630,0,0
-3666,4250,350,-7,-531,-3725,0,0
-1634,3896,188,561,3635,-5554,0,0
-1854,454,45,321,-102,-3994,0,0
-2544,-977,-463,1078,769,-2373,0,0
-2601,-847,-716,1662,4603,-2394,0,0
-1450,1043,207,1011,1172,-2721,0,0
-80,1378,1377,-116,-2117,-4174,0,0
1127,-793,1493,-1521,-1699,-5985,0,0
2223,-516,528,-556,5563,-5665,0,0
1831,1136,-357,3063,12343,-7876,0,0
761,-70,338,3190,8493,-9482,0,0
1168,-3651,1265,1236,4546,-6864,0,0
1925,-2668,321,-349,4299,-3620,0,0
2107,376,484,702,2290,-4584,0,0
2271,-1063,1007,805,1775,-3045,0,0
2396,-1951,718,289,1758,-1937,0,0
2333,-779,552,623,2052,-2005,0,0
2026,-401,340,677,1917,-2235,0,0
1473,-448,99,216,1742,-2611,0,0
884,-287,-141,-220,1269,-2865,0,0
536,-881,-429,-194,975,-2976,0,0
367,-1246,-721,-746,672,-2449,0,0
78,-625,-663,-610,906,-3008,0,0
52,-256,-571,-595,1013,-2802,0,0
144,-89,-627,-927,536,-2549,0,0
2,532,-607,-1167,-491,-2503,0,0
-389,751,-367,-882,-947,-3939,0,0
-524,-697,-146,-1681,-96,-4118,0,0
-303,-326,-234,-2059,268,-3431,0,0
-228,492,-335,-1418,321,-4221,0,0
-180,-64,-200,-1388,-186,-4376,0,0
-23,-617,-33,-1584,-634,-4372,0,0
172,-389,15,-1760,-544,-3725,0,0
188,576,71,-1099,-378,-3544,0,0
94,216,199,-607,-262,-3834,0,0
178,-679,93,-765,430,-2601,0,0
93,275,28,-548,606,-2416,0,0
-244,1158,155,-146,93,-3422,0,0
-497,127,62,-434,-94,-4000,0,0
-426,-868,-221,-1043,-181,-3701,0,0
-226,-459,-395,-1021,645,-3293,0,0
117,195,-365,-570,-427,-2495,0,0
157,484,-94,-49,591,-2484,0,0
-71,41,93,-306,798,-3067,0,0
-145,-267,495,-793,258,-3677,0,0
-170,-610,656,-1805,589,-3931,0,0
-194,-533,312,-2380,340,-4499,0,0
-182,-211,37,-2045,457,-5180,0,0
71,-106,-207,-1884,605,-4783,0,0
183,28,-355,-1590,613,-5040,0,0
142,-616,-437,-1780,874,-4033,0,0
165,94,-285,-1359,848,-2758,0,0
49,1226,66,-653,426,-2520,0,0
-354,744,219,-738,349,-2812,0,0
-820,377,241,-1014,735,-3798,0,0
-1025,78,438,-1311,1150,-6507,0,0
-807,-1311,365,-2899,1283,-8392,0,0
-367,-999,-200,-3893,1923,-9051,0,0
302,550,-317,-2635,2122,-9254,0,0
778,-24,-240,-2139,1985,-8775,0,0
978,-1176,-254,-2561,1717,-8062,0,0
1020,-1941,-297,-2993,1082,-7282,0,0
913,-2311,-434,-2636,1613,-5501,0,0
1091,-1252,126,-1938,1831,-2030,0,0
989,3884,879,-4258,1467,6434,0,0
-216,5695,-706,474,4004,9481,0,0
-3974,-1848,-2561,2480,5769,8632,0,0
-7926,-2261,-389,1230,6601,1544,0,0
-6851,1940,464,463,2384,713,0,0
-5028,7162,-1391,4110,6258,-1263,0,0
-5199,5487,-2004,3760,9890,-6257,0,0
-5189,-42,-2312,3120,2301,-6589,0,0
-4087,-1747,-1207,1353,2338,-6984,0,0
-1782,1636,-132,1729,2859,-7933,0,0
248,1515,985,2285,-97,-6255,0,0
1579,-670,2003,1720,-355,-4135,0,0
2872,-2188,2590,1701,5260,-2805,0,0
3517,-1536,2324,1700,13594,-561,0,0
2224,501,1215,2600,9381,-2717,0,0
977,-1990,1322,2171,5382,-5151,0,0
877,-4129,1151,1163,7653,-1799,0,0
1062,-1108,904,382,6179,-2233,0,0
1426,-1328,1212,517,4263,-2618,0,0
1676,-2722,1081,-178,3532,-1226,0,0
1765,-1803,912,-426,3464,-1281,0,0
1780,-808,464,-125,3456,-1246,0,0
1661,-300,-110,60,3459,-1752,0,0
1390,-434,-535,165,3371,-2184,0,0
1198,-543,-739,10,2862,-2446,0,0
1190,-430,-2696,-187,2070,-2498,0,0
957,-178,-586,-308,1455,-2231,0,0
419,283,-463,-290,245,-2967,0,0
-190,-407,-228,-239,314,-4943,0,0
-180,-2239,-419,-1095,978,-4111,0,0
283,-1184,-750,-1641,1394,-2990,0,0
683,1151,-619,-663,1452,-2980,0,0
778,1740,-113,-114,1144,-2762,0,0
572,852,413,-396,689,-2475,0,0
242,-98,654,-910,727,-2084,0,0
26,-62,631,-1080,757,-1240,0,0
-394,612,692,-787,860,-1714,0,0
-857,430,702,-884,1394,-1919,0,0
-1332,575,448,-876,1718,-1635,0,0
-1926,1093,197,-490,2474,-2276,0,0
-2353,1323,-64,-141,2984,-2774,0,0
-2571,910,-385,128,3632,-3137,0,0
-2624,1129,-710,361,3942,-3244,0,0
-2575,1479,-757,923,4304,-4120,0,0
-2204,1213,-744,1006,4171,-3818,0,0
-1837,1210,-811,1036,3732,-3242,0,0
-1569,1439,-837,1192,3476,-2833,0,0
-1421,1484,-985,1424,4116,-2527,0,0
-1214,1340,-1228,1636,4776,-2353,0,0
-788,1294,-1092,1579,4285,-1852,0,0
-435,1350,-501,1427,3728,-1672,0,0
-168,798,87,1240,3526,-1669,0,0
158,-9,428,685,3303,-1037,0,0
364,43,452,174,3738,-813,0,0
556,829,128,216,4739,-692,0,0
733,1816,-167,452,4939,-180,0,0
646,2501,-3,516,3678,-407,0,0
