13,362,259,1058,-2959,-3527,0,0
186,127,233,705,-3378,-2869,0,0
120,620,196,540,-3205,-2832,0,0
109,846,56,545,-2885,-3073,0,0
321,1052,-245,152,-2356,-2875,0,0
578,1028,-611,742,-1506,-1837,0,0
736,273,-1192,-149,-347,-1886,0,0
838,-317,-2117,721,-403,-2505,0,0
841,-2785,-3212,456,-1272,-2117,0,0
349,-3540,-4146,1204,-950,-2120,0,0
-817,-4615,-4483,1952,-3460,-2662,0,0
-2197,-5128,-3897,1159,-2545,-4065,0,0
-2851,-3325,-2863,1045,-1312,-6392,0,0
-3039,-543,-2327,1218,-410,-5213,0,0
-2468,336,-2254,2384,380,-6020,0,0
-1776,-932,-2114,1913,894,-5088,0,0
-1603,-2403,-1976,1025,1997,-4878,0,0
-1329,-3227,-1639,-259,2728,-5137,0,0
-600,-2343,-1127,-1199,2390,-4078,0,0
-174,37,-658,-1363,1955,-3802,0,0
193,1325,-143,-639,1865,-4398,0,0
507,550,286,-806,1678,-3924,0,0
516,169,323,-1323,1394,-3519,0,0
482,1398,213,-1249,1059,-3307,0,0
460,1398,126,-665,649,-3546,0,0
466,113,197,-723,478,-3122,0,0
290,-351,290,-793,913,-3101,0,0
224,-58,252,-733,1166,-3780,0,0
179,119,81,-660,915,-4044,0,0
163,-93,-123,-715,447,-3909,0,0
356,-302,-154,-608,205,-3525,0,0
606,-494,-233,-550,53,-2841,0,0
643,62,-326,-571,220,-2841,0,0
563,844,-228,-144,431,-2982,0,0
397,1447,-127,-125,457,-3790,0,0
143,1792,107,856,602,-5413,0,0
56,821,243,928,403,-8191,0,0
291,-557,469,1520,161,-11285,0,0
658,-1878,271,1277,466,-12598,0,0
1576,-1215,255,347,476,-6234,0,0
1040,287,146,732,-772,-219,0,0
-948,18,208,572,-1651,2614,0,0
-2587,-933,-245,-1652,-1108,4115,0,0
-2602,1433,-522,459,-1249,2637,0,0
-2547,-433,-309,204,534,593,0,0
-2343,-321,173,-670,1461,-3244,0,0
-1853,-709,146,-1686,2620,-6985,0,0
-800,-977,-330,-1521,4889,-5229,0,0
-160,998,60,-1024,5411,-1703,0,0
-657,1300,351,-847,2395,-1985,0,0
-2792,18,-392,178,151,-770,0,0
-495,66,-742,-931,-1359,-3101,0,0
534,-183,-316,-1473,-1799,-9273,0,0
2261,-1292,-558,-2082,3323,-14049,0,0
4185,-299,-830,1072,8605,-12136,0,0
3804,-569,254,2168,4773,-10341,0,0
2615,-2392,989,-1631,3396,-6929,0,0
1927,189,-63,-2298,1604,-1472,0,0
607,2140,-248,-837,-1430,588,0,0
-327,3457,504,-675,-3353,3214,0,0
-1408,1202,1057,-161,-2754,-2144,0,0
-1660,-1251,664,-673,84,-1493,0,0
-1436,-413,-94,476,293,-2015,0,0
-1012,-380,-480,999,2078,-2252,0,0
-507,-256,-74,-196,2132,-809,0,0
-397,416,319,-1287,1148,369,0,0
-476,520,381,-1978,1247,815,0,0
-833,-87,380,-2505,180,404,0,0
-845,-101,136,-1703,-1037,-2592,0,0
-1081,-971,-155,-1224,751,-6919,0,0
-1328,-640,-404,-558,3147,-17117,0,0
-44,-1792,-923,-1150,4402,-18041,0,0
1074,39,-782,806,5799,-13679,0,0
716,99,-92,230,1901,-6254,0,0
426,1205,-241,209,-1311,2855,0,0
-584,2300,-443,1757,-3280,2994,0,0
-1129,-283,497,-204,-2352,2868,0,0
-689,-1161,297,-1161,776,-369,0,0
-340,-1419,337,-3134,1249,-2330,0,0
142,-834,-264,-3903,5159,-3421,0,0
183,1017,-844,-1179,7935,-956,0,0
-1158,1338,-501,-302,3994,-1511,0,0
-1845,483,-1129,677,-1367,-1527,0,0
-1564,-8,-1659,1140,-3295,-1776,0,0
-606,499,-1151,749,-4459,-5158,0,0
1246,334,-333,930,552,-7008,0,0
1718,-199,391,-658,5348,-12604,0,0
1692,-1101,385,-1584,6997,-13342,0,0
1784,-985,663,-2501,4869,-13712,0,0
1792,-578,246,-3083,2969,-6749,0,0
972,1338,-288,392,2098,-1600,0,0
-818,1763,-382,853,-3174,3148,0,0
-1579,1170,-136,1329,-5531,4054,0,0
-1201,-427,1025,401,-1183,2453,0,0
-686,-912,1133,-784,1182,-762,0,0
-548,-1442,843,-2945,1528,-4398,0,0
-29,-1097,-87,-2823,3618,-4818,0,0
414,572,-401,-258,6603,-473,0,0
-565,1751,361,-168,4037,343,0,0
-1423,977,45,-363,-128,0,0,0
-1516,488,-500,-1755,-1785,-4191,0,0
-305,-271,-856,-2144,-2395,-8073,0,0
1448,-935,-1302,-1025,1054,-10036,0,0
2409,-1023,-897,-1277,6537,-11055,0,0
2142,-355,-544,-844,6159,-9422,0,0
1005,-296,282,-1218,4650,-7033,0,0
-23,948,291,-22,2346,-1585,0,0
-1701,1428,280,1236,-909,236,0,0
-2637,1898,345,869,-2482,-580,0,0
-2266,74,723,-54,-2151,-2323,0,0
-1058,-1319,623,-985,-159,-2069,0,0
-429,-801,392,-985,146,-3599,0,0
174,-1525,14,-617,2774,-3169,0,0
380,-1030,-8,-729,4754,-1349,0,0
28,984,698,-647,4131,-1979,0,0
-55,1157,786,-1002,1260,-1752,0,0
143,138,-6,-1081,-1016,-1263,0,0
460,-366,-543,-1025,-2731,-1667,0,0
1276,-221,-578,-741,-838,-3004,0,0
1587,-249,79,-1115,4297,-7189,0,0
759,-1411,106,-1582,6941,-11009,0,0
29,-1393,-330,-2287,6308,-12873,0,0
502,-728,-90,-2556,4908,-9501,0,0
515,1528,-275,-23,3114,-4646,0,0
-707,1885,44,52,-266,-2074,0,0
-1278,1667,183,119,-3571,-17,0,0
-1037,924,-166,303,-3261,364,0,0
-654,-767,-5,753,-1271,688,0,0
-260,-3200,394,-311,1434,-832,0,0
-72,-519,789,-608,2738,-2749,0,0
-122,-777,601,-477,5147,-1629,0,0
-586,869,629,-481,3502,-1709,0,0
-591,1197,527,-584,-331,-1513,0,0
-288,-5,89,-715,-1933,-2402,0,0
265,-1444,-271,-1250,-2386,-2803,0,0
1286,-1143,-302,-1066,231,-3770,0,0
1257,-891,57,-3456,3451,-6432,0,0
448,-988,-35,-1222,5059,-9065,0,0
-21,-708,-254,-2197,6123,-10291,0,0
450,-717,66,-3061,6132,-9596,0,0
923,285,-244,-1698,5660,-5573,0,0
64,1638,-211,172,3216,-3844,0,0
-999,1684,38,-642,-827,-2370,0,0
-1092,1918,-40,436,-2836,-2090,0,0
-678,378,-234,91,-2514,-842,0,0
-217,63,-62,495,-1806,-423,0,0
186,-660,171,384,144,-731,0,0
283,-907,444,-509,2110,-1400,0,0
103,-955,421,-641,3776,-1737,0,0
-107,450,189,-682,4236,-689,0,0
-492,1347,55,304,1168,-489,0,0
-617,-274,-100,-443,-1525,-1117,0,0
-134,-789,-379,-1026,-3319,-2489,0,0
451,-857,-242,-822,-173,-3262,0,0
-96,-109,114,-1172,4323,-5885,0,0
-1218,-156,51,-101,5273,-9530,0,0
-860,-1190,223,-2685,8956,-12686,0,0
678,-729,83,-4340,8357,-11554,0,0
1703,1158,-645,-1423,7176,-6405,0,0
731,435,-727,1051,3824,-2535,0,0
-478,397,-141,655,-2496,998,0,0
-1201,1154,-117,1043,-4036,446,0,0
-1255,385,118,236,-2713,414,0,0
-1024,-1433,266,17,-1462,-431,0,0
-240,-1033,122,-674,872,-1211,0,0
440,89,246,-227,4506,-1931,0,0
205,-406,206,-998,6068,-1590,0,0
-288,1408,301,-620,5052,-1418,0,0
-501,1843,68,-418,643,-855,0,0
-402,776,-187,-294,-3334,-1074,0,0
-91,-682,-581,-608,-3368,-1681,0,0
302,-906,-574,53,-341,-3177,0,0
387,-340,-102,215,4404,-3050,0,0
-806,214,318,1144,5054,-4957,0,0
-1649,-850,632,-209,5920,-6171,0,0
-1260,-861,731,-2168,5289,-8527,0,0
110,156,444,-2676,5090,-9265,0,0
1272,-7,37,-2359,5485,-8809,0,0
1777,-631,-444,-1843,6063,-8123,0,0
1805,-1609,-970,-1389,7018,-6448,0,0
1383,-950,-1252,118,6502,-3164,0,0
270,-250,-768,1292,4666,-1501,0,0
-615,306,-42,14,-321,669,0,0
-785,1660,225,-171,-3453,118,0,0
-442,1265,277,-67,-4359,393,0,0
-329,105,236,314,-2740,652,0,0
-397,-330,129,196,147,-60,0,0
-444,-105,336,-504,1659,-2733,0,0
179,-839,455,-1199,5213,-3198,0,0
265,116,424,-1180,6240,-2511,0,0
63,1385,393,-663,2530,-1924,0,0
235,1408,97,-233,-1094,-1156,0,0
483,-95,-249,-324,-2478,-1483,0,0
806,-666,-527,-549,-1805,-1996,0,0
1123,155,-123,-655,2735,-2581,0,0
-302,744,74,169,4961,-1785,0,0
-2322,1080,83,1134,8052,-2686,0,0
-3632,388,274,-203,6454,-5171,0,0
-2901,770,137,-183,3121,-5294,0,0
-2207,735,-29,-60,2379,-8449,0,0
-1071,-523,1,-762,2971,-9371,0,0
777,-949,-242,-910,3700,-10693,0,0
2883,-1265,-263,-653,5528,-9183,0,0
3965,-1322,-713,-260,8194,-7744,0,0
4078,-1731,-1155,52,9405,-5358,0,0
3123,-1465,-1317,0,7048,-3618,0,0
1730,-629,-684,-1361,4332,-2013,0,0
868,1024,-297,-211,51,594,0,0
96,1312,-450,1684,-4846,3323,0,0
-413,1426,251,1819,-4215,5656,0,0
-1302,-881,482,2706,-218,5608,0,0
-1858,-1484,788,1559,1965,6360,0,0
-2534,706,1616,-708,3116,2979,0,0
-3314,1484,1266,-1615,6561,-1405,0,0
-3658,1104,621,-1985,9045,-2503,0,0
-3539,2053,98,-719,6552,-5019,0,0
-2998,1195,-356,-107,1857,-6706,0,0
-1574,-280,-521,173,-1622,-9175,0,0
276,-468,-465,-692,-2193,-9198,0,0
2526,1232,-487,1839,6470,-8946,0,0
2716,-768,-72,342,11071,-7754,0,0
2846,-117,325,-934,9506,-6381,0,0
3174,433,449,-619,7292,-6421,0,0
3198,-418,-3,-504,5573,-4981,0,0
2894,-899,-417,-546,4971,-5060,0,0
2397,-1620,-763,17,4635,-5323,0,0
1836,-1832,-849,-165,3533,-1926,0,0
918,176,-105,327,2727,-305,0,0
-472,362,419,-238,-218,-242,0,0
-1475,319,420,-78,-2519,-1322,0,0
-1270,540,107,-315,-1893,-2288,0,0
-461,-351,31,9,-1995,-883,0,0
251,-229,-108,1571,-1522,2892,0,0
-51,1360,517,2286,-196,6339,0,0
-1567,2042,1472,1483,4516,4505,0,0
-3648,832,1517,-706,8586,-3693,0,0
-3567,350,983,-1769,5376,-10078,0,0
-1121,875,188,-1538,438,-10481,0,0
1145,711,-2240,-589,-1263,-6419,0,0
2148,-803,-482,419,-69,-5431,0,0
2282,-1632,-435,27,4348,-5221,0,0
1378,-1173,-419,470,5198,-9973,0,0
997,-1209,-167,1049,8860,-9841,0,0
1281,-417,77,115,8573,-8255,0,0
943,272,349,-1428,3543,-4639,0,0
438,1050,23,-442,-1391,-1456,0,0
-385,907,-380,-143,-5779,593,0,0
-534,-364,-501,-219,-3684,3587,0,0
-1053,-1593,-421,393,-1279,3430,0,0
-1007,-961,46,-339,1520,2693,0,0
-893,343,233,-510,3273,-570,0,0
-1094,557,87,-1197,6599,-1798,0,0
-1566,1392,50,-1478,7672,-4555,0,0
-1253,1340,-552,-1411,2663,-4891,0,0
-137,1891,-1052,737,-3398,-4983,0,0
1088,308,-949,1223,-4134,-3459,0,0
1785,-14,-471,2407,-1131,-3106,0,0
1316,713,-15,1686,5217,-1792,0,0
-579,837,466,1998,5598,-4406,0,0
-2068,-1836,536,-17,4524,-4645,0,0
-1871,373,491,-550,4098,-4651,0,0
-1580,1191,381,126,3157,-5571,0,0
-1649,-197,233,-145,2741,-4215,0,0
-1483,33,148,200,2360,-4522,0,0
-1110,-799,128,107,1936,-5253,0,0
-370,-942,80,86,2777,-7387,0,0
896,-1094,55,-79,4090,-9125,0,0
2503,-1024,60,-169,6644,-10036,0,0
3700,-1684,-426,-517,8770,-9102,0,0
4441,-1964,-762,-654,9134,-6424,0,0
4226,-1288,-1001,-894,6715,-3136,0,0
2975,-96,-899,-55,3328,-229,0,0
1173,227,-600,16,-285,2317,0,0
-294,1729,-360,1251,-3071,3638,0,0
-1013,1403,-7,1197,-3479,3435,0,0
-1107,421,355,722,-1777,2755,0,0
-1145,-399,172,524,315,1043,0,0
-1381,-760,597,-604,728,-1946,0,0
-1084,-980,481,-1005,3070,-4243,0,0
-917,-160,226,-1598,5258,-2084,0,0
-1112,1734,567,-846,3531,-1247,0,0
-1236,1269,-27,-112,802,-204,0,0
-1242,-42,-441,13,-1793,-458,0,0
-961,45,-135,-240,-2636,-2422,0,0
-899,469,-53,-918,1876,-3384,0,0
-1893,1326,-408,827,5490,-6173,0,0
-2732,-73,-407,1487,7049,-6915,0,0
-2134,-620,8,-261,6828,-8437,0,0
-837,153,-46,-963,5420,-9028,0,0
341,500,-214,-149,6113,-9565,0,0
1375,-74,-317,155,7910,-8061,0,0
1854,-1048,-264,235,8455,-6617,0,0
1384,-1243,-493,161,7555,-2750,0,0
543,-174,-492,1101,2751,-1022,0,0
-9,416,166,488,-3110,-499,0,0
337,732,318,107,-3796,377,0,0
501,-20,297,-55,-2897,548,0,0
629,-632,373,196,-893,29,0,0
708,-716,469,-293,968,-696,0,0
713,-1164,306,-244,4242,-1308,0,0
298,-367,161,-513,5487,-307,0,0
-328,995,526,-196,2793,-1682,0,0
-124,686,408,-520,-292,-1202,0,0
224,393,50,-569,-1388,-2092,0,0
764,-156,-37,-492,-1959,-3031,0,0
1082,127,63,-840,2266,-2604,0,0
-312,1381,-82,-362,4661,-3740,0,0
-1954,1519,-46,1129,5008,-3952,0,0
-2522,210,50,143,4305,-4258,0,0
-2047,189,111,-376,1753,-4129,0,0
-1478,796,-140,57,2375,-5318,0,0
-839,469,-147,570,3520,-7406,0,0
53,-949,26,583,5075,-8999,0,0
999,-2021,-280,-379,7174,-9556,0,0
2090,-1329,-375,-189,9425,-6596,0,0
1931,-655,-505,205,8531,-3287,0,0
703,184,-281,768,5788,-1295,0,0
-239,422,-33,665,363,-204,0,0
-857,555,19,531,-4389,-1701,0,0
-379,-131,-38,406,-3714,-1047,0,0
296,-164,289,286,-1908,-666,0,0
546,-608,407,-82,276,-1836,0,0
920,-940,370,-346,1680,-2388,0,0
1284,-1107,149,-354,3598,-1797,0,0
1054,-478,240,-1028,3993,-606,0,0
487,861,386,-1026,1864,-1020,0,0
435,477,-15,-305,43,-934,0,0
447,-738,-512,-876,192,-1035,0,0
762,-351,-409,-1238,65,-2481,0,0
398,343,-109,-899,2119,-3163,0,0
-1042,1624,-260,458,4404,-2962,0,0
-2732,1722,-356,1198,6938,-4274,0,0
-3103,-345,85,494,4744,-4796,0,0
-2505,1034,258,-68,3073,-3881,0,0
-2244,1548,-146,798,2611,-5399,0,0
-1778,-136,-305,556,1620,-5490,0,0
-732,-945,-84,142,1329,-5639,0,0
584,-271,71,-291,2444,-5079,0,0
1327,-354,-94,-217,4409,-6331,0,0
1854,-1393,-285,-633,7057,-6962,0,0
2403,-1144,-435,-1119,8550,-6144,0,0
2294,-771,-602,-674,9178,-3780,0,0
1083,-46,-590,-325,6826,-1550,0,0
-117,1347,-81,369,2766,-1691,0,0
-988,564,-135,58,-3373,-2009,0,0
-1052,-310,-665,903,-5885,-1681,0,0
170,-255,-269,1278,-3072,367,0,0
736,-341,278,1259,-342,82,0,0
838,-282,610,247,1922,-2752,0,0
749,-793,704,-20,5241,-1077,0,0
-57,-662,552,-845,5433,-1291,0,0
-420,1146,830,-995,2548,-1551,0,0
-131,1315,537,-574,-430,-2078,0,0
204,-77,-52,-505,-1906,-2693,0,0
761,-1330,-100,-764,-1475,-3828,0,0
1251,-773,10,-1476,3259,-2381,0,0
74,2344,34,153,7912,-3792,0,0
-1950,497,41,416,6719,-6116,0,0
-2418,-1689,98,-1551,4442,-6053,0,0
-1536,1639,22,-872,3271,-4003,0,0
-1260,3330,-306,728,2637,-3981,0,0
-1425,670,-387,774,1051,-3057,0,0
-1244,-757,-364,442,338,-2506,0,0
-787,-546,-252,340,505,-2442,0,0
-307,346,-80,625,785,-3123,0,0
-1,-285,49,638,1760,-4766,0,0
641,-958,150,-747,4637,-6086,0,0
1329,-1325,19,-1164,7627,-8748,0,0
2047,-1689,-419,-1440,10225,-6998,0,0
2038,-733,-579,-453,10272,-4304,0,0
732,-729,-658,736,8017,-2417,0,0
-480,-135,-468,371,2188,-2237,0,0
-449,224,-34,93,-3772,-2686,0,0
456,889,85,218,-4421,-698,0,0
1062,1334,340,881,-2943,812,0,0
668,-174,508,668,-1176,592,0,0
335,-677,429,-2280,281,-99,0,0
522,-675,378,24,2998,-1868,0,0
432,-1272,344,-1105,5691,-349,0,0
-263,1158,440,-822,4642,-1282,0,0
-385,1601,387,-9,1049,-2719,0,0
192,-161,38,-539,-1083,-2926,0,0
812,-972,-132,-990,-1210,-4469,0,0
1559,-766,-194,-1527,3168,-4645,0,0
1159,1905,-293,-417,5753,-3346,0,0
-482,3486,100,1726,7232,-2123,0,0
-2337,1021,199,575,5730,-4908,0,0
-2492,-104,-123,52,2948,-3308,0,0
-2523,624,-578,972,2273,-2280,0,0
-2800,408,-557,360,1835,-2282,0,0
-2794,355,-774,408,1136,-3421,0,0
-2218,147,-1298,746,791,-3620,0,0
-1295,521,-835,1752,351,-5078,0,0
-229,-1094,179,989,1624,-6520,0,0
1033,-916,179,93,4248,-8425,0,0
2427,42,54,716,7888,-9734,0,0
3697,-1037,236,821,11391,-8258,0,0
4056,-1984,43,96,11918,-5977,0,0
3406,-1809,-536,633,9599,-3223,0,0
2031,-1464,-693,477,6342,-638,0,0
1017,655,-187,-156,1486,49,0,0
409,1665,255,82,-3514,1466,0,0
18,2103,278,88,-4840,1728,0,0
-294,-52,369,164,-3295,2376,0,0
-447,-1252,407,20,-401,1044,0,0
-251,-1231,661,-1440,1622,-585,0,0
-314,-1156,244,-1643,3401,-3498,0,0
-155,-309,-188,-876,5243,-2641,0,0
-122,1449,235,-936,3557,-343,0,0
-447,1921,-92,394,534,114,0,0
-705,210,-292,81,-731,-230,0,0
-556,-5,-251,-779,-1048,-4208,0,0
-59,115,-185,254,2157,-6702,0,0
-572,-732,-378,932,7904,-6564,0,0
-1559,844,-76,359,7671,-5605,0,0
-1538,1425,756,317,5207,-5967,0,0
-1007,748,405,-201,2919,-3668,0,0
-954,1936,121,786,1519,-2414,0,0
-1419,388,-237,606,694,-3277,0,0
-1377,-371,-687,462,202,-2334,0,0
-939,277,-592,781,110,-3055,0,0
-159,-448,45,917,1190,-5763,0,0
1045,-1388,323,-248,3616,-7005,0,0
2223,-598,252,-310,5978,-8091,0,0
2715,-1599,-120,-109,9161,-7811,0,0
2369,-1927,-835,176,9245,-6041,0,0
1344,-1236,-992,412,7987,-2706,0,0
299,799,-343,179,4234,-2113,0,0
29,1365,11,143,-1856,-1401,0,0
156,912,-159,1125,-4934,-1076,0,0
530,-408,22,1349,-3586,97,0,0
749,-1413,270,668,-421,211,0,0
838,-1080,495,-517,1684,-901,0,0
1099,-340,592,-653,3464,-1722,0,0
925,-161,540,-937,4780,-1092,0,0
190,799,774,-1279,3038,-993,0,0
-84,1031,193,-733,-529,-863,0,0
-30,657,-484,-179,-943,-932,0,0
-48,-522,-618,-805,-1052,-3037,0,0
197,-915,-396,-1150,-490,-5545,0,0
213,-407,-332,-861,3868,-4224,0,0
-1190,1878,19,549,5722,-4663,0,0
-2425,403,288,352,5153,-6094,0,0
-2403,-255,-59,-957,2784,-4259,0,0
-2274,2846,-394,627,2246,-3688,0,0
-2041,1407,-373,1010,1839,-3742,0,0
-1781,149,-173,267,975,-3281,0,0
-1113,822,-75,840,1263,-2787,0,0
-772,242,-96,790,1525,-2962,0,0
-619,201,56,365,1333,-2881,0,0
-256,-136,142,622,2284,-5397,0,0
783,-1239,147,-339,4959,-5448,0,0
1434,-946,254,-625,7251,-7678,0,0
1712,-1966,76,-1133,8316,-7805,0,0
1574,-1912,-2952,-366,8914,-6544,0,0
1044,-731,-1287,375,8269,-4254,0,0
438,458,-693,1001,4549,-2542,0,0
116,1515,-322,1304,-1523,-1624,0,0
29,1351,-142,1545,-4828,-1017,0,0
498,-101,266,1596,-3433,-742,0,0
978,-1741,813,1063,-1904,-399,0,0
1243,-2444,855,395,320,-410,0,0
1403,-1958,689,-910,2761,-424,0,0
1131,-881,700,-841,4161,-435,0,0
490,807,639,-1357,3901,-1119,0,0
224,1632,609,-820,1664,-1402,0,0
462,418,318,-560,634,-1074,0,0
683,-344,-65,-1374,831,-1822,0,0
621,-258,-189,-1180,596,-2992,0,0
-125,535,99,-415,3832,-3291,0,0
-1601,1757,273,664,6325,-4167,0,0
-2921,1095,-105,646,4592,-6176,0,0
-2658,455,-208,7,2495,-5579,0,0
-1995,1603,-216,433,2528,-4505,0,0
-1928,1346,-450,786,3000,-4898,0,0
-1691,220,-768,167,1797,-4418,0,0
-868,743,-584,783,1787,-3284,0,0
-312,152,-82,654,1281,-2488,0,0
-106,122,197,105,945,-2399,0,0
111,464,47,388,2101,-3516,0,0
501,-253,-67,271,4237,-6792,0,0
1086,-60,150,-83,5544,-7033,0,0
1701,-1656,360,-127,6720,-8485,0,0
2117,-2635,-349,-581,8881,-7036,0,0
1831,-1689,-1080,592,8344,-4340,0,0
479,-1192,-935,1096,6488,-2109,0,0
-408,-94,-401,371,2628,-1971,0,0
-457,788,17,-316,-1839,-3423,0,0
435,491,164,-127,-4213,-3133,0,0
1540,-438,37,577,-3101,-1154,0,0
1891,-1273,14,766,-915,179,0,0
2038,-596,243,893,1378,909,0,0
1701,-78,450,1006,3063,1540,0,0
504,403,627,-365,3157,2323,0,0
-934,1262,984,-694,3057,-57,0,0
-1265,876,919,-1404,1416,-1174,0,0
-732,719,338,-1309,817,-2214,0,0
-322,128,4,-1696,1319,-5198,0,0
-117,-101,-122,-1455,1977,-6771,0,0
-100,1270,-279,526,5663,-4898,0,0
-1376,2764,-62,1500,6100,-3931,0,0
-2552,1760,-223,1782,4648,-5619,0,0
-2633,-306,-959,337,2569,-4829,0,0
-2129,-274,-761,580,2105,-3826,0,0
-1554,282,-509,553,2448,-4013,0,0
-1005,105,-609,435,1538,-3112,0,0
-535,753,-606,686,1196,-3719,0,0
71,300,-308,668,925,-4265,0,0
769,-549,-82,320,2055,-4401,0,0
1454,-282,-2,374,3867,-6114,0,0
2162,-1650,232,182,6583,-7698,0,0
2535,-2476,16,-914,8815,-8153,0,0
2408,-2194,-719,-790,8823,-6215,0,0
1289,-1972,-1209,350,6605,-2701,0,0
-278,-577,-661,399,3443,-685,0,0
-623,1614,123,790,-2079,-1396,0,0
1,688,693,-220,-4173,-1009,0,0
837,276,979,-135,-2783,-169,0,0
974,-804,630,-216,-1550,-76,0,0
829,-913,-27,-633,-350,658,0,0
699,-52,-23,185,1662,254,0,0
259,-188,191,-535,4022,542,0,0
-559,1371,690,-699,5043,-341,0,0
-1061,1372,869,-1399,2690,-2438,0,0
-362,1660,279,-1028,274,-1597,0,0
-33,1238,-263,-167,-629,-4473,0,0
169,-809,-382,-636,793,-6487,0,0
277,-102,-292,1323,5912,-5224,0,0
-679,1455,190,1198,9212,-4420,0,0
-2009,998,672,225,4932,-6034,0,0
-1981,-262,8,-559,2019,-3913,0,0
-2073,521,-631,-380,1597,-3597,0,0
-2000,734,-478,283,1588,-2906,0,0
-1670,-2,-478,150,737,-3469,0,0
-896,159,-311,77,687,-3577,0,0
-84,527,-168,-36,1544,-4758,0,0
838,499,-82,66,2653,-5738,0,0
1742,99,164,-178,4269,-6654,0,0
2434,-712,314,548,7177,-9230,0,0
2902,-2269,-235,-67,8955,-8788,0,0
3015,-1306,-515,682,8883,-6606,0,0
2028,-1174,-720,1166,6823,-3225,0,0
317,-729,-670,16,4026,-100,0,0
-759,709,-831,1404,-1700,488,0,0
-758,170,184,1247,-6001,1624,0,0
-103,690,1258,-126,-3572,1525,0,0
98,1054,1266,193,-1955,-561,0,0
-185,-1318,556,-429,273,-925,0,0
-262,-1662,-12,-1025,947,-2132,0,0
313,-1650,-144,-612,3719,-2069,0,0
232,-196,247,-1672,5275,189,0,0
-300,2288,577,-1067,3444,-1749,0,0
-476,996,72,-924,925,-399,0,0
-529,290,-497,-324,141,-791,0,0
-158,779,-367,-230,135,-4314,0,0
-192,-758,-242,-426,5084,-4921,0,0
-1182,1009,-102,98,10465,-3635,0,0
-2546,3106,-170,1286,6836,-8248,0,0
-2329,-1308,-346,409,2299,-6308,0,0
-1987,287,-134,-713,1415,-2781,0,0
-1660,3768,-92,1299,2183,-3429,0,0
-1390,1769,-340,1907,1817,-3049,0,0
-1235,-855,-175,1294,1283,-2251,0,0
-733,-1224,256,682,1433,-1834,0,0
-375,-467,363,447,1338,-2636,0,0
-12,-451,435,470,2618,-3696,0,0
516,-1368,481,-4,4036,-5364,0,0
1313,-1404,440,-809,6119,-6827,0,0
2050,-1319,75,-709,8305,-9306,0,0
2703,-2494,-701,-1125,10363,-7547,0,0
2944,-1404,-1212,97,10420,-3457,0,0
1760,202,-970,339,8224,-172,0,0
413,1923,-566,1432,3601,-226,0,0
-333,96,-402,1052,-3345,-446,0,0
-298,-628,120,38,-5269,-1323,0,0
694,-285,219,-140,-3734,-1401,0,0
1421,-378,79,1155,-1334,-970,0,0
1485,-2024,14,15,393,699,0,0
1368,-1180,98,-610,2832,202,0,0
874,-179,61,-1277,4572,274,0,0
-203,703,126,-1366,5223,-171,0,0
-797,1395,371,-804,2354,-481,0,0
-679,793,92,-851,107,425,0,0
-653,1367,-396,89,-1013,-2692,0,0
-648,-534,-352,-1038,-39,-5580,0,0
-771,-81,-19,-444,8588,-4849,0,0
-2040,2915,-72,878,9801,-6485,0,0
-2880,276,-35,1561,4415,-8646,0,0
-2436,-2206,-242,-1449,1456,-3504,0,0
-1765,3446,243,213,1709,-3503,0,0
-1486,1795,480,1101,2070,-3860,0,0
-1463,-1202,49,-283,1807,-2546,0,0
-1047,174,-331,250,1990,-2816,0,0
-513,264,-80,1261,2042,-3312,0,0
-116,-365,315,525,2744,-2151,0,0
107,928,441,610,2530,-2954,0,0
371,356,481,461,2803,-4691,0,0
1031,-793,437,-101,4352,-6962,0,0
2141,-1161,262,-109,6720,-9324,0,0
3152,-2473,-505,-177,9063,-8742,0,0
3792,-1686,-1080,529,10163,-6252,0,0
3306,-2047,-908,935,8434,-2832,0,0
1869,-556,-574,-243,6420,1426,0,0
92,1921,-349,1046,2221,1055,0,0
-713,939,233,883,-3771,-136,0,0
-253,107,754,-174,-4412,138,0,0
414,-197,766,-90,-2913,-335,0,0
202,-2077,411,-228,-656,275,0,0
63,-1605,-33,-355,916,98,0,0
165,-580,-63,-7,2192,354,0,0
-119,909,224,80,3418,1976,0,0
-1353,1609,734,-444,2897,906,0,0
-1865,1705,914,-96,2917,-302,0,0
-1705,458,312,-1268,1778,-1637,0,0
-1566,643,-251,-660,299,-5917,0,0
-1204,-1211,-662,-1008,3714,-7658,0,0
-518,634,-309,-275,11041,-4560,0,0
-1419,2523,-160,1062,10134,-5238,0,0
-2285,36,11,59,4872,-5688,0,0
-1330,311,-6,397,2645,-4204,0,0
-1002,413,-312,180,2777,-3108,0,0
-1027,689,-56,480,2776,-2288,0,0
-964,104,-23,300,1928,-2231,0,0
-676,250,-146,507,1945,-2563,0,0
-317,-155,-133,743,2092,-2831,0,0
20,-101,158,636,2828,-2516,0,0
306,403,223,662,3086,-2775,0,0
422,-110,237,417,2767,-3522,0,0
819,-518,216,-228,2460,-4776,0,0
1678,-844,232,-557,3883,-6180,0,0
2495,-1082,-105,-1109,6878,-7605,0,0
2978,-2197,-732,-607,9284,-8282,0,0
3446,-2100,-1311,-883,9498,-5329,0,0
3248,29,-1063,157,8163,-2227,0,0
1431,-153,-724,101,6098,387,0,0
-201,814,-416,1100,1749,745,0,0
-455,1326,-138,1042,-4073,192,0,0
19,370,320,744,-5912,611,0,0
281,-1110,564,217,-3464,1581,0,0
-120,-2159,301,-151,-526,-358,0,0
-56,-2405,42,-852,1646,-1582,0,0
308,-2091,-114,-1623,4025,-373,0,0
56,1256,82,-1433,4531,121,0,0
-566,3069,663,161,2483,-573,0,0
-957,467,529,136,1146,435,0,0
-1027,683,310,57,1145,-504,0,0
-1051,1231,277,-769,569,-4194,0,0
-931,360,290,-675,5281,-5691,0,0
-1554,979,309,-330,10870,-5314,0,0
-2596,1630,160,603,7953,-7111,0,0
-2525,-931,-241,-602,3331,-6314,0,0
-1961,370,-230,-745,3092,-3350,0,0
-1740,3612,-46,734,3132,-3321,0,0
-1476,1412,-35,1353,2308,-4252,0,0
-1127,-2170,-144,-61,1590,-2862,0,0
-412,-228,-78,163,2002,-1809,0,0
78,1716,191,984,1826,-1860,0,0
113,608,518,730,1520,-1773,0,0
175,-29,434,266,1797,-2736,0,0
508,-692,180,592,3473,-4423,0,0
1190,-1152,83,76,5451,-6444,0,0
2421,-1349,256,251,7730,-7809,0,0
3262,-1913,-67,-246,9654,-6784,0,0
3240,-1586,-830,38,9956,-5016,0,0
2406,-1273,-989,483,7837,-2461,0,0
1228,-1009,-575,842,6181,-1669,0,0
278,221,-223,262,3189,557,0,0
-264,1912,16,372,-1681,-512,0,0
-200,564,199,461,-5881,-1321,0,0
587,-598,288,-186,-4039,49,0,0
1080,-802,356,556,-1665,-288,0,0
995,-2298,181,-72,147,-260,0,0
1015,-2153,62,-82,4265,259,0,0
424,-458,278,-815,5187,805,0,0
-491,2128,885,-1203,2777,-694,0,0
-546,2977,1021,-79,508,-886,0,0
-545,1302,282,-2256,502,-384,0,0
-787,731,16,176,1084,-3552,0,0
-759,-1205,-86,-138,3275,-5773,0,0
-829,-193,215,432,8882,-3663,0,0
-2062,2778,328,1443,9380,-5754,0,0
-2862,-748,213,245,4909,-7013,0,0
-2437,-1197,-116,-1872,3019,-4278,0,0
-1890,2875,-112,407,3410,-4160,0,0
-1711,986,-327,222,1565,-4078,0,0
-1340,-1043,-600,-375,449,-3118,0,0
-588,86,-740,-235,622,-2784,0,0
58,953,-653,649,1478,-2454,0,0
270,920,-403,1476,4501,-1455,0,0
-45,2059,-88,821,3655,-1061,0,0
-276,2352,751,763,1446,-3705,0,0
441,-533,729,353,2371,-5312,0,0
1343,-3056,-54,454,4531,-6919,0,0
2349,-2046,-160,1224,7261,-7786,0,0
3219,-1994,60,375,9601,-6515,0,0
3302,-1080,-455,734,9722,-6347,0,0
2614,-1371,-726,-153,8552,-1923,0,0
871,53,-1106,101,6779,1605,0,0
-548,2365,-709,1536,1163,-857,0,0
-523,217,759,929,-4299,-3285,0,0
516,-938,322,764,-5841,-926,0,0
1307,827,626,1562,-3122,697,0,0
837,-1426,1288,707,-335,-102,0,0
639,-2892,479,-1138,2277,-1053,0,0
853,-2057,-104,-1265,3963,-1892,0,0
906,-129,292,-1774,4369,68,0,0
249,2123,548,-667,3582,-2,0,0
-300,1011,410,126,1425,-191,0,0
-376,264,194,-938,941,138,0,0
-467,316,129,-1581,-186,-4331,0,0
-481,-1813,-52,-1518,1455,-6684,0,0
-284,1534,-155,607,7398,-2054,0,0
-1926,6120,230,2604,6887,-5358,0,0
-2751,1031,-218,2394,2422,-6609,0,0
-2875,-2134,-788,-115,2712,-3060,0,0
-3338,1108,-974,355,3044,-5431,0,0
-2745,947,-1388,768,2361,-4347,0,0
-2083,249,-1445,1373,2462,-3602,0,0
-1229,-428,-492,1337,1972,-3177,0,0
-445,-422,332,161,2002,-2134,0,0
-4,1361,191,555,1833,-2553,0,0
190,1449,206,807,2121,-2492,0,0
346,55,363,535,3571,-4394,0,0
1008,-649,418,-31,4886,-6529,0,0
2098,-1951,301,-482,7607,-9587,0,0
3498,-2110,-98,-80,9896,-8630,0,0
3983,-1952,-901,1519,10445,-6846,0,0
3434,-2428,-996,1985,9147,-3482,0,0
1879,-2622,-705,1251,6354,-865,0,0
717,266,-186,426,2670,875,0,0
141,2305,425,43,-775,723,0,0
-94,1665,719,-274,-4844,149,0,0
185,-397,447,-229,-5105,-30,0,0
682,-1738,66,37,-2519,378,0,0
753,-1873,459,-533,-16,570,0,0
991,-748,302,-684,2967,-438,0,0
458,-173,32,-668,3302,252,0,0
-569,1111,337,-448,4692,1700,0,0
-1385,1807,827,-87,3238,-545,0,0
-1048,1172,1034,-1211,2102,-589,0,0
-487,1935,869,-1759,740,-2691,0,0
-947,-504,-113,-1230,728,-9317,0,0
-829,-2088,-1139,-34,7259,-4429,0,0
-1616,3219,-753,1369,9753,-5915,0,0
-2033,1463,178,1408,3551,-7134,0,0
-2041,-1775,-184,-773,3112,-3339,0,0
-4016,2673,-567,170,2765,-3032,0,0
-1864,3865,-365,1393,2742,-3538,0,0
-1756,1119,-839,1183,1881,-2680,0,0
-1401,-395,-845,1055,1558,-2166,0,0
-961,-782,-185,667,1695,-1574,0,0
-702,-1,185,535,1820,-1718,0,0
-687,76,62,666,2001,-2139,0,0
-527,-473,-49,323,3111,-3675,0,0
52,-822,-12,-302,4762,-5791,0,0
1226,-1259,246,-711,6956,-8468,0,0
2615,-1773,57,-1865,9830,-8637,0,0
3385,-2128,-687,-292,12135,-7875,0,0
3334,-2383,-1684,-295,12033,-2343,0,0
2623,1222,-1598,1739,9590,648,0,0
1349,1476,-341,1805,3506,1053,0,0
672,1121,304,109,-2434,624,0,0
715,1169,237,203,-3680,-1791,0,0
938,-167,257,77,-4046,-1978,0,0
1279,-2401,124,859,-2659,-1245,0,0
1930,-3447,-5,199,646,-257,0,0
2301,-3240,-307,-556,3880,185,0,0
2038,-1058,-482,-269,3320,982,0,0
905,1095,258,-158,2877,1572,0,0
-399,1718,973,-326,2373,124,0,0
-475,813,721,-449,986,1555,0,0
156,2159,1298,-171,36,437,0,0
575,2322,2466,-853,-596,-2808,0,0
42,1517,2286,1020,5427,-3061,0,0
-2546,1308,1285,-205,8382,-7391,0,0
-3899,3498,-35,1818,4487,-8816,0,0
-3636,1186,-1326,1023,4336,-7195,0,0
-2949,2447,-1472,1533,5680,-4342,0,0
-3373,4470,-2255,4693,6545,-6477,0,0
-3073,1037,-2479,2866,4289,-3736,0,0
-2226,598,-1563,791,2602,-2120,0,0
-1318,2713,-812,1173,1390,-2577,0,0
-2912,2292,-147,1338,1521,-1566,0,0
-613,182,158,1013,2824,-1042,0,0
-307,1061,-151,1041,3700,-1742,0,0
217,1057,-333,2726,4324,-1536,0,0
187,228,-532,1667,4073,174,0,0
-265,2346,-718,808,3766,350,0,0
-457,2974,-444,2017,3409,-924,0,0
-157,1542,106,1518,3109,-1364,0,0
279,787,503,754,3242,-937,0,0
501,64,576,516,3914,-205,0,0
474,-268,452,717,3978,85,0,0
366,20,342,572,4106,0,0,0
223,712,218,690,3841,-263,0,0
210,424,162,964,3831,-512,0,0
336,-268,99,660,3982,-615,0,0
287,-478,33,621,4000,-286,0,0
247,-2,66,641,4179,-462,0,0
183,89,71,656,3961,-682,0,0
177,-189,77,504,3779,-587,0,0
209,55,-20,532,3857,-367,0,0
125,264,-65,729,3877,-370,0,0
146,105,-137,849,3797,-779,0,0
138,-57,-141,778,3609,-647,0,0
118,-163,-132,403,3641,-361,0,0
41,371,-115,611,3565,-542,0,0
24,842,-85,966,3565,-636,0,0
13,710,134,1305,3253,-308,0,0
-58,-158,318,1055,3285,-428,0,0
-92,-329,312,1119,3239,-234,0,0
-306,-634,303,1418,3626,-60,0,0
-359,-1628,317,468,3870,-702,0,0
-203,-530,184,581,3979,-847,0,0
-106,-509,250,1038,4312,-1312,0,0
142,-22,355,405,3637,-1118,0,0
198,448,317,858,3367,-764,0,0
-16,-507,99,835,3413,-557,0,0
-19,98,-217,1007,3422,-426,0,0
47,1346,-237,1681,3729,-107,0,0
-82,1394,-191,1449,3630,-362,0,0
-24,1108,-208,894,3875,-310,0,0
-53,395,-257,846,3729,-258,0,0
-145,136,-334,520,3760,-561,0,0
-140,598,-361,995,3848,-424,0,0
-231,-555,-265,1065,4042,-523,0,0
-162,-457,-203,587,3881,-439,0,0
-262,-84,-208,745,3866,-152,0,0
-517,-278,-236,515,3866,-102,0,0
-440,-665,-376,136,3695,-728,0,0
-332,-59,-541,391,3501,-300,0,0
-265,172,-454,728,3831,-289,0,0
-62,561,-347,1014,3836,-174,0,0
-7,500,-153,1351,3576,314,0,0
-239,-188,-38,1064,3676,296,0,0
-386,-310,70,843,3632,221,0,0
-438,-540,125,490,3891,-280,0,0
-328,12,54,374,3987,-240,0,0
-306,95,137,812,4131,208,0,0
-244,-111,220,409,3849,-29,0,0
-171,-399,137,412,3723,191,0,0
-155,-587,119,409,3817,378,0,0
-41,320,53,350,3722,330,0,0
-42,451,-9,479,3815,312,0,0
-52,332,-47,551,3728,325,0,0
-87,-55,-2,957,3642,445,0,0
-126,-243,114,889,3759,529,0,0
-146,-1,265,691,3708,448,0,0
-106,-310,354,714,3577,258,0,0
-54,-254,296,763,3417,385,0,0
-96,-238,331,912,3393,453,0,0
-147,-373,366,1129,3524,614,0,0
-219,-482,394,1201,3556,487,0,0
-226,-901,437,1062,3831,333,0,0
-109,-628,382,1223,3912,176,0,0
-26,-709,348,1401,3909,247,0,0
43,-479,356,1001,4089,-85,0,0
100,-368,316,765,3803,-68,0,0
92,-513,89,825,3781,15,0,0
87,-434,-21,1230,3594,378,0,0
29,-554,9,1375,3668,328,0,0
107,-658,26,1114,3510,347,0,0
85,-738,78,1206,3509,419,0,0
62,-992,126,1216,3600,153,0,0
186,-309,157,1336,3571,261,0,0
165,-215,227,1735,3619,17,0,0
157,-274,269,1500,3619,-180,0,0
160,54,316,1512,3780,-373,0,0
188,-102,301,1336,3882,-426,0,0
213,-125,281,1374,3846,-119,0,0
276,501,405,1244,3647,-108,0,0
281,1607,358,759,3352,41,0,0
284,3226,191,840,3194,370,0,0
227,4392,-26,1870,3083,345,0,0
69,1818,-68,2351,3326,1081,0,0
-185,1503,40,1646,3427,1012,0,0
-314,899,66,1621,3371,593,0,0
-264,-499,-90,1486,3645,557,0,0
-84,48,-214,1408,3676,348,0,0
82,-16,-216,1549,3523,756,0,0
37,-457,-237,1313,3327,923,0,0
78,157,-217,1441,3521,785,0,0
217,289,-150,1363,3570,595,0,0
260,139,-118,1168,3602,892,0,0
237,373,-98,1442,3763,965,0,0
275,657,42,1418,3575,719,0,0
284,958,119,1892,3405,444,0,0
338,869,148,1910,3226,590,0,0
349,650,4,1891,3426,717,0,0
321,862,-51,1868,3778,936,0,0
71,505,13,1742,4104,554,0,0
-119,290,16,1224,3805,273,0,0
-228,252,-115,1053,3691,478,0,0
-206,348,-257,975,3357,143,0,0
-118,164,-433,1567,3292,714,0,0
-99,-10,-435,1579,3120,871,0,0
0,-222,-447,1326,3335,645,0,0
80,464,-471,1029,3632,915,0,0
-6,1711,-345,972,3812,733,0,0
-41,766,-272,1281,3572,1337,0,0
-322,-181,-140,812,3466,1488,0,0
-457,383,-39,537,3275,384,0,0
-153,-86,-186,602,3464,712,0,0
-226,82,-194,893,3430,1910,0,0
-460,-247,-100,977,3386,1428,0,0
-331,-823,-14,591,3366,1017,0,0
-138,-470,65,405,3401,856,0,0
-40,-424,-26,465,3605,1030,0,0
7,-804,-36,724,3875,1037,0,0
161,-875,-15,716,3737,1268,0,0
80,-619,51,686,3862,1249,0,0
-39,-160,164,709,3703,1370,0,0
-123,-165,211,606,3416,1359,0,0
-105,-137,275,619,3315,1069,0,0
0,57,314,538,3652,1056,0,0
35,149,317,853,3764,1381,0,0
-25,-2,323,1073,3620,1847,0,0
-136,142,344,1174,3504,1219,0,0
-28,59,366,1328,3611,1438,0,0
-85,230,414,1399,3662,2453,0,0
-410,47,453,1371,3302,1390,0,0
-317,-430,378,1271,2971,770,0,0
-11,23,278,1407,2996,1121,0,0
65,207,221,1559,3166,1268,0,0
42,-85,197,1549,3277,1317,0,0
-9,-126,154,1663,3335,1454,0,0
-70,-73,146,1902,3278,1430,0,0
-6,-88,112,1876,3142,1527,0,0
34,-38,124,1688,3203,1373,0,0
65,-314,82,1573,3281,1512,0,0
53,-270,27,1585,3216,1509,0,0
21,-214,-31,1708,3264,1052,0,0
117,43,-39,1767,3238,1472,0,0
48,-182,-96,1844,3222,1641,0,0
-77,-332,-125,1838,3311,1384,0,0
-194,-384,-99,1901,3214,1174,0,0
-242,-859,-133,1723,3287,1105,0,0
-212,-947,-208,1552,3256,1027,0,0
-151,-1073,-329,1560,3223,988,0,0
-75,-813,-329,1742,3234,956,0,0
-77,-1065,-223,1630,3245,689,0,0
-114,-1349,-158,1408,2875,749,0,0
-106,-1290,-214,986,2853,519,0,0
23,-871,-307,1266,3323,469,0,0
151,6,-241,1687,3811,670,0,0
161,344,-88,1483,3886,886,0,0
62,687,-113,1497,3817,924,0,0
-95,785,-137,1969,3540,216,0,0
-126,-179,-91,1797,3395,34,0,0
-33,34,5,1528,3350,186,0,0
117,70,37,1518,3315,545,0,0
177,-271,8,1489,3490,1021,0,0
139,-75,85,1544,3543,957,0,0
55,-361,89,1410,3597,744,0,0
-7,-589,11,1250,3632,761,0,0
-43,-379,-100,1398,3748,583,0,0
5,-317,-131,1287,3687,403,0,0
47,-504,-201,1022,3665,435,0,0
32,430,-256,716,3679,628,0,0
38,757,-372,1444,3589,799,0,0
-9,-248,-405,1666,3629,839,0,0
-8,-335,-228,1408,3515,516,0,0
145,25,-104,1144,3707,275,0,0
335,-3,-241,980,4022,486,0,0
298,-206,-439,1015,4088,432,0,0
202,-148,-473,901,4243,159,0,0
149,-131,-542,937,4035,47,0,0
132,-73,-514,812,3610,-30,0,0
131,98,-455,802,3320,233,0,0
75,395,-406,834,3232,444,0,0
61,256,-366,890,3437,266,0,0
140,-202,-319,754,3719,205,0,0
239,-248,-234,425,3888,235,0,0
268,-19,-147,311,3964,98,0,0
225,-117,-203,275,3877,-150,0,0
240,-56,-306,209,3914,-67,0,0
292,381,-324,244,3920,-218,0,0
353,324,-343,249,3849,-258,0,0
369,382,-375,49,3785,-21,0,0
212,395,-384,386,3746,150,0,0
-35,405,-256,492,3621,405,0,0
-294,425,-17,554,3512,377,0,0
-419,428,161,350,3527,-10,0,0
-410,430,183,307,3608,-64,0,0
-429,20,178,376,3797,-31,0,0
-478,-648,179,442,3961,64,0,0
-450,-532,312,412,3864,100,0,0
-317,-353,400,288,3669,91,0,0
-155,-232,376,265,3785,263,0,0
-88,186,358,623,3885,482,0,0
-137,125,430,824,3947,539,0,0
-170,-298,448,662,3785,517,0,0
-197,-164,414,637,3574,493,0,0
-187,184,417,711,3688,333,0,0
-93,157,367,784,3707,544,0,0
-38,475,346,968,3702,560,0,0
-7,551,423,1301,3904,213,0,0
110,-12,482,1653,3852,821,0,0
137,-405,472,1300,3636,1007,0,0
127,-503,313,1052,3541,377,0,0
201,-412,143,999,3609,228,0,0
186,139,104,1037,3523,405,0,0
165,575,-27,1335,3680,392,0,0
167,406,-50,1498,3666,452,0,0
134,-227,49,1404,3707,592,0,0
101,-305,123,1322,3687,567,0,0
74,-224,196,1234,3619,328,0,0
139,-256,229,1125,3542,303,0,0
160,146,214,1161,3411,276,0,0
177,280,110,1431,3467,176,0,0
209,254,102,1601,3504,240,0,0
176,213,140,1694,3531,146,0,0
186,25,149,1474,3506,222,0,0
147,-1,85,1422,3558,348,0,0
159,116,9,1558,3552,189,0,0
172,186,-5,1615,3597,321,0,0
113,130,5,1593,3572,181,0,0
99,178,-14,1624,3531,202,0,0
71,212,-7,1668,3505,192,0,0
99,214,24,1710,3499,-25,0,0
128,72,69,1754,3540,305,0,0
5,-219,106,1654,3597,411,0,0
-146,-362,76,1415,3653,292,0,0
-230,-312,26,1337,3589,184,0,0
-248,-199,-13,1371,3560,180,0,0
-151,-49,-79,1330,3536,72,0,0
-38,125,-190,1398,3472,219,0,0
-30,359,-187,1565,3523,299,0,0
-52,135,-145,1603,3557,175,0,0
-61,-85,-99,1540,3599,501,0,0
-168,-180,-9,1453,3622,611,0,0
-260,-172,22,1165,3639,364,0,0
-266,85,-55,1075,3629,248,0,0
-263,172,-103,1121,3653,134,0,0
-214,197,-171,1135,3617,190,0,0
-142,311,-179,1420,3581,429,0,0
-129,-66,-138,1287,3588,363,0,0
-83,54,-140,1249,3582,338,0,0
-38,75,-113,1331,3650,372,0,0
-11,-111,-111,1222,3638,430,0,0
8,-117,-99,1199,3638,394,0,0
48,-155,-92,1171,3643,394,0,0
76,-112,-65,1160,3611,459,0,0
103,-103,-29,1004,3655,397,0,0
165,140,-63,977,3645,370,0,0
170,293,-96,1253,3577,324,0,0
143,180,-71,1401,3521,166,0,0
135,84,-12,1503,3416,195,0,0
96,-21,68,1699,3293,291,0,0
15,-303,233,1617,3133,207,0,0
-42,-917,302,1331,3242,-142,0,0
50,-1105,261,1010,3697,14,0,0
82,-806,191,1126,3751,395,0,0
-83,-695,109,1395,3627,302,0,0
-176,-653,66,1411,3867,-8,0,0
-207,-625,139,1370,3862,-283,0,0
-196,-669,140,1348,3818,-170,0,0
-133,-1113,95,1214,3685,7,0,0
-94,-1036,-1,1116,3645,112,0,0
-21,-332,-63,1431,3712,140,0,0
7,-365,-24,1505,3725,53,0,0
10,-424,-4,1293,3708,-276,0,0
-6,-304,1,1477,3556,-225,0,0
-52,-288,49,1692,3457,4,0,0
-124,-551,85,1564,3428,126,0,0
-171,-957,60,1291,3623,-25,0,0
-133,-657,86,1065,3757,-129,0,0
-89,-376,69,867,3670,-218,0,0
-74,-438,-126,856,3477,-216,0,0
-23,59,-306,1351,3619,-292,0,0
109,326,-219,1590,3822,71,0,0
54,313,-45,1266,3810,-22,0,0
-21,-38,-14,1024,3812,-325,0,0
6,62,-30,1082,3723,-217,0,0
-19,73,-37,1183,3638,-307,0,0
-5,14,-71,1223,3629,-297,0,0
30,209,-22,1366,3524,-202,0,0
56,43,-56,1407,3569,-332,0,0
180,-50,-74,1274,3669,-450,0,0
291,-19,-19,1347,3672,-280,0,0
270,-63,36,1023,3658,-148,0,0
136,222,-29,1069,3632,-340,0,0
9,163,-95,1092,3620,-692,0,0
5,-31,-153,1135,3587,-701,0,0
57,29,-138,1308,3581,-284,0,0
34,20,-46,1276,3516,-134,0,0
-16,-186,-28,1083,3560,-230,0,0
39,39,-1,858,3624,-407,0,0
231,449,20,713,3610,-671,0,0
341,693,-90,626,3571,-364,0,0
281,1170,-198,869,3613,-162,0,0
166,798,-217,1701,3690,-27,0,0
-58,-250,-144,1652,3721,-114,0,0
-180,175,9,1011,3622,-322,0,0
-151,725,32,961,3664,-606,0,0
-48,1267,25,1075,3924,-675,0,0
-11,1225,76,1486,3800,-635,0,0
0,182,140,1468,3707,-474,0,0
-23,-199,190,1328,3669,-310,0,0
-46,-447,156,1286,3492,-373,0,0
-2,-561,137,1532,3498,-341,0,0
87,-590,241,1440,3715,-296,0,0
134,-492,279,1177,3626,75,0,0
-33,-203,248,1220,3587,-241,0,0
-139,-140,153,1100,3595,-594,0,0
-142,75,29,1383,3551,-621,0,0
-124,222,65,1727,3408,-540,0,0
-93,14,92,1868,3328,-367,0,0
-57,-216,108,1834,3341,-272,0,0
-21,-364,144,1616,3396,-363,0,0
30,-428,112,1538,3503,-352,0,0
46,-596,101,1467,3459,-257,0,0
-14,-879,77,1362,3513,-306,0,0
-38,-742,91,1182,3541,-368,0,0
-31,-733,79,1116,3473,-270,0,0
-21,-520,40,1115,3465,-126,0,0
-63,121,46,1355,3569,-222,0,0
-21,142,39,1497,3681,-422,0,0
51,57,12,1587,3663,-294,0,0
40,26,32,1645,3632,-311,0,0
19,-81,39,1637,3632,-390,0,0
-3,-335,21,1578,3653,-449,0,0
-39,-643,45,1441,3667,-467,0,0
-103,-1238,81,1081,3582,-476,0,0
-143,-1189,-4,954,3508,-431,0,0
-137,-171,-39,1219,3455,-521,0,0
-109,257,-4,1438,3380,-438,0,0
-72,350,41,1402,3393,-531,0,0
10,722,112,1427,3446,-650,0,0
109,1610,190,1418,3602,-390,0,0
129,2440,219,1767,3607,-339,0,0
164,1037,204,1707,3499,-768,0,0
281,19,98,1245,3389,-335,0,0
249,604,-8,1574,3435,-274,0,0
301,480,-8,1719,3513,-180,0,0
234,121,-101,1485,3553,-141,0,0
159,154,-186,1560,3641,-647,0,0
221,385,-153,1513,3578,-485,0,0
246,815,-167,1571,3573,-392,0,0
266,1160,-191,1560,3401,-172,0,0
213,1071,-242,1557,3376,-22,0,0
163,1287,-208,1681,3393,128,0,0
132,996,-170,1984,3331,119,0,0
-22,133,-172,2021,3171,520,0,0
-260,-491,-40,2086,3367,112,0,0
-166,-863,68,1297,3446,-480,0,0
-44,163,-53,1492,3699,-600,0,0
10,148,86,1812,3791,-446,0,0
-26,-404,127,1504,3521,-138,0,0
-109,-443,75,1697,3440,-327,0,0
-73,-815,100,1811,3529,-203,0,0
-105,-1180,133,1872,3467,83,0,0
-264,-1971,141,1636,3530,-17,0,0
-265,-1927,79,1121,3630,-265,0,0
-270,-1295,159,1872,3586,-368,0,0
-220,-1638,218,1527,3585,-518,0,0
-226,-1326,173,1459,3526,-555,0,0
-307,-1136,184,1703,3590,-733,0,0
-274,-795,286,1533,3710,-573,0,0
-252,320,431,1699,3683,-529,0,0
-201,627,555,1836,3489,-800,0,0
-181,240,493,1577,3187,-626,0,0
-201,-94,275,1193,3112,-552,0,0
-159,-45,62,1084,3019,-583,0,0
-171,382,-156,1434,3312,-244,0,0
-153,1095,-276,1666,3556,-154,0,0
-104,1089,-178,2482,3836,-66,0,0
-26,286,64,1560,3543,58,0,0
-76,822,140,1376,3284,75,0,0
-141,1120,67,1683,3087,131,0,0
-104,757,-9,1972,3095,139,0,0
-36,573,19,1898,3214,142,0,0
0,433,55,1986,3123,275,0,0
-31,263,76,1925,3224,182,0,0
-111,-252,30,1759,3237,25,0,0
-115,-339,-59,1276,3234,-108,0,0
-42,27,-160,1247,3559,-222,0,0
152,85,-319,1319,3839,129,0,0
241,670,-447,1649,3844,152,0,0
336,984,-357,1844,3639,99,0,0
366,1292,-247,1365,3495,514,0,0
234,1935,-152,1366,3353,712,0,0
44,1042,-219,1498,3317,569,0,0
36,192,-383,822,3608,628,0,0
24,1616,-471,1095,3809,1050,0,0
-175,1624,-320,2033,3956,491,0,0
-284,-407,-226,720,4024,349,0,0
-290,204,-245,531,3774,559,0,0
-172,926,-267,1161,3491,960,0,0
-194,498,-256,1004,3415,1456,0,0
-408,1931,-124,798,3525,1053,0,0
-343,2137,90,1821,3617,231,0,0
-118,-1176,33,1130,3723,1134,0,0
-184,-1590,7,1249,3450,1657,0,0
-312,-621,300,937,3383,1251,0,0
-338,-398,307,764,3355,1224,0,0
-287,-972,148,568,3541,1020,0,0
-199,-654,-35,602,3608,1180,0,0
-177,363,1,1045,3663,1141,0,0
-153,322,66,1052,3669,922,0,0
-63,7,14,997,3701,884,0,0
14,252,29,1127,3681,1027,0,0
78,59,77,1658,3644,1256,0,0
26,-1208,193,1401,3548,1421,0,0
-115,-1412,149,839,3404,1030,0,0
-114,-391,86,1167,3341,810,0,0
-34,-142,72,1251,3446,1109,0,0
-88,-97,-41,1377,3343,944,0,0
-85,-282,17,1670,3364,711,0,0
17,-937,108,1476,3559,1263,0,0
-168,-991,82,1491,3550,1345,0,0
-293,-486,85,1095,3581,922,0,0
-281,-1,54,1233,3506,1129,0,0
-345,-6,-4,1237,3263,928,0,0
-243,1,-115,1477,3083,1051,0,0
-89,-80,-113,1260,3268,1208,0,0
60,140,-69,1237,3511,1324,0,0
100,278,31,1274,3668,1219,0,0
146,403,145,1241,3554,1159,0,0
178,644,198,1415,3360,1176,0,0
194,720,212,1637,3307,1181,0,0
188,678,208,1659,3327,1063,0,0
184,477,205,1652,3422,887,0,0
184,262,214,1484,3401,1063,0,0
122,161,144,1536,3339,1066,0,0
103,61,97,1501,3389,1152,0,0
53,60,72,1482,3455,1192,0,0
2,-18,31,1509,3395,1024,0,0
14,-20,-2,1475,3344,1073,0,0
4,8,-26,1596,3340,1152,0,0
5,-52,-29,1573,3396,1008,0,0
15,-72,-23,1463,3378,1071,0,0
-9,-46,-62,1512,3428,1139,0,0
-28,-82,-88,1563,3459,1037,0,0
-30,-145,-101,1424,3436,1083,0,0
-73,-148,-135,1560,3415,1012,0,0
-74,-249,-81,1517,3464,965,0,0
-43,-281,-57,1330,3396,1143,0,0
-102,-116,-70,1392,3324,1089,0,0
-109,-36,-67,1440,3458,988,0,0
-66,-38,-86,1545,3525,1106,0,0
-61,-117,-79,1587,3506,1002,0,0
-6,-230,-44,1456,3390,926,0,0
59,-225,2,1439,3461,1019,0,0
104,-219,53,1337,3576,994,0,0
100,-352,46,1503,3653,695,0,0
140,-697,90,1700,3630,517,0,0
285,-1256,158,2024,3627,207,0,0
566,-1670,237,1416,3602,272,0,0
701,-1367,66,1656,3697,297,0,0
721,-1350,22,2031,3853,480,0,0
713,-1324,198,2343,3750,220,0,0
748,-1432,528,1938,3547,528,0,0
524,-1348,681,2101,3350,-301,0,0
632,-1885,776,2336,3428,-1246,0,0
1223,-1059,1016,2314,3513,-871,0,0
1588,257,1459,3001,3564,-981,0,0
1547,1203,2277,5009,3544,-1197,0,0
1314,848,3431,5800,3086,-1091,0,0
972,750,4391,5560,2085,-900,0,0
422,563,5107,4908,1169,-805,0,0
-218,653,5436,3782,262,-1043,0,0
-684,555,5350,2935,-198,-947,0,0
-1024,1062,4871,2155,-485,-816,0,0
-1236,1669,4035,1714,-849,-835,0,0
-1241,1172,2955,1719,-1143,-616,0,0
-1010,613,1930,1201,-1602,-332,0,0
-786,646,1056,1347,-2076,-327,0,0
-595,370,494,2223,-2542,-35,0,0
-432,204,215,1990,-2660,-662,0,0
-223,649,119,2374,-3228,-942,0,0
-87,-33,238,2903,-3550,-1123,0,0
82,-158,405,2429,-3406,-1250,0,0
267,275,427,2686,-3248,-798,0,0
336,261,352,2070,-3248,-130,0,0
129,190,35,2375,-3430,-284,0,0
27,-7,-6,2376,-3643,-623,0,0
46,10,70,2072,-3589,-650,0,0
50,215,92,2136,-3605,-464,0,0
-30,270,106,2245,-3559,-627,0,0
81,119,98,1899,-3222,-1223,0,0
533,250,-88,1593,-3282,-1045,0,0
770,533,-401,2073,-3603,529,0,0
324,453,-832,1958,-3124,659,0,0
60,599,-1197,2706,-2398,-76,0,0
253,625,-1040,3559,-2615,136,0,0
338,187,-559,3553,-3238,870,0,0
344,317,-78,3308,-3471,523,0,0
380,191,220,3086,-3272,106,0,0
281,-121,451,3136,-3713,974,0,0
-79,-438,435,2753,-3923,954,0,0
-448,-206,375,2915,-3577,140,0,0
-631,-933,425,2890,-3695,125,0,0
-872,-1203,405,2324,-3562,-495,0,0
-898,-915,520,2797,-3661,-714,0,0
-811,-1418,560,1794,-3403,-902,0,0
-599,-694,568,1838,-3493,-992,0,0
-435,-403,530,1725,-3400,-1063,0,0
-410,-164,406,2108,-3356,-971,0,0
-434,-280,315,2032,-3299,-1163,0,0
-311,-278,210,2112,-3291,-1558,0,0
-175,-357,119,2198,-3515,-1199,0,0
-166,-244,77,1650,-3497,-1030,0,0
-174,267,65,1509,-3694,-1136,0,0
-71,689,94,1796,-3454,-1812,0,0
148,561,166,2160,-3271,-1525,0,0
244,-186,148,1945,-2793,-1435,0,0
397,-390,-203,1010,-2428,-548,0,0
495,781,-827,265,-1670,631,0,0
641,2241,-1735,452,-727,202,0,0
1037,1905,-2868,819,-340,489,0,0
1519,919,-3921,1961,33,124,0,0
1980,-441,-5028,2802,978,-505,0,0
1921,-1848,-6059,3271,2120,406,0,0
1359,-599,-6686,5708,3279,1706,0,0
631,866,-6296,6122,4500,1363,0,0
620,2495,-5239,7274,4474,966,0,0
892,2639,-3936,7247,4326,1413,0,0
481,3893,-2582,4618,3586,1224,0,0
642,5930,-811,6057,3060,-88,0,0
841,475,-322,3579,2257,1072,0,0
547,-1023,-331,1980,2549,1317,0,0
383,389,-351,1501,2649,791,0,0
439,1242,-327,1232,3200,459,0,0
549,817,-125,1829,3620,970,0,0
527,-120,7,1623,3296,1251,0,0
351,-1164,-165,1058,3057,778,0,0
210,102,-238,1494,3471,630,0,0
110,1473,-26,2192,3441,741,0,0
26,422,109,1737,3289,321,0,0
111,-631,159,1805,3305,255,0,0
246,-554,73,1488,3668,684,0,0
189,240,81,1587,3553,711,0,0
-25,195,47,1814,3753,291,0,0
-147,-90,70,1657,3726,306,0,0
-236,-507,223,1667,3586,311,0,0
-220,-1038,269,1454,3650,375,0,0
-168,-558,309,1456,3554,504,0,0
-47,-280,294,1589,3430,608,0,0
-1,-6,251,1613,3396,712,0,0
6,106,250,1753,3422,404,0,0
120,71,234,1847,3490,362,0,0
120,11,181,1426,3477,384,0,0
116,-296,146,1625,3406,310,0,0
246,-87,29,1599,3482,602,0,0
304,1502,-4,2007,3296,791,0,0
245,926,17,2298,2928,1101,0,0
58,-9,16,2166,2964,1250,0,0
-121,371,157,1983,2869,869,0,0
-215,39,144,1952,3050,511,0,0
-208,-46,41,2211,3492,529,0,0
-182,168,120,2210,3369,662,0,0
-246,-649,87,1818,3355,588,0,0
-229,-828,-9,1622,3327,648,0,0
-264,-441,-2136,1597,3331,891,0,0
-364,-229,-122,1953,3336,604,0,0
-244,42,-88,1998,3160,508,0,0
-167,-67,-110,2029,3103,733,0,0
-153,-767,-226,2180,3179,697,0,0
-135,-733,-285,2097,3393,926,0,0
-261,-479,-84,2387,3416,772,0,0
-333,-1062,0,2058,3347,416,0,0
-289,-1179,48,1915,3324,628,0,0
-362,-1192,103,1687,3224,759,0,0
-368,-804,-33,1601,3458,360,0,0
-179,-281,-128,1871,3448,458,0,0
-189,-454,-138,2222,3466,653,0,0
-267,-1108,-111,1957,3510,169,0,0
-309,-1731,-102,1707,3619,-148,0,0
-295,-2018,-60,1554,3740,-149,0,0
-209,-1732,24,1726,3764,85,0,0
-300,-1545,-28,2086,3585,241,0,0
-420,-727,1,1999,3360,279,0,0
-460,237,22,2186,3209,60,0,0
-406,766,29,2288,3041,-34,0,0
-308,1508,-59,1307,3043,199,0,0
-327,2600,-44,1899,3167,749,0,0
-536,2603,-19,1841,3246,977,0,0
-690,2063,-80,1476,2944,962,0,0
-684,1216,-219,1790,2899,1438,0,0
-586,1040,-324,1773,3249,1455,0,0
-474,1241,-221,1886,3057,1680,0,0
-506,735,-6,1629,2780,1823,0,0
-520,291,181,1402,2917,1267,0,0
-390,280,247,1015,3028,1456,0,0
-358,230,123,496,3296,1803,0,0
-366,292,-109,332,3280,1913,0,0
-360,780,-275,938,3177,2223,0,0
-406,1189,-215,1231,3167,2814,0,0
-515,1749,1,1194,3118,2386,0,0
-457,1634,240,1154,3194,2284,0,0
-437,1159,471,737,2942,2499,0,0
-425,570,522,195,2614,2641,0,0
-339,308,360,203,2895,2100,0,0
-125,334,281,701,3153,2069,0,0
-34,432,395,704,2978,2680,0,0
-64,520,460,611,2823,3012,0,0
-129,548,383,656,2876,3020,0,0
-147,644,312,513,2897,2737,0,0
-56,625,218,565,2808,2618,0,0
-26,607,215,683,2483,3169,0,0
-135,521,269,475,2400,2768,0,0
-151,423,284,288,2396,2773,0,0
-229,402,262,193,2263,2880,0,0
-329,290,227,484,1988,2845,0,0
-372,153,319,842,2133,2956,0,0
-213,10,425,1011,2636,3216,0,0
93,37,546,1021,2597,3461,0,0
257,19,653,1005,2256,3250,0,0
192,62,634,820,2067,3572,0,0
-96,87,407,724,2240,2909,0,0
-183,-92,55,710,2226,2760,0,0
-258,-147,-273,504,2065,3229,0,0
-378,-274,-505,567,2133,3078,0,0
-382,-198,-479,584,1986,3352,0,0
-358,-135,-340,672,2108,3413,0,0
-270,-220,-276,694,2299,3310,0,0
-198,-218,-272,812,2118,3145,0,0
-114,-182,-227,826,2012,3403,0,0
-109,-170,-187,663,2033,3472,0,0
-123,-243,-233,632,2147,3362,0,0
-76,-233,-323,533,2112,3248,0,0
4,-263,-399,691,1971,3544,0,0
-33,-231,-321,539,2027,3407,0,0
4,-185,-208,466,2161,3225,0,0
125,-78,-149,505,2161,3567,0,0
197,-1,-169,475,2238,3363,0,0
267,-37,-246,520,2315,3249,0,0
288,-109,-343,324,2508,3016,0,0
294,-129,-533,163,2525,2891,0,0
264,-121,-661,372,2260,3033,0,0
192,-191,-592,292,2315,3002,0,0
157,-158,-505,273,2665,2999,0,0
166,-122,-469,263,2689,2904,0,0
177,-133,-458,218,2497,2887,0,0
118,-124,-375,201,2474,2668,0,0
102,-85,-243,266,2467,2496,0,0
124,-128,-112,480,2604,2653,0,0
138,-147,72,396,2933,3063,0,0
98,-74,220,295,3249,3077,0,0
28,-78,209,453,3134,2794,0,0
-4,-143,162,539,2699,2713,0,0
-19,-141,130,357,2548,2724,0,0
2,-46,64,348,2741,2677,0,0
18,-25,79,377,2737,2843,0,0
-3,-86,123,323,2620,2762,0,0
5,-111,140,405,2588,2783,0,0
1,-93,131,455,2688,2954,0,0
-37,-21,106,391,2699,2831,0,0
-55,51,96,330,2659,2829,0,0
-58,73,63,312,2644,2868,0,0
-64,79,13,429,2643,2823,0,0
-70,53,-44,500,2629,2730,0,0
-53,18,-68,625,2654,2805,0,0
-67,-22,-48,586,2585,2833,0,0
-65,-73,-54,451,2595,2619,0,0
20,2,-11,333,2557,2862,0,0
-27,228,115,401,2641,3307,0,0
-166,170,158,384,2826,2664,0,0
-88,69,105,606,2602,2604,0,0
1,-132,17,746,2289,2971,0,0
-33,-186,0,647,2254,3043,0,0
-47,-125,39,541,2418,2613,0,0
47,-263,81,615,2411,2796,0,0
23,-61,188,586,2464,3153,0,0
-73,-44,224,528,2784,2879,0,0
-85,57,225,588,2726,3151,0,0
-183,-53,149,423,2477,2912,0,0
-196,-267,-58,495,2265,2700,0,0
-133,-308,-145,666,2139,2862,0,0
-61,-283,-186,1028,2383,3002,0,0
105,-188,-123,1090,2618,3017,0,0
297,-386,-30,732,2508,3031,0,0
427,-692,28,582,2376,2996,0,0
397,-657,-24,923,2713,2973,0,0
322,-258,-52,794,2662,2916,0,0
249,-54,-146,1361,2542,2400,0,0
362,-434,-203,1139,2441,2192,0,0
531,-489,-343,641,2193,2593,0,0
651,-523,-500,835,2573,2372,0,0
831,-665,-470,1022,3007,2179,0,0
963,-1010,-425,901,3259,2621,0,0
802,-821,-293,804,3471,2430,0,0
709,-667,-151,864,3500,1906,0,0
786,-890,-307,926,3577,1715,0,0
769,-629,-418,790,3734,1706,0,0
641,-209,-256,1303,3719,1336,0,0
711,-162,-112,1222,3522,1651,0,0
472,-540,-142,1663,3431,1513,0,0
242,-518,-117,1333,3484,1277,0,0
89,296,56,1476,3566,1090,0,0
32,-122,163,1542,3585,1129,0,0
28,-1089,159,1524,3558,1058,0,0
-3,-1144,177,1134,3604,1016,0,0
49,-389,260,1181,3568,839,0,0
120,-108,273,1363,3467,754,0,0
219,-264,219,1054,3524,818,0,0
282,270,72,975,3560,513,0,0
398,284,-115,1236,3677,612,0,0
491,405,-62,1057,3691,592,0,0
466,408,-21,1199,3648,654,0,0
458,136,-17,1111,3571,717,0,0
392,-33,-64,1449,3459,922,0,0
248,258,-56,1592,3469,1145,0,0
121,457,58,1122,3493,488,0,0
214,108,-17,1225,3522,420,0,0
287,77,-99,1175,3581,587,0,0
197,-70,-125,1268,3545,465,0,0
170,-2232,-146,1058,3804,-207,0,0
413,-95,-191,1094,3768,-116,0,0
439,-205,-295,1333,3785,425,0,0
363,-242,-185,1460,3776,196,0,0
278,-385,-97,1447,3625,39,0,0
248,-943,-44,885,3782,177,0,0
130,-359,13,1099,3660,80,0,0
-22,-301,-2,1130,3664,122,0,0
-107,-390,-9,1077,3633,151,0,0
-184,-307,48,1089,3591,237,0,0
-146,-553,95,944,3792,-287,0,0
-38,-790,116,726,4018,-372,0,0
-69,-202,198,1148,3942,-160,0,0
-117,-318,202,1074,3728,-151,0,0
-150,-469,134,1159,3386,165,0,0
-213,-558,172,1702,3320,310,0,0
-187,-582,172,1234,3483,6,0,0
-51,39,208,1214,3607,-282,0,0
51,60,149,1025,3753,-245,0,0
17,-38,42,1163,3762,-96,0,0
-91,-354,2,1188,3793,-105,0,0
-99,-475,-8,1190,3576,-57,0,0
-66,-272,-27,1209,3457,-28,0,0
-37,111,-52,1057,3510,-223,0,0
59,267,-1,1537,3507,-259,0,0
99,196,14,1519,3638,41,0,0
46,191,64,1543,3598,36,0,0
45,47,161,1450,3592,-80,0,0
39,-95,175,1158,3573,-79,0,0
5,-195,133,1319,3586,-194,0,0
34,13,103,1404,3589,-101,0,0
56,287,107,1433,3498,-139,0,0
87,-22,108,1446,3490,51,0,0
56,-74,93,1370,3484,77,0,0
30,-3,46,1416,3556,-59,0,0
49,155,27,1609,3488,-78,0,0
69,275,98,1573,3486,-45,0,0
68,106,115,1573,3490,-80,0,0
44,-27,79,1465,3499,-107,0,0
43,98,91,1589,3402,14,0,0
-34,-289,121,1680,3220,-31,0,0
-78,-770,137,1296,3153,-36,0,0
-101,-501,86,1181,3415,-54,0,0
-78,-118,13,1495,3759,-249,0,0
-22,-99,-77,1463,3937,-160,0,0
-53,86,-95,1639,3926,-184,0,0
-124,88,-6,1730,3715,-326,0,0
-185,-202,77,1504,3482,-316,0,0
-237,-609,70,1497,3397,-296,0,0
-205,-700,37,1411,3425,-418,0,0
-126,-304,108,1550,3394,-137,0,0
-150,-271,160,1530,3514,-126,0,0
-143,-416,119,1443,3610,-183,0,0
-83,-192,127,1408,3580,-267,0,0
-17,87,83,1385,3620,-166,0,0
36,514,126,1553,3709,-319,0,0
94,579,161,1652,3621,-317,0,0
103,346,116,1653,3421,-207,0,0
67,107,53,1684,3373,-177,0,0
43,85,-19,1712,3357,-178,0,0
9,16,-50,1850,3450,-192,0,0
26,-185,-56,1908,3499,-224,0,0
75,-17,-5,1714,3499,-190,0,0
91,184,50,1677,3436,-134,0,0
43,90,3,1606,3277,22,0,0
5,26,-79,1451,3324,-30,0,0
-11,-6,-176,1494,3466,-107,0,0
-51,0,-255,1671,3589,-161,0,0
-95,169,-184,1765,3610,-100,0,0
-155,25,-81,1767,3488,-215,0,0
-161,-460,-104,1471,3418,-321,0,0
-42,-446,-200,1401,3511,-380,0,0
99,-33,-235,1535,3593,-176,0,0
100,434,-117,1738,3518,28,0,0
-32,264,29,1809,3423,128,0,0
-167,-64,71,1620,3500,-28,0,0
-100,-43,64,1683,3564,-332,0,0
57,266,137,1600,3656,-388,0,0
136,174,182,1359,3650,-430,0,0
173,-247,96,1133,3578,-302,0,0
170,-670,-104,1208,3728,-132,0,0
181,-556,-176,1144,3578,37,0,0
73,-192,-145,1283,3513,-49,0,0
-45,-81,-127,1424,3508,-184,0,0
-20,37,-102,1386,3547,-420,0,0
92,161,9,1515,3512,-415,0,0
116,143,145,1560,3444,-233,0,0
83,64,183,1341,3589,-245,0,0
4,-69,158,1462,3612,-207,0,0
-21,-138,69,1245,3643,-406,0,0
36,329,169,1431,3592,-463,0,0
59,532,274,1773,3472,-334,0,0
65,351,238,1813,3323,-163,0,0
-1,28,167,1654,3310,-183,0,0
5,99,68,1495,3353,-491,0,0
78,270,31,1626,3350,-335,0,0
46,184,22,1682,3474,-251,0,0
14,44,59,1710,3589,-394,0,0
64,-63,108,1693,3593,-436,0,0
85,-338,114,1631,3593,-334,0,0
43,-234,113,1404,3488,-158,0,0
12,-81,159,1594,3476,-326,0,0
-13,-272,175,1595,3389,-80,0,0
-121,54,150,1664,3406,-103,0,0
-77,324,142,1762,3500,-422,0,0
39,421,133,1784,3543,-420,0,0
87,514,99,1783,3630,-293,0,0
55,535,47,1767,3653,-233,0,0
-3,405,-27,1746,3660,-138,0,0
-65,428,-102,1703,3552,-17,0,0
-176,416,-127,1884,3562,-40,0,0
-220,321,-161,1382,3471,-16,0,0
-207,1129,-219,1301,3234,298,0,0
-230,1252,-316,1781,3316,299,0,0
-248,575,-453,1844,3207,363,0,0
-295,180,-451,1851,3143,393,0,0
-292,71,-354,1621,3282,425,0,0
-277,168,-327,1588,3192,508,0,0
-278,223,-328,1601,3223,636,0,0
-258,151,-290,1773,3338,594,0,0
-207,-162,-237,1755,3444,716,0,0
-196,-599,-196,1509,3402,789,0,0
-225,-720,-163,1212,3459,767,0,0
-237,-318,-114,1158,3740,422,0,0
-158,1,-71,1196,3818,369,0,0
-100,50,-37,1288,3626,777,0,0
-110,-91,-36,1224,3469,983,0,0
-101,-62,-65,1207,3552,917,0,0
-79,91,-102,1218,3634,773,0,0
-47,107,-122,1242,3670,717,0,0
-35,-32,-97,1348,3706,819,0,0
-48,-247,-30,1265,3636,892,0,0
-48,-363,-11,1039,3556,845,0,0
-21,-179,-54,1008,3535,748,0,0
7,58,-93,1178,3621,716,0,0
-5,-51,-125,1253,3635,733,0,0
-6,-185,-91,1171,3628,710,0,0
-8,-269,-62,1057,3612,736,0,0
-49,-232,-90,1048,3621,751,0,0
-68,-244,-121,1038,3616,644,0,0
-45,-326,-162,1100,3663,612,0,0
-17,-358,-148,1131,3670,660,0,0
8,-459,-98,958,3662,589,0,0
26,-497,-111,1021,3681,617,0,0
56,-388,-103,985,3717,621,0,0
105,-271,-89,981,3764,684,0,0
77,-250,-74,1002,3795,709,0,0
79,-222,-69,801,3748,490,0,0
131,-206,-77,935,3688,517,0,0
157,38,-63,840,3660,377,0,0
231,343,-70,942,3706,319,0,0
306,538,-65,1054,3723,288,0,0
378,594,-41,1160,3790,330,0,0
420,432,76,1181,3681,330,0,0
443,421,184,1037,3666,200,0,0
472,338,241,996,3668,208,0,0
459,130,263,927,3681,143,0,0
416,118,230,990,3610,69,0,0
326,328,221,1034,3552,-12,0,0
366,448,207,1232,3572,-321,0,0
487,414,198,1447,3463,-113,0,0
429,154,277,1507,3445,-33,0,0
337,-170,327,1469,3396,-195,0,0
270,-249,347,1741,3352,-86,0,0
204,-394,444,1870,3511,-141,0,0
157,-560,540,1791,3467,-105,0,0
2,-575,605,1710,3471,-285,0,0
-79,-766,579,1332,3619,-602,0,0
-17,-779,455,1017,3789,-696,0,0
-5,-362,335,938,3625,-616,0,0
-36,-355,153,1071,3662,-568,0,0
-24,-150,-7,1295,3483,-270,0,0
-16,238,-70,1457,3473,-143,0,0
-25,443,-140,1646,3586,-308,0,0
-8,681,-185,1626,3642,-552,0,0
38,907,-162,1588,3654,-570,0,0
9,578,-210,1707,3535,-512,0,0
-47,380,-206,1668,3449,-496,0,0
-31,331,-179,1761,3386,-471,0,0
53,304,-177,1764,3436,-392,0,0
120,244,-152,1791,3442,-420,0,0
158,49,-67,1770,3408,-332,0,0
168,53,9,1675,3503,-361,0,0
198,179,37,1619,3476,-304,0,0
181,304,108,1621,3449,-265,0,0
102,213,81,1623,3575,-444,0,0
67,253,-14,1666,3449,-509,0,0
38,179,-27,1754,3397,-552,0,0
60,-82,-66,1799,3466,-634,0,0
115,-269,-133,1698,3326,-613,0,0
142,-396,-199,1624,3217,-728,0,0
211,-421,-256,1572,3221,-649,0,0
276,-383,-302,1505,3369,-554,0,0
313,-465,-385,1434,3411,-521,0,0
233,-256,-330,1522,3629,-448,0,0
84,-82,18,1494,3779,-531,0,0
-59,-541,278,1334,3672,-542,0,0
-174,-869,296,933,3688,-658,0,0
-194,-556,191,931,3451,-716,0,0
-190,-279,59,1184,3390,-759,0,0
-130,-222,34,1248,3423,-816,0,0
-88,-139,80,1310,3392,-688,0,0
-116,-146,97,1436,3486,-823,0,0
-91,-255,99,1399,3579,-805,0,0
-84,-281,101,1456,3569,-713,0,0
-40,-260,96,1372,3546,-788,0,0
2,-137,123,1378,3484,-647,0,0
-20,-98,134,1367,3521,-718,0,0
-4,-69,148,1389,3460,-866,0,0
12,-169,152,1372,3398,-827,0,0
-10,-213,140,1297,3453,-800,0,0
-17,-216,84,1317,3418,-735,0,0
-11,-209,-19,1336,3586,-686,0,0
24,-62,-155,1419,3717,-551,0,0
42,127,-243,1598,3691,-510,0,0
82,170,-209,1487,3636,-706,0,0
129,287,-114,1303,3483,-686,0,0
125,242,-45,1456,3479,-795,0,0
126,155,-22,1395,3485,-761,0,0
117,282,34,1334,3449,-732,0,0
73,322,19,1452,3524,-768,0,0
32,348,-32,1438,3561,-779,0,0
15,488,-76,1509,3512,-714,0,0
-41,442,-102,1632,3505,-717,0,0
-97,199,-76,1702,3456,-772,0,0
-91,17,10,1635,3454,-772,0,0
-57,-79,103,1524,3427,-765,0,0
-31,-109,114,1391,3467,-772,0,0
-28,-79,66,1363,3506,-854,0,0
-1,-48,7,1347,3512,-835,0,0
3,4,-8,1445,3565,-825,0,0
18,-8,0,1447,3569,-887,0,0
10,-69,16,1454,3485,-661,0,0
-53,-190,3,1417,3475,-653,0,0
-44,-236,-32,1277,3488,-764,0,0
-17,-157,-69,1270,3407,-559,0,0
-83,-150,-18,1354,3284,-483,0,0
-135,-238,24,1124,3328,-769,0,0
-87,-211,-33,1009,3568,-936,0,0
-28,-64,-151,1001,3922,-933,0,0
-49,248,-296,1238,4081,-856,0,0
-133,277,-337,1478,3740,-766,0,0
-160,75,-242,1468,3558,-952,0,0
-71,-131,-96,1379,3474,-848,0,0
3,-293,28,1170,3418,-689,0,0
47,-212,61,999,3528,-646,0,0
72,-41,0,997,3650,-642,0,0
74,61,-76,1040,3623,-670,0,0
66,80,-92,1064,3546,-731,0,0
75,61,-77,1047,3521,-677,0,0
89,85,-65,1025,3462,-587,0,0
103,112,-78,1046,3560,-716,0,0
151,85,-81,1035,3576,-738,0,0
149,73,-19,1040,3556,-633,0,0
120,5,13,946,3591,-837,0,0
120,-30,-3,987,3636,-695,0,0
74,-110,-63,1015,3685,-696,0,0
97,53,-72,941,3674,-992,0,0
168,318,-37,1015,3604,-1125,0,0
174,264,-11,1103,3525,-1070,0,0
154,263,55,1180,3499,-935,0,0
121,150,126,1182,3558,-841,0,0
138,135,115,1123,3671,-748,0,0
176,351,36,1109,3704,-734,0,0
178,579,-25,1189,3536,-909,0,0
119,556,-57,1287,3463,-1076,0,0
13,288,-67,1339,3464,-1137,0,0
-77,182,-42,1409,3463,-1081,0,0
-106,114,-38,1493,3429,-923,0,0
-97,7,-37,1519,3408,-806,0,0
-51,-51,-6,1472,3467,-817,0,0
27,-80,22,1348,3480,-847,0,0
62,-53,45,1299,3533,-854,0,0
49,-124,68,1270,3561,-907,0,0
5,-250,90,1222,3626,-836,0,0
-75,-290,70,1174,3724,-807,0,0
-129,-320,34,1201,3625,-815,0,0
-140,-359,39,1207,3545,-841,0,0
-122,-400,73,1133,3514,-815,0,0
-97,-387,96,1067,3585,-809,0,0
-57,-371,80,1051,3575,-826,0,0
-18,-307,73,989,3620,-808,0,0
6,-158,72,977,3621,-865,0,0
12,-78,56,956,3599,-853,0,0
-7,22,35,943,3668,-833,0,0
-33,141,0,1004,3623,-874,0,0
-48,183,-44,1014,3561,-909,0,0
-51,276,-85,1053,3535,-874,0,0
-59,366,-107,1144,3516,-887,0,0
-32,398,-111,1209,3570,-851,0,0
20,417,-110,1231,3552,-827,0,0
46,434,-63,1278,3500,-845,0,0
47,324,-22,1232,3570,-876,0,0
58,260,-18,1203,3556,-835,0,0
62,246,-2,1266,3517,-843,0,0
82,187,30,1197,3494,-844,0,0
108,196,34,1158,3504,-821,0,0
122,225,12,1198,3576,-858,0,0
146,221,8,1240,3514,-795,0,0
148,200,43,1236,3520,-848,0,0
148,184,57,1306,3629,-793,0,0
129,135,51,1341,3650,-734,0,0
120,206,47,1362,3562,-740,0,0
116,250,58,1431,3456,-813,0,0
129,196,52,1299,3419,-933,0,0
138,294,30,1391,3437,-807,0,0
111,286,13,1497,3428,-872,0,0
116,247,29,1470,3329,-924,0,0
123,233,49,1503,3388,-863,0,0
105,189,32,1522,3433,-871,0,0
85,167,37,1517,3436,-948,0,0
58,72,21,1546,3400,-963,0,0
41,5,26,1566,3407,-858,0,0
38,-26,46,1516,3426,-844,0,0
60,1,36,1474,3422,-895,0,0
72,61,31,1469,3408,-899,0,0
53,67,19,1510,3420,-909,0,0
45,51,30,1516,3417,-893,0,0
44,51,63,1485,3400,-921,0,0
28,2,51,1452,3404,-948,0,0
3,-33,7,1476,3415,-949,0,0
-13,-56,-17,1556,3511,-884,0,0
-25,-112,-24,1605,3549,-828,0,0
-18,-121,11,1589,3552,-833,0,0
6,-109,57,1509,3495,-863,0,0
19,-88,65,1426,3415,-841,0,0
2,-13,58,1440,3384,-939,0,0
-31,-26,26,1462,3373,-1050,0,0
-83,-85,-5,1533,3355,-944,0,0
-146,-117,-14,1540,3355,-895,0,0
-177,-86,-10,1580,3356,-845,0,0
-211,-77,5,1556,3320,-730,0,0
-264,33,13,1585,3365,-702,0,0
-292,76,-36,1718,3532,-743,0,0
-267,14,-109,1763,3654,-819,0,0
-250,-159,-136,1670,3592,-959,0,0
-281,-529,-139,1545,3559,-1121,0,0
-328,-1010,-167,1182,3492,-717,0,0
-433,-955,-199,938,3453,-347,0,0
-448,-515,-225,1070,3689,-568,0,0
-304,-429,-260,1142,3751,-881,0,0
-169,-644,-246,951,3664,-752,0,0
-167,-613,-166,812,3602,-654,0,0
-138,-458,-103,942,3696,-737,0,0
-28,-441,-16,920,3677,-587,0,0
8,-392,43,798,3616,-654,0,0
29,-323,46,852,3686,-794,0,0
58,-366,23,781,3758,-768,0,0
36,-326,-44,746,3675,-845,0,0
40,-225,-61,926,3578,-739,0,0
-15,-280,8,851,3408,-498,0,0
-136,-226,18,896,3364,-656,0,0
-146,-210,5,877,3434,-954,0,0
-65,-101,6,885,3636,-940,0,0
6,159,-27,951,3816,-845,0,0
29,347,43,1136,3635,-852,0,0
3,125,115,1024,3494,-1006,0,0
94,32,171,902,3549,-997,0,0
215,51,200,940,3539,-759,0,0
250,-58,203,787,3593,-675,0,0
264,48,154,726,3596,-822,0,0
253,229,91,976,3636,-892,0,0
208,161,79,1024,3669,-897,0,0
198,139,80,1078,3771,-999,0,0
207,141,96,1135,3810,-965,0,0
211,174,100,1083,3809,-1068,0,0
205,200,57,1077,3694,-1044,0,0
131,156,44,1080,3533,-1049,0,0
48,61,61,1008,3411,-1037,0,0
13,48,27,1027,3456,-1009,0,0
26,137,-21,1036,3502,-891,0,0
40,278,-58,1094,3530,-918,0,0
68,372,-87,1146,3559,-1019,0,0
78,447,-71,1193,3503,-1081,0,0
63,445,-46,1203,3467,-1037,0,0
14,435,-58,1213,3466,-969,0,0
-25,486,-99,1267,3539,-980,0,0
-43,512,-150,1367,3558,-1009,0,0
-75,403,-193,1447,3570,-1006,0,0
-123,171,-217,1429,3564,-1069,0,0
-119,15,-183,1386,3514,-1029,0,0
-97,-119,-142,1290,3504,-938,0,0
-88,-169,-142,1163,3519,-946,0,0
-73,-141,-148,1086,3585,-889,0,0
-71,-143,-146,1091,3612,-887,0,0
-65,-128,-92,1097,3581,-831,0,0
-69,-84,-29,1095,3655,-801,0,0
-86,-19,-2,1165,3649,-752,0,0
-67,55,83,1249,3618,-927,0,0
-23,-108,149,1270,3497,-769,0,0
-55,-377,146,1140,3364,-614,0,0
-74,-427,153,1090,3414,-684,0,0
-48,-453,75,1057,3579,-834,0,0
-29,-390,-17,951,3593,-828,0,0
-56,-204,-10,1089,3605,-828,0,0
-72,-287,39,1100,3628,-855,0,0
-58,-333,70,956,3623,-796,0,0
-37,-220,60,937,3574,-788,0,0
-5,-122,30,937,3541,-815,0,0
36,-44,26,896,3625,-897,0,0
57,23,20,944,3727,-870,0,0
10,6,36,1000,3695,-758,0,0
-41,-33,56,967,3603,-761,0,0
-54,-25,41,998,3535,-766,0,0
-2,-9,25,896,3548,-883,0,0
60,152,-31,962,3699,-828,0,0
82,258,-66,1070,3659,-931,0,0
146,286,-22,1092,3562,-1039,0,0
196,240,8,1086,3573,-909,0,0
194,220,2,1078,3537,-843,0,0
195,257,-3,1143,3535,-943,0,0
236,263,-3,1155,3558,-894,0,0
228,275,38,1136,3593,-921,0,0
187,258,75,1116,3596,-1029,0,0
163,221,73,1133,3593,-916,0,0
87,199,58,1124,3547,-895,0,0
41,242,19,1135,3505,-1036,0,0
26,245,-39,1243,3501,-967,0,0
-5,202,-70,1285,3507,-958,0,0
-11,127,-91,1299,3588,-986,0,0
-9,43,-110,1281,3587,-960,0,0
7,-13,-68,1220,3527,-966,0,0
17,-66,-26,1122,3569,-985,0,0
12,-102,-43,1019,3560,-982,0,0
-9,-35,-89,1008,3601,-946,0,0
-49,-20,-148,1043,3582,-944,0,0
-74,7,-167,1008,3542,-980,0,0
-98,56,-164,1003,3537,-974,0,0
-129,45,-184,1016,3550,-929,0,0
-153,28,-190,1028,3658,-893,0,0
-169,9,-166,1019,3609,-866,0,0
-189,-27,-142,984,3605,-888,0,0
-187,-59,-128,975,3614,-870,0,0
-174,-85,-101,929,3620,-836,0,0
-148,-91,-98,933,3639,-805,0,0
-108,-107,-87,934,3643,-751,0,0
-61,-94,-8,892,3742,-710,0,0
-53,-86,16,769,3843,-808,0,0
-82,6,-36,702,3746,-806,0,0
-133,99,-77,839,3622,-801,0,0
-161,46,-83,873,3565,-792,0,0
-145,15,-72,793,3573,-698,0,0
-122,117,-78,850,3704,-686,0,0
-88,84,-114,884,3869,-660,0,0
-40,-33,-95,885,3782,-567,0,0
-13,-147,12,876,3757,-655,0,0
19,-274,120,720,3806,-652,0,0
19,-301,186,687,3759,-498,0,0
1,-330,198,682,3828,-517,0,0
19,-295,168,596,3786,-550,0,0
25,-120,115,628,3714,-578,0,0
18,-43,58,713,3664,-696,0,0
37,-48,15,759,3601,-689,0,0
60,-6,15,794,3668,-617,0,0
60,-1,40,853,3579,-639,0,0
61,-75,30,760,3621,-828,0,0
130,49,-20,782,3743,-793,0,0
147,196,-44,834,3720,-756,0,0
157,398,-48,877,3766,-949,0,0
163,447,-30,1003,3634,-830,0,0
96,288,22,1028,3504,-836,0,0
131,225,82,991,3537,-959,0,0
202,276,124,985,3552,-819,0,0
195,283,152,974,3637,-861,0,0
212,265,125,885,3770,-992,0,0
211,392,55,953,3762,-813,0,0
103,378,37,1101,3604,-590,0,0
-1,311,78,1203,3435,-518,0,0
-90,103,145,1323,3150,-341,0,0
-128,-265,211,1011,3154,-788,0,0
2,-127,182,778,3574,-1140,0,0
34,214,37,929,3976,-1022,0,0
-63,495,-148,1135,4033,-1019,0,0
-82,577,-245,1425,3725,-1047,0,0
-15,397,-206,1459,3430,-974,0,0
74,208,-31,1376,3263,-803,0,0
95,42,128,1217,3421,-690,0,0
53,-60,132,1063,3639,-762,0,0
61,-90,72,1109,3785,-765,0,0
50,-159,19,1017,3710,-694,0,0
7,-35,59,1006,3638,-874,0,0
-1,49,131,979,3614,-888,0,0
-28,116,143,983,3553,-854,0,0
-28,259,123,1046,3597,-807,0,0
-19,270,64,1145,3650,-820,0,0
4,300,-2,1123,3621,-914,0,0
65,539,-30,1194,3642,-900,0,0
75,531,-41,1362,3629,-805,0,0
60,354,-38,1380,3486,-755,0,0
23,154,-22,1452,3501,-680,0,0
-38,-226,-9,1459,3513,-605,0,0
-66,-435,6,1264,3517,-666,0,0
-64,-394,20,1165,3550,-745,0,0
-72,-400,30,1168,3556,-789,0,0
-81,-459,38,1131,3556,-793,0,0
-119,-530,58,1155,3636,-729,0,0
-185,-665,75,1163,3787,-748,0,0
-191,-555,68,1193,3654,-744,0,0
-176,-472,71,1179,3512,-820,0,0
-128,-332,87,1304,3426,-846,0,0
-86,-560,117,1262,3375,-800,0,0
-53,-684,166,1230,3457,-748,0,0
-49,-886,197,1132,3598,-708,0,0
-18,-743,137,926,3684,-831,0,0
15,-317,81,1035,3651,-916,0,0
17,-245,44,989,3628,-968,0,0
41,196,32,1057,3579,-932,0,0
61,459,78,1193,3533,-961,0,0
116,626,90,1065,3505,-984,0,0
163,987,32,1228,3471,-801,0,0
86,685,-37,1279,3591,-839,0,0
72,798,-118,1254,3580,-877,0,0
37,771,-105,1491,3542,-870,0,0
15,612,-89,1486,3568,-1000,0,0
28,495,-114,1521,3590,-968,0,0
30,308,-149,1506,3582,-958,0,0
66,323,-174,1470,3556,-950,0,0
74,212,-176,1470,3575,-895,0,0
77,54,-177,1360,3608,-958,0,0
110,-117,-194,1349,3673,-912,0,0
116,-287,-197,1351,3697,-833,0,0
112,-366,-140,1285,3613,-762,0,0
84,-459,-36,1286,3506,-649,0,0
16,-495,50,1160,3499,-561,0,0
-34,-455,110,1224,3485,-531,0,0
-25,-459,150,1173,3466,-678,0,0
25,-446,178,1002,3451,-783,0,0
12,-498,184,842,3393,-729,0,0
-41,-433,174,844,3442,-868,0,0
-67,-455,110,859,3495,-1087,0,0
-84,-205,-19,698,3435,-795,0,0
-139,281,-83,921,3447,-713,0,0
-103,560,-90,1188,3412,-841,0,0
-56,612,-47,1295,3318,-836,0,0
54,387,16,1253,3526,-938,0,0
114,481,0,1208,3792,-625,0,0
63,622,-108,1301,3854,-626,0,0
-19,540,-188,1319,3820,-711,0,0
-69,839,-169,1284,3786,-762,0,0
-95,1160,-69,1487,3668,-823,0,0
-71,793,103,1630,3530,-709,0,0
-23,-239,250,1600,3562,-860,0,0
106,-739,180,1032,3463,-573,0,0
185,-274,48,974,3432,-772,0,0
275,84,-135,1242,3441,-658,0,0
76,-307,-208,1722,3563,-275,0,0
-124,-614,-20,1683,3609,-439,0,0
-152,-358,177,1588,3521,-421,0,0
-172,-328,259,1337,3546,-778,0,0
-136,-195,222,1194,3592,-921,0,0
-134,-9,138,1191,3716,-917,0,0
-81,-147,94,1167,3617,-866,0,0
-34,-184,90,1176,3533,-828,0,0
-27,-149,150,1093,3546,-707,0,0
-69,-166,157,1051,3535,-734,0,0
-112,-220,160,1100,3484,-850,0,0
-179,-151,251,1185,3430,-773,0,0
-253,-159,312,1295,3361,-686,0,0
-285,60,242,1489,3280,-729,0,0
-191,175,61,1713,3550,-908,0,0
9,94,-203,1586,3308,-611,0,0
166,382,-312,1572,3260,-477,0,0
252,308,-290,1638,3372,-585,0,0
306,102,-315,1124,3576,-847,0,0
335,242,-349,1235,3766,-773,0,0
283,271,-372,1222,3891,-734,0,0
205,190,-293,1044,3857,-785,0,0
99,8,-95,1309,3794,-787,0,0
-20,-502,122,1073,3776,-867,0,0
-21,-490,288,967,3787,-813,0,0
-4,-363,367,964,3588,-604,0,0
-56,-257,315,968,3535,-508,0,0
-86,-133,187,1182,3493,-686,0,0
-59,-111,21,1128,3524,-908,0,0
35,-8,-138,1180,3465,-1049,0,0
90,109,-226,1431,3493,-1227,0,0
86,73,-239,1393,3463,-825,0,0
-35,335,-238,1169,3477,-541,0,0
-116,595,-209,1280,3593,-716,0,0
-69,593,-178,1553,3618,-997,0,0
5,181,-96,1513,3544,-1056,0,0
11,-343,-67,1154,3503,-825,0,0
-39,-442,-90,980,3570,-798,0,0
-53,-344,-146,1011,3568,-797,0,0
-40,-199,-166,1007,3555,-815,0,0
-25,-157,-141,953,3574,-849,0,0
-9,-69,-108,898,3630,-868,0,0
-13,-7,-74,941,3659,-796,0,0
-29,-55,-29,943,3716,-827,0,0
-19,-56,21,993,3689,-842,0,0
-29,-144,65,949,3671,-825,0,0
-49,-228,70,875,3690,-789,0,0
-47,-154,67,917,3656,-818,0,0
-38,-129,82,933,3594,-784,0,0
-47,-157,88,854,3564,-761,0,0
-55,-93,70,843,3645,-833,0,0
-32,-8,3,882,3652,-826,0,0
-1,75,-59,909,3622,-797,0,0
17,193,-63,950,3600,-776,0,0
-11,266,-24,1024,3656,-692,0,0
-17,171,3,1103,3641,-788,0,0
14,134,18,964,3578,-803,0,0
26,225,34,963,3521,-784,0,0
23,301,38,1027,3518,-772,0,0
21,237,13,1010,3663,-791,0,0
25,165,-20,1046,3589,-743,0,0
21,164,-10,1135,3492,-845,0,0
28,117,15,1094,3415,-914,0,0
55,14,45,1163,3332,-847,0,0
112,-28,91,1096,3562,-737,0,0
126,39,69,952,3750,-668,0,0
96,190,14,1151,3677,-700,0,0
60,175,-4,1050,3720,-746,0,0
21,174,-23,1116,3792,-816,0,0
9,95,-46,1167,3692,-778,0,0
13,88,6,1136,3580,-697,0,0
14,137,71,1118,3615,-769,0,0
28,149,86,1036,3610,-845,0,0
30,165,50,1061,3622,-819,0,0
18,158,-15,1138,3607,-797,0,0
4,95,-33,1202,3588,-759,0,0
-2,29,-6,1183,3601,-735,0,0
-8,3,18,1194,3622,-783,0,0
11,-44,23,1199,3616,-731,0,0
22,-45,40,1116,3583,-698,0,0
21,9,55,1114,3613,-818,0,0
22,-10,36,1090,3606,-823,0,0
-5,-35,-6,1131,3632,-774,0,0
-31,-82,-36,1135,3601,-759,0,0
-41,-76,-29,1125,3560,-758,0,0
-35,-37,-13,1136,3561,-782,0,0
-38,-56,-21,1093,3576,-808,0,0
-34,-57,-37,1095,3592,-772,0,0
-34,-12,-25,1146,3588,-746,0,0
-26,-6,-8,1132,3636,-809,0,0
-9,-14,0,1106,3583,-778,0,0
-26,-43,-2,1072,3605,-777,0,0
-30,-35,-20,1060,3598,-786,0,0
-34,-31,-39,1089,3646,-764,0,0
-42,-52,-55,1117,3661,-754,0,0
-42,-64,-34,1124,3565,-756,0,0
-44,-88,5,1106,3648,-773,0,0
-43,-121,16,1040,3617,-755,0,0
-51,-90,20,1045,3629,-775,0,0
-50,-91,18,1085,3675,-775,0,0
-51,-156,5,1087,3689,-707,0,0
-52,-173,8,1058,3650,-683,0,0
-51,-174,21,1046,3628,-753,0,0
-38,-168,37,1007,3636,-736,0,0
-40,-133,47,964,3634,-723,0,0
-49,-76,30,958,3679,-752,0,0
-48,-51,-6,992,3628,-736,0,0
-46,-11,-21,1022,3607,-725,0,0
-46,5,-25,1027,3621,-731,0,0
-52,-18,-52,1051,3662,-760,0,0
-42,-12,-65,1046,3625,-684,0,0
-47,3,-28,1075,3570,-683,0,0
-43,-15,20,1050,3620,-700,0,0
-35,-21,23,972,3640,-715,0,0
-34,-11,-15,1006,3720,-736,0,0
-20,-6,-34,1054,3656,-667,0,0
-30,-34,-7,1050,3644,-679,0,0
-25,-38,22,988,3645,-676,0,0
-25,-34,26,966,3625,-688,0,0
-21,-20,9,942,3644,-712,0,0
-16,6,-4,940,3563,-744,0,0
-8,27,4,930,3564,-731,0,0
4,57,9,940,3577,-710,0,0
5,69,-10,969,3722,-722,0,0
22,82,-24,1012,3612,-681,0,0
15,88,7,996,3543,-694,0,0
16,95,32,990,3588,-738,0,0
31,53,17,980,3551,-743,0,0
36,47,-4,1053,3563,-756,0,0
40,-14,-7,1144,3758,-680,0,0
41,-92,0,1096,3765,-589,0,0
15,-51,27,1034,3654,-594,0,0
3,-66,92,1018,3642,-690,0,0
34,-141,96,980,3666,-766,0,0
41,-57,64,805,3621,-713,0,0
25,157,33,919,3613,-781,0,0
30,120,-14,998,3605,-808,0,0
37,92,-47,1055,3632,-742,0,0
35,76,-55,1132,3671,-714,0,0
35,41,-45,1116,3655,-715,0,0
10,95,-42,1065,3675,-667,0,0
3,169,-23,1158,3676,-728,0,0
40,103,12,1129,3631,-802,0,0
68,5,38,1029,3594,-729,0,0
55,14,65,980,3621,-734,0,0
50,52,70,964,3651,-760,0,0
42,57,35,958,3664,-751,0,0
18,78,-16,973,3677,-750,0,0
-3,76,-45,1005,3624,-750,0,0
-10,99,-49,1037,3611,-753,0,0
-13,88,-56,1047,3636,-740,0,0
0,82,-55,1046,3601,-713,0,0
8,122,-41,1085,3628,-729,0,0
13,117,-20,1086,3661,-754,0,0
12,65,-11,1054,3629,-750,0,0
3,51,-8,1037,3633,-741,0,0
-6,42,-11,1046,3634,-740,0,0
-9,17,-17,1020,3618,-735,0,0
-12,22,-28,1027,3625,-719,0,0
-16,30,-31,1060,3650,-732,0,0
-12,24,-24,1060,3655,-703,0,0
-18,21,-1,1073,3636,-727,0,0
-19,3,25,1047,3624,-775,0,0
-16,-12,22,1022,3621,-743,0,0
-26,-34,-4,1056,3648,-691,0,0
-29,-52,-20,1093,3681,-721,0,0
-30,-79,-1,1081,3617,-734,0,0
-42,-109,36,1055,3626,-727,0,0
-47,-146,38,1026,3688,-717,0,0
-39,-144,28,1029,3652,-690,0,0
-35,-133,40,1028,3622,-740,0,0
-31,-130,63,1007,3640,-748,0,0
-31,-163,60,976,3684,-706,0,0
-40,-170,25,938,3705,-689,0,0
-47,-122,-6,985,3659,-724,0,0
-55,-125,-10,994,3630,-736,0,0
-55,-131,-4,988,3649,-693,0,0
-55,-129,-9,967,3625,-728,0,0
-34,-80,-26,1012,3670,-708,0,0
-16,-71,-20,1015,3612,-642,0,0
-20,-45,18,995,3585,-704,0,0
-19,-41,38,958,3615,-738,0,0
-17,-58,11,924,3631,-724,0,0
-21,-38,-16,975,3600,-730,0,0
-12,-55,-15,954,3573,-726,0,0
-4,-24,4,912,3643,-670,0,0
-14,28,-4,916,3730,-718,0,0
-4,47,-35,947,3674,-752,0,0
7,56,-41,965,3560,-685,0,0
7,80,-16,935,3567,-711,0,0
31,124,-16,971,3648,-731,0,0
52,128,-44,971,3716,-688,0,0
42,153,-52,1028,3709,-733,0,0
19,101,-22,1063,3706,-747,0,0
9,29,-9,994,3660,-716,0,0
3,44,-7,973,3630,-720,0,0
20,68,-14,997,3624,-713,0,0
43,69,-21,1002,3607,-668,0,0
37,78,-15,958,3641,-730,0,0
25,72,-9,962,3614,-841,0,0
12,2,-25,975,3691,-817,0,0
-2,-36,-43,995,3773,-642,0,0
-69,-97,-3,909,3747,-663,0,0
-133,35,30,813,3773,-773,0,0
-144,20,15,1105,3768,-924,0,0
-130,-364,-24,1207,3554,-1034,0,0
50,-460,7,1419,3270,-1051,0,0
232,-205,135,2029,2565,-1504,0,0
373,-557,315,2975,1559,-1945,0,0
477,-1619,656,4467,948,-2496,0,0
793,-3095,1448,4177,1289,-3376,0,0
1372,-3279,1994,4125,3662,-3843,0,0
2098,-2497,2022,5192,5700,-3808,0,0
2700,-3564,2068,4717,7204,-4500,0,0
2956,-3101,2202,2961,8170,-4418,0,0
2909,-2209,1791,1741,7117,-4003,0,0
2439,-2692,827,70,5820,-4220,0,0
1535,-2326,-108,-903,4655,-2542,0,0
416,-2213,-652,-540,4482,-1565,0,0
-507,-960,-700,-2039,2266,1721,0,0
-1443,1056,-623,-544,-2564,912,0,0
-2001,-39,-516,-26,-5301,-741,0,0
-1011,-1225,-376,991,-2401,-610,0,0
136,-1907,41,74,1476,491,0,0
-19,-133,375,-1055,4691,320,0,0
-716,2114,490,447,5311,-939,0,0
-1258,2704,559,264,4170,1107,0,0
-2327,1629,647,124,1879,110,0,0
-2556,-175,227,-1014,-229,-3905,0,0
-1626,-950,-366,-1727,-1649,-5433,0,0
-319,-899,-664,-1697,1284,-7758,0,0
588,-862,-424,-1779,6290,-9814,0,0
1244,-728,-636,251,10329,-9278,0,0
925,-1717,-837,-831,8467,-9412,0,0
1208,-1300,-415,-1853,8292,-6370,0,0
1166,920,-568,-119,7513,-3375,0,0
-106,675,-13,1013,5084,-2436,0,0
-715,-161,412,-313,19,-354,0,0
-787,1201,103,65,-3752,-1287,0,0
-331,1321,205,796,-5318,-1729,0,0
39,-1827,378,303,-2877,-1066,0,0
604,-2123,432,-1016,2297,-1677,0,0
1045,-142,514,-980,4975,-1958,0,0
950,1260,301,-759,4802,-1075,0,0
574,1890,387,-347,2364,-857,0,0
545,1884,398,-24,565,-494,0,0
566,457,161,-382,-1028,-882,0,0
485,-1267,-98,-1191,-2324,-2917,0,0
1111,-1329,-438,-1950,-303,-3258,0,0
1044,37,-418,-1214,1454,-3600,0,0
330,26,-182,-218,2699,-4785,0,0
-358,-604,-23,-481,3970,-5676,0,0
-721,-858,122,-1162,4154,-7379,0,0
-349,-115,-40,-1812,4472,-7499,0,0
-248,570,-440,-1622,4166,-9054,0,0
3,-530,-624,-1667,4252,-10047,0,0
377,-2281,-914,-2195,4193,-8030,0,0
861,540,-976,-445,4566,-4887,0,0
598,1341,-646,1455,2991,-1698,0,0
-733,734,280,20,-508,-2351,0,0
-498,429,476,616,-4467,-1051,0,0
167,208,-90,1118,-4310,2307,0,0
321,343,529,710,-1341,1749,0,0
125,-190,1134,-1257,1857,-1194,0,0
101,-676,1000,-1011,3099,-2415,0,0
-84,-870,202,-815,4998,-1455,0,0
-415,1080,372,-862,3155,-642,0,0
-568,1606,488,68,528,-537,0,0
-634,791,70,-861,-1610,-2459,0,0
-304,-443,-272,-968,-1772,-5452,0,0
520,-1597,-572,-2005,419,-4473,0,0
497,365,-412,-993,1149,-4175,0,0
121,1417,-189,893,1870,-4143,0,0
-373,206,-37,822,4596,-5196,0,0
-474,76,422,-263,2762,-6760,0,0
-44,366,428,-44,4020,-7815,0,0
23,537,14,-317,4785,-8144,0,0
-73,-164,-173,-240,4798,-8447,0,0
-224,-2364,-353,-1202,5096,-7506,0,0
-232,-1211,-680,-2512,4488,-4975,0,0
-585,-150,-659,748,2511,-2129,0,0
-1273,528,30,3,-1544,-1312,0,0
-1565,525,119,1037,-4027,-2217,0,0
-907,124,193,267,-3672,-935,0,0
135,-247,493,176,-1440,-576,0,0
629,-563,488,-706,1313,-1310,0,0
744,-852,514,-1115,4716,-2336,0,0
470,-1153,385,-1028,6494,-1717,0,0
165,521,351,-645,4547,-782,0,0
-287,1231,163,13,919,-1322,0,0
-433,621,-355,-863,-1656,-3101,0,0
219,224,-697,-973,-3145,-5057,0,0
1606,-569,-647,-1147,759,-4136,0,0
1652,301,-125,-239,5277,-2115,0,0
-222,2099,379,39,5055,-3767,0,0
-1509,735,383,408,3614,-5655,0,0
-1467,-1216,80,-847,2668,-4433,0,0
-1190,361,-108,-415,2097,-5035,0,0
-917,358,-167,-88,1720,-5023,0,0
-342,403,-204,-92,1606,-5126,0,0
543,270,-76,-195,3011,-5642,0,0
1214,-1220,159,-842,3634,-6613,0,0
1541,-2100,-8,-1528,5369,-5625,0,0
1198,-1493,-538,-797,5432,-4516,0,0
-74,-1743,-721,377,6030,-2951,0,0
-1087,-271,-228,-455,4574,-1250,0,0
-1636,836,250,-960,-793,-3215,0,0
-1614,278,-28,146,-4831,-3223,0,0
-714,679,-1,547,-3458,-2272,0,0
185,264,532,7,-1432,-1862,0,0
656,-668,395,-268,-89,-2948,0,0
1320,-1366,62,-45,4096,-1715,0,0
925,-656,110,-801,6606,249,0,0
207,1657,589,-817,4946,-1407,0,0
162,1497,789,-872,1725,-1871,0,0
471,597,174,-1462,-366,-2385,0,0
777,-544,-451,-1250,-2473,-5306,0,0
1932,-1028,-353,-1831,1369,-4177,0,0
1847,210,-37,-524,5946,-2834,0,0
-434,1564,246,-400,5524,-3815,0,0
-2062,755,49,-185,3541,-6087,0,0
-1989,-1001,-341,-929,2132,-3960,0,0
-1796,1012,-660,-395,1235,-3777,0,0
-1388,1453,-284,511,1328,-4053,0,0
-927,36,6,168,397,-4116,0,0
-178,-437,103,-265,639,-3799,0,0
524,-253,-25,-424,1514,-4724,0,0
1131,-1089,-67,-843,3932,-5305,0,0
1375,-1659,-280,-2402,5478,-5766,0,0
1422,-1887,-412,-2469,6060,-5470,0,0
1006,-1378,-519,-1284,6456,-2993,0,0
-143,926,-117,312,6428,-1465,0,0
-1908,2882,202,-60,2548,-2867,0,0
-2647,1293,-455,1598,-4433,-6521,0,0
-1685,-1880,-893,638,-4331,-3457,0,0
353,-684,255,593,-1893,-1317,0,0
1064,-1228,817,83,-178,-1299,0,0
1090,-895,399,-850,2709,-1532,0,0
925,50,100,-407,5871,-403,0,0
223,1162,399,-505,5921,-900,0,0
-108,1424,1026,-751,2579,-2121,0,0
157,67,762,-1621,341,-2096,0,0
623,164,-79,-2076,-1969,-4475,0,0
1674,-398,-650,-1715,326,-4694,0,0
2005,-509,-423,-1013,4523,-2423,0,0
556,1869,259,5,6266,-2070,0,0
-1883,1395,325,236,4294,-6662,0,0
-2288,-2363,-190,-1398,2550,-5578,0,0
-1583,243,-459,-1393,1570,-3931,0,0
-1013,2251,-466,91,1560,-4757,0,0
-424,1062,-211,490,1169,-2611,0,0
-121,523,-27,205,298,-2006,0,0
131,-227,244,-88,370,-3178,0,0
357,-1124,62,-746,2250,-4654,0,0
909,-1153,-199,-882,4621,-6495,0,0
1284,-1700,-181,-1882,6659,-7300,0,0
1119,-2339,-346,-1691,6691,-6152,0,0
407,-1119,-587,-134,6975,-3822,0,0
-606,994,-197,455,4573,-1305,0,0
-1319,2911,238,440,-967,-1785,0,0
-1433,2159,228,300,-4830,-3093,0,0
-695,81,380,111,-4064,-1690,0,0
76,-1385,528,-297,-1053,-1162,0,0
327,-1404,525,-902,1371,-2896,0,0
630,-2254,298,-778,4551,-2517,0,0
783,-299,100,-823,6714,130,0,0
268,2687,230,-229,3630,-625,0,0
-82,1477,465,-112,429,-1731,0,0
228,119,197,-1402,-1330,-3109,0,0
1261,-324,-189,-1267,-436,-5590,0,0
1906,-1799,-168,-2042,2960,-4323,0,0
927,-380,-47,-926,3970,-3262,0,0
-853,1883,-328,245,4979,-3652,0,0
-2168,734,-484,109,4290,-5264,0,0
-1855,-135,-367,-275,2462,-3518,0,0
-1619,1396,-274,375,2676,-4332,0,0
-1411,-7,-215,119,1587,-3672,0,0
-893,-226,-216,-325,951,-2598,0,0
-177,425,-12,-80,676,-1966,0,0
214,409,225,-57,969,-1783,0,0
257,-383,107,-419,1958,-3670,0,0
578,-1206,-25,-782,4227,-5408,0,0
923,-1847,-36,-1733,7543,-6530,0,0
910,-1640,-80,-1267,9578,-6022,0,0
-100,-765,-294,56,9437,-3312,0,0
-1362,2065,-244,-51,5257,-3574,0,0
-1491,1380,69,-239,-3872,-4937,0,0
-753,-751,-113,-489,-6492,-2801,0,0
750,-2,29,453,-2643,-1286,0,0
758,-704,13,634,-1058,-786,0,0
568,-920,-169,444,1979,-1972,0,0
918,-356,141,551,5411,-1378,0,0
974,430,730,-60,6733,-434,0,0
719,1791,1329,-582,3342,-1830,0,0
927,1022,1260,-1172,208,-1507,0,0
825,-272,274,-2122,-1697,-3430,0,0
1401,-1373,-517,-1508,1110,-5164,0,0
1992,-879,-457,-1582,4804,-2828,0,0
812,125,230,-103,7700,-3382,0,0
-1525,-120,309,-1054,4806,-5367,0,0
-1956,-79,-195,-1094,2661,-5145,0,0
-1358,1207,-654,-600,1358,-3812,0,0
-1536,905,-486,-93,1043,-3453,0,0
-1384,150,-395,-100,740,-3518,0,0
-947,-1215,-579,-87,628,-4153,0,0
40,-224,-408,-155,1203,-2552,0,0
503,1179,-80,-29,825,-2638,0,0
780,613,210,2,1259,-4045,0,0
1510,-590,165,-478,3503,-4934,0,0
1954,-570,73,-1901,5624,-6601,0,0
1996,-858,74,-1497,6257,-8083,0,0
1807,-1275,-302,-3256,5558,-6498,0,0
588,-790,-563,-555,4271,-5431,0,0
-47,682,-346,477,3164,-2140,0,0
-836,1727,-153,575,-382,-846,0,0
-1505,2119,104,659,-3428,-824,0,0
-1420,1186,364,542,-3647,-2066,0,0
-901,-1657,437,-527,-1623,-2253,0,0
-194,-2060,34,-1651,-206,-2580,0,0
770,-1842,-592,-880,3259,-2663,0,0
1334,-318,-483,-44,6105,1400,0,0
277,2380,414,-31,5793,1416,0,0
-623,3526,1244,-591,1381,-1482,0,0
-507,1551,814,-1019,-1591,-2677,0,0
-53,-1147,-204,-902,-2377,-5433,0,0
797,-1541,-669,-1340,684,-6408,0,0
990,-539,-773,105,6345,-5039,0,0
-243,1484,-481,827,7134,-3837,0,0
-1595,958,227,716,4000,-7317,0,0
-1084,-2584,347,-1025,2403,-4571,0,0
-1090,-69,-180,-1318,1115,-3436,0,0
-1046,2425,-634,106,1013,-3837,0,0
-606,1376,-787,784,647,-2238,0,0
-575,196,-553,796,498,-2497,0,0
-272,-41,13,594,782,-2356,0,0
-159,36,238,491,1302,-2685,0,0
-38,601,263,493,1852,-3748,0,0
244,520,433,417,2646,-4966,0,0
716,-605,744,-19,3152,-6067,0,0
1139,-1407,843,-604,4936,-6700,0,0
1178,-2390,329,-1114,6075,-6525,0,0
643,-2527,-210,-943,6445,-5129,0,0
-367,-1457,-549,458,8003,-2702,0,0
-1219,1312,-375,381,5224,-1812,0,0
-1500,2045,-135,313,-3007,-3720,0,0
-1238,398,-451,638,-5422,-2656,0,0
-315,320,-243,551,-3639,-1136,0,0
-5,-775,402,246,-1607,-1100,0,0
141,-1421,339,-628,415,-2173,0,0
662,-1545,-148,-76,5096,-1342,0,0
476,-1040,-201,-875,7614,1047,0,0
-20,2387,404,-1304,4351,836,0,0
-294,3058,685,158,-3,-2228,0,0
-20,407,176,-949,-2980,-4107,0,0
730,-1296,-346,-797,-579,-6149,0,0
1765,-1571,-170,-272,6457,-5446,0,0
1038,164,354,366,9111,-2705,0,0
-1293,1576,495,181,5894,-6658,0,0
-1798,-688,158,-1032,3134,-5994,0,0
-1256,-739,-820,-1276,1068,-3930,0,0
-711,1923,-732,73,691,-3608,0,0
-267,1224,-111,582,947,-3767,0,0
146,-551,133,235,1494,-2841,0,0
445,-370,56,-54,1760,-2254,0,0
590,713,132,335,1775,-1842,0,0
489,652,486,504,1202,-1521,0,0
312,13,677,141,1250,-2067,0,0
293,-584,475,115,2044,-3155,0,0
496,-1089,326,-272,2811,-4141,0,0
819,-443,506,-730,3462,-4964,0,0
1006,-886,460,-389,4334,-6013,0,0
848,-1504,92,-870,5776,-5156,0,0
116,-788,-74,-927,5741,-5621,0,0
-910,-1108,-121,-133,6324,-4795,0,0
-1613,-69,-529,74,4875,-1996,0,0
-2301,2503,-759,86,-235,-3014,0,0
-2643,928,-699,671,-4331,-5251,0,0
-1073,-256,-2256,195,-3374,-2612,0,0
608,343,539,969,-1884,-1962,0,0
1107,-1340,912,-4,311,-1437,0,0
1357,-981,727,-755,3350,-1366,0,0
1189,193,-55,37,6135,-98,0,0
243,1467,-221,-48,4437,615,0,0
-284,2386,388,178,1738,-512,0,0
-139,1831,670,-510,-494,-1760,0,0
-15,-1031,292,-758,-461,-3380,0,0
194,-2736,-393,-1237,3198,-5252,0,0
323,-3896,-330,-57,9426,-3095,0,0
-876,3097,94,302,10062,-3640,0,0
-2265,2699,-542,1253,5173,-7169,0,0
-1751,-381,-865,151,2122,-4389,0,0
-916,417,-349,93,810,-3812,0,0
-421,380,78,244,1259,-3230,0,0
-233,-183,-438,565,595,-2815,0,0
-37,-485,-558,672,856,-2328,0,0
291,-506,-235,406,1555,-2689,0,0
607,-1001,50,323,2387,-3047,0,0
1019,-599,123,-126,3064,-3085,0,0
1265,-372,141,-54,3862,-3599,0,0
1335,-357,263,-623,3653,-3925,0,0
1490,-170,424,-805,4234,-5307,0,0
1749,-651,328,-854,5184,-5436,0,0
1435,-1340,-13,-1261,5488,-5075,0,0
638,-1646,-217,-780,5640,-4283,0,0
-231,-1337,-514,116,6503,-2842,0,0
-989,806,-350,305,4791,-1579,0,0
-1309,2328,223,74,1057,-1663,0,0
-1609,1557,202,-285,-4726,-1676,0,0
-1496,376,-80,345,-4921,-2088,0,0
-620,-237,303,162,-2378,-1003,0,0
-505,-832,329,-372,-668,-2172,0,0
-87,-1473,81,-72,3500,-2950,0,0
550,-1300,13,-422,8029,-1183,0,0
643,848,503,-537,5781,-1131,0,0
668,1947,883,-643,1239,-1767,0,0
735,956,192,-1146,-1281,-3749,0,0
1362,-524,-311,-954,6,-6179,0,0
2465,-2665,-424,-852,4953,-4483,0,0
2199,80,52,484,7899,-983,0,0
-391,3552,526,853,6237,-4484,0,0
-1962,1061,-173,564,1930,-6150,0,0
-1692,-994,-638,-1017,715,-3423,0,0
-1329,151,-623,-583,551,-3983,0,0
-667,895,-442,186,1253,-3055,0,0
-436,404,-574,402,1226,-2916,0,0
-335,-867,-431,424,1998,-2532,0,0
-246,-395,-301,34,1988,-1844,0,0
-298,612,-59,446,1643,-2153,0,0
-247,441,188,397,1666,-2105,0,0
-199,-206,141,380,1739,-2773,0,0
47,-804,166,47,2550,-4341,0,0
599,-926,256,-929,3970,-6616,0,0
1565,-1301,320,-788,6097,-7673,0,0
1681,-2081,-52,-2268,7624,-6011,0,0
1217,-190,-336,-1737,7709,-4881,0,0
484,1154,-426,348,6737,-3715,0,0
-409,1073,-211,1232,3203,-1483,0,0
-1694,-52,-293,1071,-3041,-1097,0,0
-1893,105,-496,1510,-4930,-996,0,0
-1004,397,143,817,-3057,-606,0,0
-258,-1208,723,-43,-1020,-784,0,0
72,-1892,715,-921,1870,-1935,0,0
542,-1240,363,-333,5879,-1097,0,0
248,397,315,-995,6353,409,0,0
-182,2719,841,-826,2627,-1244,0,0
-16,2671,714,-844,-495,-2581,0,0
123,134,-58,-1248,-1044,-6913,0,0
1287,-2561,-645,-2010,2727,-6830,0,0
2104,-1614,-983,-1060,6599,-3776,0,0
1484,1560,-511,1519,8279,-1033,0,0
-1009,2489,244,355,5144,-4684,0,0
-1706,-853,141,73,2087,-5073,0,0
-1333,-2346,-373,-1529,760,-3286,0,0
-1076,14,-384,-1062,1433,-3791,0,0
-486,1164,-345,-429,1363,-3307,0,0
-110,486,-494,37,1679,-3141,0,0
176,-189,-424,-41,2391,-2534,0,0
297,270,-173,20,2059,-2219,0,0
143,448,108,222,2324,-1961,0,0
-96,904,198,144,2179,-2021,0,0
-391,349,181,276,1685,-2295,0,0
-328,1,199,-310,1060,-2350,0,0
8,-39,179,-185,1334,-3324,0,0
389,-584,11,-322,3014,-6632,0,0
838,-743,-4,-720,5341,-6361,0,0
1198,-1768,177,-1182,6840,-6348,0,0
1093,-1300,324,-1350,7830,-5737,0,0
244,-1029,166,-294,7943,-4322,0,0
-637,760,57,162,5453,-2321,0,0
-1240,2620,33,-533,-277,-3401,0,0
-2108,268,-819,198,-5471,-4820,0,0
-1237,-1236,-1504,868,-3515,-2009,0,0
514,932,-175,1271,-2331,-1587,0,0
1506,-683,1018,-210,246,-1533,0,0
1792,-1114,815,-586,4094,-774,0,0
1194,-124,183,500,6877,870,0,0
-59,615,169,-790,4478,598,0,0
-417,1547,707,-863,1115,-363,0,0
53,934,708,-994,-988,-2077,0,0
567,-487,206,-1470,-625,-5489,0,0
1102,-1746,-276,-1969,3604,-5057,0,0
525,-348,-399,-120,8249,-2917,0,0
-1347,1857,-411,132,8006,-4930,0,0
-2082,1602,-159,153,4485,-5407,0,0
-1511,410,-257,359,2093,-3471,0,0
-1324,1081,-686,298,1477,-3306,0,0
-1133,1454,-103,929,1104,-3034,0,0
-1101,-953,-250,322,1203,-3824,0,0
-564,-1860,-378,-141,2213,-3162,0,0
-9,-256,-227,-145,3019,-3507,0,0
347,344,-5,-11,3514,-3030,0,0
473,839,252,296,2799,-2456,0,0
302,164,382,135,1623,-2791,0,0
390,-865,259,-270,1167,-2700,0,0
774,-1237,16,-266,1740,-3273,0,0
1336,-1110,-121,-420,4003,-3687,0,0
1694,-414,-92,-899,5276,-4857,0,0
1865,-1050,217,-869,6439,-6033,0,0
1506,-1739,341,-976,6824,-5506,0,0
438,-1242,127,-566,7158,-4610,0,0
-632,231,-315,-561,5324,-2701,0,0
-1133,3058,-668,-503,-443,-834,0,0
-1467,3628,-733,1526,-4699,-2947,0,0
-1015,432,-543,1054,-3405,-2003,0,0
-199,-1045,156,463,-2343,-1576,0,0
616,-2359,387,-177,52,-2654,0,0
1269,-2412,315,-861,3232,-3634,0,0
1724,-2396,147,-645,6927,661,0,0
1029,719,253,-1066,5276,1278,0,0
216,1876,541,-190,383,-717,0,0
322,1022,490,-529,-1811,-1627,0,0
775,10,255,-1276,-163,-4359,0,0
1235,-2014,264,-1259,3462,-5651,0,0
1050,-305,710,-832,5779,-2782,0,0
-639,4391,365,782,6368,-4870,0,0
-2197,1866,-723,703,3683,-7475,0,0
-1989,-1037,-841,-371,2126,-3770,0,0
-1669,2140,-646,85,1870,-4061,0,0
-1272,2587,-353,1201,2038,-3660,0,0
-1237,435,-740,696,1162,-3897,0,0
-711,-709,-662,473,1505,-2970,0,0
-132,-616,-138,395,1840,-2611,0,0
232,-279,123,306,2136,-1993,0,0
329,555,172,541,2423,-3480,0,0
24,474,252,92,1631,-1247,0,0
-266,175,205,-144,746,-1547,0,0
-450,-870,3,-91,1260,-2626,0,0
-417,-1298,-52,-271,2807,-4333,0,0
277,-1355,-72,-619,4907,-6713,0,0
1308,-1501,101,-823,7099,-7385,0,0
1661,-1811,-112,-1651,8609,-7746,0,0
1525,-2171,-693,-990,8687,-4958,0,0
402,-233,-945,480,7535,-2826,0,0
-773,1181,-462,953,4541,-1566,0,0
-1470,1578,-699,976,-2590,116,0,0
-1653,1942,-703,2084,-4953,-2086,0,0
-569,432,796,-63,-3830,-1855,0,0
325,-1398,840,-280,-1479,-1738,0,0
853,-724,184,-180,31,-2299,0,0
1055,-2097,105,262,4805,-1522,0,0
801,-2238,314,-717,7242,1079,0,0
349,1275,667,-524,3383,99,0,0
113,2320,900,91,50,-1650,0,0
293,1591,522,-766,-1981,-3219,0,0
975,-43,196,-589,962,-6257,0,0
1577,-1624,314,-1877,4698,-4982,0,0
1092,-416,529,626,8569,-3680,0,0
-907,1246,284,-207,7411,-4898,0,0
-1906,-201,-234,-557,3321,-6113,0,0
-1153,21,-515,-155,1581,-3277,0,0
-1064,2243,-324,69,1513,-3131,0,0
-965,1900,12,709,1379,-3301,0,0
-885,-1034,-327,343,1033,-3790,0,0
-532,-2638,-443,-497,1351,-2458,0,0
371,169,-234,-458,1535,-2105,0,0
844,1159,64,122,1407,-2350,0,0
847,426,256,91,1239,-1498,0,0
642,694,297,125,938,-2335,0,0
434,51,285,-15,1835,-3793,0,0
424,-348,112,-100,3961,-6159,0,0
842,-1944,51,-273,6712,-6443,0,0
592,-2199,-75,-1459,7434,-5807,0,0
-187,-1320,-465,190,7793,-5215,0,0
-1054,-116,-534,876,7546,-2861,0,0
-1293,1795,-1,-97,2552,-1957,0,0
-1377,2471,3,633,-5104,-3230,0,0
-949,895,-319,607,-5040,-3511,0,0
-73,-553,136,-42,-3197,-1839,0,0
73,-1677,3,-466,-1248,-2692,0,0
135,-2648,-607,-518,1886,-4454,0,0
1205,-1822,-941,211,6984,-1273,0,0
1990,1418,-2,144,7572,926,0,0
1333,1870,1272,-589,3043,126,0,0
1242,1336,1039,-622,-203,-1364,0,0
1550,1399,505,-887,-1728,-2783,0,0
1608,-1171,480,-871,2456,-4860,0,0
1425,-969,884,-111,5653,-2880,0,0
-675,2505,513,1272,7073,-5693,0,0
-2282,583,-277,1398,2317,-8243,0,0
-1590,-2229,-402,-1695,1176,-3595,0,0
-914,2558,-248,-493,853,-3742,0,0
-614,3008,-134,1118,840,-3902,0,0
-704,-462,-691,245,1102,-4029,0,0
-251,-1181,-854,-227,2099,-3453,0,0
339,-73,-544,86,2257,-3152,0,0
509,370,-157,425,2414,-2540,0,0
300,631,19,638,2520,-2280,0,0
-79,302,-54,547,1620,-2678,0,0
-175,202,-98,227,526,-2818,0,0
46,-182,-42,154,148,-3990,0,0
745,-64,-2,170,982,-4732,0,0
1340,-1145,-15,551,2999,-6475,0,0
1571,-1738,94,-256,4455,-7827,0,0
1436,-2281,-273,-240,5703,-8096,0,0
862,-2102,-521,-55,5807,-5814,0,0
17,-795,-258,460,5200,-4311,0,0
-412,769,3,350,3097,-2006,0,0
-803,2384,82,-191,-843,-96,0,0
-1466,1953,71,428,-6038,3,0,0
-1110,-92,317,145,-3935,779,0,0
-685,-1037,666,105,-1145,218,0,0
-559,-1499,473,-900,385,-1046,0,0
-343,-1050,173,-837,3752,-1930,0,0
-235,-210,175,-435,6398,-1543,0,0
-261,1501,753,-998,4676,-747,0,0
184,3025,1020,212,1637,-1655,0,0
463,2583,581,-618,-2024,-3434,0,0
185,-1330,269,149,-474,-8814,0,0
488,-6104,-498,-1358,5800,-6920,0,0
329,790,-984,1096,10641,-3233,0,0
-1023,3639,-707,1956,6513,-8094,0,0
-1699,-3571,-242,-196,2894,-4587,0,0
-999,-2144,-439,-1360,1786,-2618,0,0
-421,3299,-303,-66,1267,-3008,0,0
-6,3985,-297,614,673,-2633,0,0
9,652,-352,592,92,-2917,0,0
115,-1369,-200,-122,1209,-2022,0,0
240,-612,-220,30,2018,-2329,0,0
223,-197,-72,423,2802,-2204,0,0
69,883,351,164,2298,-2193,0,0
-157,785,683,320,1706,-2504,0,0
-368,-145,572,-275,1083,-2317,0,0
-302,-45,254,-647,304,-2626,0,0
47,-249,-15,-356,1371,-3972,0,0
473,-813,-304,-697,3457,-5609,0,0
891,-1793,3,-987,4401,-7524,0,0
1111,-2442,-94,-1627,7260,-7705,0,0
990,-1703,-843,-976,7422,-6812,0,0
550,-1087,-652,-603,7025,-4876,0,0
233,520,-97,313,5955,-3152,0,0
-382,3016,18,322,1637,-606,0,0
-1209,4086,-494,1868,-5408,-1221,0,0
-947,916,-414,1267,-5233,-1605,0,0
-2296,-1399,500,-103,-3090,-140,0,0
85,-2632,486,-441,-725,-1086,0,0
257,-2412,-126,-710,1748,-2150,0,0
409,-1958,-518,-831,6149,-623,0,0
94,739,-153,-968,5648,-375,0,0
76,2181,547,-364,2949,-1335,0,0
96,181,386,-793,-417,-837,0,0
640,538,209,-1090,-1834,-4273,0,0
1570,-702,672,-1416,2204,-6992,0,0
1260,-2704,822,-1343,6866,-4697,0,0
-113,2298,66,-405,6517,-5398,0,0
-1451,2852,-552,644,3934,-6902,0,0
-1607,-647,-510,112,2659,-4211,0,0
-1171,1080,-64,-213,2452,-2427,0,0
-1006,2707,115,848,1766,-3183,0,0
-1078,248,-375,171,245,-3343,0,0
-669,-499,-568,-351,605,-1937,0,0
-333,760,-536,-63,788,-2932,0,0
-60,-394,-292,392,2060,-2570,0,0
-60,-500,-171,92,3420,-2100,0,0
-134,891,85,636,4443,-2087,0,0
-538,1110,494,441,3582,-2787,0,0
-862,-412,479,-41,1513,-3687,0,0
-469,-1113,85,-395,741,-2508,0,0
18,55,-242,-155,322,-2832,0,0
552,-320,-241,154,1454,-4660,0,0
1167,-1524,-127,-2528,3863,-6171,0,0
1981,-1228,9,-693,5520,-7743,0,0
2490,-810,-78,-921,7472,-8255,0,0
2145,-1208,-686,-730,7837,-7155,0,0
1459,-1353,-728,37,6959,-3656,0,0
540,19,-337,1018,4751,-2002,0,0
-509,426,29,1229,1982,-599,0,0
-1470,1306,-96,-393,-1261,514,0,0
-1883,2250,-417,743,-5310,-658,0,0
-1426,-351,-80,414,-4216,-411,0,0
-617,-1244,438,-313,-1328,-498,0,0
-216,-1053,375,-1029,794,-2212,0,0
245,-952,79,-1084,3968,-1667,0,0
377,712,260,-132,5645,-70,0,0
-121,1587,674,-23,3745,-551,0,0
-407,1576,519,185,447,-1042,0,0
-385,717,185,-275,-2044,-4110,0,0
281,-1935,200,-1057,2075,-9106,0,0
1422,-2000,150,-1677,6803,-5637,0,0
747,1749,-134,1015,9806,-5070,0,0
-923,1842,-217,320,5036,-6968,0,0
-944,-840,-179,-868,2057,-4387,0,0
-443,229,-441,-796,1285,-3771,0,0
-314,1482,-345,-109,1143,-3380,0,0
-192,498,-509,331,1161,-2706,0,0
94,-498,-518,217,1395,-2552,0,0
358,-1013,-295,41,1928,-2335,0,0
500,-769,-172,-12,2156,-2426,0,0
440,-203,26,-50,2289,-2047,0,0
133,326,214,-19,1863,-1671,0,0
-153,339,294,211,1512,-1710,0,0
-345,-84,431,14,1148,-870,0,0
-589,-14,465,-415,864,-897,0,0
-677,183,172,-380,1177,-2510,0,0
-429,75,-152,-177,3006,-4770,0,0
39,-655,-68,-765,5086,-7116,0,0
607,-1585,91,-1675,6220,-9338,0,0
1381,-1410,-94,-1604,7606,-8429,0,0
1377,-657,-397,-537,7927,-5912,0,0
364,-447,-298,874,6704,-4388,0,0
-251,974,-121,1146,3363,-972,0,0
-932,3293,-412,715,-1509,383,0,0
-1766,2290,-212,1215,-6666,-1304,0,0
-804,-1140,414,393,-4230,-79,0,0
44,-2551,729,183,-774,-635,0,0
172,-2238,404,-1136,1206,-1307,0,0
543,-793,320,-265,3980,-1149,0,0
565,671,527,-954,5977,915,0,0
-153,2636,761,-938,3780,-151,0,0
-429,2270,554,-647,638,-1076,0,0
-112,1442,250,-1069,-1477,-2784,0,0
143,-1769,83,-394,1174,-8246,0,0
581,-5142,-127,-829,7618,-5425,0,0
-140,604,-592,507,11810,-5022,0,0
-1214,3379,-860,671,6058,-7172,0,0
-1177,-272,-696,-359,2046,-4515,0,0
-480,865,-642,-51,1202,-3194,0,0
-222,1682,-106,401,1579,-3188,0,0
-234,-658,-244,213,841,-2830,0,0
135,-668,-566,-131,1367,-2494,0,0
419,6,-561,44,1954,-2787,0,0
576,-549,-249,156,2632,-2638,0,0
593,-173,23,-60,2697,-2116,0,0
410,653,198,222,2709,-1914,0,0
-36,370,168,169,2113,-1740,0,0
-216,260,193,105,1176,-1112,0,0
-267,707,403,20,387,-855,0,0
-307,617,461,-382,72,-2339,0,0
-122,-622,60,-149,1683,-3775,0,0
63,-908,-71,-395,4353,-6712,0,0
567,-2518,27,-1462,7308,-8226,0,0
1359,-2306,-95,-1892,7926,-8065,0,0
1178,-2746,-297,-1338,8306,-6527,0,0
616,-1345,-247,-1000,7270,-3446,0,0
-468,1127,-258,1185,3536,-1134,0,0
-2008,1746,-696,2216,-2358,-940,0,0
-1850,1466,-766,2773,-4916,-1925,0,0
57,1764,1250,6,-3167,717,0,0
661,1128,2105,-468,-747,-1246,0,0
747,194,1205,-1526,568,-2009,0,0
623,-822,291,-611,3736,-970,0,0
225,-567,384,-964,6497,1130,0,0
-391,1437,824,-931,3807,597,0,0
-764,1251,663,-30,949,-541,0,0
-666,1387,91,-261,-1309,-2960,0,0
-262,-1128,-117,290,2203,-7973,0,0
511,-3997,-101,-1436,6639,-5127,0,0
73,591,-438,823,11729,-4321,0,0
-1181,2526,-818,579,7507,-5921,0,0
-1288,-874,-860,-105,3010,-5849,0,0
-519,-534,-667,-388,1224,-3549,0,0
-199,1856,-448,-93,1264,-3219,0,0
122,1565,-569,820,1234,-2541,0,0
327,596,-684,757,1221,-2445,0,0
567,-231,-267,518,1812,-2554,0,0
741,-611,13,68,2323,-2112,0,0
667,215,49,53,2838,-1699,0,0
279,798,-61,443,2847,-1577,0,0
-249,193,-110,430,2163,-1463,0,0
-548,-133,-56,243,1167,-1202,0,0
-697,0,38,172,339,-1826,0,0
-634,-232,46,51,411,-2577,0,0
-345,-846,-20,257,1566,-4150,0,0
275,-995,126,45,3091,-5120,0,0
809,-797,555,-772,5328,-7292,0,0
1225,-2248,413,-1362,7321,-8354,0,0
1165,-2104,-304,-2578,9018,-6495,0,0
836,-1198,-1152,-1258,8787,-4282,0,0
248,957,-872,31,8096,-816,0,0
-668,2604,-169,822,4723,-1082,0,0
-728,1795,240,-78,-2897,-2205,0,0
-441,1492,246,22,-5968,-1943,0,0
395,1833,502,825,-4607,-1699,0,0
649,-560,660,903,-2353,-857,0,0
644,-2065,438,438,432,-1079,0,0
734,-1683,431,621,3862,-1143,0,0
551,-1409,621,130,6944,987,0,0
-27,1184,993,-676,4915,1304,0,0
-362,3503,1443,130,1374,-704,0,0
-212,2974,1498,431,-1395,-2719,0,0
-74,-1680,769,378,973,-7043,0,0
484,-4337,413,-1507,4907,-5426,0,0
-57,577,408,556,9707,-3133,0,0
-1501,3518,-939,1697,6970,-6386,0,0
-2016,-3024,-1735,1384,3023,-6259,0,0
-1567,-2743,-987,-606,1538,-2757,0,0
-1335,1313,-2656,-189,1873,-3917,0,0
-756,1897,-837,1054,1679,-3478,0,0
-497,-328,-1225,646,896,-3318,0,0
138,-968,-828,537,1446,-2570,0,0
836,136,-224,228,2192,-2365,0,0
1100,819,32,212,3224,-2522,0,0
954,735,185,429,3894,-1923,0,0
195,329,361,103,3152,-1602,0,0
-535,97,440,49,2239,-2013,0,0
-755,-186,168,-168,1620,-1466,0,0
-720,494,-86,-36,877,-1163,0,0
-708,731,-114,29,300,-2591,0,0
-376,-600,-53,418,1972,-4435,0,0
284,-1116,-47,-207,5182,-5762,0,0
958,-1369,-39,-389,7496,-7495,0,0
1729,-1968,209,-479,9203,-5891,0,0
1570,-282,99,664,9350,-4406,0,0
161,35,12,987,7853,-3542,0,0
-960,411,-116,360,3064,-1194,0,0
-1161,2627,-573,317,-5281,-2544,0,0
-580,2730,-724,2013,-5263,-3719,0,0
363,-367,-114,539,-2485,-1227,0,0
1057,-2276,374,302,-32,-860,0,0
1558,-2392,546,-489,1746,-1450,0,0
1584,-1978,369,-93,4601,-235,0,0
1012,14,399,-601,5707,1721,0,0
-20,1381,378,-153,3483,827,0,0
-249,1320,701,482,1165,-73,0,0
237,1433,1025,-674,-1300,-2211,0,0
726,-367,1462,576,2188,-6328,0,0
662,-2628,1831,53,7984,-4155,0,0
-1191,365,298,-864,8349,-4813,0,0
-2548,3358,-1816,454,4663,-7693,0,0
-2267,-467,-2205,180,3370,-5567,0,0
-1514,707,-1294,-157,1799,-3667,0,0
-995,1585,-700,498,1860,-4913,0,0
-340,-510,-859,690,1504,-2984,0,0
86,-75,-763,7,1925,-1868,0,0
149,-70,-605,215,2466,-1836,0,0
71,277,-614,417,2862,-1522,0,0
-45,832,-464,527,2872,-1644,0,0
-344,294,-227,804,3033,-1526,0,0
-664,-367,-11,588,2553,-1587,0,0
-788,-438,359,302,2560,-1463,0,0
-687,70,526,-29,1648,-2191,0,0
-440,-563,610,-201,986,-3271,0,0
202,-1380,635,-915,2076,-3968,0,0
910,-1167,420,-983,5366,-6484,0,0
1802,-1896,379,-1593,8394,-7491,0,0
2477,-2038,109,-2066,10410,-6647,0,0
2325,-763,-501,-76,9849,-4180,0,0
643,-401,-817,-7,7065,-2399,0,0
-2512,455,-747,487,2608,-589,0,0
-672,1417,-769,1123,-3528,-547,0,0
-172,1517,-372,1359,-4951,-1531,0,0
653,-360,229,926,-2957,-818,0,0
997,-1708,391,505,-522,-491,0,0
1421,-1356,570,-278,1458,-328,0,0
1632,-1417,671,120,4969,243,0,0
1284,-295,1097,-529,5254,902,0,0
1216,1698,1694,-339,3029,850,0,0
1467,2884,1928,-103,1361,971,0,0
1254,2921,1835,-1445,-970,-283,0,0
56,2261,1247,-796,970,-3368,0,0
-1143,2604,-559,649,6166,-4263,0,0
-2919,5257,-2415,5488,9906,-5462,0,0
-3554,5389,-3326,7405,8779,-8326,0,0
-2058,2694,-2206,5274,6078,-4146,0,0
-1515,1041,-1827,3971,4268,-2421,0,0
-1502,1008,-2065,2089,2851,-1948,0,0
-1122,2364,-1752,1709,2092,-763,0,0
-862,1318,-1242,1860,1301,-350,0,0
-833,336,-809,154,1621,188,0,0
-454,2442,-955,607,1895,238,0,0
179,3345,-841,1909,1817,18,0,0
654,2661,-552,1909,3529,-85,0,0
831,2859,-294,2055,6108,706,0,0
491,1981,198,3652,5792,662,0,0
30,-1174,1222,3076,4028,-490,0,0
-21,-3431,1991,2107,3559,-1174,0,0
377,-4299,2955,2747,4765,-673,0,0
1380,-2685,4149,3219,5215,-1064,0,0
2300,-244,5085,4559,4463,-1618,0,0
2355,1467,5677,5309,2854,-956,0,0
1618,1373,6181,4941,1252,-933,0,0
981,-568,6360,3363,45,-1203,0,0
656,-1070,6105,1944,-477,-1187,0,0
354,-1216,5375,2176,-1405,-865,0,0
195,-1141,4368,1455,-1354,-982,0,0
73,-92,3221,765,-1537,-1063,0,0
87,153,2167,1400,-1328,-1496,0,0
147,79,1247,1169,-1706,-682,0,0
136,-218,337,765,-1408,-1453,0,0
315,105,-468,926,-2519,-1520,0,0
270,469,-612,2562,-3616,-852,0,0
230,-114,-621,2298,-3904,-920,0,0
21,-192,-478,2150,-3582,-1208,0,0
-172,327,-341,2230,-3250,-1749,0,0
-188,61,-355,1823,-3244,-3560,0,0
-22,651,-441,2104,-3554,-1173,0,0
32,1207,-359,2763,-3851,-1111,0,0
-35,597,-202,2059,-3361,-1131,0,0
-69,793,-245,2142,-3179,-1168,0,0
-88,1020,-326,2785,-3075,-1123,0,0
-186,893,-327,2549,-2944,-814,0,0
-257,1007,-383,2446,-3037,-865,0,0
-236,1576,-474,3275,-3016,-1306,0,0
-38,994,-334,3190,-2675,-1169,0,0
130,678,-338,3259,-2868,-326,0,0
8,2,-223,3486,-3086,-273,0,0
-23,-257,-112,2643,-2936,-594,0,0
12,-7,-109,2965,-2899,-449,0,0
39,-99,-127,3035,-2831,-419,0,0
46,15,-126,3302,-2695,-652,0,0
141,-438,-83,3161,-2780,-884,0,0
300,-615,-45,3019,-2875,-480,0,0
360,-92,10,3215,-3216,-294,0,0
140,-394,127,3005,-3159,-134,0,0
-98,-2264,102,2350,-2833,-232,0,0
-233,173,-91,2754,-2546,-605,0,0
-117,429,-191,3674,-2798,-870,0,0
55,-310,-57,3066,-3006,-916,0,0
290,-164,71,2826,-2880,-642,0,0
223,-300,33,2862,-2906,-47,0,0
55,49,3,2773,-2912,-595,0,0
122,257,-64,2946,-2902,-420,0,0
101,520,-24,3212,-2478,56,0,0
-42,348,-31,2542,-2577,72,0,0
-99,691,-110,3386,-3052,-326,0,0
9,577,23,3360,-3474,-516,0,0
130,863,226,3359,-3301,-498,0,0
82,338,370,3342,-3285,-278,0,0
5,138,376,3033,-2922,328,0,0
-218,282,390,3097,-2594,616,0,0
-413,654,335,2610,-2401,1160,0,0
-755,2388,149,2499,-2634,2129,0,0
-1057,4742,9,2971,-2648,784,0,0
-905,3905,-25,3137,-3339,456,0,0
-540,3504,70,3040,-3395,222,0,0
-381,2335,241,3337,-3657,1002,0,0
-444,1270,213,2171,-3246,1688,0,0
-522,1338,31,2169,-2961,1366,0,0
-458,586,-93,2093,-3210,1388,0,0
-200,-217,-117,1854,-3325,1621,0,0
88,321,-122,887,-2811,1946,0,0
328,668,-577,1589,-1979,1438,0,0
870,-594,-1226,1349,-1574,1383,0,0
1517,-1174,-2106,92,-612,509,0,0
2848,-907,-3029,1050,58,116,0,0
3812,-2872,-4246,1290,961,133,0,0
3766,-4515,-5783,2144,2076,727,0,0
2598,-4397,-6886,2872,3430,1870,0,0
1392,-619,-6823,5732,5140,606,0,0
1165,240,-5839,7253,6120,-48,0,0
295,-1285,-4258,4679,4980,1147,0,0
-376,992,-3306,3452,5007,-364,0,0
-212,1971,-2412,3576,4284,355,0,0
-308,1525,-1099,2560,3705,361,0,0
-183,1922,-299,678,3974,-408,0,0
263,2132,-183,835,4273,-75,0,0
592,1846,-59,807,3925,501,0,0
483,950,126,616,3689,279,0,0
256,634,112,11,3891,375,0,0
251,1179,42,510,3714,186,0,0
264,563,16,655,3688,263,0,0
137,-339,-75,360,3680,163,0,0
49,-194,-85,691,3886,404,0,0
65,227,-16,761,3752,67,0,0
76,55,10,698,3652,188,0,0
-2,123,8,984,3547,94,0,0
-47,143,144,786,3738,-131,0,0
21,-177,219,403,3810,-125,0,0
36,-384,246,441,3741,-93,0,0
-5,-567,327,276,3939,-134,0,0
17,-820,321,222,3745,-27,0,0
28,-601,280,645,3628,88,0,0
-36,-741,332,558,3602,237,0,0
-70,-906,280,573,3605,-62,0,0
-54,-377,195,783,3657,-136,0,0
-15,-165,330,1139,3588,-376,0,0
123,-347,517,506,3972,-103,0,0
155,-250,469,207,4010,-65,0,0
42,-571,270,149,3749,-324,0,0
163,-372,77,335,3860,-675,0,0
254,90,-85,874,4191,-163,0,0
187,164,-25,839,4045,-293,0,0
142,171,-46,217,3909,-644,0,0
161,739,-286,844,3866,-446,0,0
231,728,-317,1003,3821,-201,0,0
188,914,-304,1138,3797,-22,0,0
118,706,-151,1252,3697,-245,0,0
129,45,-120,957,3682,-418,0,0
80,127,-218,1009,3592,-202,0,0
34,278,-169,1329,3701,-211,0,0
57,114,-126,832,3663,-446,0,0
6,193,-189,1043,3736,-269,0,0
-83,2,-150,1244,3844,-67,0,0
-140,-529,-123,510,3891,-259,0,0
-215,-499,-283,207,3490,-204,0,0
-399,-250,-346,921,3636,-98,0,0
-452,-614,-253,918,3803,-269,0,0
-413,-945,-140,515,3662,-88,0,0
-400,-772,-38,436,3761,62,0,0
-338,-287,43,558,3768,40,0,0
-278,-148,98,708,3749,234,0,0
-253,-364,92,705,3746,112,0,0
-206,-368,15,564,3860,53,0,0
-158,-249,-3,558,3872,33,0,0
-107,-147,-20,715,3917,16,0,0
-135,-99,-24,927,3851,204,0,0
-175,-172,62,1044,3907,20,0,0
-107,-455,113,896,3944,-195,0,0
-18,-823,114,823,3834,56,0,0
13,-1033,165,709,3940,150,0,0
79,-1215,167,430,3897,191,0,0
135,-985,125,366,4007,370,0,0
90,-681,104,412,3916,404,0,0
53,-323,88,522,4011,203,0,0
77,59,96,427,3809,85,0,0
75,378,49,415,3855,50,0,0
104,534,-60,503,3816,-173,0,0
108,537,-132,533,3658,-85,0,0
54,471,-103,552,3678,-26,0,0
59,531,-16,487,3576,-225,0,0
81,700,22,520,3672,-54,0,0
65,624,-1,575,3715,-103,0,0
76,504,-53,461,3838,-58,0,0
117,701,-89,432,3818,-215,0,0
208,688,-173,139,3602,-343,0,0
281,1331,-323,294,3885,-106,0,0
272,1494,-334,802,3753,69,0,0
204,893,-334,306,3857,187,0,0
193,674,-527,90,3946,248,0,0
300,445,-720,243,4013,233,0,0
272,437,-754,879,3790,282,0,0
-31,-126,-343,1297,3506,71,0,0
-236,-606,221,616,3815,-263,0,0
-234,-200,509,514,3857,-481,0,0
-115,-580,623,765,3945,-433,0,0
-16,-1399,701,327,3852,-172,0,0
26,-757,722,628,3613,47,0,0
19,-643,855,1416,3700,-148,0,0
48,-1536,898,765,3977,-77,0,0
66,-1252,748,250,3853,-123,0,0
52,-638,539,352,3785,-243,0,0
-49,-613,234,758,4040,-355,0,0
-134,-1045,100,526,3967,-639,0,0
-165,-731,6,791,4040,-612,0,0
-151,-604,-43,978,3840,-463,0,0
-43,-474,-49,880,3735,-377,0,0
48,-379,-17,617,3748,-198,0,0
-31,-310,-119,335,3734,-64,0,0
-149,-9,-202,683,3690,204,0,0
-180,-659,-47,1622,3858,-363,0,0
70,-1920,96,281,3980,-604,0,0
264,-78,51,618,3964,-1087,0,0
163,1869,125,361,3673,-379,0,0
-69,2893,-6,975,3533,-393,0,0
-74,1240,-275,1092,3497,-577,0,0
-1,-17,-469,961,3654,-580,0,0
65,332,-309,1271,3529,-188,0,0
-10,36,-5,1181,3390,-182,0,0
1,-500,71,659,3483,-419,0,0
104,-78,37,925,3432,-185,0,0
30,-51,105,919,3849,-9,0,0
-83,-262,201,394,3966,-74,0,0
-158,363,140,662,3894,-274,0,0
-103,521,96,1222,3778,-405,0,0
-67,-432,65,869,3619,-409,0,0
-9,-587,12,507,3745,-258,0,0
-2,-167,38,607,3638,-112,0,0
49,121,115,838,4035,-138,0,0
102,516,232,916,3941,-37,0,0
58,469,240,734,3633,-159,0,0
94,702,166,1013,3579,-269,0,0
155,949,133,1468,3579,-177,0,0
182,567,110,1335,3485,-124,0,0
197,640,71,1221,3540,-144,0,0
172,854,64,1438,3855,-225,0,0
151,481,44,1285,3889,-313,0,0
68,212,33,1128,3789,-315,0,0
-7,130,62,1120,3807,-437,0,0
4,51,20,1234,3761,-472,0,0
4,-85,-43,1330,3685,-353,0,0
46,-160,-42,1260,3571,-370,0,0
60,-84,4,1517,3642,-103,0,0
-34,-767,90,1402,3711,-187,0,0
-52,-931,61,823,3608,-357,0,0
-26,-181,-8,1264,3654,-354,0,0
-48,-506,10,1246,3627,-464,0,0
-41,-531,3,785,3699,-381,0,0
-84,77,-71,908,3649,-123,0,0
-197,311,-170,802,3767,-121,0,0
-273,555,-307,666,3677,-236,0,0
-173,742,-423,878,3795,-194,0,0
-90,511,-486,852,3682,-25,0,0
-164,253,-477,934,3815,122,0,0
-309,-323,-428,880,3780,-143,0,0
-264,-358,-345,360,3688,-526,0,0
-51,327,-339,678,3762,-409,0,0
2,118,-307,981,3937,8,0,0
-36,-259,-225,676,3870,-32,0,0
-50,-412,-248,344,3906,29,0,0
-92,-470,-332,589,3860,-15,0,0
-135,-531,-304,596,3694,-75,0,0
-112,-523,-203,742,3815,-236,0,0
-10,-713,-125,550,3825,-198,0,0
12,-677,-133,248,3880,11,0,0
-46,-498,-158,172,3978,81,0,0
-71,-402,-127,174,3887,22,0,0
-74,-141,-110,174,3906,10,0,0
-37,140,-72,193,3875,-3,0,0
21,245,-32,467,3841,-30,0,0
45,99,86,242,3718,2,0,0
-3,-2,100,-95,3762,-98,0,0
6,14,37,160,3823,13,0,0
-19,48,28,294,3869,-46,0,0
-25,190,85,226,3871,-57,0,0
-47,98,140,202,3775,-18,0,0
-60,-99,86,239,3847,-75,0,0
-15,-76,71,206,3892,-19,0,0
14,52,128,278,3702,43,0,0
-3,-59,164,207,3875,105,0,0
-14,132,102,28,3961,108,0,0
-39,306,0,342,3926,137,0,0
-50,92,-64,395,3960,63,0,0
-41,174,-47,490,3897,-72,0,0
-10,-71,42,433,3868,-156,0,0
19,-317,76,385,3941,-46,0,0
-10,-259,128,380,3920,51,0,0
-38,-111,192,544,3847,-6,0,0
-10,-397,308,499,3750,105,0,0
-21,-290,315,322,3626,101,0,0
-38,119,149,784,3589,61,0,0
-26,-24,35,1062,3543,-55,0,0
74,-32,49,1010,3665,-219,0,0
221,-102,184,940,3727,-160,0,0
300,-382,345,516,3678,57,0,0
263,-85,361,283,3884,92,0,0
176,296,268,644,3827,-9,0,0
98,356,178,1000,3689,-195,0,0
141,353,169,1039,3652,-501,0,0
267,220,229,1028,3678,-443,0,0
320,-85,270,807,3789,-268,0,0
263,-112,241,639,3894,-166,0,0
175,-43,159,830,3866,-50,0,0
108,150,84,1055,3809,-115,0,0
128,306,94,1256,3725,-257,0,0
150,36,133,1119,3775,-251,0,0
74,-100,65,1024,3811,-188,0,0
4,75,-19,1129,3694,-419,0,0
7,92,-55,1207,3551,-543,0,0
-14,-146,-63,1184,3685,-465,0,0
-36,-389,-79,1118,3825,-524,0,0
29,-562,-87,1049,3841,-474,0,0
121,-688,-36,842,3711,-486,0,0
189,-728,66,623,3692,-396,0,0
203,-635,129,315,3666,-399,0,0
199,-243,121,408,3555,-355,0,0
158,116,140,524,3632,-351,0,0
120,554,109,696,3722,-334,0,0
38,766,59,870,3771,-409,0,0
-27,930,-58,1102,3701,-557,0,0
0,1085,-128,1434,3603,-679,0,0
41,891,-68,1568,3518,-722,0,0
71,470,13,1476,3493,-775,0,0
71,147,31,1361,3566,-708,0,0
75,-183,32,1104,3592,-597,0,0
69,-251,51,957,3631,-450,0,0
15,-81,60,995,3719,-426,0,0
8,53,35,1167,3759,-509,0,0
51,85,62,1149,3671,-455,0,0
51,110,101,1074,3526,-499,0,0
24,195,105,1175,3557,-595,0,0
7,97,64,1259,3725,-553,0,0
-29,-31,5,1232,3737,-573,0,0
-46,-47,-34,1346,3636,-608,0,0
-18,-150,-15,1321,3575,-585,0,0
11,-312,0,1073,3667,-453,0,0
17,-180,-7,1078,3713,-314,0,0
12,33,-33,1097,3725,-376,0,0
-1,134,-83,1106,3652,-563,0,0
-23,118,-108,1304,3620,-643,0,0
-36,-99,-101,1335,3707,-623,0,0
-27,-284,-72,1214,3748,-541,0,0
-4,-393,-41,1019,3709,-455,0,0
25,-418,-36,885,3679,-409,0,0
38,-328,-26,757,3688,-441,0,0
23,-7,-33,827,3687,-471,0,0
-5,260,-43,1004,3665,-574,0,0
-13,291,-43,1104,3667,-724,0,0
-9,140,-25,1047,3693,-709,0,0
-53,-13,-54,1040,3682,-676,0,0
-110,-111,-121,1161,3588,-673,0,0
-156,-245,-143,1184,3539,-659,0,0
-168,-370,-121,1143,3624,-637,0,0
-142,-417,-87,1026,3673,-640,0,0
-105,-372,-54,935,3593,-602,0,0
-83,-345,0,820,3606,-544,0,0
-71,-448,-2,669,3712,-480,0,0
-58,-393,-13,632,3755,-470,0,0
-34,-143,23,597,3678,-486,0,0
-16,42,41,652,3729,-467,0,0
-23,102,23,759,3755,-511,0,0
-36,204,-4,817,3802,-573,0,0
-36,255,-49,949,3747,-612,0,0
-26,136,-66,1031,3702,-692,0,0
18,-29,-4,870,3771,-634,0,0
50,-142,26,584,3911,-547,0,0
45,-30,-22,490,3833,-442,0,0
-8,183,-114,652,3749,-481,0,0
-46,286,-202,931,3715,-615,0,0
-17,184,-190,1040,3686,-702,0,0
60,-69,-109,819,3587,-629,0,0
71,-140,-59,649,3782,-563,0,0
39,-154,-85,705,3874,-606,0,0
34,-222,-92,706,3788,-596,0,0
35,-298,-37,600,3724,-554,0,0
24,-262,-10,490,3660,-532,0,0
6,-174,-21,568,3685,-529,0,0
9,-161,-22,607,3764,-570,0,0
55,-136,-6,492,3690,-558,0,0
78,-38,27,338,3741,-542,0,0
82,134,1,371,3852,-576,0,0
110,234,-30,407,3802,-494,0,0
93,290,-37,319,3806,-493,0,0
46,464,-100,336,3672,-571,0,0
15,668,-190,530,3640,-545,0,0
16,757,-237,744,3771,-545,0,0
34,739,-195,749,3740,-590,0,0
2,695,-146,636,3803,-594,0,0
-93,744,-140,751,3859,-751,0,0
-135,763,-140,1119,3973,-820,0,0
-95,451,-56,1118,3653,-785,0,0
-54,49,-18,823,3655,-718,0,0
-47,-8,-56,823,3707,-541,0,0
-81,-12,-87,836,3705,-584,0,0
-99,-173,-94,859,3776,-577,0,0
-96,-414,-42,740,3672,-585,0,0
-72,-579,26,484,3738,-559,0,0
-65,-651,63,364,3800,-496,0,0
-81,-662,60,356,3903,-400,0,0
-122,-633,40,320,3784,-378,0,0
-122,-519,28,370,3707,-411,0,0
-128,-396,20,363,3717,-402,0,0
-142,-303,15,546,3947,-419,0,0
-64,-413,64,746,4107,-465,0,0
85,-627,174,507,3977,-450,0,0
170,-742,289,134,3861,-394,0,0
114,-606,259,-2,3809,-359,0,0
25,-323,153,186,3729,-335,0,0
-46,-200,82,360,3745,-397,0,0
-29,-8,68,461,3817,-496,0,0
44,228,87,402,3664,-485,0,0
55,434,90,473,3805,-463,0,0
73,569,95,600,3703,-568,0,0
95,587,118,599,3622,-573,0,0
113,622,147,576,3536,-659,0,0
154,584,144,630,3557,-685,0,0
185,416,104,666,3582,-595,0,0
212,478,87,837,3925,-406,0,0
215,631,97,914,3999,-221,0,0
141,621,133,814,3792,-308,0,0
118,774,92,802,3746,-545,0,0
135,999,-7,996,3639,-475,0,0
115,1098,3,1197,3601,-517,0,0
96,761,72,1205,3528,-580,0,0
71,479,47,1307,3735,-401,0,0
15,297,32,1367,3821,-331,0,0
0,178,58,1333,3853,-265,0,0
-43,136,88,1220,3604,-280,0,0
-93,48,119,1134,3578,-435,0,0
-103,-107,89,1027,3605,-287,0,0
-141,-123,79,1132,3592,-308,0,0
-145,-211,104,1136,3669,-187,0,0
-174,-229,112,1062,3598,-204,0,0
-197,-195,80,1037,3891,-167,0,0
-227,-70,12,975,3778,-310,0,0
-257,121,-66,1112,3808,-366,0,0
-322,-109,-181,1002,3789,-138,0,0
-433,-161,-291,1071,3736,-136,0,0
-407,-163,-329,1148,3803,-66,0,0
-376,-419,-297,1017,3664,81,0,0
-369,-317,-276,880,3675,120,0,0
-312,-56,-247,935,3627,80,0,0
-260,-163,-243,821,3742,-43,0,0
-201,-416,-231,725,3870,120,0,0
-233,-629,-234,568,3932,271,0,0
-277,-746,-317,353,3828,152,0,0
-253,-572,-402,316,3749,-38,0,0
-141,-386,-412,530,3932,-68,0,0
-70,-421,-359,575,3942,275,0,0
-122,-436,-255,466,3895,337,0,0
-157,-432,-174,373,3745,30,0,0
-133,-610,-182,148,3784,48,0,0
-127,-599,-216,158,3826,256,0,0
-129,-381,-214,407,3906,441,0,0
-84,-223,-205,409,3900,378,0,0
14,-149,-199,172,3767,263,0,0
67,-9,-227,136,3715,255,0,0
25,-11,-223,228,3823,242,0,0
-34,-116,-186,180,3889,151,0,0
-66,-143,-114,105,3845,171,0,0
-185,-225,-69,27,3797,163,0,0
-204,-100,-42,70,3850,105,0,0
-130,-40,-12,139,3949,195,0,0
-37,-87,50,207,3870,316,0,0
73,-114,101,18,3810,506,0,0
102,30,73,-189,3781,482,0,0
97,237,-50,-160,3869,381,0,0
79,349,-144,-11,3888,255,0,0
93,436,-118,99,3944,241,0,0
88,487,-47,138,3887,181,0,0
83,485,-10,192,3898,134,0,0
115,511,17,317,3816,101,0,0
171,411,74,357,3815,77,0,0
208,228,119,120,3883,59,0,0
227,278,140,7,3907,5,0,0
222,393,141,130,3877,38,0,0
206,411,141,171,3792,-46,0,0
191,438,143,238,3750,5,0,0
182,495,154,336,3836,-221,0,0
184,326,168,381,3952,-81,0,0
124,224,192,311,3922,-263,0,0
103,65,155,286,3868,-328,0,0
102,-81,94,308,3763,-256,0,0
78,-137,77,342,3802,-163,0,0
67,-140,76,245,3764,-216,0,0
48,-48,88,486,3723,-138,0,0
31,-126,132,483,3767,-307,0,0
91,-167,167,515,3855,-281,0,0
128,-190,175,481,3898,-180,0,0
109,-163,226,408,3751,-301,0,0
91,-166,242,372,3882,-227,0,0
34,-249,189,434,3828,-299,0,0
5,-261,154,536,3726,-199,0,0
-46,-226,179,457,3752,-77,0,0
-117,-126,129,451,3780,-239,0,0
-119,-36,-15,659,3794,-244,0,0
-105,-225,-110,802,3887,-299,0,0
-4,-480,-72,598,4020,-333,0,0
85,-445,70,414,3835,-216,0,0
88,-403,182,297,3870,-273,0,0
94,-477,178,278,4004,-486,0,0
188,-480,194,377,3845,-375,0,0
205,-291,391,45,3617,40,0,0
-8,196,434,-188,3859,40,0,0
-191,822,91,497,4236,-357,0,0
-107,759,-247,1546,3850,-792,0,0
163,-141,-132,1460,3373,-553,0,0
244,-413,334,677,3339,-472,0,0
241,16,629,158,3676,-424,0,0
169,220,495,8,3949,-48,0,0
-31,466,75,445,3694,-175,0,0
-50,848,-147,1355,3781,-507,0,0
92,581,-35,1450,3963,-489,0,0
166,290,162,804,3765,-596,0,0
200,421,197,551,3964,-537,0,0
158,530,7,724,3940,-438,0,0
81,494,-167,1011,3765,-457,0,0
97,363,-183,1109,3746,-334,0,0
132,345,-121,1122,3698,-327,0,0
157,433,-40,1115,3737,-358,0,0
150,378,-6,1061,3585,-414,0,0
105,219,-54,977,3613,-376,0,0
36,89,-95,1067,3582,-337,0,0
-5,-87,-99,1111,3616,-360,0,0
-13,-221,-128,922,3693,-150,0,0
-68,-197,-169,863,3686,-234,0,0
-88,-152,-221,827,3743,-270,0,0
-108,-84,-234,845,3683,-462,0,0
-111,-158,-195,980,3718,-384,0,0
-119,-437,-127,663,3628,-472,0,0
-57,-516,-134,416,3633,-523,0,0
-20,-460,-160,620,3813,-269,0,0
4,-441,-156,443,3875,-336,0,0
53,-82,-101,697,4074,-125,0,0
73,68,2,788,4089,-101,0,0
53,203,97,547,3854,-249,0,0
64,392,112,514,3730,-471,0,0
100,532,76,652,3665,-402,0,0
64,637,68,882,3701,-299,0,0
19,575,67,927,3814,-351,0,0
46,498,44,936,3682,-483,0,0
48,375,27,913,3578,-433,0,0
38,219,47,890,3750,-403,0,0
22,176,72,823,3720,-368,0,0
4,197,74,823,3698,-412,0,0
-13,177,60,970,3611,-400,0,0
-30,132,88,1042,3573,-437,0,0
-3,88,159,927,3361,-577,0,0
73,13,215,855,3534,-412,0,0
57,-49,213,1038,3767,-212,0,0
-6,-181,259,1110,3867,-330,0,0
-23,-358,228,874,3937,-443,0,0
-83,-321,124,1072,3708,-575,0,0
-69,-370,26,1177,3923,-299,0,0
-81,-571,-17,1094,3778,-190,0,0
-120,-686,-31,870,3831,-91,0,0
-169,-525,-49,609,3736,-314,0,0
-171,-276,-116,623,3752,-471,0,0
-163,-212,-164,865,3839,-329,0,0
-168,-251,-140,906,3758,-326,0,0
-140,-269,-121,801,3760,-266,0,0
-142,-289,-155,695,3764,-237,0,0
-170,-224,-193,739,3850,-307,0,0
-173,-141,-200,813,3775,-288,0,0
-187,-148,-135,833,3633,-306,0,0
-185,-177,-63,765,3636,-325,0,0
-170,-183,-48,736,3724,-299,0,0
-141,-162,-76,781,3860,-268,0,0
-128,-192,-79,775,3791,-246,0,0
-145,-288,-55,666,3796,-255,0,0
-147,-301,-40,695,3751,-308,0,0
-136,-343,-17,696,3710,-266,0,0
-133,-458,6,546,3775,-165,0,0
-130,-324,6,546,3876,-104,0,0
-112,-145,-9,648,3958,-130,0,0
-74,-129,-4,677,3874,-155,0,0
-52,-189,31,714,3787,-107,0,0
-10,-240,59,602,3865,-126,0,0
39,-194,40,583,3922,-89,0,0
57,-142,41,597,3731,-117,0,0
67,-149,85,409,3689,-155,0,0
51,-105,116,393,3829,-106,0,0
36,-25,90,370,3821,-248,0,0
69,131,56,383,3811,-300,0,0
66,225,90,548,3859,-243,0,0
68,120,85,406,3980,-378,0,0
95,198,30,620,4121,-280,0,0
113,109,24,450,3942,-296,0,0
128,87,3,306,3779,-185,0,0
123,248,29,362,3631,-68,0,0
85,352,42,269,3744,-225,0,0
102,495,-71,321,3819,-282,0,0
114,583,-215,531,3800,-154,0,0
77,632,-261,625,3602,-230,0,0
47,586,-244,785,3504,-408,0,0
74,307,-221,827,3501,-324,0,0
83,86,-155,601,3553,-302,0,0
110,111,-132,420,3884,-246,0,0
90,216,-116,566,3921,-227,0,0
74,226,-83,447,4012,-389,0,0
92,303,-51,568,4090,-328,0,0
50,367,34,881,4068,-127,0,0
10,291,139,653,3578,-336,0,0
30,292,167,680,3523,-441,0,0
57,183,117,793,3718,-279,0,0
33,83,100,827,3740,-314,0,0
34,72,139,879,3813,-396,0,0
27,-64,169,819,3727,-410,0,0
4,-235,179,743,3722,-337,0,0
-10,-245,198,758,3776,-271,0,0
-40,-283,194,777,3759,-366,0,0
-40,-353,164,755,3802,-278,0,0
-79,-409,131,736,3768,-245,0,0
-124,-479,72,709,3791,-327,0,0
-153,-541,29,819,3833,-267,0,0
-190,-666,26,708,3715,-388,0,0
-196,-634,13,692,3762,-345,0,0
-190,-595,4,779,3920,-308,0,0
-164,-611,-7,778,3973,-296,0,0
-150,-604,20,768,3804,-264,0,0
-133,-678,27,542,3709,-347,0,0
-78,-550,-14,624,3840,-314,0,0
-56,-371,10,785,3757,-314,0,0
-32,-330,71,690,3818,-301,0,0
-4,-238,82,593,3974,-409,0,0
27,-59,58,712,3856,-443,0,0
52,-72,86,668,3657,-390,0,0
63,-150,102,522,3633,-410,0,0
75,-52,75,551,3637,-289,0,0
64,27,61,598,3555,-302,0,0
70,150,69,625,3645,-297,0,0
72,296,97,651,3738,-222,0,0
47,490,89,673,3702,-300,0,0
38,742,72,956,3618,-534,0,0
107,698,86,1112,3658,-566,0,0
144,388,128,879,3712,-513,0,0
144,311,123,726,3805,-583,0,0
170,441,60,916,3785,-630,0,0
184,352,13,1147,3930,-493,0,0
177,254,39,1208,3852,-328,0,0
135,162,84,988,3679,-311,0,0
93,98,58,726,3573,-423,0,0
76,244,-4,888,3631,-471,0,0
86,334,-4,1088,3691,-481,0,0
88,322,41,1099,3730,-539,0,0
97,287,76,1130,3670,-524,0,0
82,153,71,1115,3675,-517,0,0
73,110,40,1102,3771,-555,0,0
64,152,39,1171,3692,-579,0,0
39,10,29,1083,3623,-626,0,0
35,-84,-7,987,3644,-612,0,0
16,-62,-20,1132,3593,-567,0,0
-2,-151,-2,1184,3675,-481,0,0
-12,-264,11,1136,3656,-507,0,0
-19,-327,3,1029,3706,-478,0,0
-40,-268,-6,985,3645,-523,0,0
-63,-135,-7,979,3672,-558,0,0
-87,-140,-33,965,3775,-614,0,0
-85,-170,-95,969,3732,-687,0,0
-75,-127,-110,1204,3742,-637,0,0
-73,-327,-75,1095,3762,-670,0,0
-35,-472,-55,822,3849,-696,0,0
4,-384,-71,767,3912,-686,0,0
30,-332,-66,734,3904,-663,0,0
56,-313,-15,638,3787,-658,0,0
79,-224,6,589,3711,-619,0,0
91,-115,-24,574,3712,-540,0,0
102,90,-63,707,3768,-520,0,0
109,335,-90,790,3695,-542,0,0
102,474,-84,800,3610,-537,0,0
105,598,-76,803,3700,-644,0,0
108,717,-95,862,3695,-685,0,0
87,687,-99,915,3615,-664,0,0
78,507,-71,958,3522,-681,0,0
71,313,-47,900,3518,-591,0,0
48,151,-40,824,3532,-498,0,0
16,50,-51,871,3551,-509,0,0
9,78,-28,754,3492,-507,0,0
7,231,9,761,3577,-512,0,0
-2,297,55,749,3592,-576,0,0
38,509,76,791,3622,-578,0,0
40,475,107,810,3628,-620,0,0
53,340,95,548,3359,-662,0,0
51,760,75,837,3834,-373,0,0
-14,956,20,1089,4077,-171,0,0
-92,919,-62,1270,3983,-121,0,0
-106,1019,-132,1412,3901,-261,0,0
-67,981,-167,1705,3603,-441,0,0
-44,390,-108,1626,3587,-392,0,0
-105,-211,-62,1242,3534,-435,0,0
-178,-427,-49,1105,3544,-354,0,0
-218,-510,-17,1119,3713,-203,0,0
-226,-740,23,870,3799,-144,0,0
-252,-739,46,694,3789,-54,0,0
-312,-532,6,769,3738,15,0,0
-351,-392,-54,1109,3786,-274,0,0
-360,-420,6,1249,3927,-124,0,0
-397,-628,147,1096,3811,-161,0,0
-306,-796,161,870,3655,-134,0,0
-266,-817,-8,572,3491,98,0,0
-301,-419,-224,659,3723,150,0,0
-266,6,-328,861,3758,169,0,0
-222,119,-329,967,3786,120,0,0
-158,-28,-238,820,3865,71,0,0
-131,-219,-121,568,3881,90,0,0
-123,-266,-108,410,4071,157,0,0
-175,-64,-177,570,3924,214,0,0
-323,197,-173,1070,3997,-85,0,0
-338,-43,148,1903,3936,-834,0,0
63,-877,780,2881,4300,-1124,0,0
507,-1568,1810,3198,4982,-447,0,0
787,-1081,2977,3982,5534,-1078,0,0
1261,-596,4112,4794,5173,-1240,0,0
1310,725,4942,5811,4121,-432,0,0
606,577,5776,6042,3361,303,0,0
-285,221,6174,4918,2221,727,0,0
-1185,-109,6120,3464,1127,826,0,0
-1910,317,5467,2557,-47,705,0,0
-2348,-5,4400,2718,-827,424,0,0
-2193,-655,3265,2534,-1201,73,0,0
-1952,-1176,2322,1892,-1231,576,0,0
-1763,-1286,1451,1812,-1194,-514,0,0
-1397,-456,746,1895,-1288,-1190,0,0
-1135,30,273,2645,-1524,-1272,0,0
-829,-826,151,2297,-1736,-2465,0,0
-312,-1013,-37,2489,-2268,-2651,0,0
28,-715,79,2885,-2882,-2168,0,0
165,-586,329,3149,-2938,-1809,0,0
236,-1081,741,2900,-2787,-1830,0,0
147,-1550,945,1980,-2619,-1746,0,0
-78,-1597,872,951,-2452,-1764,0,0
-180,-996,752,1254,-2645,-2435,0,0
-77,-772,789,1543,-2635,-2402,0,0
-22,-1047,828,906,-2560,-2253,0,0
-50,-1179,772,355,-2819,-2672,0,0
-2,-1280,572,-173,-2963,-2783,0,0
29,-748,266,-324,-3094,-2813,0,0
86,-899,44,498,-3266,-2766,0,0
108,-1118,-1,-219,-3109,-2564,0,0
-39,-460,12,61,-2925,-2710,0,0
-111,-340,53,199,-2830,-2974,0,0
-86,-275,45,-106,-2726,-3056,0,0
-58,-269,-13,-528,-2762,-2912,0,0
-106,-199,-175,-2488,-2612,-2974,0,0
-65,-671,-321,-662,-2122,-3145,0,0
51,-731,-542,-1150,-1828,-2643,0,0
-157,-598,-931,-1053,-1639,-2413,0,0
-321,-511,-1157,-735,-1071,-1965,0,0
-554,-932,-1240,-152,-405,-1392,0,0
-708,-1305,-1237,-802,35,-405,0,0
-945,174,-1478,-1336,25,-188,0,0
-766,3023,-2112,-856,480,190,0,0
-13,5285,-3419,-297,571,1397,0,0
939,6383,-5613,310,1954,2041,0,0
1561,8053,-7737,4147,4863,2937,0,0
3012,2950,-7604,19306,5310,1299,0,0
1315,-14374,-5339,12014,-770,2211,0,0
-5069,-18666,-2890,-12212,5631,-3200,0,0
-6044,6967,-3258,-1474,9777,-2938,0,0
-2623,15944,-3946,11383,6583,-4923,0,0
-1201,-2378,-2276,6034,2655,-3505,0,0
-1365,-11760,-259,-2691,3798,-2553,0,0
-329,2007,-410,-2870,3586,-1644,0,0
878,8247,-224,3968,3569,-1882,0,0
614,-443,355,1836,3879,-690,0,0
594,-1315,514,-21,3409,-801,0,0
309,1154,530,-184,3192,-539,0,0
-192,3694,262,796,3270,-887,0,0
-600,3549,-89,1160,3468,-1376,0,0
-556,1058,-381,1871,3380,-2077,0,0
-283,-1865,-495,1676,3226,-272,0,0
-600,-3541,-329,-1321,4025,-525,0,0
-896,450,-395,40,4021,-1273,0,0
-1022,617,-229,1418,3900,-1405,0,0
-594,-271,98,961,3997,-1004,0,0
-320,629,111,342,3711,-531,0,0
-275,2053,-182,267,3718,-358,0,0
-81,3018,-468,622,3735,-662,0,0
-13,2870,-540,819,3981,-462,0,0
-71,2065,-383,1171,4029,-560,0,0
-34,1070,-233,651,3840,-674,0,0
-81,640,-167,716,3614,-455,0,0
-58,444,20,622,3611,-430,0,0
22,428,16,526,3536,-472,0,0
97,-36,-51,516,3555,-303,0,0
188,-36,35,633,3631,-349,0,0
149,175,294,1112,3419,-356,0,0
42,-206,600,1450,3441,-597,0,0
108,-812,685,909,3956,-555,0,0
268,-1088,579,883,4018,-414,0,0
249,-1234,459,678,4069,-356,0,0
238,-424,391,755,3649,-516,0,0
143,-194,420,898,3169,-495,0,0
111,-419,356,792,3374,-543,0,0
173,-198,206,816,3667,-457,0,0
80,309,-29,1120,3902,-100,0,0
-75,901,-182,1613,4019,-259,0,0
-118,696,-134,1755,3850,-456,0,0
-143,-37,29,1528,3481,-766,0,0
-146,-453,74,1075,3353,-998,0,0
-119,-399,17,1082,3470,-766,0,0
-97,-579,16,1333,3572,-467,0,0
-102,-890,-27,1251,3746,-368,0,0
-83,-887,-63,1175,3634,-425,0,0
-175,-628,-92,1015,3735,-393,0,0
-307,-294,-139,1036,3800,-511,0,0
-361,-131,-137,1083,3715,-598,0,0
-327,-166,-120,1061,3796,-594,0,0
-269,-306,-85,965,3587,-562,0,0
-289,-343,-36,931,3579,-523,0,0
-292,-405,10,961,3723,-531,0,0
-249,-435,41,617,3904,-344,0,0
-263,74,29,571,3941,-180,0,0
-306,350,7,302,3746,-281,0,0
-292,668,-115,673,3762,-345,0,0
-231,353,-170,737,3815,-141,0,0
-96,318,-169,862,3953,-22,0,0
-23,201,-77,893,3981,-117,0,0
-29,-148,-38,583,3808,-269,0,0
73,-123,-42,598,3877,-448,0,0
135,-63,27,761,3906,-257,0,0
130,-448,131,956,4094,-292,0,0
94,-757,323,674,3881,-232,0,0
37,-321,359,897,3636,-240,0,0
102,-307,384,1014,3577,-308,0,0
112,-522,269,717,3459,-171,0,0
67,-332,20,865,3556,-7,0,0
5,150,-116,1195,3521,-241,0,0
31,72,-155,1222,3668,-579,0,0
130,-228,-55,1066,3564,-646,0,0
142,-64,68,1009,3615,-622,0,0
140,-68,89,1158,3602,-656,0,0
67,-217,-5,1107,3542,-529,0,0
48,80,-11,1224,3553,-605,0,0
110,124,79,1129,3552,-610,0,0
101,288,39,973,3598,-2600,0,0
129,614,74,1182,3421,-575,0,0
165,232,189,1117,3576,-421,0,0
119,-297,200,877,3755,-442,0,0
104,-61,175,1114,3713,-564,0,0
154,296,221,1351,3820,-464,0,0
174,114,273,1172,3661,-392,0,0
98,-58,229,1078,3434,-463,0,0
56,10,239,1202,3281,-456,0,0
-11,-154,242,1092,3421,-358,0,0
-43,-73,134,891,3501,-626,0,0
-4,323,38,1131,3720,-788,0,0
-8,216,16,1459,3969,-773,0,0
-81,-93,26,1527,3746,-801,0,0
-121,-231,19,1357,3667,-759,0,0
-86,-298,3,1352,3604,-659,0,0
-58,-384,-34,1224,3529,-651,0,0
-32,-342,-95,979,3395,-541,0,0
-73,-170,-144,1111,3505,-449,0,0
-115,-137,-203,1123,3620,-548,0,0
-108,137,-251,1086,3644,-559,0,0
-93,473,-270,1258,3755,-617,0,0
-80,398,-241,1373,3702,-706,0,0
-44,19,-155,1073,3692,-713,0,0
-24,-167,-109,839,3603,-716,0,0
-17,-13,-84,997,3746,-507,0,0
-70,-39,-26,1067,3844,-362,0,0
-113,-270,66,960,3828,-443,0,0
-86,-162,77,893,3850,-399,0,0
-87,152,54,1054,3658,-441,0,0
-96,235,11,1163,3630,-458,0,0
-112,179,-9,1185,3587,-559,0,0
-73,201,1,1284,3624,-466,0,0
-29,15,31,1235,3613,-372,0,0
-81,-135,6,1011,3598,-314,0,0
-87,27,-30,1044,3703,-339,0,0
-36,188,-46,1038,3672,-382,0,0
-35,356,-39,1071,3767,-385,0,0
-21,261,17,1039,3792,-365,0,0
-37,265,22,932,3656,-317,0,0
-54,372,-40,1063,3582,-372,0,0
-10,344,-71,1335,3475,-343,0,0
20,231,6,1368,3451,-250,0,0
17,131,106,1225,3524,-369,0,0
38,-142,93,1096,3703,-297,0,0
-11,-391,30,1104,3772,-269,0,0
-30,-192,46,1147,3778,-330,0,0
10,-98,83,1061,3601,-318,0,0
23,-155,64,1048,3635,-312,0,0
53,-45,50,1024,3637,-316,0,0
95,49,53,1028,3728,-281,0,0
99,121,51,1112,3633,-322,0,0
66,159,93,1281,3679,-441,0,0
70,-35,65,1127,3802,-408,0,0
58,-119,14,1153,3655,-497,0,0
61,-114,18,1144,3813,-359,0,0
31,-146,14,1051,3579,-357,0,0
18,-142,-19,986,3674,-389,0,0
42,-67,-65,1080,3707,-449,0,0
54,-56,-63,1086,3699,-423,0,0
68,5,-39,1006,3691,-420,0,0
49,39,-55,937,3687,-417,0,0
17,25,-108,957,3769,-379,0,0
-43,-67,-142,950,3715,-415,0,0
-95,-63,-190,908,3818,-429,0,0
-122,-89,-219,971,3732,-487,0,0
-117,-231,-220,843,3734,-485,0,0
-103,-100,-223,803,3715,-440,0,0
-103,150,-205,846,3743,-433,0,0
-89,184,-221,871,3826,-414,0,0
-71,124,-220,805,3870,-387,0,0
-91,87,-222,734,3795,-339,0,0
-130,122,-284,669,3816,-404,0,0
-139,285,-325,719,3818,-388,0,0
-149,320,-334,806,3832,-357,0,0
-161,213,-352,739,3814,-402,0,0
-137,165,-333,680,3742,-258,0,0
-108,152,-294,632,3736,-194,0,0
-83,126,-296,457,3729,-222,0,0
-87,106,-335,436,3773,-89,0,0
-142,27,-344,416,3828,-101,0,0
-174,-55,-296,319,3769,-174,0,0
-177,-145,-272,183,3723,-80,0,0
-235,-203,-294,372,3693,39,0,0
-288,-321,-280,266,3642,1,0,0
-235,-344,-292,143,3699,43,0,0
-215,-298,-260,385,3734,239,0,0
-241,-400,-185,132,3751,158,0,0
-203,-425,-158,-255,3832,1,0,0
-150,-223,-136,-83,3865,100,0,0
-109,-56,29,194,3885,242,0,0
-35,-18,246,93,4035,257,0,0
48,10,293,3,4108,292,0,0
86,86,255,24,3863,336,0,0
72,187,231,68,3902,204,0,0
67,332,226,243,3898,94,0,0
89,390,265,436,3863,95,0,0
125,267,317,463,3879,61,0,0
178,136,367,414,3838,-23,0,0
240,49,369,325,3850,49,0,0
234,94,362,382,3800,60,0,0
222,128,352,483,3870,28,0,0
209,21,291,458,3728,-29,0,0
195,-67,253,536,3784,-119,0,0
206,-140,214,565,3817,-149,0,0
205,-289,162,591,3764,-124,0,0
225,-405,135,527,3813,-138,0,0
238,-426,163,527,3842,-218,0,0
250,-348,254,532,3834,-222,0,0
229,-251,306,548,3757,-347,0,0
226,-121,279,803,3752,-368,0,0
283,-159,235,902,3802,-218,0,0
293,-224,215,785,3786,-356,0,0
265,-181,165,638,3742,-609,0,0
262,-100,97,783,3760,-648,0,0
199,-121,51,862,3901,-614,0,0
135,-225,56,831,3888,-622,0,0
105,-270,66,721,3659,-733,0,0
98,-246,42,701,3608,-707,0,0
54,-191,2,855,3704,-674,0,0
-8,-122,-14,870,3695,-723,0,0
-17,1,2,904,3637,-745,0,0
-39,-70,32,867,3588,-747,0,0
-61,-74,48,837,3687,-772,0,0
-38,62,53,762,3646,-776,0,0
-23,180,76,734,3499,-815,0,0
-18,248,91,787,3522,-848,0,0
-20,246,88,918,3636,-803,0,0
-14,194,83,1014,3763,-765,0,0
-3,138,91,1053,3725,-663,0,0
-12,11,90,771,3600,-629,0,0
-49,36,58,877,3540,-606,0,0
-89,130,55,1173,3814,-464,0,0
-105,61,45,1111,3875,-432,0,0
-115,15,4,1095,3796,-405,0,0
-148,-7,-27,1088,3595,-454,0,0
-170,8,-22,1070,3503,-541,0,0
-157,14,37,1119,3550,-492,0,0
-145,-24,109,1027,3549,-451,0,0
-141,29,148,1039,3605,-413,0,0
-151,-22,153,1176,3611,-327,0,0
-129,-55,166,1213,3599,-304,0,0
-58,117,137,1129,3706,-362,0,0
-13,315,28,1081,3773,-300,0,0
-30,575,-28,1372,3815,-327,0,0
-13,633,25,1601,3550,-481,0,0
49,365,121,1443,3560,-483,0,0
66,139,99,1162,3428,-268,0,0
5,379,50,1419,3377,-323,0,0
59,672,121,1608,3839,-678,0,0
65,161,109,1551,3622,-429,0,0
-19,-113,122,1563,3735,-457,0,0
-30,-379,36,1075,3677,-408,0,0
-82,-284,-68,1393,3541,-148,0,0
-111,-315,-45,1343,3537,-224,0,0
-41,-288,-9,1118,3570,-303,0,0
15,-193,-25,1065,3751,-158,0,0
12,-28,-34,1131,3664,-222,0,0
44,76,-32,1187,3651,-323,0,0
88,67,-58,1223,3675,-262,0,0
97,107,-72,1267,3727,-195,0,0
65,109,-113,1280,4239,-40,0,0
-7,47,-278,846,3843,-483,0,0
-68,16,-362,605,2818,-900,0,0
-164,-227,-254,926,3206,-600,0,0
-282,-585,-83,1212,4040,-219,0,0
-262,-772,-38,1033,4148,-59,0,0
-136,-414,-79,718,3613,-172,0,0
-55,69,-95,864,3531,-261,0,0
-56,208,-68,1239,3622,-384,0,0
-1,145,82,1301,3717,-443,0,0
67,60,214,1066,3791,-423,0,0
72,37,178,988,3707,-365,0,0
47,29,84,1048,3598,-345,0,0
18,-43,23,1040,3642,-404,0,0
-9,-81,-24,1148,3692,-424,0,0
-11,-167,-1,1236,3702,-365,0,0
11,-288,60,1048,3732,-309,0,0
21,-236,56,909,3795,-249,0,0
3,-71,2,980,3752,-333,0,0
16,31,-19,1155,3679,-432,0,0
56,0,39,1091,3518,-427,0,0
56,8,103,972,3558,-424,0,0
41,32,102,1035,3574,-435,0,0
29,20,91,1099,3560,-464,0,0
19,-13,91,1136,3660,-433,0,0
5,-30,88,1196,3605,-394,0,0
7,-10,112,1214,3616,-397,0,0
24,-19,113,1109,3596,-434,0,0
42,20,94,1154,3565,-381,0,0
54,40,74,1185,3746,-340,0,0
67,79,45,1133,3677,-429,0,0
82,130,34,1163,3660,-428,0,0
82,107,28,1192,3626,-405,0,0
77,125,32,1179,3671,-407,0,0
86,209,13,1222,3661,-415,0,0
84,232,11,1344,3584,-418,0,0
87,188,38,1365,3635,-376,0,0
95,120,39,1203,3541,-444,0,0
108,217,27,1208,3645,-428,0,0
87,270,6,1320,3583,-434,0,0
47,242,15,1437,3521,-524,0,0
40,119,19,1406,3622,-467,0,0
1,-17,-2,1369,3551,-591,0,0
-10,-127,-52,1308,3618,-450,0,0
-46,-217,-132,1320,3654,-364,0,0
-64,-240,-183,1278,3736,-356,0,0
-54,-229,-182,1152,3644,-323,0,0
-74,-147,-146,1027,3678,-427,0,0
-75,13,-115,1138,3695,-482,0,0
-74,14,-60,1180,3634,-503,0,0
-84,-39,-57,1154,3626,-536,0,0
-97,-78,-92,1237,3595,-520,0,0
-97,-120,-98,1285,3637,-452,0,0
-93,-214,-87,1193,3641,-421,0,0
-84,-294,-97,1048,3759,-386,0,0
-92,-286,-123,1036,3758,-386,0,0
-102,-259,-102,1061,3703,-404,0,0
-91,-347,-46,955,3713,-378,0,0
-95,-418,-43,864,3733,-364,0,0
-99,-378,-69,859,3775,-360,0,0
-89,-287,-67,905,3809,-352,0,0
-84,-249,-58,911,3837,-315,0,0
-78,-157,-13,881,3776,-350,0,0
-49,-42,24,844,3731,-411,0,0
-18,-29,32,852,3564,-432,0,0
-5,-84,46,838,3623,-448,0,0
45,-77,45,731,3788,-377,0,0
62,149,-15,692,3723,-416,0,0
31,167,-45,776,3760,-431,0,0
20,53,-65,867,3708,-516,0,0
26,-2,-47,921,3685,-513,0,0
34,75,-20,1019,3722,-546,0,0
58,-29,19,1048,3622,-511,0,0
54,-224,53,811,3624,-465,0,0
6,-131,30,673,3695,-447,0,0
-13,67,-20,778,3801,-492,0,0
18,66,-10,884,3743,-540,0,0
33,-3,3,807,3704,-544,0,0
65,135,34,970,3656,-562,0,0
60,-120,66,926,3666,-468,0,0
36,-157,22,802,3769,-457,0,0
49,64,-13,1016,3612,-540,0,0
51,8,4,883,3563,-506,0,0
39,16,3,816,3584,-586,0,0
45,63,-7,889,3614,-579,0,0
64,45,10,954,3658,-570,0,0
93,120,39,926,3769,-544,0,0
115,132,63,986,3538,-697,0,0
127,-127,86,1122,3503,-666,0,0
108,-402,75,1096,3836,-605,0,0
146,-476,99,1089,3802,-615,0,0
205,-360,176,877,3967,-343,0,0
150,-209,188,647,3750,-483,0,0
82,94,102,572,3607,-659,0,0
66,313,20,881,3642,-625,0,0
20,211,6,1028,3632,-657,0,0
5,246,-7,1013,3679,-615,0,0
15,370,-9,1115,3585,-678,0,0
24,393,-9,1086,3652,-793,0,0
56,436,-12,1162,3591,-812,0,0
65,355,29,1162,3542,-802,0,0
73,221,61,1171,3542,-699,0,0
37,-72,68,1114,3489,-617,0,0
-7,-200,7,761,3583,-702,0,0
-12,20,-61,858,3768,-726,0,0
-32,68,-89,1000,3830,-778,0,0
-50,43,-100,941,3954,-798,0,0
-83,134,-108,1153,3813,-784,0,0
-110,-46,-70,1203,3484,-822,0,0
-78,-230,-47,935,3508,-875,0,0
-42,-233,-80,906,3654,-795,0,0
-50,-327,-115,911,3686,-699,0,0
-58,-350,-124,860,3823,-652,0,0
-74,-221,-94,985,3769,-611,0,0
-74,-203,-24,943,3787,-686,0,0
-47,-148,13,872,3752,-703,0,0
-28,-54,28,853,3621,-710,0,0
-10,-41,34,836,3619,-732,0,0
-15,-72,31,846,3574,-730,0,0
-21,-146,18,882,3687,-678,0,0
-18,-196,15,936,3794,-633,0,0
-22,-180,50,939,3752,-635,0,0
-18,-199,86,795,3703,-623,0,0
-18,-256,62,700,3725,-635,0,0
-32,-259,-8,707,3713,-678,0,0
-41,-306,-36,756,3681,-662,0,0
-52,-215,-45,794,3682,-646,0,0
-74,-64,-45,845,3677,-684,0,0
-71,12,-61,925,3663,-734,0,0
-54,40,-65,916,3635,-727,0,0
-39,-10,-39,908,3680,-723,0,0
-22,-9,4,907,3664,-670,0,0
-28,-8,35,777,3700,-657,0,0
-13,5,18,644,3671,-739,0,0
32,89,16,771,3652,-708,0,0
50,59,54,820,3690,-619,0,0
8,-57,83,708,3681,-547,0,0
32,32,61,777,3654,-692,0,0
28,95,41,761,3651,-625,0,0
34,163,49,816,3567,-702,0,0
66,190,79,838,3521,-754,0,0
85,241,78,888,3757,-721,0,0
108,376,75,969,3802,-745,0,0
150,449,84,909,3814,-706,0,0
136,308,79,939,3671,-734,0,0
87,141,59,946,3602,-772,0,0
74,155,-8,1027,3606,-731,0,0
61,89,-50,1125,3641,-720,0,0
56,84,-38,1065,3660,-693,0,0
41,100,-22,977,3606,-718,0,0
27,13,-38,974,3669,-762,0,0
38,-22,-52,1060,3619,-780,0,0
43,-56,8,1067,3492,-835,0,0
53,-181,71,1057,3511,-865,0,0
60,-359,61,1025,3630,-811,0,0
69,-359,23,942,3823,-636,0,0
56,-154,38,919,3712,-621,0,0
-2,-24,54,826,3663,-726,0,0
-47,117,9,898,3731,-853,0,0
-48,65,-13,1025,3696,-847,0,0
-36,4,-1,995,3559,-833,0,0
-14,86,27,1010,3604,-834,0,0
14,58,38,1029,3622,-805,0,0
2,-23,29,944,3596,-770,0,0
-16,11,27,956,3660,-798,0,0
-11,-5,24,955,3657,-803,0,0
-24,-1,9,925,3646,-767,0,0
-35,57,3,967,3630,-783,0,0
-43,54,-14,1024,3699,-790,0,0
-46,-14,-30,1067,3680,-825,0,0
-30,-55,3,1009,3625,-816,0,0
-9,-34,31,989,3661,-785,0,0
-2,-67,12,951,3658,-744,0,0
-30,-51,-13,1018,3715,-758,0,0
-51,-33,-4,1019,3684,-778,0,0
-43,-35,18,954,3576,-839,0,0
-45,-117,-9,893,3601,-820,0,0
-49,-125,-54,921,3782,-764,0,0
-21,-66,-79,987,3775,-817,0,0
-23,-2,-55,970,3752,-769,0,0
-32,32,5,1011,3745,-811,0,0
-18,-43,30,905,3674,-865,0,0
-10,-72,-4,808,3573,-829,0,0
-1,-76,-46,886,3633,-820,0,0
-2,-101,-49,951,3731,-745,0,0
-15,-215,0,923,3758,-728,0,0
-12,-202,24,822,3706,-760,0,0
-7,-9,28,832,3596,-767,0,0
4,82,25,919,3589,-793,0,0
14,58,16,930,3506,-782,0,0
3,60,-15,954,3546,-797,0,0
18,69,-27,971,3589,-832,0,0
30,-7,-4,869,3577,-842,0,0
35,-24,15,745,3606,-798,0,0
27,-17,18,789,3713,-828,0,0
35,-24,-1,862,3693,-793,0,0
32,24,12,904,3563,-776,0,0
25,68,41,897,3602,-769,0,0
24,113,37,905,3601,-790,0,0
27,121,12,891,3671,-814,0,0
33,128,-11,854,3649,-847,0,0
44,185,12,818,3598,-834,0,0
45,254,19,864,3668,-814,0,0
41,221,8,906,3574,-791,0,0
45,217,-2,919,3562,-730,0,0
39,278,-2,944,3653,-704,0,0
42,374,-5,966,3652,-742,0,0
43,459,5,991,3700,-731,0,0
18,468,7,985,3744,-803,0,0
2,421,-26,974,3673,-848,0,0
11,396,-34,993,3677,-817,0,0
4,348,-34,1033,3620,-816,0,0
11,250,-61,1001,3638,-772,0,0
25,236,-79,1052,3627,-733,0,0
15,198,-71,1061,3691,-732,0,0
14,170,-64,1044,3703,-781,0,0
13,151,-67,1009,3736,-753,0,0
0,123,-77,1038,3825,-762,0,0
-24,27,-96,977,3780,-783,0,0
-19,60,-105,909,3872,-660,0,0
-54,74,-117,828,3741,-714,0,0
-79,27,-167,854,3617,-792,0,0
-55,-57,-208,1006,3577,-663,0,0
-45,-128,-184,1013,3648,-634,0,0
-32,-102,-156,967,3689,-617,0,0
-35,-62,-142,970,3682,-550,0,0
-59,-109,-97,971,3638,-649,0,0
-68,-195,-45,875,3677,-693,0,0
-86,-307,-30,806,3632,-655,0,0
-115,-432,-35,828,3741,-614,0,0
-127,-506,-31,882,3773,-611,0,0
-117,-625,47,885,3612,-599,0,0
-107,-754,140,809,3648,-528,0,0
-97,-846,191,671,3682,-476,0,0
-113,-802,164,596,3706,-415,0,0
-118,-610,101,472,3692,-509,0,0
-113,-451,21,619,3838,-454,0,0
-155,-437,5,572,3822,-494,0,0
-153,-231,-27,384,3818,-628,0,0
-111,2,-61,687,3895,-626,0,0
-56,22,-14,809,3789,-624,0,0
12,94,74,665,3708,-574,0,0
49,211,93,618,3784,-558,0,0
53,296,43,624,3866,-543,0,0
11,342,-4,630,3745,-553,0,0
-39,406,-36,768,3685,-613,0,0
-21,291,-15,754,3745,-583,0,0
-7,254,10,760,3711,-579,0,0
-26,195,0,900,3686,-625,0,0
4,-36,32,833,3643,-542,0,0
1,-68,62,795,3669,-532,0,0
-8,-9,38,846,3776,-517,0,0
28,-50,17,807,3749,-478,0,0
46,-151,9,723,3646,-541,0,0
41,-149,3,681,3551,-534,0,0
41,1,45,900,3631,-591,0,0
42,-83,92,733,3688,-612,0,0
53,37,66,694,3594,-580,0,0
78,209,89,955,3661,-580,0,0
102,158,155,786,3676,-581,0,0
115,229,163,635,3682,-601,0,0
97,341,94,737,3831,-593,0,0
47,356,8,882,3701,-614,0,0
25,420,-16,1002,3681,-547,0,0
7,248,22,1013,3669,-560,0,0
-29,-49,-1,852,3758,-557,0,0
-30,8,-59,873,3722,-570,0,0
-27,98,-48,963,3543,-648,0,0
-5,55,-9,917,3786,-547,0,0
-11,0,-14,869,3735,-604,0,0
-4,44,-11,925,3755,-583,0,0
12,30,-5,877,3853,-529,0,0
-14,44,-10,889,3753,-662,0,0
4,34,-9,929,3623,-635,0,0
1,-75,-1,968,3718,-592,0,0
18,-167,-31,871,3806,-586,0,0
56,-62,-37,853,3625,-572,0,0
72,-1,21,820,3601,-659,0,0
70,-33,22,787,3718,-609,0,0
30,-49,-41,838,3870,-567,0,0
9,-16,-80,895,3854,-574,0,0
-11,-26,-55,795,3821,-578,0,0
-33,-36,-31,682,3700,-627,0,0
-47,1,-52,685,3676,-609,0,0
-48,58,-74,806,3664,-591,0,0
-54,85,-60,864,3672,-618,0,0
-50,48,-37,866,3760,-656,0,0
-35,-30,-28,864,3792,-635,0,0
-35,-93,-14,765,3827,-611,0,0
-37,-130,-13,753,3813,-593,0,0
-41,-148,-14,727,3765,-604,0,0
-34,-180,-13,693,3691,-634,0,0
-28,-192,-17,724,3740,-592,0,0
-16,-180,-24,789,3780,-577,0,0
0,-143,11,752,3732,-590,0,0
21,-142,53,638,3775,-604,0,0
19,-151,40,604,3785,-622,0,0
10,-110,13,628,3810,-605,0,0
29,-77,10,640,3801,-595,0,0
26,-50,-2,613,3842,-548,0,0
28,-11,-13,601,3719,-632,0,0
52,51,-31,616,3710,-620,0,0
58,63,-57,658,3671,-610,0,0
44,91,-69,663,3769,-598,0,0
32,143,-74,660,3758,-631,0,0
16,202,-76,705,3771,-674,0,0
9,220,-64,682,3740,-688,0,0
11,245,-44,584,3672,-688,0,0
27,319,-24,641,3720,-623,0,0
1,259,-28,654,3709,-651,0,0
12,225,-60,705,3657,-682,0,0
22,170,-44,699,3515,-667,0,0
13,113,-39,690,3526,-717,0,0
18,61,-44,737,3724,-721,0,0
29,-27,-57,707,3793,-641,0,0
11,17,-36,678,3804,-702,0,0
4,45,2,655,3642,-804,0,0
20,-47,21,693,3660,-710,0,0
22,-161,16,649,3729,-658,0,0
39,-98,-5,612,3722,-596,0,0
42,96,-14,624,3889,-541,0,0
-25,143,-19,495,3790,-782,0,0
-32,187,-29,603,3716,-903,0,0
-11,100,40,763,3740,-782,0,0
-17,-77,116,583,3668,-640,0,0
-27,-1,114,521,3687,-576,0,0
-42,108,61,665,3744,-632,0,0
-37,80,35,727,3731,-662,0,0
-31,94,59,701,3755,-698,0,0
-32,163,77,700,3769,-723,0,0
-36,153,88,824,3736,-720,0,0
-35,45,113,858,3685,-630,0,0
-39,2,142,778,3691,-608,0,0
-42,39,137,731,3537,-696,0,0
-19,125,163,717,3320,-799,0,0
34,102,225,636,3299,-774,0,0
82,-10,208,592,3505,-482,0,0
85,94,122,830,3890,-132,0,0
82,300,31,1020,4246,-119,0,0
106,545,-19,940,4099,-271,0,0
61,883,16,1239,3904,-385,0,0
-25,649,54,1178,3713,-634,0,0
-95,267,-4,1092,3573,-580,0,0
-166,60,-17,1253,3661,-549,0,0
-171,-222,4,1033,3628,-523,0,0
-160,-268,10,1041,3617,-304,0,0
-157,-197,44,1104,3678,-236,0,0
-114,-60,65,1015,3745,-292,0,0
-71,121,46,962,3729,-384,0,0
-69,219,15,1047,3715,-465,0,0
-74,162,14,1181,3724,-521,0,0
-84,-98,36,1095,3684,-496,0,0
-107,-277,33,1025,3666,-377,0,0
-118,-327,28,1050,3632,-271,0,0
-111,-331,9,1075,3709,-210,0,0
-86,-245,3,1130,3744,-200,0,0
-78,-142,48,1083,3645,-234,0,0
-81,-112,75,937,3735,-298,0,0
-80,-75,25,987,3757,-376,0,0
-77,-42,30,1145,3696,-309,0,0
-71,-79,68,1084,3746,-306,0,0
-55,-50,48,975,3727,-292,0,0
-61,-51,-16,1035,3732,-303,0,0
-65,-117,-55,1097,3710,-332,0,0
-65,-218,-46,1131,3642,-288,0,0
-56,-284,-14,1042,3659,-248,0,0
-48,-201,4,985,3646,-233,0,0
-48,-170,-1,1008,3634,-261,0,0
-32,-58,2,1033,3636,-274,0,0
-10,127,49,1113,3582,-283,0,0
14,166,103,1099,3598,-234,0,0
20,193,96,1114,3753,-219,0,0
34,219,61,1135,3733,-321,0,0
64,117,50,1067,3658,-305,0,0
68,69,57,1066,3684,-228,0,0
45,55,35,1034,3879,-113,0,0
19,99,-46,875,3698,-261,0,0
-22,208,-89,895,3359,-511,0,0
-64,115,-82,1083,3455,-476,0,0
-66,-79,-60,1206,3621,-310,0,0
-15,-172,-84,1227,4016,-9,0,0
36,-28,-142,1079,4015,-3,0,0
64,247,-109,912,3582,-290,0,0
49,255,-72,756,3518,-533,0,0
-22,29,-74,818,3606,-477,0,0
-58,-148,-53,940,3752,-236,0,0
-32,-58,-44,947,3829,-56,0,0
-12,56,-64,1003,3874,27,0,0
-18,124,-121,963,3818,-139,0,0
-7,236,-130,925,3841,-239,0,0
12,42,-79,917,3804,-164,0,0
0,-41,-18,808,3701,-229,0,0
24,96,69,797,3746,-194,0,0
21,79,118,833,3826,-38,0,0
-5,150,128,882,3821,-130,0,0
37,311,157,961,3791,-225,0,0
62,215,131,878,3776,-149,0,0
25,212,44,909,3754,-199,0,0
19,206,-11,1071,3713,-175,0,0
-9,-9,-36,1052,3652,-265,0,0
-9,-116,-15,1118,3655,-387,0,0
-6,-300,-20,1128,3694,-398,0,0
14,-160,-73,948,3894,-280,0,0
17,82,-76,976,3812,-313,0,0
2,-39,-97,953,3772,-340,0,0
25,-119,-148,884,3749,-343,0,0
38,-151,-155,997,3667,-341,0,0
60,-371,-179,914,3772,-429,0,0
93,-189,-190,823,3785,-268,0,0
53,-41,-150,953,3669,-278,0,0
31,-199,-47,854,3661,-232,0,0
20,-308,-54,772,3731,-243,0,0
20,-291,-70,748,3760,-121,0,0
-21,-206,-37,744,3618,-156,0,0
-90,-107,-37,863,3535,-184,0,0
-113,-147,-71,871,3657,-238,0,0
-56,-276,-51,955,3793,-297,0,0
-6,-306,46,518,3726,-254,0,0
-35,-16,53,527,3733,-278,0,0
-76,-200,45,635,3859,-324,0,0
-45,-435,-16,189,3873,-266,0,0
-29,71,-57,634,3837,-284,0,0
2,-112,37,671,3849,-270,0,0
0,-221,3,330,3798,-241,0,0
-16,163,-82,658,3831,-290,0,0
15,49,-65,657,3737,-295,0,0
2,83,-132,514,3752,-259,0,0
-11,511,-167,765,3835,-322,0,0
15,438,-107,860,3804,-356,0,0
7,185,-73,735,3823,-322,0,0
15,194,-27,724,3892,-341,0,0
19,103,-2,760,3802,-383,0,0
27,37,23,694,3794,-372,0,0
44,-11,60,718,3749,-377,0,0
52,-42,77,726,3796,-288,0,0
38,-39,131,752,3808,-353,0,0
50,-86,157,615,3852,-372,0,0
61,-58,129,548,3790,-419,0,0
61,-88,107,579,3748,-476,0,0
76,-105,65,558,3826,-430,0,0
71,-123,34,538,3745,-482,0,0
76,-93,-6,516,3797,-491,0,0
79,28,-25,659,3852,-519,0,0
67,32,-37,662,3751,-545,0,0
67,78,2,819,3713,-516,0,0
59,-60,40,727,3672,-551,0,0
45,-57,36,796,3685,-515,0,0
11,-87,66,960,3696,-496,0,0
-8,-370,86,756,3674,-606,0,0
-8,-482,54,598,3785,-614,0,0
1,-423,40,663,3795,-627,0,0
-27,-429,61,663,3814,-570,0,0
-41,-399,63,716,3814,-564,0,0
-36,-457,47,727,3602,-552,0,0
-52,-568,6,669,3667,-534,0,0
-69,-643,-35,664,3831,-526,0,0
-84,-560,-47,677,3834,-544,0,0
-66,-461,-19,531,3897,-633,0,0
-19,-229,46,552,3869,-671,0,0
55,-174,124,427,3671,-686,0,0
132,-240,143,415,3662,-562,0,0
58,-44,83,653,3767,-549,0,0
71,110,71,684,3724,-531,0,0
76,24,52,488,3692,-611,0,0
28,75,-33,519,3678,-718,0,0
1,262,-103,766,3774,-772,0,0
26,156,-58,791,3585,-795,0,0
45,63,36,668,3591,-707,0,0
21,223,55,709,3724,-633,0,0
52,252,95,801,3701,-711,0,0
101,62,97,773,3582,-634,0,0
75,-17,80,583,3508,-657,0,0
106,202,88,725,3609,-737,0,0
124,158,114,742,3649,-801,0,0
135,211,98,744,3765,-810,0,0
148,328,76,980,3961,-534,0,0
67,18,90,811,3816,-657,0,0
54,159,64,778,3601,-775,0,0
72,396,56,893,3774,-641,0,0
24,310,28,800,3685,-802,0,0
5,391,-30,907,3623,-798,0,0
6,360,-12,1107,3690,-789,0,0
-3,94,14,996,3694,-829,0,0
2,22,3,922,3699,-738,0,0
-2,69,-3,977,3676,-726,0,0
-13,61,-6,1007,3679,-758,0,0
-12,52,11,1038,3680,-729,0,0
-34,-42,12,936,3683,-679,0,0
-50,-85,-5,935,3678,-657,0,0
-59,-126,-1,968,3697,-593,0,0
-82,-197,9,914,3695,-648,0,0
-83,-176,-15,837,3731,-706,0,0
-105,-126,-46,913,3744,-633,0,0
-158,-255,-46,919,3716,-622,0,0
-134,-362,-53,878,3758,-791,0,0
-112,-272,-72,859,3733,-768,0,0
-130,-175,-84,942,3792,-730,0,0
-84,-328,-53,956,3739,-687,0,0
-84,-546,-12,783,3694,-568,0,0
-125,-548,-10,671,3761,-503,0,0
-128,-336,-44,595,3642,-616,0,0
-93,76,-94,357,3558,-537,0,0
-101,661,-194,120,3606,-357,0,0
-61,1077,-427,306,3820,-494,0,0
12,1041,-540,273,3942,-282,0,0
-79,699,-588,427,4171,-296,0,0
-264,1,-577,510,4022,-389,0,0
-361,-565,-436,1259,3203,-1109,0,0
-148,-1515,-233,1816,1853,-1521,0,0
143,-1651,290,2552,211,-2544,0,0
533,-1982,1128,3932,888,-3789,0,0
1297,-3367,1818,4903,3006,-6880,0,0
2340,-3219,2473,5472,5053,-5569,0,0
3315,-3371,2643,5023,7842,-6369,0,0
3837,-3040,2380,3690,9448,-6188,0,0
3722,-3199,1674,1842,9195,-6270,0,0
3120,-3455,337,706,9087,-5606,0,0
2524,-3698,-898,521,8157,-3599,0,0
1737,-3570,-1382,522,6696,-275,0,0
611,-1959,-1262,103,4159,1578,0,0
-252,1255,-556,-480,-101,1929,0,0
-720,3606,139,-34,-3193,-154,0,0
-555,1735,242,-147,-4727,-2227,0,0
88,-1133,171,-139,-3507,48,0,0
56,-2519,-157,-264,1333,-1055,0,0
-65,-1843,-276,-1282,3039,-1509,0,0
-5,-42,-11,-911,3469,124,0,0
-178,2127,186,-461,2234,-165,0,0
-1,3724,661,588,316,386,0,0
-309,1569,811,-35,-1536,-2168,0,0
-266,-1553,100,-640,-1030,-5026,0,0
-71,-3707,-540,-2381,382,-6459,0,0
-104,-2853,-263,-3286,3235,-5361,0,0
-522,1846,-180,-756,5654,-5879,0,0
-1070,1848,-186,-273,4178,-8570,0,0
-705,-1867,265,-1890,2385,-7552,0,0
-272,888,256,-1636,1162,-4230,0,0
-37,3074,37,158,745,-4087,0,0
-218,1453,-385,653,-119,-3490,0,0
-399,173,-753,312,-152,-2875,0,0
-313,-121,-517,369,64,-3509,0,0
284,-259,-111,472,517,-4427,0,0
949,-585,277,-198,1680,-5092,0,0
1468,-1326,498,-779,3165,-6278,0,0
1734,-1655,544,-1750,3939,-7054,0,0
1363,-2331,316,-2127,3655,-5789,0,0
514,-791,398,-838,4249,-2341,0,0
-1167,1216,455,459,4647,-606,0,0
-3155,1187,-122,-332,-147,-3929,0,0
-3113,220,-554,-482,-5368,-3313,0,0
-1850,316,-481,-444,-4165,-3193,0,0
-321,265,240,152,-1159,-3147,0,0
671,-1181,501,-947,2760,-2718,0,0
857,-1386,196,-964,5794,-2238,0,0
774,-224,-7,-862,6702,-693,0,0
679,2387,527,-148,3275,-529,0,0
504,2314,732,-308,-1199,-2182,0,0
483,721,197,-933,-3697,-5094,0,0
1524,-1546,-225,-1135,-381,-6550,0,0
1979,-3789,-489,-2284,3366,-4852,0,0
1293,-326,-252,-1170,4393,-2600,0,0
-2408,4613,-169,99,2856,-5564,0,0
-1018,1260,-24,800,1668,-8411,0,0
-180,-2530,319,-1263,841,-3904,0,0
-280,1270,276,-790,503,-4019,0,0
-275,2198,-18,432,480,-4828,0,0
-84,-112,-450,249,613,-3906,0,0
28,-599,-453,-357,854,-2723,0,0
-28,233,-271,-275,553,-3274,0,0
7,107,-227,-82,906,-3491,0,0
39,-112,-288,-199,1162,-3028,0,0
-13,77,-225,-29,1288,-2886,0,0
-95,161,-87,73,1004,-2572,0,0
-153,296,46,132,254,-2126,0,0
-293,93,99,188,105,-2674,0,0
-342,-556,157,-95,210,-3394,0,0
-135,-1138,300,-574,862,-4377,0,0
261,-1468,370,-1028,1443,-5209,0,0
759,-1397,316,-1757,2929,-5986,0,0
981,-756,214,-2635,3204,-7310,0,0
865,-1379,-105,-3143,2919,-8453,0,0
582,-2202,-608,-3919,3129,-7351,0,0
71,-1093,-864,-1639,3546,-5314,0,0
-518,-520,-471,1237,4257,-1070,0,0
-2031,1273,-161,1169,-490,-218,0,0
-2585,1901,-339,2151,-4728,-1979,0,0
-1844,1752,-138,756,-3101,-1560,0,0
-869,1163,706,140,-2037,-3192,0,0
-1,-2052,879,-946,732,-3533,0,0
776,-1674,457,-1941,4197,-2618,0,0
776,-185,229,-601,5905,-362,0,0
112,2205,528,-699,4930,-81,0,0
-185,2719,700,-278,747,-1969,0,0
-64,665,519,-1146,-2614,-4176,0,0
936,-549,144,-1862,-1545,-6354,0,0
2023,-1037,-209,-1827,2371,-7012,0,0
1677,-796,-118,-567,6034,-4202,0,0
-148,1510,20,-256,4663,-4834,0,0
-1560,7,-29,-378,2032,-8135,0,0
-863,-2377,52,-3528,817,-4805,0,0
-262,291,-11,-1277,-62,-4275,0,0
45,958,59,-183,264,-4342,0,0
330,-18,-230,-311,648,-3282,0,0
585,508,-232,-323,1073,-2920,0,0
614,419,-19,-359,953,-3021,0,0
504,-31,162,-294,924,-2939,0,0
258,119,78,-363,1268,-2843,0,0
-132,145,-114,-318,1289,-3130,0,0
-433,-77,-188,-539,992,-3841,0,0
-413,-580,-163,-717,740,-3968,0,0
-370,-366,-267,-784,710,-3822,0,0
-310,160,-338,-435,664,-3393,0,0
-219,255,-307,-71,133,-2614,0,0
-178,455,-132,16,-345,-2384,0,0
-23,140,140,-133,453,-2934,0,0
214,-2616,274,-596,1603,-4253,0,0
623,-756,415,-1337,2737,-5897,0,0
905,-1565,393,-2161,3212,-7290,0,0
766,-2568,152,-2992,3628,-7595,0,0
230,-2884,-105,-3001,4260,-6723,0,0
-414,-1669,59,-1986,4330,-4369,0,0
-1083,672,44,-366,2805,-2406,0,0
-1772,2232,-68,-502,-3222,-1947,0,0
-1903,1917,-86,1151,-4228,-2071,0,0
-1186,1764,1,998,-2171,-830,0,0
-504,198,558,380,-228,-1166,0,0
-152,-1571,798,-1708,1830,-2117,0,0
352,-3000,474,-2330,4627,-2510,0,0
516,699,294,-1274,6040,-1097,0,0
0,2445,501,-200,3686,-679,0,0
-449,1791,482,-340,40,-2124,0,0
-160,691,343,-1452,-2471,-5100,0,0
1040,-2219,-102,-1852,-787,-7131,0,0
1747,-3433,-601,-2642,3791,-5042,0,0
1140,991,-293,-989,6719,-3286,0,0
-374,5058,-9,601,5867,-5803,0,0
-1451,159,-234,423,3321,-7518,0,0
-972,-2886,37,-1545,1073,-4069,0,0
-277,591,54,-1349,866,-4622,0,0
397,1173,-245,43,867,-3483,0,0
509,349,-765,-81,532,-2899,0,0
825,603,-774,-47,1166,-2614,0,0
1002,754,-433,6,1604,-2723,0,0
707,-61,62,133,1636,-2447,0,0
16,705,514,-347,969,-2788,0,0
-481,-310,575,75,961,-4314,0,0
-341,-2761,29,-738,1159,-3679,0,0
-118,-1868,-194,-1071,1491,-3006,0,0
207,501,-90,-685,1156,-2499,0,0
289,2245,194,-256,774,-2459,0,0
-85,2200,313,-131,756,-3890,0,0
-159,-645,31,-88,1319,-4365,0,0
48,-2038,-147,-750,1258,-3646,0,0
270,-564,-25,-692,1110,-3186,0,0
342,699,64,-397,632,-3440,0,0
100,871,44,-481,815,-4925,0,0
46,-681,46,-679,1745,-6621,0,0
249,-2960,110,-1630,2949,-6563,0,0
251,-3171,173,-2607,4221,-5723,0,0
-239,-2157,41,-1770,4982,-4746,0,0
-937,-582,-7,-774,5121,-2899,0,0
-1643,2190,13,-1132,1518,-2860,0,0
-2131,2180,445,-846,-4043,-5570,0,0
-992,-2416,448,-599,-3666,-2380,0,0
148,567,68,221,-1658,-1198,0,0
431,91,112,310,318,-1899,0,0
235,-1671,-275,-1087,3393,-1789,0,0
227,-6,-546,-1067,5344,-99,0,0
191,3731,102,-50,3767,-1289,0,0
251,3599,706,-39,784,-2596,0,0
381,1031,681,-325,-1056,-2753,0,0
911,-1351,534,-3208,-20,-6298,0,0
1652,-4244,-125,-2886,2758,-6497,0,0
1247,-1357,-391,-2202,6372,-2589,0,0
-158,6337,-76,372,5997,-3175,0,0
-1585,5424,-628,2691,3379,-7913,0,0
-1147,-1974,-616,655,702,-4316,0,0
-951,-2016,-94,-468,306,-3714,0,0
-423,-174,-180,203,852,-4147,0,0
90,-111,-569,188,248,-2986,0,0
384,278,-739,358,1345,-3389,0,0
717,88,-361,78,1509,-3215,0,0
836,-870,45,246,2052,-3361,0,0
680,-465,325,-197,2579,-2478,0,0
4,1297,370,-190,1164,-3151,0,0
-490,176,312,271,685,-4679,0,0
-294,-2296,-13,-560,979,-3686,0,0
-106,-1510,-157,-944,1228,-3138,0,0
43,104,-139,-357,1942,-3393,0,0
83,790,3,-361,1635,-2847,0,0
-225,1509,229,-14,1274,-4083,0,0
-339,-21,233,-81,1108,-4035,0,0
-370,-1035,119,-434,951,-3284,0,0
-332,-162,58,-307,931,-2622,0,0
-246,916,20,41,921,-2198,0,0
-223,1250,-18,76,1079,-3026,0,0
54,191,24,73,1741,-4031,0,0
422,-703,152,-211,1704,-4938,0,0
800,-811,398,-257,2553,-5427,0,0
1014,-1263,403,-583,3163,-5831,0,0
885,-746,337,-1034,3483,-6494,0,0
461,-1239,117,-1206,4963,-7845,0,0
52,-2257,-4,-887,5349,-4716,0,0
-549,-117,133,250,5087,-1878,0,0
-1625,1871,-136,-29,2006,-2838,0,0
-2285,741,-291,324,-4686,-3226,0,0
-1876,-175,-509,-52,-4425,-1811,0,0
-748,1429,-202,-37,-1692,-1534,0,0
-174,229,353,-286,-187,-2443,0,0
134,-2422,163,-1199,3288,-3860,0,0
857,-2139,-156,-781,6597,-1047,0,0
676,2248,104,-592,4741,-177,0,0
471,3917,611,724,889,-2165,0,0
452,903,478,-87,-1792,-2381,0,0
877,-397,374,-474,-1410,-4264,0,0
1595,-2113,151,-926,2126,-6850,0,0
1725,-3399,313,-1123,5839,-4650,0,0
692,651,246,-766,6641,-3673,0,0
-1009,2118,-26,61,3895,-6197,0,0
-1473,-664,-41,-1025,1897,-5852,0,0
-1118,-908,-177,-1285,490,-5263,0,0
-531,-301,-283,-573,808,-3681,0,0
6,1056,-461,-739,432,-2637,0,0
490,2050,-413,-57,608,-3615,0,0
862,767,-155,65,1664,-3565,0,0
796,-196,-10,-391,1534,-3267,0,0
549,-137,19,-169,1228,-3022,0,0
171,539,-95,-106,1094,-3761,0,0
-58,-147,-279,-217,1177,-3780,0,0
-32,-1282,-391,-371,1525,-3549,0,0
141,-255,-318,-527,1531,-3439,0,0
187,711,-133,-2160,1175,-3410,0,0
55,608,-44,-99,847,-3510,0,0
-90,47,-24,23,926,-3173,0,0
-185,-468,-23,-100,737,-2519,0,0
-169,246,96,-103,536,-1953,0,0
-233,547,209,14,254,-2148,0,0
-201,17,138,-11,711,-2727,0,0
-11,-360,138,-275,983,-3750,0,0
261,-423,345,-496,1977,-5189,0,0
538,-872,585,-857,2792,-7005,0,0
706,-1183,447,-1334,3336,-6786,0,0
78,-1094,31,-1276,4437,-8788,0,0
-271,-3003,-4,-3584,5473,-6244,0,0
-343,-1167,364,-529,5985,-2807,0,0
-981,1554,471,868,2626,-337,0,0
-2508,2417,-41,832,-2965,-1933,0,0
-2536,2480,-141,235,-4785,-3279,0,0
-1239,929,-14,-445,-2577,-2095,0,0
-427,137,-35,-174,195,-2934,0,0
-189,-777,-79,-576,2594,-3366,0,0
202,-1493,-84,-568,5747,-4032,0,0
323,889,195,-1061,5428,-1406,0,0
563,2408,530,-175,1716,-2831,0,0
1010,263,488,-284,-613,-3385,0,0
1630,-1256,369,-708,82,-5657,0,0
2588,-3086,145,-1426,3094,-5520,0,0
2457,-2023,99,-846,4845,-3188,0,0
1070,3013,444,-410,5172,-1837,0,0
-1078,4198,-79,850,2709,-7645,0,0
-1261,-2683,-681,268,919,-5135,0,0
-806,-1765,-260,-1565,84,-2907,0,0
-407,1818,-195,-304,618,-4509,0,0
-62,1196,-628,570,672,-3587,0,0
42,111,-873,144,958,-3274,0,0
402,-234,-581,216,1415,-2697,0,0
522,-12,-242,127,1332,-3060,0,0
482,-340,26,85,1624,-3535,0,0
445,-354,119,-279,1481,-3075,0,0
195,430,209,-74,1428,-3418,0,0
-166,-24,352,-208,985,-3837,0,0
-352,-1277,235,-337,1335,-4072,0,0
-352,-1404,-19,-738,1536,-3395,0,0
-336,-222,-197,-730,1521,-3312,0,0
-219,599,-203,-448,1298,-3060,0,0
-161,940,-65,-317,456,-2497,0,0
-239,830,45,-34,-4,-2476,0,0
-191,333,93,-192,173,-2359,0,0
-50,-122,64,-18,1131,-3228,0,0
175,-149,30,-262,1948,-4236,0,0
359,280,136,-171,3129,-6513,0,0
621,-1221,320,-672,3379,-7079,0,0
573,-910,374,-1191,4098,-7671,0,0
-6,-1490,186,-954,4635,-7748,0,0
-548,-1906,67,-1101,5125,-5106,0,0
-1017,-255,-105,227,3912,-1947,0,0
-1891,1179,-61,604,-331,-1475,0,0
-2059,1366,-54,217,-3943,-2120,0,0
-1276,722,57,-231,-3328,-1254,0,0
-651,153,253,-668,-1409,-1593,0,0
-511,-777,148,-1253,772,-2910,0,0
-89,-1174,59,-722,3846,-2982,0,0
345,-84,197,-1189,6277,-1452,0,0
493,2171,470,-935,3583,-2205,0,0
917,1304,346,-280,497,-2763,0,0
1267,-662,-139,-653,-972,-3431,0,0
1808,-1837,-392,-1070,1546,-4999,0,0
2355,-1919,-46,-1203,4378,-4325,0,0
1688,962,744,-512,5806,-1841,0,0
-758,4604,386,577,4670,-6266,0,0
-1747,305,-921,523,2403,-6709,0,0
-1437,-1594,-857,-1173,218,-4700,0,0
-697,-375,-400,-643,719,-5089,0,0
94,-371,-480,-2120,1187,-3331,0,0
376,439,-1014,170,1246,-3043,0,0
775,968,-714,310,1231,-3321,0,0
1024,-451,-70,130,1731,-3446,0,0
1020,-1034,337,-374,1754,-2790,0,0
775,661,374,-436,1699,-2677,0,0
250,1185,325,-49,1231,-3507,0,0
-162,-464,274,-329,958,-3913,0,0
-194,-1436,230,-867,1065,-3459,0,0
-85,-729,76,-821,1147,-3146,0,0
-22,439,-82,-616,1194,-3084,0,0
-124,589,-76,-384,1198,-3054,0,0
-361,468,14,-494,1168,-3230,0,0
-543,188,145,-605,920,-3506,0,0
-590,-430,47,-600,732,-3419,0,0
-517,-344,-132,-616,441,-3158,0,0
-197,18,-194,-327,850,-3083,0,0
243,638,-97,-184,1161,-2865,0,0
381,945,104,-106,1776,-3684,0,0
544,607,394,-321,2253,-4847,0,0
706,500,605,-331,3420,-6268,0,0
430,-244,650,-376,4329,-7782,0,0
-303,-2275,557,42,4971,-7327,0,0
-1206,-2562,412,563,6778,-4242,0,0
-1936,-561,349,448,4579,-1944,0,0
-2206,1602,92,467,-2645,-2309,0,0
-1598,1137,-76,76,-4030,-3179,0,0
-852,428,410,-808,-3169,-2295,0,0
-417,-243,471,-863,-1407,-2394,0,0
-352,-1292,-50,-1442,824,-3830,0,0
-29,-3052,-533,-1028,5420,-3792,0,0
474,-1365,-714,-1468,7902,-1170,0,0
958,3135,-397,-558,3370,-1470,0,0
1042,2649,-39,235,55,-3426,0,0
1337,-22,-398,-1069,-304,-4699,0,0
2667,-1287,-523,-1170,2777,-5751,0,0
3381,-1024,-58,-3464,3771,-3258,0,0
2367,2662,812,389,3986,-980,0,0
-318,5313,669,1299,2861,-5628,0,0
-1341,-477,-500,1294,1145,-6921,0,0
-966,-3437,-150,-1226,170,-3332,0,0
-617,-45,262,-1063,386,-4443,0,0
-100,727,109,432,532,-3579,0,0
28,-406,-489,-199,409,-2853,0,0
156,-296,-693,-482,908,-3193,0,0
429,-234,-555,-178,1477,-3408,0,0
350,-247,-310,-391,1639,-2574,0,0
-170,1567,190,-299,714,-3046,0,0
-705,740,36,573,1115,-4668,0,0
-674,-1641,-437,-41,1441,-3782,0,0
-431,-1204,-267,-577,1560,-3584,0,0
-53,61,-53,-371,1693,-3822,0,0
162,590,5,-296,1341,-3626,0,0
125,483,77,-216,899,-3331,0,0
-6,180,166,-137,547,-2718,0,0
-81,128,279,-134,75,-2137,0,0
-26,137,322,9,-40,-1845,0,0
-48,284,257,56,952,-2467,0,0
-60,172,183,183,2207,-3916,0,0
149,475,399,-199,3257,-6364,0,0
688,346,538,-722,3525,-8635,0,0
842,-1355,308,-451,4116,-9419,0,0
635,-2289,16,-366,4871,-6783,0,0
0,-920,-278,1078,3975,-4272,0,0
-1176,637,-271,2118,2224,-1602,0,0
-2399,1307,-262,708,-1861,-2354,0,0
-2311,355,-227,-409,-4276,-2438,0,0
-1334,-70,-60,-808,-3543,-1587,0,0
-633,-918,-12,-733,-1240,-1879,0,0
-281,-1689,-223,-1368,1497,-2316,0,0
-105,-1839,-537,-732,5478,-2443,0,0
33,186,-415,-1089,6921,-748,0,0
278,3401,99,-2112,2721,-1650,0,0
650,2533,448,442,-765,-3417,0,0
1483,440,554,-237,-1285,-6163,0,0
2708,-2483,855,-568,2934,-6511,0,0
2300,-2784,727,-1364,4413,-5860,0,0
965,-46,346,-495,4881,-3539,0,0
-800,3594,-478,-375,3145,-5069,0,0
-1133,1589,-778,89,429,-5499,0,0
-661,-967,-211,-112,-646,-4215,0,0
-105,-1066,181,-864,18,-3195,0,0
224,20,-31,-170,777,-3015,0,0
359,653,-481,-287,798,-2858,0,0
371,919,-492,10,1215,-3746,0,0
512,-2,-144,-63,1418,-3516,0,0
426,-297,100,-6,1695,-2692,0,0
-111,963,67,-133,1145,-3122,0,0
-503,388,-4,127,711,-3912,0,0
-496,-1521,-164,-359,628,-3826,0,0
-307,-1536,-161,-631,882,-3284,0,0
-226,-357,-251,-292,1600,-3108,0,0
-233,774,-298,-47,1600,-2571,0,0
-472,1493,-90,256,915,-2686,0,0
-629,561,124,290,762,-2987,0,0
-423,-43,204,-97,708,-3048,0,0
-66,-60,225,139,1234,-4063,0,0
345,-89,299,-225,2375,-5362,0,0
641,-607,350,-530,3801,-8362,0,0
899,-2683,81,-1526,4716,-8969,0,0
673,-2262,-180,-1431,4693,-6515,0,0
-58,-866,-66,335,5063,-4390,0,0
-1200,-551,-52,965,2774,-694,0,0
-2217,1990,-312,558,-2506,-1733,0,0
-1981,1432,-52,319,-3975,-3330,0,0
-858,-483,524,-1195,-1770,-2390,0,0
138,-1087,458,-1413,-972,-2106,0,0
411,-1465,78,-1239,1043,-3150,0,0
591,-2268,-551,-797,5412,-1624,0,0
372,870,-714,-404,5767,747,0,0
-8,3691,35,283,2425,-1686,0,0
399,1887,336,-455,-990,-2004,0,0
1050,1167,456,-1013,-1839,-3854,0,0
1904,-459,607,-627,1565,-7161,0,0
1788,-2087,588,-673,5204,-5036,0,0
62,1653,123,-152,5862,-4446,0,0
-1796,3341,-1086,796,3200,-8875,0,0
-1336,-841,-1349,-245,1675,-4610,0,0
-884,1219,-744,-66,-183,-4323,0,0
-308,590,-118,789,97,-4757,0,0
322,-1865,-118,426,620,-3358,0,0
649,-1453,-334,-201,1387,-2911,0,0
810,-29,-232,-125,1701,-2756,0,0
592,169,46,-116,1409,-3204,0,0
319,313,350,-313,1310,-3305,0,0
-6,45,114,-66,1338,-3943,0,0
-40,-985,-189,-234,1456,-3623,0,0
89,-599,-63,-408,1505,-3084,0,0
190,227,237,-309,1339,-2767,0,0
64,885,332,-179,905,-2728,0,0
-243,843,205,-151,435,-3088,0,0
-285,-189,115,-149,135,-2958,0,0
-10,-426,150,-2352,409,-2889,0,0
352,-360,157,-327,957,-2869,0,0
427,-492,108,-528,1575,-3369,0,0
355,104,224,-934,1874,-4517,0,0
271,476,299,-509,2593,-6070,0,0
-40,173,3,-333,3198,-7625,0,0
-56,-313,-252,-387,4415,-8024,0,0
8,-222,2,-158,5208,-6357,0,0
-329,440,396,465,5273,-4174,0,0
-900,32,369,999,3460,-569,0,0
-2197,559,-48,540,-2011,-458,0,0
-2755,988,-338,418,-6255,-2339,0,0
-1853,-591,-583,-2056,-3793,-2770,0,0
-1081,-1461,-792,-122,-1230,-3758,0,0
-276,-2173,-704,-457,1925,-4253,0,0
878,-1411,-135,-701,6180,-3100,0,0
1375,108,471,-804,8052,-1203,0,0
1108,1584,1054,-688,4049,-1809,0,0
1311,1030,1051,-520,577,-1315,0,0
1553,860,756,-1003,-1740,-2327,0,0
1929,391,564,-687,-145,-4879,0,0
1982,-1189,659,44,4895,-3769,0,0
294,1197,907,267,7210,-3472,0,0
-1653,3100,-244,631,3617,-8653,0,0
-1546,-692,-1362,371,1672,-6053,0,0
-1435,-37,-1129,-343,396,-5960,0,0
-664,-1149,-850,120,643,-5288,0,0
158,-1799,-921,67,865,-2621,0,0
474,233,-906,371,1273,-3057,0,0
914,-33,-394,348,1575,-2770,0,0
927,-307,52,-114,1335,-2458,0,0
636,846,386,-119,1406,-2803,0,0
218,1101,298,34,1705,-3658,0,0
-4,-438,-25,-108,1621,-3943,0,0
40,-1286,-32,-585,1215,-3620,0,0
154,-976,143,-753,909,-3913,0,0
202,-468,138,-791,862,-3666,0,0
62,144,-64,-557,813,-3695,0,0
-40,89,-245,-455,998,-3457,0,0
-8,431,-137,-256,962,-2854,0,0
-24,922,64,-36,622,-2863,0,0
54,406,258,-12,128,-2403,0,0
275,219,306,15,96,-2087,0,0
442,606,310,75,608,-2471,0,0
313,246,396,161,1264,-4081,0,0
148,125,379,-1614,2128,-4036,0,0
-365,-117,249,-448,3172,-7058,0,0
-491,-1793,-317,-839,5074,-9163,0,0
-284,-1444,-242,-313,6419,-7975,0,0
-285,-892,-13,434,5973,-5713,0,0
-373,941,102,547,2842,-3155,0,0
-574,3440,492,1398,-1751,-1113,0,0
-1908,1092,23,1087,-5945,-4091,0,0
-1363,-2442,-202,-168,-3725,-2073,0,0
-406,-947,31,-1095,-1370,-1406,0,0
197,-484,-158,-564,926,-2762,0,0
642,-1455,-83,-576,4981,-2783,0,0
930,-1304,240,-766,6668,-355,0,0
860,1933,749,-572,3696,-1003,0,0
1034,2186,900,203,970,-1746,0,0
1233,863,673,-692,-916,-3291,0,0
1743,-1386,632,-399,742,-6591,0,0
2086,-2784,797,-1166,2830,-5116,0,0
808,382,629,49,3560,-2943,0,0
-1501,3563,-567,669,3155,-7689,0,0
-1850,-451,-1349,-8,1288,-4836,0,0
-1379,722,-834,-344,-21,-4373,0,0
-747,292,-300,578,233,-4700,0,0
-423,-885,-370,199,540,-3086,0,0
-309,-528,-654,10,953,-3824,0,0
188,-391,-602,-106,1350,-3554,0,0
456,-641,-379,-219,1761,-3871,0,0
565,-611,-124,-212,2016,-3416,0,0
324,-99,-110,-239,1623,-3233,0,0
66,191,-107,-135,1523,-3614,0,0
-23,32,-19,-505,1161,-3815,0,0
89,-393,18,-538,1180,-3940,0,0
202,-183,-23,-624,1468,-3271,0,0
-23,548,-127,-453,1348,-3287,0,0
-256,593,-190,-210,1396,-3292,0,0
-512,59,-223,-263,1210,-3513,0,0
-414,-348,-121,-289,1062,-3003,0,0
-214,198,-6,-192,450,-2576,0,0
-103,574,138,-106,8,-2302,0,0
80,369,211,210,608,-2233,0,0
231,210,168,173,1420,-2215,0,0
217,1209,299,121,2559,-4774,0,0
167,606,503,-340,3757,-8233,0,0
316,-1578,475,-891,4871,-11411,0,0
735,-3089,113,-1749,5677,-9155,0,0
779,-820,-261,-150,5188,-5330,0,0
-283,157,-203,1801,3500,-1617,0,0
-2067,1180,-439,1545,294,-1044,0,0
-2633,1860,-798,212,-4803,-1981,0,0
-1684,178,-297,153,-4631,-2384,0,0
-226,-1550,429,-608,-1903,-1359,0,0
704,-1193,704,-847,1076,-1876,0,0
1002,-892,697,-978,2778,-2338,0,0
1008,-885,495,-747,5187,-1861,0,0
887,971,448,-798,4051,-1134,0,0
550,1602,267,-345,1861,-1776,0,0
790,937,86,-559,-58,-1612,0,0
1166,1035,88,-690,-317,-4189,0,0
1368,-1133,210,-369,3164,-6939,0,0
869,-1184,501,302,4222,-2893,0,0
-1304,3326,-185,1376,5132,-6851,0,0
-2159,2042,-1267,1601,2366,-7303,0,0
-1738,237,-1054,-39,963,-4764,0,0
-912,263,-276,287,-8,-4979,0,0
-303,-772,-67,60,-175,-3854,0,0
182,-1016,-362,315,380,-4103,0,0
861,-1462,-430,-123,1437,-4076,0,0
1387,-1500,-292,170,3844,-2889,0,0
801,873,203,-329,3077,-2436,0,0
-47,1358,587,-25,431,-4507,0,0
-222,-1868,-21,242,-105,-4702,0,0
189,-2430,-619,-791,1569,-3131,0,0
602,136,-436,-674,2034,-2498,0,0
584,1835,-40,57,1809,-2803,0,0
165,1890,189,-85,1021,-3253,0,0
-234,782,-16,282,632,-3847,0,0
-280,-710,-297,-105,972,-2896,0,0
-80,-548,-83,-236,522,-1737,0,0
123,1030,288,50,49,-2260,0,0
355,260,368,23,510,-3313,0,0
517,-429,224,-360,1174,-3764,0,0
287,442,260,-635,2214,-6488,0,0
207,-1644,231,-518,3563,-9590,0,0
230,-3410,-134,-2052,4200,-8828,0,0
100,-836,-527,-1432,5520,-7505,0,0
130,1444,-551,1149,5422,-4789,0,0
-941,679,-302,1719,3077,-1167,0,0
-2073,1433,-492,1426,-1975,249,0,0
-1963,2280,-659,1027,-5411,-1557,0,0
-1151,765,258,-40,-4031,-1814,0,0
-313,-1283,1079,-683,-1082,-1909,0,0
362,-1407,993,-1298,734,-2255,0,0
472,-1638,348,-545,3922,-2317,0,0
167,-1435,-44,-496,6158,-538,0,0
-335,774,141,-670,4710,-1270,0,0
-130,1177,373,-191,1428,-2782,0,0
895,1317,153,-1109,-942,-4180,0,0
2166,1078,560,97,739,-7836,0,0
2545,-2781,1052,138,3694,-5807,0,0
688,-970,499,329,4046,-3635,0,0
-1430,2273,-545,1123,3215,-7625,0,0
-1579,310,-908,-399,1484,-6057,0,0
-678,60,-421,-771,225,-4012,0,0
-173,609,191,-146,-609,-4329,0,0
203,-1098,224,41,449,-3521,0,0
376,-1412,-304,-502,1477,-2947,0,0
555,175,-502,-554,1603,-2993,0,0
619,840,-154,1,1539,-3019,0,0
257,528,20,-92,1167,-3733,0,0
-3,-274,-67,-119,991,-3908,0,0
-141,-854,-364,-339,1268,-4060,0,0
72,-303,-302,-587,1215,-3804,0,0
225,-44,-61,-333,1018,-3655,0,0
126,-35,-1,-349,968,-3268,0,0
-111,37,-160,-225,972,-3173,0,0
-219,-29,-294,-200,936,-2511,0,0
-305,630,-217,-174,414,-2281,0,0
-403,331,59,-44,8,-2215,0,0
-410,-56,206,-492,-99,-2442,0,0
-159,-456,132,-370,377,-3010,0,0
96,-670,53,-629,1183,-3418,0,0
71,-123,305,-1152,3245,-6046,0,0
181,-1624,374,-2458,4386,-9737,0,0
282,-3647,92,-3309,5870,-9451,0,0
45,-1911,-27,-2593,6636,-5862,0,0
-299,397,151,488,5458,-3738,0,0
-1844,-1216,-239,1411,1710,-1887,0,0
-3097,-299,-978,510,-2545,-1749,0,0
-2363,2648,-765,250,-4229,-2370,0,0
-559,3645,245,892,-3533,-2223,0,0
515,1986,1162,270,-696,-2624,0,0
770,-664,1093,-1266,1207,-2707,0,0
966,-783,401,-1173,4643,-2316,0,0
966,1294,442,-1279,6771,-203,0,0
560,3652,961,-704,4274,-1079,0,0
366,1713,879,-307,1061,-1404,0,0
332,667,490,-1170,-2035,-3108,0,0
443,-1890,-83,116,-617,-7434,0,0
972,-4643,-139,-587,4902,-5353,0,0
9,-974,47,-332,8609,-5139,0,0
-1451,1691,-337,27,4495,-7575,0,0
-1480,-366,-2896,-308,1297,-5502,0,0
-860,1046,-621,-320,-405,-4609,0,0
-246,432,-106,1,-350,-4449,0,0
406,-218,-145,-2,547,-3274,0,0
814,214,-288,153,1542,-3239,0,0
1102,-79,63,106,1983,-2839,0,0
1015,77,481,-2256,1922,-2890,0,0
618,161,725,-202,1559,-3136,0,0
45,-833,366,-247,1291,-3994,0,0
1,-1458,-18,-781,1470,-3644,0,0
235,-582,28,-835,1484,-3449,0,0
332,-57,219,-770,1349,-3435,0,0
256,114,278,-753,1001,-3025,0,0
-11,93,23,-555,716,-3069,0,0
-218,-153,-189,-506,881,-2385,0,0
-360,206,-213,-314,663,-1947,0,0
-597,214,-50,-377,228,-2125,0,0
-664,213,183,-903,2,-3263,0,0
-124,-329,332,-3008,1225,-5078,0,0
694,-776,204,-1258,3218,-4915,0,0
761,-119,80,-1547,4127,-7214,0,0
520,-1753,-50,-1506,5298,-7695,0,0
-374,-3504,-744,-1078,6479,-7101,0,0
-1195,-143,-853,-11,6358,-4552,0,0
-1589,1919,-2384,25,3082,-1977,0,0
-1561,3066,297,-361,-3691,-3692,0,0
-711,1192,372,-308,-5985,-2401,0,0
299,389,196,-292,-3846,-1051,0,0
603,101,265,212,-412,-1327,0,0
514,-1577,517,-768,2937,-2873,0,0
816,-2821,440,-825,7042,-1452,0,0
1011,854,240,-719,7174,-263,0,0
724,3075,643,357,2204,-1322,0,0
796,1857,371,-287,-1942,-2494,0,0
1031,988,78,-445,-3949,-5979,0,0
1774,-1963,-238,-342,2549,-7945,0,0
1726,-1065,-219,-633,2397,-3115,0,0
-512,2423,-237,1891,2880,-5827,0,0
-2137,-209,-790,1327,2144,-7179,0,0
-1551,-1143,-675,-989,1516,-4197,0,0
-995,712,-219,-635,535,-5032,0,0
-601,-401,157,110,297,-4801,0,0
116,-1888,-49,-379,452,-2703,0,0
473,-667,-323,-497,1291,-2778,0,0
696,391,-48,-341,1445,-2954,0,0
517,-41,226,-123,1341,-2900,0,0
12,-170,217,-319,1162,-3377,0,0
-441,16,-105,-287,1074,-3996,0,0
-535,-568,-364,-333,1879,-3963,0,0
-383,-518,-406,-646,2045,-3881,0,0
-72,219,-232,-441,1812,-3429,0,0
81,839,-103,-120,1092,-3528,0,0
52,638,-60,-75,1069,-3450,0,0
76,-60,-10,-21,939,-2473,0,0
78,419,68,127,587,-1667,0,0
-32,950,166,200,746,-1676,0,0
-213,591,231,-4,743,-3828,0,0
-9,133,208,-445,1786,-5471,0,0
212,-917,135,-714,3388,-8276,0,0
436,-3303,434,-1460,4666,-7764,0,0
305,-2026,692,-1964,5942,-6740,0,0
-360,215,433,-806,6215,-6075,0,0
-698,1405,-66,-127,2346,-2753,0,0
-699,2507,-444,1764,-4482,-311,0,0
-415,2675,-224,2103,-4190,181,0,0
-801,503,313,536,-2681,-82,0,0
-1224,-1985,168,-495,-898,-1801,0,0
-1087,-2569,-128,-1637,1554,-2351,0,0
-681,-2797,-204,-1580,5386,-3298,0,0
-2,-1063,45,-2100,5538,-1704,0,0
550,1649,132,-1131,2885,-2143,0,0
972,1672,-240,-443,622,-2876,0,0
1760,783,-314,-335,-185,-4864,0,0
2386,-1179,491,-875,3753,-5174,0,0
1772,-911,1036,-182,5832,-3346,0,0
-396,2034,357,-399,3815,-5050,0,0
-2122,2943,-708,-81,1070,-7608,0,0
-1569,-675,-1163,-432,1082,-4568,0,0
-850,727,-551,-243,449,-4174,0,0
-439,-76,-229,289,784,-4609,0,0
136,-1370,-400,-287,1405,-3217,0,0
692,-79,-386,-288,1745,-3308,0,0
1012,71,-174,-224,2268,-2839,0,0
766,695,113,-30,1929,-2603,0,0
114,969,281,151,1831,-3356,0,0
-325,-747,-73,47,1299,-4242,0,0
-105,-1791,-372,-437,1414,-3743,0,0
232,-670,-244,-694,1654,-3398,0,0
401,301,-78,-404,1550,-3431,0,0
249,896,18,-284,1053,-3642,0,0
-70,89,-71,-107,952,-4071,0,0
-150,-1211,-239,-438,1085,-3239,0,0
-8,-438,-177,-391,832,-2413,0,0
142,872,32,63,323,-1924,0,0
145,1165,290,257,90,-1759,0,0
95,432,402,-46,478,-2137,0,0
27,-428,390,-456,1142,-2925,0,0
20,-744,395,-790,2824,-4694,0,0
255,-631,571,-1582,3589,-6001,0,0
49,-1068,544,-1624,4958,-8283,0,0
-318,-1281,251,-2567,6124,-8443,0,0
-355,360,42,-930,6411,-5973,0,0
-1068,878,-360,967,4235,-3250,0,0
-2339,1108,-897,545,-1379,-2791,0,0
-2279,262,-946,1226,-4656,-3199,0,0
-931,153,-618,482,-3229,-1969,0,0
219,46,250,323,-1020,-2834,0,0
880,-1842,691,-1870,83,-2530,0,0
1616,-1483,98,-1526,3052,-2624,0,0
1660,-892,-466,-11,6237,770,0,0
732,1916,355,-119,3676,725,0,0
632,1457,1376,733,994,-1010,0,0
993,765,1002,-1512,-1394,-606,0,0
718,1259,438,-748,-2048,-5118,0,0
535,-2144,331,-390,3156,-6131,0,0
-783,-1735,25,-615,6762,-5012,0,0
-2258,2458,-588,183,7237,-8333,0,0
-2501,356,-991,-1681,4811,-7770,0,0
-1045,-286,-455,-1610,2109,-5080,0,0
-352,891,-18,-732,1098,-4658,0,0
-437,-810,-147,-586,1155,-4032,0,0
-2,-836,-710,-454,1055,-2832,0,0
574,85,-813,-243,1055,-2419,0,0
956,256,-746,-320,1190,-3011,0,0
1184,-186,-491,-216,2284,-2918,0,0
1032,422,-288,-45,2585,-1357,0,0
300,2432,244,86,1313,-2170,0,0
-321,1339,519,427,914,-2733,0,0
-495,-252,73,-205,665,-2176,0,0
-258,262,59,-222,392,-2094,0,0
98,335,430,-331,808,-3286,0,0
402,-368,627,-972,2016,-5386,0,0
824,-2071,505,-1591,3965,-8484,0,0
1316,-3280,14,-2527,4803,-8443,0,0
1270,-1858,-692,-1857,4847,-7942,0,0
639,-1353,-750,-145,4466,-5102,0,0
-2632,-730,-113,357,4574,-3363,0,0
-1225,-127,488,-96,1875,-1989,0,0
-1116,1809,234,-739,-3708,-1574,0,0
-412,1134,-125,-175,-4034,-2135,0,0
524,83,54,-464,-2061,-490,0,0
845,-954,57,-862,-587,-1239,0,0
1287,-1629,36,-1051,1036,-1126,0,0
1494,-1043,-192,137,3678,492,0,0
948,1675,225,401,4254,552,0,0
321,3247,1414,680,2234,321,0,0
105,2967,1823,558,247,120,0,0
608,2286,1342,-304,-821,-773,0,0
768,1488,1411,15,1710,-910,0,0
-206,2663,1136,1382,7193,-1994,0,0
-3063,6188,-1654,5644,9709,-5240,0,0
-5225,7318,-5205,9082,12487,-9423,0,0
-3672,3302,-4710,5048,9542,-5457,0,0
-1831,3723,-2947,4639,6651,-4171,0,0
-757,4849,-3301,5040,3594,-1484,0,0
-422,3254,-3125,5028,1428,-92,0,0
-120,1871,-1657,3596,961,-1103,0,0
144,845,-238,2408,1263,-302,0,0
325,-254,529,1343,1887,216,0,0
736,-219,559,631,2509,869,0,0
1093,990,204,611,3533,1616,0,0
885,2373,-134,1651,4123,1294,0,0
318,2010,-401,1929,3827,-273,0,0
262,1467,-428,950,3371,-1143,0,0
60,1292,-423,1633,3438,-925,0,0
-361,-55,-240,1415,3939,-1381,0,0
-282,-593,252,1252,4589,-491,0,0
-38,-1337,535,464,3843,-237,0,0
15,-1102,494,22,3143,47,0,0
16,-3,460,527,3237,-160,0,0
