-28,436,-106,-3068,2844,-890,0,0
54,334,-218,-3390,2881,-772,0,0
16,226,-288,-3006,2674,-818,0,0
-69,191,-232,-2447,2313,-947,0,0
-12,132,-152,-2490,2431,-802,0,0
62,-19,-74,-3195,2584,-718,0,0
-29,-111,-67,-3632,2648,-909,0,0
-44,-41,-128,-3207,2535,-1071,0,0
-1,67,-170,-2850,2305,-869,0,0
-52,57,-180,-3024,2345,-771,0,0
-124,20,-182,-3355,2445,-902,0,0
-116,21,-194,-3335,2419,-927,0,0
-91,32,-205,-3179,2298,-965,0,0
-44,42,-213,-3098,2282,-859,0,0
-80,35,-181,-3283,2280,-831,0,0
-205,59,-142,-3394,2274,-896,0,0
-208,111,-126,-3257,2157,-941,0,0
-120,178,-135,-3211,2143,-844,0,0
-119,200,-133,-3303,2139,-835,0,0
-139,202,-142,-3342,2160,-1010,0,0
-119,232,-137,-3295,2107,-1021,0,0
-110,246,-129,-3289,2113,-985,0,0
-85,229,-120,-3262,2092,-1003,0,0
-114,177,-101,-3262,2090,-1119,0,0
-102,112,-80,-3318,2079,-1192,0,0
-22,26,-71,-3301,2152,-1188,0,0
66,-64,-34,-3301,2167,-1312,0,0
184,-90,-3,-3341,2056,-1223,0,0
241,-80,-1,-3294,2043,-1072,0,0
194,-52,0,-3306,2121,-1102,0,0
123,-35,-3,-3363,2088,-1091,0,0
135,-99,-8,-3298,2100,-1033,0,0
185,-245,14,-3254,2062,-1055,0,0
225,-372,56,-3223,2058,-1019,0,0
244,-460,90,-3330,2129,-1018,0,0
266,-485,107,-3436,2151,-1088,0,0
298,-441,100,-3456,2127,-1067,0,0
311,-339,73,-3461,2093,-1014,0,0
301,-183,49,-3393,2069,-841,0,0
241,-48,23,-3410,2122,-752,0,0
100,56,23,-3429,2082,-794,0,0
8,129,29,-3366,2056,-819,0,0
48,142,15,-3460,2133,-996,0,0
193,205,-37,-3819,2307,-1657,0,0
791,444,-170,-3921,2027,-2692,0,0
1633,721,-397,-3376,744,-3293,0,0
1261,744,-755,-2784,-157,-2802,0,0
1131,558,-1377,-3252,-44,-3095,0,0
479,815,-1572,-4231,1386,-4706,0,0
-453,1634,-1348,-4315,1886,-4241,0,0
653,2112,-1213,-3588,1812,-3477,0,0
2223,2112,-1347,-3251,272,-4070,0,0
1235,2171,-1450,-2825,-120,-3768,0,0
460,2115,-1526,-2321,277,-3200,0,0
622,1907,-1562,-1739,196,-2852,0,0
903,1586,-1649,-1776,567,-2486,0,0
1499,1451,-2163,-2530,253,-1942,0,0
1388,1497,-2457,-2412,164,-1786,0,0
769,1571,-2382,-2101,-585,-1760,0,0
-589,1698,-4016,-2077,-914,-2078,0,0
-2079,1818,-987,-1747,-1411,-2622,0,0
-2238,1848,172,-1344,-1880,-2496,0,0
-1189,1651,546,-435,-2135,-2516,0,0
-2816,1202,238,170,-2576,-2862,0,0
-932,663,58,724,-712,-3673,0,0
-293,198,78,1131,-820,-4047,0,0
-279,-183,163,1196,-545,-5196,0,0
486,-602,32,991,-857,-6192,0,0
632,-805,85,679,-2098,-5342,0,0
-950,-2944,116,211,-2924,-2741,0,0
-1900,-1485,-173,-1322,-1353,-159,0,0
7,-2856,-375,-3758,-1172,-606,0,0
1451,-4349,-513,-6652,443,-2430,0,0
2931,-5533,-51,-9992,-445,-2514,0,0
2098,-6205,674,-14176,-205,-3170,0,0
255,-5647,1170,-12130,567,-1957,0,0
-408,-6409,837,-10497,2381,-1640,0,0
539,-6754,192,-7129,1350,-3652,0,0
-608,-5570,701,-5650,-1111,-1376,0,0
-2328,-5024,1026,-7403,-188,-3027,0,0
-2341,-3734,787,-5743,-951,-6184,0,0
-3550,-3528,787,-2075,-1388,-5348,0,0
-3609,-89,995,-22,172,-5767,0,0
-1080,55,305,999,652,-7556,0,0
280,448,-930,1710,845,-5518,0,0
770,820,-1400,-443,1328,-2167,0,0
1192,617,-924,-7424,1385,-2885,0,0
1514,1741,20,-12578,1198,-3068,0,0
869,4045,1350,-13707,-1530,172,0,0
1142,5018,1559,-14211,-55,-513,0,0
1212,5817,966,-15215,-416,225,0,0
-1258,6333,1167,-10460,-672,462,0,0
-1723,5800,1780,-7058,286,584,0,0
-512,4813,1914,-4838,76,960,0,0
551,3894,1665,-4168,182,724,0,0
1406,3268,1287,-3949,400,149,0,0
2477,2913,576,-4093,-25,-264,0,0
1395,2778,-31,-2857,-997,838,0,0
496,2009,-186,-1481,-300,-25,0,0
2211,1293,-220,-411,-346,-1927,0,0
2537,1172,-22,-613,-2071,-1834,0,0
32,1141,127,-772,-2421,-2646,0,0
-1826,889,196,-242,-1939,-2863,0,0
-1164,443,234,166,-862,-3730,0,0
294,89,39,559,-1669,-5122,0,0
-295,-165,116,1152,-1522,-6520,0,0
97,-290,129,738,-910,-8183,0,0
930,-230,-53,890,-2123,-8473,0,0
43,-88,-136,312,-1933,-7507,0,0
-240,31,-237,389,-3183,-4743,0,0
-1247,-299,-375,92,-2076,-1043,0,0
280,-1460,-619,-1589,-2224,-811,0,0
169,-2892,-143,-3277,-388,305,0,0
2657,-4748,351,-8080,109,-1661,0,0
2939,-5248,663,-9443,-1393,425,0,0
-1594,-6116,612,-10985,2083,980,0,0
-2093,-6526,3,-7702,2207,-2186,0,0
-632,-5773,92,-3882,1877,-1979,0,0
-756,-5609,746,-8050,653,-782,0,0
-1934,-5280,1207,-7496,614,-2089,0,0
-1782,-4741,858,-6179,334,-3320,0,0
-2367,-3692,340,-4838,-1049,-3739,0,0
-3957,-2352,-350,-2062,-857,-4353,0,0
-4814,-1301,-1375,-474,296,-4733,0,0
-4009,-881,-1944,-298,4083,-5955,0,0
-812,-446,-2039,-1405,4721,-5533,0,0
935,506,-787,-7194,1173,-3948,0,0
1919,2177,1144,-10275,-229,-1818,0,0
2615,3368,2128,-13539,-647,-892,0,0
2164,5154,2338,-11066,-669,-728,0,0
1272,5659,2827,-11540,273,-84,0,0
2039,5406,2385,-12092,1468,-78,0,0
2937,5427,1121,-9114,1165,-176,0,0
1971,5239,1069,-7335,460,-2006,0,0
2561,4976,903,-8100,1003,-1846,0,0
2358,4934,-160,-8539,466,-190,0,0
-832,4340,-359,-7503,-663,-230,0,0
-1994,3839,-92,-4657,-297,423,0,0
-74,3270,-250,-2946,-1274,657,0,0
-202,2620,-533,-1707,-1696,-40,0,0
-325,1931,-422,-603,-2225,-570,0,0
-1143,1324,26,520,-1735,-1713,0,0
-1295,651,329,1480,-503,-3340,0,0
779,-10,179,2133,-1039,-5073,0,0
337,-317,-8,1516,-644,-6161,0,0
339,-517,5,1434,-922,-6666,0,0
279,-701,137,1145,-1982,-3900,0,0
-865,-1382,244,-110,-1587,-2147,0,0
444,-2198,158,-2244,-561,-2305,0,0
1345,-3015,226,-6368,-982,-2242,0,0
2558,-4039,668,-6862,-382,-3545,0,0
3126,-4789,1221,-8055,-1291,-1785,0,0
154,-5135,1895,-9504,-630,-2827,0,0
-917,-4823,1562,-7531,913,-829,0,0
-2633,-5910,-338,-6800,2523,-762,0,0
-1687,-6432,-1480,-5626,2969,-1399,0,0
1157,-6104,-291,-8268,1380,-510,0,0
2229,-4984,2100,-7044,-927,-2728,0,0
369,-3412,3213,-6552,-3843,-3727,0,0
-3057,-2024,2552,-3648,-3243,-4569,0,0
-3975,-1087,1128,-1250,-3034,-5648,0,0
-4325,-31,-196,417,-2811,-5642,0,0
-4619,427,-1024,779,-801,-5600,0,0
-3236,941,-1907,-773,2253,-3849,0,0
78,1325,-2245,-5826,3237,-2995,0,0
2958,2378,-1484,-14570,1642,-1959,0,0
633,4211,748,-17667,-515,210,0,0
-745,5615,3747,-15227,-731,-956,0,0
319,6328,5152,-13960,597,18,0,0
1455,6211,4349,-11601,22,-231,0,0
2132,5650,2956,-8284,-550,-1177,0,0
2357,4799,1812,-6170,-285,-597,0,0
2729,3977,536,-4590,-590,-323,0,0
1670,3403,-681,-4110,-42,357,0,0
879,3002,-1229,-4012,-135,1394,0,0
63,2568,-1267,-2486,75,1533,0,0
131,2223,-1160,-2173,-367,1555,0,0
323,1736,-729,-913,-674,598,0,0
461,1152,-81,847,-1534,-964,0,0
-143,683,244,568,-2026,-2354,0,0
-1828,420,120,188,-1101,-3310,0,0
-983,65,-11,1239,-327,-3871,0,0
-172,-319,134,1085,152,-5445,0,0
22,-416,146,1031,-459,-6087,0,0
-41,-393,119,774,-103,-7055,0,0
315,-177,31,1173,-798,-6969,0,0
-272,-11,88,681,-63,-6363,0,0
12,-100,128,757,-1273,-5598,0,0
-272,-326,156,676,-2062,-3358,0,0
-417,-906,-186,-120,-2667,-1961,0,0
-350,-1755,-458,-1453,-1781,-856,0,0
199,-2934,-429,-4101,-913,-971,0,0
226,-4459,-38,-6848,1254,-1585,0,0
2423,-5623,871,-12251,4049,-3919,0,0
3444,-5349,2496,-10857,335,-32,0,0
-1770,-5737,1836,-7536,-717,840,0,0
-2820,-6872,-514,-6390,3515,-2814,0,0
-1261,-6161,-813,-6316,740,-2660,0,0
-1887,-5889,-42,-8585,187,-2636,0,0
-2567,-4965,619,-7468,856,-5320,0,0
-3446,-2705,755,-3798,-932,-4270,0,0
-5887,-1134,302,-1906,-1536,-4234,0,0
-6199,124,-721,-385,1692,-5063,0,0
-4996,1094,-1305,1241,3131,-4930,0,0
-3133,1207,-1324,894,5713,-2693,0,0
1917,657,-774,-4603,3822,-4032,0,0
5140,1160,-13,-14566,456,-1900,0,0
4253,3269,1663,-14308,-2197,1394,0,0
3141,4190,2847,-10521,-2188,-257,0,0
1384,4886,2569,-10835,681,-81,0,0
-17,5174,2252,-10567,1008,12,0,0
7,5183,2253,-8021,503,-129,0,0
1304,4685,2442,-8335,864,-1829,0,0
2206,4623,1916,-7608,396,-1685,0,0
1071,4465,1148,-5857,330,-1195,0,0
197,3942,839,-5387,-93,61,0,0
-324,3218,611,-3093,-439,691,0,0
489,2452,224,-1448,-821,665,0,0
1159,1874,-284,-979,-503,361,0,0
1416,1528,-497,-1010,-1076,197,0,0
1486,1253,-378,-739,-1622,-814,0,0
270,1028,-160,124,-2501,-1137,0,0
-1230,680,88,386,-847,-2288,0,0
-523,324,6,332,-939,-2997,0,0
-77,74,106,435,-659,-4333,0,0
-204,11,136,635,-618,-5055,0,0
-212,19,10,842,214,-5998,0,0
313,36,-49,1280,66,-6567,0,0
326,97,105,1813,-565,-6394,0,0
-98,29,25,2198,-372,-7056,0,0
-294,-108,69,1566,-888,-6772,0,0
8,-213,49,1315,-1289,-6576,0,0
2,-238,66,812,-2848,-4782,0,0
-981,-485,-541,-46,-2308,-1000,0,0
-661,-1520,-1199,-261,-2508,-18,0,0
-686,-2894,-1527,-3014,-1393,330,0,0
547,-4358,-1672,-7989,447,-1812,0,0
2002,-5252,-637,-9929,-44,467,0,0
1657,-6405,730,-12499,2113,316,0,0
2406,-6203,1173,-10382,572,-931,0,0
-1788,-6036,69,-6124,3007,-659,0,0
-327,-6449,-874,-6894,2410,-394,0,0
1058,-6919,-2,-10348,946,-2528,0,0
-389,-5752,1142,-7873,-620,-5165,0,0
-3967,-3771,1391,-5820,-2303,-5047,0,0
-6078,-2074,805,-2873,72,-6123,0,0
-4194,-815,70,-640,1031,-8310,0,0
-2363,354,-336,743,2226,-7677,0,0
142,1058,-612,176,2952,-4777,0,0
1953,1183,-932,-5403,2189,-4569,0,0
2252,2327,-768,-16175,2642,-3482,0,0
1505,4524,1156,-23066,114,261,0,0
-641,7223,3543,-16489,-1511,1340,0,0
-1295,6995,5403,-14531,2112,237,0,0
722,6581,5161,-11361,1693,522,0,0
1692,5651,3702,-8598,135,648,0,0
1546,4794,2488,-5940,121,904,0,0
1348,3955,1697,-4499,-144,1254,0,0
1248,3002,1016,-3600,475,2078,0,0
3050,1961,568,-2312,-438,1776,0,0
4243,1231,283,-2334,-633,533,0,0
3476,937,-259,-1641,-1826,83,0,0
527,700,-520,-540,-1716,-1532,0,0
-742,600,-413,-63,-1810,-1877,0,0
-1427,469,-304,484,-1098,-2562,0,0
-1156,312,-301,-314,-465,-3131,0,0
-451,133,-140,-146,-1048,-3406,0,0
-433,-48,147,-1,-422,-4959,0,0
96,-61,78,841,-957,-5969,0,0
-483,-56,21,1083,398,-6494,0,0
404,-118,-203,960,-284,-7086,0,0
5,-182,-65,1098,-347,-7392,0,0
240,-238,-17,159,-1742,-6335,0,0
-833,-332,132,703,-2478,-3034,0,0
-330,-1208,-153,-16,-1369,-2815,0,0
621,-2075,-940,-2470,-1962,-1179,0,0
-570,-3078,-821,-4847,625,-767,0,0
2300,-4271,-313,-6867,-612,-2176,0,0
2147,-4942,689,-9318,-805,-768,0,0
-925,-5839,760,-11642,595,-261,0,0
-1446,-6128,-188,-9809,1959,-862,0,0
-833,-6065,-807,-5950,1498,-1186,0,0
-692,-6036,-514,-7921,1092,-1551,0,0
-1139,-5614,135,-8414,321,-1752,0,0
-2079,-4978,241,-6388,-233,-4505,0,0
-3402,-3464,23,-3270,16,-5307,0,0
-3421,-2058,-427,-717,30,-5907,0,0
-2993,-1214,-1158,279,1940,-6189,0,0
-1543,-564,-1548,-802,3485,-4977,0,0
69,182,-1291,-1879,1812,-3527,0,0
-1078,984,188,-4817,1051,-1857,0,0
600,1765,1401,-11705,1841,-2700,0,0
2112,3427,2335,-15945,-1119,1097,0,0
1169,4285,3360,-16245,-2272,-362,0,0
-1001,5672,4233,-11535,-1931,959,0,0
-1440,5394,5028,-7905,130,922,0,0
1461,4737,4153,-6771,416,67,0,0
2544,4340,2405,-5980,357,216,0,0
1542,3460,970,-6324,859,649,0,0
689,2387,276,-4620,1342,606,0,0
1076,1356,411,-3108,763,-519,0,0
1568,752,718,-2704,357,-2121,0,0
1320,845,882,-2042,130,-2304,0,0
846,773,914,-1940,45,-2884,0,0
1063,627,794,-1091,296,-3520,0,0
1476,533,385,-1043,-222,-3926,0,0
1033,593,-137,-552,-533,-3965,0,0
619,621,-530,-839,-330,-3376,0,0
648,609,-674,-808,-67,-2986,0,0
977,562,-766,-824,-726,-3120,0,0
400,685,-572,-865,-425,-2783,0,0
29,872,-2376,-1075,-548,-1978,0,0
217,947,-197,-1105,-958,-1792,0,0
90,888,-145,-863,-1008,-1917,0,0
-246,768,-84,-406,-1283,-1560,0,0
-2736,518,-23,1,-1136,-1956,0,0
-174,211,51,51,-804,-2643,0,0
515,-31,-39,-367,-1112,-3738,0,0
569,-21,-17,-448,-1250,-4795,0,0
174,89,4,-212,-1585,-5706,0,0
-502,212,33,-228,-1716,-6016,0,0
-1075,212,51,327,-931,-5989,0,0
-54,-45,-147,478,-651,-6726,0,0
270,-257,-250,-31,-1117,-6199,0,0
-701,-315,-353,-9,-1233,-6315,0,0
-1184,-318,-257,-795,-764,-5587,0,0
-130,-496,-163,-1052,-678,-7073,0,0
224,-384,-472,-1163,-1228,-6874,0,0
-684,-327,-301,-1077,-146,-5312,0,0
637,-702,497,-1588,653,-2879,0,0
1512,-1520,682,-3374,-264,-664,0,0
-134,-2177,831,-3473,-160,818,0,0
-1893,-3159,276,-4068,166,2416,0,0
-1372,-4690,-1075,-4564,686,2201,0,0
945,-6028,-1909,-4578,489,1288,0,0
1970,-7131,-1811,-7775,575,745,0,0
1885,-7309,-1298,-9215,581,-652,0,0
747,-6369,-482,-8088,-132,-3480,0,0
-1716,-5082,39,-6153,-239,-1912,0,0
-3679,-3760,331,-3606,-1415,-3396,0,0
-7082,-2382,-44,-2272,-1418,-3889,0,0
-9167,-1050,-1297,-1817,1987,-3586,0,0
-7744,-350,-2116,-3100,5530,-2547,0,0
-1072,-245,-1390,-10728,11771,-5594,0,0
7731,1749,1916,-13615,-2559,-1878,0,0
4639,3479,4238,-13595,-6463,1018,0,0
2813,4386,4192,-7797,-2489,1908,0,0
2417,4084,2576,-5725,-2357,648,0,0
1091,3706,1458,-6090,103,-791,0,0
837,3582,1215,-7415,875,-699,0,0
1268,3622,1625,-8858,1647,-2034,0,0
1701,4042,2261,-7389,862,-2701,0,0
1580,4137,2394,-6502,632,-2394,0,0
1076,3848,1901,-5073,236,-1700,0,0
-238,3310,1487,-3260,-330,-519,0,0
65,2540,1145,-2235,-20,-248,0,0
1661,1955,365,-1529,-233,72,0,0
2385,1442,-17,-1928,-877,-509,0,0
1975,1363,-321,-2051,-908,-336,0,0
1744,1328,-847,-1836,-1439,-438,0,0
1274,1215,-999,-825,-1785,-1342,0,0
54,1130,-787,-821,-1991,-1162,0,0
-1994,950,-346,432,-585,-1940,0,0
-1515,512,18,856,-614,-3202,0,0
-169,191,161,761,-255,-4486,0,0
-242,165,102,648,-1250,-4375,0,0
-1240,48,243,938,-570,-4418,0,0
-503,-271,301,584,-910,-4996,0,0
-8,-483,127,325,-1017,-5871,0,0
210,-647,53,719,-985,-7239,0,0
1420,-599,82,37,-2011,-8150,0,0
438,-208,-79,386,-2366,-8507,0,0
-441,176,-155,365,-1252,-7355,0,0
-338,375,-282,113,-1633,-6287,0,0
-277,390,-278,442,-1589,-4412,0,0
-497,139,-543,35,-2038,-2038,0,0
-727,-480,-384,-344,-1432,-633,0,0
-520,-1501,17,-3687,-1302,1756,0,0
-449,-2908,868,-6287,-1372,1284,0,0
-1290,-3889,1685,-7283,223,961,0,0
-2216,-5141,67,-7907,3130,398,0,0
-549,-6563,-2506,-8085,4283,-157,0,0
1744,-7920,-2970,-8848,3054,-915,0,0
1154,-8648,-1871,-10951,2430,166,0,0
625,-8530,-715,-11987,2299,-2703,0,0
469,-6543,648,-9078,-805,-6568,0,0
-3762,-3922,1707,-5153,-3668,-4749,0,0
-8204,-2241,1305,-2637,-1293,-6563,0,0
-7803,-1008,-446,-1135,3168,-8390,0,0
-3535,-41,-1844,-3712,4263,-7920,0,0
204,875,-1915,-7877,6771,-6712,0,0
3601,3047,694,-14120,2232,-2730,0,0
1901,5192,3760,-19354,-1944,545,0,0
-1707,6682,5958,-16181,542,1004,0,0
-1361,6308,7740,-16899,1246,925,0,0
650,5439,7017,-11899,1041,843,0,0
2813,4090,5043,-9075,801,116,0,0
3580,3254,3185,-7197,731,-2776,0,0
3882,2684,1837,-6439,648,-918,0,0
3754,2426,685,-5431,-44,-133,0,0
2196,2189,-34,-2817,-239,842,0,0
1679,1430,2,-2808,-521,330,0,0
1928,914,149,-431,-963,257,0,0
1090,789,-97,-526,-891,355,0,0
725,856,-515,-1043,-892,405,0,0
1050,793,-689,-550,-504,150,0,0
1253,621,-664,465,-2182,-474,0,0
-752,472,-246,-35,-1479,-2482,0,0
-1983,377,-146,150,-1273,-2932,0,0
-1981,-29,133,-201,9,-4599,0,0
11,-164,114,-19,-813,-4692,0,0
-105,-155,207,-193,-498,-5768,0,0
302,-31,64,101,-1023,-6097,0,0
32,182,-140,-62,-805,-5794,0,0
246,174,-93,600,-1337,-5730,0,0
25,110,63,691,-134,-6234,0,0
1103,110,-14,655,-1740,-6216,0,0
-267,166,7,858,-1578,-5615,0,0
-563,-32,-24,921,-1357,-5606,0,0
-292,-255,-58,938,-1384,-5820,0,0
-203,-291,-270,712,-1557,-5869,0,0
-705,-245,-572,276,-1211,-5215,0,0
-655,-324,-642,167,-656,-4846,0,0
-475,-427,-373,-433,-1285,-2612,0,0
-683,-681,120,-1451,-670,-550,0,0
537,-1481,811,-2719,-851,109,0,0
1970,-2994,1002,-5026,221,380,0,0
2658,-4781,813,-8053,-43,64,0,0
1073,-6155,996,-9456,641,-141,0,0
-577,-6878,511,-9310,1234,-135,0,0
-1541,-7041,-637,-8239,1472,-1166,0,0
-1619,-6825,-1441,-7910,1737,-427,0,0
-1380,-7090,-1340,-10620,1988,-1298,0,0
-1165,-6423,-408,-8574,916,-4427,0,0
-2388,-4339,852,-4384,-1112,-5929,0,0
-4569,-2114,1412,-2488,-1384,-6362,0,0
-4995,-719,399,-652,803,-7337,0,0
-3239,203,-503,348,2017,-6236,0,0
783,469,-837,-4645,2737,-4960,0,0
3681,1349,-659,-13029,792,-4021,0,0
1111,3585,1352,-16377,-940,-700,0,0
-59,5493,3216,-11016,-937,210,0,0
-111,5815,4089,-11049,926,186,0,0
5,5551,4171,-12163,897,-666,0,0
764,5218,3544,-10077,1130,139,0,0
2633,4478,2655,-9071,808,-826,0,0
3226,4202,1771,-7217,-33,-951,0,0
2003,3955,1100,-4850,-267,4,0,0
1806,3328,634,-3213,-139,738,0,0
1650,2586,137,-1938,-664,1110,0,0
1162,2006,-185,-1917,-681,1141,0,0
340,1704,-436,-1416,-766,1176,0,0
-29,1417,-611,-621,-1663,695,0,0
-595,906,-127,219,-1582,-755,0,0
-249,550,-68,-318,-1108,-2219,0,0
-447,421,-183,-550,-1107,-4023,0,0
-240,512,-56,-131,-709,-3985,0,0
-715,436,218,734,-641,-4445,0,0
-511,306,234,780,-152,-4741,0,0
-226,187,199,677,-645,-4906,0,0
-515,25,214,409,-347,-4657,0,0
-165,-334,246,1212,-332,-5671,0,0
553,-656,190,1020,-299,-7553,0,0
1027,-539,78,753,-1379,-8809,0,0
-15,-53,-89,707,-1439,-8503,0,0
-321,283,-381,507,-1213,-7470,0,0
-715,435,-355,667,-1783,-4867,0,0
-535,163,-557,422,-787,-3618,0,0
1522,-341,-823,186,-2036,-2408,0,0
81,-849,-567,-295,-2044,-161,0,0
-975,-2012,84,-2355,330,-461,0,0
1614,-3438,392,-5550,695,-962,0,0
870,-4477,668,-7763,1183,307,0,0
845,-5364,955,-8163,1466,-526,0,0
328,-5604,486,-6225,362,-6,0,0
-226,-6174,-537,-5221,-438,186,0,0
-750,-6463,-1289,-6813,1815,2162,0,0
-314,-7139,-1016,-10715,2687,803,0,0
460,-7063,226,-10231,1030,-2448,0,0
-1483,-5363,1144,-7485,-1260,-3938,0,0
-4505,-3503,913,-4231,-3081,-5681,0,0
-7803,-1998,-172,-2234,-2074,-7371,0,0
-8266,-376,-1272,-1979,3579,-6987,0,0
-2967,257,-2101,-5649,7545,-7672,0,0
3336,1933,-1091,-8540,4025,-4953,0,0
3361,3910,2157,-16369,-2007,-744,0,0
426,5679,4340,-12696,-1791,748,0,0
-351,5988,5915,-13603,913,264,0,0
734,5653,5789,-14769,489,-305,0,0
1532,5331,4334,-9895,-421,879,0,0
1697,4310,2982,-6734,144,335,0,0
2450,3241,1865,-6638,299,-911,0,0
2536,2807,846,-4941,-382,-500,0,0
1963,2480,215,-4192,-1199,-354,0,0
942,2207,-175,-2828,-1705,334,0,0
464,1747,-472,-1966,-1821,53,0,0
277,1584,-317,-2041,-1050,-112,0,0
649,1658,-134,-1397,-1874,863,0,0
-333,1404,92,-638,-1928,-102,0,0
-1043,911,111,-107,-1307,-444,0,0
-54,217,147,-24,-357,-1853,0,0
18,-126,77,-82,-607,-3593,0,0
634,-260,118,-403,-93,-5457,0,0
34,-52,61,-257,-1320,-5903,0,0
-1119,230,79,-503,53,-6022,0,0
-532,276,127,-261,-521,-5739,0,0
-293,219,91,-276,98,-5920,0,0
-292,99,6,62,370,-6894,0,0
475,60,-33,-24,356,-7753,0,0
449,204,67,687,-603,-7798,0,0
-199,328,138,612,-328,-6528,0,0
-349,270,35,504,-811,-5182,0,0
-800,36,121,311,-669,-4093,0,0
-118,-247,-150,-345,-1426,-3062,0,0
-116,-565,-337,-491,-1805,-1180,0,0
111,-1351,-310,-1575,-1243,-577,0,0
795,-2493,-96,-3651,-288,-1391,0,0
1492,-3445,321,-4812,-1497,-3174,0,0
38,-4188,318,-7331,-111,-3592,0,0
-1266,-4059,-150,-7974,963,-1737,0,0
-930,-4647,-1015,-6238,2484,-797,0,0
-483,-4849,-1785,-3731,1030,-430,0,0
-1278,-4314,-1897,-2153,1262,702,0,0
-1635,-4465,-1819,-4602,1525,420,0,0
-1287,-4989,-1438,-6585,1967,-1187,0,0
-570,-4837,-962,-6248,1092,-2342,0,0
-1545,-3770,-639,-4494,-209,-3112,0,0
-3297,-2478,-51,-2212,-438,-4657,0,0
-3756,-1315,319,-752,72,-5365,0,0
-3342,-520,-164,-1283,499,-4201,0,0
-2276,-473,-1447,-7428,4385,-6168,0,0
2270,1415,-1205,-12104,3292,-3788,0,0
2461,3250,1542,-13087,-1692,-1115,0,0
372,4112,3637,-10409,-1207,-1163,0,0
389,4617,4329,-9915,2655,-585,0,0
1307,4878,4395,-10807,1122,-3,0,0
1627,4804,3789,-9671,20,60,0,0
2406,4420,3107,-8184,1003,157,0,0
3251,4063,2221,-7189,736,-284,0,0
2597,3820,1295,-4935,-92,83,0,0
1412,3083,613,-4127,4,341,0,0
1977,2391,232,-1639,121,590,0,0
3829,1913,16,-1741,-1060,515,0,0
2946,1704,-392,-1764,-677,637,0,0
819,1435,-758,-1021,-1900,354,0,0
-969,1100,-486,-483,-1585,-474,0,0
-2058,680,-84,357,-1605,-1446,0,0
-1267,263,246,151,-1020,-3517,0,0
-522,131,125,57,-1370,-4757,0,0
-928,257,11,-36,-1191,-5059,0,0
-1758,226,265,190,-254,-5067,0,0
-606,4,292,481,-153,-5901,0,0
196,-92,197,620,-692,-6739,0,0
25,73,-35,638,-565,-6268,0,0
-171,77,-59,773,-11,-6615,0,0
531,-40,62,617,-832,-6555,0,0
-92,-72,103,568,-1351,-7029,0,0
-299,-30,-139,225,-2202,-5519,0,0
-1182,-221,-346,279,-2687,-2362,0,0
-236,-969,-714,-903,-1437,-1154,0,0
803,-1859,-550,-2920,-1818,-418,0,0
-647,-2872,257,-5465,-566,-170,0,0
-242,-4597,561,-7782,1272,-714,0,0
1224,-5877,211,-9447,1732,-1242,0,0
328,-6081,-113,-8526,2055,-1795,0,0
-2457,-5376,-577,-6005,2612,-638,0,0
-2688,-5356,-1742,-4082,4303,-797,0,0
-42,-5817,-2259,-6901,3289,-846,0,0
1837,-5710,-1104,-8103,912,-1799,0,0
971,-4272,1122,-4796,-1773,-3351,0,0
-2644,-2566,1930,-4836,-3604,-3968,0,0
-6402,-997,1091,-2287,-2705,-5457,0,0
-8109,310,-455,-59,497,-5669,0,0
-6581,1033,-1542,72,3601,-4034,0,0
-2185,622,-2701,-6247,9365,-4075,0,0
6634,1681,-1548,-13134,5588,-2169,0,0
7625,3940,1745,-16299,-5422,1396,0,0
1040,5325,3327,-12402,-3198,407,0,0
-2017,6001,4498,-9276,2188,1196,0,0
-446,5459,4418,-7011,-163,170,0,0
770,4206,3233,-7192,957,-1007,0,0
2240,3203,1930,-7240,1902,-1864,0,0
3092,2898,1088,-7247,1359,-2916,0,0
2373,3324,719,-6725,809,-1438,0,0
574,3453,695,-4926,359,-39,0,0
-132,3051,953,-3253,97,881,0,0
1512,2304,604,-1854,-213,922,0,0
2150,1888,-29,-1473,-675,1113,0,0
1718,1629,-617,-721,-908,662,0,0
938,1375,-764,-557,-1522,-223,0,0
-374,995,-353,-531,-1676,-947,0,0
-1031,547,39,751,-1115,-2785,0,0
-582,350,130,178,-1387,-3391,0,0
-800,243,18,355,-735,-4087,0,0
-785,88,181,514,-409,-4260,0,0
-573,-76,267,337,-167,-4783,0,0
4,-111,96,629,-876,-5737,0,0
-552,28,93,1017,-231,-6384,0,0
-685,265,-133,742,-365,-6124,0,0
-1147,351,-349,397,1786,-5002,0,0
1046,-204,-150,1353,956,-5520,0,0
1043,-614,141,1099,302,-6490,0,0
404,-579,127,1007,-144,-7778,0,0
-211,-251,164,198,-341,-7213,0,0
-586,27,102,13,-803,-6621,0,0
-457,136,94,219,-390,-6129,0,0
413,182,-257,36,-1100,-5383,0,0
352,143,-297,124,-1079,-2909,0,0
2085,-550,-59,-60,-1599,-1273,0,0
2840,-1654,77,-2186,-2523,744,0,0
1085,-2579,-10,-5628,-2685,2577,0,0
-2722,-3218,799,-5513,-1943,5378,0,0
-5508,-4929,-675,-8149,4366,3943,0,0
-2489,-6646,-4126,-7973,4137,704,0,0
1116,-7538,-4809,-9308,1756,70,0,0
1521,-7334,-2860,-10282,1967,-420,0,0
757,-6362,-599,-8629,1832,-1795,0,0
783,-5391,914,-8311,811,-3554,0,0
-17,-3950,1978,-6176,-653,-5125,0,0
-2595,-2376,1870,-3460,-1316,-6565,0,0
-4173,-912,1024,-1019,-800,-7156,0,0
-3218,64,107,-750,131,-5908,0,0
-623,16,-1333,-7646,4725,-8363,0,0
5037,2105,-2293,-17254,1823,-4185,0,0
2224,5151,-1246,-15433,-1655,-270,0,0
-2858,6416,1581,-13248,-35,140,0,0
-3265,6325,4214,-14677,3242,1246,0,0
-891,6117,4856,-11120,2228,1532,0,0
1271,5108,4199,-8756,1051,975,0,0
2744,4103,3301,-7793,1214,1017,0,0
2608,3363,2321,-5620,709,888,0,0
2421,2541,1503,-3928,-289,249,0,0
1965,1987,1029,-1886,-1215,-161,0,0
1249,1551,609,-1249,-1188,-384,0,0
507,1253,140,-643,-1937,-145,0,0
-386,967,-277,-375,-1466,-96,0,0
123,676,-191,-526,-831,-637,0,0
1203,576,51,-873,-1736,-636,0,0
336,531,316,-854,-2029,-974,0,0
-486,274,331,51,-1874,-1790,0,0
-542,-93,69,601,-1315,-2479,0,0
-735,-266,132,-98,-279,-3467,0,0
-585,-250,-145,-697,44,-4158,0,0
-964,-259,-89,-292,1027,-5630,0,0
-250,-128,-253,-368,1470,-6257,0,0
294,102,-124,-339,560,-6420,0,0
-136,392,75,-521,473,-5860,0,0
-135,489,137,-234,530,-6323,0,0
236,539,48,-75,231,-5679,0,0
236,508,83,142,105,-5877,0,0
224,419,126,831,-65,-5818,0,0
321,184,77,1886,-76,-6900,0,0
527,74,-82,1848,-917,-7372,0,0
-78,231,-468,948,-863,-7383,0,0
-271,443,-599,210,-1034,-5722,0,0
-497,445,-427,210,-1666,-3289,0,0
116,41,-412,139,-1447,-1425,0,0
1130,-662,-437,-745,-2321,-321,0,0
330,-1584,-133,-2120,-1818,-372,0,0
469,-2809,74,-4854,-649,-1236,0,0
553,-4168,89,-6991,284,-1534,0,0
281,-5074,7,-7506,2283,-2872,0,0
233,-5519,-492,-6652,2343,-420,0,0
-1346,-6088,-1395,-6130,4182,-448,0,0
17,-6792,-1947,-5757,3417,-9,0,0
1069,-7485,-1404,-8179,1943,108,0,0
1991,-7215,-400,-9450,1838,-1446,0,0
2191,-5691,861,-8133,-1966,-3586,0,0
-2525,-3342,1993,-5731,-5669,-4483,0,0
-7415,-1476,2078,-2534,-3302,-5972,0,0
-5438,-276,575,-214,-398,-8113,0,0
-1585,373,-1123,-593,-496,-6927,0,0
-116,358,-2593,-9983,2838,-8557,0,0
1246,3283,-1959,-16013,1692,-2116,0,0
-955,5653,1807,-14182,-2548,884,0,0
-3012,5492,5260,-13250,226,-28,0,0
-927,5240,6620,-13767,4630,333,0,0
2567,5306,5447,-11740,523,944,0,0
2730,4792,4027,-10453,-102,1065,0,0
2132,4233,3177,-8094,487,360,0,0
2073,3727,2255,-5533,-213,314,0,0
1526,3049,1349,-3836,-925,954,0,0
1278,2307,780,-2089,-864,1213,0,0
2122,1708,418,-1017,-1455,1414,0,0
2539,1330,-147,-1894,-1119,688,0,0
2530,1406,-618,-2283,-724,610,0,0
2343,1395,-723,-793,-3212,452,0,0
-1331,955,-371,792,-3488,-828,0,0
-3454,275,-137,773,-220,-3256,0,0
-1631,-45,-278,-26,-246,-3227,0,0
-917,-274,-131,405,-101,-4328,0,0
-585,-465,51,240,707,-5675,0,0
394,-399,-242,645,-20,-5908,0,0
286,-245,-361,244,591,-6981,0,0
988,-165,-183,47,210,-6669,0,0
343,16,28,127,-362,-6726,0,0
-31,115,142,446,47,-7402,0,0
339,317,131,944,-723,-7302,0,0
-361,554,36,1551,-414,-6783,0,0
-2504,465,92,1193,-176,-6229,0,0
-168,304,82,616,-754,-5703,0,0
-355,296,119,681,-1279,-5245,0,0
-621,374,-98,601,-2311,-2843,0,0
-950,53,-484,338,-2240,-566,0,0
-1742,-863,-247,-542,-1785,564,0,0
-796,-2223,771,-2813,-1293,-166,0,0
810,-3307,224,-5746,-1062,-2241,0,0
29,-4079,-843,-5629,473,-115,0,0
716,-5251,-1818,-8294,2167,-276,0,0
-92,-5752,-2428,-8636,3322,1435,0,0
-623,-6926,-2768,-8382,5386,-650,0,0
1742,-6914,-1967,-6676,3156,-934,0,0
2286,-6359,31,-7784,1405,-744,0,0
1579,-5534,1704,-8581,-6,-2585,0,0
287,-4365,2341,-7548,-2233,-5399,0,0
-3105,-2359,1991,-4615,-4116,-5875,0,0
-5304,-589,1070,-1560,-2941,-6723,0,0
-3153,390,-108,144,-2846,-6891,0,0
-2689,895,-1497,-832,-1140,-5234,0,0
-1688,821,-2544,-10081,4284,-6558,0,0
1930,3098,-1968,-15715,1476,-1514,0,0
-420,4946,892,-14086,-2362,569,0,0
-2764,5054,3681,-9957,1025,100,0,0
245,4719,4360,-9465,3289,-402,0,0
2747,4711,3245,-9887,167,-930,0,0
1598,4478,2353,-8863,223,-292,0,0
943,4069,2348,-6994,829,-18,0,0
1646,3684,2357,-5111,110,216,0,0
1508,3257,2041,-3335,-40,610,0,0
1593,2696,1328,-2810,-677,942,0,0
1179,2106,556,-1793,-1175,849,0,0
1546,1575,-118,-1875,-997,1140,0,0
1700,1155,-604,-1743,-1270,628,0,0
902,877,-625,-1233,-2473,-102,0,0
491,399,-154,-279,-1452,-2625,0,0
737,241,-287,-856,-2216,-3548,0,0
-708,253,-692,-35,-1551,-4870,0,0
-1180,327,-532,-338,-834,-5048,0,0
-919,357,-270,-62,-552,-4575,0,0
-554,236,-21,-412,-128,-5546,0,0
214,277,-61,246,-630,-5478,0,0
-75,257,12,654,-540,-5796,0,0
-256,248,49,736,-744,-5786,0,0
-308,65,328,1773,-320,-6429,0,0
-15,-191,236,1392,-1072,-6701,0,0
-119,-305,-16,751,-1536,-6739,0,0
-222,-398,-25,147,-2407,-5261,0,0
59,-545,-201,-316,-2487,-3034,0,0
571,-969,-656,-675,-3295,-1167,0,0
-454,-1805,-1102,-2411,-2126,630,0,0
-710,-3010,-1135,-5443,-226,1116,0,0
880,-4429,-919,-8309,436,-617,0,0
2076,-5441,-527,-10102,764,499,0,0
2859,-6714,-8,-13097,214,-1020,0,0
1304,-7002,397,-13416,1335,-1075,0,0
765,-6832,388,-10323,1365,-2786,0,0
732,-5796,1096,-6461,-813,-4112,0,0
-1808,-4295,2311,-5234,-2708,-5595,0,0
-3656,-2881,2023,-4499,-2275,-7173,0,0
-3922,-1434,456,-1777,-2092,-7100,0,0
-4760,-242,-906,-184,-169,-6534,0,0
-2637,646,-1637,181,1503,-5401,0,0
-703,1184,-1798,-421,2081,-3481,0,0
-54,1357,-1191,-2373,2677,-1957,0,0
681,1312,-224,-10578,3033,-2828,0,0
1165,2761,1545,-14982,1016,-1266,0,0
-390,4299,4303,-14425,-2038,-872,0,0
-881,4819,6119,-12551,517,-926,0,0
1733,4759,5637,-11107,863,-977,0,0
2908,4587,3737,-7890,-644,-1511,0,0
1576,3983,2473,-6104,240,-1159,0,0
2078,3107,1467,-4675,1263,-664,0,0
3875,2520,105,-3413,-263,-588,0,0
2786,2168,-712,-3224,-435,-575,0,0
1001,2106,-734,-2211,-146,399,0,0
1444,1929,-465,-1924,-270,-171,0,0
2279,1978,-462,-2756,-482,282,0,0
1229,1914,-767,-2570,-1202,242,0,0
-1377,1573,-705,21,-2119,627,0,0
-1752,652,-106,872,-843,-1071,0,0
-28,146,-39,164,-1703,-2136,0,0
-1006,-45,23,-103,-1107,-4080,0,0
-968,-112,208,86,-509,-3877,0,0
-894,-146,-70,484,-356,-4134,0,0
-900,-227,-122,168,558,-4324,0,0
311,-404,-319,205,455,-4876,0,0
710,-531,-210,-188,254,-6608,0,0
856,-496,242,-438,-495,-7703,0,0
826,-141,342,-618,-1477,-7785,0,0
193,251,59,-70,-1704,-7183,0,0
-305,306,-30,509,-798,-6588,0,0
321,132,-53,714,-1137,-6248,0,0
-350,127,-19,171,-1136,-6009,0,0
-510,124,-55,140,-1012,-5557,0,0
-227,95,-121,-59,-1392,-4820,0,0
-178,103,-292,-28,-2089,-4161,0,0
-809,48,-417,-150,-2315,-2211,0,0
-169,-399,-475,-503,-1474,-515,0,0
1869,-1165,-407,-1415,-1802,788,0,0
2004,-1950,-381,-3418,-689,1085,0,0
401,-3233,-494,-6247,1330,1370,0,0
1237,-5634,-193,-10442,2436,1037,0,0
3834,-7881,1155,-13616,2157,265,0,0
3525,-8202,2794,-13720,-212,-1265,0,0
-232,-6776,2867,-7853,-268,-2348,0,0
-3183,-6210,1704,-8367,1068,-2867,0,0
-3394,-5975,1883,-10066,-391,-7175,0,0
-2336,-3618,2368,-5966,-3018,-7386,0,0
-4143,-1089,2134,-1697,-4174,-6016,0,0
-3462,-257,754,696,-1079,-7542,0,0
-1413,520,-824,360,-1137,-6501,0,0
-2961,991,-2063,-3098,846,-3818,0,0
-1159,1080,-2340,-13068,6604,-5667,0,0
4599,3671,-692,-17044,2056,-912,0,0
2732,5962,1780,-15164,-4291,1810,0,0
-3585,6467,4041,-13337,-1196,250,0,0
-4869,6007,6568,-12435,5805,753,0,0
1240,5235,5799,-10849,553,1743,0,0
2953,4530,3656,-8361,-1146,1393,0,0
1946,3562,2326,-6747,662,681,0,0
359,2587,1468,-4554,-330,758,0,0
-982,1687,1361,-3048,-1039,944,0,0
-271,1135,1377,-1623,-688,457,0,0
313,720,1313,-374,-1780,397,0,0
-172,137,1077,-160,-1915,64,0,0
-683,-454,806,-393,-1074,-209,0,0
-689,-1106,636,-887,-361,-685,0,0
-459,-1821,193,-1957,27,-1006,0,0
-814,-2579,-559,-2765,435,-1543,0,0
-1033,-3296,-1501,-3562,2191,-2594,0,0
436,-3290,-2200,-3941,2467,-2334,0,0
638,-3314,-2426,-5080,2378,-3161,0,0
-371,-2869,-2038,-5713,2009,-2642,0,0
-1801,-2702,-1785,-6351,2437,-2745,0,0
-2989,-2298,-1708,-5677,2462,-3082,0,0
-4705,-1638,-1405,-4943,3241,-2569,0,0
-4986,-813,-937,-4414,3237,-2028,0,0
-6313,-204,-158,-4073,4526,-1433,0,0
-4195,53,468,-4039,4599,52,0,0
-52,-129,234,-3668,1633,310,0,0
708,-324,-27,-3489,659,527,0,0
894,-343,-110,-3925,988,139,0,0
1198,-153,-195,-4177,1028,-166,0,0
957,15,-188,-4374,533,348,0,0
219,8,-103,-4321,723,473,0,0
42,9,-24,-4182,721,254,0,0
-44,75,-9,-4011,779,93,0,0
-86,148,22,-4007,911,346,0,0
22,130,24,-4040,764,444,0,0
-34,75,53,-4068,773,246,0,0
-212,56,93,-4092,1017,95,0,0
-164,46,96,-3979,1237,150,0,0
-57,6,128,-3969,1170,226,0,0
-21,-63,122,-4004,1215,256,0,0
84,-81,65,-3888,1066,179,0,0
-58,-86,37,-4099,929,192,0,0
9,-98,-50,-4258,1207,189,0,0
217,-78,-110,-4053,1047,328,0,0
225,-100,-86,-3898,1077,246,0,0
299,-79,-31,-3911,1101,149,0,0
287,-32,36,-3951,910,207,0,0
163,-9,72,-4132,847,257,0,0
133,19,30,-4213,1012,322,0,0
134,25,20,-4131,1088,352,0,0
60,-4,77,-4094,1099,310,0,0
82,-23,130,-3936,976,219,0,0
39,-30,121,-3952,971,165,0,0
-38,-27,59,-3958,1192,166,0,0
50,-49,10,-3959,1270,192,0,0
173,-94,-31,-3978,1241,199,0,0
317,-104,-81,-4071,1281,178,0,0
424,-70,-103,-4042,1248,233,0,0
390,-42,-63,-3902,940,189,0,0
141,-28,4,-3826,816,295,0,0
1,-46,-9,-4039,938,427,0,0
36,-82,-61,-4029,1054,292,0,0
76,-100,-41,-4024,1104,128,0,0
67,-66,-18,-3969,1114,138,0,0
21,-34,22,-3978,1050,292,0,0
-60,-38,41,-4049,1033,350,0,0
-62,-56,19,-4056,1099,284,0,0
-39,-60,13,-4050,1092,216,0,0
-29,-53,-1,-3981,1075,234,0,0
-41,-30,-5,-3924,1016,250,0,0
-62,8,-13,-4015,1088,311,0,0
6,64,-50,-4085,1054,349,0,0
35,94,-38,-4089,1057,298,0,0
87,120,11,-4195,994,204,0,0
57,174,28,-4166,988,230,0,0
18,199,10,-4159,1113,272,0,0
47,217,26,-4043,1051,226,0,0
52,212,54,-3950,909,104,0,0
107,190,50,-3952,937,89,0,0
216,152,28,-4055,995,13,0,0
140,147,-7,-4138,1073,-22,0,0
22,181,-48,-4131,1064,-53,0,0
-86,240,-55,-4203,960,-134,0,0
-241,355,-100,-4212,902,-60,0,0
-574,340,-81,-3951,1211,103,0,0
-390,104,25,-3827,1183,-21,0,0
0,-72,73,-3877,989,-223,0,0
68,-82,0,-4005,1001,-249,0,0
7,-45,-92,-4062,1153,-145,0,0
47,-34,-112,-4102,1156,-56,0,0
78,-52,-87,-4023,1017,-18,0,0
134,-75,-77,-3943,988,-82,0,0
157,-63,-65,-4043,1072,-120,0,0
139,-86,26,-4076,996,-104,0,0
130,-86,52,-4058,810,-180,0,0
10,-2,8,-3805,887,-163,0,0
-84,53,43,-3530,903,-144,0,0
-75,51,97,-3544,853,-151,0,0
-178,68,81,-3903,743,137,0,0
-313,98,-64,-4178,823,122,0,0
-385,120,-182,-4577,946,-42,0,0
-428,82,-118,-4535,1164,-323,0,0
-196,19,10,-4418,1017,-539,0,0
133,-23,36,-4141,756,-649,0,0
141,-4,26,-3955,692,-490,0,0
-43,26,14,-3938,954,-245,0,0
-27,38,7,-3981,1143,-81,0,0
58,49,29,-3914,1147,-58,0,0
35,48,91,-3923,1024,-15,0,0
-30,6,134,-3963,968,14,0,0
78,-44,110,-4055,998,-127,0,0
175,-58,73,-4131,1023,-219,0,0
127,-69,66,-4232,1051,-266,0,0
111,-75,37,-4253,1176,-329,0,0
236,-66,23,-4170,1207,-185,0,0
467,-94,4,-4085,1170,-57,0,0
642,-121,-13,-3938,926,-102,0,0
462,-131,0,-3808,788,-185,0,0
316,-141,5,-3819,784,-179,0,0
237,-135,-21,-3987,909,-154,0,0
178,-115,-28,-4079,1062,-147,0,0
165,-93,19,-4088,1123,-139,0,0
160,-77,62,-4172,1153,-104,0,0
173,-68,65,-4208,1204,-34,0,0
478,-80,46,-3978,1277,-37,0,0
869,-103,15,-3767,1040,-221,0,0
576,-135,7,-3862,929,-273,0,0
268,-142,-15,-4105,1047,-128,0,0
401,-128,-52,-4200,1109,-123,0,0
492,-96,-24,-4205,1003,-150,0,0
398,-71,45,-4095,981,-161,0,0
436,-43,56,-4006,951,-130,0,0
380,-13,6,-4053,862,-121,0,0
205,13,-46,-4033,989,-137,0,0
341,11,-53,-3900,1027,-93,0,0
569,-21,-19,-3997,890,-54,0,0
504,-59,4,-4116,757,-87,0,0
222,-80,-44,-4078,750,-219,0,0
-129,-72,-85,-3900,873,-140,0,0
-180,-58,-54,-3969,995,-285,0,0
-209,26,22,-4105,936,-423,0,0
-295,107,43,-4217,943,-314,0,0
-207,141,21,-4205,984,-236,0,0
-1,136,16,-4056,939,-250,0,0
37,107,41,-3982,825,-310,0,0
-135,72,20,-4057,870,-328,0,0
-200,38,-47,-4146,1065,-327,0,0
-68,30,-71,-4119,1161,-407,0,0
97,48,-47,-3981,1043,-408,0,0
151,70,-1,-4040,860,-380,0,0
49,93,1,-4071,795,-359,0,0
-47,116,-28,-4095,853,-291,0,0
17,123,-68,-4174,991,-314,0,0
310,90,-81,-4153,978,-334,0,0
334,59,-34,-4003,794,-476,0,0
147,50,5,-3978,651,-535,0,0
11,70,-28,-4111,674,-535,0,0
-125,91,-46,-4169,841,-468,0,0
-166,88,-22,-4085,880,-467,0,0
-171,74,-5,-4025,849,-480,0,0
-132,51,-9,-4042,861,-538,0,0
-82,53,-30,-4036,876,-554,0,0
-61,48,-31,-4089,913,-543,0,0
-20,36,-32,-4079,892,-554,0,0
9,21,-39,-4030,845,-592,0,0
40,15,-43,-4055,844,-639,0,0
-17,30,-42,-4129,828,-657,0,0
-470,53,45,-4164,832,-668,0,0
-744,47,161,-4127,968,-528,0,0
-278,39,111,-4015,920,-562,0,0
114,57,15,-3876,792,-613,0,0
66,65,-1,-3878,752,-508,0,0
-4,43,-17,-3916,791,-441,0,0
100,12,-69,-4019,844,-467,0,0
152,-5,-79,-3997,867,-554,0,0
78,-1,-32,-3945,818,-562,0,0
-40,4,4,-3978,763,-544,0,0
-110,11,-2,-3959,815,-574,0,0
-81,30,-19,-3965,845,-549,0,0
-63,42,-17,-4092,826,-524,0,0
-130,57,-18,-4288,868,-454,0,0
-169,65,-38,-4299,963,-415,0,0
-95,25,-3,-4057,905,-509,0,0
14,-48,51,-3874,752,-646,0,0
155,-88,21,-3921,664,-771,0,0
174,-63,-55,-4078,784,-831,0,0
20,9,-67,-4043,890,-732,0,0
-16,68,-25,-4006,917,-643,0,0
24,97,8,-4068,858,-497,0,0
6,82,46,-4119,838,-429,0,0
-4,39,64,-4114,770,-425,0,0
-6,-26,37,-4080,763,-587,0,0
65,-34,13,-4027,857,-790,0,0
169,-13,5,-4021,834,-735,0,0
138,-24,11,-4042,896,-761,0,0
91,-16,27,-4055,960,-654,0,0
239,-14,38,-4031,936,-654,0,0
394,17,56,-3988,755,-583,0,0
312,36,69,-4089,640,-537,0,0
126,23,49,-4165,683,-511,0,0
10,-18,19,-4105,772,-560,0,0
-46,-70,15,-4088,874,-639,0,0
-2,-105,6,-4030,895,-757,0,0
107,-70,1,-3932,798,-830,0,0
126,-14,11,-4070,751,-798,0,0
86,50,9,-4143,818,-669,0,0
70,84,29,-4027,793,-539,0,0
20,62,54,-4043,743,-503,0,0
-10,7,11,-4056,776,-522,0,0
-10,-54,-21,-4026,840,-625,0,0
-14,-71,9,-3989,834,-732,0,0
-28,-50,35,-3971,768,-798,0,0
-87,-11,20,-3966,792,-741,0,0
-137,7,-5,-4071,925,-654,0,0
-93,-4,6,-4045,938,-616,0,0
3,-33,26,-4054,896,-675,0,0
96,-43,19,-4030,850,-747,0,0
74,-30,20,-4018,846,-698,0,0
47,-24,18,-4027,887,-655,0,0
82,-24,17,-4016,874,-623,0,0
98,-31,33,-4057,848,-631,0,0
75,-31,44,-4096,872,-629,0,0
56,-32,48,-4073,861,-651,0,0
100,-30,42,-3955,838,-608,0,0
125,-41,37,-3975,850,-611,0,0
129,-53,39,-4076,920,-639,0,0
178,-46,38,-4012,832,-648,0,0
117,-43,54,-3984,740,-600,0,0
32,-58,42,-4032,828,-596,0,0
50,-59,5,-4083,907,-623,0,0
22,-45,-7,-4154,974,-610,0,0
22,-31,13,-4064,935,-585,0,0
52,-32,49,-3959,820,-585,0,0
26,-31,50,-3996,768,-588,0,0
-2,-25,26,-4073,818,-612,0,0
-55,-16,30,-4100,877,-646,0,0
-84,18,37,-4064,889,-583,0,0
-98,42,34,-3992,860,-513,0,0
-191,25,31,-3986,934,-526,0,0
-111,-7,10,-3988,967,-594,0,0
-38,-4,-2,-3932,879,-606,0,0
-87,-7,-12,-3997,928,-603,0,0
-56,3,-34,-4070,936,-576,0,0
-69,8,-43,-4112,980,-509,0,0
-62,-14,-29,-4049,980,-531,0,0
-46,-25,3,-3980,882,-587,0,0
-56,-23,16,-3998,850,-610,0,0
-48,-22,-6,-4053,904,-620,0,0
-24,-16,-12,-4079,947,-597,0,0
14,-8,-1,-4068,946,-591,0,0
37,-3,14,-4036,905,-568,0,0
32,-5,18,-4019,871,-541,0,0
23,-14,8,-4038,916,-548,0,0
68,-17,7,-4060,966,-556,0,0
126,-13,14,-4030,923,-555,0,0
85,-18,24,-3999,850,-561,0,0
14,-13,28,-3988,860,-579,0,0
-4,-11,19,-4040,928,-586,0,0
21,-12,20,-4049,945,-572,0,0
43,-13,25,-4076,914,-549,0,0
72,-22,14,-4101,906,-546,0,0
99,-26,4,-4091,890,-540,0,0
108,-34,-1,-4032,878,-578,0,0
107,-42,-2,-4004,844,-585,0,0
84,-39,-6,-4056,877,-583,0,0
64,-27,-11,-4124,924,-597,0,0
19,-8,0,-4084,933,-597,0,0
8,7,36,-3924,862,-562,0,0
25,3,32,-3971,823,-517,0,0
57,-11,-14,-4069,866,-519,0,0
46,-15,-18,-4048,892,-529,0,0
28,-8,11,-4031,882,-519,0,0
18,-1,11,-4062,855,-509,0,0
-12,-7,0,-4088,882,-535,0,0
-19,-18,0,-4085,906,-585,0,0
19,-17,1,-3996,851,-626,0,0
31,-10,3,-3987,817,-607,0,0
14,-4,-4,-4052,861,-589,0,0
14,2,-15,-4047,915,-588,0,0
36,4,-7,-3992,883,-564,0,0
16,5,1,-3963,840,-557,0,0
-23,5,-2,-4009,856,-533,0,0
-64,12,-16,-4058,891,-534,0,0
-70,21,-5,-4089,876,-529,0,0
-66,15,-7,-4069,846,-530,0,0
-79,-3,8,-4057,835,-543,0,0
-75,-22,19,-4048,817,-591,0,0
-50,-29,0,-4051,883,-622,0,0
-19,-20,-14,-4056,950,-633,0,0
11,-3,-9,-4055,963,-593,0,0
32,7,2,-4045,895,-535,0,0
28,2,10,-4040,852,-513,0,0
41,-6,8,-4039,808,-554,0,0
32,-6,7,-3990,771,-582,0,0
4,-7,17,-4021,780,-570,0,0
-21,-13,5,-4101,870,-534,0,0
0,-18,-13,-4106,938,-527,0,0
12,-17,4,-4034,903,-549,0,0
9,-10,20,-3991,831,-555,0,0
-7,-9,10,-4066,873,-561,0,0
-6,-4,9,-4109,919,-560,0,0
45,-7,17,-4080,879,-585,0,0
53,-5,23,-4017,852,-574,0,0
-13,-3,41,-4028,903,-529,0,0
20,-11,36,-4073,904,-519,0,0
54,-16,9,-4041,880,-530,0,0
53,-26,14,-3987,852,-584,0,0
59,-25,15,-4001,860,-591,0,0
77,-20,-6,-4086,871,-561,0,0
78,-16,-11,-4081,897,-545,0,0
135,-6,-17,-4038,869,-582,0,0
128,-8,-9,-4046,838,-576,0,0
79,-25,4,-4103,858,-555,0,0
61,-12,7,-4090,855,-558,0,0
41,-10,11,-4035,842,-574,0,0
34,-11,12,-4007,833,-584,0,0
22,-4,6,-4026,835,-568,0,0
-5,-7,-3,-4036,862,-555,0,0
14,-17,-12,-4056,906,-561,0,0
71,-5,-16,-4015,855,-590,0,0
45,3,8,-3978,789,-561,0,0
-26,-14,13,-4022,815,-531,0,0
-21,-28,-24,-4039,868,-549,0,0
-17,-25,-23,-4037,853,-555,0,0
-51,-11,12,-4006,809,-555,0,0
-87,0,15,-4010,800,-527,0,0
-100,3,-13,-4113,863,-497,0,0
-78,1,-13,-4162,861,-528,0,0
-77,8,8,-4109,814,-607,0,0
-87,27,41,-4024,743,-591,0,0
-118,33,38,-4032,764,-534,0,0
-120,24,-3,-4091,899,-519,0,0
-110,16,-7,-4075,959,-539,0,0
-62,5,17,-4009,908,-579,0,0
-11,2,16,-4022,834,-611,0,0
-43,19,13,-4066,871,-586,0,0
-55,34,23,-4058,893,-539,0,0
-43,36,24,-3996,857,-544,0,0
-68,33,29,-3943,805,-543,0,0
-102,16,20,-4022,859,-538,0,0
-55,8,-13,-4116,942,-543,0,0
-28,14,1,-4066,916,-554,0,0
-30,9,32,-4033,861,-552,0,0
-26,-8,27,-4069,875,-575,0,0
-20,-12,11,-4070,921,-598,0,0
3,-15,11,-4146,958,-619,0,0
20,-5,10,-4069,979,-600,0,0
53,-6,23,-3942,889,-555,0,0
61,-12,18,-3968,841,-561,0,0
24,3,9,-4070,921,-536,0,0
18,-4,24,-4124,913,-537,0,0
38,-10,20,-4033,831,-587,0,0
42,-13,5,-3997,832,-613,0,0
30,-8,-1,-4035,928,-597,0,0
44,0,7,-4073,962,-564,0,0
53,0,10,-4027,885,-556,0,0
42,-4,12,-4016,828,-566,0,0
24,-10,8,-4035,878,-554,0,0
46,-19,3,-4070,901,-569,0,0
50,-11,-2,-4057,904,-589,0,0
47,-9,8,-4014,875,-584,0,0
21,1,24,-3996,853,-546,0,0
0,-3,11,-4043,897,-555,0,0
6,6,-4,-4041,905,-577,0,0
-30,18,15,-3961,856,-535,0,0
-59,13,20,-4001,855,-528,0,0
-83,8,-9,-4068,904,-550,0,0
-109,2,5,-4037,923,-598,0,0
-108,16,19,-3990,903,-642,0,0
-115,39,18,-3999,901,-589,0,0
-135,49,12,-4043,937,-545,0,0
-137,39,3,-4074,972,-576,0,0
-75,28,2,-4059,957,-634,0,0
-34,32,4,-4019,920,-651,0,0
-20,35,8,-4013,900,-609,0,0
-15,32,5,-4038,915,-571,0,0
-15,24,0,-4051,905,-588,0,0
-28,23,3,-4023,876,-621,0,0
-36,34,1,-3997,838,-600,0,0
-69,36,-3,-4036,884,-557,0,0
-88,32,-3,-4027,954,-573,0,0
-85,34,6,-4014,949,-607,0,0
-84,35,15,-3990,928,-632,0,0
-79,33,16,-4021,906,-630,0,0
-85,38,5,-4077,919,-637,0,0
-227,39,23,-4076,885,-620,0,0
-385,26,33,-4017,896,-576,0,0
-297,16,-1,-3979,927,-570,0,0
-225,8,-7,-4040,1023,-583,0,0
-134,5,0,-4020,1068,-596,0,0
-17,4,6,-3951,975,-646,0,0
15,2,8,-3925,944,-657,0,0
46,-2,0,-3983,979,-633,0,0
73,-6,3,-4055,1019,-592,0,0
123,-18,-4,-4028,1041,-564,0,0
210,-46,-3,-3986,1022,-577,0,0
235,-61,8,-4012,880,-639,0,0
75,-39,26,-4019,862,-631,0,0
8,-3,16,-4020,911,-592,0,0
-4,10,3,-4015,987,-550,0,0
28,11,18,-3956,960,-564,0,0
29,12,30,-4028,910,-594,0,0
-22,21,20,-4097,963,-602,0,0
-47,27,20,-4055,986,-600,0,0
45,21,51,-4022,1035,-600,0,0
193,2,62,-3975,950,-633,0,0
98,-32,44,-3944,882,-609,0,0
-4,-89,6,-4068,982,-633,0,0
140,-129,-5,-4057,1045,-821,0,0
188,-80,15,-3887,903,-779,0,0
73,-38,-4,-3892,997,-556,0,0
142,-45,-41,-3973,1041,-503,0,0
150,-42,-37,-3992,926,-533,0,0
71,-47,-17,-3976,915,-553,0,0
71,-54,-11,-3972,830,-589,0,0
-18,-45,-8,-4044,874,-596,0,0
46,-41,4,-4076,1206,-501,0,0
926,-61,18,-4058,1219,-603,0,0
1066,-40,22,-3994,694,-782,0,0
356,-8,43,-3969,613,-710,0,0
-91,13,-6,-4026,652,-645,0,0
-342,21,-54,-4100,751,-558,0,0
-471,5,-54,-4098,911,-518,0,0
-377,-14,-26,-4047,941,-586,0,0
-256,-14,-12,-3992,880,-669,0,0
-218,-5,-23,-4011,956,-705,0,0
-113,28,-27,-4027,985,-632,0,0
-5,44,-19,-4037,902,-594,0,0
-2,45,-14,-4054,852,-561,0,0
-53,36,-1,-4057,873,-511,0,0
-52,18,-6,-4063,853,-565,0,0
-63,14,-6,-4047,905,-590,0,0
246,9,14,-4036,1095,-536,0,0
609,14,10,-3988,770,-690,0,0
129,20,4,-3997,651,-730,0,0
-240,19,-4,-4058,758,-679,0,0
-343,35,-20,-4091,780,-636,0,0
-421,49,-26,-4082,831,-577,0,0
-398,23,-34,-4063,948,-557,0,0
-237,-12,-14,-4065,976,-597,0,0
-53,-19,2,-4001,902,-706,0,0
-7,-11,7,-3922,882,-710,0,0
-1,7,14,-3976,883,-683,0,0
16,21,12,-4104,945,-619,0,0
21,20,11,-4109,950,-568,0,0
27,10,13,-3982,831,-610,0,0
-3,1,16,-3996,769,-646,0,0
-10,0,5,-4078,836,-657,0,0
9,3,-2,-4069,872,-638,0,0
8,0,3,-4088,856,-613,0,0
7,-2,3,-4045,898,-633,0,0
15,4,9,-3956,858,-660,0,0
-8,18,15,-3996,861,-655,0,0
2,26,8,-4091,963,-676,0,0
-29,60,6,-4038,936,-649,0,0
-96,65,32,-3971,877,-539,0,0
-41,12,33,-4013,772,-606,0,0
-7,-24,4,-4019,758,-726,0,0
-26,-28,-7,-4016,873,-762,0,0
-21,-15,-5,-3985,948,-663,0,0
-10,-4,-5,-3983,940,-581,0,0
-27,-6,-3,-4034,934,-576,0,0
-40,-11,8,-4020,882,-626,0,0
-52,-3,16,-4031,832,-646,0,0
-50,7,2,-4052,871,-631,0,0
-63,-1,6,-4024,874,-621,0,0
-69,-9,8,-4033,861,-665,0,0
-64,-12,-2,-3994,901,-676,0,0
-71,-13,1,-4003,905,-663,0,0
-71,-7,11,-4022,914,-624,0,0
-46,-5,23,-4043,901,-608,0,0
-37,-7,13,-4040,909,-638,0,0
-17,0,16,-4032,919,-646,0,0
12,19,20,-4008,883,-631,0,0
2,28,30,-4039,874,-566,0,0
-44,25,34,-4090,929,-534,0,0
-41,11,30,-4081,961,-590,0,0
-97,6,58,-3981,844,-609,0,0
-201,-5,77,-3968,807,-665,0,0
-257,-5,44,-3965,927,-697,0,0
-238,4,9,-4008,1116,-674,0,0
-65,17,1,-4015,1193,-588,0,0
183,-14,-1,-3985,1095,-575,0,0
313,-30,20,-3983,841,-651,0,0
188,1,23,-4056,781,-619,0,0
51,15,5,-4047,955,-540,0,0
62,1,16,-4035,957,-515,0,0
45,-2,24,-3956,911,-600,0,0
-43,14,28,-3978,993,-646,0,0
-22,23,30,-4119,1124,-665,0,0
98,43,52,-4016,983,-670,0,0
66,54,86,-3857,707,-623,0,0
-140,26,76,-3959,817,-647,0,0
-258,6,20,-4097,1154,-751,0,0
-125,20,4,-3998,1268,-704,0,0
56,21,30,-3950,1051,-609,0,0
35,8,14,-3941,991,-639,0,0
-15,4,9,-3943,1024,-614,0,0
32,-27,12,-4041,1000,-620,0,0
71,-49,-11,-4089,992,-717,0,0
52,-36,-23,-3971,931,-693,0,0
21,-34,-24,-3906,920,-668,0,0
-3,-38,-19,-3961,1007,-645,0,0
-16,-58,-12,-3992,1076,-513,0,0
99,-140,-18,-3990,1024,-656,0,0
190,-114,-12,-3968,861,-837,0,0
-34,-6,-19,-3955,949,-668,0,0
-128,31,-17,-3956,1057,-498,0,0
-72,30,-10,-4019,933,-483,0,0
-140,29,-11,-4068,953,-504,0,0
-178,19,-12,-4049,963,-609,0,0
-213,24,2,-3981,941,-687,0,0
-219,27,-2,-3989,991,-656,0,0
-123,6,-25,-4031,1103,-599,0,0
22,-18,-31,-4056,1038,-618,0,0
43,-18,-29,-4017,917,-618,0,0
12,-9,-27,-4015,899,-581,0,0
-26,-7,-23,-4032,951,-518,0,0
-19,-17,-12,-3977,952,-549,0,0
-21,-9,4,-3993,871,-585,0,0
-40,2,-3,-4047,932,-608,0,0
-29,10,-6,-4077,965,-574,0,0
-21,13,-11,-4045,967,-548,0,0
-1,12,-8,-4014,948,-578,0,0
-33,17,0,-3965,959,-565,0,0
-58,12,21,-3987,1017,-555,0,0
-11,0,30,-4016,976,-631,0,0
17,0,27,-4015,947,-685,0,0
43,11,27,-4020,976,-636,0,0
54,24,30,-4019,988,-556,0,0
36,20,39,-3974,970,-519,0,0
20,8,29,-4005,965,-555,0,0
14,2,17,-4055,984,-606,0,0
3,3,25,-4013,945,-631,0,0
-6,2,20,-3973,931,-620,0,0
-3,-6,9,-3980,955,-629,0,0
4,-15,0,-4027,1012,-609,0,0
40,-24,-5,-4052,1038,-609,0,0
79,-20,-11,-4019,941,-610,0,0
55,-15,-8,-3964,900,-586,0,0
17,-16,-1,-4016,938,-575,0,0
-11,-14,-3,-4040,969,-596,0,0
-44,-3,1,-3973,977,-587,0,0
-40,1,5,-3960,967,-576,0,0
-45,-4,12,-4010,995,-623,0,0
-22,-3,14,-4015,980,-649,0,0
5,2,12,-4038,959,-647,0,0
-7,15,5,-4055,955,-590,0,0
-45,15,-2,-3978,961,-544,0,0
-47,-11,-5,-3979,936,-592,0,0
-72,-21,-6,-4049,1021,-691,0,0
-29,-12,3,-3978,1025,-714,0,0
42,-14,5,-3895,932,-664,0,0
77,-26,-10,-3977,953,-613,0,0
74,-28,-15,-4038,984,-573,0,0
73,-32,-6,-4016,964,-571,0,0
64,-35,-2,-3984,892,-579,0,0
5,-28,-5,-4066,903,-584,0,0
-23,-18,-10,-4080,971,-561,0,0
-10,-21,-1,-4063,943,-538,0,0
-11,-20,-6,-4005,887,-576,0,0
-39,-8,-19,-3985,919,-602,0,0
-62,-2,-12,-3992,1004,-553,0,0
-28,-10,-7,-4003,1008,-539,0,0
-12,-15,-10,-4037,927,-572,0,0
-25,-16,-8,-4067,926,-616,0,0
1,0,2,-4040,911,-611,0,0
-21,16,11,-3984,876,-507,0,0
-57,-1,13,-3967,919,-468,0,0
-63,-22,8,-4036,993,-524,0,0
-20,-34,-6,-4096,1034,-609,0,0
34,-30,-3,-4030,929,-623,0,0
50,-29,7,-3976,875,-579,0,0
84,-36,-1,-4013,913,-584,0,0
61,-21,4,-4049,962,-587,0,0
8,3,24,-3992,962,-531,0,0
21,7,25,-4075,929,-520,0,0
-3,18,14,-4053,887,-515,0,0
-68,17,22,-3980,848,-516,0,0
-120,5,14,-3986,926,-614,0,0
-108,12,12,-3987,1063,-722,0,0
-47,31,24,-3936,1112,-579,0,0
129,3,29,-4044,1161,-509,0,0
249,-16,43,-4121,933,-494,0,0
154,-26,33,-4050,778,-484,0,0
56,-39,4,-3979,728,-550,0,0
28,-49,-30,-4025,838,-650,0,0
16,-21,-42,-4078,1004,-622,0,0
-25,1,-23,-4109,1104,-491,0,0
51,-9,1,-4044,1012,-475,0,0
77,-25,6,-4001,814,-540,0,0
14,-27,-4,-4014,729,-580,0,0
-42,-11,-16,-3977,760,-626,0,0
-69,3,-9,-4098,937,-609,0,0
-77,19,-11,-4084,1062,-547,0,0
-27,24,22,-4000,1027,-485,0,0
3,-1,29,-3939,929,-525,0,0
-28,-26,18,-3962,916,-585,0,0
-32,-29,-3,-4042,961,-624,0,0
-18,-27,-10,-4208,981,-414,0,0
25,-62,12,-4029,850,-391,0,0
17,-62,60,-3940,665,-637,0,0
-201,15,50,-3916,818,-630,0,0
-327,48,19,-4093,1130,-564,0,0
-181,35,23,-4116,1099,-575,0,0
-10,16,-6,-3985,924,-603,0,0
24,-4,-23,-3958,862,-604,0,0
-3,-20,-37,-4007,960,-566,0,0
-55,-29,-46,-3993,1050,-433,0,0
-83,-60,-31,-3969,1140,-456,0,0
5,-63,-28,-3982,1123,-506,0,0
64,-54,-31,-4039,1048,-454,0,0
66,-60,-23,-4075,962,-462,0,0
70,-76,-23,-4052,891,-531,0,0
175,-91,-40,-4123,936,-584,0,0
278,-69,-59,-4147,870,-533,0,0
191,-45,-48,-4012,793,-468,0,0
105,-18,-23,-3915,662,-340,0,0
58,-26,-33,-3997,663,-227,0,0
77,-88,-61,-4089,877,-226,0,0
227,-146,-64,-4134,904,-520,0,0
156,-92,-31,-4075,909,-637,0,0
-3,-11,-3,-4056,1022,-493,0,0
59,2,20,-4060,957,-374,0,0
197,-11,26,-4129,766,-354,0,0
190,-5,18,-4106,653,-331,0,0
83,-21,13,-4156,603,-387,0,0
34,-39,-16,-4193,676,-432,0,0
14,-41,-26,-4119,762,-445,0,0
3,-24,-23,-4056,800,-436,0,0
6,5,-27,-4077,848,-396,0,0
-26,25,-2,-4084,782,-392,0,0
-122,42,22,-4048,717,-391,0,0
-140,41,6,-4112,771,-425,0,0
-104,39,-5,-4097,723,-493,0,0
-184,39,12,-4044,730,-457,0,0
-188,27,4,-4080,837,-457,0,0
-123,16,-18,-4102,884,-462,0,0
-99,2,-9,-4075,918,-492,0,0
-65,-3,5,-4037,914,-523,0,0
-25,-7,14,-3997,925,-509,0,0
33,-19,30,-4055,911,-518,0,0
89,-13,30,-4132,930,-536,0,0
183,4,25,-4142,876,-527,0,0
160,8,39,-4059,796,-413,0,0
161,-21,46,-3988,742,-369,0,0
214,-44,17,-4012,748,-417,0,0
162,-36,3,-4001,809,-463,0,0
56,-27,58,-4029,903,-493,0,0
116,-14,109,-4094,889,-416,0,0
270,7,59,-4109,734,-379,0,0
107,28,17,-4074,767,-354,0,0
-62,27,14,-4044,833,-330,0,0
-88,8,-3,-4068,812,-424,0,0
-128,2,0,-4051,785,-502,0,0
-150,1,11,-4070,807,-501,0,0
-62,-18,-3,-4143,879,-532,0,0
30,-19,4,-4133,896,-530,0,0
61,-22,23,-4067,926,-484,0,0
162,-29,24,-4015,838,-510,0,0
101,-9,27,-4041,788,-482,0,0
-24,23,21,-4035,877,-406,0,0
-11,19,11,-4068,894,-401,0,0
-1,9,14,-4079,880,-446,0,0
7,-3,23,-4086,836,-530,0,0
-6,-1,12,-4098,811,-550,0,0
-12,1,-11,-4097,880,-550,0,0
29,1,-3,-4068,863,-523,0,0
41,-11,-6,-4014,868,-488,0,0
44,-19,1,-4017,893,-462,0,0
55,-16,6,-4067,891,-465,0,0
42,-7,15,-4097,867,-473,0,0
49,1,11,-4073,825,-519,0,0
43,1,11,-4012,797,-502,0,0
32,-3,11,-4060,820,-523,0,0
19,3,3,-4099,896,-512,0,0
32,4,10,-4049,898,-518,0,0
42,8,15,-4027,868,-520,0,0
34,11,22,-4066,871,-504,0,0
28,14,26,-4080,824,-510,0,0
-7,15,25,-4048,846,-521,0,0
6,12,22,-4046,868,-547,0,0
8,24,18,-4025,839,-546,0,0
-14,24,25,-4049,839,-533,0,0
-33,19,19,-4061,843,-534,0,0
-47,17,12,-4071,873,-535,0,0
-54,16,13,-4048,905,-537,0,0
-48,14,19,-4011,881,-538,0,0
-59,11,19,-4000,873,-545,0,0
-71,6,10,-4046,879,-544,0,0
-65,-2,1,-4056,914,-567,0,0
-31,4,-6,-4021,884,-579,0,0
-48,16,0,-4000,841,-548,0,0
-96,30,3,-4014,831,-521,0,0
-127,37,-19,-4019,882,-471,0,0
-136,24,-21,-4076,973,-480,0,0
-138,10,3,-4081,964,-547,0,0
-139,9,16,-4040,910,-610,0,0
-109,8,9,-4040,886,-624,0,0
-64,6,1,-4056,933,-603,0,0
-16,3,11,-4028,920,-548,0,0
19,0,6,-4028,905,-511,0,0
41,-8,3,-4039,887,-508,0,0
35,-8,11,-4039,809,-529,0,0
6,-2,2,-4064,871,-511,0,0
-14,0,3,-4057,901,-473,0,0
-26,-5,6,-4050,892,-494,0,0
-39,-14,5,-4030,877,-534,0,0
-44,-25,-1,-4037,906,-564,0,0
-10,-28,-9,-4051,945,-571,0,0
45,-22,-11,-4056,928,-581,0,0
46,-4,-3,-4052,921,-522,0,0
49,-3,6,-4046,866,-465,0,0
28,-3,4,-4060,808,-460,0,0
-34,-7,-5,-4074,863,-479,0,0
-52,-12,-2,-4031,905,-539,0,0
-55,1,4,-3972,908,-519,0,0
-62,3,7,-4001,939,-513,0,0
-38,-2,9,-4124,946,-565,0,0
3,-3,16,-4115,901,-602,0,0
52,0,9,-4010,847,-571,0,0
59,1,6,-3969,855,-488,0,0
33,-6,9,-4071,899,-467,0,0
13,-8,2,-4108,926,-500,0,0
14,-8,7,-4059,901,-529,0,0
22,-14,15,-4004,850,-542,0,0
28,-20,8,-4026,866,-544,0,0
41,-25,3,-4062,891,-542,0,0
44,-33,0,-4084,915,-526,0,0
74,-45,-6,-4089,925,-591,0,0
193,-40,5,-4135,1012,-993,0,0
328,28,43,-4370,997,-1579,0,0
718,184,154,-4666,1820,-3418,0,0
1937,737,187,-4899,1252,-4421,0,0
1683,1550,-20,-5186,821,-4944,0,0
269,2390,-176,-5485,1513,-4393,0,0
170,2857,-103,-5482,2413,-3592,0,0
1536,2985,-101,-5431,2139,-3167,0,0
2222,3036,-193,-4907,1311,-2711,0,0
1939,2951,-269,-3897,982,-2627,0,0
1963,2773,-406,-3202,487,-2439,0,0
1635,2645,-743,-2697,-154,-1976,0,0
656,2555,-946,-1810,-299,-1297,0,0
776,2375,-928,-1746,373,-1150,0,0
1721,2320,-1026,-1940,-206,-437,0,0
1111,2179,-1033,-1836,-401,-542,0,0
645,2019,-688,-1460,-568,-902,0,0
-424,1968,-437,-738,-800,-565,0,0
-1985,1717,-18,656,-1186,-478,0,0
-2338,1031,598,1616,-1036,-1770,0,0
-1452,535,600,1507,-1489,-2825,0,0
-903,153,202,1782,-2263,-3565,0,0
-1066,-247,-21,1499,-1081,-3863,0,0
11,-641,-65,1720,-757,-5232,0,0
193,-837,-148,1583,-497,-5819,0,0
150,-983,-324,1429,-183,-7049,0,0
561,-1023,-274,898,-779,-7109,0,0
948,-983,-248,471,-1993,-6886,0,0
862,-883,-403,67,-3204,-5672,0,0
-138,-920,-691,-299,-2886,-4941,0,0
580,-1254,-1373,-905,-1675,-4348,0,0
837,-1625,-1426,-1615,-1669,-2058,0,0
-434,-2413,-796,-3159,50,-521,0,0
2006,-3542,12,-6364,159,-1090,0,0
2813,-4484,1211,-6586,560,772,0,0
3005,-5602,2054,-7883,53,-153,0,0
1815,-5526,2515,-5437,133,-664,0,0
598,-5197,2437,-3880,717,-928,0,0
-583,-4864,1825,-5029,272,-477,0,0
-1627,-4635,1061,-5763,333,-1321,0,0
-2260,-4179,770,-5676,586,-2866,0,0
-2293,-3240,1167,-4966,-360,-3837,0,0
-3005,-1756,2011,-3652,-2123,-4061,0,0
-4380,-401,2112,-1992,-1524,-4683,0,0
-3044,280,1304,-1240,-201,-4228,0,0
1313,-406,-339,-8339,1275,-5920,0,0
4176,993,-2251,-572,-1519,-3912,0,0
110,4514,-1699,-8783,-2352,3614,0,0
-428,3813,76,-5741,-1901,687,0,0
198,3604,-151,-7038,2552,-1094,0,0
-517,4038,-437,-7837,1016,-130,0,0
-966,3956,-20,-7009,-322,-623,0,0
-693,3638,533,-7204,1020,-1925,0,0
606,3655,822,-6310,1022,-3616,0,0
1392,3527,743,-5423,322,-1498,0,0
760,3274,839,-4143,-351,-1579,0,0
250,2937,1164,-2997,-366,-884,0,0
205,2467,1249,-1782,-731,-469,0,0
196,1963,1053,-861,-712,-443,0,0
909,1674,745,-1034,-723,-669,0,0
2057,1647,357,-2140,-1280,-521,0,0
1392,1630,62,-2016,-2447,-726,0,0
-231,1490,147,-1010,-2162,-1529,0,0
-870,1175,108,7,-1593,-2080,0,0
236,820,-81,227,-2117,-2872,0,0
-326,573,-64,-113,-1918,-3892,0,0
-882,523,-114,-60,-1869,-3608,0,0
-1385,428,-25,290,-1304,-3964,0,0
-574,135,137,572,-1420,-4722,0,0
116,46,-151,503,-1283,-5606,0,0
-466,30,-342,304,-294,-6128,0,0
-241,-69,-320,495,406,-6268,0,0
-9,-212,-37,683,-339,-6868,0,0
292,-286,173,364,-794,-6527,0,0
-3,-226,167,496,-2434,-5022,0,0
-1274,-286,42,-20,-2015,-2851,0,0
-1257,-906,-312,-608,-1671,-254,0,0
-444,-2154,-441,-2192,-190,-606,0,0
1768,-3457,-564,-4938,207,-2398,0,0
3214,-4292,-5,-6109,-1,-3106,0,0
3924,-4457,945,-7728,-2900,-2916,0,0
1136,-4670,1091,-8757,-118,-1533,0,0
862,-4703,757,-6025,-531,-1533,0,0
-360,-4429,1166,-2912,-583,-1124,0,0
-1382,-4319,1454,-3901,-2,-885,0,0
-2050,-4096,1110,-4737,-482,-1035,0,0
-3058,-3697,716,-4119,-145,-1778,0,0
-3362,-3097,317,-3658,-3,-2398,0,0
-3847,-2202,66,-2413,-332,-2810,0,0
-4175,-1278,-188,-1321,525,-3121,0,0
-3078,-437,-495,-858,559,-3164,0,0
-2863,-144,-949,-2512,415,-1894,0,0
-712,-681,-1673,-11171,5262,-4650,0,0
3939,1656,-816,-12919,1031,-2073,0,0
3379,3730,1274,-9154,-4804,145,0,0
58,3870,2252,-6707,-1354,-26,0,0
-1031,3581,2194,-6721,1947,-1320,0,0
-812,3573,2172,-6217,360,-1616,0,0
386,3385,1989,-7570,744,-1924,0,0
2534,3459,1609,-7905,901,-2198,0,0
3211,3746,1126,-6508,-627,-1753,0,0
1718,3664,783,-5534,-448,-1481,0,0
680,3302,442,-4107,-290,-1116,0,0
1223,2738,-26,-2423,-616,-1141,0,0
2088,2125,-703,-1946,-175,-1339,0,0
2065,1841,-1236,-1801,-920,-763,0,0
347,1879,-1165,-1649,-697,-382,0,0
-1047,1912,-333,-1596,-857,-85,0,0
-1246,1736,504,-1599,-996,-275,0,0
-1282,1464,698,-987,-1387,-831,0,0
-1254,1051,582,-14,-1057,-1192,0,0
-165,468,659,557,-704,-2193,0,0
819,185,703,547,-1468,-3721,0,0
119,221,387,250,-1765,-4274,0,0
-628,216,215,205,-1102,-5102,0,0
-245,273,22,619,-1238,-5194,0,0
185,223,-11,-211,-446,-5633,0,0
1116,111,-153,642,-1689,-5308,0,0
-238,-69,-27,942,-729,-5997,0,0
59,-268,34,743,-1217,-6856,0,0
133,-294,202,523,-1344,-7306,0,0
146,-101,22,450,-2489,-6402,0,0
-432,-7,-242,830,-2456,-4689,0,0
-580,-266,-747,534,-2278,-2928,0,0
-125,-710,-772,-462,-966,-2388,0,0
374,-1252,-649,-1107,-384,-3447,0,0
1269,-1591,-279,-1157,-907,-4643,0,0
2046,-1697,4,-1837,-1871,-5414,0,0
1595,-1690,-11,-2910,-2433,-3298,0,0
-146,-1941,309,-3757,-708,-1631,0,0
-162,-2895,475,-4261,173,192,0,0
-119,-3788,642,-3829,-358,717,0,0
-450,-3769,779,-2583,-793,1193,0,0
-306,-4032,462,-3098,-22,1603,0,0
336,-4641,-323,-5124,-44,1257,0,0
-59,-4922,-366,-5703,917,11,0,0
-573,-4793,41,-5055,370,-822,0,0
-2138,-4363,145,-4125,20,-1659,0,0
-4233,-3698,52,-3587,223,-2711,0,0
-7016,-2793,-207,-3713,377,-3008,0,0
-4786,-2417,-745,-9058,3374,-4779,0,0
119,-1293,-686,-11528,3886,-7693,0,0
3838,1073,870,-10447,-2330,-4800,0,0
1715,2890,1485,-8391,-3687,-605,0,0
265,3406,1183,-6971,-449,-767,0,0
1014,3459,1112,-5405,-554,-1381,0,0
622,3430,989,-5796,79,-942,0,0
1410,3478,902,-6665,916,-1233,0,0
2575,3799,643,-7432,416,-1710,0,0
2303,4189,534,-7706,-914,-1846,0,0
324,4322,690,-6934,-494,-1657,0,0
-1082,4024,767,-5871,82,-1330,0,0
-1081,3327,698,-3930,268,-1561,0,0
174,2648,674,-2282,5,-923,0,0
1159,2145,558,-1294,-339,-419,0,0
1554,1794,144,-1020,-250,-732,0,0
1448,1683,-185,-1379,-1276,-355,0,0
322,1618,-295,-1194,-1171,-608,0,0
-556,1478,-135,-1023,-1058,-377,0,0
-1425,1120,221,-166,-1254,1,0,0
-1508,393,727,363,-578,-1708,0,0
77,-33,773,141,-1187,-3531,0,0
586,24,500,39,-1880,-5109,0,0
-347,209,267,405,-1769,-5601,0,0
-898,240,7,150,-636,-5134,0,0
-296,29,-38,567,-683,-4853,0,0
344,-255,31,-60,-594,-5474,0,0
464,-299,31,431,-1136,-6027,0,0
111,-108,-123,-194,-664,-5980,0,0
-95,119,-81,257,-1071,-5760,0,0
-377,322,-178,502,-748,-4582,0,0
-785,255,-345,413,76,-4287,0,0
-602,-93,-142,164,577,-4294,0,0
224,-493,138,-11,-78,-7424,0,0
812,-617,175,-351,-1649,-5553,0,0
-2480,-525,-48,-101,-3134,-3485,0,0
-422,-849,-637,-413,-1768,-1996,0,0
1158,-1652,-1007,-1279,-936,-1710,0,0
1892,-2562,-873,-2981,-391,-3417,0,0
2157,-3102,-513,-3955,-745,-3613,0,0
967,-3364,-352,-6052,-2435,-2911,0,0
-289,-3423,166,-6532,-309,-529,0,0
1224,-4125,104,-6865,227,1123,0,0
1075,-4455,707,-5111,-570,-727,0,0
-584,-4014,1410,-2749,394,-244,0,0
-1226,-4091,1433,-4262,608,157,0,0
-1326,-4228,1109,-4911,-145,-778,0,0
-2492,-4201,557,-4889,-234,-1611,0,0
-3995,-3836,-131,-4307,463,-2457,0,0
-3411,-2966,-525,-2994,468,-3263,0,0
-2586,-1943,-601,-2229,-127,-3815,0,0
-3207,-1036,-801,-3518,-250,-2817,0,0
-2287,-989,-1795,-12896,3863,-4804,0,0
1026,1584,-1189,-11866,3456,-3711,0,0
2412,3712,1805,-8433,-1809,-2128,0,0
1093,4675,3370,-7064,-3064,-129,0,0
-1230,4864,3288,-6135,814,-399,0,0
-2099,4489,3731,-7605,2565,-689,0,0
-354,3638,3182,-7675,1506,-514,0,0
2876,2834,1900,-7095,1458,-1629,0,0
4285,2693,1109,-6364,1332,-1736,0,0
4242,2800,625,-5473,221,-1812,0,0
2979,2900,388,-3906,-258,-1574,0,0
2297,2814,164,-2947,-679,-891,0,0
1251,2580,-49,-1935,-207,-617,0,0
-27,2360,-193,-1829,-318,157,0,0
-673,2080,-211,-1732,-469,446,0,0
-584,1625,-310,-1187,-517,-304,0,0
738,1369,-102,-771,-1289,-1920,0,0
195,1293,385,-405,-2645,-1987,0,0
-942,1048,589,-192,-1739,-3333,0,0
-3328,873,209,-30,-1578,-3171,0,0
-908,475,-10,688,-783,-3453,0,0
-547,163,145,814,-812,-4106,0,0
-36,34,-41,287,-242,-4548,0,0
154,-80,-80,714,-895,-4739,0,0
410,-196,-108,430,152,-5321,0,0
892,-178,1,974,-1181,-5531,0,0
94,-70,-52,438,-700,-5339,0,0
12,-48,-114,720,-585,-5748,0,0
172,-137,-23,350,-550,-5992,0,0
113,-214,226,633,-1495,-6260,0,0
-220,-170,178,522,-1534,-6179,0,0
-582,-61,40,490,-2226,-5280,0,0
-1926,-26,-152,212,-2083,-2784,0,0
-2138,-480,-395,-125,-2002,-1626,0,0
-916,-1261,-1031,-995,-1569,-2315,0,0
983,-2144,-1567,-2385,-138,-2177,0,0
2483,-3182,-1374,-4814,-518,-1482,0,0
3075,-3932,-453,-6434,-401,-2530,0,0
1768,-3869,384,-6791,-701,-2139,0,0
-793,-4474,536,-7783,1881,-102,0,0
688,-5379,-10,-5772,922,-939,0,0
2255,-5016,413,-2910,511,-1215,0,0
879,-4472,1422,-4028,193,-43,0,0
212,-4268,1737,-4986,-369,-982,0,0
-428,-3950,1732,-4765,-729,-2533,0,0
-2034,-3139,1444,-3998,-1512,-3423,0,0
-4613,-2037,1140,-2411,-1518,-3820,0,0
-5348,-1255,421,-1483,-432,-4228,0,0
-4372,-869,-806,-4186,1255,-3899,0,0
-95,-263,-1943,-10698,4640,-6422,0,0
4812,1905,-1555,-15205,303,-3482,0,0
1318,4562,62,-10140,-3286,-480,0,0
-2975,5315,2109,-8290,-1106,483,0,0
-2870,4913,3584,-8961,2343,-3040,0,0
-440,4895,3952,-6995,2435,-124,0,0
2640,3933,2934,-6675,365,-922,0,0
3227,3299,1633,-6569,1184,-1345,0,0
3146,2915,705,-5542,1265,-1379,0,0
2543,2723,266,-3859,300,-922,0,0
1877,2465,137,-3042,395,-708,0,0
1352,2226,-38,-2044,164,-429,0,0
1375,1974,-306,-1775,-363,-501,0,0
658,1845,-743,-1927,-683,-831,0,0
-27,1783,-1010,-1637,-1163,-817,0,0
-538,1644,-1048,-745,-637,-1017,0,0
-23,1361,-722,-575,-1554,-860,0,0
-457,864,-20,518,-919,-2359,0,0
430,597,80,172,-1245,-2483,0,0
378,380,3,63,-1525,-3458,0,0
7,232,81,453,-1658,-3868,0,0
-459,113,51,425,-742,-4336,0,0
-120,11,-74,739,-1091,-4909,0,0
-217,-67,58,683,-696,-5514,0,0
-30,-46,-3,730,-1298,-5143,0,0
-178,-97,75,498,-419,-4620,0,0
1305,-486,256,610,-1790,-5741,0,0
914,-541,370,859,-2829,-6249,0,0
-427,-323,0,332,-1720,-6819,0,0
-444,-234,-74,145,-1506,-6332,0,0
-292,-212,12,-82,-1472,-5951,0,0
-409,-171,-158,-69,-1743,-4223,0,0
-605,-415,-210,-206,-848,-1990,0,0
624,-1067,148,-941,-1713,-1138,0,0
609,-1632,301,-1944,-1828,-759,0,0
-83,-2246,268,-3396,-1815,-490,0,0
63,-3101,236,-4804,-1036,-2080,0,0
2608,-4063,428,-6817,224,-1234,0,0
4737,-4938,974,-9091,-1382,907,0,0
2563,-5399,1690,-9775,-2246,-396,0,0
-447,-5498,1940,-6788,312,-866,0,0
-109,-5326,1531,-5181,-1380,-987,0,0
-3175,-4996,904,-6636,-1540,-1020,0,0
-7844,-4815,260,-6714,-305,-1852,0,0
-9269,-4047,-1168,-5425,1788,-2461,0,0
-6618,-2702,-2585,-2732,3878,-3464,0,0
-2368,-1508,-2586,-1085,4079,-5417,0,0
-577,-512,-1379,-1776,2846,-5718,0,0
-720,292,-624,-7212,6675,-5721,0,0
2165,1701,1029,-9768,2192,-2969,0,0
1171,2726,4155,-12704,-2416,-997,0,0
278,3435,5438,-10231,-145,-500,0,0
1634,3626,5265,-10795,529,-958,0,0
2115,3686,4648,-11427,-614,-1698,0,0
2705,3825,3971,-10356,-39,-1387,0,0
3704,3962,3045,-9453,-25,-663,0,0
3566,3965,1956,-7359,-753,-1327,0,0
2457,3793,1089,-5239,-630,-1163,0,0
1623,3293,443,-3838,-181,-812,0,0
1577,2723,-237,-2374,-363,-415,0,0
1540,2025,-710,-1340,-1214,-363,0,0
959,1595,-1049,-685,-753,-64,0,0
280,1395,-1265,-1013,-387,454,0,0
230,1200,-911,-715,90,164,0,0
852,957,-314,-693,-661,215,0,0
367,620,223,-311,-1343,-1336,0,0
-751,459,160,97,-1358,-1525,0,0
-1246,122,137,180,-1219,-2871,0,0
-919,-50,151,30,-377,-3215,0,0
120,-199,159,31,-672,-4517,0,0
583,-309,168,212,-761,-5351,0,0
701,-196,160,-178,-1211,-6435,0,0
142,134,100,-109,-2264,-5486,0,0
-900,186,21,-64,-932,-5761,0,0
-48,113,-9,457,-1614,-5456,0,0
-379,88,-123,278,-1055,-5715,0,0
-105,38,-110,651,-1138,-5977,0,0
-30,-36,30,435,-1125,-5754,0,0
-265,-174,115,384,-1354,-5749,0,0
-275,-372,155,133,-1048,-5780,0,0
-182,-440,68,-46,-1982,-4441,0,0
-1542,-548,-29,273,-1201,-1947,0,0
-1199,-1273,-52,-490,-1080,-485,0,0
-269,-2221,-349,-2201,-618,-467,0,0
301,-2927,-631,-4531,-1265,-2003,0,0
1429,-3505,-120,-5823,-492,-2122,0,0
3396,-4006,907,-8344,-1400,-1928,0,0
2512,-4201,1466,-8693,-1606,-147,0,0
-460,-4468,913,-7092,-653,-71,0,0
-3061,-4928,-542,-4388,2528,820,0,0
-452,-5808,-1315,-5437,2832,-517,0,0
665,-5847,-783,-7207,-4,-341,0,0
-1558,-5232,161,-6711,-85,-1862,0,0
-3531,-4113,502,-5153,-1029,-3455,0,0
-6536,-2607,233,-3044,-2266,-2979,0,0
-9469,-1422,-766,-1820,232,-2824,0,0
-8455,-749,-2180,-4579,5120,-2877,0,0
-1044,57,-2484,-9611,12931,-4777,0,0
8382,1674,467,-14635,2094,-3298,0,0
3791,4388,4255,-8615,-7239,-355,0,0
-3738,4612,6338,-7974,-1954,-2680,0,0
-4823,3844,8300,-11042,6552,-315,0,0
517,3326,7104,-10569,2317,-307,0,0
3092,2709,4316,-7851,-723,-834,0,0
3536,2092,2665,-6880,1755,-558,0,0
5035,1889,1279,-5624,1245,-538,0,0
4834,1955,566,-3104,10,129,0,0
3960,1675,513,-2171,66,89,0,0
3828,1611,102,-2045,-34,187,0,0
2806,1508,-351,-1538,-1323,-435,0,0
1463,1417,-2800,-2172,-943,-615,0,0
799,1357,-1088,-2479,-997,-689,0,0
323,1266,-951,-1679,-1510,-1525,0,0
-672,1299,-145,-1527,-1637,-2806,0,0
-1220,1287,317,-434,-1347,-3030,0,0
-399,959,297,-123,-1574,-4212,0,0
442,788,102,-475,-1975,-4281,0,0
-1053,811,-61,20,-1785,-3775,0,0
-1547,639,84,446,-833,-3268,0,0
-741,256,285,982,-1192,-3788,0,0
-295,27,90,594,-1579,-3852,0,0
-777,-232,-157,689,-676,-4760,0,0
-48,-571,-110,477,-446,-5391,0,0
691,-750,83,320,-416,-7406,0,0
1527,-611,92,143,-1254,-8041,0,0
1181,-242,-23,-182,-1780,-8074,0,0
364,196,126,-120,-3042,-6776,0,0
-768,433,127,-529,-2436,-5650,0,0
-584,335,-310,-215,-2072,-4198,0,0
-599,67,-112,-567,-1333,-2593,0,0
-1092,-271,409,-917,-1097,-1402,0,0
-443,-919,826,-1192,-423,-785,0,0
2279,-2335,1329,-2459,397,-1761,0,0
5263,-3557,1676,-5293,-557,-1353,0,0
3558,-3602,2663,-5698,-2142,-243,0,0
-2078,-3484,2381,-4218,-1654,321,0,0
-5295,-4124,179,-3593,946,713,0,0
-4995,-4789,-2284,-4101,2663,609,0,0
-3784,-5425,-3527,-5779,2259,1352,0,0
-2452,-6273,-3493,-8130,2111,-259,0,0
-381,-5744,-2186,-7183,1621,-1938,0,0
-448,-4346,-492,-5304,-329,-2019,0,0
-3558,-3252,461,-3708,-1866,-3032,0,0
-7509,-2435,-388,-2031,925,-4832,0,0
-5804,-1613,-2084,-5029,9911,-5410,0,0
4951,-256,-1387,-11513,8580,-6245,0,0
8324,2729,1879,-11762,-5434,-2972,0,0
729,4425,3487,-13590,-5640,-772,0,0
-4970,5299,5067,-12372,3668,-1494,0,0
-1568,5511,6536,-12715,1378,-369,0,0
2114,5055,4534,-8618,-2745,577,0,0
2658,3955,2773,-6097,110,530,0,0
3007,2921,1259,-6015,556,-8,0,0
2752,2405,355,-4686,-131,-332,0,0
2256,1986,188,-3634,301,-666,0,0
1994,1712,131,-3023,174,-1214,0,0
823,1498,335,-2395,-95,-1575,0,0
353,1271,786,-1591,286,-2107,0,0
1181,1086,918,-1032,-245,-2397,0,0
1480,979,864,-304,-546,-3055,0,0
1024,920,641,-449,-799,-2696,0,0
695,869,457,-562,-1147,-3323,0,0
288,1052,157,-642,-1434,-2500,0,0
-335,1065,-222,-764,-1247,-2269,0,0
-264,1002,-517,-934,-1458,-2249,0,0
-342,914,-504,-630,-783,-2556,0,0
184,878,-478,-597,-800,-2322,0,0
206,814,-246,-22,-888,-3070,0,0
-214,778,-7,431,-1321,-3228,0,0
-589,624,-161,840,-1238,-3237,0,0
-481,262,-340,1603,-1006,-3794,0,0
-152,9,-399,1079,-868,-3835,0,0
27,-225,-363,831,-747,-4540,0,0
162,-334,-200,1043,-678,-4609,0,0
25,-433,9,795,-712,-5452,0,0
274,-412,4,673,-1136,-6133,0,0
-80,-247,67,676,-1002,-6130,0,0
-126,-157,-177,697,-1664,-5472,0,0
-800,-257,-205,732,-1201,-4881,0,0
100,-479,-527,109,-1624,-3427,0,0
45,-954,-534,-378,-2779,-1294,0,0
-672,-1650,-697,-1070,-1596,-601,0,0
-490,-2308,-2816,-2640,-1446,-302,0,0
-569,-2933,-1088,-4476,-748,-206,0,0
-183,-3563,-1174,-5156,1095,-1045,0,0
1636,-4109,-1176,-6112,267,-2331,0,0
2547,-4622,-970,-7255,1030,-2415,0,0
3813,-5075,-489,-8942,-1403,-3010,0,0
2691,-4839,317,-11142,-771,-1840,0,0
1207,-4450,1146,-11584,-1420,-742,0,0
-105,-4298,1725,-11473,-168,-1315,0,0
-575,-3903,1887,-8590,-711,-2122,0,0
-1857,-2931,2094,-3388,-2325,-3253,0,0
-2519,-1917,2345,-1692,-1614,-3022,0,0
-1509,-1617,1797,-1908,-1904,-3753,0,0
-345,-1174,599,-884,-2238,-5625,0,0
-824,8,-315,-144,-2089,-7392,0,0
-2170,1063,-781,175,-1676,-3453,0,0
-2460,1442,-1134,-207,-500,-2286,0,0
-2631,1272,-1450,-2735,664,-1224,0,0
-1353,952,-1867,-12111,4360,-3732,0,0
1560,2925,-927,-16255,1887,-945,0,0
-184,4507,1590,-12886,-3154,-311,0,0
-1412,4911,4206,-9178,-2183,-1033,0,0
-91,4670,4818,-8498,1851,-1044,0,0
2949,4532,3669,-7140,-128,-1542,0,0
3205,4150,1771,-5919,-759,-1560,0,0
1996,3285,772,-5169,253,-1133,0,0
2252,2723,113,-3954,906,-2664,0,0
3223,2273,-502,-2413,69,-739,0,0
2645,1912,-858,-1667,-590,-794,0,0
1164,1705,-892,-1206,-845,-546,0,0
1,1579,-947,-1002,-832,-381,0,0
-538,1371,-652,-924,-408,-229,0,0
-829,1212,-165,-1254,-1099,-252,0,0
-1545,1008,459,-779,-1564,-625,0,0
-1763,666,725,-155,-1400,-2431,0,0
549,467,463,503,-1037,-3517,0,0
1286,374,103,529,-2711,-3170,0,0
-574,362,117,228,-1295,-3530,0,0
-1167,215,40,26,-914,-3747,0,0
-334,-38,16,437,-1046,-3706,0,0
-438,-236,11,274,-1284,-4265,0,0
-218,-302,-180,326,-500,-4745,0,0
43,-339,-143,-51,-348,-5695,0,0
-31,-231,57,244,-997,-5955,0,0
-428,-246,286,-110,-710,-6300,0,0
754,-290,273,-71,-2216,-7177,0,0
588,-130,178,-104,-2244,-7288,0,0
473,5,-315,177,-2164,-5966,0,0
-325,36,-324,166,-1200,-4512,0,0
-872,-176,-182,-221,-984,-2886,0,0
-1205,-569,143,-77,-1263,-1233,0,0
189,-1208,-67,-787,-784,-87,0,0
748,-1962,-224,-1954,-1671,114,0,0
-387,-2669,-424,-3845,-63,-458,0,0
867,-3452,-781,-6880,-304,-1407,0,0
2368,-4203,-540,-6160,-1352,-2255,0,0
3102,-4678,104,-8854,-1561,-2807,0,0
2513,-4604,716,-11108,-2744,-1571,0,0
-942,-4689,1304,-10451,-70,-1785,0,0
-195,-4651,1442,-10149,-476,-2665,0,0
-108,-4169,1288,-4632,39,-2567,0,0
-1139,-3533,941,-2475,-1163,-3707,0,0
-4370,-2157,1303,-2822,-2238,-2638,0,0
-6405,-1223,1491,-1494,-1022,-3188,0,0
-6438,-245,758,-1140,-705,-2818,0,0
-6709,532,45,-101,718,-2456,0,0
-5096,844,-687,797,2778,-2763,0,0
-2453,927,-1347,484,3641,-1549,0,0
527,128,-1994,-5040,6218,-1130,0,0
8112,75,-2102,-16224,6936,-1838,0,0
8745,2898,548,-11624,-4596,-279,0,0
834,4312,3302,-7271,-6376,42,0,0
-2936,3732,3931,-8123,2543,-658,0,0
-123,3884,4009,-8791,3654,-2820,0,0
1849,4142,3057,-7664,-164,-3485,0,0
1675,3789,2570,-8148,1124,-1887,0,0
2682,3645,1927,-7111,2486,-986,0,0
3375,3638,1113,-5544,163,-956,0,0
1548,3266,1016,-3621,44,-742,0,0
1145,2679,847,-2525,-308,-16,0,0
1199,2037,444,-732,-877,-75,0,0
1454,1430,-115,-259,-2101,-685,0,0
593,1116,-677,-201,-1396,-863,0,0
412,985,-1020,-570,-1176,-800,0,0
575,907,-849,-1306,-693,-603,0,0
52,733,-197,-1086,-1171,-451,0,0
-426,416,469,-224,-702,-1543,0,0
-300,113,305,976,-1026,-2304,0,0
450,-161,-46,625,-837,-3627,0,0
416,-155,-79,90,-1195,-4672,0,0
-205,97,82,-279,-1228,-4383,0,0
-884,145,108,259,-1353,-4486,0,0
-656,-102,142,732,-517,-5423,0,0
-250,-128,-53,656,-1006,-5651,0,0
-892,-5,-81,421,-376,-5450,0,0
-1083,-1,-71,180,-106,-4589,0,0
-575,-200,-90,235,206,-4836,0,0
463,-306,-11,200,-376,-5076,0,0
339,-198,-89,-105,16,-5389,0,0
443,22,-99,-4,-162,-5021,0,0
19,86,35,80,36,-5209,0,0
309,12,194,-5,-344,-5259,0,0
281,-25,226,373,-1177,-5526,0,0
108,-15,204,351,-1024,-5682,0,0
71,26,59,135,-1215,-5836,0,0
-167,176,-26,-26,-1195,-5722,0,0
-899,372,-152,241,-1783,-4673,0,0
-1464,341,-346,598,-1523,-3505,0,0
-854,85,-724,271,-1372,-1204,0,0
635,-524,-1006,-287,-1772,83,0,0
386,-1490,-847,-1144,-1179,-2080,0,0
1053,-2733,-584,-3750,-669,-3172,0,0
1798,-3349,-624,-4299,552,-3605,0,0
2122,-3914,-522,-6110,-590,-1842,0,0
116,-4557,197,-7526,-195,182,0,0
-975,-5403,-9,-6947,1659,589,0,0
-982,-5753,-1412,-5665,1899,-134,0,0
-2413,-5444,-2365,-5714,2487,321,0,0
-1089,-5181,-1059,-5102,1142,-2382,0,0
383,-4382,1278,-4330,-1654,-3072,0,0
-1369,-3215,2217,-4621,-1449,-4068,0,0
-5023,-1645,1090,-2857,-808,-3732,0,0
-4943,-834,-935,-1552,996,-4023,0,0
-2996,-530,-2122,-4375,2478,-3784,0,0
1321,-89,-2775,-12758,6491,-5513,0,0
5653,2121,-1580,-12070,-44,-3405,0,0
1635,3838,1375,-9186,-3807,-1695,0,0
-2737,4400,3249,-6492,-1146,-462,0,0
-3104,4197,4111,-7304,3613,-448,0,0
-579,3986,4116,-8174,2041,-377,0,0
516,3485,3375,-8659,566,-962,0,0
686,2873,3101,-7464,2162,-528,0,0
2762,2454,2803,-6224,1728,-807,0,0
3604,2412,2321,-4963,428,-1717,0,0
2930,2431,1869,-3466,-281,-1825,0,0
2210,2239,1447,-2519,-525,-1314,0,0
2169,1949,745,-1805,-994,-763,0,0
1713,1539,15,-604,-971,-1176,0,0
1215,1194,-673,-2368,-1172,-1384,0,0
553,1043,-1137,-379,-815,-1503,0,0
371,963,-1112,-420,-1034,-810,0,0
-257,834,-387,-561,-596,-669,0,0
-352,550,424,-321,-855,-787,0,0
313,122,720,241,-1535,-2501,0,0
618,2,198,203,-1540,-3462,0,0
-159,50,-150,25,-1306,-4247,0,0
-707,116,-337,267,-419,-3938,0,0
-814,56,-119,529,207,-4634,0,0
-68,95,-62,-60,-101,-4641,0,0
-59,211,-170,-512,20,-4619,0,0
190,171,30,213,-1288,-4395,0,0
-645,50,75,249,-260,-4867,0,0
-413,-73,-145,723,-647,-5000,0,0
-592,-248,-57,256,735,-5624,0,0
89,-274,-166,395,-248,-6139,0,0
-226,-162,115,588,-125,-6255,0,0
19,-56,-4,306,-776,-5957,0,0
276,-6,-9,800,-786,-5744,0,0
-47,89,-168,333,-951,-5133,0,0
-620,69,-154,367,-1070,-4264,0,0
-1044,-126,-204,227,-1367,-3013,0,0
-728,-532,-399,-43,-1451,-1773,0,0
-53,-1035,-676,-1059,-1316,-1397,0,0
-581,-1503,-526,-2115,-1308,-758,0,0
-1664,-1911,-533,-3329,-201,-209,0,0
-949,-2365,-1092,-4237,860,-516,0,0
1111,-3627,-1699,-5055,1975,-2744,0,0
2998,-4254,-1620,-7216,381,-3512,0,0
2396,-4596,-530,-8458,179,-2155,0,0
1308,-4933,-145,-10123,-84,-1501,0,0
267,-5521,-415,-11140,614,-2193,0,0
-220,-5478,-406,-8796,510,-3667,0,0
-564,-3778,198,-3672,-2288,-5206,0,0
-5369,-1892,276,-2052,-4082,-1551,0,0
-9126,-1632,-1319,-2769,-306,-1312,0,0
-7868,-930,-2602,-1996,3098,-2242,0,0
-4783,255,-2719,-711,4836,-2478,0,0
-1033,872,-2040,76,4879,-2697,0,0
1052,1062,-1342,-1319,2884,-734,0,0
1729,617,-897,-8178,4549,-1264,0,0
2982,1015,541,-12787,4755,-1681,0,0
2702,1874,4313,-12279,-2075,-3115,0,0
272,2888,7102,-11356,-2041,-3536,0,0
-766,3191,8554,-12575,4326,-1091,0,0
3979,3338,7607,-11795,422,-276,0,0
5261,3987,4598,-8448,-1292,-1605,0,0
2689,3607,2690,-6404,1311,-1392,0,0
2222,2775,1284,-4284,1332,-894,0,0
3323,2302,-35,-3042,726,-1047,0,0
4033,2138,-904,-2583,-103,-594,0,0
2724,2040,-1370,-2262,-1244,154,0,0
60,1992,-1292,-381,-82,870,0,0
990,1386,-668,-231,-179,438,0,0
1484,1004,-19,-199,-956,656,0,0
987,689,388,-141,-1626,513,0,0
-118,297,619,445,-2150,-722,0,0
-1481,-141,668,174,-1981,-1604,0,0
-1526,-567,364,26,-1222,-3762,0,0
-444,-624,-75,-214,-639,-4748,0,0
-247,-490,-192,32,-516,-5390,0,0
-133,-401,-201,-183,76,-5554,0,0
4,-264,-77,-185,-737,-5827,0,0
-342,-81,-63,-23,-769,-5346,0,0
-637,-19,-189,194,-1160,-4421,0,0
-521,-232,-276,-369,-93,-5026,0,0
765,-368,-206,-382,-759,-5312,0,0
646,-236,-107,-447,-805,-6001,0,0
-61,9,22,-71,-596,-5929,0,0
-526,160,-8,32,-476,-5353,0,0
-708,106,70,-327,-525,-5240,0,0
-421,-23,195,-349,-703,-5096,0,0
-65,-70,66,-290,-1507,-4962,0,0
-523,-71,-69,-251,-1607,-3550,0,0
-222,-297,-192,-590,-1432,-2698,0,0
528,-622,-287,-1115,-1791,-2282,0,0
-610,-1023,-278,-1444,-1222,-1192,0,0
-1148,-1698,-175,-2148,-28,-1861,0,0
-671,-2198,-343,-3307,158,-1340,0,0
-101,-3040,-618,-4395,1173,-2950,0,0
1805,-3326,-787,-6161,-213,-3216,0,0
617,-3622,-427,-7025,-750,-1288,0,0
-1044,-4601,-604,-9154,4,-524,0,0
-2174,-5485,-1440,-10477,985,-43,0,0
-1891,-5901,-2623,-9391,2644,-1642,0,0
-472,-5011,-2529,-5096,878,-2042,0,0
-865,-4143,-1197,-4045,-798,-1531,0,0
-1712,-3584,-378,-3785,-395,-3529,0,0
-2333,-2509,-596,-2729,55,-4732,0,0
-3528,-1151,-1230,-1173,166,-4853,0,0
-4500,45,-2030,-554,1449,-4061,0,0
-3967,597,-2518,-3240,2909,-1622,0,0
-919,615,-2017,-9321,1424,-2810,0,0
4212,1801,978,-12162,3533,-2055,0,0
3953,3329,5124,-13236,-5396,-1492,0,0
-1108,4538,6848,-9629,-1748,-1584,0,0
-2274,4202,8385,-12356,5544,-948,0,0
2131,3969,6956,-12289,675,-118,0,0
3372,3735,4327,-9341,-530,-959,0,0
2639,3137,2817,-7326,1222,-1331,0,0
3140,2622,1823,-4852,663,-1236,0,0
3882,2322,911,-3562,103,-1057,0,0
3740,2150,114,-2828,-336,-366,0,0
2789,1919,-680,-2194,-1050,-389,0,0
1004,1623,-1014,-546,-676,-325,0,0
321,1211,-1240,-634,-159,-306,0,0
903,957,-1237,-191,-191,-480,0,0
1156,753,-898,-116,-714,-314,0,0
696,477,-46,-18,-1095,-1105,0,0
-440,351,304,-155,-1056,-1577,0,0
-743,224,521,424,-1208,-3299,0,0
-1166,161,331,348,-1240,-3361,0,0
-1276,89,227,311,-487,-4550,0,0
-935,61,229,327,-726,-4122,0,0
-378,-96,195,233,-288,-4544,0,0
180,-236,25,482,-983,-6728,0,0
266,-393,-3,369,-508,-5552,0,0
279,-424,-4,670,-942,-6035,0,0
116,-352,-16,178,-317,-7053,0,0
305,-162,-17,-154,-850,-7180,0,0
345,88,25,-104,-1279,-6205,0,0
-452,253,46,1053,-1124,-5348,0,0
-982,265,-168,312,308,-4297,0,0
-673,79,-331,-104,272,-3475,0,0
-289,-234,-28,-297,55,-3248,0,0
138,-453,150,-372,-1674,-2418,0,0
-269,-761,60,-787,-1691,-2774,0,0
993,-1080,-293,-1189,-2314,-2555,0,0
1212,-1586,-563,-1683,-2162,-2141,0,0
2260,-2263,-606,-2818,-1168,-2703,0,0
2861,-2919,-334,-3879,-1633,-3062,0,0
2139,-3091,135,-4863,-2909,-2477,0,0
-2767,-3669,-436,-7146,-1304,326,0,0
-5511,-4529,-1182,-8785,2116,1030,0,0
-712,-5654,-1329,-9865,3157,851,0,0
3162,-6682,-820,-8214,1766,838,0,0
3823,-6898,-257,-6573,1318,-825,0,0
2201,-5832,736,-7612,-258,-1344,0,0
-314,-4420,1926,-6641,-2290,-4145,0,0
-3634,-2639,2664,-4498,-4145,-6037,0,0
-7233,-838,2240,-2971,-3044,-6083,0,0
-7777,443,979,-841,674,-6122,0,0
-4280,953,-113,-504,2623,-4082,0,0
1542,340,-2002,-10106,8957,-5565,0,0
9331,2683,-3034,-17200,1424,-1222,0,0
2441,5845,-743,-10683,-6040,-390,0,0
-3415,6299,3472,-9657,-4223,775,0,0
-6220,5370,6006,-11550,6213,929,0,0
-1012,4621,6193,-10892,4058,2286,0,0
3309,4033,3506,-7445,-1043,623,0,0
2259,3356,2461,-6455,-141,123,0,0
760,2426,2229,-5362,1324,-1039,0,0
1186,2020,2007,-4207,880,-981,0,0
2398,1865,1556,-3449,-155,-928,0,0
2164,1795,1034,-2241,-1341,-1594,0,0
494,1579,674,-1260,-993,-1687,0,0
940,1257,33,-759,-197,-1669,0,0
2332,959,-754,741,-1476,-1866,0,0
1120,791,-1365,687,-1283,-1850,0,0
406,780,-1244,-582,-296,-1680,0,0
647,703,-714,-302,-879,-1105,0,0
596,456,25,335,-1114,-1636,0,0
635,226,333,276,-1545,-2010,0,0
590,115,286,433,-1663,-2704,0,0
-316,120,126,477,-2292,-2902,0,0
-3472,69,-34,-24,-626,-3334,0,0
-841,-101,-82,308,-778,-3834,0,0
-378,-266,-240,274,626,-4409,0,0
-430,-349,-195,487,418,-4879,0,0
-273,-429,142,100,958,-5601,0,0
229,-376,369,96,-970,-6096,0,0
38,-2296,264,-51,-196,-6202,0,0
196,-63,-32,277,-928,-5754,0,0
-459,90,102,65,56,-5431,0,0
-23,117,14,155,-324,-4843,0,0
-226,72,34,304,285,-4844,0,0
128,-80,81,315,-106,-5073,0,0
303,-204,309,337,-308,-5375,0,0
219,-181,241,266,-1099,-5793,0,0
-197,-104,232,41,-1032,-5617,0,0
-188,-67,-29,10,-1410,-5314,0,0
255,-96,-339,-123,-1481,-5535,0,0
109,54,-761,-185,-1890,-4758,0,0
-425,257,-972,-606,-1434,-3567,0,0
-808,289,-1032,-562,-1196,-2031,0,0
-899,-15,-2824,-260,299,-1541,0,0
300,-493,-461,-572,486,-1708,0,0
1757,-1100,-33,-879,854,-2359,0,0
2451,-1657,15,-2080,-463,-1868,0,0
540,-2314,571,-2145,-802,-1334,0,0
103,-3506,800,-4472,499,-1057,0,0
1198,-4641,459,-5657,-48,-155,0,0
264,-5541,-17,-7080,204,-463,0,0
-783,-5683,-510,-7115,415,-770,0,0
-187,-5281,-617,-5353,429,-1568,0,0
-133,-4566,-73,-4409,-582,-1120,0,0
-1389,-4052,498,-4369,-592,-1174,0,0
-2560,-3678,611,-4097,-151,-1920,0,0
-2746,-3168,314,-3829,508,-3086,0,0
-2030,-2370,-88,-4620,542,-3156,0,0
-742,-2010,-747,-9250,1244,-5592,0,0
1053,-367,-920,-10060,496,-5918,0,0
1620,1749,332,-9624,-1547,-2903,0,0
957,3400,1080,-6481,-3219,-152,0,0
-754,4016,1001,-4207,-1568,-40,0,0
-2033,4123,1213,-4995,-719,377,0,0
-1253,3662,1120,-5327,-147,1763,0,0
571,2724,666,-5995,-390,2967,0,0
710,1733,259,-5029,-504,2734,0,0
588,858,291,-3601,-511,1728,0,0
941,76,361,-3137,-320,1122,0,0
1157,-555,97,-3693,-454,630,0,0
593,-992,-237,-3970,-440,307,0,0
426,-1415,-303,-4034,-119,-237,0,0
899,-1598,-149,-4429,-408,-561,0,0
1049,-1498,167,-4806,-695,-543,0,0
562,-1316,444,-4901,-744,-443,0,0
352,-1198,602,-4589,-622,-547,0,0
374,-1229,528,-4927,-444,-921,0,0
584,-1094,493,-4695,-360,-987,0,0
803,-919,572,-4641,-124,-563,0,0
1063,-750,646,-5062,-94,-497,0,0
1004,-455,697,-4772,-219,-337,0,0
675,-240,685,-4569,147,-2296,0,0
692,-26,655,-4238,429,35,0,0
1060,101,601,-4068,141,215,0,0
811,139,429,-3897,-63,617,0,0
567,45,263,-4118,265,374,0,0
337,23,273,-4286,393,484,0,0
433,49,247,-4126,493,578,0,0
409,59,272,-4137,599,588,0,0
-18,-18,395,-4037,679,505,0,0
-465,-100,499,-3910,1094,299,0,0
-25,-166,400,-3935,1136,-38,0,0
26,-19,472,-4009,1318,-369,0,0
155,170,550,-3636,1049,-358,0,0
498,224,351,-3348,907,-93,0,0
346,146,206,-3568,1174,145,0,0
522,-108,303,-4358,1266,436,0,0
983,-336,279,-4438,1031,7,0,0
658,-249,231,-4061,1499,-307,0,0
428,-92,278,-3594,1542,-102,0,0
288,-139,127,-3434,1371,-59,0,0
62,-187,-52,-3853,1746,-31,0,0
51,-205,-33,-4101,1561,209,0,0
279,-236,-8,-4033,1327,215,0,0
277,-155,-32,-4006,1561,-20,0,0
147,-37,8,-3898,1458,99,0,0
147,-23,-4,-3807,1487,134,0,0
253,-57,-36,-3742,1490,184,0,0
361,-86,-115,-3789,1345,156,0,0
150,-24,-52,-4169,1604,223,0,0
-66,6,54,-4134,1406,328,0,0
-151,12,65,-3800,1328,176,0,0
90,21,3,-3698,1432,62,0,0
214,41,1,-3787,1302,156,0,0
20,74,51,-3899,1372,141,0,0
-45,74,57,-3999,1511,98,0,0
45,56,48,-4006,1523,55,0,0
30,73,25,-3881,1448,89,0,0
-25,106,2,-3807,1459,164,0,0
-119,116,4,-3820,1487,144,0,0
-218,109,-12,-3846,1454,78,0,0
-244,102,-1,-3837,1453,74,0,0
-249,64,20,-3876,1507,3,0,0
-295,17,27,-4015,1579,-222,0,0
-176,23,28,-3959,1398,-180,0,0
-48,36,33,-3852,1437,-49,0,0
110,17,28,-3831,1589,45,0,0
73,-22,78,-3802,1436,122,0,0
-46,-37,64,-3857,1507,25,0,0
6,0,16,-3855,1484,79,0,0
22,21,-7,-3867,1471,89,0,0
-6,6,-17,-3864,1492,58,0,0
-38,-8,-15,-3933,1558,64,0,0
-52,-37,-17,-3859,1516,126,0,0
-42,-91,-45,-3817,1467,110,0,0
23,-139,-77,-3825,1399,82,0,0
126,-145,-93,-3886,1441,60,0,0
108,-101,-90,-3981,1446,99,0,0
51,-56,-84,-3905,1395,184,0,0
69,-59,-107,-3858,1414,155,0,0
36,-68,-75,-3900,1355,72,0,0
38,-60,-33,-3906,1299,100,0,0
101,-49,-30,-3865,1336,93,0,0
96,-28,-20,-3839,1376,175,0,0
149,-38,-3,-3931,1416,259,0,0
51,-58,22,-3983,1410,121,0,0
-56,-34,40,-3942,1405,144,0,0
-54,-19,40,-3882,1376,171,0,0
-13,-22,34,-3923,1380,114,0,0
24,-15,12,-3885,1362,138,0,0
54,-32,3,-3918,1352,190,0,0
97,-21,-1,-3940,1341,155,0,0
101,34,8,-3810,1360,305,0,0
0,26,30,-3821,1451,309,0,0
-70,9,24,-3906,1425,143,0,0
-56,31,3,-3982,1392,137,0,0
-81,54,2,-3956,1353,150,0,0
-60,60,-10,-3880,1483,101,0,0
-49,46,-23,-3891,1464,114,0,0
-58,36,-19,-3881,1381,134,0,0
-30,37,-28,-3856,1471,91,0,0
-31,43,-11,-3897,1397,86,0,0
-68,67,-2,-3940,1317,78,0,0
-30,81,-23,-3982,1378,35,0,0
-33,104,-34,-3951,1366,40,0,0
-59,109,-37,-3904,1312,112,0,0
-65,71,-26,-3902,1296,51,0,0
-56,50,-19,-3920,1308,-24,0,0
-29,47,-38,-3993,1285,-9,0,0
20,63,-58,-3966,1291,36,0,0
4,70,-36,-3872,1285,83,0,0
-23,57,-33,-3961,1364,50,0,0
-70,73,-15,-4001,1322,0,0,0
-115,106,3,-3865,1198,-39,0,0
-88,115,-14,-3847,1243,-35,0,0
-53,104,-1,-3981,1384,-110,0,0
-55,112,14,-4018,1307,-108,0,0
-24,105,-13,-4036,1311,-18,0,0
-31,70,-18,-4013,1330,61,0,0
-223,58,38,-4053,1297,-93,0,0
-242,110,69,-3885,1243,-172,0,0
-109,113,66,-3775,1252,-46,0,0
-81,39,88,-3815,1261,-174,0,0
-89,61,89,-3788,1253,-313,0,0
-21,128,9,-3907,1277,-435,0,0
25,189,-48,-4139,1319,-413,0,0
113,173,-69,-4124,1401,-285,0,0
215,47,-57,-3919,1443,-137,0,0
176,-122,-3,-3843,1335,-38,0,0
91,-211,8,-3927,1347,-169,0,0
11,-166,0,-3925,1379,-265,0,0
-38,-90,-1,-3824,1277,-127,0,0
-20,-81,-17,-3881,1309,-81,0,0
24,-74,10,-3878,1357,-161,0,0
12,-36,63,-3700,1283,-73,0,0
-43,-35,91,-3809,1338,-33,0,0
-21,-53,86,-4036,1489,-98,0,0
6,-36,114,-3987,1343,-37,0,0
-50,-6,133,-3866,1303,-61,0,0
-43,10,105,-3844,1481,-154,0,0
-42,28,89,-3913,1459,-146,0,0
-37,36,69,-3967,1407,-114,0,0
39,10,56,-3957,1445,-61,0,0
-85,-37,120,-3855,1375,98,0,0
-62,-80,74,-3859,1606,-45,0,0
-13,-66,28,-4000,1545,-115,0,0
-7,-42,1,-3895,1448,-18,0,0
13,-70,-27,-3844,1506,-10,0,0
-9,-95,-24,-3918,1446,-56,0,0
-11,-79,-20,-3895,1453,-82,0,0
5,-42,-33,-3848,1482,-104,0,0
-45,11,-31,-3803,1367,-165,0,0
-17,63,-56,-3756,1386,-132,0,0
-23,74,-50,-3918,1448,-138,0,0
-1,81,-58,-4024,1444,-148,0,0
26,74,-62,-3928,1439,-64,0,0
20,29,-31,-3813,1371,29,0,0
-16,-29,-2,-3910,1298,-89,0,0
-4,5,-14,-3999,1379,-278,0,0
68,75,-39,-3896,1369,-60,0,0
20,40,-18,-3822,1284,13,0,0
22,-16,-21,-3886,1300,15,0,0
57,-63,-42,-3923,1435,-1,0,0
102,-121,-37,-3889,1510,52,0,0
36,-187,1,-3794,1325,288,0,0
-55,-292,4,-3869,1344,249,0,0
-41,-352,12,-4058,1575,87,0,0
-154,-320,115,-4095,1414,88,0,0
-124,-258,131,-3917,1216,103,0,0
-5,-150,66,-3802,1299,147,0,0
41,-33,34,-3833,1361,220,0,0
-61,43,25,-4000,1474,343,0,0
-133,49,70,-4001,1509,202,0,0
-203,36,111,-3905,1284,105,0,0
-115,31,99,-3831,1317,46,0,0
-46,48,106,-3846,1397,43,0,0
-60,107,77,-3945,1460,0,0,0
-2,168,40,-3796,1435,80,0,0
-8,185,6,-3788,1390,-22,0,0
76,211,-74,-3935,1512,-18,0,0
118,183,-74,-3954,1652,65,0,0
67,109,-31,-3866,1426,58,0,0
35,42,-43,-3867,1453,34,0,0
60,0,-43,-3920,1529,49,0,0
91,24,-53,-3953,1526,-4,0,0
86,82,-78,-3846,1382,102,0,0
60,70,-69,-3781,1373,141,0,0
7,42,-51,-3890,1482,-43,0,0
-12,63,-19,-3825,1345,-54,0,0
28,36,-3,-3816,1349,13,0,0
26,-53,-3,-3977,1481,-99,0,0
-10,-77,19,-3958,1342,-212,0,0
21,-24,14,-3901,1321,-117,0,0
30,-27,6,-3925,1426,95,0,0
-48,-102,27,-3938,1394,53,0,0
-138,-107,34,-3886,1389,-162,0,0
-100,-73,25,-3859,1322,-75,0,0
-20,-95,11,-3909,1361,-5,0,0
12,-134,11,-3884,1388,97,0,0
17,-152,10,-3817,1552,115,0,0
-37,-146,36,-3691,1470,221,0,0
-87,-182,65,-3713,1349,250,0,0
56,-232,34,-4049,1598,231,0,0
161,-248,44,-4264,1633,210,0,0
-63,-149,122,-3843,1196,193,0,0
-123,-32,114,-3526,1203,142,0,0
-4,35,50,-3796,1533,91,0,0
10,75,32,-4042,1571,226,0,0
-52,73,37,-4008,1400,214,0,0
-23,20,58,-3868,1363,149,0,0
81,-35,66,-3805,1437,155,0,0
151,-49,21,-3924,1560,194,0,0
134,-34,-38,-4001,1538,291,0,0
122,-27,-34,-3883,1376,391,0,0
79,-37,5,-3728,1410,374,0,0
52,-64,12,-3743,1554,291,0,0
59,-59,-11,-3938,1615,173,0,0
59,0,-38,-3978,1479,240,0,0
56,29,-24,-3820,1428,241,0,0
108,37,-28,-3796,1567,185,0,0
169,-4,-40,-3870,1525,329,0,0
108,-47,-8,-3852,1454,260,0,0
109,-37,19,-3833,1467,251,0,0
106,-9,19,-3861,1482,199,0,0
147,40,-23,-3847,1508,267,0,0
81,74,-10,-3805,1474,312,0,0
-34,98,10,-3868,1462,89,0,0
-10,120,10,-3936,1541,115,0,0
35,66,10,-3835,1611,108,0,0
41,16,17,-3766,1486,153,0,0
36,-8,18,-3870,1495,137,0,0
-8,28,17,-3913,1468,21,0,0
-58,98,-3,-3816,1473,75,0,0
-54,89,-21,-3837,1519,54,0,0
-60,69,-16,-3944,1468,-69,0,0
-82,80,-13,-3929,1402,-60,0,0
-42,51,-9,-3824,1453,-44,0,0
17,13,-8,-3861,1501,-41,0,0
22,-12,-16,-3895,1463,41,0,0
47,-39,-28,-3843,1481,107,0,0
8,-59,8,-3840,1452,79,0,0
-61,-38,30,-3903,1416,-22,0,0
-79,25,5,-3884,1419,-25,0,0
-70,52,-17,-3861,1455,84,0,0
-56,11,0,-3869,1460,150,0,0
-113,-33,21,-3878,1510,148,0,0
-264,-11,39,-3959,1428,-95,0,0
-235,82,20,-3837,1277,-226,0,0
-62,132,-7,-3716,1300,-20,0,0
19,93,24,-3834,1395,22,0,0
68,53,22,-4018,1575,-56,0,0
74,38,-22,-4093,1596,-125,0,0
63,51,-41,-3906,1406,92,0,0
16,10,7,-3697,1376,201,0,0
-43,-48,53,-3756,1452,29,0,0
-48,-37,39,-3906,1469,-117,0,0
94,21,-49,-3955,1510,8,0,0
95,35,-57,-3937,1432,84,0,0
-94,41,-15,-3913,1476,4,0,0
-152,28,7,-3813,1424,-80,0,0
-88,-5,8,-3891,1398,-165,0,0
8,-14,13,-3947,1362,-139,0,0
111,-24,7,-3879,1451,-76,0,0
161,-44,9,-3818,1499,10,0,0
115,-69,26,-3879,1462,12,0,0
71,-54,21,-3917,1402,-10,0,0
36,-22,24,-3885,1448,-20,0,0
78,-29,10,-3855,1449,-11,0,0
108,-44,-6,-3887,1425,62,0,0
-11,-38,-39,-3822,1524,227,0,0
-144,-23,-39,-3883,1512,175,0,0
-209,5,27,-3943,1295,-28,0,0
-98,34,28,-3941,1327,-167,0,0
105,54,-15,-3888,1476,-50,0,0
142,56,-7,-3833,1432,141,0,0
52,31,17,-3892,1434,65,0,0
40,41,-16,-3911,1504,4,0,0
0,61,0,-3872,1457,62,0,0
-54,45,13,-3825,1438,41,0,0
-84,25,12,-3856,1414,-76,0,0
-53,11,3,-3980,1439,-166,0,0
52,-3,-7,-3972,1416,-157,0,0
104,2,-17,-3834,1364,-14,0,0
58,0,-26,-3819,1480,36,0,0
18,-17,-1,-3847,1382,50,0,0
-6,-27,21,-3838,1404,47,0,0
-62,-28,43,-3905,1506,-61,0,0
-108,-10,45,-3937,1498,-110,0,0
-89,2,25,-3900,1441,-139,0,0
-51,9,13,-3863,1391,-111,0,0
7,-6,10,-3850,1433,-128,0,0
94,-23,14,-3846,1458,-66,0,0
108,-32,15,-3879,1478,-22,0,0
104,-32,12,-3916,1429,58,0,0
77,-32,12,-3882,1459,54,0,0
6,-11,34,-3804,1415,13,0,0
-33,14,50,-3843,1467,-23,0,0
-26,12,36,-3901,1572,-73,0,0
-12,-12,48,-3908,1455,-97,0,0
29,-13,38,-3886,1437,-51,0,0
48,-17,22,-3863,1481,-43,0,0
27,-19,11,-3880,1521,20,0,0
-14,-37,-2,-3919,1483,-53,0,0
-17,-31,-9,-3896,1438,-13,0,0
-25,-43,-4,-3793,1435,5,0,0
-52,-56,26,-3846,1404,-81,0,0
23,-42,5,-3903,1462,-107,0,0
91,-29,-13,-3886,1523,-70,0,0
94,-5,-23,-3845,1489,28,0,0
38,-2,-23,-3810,1531,48,0,0
24,-45,-20,-3882,1500,6,0,0
40,-71,-11,-3916,1420,18,0,0
7,-55,9,-3855,1444,103,0,0
-50,-62,22,-3792,1450,70,0,0
-45,-59,23,-3858,1454,8,0,0
-57,-9,31,-3896,1471,65,0,0
-117,47,36,-3803,1529,115,0,0
-158,60,50,-3799,1517,203,0,0
-230,23,68,-3834,1498,113,0,0
-235,2,65,-3905,1545,44,0,0
-254,6,66,-3916,1447,10,0,0
-224,10,41,-3904,1445,-36,0,0
-122,1,5,-3866,1464,10,0,0
-30,-34,-14,-3839,1479,84,0,0
16,-93,-14,-3927,1448,-107,0,0
99,-82,-46,-3894,1451,-129,0,0
179,-47,-51,-3822,1461,-8,0,0
224,-72,-36,-3814,1506,31,0,0
280,-135,-24,-3831,1541,185,0,0
269,-193,-10,-3831,1545,265,0,0
182,-210,7,-3844,1518,258,0,0
104,-209,-8,-3894,1501,204,0,0
116,-195,-49,-3920,1495,174,0,0
104,-163,-32,-3894,1469,142,0,0
113,-124,-23,-3744,1446,211,0,0
122,-117,38,-3697,1422,386,0,0
83,-139,68,-3859,1561,261,0,0
30,-103,50,-3933,1506,236,0,0
25,-23,46,-3906,1371,269,0,0
61,54,-12,-3900,1539,307,0,0
32,69,-38,-3891,1580,368,0,0
-20,76,-27,-3832,1433,371,0,0
-63,75,-25,-3796,1484,276,0,0
-61,53,-21,-3832,1551,233,0,0
-71,43,-12,-3882,1473,238,0,0
-94,37,-3,-3902,1477,246,0,0
-60,31,0,-3843,1479,257,0,0
-63,43,1,-3780,1412,220,0,0
-85,68,-16,-3814,1427,209,0,0
-70,77,-14,-3915,1496,120,0,0
-40,90,-14,-3949,1450,152,0,0
-98,97,-4,-3855,1450,211,0,0
-205,87,41,-3805,1403,220,0,0
-223,57,66,-3842,1417,193,0,0
-158,42,34,-3908,1543,95,0,0
-111,55,22,-3941,1535,40,0,0
-54,70,25,-3851,1366,131,0,0
20,51,9,-3785,1441,139,0,0
59,35,13,-3862,1508,135,0,0
40,50,30,-3863,1435,191,0,0
5,66,26,-3838,1464,122,0,0
18,66,9,-3884,1525,36,0,0
24,78,13,-3872,1454,106,0,0
28,62,8,-3846,1465,108,0,0
39,31,-1,-3861,1491,51,0,0
45,22,11,-3869,1488,86,0,0
19,21,33,-3870,1467,45,0,0
27,24,5,-3910,1547,-1,0,0
24,26,2,-3873,1489,86,0,0
30,-1,6,-3811,1472,103,0,0
32,-34,10,-3844,1482,29,0,0
47,-47,7,-3892,1511,32,0,0
68,-58,0,-3913,1515,50,0,0
55,-61,2,-3902,1446,11,0,0
71,-51,-20,-3870,1468,37,0,0
84,-56,-23,-3832,1485,84,0,0
74,-61,-15,-3828,1447,93,0,0
53,-59,-18,-3854,1455,62,0,0
54,-47,-21,-3879,1499,64,0,0
15,-29,0,-3864,1448,54,0,0
12,-17,-2,-3845,1459,40,0,0
30,-20,-14,-3904,1489,73,0,0
21,-20,-9,-3901,1456,93,0,0
-15,-13,0,-3848,1411,88,0,0
-15,-21,-1,-3855,1480,52,0,0
31,-30,-4,-3912,1503,75,0,0
27,-28,1,-3873,1453,134,0,0
10,-23,13,-3784,1423,161,0,0
-18,-16,20,-3831,1452,124,0,0
-25,0,9,-3915,1472,91,0,0
-34,27,-9,-3914,1460,96,0,0
-49,36,-7,-3831,1422,133,0,0
-53,10,5,-3832,1449,96,0,0
-44,-18,10,-3895,1488,58,0,0
-25,-20,13,-3905,1423,54,0,0
-15,-2,6,-3868,1470,79,0,0
-14,12,11,-3841,1441,113,0,0
-14,28,12,-3836,1421,97,0,0
-16,37,13,-3861,1462,73,0,0
-1,28,15,-3870,1472,77,0,0
11,10,12,-3867,1485,116,0,0
-39,-19,42,-3862,1463,51,0,0
-8,-28,39,-3888,1450,-2,0,0
28,-4,21,-3897,1439,87,0,0
20,12,8,-3865,1472,119,0,0
15,10,7,-3877,1471,98,0,0
3,7,2,-3871,1478,78,0,0
-1,6,-1,-3871,1479,76,0,0
5,1,-12,-3885,1476,78,0,0
-1,-6,-3,-3890,1442,60,0,0
35,-11,-7,-3871,1471,58,0,0
73,-16,-10,-3836,1494,96,0,0
31,-39,9,-3871,1444,104,0,0
26,-50,-5,-3904,1477,56,0,0
34,-47,-5,-3853,1459,89,0,0
40,-48,2,-3842,1480,84,0,0
36,-42,-2,-3874,1487,77,0,0
17,-28,8,-3841,1460,119,0,0
9,-20,15,-3836,1436,78,0,0
13,-4,15,-3899,1481,55,0,0
20,9,14,-3888,1477,92,0,0
13,12,9,-3865,1459,80,0,0
25,19,-3,-3837,1471,161,0,0
-8,4,16,-3834,1474,131,0,0
-11,-5,14,-3879,1475,97,0,0
-11,1,6,-3895,1495,141,0,0
-31,14,13,-3873,1473,108,0,0
-43,26,12,-3840,1431,95,0,0
-38,23,19,-3838,1453,67,0,0
-7,22,14,-3900,1499,40,0,0
-12,28,7,-3865,1447,84,0,0
-39,31,17,-3801,1428,85,0,0
-31,24,15,-3867,1504,55,0,0
6,9,15,-3911,1490,36,0,0
15,21,4,-3888,1506,40,0,0
-33,44,-2,-3829,1476,32,0,0
-26,46,5,-3850,1450,28,0,0
34,28,-5,-3864,1474,35,0,0
37,11,6,-3882,1492,54,0,0
-5,1,13,-3879,1478,-35,0,0
28,-9,10,-3848,1498,5,0,0
51,-26,21,-3858,1458,55,0,0
51,-23,17,-3862,1468,16,0,0
32,10,13,-3845,1516,22,0,0
28,28,24,-3845,1467,56,0,0
23,34,18,-3885,1481,66,0,0
-22,31,17,-3874,1538,29,0,0
-51,17,28,-3867,1488,-20,0,0
-46,12,17,-3831,1428,-34,0,0
11,6,24,-3870,1472,26,0,0
10,10,46,-3878,1518,43,0,0
-40,13,24,-3855,1595,-23,0,0
-59,10,-2,-3823,1508,-34,0,0
-18,-3,-2,-3840,1428,11,0,0
5,-8,1,-3841,1491,5,0,0
8,-2,7,-3865,1548,0,0,0
0,19,16,-3868,1485,26,0,0
-34,25,5,-3838,1514,10,0,0
-34,25,-5,-3826,1517,4,0,0
-37,13,4,-3885,1504,-38,0,0
-6,12,-10,-3856,1519,-36,0,0
16,9,-6,-3841,1473,-4,0,0
23,0,-5,-3822,1494,25,0,0
24,-27,3,-3855,1514,-54,0,0
41,-23,3,-3907,1484,-51,0,0
37,-8,2,-3841,1491,10,0,0
13,-3,9,-3836,1514,-28,0,0
18,4,4,-3827,1468,-23,0,0
21,7,7,-3837,1478,-27,0,0
42,10,3,-3900,1544,-14,0,0
14,14,9,-3865,1508,1,0,0
-2,10,14,-3828,1488,-7,0,0
-8,4,18,-3819,1448,-8,0,0
-2,-3,13,-3882,1521,-48,0,0
15,-12,11,-3875,1527,-30,0,0
8,-31,19,-3842,1471,-39,0,0
23,-39,9,-3854,1499,-28,0,0
24,-32,0,-3866,1548,-3,0,0
6,-24,-5,-3863,1504,-1,0,0
-12,-13,-11,-3861,1506,-27,0,0
-27,-5,-3,-3842,1468,-16,0,0
-20,-9,-5,-3835,1464,-41,0,0
-13,-11,2,-3857,1502,-44,0,0
-16,-17,9,-3878,1508,-32,0,0
-18,-24,7,-3832,1486,-11,0,0
-1,-24,14,-3770,1457,64,0,0
-22,-33,2,-3778,1512,58,0,0
-32,-57,-7,-3945,1627,-107,0,0
-20,-27,18,-3985,1496,-66,0,0
-26,9,25,-3858,1399,15,0,0
10,17,5,-3773,1490,19,0,0
15,-2,10,-3781,1523,10,0,0
10,-8,13,-3896,1503,11,0,0
2,3,2,-3916,1513,-1,0,0
6,19,-1,-3841,1489,36,0,0
-9,32,-5,-3851,1514,37,0,0
-27,31,-8,-3845,1498,27,0,0
-24,24,0,-3852,1460,9,0,0
-22,19,-6,-3880,1460,-24,0,0
-1,13,-10,-3865,1471,-50,0,0
39,1,-13,-3868,1521,-6,0,0
49,-16,-5,-3862,1494,26,0,0
41,-24,-4,-3844,1473,17,0,0
43,-15,-7,-3873,1496,-9,0,0
15,9,0,-3845,1498,-5,0,0
18,12,-4,-3837,1492,10,0,0
18,6,-7,-3861,1479,-11,0,0
7,14,-1,-3863,1467,-21,0,0
9,19,6,-3860,1503,-26,0,0
4,13,9,-3864,1487,-37,0,0
9,10,6,-3860,1458,-41,0,0
24,11,-4,-3867,1499,-20,0,0
16,8,-6,-3856,1507,-7,0,0
-7,5,3,-3865,1465,-24,0,0
-6,3,2,-3882,1497,-28,0,0
-13,2,-3,-3863,1501,-41,0,0
-33,0,3,-3868,1471,-48,0,0
-72,2,14,-3882,1472,-70,0,0
-80,-4,18,-3870,1468,-115,0,0
22,-17,-7,-3826,1475,-9,0,0
2,-70,-4,-3791,1490,40,0,0
-57,-149,47,-3874,1449,-163,0,0
61,-111,50,-3919,1441,-110,0,0
103,-37,24,-3852,1511,91,0,0
1,-5,3,-3796,1523,95,0,0
-85,13,0,-3867,1450,-58,0,0
-49,43,-11,-3872,1472,-61,0,0
-11,27,-9,-3861,1510,-23,0,0
-1,4,2,-3890,1452,22,0,0
-11,-5,6,-3838,1504,37,0,0
-20,-17,24,-3837,1455,-20,0,0
-18,10,14,-3867,1438,-27,0,0
6,23,-15,-3881,1514,-9,0,0
17,16,-8,-3916,1495,4,0,0
10,8,0,-3863,1448,71,0,0
1,-16,10,-3848,1471,8,0,0
9,-1,2,-3861,1495,-35,0,0
0,17,-3,-3862,1446,0,0,0
20,11,-9,-3873,1478,-29,0,0
30,-16,5,-3858,1491,-22,0,0
50,-48,26,-3900,1427,-102,0,0
93,-26,5,-3839,1502,8,0,0
51,-9,9,-3816,1504,67,0,0
-10,2,14,-3887,1465,9,0,0
-8,15,0,-3865,1516,-9,0,0
6,0,5,-3869,1489,-39,0,0
17,-12,3,-3877,1443,-22,0,0
18,-9,5,-3849,1469,44,0,0
22,-36,14,-3875,1497,10,0,0
-7,-27,21,-3863,1428,5,0,0
-3,-8,7,-3854,1500,-33,0,0
-4,15,-2,-3895,1519,-31,0,0
-30,24,-10,-3848,1482,4,0,0
-20,4,3,-3827,1462,-47,0,0
9,-12,13,-3854,1483,-60,0,0
40,-22,13,-3886,1528,-50,0,0
37,-20,11,-3872,1489,-45,0,0
31,0,8,-3825,1490,28,0,0
15,-12,12,-3830,1532,21,0,0
5,-18,17,-3850,1493,-3,0,0
10,-27,13,-3858,1498,24,0,0
3,-29,11,-3849,1502,14,0,0
-19,-22,11,-3839,1471,9,0,0
-30,-15,12,-3862,1482,1,0,0
-17,-9,10,-3890,1515,-32,0,0
-13,0,6,-3855,1473,-1,0,0
-24,3,6,-3806,1457,24,0,0
-36,6,11,-3817,1491,-33,0,0
-21,9,16,-3875,1506,-15,0,0
-5,21,19,-3881,1483,-5,0,0
-33,48,11,-3831,1477,-42,0,0
-20,66,-10,-3849,1514,-69,0,0
-2,64,-19,-3863,1504,-49,0,0
-19,47,-10,-3889,1494,-68,0,0
-12,25,4,-3881,1463,-77,0,0
30,4,6,-3837,1491,-66,0,0
45,-9,14,-3836,1476,-36,0,0
36,-10,12,-3850,1492,-53,0,0
42,-9,9,-3871,1528,-54,0,0
16,1,10,-3872,1500,-52,0,0
9,10,3,-3861,1488,-42,0,0
13,2,7,-3839,1494,-33,0,0
11,-26,10,-3870,1501,-83,0,0
27,-19,10,-3891,1479,-64,0,0
19,-13,8,-3851,1497,-55,0,0
16,-10,-1,-3842,1499,-39,0,0
11,-11,-3,-3887,1504,-59,0,0
7,-4,-4,-3857,1490,-33,0,0
-9,-3,-4,-3854,1496,-51,0,0
-19,0,-6,-3856,1465,-51,0,0
-26,-1,-1,-3854,1451,-61,0,0
8,-16,-1,-3874,1494,-61,0,0
28,-36,8,-3873,1503,-59,0,0
14,-29,10,-3844,1485,-28,0,0
-8,-11,5,-3823,1488,-1,0,0
-31,-12,0,-3845,1504,-46,0,0
-14,-22,-7,-3901,1498,-75,0,0
-16,-15,-2,-3877,1480,-62,0,0
-20,-14,0,-3826,1468,-39,0,0
-1,-38,1,-3843,1475,-47,0,0
19,-61,4,-3858,1472,-39,0,0
31,-68,-6,-3886,1515,-33,0,0
22,-64,-11,-3854,1472,-7,0,0
11,-51,-21,-3838,1489,7,0,0
-21,-31,-12,-3903,1497,17,0,0
-50,-27,1,-3894,1471,11,0,0
-41,-33,3,-3845,1444,19,0,0
-37,-28,13,-3815,1441,50,0,0
-52,-9,20,-3847,1440,-1,0,0
-33,11,15,-3878,1482,-38,0,0
-4,16,11,-3881,1528,-1,0,0
-2,-7,30,-3867,1452,-7,0,0
31,-20,30,-3848,1433,-18,0,0
60,-21,15,-3874,1508,-7,0,0
65,-28,27,-3876,1446,24,0,0
67,-24,24,-3865,1456,-12,0,0
85,-8,8,-3833,1506,14,0,0
95,-17,12,-3857,1480,58,0,0
84,-28,14,-3868,1456,36,0,0
79,-7,4,-3894,1550,20,0,0
58,2,13,-3879,1522,34,0,0
51,6,12,-3801,1452,58,0,0
50,12,8,-3835,1518,52,0,0
16,14,15,-3908,1562,55,0,0
-26,19,12,-3846,1474,46,0,0
-37,43,0,-3842,1437,7,0,0
-45,69,-26,-3876,1525,-20,0,0
-73,72,-16,-3855,1473,-12,0,0
-69,44,-10,-3860,1491,-87,0,0
-3,3,-3,-3858,1518,-146,0,0
67,-11,-3,-3867,1449,-50,0,0
46,-1,-5,-3830,1484,15,0,0
8,-12,2,-3804,1522,37,0,0
-28,-39,28,-3830,1421,-40,0,0
-21,-12,38,-3940,1500,-95,0,0
-51,42,18,-3959,1573,-105,0,0
-93,86,-14,-3826,1460,7,0,0
-121,73,-22,-3780,1452,6,0,0
-115,32,-19,-3859,1542,-151,0,0
-78,13,-30,-3940,1469,-180,0,0
-20,19,-57,-3904,1379,-51,0,0
-11,17,-48,-3860,1462,-55,0,0
-15,4,-33,-3855,1496,-116,0,0
-22,-2,-43,-3856,1443,-66,0,0
-7,-7,-65,-3943,1453,-109,0,0
-6,12,-73,-3959,1428,-112,0,0
-20,13,-45,-3816,1384,-5,0,0
3,-29,-30,-3805,1376,-41,0,0
8,-34,-31,-3946,1377,-98,0,0
-2,0,-50,-3948,1388,9,0,0
-25,0,-38,-3878,1322,20,0,0
-47,-43,-6,-3852,1307,-95,0,0
32,-90,-1,-3920,1361,-221,0,0
141,-75,1,-3943,1398,-107,0,0
138,-47,5,-3893,1410,39,0,0
83,-36,14,-3887,1399,59,0,0
34,-12,28,-3868,1396,115,0,0
-70,5,38,-3874,1412,58,0,0
-133,22,35,-3969,1373,-106,0,0
-104,67,18,-3929,1349,-33,0,0
-93,62,-10,-3927,1416,-103,0,0
-30,52,-17,-3919,1366,-71,0,0
11,30,-16,-3842,1371,26,0,0
10,-11,-1,-3921,1403,-73,0,0
18,-15,10,-3921,1370,-59,0,0
30,-13,6,-3874,1426,-30,0,0
10,-16,5,-3889,1389,-30,0,0
-6,0,-2,-3911,1370,-88,0,0
61,8,-22,-3922,1411,-76,0,0
74,9,-21,-3926,1415,-2080,0,0
52,-1,-16,-3879,1403,-17,0,0
29,-13,-8,-3894,1386,-23,0,0
-13,-10,0,-3915,1370,-39,0,0
-28,-1,-5,-3920,1404,-57,0,0
-34,-1,-4,-3927,1382,-79,0,0
-9,-16,-10,-3905,1405,-26,0,0
11,-61,-13,-3913,1365,-75,0,0
38,-59,-16,-3896,1314,-58,0,0
32,-49,-14,-3871,1372,15,0,0
31,-68,-16,-3938,1391,-33,0,0
39,-70,-9,-3972,1325,3,0,0
26,-64,-1,-3901,1311,-38,0,0
42,-45,-6,-3863,1323,-27,0,0
34,-39,-6,-3938,1374,54,0,0
-6,-48,12,-3963,1356,7,0,0
6,-45,13,-3924,1308,-20,0,0
49,-32,1,-3881,1333,42,0,0
46,-31,-3,-3907,1365,39,0,0
24,-21,-13,-3957,1373,35,0,0
8,-24,-13,-3958,1347,-16,0,0
23,-16,-18,-3910,1280,10,0,0
35,-8,-24,-3893,1328,91,0,0
-6,-15,-4,-3934,1338,38,0,0
-23,-4,-8,-3962,1335,-6,0,0
-6,10,-16,-3952,1339,13,0,0
-20,20,1,-3842,1270,52,0,0
-25,14,11,-3873,1352,15,0,0
-31,12,14,-3979,1365,-18,0,0
-31,27,9,-3994,1341,-32,0,0
-24,47,11,-3893,1271,-8,0,0
-3,51,4,-3869,1319,6,0,0
13,43,2,-3930,1335,21,0,0
-16,35,4,-3980,1342,-43,0,0
-16,41,6,-3965,1308,-43,0,0
9,42,-6,-3913,1334,-32,0,0
0,43,-4,-3884,1289,-40,0,0
4,47,-19,-3934,1339,-25,0,0
12,36,-20,-3966,1365,-64,0,0
0,36,-9,-3938,1275,-60,0,0
-25,39,20,-3907,1261,-25,0,0
-23,19,24,-3920,1344,-101,0,0
1,11,9,-3942,1352,-114,0,0
-2,11,18,-3934,1270,-84,0,0
7,11,12,-3918,1327,-131,0,0
24,18,6,-3915,1347,-94,0,0
3,20,4,-3956,1315,-92,0,0
11,19,-12,-3960,1343,-73,0,0
-23,11,1,-3934,1313,-103,0,0
-23,13,-10,-3931,1284,-123,0,0
-6,15,-19,-3928,1299,-96,0,0
-8,8,-25,-3965,1344,-119,0,0
-7,4,-16,-3970,1296,-99,0,0
-10,6,-19,-3927,1272,-112,0,0
3,15,-27,-3890,1291,-52,0,0
-24,0,-12,-3911,1279,-87,0,0
-21,-4,-16,-3980,1317,-144,0,0
-18,9,-19,-3966,1300,-125,0,0
-10,13,-22,-3921,1277,-107,0,0
-8,0,-19,-3913,1299,-95,0,0
-1,-20,-3,-3944,1261,-131,0,0
24,-20,-8,-3970,1265,-132,0,0
12,-8,-2,-3965,1261,-131,0,0
21,0,6,-3903,1221,-47,0,0
10,-11,17,-3935,1285,-100,0,0
2,-9,16,-4021,1328,-183,0,0
3,3,14,-3944,1246,-93,0,0
2,-9,15,-3901,1249,-67,0,0
5,-31,26,-3943,1244,-121,0,0
15,-31,29,-3968,1278,-138,0,0
27,-19,14,-3986,1280,-153,0,0
33,1,-6,-3945,1252,-100,0,0
32,5,-6,-3914,1328,-40,0,0
3,-14,23,-3919,1294,-108,0,0
6,-11,19,-3944,1282,-100,0,0
1,-1,15,-3958,1314,-97,0,0
-18,10,17,-3947,1277,-100,0,0
-33,8,18,-3924,1274,-79,0,0
-41,-5,22,-3934,1306,-122,0,0
-27,-16,14,-3943,1298,-130,0,0
0,-32,7,-3919,1285,-118,0,0
17,-33,14,-3881,1254,-99,0,0
7,-27,17,-3964,1317,-147,0,0
-16,-9,20,-4004,1329,-135,0,0
-6,2,18,-3918,1283,-62,0,0
-13,0,19,-3870,1286,-50,0,0
-35,-5,20,-3940,1311,-131,0,0
-22,1,11,-3998,1326,-127,0,0
-3,-2,9,-3953,1321,-94,0,0
34,-22,23,-3902,1238,-62,0,0
107,-35,6,-3930,1325,-97,0,0
73,-20,-3,-3982,1346,-106,0,0
2,2,1,-3938,1316,8,0,0
-26,-7,6,-3887,1340,-24,0,0
-36,-8,12,-3941,1314,-98,0,0
-38,18,4,-3946,1289,-60,0,0
-41,29,-1,-3920,1308,-63,0,0
-29,19,-4,-3940,1330,-87,0,0
-28,15,10,-3971,1297,-109,0,0
-26,23,7,-3921,1281,-124,0,0
22,23,-8,-3895,1342,-66,0,0
-5,13,6,-3905,1340,-66,0,0
-24,7,8,-3953,1316,-134,0,0
5,14,-3,-3957,1284,-136,0,0
22,17,-8,-3918,1314,-100,0,0
34,2,-6,-3910,1334,-86,0,0
29,-14,-2,-3964,1342,-117,0,0
1,-8,6,-3945,1299,-92,0,0
-26,-4,16,-3906,1283,-109,0,0
-11,-3,15,-3908,1306,-114,0,0
-8,5,7,-3973,1315,-135,0,0
-8,19,2,-3952,1312,-129,0,0
-5,19,6,-3908,1300,-105,0,0
-5,9,5,-3918,1302,-128,0,0
-2,2,5,-3944,1290,-124,0,0
3,-4,8,-3954,1276,-136,0,0
16,-8,2,-3950,1324,-138,0,0
6,-13,-1,-3948,1320,-153,0,0
7,-13,-9,-3921,1266,-100,0,0
-1,-22,1,-3936,1305,-95,0,0
-1,-38,9,-3937,1330,-110,0,0
-18,-52,17,-3919,1283,-140,0,0
-14,-50,11,-3943,1274,-153,0,0
-7,-38,2,-3988,1303,-147,0,0
-18,-25,6,-3920,1283,-104,0,0
-15,-22,16,-3867,1287,-67,0,0
15,-49,12,-3946,1317,-135,0,0
48,-42,12,-3942,1279,-78,0,0
-3,-26,30,-3871,1266,-15,0,0
-40,-24,19,-3963,1350,-101,0,0
-54,-1,11,-4020,1320,-119,0,0
-41,5,10,-3923,1264,-66,0,0
9,-36,16,-3884,1284,-67,0,0
45,-66,30,-3920,1289,-60,0,0
68,-63,26,-3971,1347,-63,0,0
52,-38,20,-3940,1342,-14,0,0
18,-13,13,-3885,1312,12,0,0
-7,8,8,-3899,1317,-1,0,0
-36,24,11,-3946,1359,-63,0,0
-25,29,9,-3969,1353,-77,0,0
2,24,-4,-3942,1318,-44,0,0
7,20,2,-3878,1335,20,0,0
-12,2,28,-3906,1327,-52,0,0
-4,8,10,-3986,1372,-116,0,0
15,24,0,-3916,1345,-12,0,0
-3,13,12,-3867,1331,-20,0,0
-7,2,16,-3920,1343,-63,0,0
-7,12,12,-3942,1354,-85,0,0
4,24,-1,-3942,1380,-66,0,0
-2,16,2,-3942,1332,-38,0,0
-5,-4,9,-3923,1314,-58,0,0
-1,-10,18,-3907,1328,-121,0,0
4,0,13,-3924,1350,-117,0,0
11,5,9,-3939,1335,-75,0,0
7,4,4,-3910,1338,-115,0,0
8,12,4,-3868,1299,-58,0,0
2,7,8,-3949,1372,-86,0,0
-7,13,3,-3981,1374,-121,0,0
-28,16,4,-3891,1303,-60,0,0
-33,3,8,-3886,1309,-97,0,0
-11,2,11,-3944,1343,-128,0,0
-4,8,7,-3948,1336,-103,0,0
5,8,-6,-3953,1355,-118,0,0
15,2,-10,-3927,1324,-97,0,0
13,-1,-11,-3868,1312,-46,0,0
-13,-9,1,-3914,1357,-95,0,0
-15,-12,6,-3978,1362,-120,0,0
-12,-8,5,-3916,1321,-119,0,0
-11,-2,9,-3863,1292,-95,0,0
-12,-4,13,-3907,1314,-97,0,0
-17,-5,16,-3943,1333,-90,0,0
-8,-7,18,-3943,1354,-79,0,0
-16,-4,23,-3910,1316,-89,0,0
-30,14,14,-3924,1332,-126,0,0
-61,38,17,-3940,1328,-87,0,0
-61,35,15,-3913,1343,-81,0,0
-23,14,9,-3917,1360,-133,0,0
-8,6,12,-3934,1338,-145,0,0
4,17,12,-3927,1330,-86,0,0
13,22,-5,-3898,1364,-72,0,0
14,16,-26,-3941,1374,-138,0,0
-16,20,-10,-3913,1307,-74,0,0
-18,4,-7,-3890,1344,-85,0,0
-6,-9,-4,-3937,1403,-99,0,0
-40,-7,14,-3933,1340,-100,0,0
-32,0,-3,-3900,1337,-101,0,0
-31,4,-13,-3931,1335,-117,0,0
-23,10,-16,-3942,1282,-127,0,0
5,18,-32,-3898,1302,-96,0,0
23,13,-40,-3886,1346,-115,0,0
18,1,-25,-3960,1366,-114,0,0
-22,-5,4,-4006,1316,-114,0,0
3,-20,2,-3913,1358,-52,0,0
-2,-63,18,-3899,1361,-98,0,0
-15,-75,27,-3940,1311,-171,0,0
0,-49,14,-3928,1288,-169,0,0
-1,-17,16,-3874,1272,-89,0,0
-7,-22,32,-3908,1270,-80,0,0
24,-26,27,-3987,1337,-157,0,0
38,-5,14,-3962,1326,-86,0,0
24,-6,3,-3920,1286,-84,0,0
54,-15,-21,-3948,1346,-94,0,0
38,-1,-17,-3944,1325,-29,0,0
-9,0,-9,-3915,1317,-41,0,0
-28,-15,-2,-3938,1339,-92,0,0
-20,-23,-1,-3957,1304,-121,0,0
-18,-8,-6,-3929,1256,-68,0,0
-181,-3,37,-3910,1326,13,0,0
-213,-20,52,-3921,1365,-90,0,0
-16,-20,5,-3954,1314,-145,0,0
56,-2,-15,-3888,1293,-34,0,0
39,-6,-15,-3837,1318,-16,0,0
33,-23,-19,-3902,1336,-100,0,0
92,-29,-49,-3977,1346,-120,0,0
74,-13,-20,-3972,1270,-28,0,0
-3,11,28,-3894,1249,9,0,0
-57,24,27,-3917,1360,-94,0,0
-82,42,19,-3985,1359,-120,0,0
-88,51,24,-3990,1278,-114,0,0
-68,53,40,-3940,1260,-161,0,0
-11,70,51,-3961,1369,-155,0,0
-8,91,55,-3898,1341,-32,0,0
-19,69,15,-3861,1400,-49,0,0
-71,39,-2,-3946,1387,-118,0,0
-109,25,-5,-3953,1279,-162,0,0
-48,12,-14,-3928,1274,-155,0,0
30,-14,-12,-3932,1285,-151,0,0
77,-8,-9,-3915,1312,-82,0,0
47,0,-7,-3932,1333,-76,0,0
22,27,-13,-3907,1322,-73,0,0
-21,48,-5,-3904,1347,-56,0,0
-43,18,4,-3980,1315,-229,0,0
27,12,-11,-4005,1318,-190,0,0
35,-3,-16,-3956,1349,-85,0,0
0,-41,0,-3907,1263,-178,0,0
38,-44,-5,-3909,1301,-152,0,0
45,-50,-9,-3896,1365,-108,0,0
12,-60,11,-3941,1300,-151,0,0
18,-36,7,-3954,1332,-114,0,0
-25,-20,23,-3875,1305,-77,0,0
-47,-22,33,-3901,1327,-124,0,0
-47,-15,22,-4052,1499,-176,0,0
-131,-54,61,-3991,1313,-135,0,0
-97,-150,76,-3819,1194,-54,0,0
104,-207,49,-3801,1267,-4,0,0
179,-182,24,-3923,1374,11,0,0
7,-89,42,-4018,1389,73,0,0
-104,3,21,-3977,1318,39,0,0
-122,64,-15,-3835,1310,14,0,0
-100,48,-15,-3878,1351,-57,0,0
-17,10,-12,-3990,1348,-65,0,0
-16,-9,-2,-3949,1354,-51,0,0
-22,-9,4,-3921,1339,-28,0,0
38,3,-43,-3938,1424,51,0,0
-30,13,-44,-3856,1309,131,0,0
-107,12,-16,-3946,1274,61,0,0
-115,0,-8,-4014,1390,-71,0,0
-60,-8,-17,-3853,1320,-43,0,0
-76,17,-14,-3856,1230,-1,0,0
-44,41,-27,-3998,1368,-90,0,0
-48,42,-36,-4030,1384,-185,0,0
-9,42,-48,-3923,1282,-59,0,0
-4,9,-36,-3917,1276,-23,0,0
14,-47,-24,-3916,1267,-82,0,0
96,-86,-4,-3902,1197,-67,0,0
179,-96,9,-3946,1220,-32,0,0
204,-74,-10,-3957,1309,39,0,0
198,-54,-27,-3889,1317,164,0,0
121,-35,-14,-3923,1341,151,0,0
-10,-6,-1,-3975,1332,74,0,0
-49,23,-7,-3953,1273,50,0,0
-99,38,-11,-3994,1221,-10,0,0
-114,38,-15,-4013,1289,-157,0,0
-2,15,4,-3947,1268,-115,0,0
78,-27,23,-3896,1218,10,0,0
137,-72,3,-3951,1255,36,0,0
178,-82,-28,-3985,1344,69,0,0
87,-37,-7,-3946,1253,146,0,0
-11,13,-23,-3951,1257,31,0,0
-37,60,-59,-3999,1305,-30,0,0
-84,89,-59,-3945,1225,29,0,0
-81,68,-59,-3928,1187,-4,0,0
-55,33,-43,-4006,1211,-52,0,0
-40,13,-16,-3985,1199,-41,0,0
-15,3,-12,-3959,1196,-57,0,0
1,5,-25,-3955,1202,-52,0,0
3,10,-19,-3996,1203,-37,0,0
-1,10,-10,-3986,1187,-34,0,0
5,-2,-6,-3969,1206,-55,0,0
3,-18,9,-3980,1223,-76,0,0
13,-22,23,-3966,1145,-26,0,0
36,-26,15,-3948,1164,-11,0,0
46,-34,13,-3993,1222,-38,0,0
24,-23,14,-4021,1198,-29,0,0
11,-6,5,-3939,1169,-10,0,0
25,-1,11,-3938,1204,30,0,0
11,0,25,-3990,1238,2,0,0
-4,12,33,-4037,1263,-35,0,0
-34,38,40,-3973,1207,-20,0,0
-39,44,26,-3906,1214,-21,0,0
-37,26,24,-3928,1202,-37,0,0
-23,4,29,-3995,1200,-79,0,0
7,-4,14,-4040,1261,-131,0,0
39,0,8,-4012,1236,-89,0,0
68,12,2,-3910,1204,-5,0,0
42,18,4,-3912,1232,-10,0,0
0,24,-3,-3992,1280,-38,0,0
-22,26,-9,-3999,1256,-54,0,0
-37,27,0,-3929,1195,-43,0,0
-41,19,3,-3936,1212,-94,0,0
-23,29,-6,-4013,1234,-114,0,0
-8,43,-13,-3981,1212,-50,0,0
-14,27,-6,-3932,1213,-56,0,0
-27,7,4,-3970,1245,-112,0,0
-7,18,2,-3977,1253,-67,0,0
-64,35,24,-3982,1240,-73,0,0
-119,32,37,-3975,1254,-116,0,0
-99,24,24,-3958,1222,-116,0,0
-55,24,-4,-3938,1216,-123,0,0
-51,21,0,-3949,1182,-165,0,0
-6,13,-8,-4040,1212,-205,0,0
33,21,-26,-4029,1209,-148,0,0
37,20,-19,-3931,1168,-109,0,0
49,7,-14,-3892,1214,-69,0,0
22,-19,5,-3973,1240,-118,0,0
11,-19,9,-4039,1253,-132,0,0
-14,-12,8,-4028,1223,-127,0,0
-4,-18,-18,-3950,1190,-149,0,0
20,-21,-16,-3944,1126,-116,0,0
48,-30,-9,-3979,1179,-89,0,0
59,-41,-12,-4003,1261,-137,0,0
58,-41,-5,-3994,1217,-123,0,0
62,-27,-5,-3958,1171,-81,0,0
47,-11,1,-3930,1198,-32,0,0
1,-4,8,-3950,1253,-64,0,0
-24,-18,11,-3994,1203,-137,0,0
-6,-10,7,-3967,1157,-126,0,0
5,-1,8,-3918,1192,-75,0,0
-8,2,21,-3956,1201,-58,0,0
-26,3,26,-4015,1234,-99,0,0
-39,15,21,-4003,1254,-111,0,0
-71,16,28,-3939,1194,-104,0,0
-47,8,8,-3967,1181,-144,0,0
-18,13,-2,-4018,1186,-123,0,0
-9,22,-4,-3974,1194,-110,0,0
2,23,-12,-3978,1220,-134,0,0
-4,26,-9,-3973,1207,-87,0,0
-24,23,1,-3959,1193,-74,0,0
-42,13,15,-3988,1200,-126,0,0
-27,4,10,-3991,1231,-151,0,0
-31,9,16,-3995,1188,-165,0,0
-3,20,9,-3954,1177,-133,0,0
43,19,-5,-3926,1188,-80,0,0
7,23,-2,-3980,1261,-103,0,0
-50,30,25,-4011,1217,-123,0,0
-35,27,20,-3948,1186,-115,0,0
-25,14,12,-3955,1245,-143,0,0
-56,11,19,-4002,1224,-128,0,0
-44,3,8,-3980,1204,-137,0,0
-22,14,-7,-3936,1185,-152,0,0
-42,24,-12,-3976,1206,-209,0,0
8,32,-20,-3995,1202,-135,0,0
15,23,-6,-3983,1201,-149,0,0
4,3,-13,-3970,1266,-281,0,0
41,-17,-23,-3962,1153,-211,0,0
99,-28,-28,-3956,1142,-57,0,0
56,-25,-12,-3990,1212,-96,0,0
-61,1,27,-4038,1215,-143,0,0
-85,12,27,-3981,1178,-172,0,0
-57,8,0,-3971,1165,-230,0,0
-8,8,-14,-3964,1173,-158,0,0
13,-9,-8,-3956,1191,-165,0,0
36,-27,-13,-3965,1197,-193,0,0
83,-38,-18,-4000,1219,-203,0,0
90,-23,-8,-3979,1172,-139,0,0
44,-11,10,-3967,1162,-116,0,0
-4,0,22,-3962,1169,-174,0,0
-22,1,29,-3979,1176,-170,0,0
22,-19,29,-4000,1205,-146,0,0
40,-35,33,-3957,1188,-113,0,0
43,-30,23,-3971,1222,-74,0,0
-27,-6,28,-3979,1212,-105,0,0
-68,12,31,-3985,1180,-154,0,0
-35,13,19,-3992,1171,-200,0,0
8,14,-2,-3967,1207,-172,0,0
14,7,5,-3946,1228,-101,0,0
2,-2,21,-3979,1224,-130,0,0
-20,0,29,-3984,1237,-153,0,0
-44,12,34,-3982,1227,-149,0,0
-94,28,62,-3954,1243,-107,0,0
-93,20,55,-3919,1234,-142,0,0
-43,15,11,-3964,1286,-201,0,0
-34,26,-6,-4009,1261,-194,0,0
-36,36,-14,-3962,1217,-154,0,0
-29,28,-15,-3907,1203,-132,0,0
-47,16,-7,-3943,1214,-163,0,0
-47,5,-8,-4015,1232,-226,0,0
-12,6,-12,-4023,1205,-207,0,0
11,5,-18,-3960,1238,-159,0,0
2,-10,-12,-3922,1220,-140,0,0
-30,-23,5,-3950,1187,-143,0,0
-5,-19,-8,-3976,1209,-138,0,0
0,-47,-25,-4011,1224,-258,0,0
-28,-16,-15,-4015,1153,-265,0,0
-1,16,-16,-3955,1136,-158,0,0
23,5,-14,-3949,1211,-156,0,0
27,-14,-11,-3976,1197,-189,0,0
47,-21,-24,-3986,1186,-170,0,0
65,-18,-23,-3964,1193,-81,0,0
4,-18,8,-3988,1195,-122,0,0
-21,-9,8,-4016,1211,-210,0,0
-1,5,-10,-4009,1180,-213,0,0
24,8,-21,-3949,1144,-136,0,0
32,-12,-13,-3945,1183,-101,0,0
12,-37,16,-3976,1176,-125,0,0
-4,-42,24,-4001,1182,-163,0,0
5,-40,25,-3980,1206,-149,0,0
5,-32,32,-3938,1156,-80,0,0
-17,-19,34,-3951,1180,-74,0,0
-41,-8,26,-3987,1218,-115,0,0
-51,-7,22,-4012,1220,-157,0,0
-45,-4,16,-3999,1165,-169,0,0
-10,-5,11,-3966,1159,-138,0,0
22,-8,8,-3954,1202,-121,0,0
20,-4,6,-3969,1219,-96,0,0
-5,-3,11,-3976,1223,-102,0,0
-24,0,18,-3961,1199,-125,0,0
-13,2,10,-3953,1200,-96,0,0
-27,-2,8,-4004,1233,-134,0,0
-25,2,-4,-4034,1250,-166,0,0
-30,13,-5,-3984,1201,-112,0,0
-37,14,7,-3932,1177,-83,0,0
-33,5,7,-3965,1200,-163,0,0
-17,6,0,-4006,1214,-175,0,0
2,8,-3,-3972,1209,-104,0,0
-12,5,4,-3955,1195,-137,0,0
5,28,-5,-3961,1219,-165,0,0
24,15,-3,-3986,1191,-124,0,0
23,-2,-10,-4021,1218,-166,0,0
27,12,-21,-3997,1182,-183,0,0
28,31,-34,-3948,1137,-134,0,0
18,34,-41,-3963,1159,-110,0,0
-2,30,-29,-4000,1154,-138,0,0
-8,31,-29,-4025,1184,-176,0,0
21,26,-26,-3962,1186,-104,0,0
-1,-5,-5,-3964,1190,-149,0,0
-14,-1,1,-3994,1138,-163,0,0
-1,35,-16,-3987,1181,-184,0,0
-27,-9,14,-4037,1197,-237,0,0
-35,-32,34,-3962,1096,-160,0,0
6,-36,34,-3903,1144,-104,0,0
15,-32,28,-3946,1183,-94,0,0
-41,-27,24,-4017,1230,-133,0,0
-70,-26,24,-4037,1204,-189,0,0
-67,-21,16,-4014,1120,-229,0,0
-25,-4,-15,-3960,1165,-246,0,0
6,11,-21,-3932,1187,-141,0,0
-15,3,-12,-3970,1180,-122,0,0
-44,-3,-4,-4039,1180,-174,0,0
-58,5,5,-3959,1158,-111,0,0
-77,7,9,-3955,1162,-134,0,0
58,105,-36,-3985,1116,-272,0,0
300,98,-85,-4033,1110,-293,0,0
62,51,-12,-4050,1213,-160,0,0
-143,2,62,-3973,1097,-271,0,0
-76,-50,54,-3927,1078,-297,0,0
18,-90,43,-3967,1163,-212,0,0
-5,-115,71,-3995,1131,-150,0,0
-6,-104,60,-4057,1185,-132,0,0
-26,-52,21,-4030,1199,-91,0,0
-89,-32,26,-3917,1121,-105,0,0
-31,-44,15,-3973,1151,-201,0,0
51,-34,-3,-4031,1176,-163,0,0
72,-13,-3,-4023,1191,-119,0,0
74,3,-8,-3978,1229,-61,0,0
51,-7,3,-3940,1234,-54,0,0
45,-26,7,-3980,1225,-80,0,0
36,-26,-3,-4017,1236,-115,0,0
26,-11,-2,-3955,1151,-125,0,0
28,-11,14,-3942,1150,-83,0,0
41,-5,25,-3959,1149,-59,0,0
7,12,25,-3989,1185,-140,0,0
21,36,15,-4009,1237,-182,0,0
35,56,-10,-3992,1216,-152,0,0
35,70,-10,-3922,1190,-60,0,0
14,63,-1,-3908,1237,-118,0,0
171,59,-12,-4030,1210,-276,0,0
261,95,-44,-4026,1151,-136,0,0
-38,85,-9,-3978,1263,-106,0,0
-200,63,26,-3952,1211,-227,0,0
-153,48,15,-3970,1136,-268,0,0
-87,36,3,-3998,1172,-295,0,0
-43,23,-5,-3998,1200,-286,0,0
-29,23,-7,-3934,1188,-242,0,0
-60,36,4,-3941,1179,-265,0,0
-82,46,3,-3995,1218,-268,0,0
-85,35,14,-4003,1170,-273,0,0
-72,27,19,-3958,1136,-275,0,0
-51,18,10,-3944,1174,-276,0,0
-51,8,3,-3970,1208,-299,0,0
-48,2,-1,-3989,1173,-260,0,0
-44,-3,0,-3992,1125,-275,0,0
-24,4,-16,-4000,1188,-322,0,0
-1,16,-18,-3974,1159,-230,0,0
-20,6,-5,-3970,1167,-230,0,0
-33,-4,-2,-4008,1184,-266,0,0
-39,-12,3,-4004,1164,-296,0,0
-16,-15,0,-3956,1152,-261,0,0
7,-22,-5,-3974,1162,-215,0,0
-1,-26,-4,-3999,1181,-251,0,0
2,-17,-8,-3993,1189,-258,0,0
-22,-15,-1,-3984,1142,-265,0,0
-11,-12,-8,-3964,1145,-239,0,0
-3,-8,-11,-3985,1155,-242,0,0
3,-5,-11,-4000,1180,-241,0,0
-5,-9,4,-3997,1167,-215,0,0
-3,-18,19,-3947,1143,-215,0,0
13,-26,19,-3943,1162,-250,0,0
29,-30,19,-3995,1164,-228,0,0
47,-31,14,-4010,1188,-208,0,0
38,-27,17,-3987,1167,-178,0,0
23,-25,13,-3989,1177,-205,0,0
15,-18,9,-3949,1155,-179,0,0
-7,-19,15,-3998,1195,-202,0,0
-5,-16,11,-4031,1191,-247,0,0
-8,7,-1,-3975,1152,-241,0,0
-3,22,-14,-3933,1159,-211,0,0
10,14,-8,-3960,1188,-185,0,0
-11,10,8,-4000,1163,-208,0,0
-25,19,10,-4005,1155,-243,0,0
-24,26,0,-3999,1172,-290,0,0
-6,31,-12,-3968,1152,-236,0,0
-7,23,3,-3979,1140,-245,0,0
7,12,-2,-4005,1188,-270,0,0
17,-3,-4,-3988,1177,-268,0,0
20,-17,-4,-3975,1134,-250,0,0
13,-23,-3,-3976,1117,-242,0,0
8,-26,-2,-3981,1147,-261,0,0
17,-31,-1,-4027,1180,-284,0,0
14,-24,-2,-3990,1137,-250,0,0
6,-16,-8,-3939,1157,-207,0,0
-21,-10,7,-3955,1153,-198,0,0
-35,-6,11,-3979,1161,-209,0,0
-53,-4,14,-4015,1185,-232,0,0
-77,8,17,-3995,1148,-257,0,0
-59,19,3,-3983,1102,-232,0,0
-18,2,-8,-3990,1141,-220,0,0
3,-23,4,-4006,1170,-252,0,0
26,-34,6,-4002,1156,-240,0,0
26,-26,1,-3992,1148,-223,0,0
36,-13,-14,-3976,1183,-179,0,0
9,-8,-7,-3975,1153,-144,0,0
-32,-3,-1,-3986,1151,-192,0,0
-26,-1,-8,-4017,1169,-238,0,0
-16,1,-5,-3993,1134,-214,0,0
-13,1,0,-3983,1132,-210,0,0
-14,7,2,-3977,1140,-209,0,0
-4,3,-3,-3991,1165,-214,0,0
-5,1,5,-4020,1138,-228,0,0
-12,13,3,-3979,1143,-223,0,0
3,6,2,-3970,1155,-189,0,0
-1,-7,10,-4001,1162,-213,0,0
-8,-7,11,-4023,1150,-231,0,0
-4,-3,2,-4008,1131,-234,0,0
-8,2,-2,-3970,1096,-230,0,0
0,1,-7,-4008,1128,-255,0,0
10,3,-11,-4021,1138,-258,0,0
23,-1,-11,-3958,1128,-190,0,0
13,-24,-7,-3989,1131,-229,0,0
7,-21,-4,-4027,1125,-235,0,0
6,-11,0,-4011,1120,-206,0,0
-13,-10,-2,-3980,1142,-197,0,0
-45,-17,3,-3968,1119,-218,0,0
-8,-16,-13,-4001,1101,-246,0,0
13,-5,-10,-4047,1120,-228,0,0
3,-10,13,-4013,1098,-193,0,0
14,-28,11,-4000,1142,-244,0,0
21,-36,14,-4007,1125,-231,0,0
27,-38,10,-3985,1102,-187,0,0
16,-32,15,-3983,1122,-179,0,0
-6,-24,14,-4008,1154,-205,0,0
-13,-19,11,-4006,1126,-204,0,0
-25,-21,10,-3955,1100,-178,0,0
-6,-31,6,-4000,1121,-197,0,0
9,-28,13,-4029,1111,-168,0,0
-2,-14,11,-3994,1135,-160,0,0
-37,4,1,-4012,1162,-199,0,0
-51,16,-4,-4020,1102,-228,0,0
-8,19,-14,-3987,1081,-180,0,0
3,0,-6,-4001,1128,-172,0,0
11,-19,1,-4025,1158,-203,0,0
19,-22,8,-3994,1123,-186,0,0
32,-15,-1,-3986,1112,-169,0,0
16,-2,-5,-3992,1122,-138,0,0
-12,0,4,-3986,1121,-135,0,0
-10,-10,8,-4023,1105,-212,0,0
11,-2,-1,-4020,1092,-182,0,0
28,2,-11,-3983,1149,-141,0,0
14,-2,-5,-3993,1128,-129,0,0
-15,-3,0,-4018,1131,-163,0,0
-11,-3,3,-3992,1129,-178,0,0
-8,-2,5,-3989,1111,-150,0,0
-23,-2,8,-4005,1099,-160,0,0
-16,-3,6,-4009,1116,-187,0,0
7,-5,2,-4023,1123,-179,0,0
12,-12,-2,-4011,1096,-163,0,0
5,-13,-10,-4029,1117,-196,0,0
4,-4,-11,-3990,1098,-179,0,0
9,-6,-7,-3997,1092,-189,0,0
22,-14,-6,-4016,1142,-196,0,0
21,-8,-5,-4017,1112,-157,0,0
5,-14,-3,-3992,1075,-168,0,0
8,-13,5,-3996,1073,-187,0,0
19,-10,6,-4036,1098,-186,0,0
19,-11,0,-4040,1124,-178,0,0
15,-15,-1,-4026,1082,-179,0,0
27,-13,-10,-3995,1077,-177,0,0
25,-4,-11,-3989,1100,-134,0,0
6,-9,6,-4021,1126,-139,0,0
0,-20,14,-4025,1103,-179,0,0
10,-17,12,-3986,1076,-162,0,0
11,-14,11,-3963,1062,-148,0,0
-7,5,13,-3999,1080,-162,0,0
-13,6,13,-4053,1115,-194,0,0
8,-1,15,-4021,1085,-156,0,0
24,-13,17,-3980,1071,-136,0,0
31,-9,8,-3999,1132,-138,0,0
-13,9,7,-4031,1136,-135,0,0
-48,22,6,-4043,1104,-179,0,0
-45,32,4,-4036,1105,-238,0,0
-18,39,11,-3962,1078,-177,0,0
-12,25,28,-3958,1096,-139,0,0
-19,10,35,-4026,1138,-198,0,0
-8,14,24,-4022,1152,-210,0,0
-4,20,20,-3986,1090,-174,0,0
-3,22,8,-3982,1112,-203,0,0
-4,31,2,-4007,1137,-216,0,0
-15,36,0,-4012,1137,-210,0,0
-29,35,-1,-4016,1124,-206,0,0
-41,30,2,-4005,1127,-215,0,0
-45,27,4,-3993,1108,-225,0,0
-43,22,3,-4003,1150,-227,0,0
-28,19,-1,-4032,1143,-220,0,0
-27,19,1,-4012,1112,-229,0,0
-31,28,-9,-4011,1123,-300,0,0
-28,44,-19,-3973,1093,-239,0,0
-40,37,-9,-3976,1068,-245,0,0
-44,34,1,-4040,1103,-329,0,0
-15,33,-4,-4048,1081,-309,0,0
16,25,-8,-3987,1082,-275,0,0
29,14,-7,-3989,1102,-272,0,0
26,9,-11,-4024,1085,-258,0,0
16,4,-10,-4037,1104,-273,0,0
8,2,-7,-4032,1069,-308,0,0
17,12,-16,-3999,1067,-298,0,0
29,13,-12,-3980,1072,-204,0,0
11,-8,-14,-4016,1105,-296,0,0
-14,-7,-22,-4055,1114,-342,0,0
-3,-2,-13,-4014,1049,-272,0,0
8,-10,-4,-3978,1053,-263,0,0
-10,-11,7,-3990,1049,-285,0,0
-13,-1,0,-4025,1061,-312,0,0
-6,7,-15,-4041,1089,-335,0,0
-1,6,-30,-4001,1047,-294,0,0
9,5,-15,-3983,1068,-227,0,0
-26,-1,14,-4001,1088,-271,0,0
-32,3,24,-4025,1071,-276,0,0
-35,11,21,-3984,1085,-292,0,0
-45,20,20,-3979,1058,-290,0,0
-30,16,15,-4031,1046,-296,0,0
-19,12,8,-4045,1061,-328,0,0
-10,6,8,-4058,1077,-344,0,0
4,7,16,-4020,999,-317,0,0
38,14,-3,-4002,1086,-303,0,0
35,17,-2,-4015,1105,-254,0,0
-5,16,5,-4028,1093,-268,0,0
-25,16,10,-4017,1070,-289,0,0
-50,24,15,-3998,1035,-336,0,0
-32,33,2,-4005,1045,-342,0,0
6,25,-9,-4030,1111,-329,0,0
-15,23,9,-4118,1176,-342,0,0
-122,64,74,-4050,1065,-260,0,0
-113,46,54,-3867,1035,-250,0,0
-48,-23,16,-3898,1182,-361,0,0
-13,-56,17,-4047,1102,-369,0,0
8,-52,9,-4055,1082,-299,0,0
-21,-47,17,-3966,1136,-315,0,0
-26,-58,28,-3954,1086,-349,0,0
7,-62,25,-4019,1039,-325,0,0
32,-58,18,-4040,1117,-318,0,0
34,-47,15,-4016,1136,-292,0,0
11,-24,14,-4031,1124,-291,0,0
11,-32,5,-4022,1083,-315,0,0
29,-41,0,-3981,1092,-245,0,0
3,-49,6,-4012,1147,-279,0,0
-13,-46,9,-3998,1094,-277,0,0
-17,-41,16,-3972,1069,-251,0,0
-6,-38,14,-4001,1093,-246,0,0
14,-37,5,-4004,1127,-220,0,0
6,-44,12,-4016,1169,-208,0,0
-71,-56,42,-4080,1133,-248,0,0
-53,-48,35,-4016,1080,-229,0,0
11,-28,11,-3883,1102,-131,0,0
-18,-29,17,-3924,1155,-162,0,0
-41,-25,19,-4057,1142,-216,0,0
-31,-7,13,-4010,1125,-182,0,0
-22,3,11,-3951,1131,-157,0,0
-34,6,10,-3993,1137,-192,0,0
-58,16,18,-4030,1118,-221,0,0
-40,16,16,-4034,1107,-246,0,0
30,-6,5,-4027,1123,-217,0,0
76,-36,5,-3986,1153,-173,0,0
66,-48,12,-3966,1134,-126,0,0
51,-53,9,-4011,1177,-145,0,0
34,-46,8,-4049,1177,-166,0,0
5,-28,0,-3994,1131,-138,0,0
-6,-21,-5,-3995,1141,-158,0,0
10,-28,-7,-4007,1126,-176,0,0
35,-15,-18,-3989,1144,-159,0,0
48,-14,-16,-4002,1150,-124,0,0
24,-8,-7,-3988,1130,-135,0,0
28,1,-6,-3966,1142,-107,0,0
20,-2,-6,-4013,1174,-135,0,0
2,-4,-3,-4008,1162,-113,0,0
5,-17,-6,-4006,1139,-120,0,0
-13,-22,3,-3992,1099,-118,0,0
-16,-29,7,-3997,1110,-165,0,0
3,-32,2,-4038,1119,-201,0,0
-1,-17,-1,-4061,1122,-183,0,0
-6,2,3,-4004,1068,-185,0,0
35,8,-13,-3933,1123,-137,0,0
45,-15,-2,-3959,1115,-93,0,0
48,-34,1,-4040,1139,-129,0,0
47,-30,-6,-4052,1158,-141,0,0
12,-16,-7,-3977,1115,-127,0,0
-9,-12,5,-4015,1064,-127,0,0
2,-6,9,-4028,1080,-168,0,0
10,3,-6,-4024,1149,-182,0,0
5,-2,-9,-4036,1122,-164,0,0
15,-9,-20,-3978,1061,-130,0,0
11,-9,-15,-3950,1109,-117,0,0
-38,-6,17,-3995,1108,-181,0,0
-58,7,21,-4063,1103,-211,0,0
-27,14,17,-3981,1110,-118,0,0
-11,-2,22,-3947,1076,-91,0,0
-34,3,21,-4023,1082,-144,0,0
-58,34,7,-4088,1129,-197,0,0
-58,54,2,-4052,1095,-192,0,0
-28,40,7,-3987,1023,-161,0,0
28,4,3,-3990,1098,-215,0,0
73,-8,6,-4008,1143,-162,0,0
58,-10,8,-4025,1135,-112,0,0
24,5,1,-4021,1137,-142,0,0
-14,17,3,-3996,1112,-155,0,0
-26,15,4,-3993,1089,-163,0,0
-18,11,2,-4022,1121,-174,0,0
-5,10,0,-4027,1135,-189,0,0
5,14,0,-4004,1111,-163,0,0
-12,14,4,-3997,1103,-170,0,0
11,5,-9,-3999,1145,-170,0,0
18,-11,8,-4030,1125,-157,0,0
14,-16,8,-4046,1121,-194,0,0
-4,3,0,-3994,1122,-194,0,0
-8,23,-7,-3944,1104,-177,0,0
23,4,-15,-4007,1068,-229,0,0
1,-9,4,-4091,1076,-238,0,0
-1,8,17,-4008,1100,-206,0,0
25,-3,14,-3970,1090,-205,0,0
30,1,1,-3999,1096,-172,0,0
1,13,8,-4006,1098,-155,0,0
-17,12,11,-4021,1137,-211,0,0
-13,11,8,-4048,1115,-223,0,0
-18,18,0,-4002,1081,-209,0,0
-27,21,-2,-3992,1101,-222,0,0
-35,16,3,-4003,1073,-222,0,0
-18,3,-2,-4037,1099,-247,0,0
-6,-3,-3,-4033,1108,-267,0,0
-6,-1,-5,-3963,1080,-234,0,0
-13,9,-1,-3986,1092,-193,0,0
-40,15,10,-4019,1116,-188,0,0
-41,10,10,-4008,1108,-213,0,0
-43,9,10,-4003,1088,-235,0,0
-40,17,3,-4032,1067,-232,0,0
-28,24,-13,-4023,1078,-234,0,0
-18,24,-3,-4008,1081,-227,0,0
-4,20,-6,-4009,1104,-232,0,0
2,9,-3,-4006,1091,-240,0,0
28,-2,-12,-3996,1103,-224,0,0
35,-6,-13,-3999,1100,-181,0,0
-4,-3,-3,-4002,1108,-206,0,0
-26,7,9,-4055,1141,-244,0,0
-60,25,29,-4069,1119,-266,0,0
-52,24,22,-3984,1078,-236,0,0
0,1,7,-3964,1111,-244,0,0
12,-3,9,-4021,1100,-220,0,0
-5,-4,3,-4050,1105,-219,0,0
-16,-14,-2,-4019,1088,-260,0,0
19,-27,1,-3977,1053,-236,0,0
29,-26,-2,-3987,1073,-242,0,0
17,-15,-2,-4048,1128,-238,0,0
-15,0,5,-4035,1101,-225,0,0
-43,8,5,-3974,1072,-207,0,0
-42,2,13,-3967,1039,-209,0,0
-41,1,15,-4026,1067,-271,0,0
-20,9,4,-4055,1109,-296,0,0
5,8,1,-4036,1080,-240,0,0
7,6,-1,-3980,1076,-190,0,0
-7,-2,6,-3997,1091,-176,0,0
-31,-9,13,-4025,1105,-232,0,0
-29,-3,11,-4023,1085,-276,0,0
-37,20,3,-3988,1073,-287,0,0
-56,37,-3,-3981,1095,-287,0,0
-48,29,13,-4001,1068,-241,0,0
-11,-4,22,-4016,1098,-264,0,0
15,-22,20,-4011,1124,-273,0,0
10,-12,17,-4029,1094,-267,0,0
5,21,3,-4041,1061,-224,0,0
-40,51,-5,-3995,1094,-239,0,0
-52,52,-8,-3971,1086,-284,0,0
-24,38,-16,-3997,1071,-321,0,0
14,25,-13,-4033,1085,-303,0,0
46,7,-5,-4027,1132,-257,0,0
47,-11,15,-3980,1125,-236,0,0
30,-17,11,-3994,1117,-237,0,0
1,-7,8,-4010,1071,-242,0,0
-4,8,-3,-4018,1112,-262,0,0
-15,19,-3,-4027,1108,-264,0,0
-36,28,-10,-4019,1107,-282,0,0
-6,20,-16,-4034,1104,-268,0,0
7,-4,-9,-4010,1071,-256,0,0
-8,-23,-2,-4001,1097,-267,0,0
-14,-29,2,-4025,1093,-260,0,0
-37,-30,8,-3993,1062,-267,0,0
-45,-33,12,-3996,1068,-309,0,0
-12,-37,8,-4037,1064,-359,0,0
32,-28,1,-3990,1039,-273,0,0
24,-23,7,-3996,1073,-252,0,0
23,-30,11,-4059,1114,-302,0,0
12,-4,11,-4030,1087,-275,0,0
5,2,6,-3966,1063,-229,0,0
2,-11,7,-3984,1066,-234,0,0
1,-28,19,-4044,1081,-278,0,0
20,-27,19,-4044,1075,-289,0,0
38,-25,9,-4006,1078,-248,0,0
40,-25,-1,-3980,1101,-222,0,0
8,-19,7,-3988,1058,-211,0,0
-17,-14,-1,-4035,1105,-262,0,0
-21,-16,-3,-4040,1127,-322,0,0
-17,-21,3,-3996,1086,-257,0,0
12,-48,12,-3964,1096,-180,0,0
31,-79,25,-4001,1105,-158,0,0
6,-75,34,-4046,1106,-192,0,0
-37,-42,35,-4000,1093,-183,0,0
-51,-23,24,-4004,1080,-230,0,0
-20,-10,13,-4021,1042,-206,0,0
4,-6,14,-4005,1078,-196,0,0
33,-14,13,-4009,1121,-190,0,0
37,-19,9,-4010,1128,-156,0,0
33,-20,2,-4024,1123,-166,0,0
27,-6,-1,-4031,1115,-155,0,0
8,5,4,-4002,1095,-160,0,0
19,16,-5,-3991,1117,-182,0,0
20,33,-5,-4003,1105,-135,0,0
5,40,-13,-4016,1133,-176,0,0
3,45,-16,-4000,1118,-166,0,0
-2,34,-14,-4007,1136,-202,0,0
10,25,-16,-4025,1113,-190,0,0
-7,21,-9,-4024,1107,-194,0,0
-26,23,1,-3965,1078,-190,0,0
-46,10,15,-3960,1132,-196,0,0
-38,-8,24,-4043,1112,-301,0,0
-17,5,23,-4037,1089,-248,0,0
-14,11,23,-3999,1111,-242,0,0
-26,28,21,-3938,1055,-220,0,0
-53,42,22,-3977,1136,-235,0,0
-61,38,33,-4030,1168,-304,0,0
-59,48,37,-4033,1069,-298,0,0
-50,57,27,-3989,1084,-263,0,0
-36,49,20,-3968,1105,-289,0,0
-43,47,24,-3998,1126,-263,0,0
-37,45,20,-4027,1159,-259,0,0
-14,61,9,-4048,1130,-308,0,0
-34,44,8,-4014,1119,-301,0,0
-71,40,10,-3950,1100,-266,0,0
-88,37,1,-3993,1140,-338,0,0
-73,36,-12,-4048,1121,-397,0,0
-35,39,-23,-4047,1104,-341,0,0
-16,27,-27,-3998,1111,-281,0,0
-28,1,-13,-3975,1103,-290,0,0
-33,-19,0,-3983,1085,-355,0,0
-15,-13,-1,-4036,1093,-388,0,0
-15,6,-11,-4030,1095,-344,0,0
8,-2,-8,-3972,1077,-239,0,0
-5,-28,11,-3995,1089,-260,0,0
-25,-34,19,-4019,1136,-316,0,0
-26,-30,20,-4009,1100,-285,0,0
-37,-17,12,-4005,1073,-270,0,0
-53,5,5,-4002,1100,-263,0,0
-54,12,12,-3994,1113,-309,0,0
-43,18,12,-4013,1101,-336,0,0
-29,23,11,-4009,1083,-293,0,0
-20,21,1,-3977,1138,-304,0,0
-27,10,16,-3985,1144,-298,0,0
-21,-4,17,-4019,1117,-347,0,0
-13,7,8,-3994,1116,-344,0,0
-35,26,7,-3932,1130,-338,0,0
-50,23,11,-3968,1140,-342,0,0
-12,0,15,-3997,1140,-301,0,0
9,-13,22,-4007,1141,-296,0,0
-8,-3,24,-3988,1147,-297,0,0
-41,14,25,-3991,1156,-325,0,0
-48,25,14,-4000,1120,-347,0,0
-29,24,1,-4006,1137,-370,0,0
8,4,3,-4008,1133,-341,0,0
38,-22,-1,-4007,1138,-357,0,0
55,-27,-7,-3992,1163,-319,0,0
40,-31,1,-3977,1145,-258,0,0
16,-35,9,-3948,1133,-233,0,0
-12,-32,23,-3961,1158,-226,0,0
-60,-30,35,-4015,1145,-335,0,0
-57,-15,21,-4021,1132,-369,0,0
-14,-16,11,-3990,1127,-312,0,0
24,-36,9,-3987,1142,-272,0,0
39,-47,12,-3998,1157,-267,0,0
25,-39,7,-4013,1148,-265,0,0
-9,-24,8,-3990,1152,-254,0,0
-14,-25,7,-3973,1164,-273,0,0
-10,-26,6,-3995,1147,-269,0,0
-8,-21,-3,-3978,1175,-268,0,0
-12,-2,-12,-3994,1136,-345,0,0
2,43,-17,-4029,1162,-261,0,0
-16,56,-1,-4012,1107,-205,0,0
-47,39,5,-3965,1094,-211,0,0
-19,-9,9,-3993,1129,-272,0,0
40,-44,10,-3974,1115,-262,0,0
59,-58,21,-3944,1134,-209,0,0
50,-31,19,-3961,1136,-253,0,0
40,-4,6,-4027,1189,-337,0,0
-3,25,19,-4010,1113,-344,0,0
-15,64,19,-3900,1105,-219,0,0
-51,60,44,-3913,1183,-248,0,0
-39,28,58,-3987,1188,-305,0,0
8,7,53,-4036,1169,-299,0,0
18,2,42,-4012,1207,-314,0,0
-2,12,35,-3979,1164,-278,0,0
-20,24,32,-3978,1112,-327,0,0
-8,41,17,-4005,1124,-399,0,0
49,43,0,-4002,1204,-385,0,0
109,13,-7,-3994,1241,-338,0,0
127,-20,3,-3964,1184,-299,0,0
110,-27,13,-3951,1184,-302,0,0
108,-31,13,-3950,1242,-314,0,0
105,-34,13,-3949,1241,-309,0,0
79,-25,15,-3958,1203,-308,0,0
56,-9,15,-3972,1201,-340,0,0
46,12,10,-3965,1218,-334,0,0
48,16,9,-3980,1216,-329,0,0
26,10,19,-3997,1202,-307,0,0
0,2,24,-3944,1203,-376,0,0
5,9,26,-3928,1172,-344,0,0
-2,17,20,-3961,1219,-350,0,0
-15,32,13,-4005,1208,-411,0,0
-24,60,-2,-3971,1203,-404,0,0
-29,76,-9,-3942,1182,-433,0,0
-13,84,-17,-3977,1159,-448,0,0
17,88,-27,-3998,1198,-412,0,0
8,82,-19,-3958,1191,-366,0,0
3,68,-16,-3956,1151,-362,0,0
29,65,-24,-3959,1193,-398,0,0
16,62,-24,-3970,1187,-410,0,0
-81,39,-23,-4015,1161,-470,0,0
-102,15,-20,-3970,1157,-557,0,0
-66,7,-14,-3891,1111,-543,0,0
-4,-6,-11,-3909,1153,-523,0,0
37,-6,-8,-3927,1165,-445,0,0
20,-8,-10,-3951,1172,-401,0,0
-27,-11,3,-4037,1182,-434,0,0
-40,-9,0,-4054,1203,-497,0,0
-31,-8,7,-3918,1139,-379,0,0
-62,-47,21,-3930,1208,-353,0,0
-100,-109,15,-4002,1231,-473,0,0
-104,-136,-2,-4039,1151,-584,0,0
-24,-121,-8,-3983,1052,-542,0,0
90,-90,-15,-3976,1082,-389,0,0
98,-71,-14,-3889,1219,-235,0,0
12,-80,4,-3943,1263,-261,0,0
-85,-80,6,-4041,1247,-276,0,0
-170,-84,15,-3996,1144,-319,0,0
-208,-83,34,-3980,1055,-391,0,0
-170,-95,35,-3915,1118,-389,0,0
-25,-148,45,-3979,1142,-492,0,0
155,-161,13,-4092,1160,-356,0,0
173,-139,2,-3984,1124,-98,0,0
87,-113,15,-3927,1156,10,0,0
-79,-93,35,-3932,1205,-44,0,0
-219,-97,54,-3975,1188,-220,0,0
-212,-109,59,-4034,1123,-364,0,0
-69,-122,52,-4068,1097,-415,0,0
120,-134,35,-4022,1136,-309,0,0
251,-145,29,-3957,1183,-118,0,0
300,-147,21,-3963,1253,-72,0,0
270,-115,5,-3968,1257,-1,0,0
207,-83,-17,-3960,1241,64,0,0
144,-63,-11,-3949,1226,109,0,0
62,-60,23,-3969,1232,69,0,0
9,-57,36,-4008,1208,-69,0,0
22,-33,5,-3997,1209,-69,0,0
18,-1,-13,-3971,1217,-23,0,0
0,6,-30,-3975,1258,-23,0,0
1,-5,-41,-3997,1229,-15,0,0
-33,3,-20,-3936,1147,66,0,0
-74,-9,0,-3911,1188,30,0,0
-71,-26,2,-4012,1239,-81,0,0
-78,-9,1,-4013,1194,-73,0,0
-69,19,-6,-3997,1205,-95,0,0
-68,48,-31,-3987,1238,-60,0,0
-80,41,-31,-3963,1196,0,0,0
-68,16,-11,-3972,1139,-37,0,0
-54,2,-3,-3992,1185,-106,0,0
-8,-10,-2,-3982,1176,-105,0,0
57,-10,-21,-4036,1203,-70,0,0
41,11,-37,-3942,1162,42,0,0
9,11,-23,-3940,1207,63,0,0
-44,-2,-6,-4014,1172,-81,0,0
-53,11,-30,-4037,1138,-74,0,0
-28,15,-40,-4040,1126,-23,0,0
-34,11,-42,-4032,1129,-76,0,0
-4,5,-41,-3988,1133,-19,0,0
43,-27,-35,-3975,1151,-42,0,0
69,-27,-36,-4002,1106,37,0,0
54,-13,-35,-4023,1107,83,0,0
1,-17,-30,-4049,1197,-23,0,0
9,-86,8,-4015,1028,-133,0,0
132,-93,27,-4070,848,-186,0,0
175,58,-44,-3940,1173,184,0,0
-78,72,-11,-3940,1225,169,0,0
-213,42,35,-4053,1012,-119,0,0
-167,63,10,-4083,1046,-143,0,0
-91,65,-3,-4051,1071,-168,0,0
-1,61,-19,-4002,1065,-92,0,0
33,30,-5,-4069,1044,-163,0,0
85,37,-6,-4031,1061,-110,0,0
67,32,-3,-3988,1120,-51,0,0
20,13,-3,-4009,1099,-81,0,0
3,11,-3,-4021,1098,-44,0,0
-16,0,7,-4030,1096,-89,0,0
-9,-3,7,-4049,1077,-170,0,0
19,17,-12,-4045,1088,-160,0,0
22,41,-19,-4017,1083,-92,0,0
13,38,-22,-3990,1094,-83,0,0
-10,20,-10,-3999,1079,-126,0,0
1,5,-8,-4032,1100,-151,0,0
9,-8,-5,-4037,1071,-143,0,0
28,-10,-11,-3995,1049,-70,0,0
-4,-13,3,-3993,1053,-67,0,0
-42,-15,4,-4043,1073,-172,0,0
-30,-1,-10,-4076,1084,-176,0,0
-39,11,-2,-4052,1043,-139,0,0
-37,10,3,-4017,1041,-137,0,0
-14,-1,8,-3989,1035,-122,0,0
3,-17,13,-4026,1061,-137,0,0
-1,-24,21,-4039,1050,-138,0,0
4,-16,15,-3979,1026,-142,0,0
-6,1,15,-3993,1042,-111,0,0
-4,1,18,-4037,1075,-88,0,0
-5,-8,20,-4047,1085,-98,0,0
-31,3,19,-4033,1088,-113,0,0
-46,13,11,-4036,1069,-120,0,0
-51,17,4,-4039,1054,-151,0,0
-47,14,4,-4035,1057,-159,0,0
-25,-2,11,-4048,1091,-159,0,0
-6,-17,18,-4025,1074,-146,0,0
34,-25,11,-3990,1103,-95,0,0
18,-31,21,-4026,1096,-81,0,0
-8,-28,20,-4028,1087,-99,0,0
-3,-21,9,-4014,1103,-120,0,0
-2,-11,1,-4028,1085,-127,0,0
1,4,-7,-4013,1077,-80,0,0
-5,0,0,-4002,1106,-79,0,0
0,-8,0,-4041,1100,-100,0,0
-7,-7,0,-4061,1060,-96,0,0
3,2,-12,-4005,1082,-74,0,0
11,-3,-8,-3982,1086,-44,0,0
-6,-8,1,-4024,1082,-58,0,0
-22,-6,-4,-4055,1108,-82,0,0
-12,-11,-13,-4045,1115,-98,0,0
-11,-15,-10,-4000,1043,-87,0,0
-9,-13,-7,-4012,1048,-113,0,0
-2,0,-7,-4033,1084,-115,0,0
6,0,-8,-4029,1083,-63,0,0
-6,-12,3,-4042,1055,-91,0,0
-5,-1,-1,-4010,1053,-92,0,0
-12,8,-2,-4010,1068,-61,0,0
-22,0,-3,-4042,1052,-83,0,0
-7,-4,-18,-4055,1046,-118,0,0
69,-2,-43,-4063,1074,-149,0,0
44,7,-30,-4057,1021,-75,0,0
-25,-5,-2,-4010,993,-76,0,0
-2,-21,-12,-4019,1060,-93,0,0
5,-35,-15,-4060,1060,-108,0,0
5,-27,-17,-4040,1005,-87,0,0
4,-16,-11,-4011,1005,-62,0,0
-13,10,-5,-4021,1053,-85,0,0
-23,19,-9,-4056,1045,-88,0,0
-27,24,-9,-4008,1000,-45,0,0
-34,19,2,-3985,1005,-57,0,0
-44,23,11,-4038,1021,-107,0,0
-61,42,11,-4066,1030,-124,0,0
-64,46,0,-4092,1034,-165,0,0
-49,38,2,-4073,982,-166,0,0
-1,28,-3,-4001,968,-129,0,0
32,12,8,-4016,1031,-92,0,0
29,-1,22,-4054,1041,-118,0,0
6,1,16,-4067,1030,-142,0,0
4,8,3,-4080,1017,-125,0,0
6,8,-1,-4052,994,-125,0,0
3,3,4,-4022,1004,-117,0,0
19,-10,0,-4054,1039,-156,0,0
18,-9,1,-4053,1006,-144,0,0
16,1,-14,-4042,1020,-138,0,0
8,16,-11,-4032,1012,-127,0,0
-12,22,-11,-4041,1041,-120,0,0
-17,10,-6,-4056,1024,-145,0,0
-5,-1,-3,-4052,1003,-150,0,0
2,-4,5,-4028,980,-140,0,0
13,-14,1,-4033,1013,-153,0,0
10,-3,1,-4062,1007,-161,0,0
10,1,-4,-4072,1013,-164,0,0
1,2,-3,-4048,981,-169,0,0
10,1,-4,-4000,989,-136,0,0
20,-11,3,-4034,1020,-150,0,0
15,-14,4,-4097,1024,-175,0,0
1,-2,1,-4058,987,-141,0,0
-6,-1,1,-4011,988,-133,0,0
-15,-4,7,-4033,987,-167,0,0
-14,-2,12,-4059,994,-170,0,0
6,-5,7,-4081,1026,-160,0,0
19,-15,3,-4069,983,-158,0,0
16,-8,-5,-4025,966,-143,0,0
0,1,0,-4021,1012,-112,0,0
-19,-7,11,-4077,1020,-149,0,0
-19,-13,11,-4073,988,-155,0,0
-12,-10,6,-4002,1002,-129,0,0
-27,-8,8,-4011,989,-131,0,0
-32,-4,7,-4051,979,-125,0,0
-31,-1,8,-4054,1020,-139,0,0
-27,-1,0,-4056,1027,-186,0,0
-16,2,0,-4030,989,-159,0,0
0,8,-1,-4010,988,-127,0,0
-12,14,0,-4060,1009,-125,0,0
-38,20,0,-4102,1014,-149,0,0
-63,20,5,-4070,996,-169,0,0
-52,5,6,-4027,969,-155,0,0
-10,-16,-2,-4045,980,-164,0,0
10,-26,2,-4046,993,-155,0,0
10,-29,5,-4056,1018,-148,0,0
13,-31,9,-4044,978,-130,0,0
17,-25,7,-4032,996,-138,0,0
18,-15,13,-4045,999,-120,0,0
-6,-5,12,-4053,1015,-112,0,0
-19,-4,11,-4068,1017,-127,0,0
-21,-2,9,-4056,989,-141,0,0
-25,2,10,-4037,972,-128,0,0
-9,2,9,-4045,993,-137,0,0
3,4,4,-4076,1008,-147,0,0
-1,8,-2,-4050,1003,-108,0,0
-8,3,5,-4021,991,-104,0,0
-2,-5,6,-4038,1021,-128,0,0
6,-15,6,-4080,998,-153,0,0
17,-10,0,-4062,1011,-119,0,0
12,-8,1,-4045,1011,-119,0,0
-2,-7,-1,-4038,985,-126,0,0
-1,-12,3,-4030,986,-129,0,0
11,-25,11,-4053,994,-165,0,0
29,-14,5,-4090,1045,-153,0,0
21,-9,6,-4051,1011,-100,0,0
-6,-5,12,-4007,959,-109,0,0
-1,-1,11,-4025,992,-130,0,0
12,0,10,-4078,1033,-153,0,0
13,3,6,-4083,1013,-133,0,0
7,3,4,-4030,998,-110,0,0
5,-1,3,-4013,1007,-113,0,0
-8,-3,10,-4062,994,-129,0,0
-16,-1,16,-4054,988,-121,0,0
-3,-6,7,-4037,1028,-144,0,0
-3,-5,5,-4020,973,-139,0,0
-4,2,-2,-4021,989,-110,0,0
-13,4,6,-4058,1010,-128,0,0
-17,8,10,-4053,992,-123,0,0
-26,16,-1,-4056,1016,-140,0,0
-41,23,-8,-4072,1024,-144,0,0
-37,18,-9,-4064,975,-157,0,0
-19,10,-9,-4030,989,-159,0,0
13,-9,-9,-4074,1055,-196,0,0
32,-12,-3,-4048,1006,-139,0,0
15,-14,4,-4016,976,-97,0,0
14,-19,7,-4047,1003,-120,0,0
-3,-15,16,-4047,985,-126,0,0
2,-17,11,-4042,1010,-138,0,0
13,-18,6,-4073,1024,-148,0,0
-2,-10,6,-4063,971,-117,0,0
-7,-4,2,-4035,979,-108,0,0
-11,-7,4,-4058,999,-150,0,0
-18,-2,-4,-4069,995,-145,0,0
-15,3,-7,-4050,955,-105,0,0
-5,-1,-7,-4043,1002,-143,0,0
10,-1,-3,-4051,986,-138,0,0
16,-2,-7,-4026,981,-110,0,0
26,-21,-10,-4045,1008,-109,0,0
21,-32,-7,-4109,1019,-159,0,0
-4,-9,11,-4041,926,-122,0,0
2,-4,11,-3994,975,-134,0,0
14,-7,12,-4057,1004,-149,0,0
3,-2,16,-4092,958,-130,0,0
-1,11,14,-4057,964,-165,0,0
14,26,2,-4021,1000,-121,0,0
2,23,0,-4068,991,-112,0,0
-12,19,1,-4086,994,-137,0,0
-7,11,7,-4049,985,-155,0,0
2,5,9,-4014,952,-145,0,0
13,-5,-3,-4022,984,-153,0,0
28,-14,-5,-4119,1009,-166,0,0
5,6,14,-4086,968,-129,0,0
2,-4,14,-4012,987,-147,0,0
10,-15,12,-4022,980,-149,0,0
11,-18,13,-4058,974,-120,0,0
-11,-12,10,-4081,998,-159,0,0
-40,6,7,-4036,984,-176,0,0
-39,12,8,-3998,986,-160,0,0
-22,-4,19,-4055,968,-144,0,0
3,-12,21,-4071,981,-164,0,0
1,4,16,-4051,1023,-174,0,0
-19,20,5,-4063,1016,-157,0,0
-30,20,2,-4064,944,-164,0,0
4,11,-4,-4044,983,-172,0,0
25,-4,5,-4049,999,-142,0,0
30,-17,8,-4055,1007,-152,0,0
24,-16,-2,-4067,1005,-149,0,0
26,-12,-10,-4066,1003,-131,0,0
24,-7,-7,-4047,969,-156,0,0
-8,5,-4,-4028,974,-151,0,0
-4,3,-5,-4058,1020,-160,0,0
1,-1,-1,-4065,983,-153,0,0
-4,3,0,-4050,985,-142,0,0
0,6,-2,-4038,1011,-139,0,0
-12,0,1,-4033,979,-129,0,0
0,-12,0,-4081,983,-164,0,0
-6,2,2,-4076,985,-184,0,0
-18,14,1,-4034,981,-163,0,0
-8,3,0,-4050,976,-146,0,0
-19,-9,16,-4021,949,-155,0,0
-11,-15,23,-4055,985,-227,0,0
19,-13,20,-4083,978,-223,0,0
45,-5,12,-4067,973,-157,0,0
28,4,15,-4033,965,-113,0,0
6,1,10,-4055,999,-163,0,0
7,-3,7,-4071,999,-166,0,0
0,-16,11,-4062,976,-120,0,0
-28,-21,16,-4008,963,-121,0,0
-26,-34,4,-4016,1010,-191,0,0
-5,-24,5,-4104,993,-185,0,0
8,-9,3,-4091,979,-181,0,0
10,7,-3,-3997,977,-146,0,0
-1,12,-10,-3990,985,-93,0,0
-23,12,5,-4056,990,-129,0,0
-38,21,6,-4078,1008,-145,0,0
-51,28,6,-4081,1019,-190,0,0
-75,33,15,-4068,980,-188,0,0
-38,22,14,-4036,934,-189,0,0
4,14,2,-4023,988,-194,0,0
20,3,-1,-4081,1037,-183,0,0
16,0,16,-4066,962,-155,0,0
16,2,13,-4024,1005,-168,0,0
19,2,-1,-4041,1032,-166,0,0
-4,2,-5,-4060,996,-144,0,0
-13,0,1,-4070,985,-168,0,0
-13,3,2,-4040,989,-182,0,0
-16,4,1,-4031,984,-178,0,0
-13,6,2,-4051,988,-189,0,0
-9,6,6,-4051,993,-184,0,0
-1,-2,6,-4058,1012,-203,0,0
9,-9,12,-4078,970,-199,0,0
31,-3,6,-4042,972,-193,0,0
14,11,8,-4002,985,-157,0,0
-9,8,7,-4065,999,-177,0,0
-21,4,7,-4091,977,-227,0,0
1,9,1,-4059,984,-229,0,0
23,12,-15,-4043,981,-196,0,0
7,15,-5,-4043,981,-180,0,0
-8,9,1,-4061,997,-231,0,0
-3,5,4,-4076,980,-247,0,0
9,12,0,-4065,943,-216,0,0
8,17,-1,-4043,998,-186,0,0
-1,-3,11,-4036,988,-194,0,0
3,-26,11,-4050,967,-220,0,0
19,-32,8,-4070,984,-242,0,0
15,-25,5,-4030,978,-202,0,0
2,-21,8,-4006,976,-171,0,0
-19,-21,17,-4032,981,-198,0,0
-18,-18,17,-4071,1027,-214,0,0
-20,-8,22,-4034,966,-168,0,0
-26,3,15,-4025,997,-186,0,0
-51,25,13,-4055,987,-205,0,0
-66,42,8,-4067,991,-208,0,0
-52,40,5,-4071,989,-215,0,0
-35,26,3,-4044,994,-212,0,0
-18,-5,10,-4027,1000,-201,0,0
2,-35,19,-4061,999,-226,0,0
10,-31,16,-4062,995,-218,0,0
10,-17,9,-4056,1027,-178,0,0
-18,-7,15,-4040,1009,-175,0,0
-32,6,6,-4019,1005,-154,0,0
-34,9,0,-4040,1001,-168,0,0
-29,4,-1,-4058,1031,-195,0,0
-25,2,1,-4052,1006,-201,0,0
-16,4,-2,-4047,996,-190,0,0
-15,7,-2,-4036,996,-189,0,0
-21,4,0,-4041,1003,-177,0,0
-10,-8,3,-4065,1010,-190,0,0
0,-20,8,-4047,983,-190,0,0
8,-31,8,-4046,1001,-194,0,0
23,-38,15,-4026,978,-176,0,0
37,-42,14,-4052,1005,-184,0,0
49,-35,0,-4082,1021,-171,0,0
29,-18,2,-4051,997,-138,0,0
-7,-5,12,-4008,968,-162,0,0
1,-4,9,-4034,1003,-192,0,0
25,-9,8,-4083,1008,-182,0,0
25,-9,12,-4057,1009,-172,0,0
29,-12,11,-4024,992,-168,0,0
35,-6,5,-4032,1013,-147,0,0
12,2,10,-4044,998,-117,0,0
-17,5,10,-4063,1036,-162,0,0
-29,0,12,-4060,1037,-164,0,0
-49,-8,16,-4024,994,-148,0,0
-56,-8,18,-4011,977,-206,0,0
-27,-1,10,-4044,997,-225,0,0
-17,11,9,-4054,1012,-176,0,0
-25,13,11,-4041,1029,-190,0,0
-6,5,13,-4031,1008,-177,0,0
9,5,13,-4020,1018,-124,0,0
-31,16,11,-4041,1018,-158,0,0
-59,24,0,-4070,1041,-195,0,0
-67,27,0,-4078,998,-211,0,0
-81,28,-3,-4036,1008,-191,0,0
-52,17,-1,-4027,1004,-206,0,0
-5,2,3,-4047,1012,-202,0,0
24,-9,-2,-4067,1041,-196,0,0
26,-9,8,-4029,998,-144,0,0
16,-7,6,-4026,1021,-166,0,0
3,4,2,-4044,1020,-176,0,0
-6,13,-2,-4055,1018,-170,0,0
-11,12,-1,-4045,1019,-173,0,0
-10,4,-1,-4044,1022,-175,0,0
-18,1,0,-4040,1005,-184,0,0
-23,5,-3,-4040,998,-182,0,0
-16,-3,-3,-4059,1022,-186,0,0
3,-21,1,-4067,1016,-205,0,0
10,-23,8,-4044,971,-201,0,0
19,-14,4,-4028,1015,-203,0,0
27,-4,2,-4041,1017,-206,0,0
19,1,3,-4039,1019,-165,0,0
21,-9,9,-4043,1015,-181,0,0
22,-13,10,-4048,1000,-184,0,0
11,-9,12,-4048,1001,-168,0,0
-3,-1,10,-4037,998,-182,0,0
-10,8,6,-4053,1010,-201,0,0
2,4,1,-4057,1011,-211,0,0
22,-4,-2,-4050,1000,-196,0,0
24,-2,-3,-4026,991,-138,0,0
0,-4,4,-4043,1030,-168,0,0
-15,-3,4,-4077,1034,-206,0,0
-22,5,4,-4038,974,-184,0,0
-26,4,2,-3992,981,-195,0,0
-26,0,7,-4043,1000,-238,0,0
-20,1,13,-4058,977,-220,0,0
0,-5,9,-4048,1025,-218,0,0
14,-12,17,-4021,984,-165,0,0
3,-3,14,-4022,1008,-174,0,0
-21,17,4,-4055,1038,-183,0,0
-57,27,1,-4072,1010,-198,0,0
-67,24,5,-4049,977,-229,0,0
-31,15,5,-4041,1005,-253,0,0
9,0,5,-4034,1010,-224,0,0
31,-19,7,-4047,1005,-190,0,0
29,-24,9,-4075,1020,-203,0,0
2,-11,12,-4036,1019,-188,0,0
-7,-6,10,-4020,990,-202,0,0
7,-5,-2,-4044,1032,-204,0,0
10,-15,5,-4052,1015,-192,0,0
-2,-8,9,-4042,1030,-205,0,0
-16,-8,17,-4045,1015,-187,0,0
-23,-14,21,-4028,1002,-179,0,0
-4,-16,11,-4015,1015,-173,0,0
4,-24,10,-4073,1033,-203,0,0
11,-17,6,-4064,1022,-194,0,0
6,-8,1,-4021,1009,-168,0,0
2,-11,3,-4029,1024,-171,0,0
18,-16,1,-4061,1021,-198,0,0
13,3,-3,-4032,1005,-183,0,0
4,13,-3,-4033,1052,-155,0,0
-17,3,3,-4065,1020,-165,0,0
-37,-5,4,-4043,970,-165,0,0
-27,-16,7,-4017,993,-216,0,0
-1,-16,-1,-4074,1019,-254,0,0
18,-3,-14,-4092,1025,-187,0,0
14,1,-11,-4025,983,-128,0,0
-5,-3,-3,-4005,1010,-147,0,0
-12,-4,7,-4020,1006,-165,0,0
-13,-6,10,-4055,1033,-187,0,0
-5,-11,15,-4075,1013,-193,0,0
10,-9,11,-4033,979,-198,0,0
21,-3,4,-4000,996,-185,0,0
14,-9,6,-4051,1017,-180,0,0
2,2,7,-4062,998,-168,0,0
-13,5,7,-4035,1029,-196,0,0
-9,1,15,-4025,1001,-192,0,0
8,-1,18,-4049,996,-156,0,0
2,7,22,-4029,1003,-132,0,0
-12,14,13,-4033,1052,-168,0,0
-36,22,1,-4070,1044,-219,0,0
-43,30,-6,-4049,989,-207,0,0
-18,19,1,-4013,990,-200,0,0
9,4,4,-4038,1026,-195,0,0
10,-1,8,-4083,1038,-188,0,0
-4,6,7,-4055,1012,-180,0,0
-16,8,6,-4012,997,-182,0,0
-8,9,-4,-4027,1036,-202,0,0
-13,9,0,-4055,1028,-182,0,0
-20,5,0,-4069,1015,-201,0,0
-23,9,-2,-4055,1014,-228,0,0
-34,19,-10,-4030,1004,-220,0,0
-40,23,-2,-4024,985,-236,0,0
-29,19,-4,-4033,1012,-211,0,0
-10,0,2,-4063,1023,-239,0,0
12,-7,8,-4045,1004,-222,0,0
15,-7,8,-4039,1021,-215,0,0
5,2,8,-4043,1018,-216,0,0
-30,20,6,-4048,1019,-229,0,0
-39,26,0,-4054,1010,-251,0,0
-18,16,0,-4040,976,-255,0,0
10,-1,5,-4011,967,-243,0,0
37,-13,5,-4024,1002,-264,0,0
41,-3,-2,-4087,1024,-263,0,0
16,19,-8,-4088,1020,-229,0,0
-17,31,-1,-4030,966,-221,0,0
-10,21,-4,-4007,990,-238,0,0
9,8,-6,-4059,1003,-251,0,0
16,-1,-7,-4082,1001,-244,0,0
23,-16,-4,-4049,981,-229,0,0
18,-10,-2,-4018,993,-243,0,0
16,-11,-1,-4018,987,-231,0,0
8,-16,3,-4042,971,-217,0,0
3,-22,4,-4068,1007,-247,0,0
-1,-24,9,-4050,998,-262,0,0
-2,-23,10,-4005,956,-257,0,0
-1,-17,12,-4013,985,-217,0,0
-3,-15,17,-4050,1008,-204,0,0
-15,-5,15,-4053,1003,-200,0,0
-34,8,11,-4041,1018,-237,0,0
-45,21,9,-4044,997,-250,0,0
-41,20,9,-4050,971,-241,0,0
-21,8,10,-4049,980,-256,0,0
0,-3,11,-4053,1025,-262,0,0
6,-13,14,-4050,994,-223,0,0
0,-14,15,-4042,978,-217,0,0
1,-9,8,-4050,1019,-218,0,0
-17,-4,7,-4058,1022,-229,0,0
-25,2,7,-4047,1008,-223,0,0
-26,5,13,-4037,1006,-230,0,0
-23,3,16,-4016,1001,-224,0,0
-23,-1,22,-4023,1014,-215,0,0
-31,-7,21,-4047,1030,-227,0,0
-42,-12,20,-4051,1030,-254,0,0
-21,-21,20,-4035,998,-245,0,0
6,-31,18,-4039,1012,-223,0,0
23,-45,17,-4034,1042,-189,0,0
18,-55,17,-4068,1049,-205,0,0
-1,-41,13,-4060,1017,-209,0,0
-5,-21,-2,-4037,1029,-215,0,0
6,-16,-9,-4033,1026,-186,0,0
10,-18,-5,-4021,1004,-172,0,0
12,-17,0,-4024,1028,-195,0,0
23,-18,-2,-4022,1045,-173,0,0
24,-19,2,-4033,995,-160,0,0
15,2,1,-4030,1008,-176,0,0
-13,27,4,-4023,1023,-175,0,0
-29,30,3,-4061,1036,-179,0,0
-26,19,9,-4082,1007,-194,0,0
-15,14,8,-4029,1001,-209,0,0
0,7,6,-4005,1005,-208,0,0
7,0,6,-4047,1020,-212,0,0
8,-1,8,-4075,1028,-209,0,0
7,-5,7,-4042,1015,-198,0,0
9,-11,5,-4021,1010,-212,0,0
12,-5,2,-4009,1015,-195,0,0
-8,2,3,-4050,1036,-204,0,0
-23,6,1,-4079,1033,-223,0,0
-23,9,-3,-4037,1007,-215,0,0
-18,1,-2,-3990,1008,-188,0,0
-13,-12,0,-4048,1034,-201,0,0
-32,-13,6,-4072,1026,-196,0,0
-42,-10,4,-4056,1047,-212,0,0
-53,-14,7,-4023,1013,-182,0,0
-47,-30,5,-4031,1013,-210,0,0
-13,-40,0,-4045,1022,-212,0,0
-7,-40,0,-4052,1015,-172,0,0
-10,-42,4,-4039,1015,-196,0,0
-4,-36,-3,-4050,1028,-206,0,0
-10,-24,3,-4021,995,-143,0,0
-26,-20,12,-4024,1001,-141,0,0
-32,-18,14,-4045,994,-180,0,0
-15,-13,5,-4057,1005,-189,0,0
-7,-5,4,-4050,987,-161,0,0
-4,1,-3,-4049,1015,-144,0,0
-12,-1,-1,-4046,1006,-130,0,0
-25,-12,2,-4055,1020,-147,0,0
-8,-24,5,-4076,1016,-164,0,0
-1,-25,5,-4039,981,-139,0,0
6,-29,0,-4031,998,-131,0,0
9,-34,2,-4040,1007,-132,0,0
10,-30,-3,-4067,1001,-137,0,0
4,-18,-3,-4051,1004,-146,0,0
2,-3,-6,-4053,1012,-131,0,0
5,12,-17,-4066,1006,-102,0,0
-12,52,-33,-4143,944,-51,0,0
-45,97,-67,-4161,995,-97,0,0
-163,105,-57,-4310,916,-282,0,0
-160,130,-35,-4265,764,-367,0,0
-136,125,-48,-4260,628,-480,0,0
173,83,-154,-4288,402,-851,0,0
582,39,-330,-4440,174,-1117,0,0
787,76,-531,-4437,-254,-1473,0,0
656,354,-887,-4614,-425,-1865,0,0
213,751,-1146,-4551,-433,-1969,0,0
-1185,1236,-1172,-4817,-294,-2627,0,0
-2252,1850,-1067,-4696,239,-2578,0,0
-1166,2211,-1059,-4554,580,-2508,0,0
114,2300,-1118,-4506,486,-2694,0,0
405,2265,-1084,-4292,447,-2587,0,0
598,2166,-1105,-4265,516,-2631,0,0
679,2051,-1256,-4330,310,-2822,0,0
179,1996,-1227,-3919,74,-2818,0,0
-468,1940,-959,-3251,-77,-2755,0,0
-346,1923,-645,-2457,-442,-2607,0,0
-306,1917,-437,-2004,-612,-2009,0,0
-605,1838,-377,-1871,-664,-1437,0,0
-582,1736,-439,-1925,-651,-1335,0,0
-444,1633,-362,-1799,-758,-1734,0,0
-22,1583,-118,-1608,-1065,-1912,0,0
-269,1483,202,-1170,-1584,-1939,0,0
-391,1267,414,-880,-1395,-2549,0,0
-87,979,416,-826,-1784,-3058,0,0
-495,714,389,-373,-1590,-3716,0,0
-468,505,266,-149,-1218,-4362,0,0
-320,438,79,157,-1365,-4337,0,0
-517,408,-76,90,-851,-4122,0,0
-620,309,-142,85,-545,-3980,0,0
-620,102,-146,204,-122,-4213,0,0
-312,-123,-165,214,-82,-4841,0,0
-88,-295,-113,266,-133,-5496,0,0
77,-476,-75,136,-354,-5841,0,0
353,-603,-33,-603,-1375,-5274,0,0
-293,-772,2,-961,-2285,-3049,0,0
-536,-1277,-126,-1618,-1950,-2288,0,0
-1009,-1818,-193,-2441,-1696,-690,0,0
-2223,-2645,-449,-4175,-157,-720,0,0
-1648,-3467,-1300,-5583,1351,-2355,0,0
-119,-4264,-2109,-6955,1599,-3077,0,0
1088,-4446,-2014,-8685,1667,-3087,0,0
1798,-4713,-1345,-10426,1236,-819,0,0
910,-4950,-1203,-10698,781,-990,0,0
-466,-4526,-1104,-7945,924,-1885,0,0
-1010,-3930,-975,-3690,681,-3269,0,0
-2307,-3427,-942,-1887,911,-2361,0,0
-2358,-3074,-699,-2241,1144,-3024,0,0
-1601,-2384,-87,-1846,81,-3309,0,0
-1785,-1618,-37,-1722,284,-3504,0,0
-2229,-636,-101,-797,648,-3379,0,0
-2009,98,-80,-482,875,-2938,0,0
-1525,325,-114,-3283,1218,-1680,0,0
552,45,-262,-11592,40,-3738,0,0
3271,2054,515,-12567,849,-3021,0,0
2022,4153,2502,-9102,-2165,-1236,0,0
279,4573,3659,-10070,-1427,-91,0,0
-1546,4659,3973,-10518,1992,-588,0,0
-3448,4458,4142,-8479,1525,-665,0,0
36,3598,3889,-6602,353,-1489,0,0
1131,2979,3454,-4930,1293,-404,0,0
2665,2509,2495,-3840,1819,86,0,0
3733,2181,1385,-2654,650,-365,0,0
3305,1800,600,-2032,-73,-267,0,0
2196,1232,218,-734,-83,-639,0,0
2212,873,103,-383,173,-969,0,0
2760,763,-306,-1628,-304,-1001,0,0
2510,739,-746,-1639,-1365,-1314,0,0
1024,796,-891,-1579,-1362,-1399,0,0
-181,773,-722,-1496,-1043,-1535,0,0
-357,662,-249,-740,-1134,-2033,0,0
3,477,257,-325,-1720,-2526,0,0
90,267,454,-337,-1700,-3648,0,0
-199,141,375,50,-2066,-4426,0,0
-518,25,158,-145,-1369,-4831,0,0
-569,-43,-55,-171,-1645,-4809,0,0
-916,-218,-161,-136,-400,-5350,0,0
110,-361,-171,-17,-731,-5958,0,0
530,-372,-121,-403,-818,-6615,0,0
403,-226,-153,-365,-1215,-6776,0,0
-121,-50,-152,-495,-1044,-6696,0,0
-290,90,-158,-684,-1519,-5738,0,0
-1187,120,-88,-646,-1966,-3497,0,0
-1043,-254,-70,-888,-1451,-2621,0,0
69,-871,-98,-1502,-1992,-774,0,0
-846,-1886,50,-3366,-833,76,0,0
-664,-3084,83,-5616,202,-699,0,0
-21,-4356,-300,-7203,741,117,0,0
437,-6105,-819,-9920,1897,489,0,0
1464,-6975,-1163,-10826,1354,-669,0,0
459,-6645,-866,-7547,1613,-366,0,0
95,-6164,-512,-6479,470,-2531,0,0
-1758,-5153,261,-6778,-387,-3896,0,0
-4318,-4607,655,-6191,265,-3109,0,0
-4721,-3499,181,-4460,911,-4757,0,0
-4406,-1850,-238,-2232,101,-4358,0,0
-4739,-738,-736,-789,760,-3966,0,0
-3983,-198,-1581,-3035,2497,-3390,0,0
-993,141,-1745,-9208,7398,-5279,0,0
3881,2008,118,-10258,3075,-3064,0,0
4481,3873,2921,7,-3349,-615,0,0
1209,4659,3529,-10284,-2364,-217,0,0
-1953,4714,4311,-12519,3515,-1478,0,0
-1688,4862,4836,-12241,2954,-348,0,0
401,4230,4258,-10584,212,94,0,0
1673,3620,3668,-8584,698,714,0,0
2991,3251,3062,-7088,1634,385,0,0
4012,3219,2311,-5957,440,123,0,0
3269,3131,1482,-4161,-971,109,0,0
1404,2660,1070,-1956,-1156,302,0,0
759,1965,899,-862,-784,204,0,0
983,1360,507,-561,-171,536,0,0
2107,841,-53,-552,-1113,96,0,0
2257,543,-326,-810,-1521,-909,0,0
1343,332,-436,-715,-1838,-1362,0,0
-311,180,-243,-287,-1643,-2033,0,0
-930,-47,44,-33,-1304,-2954,0,0
-604,-282,191,84,-963,-3778,0,0
-33,-488,27,-851,-971,-4418,0,0
254,-627,-130,-619,-892,-6032,0,0
423,-575,-104,-478,-938,-6805,0,0
594,-365,-63,-799,-1296,-6863,0,0
5,-58,-211,-605,-1049,-6608,0,0
-236,116,-151,-519,-803,-6194,0,0
35,152,-90,-693,-917,-5744,0,0
103,181,-74,-887,-1302,-5063,0,0
-666,189,-27,-1011,-1855,-3339,0,0
-1911,-70,110,-1142,-1403,-1602,0,0
-1922,-626,538,-1988,-290,-1758,0,0
134,-1268,1093,-3265,225,-2263,0,0
2954,-1914,1299,-3511,-784,-2583,0,0
2830,-2886,1250,-3839,-1326,-900,0,0
-714,-3970,528,-4556,-1845,191,0,0
-4357,-4925,-1284,-4865,778,187,0,0
-4109,-5210,-3143,-4961,3191,22,0,0
-2386,-5389,-3814,-5476,1826,567,0,0
-1371,-7504,-3348,-6031,886,-65,0,0
-775,-4951,-2125,-5639,721,-1534,0,0
-920,-4112,-1026,-5339,719,-2438,0,0
-2195,-3133,-292,-4581,-46,-2374,0,0
-3453,-2654,-720,-7709,2009,-3647,0,0
-806,-1635,-938,-11536,4775,-6718,0,0
2270,873,1202,-10864,-421,-5412,0,0
628,3193,3292,-7690,-3498,-2337,0,0
-2270,4023,3930,-4234,-1789,-691,0,0
-3602,3670,4516,-3854,1434,-1207,0,0
-2562,3192,4885,-4662,1616,-778,0,0
-835,2456,4114,-6310,1577,-775,0,0
484,1868,2457,-7470,2527,-195,0,0
2115,1330,1037,-7952,3285,-661,0,0
3694,1296,594,-6186,2720,-2621,0,0
4353,1768,1121,-3126,2365,-3422,0,0
4858,2211,1421,-4017,2112,-2797,0,0
4698,2575,837,-3815,890,-2116,0,0
2643,2531,366,-2431,-153,-1870,0,0
252,2175,497,-1192,-38,-1560,0,0
-593,1762,478,-2560,519,-577,0,0
419,1248,518,-60,-247,-703,0,0
1126,927,421,111,-1261,-751,0,0
824,622,293,-378,-1250,-902,0,0
597,393,428,-805,-1024,-1415,0,0
771,210,566,-871,-1610,-1626,0,0
70,-30,673,-681,-1475,-2481,0,0
17,-221,526,-935,-1029,-3680,0,0
127,-182,297,-820,-1174,-4015,0,0
16,-94,126,-346,-1235,-3738,0,0
-2120,-102,23,-123,-934,-4284,0,0
122,-26,-140,-558,-998,-4337,0,0
-221,38,-127,-547,-754,-4831,0,0
-250,73,-104,-434,-763,-4618,0,0
-394,-40,-76,-439,-733,-4965,0,0
32,-188,98,-214,-739,-5540,0,0
402,-177,163,-317,-1280,-5665,0,0
158,-74,96,-387,-1483,-5910,0,0
-176,-45,-2056,-436,-1400,-5806,0,0
24,-103,-84,-574,-1477,-5943,0,0
146,-69,-206,-618,-1767,-5429,0,0
-238,-75,-320,-658,-1553,-5054,0,0
-204,-139,-427,-702,-1695,-4263,0,0
-188,-321,-577,-788,-1485,-3669,0,0
-55,-581,-857,-1358,-1557,-2374,0,0
-213,-1092,-925,-1892,-818,-3029,0,0
1331,-1602,-719,-2638,-549,-2756,0,0
455,-2205,-214,-3414,-949,135,0,0
-2179,-3044,214,-4617,-401,501,0,0
-2604,-3693,63,-4096,1299,50,0,0
-997,-4058,-573,-2995,1597,233,0,0
5,-4085,-899,-2634,471,579,0,0
-660,-4089,-895,-2826,325,394,0,0
-1263,-4084,-950,-3197,649,-247,0,0
-1426,-4078,-1198,-4486,1136,-640,0,0
-1226,-4052,-1532,-6474,1333,-1508,0,0
-1105,-3701,-1381,-10553,1534,-2674,0,0
-666,-2672,-511,-14863,391,-4777,0,0
-1916,-388,1146,-10066,-2003,-5397,0,0
-4870,1739,2204,-749,-3634,-3190,0,0
-6118,1508,1972,-1041,1004,-1688,0,0
-1749,1162,1618,-2333,3230,-654,0,0
3289,883,825,-4816,1630,-1590,0,0
4071,1215,-6,-8141,1663,-3365,0,0
2971,2192,310,-7246,1394,-2794,0,0
1715,2824,1743,-7268,1607,-2725,0,0
1223,3321,2584,-7573,2337,-1851,0,0
1870,3602,2171,-6964,1512,-1668,0,0
1355,3625,1576,-6261,1252,-1548,0,0
639,3367,1467,-5335,1531,-1005,0,0
1415,3045,1461,-4506,1281,-808,0,0
2467,2809,1302,-3823,325,-955,0,0
2045,2565,900,-2242,-719,-1028,0,0
1045,2004,693,-625,-582,-1677,0,0
507,1549,493,-357,-734,-1380,0,0
659,1202,194,-763,-731,-1250,0,0
526,1011,-88,-535,-1263,-1066,0,0
112,787,-254,-201,-858,-1165,0,0
158,456,-170,224,-912,-2009,0,0
399,184,108,-119,-1029,-2209,0,0
268,-24,336,-527,-1448,-2637,0,0
-122,-229,351,-565,-1184,-3285,0,0
113,-403,170,-282,-1161,-4108,0,0
172,-425,-20,-120,-1069,-4620,0,0
-234,-332,-121,-79,-672,-5282,0,0
-592,-173,-242,-313,-557,-5287,0,0
-486,-84,-189,-552,-403,-5480,0,0
-271,36,1,-593,-530,-5342,0,0
-498,21,252,-357,-600,-5517,0,0
-194,-44,210,-287,-885,-5743,0,0
-332,-63,-68,-228,-1238,-4685,0,0
-1621,-203,-511,-301,-1516,-2519,0,0
-2380,-559,-769,-463,-1752,-2516,0,0
-1896,-924,-784,-484,-760,-1744,0,0
-667,-1324,-945,-1313,-618,-742,0,0
7,-1867,-1084,-2452,447,-1461,0,0
794,-2199,-1013,-2680,693,-2536,0,0
1454,-2289,-662,-3465,1022,-3166,0,0
2249,-2495,-2288,-4716,1163,-4285,0,0
3980,-2767,-117,-6532,129,-5001,0,0
3509,-2748,520,-6905,-1191,-2645,0,0
-735,-3240,807,-9087,-867,-993,0,0
-2995,-3900,370,-9017,1508,-749,0,0
-89,-4302,-329,-7336,345,-2317,0,0
301,-3898,-78,-3249,-117,-1068,0,0
-570,-3752,402,-2255,25,-1375,0,0
-1250,-3376,721,-3070,-436,-1478,0,0
-1783,-2899,891,-2768,-396,-1988,0,0
-2063,-2301,770,-2393,-558,-3064,0,0
-3065,-1247,421,-1785,-766,-2909,0,0
-3784,-389,-10,-1450,-212,-2381,0,0
-2502,-272,-582,-4819,1811,-3286,0,0
1019,322,-1191,-10499,2435,-3957,0,0
2731,2139,-870,-11059,-42,-2774,0,0
1262,3766,244,-9248,-1587,-2028,0,0
-1089,4840,1538,-6463,-1630,362,0,0
-2541,4601,2346,-6408,502,-61,0,0
-2442,4295,2883,-7373,1784,-361,0,0
-1485,3833,2613,-7908,1465,-101,0,0
-1124,3166,2086,-6369,847,-222,0,0
-959,2320,2092,-5444,1475,-967,0,0
241,1782,2184,-4441,2201,-1305,0,0
2323,1609,2111,-3599,1796,-1419,0,0
3321,1606,1962,-3325,928,-1988,0,0
2196,1706,1882,-2546,402,-2208,0,0
1109,1556,1749,-1544,120,-2359,0,0
1267,1346,1077,-384,-45,-2568,0,0
1839,1055,40,-82,305,-2554,0,0
2622,731,-598,-11,-357,-2754,0,0
2555,517,-854,-180,-816,-2582,0,0
1672,369,-826,-449,-650,-2375,0,0
921,365,-556,-403,-1024,-1924,0,0
5,329,-113,-416,-901,-1732,0,0
-190,127,329,-169,-1041,-1910,0,0
212,-180,510,-64,-1358,-2412,0,0
570,-421,341,-234,-1216,-3207,0,0
708,-427,35,-801,-1408,-3088,0,0
187,-362,-22,-798,-1370,-3111,0,0
-55,-345,36,-635,-810,-3252,0,0
668,-423,73,-439,-1126,-3396,0,0
844,-485,205,-396,-1904,-3790,0,0
161,-506,149,-630,-1637,-4568,0,0
196,-439,-9,-553,-1979,-5368,0,0
-521,-239,-65,-1117,-1719,-5128,0,0
-993,-167,-1,-1097,-1166,-5519,0,0
-442,-158,79,-1451,-1070,-5459,0,0
-16,-121,212,-1438,-1497,-5495,0,0
140,-104,266,-1337,-1857,-5837,0,0
494,-42,50,-1628,-2367,-6047,0,0
-75,149,-180,-1613,-2612,-5072,0,0
-983,184,-326,-1869,-2461,-3986,0,0
-1430,18,-312,-1922,-2157,-2675,0,0
-867,-593,-278,-2115,-1550,-1790,0,0
-76,-1533,-99,-3203,-1106,-1348,0,0
-854,-2479,229,-4233,-577,247,0,0
-2111,-3672,91,-5661,630,909,0,0
-1444,-4647,-1159,-6190,1193,313,0,0
-1253,-5286,-2607,-5179,1874,-146,0,0
-373,-5549,-3013,-5234,1673,-908,0,0
685,-5234,-2189,-4951,951,-772,0,0
1532,-4636,-649,-4458,281,-830,0,0
1138,-4040,918,-5245,-696,-1628,0,0
-1813,-2939,1490,-4724,-2184,-2786,0,0
-6212,-1709,615,-3488,-914,-2169,0,0
-7178,-1496,-1109,-7819,2781,-2503,0,0
-2460,-738,-2118,-10502,6479,-5023,0,0
3771,1085,-667,-7773,2323,-4324,0,0
5864,2688,1883,-8386,-2606,-1353,0,0
2676,4058,2237,-5885,-2661,180,0,0
-1406,4485,2056,-4385,-671,-241,0,0
-4528,4476,2973,-4273,831,-548,0,0
-4010,3689,4070,-6423,3409,529,0,0
2877,2283,2625,-10751,3884,96,0,0
5480,2025,346,-6248,814,-2878,0,0
4352,2217,1005,-4010,-473,-3366,0,0
2587,2734,1460,-4742,765,-1630,0,0
1170,2776,804,-4069,60,-1834,0,0
-1025,2446,819,-2946,-279,-1771,0,0
-2145,1875,1134,-1864,280,-824,0,0
-1182,1247,1002,-687,793,-615,0,0
715,662,806,-649,918,-1206,0,0
2198,245,505,-1391,-567,-2406,0,0
2295,63,372,-1242,-1166,-3440,0,0
1417,187,188,-1167,-1468,-3323,0,0
324,442,-202,-1122,-1873,-2432,0,0
-1248,572,-591,-1563,-1287,-1286,0,0
-3168,312,-702,-1654,383,-1880,0,0
1261,-27,-454,-1674,454,-3395,0,0
3298,8,-62,-1619,-537,-4609,0,0
2716,349,41,-1278,-1822,-4620,0,0
636,649,-184,-608,-1831,-4665,0,0
-835,799,-396,-507,-999,-4405,0,0
-962,717,-285,7,-74,-3933,0,0
429,304,-284,-181,706,-3444,0,0
2475,-138,33,-340,-1723,-3619,0,0
825,-136,619,-476,-2266,-4560,0,0
-990,14,513,-553,-2178,-4950,0,0
-393,-89,354,-575,-2283,-5642,0,0
-118,-96,101,-791,-2455,-5633,0,0
-468,-84,-135,-886,-1743,-5323,0,0
-93,-122,-261,-972,-1788,-5492,0,0
-267,-97,-213,-891,-1601,-4471,0,0
-494,-228,-356,-724,-769,-3526,0,0
-250,-619,-475,-762,690,-2225,0,0
370,-1090,-326,-1042,88,-2247,0,0
74,-1292,344,-1262,-628,-1550,0,0
-785,-1369,949,-1307,-1534,-1237,0,0
-2331,-1411,996,-1391,-1326,-1056,0,0
-2486,-1476,299,-1737,-1391,-1109,0,0
-972,-1849,-634,-2810,-279,-1371,0,0
987,-2605,-969,-5115,-86,-1420,0,0
1884,-3647,-624,-8442,-107,-1042,0,0
245,-4528,-50,-11128,-190,725,0,0
-2312,-5642,-255,-13753,1584,117,0,0
-2693,-5553,-1293,-9534,1611,-1645,0,0
-2119,-4935,-1324,-4260,991,-1963,0,0
70,-4567,-140,-4436,577,-3007,0,0
1438,-3674,933,-4584,-558,-3482,0,0
-14,-2640,772,-4041,-1534,-3858,0,0
-3136,-1379,-196,-2593,-1650,-4687,0,0
-5147,77,-1295,-1511,-798,-4275,0,0
-5288,790,-1929,-2294,1003,-3317,0,0
-2178,677,-2505,-12185,5070,-3629,0,0
2271,2588,-737,-12434,2272,-1726,0,0
2161,4534,2878,-8508,-5022,-84,0,0
-450,4874,4173,-5939,-4018,-108,0,0
-3420,4528,4775,-6298,2886,-498,0,0
-2413,4091,4659,-7487,1431,418,0,0
720,3696,3354,-8233,-786,676,0,0
1212,3446,2591,-7456,-540,920,0,0
-184,2710,2365,-5211,-478,591,0,0
-1427,1446,2191,-3456,376,-446,0,0
-1213,187,1760,-1970,498,-1007,0,0
882,-588,1208,-1510,999,-1731,0,0
3156,-632,768,-2039,911,-2277,0,0
3485,-319,573,-1988,334,-2889,0,0
2321,-134,503,-2124,83,-3481,0,0
1072,-47,501,-2151,428,-4017,0,0
1140,-14,299,-2114,583,-4507,0,0
1792,82,62,-1470,181,-4788,0,0
1906,226,-144,-1558,-78,-4663,0,0
1547,484,-480,-2167,-19,-4513,0,0
1195,885,-645,-2341,-363,-3777,0,0
275,1169,-533,-2489,-309,-2963,0,0
-401,1287,-198,-1410,-128,-2682,0,0
125,1250,73,-973,-86,-2485,0,0
1226,1090,78,-240,-803,-2628,0,0
1649,927,-75,-723,-1759,-2063,0,0
466,759,-255,-437,-2209,-2405,0,0
-2207,627,-280,-191,-2708,-2542,0,0
-5641,646,222,-384,-566,-2184,0,0
-4570,446,368,-157,1596,-3370,0,0
-202,264,-411,194,2974,-4065,0,0
3522,145,-843,475,2344,-4838,0,0
3867,-39,-430,249,1319,-3803,0,0
3277,-233,-142,-75,-406,-3943,0,0
1794,-241,90,-512,-1730,-4789,0,0
-571,-147,417,-546,-1121,-5151,0,0
15,-182,554,-550,-1379,-5877,0,0
884,-95,367,-688,-2456,-6574,0,0
950,129,125,-943,-2464,-7384,0,0
1189,476,-174,-791,-3564,-6884,0,0
90,786,-443,-659,-3495,-5136,0,0
-1000,795,-716,-386,-2499,-3143,0,0
-1166,438,-670,-102,-1458,-2592,0,0
166,-9,-227,-454,-618,-1092,0,0
2270,-603,502,-1357,-1185,-378,0,0
2062,-1248,1308,-2837,-1223,-86,0,0
161,-2095,1762,-4404,-153,198,0,0
-1797,-3500,1090,-4024,959,0,0,0
-2624,-5288,-283,-3907,1999,63,0,0
-1020,-6712,-1189,-4979,2276,-59,0,0
967,-7388,-904,-6583,827,107,0,0
268,-7111,-153,-7151,-115,-400,0,0
-1849,-6088,309,-6642,57,-1488,0,0
-3057,-4783,486,-5921,264,-2175,0,0
-3815,-3514,793,-5805,-1143,-2266,0,0
-5516,-2711,773,-9346,-230,-3240,0,0
-4870,-1485,137,-10601,2907,-5613,0,0
-1097,113,449,-9300,2003,-6222,0,0
1853,1850,1500,-6002,-1270,-3774,0,0
898,3035,1846,-4267,-1721,-1096,0,0
-597,3300,1865,-4135,-326,-582,0,0
-1434,3336,2111,-4684,613,-1320,0,0
-2650,3478,2569,-6567,560,-1231,0,0
-4438,3090,2778,-7906,1582,641,0,0
-3731,1552,2426,-8931,3871,-225,0,0
1017,872,1851,-6346,1905,-2471,0,0
4524,1254,2409,-5063,1407,-2029,0,0
5689,2016,2914,-5106,909,-1358,0,0
4405,2564,2645,-4503,-358,-1739,0,0
2138,2539,2310,-3455,97,-1796,0,0
1589,1954,2031,-2269,292,-2163,0,0
2601,1613,1684,-760,-470,-2440,0,0
2873,1614,952,-226,-876,-1701,0,0
1259,1356,74,-695,-572,-665,0,0
-377,1074,-486,-1260,-978,-532,0,0
-1208,867,-650,-1443,-1120,-412,0,0
-1515,619,-809,-1298,-520,-1355,0,0
-494,391,-803,-211,328,-1906,0,0
652,28,-139,467,-815,-2644,0,0
967,-179,331,-18,-576,-4029,0,0
466,-274,471,-54,-341,-4524,0,0
-547,-339,317,-268,-805,-4466,0,0
-2654,-451,53,-298,-96,-4519,0,0
-2916,-665,-88,-641,2657,-5215,0,0
268,-755,-216,-604,1871,-6669,0,0
1244,-475,-53,-741,1329,-7134,0,0
529,-29,-52,-893,991,-7109,0,0
66,364,-68,-808,1000,-6503,0,0
-53,560,-18,-802,823,-5874,0,0
41,613,80,-725,365,-5377,0,0
50,593,16,-682,272,-4924,0,0
57,499,-173,-757,-708,-4032,0,0
-1470,146,-422,-556,-990,-1488,0,0
-2187,-933,-546,-792,-783,-732,0,0
-1974,-2308,-440,-2320,-1074,879,0,0
-1833,-3488,-738,-4605,-211,856,0,0
-268,-3694,-1542,-4171,331,248,0,0
778,-3366,-1928,-2322,162,770,0,0
179,-3371,-2080,-2629,8,951,0,0
-950,-3454,-2399,-3517,309,511,0,0
-1515,-3421,-2821,-4610,823,-451,0,0
-1480,-3185,-3010,-5301,998,-943,0,0
-1317,-2848,-2850,-4282,959,-1003,0,0
-755,-2717,-2492,-7606,402,-830,0,0
-811,-2750,-2402,-12629,1193,-1833,0,0
-878,-2203,-2439,-14266,2834,-3610,0,0
-362,-643,-1575,-7583,1826,-4884,0,0
1069,865,1056,-2877,-971,-3662,0,0
-725,1736,2470,-3162,-1904,-1485,0,0
-3444,2115,2675,-1864,35,-4,0,0
-2595,1627,2909,-1585,953,132,0,0
-1511,1068,2731,-3373,1656,-768,0,0
211,989,1560,-6614,2994,-2439,0,0
1635,1326,366,-6957,2138,-2562,0,0
1742,1289,905,-6785,496,-1593,0,0
2594,1689,1871,-6334,2042,-2104,0,0
2889,2254,1842,-6001,2499,-2633,0,0
2160,2629,1427,-6405,1645,-2643,0,0
1091,2807,1458,-5819,2035,-2159,0,0
1390,2783,1718,-4974,1426,-1561,0,0
1893,2598,1871,-3821,771,-1413,0,0
2079,2365,1794,-2766,436,-1729,0,0
1832,2148,1452,-1897,-398,-1749,0,0
1058,1765,1080,-840,-679,-1873,0,0
783,1381,663,-303,-816,-2013,0,0
676,1138,330,-471,-908,-1715,0,0
460,1022,254,-733,-763,-1185,0,0
988,892,468,-772,-1066,-1115,0,0
1511,536,677,209,-1880,-1432,0,0
1238,153,327,78,-1550,-2485,0,0
842,-29,-418,-217,-951,-3059,0,0
355,-135,-785,6,-1230,-2823,0,0
-404,-285,-532,34,-607,-3473,0,0
-300,-435,-100,30,-612,-4494,0,0
393,-563,256,-635,-971,-4974,0,0
636,-539,283,-707,-1461,-5427,0,0
92,-366,154,-493,-1511,-5378,0,0
-117,-323,47,-600,-1271,-5268,0,0
110,-198,192,-819,-1211,-6027,0,0
-155,63,321,-878,-1386,-5979,0,0
-164,225,196,-779,-1436,-5417,0,0
-82,341,-85,-712,-1501,-4885,0,0
-379,468,-127,-611,-1352,-4397,0,0
-735,583,-53,-413,-1408,-2945,0,0
-1582,541,38,183,-1086,-1842,0,0
-1747,302,104,679,-309,-1573,0,0
-559,-98,-32,775,304,-1816,0,0
751,-454,-341,496,275,-2916,0,0
1284,-464,-641,-149,321,-4218,0,0
-155,-199,-450,-767,-444,-4714,0,0
-100,-95,363,-820,-283,-6093,0,0
922,144,685,-1186,-2595,-7137,0,0
230,421,365,-1028,-3078,-6903,0,0
-525,329,179,-779,-2458,-4460,0,0
-1969,-283,389,-1274,-1173,-869,0,0
-2523,-1559,916,-2564,409,185,0,0
-638,-2559,1263,-4078,819,30,0,0
-824,-3485,762,-4837,685,1008,0,0
-743,-4537,-214,-4513,536,940,0,0
-72,-5233,-1069,-4206,0,1543,0,0
-1354,-5781,-2089,-5142,501,1070,0,0
-3161,-6168,-3507,-7067,830,1301,0,0
-4621,-6906,-4944,-11304,737,140,0,0
-5791,-5898,-5434,-9891,1930,-1762,0,0
-3904,-3900,-6504,-1983,2228,-1207,0,0
-1026,-3191,-2243,-10382,574,-1355,0,0
-768,-2193,-428,-9924,1767,-3981,0,0
-1216,-667,931,-6857,2360,-6429,0,0
-2184,1318,2101,-3837,845,-4610,0,0
1414,2531,3064,-6070,-1121,-1437,0,0
2227,3253,3423,-6668,-1169,357,0,0
2226,3684,3017,-8051,-686,-1220,0,0
-216,4142,3026,-9582,775,-1943,0,0
-1585,3964,3399,-9135,1764,-528,0,0
409,3144,3023,-8729,1855,636,0,0
3320,2812,2202,-7492,1041,875,0,0
3829,2790,1861,-5448,50,398,0,0
2547,2584,1691,-4399,-597,-686,0,0
1800,2243,1652,-3395,-233,-1610,0,0
2544,1908,1319,-2270,-628,-2151,0,0
3739,1623,714,-1789,-886,-3253,0,0
3407,1711,9,-1899,-1336,-2358,0,0
1176,1863,-369,-1953,-1094,-1541,0,0
-529,2023,-407,-1910,-832,-906,0,0
-304,1969,-83,-1602,-348,-313,0,0
748,1623,120,-307,-694,-35,0,0
362,1027,267,172,-1829,-574,0,0
-1106,449,360,29,-1427,-2564,0,0
-1127,89,-2088,-1102,-1092,-4010,0,0
-1063,-12,-171,-168,-1328,-4640,0,0
-724,-161,-72,-107,-776,-7136,0,0
112,-328,-28,-85,-1100,-5703,0,0
694,-346,11,-291,-1398,-5968,0,0
198,-196,-53,-270,-1580,-6087,0,0
8,1,-101,-395,-1296,-5715,0,0
-169,176,-170,-366,-1293,-4762,0,0
-386,177,-144,-213,-950,-4494,0,0
-311,52,-140,-369,-1308,-3867,0,0
-490,-2112,-251,-381,-1259,-3774,0,0
-753,-147,-455,-457,-1338,-3528,0,0
-895,-438,-535,-398,-1073,-3414,0,0
463,-904,-430,-1018,-875,-3167,0,0
2009,-1439,-332,-1462,-1318,-3248,0,0
2755,-2127,-387,-2642,-531,-2749,0,0
1946,-2823,-330,-3980,-1896,-1265,0,0
-1209,-3321,517,-5307,-587,-569,0,0
-1861,-3990,1179,-5012,1176,-341,0,0
452,-4387,1166,-3698,589,-1039,0,0
-376,-4059,1053,-3366,-240,-379,0,0
-2210,-3842,786,-3554,18,-76,0,0
-3074,-3873,252,-3721,134,-594,0,0
-2707,-3750,-265,-3648,580,-1377,0,0
-1823,-3262,-492,-3495,513,-1985,0,0
-1830,-2504,-565,-4416,-71,-1411,0,0
-2498,-2514,-1279,-10911,411,-1450,0,0
-2172,-1855,-1764,-13701,1702,-3819,0,0
-1442,226,-682,-7995,251,-5057,0,0
-798,1738,1438,-3740,-2286,-2530,0,0
-2105,2212,1882,-2482,-1514,-480,0,0
-2121,2081,1211,-1752,688,-92,0,0
193,1714,597,-2704,1398,-1307,0,0
1442,1533,131,-5813,1253,-2484,0,0
2288,1721,-266,-8556,1141,-3121,0,0
3024,2468,-108,-7455,1437,-2253,0,0
3188,3204,612,-7166,209,-2103,0,0
1507,3881,1166,-7196,-463,-2213,0,0
-401,4118,1638,-6805,275,-1549,0,0
-946,3845,2044,-5590,623,-888,0,0
-17,3276,2060,-4345,263,-882,0,0
1422,2735,1584,-3658,-302,-1258,0,0
1585,2414,950,-2772,-986,-1432,0,0
181,2083,616,-2187,-1286,-1247,0,0
-1868,1702,681,-1567,-971,-175,0,0
-2322,933,1070,-775,-17,4,0,0
542,57,1262,-353,-1068,-1881,0,0
1833,-369,975,-403,-819,-4228,0,0
2234,-222,273,-251,-1149,-5747,0,0
1756,354,-411,-361,-1636,-5776,0,0
507,1045,-762,-505,-900,-5126,0,0
-509,1539,-1104,-559,-691,-3417,0,0
-915,1494,-1262,-357,-146,-2047,0,0
-972,949,-818,33,337,-1190,0,0
-1102,101,323,311,33,-1245,0,0
-1084,-547,960,462,-677,-2591,0,0
-248,-875,627,468,-239,-5278,0,0
897,-675,173,-188,-671,-6391,0,0
831,-199,-94,-432,-875,-6506,0,0
56,166,-193,-336,-365,-5775,0,0
-315,232,-209,-112,62,-5251,0,0
-163,140,-21,170,92,-5010,0,0
-19,50,1,-65,-107,-7088,0,0
146,-3,39,-150,-238,-5506,0,0
77,39,-4,-100,-811,-5040,0,0
-485,92,77,70,-1530,-4023,0,0
-1213,-133,165,-214,-1168,-2166,0,0
-901,-899,-19,-716,-420,-1989,0,0
-183,-1821,-460,-2359,-371,-339,0,0
-844,-3143,-404,-4385,354,1208,0,0
556,-4612,-438,-6824,527,1528,0,0
1609,-5349,-576,-5950,628,756,0,0
1245,-5338,-443,-4674,-64,-4,0,0
-599,-5313,-585,-5221,-321,303,0,0
-1738,-5519,-1309,-6201,811,-283,0,0
-1791,-5512,-1966,-7056,1504,-2032,0,0
-2003,-4832,-1739,-6432,922,-3513,0,0
-2715,-3520,-912,-4040,-664,-3315,0,0
-3919,-2510,-508,-5381,-684,-2365,0,0
-3765,-1894,-990,-11018,2971,-4449,0,0
-237,67,-750,-9908,2779,-4595,0,0
2129,1685,795,-9428,-226,-3752,0,0
622,3362,2127,-6415,-1516,-1364,0,0
-1220,3683,3065,-5562,-939,-817,0,0
-2561,3718,3735,-5128,828,-781,0,0
-2044,3257,4115,-5572,2138,-39,0,0
2817,2452,3387,-7307,3325,1194,0,0
9331,1647,1065,-8305,566,-1791,0,0
9394,2160,-290,-6748,-1952,-4427,0,0
4759,2934,-460,-6352,-1648,-2160,0,0
714,3424,-1085,-5445,-1287,-1855,0,0
-1432,3516,-1148,-4746,-1103,-2343,0,0
-2826,3433,-494,-2984,-280,-1182,0,0
-1942,2758,-220,-1104,715,-388,0,0
360,1922,-447,400,1710,-966,0,0
3088,1352,-1302,-991,-460,-743,0,0
1483,1022,-1650,-1638,-690,-462,0,0
-790,914,-1021,-583,-412,-465,0,0
-1662,682,692,-245,-1252,-805,0,0
-989,218,1558,-168,-1630,-1996,0,0
896,-62,1323,-250,-2408,-3569,0,0
1959,-153,767,-213,-2593,-4255,0,0
1370,-91,664,-179,-3326,-4312,0,0
-121,114,198,206,-3126,-4012,0,0
-1710,84,-375,146,-1712,-4337,0,0
-2246,-89,-721,229,-973,-5093,0,0
-1680,-95,-1086,124,-581,-6305,0,0
-1374,116,-800,164,-686,-5389,0,0
-875,129,-125,17,-350,-4705,0,0
-3,81,83,-95,-452,-4882,0,0
42,101,-10,72,-563,-4606,0,0
190,58,4,58,-394,-4712,0,0
-5,176,115,-343,-1133,-4306,0,0
-937,310,-51,0,-781,-3824,0,0
-587,355,-247,-39,-519,-2979,0,0
-674,357,-248,170,-326,-1692,0,0
-1052,142,59,-39,863,-1757,0,0
-44,-212,65,980,2033,-4361,0,0
2888,-293,8,761,1241,-7418,0,0
2376,123,-32,600,-2405,-6837,0,0
-315,182,-257,874,-3150,-4751,0,0
-1841,-389,-615,731,-2531,-1010,0,0
-1369,-2008,-538,-1638,415,848,0,0
2509,-3831,152,-5546,550,441,0,0
3702,-4436,1418,-6762,-1347,1176,0,0
1407,-4226,2419,-5445,-1166,1025,0,0
-1230,-4301,1720,-4413,687,582,0,0
-2265,-5093,-1,-5076,1284,311,0,0
-2569,-6086,-1416,-6880,1225,211,0,0
-2855,-6654,-2149,-8741,1136,-42,0,0
-1756,-6351,-1930,-7605,858,-1198,0,0
-1363,-5300,-1250,-6049,-1666,-2941,0,0
-5082,-3487,-1247,-5761,-2426,-2263,0,0
-6830,-2728,-2083,-11134,1339,-4476,0,0
-4469,-802,-1662,-10994,6786,-6135,0,0
1539,1406,1062,-7804,3382,-3795,0,0
4729,2920,3394,-6754,-2120,-1033,0,0
2795,3675,3511,-6774,-2120,86,0,0
105,4258,3123,-6444,-74,-949,0,0
-1659,4572,3663,-6598,1418,-1006,0,0
11,4004,3468,-8330,1614,-16,0,0
1614,2992,1999,-9677,2052,19,0,0
2604,2509,787,-8277,1054,-1197,0,0
2351,2676,583,-6163,-510,-1553,0,0
1938,2688,912,-5566,82,-2200,0,0
1977,2890,1148,-4508,-1149,-1819,0,0
1233,2854,1171,-3121,-1589,-1887,0,0
510,2586,869,-1735,-705,-2116,0,0
1344,2124,180,-1289,-1212,-1623,0,0
1328,1606,-471,-649,-335,-1400,0,0
2244,1297,-732,-419,-705,-896,0,0
2608,1027,-329,-52,-1056,-1450,0,0
2772,834,65,-752,-1843,-1431,0,0
2758,594,-283,-1152,-2509,-2223,0,0
642,534,-620,-332,-2012,-1293,0,0
-1680,346,-287,266,-2112,-1589,0,0
-3847,150,223,210,-1791,-2430,0,0
-2674,-36,304,104,-60,-3897,0,0
309,-59,-124,-86,-972,-4056,0,0
340,83,-223,-5,-1014,-4149,0,0
-426,195,107,-156,-948,-4156,0,0
-390,77,418,41,-1135,-4130,0,0
215,-150,470,149,-1478,-4902,0,0
362,-222,251,285,-1749,-5111,0,0
628,-141,93,-26,-1928,-5325,0,0
352,42,50,16,-2179,-4846,0,0
-186,146,151,-164,-1715,-4658,0,0
-283,100,196,-38,-1723,-4445,0,0
-97,-36,206,-127,-1670,-4761,0,0
209,-80,166,-304,-2187,-5462,0,0
79,90,145,-355,-2521,-5140,0,0
-72,231,-42,-492,-2926,-4779,0,0
-324,293,-234,-383,-3163,-3987,0,0
-1017,334,-316,-234,-3505,-2945,0,0
-1979,373,-221,-73,-2796,-1964,0,0
-2471,310,300,-792,-2037,-1083,0,0
-2701,243,523,-1589,-1449,-588,0,0
-2006,205,121,-1704,-348,-128,0,0
-1337,-2168,-899,-1084,620,859,0,0
438,-1520,-2190,-1283,1733,60,0,0
1986,-3462,-2912,-2251,3180,-2550,0,0
4154,-5389,-1739,-6218,2687,-4062,0,0
4635,-6180,256,-10727,211,-3115,0,0
2354,-6402,1644,-13305,-1173,-2547,0,0
-1316,-6148,1533,-10776,-126,-2283,0,0
-3352,-5700,558,-6949,1530,-1925,0,0
-2146,-5205,316,-4774,637,-3188,0,0
-2311,-4269,624,-3867,-1360,-4353,0,0
-4272,-3020,618,-3158,-588,-3605,0,0
-4002,-2153,60,-3692,156,-5209,0,0
-3493,-799,-155,-1903,-145,-6473,0,0
-3167,416,75,-547,655,-5006,0,0
-1905,381,-349,-3675,2738,-2983,0,0
3932,270,-1516,-14811,7713,-5068,0,0
8368,3772,-1908,-16248,-1392,-3528,0,0
-1119,6715,192,-9584,-5747,142,0,0
-8072,6466,4183,-8199,-1980,827,0,0
-7578,4723,7204,-9825,6745,1781,0,0
1537,3302,6490,-10700,3244,1555,0,0
6064,3048,3375,-6359,-951,480,0,0
4802,1922,1928,-3943,203,-626,0,0
3858,1264,1187,-4597,370,-1778,0,0
3515,1503,512,-3507,237,-1469,0,0
2698,1730,219,-1599,-1608,-480,0,0
805,1535,289,-578,-1881,-580,0,0
-159,1348,465,-129,-1103,-1665,0,0
676,1251,540,-533,-778,-2266,0,0
1006,1278,338,-1220,-1952,-2377,0,0
-185,1244,-96,-1705,-1725,-2269,0,0
-1578,1060,-313,-316,-945,-1714,0,0
-1613,595,-86,564,-520,-2169,0,0
-1272,129,-15,743,-118,-3168,0,0
-1792,-33,-271,143,244,-4295,0,0
-2353,113,-40,687,707,-3923,0,0
-798,-115,284,1331,677,-4250,0,0
1323,-333,260,484,-80,-4561,0,0
1147,-318,11,84,-724,-5001,0,0
472,-287,-69,279,-29,-4566,0,0
740,-424,118,-155,37,-4318,0,0
11,-436,288,208,1209,-5404,0,0
-283,-374,407,197,1056,-6025,0,0
267,-222,340,-501,1,-6014,0,0
528,22,216,-590,-1168,-5727,0,0
457,281,39,-360,-1858,-4796,0,0
-40,325,-130,-108,-1935,-2944,0,0
-1151,-158,-145,-453,-1196,-536,0,0
-2625,-1218,337,-1460,-545,-91,0,0
-3397,-2363,468,-2760,812,-688,0,0
-1766,-3107,-369,-4735,676,-1281,0,0
-2678,-3837,-1572,-5770,491,1867,0,0
-460,-5171,-4982,-8899,1562,125,0,0
1783,-5131,-4860,-7289,1248,-360,0,0
2844,-5287,-3385,-7087,894,-920,0,0
2739,-5172,-1857,-5914,1528,-3729,0,0
1874,-4053,-464,-3588,-215,-5343,0,0
-2723,-2443,337,-2788,-2818,-3274,0,0
-7212,-1629,-511,-4136,-925,-2154,0,0
-6611,-1270,-1143,-9967,6009,-3419,0,0
-860,568,112,-11099,6897,-3392,0,0
3498,2115,1872,-12422,-1366,-3338,0,0
-275,3979,3101,-7608,-2959,-1661,0,0
-3058,4201,4409,-4963,-395,-2856,0,0
-2739,3397,5272,-5839,2096,-293,0,0
702,2549,4518,-5691,2206,-420,0,0
3881,2071,2481,-6765,2043,-1745,0,0
4213,2099,870,-7676,2201,-1995,0,0
3631,2334,324,-6755,2006,-1682,0,0
2813,2787,790,-4878,1031,-1395,0,0
1611,2945,1393,-3666,226,-1097,0,0
302,2680,1761,-2202,75,-656,0,0
75,2061,1631,-1635,-53,-515,0,0
959,1458,1059,-998,175,-959,0,0
2162,1147,223,-1514,-122,-1424,0,0
2707,1012,-126,-1525,-968,-2497,0,0
1167,1097,-103,-1212,-2180,-2352,0,0
-877,1040,429,-750,-1330,-2504,0,0
-812,775,441,-1027,-1276,-2404,0,0
-12,535,122,-156,-1483,-2730,0,0
88,417,-280,-227,-1071,-3337,0,0
555,330,-511,-318,-560,-3957,0,0
812,257,-285,563,-1777,-3210,0,0
-618,4,-354,784,148,-3990,0,0
-326,-187,-512,1072,55,-4532,0,0
-243,-363,-215,-6,353,-5350,0,0
318,-295,125,56,-424,-5625,0,0
-14,-138,282,72,-673,-5730,0,0
-369,-43,59,247,-932,-5074,0,0
-866,-94,-74,45,-1018,-4521,0,0
-819,-217,-131,-343,-699,-4910,0,0
-13,-380,-153,-325,-1323,-4664,0,0
126,-581,-527,-503,-1045,-4873,0,0
46,-765,-902,-900,-1190,-3568,0,0
-649,-1277,-706,-1323,-427,-2530,0,0
-403,-1996,-315,-2778,-576,-1204,0,0
-1722,-2907,-85,-4245,-359,676,0,0
-2778,-3933,-739,-5939,927,1059,0,0
-1661,-4624,-2188,-6024,2002,498,0,0
725,-4705,-3155,-4658,1531,-804,0,0
1013,-4384,-2751,-4165,285,64,0,0
-2240,-4342,-1960,-4410,442,-88,0,0
-294,-4151,-1150,-3740,780,-1054,0,0
2,-3836,-342,-3626,343,-2109,0,0
-963,-3315,83,-5155,-71,-2582,0,0
-2497,-2913,-431,-10887,2040,-3798,0,0
-268,-1379,-1096,-9727,1408,-5787,0,0
910,149,-337,-10731,-1253,-4734,0,0
-887,2113,370,-6655,-1807,-2211,0,0
-3327,3065,1024,-2821,-975,-333,0,0
-3515,2539,1863,-4037,1290,-1078,0,0
-1609,2306,2247,-4496,2368,-1606,0,0
158,2250,2120,-5780,1538,-2667,0,0
126,2426,2196,-6889,1946,-2322,0,0
610,2722,2422,-7671,3229,-1673,0,0
1555,2925,2679,-7686,2096,-2235,0,0
1074,3029,3103,-6492,1346,-1677,0,0
810,2741,3273,-5023,1655,-970,0,0
2117,2249,2856,-3626,1505,-663,0,0
3891,1801,1981,-2811,667,-791,0,0
3930,1644,974,-2001,165,-1310,0,0
3137,1666,232,-2077,871,-2369,0,0
2987,2099,498,-2353,-370,-1470,0,0
2949,2111,872,-1892,-2016,-501,0,0
1202,1543,798,-842,-2551,680,0,0
-346,542,269,-969,-2383,-681,0,0
-1717,8,-121,-702,-2077,-1623,0,0
-1252,-264,-250,-7,-1530,-2511,0,0
-5,-392,-188,551,-2328,-3791,0,0
-635,-329,-214,0,-1315,-4512,0,0
-608,-302,-462,-172,-264,-5681,0,0
-141,-167,-573,168,-393,-5251,0,0
-30,-193,-413,159,289,-5460,0,0
640,-142,-226,90,-368,-5205,0,0
306,-8,-90,67,-493,-5722,0,0
-380,273,-44,98,-852,-5420,0,0
-650,388,-18,83,-303,-5391,0,0
-121,450,32,25,-743,-4813,0,0
-220,426,82,267,-615,-5064,0,0
-11,436,97,206,-1335,-4747,0,0
-753,485,43,342,-1631,-4455,0,0
-1711,586,159,561,-1710,-3015,0,0
-1668,482,71,620,-109,-1940,0,0
-593,275,-258,690,296,-2144,0,0
-434,4,-471,1074,1379,-2853,0,0
740,-344,-563,770,1716,-4201,0,0
2022,-603,-257,283,766,-6413,0,0
3171,-531,259,-273,-1267,-6270,0,0
2630,-435,505,-452,-3598,-3190,0,0
-210,-893,917,-1070,-2514,-718,0,0
-1148,-1779,1697,-2729,-1317,452,0,0
-1410,-3067,1616,-4243,639,756,0,0
-1205,-4106,378,-5183,813,609,0,0
-1762,-4432,-698,-3797,-48,840,0,0
-2647,-4746,-1461,-3563,205,416,0,0
-3206,-4957,-2372,-4376,707,205,0,0
-3080,-5106,-3264,-5717,1080,63,0,0
-2226,-5076,-3984,-7245,1418,-1090,0,0
-1722,-4270,-4019,-6480,1403,-1129,0,0
-2119,-3704,-3122,-7628,1058,-1487,0,0
-2468,-3150,-1587,-12197,1513,-3863,0,0
-2802,-1589,208,-12307,1204,-4906,0,0
-3102,15,2274,-8015,482,-4334,0,0
-1862,930,3518,-4834,-324,-3691,0,0
36,1454,3727,-3412,43,-2299,0,0
1760,1713,3401,-2756,-89,-1503,0,0
2174,1856,2922,-2534,-12,-1311,0,0
1358,1950,2548,-2778,833,-997,0,0
1791,1831,1984,-4266,2353,-466,0,0
2726,1381,723,-7013,3542,-1352,0,0
3221,1442,-221,-6170,2972,-2934,0,0
3495,1953,316,-6224,1360,-4186,0,0
2799,2760,965,-6674,1125,-3411,0,0
2340,3237,976,-6070,621,-3390,0,0
2043,3380,1027,-5526,501,-2591,0,0
1961,3272,970,-6656,-398,-1411,0,0
1226,2983,757,-2924,27,-1396,0,0
734,2851,278,-2012,-891,-1333,0,0
-292,2684,-106,-1576,54,-1211,0,0
-712,2459,-601,-840,-1667,-775,0,0
-1324,1917,-971,-773,-281,-1725,0,0
-872,1234,-754,232,-792,-2511,0,0
-867,585,532,796,-1450,-2629,0,0
-293,110,1055,896,-2797,-2924,0,0
-50,-221,538,796,-1488,-4157,0,0
949,-419,59,1115,-1782,-5284,0,0
458,-439,59,618,-782,-5259,0,0
-1123,-286,133,737,-1159,-5826,0,0
-2984,8,85,945,1520,-5860,0,0
-1739,151,-119,580,462,-4814,0,0
-858,118,40,646,1013,-4451,0,0
652,58,-207,486,183,-4171,0,0
749,-188,-287,565,-365,-2705,0,0
1289,-916,-437,-3,54,-709,0,0
3765,-2264,-529,-1091,-182,-645,0,0
2665,-3451,606,-3910,-2276,310,0,0
-284,-4402,1478,-7359,-985,2073,0,0
-2304,-5440,1290,-9026,834,629,0,0
-638,-5799,655,-6826,1131,-146,0,0
-159,-6006,-419,-5282,1244,-344,0,0
-233,-6263,-1090,-6795,1213,-396,0,0
-746,-6136,-782,-8062,644,-1899,0,0
-2025,-5178,354,-7432,-224,-3203,0,0
-3639,-3745,1055,-5467,-787,-2991,0,0
-5270,-2320,842,-3592,-921,-1723,0,0
-6683,-1850,-254,-5786,1111,-1715,0,0
-3679,-1447,-1685,-9180,6501,-6020,0,0
3642,361,-2066,-11673,3986,-5603,0,0
4495,2812,-270,-8088,-2671,-2248,0,0
-2352,4248,1941,-5456,-2765,40,0,0
-3126,4164,3089,-5827,66,-51,0,0
-2822,3979,3879,-6447,3494,-676,0,0
336,3868,3355,-8186,2856,-593,0,0
3305,3363,2048,-10301,1833,-576,0,0
5197,3376,1106,-9025,628,-1599,0,0
4363,3752,1357,-7397,158,-1894,0,0
2844,4080,1282,-5385,-392,-1689,0,0
1426,3792,657,-3909,-974,-2121,0,0
70,3246,308,-2890,-377,-961,0,0
22,2731,-26,-2347,-355,-286,0,0
-139,2482,-402,-2504,-40,42,0,0
-225,2270,-584,-2415,-490,489,0,0
-519,1879,-459,-701,-1099,533,0,0
-1493,1135,115,454,-1077,-867,0,0
-862,454,615,333,-584,-2266,0,0
-34,14,389,595,-2064,-2706,0,0
-234,-313,113,967,-123,-3974,0,0
88,-505,36,772,-92,-4749,0,0
632,-540,170,-98,218,-5795,0,0
240,-176,84,109,-1116,-5600,0,0
-640,42,-151,418,455,-5238,0,0
-318,53,-121,367,-153,-6704,0,0
-368,19,-29,283,638,-4868,0,0
73,-19,105,326,-142,-5095,0,0
125,-27,133,-25,-149,-5420,0,0
14,17,51,221,-684,-6032,0,0
76,84,-106,176,-955,-6280,0,0
126,176,-272,7,-1479,-5881,0,0
220,179,-511,-407,-1353,-4120,0,0
81,-2408,-219,-687,-1310,-1651,0,0
-418,-1483,249,-1273,-1180,-284,0,0
-794,-2661,370,-2501,-54,407,0,0
-1259,-3713,18,-3651,252,1003,0,0
-1399,-4628,-1169,-4636,740,995,0,0
-236,-4964,-2593,-4550,1616,-820,0,0
1109,-4376,-2853,-3718,682,-738,0,0
165,-4096,-2333,-3617,184,110,0,0
-781,-4026,-1688,-3678,464,-663,0,0
-1188,-3689,-997,-3888,360,-1383,0,0
-2237,-3213,-478,-4432,47,-1398,0,0
-4134,-2785,-570,-5739,622,-653,0,0
-4391,-2732,-1281,-11894,3509,-1838,0,0
-794,-1952,-1617,-13956,3909,-4144,0,0
2263,-623,-95,-10344,-339,-5303,0,0
609,1244,2271,-3644,-3661,-3373,0,0
-4054,1816,2276,-2043,-2825,-1409,0,0
-5520,1650,1705,-1529,1759,-201,0,0
-1493,1143,1877,-1620,2148,-41,0,0
1241,793,1590,-3289,952,-543,0,0
1525,645,731,-7441,2419,-1714,0,0
2997,1308,-531,-7867,3255,-1853,0,0
3210,1942,-76,-4857,1566,-1766,0,0
2159,2374,2053,-7075,1277,-2070,0,0
840,2780,3183,-8388,1350,-1996,0,0
38,2904,3334,-7299,1161,-1708,0,0
-653,2685,3291,-6168,1611,-1499,0,0
-236,2397,3131,-5204,1343,-879,0,0
242,2109,3204,-4104,448,-397,0,0
-593,1715,3830,-3659,121,-468,0,0
-1687,1331,4673,-3240,377,-369,0,0
-1367,932,4814,-2463,535,-386,0,0
-110,571,4286,-1787,244,-270,0,0
1064,289,3478,-1268,-103,-838,0,0
1772,261,2403,-473,-949,-1062,0,0
1127,133,1003,507,-1557,-1376,0,0
-1021,-2424,-993,1018,-1862,-1422,0,0
-2662,-835,-3538,287,-1097,-2342,0,0
-3205,-1018,-6385,-1300,-849,-877,0,0
-4453,-1688,-8685,-4877,3332,-90,0,0
-2746,-2547,-8609,-7472,8453,-3747,0,0
-1258,-2539,-7042,-9127,2993,-2558,0,0
-277,-2125,-4931,-8125,5197,-766,0,0
1396,-1939,-3412,-6145,6056,-898,0,0
2261,-1743,-2065,-4211,3457,-758,0,0
1960,-1525,-980,-3513,1787,-1122,0,0
1167,-1064,-256,-3341,1717,-1474,0,0
293,-434,218,-3709,1575,-901,0,0
-84,-2352,807,-4353,1758,-378,0,0
501,-153,1409,-5045,989,-583,0,0
946,206,1683,-4585,659,411,0,0
2967,240,883,-4338,-749,614,0,0
2444,94,50,-4302,-1311,805,0,0
-94,-187,94,-4676,776,404,0,0
-803,-220,231,-4470,1572,51,0,0
-454,-202,197,-4163,1942,-85,0,0
-54,-264,334,-4081,1920,-410,0,0
436,-270,606,-3965,2154,-408,0,0
900,-202,900,-3512,2156,-1004,0,0
903,-66,1107,-2958,1635,-1229,0,0
379,177,1265,-2608,1914,-1226,0,0
1232,579,1084,-3513,1458,-894,0,0
4299,816,835,-3980,1926,-312,0,0
5661,495,645,-3068,1109,251,0,0
