-6,0,69,-1245,-3736,-374,0,0
0,-68,-202,-1299,-3960,-410,0,0
28,-138,-455,-1384,-4153,-451,0,0
67,-149,-595,-1423,-4201,-418,0,0
97,-51,-611,-1429,-4273,-424,0,0
86,44,-519,-1395,-4343,-466,0,0
43,-18,-354,-1365,-4372,-455,0,0
10,-183,-158,-1429,-4283,-465,0,0
-19,-273,29,-1460,-4218,-465,0,0
-34,-224,147,-1438,-4167,-408,0,0
-28,-104,170,-1349,-4132,-401,0,0
-19,-75,141,-1283,-4124,-390,0,0
-10,-59,99,-1245,-4175,-398,0,0
6,-49,47,-1233,-4240,-407,0,0
33,-42,19,-1231,-4264,-412,0,0
66,2,-10,-1256,-4230,-484,0,0
72,38,-28,-1304,-4211,-514,0,0
59,51,-43,-1345,-4172,-515,0,0
43,59,-36,-1350,-4174,-525,0,0
27,52,-8,-1367,-4220,-456,0,0
37,84,26,-1315,-4235,-465,0,0
53,190,45,-1267,-4156,-455,0,0
78,291,15,-1235,-4058,-471,0,0
95,336,-53,-1370,-4030,-631,0,0
127,546,-121,-1779,-3996,-2960,0,0
157,1117,-96,-2433,-4151,-1629,0,0
-68,1525,64,-2849,-4278,-1803,0,0
-358,2282,198,-3200,-4431,-2347,0,0
-825,2206,468,-2950,-4295,-2341,0,0
-1210,1622,749,-3105,-4328,-2624,0,0
-1622,1678,1108,-2552,-4298,-2102,0,0
-1914,1770,1437,-2170,-3456,-1961,0,0
-2240,1810,1664,-1758,-2938,-1966,0,0
-2645,1595,1763,-1376,-3237,-1578,0,0
-2860,1255,1732,-1458,-3714,-1462,0,0
-2929,1240,1600,-1185,-3956,-1622,0,0
-2821,911,1347,-1101,-3514,-2059,0,0
-2611,1300,909,-1026,-3084,-2651,0,0
-2425,2014,298,-731,-2775,-3325,0,0
-2433,1254,-22,-579,-2411,-2858,0,0
-2140,88,72,-696,-1308,-2687,0,0
-1627,85,132,-173,-141,-3371,0,0
-1068,-495,176,-393,261,-3381,0,0
-498,-198,213,-450,830,-3538,0,0
3,647,59,-182,1127,-5171,0,0
251,353,-183,-286,1069,-6118,0,0
446,-78,-209,-294,731,-5581,0,0
602,171,-103,-535,73,-5255,0,0
779,407,43,-222,-267,-4990,0,0
1018,-128,32,183,-891,-3642,0,0
1444,-745,-39,-435,-1483,-3555,0,0
1804,-199,-119,116,-2639,-2640,0,0
2290,-1794,-346,-2672,-3964,-531,0,0
3277,690,-943,-617,-5911,-2595,0,0
4299,713,-1309,-942,-8369,-983,0,0
5000,-26,-1876,712,-9390,-3299,0,0
5202,-3303,-2807,-2017,-8514,-291,0,0
5610,-2253,-3265,-1760,-7114,-1645,0,0
5190,-1563,-3119,-1104,-5547,-1275,0,0
4786,-2373,-3224,-1622,-5877,-930,0,0
4392,-3319,-3399,-1835,-6182,-1439,0,0
3455,-3634,-3496,-2352,-5116,-1596,0,0
2490,-3095,-3308,-2804,-3022,-1644,0,0
1812,-2860,-2737,-2764,-1731,-2335,0,0
1044,-2229,-2199,-3138,-1586,-3082,0,0
219,-286,-1909,-3589,-3216,-2817,0,0
-680,1416,-642,-2716,-5992,-1194,0,0
-1339,933,2187,1491,-7247,-106,0,0
-1734,572,4147,1686,-9604,155,0,0
-1856,641,5202,532,-8734,-609,0,0
-2145,-214,5626,856,-9021,-213,0,0
-1828,-968,5754,-126,-7884,1415,0,0
-1280,1286,5596,-529,-7455,381,0,0
-1235,1868,5351,-640,-7870,92,0,0
-1274,2036,4575,-1084,-7949,303,0,0
-1106,2020,3295,-1687,-6210,239,0,0
-724,2052,2169,-1797,-4782,-1072,0,0
-679,2009,1396,-1620,-3868,-1457,0,0
-782,2371,784,-1594,-3639,-1742,0,0
-988,2238,358,-1260,-3366,-1386,0,0
-1058,1841,269,-993,-2709,-1697,0,0
-1120,1566,291,-800,-2232,-1936,0,0
-1229,1062,450,-1051,-1635,-1796,0,0
-1379,1589,511,-809,-1779,-1878,0,0
-1647,1625,387,-726,-1898,-2086,0,0
-1759,1229,263,-691,-1745,-2493,0,0
-1803,761,113,-560,-1491,-2572,0,0
-1723,331,-41,-1199,-1334,-3040,0,0
-1585,130,-38,-687,-1080,-3418,0,0
-1411,-476,49,-855,-936,-3427,0,0
-1150,-210,119,-1047,-308,-4039,0,0
-902,76,149,-974,223,-3930,0,0
-623,357,114,-737,499,-4631,0,0
-452,-382,103,-981,746,-4508,0,0
-242,-507,109,-1255,925,-4669,0,0
-18,226,21,-1185,838,-5297,0,0
130,-96,186,-656,893,-5364,0,0
201,-1042,92,-1295,834,-4870,0,0
336,-96,-147,-1192,512,-5363,0,0
349,-101,-126,-642,193,-4600,0,0
411,-367,-143,-981,53,-4266,0,0
610,87,-44,-642,-460,-3066,0,0
1047,228,171,-221,-1265,-2348,0,0
1644,343,27,-806,-2614,-2323,0,0
2378,315,-46,-797,-4095,-1867,0,0
3302,550,-454,-319,-6010,-1986,0,0
4293,-540,-1455,-1042,-8118,-1996,0,0
5319,-833,-2468,-2243,-9904,-3022,0,0
5404,-1279,-2889,-1490,-9517,-1935,0,0
5333,-2628,-3252,-2709,-7708,-1239,0,0
5162,-1717,-3128,-1169,-5200,-2985,0,0
4370,-1931,-3081,-1369,-4952,-1572,0,0
3956,-2872,-3177,-1852,-5614,-1464,0,0
3212,-2785,-3214,-2323,-4558,-1787,0,0
2468,-2344,-3015,-1990,-2627,-1893,0,0
1914,-2239,-2743,-2069,-1976,-1904,0,0
1496,-1556,-2641,-2181,-2198,-2127,0,0
955,-220,-2301,-1650,-2058,-2908,0,0
137,819,-1609,-2074,-5665,-1651,0,0
-955,1775,348,-2,-7573,-25,0,0
-1959,962,3008,3081,-7470,979,0,0
-2307,-56,4627,1476,-5660,-1298,0,0
-2897,-496,4887,990,-6747,-1742,0,0
-3163,-1424,4865,108,-6787,-226,0,0
-2850,-697,5055,-2984,-8222,-357,0,0
-2514,-126,5031,-914,-9064,-227,0,0
-2009,1062,4242,-2051,-8191,-94,0,0
-1711,3107,3012,-1999,-6823,-1129,0,0
-1705,2908,2267,-1552,-5528,-926,0,0
-1585,2298,1939,-1191,-5004,-831,0,0
-1447,1390,1645,-1093,-4054,-989,0,0
-1186,878,1360,-1350,-3380,-1627,0,0
-977,856,1158,-1311,-2788,-2065,0,0
-921,940,1053,-1132,-2599,-2086,0,0
-952,1009,995,-652,-2061,-1826,0,0
-917,1080,828,-631,-1932,-1866,0,0
-937,897,677,-911,-1842,-2311,0,0
-1060,811,544,-659,-1844,-2320,0,0
-1155,745,390,-606,-1543,-2544,0,0
-1268,464,164,-474,-1607,-3255,0,0
-1356,-394,165,-1089,-1297,-2916,0,0
-1264,265,214,-1089,-920,-3415,0,0
-1262,457,117,-1144,-812,-3704,0,0
-1157,503,44,-1015,-472,-4045,0,0
-1032,441,-3,-1008,-195,-4113,0,0
-884,365,8,-823,143,-4242,0,0
-759,313,44,-554,369,-4092,0,0
-566,133,12,-632,523,-4168,0,0
-389,-85,-34,-837,553,-4084,0,0
-155,220,-51,-831,863,-4583,0,0
31,147,26,-1030,852,-4853,0,0
180,-66,188,-896,863,-5312,0,0
264,-191,191,-759,670,-4940,0,0
511,130,185,-791,503,-5172,0,0
670,229,156,-107,33,-5011,0,0
824,-583,-4,41,-424,-4063,0,0
1164,-836,-164,-460,-1267,-3461,0,0
1583,-767,-207,-408,-2302,-2648,0,0
2154,-708,-550,-1043,-3345,-2844,0,0
2701,-871,-955,-1472,-4390,-2200,0,0
3515,344,-1370,-2151,-5705,-3751,0,0
3947,1346,-1530,-990,-6906,-1160,0,0
4992,-757,-2155,-2332,-8285,-868,0,0
5075,-1417,-2644,-1284,-6601,-2408,0,0
4521,-2779,-2622,-1544,-4306,-113,0,0
4557,-1446,-2333,-644,-4897,-636,0,0
4441,-2186,-2629,-981,-5776,-510,0,0
4030,-3054,-3330,-1636,-5244,-371,0,0
3611,-3031,-3616,-1372,-4343,-1241,0,0
3099,-3573,-3527,-1387,-3490,-2178,0,0
2155,-3363,-3187,-1837,-2980,-2168,0,0
1266,-2306,-2619,-1991,-4632,-1850,0,0
503,-481,-1901,-4045,-6862,-2879,0,0
-654,1273,527,-684,-9033,-1604,0,0
-1641,804,3866,4209,-5406,-686,0,0
-2112,247,4588,2083,-3167,-1018,0,0
-2487,-698,4287,-326,-5279,22,0,0
-2093,-2862,3861,378,-5667,186,0,0
-1430,-3628,3860,453,-7667,342,0,0
-289,-2161,4236,393,-6614,604,0,0
634,1523,3677,-1097,-6360,-2120,0,0
544,3500,3081,-1902,-7231,220,0,0
-2112,4229,2521,-1312,-6410,154,0,0
-480,3456,2054,-1157,-5005,-560,0,0
-621,2507,1702,-1198,-4795,-1725,0,0
-795,1483,1440,-1564,-4851,-2288,0,0
-1015,734,1382,-1552,-4022,-1453,0,0
-963,1169,1294,-1451,-3284,-1917,0,0
-1012,1330,1252,-1568,-2761,-1657,0,0
-1100,1566,1180,-1404,-2362,-1995,0,0
-1390,1605,1172,-905,-2242,-1862,0,0
-1594,1499,1085,-1189,-2344,-2172,0,0
-1808,1239,946,-1184,-2277,-2039,0,0
-1843,1199,788,-1311,-2302,-2599,0,0
-1959,1143,550,-1022,-1918,-2957,0,0
-1930,710,309,-1454,-1532,-2859,0,0
-1790,703,211,-1089,-1396,-2835,0,0
-1522,461,44,-1287,-1155,-3274,0,0
-1173,401,-167,-731,-601,-4143,0,0
-980,-335,-307,-993,-384,-4108,0,0
-867,-82,-174,-1291,53,-4320,0,0
-718,77,70,-948,421,-4190,0,0
-459,-51,180,-1060,714,-3709,0,0
-94,381,180,-746,946,-4494,0,0
127,184,107,-774,915,-4698,0,0
274,16,-20,-1077,757,-5003,0,0
438,-18,-47,-869,305,-5102,0,0
669,-9,-92,-794,-104,-5053,0,0
778,-66,-90,-559,-470,-4381,0,0
1005,-87,-34,-536,-949,-3717,0,0
1425,175,-29,-462,-1834,-3398,0,0
1918,-504,-107,-432,-2568,-2903,0,0
2437,303,-488,-710,-3788,-3221,0,0
2933,-241,-771,-769,-4801,-1674,0,0
3683,120,-3256,-1395,-6382,-3021,0,0
4247,217,-1536,-1294,-7322,-1263,0,0
4601,-1111,-1932,-1391,-7069,-1586,0,0
4385,-2369,-2403,-1532,-5572,-994,0,0
4303,-3029,-2610,-1697,-4395,-814,0,0
4123,-2420,-2626,-1012,-4380,-1253,0,0
3601,-2377,-2823,-1698,-4782,-654,0,0
3194,-2300,-3110,-1817,-4101,-981,0,0
2754,-2440,-3307,-1211,-3427,-1356,0,0
2185,-3163,-3273,-1777,-2904,-1180,0,0
1667,-2780,-2780,-1495,-3111,-1586,0,0
999,-2431,-2144,-2599,-6694,-1488,0,0
252,-206,-431,-2957,-10139,-1594,0,0
-468,873,3018,2757,-6960,-2057,0,0
-1058,-947,4791,3222,-2274,-2443,0,0
-1500,-1427,4564,-1491,-3436,-829,0,0
-1498,-1048,4468,-2552,-5434,-9,0,0
-1167,-241,4106,-1280,-5883,-211,0,0
-784,1337,3290,-1465,-7807,-487,0,0
-622,2769,2509,-2227,-8154,-938,0,0
-847,3299,2419,-2119,-7094,-545,0,0
-1261,3192,2542,-1515,-6656,-123,0,0
-1602,2801,2339,-1547,-6228,-593,0,0
-1798,1869,2028,-1735,-5353,-1002,0,0
-1747,1201,1890,-1396,-4819,-1128,0,0
-1620,570,1906,-953,-3561,-777,0,0
-1354,327,1898,-1133,-2382,-1033,0,0
-1220,833,1935,-981,-1873,-1185,0,0
-1175,1629,1858,-853,-1858,-1495,0,0
-1271,1696,1677,-508,-1769,-1686,0,0
-1204,1144,1435,-521,-1461,-2160,0,0
-1179,906,1067,-512,-1144,-2588,0,0
-1110,899,678,-1315,-927,-2966,0,0
-1009,2003,293,-1282,-940,-3891,0,0
-988,1962,79,-561,-1048,-4174,0,0
-1009,976,-381,-354,-1141,-3840,0,0
-854,472,-607,-487,-952,-4180,0,0
-808,109,-644,-403,-426,-4247,0,0
-751,-140,-556,-563,-101,-4573,0,0
-733,-320,-466,-260,171,-4251,0,0
-635,-393,-496,-316,370,-3931,0,0
-430,-135,-520,-429,771,-4165,0,0
-120,-291,-485,-787,938,-4502,0,0
170,-259,-415,-1134,980,-4987,0,0
436,60,-167,-1244,527,-5470,0,0
592,402,35,-860,313,-5704,0,0
601,360,-70,-691,-4,-6030,0,0
585,-347,-20,-371,-491,-4458,0,0
787,-505,218,-471,-951,-3776,0,0
994,220,234,-433,-1188,-3324,0,0
1414,250,195,-724,-1783,-2789,0,0
1830,596,48,-172,-2832,-2426,0,0
2399,-486,-206,-638,-3242,-1643,0,0
3131,168,-779,-712,-4725,-2728,0,0
3741,-883,-1289,-1231,-6319,-660,0,0
4411,-1583,-1978,-1869,-7040,-2325,0,0
4435,-1164,-2311,-1258,-6371,-1498,0,0
4544,-2160,-2353,-1632,-5414,-421,0,0
4603,-1706,-2225,-1062,-4472,-1379,0,0
4242,-1508,-2273,-1095,-4261,-1200,0,0
3955,-1988,-2530,-1068,-4291,-1234,0,0
3407,-2427,-2867,-1072,-3670,-1921,0,0
2521,-2767,-3128,-1426,-2983,-1905,0,0
1647,-2970,-2938,-1205,-2840,-1737,0,0
784,-2925,-2340,-1849,-6691,57,0,0
348,-1054,-716,-2466,-515,266,0,0
67,921,2285,1679,-5854,-2021,0,0
-576,913,3589,4469,-622,-2404,0,0
-1233,-112,2612,748,-1307,-957,0,0
-1530,-734,1868,950,-4014,-354,0,0
-1437,-932,1504,-92,-6487,-333,0,0
-1268,447,1633,-1365,-8274,-1082,0,0
-1465,1722,2073,-884,-6774,-923,0,0
-1793,2370,2355,-774,-5450,-887,0,0
-2189,1884,2420,-1399,-6143,-589,0,0
-2310,1590,2296,-2021,-6867,-1079,0,0
-2375,1722,2162,-1286,-6268,-1177,0,0
-2265,1220,2123,-1320,-5307,-1322,0,0
-2286,922,2145,-3336,-4526,-921,0,0
-2216,956,2193,-1094,-3686,-936,0,0
-2133,1099,2144,-732,-3062,-1126,0,0
-2043,892,1934,-755,-2668,-1576,0,0
-2007,472,1611,-251,-2251,-1265,0,0
-1727,198,1101,-422,-2087,-1589,0,0
-1479,571,793,-697,-1975,-1949,0,0
-1272,1359,505,-422,-1911,-2646,0,0
-1236,796,335,-346,-1529,-3130,0,0
-1153,-6,245,-774,-1322,-3598,0,0
-1053,223,42,-604,-1130,-4143,0,0
-949,118,-96,-879,-1056,-3997,0,0
-845,364,-97,-1036,-710,-4425,0,0
-725,423,-206,-753,-317,-4471,0,0
-576,-99,-239,-1162,-37,-4127,0,0
-425,441,-201,-974,332,-4219,0,0
-259,547,-80,-715,309,-4486,0,0
-172,368,21,-984,321,-4596,0,0
-89,525,173,-437,336,-4514,0,0
44,310,73,-650,251,-4566,0,0
216,-13,-56,-887,296,-4755,0,0
462,-248,-3,-636,53,-4475,0,0
719,-393,2,-511,-398,-4147,0,0
1052,-552,0,-343,-950,-3192,0,0
1527,-1114,-62,-447,-1668,-2420,0,0
2078,-899,-283,-1193,-2606,-2614,0,0
2573,-72,-410,-931,-3610,-3332,0,0
2966,304,-571,-274,-4910,-2594,0,0
3338,-527,-776,-888,-6347,-2180,0,0
3853,-12,-1257,-1031,-7739,-1663,0,0
4217,114,-1575,-1022,-7337,-2852,0,0
4194,-139,-1539,-588,-6738,-2021,0,0
3898,-1694,-1434,-829,-4885,-1145,0,0
3416,-2256,-1668,-994,-3328,-1084,0,0
3078,-3083,-2306,-1587,-3878,722,0,0
3279,-3052,-2955,-2078,-4286,90,0,0
3296,-2683,-3328,-1379,-3664,-1823,0,0
2683,-3656,-3562,-1384,-3031,-1768,0,0
1678,-4240,-3454,-1780,-2642,-1113,0,0
984,-2796,-2891,-1676,-5176,-1034,0,0
367,-785,-1752,-3049,-8880,-864,0,0
-173,1078,977,972,-8170,-1509,0,0
-657,485,3380,4062,-4830,-1384,0,0
-1090,380,3506,2085,-2141,-937,0,0
-1431,420,2501,1165,-3033,-572,0,0
-1389,-345,1715,-83,-4130,-430,0,0
-1288,-469,1790,-589,-5728,-116,0,0
-1199,-178,2576,405,-7005,693,0,0
-814,684,2927,-446,-5552,-130,0,0
-784,1695,2993,-1450,-5184,-409,0,0
-862,1797,3081,-1135,-5841,-32,0,0
-833,1823,2667,-1111,-6468,-431,0,0
-866,1663,2382,-1805,-5748,-438,0,0
-773,1933,2083,-1875,-5322,-1426,0,0
-947,2154,1758,-1564,-4428,-1559,0,0
-1146,1792,1397,-1408,-3927,-1674,0,0
-1331,1164,1160,-1331,-3294,-1429,0,0
-1388,1059,1206,-1211,-2627,-1552,0,0
-1534,1330,1222,-864,-2338,-1748,0,0
-1742,1443,1100,-1117,-2635,-2028,0,0
-1969,1373,978,-986,-2778,-1881,0,0
-1973,1507,802,-910,-2756,-2810,0,0
-2056,1355,538,-824,-2720,-3509,0,0
-2069,1390,317,-1108,-2184,-3896,0,0
-2176,1787,44,-419,-1964,-3445,0,0
-2140,850,-201,-544,-1593,-3044,0,0
-1749,505,-334,-366,-944,-3600,0,0
-1343,-172,-271,-561,-265,-3919,0,0
-1061,229,-242,-248,563,-4291,0,0
-788,-339,-87,-284,659,-2785,0,0
-273,332,-37,-409,586,-3921,0,0
-22,557,-98,-402,509,-4028,0,0
194,273,24,-2552,818,-4334,0,0
400,365,177,143,865,-4748,0,0
553,-436,124,-140,282,-4393,0,0
764,-623,-97,-603,-222,-4404,0,0
995,-2504,8,-361,-498,-4110,0,0
1242,-322,264,-15,-1175,-3655,0,0
1515,-1202,531,-422,-2027,-3087,0,0
1869,-460,440,-616,-2809,-3886,0,0
1974,-760,210,117,-3846,-2938,0,0
2548,-970,-607,-592,-4708,-4561,0,0
2877,-1265,-1698,-570,-6524,-2582,0,0
3655,-1295,-2902,-2282,-7630,-4000,0,0
3824,1275,-3004,-932,-7508,-3283,0,0
3726,-788,-2457,-894,-5806,-579,0,0
3728,-2618,-2392,-1448,-3944,-331,0,0
3488,-2758,-2528,-2003,-2901,83,0,0
3312,-2398,-2547,-1176,-3334,285,0,0
3158,-3511,-2725,-956,-4009,-626,0,0
2620,-4320,-3392,-1757,-4058,-636,0,0
1857,-3706,-3899,-2340,-3530,-769,0,0
1154,-2873,-3803,-2172,-2600,-1666,0,0
493,-2227,-3053,-2397,-3409,-1760,0,0
55,-617,-1673,-2422,-8631,-1085,0,0
45,811,884,-260,-11573,-1378,0,0
-65,1330,3804,4215,-4162,-3016,0,0
-770,789,3707,3272,-1955,-1295,0,0
-1131,-548,2266,1248,-4089,739,0,0
-781,92,1491,1194,-4104,266,0,0
-502,1671,1389,1281,-3701,-773,0,0
-595,2013,1441,208,-4747,-63,0,0
-684,1744,1510,-692,-4388,193,0,0
-731,1387,1727,-928,-3678,-10,0,0
-619,1439,1904,-1057,-4910,-95,0,0
-429,1653,1761,-1844,-7240,-1029,0,0
-637,1724,1528,-2457,-7454,-1567,0,0
-1254,1806,1607,-1198,-5978,-1676,0,0
-1760,974,1964,-1397,-6247,-1692,0,0
-2088,533,2528,-1282,-6264,-1421,0,0
-2097,765,2824,-1183,-5412,-1492,0,0
-2031,1021,2708,-955,-4148,-1180,0,0
-1912,1062,2461,-780,-3142,-1178,0,0
-1856,1059,2164,-645,-2268,-1159,0,0
-1774,1292,1811,-457,-2135,-1313,0,0
-1736,1398,1294,-330,-1928,-1360,0,0
-1607,1925,828,-765,-2091,-2350,0,0
-1724,2070,550,-538,-2171,-2048,0,0
-1590,2298,366,-778,-1967,-3410,0,0
-1628,2023,124,-77,-1664,-3533,0,0
-1573,720,-202,-647,-1381,-3167,0,0
-1336,244,-341,-580,-902,-3894,0,0
-1102,-987,-346,-710,-204,-3724,0,0
-790,-747,-308,-1249,260,-4017,0,0
-501,505,-282,-869,367,-4863,0,0
-428,152,-50,-524,176,-4474,0,0
-283,-538,197,-632,437,-4804,0,0
-63,-252,44,-614,604,-4738,0,0
182,-104,32,-819,554,-4781,0,0
400,-55,29,-783,93,-4796,0,0
547,-117,-16,-592,-122,-4326,0,0
818,-263,-22,-526,-414,-3287,0,0
1216,548,1,-338,-958,-3336,0,0
1489,513,24,341,-1651,-2613,0,0
1899,-1000,-108,-224,-3082,-2086,0,0
2536,-1531,-532,-577,-4607,-2038,0,0
3136,-1350,-1179,-1417,-5910,-2203,0,0
3909,-822,-1887,-1604,-7728,-3353,0,0
4298,-1017,-2453,-1788,-9462,-1524,0,0
5079,-499,-2947,-2843,-9630,-1731,0,0
5132,121,-2656,-1054,-7536,-2279,0,0
4660,-1573,-2084,-715,-4738,-1615,0,0
4073,-2556,-1829,-619,-3666,-1654,0,0
3344,-3375,-2200,-783,-3997,-1311,0,0
2699,-4476,-3023,-2156,-4246,-942,0,0
2019,-3727,-3619,-2719,-3487,-1447,0,0
1344,-2891,-3700,-2358,-2571,-1793,0,0
719,-2256,-3264,-2249,-2109,-1754,0,0
160,-1354,-2440,-2313,-4454,-1266,0,0
-334,-101,-795,-2271,-8294,335,0,0
-608,1750,2214,2361,-9028,784,0,0
-597,1580,4314,4828,-2439,-870,0,0
-1048,340,3191,2810,-1930,455,0,0
-1165,-904,1735,3085,-4254,1517,0,0
-602,-311,923,2894,-4784,52,0,0
-475,196,999,2065,-4956,-216,0,0
-492,190,1406,699,-3940,-171,0,0
-571,396,1475,60,-3262,-524,0,0
-761,481,1299,-1059,-3687,-190,0,0
-781,1147,1258,-1536,-4953,-110,0,0
-832,1828,1291,-1353,-6758,-811,0,0
-1077,1480,1439,-1600,-6771,-1096,0,0
-1355,1291,1858,-1509,-6632,-1292,0,0
-1713,1037,2464,-1294,-6344,-1178,0,0
-2009,879,2984,-1355,-6310,-959,0,0
-2192,1148,3257,-1193,-5985,-955,0,0
-2340,1204,3213,-916,-5144,-756,0,0
-2323,832,3083,-842,-4026,-563,0,0
-2151,900,2818,-2840,-3414,-792,0,0
-2036,1061,2508,-697,-2952,-875,0,0
-1841,1427,2032,-560,-2542,-1070,0,0
-1532,1722,1419,-345,-1695,-1267,0,0
-1218,2507,616,-386,-1764,-2734,0,0
-1321,2290,133,-351,-1374,-3158,0,0
-1402,3047,-207,-284,-1278,-4266,0,0
-1613,2312,-394,531,-1403,-3520,0,0
-1341,539,-734,162,-1334,-3488,0,0
-952,-602,-966,-560,-1030,-3776,0,0
-668,-727,-744,-718,-237,-4131,0,0
-625,-412,-468,-507,431,-4060,0,0
-545,-1008,45,-2936,674,-4400,0,0
-248,-279,168,-1075,162,-4833,0,0
57,64,-106,-1141,574,-5186,0,0
377,53,-277,-667,702,-5448,0,0
582,-2056,-465,-990,251,-5397,0,0
700,-215,-300,-1085,-344,-5384,0,0
710,-491,76,-578,-625,-4312,0,0
799,-1429,397,-493,-1138,-2783,0,0
1158,-910,507,-785,-1748,-3244,0,0
1433,-315,425,-402,-2574,-2850,0,0
1831,-479,95,-815,-3556,-2608,0,0
2442,-74,-724,-22,-4835,-2130,0,0
3274,-1322,-1883,-1578,-5295,-2552,0,0
4300,-283,-2832,-1474,-7497,-2145,0,0
4831,-572,-3435,-979,-8661,-2044,0,0
4706,-1518,-3899,-1628,-7880,-2082,0,0
4222,-2171,-3643,-1909,-4810,-1261,0,0
3589,-1452,-3168,-1330,-3408,-301,0,0
3246,-1362,-2959,-1627,-3893,-368,0,0
2975,-2207,-2778,-1813,-3691,-1225,0,0
2497,-2873,-2724,-1696,-3038,-1623,0,0
1862,-3007,-2728,-1961,-2462,-1145,0,0
1310,-2605,-2437,-1404,-2485,-1364,0,0
599,-2481,-1927,-2141,-5838,-600,0,0
209,-228,-656,-1771,-9415,-231,0,0
225,943,1925,2186,-7959,-1844,0,0
-148,1004,3448,4381,-3087,-2350,0,0
-834,-104,2934,2508,-3936,257,0,0
-843,-634,1962,2206,-3834,230,0,0
-771,1022,1201,1882,-3927,-519,0,0
-825,889,1271,1693,-4061,556,0,0
-570,739,1383,-18,-3850,-407,0,0
-712,924,1469,-947,-5053,-526,0,0
-806,884,1515,-1201,-5183,-318,0,0
-825,1412,1488,-1666,-5169,-1067,0,0
-1128,1608,1636,-1699,-6107,-1173,0,0
-1474,1795,1902,-1558,-6564,-942,0,0
-1734,1511,2192,-1101,-6306,-1125,0,0
-1838,1086,2415,-1084,-5693,-1483,0,0
-1894,904,2508,-1318,-4974,-1221,0,0
-1896,1372,2402,-1119,-4483,-1306,0,0
-1911,1389,2154,-1015,-3640,-1280,0,0
-1907,1133,1892,-881,-3120,-1180,0,0
-1953,925,1717,-760,-2836,-840,0,0
-1831,1028,1516,-665,-2583,-1092,0,0
-1669,884,1257,-819,-2689,-1385,0,0
-1489,926,1022,-786,-2206,-1887,0,0
-1221,1704,693,-342,-1793,-2627,0,0
-1091,1751,207,-358,-1546,-2908,0,0
-1041,1077,-24,-515,-1419,-3477,0,0
-913,697,-217,-190,-1548,-3806,0,0
-822,698,-449,-530,-1515,-4072,0,0
-808,561,-368,-447,-987,-3745,0,0
-750,404,-353,-239,-715,-4201,0,0
-650,-254,-231,-767,-602,-4475,0,0
-420,-101,-40,-430,-329,-4754,0,0
-155,-585,-107,-886,-406,-4716,0,0
90,-163,-164,-1318,-400,-5064,0,0
297,528,-90,-513,-198,-5855,0,0
395,215,10,-460,-277,-5568,0,0
452,-33,118,-494,-692,-4878,0,0
580,-189,170,-139,-976,-3787,0,0
920,-729,267,-407,-1585,-2565,0,0
1412,-737,276,75,-2567,-1968,0,0
1884,-1707,147,-593,-3906,-1657,0,0
2440,-1520,-94,-841,-5613,-2136,0,0
2930,-778,-638,-520,-6543,-826,0,0
4056,360,-1710,-1795,-8107,-3940,0,0
4443,2434,-2017,-132,-8620,-3119,0,0
5085,-671,-2391,-1284,-9596,-2125,0,0
4858,-1733,-2606,-1731,-6724,-2245,0,0
4330,-2172,-2173,-981,-3518,-1514,0,0
3661,-3470,-1976,-660,-2668,-988,0,0
2853,-4057,-2210,-1546,-3379,-669,0,0
2349,-3620,-2641,-1892,-3721,-1151,0,0
1782,-3135,-3047,-2585,-2963,-953,0,0
1304,-1970,-3082,-1804,-2027,-1599,0,0
898,-2254,-2769,-1355,-1554,-1428,0,0
388,-616,-2062,-1340,-4879,-651,0,0
63,836,-606,51,-8564,52,0,0
-320,1089,1631,2712,-6862,-167,0,0
-553,1266,2828,4410,-3211,-768,0,0
-929,-154,2047,1248,-2143,-103,0,0
-1038,-348,1592,1050,-2937,115,0,0
-1176,770,1805,1294,-4418,250,0,0
-1206,-211,2155,1506,-5824,136,0,0
-1106,-684,2434,-52,-6321,-465,0,0
-1164,750,2782,-560,-4928,-720,0,0
-1306,1376,2922,-596,-4770,-588,0,0
-1333,1531,2765,-1235,-5745,-511,0,0
-1288,2287,2340,-2006,-7075,-1110,0,0
-1428,2799,1830,-1900,-6792,-1887,0,0
-1836,2377,1689,-1263,-5762,-1499,0,0
-2167,1396,1732,-897,-5214,-1105,0,0
-2278,597,1767,-1187,-4657,-1023,0,0
-2180,335,1945,-946,-3878,-724,0,0
-1916,470,1907,-2192,-2825,-658,0,0
-1586,382,1515,-688,-2247,-1204,0,0
-1430,1130,1110,-884,-2184,-1704,0,0
-1373,1882,769,-587,-2134,-1969,0,0
-1238,1966,333,-849,-2197,-2146,0,0
-1093,2708,-33,-800,-2174,-3236,0,0
-1272,2985,-341,775,-2252,-3486,0,0
-1599,737,-488,487,-2077,-3214,0,0
-1742,-30,-534,-188,-1949,-4074,0,0
-1747,-614,-474,77,-1370,-3957,0,0
-1512,-670,-553,-146,-861,-3784,0,0
-1202,-662,-499,17,-538,-3830,0,0
-840,-613,-416,-220,-154,-3886,0,0
-418,-278,-392,-781,278,-4531,0,0
-134,-394,-340,-740,27,-4398,0,0
48,-841,-163,-1203,67,-4354,0,0
318,300,-44,-781,173,-4866,0,0
527,-35,103,-1016,-135,-4645,0,0
738,104,160,-943,-597,-4369,0,0
969,342,252,-138,-861,-3938,0,0
1262,-517,423,86,-1433,-2624,0,0
1714,-1118,392,-777,-2466,-2637,0,0
2116,-430,185,-397,-3557,-2710,0,0
2420,-1165,30,-722,-4075,-2613,0,0
2729,-701,-526,-833,-5443,-3047,0,0
2945,-1176,-1196,-1337,-6182,-2812,0,0
3528,-190,-1916,-1680,-7715,-2991,0,0
3759,-109,-2091,-678,-8206,-1813,0,0
3990,-1177,-2423,-1973,-7906,-1683,0,0
3871,-519,-2406,-1068,-5915,-2326,0,0
3426,-1652,-2160,-388,-3471,-1046,0,0
3129,-2738,-2242,-1024,-2935,-1185,0,0
2581,-2912,-2436,-1026,-2661,-1247,0,0
2062,-3626,-2723,-1085,-2508,-1087,0,0
1388,-4126,-3094,-1727,-2456,-1041,0,0
614,-3251,-3186,-2328,-2408,-1055,0,0
16,-1786,-2750,-1790,-3238,-1143,0,0
-398,-1694,-1925,-1383,-5609,-66,0,0
-286,-474,-264,-1314,-9437,-938,0,0
-33,752,2395,2454,-8380,-1197,0,0
109,1089,3695,4331,-2181,-1837,0,0
-546,669,2626,2719,-2300,-1096,0,0
-1029,-624,1237,2505,-3956,158,0,0
-714,-4,775,1615,-4832,-228,0,0
-458,322,1117,1414,-4825,-317,0,0
-296,450,1276,-47,-3841,-823,0,0
-415,709,1291,-946,-3675,-678,0,0
-485,978,1434,-1249,-4758,-341,0,0
-573,1596,1588,-1663,-6179,-1079,0,0
-897,2064,1874,-1537,-7225,-1464,0,0
-1304,2126,2448,-1038,-6521,-1717,0,0
-1680,1675,2994,-694,-6247,-1574,0,0
-1957,1028,3225,-974,-5992,-1182,0,0
-2051,1113,3129,-914,-5386,-1173,0,0
-1984,1155,2892,-928,-4469,-1218,0,0
-1926,1126,2564,-764,-3344,-1064,0,0
-1898,973,2172,-493,-2800,-886,0,0
-1842,675,1716,-268,-2068,-781,0,0
-1593,956,1214,-781,-2095,-1332,0,0
-1459,1468,872,-539,-2010,-1440,0,0
-1221,2153,512,-732,-1850,-2642,0,0
-1359,2175,248,-543,-1922,-3126,0,0
-1414,1252,74,-410,-1645,-3048,0,0
-1461,996,-226,-546,-1724,-3387,0,0
-1389,117,-332,-1058,-1498,-3467,0,0
-1035,-9,-416,-76,-826,-4140,0,0
-672,-415,-553,-200,-747,-4291,0,0
-357,-560,-580,-181,-638,-3892,0,0
-56,-643,-577,-592,-465,-4244,0,0
221,-783,-552,-1835,-15,-5730,0,0
301,-248,-590,-1657,-61,-6500,0,0
210,-231,-511,-2309,-464,-6435,0,0
69,-139,-384,-2143,-743,-5608,0,0
189,-607,-66,-1553,-897,-3917,0,0
631,-756,340,-706,-1255,-3060,0,0
1084,-83,236,2,-1377,-2987,0,0
1407,370,-367,280,-1920,-2579,0,0
1723,-720,-898,313,-3137,-1710,0,0
2201,-962,-1357,-40,-4870,-1846,0,0
2807,-85,-1736,-507,-6259,-1721,0,0
3356,-226,-2140,-996,-8207,-106,0,0
4379,1130,-2759,-1422,-8730,-2835,0,0
4465,1914,-2680,-361,-7360,-2015,0,0
4351,-955,-2398,-849,-6584,-143,0,0
4287,-1936,-2456,-714,-5171,-1156,0,0
4008,-1902,-2684,-948,-4147,-1366,0,0
3562,-2286,-3024,-1162,-3850,-970,0,0
3010,-2827,-3320,-1408,-3723,-1156,0,0
2365,-3038,-3446,-1309,-3547,-1592,0,0
1572,-3891,-3319,-1969,-3472,-1269,0,0
739,-3256,-2510,-2663,-5466,-781,0,0
237,-1014,-540,-2224,-803,-254,0,0
261,1914,2578,1699,-4581,-3115,0,0
-382,1484,3972,2633,-2389,-2490,0,0
-1098,-749,3530,-359,-3812,-312,0,0
-1298,-603,2969,233,-5130,-328,0,0
-1303,82,2658,913,-5783,-175,0,0
-1157,1062,2695,805,-7344,70,0,0
-1078,1300,3164,763,-7056,563,0,0
-845,1858,3389,-393,-5590,-250,0,0
-791,2516,2963,-1084,-5395,-919,0,0
-1021,2350,2184,-1896,-6083,-868,0,0
-1404,2308,1781,-1620,-5904,-1171,0,0
-1574,1681,1827,-1414,-5364,-1438,0,0
-1590,1213,1934,-1517,-4617,-3536,0,0
-1602,1057,2002,-1355,-4078,-1136,0,0
-1584,1077,2029,-1182,-3617,-1384,0,0
-1661,865,2040,-800,-3076,-1084,0,0
-1564,754,1922,-1068,-2572,-1480,0,0
-1542,855,1803,-993,-2561,-1445,0,0
-1444,914,1641,-761,-2327,-1509,0,0
-1338,753,1402,-838,-2137,-1667,0,0
-1135,481,1247,-950,-1804,-1877,0,0
-899,1054,1011,-596,-1344,-2583,0,0
-651,1761,585,-1049,-840,-3503,0,0
-766,2828,-48,-113,-1027,-4806,0,0
-1041,1308,-557,-468,-984,-4291,0,0
-917,779,-851,-850,-1138,-4181,0,0
-762,514,-845,-379,-824,-3837,0,0
-660,314,-715,-811,-896,-3867,0,0
-541,191,-516,-447,-454,-4128,0,0
-324,-211,-395,-484,490,-4789,0,0
-267,-504,-151,-169,357,-4556,0,0
-129,-364,-116,-728,-9,-5019,0,0
-12,57,-47,-601,-12,-5006,0,0
276,-65,42,-478,221,-5115,0,0
548,316,-41,-300,30,-5604,0,0
653,-337,-16,-137,-504,-4475,0,0
884,-696,87,43,-1003,-3787,0,0
1209,-440,25,24,-1868,-3625,0,0
1480,-827,-20,312,-2792,-2991,0,0
1933,-168,-518,365,-3968,-3735,0,0
2196,-1001,-1093,134,-5436,-2355,0,0
2717,-1743,-1686,-1574,-6795,-2756,0,0
3232,-454,-2396,-1061,-8108,-1898,0,0
3873,-1904,-3194,-2420,-8415,-159,0,0
4761,-812,-3650,-2427,-7543,-1504,0,0
4991,49,-3394,-1458,-4933,-1335,0,0
4558,-1193,-3113,-934,-3810,-589,0,0
3998,-2314,-3183,-1573,-4571,-402,0,0
3616,-2096,-3163,-1766,-4768,-1451,0,0
3029,-2368,-3053,-1603,-4422,-1907,0,0
2161,-3248,-3038,-1807,-3489,-1476,0,0
1500,-2878,-2875,-1829,-2387,-1725,0,0
881,-2679,-2446,-2224,-1968,-2797,0,0
9,-1533,-1790,-2927,-4746,-2095,0,0
-537,493,-37,-1977,-9210,-1179,0,0
-905,1503,3501,4528,-8491,-150,0,0
-978,1102,5077,5073,-3679,-1019,0,0
-1227,122,3618,1518,-3577,-454,0,0
-1308,-469,2073,1215,-4582,417,0,0
-1118,509,2069,1381,-4730,-16,0,0
-1084,565,2525,266,-5969,-51,0,0
-1070,1427,2763,-1130,-7000,-563,0,0
-1362,2641,2826,-1192,-7854,-1074,0,0
-1752,2216,2964,-737,-7091,-785,0,0
-1868,1738,3078,-1109,-6169,-1274,0,0
-2035,1607,2988,-1005,-5955,-1015,0,0
-2053,1178,2681,-1367,-5334,-941,0,0
-1974,980,2424,-1037,-4840,-1015,0,0
-1741,602,2184,-849,-3958,-805,0,0
-1321,767,1875,-1155,-3201,-1418,0,0
-1112,1073,1525,-473,-2574,-1167,0,0
-874,863,1045,-548,-1995,-1631,0,0
-812,901,720,-904,-2023,-1845,0,0
-867,1059,558,-402,-1717,-2037,0,0
-897,1186,246,-492,-1809,-2365,0,0
-1065,1001,91,-786,-1586,-2500,0,0
-1177,1144,47,-692,-1473,-2710,0,0
-1215,1371,-138,-708,-1592,-3277,0,0
-1272,818,-172,-452,-1847,-3629,0,0
-1243,-439,-90,-970,-1611,-3530,0,0
-1008,-278,10,-1254,-1150,-3894,0,0
-853,-87,67,-197,-869,-4106,0,0
-728,-844,-76,-1023,-533,-4030,0,0
-558,-351,-87,-1501,-552,-3925,0,0
-260,203,126,-1140,-159,-3992,0,0
50,171,183,-1009,71,-4983,0,0
234,285,119,-1332,62,-5929,0,0
175,504,49,-978,-131,-6395,0,0
117,-550,-4,-933,-184,-5490,0,0
317,-957,-68,-1032,-478,-5330,0,0
521,-816,-1,-150,-1017,-4000,0,0
860,-1110,50,-373,-1649,-2848,0,0
1285,-66,-116,-603,-2485,-3332,0,0
1561,-75,-326,156,-3273,-2864,0,0
1922,-1292,-977,-640,-4243,-1802,0,0
2483,-402,-1959,-1138,-6416,-1441,0,0
3408,-612,-2694,-2548,-7897,-942,0,0
4671,1314,-3017,-2121,-8877,-2765,0,0
5134,1165,-2915,-1018,-8993,-1171,0,0
5067,-848,-3086,-1631,-7103,-1218,0,0
4806,-1417,-3020,-3424,-4361,-1292,0,0
4619,-1942,-2770,-662,-4041,-1154,0,0
4050,-3133,-2811,-899,-4709,-928,0,0
3293,-4021,-3183,-1946,-4578,-1162,0,0
2319,-3810,-3478,-2504,-3894,-1626,0,0
1381,-3332,-3385,-2574,-2606,-1671,0,0
761,-2838,-2754,-2514,-1440,-2289,0,0
77,-1970,-1646,-2159,-2931,-2389,0,0
-585,-150,25,-1302,-8980,-286,0,0
-437,794,3086,3964,-8321,56,0,0
-193,1215,4705,4109,-3206,-1783,0,0
-941,619,3975,2306,-3839,-445,0,0
-1025,-1306,2943,2840,-3614,618,0,0
-614,-141,2259,961,-4428,-245,0,0
-631,698,2613,1165,-6486,280,0,0
-411,1476,2934,1105,-7243,431,0,0
-323,2472,2631,-955,-5764,-1172,0,0
-723,2720,2311,-933,-5161,-1278,0,0
-1014,2649,2226,-851,-5248,-851,0,0
-1203,3230,2015,-1532,-6036,-1485,0,0
-1616,3746,1710,-1615,-6596,-1709,0,0
-2084,2875,1490,-888,-5857,-1816,0,0
-2318,1371,1415,-575,-5366,-1947,0,0
-2380,-140,1415,-1084,-4637,-1513,0,0
-2223,-150,1475,-1317,-4221,-1653,0,0
-2022,317,1497,-1180,-3627,-1434,0,0
-1783,798,1323,-908,-3042,-1696,0,0
-1662,885,1137,-843,-2415,-1689,0,0
-1528,1044,957,-459,-1755,-2281,0,0
-1664,909,674,-512,-1576,-2284,0,0
-1805,883,457,-881,-1572,-1954,0,0
-1909,880,346,-586,-1629,-1876,0,0
-1849,553,323,-691,-1402,-2017,0,0
-1574,392,305,-222,-855,-2142,0,0
-3240,326,18,-621,-431,-2211,0,0
-779,812,-206,-497,-287,-2850,0,0
-491,-37,-348,295,-533,-2514,0,0
-77,-512,-628,-755,-540,-3687,0,0
304,-240,-489,-417,-392,-4314,0,0
569,249,-189,-427,-77,-5415,0,0
468,509,131,-724,-13,-6368,0,0
301,487,278,-842,-174,-6485,0,0
156,171,184,-526,-306,-6626,0,0
180,-446,-33,-423,-434,-6189,0,0
271,-318,-177,-615,-591,-6407,0,0
278,-652,-139,-456,-824,-5560,0,0
421,-1622,15,-382,-1319,-3700,0,0
807,-1209,28,-485,-1858,-2934,0,0
1283,-902,-198,74,-2684,-1357,0,0
1926,-414,-578,-866,-4036,-2163,0,0
2419,54,-840,-438,-5881,-1333,0,0
3290,-379,-1348,-1609,-7187,-672,0,0
4181,1364,-1887,-260,-7619,-2651,0,0
4349,-1601,-2520,-979,-7070,-532,0,0
4783,-2147,-3040,-1349,-6323,-1109,0,0
4787,-1579,-3026,-503,-5051,-1906,0,0
4155,-2997,-3259,-865,-4932,-868,0,0
3375,-3690,-3840,-1213,-5384,-699,0,0
2506,-3681,-4465,-1678,-5317,-1264,0,0
1546,-3478,-4744,-2477,-4458,-1100,0,0
813,-2870,-4333,-2438,-3108,-1411,0,0
151,-3363,-3231,-2151,-2428,-1339,0,0
-467,-2587,-1936,-1667,-5487,432,0,0
-201,-446,-343,-1566,-7429,484,0,0
659,1523,2207,3014,-6321,-1481,0,0
818,2052,3438,4735,-3116,-2608,0,0
-116,223,2960,4777,-3468,-560,0,0
-347,17,1830,4389,-3237,-351,0,0
-214,1034,1133,3906,-2989,-1083,0,0
-340,328,876,2716,-3709,-450,0,0
-371,-159,746,1330,-3913,-444,0,0
-434,-220,1030,207,-4087,-695,0,0
-443,159,1527,-780,-3617,-518,0,0
-383,1162,1763,-1096,-3592,-771,0,0
-414,1767,1699,-1393,-4741,-770,0,0
-610,2140,1628,-1677,-6370,-1212,0,0
-1014,1853,1825,-1718,-6953,-1352,0,0
-1424,2148,2354,-1421,-6662,-1318,0,0
-1900,2212,2859,-914,-6540,-1070,0,0
-2257,1703,3129,-1020,-6226,-783,0,0
-2462,1561,3183,-854,-5586,-1006,0,0
-2571,1063,3083,-384,-4542,-560,0,0
-2433,704,2745,-449,-3404,-485,0,0
-2199,1063,2204,-720,-3245,-1456,0,0
-2206,1088,1707,-471,-3111,-1286,0,0
-2048,1276,1261,-700,-3037,-1940,0,0
-1965,1716,921,-618,-2991,-2471,0,0
-1848,2014,342,-782,-2684,-3350,0,0
-1892,2424,-175,-184,-2713,-4258,0,0
-2039,132,-409,-103,-2364,-2748,0,0
-1730,-751,-428,-822,-1311,-3073,0,0
-1207,-159,-213,-573,-337,-3785,0,0
-810,67,105,-674,-220,-3748,0,0
-522,147,453,-1047,227,-3567,0,0
-86,626,462,-85,639,-4703,0,0
300,168,78,-634,721,-5316,0,0
565,311,-30,-476,298,-5097,0,0
753,269,143,89,-540,-5412,0,0
866,-278,131,224,-892,-4542,0,0
1113,-1036,66,207,-1460,-3237,0,0
1532,-1161,49,-477,-2524,-3151,0,0
1787,-644,132,-137,-3416,-2805,0,0
2131,-763,22,-786,-4312,-2673,0,0
2561,621,-656,-294,-5540,-2964,0,0
3227,-1347,-1494,-1427,-7253,-734,0,0
4275,-409,-2608,-2432,-8550,-3572,0,0
4615,40,-2825,-547,-8199,-1785,0,0
4665,-3190,-3061,-965,-7224,-452,0,0
4453,-3584,-3422,-1909,-5276,-856,0,0
4051,-2092,-3487,-1554,-3766,-1503,0,0
3401,-1756,-3341,-1243,-3754,-1017,0,0
2783,-2228,-3185,-1161,-4004,-1123,0,0
2073,-2886,-3249,-1391,-3705,-1360,0,0
1281,-3482,-3313,-1897,-2840,-1134,0,0
611,-3522,-3060,-1978,-1975,-1514,0,0
-90,-2855,-2481,-1802,-3597,-639,0,0
-330,-556,-1100,-1536,-8708,595,0,0
226,1524,1536,2550,-7446,-839,0,0
452,1622,3383,4340,-3277,-3172,0,0
-436,275,3244,2528,-2863,-1196,0,0
-924,-1418,2417,2818,-3486,21,0,0
-707,44,1906,1430,-3934,-828,0,0
-703,1094,2064,1011,-4425,-978,0,0
-863,539,2331,690,-5998,-349,0,0
-864,34,2614,-276,-6024,-26,0,0
-690,507,2733,-605,-4688,-541,0,0
-566,1224,2545,-780,-4670,-776,0,0
-614,1900,2259,-1309,-5556,-856,0,0
-859,2163,2007,-1318,-6107,-893,0,0
-992,1920,1900,-1480,-5848,-932,0,0
-1024,2181,1935,-1233,-5369,-1529,0,0
-1226,1652,2021,-1279,-4903,-1368,0,0
-1363,1492,2096,-1094,-4494,-1488,0,0
-1508,1163,2029,-1226,-3965,-1273,0,0
-1548,942,1957,-1117,-3569,-1533,0,0
-1569,909,1801,-878,-3021,-1402,0,0
-1532,923,1556,-1167,-2718,-1539,0,0
-1548,1273,1377,-929,-2699,-1408,0,0
-1474,1418,1224,-822,-2596,-1332,0,0
-1265,1707,1144,-899,-2368,-2294,0,0
-1228,2193,966,-54,-1977,-3380,0,0
-1422,1390,555,-662,-2051,-3699,0,0
-1607,1460,94,-317,-2065,-4399,0,0
-1661,962,-327,-228,-1712,-4267,0,0
-1588,31,-439,-2384,-1093,-3750,0,0
-1302,81,-333,-404,-610,-3698,0,0
-898,669,-347,128,40,-3994,0,0
-597,193,-526,-89,369,-4526,0,0
-344,20,-491,208,449,-4661,0,0
22,-232,-430,32,489,-4735,0,0
305,-730,-298,-304,258,-4673,0,0
610,-720,73,-556,-251,-4370,0,0
893,715,138,-133,-471,-4546,0,0
1028,-174,208,585,-1069,-2727,0,0
1456,-1198,169,-661,-1893,-3034,0,0
1803,259,54,-87,-2509,-3456,0,0
1987,-804,283,-242,-3495,-2611,0,0
2328,-544,114,-294,-4835,-2904,0,0
2521,-494,-414,-765,-5641,-3625,0,0
2868,-1280,-1369,-934,-6690,-3543,0,0
3130,-3552,-2333,-2311,-7631,-800,0,0
3689,-1534,-3081,-2831,-7600,-2283,0,0
3737,-821,-3090,-1416,-6461,-812,0,0
3942,-1895,-3044,-1732,-4917,-285,0,0
3980,-1526,-3126,-1013,-3594,-1634,0,0
3443,-2447,-3218,-889,-3345,-793,0,0
2995,-3214,-3451,-1177,-3776,-705,0,0
2361,-2893,-3813,-1839,-3692,-1446,0,0
1581,-2992,-3829,-3856,-2941,-1246,0,0
974,-2378,-3325,-2162,-2241,-1691,0,0
309,-1444,-2280,-1629,-4126,-1299,0,0
-99,-1066,-685,-1407,-7517,-196,0,0
-117,146,1563,981,-9753,-331,0,0
-55,1260,3481,3780,-5211,-1844,0,0
-536,1142,3440,3957,-2734,-1415,0,0
-1046,91,2275,3272,-3671,-20,0,0
-1007,942,1719,3194,-3757,-201,0,0
-966,968,1593,2494,-4418,-558,0,0
-1143,-241,1832,619,-4820,284,0,0
-964,46,2164,65,-3824,-233,0,0
-855,657,1980,-758,-3918,-384,0,0
-814,997,1709,-1480,-4735,-273,0,0
-769,1475,1530,-2168,-6299,-862,0,0
-930,1800,1616,-1991,-6589,-1249,0,0
-1111,1765,2200,-1680,-6061,-2015,0,0
-1506,1399,2596,-1506,-6099,-1776,0,0
-1834,1227,2760,-1596,-5892,-1793,0,0
-2053,1360,2751,-1070,-5534,-1601,0,0
-2055,1068,2626,-966,-4675,-3440,0,0
-1999,885,2332,-779,-3932,-1296,0,0
-1888,448,1971,-592,-2974,-1223,0,0
-1642,478,1528,-710,-2416,-980,0,0
-1404,1256,1101,-809,-2162,-1420,0,0
-1289,1873,737,-485,-2026,-1919,0,0
-1290,1698,315,-245,-1759,-2311,0,0
-1290,890,8,-1397,-1741,-2878,0,0
-1414,908,7,-393,-1464,-2948,0,0
-1314,652,-176,-715,-1212,-3369,0,0
-1168,832,-334,-963,-1241,-3521,0,0
-1064,272,-370,-493,-951,-3704,0,0
-937,-445,-367,-1111,-555,-3897,0,0
-782,-26,-244,-613,-280,-3495,0,0
-572,-31,-235,-697,-97,-3708,0,0
-330,-712,-122,-1078,-114,-3495,0,0
26,-492,107,-1137,429,-4406,0,0
162,331,47,-1385,289,-5608,0,0
98,175,122,-1748,179,-6053,0,0
26,334,167,-1423,304,-6196,0,0
36,22,99,-1375,242,-5627,0,0
203,-384,113,-903,58,-4762,0,0
421,-469,-3,-734,-197,-4403,0,0
700,-134,-56,-597,-534,-3948,0,0
998,-278,-18,489,-1118,-2891,0,0
1408,-1234,-216,212,-1898,-1851,0,0
1998,-858,-522,-806,-3256,-2133,0,0
2500,-320,-532,-547,-5037,-1225,0,0
3215,1099,-934,-889,-6707,-2677,0,0
3615,1534,-1374,-643,-8395,-1662,0,0
4240,-1288,-2025,-1640,-8383,-373,0,0
5114,-749,-2854,-1656,-8020,-1859,0,0
5338,-751,-2971,-1041,-6344,-1697,0,0
5000,-2621,-2813,-1213,-4630,-1045,0,0
4438,-2776,-2898,-1272,-5127,-1359,0,0
3746,-2615,-3016,-1547,-5192,-1695,0,0
2956,-3263,-3216,-1759,-4398,-2147,0,0
1918,-4227,-3455,-2045,-3301,-1768,0,0
975,-3662,-3393,-2436,-2192,-2208,0,0
46,-2927,-2777,-2715,-1923,-2629,0,0
-919,-932,-1580,-2653,-5587,-534,0,0
-956,1386,763,920,-9464,1289,0,0
-542,1326,3587,5413,-7794,1098,0,0
-291,1461,3918,4398,-2802,-1265,0,0
-835,611,2594,2765,-2706,-492,0,0
-943,-695,1948,2571,-3234,985,0,0
-718,-111,1725,3726,-4100,768,0,0
-566,-274,1529,2853,-4857,465,0,0
-416,-47,1418,1569,-5585,-628,0,0
-498,-127,1730,1047,-4853,-874,0,0
-546,-236,1998,11,-3570,-781,0,0
-546,541,1750,-1007,-3296,-1146,0,0
-667,1189,1177,-2254,-4097,-1390,0,0
-725,1344,883,-3251,-5468,-1741,0,0
-967,2030,1172,-2328,-6211,-2224,0,0
-1391,2078,1737,-1576,-6089,-2055,0,0
-1811,1408,2239,-1596,-5921,-1709,0,0
-2136,1055,2602,-1405,-5701,-1419,0,0
-2193,1154,2745,-1271,-5238,-1299,0,0
-2165,1183,2633,-702,-4211,-1081,0,0
-1994,952,2170,-804,-3433,-1213,0,0
-1823,794,1682,-746,-2823,-1251,0,0
-1598,852,1181,-607,-2411,-1102,0,0
-1501,1487,791,-786,-2301,-1681,0,0
-1567,1692,586,-69,-2197,-1928,0,0
-1544,1241,294,-776,-1737,-2326,0,0
-1464,1396,53,-776,-2004,-2854,0,0
-1437,263,57,-694,-1769,-2608,0,0
-1240,-2248,216,-845,-1896,-2927,0,0
-974,-196,377,-382,-1282,-3365,0,0
-631,104,467,-684,-645,-4145,0,0
-493,317,501,-506,-410,-4982,0,0
-471,170,208,-541,-387,-5070,0,0
-406,-114,-15,-448,-201,-4816,0,0
-270,-545,-86,-1166,77,-4880,0,0
-20,-495,-20,-1348,177,-5154,0,0
265,-246,66,-1076,-98,-4951,0,0
550,-131,35,-1170,-182,-4816,0,0
787,-40,38,-500,-585,-4283,0,0
985,-135,58,-42,-1113,-3631,0,0
1184,-463,-140,372,-1725,-2881,0,0
1447,-1431,-399,-27,-2746,-2001,0,0
1857,-1411,-597,-868,-4487,-2304,0,0
2197,-807,-845,-645,-5771,-1696,0,0
2787,-665,-1532,-1145,-7363,-1795,0,0
3413,357,-2612,-1702,-8425,-3140,0,0
4352,-1319,-3464,-2965,-10196,-2121,0,0
4242,-1770,-3698,-1556,-8997,-2756,0,0
3841,-1189,-3798,-2630,-7332,-2284,0,0
3633,-364,-3421,-1913,-4745,-1639,0,0
3212,-1195,-3323,-859,-2499,-1147,0,0
2756,-2372,-3373,-1515,-2231,-1281,0,0
2222,-3274,-3192,-1159,-2755,-1102,0,0
1597,-3456,-3199,-2155,-2956,-519,0,0
1066,-2304,-3108,-2216,-2481,-759,0,0
616,-2515,-2637,-2356,-1968,-760,0,0
224,-1152,-1752,-1746,-3143,-335,0,0
156,106,-210,114,-7337,468,0,0
452,1561,2006,3670,-8217,-1337,0,0
284,1427,3524,4639,-5240,-2494,0,0
-497,290,3218,3846,-2215,-1958,0,0
-966,-975,2037,3298,-2171,-319,0,0
-963,43,1221,2486,-2867,-105,0,0
-932,252,1133,2992,-5185,469,0,0
-672,21,1326,2119,-6126,323,0,0
-451,260,1524,1264,-4628,-672,0,0
-480,442,1380,83,-3535,-1094,0,0
-636,268,1562,-71,-3890,-397,0,0
-617,476,1808,176,-4297,-310,0,0
-572,935,1707,-856,-4819,-788,0,0
-624,1209,1636,-1180,-5026,-804,0,0
-558,1630,1566,-1276,-4843,-1506,0,0
-706,1688,1543,-1524,-5083,-1525,0,0
-880,1555,1643,-1785,-5313,-1431,0,0
-1124,1962,1737,-1344,-5752,-1687,0,0
-1374,1345,1833,-1537,-5301,-1599,0,0
-1503,1230,1960,-1281,-4941,-1819,0,0
-1605,1157,2049,-1258,-4576,-1599,0,0
-1664,1203,2001,-950,-3981,-1712,0,0
-1697,1027,1807,-1078,-3341,-1608,0,0
-1673,1556,1519,-799,-3223,-2104,0,0
-1799,1829,1129,-318,-2672,-1925,0,0
-1863,1699,676,-458,-2560,-2110,0,0
-1886,1593,323,-395,-2524,-2383,0,0
-1910,1591,-5,-543,-2436,-2453,0,0
-2011,1281,-196,-254,-2223,-2654,0,0
-2041,-121,-236,-396,-1920,-2476,0,0
-1755,-987,53,-719,-1435,-2274,0,0
-1257,-619,334,-348,-832,-2852,0,0
-812,-289,355,-200,-372,-3118,0,0
-460,448,200,-499,-38,-4197,0,0
-276,470,196,-108,-121,-5205,0,0
-178,80,177,-98,262,-5590,0,0
-129,-243,164,-198,237,-5822,0,0
-14,-299,-33,-388,118,-5861,0,0
228,-304,-219,-488,-152,-5802,0,0
449,-394,-178,69,-270,-4596,0,0
694,-487,-210,513,-402,-3875,0,0
1022,-629,-466,544,-1255,-3002,0,0
1447,-1184,-685,-471,-2410,-2189,0,0
1917,-1394,-708,-634,-3754,-1654,0,0
2556,-337,-939,-1041,-5117,-2651,0,0
3175,-284,-1363,-1303,-6733,-964,0,0
3964,978,-1950,-1775,-7392,-3871,0,0
4573,2157,-2001,-941,-8538,-2525,0,0
4780,-951,-1888,-863,-8490,-530,0,0
4599,-2927,-2365,-1225,-6423,-1392,0,0
4088,-3526,-2663,-928,-4421,-2139,0,0
3289,-3775,-2873,-663,-3543,-909,0,0
2680,-3591,-3395,-1620,-3746,-873,0,0
2062,-2837,-3936,-1755,-3687,-1205,0,0
1378,-2392,-4330,-1995,-3421,-878,0,0
919,-1721,-4333,-2269,-2815,-1636,0,0
413,-1682,-3703,-2392,-2857,-2155,0,0
-230,-759,-2218,-2722,-6767,-31,0,0
-297,1421,684,665,-8614,74,0,0
-89,1054,3647,4978,-5637,-1522,0,0
-418,739,4113,3335,-2560,-1773,0,0
-1094,-55,2841,4064,-3310,-332,0,0
-1040,-634,1595,4450,-3997,910,0,0
-677,338,1182,4651,-4055,747,0,0
-459,536,751,3676,-4139,20,0,0
-414,163,353,2628,-3930,-224,0,0
-404,-305,245,1629,-3985,-562,0,0
-476,-714,437,534,-3870,-366,0,0
-455,-607,686,-576,-3426,-457,0,0
-391,-53,905,-1188,-3693,-641,0,0
-339,603,1102,-1571,-4227,-648,0,0
-254,1420,1359,-1958,-5125,-1003,0,0
-412,2034,1716,-1665,-5708,-1633,0,0
-810,1918,2184,-1951,-6301,-1677,0,0
-1318,2115,2748,-1384,-6977,-1833,0,0
-1799,1797,3207,-1211,-7221,-1667,0,0
-2171,1627,3445,-1169,-6937,-1614,0,0
-2376,1326,3507,-1117,-6284,-1367,0,0
-2360,1214,3280,-676,-5123,-1227,0,0
-2149,1172,2753,-750,-3756,-1283,0,0
-1920,1435,2060,-642,-3267,-1411,0,0
-1791,1409,1407,-681,-2875,-915,0,0
-1627,1561,873,-685,-2707,-1108,0,0
-1538,1589,540,-461,-2411,-1189,0,0
-1355,1428,256,10,-2112,-1931,0,0
-1454,842,-116,203,-1650,-1986,0,0
-1404,193,-341,-527,-1316,-2434,0,0
-1198,1122,-609,-428,-1300,-3750,0,0
-1241,727,-785,-445,-1186,-3575,0,0
-1299,-359,-611,-593,-974,-3606,0,0
-1067,-680,-487,-759,-643,-3597,0,0
-600,-649,-229,-1139,-246,-3133,0,0
-33,75,44,-969,125,-3849,0,0
348,219,176,-1017,261,-4599,0,0
552,504,138,-700,-20,-4677,0,0
662,515,-1,-555,-237,-6058,0,0
634,-243,-39,-886,-802,-6544,0,0
575,-492,70,-701,-1006,-6245,0,0
408,-580,74,-784,-1204,-6013,0,0
362,-722,105,-350,-1075,-4932,0,0
533,-982,135,64,-1461,-2843,0,0
922,-496,-142,-255,-2418,-2442,0,0
1335,-361,-311,-126,-3230,-2219,0,0
1798,-637,-267,-662,-4305,-2205,0,0
2229,-647,-620,-812,-6257,-636,0,0
3326,-740,-3560,-2653,-6783,-1082,0,0
4224,1151,-2096,-1567,-7683,-3178,0,0
3969,-1563,-2157,-687,-7435,-2448,0,0
4090,-3971,-3040,-2052,-5994,-1026,0,0
3885,-2784,-3744,-2041,-4923,-1706,0,0
3341,-1929,-3774,-1294,-4160,-762,0,0
2932,-1745,-3745,-3032,-3933,-1049,0,0
2425,-2066,-3839,-1488,-3916,-1319,0,0
1719,-2390,-3923,-1615,-3421,-1339,0,0
1076,-2987,-3898,-1397,-3181,-1464,0,0
369,-3357,-3512,-2167,-5041,-495,0,0
-13,-1941,-2177,-2942,-9029,305,0,0
342,616,754,-71,-9458,-1628,0,0
353,2458,3319,4837,-2385,-3764,0,0
-651,350,2889,2425,-770,-1462,0,0
-1331,-70,1811,2562,-2691,-42,0,0
-1253,942,1376,3236,-4992,3,0,0
-1077,179,1600,1510,-5224,254,0,0
-782,644,1913,677,-4470,-819,0,0
-864,1088,1951,-466,-4292,-874,0,0
-1046,1511,2048,-1003,-5143,-681,0,0
-1280,1870,2066,-951,-5891,-1280,0,0
-1597,1570,2322,-1142,-6343,-1601,0,0
-1861,1171,2461,-1418,-6357,-1337,0,0
-2039,1471,2571,-951,-6324,-1412,0,0
-2157,1023,2632,-977,-5796,-1305,0,0
-2121,877,2688,-1058,-5201,-1542,0,0
-2079,1056,2581,-776,-4733,-1508,0,0
-2014,782,2327,-842,-3925,-1268,0,0
-1906,692,2023,-886,-3629,-1262,0,0
-1804,925,1674,-546,-3104,-1268,0,0
-1591,994,1278,-655,-2439,-1142,0,0
-1464,1580,967,-486,-2422,-1788,0,0
-1410,1277,736,-124,-2093,-2134,0,0
-1335,871,329,-373,-1743,-2602,0,0
-1228,725,27,-623,-1517,-3178,0,0
-1103,426,-77,-321,-1433,-3460,0,0
-1005,133,-101,-405,-1219,-3761,0,0
-887,-398,-115,-661,-813,-4137,0,0
-856,-705,-77,-765,-743,-3580,0,0
-690,-653,-31,-1370,-490,-3492,0,0
-375,146,29,-1307,-303,-3743,0,0
-143,379,26,-849,-318,-4526,0,0
7,-62,21,-1121,-126,-5010,0,0
153,120,91,-1535,14,-5399,0,0
247,512,109,-997,-216,-5657,0,0
271,95,85,-1141,-236,-5608,0,0
262,5,119,-616,-383,-5162,0,0
325,-380,110,-489,-670,-3569,0,0
672,-866,158,-391,-1144,-2171,0,0
1283,-496,175,-702,-1880,-1942,0,0
1786,-58,432,-256,-2821,-2255,0,0
2057,-1192,482,-429,-3944,-2074,0,0
2288,-802,-186,-985,-5421,-2562,0,0
2746,-1404,-984,-2034,-6352,-2288,0,0
3275,-713,-2015,-1964,-7875,-3196,0,0
3926,-788,-2899,-2160,-9268,-423,0,0
4914,-697,-3856,-2498,-10347,-2165,0,0
4912,-1087,-4218,-2039,-8262,-1606,0,0
4709,-2619,-4106,-1407,-5170,-1116,0,0
4056,-3736,-4103,-1511,-3805,-914,0,0
3300,-3129,-3843,-2269,-4075,-1487,0,0
2496,-2220,-3213,-2119,-3782,-2179,0,0
1575,-2268,-2654,-2180,-3051,-1132,0,0
1010,-1899,-2115,-2013,-2170,-1413,0,0
587,-1940,-1648,-1486,-1088,-1997,0,0
38,-1733,-1193,-1174,-3190,-904,0,0
-413,157,-527,-367,-6760,-12,0,0
-656,1432,1111,3684,-7776,1014,0,0
-440,1445,2801,6015,-3982,-576,0,0
-578,1004,2282,2858,-2192,-1654,0,0
-1076,-635,1393,959,-4034,18,0,0
-1209,42,1487,152,-3825,-27,0,0
-1285,849,2007,-609,-3792,-913,0,0
-1584,1007,2501,-1271,-5939,-978,0,0
-1901,1386,2956,-1673,-8809,-772,0,0
-2243,1849,3443,-1108,-9972,-1418,0,0
-2696,1464,3931,-576,-9201,-1527,0,0
-3074,929,4298,-698,-8801,-841,0,0
-3126,1175,4300,-336,-7841,-677,0,0
-2952,1141,3912,-639,-6057,-854,0,0
-2632,1243,3336,-576,-4694,-822,0,0
-2219,1199,2558,-98,-3390,-503,0,0
-1628,1076,1648,-397,-2516,-537,0,0
-1094,1357,781,-288,-2019,-999,0,0
-769,1679,273,-493,-1574,-1489,0,0
-662,1806,62,44,-1658,-1483,0,0
-720,1395,16,-259,-1416,-1716,0,0
-875,1204,-5,457,-1073,-1822,0,0
-944,778,-188,288,-935,-1864,0,0
-832,264,-259,-266,-918,-2110,0,0
-599,163,-294,-410,-847,-2767,0,0
-400,564,-501,-647,-886,-3663,0,0
-368,91,-496,-585,-1052,-4592,0,0
-401,-471,-478,-512,-1047,-5180,0,0
-420,-166,-479,-650,-1116,-6109,0,0
-554,-486,-229,-525,-994,-5914,0,0
-639,-378,3,-1042,-542,-5345,0,0
-583,-549,162,-731,-328,-4786,0,0
-284,-767,119,-925,47,-4697,0,0
11,-218,-96,-972,-3,-4659,0,0
260,-116,-115,-890,-257,-4231,0,0
541,-141,-124,-251,-387,-3659,0,0
911,-915,20,-222,-1153,-2497,0,0
1474,-655,162,-506,-2305,-2709,0,0
1943,-900,370,251,-3323,-2256,0,0
2417,-407,-74,-967,-4542,-3365,0,0
2527,214,-510,-72,-5882,-2521,0,0
3104,-1079,-1382,-1852,-7337,-2257,0,0
3711,1365,-2424,-1196,-8977,-3541,0,0
4249,-1071,-3008,-1590,-9889,-739,0,0
4890,-1547,-3516,-2410,-9050,-1762,0,0
4900,-1323,-3406,-1364,-6765,-2056,0,0
4409,-2517,-3135,-1139,-4740,-787,0,0
3839,-2616,-3031,-1047,-4117,-1003,0,0
3047,-2929,-3141,-1242,-4177,-1476,0,0
2094,-3820,-3467,-1639,-4011,-1117,0,0
1322,-3389,-3836,-2108,-3319,-1078,0,0
704,-3194,-3891,-2427,-2514,-1565,0,0
-28,-3171,-3232,-3297,-2612,-1325,0,0
-536,-1252,-1810,-2947,-6662,216,0,0
-122,903,921,-509,-7681,-463,0,0
474,2075,4248,6016,-5558,-2203,0,0
115,1786,4424,3546,-1790,-2108,0,0
-1041,412,3054,2899,-2580,-1406,0,0
-1297,-1041,2427,3742,-3708,-43,0,0
-944,-372,2239,2409,-5960,340,0,0
-592,398,2317,187,-5907,-388,0,0
-569,1158,2595,-36,-4692,-797,0,0
-695,1244,2628,-284,-3730,-517,0,0
-788,1637,2216,-1447,-4800,-789,0,0
-957,1820,1675,-2380,-6304,-1131,0,0
-1145,2132,1522,-2005,-6993,-1653,0,0
-1421,1991,1860,-1355,-6384,-1584,0,0
-1733,1673,2342,-1336,-6147,-1542,0,0
-2080,1181,2693,-963,-5576,-1240,0,0
-2183,1269,2805,-1168,-5122,-1380,0,0
-2283,1660,2774,-704,-4306,-1162,0,0
-2263,1703,2461,-350,-3435,-1674,0,0
-2289,1409,1826,-607,-2798,-1758,0,0
-2253,1205,1275,-73,-2702,-1696,0,0
-2136,844,653,211,-2355,-1678,0,0
-1857,492,104,-1319,-2291,-2464,0,0
-1719,1435,-162,-218,-2382,-3185,0,0
-1812,258,-258,-360,-1809,-2973,0,0
-1693,-667,-88,-869,-1306,-3436,0,0
-1422,-1343,261,-469,-866,-2949,0,0
-909,-1117,245,-1281,35,-2766,0,0
-366,157,164,-961,189,-3116,0,0
80,776,-42,-495,204,-4288,0,0
340,180,-52,-3536,298,-5443,0,0
380,206,35,-1621,90,-5846,0,0
376,432,93,-1192,-156,-5880,0,0
344,-83,247,-1074,-242,-4914,0,0
520,-283,284,-262,-285,-4371,0,0
874,-222,144,208,-728,-3859,0,0
1173,17,-82,-102,-1559,-3012,0,0
1410,-487,-48,177,-2500,-2656,0,0
1785,-347,-367,422,-3991,-2247,0,0
2268,-600,-880,-402,-5577,-1362,0,0
2936,-1223,-1602,-2003,-7334,-1229,0,0
3831,703,-2376,-2215,-8538,-1995,0,0
4752,263,-2701,-2648,-9599,-1105,0,0
5323,-526,-2866,-1447,-8178,-2649,0,0
5322,-2433,-3398,-1687,-6579,-1735,0,0
5207,-3408,-4038,-3066,-5588,-1094,0,0
4536,-1741,-4061,-2320,-4940,-1925,0,0
3697,-2409,-3378,-1679,-3991,-2641,0,0
2659,-4293,-2769,-1981,-3145,-2295,0,0
1589,-3643,-2326,-2166,-2292,-2002,0,0
770,-2607,-1905,-2196,-1749,-2168,0,0
-4,-924,-1448,-2187,-4026,-1264,0,0
-479,511,-179,-143,-9229,-833,0,0
-678,1039,2103,4380,-8463,-966,0,0
-795,503,3128,4900,-3758,-1148,0,0
-1211,-56,2071,3567,-1568,104,0,0
-1257,373,955,3905,-1905,857,0,0
-1099,424,433,2531,-3489,1017,0,0
-834,220,541,2822,-5028,944,0,0
-495,33,757,1621,-4623,-84,0,0
-436,82,1049,161,-3508,-755,0,0
-507,205,1323,-541,-3187,-804,0,0
-583,485,1570,-1106,-4153,-906,0,0
-765,1028,1737,-1594,-5709,-1152,0,0
-1076,1305,1911,-1423,-6714,-1139,0,0
-1284,1185,2307,-1201,-6485,-1569,0,0
-1512,970,2833,-884,-6533,-1587,0,0
-1771,836,3234,-1178,-6659,-1327,0,0
-2028,1158,3474,-858,-6550,-1149,0,0
-2084,1228,3509,-694,-5670,-1178,0,0
-2015,1222,3270,-775,-4634,-1408,0,0
-1930,1191,2801,-810,-3612,-1292,0,0
-1798,1881,2063,-704,-3151,-1682,0,0
-1822,2166,1342,-687,-2776,-1595,0,0
-1800,2620,630,-373,-2760,-2499,0,0
-2024,2305,-7,130,-3033,-2676,0,0
-2284,983,-376,-178,-2237,-2157,0,0
-2373,426,-579,-98,-2049,-1982,0,0
-1994,-390,-404,-457,-1328,-2264,0,0
-1456,-400,-298,-329,-787,-2311,0,0
-906,-731,-260,-737,-344,-2052,0,0
-262,-379,-78,-531,-293,-3110,0,0
184,126,-115,-1000,179,-4110,0,0
580,874,-62,-515,67,-5857,0,0
467,318,111,-860,-245,-6299,0,0
281,-15,196,-1426,-429,-6437,0,0
256,247,294,-641,-424,-6451,0,0
127,-206,135,-639,-400,-5331,0,0
168,-393,66,-366,-573,-4988,0,0
241,-942,31,150,-712,-3249,0,0
615,-1372,-9,-174,-1095,-2269,0,0
1195,-793,-15,22,-1888,-2511,0,0
1680,-644,-28,-376,-2787,-2164,0,0
2168,348,-77,-775,-4144,-2682,0,0
2582,395,-265,-321,-5692,-1236,0,0
3298,491,-1001,-1842,-6660,-2670,0,0
3976,1641,-3672,-758,-7150,-2528,0,0
4214,-1440,-1964,-978,-7900,-357,0,0
4567,-2834,-2705,-2091,-7088,-342,0,0
5012,-2492,-3165,-1773,-5427,-1544,0,0
4704,-2431,-3230,-733,-4635,-1319,0,0
3877,-3308,-3461,-1009,-4815,-728,0,0
3028,-3637,-3816,-1371,-4725,-1131,0,0
2126,-3586,-4030,-2054,-4094,-1138,0,0
1357,-2654,-3851,-2149,-2961,-1830,0,0
629,-2437,-3146,-1922,-3629,-1575,0,0
-4,-585,-1860,-1910,-7629,-254,0,0
-70,978,415,1292,-9307,-141,0,0
-83,737,2743,4788,-3601,-2015,0,0
-621,533,2286,3196,-792,-1413,0,0
-1168,-915,1208,3652,-2868,1262,0,0
-769,-16,762,3730,-3521,852,0,0
-452,555,755,3771,-3675,480,0,0
-249,386,590,2388,-3407,-157,0,0
-336,473,637,1933,-3492,-394,0,0
-442,124,671,1402,-3279,-287,0,0
-566,132,512,-427,-3103,-941,0,0
-754,636,769,-609,-4293,-1010,0,0
-905,946,1335,-1084,-5724,-1072,0,0
-1159,881,2049,-948,-6767,-1434,0,0
-1506,330,2685,-1058,-6705,-1553,0,0
-1837,878,3288,-877,-7116,-1673,0,0
-2202,1018,3739,-717,-7291,-971,0,0
-2348,1252,3894,-706,-7154,-798,0,0
-2353,1188,3769,-612,-6061,-704,0,0
-2211,1344,3419,-662,-5018,-1079,0,0
-2151,1120,2923,-101,-3947,-821,0,0
-1933,1220,2197,-948,-3272,-1397,0,0
-1946,1562,1631,-432,-2873,-1454,0,0
-1756,1536,1247,-776,-2532,-1872,0,0
-1722,2109,879,273,-2329,-2143,0,0
-1687,1977,331,-523,-2028,-2327,0,0
-1598,2657,-292,248,-2353,-3426,0,0
-1710,287,-473,-262,-2157,-2386,0,0
-1519,-387,-441,-454,-1583,-2604,0,0
-1148,-607,-414,-159,-733,-2803,0,0
-2680,-126,-237,-501,-559,-3382,0,0
-311,204,-37,-148,-318,-3574,0,0
-2,146,-143,-495,-215,-4020,0,0
266,48,-94,-609,-473,-4560,0,0
398,-92,40,-872,-339,-6080,0,0
356,265,45,-884,-386,-6613,0,0
137,-30,92,-635,-528,-6502,0,0
-112,-631,135,-659,-760,-5496,0,0
-28,-815,84,-579,-784,-4630,0,0
271,-456,83,-109,-707,-4121,0,0
554,-416,104,352,-1109,-3080,0,0
1000,-580,-47,48,-1917,-2184,0,0
1710,394,-282,-176,-3245,-2528,0,0
2214,174,-301,326,-4781,-1155,0,0
2988,-908,-531,-1455,-6626,-261,0,0
4071,1553,-1128,-505,-7912,-1220,0,0
4549,-1031,-1705,-1572,-7397,-718,0,0
5106,-1868,-2259,-922,-7197,-1130,0,0
4824,-2219,-2595,-728,-6281,-1295,0,0
4359,-3454,-2928,-1180,-5149,-689,0,0
3900,-3185,-3431,-924,-5695,-831,0,0
3327,-3613,-4147,-1266,-6097,-895,0,0
2411,-4206,-4837,-1877,-5256,-723,0,0
1503,-4035,-5071,-2190,-4024,-936,0,0
728,-4016,-4501,-3249,-3149,-1126,0,0
14,-1741,-2914,-2919,-6658,-374,0,0
51,634,-584,-2574,-10381,-376,0,0
549,1678,3002,3218,-5340,-3588,0,0
33,857,4208,4015,-282,-3741,0,0
-1061,-605,2798,2567,-1879,-717,0,0
-1263,-679,1728,3805,-3764,472,0,0
-953,179,1402,3301,-5669,230,0,0
-570,818,1583,2010,-5134,-358,0,0
-398,1428,1686,608,-3909,-851,0,0
-514,905,1938,-232,-3375,-410,0,0
-516,1087,2083,-656,-3848,-396,0,0
-580,1769,1997,-1137,-4955,-834,0,0
-837,1877,1814,-1762,-6761,-1061,0,0
-1103,1689,1824,-3968,-6351,-1179,0,0
-1406,1771,2264,-1068,-6171,-1387,0,0
-1750,1494,2752,-858,-6094,-1261,0,0
-2006,1134,3089,-1213,-5585,-1281,0,0
-2217,1126,3222,-731,-5071,-1361,0,0
-2338,966,3101,-782,-4528,-1243,0,0
-2367,906,2737,-770,-4020,-1168,0,0
-2248,723,2250,-837,-3803,-1079,0,0
-2013,944,1757,-570,-3224,-1482,0,0
-1715,1375,1174,-1125,-2907,-2156,0,0
-1601,1957,593,-630,-2848,-2947,0,0
-1704,1494,146,-793,-2487,-3180,0,0
-1744,1180,-174,-633,-2151,-3949,0,0
-1678,540,-425,-793,-1517,-3696,0,0
-1496,521,-533,-950,-987,-3484,0,0
-1207,201,-406,-308,-537,-3031,0,0
-731,-153,-333,-961,155,-3165,0,0
-303,211,-131,-674,368,-3901,0,0
31,178,113,-537,501,-4474,0,0
274,515,231,-632,412,-5230,0,0
326,9,283,-317,-223,-7544,0,0
374,-599,63,-274,-305,-4560,0,0
684,-406,-75,-256,-357,-4256,0,0
1036,-660,-33,386,-1031,-3219,0,0
1497,-991,-183,-118,-2044,-2371,0,0
2023,120,-305,-382,-3459,-3129,0,0
2436,-397,-77,-78,-4653,-2013,0,0
2953,-183,-327,-845,-6408,-2360,0,0
3306,-659,-966,-1169,-7605,-825,0,0
4211,-371,-1966,-2398,-8085,-2699,0,0
4396,1360,-2214,-381,-7387,-2622,0,0
4279,-2501,-2351,-593,-7121,-370,0,0
4218,-4741,-3056,-1576,-5910,-989,0,0
3780,-4840,-3841,-1903,-4801,-882,0,0
3187,-3720,-4415,-1721,-4810,-567,0,0
2371,-2853,-4604,-1803,-4611,-1305,0,0
1433,-2181,-4504,-2128,-3634,-1382,0,0
786,-2107,-4043,-2269,-2505,-1849,0,0
208,-2650,-3020,-1892,-2873,-1803,0,0
-366,-2346,-1754,-2071,-7598,-959,0,0
-393,-708,110,-1770,-8966,-498,0,0
119,711,3182,3181,-5394,-1244,0,0
242,1280,4159,3053,-1894,-1971,0,0
-559,274,3423,1985,-2203,-533,0,0
-787,16,2406,2418,-3734,-58,0,0
-587,228,2236,1726,-5834,151,0,0
-191,522,2601,706,-5834,-415,0,0
-132,1507,2426,-780,-5200,-1021,0,0
-408,2235,2280,-1316,-5112,-931,0,0
-777,3137,2261,-1206,-6120,-1335,0,0
-1332,2651,2291,-994,-6930,-1597,0,0
-1725,1638,2343,-1262,-6631,-1527,0,0
-1957,1304,2452,-837,-5905,-1129,0,0
-1997,1155,2317,-953,-5320,-1264,0,0
-2063,987,2205,-1048,-4703,-1029,0,0
-1990,1142,2069,-1089,-4429,-1213,0,0
-2008,1368,1906,-788,-3681,-1305,0,0
-1957,1487,1719,-975,-3180,-1754,0,0
-2017,1303,1476,-336,-2880,-1664,0,0
-1929,1060,1074,-789,-2485,-1992,0,0
-1882,1256,814,-188,-2355,-2543,0,0
-1914,474,628,-529,-2004,-2131,0,0
-1753,550,481,-522,-1815,-2625,0,0
-1631,-290,86,-243,-1337,-2487,0,0
-1455,-538,-300,-1125,-990,-2544,0,0
-1099,107,-355,-520,-420,-3604,0,0
-877,274,-393,-868,-26,-3977,0,0
-773,448,-158,-1037,-84,-3849,0,0
-503,302,115,-750,19,-6240,0,0
-161,241,78,-641,629,-4178,0,0
174,231,-89,-1034,356,-5034,0,0
324,-93,-1,-781,249,-5485,0,0
370,-406,23,-1255,208,-5341,0,0
465,-17,4,-1339,-93,-5833,0,0
445,-198,32,-911,-201,-5695,0,0
389,-568,-112,-611,-467,-4655,0,0
556,-869,-166,-583,-603,-3939,0,0
799,-893,-213,247,-994,-3323,0,0
1082,-978,-473,57,-1467,-2042,0,0
1556,26,-727,-886,-2530,-2615,0,0
1936,-272,-741,429,-3867,-3066,0,0
2247,-1803,-1357,-1163,-5080,-1323,0,0
2826,1013,-2306,-1228,-7301,-2568,0,0
3235,199,-2547,-1386,-8476,-791,0,0
3911,251,-2851,-1820,-8132,-2510,0,0
3961,66,-2707,-709,-6673,-1288,0,0
3985,-1942,-2671,-1054,-5368,-476,0,0
3850,-1886,-2903,-1310,-4329,-1165,0,0
3338,-1995,-3189,-959,-4153,-1106,0,0
2719,-3003,-3516,-1272,-4066,-667,0,0
2159,-3331,-3854,-1873,-3522,-1006,0,0
1505,-3323,-4020,-2021,-3066,-1434,0,0
740,-3285,-3731,-2658,-2662,-3680,0,0
79,-1823,-2855,-2544,-5757,-1480,0,0
-52,-323,-1041,-2198,-72,-1076,0,0
252,1107,2225,377,-6825,-2993,0,0
-23,1333,4456,3433,-2565,-2915,0,0
-758,213,4136,726,-3136,-1241,0,0
-1218,-911,4097,263,-4794,137,0,0
-874,-697,3896,1951,-5548,-495,0,0
-742,-2296,3286,84,-7775,-507,0,0
-511,-48,3210,-824,-6006,21,0,0
-4,1519,2976,152,-4761,-868,0,0
-17,2548,2591,-593,-5088,-413,0,0
-319,2468,2381,300,-5823,-135,0,0
-546,926,1716,246,-5046,-119,0,0
-318,-309,1040,-921,-4681,-542,0,0
99,-132,805,-566,-4084,-744,0,0
379,445,734,-686,-3788,-790,0,0
500,837,686,-1101,-4052,-619,0,0
575,879,581,-1016,-4108,-431,0,0
654,371,368,-929,-3781,-535,0,0
813,-22,39,-1105,-3665,-687,0,0
966,-41,-331,-1208,-3779,-762,0,0
1072,125,-683,-1402,-4084,-714,0,0
1118,327,-934,-1497,-4497,-765,0,0
1067,319,-1043,-1376,-4614,-841,0,0
954,56,-1013,-1328,-4518,-931,0,0
789,-221,-945,-1365,-4543,-1035,0,0
514,-609,-920,-1506,-4528,-876,0,0
238,-841,-868,-1567,-4445,-765,0,0
27,-917,-747,-1565,-4491,-573,0,0
-91,-725,-552,-1562,-4516,-439,0,0
-146,-412,-311,-1524,-4422,-412,0,0
-203,-115,-75,-1453,-4403,-262,0,0
-245,44,148,-1317,-4237,-119,0,0
-253,45,324,-1213,-4180,-90,0,0
-236,-62,432,-1249,-4203,-10,0,0
-194,-83,472,-1245,-4192,-109,0,0
-161,-94,482,-1267,-4197,-97,0,0
-115,-55,518,-1244,-4253,-29,0,0
-15,44,586,-1215,-4201,-177,0,0
76,146,655,-1207,-4157,-327,0,0
119,204,659,-1225,-4090,-371,0,0
122,265,578,-1238,-4129,-406,0,0
108,274,427,-1232,-4133,-374,0,0
116,287,243,-1257,-4091,-450,0,0
114,334,88,-1236,-4188,-517,0,0
91,336,-4,-1220,-4208,-478,0,0
65,270,-31,-1186,-4270,-434,0,0
57,214,-66,-1218,-4335,-510,0,0
41,181,-115,-1243,-4241,-519,0,0
20,209,-176,-1241,-4254,-472,0,0
-13,252,-265,-1239,-4226,-473,0,0
-70,180,-325,-1218,-4202,-441,0,0
-118,58,-331,-1247,-4189,-371,0,0
-122,11,-312,-1269,-4164,-336,0,0
-98,-14,-247,-1223,-4196,-309,0,0
-59,-85,-169,-1257,-4279,-252,0,0
8,-44,-118,-1277,-4217,-302,0,0
55,34,-81,-1188,-4148,-362,0,0
80,-53,0,-1132,-4206,-284,0,0
119,-110,23,-1128,-4285,-398,0,0
130,-173,40,-1098,-4262,-373,0,0
156,-192,27,-1115,-4105,-388,0,0
160,-134,-30,-1123,-4089,-440,0,0
119,-160,-92,-1074,-4162,-380,0,0
84,-224,-144,-1102,-4205,-400,0,0
71,-218,-175,-1197,-4302,-363,0,0
77,-166,-145,-1228,-4263,-327,0,0
75,-85,-94,-1237,-4301,-395,0,0
21,-84,-38,-1242,-4312,-338,0,0
-12,-137,28,-1226,-4213,-290,0,0
-14,-115,68,-1243,-4301,-264,0,0
-15,-82,100,-1229,-4201,-218,0,0
-3,-1,116,-1184,-4221,-237,0,0
3,39,105,-1221,-4189,-242,0,0
5,78,89,-1215,-4163,-207,0,0
-2,102,67,-1258,-4239,-140,0,0
-1,151,54,-1260,-4234,-94,0,0
14,189,88,-1195,-4217,-141,0,0
8,84,145,-1158,-4285,-143,0,0
13,10,153,-1147,-4228,-158,0,0
38,92,91,-1126,-4230,-171,0,0
40,84,42,-1145,-4210,-135,0,0
57,85,20,-1195,-4140,-207,0,0
63,97,-21,-1256,-4224,-227,0,0
34,66,-64,-1350,-4267,-213,0,0
1,112,-61,-1321,-4250,-138,0,0
4,107,-11,-1242,-4167,-129,0,0
32,82,53,-1205,-4128,-200,0,0
18,46,57,-1158,-4130,-246,0,0
-16,-86,45,-1027,-4121,-130,0,0
27,-216,20,-1047,-4099,-13,0,0
94,-202,-1,-1039,-4169,71,0,0
139,-217,31,-878,-4249,185,0,0
154,-224,-30,-1000,-4598,119,0,0
93,-313,-129,-1209,-4419,43,0,0
-26,-371,-136,-1216,-4093,-227,0,0
-262,-497,-15,-1223,-4275,-515,0,0
-524,-867,74,-1208,-4892,-141,0,0
-569,-1106,-27,-1408,-4646,69,0,0
-390,-861,-79,-1486,-3855,-89,0,0
-202,-284,-45,-1422,-3837,-417,0,0
-197,-15,17,-1411,-4114,-371,0,0
-209,-132,17,-1358,-4136,-209,0,0
-109,-195,-39,-1418,-4120,-330,0,0
4,-49,-12,-1532,-4133,-496,0,0
65,264,67,-1379,-4150,-548,0,0
112,476,86,-1100,-4122,-426,0,0
181,471,56,-927,-4069,-338,0,0
245,433,-44,-829,-4118,-282,0,0
286,426,-164,-905,-4163,-239,0,0
336,388,-184,-1035,-4152,-190,0,0
376,376,-103,-1109,-4166,-84,0,0
390,317,14,-1121,-4214,18,0,0
380,196,60,-1116,-4528,183,0,0
327,1,48,-1168,-4617,255,0,0
266,-75,49,-1212,-4441,373,0,0
204,104,120,-1115,-4130,210,0,0
84,150,167,-1149,-4048,-13,0,0
-95,18,137,-1286,-4015,-34,0,0
-286,-203,106,-1359,-4129,145,0,0
-413,-491,77,-1327,-4728,444,0,0
-388,-568,-52,-1321,-4741,453,0,0
-203,-511,-64,-1315,-4099,186,0,0
-43,-183,31,-1252,-4023,-118,0,0
-44,188,81,-1242,-4166,-291,0,0
-159,126,76,-1137,-4202,-293,0,0
-236,-264,76,-1198,-4227,-200,0,0
-226,-415,105,-1192,-4137,-99,0,0
-151,-241,117,-1129,-4179,-89,0,0
-61,-39,54,-1151,-4173,-199,0,0
-10,59,-61,-1220,-4185,-246,0,0
-11,81,-143,-1322,-4226,-184,0,0
-5,100,-140,-1334,-4188,-112,0,0
41,174,-112,-1328,-4178,-126,0,0
68,254,-92,-1359,-4293,-44,0,0
92,324,-56,-1301,-4143,-65,0,0
111,355,-20,-1234,-4123,-127,0,0
81,299,17,-1186,-4179,-138,0,0
32,229,31,-1125,-4167,-161,0,0
-2,169,28,-1134,-4192,-133,0,0
-46,93,64,-1142,-4141,-16,0,0
-68,22,112,-1103,-4143,35,0,0
-57,-27,68,-1180,-4258,25,0,0
-44,-38,-26,-1270,-4202,-14,0,0
-38,-45,-81,-1336,-4373,-34,0,0
-30,-16,-47,-1341,-4382,-38,0,0
14,8,43,-1284,-4238,-95,0,0
29,15,113,-1284,-4298,-73,0,0
21,19,113,-1234,-4247,-98,0,0
11,2,60,-1177,-4188,-91,0,0
11,-24,-4,-1180,-4171,-145,0,0
-8,-22,-42,-1152,-4200,-134,0,0
-19,-46,-61,-1109,-4239,-175,0,0
-20,-62,-87,-1113,-4283,-198,0,0
-33,-91,-108,-1144,-4378,-211,0,0
-49,-154,-95,-1165,-4272,-232,0,0
-57,-159,-45,-1166,-4154,-320,0,0
-80,-144,13,-1148,-4191,-320,0,0
-104,-168,31,-1178,-4231,-278,0,0
-121,-193,33,-1238,-4287,-244,0,0
-106,-190,21,-1318,-4340,-159,0,0
-51,-60,-2,-1360,-4232,-185,0,0
-15,73,3,-1350,-4166,-210,0,0
4,150,18,-1342,-4221,-141,0,0
31,229,19,-1315,-4285,-65,0,0
60,277,33,-1261,-4280,27,0,0
115,337,50,-1237,-4206,12,0,0
152,419,49,-1230,-4138,-49,0,0
130,368,40,-1237,-4109,-95,0,0
93,244,17,-1270,-4136,-80,0,0
77,182,-15,-1295,-4211,-41,0,0
86,205,-19,-1317,-4276,17,0,0
101,265,-6,-1286,-4268,7,0,0
101,276,12,-1271,-4214,-67,0,0
80,238,14,-1232,-4221,41,0,0
83,223,17,-1190,-4202,11,0,0
69,225,2,-1230,-4217,-101,0,0
20,159,5,-1253,-4294,-36,0,0
14,150,41,-1207,-4274,-12,0,0
38,155,47,-1192,-4237,-70,0,0
27,132,0,-1187,-4272,-7,0,0
28,152,-46,-1184,-4183,-106,0,0
25,139,-56,-1166,-4271,-158,0,0
1,41,-42,-1191,-4274,-166,0,0
-24,60,-28,-1152,-4196,-195,0,0
-53,38,-28,-1131,-4237,-184,0,0
-68,-88,-17,-1168,-4312,-119,0,0
-48,-105,33,-1115,-4322,-86,0,0
-2,30,71,-1081,-4243,-154,0,0
35,108,106,-1037,-4065,-266,0,0
17,106,96,-947,-4111,-394,0,0
-61,-9,30,-953,-4248,-438,0,0
-136,-93,-9,-1008,-4303,-481,0,0
-177,-86,-1,-1075,-4343,-402,0,0
-166,-39,26,-1098,-4258,-322,0,0
-141,-12,79,-1091,-4096,-356,0,0
-163,-50,100,-1113,-4095,-426,0,0
-200,-219,128,-1140,-4119,-382,0,0
-185,-217,104,-1174,-4522,-348,0,0
-110,-60,6,-1290,-4454,-379,0,0
-43,107,-67,-1279,-4311,-448,0,0
-24,118,-57,-1246,-4040,-401,0,0
14,128,-46,-1247,-4017,-495,0,0
-7,36,-48,-1211,-4138,-424,0,0
-1,-123,-42,-1235,-4086,-374,0,0
41,-41,-71,-1265,-4248,-373,0,0
58,-7,-37,-1259,-4190,-319,0,0
104,49,25,-1207,-4133,-384,0,0
119,134,21,-1175,-4173,-436,0,0
92,101,3,-1145,-4195,-400,0,0
77,68,-34,-1146,-4257,-306,0,0
87,59,-48,-1186,-4266,-321,0,0
82,43,-27,-1185,-4332,-279,0,0
68,18,1,-1168,-4224,-270,0,0
64,13,11,-1154,-4120,-282,0,0
53,15,-1,-1161,-4203,-225,0,0
55,4,-35,-1212,-4293,-181,0,0
64,26,-30,-1223,-4248,-270,0,0
45,26,17,-1201,-4213,-293,0,0
31,34,40,-1119,-4346,-230,0,0
42,14,37,-1115,-4313,-240,0,0
60,78,10,-1110,-4294,-349,0,0
29,67,6,-1113,-4278,-357,0,0
-9,5,12,-1123,-4231,-314,0,0
-28,-19,-6,-1136,-4321,-192,0,0
-17,17,-10,-1142,-4213,-145,0,0
11,67,-6,-1095,-4193,-173,0,0
14,-2,6,-1087,-4209,-122,0,0
15,-59,4,-1089,-4274,-120,0,0
17,-101,0,-1053,-4265,-55,0,0
47,-106,5,-1066,-4168,-66,0,0
60,-55,-12,-1035,-4146,-63,0,0
41,-122,-47,-1112,-4254,-42,0,0
30,-187,-53,-1182,-4244,-46,0,0
45,-133,-26,-1223,-4171,-111,0,0
37,-102,6,-1209,-4289,-105,0,0
16,-142,25,-1214,-4262,-135,0,0
4,-120,27,-1175,-4240,-184,0,0
-22,-113,32,-1145,-4257,-196,0,0
-55,-154,38,-1133,-4297,-147,0,0
-62,-172,34,-1171,-4300,-121,0,0
-67,-151,31,-1196,-4279,-133,0,0
-86,-162,54,-1167,-4164,-142,0,0
-91,-155,49,-1208,-4171,-174,0,0
-103,-171,26,-1222,-4277,-106,0,0
-97,-200,25,-1256,-4261,-85,0,0
-90,-147,17,-1288,-4208,-103,0,0
-66,-75,14,-1258,-4141,-76,0,0
-45,-17,-3,-1243,-4201,-78,0,0
-52,-43,-30,-1256,-4242,-68,0,0
-61,-64,-25,-1258,-4136,-75,0,0
-48,-84,-7,-1240,-4087,-125,0,0
-45,-97,12,-1243,-3975,-149,0,0
-43,-63,56,-1262,-3968,-123,0,0
-32,33,44,-1268,-4279,-215,0,0
-69,-94,16,-1265,-4555,-46,0,0
-22,-142,0,-1335,-4364,-108,0,0
54,92,0,-1319,-4231,-252,0,0
28,160,60,-1261,-4300,-203,0,0
-26,10,101,-1218,-4272,-240,0,0
-37,-93,91,-1227,-4271,-184,0,0
-35,-74,57,-1243,-4274,-199,0,0
-48,-50,34,-1252,-4229,-163,0,0
-29,-14,19,-1272,-4192,-241,0,0
-37,-18,20,-1282,-4222,-215,0,0
-58,-40,20,-1311,-4197,-228,0,0
-69,-11,15,-1305,-4210,-242,0,0
-74,-38,11,-1323,-4151,-225,0,0
-65,-21,19,-1313,-4131,-184,0,0
-34,16,28,-1312,-4215,-186,0,0
5,21,40,-1318,-4177,-190,0,0
45,79,41,-1323,-4173,-222,0,0
56,124,10,-1336,-4222,-228,0,0
61,163,-43,-1349,-4200,-304,0,0
36,165,-57,-1355,-4275,-324,0,0
2,120,-16,-1314,-4182,-317,0,0
-7,87,37,-1313,-4212,-298,0,0
-18,36,85,-1328,-4148,-284,0,0
-32,7,116,-1311,-4094,-318,0,0
-60,-44,144,-1309,-4127,-270,0,0
-80,-72,143,-1320,-4234,-243,0,0
-80,-112,130,-1312,-4323,-190,0,0
-37,-91,134,-1336,-4201,-225,0,0
3,43,116,-1305,-4170,-253,0,0
8,58,63,-1290,-4122,-267,0,0
8,7,9,-1345,-4163,-274,0,0
17,44,-45,-1380,-4193,-258,0,0
25,99,-92,-1384,-4195,-294,0,0
14,99,-102,-1373,-4179,-312,0,0
-5,70,-85,-1385,-4244,-298,0,0
-23,73,-73,-1403,-4177,-326,0,0
-54,89,-39,-1353,-4123,-304,0,0
-85,16,8,-1353,-4175,-245,0,0
-84,-25,42,-1364,-4217,-235,0,0
-68,-27,60,-1374,-4250,-217,0,0
-54,-29,75,-1353,-4186,-254,0,0
-51,-49,91,-1348,-4172,-261,0,0
-38,-55,83,-1348,-4190,-292,0,0
-25,-60,52,-1354,-4210,-310,0,0
-22,-44,39,-1354,-4116,-333,0,0
-14,0,24,-1349,-4088,-378,0,0
-20,-6,2,-1350,-4142,-354,0,0
-27,-28,-16,-1379,-4149,-341,0,0
-24,-1,-21,-1370,-4113,-345,0,0
-25,2,-9,-1376,-4119,-310,0,0
-19,15,-10,-1373,-4170,-287,0,0
5,33,-33,-1379,-4164,-337,0,0
-1,42,-24,-1351,-4048,-322,0,0
-12,26,17,-1309,-3962,-317,0,0
7,42,40,-1304,-3830,-324,0,0
47,211,9,-1385,-3929,-311,0,0
65,497,-122,-1399,-4491,-432,0,0
3,400,-254,-1347,-4669,-426,0,0
-26,-1,-198,-1367,-4331,-326,0,0
40,19,-51,-1357,-4115,-416,0,0
61,208,45,-1260,-4215,-375,0,0
13,44,68,-1230,-4253,-300,0,0
-20,-122,19,-1246,-4230,-307,0,0
-11,-96,-55,-1307,-4237,-251,0,0
23,36,-108,-1284,-4200,-273,0,0
42,100,-107,-1266,-4160,-292,0,0
56,112,-89,-1267,-4248,-301,0,0
63,117,-74,-1284,-4289,-302,0,0
61,169,-43,-1271,-4176,-391,0,0
29,100,26,-1268,-4170,-439,0,0
-10,-3,80,-1230,-4176,-450,0,0
-17,-83,90,-1183,-4202,-370,0,0
1,-117,40,-1139,-4211,-314,0,0
34,-104,-36,-1144,-4155,-362,0,0
38,-107,-100,-1174,-4234,-343,0,0
45,-122,-142,-1254,-4190,-336,0,0
44,-63,-158,-1285,-4249,-357,0,0
9,-82,-133,-1298,-4187,-274,0,0
-3,-74,-119,-1254,-4230,-259,0,0
-16,-94,-93,-1216,-4301,-186,0,0
-10,-94,-62,-1160,-4258,-186,0,0
13,-68,-26,-1102,-4284,-216,0,0
18,-46,5,-1046,-4261,-238,0,0
1,-50,-8,-1006,-4287,-289,0,0
-43,-162,-40,-976,-4319,-303,0,0
-73,-253,-62,-1037,-4255,-413,0,0
-108,-242,-42,-1111,-4307,-402,0,0
-148,-264,1,-1055,-4344,-337,0,0
-154,-294,10,-1081,-4312,-339,0,0
-158,-238,5,-1129,-4342,-375,0,0
-190,-216,27,-1098,-4329,-368,0,0
-201,-217,29,-1053,-4330,-480,0,0
-247,-287,-11,-982,-4313,-449,0,0
-281,-373,-31,-1016,-4151,-362,0,0
-229,-275,-13,-1094,-4191,-408,0,0
-181,-143,38,-1106,-4287,-541,0,0
-169,-140,80,-1109,-4247,-665,0,0
-157,-94,90,-1119,-4178,-683,0,0
-126,22,51,-1126,-4137,-666,0,0
-53,133,-40,-1114,-4086,-670,0,0
42,205,-99,-1139,-4061,-757,0,0
77,244,-82,-1102,-4095,-786,0,0
82,218,-52,-1068,-4076,-802,0,0
116,196,-26,-1058,-4019,-781,0,0
172,239,14,-1167,-4010,-700,0,0
198,373,30,-1144,-4199,-772,0,0
145,323,40,-1112,-4481,-741,0,0
77,116,138,-1134,-4399,-667,0,0
36,128,291,-1078,-4357,-644,0,0
-23,175,432,-951,-4243,-566,0,0
-21,80,487,-954,-4170,-580,0,0
8,-40,455,-1172,-4156,-540,0,0
9,-55,417,-1308,-3947,-405,0,0
8,121,317,-1178,-3933,-420,0,0
-11,115,163,-1178,-4063,-427,0,0
-23,-53,21,-1240,-4233,-359,0,0
-19,-117,-97,-1318,-4301,-369,0,0
-18,-55,-127,-1290,-4127,-348,0,0
1,-14,-101,-1269,-4033,-325,0,0
25,-13,-122,-1297,-4076,-355,0,0
14,-88,-190,-1311,-4165,-318,0,0
-1,-186,-238,-1316,-4065,-311,0,0
2,-245,-219,-1318,-4159,-324,0,0
11,-292,-159,-1325,-4185,-238,0,0
40,-241,-140,-1352,-4211,-233,0,0
61,-146,-146,-1348,-4258,-276,0,0
69,-165,-121,-1322,-4221,-267,0,0
84,-188,-77,-1324,-4203,-282,0,0
94,-191,-36,-1305,-4326,-272,0,0
95,-198,-20,-1317,-4270,-291,0,0
83,-155,-15,-1295,-4288,-345,0,0
38,-208,21,-1315,-4360,-335,0,0
10,-210,36,-1297,-4314,-428,0,0
-10,-169,48,-1272,-4266,-417,0,0
-20,-103,49,-1247,-4170,-388,0,0
-25,-62,11,-1228,-4207,-305,0,0
-18,-101,-19,-1244,-4237,-207,0,0
12,-26,-52,-1243,-4146,-206,0,0
25,60,-98,-1205,-4146,-240,0,0
17,34,-122,-1212,-4125,-235,0,0
12,35,-144,-1237,-4190,-205,0,0
4,53,-155,-1234,-4272,-200,0,0
-1,16,-123,-1248,-4306,-170,0,0
19,10,-57,-1227,-4291,-170,0,0
42,23,17,-1213,-4332,-196,0,0
43,31,52,-1174,-4317,-263,0,0
26,-1,73,-1130,-4287,-251,0,0
23,-4,89,-1093,-4217,-232,0,0
35,41,59,-1060,-4254,-276,0,0
23,10,29,-1062,-4224,-226,0,0
22,8,1,-1087,-4166,-248,0,0
13,6,-36,-1089,-4218,-207,0,0
-4,-61,-52,-1141,-4210,-162,0,0
9,-46,-50,-1187,-4256,-180,0,0
17,-27,-15,-1183,-4259,-172,0,0
14,-30,30,-1173,-4235,-205,0,0
7,-18,37,-1170,-4305,-188,0,0
2,-22,18,-1202,-4217,-229,0,0
-17,-8,16,-1201,-4199,-272,0,0
-48,-57,37,-1228,-4232,-233,0,0
-51,-40,58,-1241,-4219,-220,0,0
-41,19,53,-1243,-4242,-227,0,0
-48,20,42,-1262,-4175,-235,0,0
-52,37,45,-1267,-4179,-236,0,0
-50,48,60,-1273,-4203,-230,0,0
-39,59,65,-1293,-4212,-260,0,0
-52,54,84,-1288,-4221,-253,0,0
-67,42,116,-1286,-4204,-291,0,0
-68,36,136,-1250,-4287,-285,0,0
-58,29,155,-1267,-4262,-284,0,0
-49,109,163,-1250,-4202,-336,0,0
-66,91,179,-1235,-4174,-323,0,0
-85,19,194,-1259,-4166,-296,0,0
-87,34,171,-1265,-4199,-326,0,0
-94,30,138,-1263,-4283,-300,0,0
-96,-27,122,-1281,-4238,-283,0,0
-69,-15,113,-1288,-4147,-305,0,0
-42,12,89,-1277,-4171,-292,0,0
-25,1,48,-1275,-4176,-280,0,0
1,5,8,-1282,-4217,-272,0,0
32,9,-11,-1267,-4218,-245,0,0
65,20,-28,-1266,-4212,-250,0,0
85,51,-51,-1246,-4152,-255,0,0
94,61,-72,-1210,-3942,-289,0,0
87,43,-88,-1180,-3940,-312,0,0
57,-26,-123,-1235,-4285,-253,0,0
44,-58,-212,-1305,-4617,-240,0,0
72,-79,-253,-1327,-4558,-277,0,0
133,-24,-196,-1311,-4337,-276,0,0
183,130,-169,-1253,-4130,-363,0,0
148,127,-197,-1247,-4084,-451,0,0
67,50,-199,-1226,-4041,-367,0,0
45,74,-205,-1187,-4174,-206,0,0
59,57,-211,-1205,-4295,-124,0,0
90,71,-200,-1245,-4318,-160,0,0
120,115,-147,-1223,-4290,-134,0,0
144,176,-59,-1190,-4100,-139,0,0
124,240,35,-1106,-4135,-110,0,0
71,169,105,-1039,-4307,-137,0,0
35,37,119,-1045,-4319,-192,0,0
26,-17,85,-1114,-4307,-298,0,0
7,6,72,-1208,-4352,-374,0,0
-34,59,85,-1234,-4297,-325,0,0
-78,81,110,-1142,-4210,-238,0,0
-90,58,134,-1099,-4183,-123,0,0
-82,38,117,-1162,-4229,-62,0,0
-63,26,91,-1220,-4225,-124,0,0
-46,50,90,-1200,-4206,-161,0,0
-35,29,106,-1201,-4195,-161,0,0
-19,25,105,-1189,-4244,-195,0,0
-6,26,83,-1197,-4249,-223,0,0
-9,17,62,-1196,-4251,-237,0,0
-8,21,60,-1214,-4212,-274,0,0
-19,34,53,-1206,-4251,-270,0,0
-41,-9,46,-1234,-4246,-246,0,0
-55,9,46,-1240,-4182,-271,0,0
-74,4,39,-1248,-4163,-258,0,0
-86,-19,23,-1260,-4222,-236,0,0
-81,-35,22,-1270,-4204,-210,0,0
-61,-22,28,-1277,-4157,-219,0,0
-46,3,38,-1274,-4183,-234,0,0
-42,-4,49,-1264,-4141,-232,0,0
-31,-10,46,-1264,-4209,-251,0,0
-34,-23,39,-1259,-4191,-256,0,0
-40,-34,49,-1236,-4136,-256,0,0
-24,-34,30,-1228,-4176,-294,0,0
-21,-69,-17,-1234,-4232,-260,0,0
-17,-86,-37,-1242,-4145,-256,0,0
5,-51,-41,-1219,-4103,-292,0,0
10,-45,-60,-1233,-4101,-262,0,0
9,-12,-103,-1256,-4177,-275,0,0
12,9,-148,-1273,-4275,-295,0,0
5,-5,-147,-1288,-4258,-290,0,0
6,-13,-111,-1271,-4266,-287,0,0
15,-38,-62,-1248,-4302,-256,0,0
20,-54,-31,-1238,-4267,-236,0,0
34,-10,-20,-1204,-4194,-248,0,0
44,6,-26,-1178,-4217,-279,0,0
28,-31,-38,-1181,-4259,-249,0,0
21,-39,-43,-1175,-4234,-280,0,0
21,-22,-24,-1148,-4253,-262,0,0
25,-22,-19,-1158,-4241,-258,0,0
19,-5,-60,-1060,-4276,-273,0,0
-15,-111,-141,-971,-4221,-232,0,0
-25,-170,-188,-1022,-4238,-213,0,0
-3,-84,-138,-1093,-4275,-166,0,0
30,21,-37,-1111,-4299,-212,0,0
29,-14,26,-1100,-4297,-227,0,0
2,-82,48,-1099,-4235,-203,0,0
-2,-92,52,-1089,-4206,-236,0,0
2,-111,46,-1098,-4247,-217,0,0
2,-120,35,-1115,-4274,-242,0,0
-4,-99,39,-1101,-4248,-252,0,0
-7,-105,57,-1079,-4241,-257,0,0
-6,-113,53,-1011,-4210,-242,0,0
-13,-131,-30,-948,-4254,-228,0,0
-17,-122,-105,-1040,-4217,-223,0,0
6,3,-106,-1135,-4245,-244,0,0
9,47,-29,-1143,-4349,-235,0,0
-12,-55,63,-1185,-4329,-208,0,0
-16,-61,107,-1176,-4244,-194,0,0
-6,-26,126,-1138,-4209,-173,0,0
14,-26,136,-1139,-4176,-145,0,0
51,13,112,-1133,-4210,-133,0,0
85,38,73,-1115,-4184,-110,0,0
120,56,48,-1109,-4146,-100,0,0
165,97,7,-1110,-4138,-112,0,0
191,123,-42,-1127,-4211,-109,0,0
184,114,-60,-1141,-4302,-74,0,0
176,122,-45,-1157,-4298,-102,0,0
156,129,-19,-1150,-4311,-52,0,0
135,135,0,-1169,-4269,-13,0,0
135,213,-26,-1193,-4244,-31,0,0
111,269,-67,-1209,-4272,-32,0,0
65,234,-75,-1231,-4274,-41,0,0
35,252,-57,-1256,-4351,-30,0,0
-1,257,-4,-1251,-4387,-14,0,0
-58,208,84,-1262,-4368,-89,0,0
-137,122,173,-1268,-4318,-129,0,0
-215,17,257,-1275,-4270,-116,0,0
-262,-55,316,-1291,-4243,-101,0,0
-260,-31,318,-1302,-4131,-98,0,0
-221,4,281,-1303,-4197,-93,0,0
-163,62,216,-1366,-4285,-115,0,0
-130,212,102,-1392,-4255,-151,0,0
-134,310,-10,-1386,-4115,-190,0,0
-157,325,-70,-1375,-4047,-243,0,0
-210,213,-71,-1365,-4061,-194,0,0
-240,45,-42,-1384,-4158,-162,0,0
-227,-45,7,-1422,-4241,-116,0,0
-182,-72,82,-1418,-4201,-113,0,0
-118,-82,175,-1386,-4206,-118,0,0
-57,-100,255,-1367,-4207,-125,0,0
-1,-117,272,-1351,-4082,-138,0,0
51,-91,227,-1333,-4031,-162,0,0
93,-88,132,-1351,-4048,-155,0,0
146,-53,-5,-1402,-4150,-161,0,0
204,38,-144,-1459,-4241,-233,0,0
219,141,-226,-1452,-4145,-303,0,0
201,146,-239,-1424,-4106,-378,0,0
154,-9,-190,-1383,-3956,-402,0,0
116,-180,-95,-1432,-3918,-310,0,0
122,-124,-53,-1481,-4046,-293,0,0
135,17,-90,-1494,-4175,-287,0,0
140,117,-128,-1522,-4371,-273,0,0
128,185,-138,-1550,-4479,-323,0,0
90,225,-86,-1514,-4285,-306,0,0
63,239,-2,-1480,-4114,-306,0,0
40,237,50,-1480,-4147,-328,0,0
-5,224,68,-1469,-4142,-277,0,0
-43,214,119,-1426,-4095,-267,0,0
-62,196,216,-1377,-4222,-238,0,0
-76,159,296,-1351,-4509,-147,0,0
-65,120,313,-1318,-4446,-124,0,0
-20,127,309,-1299,-4171,-161,0,0
23,156,305,-1256,-3942,-225,0,0
27,142,284,-1243,-4055,-184,0,0
21,104,199,-1248,-4161,-179,0,0
46,75,62,-1267,-4175,-213,0,0
71,36,-66,-1297,-4171,-190,0,0
110,106,-169,-1364,-4165,-243,0,0
141,249,-263,-1370,-4128,-302,0,0
144,304,-309,-1371,-4127,-372,0,0
114,272,-295,-1357,-4179,-355,0,0
101,210,-254,-1383,-4305,-366,0,0
97,209,-231,-1409,-4297,-416,0,0
61,210,-213,-1391,-4162,-441,0,0
-3,139,-175,-1378,-4115,-423,0,0
-56,70,-135,-1411,-4130,-373,0,0
-82,72,-124,-1439,-4240,-300,0,0
-84,101,-123,-1459,-4259,-329,0,0
-98,127,-75,-1420,-4162,-318,0,0
-100,106,36,-1383,-4178,-284,0,0
-73,82,159,-1351,-4221,-271,0,0
-46,67,232,-1349,-4268,-236,0,0
-30,121,225,-1342,-4236,-245,0,0
-21,154,213,-1316,-4124,-258,0,0
8,171,205,-1328,-4134,-247,0,0
46,228,199,-1304,-4153,-279,0,0
67,225,218,-1259,-4162,-285,0,0
96,176,264,-1252,-4154,-284,0,0
140,165,259,-1259,-4169,-326,0,0
148,130,202,-1253,-4111,-345,0,0
128,73,112,-1260,-4086,-358,0,0
117,37,13,-1283,-4029,-385,0,0
121,32,-61,-1331,-4176,-354,0,0
139,98,-139,-1380,-4364,-368,0,0
155,213,-209,-1378,-4267,-440,0,0
133,300,-238,-1355,-4169,-457,0,0
79,292,-259,-1342,-4133,-461,0,0
27,225,-288,-1366,-4096,-424,0,0
-14,208,-329,-1392,-4099,-396,0,0
-75,165,-359,-1382,-4207,-313,0,0
-119,60,-317,-1381,-4171,-232,0,0
-103,13,-188,-1357,-4212,-202,0,0
-71,-50,-18,-1339,-4132,-247,0,0
-85,-119,181,-1277,-4034,-192,0,0
-78,-115,318,-1297,-4331,-256,0,0
-82,-132,307,-1250,-4617,-202,0,0
-39,-271,253,-1273,-4229,-219,0,0
46,-141,215,-1286,-4007,-368,0,0
46,17,202,-1223,-4035,-408,0,0
-30,-114,213,-1179,-4240,-393,0,0
-107,-321,196,-1214,-4346,-386,0,0
-151,-429,157,-1259,-4445,-302,0,0
-167,-365,130,-1256,-4256,-329,0,0
-198,-298,110,-1186,-4099,-361,0,0
-257,-471,88,-1163,-4158,-344,0,0
-308,-704,59,-1208,-4150,-239,0,0
-310,-748,5,-1263,-4116,-242,0,0
-321,-727,-27,-1252,-4192,-275,0,0
-372,-855,10,-1228,-4307,-249,0,0
-403,-1076,74,-1201,-4127,-341,0,0
-434,-1370,64,-1304,-4147,-311,0,0
-461,-1508,-71,-1665,-4084,-191,0,0
-420,-1150,-168,-1796,-4007,-197,0,0
-333,-794,-190,-1798,-4015,-134,0,0
-256,-674,-199,-1783,-4002,-166,0,0
-221,-647,-194,-1725,-3987,-130,0,0
-186,-608,-198,-1676,-4110,-121,0,0
-142,-607,-231,-1654,-4211,-167,0,0
-107,-571,-263,-1595,-4186,-178,0,0
-66,-551,-263,-1566,-4183,-194,0,0
-8,-461,-266,-1557,-4225,-231,0,0
36,-312,-276,-1548,-4152,-292,0,0
39,-189,-257,-1506,-4055,-325,0,0
29,-116,-208,-1495,-4099,-348,0,0
11,-59,-183,-1516,-4264,-340,0,0
-5,-5,-179,-1518,-4207,-350,0,0
-20,83,-154,-1507,-4222,-361,0,0
-51,129,-112,-1484,-4191,-379,0,0
-82,114,-53,-1469,-4206,-313,0,0
-71,125,29,-1472,-4216,-302,0,0
-38,218,105,-1451,-4213,-283,0,0
-8,321,165,-1404,-4156,-287,0,0
4,383,207,-1370,-4153,-308,0,0
-1,398,216,-1351,-4207,-288,0,0
-9,401,200,-1356,-4144,-276,0,0
-24,453,189,-1311,-3987,-271,0,0
-51,430,180,-1284,-4020,-218,0,0
-75,337,130,-1316,-4169,-162,0,0
-90,249,41,-1345,-4291,-144,0,0
-111,97,0,-1342,-4376,-121,0,0
-106,-113,91,-1317,-4204,-92,0,0
-46,-205,268,-1267,-4084,-105,0,0
25,-202,419,-1250,-4066,-110,0,0
43,-328,467,-989,-4046,-543,0,0
-132,-1143,408,-1180,-4057,-690,0,0
-304,-1615,174,-1545,-4299,-506,0,0
-322,-1050,-85,-1546,-4155,-538,0,0
-287,-472,-221,-1473,-4274,-389,0,0
-221,-162,-272,-1495,-4255,-253,0,0
-126,233,-286,-1415,-4182,-176,0,0
-51,410,-305,-1321,-4140,-195,0,0
-23,195,-324,-1329,-4100,-279,0,0
-46,-48,-350,-1408,-4158,-218,0,0
-48,-137,-371,-1437,-4180,-244,0,0
-13,-166,-343,-1462,-4234,-254,0,0
49,-127,-292,-1475,-4229,-330,0,0
81,-116,-249,-1412,-4193,-384,0,0
58,-68,-183,-1490,-4207,-348,0,0
72,136,-123,-1480,-4305,-391,0,0
112,317,-115,-1472,-4315,-453,0,0
111,362,-114,-1493,-4163,-442,0,0
93,458,-52,-1520,-4010,-434,0,0
69,538,79,-1353,-4171,-544,0,0
-15,70,335,-1180,-4561,-507,0,0
-73,-492,671,-1259,-4378,-312,0,0
-20,-331,832,-1359,-4174,-294,0,0
36,119,749,-1280,-4046,-258,0,0
62,231,492,-1218,-3926,-309,0,0
59,144,172,-1257,-3882,-315,0,0
56,110,-111,-1297,-4034,-330,0,0
63,97,-274,-1351,-4128,-297,0,0
106,202,-349,-1411,-4194,-354,0,0
146,374,-379,-1424,-4203,-402,0,0
146,473,-365,-1412,-4202,-444,0,0
108,465,-305,-1394,-4201,-482,0,0
60,376,-219,-1413,-4213,-452,0,0
30,330,-142,-1447,-4168,-455,0,0
2,314,-42,-1389,-4173,-447,0,0
-28,152,110,-1336,-4271,-459,0,0
-56,-77,307,-1322,-4363,-394,0,0
-44,-134,464,-1331,-4223,-354,0,0
-14,-15,524,-1284,-4079,-363,0,0
-19,2,483,-1240,-4020,-334,0,0
-39,-88,357,-1245,-4094,-295,0,0
-36,-166,184,-1290,-4097,-270,0,0
-8,-117,22,-1313,-4088,-254,0,0
30,-39,-101,-1319,-4100,-278,0,0
50,-28,-204,-1340,-4161,-293,0,0
50,-61,-295,-1380,-4187,-300,0,0
47,-60,-360,-1396,-4173,-309,0,0
47,-46,-371,-1405,-4164,-318,0,0
45,-30,-343,-1414,-4233,-279,0,0
55,2,-307,-1423,-4286,-311,0,0
66,49,-247,-1411,-4236,-327,0,0
61,94,-165,-1384,-4157,-336,0,0
54,148,-103,-1373,-4112,-416,0,0
18,153,-33,-1361,-4164,-414,0,0
-28,144,45,-1340,-4276,-421,0,0
-87,55,156,-1278,-4362,-396,0,0
-140,-165,305,-1265,-4242,-362,0,0
-147,-230,401,-1306,-4183,-301,0,0
-131,-118,368,-1296,-4240,-332,0,0
-146,-69,248,-1311,-4248,-282,0,0
-137,0,98,-1318,-4220,-315,0,0
-113,31,3,-1288,-4190,-333,0,0
-91,-36,-16,-1329,-4145,-345,0,0
-64,-9,1,-1347,-4171,-373,0,0
-36,12,11,-1335,-4199,-421,0,0
-5,-10,16,-1386,-4104,-365,0,0
75,161,10,-1365,-3965,-438,0,0
129,266,-15,-1317,-4029,-495,0,0
107,149,-78,-1383,-4191,-420,0,0
104,160,-149,-1424,-4244,-406,0,0
138,267,-175,-1412,-4176,-381,0,0
160,312,-165,-1390,-4109,-389,0,0
147,275,-158,-1407,-4207,-379,0,0
123,250,-179,-1451,-4318,-342,0,0
120,329,-189,-1444,-4202,-304,0,0
151,486,-131,-1434,-4222,-326,0,0
157,635,-35,-1388,-4415,-367,0,0
118,641,30,-1334,-4401,-433,0,0
45,545,84,-1304,-4259,-468,0,0
-40,413,151,-1262,-4070,-501,0,0
-123,220,229,-1231,-3973,-430,0,0
-166,42,293,-1235,-4004,-344,0,0
-158,-56,317,-1247,-4144,-282,0,0
-124,-156,294,-1260,-4237,-275,0,0
-79,-208,259,-1304,-4151,-279,0,0
-16,-131,245,-1259,-4090,-389,0,0
14,-159,229,-1265,-4156,-423,0,0
18,-192,172,-1311,-4205,-459,0,0
12,-144,62,-1321,-4164,-495,0,0
1,-120,-56,-1371,-4118,-480,0,0
-1,-17,-150,-1408,-4103,-505,0,0
-10,41,-206,-1386,-4218,-522,0,0
-37,-50,-229,-1439,-4273,-548,0,0
-72,-87,-214,-1446,-4161,-554,0,0
-87,-94,-162,-1450,-4118,-523,0,0
-80,-80,-106,-1450,-4147,-503,0,0
-71,-90,-65,-1446,-4122,-505,0,0
-74,-112,-42,-1466,-4095,-465,0,0
-74,-73,-21,-1473,-4087,-446,0,0
-62,-47,22,-1430,-4171,-418,0,0
-33,-65,72,-1437,-4211,-406,0,0
-1,2,95,-1434,-4254,-437,0,0
12,44,114,-1363,-4176,-483,0,0
19,11,141,-1356,-4099,-477,0,0
33,44,132,-1356,-4186,-489,0,0
36,64,87,-1338,-4192,-487,0,0
35,49,66,-1327,-4134,-482,0,0
34,59,72,-1314,-4123,-460,0,0
24,45,71,-1299,-4221,-396,0,0
33,11,46,-1294,-4110,-412,0,0
44,49,44,-1261,-4008,-421,0,0
35,47,53,-1230,-3998,-403,0,0
33,-15,42,-1216,-4053,-403,0,0
44,-81,12,-1239,-4199,-393,0,0
40,-106,-47,-1241,-4293,-344,0,0
38,-143,-127,-1221,-4235,-363,0,0
54,-193,-193,-1257,-4108,-352,0,0
70,-135,-264,-1305,-4255,-377,0,0
48,-77,-340,-1318,-4354,-397,0,0
18,-89,-370,-1346,-4307,-370,0,0
42,9,-341,-1374,-4331,-360,0,0
79,153,-290,-1363,-4432,-453,0,0
30,163,-263,-1342,-4265,-482,0,0
-52,36,-209,-1263,-4007,-440,0,0
-81,-174,-94,-1220,-3879,-387,0,0
-48,-337,62,-1219,-4030,-226,0,0
46,-320,158,-1246,-4324,-145,0,0
160,-89,135,-1263,-4313,-158,0,0
254,212,-26,-1264,-4208,-298,0,0
231,368,-224,-1213,-4324,-384,0,0
102,175,-295,-1171,-4355,-335,0,0
-6,-65,-216,-1224,-4214,-285,0,0
-33,-72,-76,-1250,-4204,-267,0,0
-26,0,43,-1248,-4391,-235,0,0
-24,33,104,-1241,-4336,-274,0,0
-26,76,153,-1224,-4240,-342,0,0
-59,75,221,-1191,-4291,-324,0,0
-92,19,273,-1183,-4248,-288,0,0
-85,23,293,-1180,-4210,-258,0,0
-68,43,294,-1193,-4184,-222,0,0
-49,94,286,-1185,-4180,-241,0,0
-36,100,267,-1161,-4216,-246,0,0
-21,48,249,-1181,-4215,-227,0,0
15,90,209,-1220,-4190,-234,0,0
39,189,121,-1218,-4222,-294,0,0
31,166,47,-1218,-4188,-321,0,0
28,119,9,-1259,-4205,-343,0,0
25,106,-10,-1251,-4247,-336,0,0
18,67,-17,-1264,-4177,-318,0,0
20,77,-34,-1275,-4170,-357,0,0
6,33,-54,-1272,-4181,-324,0,0
-4,-14,-72,-1309,-4192,-301,0,0
4,7,-119,-1325,-4221,-306,0,0
0,16,-171,-1333,-4189,-310,0,0
-11,7,-188,-1339,-4186,-329,0,0
-13,6,-181,-1345,-4265,-336,0,0
-20,-9,-140,-1367,-4262,-333,0,0
-25,2,-58,-1355,-4264,-378,0,0
-31,8,58,-1319,-4164,-393,0,0
-44,13,157,-1292,-4163,-378,0,0
-64,-20,199,-1253,-4141,-324,0,0
-54,-33,199,-1244,-4046,-297,0,0
-23,-2,185,-1221,-4124,-220,0,0
36,-26,85,-1248,-4246,-247,0,0
94,-53,-70,-1283,-4202,-290,0,0
121,-15,-176,-1321,-4059,-355,0,0
90,44,-220,-1328,-4084,-386,0,0
30,-4,-211,-1334,-4154,-414,0,0
-20,-45,-130,-1370,-4267,-282,0,0
-6,40,-35,-1378,-4373,-320,0,0
23,147,55,-1354,-4337,-338,0,0
26,217,130,-1316,-4199,-403,0,0
-6,209,171,-1263,-4091,-422,0,0
-53,97,192,-1242,-4169,-358,0,0
-76,-5,188,-1284,-4186,-310,0,0
-59,28,179,-1265,-4207,-282,0,0
-34,46,174,-1257,-4181,-295,0,0
-12,50,153,-1252,-4146,-287,0,0
7,60,93,-1270,-4107,-340,0,0
-1,51,27,-1285,-4080,-355,0,0
-18,0,-13,-1309,-4074,-381,0,0
-25,-37,-28,-1341,-4125,-403,0,0
-45,-64,-27,-1376,-4225,-401,0,0
-67,-96,-18,-1395,-4209,-384,0,0
-54,-57,6,-1414,-4178,-426,0,0
-51,2,28,-1415,-4168,-482,0,0
-98,-12,39,-1402,-4116,-477,0,0
-142,-62,64,-1400,-4110,-459,0,0
-165,-128,96,-1388,-4140,-418,0,0
-155,-180,105,-1433,-4179,-345,0,0
-111,-121,97,-1410,-4219,-353,0,0
-68,-107,82,-1437,-4157,-342,0,0
-31,-44,62,-1457,-4097,-373,0,0
5,49,53,-1444,-3977,-417,0,0
18,94,62,-1392,-4011,-459,0,0
-4,-1,53,-1398,-4246,-489,0,0
-28,-152,16,-1478,-4335,-410,0,0
-13,-65,-4,-1465,-4451,-488,0,0
-18,3,-33,-1439,-4402,-530,0,0
-33,-20,-14,-1391,-4069,-469,0,0
2,37,23,-1312,-3982,-553,0,0
-2,-59,-20,-1326,-3971,-499,0,0
-35,-141,-132,-1395,-3994,-2512,0,0
-38,-87,-211,-1393,-4020,-419,0,0
-10,-74,-242,-1423,-4174,-380,0,0
15,-66,-252,-1455,-4285,-348,0,0
55,-46,-238,-1421,-4250,-377,0,0
101,-70,-219,-1417,-4226,-407,0,0
114,-56,-216,-1458,-4138,-417,0,0
100,66,-208,-1441,-4089,-435,0,0
73,119,-145,-1379,-4091,-424,0,0
46,23,-42,-1350,-4185,-407,0,0
24,-64,44,-1372,-4378,-321,0,0
24,-16,90,-1337,-4407,-316,0,0
26,2,140,-1244,-4284,-361,0,0
20,-110,212,-1264,-4163,-338,0,0
18,-98,272,-1279,-4136,-286,0,0
31,-15,275,-1257,-4270,-256,0,0
58,19,220,-1258,-4348,-238,0,0
97,60,153,-1251,-4252,-283,0,0
120,129,115,-1246,-4162,-297,0,0
114,195,87,-1228,-4174,-332,0,0
84,173,41,-1214,-4164,-364,0,0
36,32,9,-1202,-4072,-371,0,0
-8,-114,3,-1257,-4128,-357,0,0
-52,-195,6,-1237,-4161,-323,0,0
-76,-324,38,-1248,-4227,-287,0,0
-85,-369,60,-1245,-4258,-291,0,0
-107,-418,59,-1202,-4221,-325,0,0
-150,-505,43,-1184,-4237,-363,0,0
-203,-596,-25,-1196,-4286,-430,0,0
-278,-776,-97,-1319,-4226,-400,0,0
-332,-783,-145,-1392,-4136,-318,0,0
-308,-574,-200,-1357,-4153,-281,0,0
-251,-435,-246,-1369,-4204,-272,0,0
-220,-391,-294,-1416,-4192,-304,0,0
-209,-384,-326,-1480,-4206,-325,0,0
-186,-326,-333,-1498,-4092,-362,0,0
-162,-268,-298,-1469,-4020,-388,0,0
-130,-220,-225,-1477,-4024,-367,0,0
-91,-62,-129,-1475,-3969,-386,0,0
-64,120,-62,-1424,-3969,-416,0,0
-68,222,-76,-1380,-4275,-294,0,0
-92,255,-173,-1384,-4562,-228,0,0
-107,128,-242,-1380,-4436,-210,0,0
-75,-15,-193,-1394,-4169,-207,0,0
0,-4,-31,-1390,-3994,-186,0,0
88,188,128,-1366,-4094,-196,0,0
151,351,168,-1336,-4230,-237,0,0
176,429,122,-1335,-4291,-232,0,0
192,523,62,-1326,-4324,-274,0,0
197,586,57,-1297,-4272,-246,0,0
211,637,102,-1280,-4235,-231,0,0
234,696,160,-1230,-4287,-199,0,0
250,699,202,-1212,-4285,-132,0,0
268,706,217,-1165,-4135,-85,0,0
284,691,199,-1132,-4052,-70,0,0
262,619,157,-1112,-4068,-40,0,0
221,528,85,-1129,-4227,58,0,0
211,502,-17,-1127,-4489,19,0,0
197,352,-20,-1094,-4535,39,0,0
221,254,102,-1121,-4412,-17,0,0
254,339,224,-1069,-4398,-95,0,0
240,267,313,-1011,-4232,-111,0,0
215,193,348,-1010,-4066,-162,0,0
164,203,278,-1009,-4251,-292,0,0
50,62,191,-1037,-4314,-253,0,0
-30,-57,116,-1149,-4469,-259,0,0
-44,-56,87,-1155,-4380,-231,0,0
20,38,117,-1166,-4115,-250,0,0
59,194,80,-1147,-4204,-442,0,0
-33,34,-10,-1125,-4188,-401,0,0
-118,-218,-73,-1209,-4135,-343,0,0
-126,-220,-132,-1243,-4057,-300,0,0
-76,-132,-177,-1271,-4086,-232,0,0
-34,21,-175,-1259,-4223,-230,0,0
-9,77,-142,-1237,-4289,-287,0,0
3,41,-114,-1265,-4288,-297,0,0
-12,33,-108,-1272,-4210,-304,0,0
-42,22,-116,-1282,-4192,-288,0,0
-68,5,-134,-1309,-4146,-280,0,0
-86,8,-152,-1321,-4202,-275,0,0
-101,-1,-137,-1340,-4318,-268,0,0
-102,15,-76,-1356,-4331,-283,0,0
-109,58,7,-1323,-4345,-283,0,0
-136,14,63,-1313,-4205,-301,0,0
-172,-62,81,-1290,-4139,-300,0,0
-209,-192,87,-1319,-4142,-265,0,0
-220,-271,102,-1350,-4145,-276,0,0
-216,-302,168,-1358,-4179,-238,0,0
-182,-277,274,-1349,-4143,-268,0,0
-138,-198,365,-1316,-4131,-261,0,0
-111,-151,389,-1287,-4123,-288,0,0
-117,-133,345,-1269,-4237,-282,0,0
-134,-184,237,-1287,-4276,-242,0,0
-107,-181,99,-1332,-4245,-254,0,0
-59,-127,-17,-1360,-4125,-307,0,0
-33,-64,-69,-1358,-3966,-343,0,0
-25,-45,-56,-1326,-4031,-385,0,0
-27,-144,-26,-1303,-4092,-368,0,0
-3,-221,-33,-1352,-4234,-289,0,0
41,-151,-107,-1384,-4472,-328,0,0
72,-80,-225,-1419,-4519,-352,0,0
120,-40,-313,-1435,-4301,-397,0,0
183,81,-302,-1387,-3817,-459,0,0
207,171,-262,-1392,-3760,-549,0,0
147,135,-266,-1422,-4003,-570,0,0
61,38,-278,-1437,-4128,-544,0,0
-11,-46,-217,-1432,-4264,-457,0,0
-64,-118,-95,-1401,-4385,-361,0,0
-64,-95,10,-1388,-4275,-334,0,0
-51,37,72,-1315,-4131,-311,0,0
-64,73,82,-1277,-4099,-290,0,0
-81,46,52,-1281,-4182,-252,0,0
-79,46,-11,-1320,-4264,-193,0,0
-54,97,-56,-1342,-4195,-215,0,0
-36,138,-32,-1329,-4150,-251,0,0
-45,80,63,-1322,-4195,-229,0,0
-56,-11,161,-1310,-4284,-225,0,0
-48,-74,229,-1300,-4235,-191,0,0
-14,-69,260,-1269,-4192,-215,0,0
19,-89,266,-1239,-4201,-197,0,0
63,-93,256,-1249,-4167,-213,0,0
116,-25,201,-1252,-4168,-247,0,0
148,27,102,-1259,-4151,-316,0,0
143,50,11,-1258,-4105,-353,0,0
119,43,-41,-1284,-4228,-396,0,0
87,-32,-66,-1362,-4267,-416,0,0
66,-15,-54,-1416,-4170,-448,0,0
38,38,-29,-1401,-4068,-457,0,0
5,48,-23,-1326,-4093,-331,0,0
6,57,-70,-1291,-4292,-228,0,0
22,85,-186,-1306,-4371,-232,0,0
21,103,-280,-1296,-4218,-240,0,0
4,92,-272,-1292,-4070,-260,0,0
-23,59,-200,-1289,-4121,-222,0,0
-44,-18,-131,-1284,-4155,-158,0,0
-28,-40,-82,-1287,-4246,-135,0,0
1,-25,-70,-1301,-4344,-142,0,0
8,-27,-50,-1304,-4313,-165,0,0
8,-18,12,-1277,-4255,-219,0,0
5,-43,81,-1256,-4261,-235,0,0
2,-67,118,-1238,-4266,-250,0,0
-22,-60,122,-1206,-4265,-292,0,0
-55,-109,89,-1232,-4351,-292,0,0
-84,-175,21,-1304,-4422,-282,0,0
-130,-226,13,-1306,-4109,-277,0,0
-131,-247,106,-1223,-3719,-334,0,0
-95,-254,210,-1222,-3887,-272,0,0
-43,-262,240,-1369,-4427,-126,0,0
24,-99,168,-1388,-4634,-87,0,0
121,110,69,-1306,-4283,-233,0,0
181,339,18,-1237,-3946,-480,0,0
102,346,13,-1253,-4011,-612,0,0
-44,82,23,-1320,-4212,-422,0,0
-110,-52,10,-1376,-4370,-234,0,0
-107,4,-36,-1360,-4364,-260,0,0
-76,76,-65,-1359,-4122,-265,0,0
-40,155,-52,-1352,-4043,-280,0,0
-46,158,-32,-1337,-4130,-260,0,0
-58,77,-35,-1352,-4177,-231,0,0
-29,67,-51,-1404,-4353,-210,0,0
15,146,-79,-1458,-4492,-283,0,0
26,249,-84,-1465,-4454,-438,0,0
-10,277,-1,-1390,-4133,-552,0,0
-60,216,158,-1315,-3942,-561,0,0
-111,131,273,-1284,-4018,-509,0,0
-153,41,251,-1272,-4045,-403,0,0
-155,-15,163,-1271,-4060,-328,0,0
-126,-28,88,-1280,-4089,-285,0,0
-78,-20,59,-1282,-4131,-239,0,0
-7,14,42,-1287,-4161,-271,0,0
49,38,12,-1259,-4082,-303,0,0
88,7,-13,-1258,-4047,-346,0,0
113,-23,-47,-1256,-4183,-346,0,0
135,-46,-100,-1305,-4199,-356,0,0
162,1,-120,-1299,-4159,-393,0,0
164,32,-120,-1293,-4233,-445,0,0
133,14,-139,-1310,-4234,-470,0,0
101,-25,-142,-1312,-4199,-478,0,0
60,-79,-127,-1331,-4207,-467,0,0
23,-53,-131,-1346,-4217,-481,0,0
-10,-54,-143,-1348,-4220,-460,0,0
-43,-103,-126,-1375,-4239,-416,0,0
-52,-79,-100,-1387,-4189,-403,0,0
-56,-44,-67,-1365,-4147,-379,0,0
-63,-42,-28,-1362,-4135,-346,0,0
-61,-24,0,-1357,-4173,-301,0,0
-51,-25,11,-1344,-4140,-299,0,0
-40,-15,32,-1321,-4119,-280,0,0
-21,-2,56,-1378,-4146,-280,0,0
-11,-7,90,-1370,-4163,-229,0,0
9,21,103,-1311,-4186,-284,0,0
36,51,92,-1314,-4173,-302,0,0
60,59,89,-1340,-4253,-334,0,0
63,86,93,-1363,-4351,-420,0,0
24,90,98,-1345,-4338,-517,0,0
-33,75,111,-1291,-4159,-572,0,0
-98,48,147,-1193,-4109,-441,0,0
-165,-120,179,-1290,-4221,-238,0,0
-189,-186,171,-1339,-4275,-208,0,0
-142,-138,148,-1340,-4272,-181,0,0
-61,-104,157,-1342,-4259,-182,0,0
13,-59,196,-1318,-4119,-214,0,0
87,36,206,-1292,-3987,-275,0,0
123,187,170,-1219,-3769,-365,0,0
89,197,117,-1213,-3967,-384,0,0
15,20,26,-1241,-4544,-329,0,0
-14,-196,-105,-1354,-4701,-264,0,0
46,-158,-181,-1358,-4346,-291,0,0
121,19,-172,-1351,-3960,-367,0,0
132,187,-141,-1449,-3940,-572,0,0
38,220,-142,-1422,-4123,-586,0,0
-54,80,-193,-1349,-4230,-439,0,0
-89,-41,-267,-1371,-4262,-332,0,0
-104,-49,-279,-1381,-4256,-317,0,0
-95,-73,-222,-1381,-4220,-265,0,0
-53,-103,-131,-1371,-4219,-271,0,0
-18,-136,-38,-1331,-4228,-307,0,0
-4,-226,71,-1287,-4303,-353,0,0
5,-232,141,-1300,-4244,-367,0,0
5,-135,98,-1277,-4142,-400,0,0
-12,-101,2,-1279,-4125,-385,0,0
-28,-71,-88,-1324,-4152,-363,0,0
-35,-9,-150,-1344,-4209,-383,0,0
-41,4,-162,-1363,-4219,-370,0,0
-43,7,-106,-1374,-4193,-353,0,0
-29,14,-14,-1369,-4213,-338,0,0
-10,31,69,-1357,-4271,-299,0,0
12,65,108,-1332,-4211,-312,0,0
37,103,113,-1326,-4154,-326,0,0
47,121,123,-1300,-4196,-354,0,0
35,112,140,-1282,-4197,-375,0,0
22,93,156,-1259,-4184,-377,0,0
15,67,162,-1250,-4198,-374,0,0
8,52,146,-1262,-4216,-364,0,0
15,96,88,-1252,-4187,-342,0,0
24,107,29,-1236,-4123,-311,0,0
25,73,-13,-1259,-4126,-343,0,0
22,71,-50,-1268,-4160,-335,0,0
25,51,-81,-1289,-4165,-342,0,0
21,70,-90,-1311,-4151,-362,0,0
10,67,-76,-1302,-4164,-355,0,0
4,25,-52,-1313,-4255,-345,0,0
9,3,-35,-1348,-4258,-325,0,0
27,48,-34,-1354,-4182,-343,0,0
42,101,-35,-1351,-4099,-360,0,0
39,116,-28,-1333,-4116,-383,0,0
20,46,10,-1332,-4214,-396,0,0
3,-13,86,-1326,-4197,-388,0,0
-14,-12,173,-1249,-4033,-423,0,0
-42,-73,232,-1218,-4006,-366,0,0
-52,-107,231,-1238,-4201,-287,0,0
-30,-76,126,-1274,-4385,-257,0,0
6,-38,-15,-1302,-4311,-268,0,0
53,43,-79,-1326,-4135,-300,0,0
88,170,-83,-1300,-4165,-359,0,0
67,133,-76,-1274,-4228,-373,0,0
26,-2,-60,-1294,-4253,-320,0,0
21,-51,-64,-1312,-4242,-317,0,0
35,-59,-64,-1333,-4191,-298,0,0
52,-13,-56,-1338,-4208,-321,0,0
58,28,-55,-1325,-4262,-364,0,0
50,22,-38,-1305,-4206,-381,0,0
52,50,-12,-1257,-4205,-367,0,0
68,80,-5,-1245,-4154,-339,0,0
81,144,-15,-1233,-4026,-365,0,0
66,192,-17,-1251,-4100,-375,0,0
17,183,-7,-1234,-4227,-380,0,0
-45,-16,91,-1210,-4359,-236,0,0
-29,-202,227,-1217,-4379,-176,0,0
67,-150,283,-1110,-4003,-150,0,0
176,-102,225,-1063,-3903,-184,0,0
249,-94,43,-1221,-4146,-169,0,0
275,-1,-240,-1437,-4412,-202,0,0
216,89,-464,-1484,-4475,-146,0,0
130,198,-567,-1382,-4311,-11,0,0
64,329,-571,-1321,-4254,67,0,0
-22,357,-503,-1249,-4233,66,0,0
-125,206,-386,-1278,-4410,96,0,0
-228,15,-242,-1282,-4568,149,0,0
-261,-176,-109,-1278,-4408,99,0,0
-251,-270,-14,-1307,-4212,21,0,0
-246,-235,50,-1342,-4169,-90,0,0
-272,-194,127,-1290,-4226,-175,0,0
-271,-276,235,-1295,-4167,-136,0,0
-158,-85,310,-1325,-4157,-198,0,0
-29,242,372,-1132,-4188,-505,0,0
-48,137,484,-1070,-4227,-561,0,0
-138,-98,529,-1008,-4263,-621,0,0
-199,-269,477,-1036,-4156,-615,0,0
-187,-316,385,-1166,-4208,-512,0,0
-135,-173,297,-1237,-4253,-503,0,0
-81,-4,228,-1186,-4138,-544,0,0
-66,22,157,-1147,-4066,-565,0,0
-96,-107,81,-1168,-4041,-538,0,0
-112,-213,-9,-1243,-4085,-488,0,0
-81,-236,-109,-1291,-4108,-458,0,0
-14,-190,-194,-1351,-4088,-456,0,0
52,-69,-264,-1386,-4085,-481,0,0
92,43,-308,-1396,-4119,-552,0,0
56,-33,-269,-1430,-4178,-567,0,0
5,-175,-154,-1490,-4224,-540,0,0
8,-165,-43,-1497,-4215,-501,0,0
27,-114,39,-1487,-4165,-482,0,0
20,-65,93,-1421,-4064,-449,0,0
29,-25,92,-1372,-4155,-419,0,0
38,-40,53,-1405,-4156,-365,0,0
62,15,19,-1442,-4047,-376,0,0
78,138,10,-1416,-4114,-381,0,0
75,155,5,-1399,-4140,-384,0,0
67,170,17,-1324,-4149,-281,0,0
72,181,42,-1253,-4260,-231,0,0
87,161,12,-1219,-4253,-291,0,0
76,120,-49,-1194,-4171,-378,0,0
46,80,-88,-1240,-4282,-388,0,0
11,57,-110,-1297,-4418,-410,0,0
-30,-21,-81,-1349,-4318,-417,0,0
-52,-75,10,-1356,-4102,-360,0,0
-54,-39,75,-1338,-4066,-285,0,0
-61,-44,71,-1319,-4182,-198,0,0
-51,-104,25,-1315,-4208,-161,0,0
-21,-115,3,-1322,-4205,-226,0,0
6,-67,8,-1302,-4194,-301,0,0
10,-51,12,-1289,-4224,-363,0,0
-10,-82,-5,-1306,-4223,-439,0,0
-34,-108,-5,-1336,-4178,-447,0,0
-45,-100,7,-1340,-4196,-393,0,0
-39,-83,8,-1323,-4231,-347,0,0
-25,-79,0,-1320,-4168,-304,0,0
-1,-46,-10,-1330,-4143,-300,0,0
13,-29,-21,-1350,-4152,-319,0,0
15,-32,-34,-1388,-4159,-305,0,0
20,-8,-37,-1409,-4212,-305,0,0
32,34,-18,-1389,-4206,-318,0,0
40,73,6,-1321,-4165,-338,0,0
37,47,12,-1280,-4209,-317,0,0
38,33,2,-1269,-4238,-311,0,0
40,41,-10,-1278,-4246,-337,0,0
30,46,-11,-1303,-4257,-360,0,0
6,35,-6,-1312,-4192,-314,0,0
-7,17,11,-1298,-4162,-243,0,0
-4,8,16,-1294,-4199,-172,0,0
19,55,3,-1283,-4152,-202,0,0
32,63,-2,-1289,-4130,-226,0,0
29,33,11,-1289,-4267,-212,0,0
41,10,12,-1283,-4248,-279,0,0
47,-12,5,-1294,-4198,-329,0,0
29,19,18,-1270,-4203,-372,0,0
11,32,15,-1235,-4212,-374,0,0
-1,17,-14,-1260,-4244,-306,0,0
-10,13,-25,-1317,-4249,-273,0,0
-14,47,-1,-1290,-4159,-267,0,0
-8,39,16,-1273,-4156,-246,0,0
-1,34,6,-1277,-4173,-250,0,0
2,30,-14,-1304,-4173,-283,0,0
-8,4,-2,-1303,-4191,-251,0,0
1,15,22,-1263,-4167,-249,0,0
12,23,25,-1229,-4170,-244,0,0
12,-12,-7,-1264,-4213,-270,0,0
2,-14,-16,-1292,-4188,-278,0,0
-8,-11,9,-1267,-4155,-286,0,0
-14,-20,19,-1229,-4157,-294,0,0
-36,-65,17,-1231,-4134,-271,0,0
-50,-90,-3,-1244,-4174,-270,0,0
-49,-116,-34,-1304,-4214,-280,0,0
-43,-96,-61,-1372,-4271,-252,0,0
-22,-11,-56,-1398,-4349,-235,0,0
1,41,-4,-1358,-4243,-305,0,0
-20,42,56,-1242,-4165,-307,0,0
-37,7,64,-1183,-4180,-266,0,0
-36,-42,52,-1169,-4213,-259,0,0
-31,-77,33,-1212,-4250,-273,0,0
-21,-58,11,-1262,-4231,-326,0,0
-23,-57,13,-1305,-4200,-329,0,0
-26,-46,24,-1328,-4201,-300,0,0
-22,-27,13,-1344,-4178,-320,0,0
-35,-28,15,-1352,-4181,-310,0,0
-40,-19,25,-1325,-4192,-316,0,0
-35,-23,22,-1302,-4223,-301,0,0
-32,-40,15,-1307,-4237,-276,0,0
-15,0,7,-1300,-4178,-294,0,0
-4,20,7,-1293,-4147,-305,0,0
-8,1,4,-1308,-4168,-304,0,0
-7,-1,-7,-1330,-4205,-275,0,0
8,6,-8,-1364,-4211,-288,0,0
15,53,5,-1367,-4205,-315,0,0
16,61,9,-1334,-4161,-326,0,0
16,30,23,-1295,-4210,-283,0,0
29,30,8,-1293,-4237,-292,0,0
40,43,-9,-1280,-4192,-295,0,0
43,57,5,-1264,-4156,-332,0,0
31,51,8,-1263,-4218,-318,0,0
16,-7,-8,-1308,-4226,-290,0,0
18,8,-2,-1346,-4202,-304,0,0
8,40,19,-1339,-4170,-321,0,0
1,18,27,-1325,-4186,-301,0,0
-5,8,27,-1335,-4200,-291,0,0
-13,17,21,-1338,-4191,-295,0,0
-17,23,27,-1312,-4213,-271,0,0
-8,40,34,-1293,-4179,-273,0,0
-1,53,30,-1265,-4194,-267,0,0
6,32,9,-1296,-4208,-281,0,0
8,54,-4,-1316,-4176,-313,0,0
-6,35,7,-1321,-4146,-321,0,0
-7,17,8,-1327,-4200,-275,0,0
5,24,5,-1345,-4199,-278,0,0
15,40,5,-1339,-4171,-305,0,0
17,43,7,-1328,-4165,-302,0,0
15,42,10,-1308,-4160,-286,0,0
24,55,5,-1298,-4216,-289,0,0
24,35,-6,-1314,-4205,-294,0,0
10,49,12,-1279,-4119,-305,0,0
0,21,30,-1261,-4157,-265,0,0
7,-4,16,-1268,-4206,-255,0,0
10,0,-6,-1282,-4172,-286,0,0
-7,-35,6,-1275,-4057,-329,0,0
-37,-69,30,-1273,-4114,-296,0,0
-56,-96,22,-1306,-4266,-229,0,0
-32,-101,1,-1368,-4382,-249,0,0
-2,-52,24,-1389,-4324,-254,0,0
18,49,58,-1330,-4136,-359,0,0
6,48,57,-1285,-4097,-368,0,0
-22,-16,32,-1324,-4143,-306,0,0
-27,-1,1,-1322,-4199,-267,0,0
-15,-20,1,-1346,-4213,-254,0,0
9,9,22,-1381,-4180,-273,0,0
17,60,29,-1383,-4234,-293,0,0
4,32,24,-1368,-4184,-297,0,0
1,23,40,-1336,-4149,-252,0,0
21,46,16,-1324,-4181,-272,0,0
30,39,-44,-1333,-4194,-286,0,0
22,14,-75,-1385,-4223,-292,0,0
23,45,-67,-1395,-4208,-352,0,0
-2,20,-31,-1394,-4184,-322,0,0
-25,0,3,-1372,-4168,-262,0,0
-10,35,1,-1338,-4197,-250,0,0
0,32,-14,-1374,-4207,-287,0,0
-13,40,-3,-1366,-4184,-307,0,0
-13,36,13,-1340,-4195,-289,0,0
-9,28,21,-1334,-4220,-278,0,0
-5,31,18,-1315,-4175,-265,0,0
12,42,16,-1281,-4173,-254,0,0
32,51,-14,-1272,-4222,-269,0,0
34,25,-65,-1297,-4291,-237,0,0
46,14,-79,-1343,-4205,-244,0,0
57,79,-54,-1353,-4175,-284,0,0
29,69,-10,-1323,-4095,-339,0,0
-5,-10,20,-1296,-4154,-314,0,0
-27,-64,33,-1292,-4247,-246,0,0
-14,-47,40,-1269,-4225,-257,0,0
2,-20,43,-1236,-4187,-280,0,0
0,-23,28,-1212,-4146,-257,0,0
10,12,-12,-1246,-4217,-280,0,0
2,-12,-40,-1350,-4260,-296,0,0
-13,-7,-11,-1357,-4195,-288,0,0
-10,15,33,-1297,-4166,-278,0,0
-9,-16,39,-1277,-4221,-258,0,0
-5,-18,18,-1272,-4208,-248,0,0
10,7,-1,-1273,-4194,-282,0,0
5,-10,-3,-1295,-4182,-266,0,0
7,11,-11,-1296,-4158,-279,0,0
4,6,-10,-1320,-4211,-269,0,0
1,3,-14,-1346,-4238,-253,0,0
-1,36,6,-1292,-4155,-283,0,0
-6,3,15,-1267,-4179,-254,0,0
-4,-14,3,-1275,-4227,-228,0,0
-4,-3,-6,-1271,-4213,-243,0,0
-10,-26,2,-1268,-4199,-246,0,0
-11,-26,12,-1266,-4159,-254,0,0
-17,-29,10,-1275,-4204,-218,0,0
-15,-46,-6,-1325,-4233,-232,0,0
-13,-9,9,-1331,-4190,-279,0,0
-32,-19,37,-1287,-4148,-280,0,0
-34,-46,35,-1253,-4134,-280,0,0
-47,-82,33,-1231,-4054,-287,0,0
-70,-105,29,-1220,-4063,-278,0,0
-77,-117,-5,-1249,-4235,-266,0,0
-67,-149,-52,-1340,-4360,-232,0,0
-32,-102,-68,-1429,-4397,-246,0,0
8,4,-43,-1430,-4251,-326,0,0
8,75,2,-1356,-4116,-383,0,0
-25,52,9,-1313,-4213,-366,0,0
-58,-36,8,-1336,-4340,-277,0,0
-57,-76,52,-1360,-4263,-285,0,0
-44,-65,125,-1306,-4119,-299,0,0
-42,-33,146,-1245,-4056,-269,0,0
-40,-25,88,-1239,-4111,-236,0,0
-27,-36,-4,-1282,-4197,-225,0,0
1,-4,-49,-1323,-4213,-253,0,0
22,26,-28,-1331,-4223,-322,0,0
14,-10,3,-1327,-4215,-358,0,0
4,-9,11,-1309,-4191,-377,0,0
-10,-15,-8,-1336,-4201,-356,0,0
-23,-8,-22,-1377,-4169,-333,0,0
-24,30,-9,-1345,-4162,-313,0,0
-27,23,0,-1332,-4204,-279,0,0
-22,3,-16,-1342,-4207,-262,0,0
-12,21,8,-1334,-4152,-287,0,0
-1,12,22,-1331,-4155,-290,0,0
4,3,22,-1329,-4203,-280,0,0
20,33,9,-1327,-4203,-311,0,0
35,62,1,-1332,-4203,-382,0,0
21,56,9,-1327,-4176,-397,0,0
7,63,15,-1295,-4174,-359,0,0
5,52,0,-1302,-4208,-332,0,0
-2,41,-10,-1330,-4215,-298,0,0
0,47,-4,-1305,-4169,-340,0,0
-4,-10,4,-1301,-4175,-316,0,0
-9,-32,12,-1318,-4197,-275,0,0
0,0,14,-1315,-4188,-305,0,0
15,11,16,-1311,-4165,-325,0,0
15,24,8,-1304,-4163,-342,0,0
8,23,-6,-1321,-4204,-334,0,0
6,19,-19,-1354,-4203,-345,0,0
-9,32,-7,-1353,-4170,-351,0,0
-25,9,14,-1336,-4158,-328,0,0
-21,-7,21,-1324,-4205,-285,0,0
-8,-5,12,-1328,-4202,-283,0,0
4,17,2,-1321,-4162,-298,0,0
9,20,2,-1316,-4154,-294,0,0
7,18,-10,-1310,-4169,-292,0,0
10,11,-10,-1333,-4224,-290,0,0
15,19,-7,-1353,-4218,-315,0,0
7,24,18,-1315,-4139,-355,0,0
-2,-1,27,-1304,-4177,-334,0,0
0,-3,13,-1297,-4196,-320,0,0
0,1,-1,-1302,-4189,-329,0,0
-2,-5,5,-1300,-4144,-332,0,0
-5,2,10,-1280,-4103,-324,0,0
-11,-7,-3,-1282,-4134,-284,0,0
-6,-13,-28,-1306,-4119,-308,0,0
-18,0,-19,-1307,-4123,-304,0,0
-37,-36,-10,-1305,-4260,-278,0,0
-24,-82,-15,-1329,-4349,-245,0,0
12,-44,-11,-1331,-4258,-310,0,0
17,-9,6,-1294,-4147,-389,0,0
-4,-12,9,-1277,-4137,-388,0,0
-21,-17,-13,-1286,-4202,-331,0,0
-24,-24,-23,-1327,-4255,-274,0,0
-11,0,-8,-1329,-4217,-278,0,0
-6,19,11,-1291,-4171,-312,0,0
-14,-7,4,-1287,-4187,-330,0,0
-30,-46,7,-1319,-4198,-330,0,0
-41,-55,24,-1326,-4208,-355,0,0
-53,-68,41,-1321,-4229,-351,0,0
-53,-78,51,-1336,-4172,-340,0,0
-32,-30,46,-1332,-4146,-319,0,0
-15,7,18,-1316,-4135,-315,0,0
-4,43,-9,-1273,-4105,-298,0,0
4,27,-28,-1267,-4164,-297,0,0
3,-30,-35,-1286,-4287,-252,0,0
23,-21,-35,-1296,-4360,-238,0,0
57,13,-29,-1300,-4236,-306,0,0
60,38,-10,-1299,-4100,-391,0,0
32,53,1,-1285,-4124,-408,0,0
0,11,-6,-1307,-4249,-352,0,0
-9,-6,-5,-1331,-4283,-309,0,0
-9,17,18,-1284,-4219,-337,0,0
-6,7,32,-1243,-4178,-336,0,0
-7,0,19,-1245,-4215,-312,0,0
-13,-17,-4,-1284,-4209,-326,0,0
-13,-4,-1,-1285,-4211,-313,0,0
-10,5,9,-1291,-4179,-327,0,0
-13,6,6,-1292,-4182,-313,0,0
-12,-14,4,-1310,-4222,-285,0,0
0,23,8,-1304,-4170,-325,0,0
-7,15,17,-1279,-4168,-306,0,0
-4,-19,20,-1281,-4199,-281,0,0
18,-7,8,-1270,-4203,-278,0,0
29,-5,-15,-1267,-4192,-295,0,0
39,5,-34,-1277,-4167,-334,0,0
39,9,-44,-1290,-4151,-357,0,0
28,-4,-49,-1319,-4235,-342,0,0
29,4,-57,-1353,-4205,-365,0,0
18,44,-46,-1322,-4105,-400,0,0
5,41,-43,-1305,-4135,-390,0,0
11,35,-54,-1347,-4187,-379,0,0
37,123,-77,-1435,-4160,-496,0,0
17,317,-70,-1461,-4221,-658,0,0
-90,255,-9,-1397,-4146,-718,0,0
-166,128,43,-1511,-4192,-845,0,0
-238,241,59,-1605,-4318,-810,0,0
-336,292,85,-1632,-4215,-874,0,0
-381,280,149,-1843,-3963,-871,0,0
-376,531,227,-2048,-3797,-1288,0,0
-490,658,359,-2335,-3512,-1339,0,0
-558,1244,448,-2808,-3364,-1915,0,0
-823,1672,549,-2977,-3239,-2346,0,0
-1222,2263,795,-3335,-3414,-2252,0,0
-1787,3421,984,-2477,-3847,-2848,0,0
-2462,2781,1184,-2078,-4260,-2805,0,0
-2971,2107,1390,-1844,-4681,-2302,0,0
-3178,1762,1367,-1626,-4725,-2682,0,0
-3257,1295,1210,-1525,-4473,-2468,0,0
-3165,1131,975,-1143,-4072,-2887,0,0
-3000,1074,595,-520,-3290,-2817,0,0
-2761,321,286,-123,-2673,-2228,0,0
-2312,-704,161,-294,-1673,-1987,0,0
-1590,-749,193,-190,-614,-2124,0,0
-748,-104,14,-243,156,-3260,0,0
-190,554,-210,135,155,-4278,0,0
7,-66,-221,-378,54,-4819,0,0
206,-435,-151,-532,7,-4999,0,0
497,-361,39,-355,-141,-4661,0,0
847,617,-94,-273,-624,-4971,0,0
948,436,-184,-61,-1153,-4200,0,0
1107,-505,48,-180,-1574,-3619,0,0
1322,-590,84,126,-2620,-2670,0,0
1770,-565,-113,-850,-3073,-2708,0,0
2258,903,-623,-675,-4798,-2858,0,0
2955,-265,-857,-1799,-5685,-2129,0,0
4080,824,-1128,-1596,-7444,-3190,0,0
4737,-94,-1471,-1457,-8772,-1186,0,0
4605,-1271,-2030,-608,-6535,-3204,0,0
4142,-3682,-2687,-906,-4969,-209,0,0
4342,-3583,-3190,-1918,-4314,-163,0,0
4168,-2208,-3274,-1004,-4501,-637,0,0
3864,-3347,-3527,-1368,-5169,45,0,0
3399,-3370,-3776,-1601,-4855,-769,0,0
2677,-3239,-3656,-1822,-3778,-875,0,0
2045,-2629,-3103,-1704,-2796,-1005,0,0
1552,-2284,-2364,-1023,-3422,-1499,0,0
857,-957,-1771,-2118,-7952,-1519,0,0
370,1264,-405,-1169,-6535,-3636,0,0
-523,793,1898,1265,-4938,-2842,0,0
-1298,-43,3290,-358,-5701,-1139,0,0
-1882,636,4052,-1455,-5600,-1039,0,0
-2314,1184,4704,-1004,-6265,-232,0,0
-2388,2358,4817,-921,-8654,-336,0,0
-2750,2662,4353,-1714,-12076,-443,0,0
-3144,2300,3839,-1994,-11583,441,0,0
-3256,2682,3466,-412,-8781,30,0,0
-3292,1920,3113,-422,-7002,279,0,0
-3130,1886,2986,-934,-5876,383,0,0
-2862,1766,2615,61,-4457,529,0,0
-2361,981,2201,-378,-3117,-30,0,0
-1991,890,1973,19,-2243,-199,0,0
-1542,913,1523,-14,-1931,-878,0,0
-1399,1517,889,-278,-2288,-1480,0,0
-1353,1249,530,-431,-1821,-1849,0,0
-1319,1272,334,84,-1569,-2842,0,0
-1336,80,368,-318,-1113,-2851,0,0
-1059,31,326,-64,-681,-3936,0,0
-912,-86,90,130,-511,-4124,0,0
-807,-425,-109,-394,-96,-3849,0,0
-604,-266,-259,-606,89,-3888,0,0
-211,-55,-305,-734,126,-4498,0,0
103,90,-2216,-791,185,-5162,0,0
197,286,-199,-1291,291,-6215,0,0
88,-229,-224,-1239,35,-6200,0,0
91,-467,-112,-1019,-174,-5436,0,0
197,-313,-84,-703,-317,-4836,0,0
381,-630,-1,-178,-430,-4090,0,0
728,-461,-68,45,-792,-3891,0,0
995,207,-299,342,-1620,-3024,0,0
1329,-486,-453,-402,-2668,-2138,0,0
2013,956,-691,-662,-4076,-2605,0,0
2774,870,-942,-522,-5682,-479,0,0
3917,-761,-1529,-2274,-8095,124,0,0
5375,328,-2085,-2182,-9152,-1697,0,0
5872,-510,-2288,-634,-7705,-1144,0,0
5529,-2590,-2780,-1155,-6669,-436,0,0
5156,-2877,-3283,-1375,-6231,-856,0,0
4763,-2979,-3699,-1708,-6643,-707,0,0
4436,-3064,-4107,-1965,-7451,-1242,0,0
3640,-3198,-4420,-2044,-5678,-1358,0,0
2751,-2916,-4131,-2454,-3428,-922,0,0
2360,-2072,-3129,-930,-3806,-3141,0,0
1296,-997,-2635,-4374,-5879,-4669,0,0
-231,1817,-965,-2742,-7097,-3675,0,0
-1773,1895,2168,2049,-8081,-977,0,0
-2736,1251,4229,4288,-3695,-242,0,0
-3055,438,3730,188,-4300,-1117,0,0
-3102,-336,3105,-274,-5556,12,0,0
-2556,-450,2799,-432,-7207,102,0,0
-2504,429,3077,-1310,-9921,-538,0,0
-3017,1946,3861,-356,-10279,-688,0,0
-3477,2080,4182,56,-10144,-319,0,0
-3508,1642,3990,-736,-8155,-862,0,0
-3391,1346,3528,-765,-7007,-913,0,0
-3097,749,3019,-578,-5235,-447,0,0
-2513,530,2529,-745,-3903,-570,0,0
-2065,650,2063,-595,-3173,-689,0,0
-1623,359,1744,-705,-2253,-501,0,0
-1119,544,1580,-404,-1418,-1107,0,0
-834,968,1402,-183,-1063,-1506,0,0
-707,1408,990,-388,-961,-1653,0,0
-553,1796,468,-101,-1377,-1264,0,0
-277,2314,-115,-136,-1379,-1462,0,0
-151,2903,-416,474,-1241,-3884,0,0
-675,597,-433,959,-1167,-4707,0,0
-1127,-1286,-486,20,-994,-4848,0,0
-1084,-343,-570,-327,-982,-5400,0,0
-1077,-181,-569,-190,-746,-4660,0,0
-919,-912,-463,-694,-359,-4153,0,0
-520,-575,-251,-636,40,-4071,0,0
-56,-131,-106,-583,284,-4921,0,0
178,340,-119,-281,-109,-7536,0,0
251,175,-11,-506,-133,-5630,0,0
234,-1,84,19,77,-5596,0,0
337,-488,-64,125,-80,-5257,0,0
457,-520,-356,486,-323,-4295,0,0
695,-886,-593,282,-998,-3330,0,0
1065,-480,-887,535,-1623,-2646,0,0
1519,-937,-1081,-2,-2985,-1964,0,0
2007,-836,-1203,-76,-4237,-1727,0,0
2620,-947,-1369,-1153,-6568,-1102,0,0
3397,391,-3768,-1326,-7868,-1464,0,0
4328,931,-2180,-1889,-8617,-122,0,0
5375,1452,-2468,-302,-8216,-1810,0,0
5414,-1975,-3004,-1310,-6848,-530,0,0
5424,-2847,-3493,-1675,-6386,-545,0,0
5192,-2167,-3619,-1231,-6400,-1182,0,0
4636,-3443,-3756,-2022,-6446,-1322,0,0
3604,-2879,-3846,-2105,-5592,-1903,0,0
2648,-1758,-3795,-1978,-3840,-2356,0,0
1777,-1963,-3154,-1941,-2597,-2682,0,0
825,-1242,-1880,-1472,-5185,-2170,0,0
105,372,-625,-1524,-8858,-2143,0,0
-845,1558,1424,2781,-6508,-1081,0,0
-1506,827,2887,5191,-1255,-1007,0,0
-1928,-425,2266,1989,-3228,603,0,0
-1854,-164,1687,1799,-4249,810,0,0
-1613,412,1696,1711,-3770,358,0,0
-1444,370,1900,99,-3887,-385,0,0
-1681,834,2052,-650,-4956,-464,0,0
-1931,882,2458,-856,-6568,222,0,0
-1895,1370,2938,-1030,-7859,-618,0,0
-1974,1409,3270,-1296,-8797,-1150,0,0
-2159,1394,3506,-906,-8218,-1826,0,0
-2537,1128,3529,-945,-7739,-1290,0,0
-2696,1450,3408,-979,-7228,-1124,0,0
-2749,1614,3084,-674,-5948,-1091,0,0
-2600,1383,2641,-544,-4998,-1323,0,0
-2357,657,2290,-186,-3556,-829,0,0
-1962,951,1874,-469,-2762,-1220,0,0
-1823,1696,1534,-356,-2481,-1280,0,0
-1746,2000,1112,18,-2249,-1811,0,0
-1816,1554,738,-416,-1984,-2179,0,0
-1863,1428,514,-216,-1877,-2571,0,0
-1890,931,169,-98,-1568,-2624,0,0
-1740,403,-256,-157,-1224,-3117,0,0
-1554,18,-557,-273,-717,-2668,0,0
-1218,-482,-599,-384,-28,-2504,0,0
-710,99,-580,-182,608,-2881,0,0
-182,1079,-446,-330,749,-3620,0,0
152,1120,-201,131,701,-4706,0,0
331,347,-238,-155,885,-5337,0,0
283,-7,-262,-89,616,-5503,0,0
239,-477,-172,-2072,487,-5410,0,0
404,-832,-63,14,282,-4973,0,0
655,-1370,10,433,-188,-3506,0,0
1140,-1457,-52,-9,-795,-3308,0,0
1567,-2056,-242,716,-1499,-3258,0,0
1884,-833,-342,661,-3000,-1901,0,0
2537,659,-903,-337,-4623,-3489,0,0
3143,995,-1192,-81,-6613,-1007,0,0
4234,-529,-1472,-1945,-9085,574,0,0
5846,1584,-1692,-2553,-10616,-2018,0,0
6199,1569,-950,-949,-8215,-2168,0,0
5588,-1545,-603,-109,-6308,-1096,0,0
5222,-4110,-1441,-1225,-6182,-1015,0,0
4944,-4039,-2552,-2343,-6888,-1158,0,0
4740,-3421,-3457,-2362,-6693,-1798,0,0
4103,-3127,-4007,-1848,-5113,-2559,0,0
2977,-2015,-3831,-2408,-3126,-2400,0,0
2071,-620,-2534,-696,-2320,-3381,0,0
1028,-1488,-3552,-1422,-5752,-3589,0,0
-445,-742,-569,-2810,-9381,-1289,0,0
-1648,1009,2297,5221,-5579,1579,0,0
-1701,375,3184,5164,87,531,0,0
-1860,-515,1896,1729,-3047,2720,0,0
-1321,-11,777,3000,-4221,2583,0,0
-679,461,678,1918,-3619,833,0,0
-662,664,1032,874,-4314,-297,0,0
-959,-346,1472,-292,-4015,-419,0,0
-1190,-676,2114,-685,-4598,-774,0,0
-1339,-73,2705,-927,-5912,-850,0,0
-1501,673,2973,-1652,-7184,-806,0,0
-1819,1519,2850,-2031,-7833,-1363,0,0
-2228,1794,2633,-1440,-7381,-1510,0,0
-2514,1583,2679,-1123,-6801,-999,0,0
-2809,1696,2806,-783,-5710,-980,0,0
-3016,1326,2840,-920,-4580,-934,0,0
-3072,1180,2685,-829,-4477,-891,0,0
-2991,1234,2318,-1067,-4144,-1056,0,0
-2775,1148,1900,-1161,-4115,-1105,0,0
-2499,708,1660,-1159,-3340,-1217,0,0
-2027,1610,1257,-1237,-2478,-2799,0,0
-1930,1580,679,-933,-2200,-3078,0,0
-1911,497,327,-574,-1805,-2485,0,0
-1604,361,81,-396,-1086,-2890,0,0
-1246,126,-90,-524,-493,-3131,0,0
-858,-214,-57,-1294,-287,-3558,0,0
-570,276,120,-812,-53,-3840,0,0
-396,583,191,-685,137,-4378,0,0
-222,46,226,-940,576,-4789,0,0
3,161,116,-835,614,-4967,0,0
189,272,30,-518,186,-4567,0,0
487,-25,-79,-469,-50,-3949,0,0
908,371,-177,-37,-505,-3741,0,0
1349,-134,-166,292,-1391,-2667,0,0
1848,-139,-93,-159,-2412,-3014,0,0
2319,-151,-116,-247,-3445,-2834,0,0
2898,-458,-543,-331,-5765,-1633,0,0
3643,-1497,-1263,-1485,-6840,-1287,0,0
4631,277,-1965,-1893,-8950,-2364,0,0
5120,-630,-2253,-1591,-9446,-829,0,0
5291,-1988,-2686,-1803,-7872,-491,0,0
5399,-1893,-2905,-1828,-5782,-823,0,0
5370,-290,-2662,-1298,-5686,-751,0,0
5308,-865,-2486,-899,-7060,-1051,0,0
4867,-2500,-2791,-1269,-6588,-2259,0,0
3794,-3293,-3102,-1777,-4382,-2192,0,0
2882,-3509,-2971,-1420,-3122,-2121,0,0
2066,-3381,-2598,-2174,-4141,-2634,0,0
1001,-1224,-2075,-3936,-6707,-4062,0,0
-818,1656,170,-819,-7673,-2219,0,0
-2320,1086,3449,6354,-3807,1213,0,0
-2380,-697,3208,2460,-1432,-136,0,0
-2437,-711,2143,850,-3133,587,0,0
-2144,184,1682,1022,-4837,-130,0,0
-2114,851,2053,196,-7981,789,0,0
-1940,1303,2346,-45,-7092,48,0,0
-2165,1307,2324,-672,-6560,-1473,0,0
-2648,975,2555,-814,-7468,-848,0,0
-2814,815,2970,-914,-7687,-650,0,0
-2800,939,3145,-730,-6897,-835,0,0
-2667,785,3005,-1020,-5936,-1046,0,0
-2527,629,2754,-1076,-5010,-1031,0,0
-2291,768,2355,-862,-4354,-1150,0,0
-2118,1267,1927,-939,-3777,-1574,0,0
-2293,1402,1542,-823,-4080,-1180,0,0
-2333,795,1336,-780,-3539,-1145,0,0
-2190,872,1227,-808,-3528,-1660,0,0
-2067,849,1191,-211,-2629,-1697,0,0
-1829,847,817,11,-1773,-2358,0,0
-1616,1140,453,-356,-1094,-3430,0,0
-1434,1519,220,-226,-1421,-3522,0,0
-1372,519,121,-161,-853,-2842,0,0
-1127,-92,-6,-325,-248,-3184,0,0
-728,19,-63,-278,138,-3813,0,0
-361,-906,80,10,678,-4109,0,0
-105,-1237,98,-1248,451,-4293,0,0
64,-30,10,-1053,107,-5200,0,0
220,87,-111,-790,182,-5367,0,0
411,-35,-122,-867,9,-4939,0,0
490,389,-197,-452,-100,-4707,0,0
642,26,-242,-96,-626,-4080,0,0
864,-50,-256,-426,-1422,-3866,0,0
1039,636,-117,-341,-1840,-3146,0,0
1276,119,176,277,-2782,-1413,0,0
1873,-301,-72,323,-4233,-1850,0,0
2647,-635,-1050,-523,-5699,-1810,0,0
4007,-1429,-2160,-1727,-7324,-1793,0,0
4848,-505,-3161,-932,-8772,-3953,0,0
5411,-1574,-3761,-3591,-9619,-738,0,0
5893,806,-3147,-483,-7948,-3075,0,0
5010,-1233,-2649,-889,-5034,-1203,0,0
4378,-3313,-2739,-1493,-4648,-372,0,0
3764,-3946,-2863,-1465,-5276,-848,0,0
3129,-3683,-3092,-2177,-4565,-756,0,0
2738,-2304,-3357,-2139,-3647,-1013,0,0
2365,-1914,-3291,-1316,-3301,-1479,0,0
1742,-1422,-2804,-1713,-6014,-2016,0,0
917,-499,-1488,-2801,-8172,-2792,0,0
-206,862,1544,1209,-6663,-2282,0,0
-982,375,3690,3898,-1248,-1930,0,0
-1499,-155,3299,558,-1684,-1352,0,0
-1857,102,2634,-923,-4437,-431,0,0
-1848,909,2457,-720,-6864,-121,0,0
-1812,2478,2505,-851,-8693,-637,0,0
-2283,2488,2786,-963,-7668,-629,0,0
-2724,1667,3164,-1071,-7899,-219,0,0
-2921,1514,3397,-1109,-8448,-656,0,0
-3050,1459,3452,-1353,-8338,-412,0,0
-3010,1536,3428,-928,-6653,-283,0,0
-2669,1251,3056,-656,-5543,-655,0,0
-2281,684,2464,-1034,-4355,-976,0,0
-1891,740,1972,-940,-3736,-1301,0,0
-1739,982,1468,-431,-2931,-812,0,0
-1524,1237,1079,-716,-2313,-1177,0,0
-1405,1760,730,-6,-2295,-1683,0,0
-1461,1125,320,-415,-2037,-1971,0,0
-1633,1400,22,-410,-2536,-2361,0,0
-1769,613,-54,-124,-1833,-1854,0,0
-1631,122,-127,-220,-1027,-2205,0,0
-1303,74,-250,-92,-581,-2687,0,0
-954,141,-414,-101,-202,-3071,0,0
-657,-53,-301,368,399,-4169,0,0
-446,-251,-221,-510,557,-5598,0,0
-519,-362,-247,-523,-204,-5007,0,0
-469,-378,-651,-1587,-276,-5195,0,0
-199,-208,-563,-1902,278,-5199,0,0
144,-83,-196,-1493,356,-5453,0,0
292,-251,-44,-1841,141,-5472,0,0
401,-129,210,-1086,92,-5787,0,0
453,-858,338,-163,-219,-3769,0,0
775,-1546,221,-409,-829,-2777,0,0
1064,-897,177,-434,-1800,-2519,0,0
1340,-887,381,426,-2975,-1615,0,0
1489,-516,19,-1418,-5137,-2818,0,0
1718,-482,-436,-2695,-5282,-1083,0,0
3202,2533,-1052,-2007,-6389,-4207,0,0
3954,843,-1581,-785,-7207,-2076,0,0
4979,-2676,-3240,-3978,-7789,7,0,0
6355,-992,-4277,-2591,-7267,-2151,0,0
6460,-1701,-4257,-586,-5865,-2275,0,0
5293,-3865,-4543,-1005,-5609,-443,0,0
4090,-4114,-4867,-1316,-6089,-453,0,0
3162,-4093,-4854,-1921,-5934,-1402,0,0
2002,-3618,-4441,-2778,-4743,-1452,0,0
1191,-2011,-3499,-2341,-3152,-1330,0,0
800,-715,-2327,-1119,-4915,-1530,0,0
273,391,-1213,-2624,-7661,-1728,0,0
-452,1714,967,538,-7050,-1100,0,0
-1040,1738,3479,4867,-3030,-568,0,0
-1458,563,3333,3068,-946,-216,0,0
-1734,-511,2504,1973,-2462,785,0,0
-1507,157,2155,1691,-5229,810,0,0
-1264,250,2662,662,-6488,412,0,0
-990,445,3343,2,-5415,-287,0,0
-981,1086,3131,-864,-4708,-1068,0,0
-1295,1384,2510,-1817,-5783,-585,0,0
-1569,2058,2017,-2031,-7393,-680,0,0
-1914,2151,1990,-1763,-7933,-820,0,0
-2159,1961,2373,-982,-7321,-1100,0,0
-2344,1165,2748,-776,-6436,-1077,0,0
-2217,401,2806,-1345,-6018,-1329,0,0
-2126,568,2693,-1205,-5275,-1049,0,0
-1943,1122,2408,-1079,-4418,-1265,0,0
-1827,1352,2038,-951,-3460,-1096,0,0
-1648,1649,1714,-938,-2846,-1459,0,0
-1696,1795,1373,-271,-2346,-1435,0,0
-1721,1619,949,-557,-2002,-1831,0,0
-1787,1560,633,-114,-2033,-1832,0,0
-1657,889,250,-14,-1405,-1902,0,0
-1504,905,-322,-232,-1257,-2719,0,0
-1427,17,-480,-455,-862,-2761,0,0
-1258,-183,-494,-429,-796,-2843,0,0
-984,-338,-490,-408,-467,-2594,0,0
-570,-337,-299,-1286,-160,-3127,0,0
-137,58,-86,-1040,70,-4110,0,0
211,57,-14,-1154,73,-4705,0,0
357,456,33,-1446,-270,-6038,0,0
196,282,97,-1503,-321,-6477,0,0
42,-326,160,-1082,-520,-6299,0,0
110,-504,208,-587,-401,-5502,0,0
326,-444,121,-659,-271,-5375,0,0
383,-252,-42,502,-803,-4484,0,0
552,-453,-384,501,-1099,-3770,0,0
775,-689,-755,642,-1660,-2455,0,0
1221,-1417,-1050,34,-2749,-1750,0,0
1750,-959,-1405,-585,-4746,-1112,0,0
2473,-570,-1593,-1784,-6266,626,0,0
3931,1429,-2188,-1400,-7862,-2355,0,0
4372,852,-2617,-1578,-7960,-645,0,0
4973,-1141,-2968,-2322,-7117,832,0,0
5551,-299,-3253,-1493,-6205,-1640,0,0
5259,-785,-3213,-1478,-5570,-683,0,0
5035,-2171,-3121,-1630,-5908,-716,0,0
4584,-2147,-3005,-1819,-5831,-1810,0,0
3664,-1997,-2752,-1535,-4883,-2581,0,0
2547,-2378,-2478,-1329,-3168,-2980,0,0
1439,-2540,-1903,-1149,-3479,-3782,0,0
188,-2777,-794,-1591,-7859,-2770,0,0
-855,-1417,1003,-797,-10263,-1734,0,0
-1476,-213,3130,2032,-5276,-854,0,0
-1665,-202,3926,2740,-2823,77,0,0
-1754,202,3219,1255,-4069,921,0,0
-1500,414,2387,3051,-4814,1934,0,0
-720,737,1484,1423,-4541,888,0,0
-441,1420,1187,301,-4731,-804,0,0
-702,782,1470,60,-4682,-41,0,0
-582,604,1635,-672,-4264,-128,0,0
-468,1164,1314,-1398,-4957,-1072,0,0
-589,1401,888,-2280,-5824,-1245,0,0
-837,1478,946,-1919,-5821,-1652,0,0
-1178,1484,1362,-1468,-6010,-2106,0,0
-1632,1325,1864,-1633,-6195,-2045,0,0
-1988,994,2333,-1511,-6125,-2101,0,0
-2139,727,2620,-1115,-5689,-1797,0,0
-2082,637,2558,-1100,-4848,-1583,0,0
-1995,641,2369,-1254,-4010,-1320,0,0
-1867,770,2148,-696,-3229,-1098,0,0
-1610,834,1731,-625,-2621,-950,0,0
-1306,1117,1378,-1057,-1822,-1560,0,0
-1195,1859,1127,-475,-1680,-2216,0,0
-1235,2000,743,-611,-1542,-2325,0,0
-1308,1931,348,-662,-1537,-2554,0,0
-1425,1612,-68,-107,-1606,-2398,0,0
-1377,861,-296,-647,-1354,-2635,0,0
-1226,626,-216,-484,-1078,-3187,0,0
-1120,276,-63,-78,-865,-3960,0,0
-1100,-102,-213,-451,-604,-3978,0,0
-980,-44,-414,-453,-346,-4163,0,0
-721,-627,-420,-108,-47,-4251,0,0
-436,-940,-362,-898,260,-4002,0,0
-76,-260,-213,-874,367,-4537,0,0
235,-199,-108,-675,147,-5026,0,0
434,-396,-100,-1262,7,-5374,0,0
557,18,-182,-499,-193,-5545,0,0
697,-753,-205,-163,-590,-5075,0,0
880,-1092,-312,-19,-1085,-3494,0,0
1259,-1070,-480,225,-1942,-2526,0,0
1723,-1354,-490,-439,-3558,-1219,0,0
2433,-727,-646,-482,-5470,-1007,0,0
3182,404,-3568,-1125,-7308,-961,0,0
4032,244,-2447,-1949,-8349,-942,0,0
5184,2063,-2797,-1765,-8915,-2424,0,0
5194,969,-2244,-213,-7414,-1964,0,0
5079,-1923,-2482,-2453,-5801,-740,0,0
5063,-199,-2523,-1875,-4696,-2166,0,0
4623,-543,-2239,-905,-4277,-1566,0,0
4173,-3040,-2396,-787,-4423,-1476,0,0
3338,-4403,-2834,-1399,-3895,-1649,0,0
2316,-4676,-3018,-1335,-3302,-1411,0,0
1326,-3762,-2576,-1779,-5996,-227,0,0
841,-1631,-1151,-2356,-10658,-900,0,0
297,944,1206,-525,-8713,-2507,0,0
-472,1200,3203,3419,-684,-2773,0,0
-1180,-205,2864,2761,-190,-1259,0,0
-1683,-604,1936,2671,-3243,1067,0,0
-1602,-453,1520,4597,-7023,2394,0,0
-705,-68,1133,3263,-6770,1921,0,0
-91,1326,525,3058,-3926,654,0,0
-39,735,-43,2485,-2737,692,0,0
-83,304,-432,1970,-3448,753,0,0
-45,630,-570,1002,-3715,-64,0,0
-44,800,-469,141,-4122,-994,0,0
-280,436,-181,-450,-4673,-738,0,0
-503,146,327,-957,-4110,-704,0,0
-719,432,928,-1198,-4329,-1134,0,0
-998,701,1527,-1384,-5355,-1201,0,0
-1326,1184,2011,-1361,-6395,-1245,0,0
-1714,1240,2358,-1021,-6331,-1205,0,0
-1973,1176,2636,-1118,-5686,-1211,0,0
-2246,1369,2800,-2912,-5382,-993,0,0
-2481,1061,2810,-886,-5108,-711,0,0
-2537,926,2764,-836,-5001,-1002,0,0
-2601,742,2659,-994,-4499,-1148,0,0
-2536,917,2480,-1286,-4247,-1995,0,0
-2583,1346,2069,-858,-4276,-2040,0,0
-2490,1632,1631,-994,-3642,-2656,0,0
-2439,2588,973,-699,-3690,-4035,0,0
-2600,1401,438,-617,-3361,-3475,0,0
-2583,84,203,-934,-2764,-3561,0,0
-2377,-316,209,-978,-2095,-3140,0,0
-1999,-330,372,-796,-920,-2676,0,0
-1518,487,302,-575,-227,-2722,0,0
-995,187,247,-425,284,-2575,0,0
-377,141,8,-117,455,-3512,0,0
100,489,-316,-581,880,-4680,0,0
358,333,-373,-238,484,-4941,0,0
380,-335,-316,-760,-38,-4645,0,0
521,-421,-169,-481,-20,-4320,0,0
940,-383,-140,151,-202,-3764,0,0
1400,-881,-235,-196,-1327,-2072,0,0
1915,-988,-277,-361,-3169,-2200,0,0
2331,-1311,-239,-249,-4793,-848,0,0
3169,413,-764,-1847,-6355,-2935,0,0
3590,2132,-1270,-163,-7093,-1740,0,0
4322,-1305,-2094,-1578,-8307,254,0,0
5406,-681,-3044,-2029,-8803,-1409,0,0
5931,-639,-3202,-1718,-7085,-1417,0,0
5913,-1238,-2948,-760,-5796,-1749,0,0
5135,-2533,-3000,-585,-6030,-1185,0,0
4253,-3797,-3414,-1704,-6539,-943,0,0
3414,-3283,-3751,-1980,-5643,-2290,0,0
2366,-3336,-3908,-1885,-4023,-3984,0,0
1401,-2875,-3489,-2315,-3518,-1870,0,0
601,-2040,-2219,-2399,-6018,-1743,0,0
49,-829,-211,-2550,-10529,-1967,0,0
-516,737,2825,2247,-5357,-1550,0,0
-821,389,3928,4174,138,-1664,0,0
-1517,-38,2604,2040,-1941,-225,0,0
-1848,65,1487,3391,-5719,1872,0,0
-1112,196,1609,3580,-6051,1769,0,0
-295,774,1624,3087,-5255,16,0,0
-362,681,1265,1598,-3599,-79,0,0
-528,268,1154,947,-3076,-314,0,0
-549,567,1104,-349,-3884,-812,0,0
-660,1055,1093,-1190,-5473,-1368,0,0
-1026,1072,1204,-1375,-6416,-1169,0,0
-1321,1069,1576,-1008,-5980,-1377,0,0
-1557,836,2045,-1293,-5955,-1497,0,0
-1799,1244,2423,-1219,-6136,-1345,0,0
-1993,1366,2564,-1182,-6083,-1303,0,0
-2058,1363,2486,-1186,-6008,-1735,0,0
-2084,1264,2343,-1341,-5650,-1927,0,0
-2155,1325,2071,-1123,-5347,-1882,0,0
-2182,1093,1878,-853,-4558,-1814,0,0
-2131,829,1704,-485,-3965,-1356,0,0
-1984,531,1557,-581,-2930,-1329,0,0
-1855,787,1413,-543,-2377,-1435,0,0
-1883,662,1259,-145,-1935,-1110,0,0
-1795,772,995,-255,-1599,-1782,0,0
-1713,504,921,-311,-1344,-2259,0,0
-1659,1594,557,249,-1224,-3633,0,0
-1966,293,73,-354,-983,-2992,0,0
-1864,-243,-141,-422,-807,-3213,0,0
-1565,-14,-489,153,-358,-2323,0,0
-918,73,-730,-979,-112,-2426,0,0
-156,866,-796,-1017,790,-3995,0,0
325,733,-427,-698,1109,-5235,0,0
550,421,-78,-797,163,-6070,0,0
653,279,177,-755,21,-6450,0,0
628,-296,317,66,180,-5041,0,0
866,-664,279,-549,-488,-4554,0,0
1099,605,187,824,-1299,-3704,0,0
1381,-1342,76,604,-1915,-649,0,0
2329,-744,-369,-871,-3942,-997,0,0
3324,852,-643,47,-5890,-1588,0,0
4094,835,-863,-402,-6628,-1671,0,0
4683,327,-1135,-188,-9183,-1046,0,0
4980,-1703,-1394,-989,-8789,-948,0,0
5095,-1427,-1783,-884,-6605,-3029,0,0
4436,-2654,-2213,-559,-5803,-1153,0,0
3969,-4046,-2928,-1827,-5611,-159,0,0
3613,-3238,-3559,-2167,-5540,-218,0,0
3293,-3459,-3983,-2158,-4822,-882,0,0
2593,-4021,-4087,-1497,-3645,-685,0,0
1857,-3980,-3907,-1397,-3839,-769,0,0
1010,-2571,-3313,-1880,-7479,-24,0,0
697,132,-1731,-1306,-10458,-822,0,0
534,1438,1060,1987,-4992,-3103,0,0
-225,538,2475,3631,689,-1960,0,0
-882,-987,1823,1057,-2037,892,0,0
-836,4,1499,1747,-4215,1019,0,0
-536,1095,1427,2361,-4164,123,0,0
-473,1234,1438,2033,-4220,-219,0,0
-601,821,1501,1142,-4390,-124,0,0
-739,563,1727,65,-4002,-555,0,0
-987,675,1982,-133,-4299,-540,0,0
-1116,710,2134,-661,-4739,-330,0,0
-1241,1210,2095,-1345,-6124,-441,0,0
-1404,1474,2160,-1484,-6502,-214,0,0
-1442,1734,2344,-1154,-6499,-479,0,0
-1470,1717,2488,-1531,-6197,-596,0,0
-1557,2595,2542,-1609,-5721,-1067,0,0
-2011,2677,2498,-939,-4761,-1099,0,0
-2281,1796,2362,-1097,-4193,-1781,0,0
-2480,1273,2061,-704,-4216,-1063,0,0
-2302,1210,1639,-1411,-3883,-960,0,0
-2186,2352,1378,-960,-3886,-1138,0,0
-2089,2962,996,-451,-3674,-2189,0,0
-2202,2616,524,74,-3383,-3379,0,0
-2355,1175,146,92,-3390,-4215,0,0
-2630,-936,78,-233,-2861,-2957,0,0
-2385,-1447,284,-944,-2001,-2280,0,0
-1811,-909,467,-272,-1088,-2239,0,0
-1132,-408,336,-1131,-803,-2925,0,0
-729,506,93,-113,-466,-3985,0,0
-536,-47,-116,-426,-48,-3851,0,0
-265,293,-324,-641,-141,-4458,0,0
33,267,-294,-543,-188,-4409,0,0
288,-79,-117,-557,-87,-4957,0,0
417,-643,-81,-485,-320,-4349,0,0
719,-756,-310,-599,-795,-3646,0,0
1073,-906,-512,-639,-1444,-2610,0,0
1552,-1144,-751,-600,-2913,-1194,0,0
2359,-1339,-846,-1264,-4084,-1612,0,0
3037,-129,-965,-653,-5379,-2746,0,0
3179,-390,-1107,-1254,-6446,-2086,0,0
3584,1068,-1692,-1349,-8771,-1559,0,0
4354,793,-2172,-1251,-9949,-1589,0,0
4722,-653,-2477,-1080,-8424,-2300,0,0
4507,-2625,-2789,-925,-6866,-1401,0,0
4009,-3974,-3161,-769,-5251,-785,0,0
3448,-4533,-3891,-1421,-5068,-446,0,0
2882,-3870,-4618,-2136,-5345,-153,0,0
2353,-2489,-4813,-2203,-4518,-427,0,0
1968,-1952,-4733,-2247,-3976,-929,0,0
1430,-2234,-4134,-3344,-3350,-1457,0,0
555,-906,-2647,-3225,-4999,-610,0,0
208,906,-599,-2146,-6621,-1189,0,0
-397,1655,2375,1414,-8013,-361,0,0
-854,1416,4464,4998,-2368,-1738,0,0
-1528,302,3727,2469,-1219,-490,0,0
-1718,-202,2922,1412,-4526,1113,0,0
-1603,198,3058,2168,-6416,616,0,0
-1287,-43,2891,2934,-7065,768,0,0
-760,273,2283,196,-4787,-443,0,0
-782,1209,2182,-284,-3856,-653,0,0
-887,1476,2000,-199,-4671,178,0,0
-900,1956,1514,-1256,-6001,-358,0,0
-1110,1983,1140,-1359,-6379,-781,0,0
-1237,1403,1149,-1609,-5774,-823,0,0
-1308,1359,1426,-1436,-5903,-1601,0,0
-1574,1124,1751,-1487,-5588,-1622,0,0
-1801,969,1936,-1485,-5524,-1903,0,0
-1967,708,1983,-1383,-4958,-1770,0,0
-1959,657,1999,-902,-4071,-1623,0,0
-1817,620,1752,-998,-3416,-1753,0,0
-1772,365,1582,-1238,-3009,-1363,0,0
-1663,877,1503,-1133,-2497,-1699,0,0
-1700,1583,1311,-835,-2250,-1837,0,0
-1738,1291,1101,-917,-2132,-1913,0,0
-1728,1533,613,-882,-2296,-2702,0,0
-1847,1008,291,-657,-2142,-2426,0,0
-1763,689,217,-644,-1781,-3089,0,0
-1717,478,191,-618,-1684,-3816,0,0
-1593,65,261,-855,-1142,-3640,0,0
-1456,-199,368,-835,-445,-3150,0,0
-1085,-113,372,-974,-5,-3290,0,0
-622,290,247,-694,56,-3826,0,0
-210,7,105,-765,550,-4017,0,0
109,115,-93,-790,519,-4543,0,0
331,26,-124,-660,209,-4547,0,0
579,-238,-153,-392,-60,-4274,0,0
927,-401,-280,-644,-255,-3798,0,0
1246,-270,-332,-455,-1065,-3578,0,0
1538,-1144,-167,200,-1887,-2310,0,0
2038,-887,-539,-576,-3217,-3033,0,0
2296,-901,-939,-45,-4469,-2172,0,0
2726,-1534,-1465,-1774,-6683,-2137,0,0
3234,189,-2079,-1032,-8110,-1833,0,0
4002,-358,-2808,-1611,-9459,-2466,0,0
4222,-872,-3347,-1190,-9521,-1551,0,0
4539,-1998,-3968,-2843,-8195,135,0,0
4971,297,-4052,-1210,-6239,-1890,0,0
4667,-889,-3832,-923,-5025,-1424,0,0
4073,-2999,-3822,-1145,-4903,-1059,0,0
3224,-3923,-3859,-1477,-4826,-1389,0,0
2172,-4065,-3785,-2009,-4310,-1553,0,0
1074,-3988,-3397,-2738,-3044,-1494,0,0
218,-3318,-2593,-2911,-2838,-1340,0,0
-348,-1412,-1314,-2467,-5567,-163,0,0
-209,937,742,-521,-7920,164,0,0
270,1683,3499,3800,-6595,-1081,0,0
110,2360,4035,3301,-1686,-2533,0,0
-998,634,2889,3950,-1836,-564,0,0
-1254,-1242,1870,4352,-4022,1209,0,0
-807,-493,1768,4708,-6098,1256,0,0
-118,509,1610,3167,-4931,-95,0,0
-70,956,951,1202,-3600,-883,0,0
-396,5,877,170,-3564,-89,0,0
-362,157,1158,-260,-3673,-2216,0,0
-278,1055,1097,-1406,-4759,-849,0,0
-446,1851,1008,-1892,-5917,-1016,0,0
-709,2085,1200,-1745,-5943,-1346,0,0
-1088,1617,1718,-1499,-5563,-1496,0,0
-1508,1616,2288,-1248,-6024,-1354,0,0
-1906,1531,2774,-1207,-5968,-1307,0,0
-2247,1342,3085,-1080,-5985,-1495,0,0
-2470,925,3218,-1174,-5449,-1422,0,0
-2609,1000,3175,-1112,-5321,-1481,0,0
-2804,781,2986,-932,-5098,-735,0,0
-2673,1070,2743,-1321,-4636,-1209,0,0
-2543,1820,2376,-860,-3992,-1590,0,0
-2289,2976,1545,-594,-3394,-3014,0,0
-2448,2711,619,-293,-3051,-3104,0,0
-2466,882,203,-560,-2075,-2867,0,0
-2293,334,-169,116,-1296,-2497,0,0
-1838,-595,-181,-786,-368,-1592,0,0
-1079,430,-66,-343,336,-2130,0,0
-235,1158,-296,-164,614,-3824,0,0
240,921,-330,-183,561,-4626,0,0
482,706,-116,-522,580,-5606,0,0
523,123,119,-269,112,-5538,0,0
644,-217,109,35,-293,-5206,0,0
759,-716,-43,609,-463,-3777,0,0
1166,-1402,-31,325,-771,-3496,0,0
1548,-724,-275,468,-1853,-2847,0,0
1860,-1847,-340,164,-3089,-1177,0,0
2496,-262,-872,-415,-4540,-1892,0,0
3036,-269,-1221,-592,-6220,-654,0,0
3905,364,-1715,-1080,-7553,-2286,0,0
4424,714,-2093,-892,-7632,-1205,0,0
4583,-1405,-2322,-1840,-7595,88,0,0
4679,-1334,-2497,-1471,-6408,-877,0,0
4809,-1365,-2531,-876,-5446,-1370,0,0
4618,-2136,-2711,-343,-5323,-878,0,0
4046,-3829,-3358,-1049,-5632,-361,0,0
3334,-3935,-4037,-1792,-5383,-1157,0,0
2359,-3520,-4307,-1912,-5060,-1536,0,0
1365,-2725,-3826,-2249,-7042,-502,0,0
881,-1298,-2332,-2625,-8246,-1705,0,0
345,773,386,-687,-6489,-2882,0,0
-387,1001,2792,2539,-1981,-2143,0,0
-987,-642,3194,2086,-958,-1069,0,0
-1389,-957,2470,2827,-2631,1068,0,0
-1337,49,1645,2957,-5598,1579,0,0
-823,390,1799,2601,-5699,206,0,0
-543,769,1894,1964,-5003,-1068,0,0
-617,-165,1862,513,-4288,561,0,0
-528,409,1784,-398,-3166,-110,0,0
-635,1275,1603,-788,-3963,-533,0,0
-753,1842,1290,-1538,-5960,-851,0,0
-982,1810,1164,-2246,-6950,-1349,0,0
-1295,1392,1594,-1877,-6400,-1487,0,0
-1650,1323,2247,-1089,-6441,-1577,0,0
-1976,944,2708,-1590,-6528,-1164,0,0
-2199,1309,3041,-1565,-6028,-1270,0,0
-2328,1659,3149,-793,-5320,-1571,0,0
-2339,1140,2794,-691,-4545,-1270,0,0
-2216,630,2323,-1320,-3476,-1133,0,0
-2130,1068,1950,-785,-3270,-1034,0,0
-2010,1425,1629,-842,-2692,-950,0,0
-1825,2002,1295,-427,-2715,-1886,0,0
-1874,1584,764,-480,-2683,-2082,0,0
-1819,1059,424,-997,-2110,-2794,0,0
-1755,770,297,-205,-1948,-3457,0,0
-1637,525,57,-733,-1540,-3578,0,0
-1473,357,-38,-807,-990,-3537,0,0
-1210,-340,-63,-232,-309,-3407,0,0
-798,-520,-199,-743,95,-3547,0,0
-329,53,-273,-1035,298,-4032,0,0
33,431,-87,-821,292,-4613,0,0
240,165,39,-484,257,-4532,0,0
481,-135,125,-686,-111,-4133,0,0
880,251,107,-17,-498,-3988,0,0
1196,-462,32,394,-1104,-3011,0,0
1631,-1021,-143,-589,-2440,-2290,0,0
2108,-226,-243,-61,-4162,-2132,0,0
2694,-828,-577,-779,-5563,-1768,0,0
3301,-907,-1523,-1182,-7625,-1731,0,0
4157,-1846,-2697,-2450,-8932,-1782,0,0
4919,521,-3571,-1844,-9349,-3860,0,0
4652,-971,-3317,-915,-8275,-599,0,0
4355,-3246,-3336,-1329,-6473,-499,0,0
3864,-3489,-3569,-1421,-5029,-1252,0,0
3226,-3421,-3946,-1608,-4840,-699,0,0
2530,-3499,-4333,-1972,-4803,-538,0,0
1801,-2896,-4507,-1744,-4503,-716,0,0
1118,-2277,-4554,-2118,-4105,-888,0,0
551,-1770,-3947,-2384,-4593,-662,0,0
316,-781,-2753,-2667,-7444,-552,0,0
402,930,-439,-2532,-7739,-2665,0,0
53,1865,2971,3428,-4240,-3072,0,0
-557,275,3981,3717,-861,-2032,0,0
-1304,-789,3059,2718,-1955,-541,0,0
-1591,-508,1880,4615,-4663,1087,0,0
-1099,344,1419,4863,-6103,1136,0,0
-429,1038,1300,3995,-4489,371,0,0
-235,1050,812,1929,-3505,-307,0,0
-362,-7,857,1325,-3167,-141,0,0
-285,-294,975,743,-2894,-851,0,0
-415,-35,651,-1213,-3702,-1119,0,0
-566,413,536,-2340,-5391,-643,0,0
-683,975,926,-1736,-6410,-790,0,0
-881,1274,1676,-1429,-6275,-1056,0,0
-1117,1509,2498,-1224,-6554,-1685,0,0
-1481,1122,3348,-1295,-6986,-1363,0,0
-1797,896,4074,-1040,-6954,-990,0,0
-1929,1137,4411,-980,-6139,-894,0,0
-2015,1530,4259,-744,-5174,-953,0,0
-2065,1326,3737,-598,-4051,-672,0,0
-1964,1052,3175,-766,-3612,-619,0,0
-1733,1407,2544,-1142,-3294,-978,0,0
-1563,2291,1895,-931,-2888,-1593,0,0
-1580,2634,1212,-377,-2922,-2264,0,0
-1657,1638,724,-663,-2300,-2190,0,0
-1384,1333,370,-1223,-1847,-2774,0,0
-1130,1310,-30,-807,-1540,-3858,0,0
-1095,1141,-463,-811,-1427,-5066,0,0
-1384,-133,-264,-550,-1198,-4409,0,0
-1139,-1331,124,-1133,-757,-3745,0,0
-466,-905,363,-1101,-473,-4151,0,0
176,-47,268,-809,-192,-4618,0,0
601,797,2,-576,-379,-4823,0,0
719,832,-60,384,-853,-4204,0,0
908,-1052,-109,594,-1584,-2718,0,0
1465,-1785,-448,-5,-3067,-1851,0,0
2221,-1819,-952,-839,-5224,-1246,0,0
3171,-209,-1619,-686,-7299,-1288,0,0
3877,-686,-2219,-1551,-8833,540,0,0
4934,-494,-3080,-2055,-9470,-999,0,0
5238,-582,-3533,-1475,-8544,-1430,0,0
4996,-1822,-3616,-1246,-7786,242,0,0
4958,-2300,-3808,-1339,-7226,-779,0,0
4505,-2859,-4190,-1313,-6849,-1436,0,0
3619,-4216,-4822,-1602,-7129,-839,0,0
2387,-4877,-5327,-2218,-6408,-476,0,0
1176,-4734,-5196,-2708,-4897,-618,0,0
222,-4595,-4036,-2849,-4185,-492,0,0
-193,-3459,-2065,-2541,-7121,1949,0,0
752,853,210,-3603,-8485,-1103,0,0
1486,2526,3429,1595,-2010,-4260,0,0
551,1767,4263,2786,-504,-3696,0,0
-727,-8,3373,1823,-2010,-1024,0,0
-1057,-718,2792,2645,-4560,-230,0,0
-1008,48,2722,1644,-7160,-231,0,0
-719,1594,3176,552,-7726,-47,0,0
-544,2801,3237,-206,-5960,-479,0,0
-802,2681,2969,-1028,-5133,-166,0,0
-1112,2650,2747,-1156,-5654,-518,0,0
-1509,2001,2438,-1814,-6943,-297,0,0
-1763,2223,2253,-1865,-7504,-413,0,0
-1881,2273,2316,-1187,-7316,-829,0,0
-1943,1324,2600,-1059,-6017,-985,0,0
-1869,619,2881,-1082,-5156,-1142,0,0
-1759,670,2910,-964,-4483,-1194,0,0
-1679,1001,2713,-922,-3649,-1498,0,0
-1612,1026,2410,-655,-2868,-1412,0,0
-1430,1216,2040,-466,-2177,-1405,0,0
-1210,1765,1480,-708,-2231,-1734,0,0
-1128,1899,924,174,-2058,-2251,0,0
-1242,1335,244,172,-1937,-2358,0,0
-1417,1465,-291,-605,-2079,-3264,0,0
-1647,639,-419,-247,-1703,-2986,0,0
-1572,-484,-378,-908,-1647,-2617,0,0
-1383,-942,-127,-1100,-1363,-2033,0,0
-787,-114,102,-1345,-631,-2902,0,0
-227,1110,87,-687,-109,-4861,0,0
-63,733,-279,-1401,-148,-6163,0,0
-154,268,-474,-982,-374,-6411,0,0
-174,-1510,-399,-1515,-394,-4977,0,0
98,-1626,-65,-1916,-315,-4217,0,0
494,-581,45,-985,-625,-4193,0,0
762,-469,-101,-289,-1050,-3306,0,0
1059,-898,-240,-358,-2109,-2887,0,0
1309,-1259,-602,906,-3631,-1487,0,0
1784,-2299,-1220,-1316,-5524,637,0,0
3044,483,-2030,-1434,-8321,-1674,0,0
4086,828,-2735,-1288,-9540,-222,0,0
5296,235,-3564,-999,-9378,-890,0,0
5486,-1552,-4444,-502,-9440,-1654,0,0
4843,-4285,-5405,-2059,-9260,-15,0,0
4094,-4712,-5677,-2021,-8168,-596,0,0
2921,-4474,-5730,-2821,-7619,-85,0,0
2149,-2107,-5593,-3500,-6220,-462,0,0
1766,-1448,-4845,-2897,-4405,-1939,0,0
918,-2995,-3712,-3512,-2568,-2436,0,0
-165,-2650,-2125,-3019,-3082,-1591,0,0
-569,-501,-547,-3708,-7389,-269,0,0
-249,1461,2125,-1340,-9678,-12,0,0
319,1839,4906,3559,-3160,-3160,0,0
-500,1131,4771,2316,-1961,-2043,0,0
-1355,-802,3613,1841,-3754,788,0,0
-1135,131,2993,2506,-5986,252,0,0
-2864,988,3178,837,-8320,254,0,0
-544,2205,3399,-495,-7368,326,0,0
-421,2945,3171,-757,-5651,-336,0,0
-685,2931,2882,-964,-5693,-534,0,0
-1112,2545,2541,-1494,-6415,-581,0,0
-1494,2299,2229,-1711,-6902,-727,0,0
-1778,1981,2070,-1285,-6665,-1048,0,0
-1856,1235,2115,-1114,-5732,-1625,0,0
-1870,618,2256,-1210,-4988,-1524,0,0
-1803,924,2317,-1185,-4313,-1714,0,0
-1799,1387,2101,-676,-3524,-3696,0,0
-1758,1207,1774,-667,-2771,-1506,0,0
-1595,1049,1486,-506,-2077,-1648,0,0
-1442,1144,1117,-477,-1839,-1594,0,0
-1382,1299,753,-753,-1647,-1914,0,0
-1403,1188,438,-618,-1584,-2556,0,0
-1542,449,219,-848,-1715,-2394,0,0
-1431,521,61,-1475,-1072,-3077,0,0
-1344,915,-95,-845,-1148,-3434,0,0
-1322,55,-300,-782,-1050,-2952,0,0
-1094,-177,-319,-1178,-879,-3456,0,0
-780,-593,-146,-1324,-335,-3703,0,0
-435,6,-130,-1317,-151,-4182,0,0
-176,483,-107,-882,-93,-4372,0,0
-1,675,-85,-1180,-167,-5218,0,0
-30,67,-56,-944,-156,-5264,0,0
79,-423,-171,-1187,-72,-4861,0,0
307,97,-349,-978,-165,-5203,0,0
417,-267,-294,-286,-611,-3819,0,0
702,-951,-20,-281,-959,-2834,0,0
1065,-2904,-9,-78,-1848,-2141,0,0
1581,-131,-229,-751,-2771,-2821,0,0
1980,-53,-501,-41,-4172,-1996,0,0
2537,-2010,-1074,-1400,-5634,-551,0,0
3762,1126,-2129,-1939,-7827,-2490,0,0
4689,574,-2609,-1898,-9374,-827,0,0
5398,-1288,-3282,-1923,-9500,-1037,0,0
5622,-1984,-3853,-1911,-8146,-1462,0,0
5282,-2532,-3767,-1468,-6256,-1143,0,0
4543,-2409,-3419,-1022,-5493,-1017,0,0
3785,-2527,-3282,-1056,-5504,-1336,0,0
2939,-3014,-3460,-1849,-4974,-1885,0,0
1922,-3020,-3674,-1651,-3941,-2046,0,0
980,-3430,-3555,-2326,-2928,-2022,0,0
215,-2653,-2596,-2336,-4978,-1599,0,0
-174,-1535,-1186,-2870,-8154,-1683,0,0
-493,542,1358,-455,-7084,-697,0,0
-420,1257,3797,4470,-1980,-1340,0,0
-842,667,3544,2471,-1261,-1065,0,0
-1504,-437,2826,3100,-4051,1037,0,0
-1104,-435,2357,3282,-6127,446,0,0
-595,320,2241,2410,-5909,-323,0,0
-392,646,1943,842,-4098,-534,0,0
-458,830,1591,-634,-3724,-688,0,0
-588,1071,1508,-833,-5004,-662,0,0
-719,1433,1402,-1144,-5785,-825,0,0
-947,1386,1387,-1687,-6193,-1071,0,0
-1191,1332,1763,-1283,-5796,-1112,0,0
-1410,1114,2343,-913,-5982,-867,0,0
-1489,1031,2773,-1158,-5782,-864,0,0
-1554,1090,3018,-1100,-5257,-970,0,0
-1586,1015,3019,-972,-4644,-1122,0,0
-1586,872,2877,-950,-3925,-1187,0,0
-1575,1176,2516,-1010,-3571,-1297,0,0
-1569,1347,2113,-1068,-3103,-1317,0,0
-1474,1796,1652,-924,-2973,-1812,0,0
-1576,2247,1162,-870,-3276,-2018,0,0
-1612,2267,689,-431,-2817,-2907,0,0
-1804,1713,172,-568,-2708,-3324,0,0
-1908,850,-85,-977,-2309,-3638,0,0
-1779,1154,-359,-540,-2043,-4205,0,0
-1747,908,-411,-530,-1934,-4417,0,0
-1782,-447,-182,-435,-1248,-3844,0,0
-1421,-854,-124,-673,-359,-3821,0,0
-790,-527,-41,-727,-55,-3498,0,0
-90,-113,66,-503,343,-3634,0,0
496,375,-161,-469,185,-4490,0,0
739,328,-251,-123,54,-4685,0,0
886,-614,-134,-197,-569,-3653,0,0
1117,-1381,-91,-94,-1529,-2797,0,0
1527,-1861,15,-946,-2512,-2206,0,0
2040,-497,-12,-579,-3794,-2558,0,0
2444,-758,-282,-785,-4855,-1877,0,0
2908,-557,-1134,-1164,-6843,-2437,0,0
3237,-1653,-2060,-1456,-7462,-545,0,0
4019,-993,-3293,-2078,-8281,-2529,0,0
4046,-1035,-3979,-1644,-7864,-364,0,0
4844,-265,-4512,-2962,-8265,-63,0,0
5299,2633,-3802,-1438,-5795,-2790,0,0
4743,1979,-2270,-353,-3931,-1592,0,0
4222,-1461,-1337,154,-3927,-1615,0,0
3454,-4654,-1467,-482,-3664,-2477,0,0
2226,-5890,-2115,-1613,-2944,-2379,0,0
867,-5111,-2553,-1688,-2704,-1877,0,0
-218,-4700,-2239,-1526,-5616,141,0,0
-544,-2386,-984,-2898,-8626,492,0,0
-249,1360,1520,377,-7700,-498,0,0
-91,1728,3392,3119,-3641,-1023,0,0
-445,1075,3406,1047,-2145,-1775,0,0
-1104,-394,2932,1596,-2780,-692,0,0
-1374,-586,2406,1114,-5783,855,0,0
-1189,659,2877,1125,-7515,1571,0,0
-556,1800,2986,923,-6244,-632,0,0
-678,1070,2285,-175,-5152,-579,0,0
-816,217,1832,-785,-4680,138,0,0
-736,612,1844,-769,-5545,-45,0,0
