31,30,-73,1356,3630,-413,0,0
16,0,-77,1327,3617,-394,0,0
23,14,-72,1262,3628,-419,0,0
70,132,-34,1210,3628,-448,0,0
125,282,19,1185,3597,-471,0,0
150,380,55,1208,3564,-505,0,0
118,351,49,1205,3522,-547,0,0
51,270,43,1203,3583,-597,0,0
-59,147,65,1174,3646,-692,0,0
-183,-38,98,1126,3669,-811,0,0
-266,-276,154,1036,3624,-850,0,0
-273,-400,222,1011,3644,-912,0,0
-180,-421,216,804,3713,-1133,0,0
-15,-113,199,883,3510,-1050,0,0
-11,-119,194,1100,3386,-932,0,0
-74,-399,114,1099,3627,-925,0,0
-52,-449,-17,1125,3801,-909,0,0
41,-397,-126,1090,3604,-837,0,0
194,-241,-138,1098,3536,-638,0,0
348,-22,-70,1159,3670,-434,0,0
426,190,8,1213,3832,-316,0,0
353,334,44,1304,3702,-340,0,0
145,183,37,1270,3413,-361,0,0
-107,-105,-13,1219,3279,-351,0,0
-315,-317,-117,1169,3237,-471,0,0
-388,-179,-157,1052,3061,-910,0,0
-374,43,-16,1004,2134,-2255,0,0
-165,-98,297,1578,1428,-4991,0,0
777,-1232,354,3538,2807,-6875,0,0
1899,-2367,211,3730,5203,-7780,0,0
3026,-2892,229,4217,7996,-9179,0,0
4379,-3355,-9,4346,11595,-9015,0,0
5502,-2925,-715,4191,12855,-6654,0,0
5549,-2578,-1110,3443,11095,-3389,0,0
4564,-2233,-1036,1230,5483,855,0,0
2830,-858,-551,-929,-85,1858,0,0
1502,219,-270,-839,-1285,1655,0,0
384,-986,-526,-24,-563,1641,0,0
-157,-1600,-864,-244,-72,1456,0,0
-35,-955,-606,293,-406,1740,0,0
39,-422,-161,256,-518,1923,0,0
-84,167,164,98,-623,1664,0,0
-262,598,567,-181,-997,1619,0,0
-710,471,716,-628,-819,559,0,0
-975,497,586,-833,-110,-738,0,0
-762,347,373,-596,566,-2449,0,0
-253,-260,-10,-835,1372,-2881,0,0
104,166,-141,-872,-50,-3454,0,0
-29,167,-30,-940,591,-4475,0,0
-2312,680,157,-763,546,-6469,0,0
-875,-192,340,-1815,1187,-9768,0,0
-891,-388,306,-2823,2643,-11478,0,0
-386,290,541,-3333,1998,-12051,0,0
-651,404,634,-2467,2550,-13106,0,0
-549,-818,295,-3643,3908,-11590,0,0
329,-138,33,-3024,3512,-10881,0,0
1024,-235,-354,-2522,3000,-8178,0,0
1322,-119,-498,-1544,1416,-5171,0,0
946,-399,-659,-629,870,-2435,0,0
374,11,-594,-265,-167,-314,0,0
-242,-318,-476,413,-496,-162,0,0
-459,-1695,-784,206,-75,419,0,0
-1,-1136,-778,-117,-272,1261,0,0
589,1194,-147,-87,-1068,1514,0,0
509,1846,525,760,-936,695,0,0
-37,404,492,299,-436,574,0,0
-412,-110,205,-294,-575,229,0,0
-533,-6,88,-407,-350,-331,0,0
-409,162,80,-544,-267,-599,0,0
-183,168,56,-537,-424,-824,0,0
119,-157,72,-286,330,-1066,0,0
454,-420,252,-536,131,-572,0,0
472,424,521,-751,-876,174,0,0
-475,942,732,219,-121,45,0,0
-1699,1644,1110,737,2272,-127,0,0
-2070,2918,1564,2024,6566,-1321,0,0
-2530,3908,1925,2372,7099,-908,0,0
-3763,5531,268,2636,8020,-1019,0,0
-5167,5251,-2550,4700,11452,-3842,0,0
-4858,6472,-4435,9656,16226,-8317,0,0
-2490,5490,-3847,16579,13433,-13584,0,0
804,4101,-2776,20134,6177,-13272,0,0
2144,-3405,2534,12924,10374,-10070,0,0
3941,-4580,3565,11358,13608,-5365,0,0
4753,-5937,3638,7526,15302,-1808,0,0
5178,-5945,2227,3009,11961,608,0,0
4408,-4599,557,195,6775,3187,0,0
2662,-2689,-399,-747,1375,3662,0,0
1510,-2062,-454,-813,-104,3375,0,0
1512,-1306,-649,-371,1183,3312,0,0
1338,-1183,-738,443,1681,3447,0,0
1152,-526,-631,-473,-21,4727,0,0
697,963,75,44,-1591,4219,0,0
-354,256,408,324,-760,3607,0,0
-1131,-193,300,-187,42,3141,0,0
-1528,416,238,-310,194,2403,0,0
-1736,1145,431,-283,355,2114,0,0
-2038,1513,497,-353,488,1930,0,0
-2470,1575,197,-161,1144,1169,0,0
-2779,1747,-146,284,2083,954,0,0
-3523,1871,-390,1407,4329,203,0,0
-4656,2232,-265,1763,7916,-891,0,0
-5689,3189,-443,3039,13165,-3296,0,0
-5497,2558,-1944,5792,11236,-4753,0,0
-5022,48,-2650,2970,9939,-4915,0,0
-3378,1524,-3640,2589,9973,-6262,0,0
-1388,2225,-907,4064,8626,-8056,0,0
308,467,-214,5478,9592,-6658,0,0
1497,-1671,614,4490,11298,-5909,0,0
2825,-2089,1268,3255,12006,-5337,0,0
3881,-2161,1581,3844,12683,-5535,0,0
4592,-2408,1498,3692,12465,-5097,0,0
5062,-2314,1268,3623,11921,-3851,0,0
5212,-2077,935,2862,10829,-2894,0,0
5151,-1520,650,740,7497,-569,0,0
4097,-1585,369,16,3052,1183,0,0
2598,-2459,-465,-955,-40,2584,0,0
2080,-2231,-1261,-281,621,3837,0,0
2062,-756,-1133,339,1926,5197,0,0
1622,478,-341,-347,655,6128,0,0
676,1238,375,-474,-939,5346,0,0
-467,962,452,-179,-333,4268,0,0
-1389,488,63,-281,431,3292,0,0
-1868,645,126,-306,1104,2316,0,0
-2209,708,295,-752,1165,1904,0,0
-2371,1290,210,-526,1179,1592,0,0
-2546,1828,33,-252,1145,1181,0,0
-2927,1846,-647,-44,1808,681,0,0
-3627,1216,-1457,1334,3514,243,0,0
-4875,563,-1601,1223,8903,250,0,0
-5963,1787,-1067,1818,13789,-359,0,0
-6449,2635,-1179,5049,15672,-2188,0,0
-6282,501,-2172,3842,12891,-2950,0,0
-5075,449,-1716,1333,11796,-3006,0,0
-2934,2655,-806,2089,11085,-4546,0,0
-1042,2392,-441,3271,9404,-6294,0,0
668,27,60,2750,9020,-4817,0,0
2366,-797,1036,3782,10820,-3863,0,0
3735,-1704,2049,5104,12066,-3916,0,0
4755,-3499,2818,5389,13737,-2728,0,0
5668,-3249,3001,4869,13931,-1569,0,0
5934,-2530,3029,4417,11627,-1524,0,0
5670,-3152,2385,1200,6934,-112,0,0
4980,-2486,1081,-1577,1028,1745,0,0
3732,-2734,-340,214,869,1936,0,0
2939,-3819,-2197,1063,3325,4214,0,0
2306,-2024,-2705,950,3729,5374,0,0
1412,-253,-1359,1461,1693,4419,0,0
981,-765,-301,738,-526,4650,0,0
534,-1148,128,-678,-411,3893,0,0
235,0,228,-375,-78,2473,0,0
-250,304,147,-793,408,1793,0,0
-815,418,-329,-2407,1518,692,0,0
-1304,1386,-558,-6017,1842,386,0,0
-1639,4045,-1161,-6717,3581,745,0,0
-2432,4892,-2321,-1794,9278,-5033,0,0
-2132,3657,-3839,2367,14201,-5506,0,0
-1734,2292,-4402,7668,9358,-1294,0,0
-4202,-413,-4994,7941,8348,819,0,0
-6540,-1093,-4363,8433,7531,85,0,0
-7035,326,-3169,7771,5089,-5105,0,0
-6193,413,-1962,5021,4360,-5787,0,0
-3980,185,-335,4735,7668,-8263,0,0
-908,1523,1167,74,11440,-10047,0,0
1071,596,1773,-2570,12367,-6745,0,0
2649,-905,1221,-4884,13446,-3226,0,0
3904,84,486,-4651,13077,-3711,0,0
4358,1063,301,-322,12260,-3622,0,0
4119,-234,58,2746,11072,-3229,0,0
4096,-731,165,4207,8593,-3126,0,0
4230,-199,1549,6008,4811,-783,0,0
3666,-1626,2894,4243,2409,1659,0,0
3147,-2580,3149,1543,3452,1615,0,0
3132,-2920,2712,-617,5282,2464,0,0
3285,-1320,2074,-2656,3626,4581,0,0
2776,719,2257,-2008,1820,3892,0,0
1812,221,1975,-2766,1370,4093,0,0
1056,-184,1156,-2741,299,4336,0,0
265,-54,712,-2988,-247,3721,0,0
-412,117,387,-2264,42,3559,0,0
-1292,-612,-168,-1375,322,3434,0,0
-2134,-844,-563,-1006,742,3273,0,0
-3089,41,-510,-702,1367,3036,0,0
-4385,1282,-335,240,3128,1305,0,0
-6058,2019,-25,522,7339,-241,0,0
-7556,1758,-414,3194,17278,-2924,0,0
-8014,-29,-1734,2240,16117,-3399,0,0
-7046,-571,-1581,-649,12459,-3526,0,0
-5165,1141,-512,128,10708,-3508,0,0
-3739,1654,-2600,953,9405,-5202,0,0
-2283,989,-742,676,5042,-5432,0,0
-900,361,-337,1101,5300,-5471,0,0
767,-401,194,2443,6696,-5346,0,0
2411,-1487,927,3039,9891,-4599,0,0
3966,-2286,1755,4075,13916,-4267,0,0
5360,-2828,2440,4248,16613,-2801,0,0
6244,-2934,2644,4269,16778,-1964,0,0
6436,-2732,2661,3818,14803,-1327,0,0
5874,-2131,2507,2267,11145,-767,0,0
4854,-3608,1790,123,6246,326,0,0
3234,-2063,165,-2110,1571,475,0,0
1914,-1964,-1667,-1290,325,1253,0,0
1141,-2895,-2736,321,2139,2377,0,0
1013,-1799,-2521,1086,3132,3231,0,0
1478,-189,-1120,1587,898,3751,0,0
1262,-102,-318,299,-580,4060,0,0
472,348,-56,181,-1342,4023,0,0
-480,229,39,-540,-858,3775,0,0
-1147,313,132,-83,207,3110,0,0
-1735,79,-118,-942,259,3841,0,0
-2325,714,-355,-561,877,3966,0,0
-3091,1291,-571,-682,2194,3029,0,0
-3601,2073,-840,-135,3161,1240,0,0
-4188,2526,-857,1236,3851,-250,0,0
-5242,1826,-542,1116,9039,-1802,0,0
-5849,1449,-245,2650,14173,-2290,0,0
-5734,352,-999,2733,11838,-3555,0,0
-4526,711,-1191,1076,10910,-3379,0,0
-3598,918,-1077,1008,11416,-5072,0,0
-2323,819,-876,1302,10110,-6123,0,0
-964,-508,-665,646,8560,-4259,0,0
342,-522,-478,872,9457,-3514,0,0
1471,-479,103,2422,9442,-3608,0,0
2233,-2054,603,2477,9414,-2381,0,0
3266,-1640,1551,3608,10647,-2713,0,0
4076,-1359,2299,3389,11101,-4142,0,0
4705,-1579,2691,2455,11430,-4461,0,0
5012,-2005,2321,1466,11073,-3665,0,0
5095,-1240,1448,910,9010,-1988,0,0
4513,-900,465,-631,5149,79,0,0
3448,-1690,-447,-222,1662,1153,0,0
2449,-3703,-1731,477,1436,2688,0,0
2399,-2898,-2396,736,2732,5032,0,0
2558,293,-1300,1684,688,5628,0,0
1581,404,-43,881,-94,5053,0,0
654,-18,148,200,-435,5248,0,0
-296,78,142,-445,-224,4399,0,0
-908,435,475,104,557,3851,0,0
-1306,353,516,-108,674,3970,0,0
-1980,795,787,-186,651,3847,0,0
-2961,1921,520,-1180,1730,2495,0,0
-3912,2752,-11,-561,3239,716,0,0
-5252,2298,-923,-331,9698,386,0,0
-7024,2298,-1906,2179,16979,-2631,0,0
-7623,1486,-2783,3018,16215,-3058,0,0
-6778,721,-2707,2217,14137,-2103,0,0
-5471,1089,-2113,1582,11142,-3863,0,0
-4212,970,-1467,362,8432,-4503,0,0
-2581,1593,-1308,1919,5708,-5785,0,0
-1005,205,-1487,2426,4500,-6208,0,0
808,-868,-754,2759,6768,-4913,0,0
3005,-843,1018,3135,10635,-3245,0,0
4774,-1120,2507,2862,15317,-2421,0,0
5959,-1415,3400,2536,18084,-1786,0,0
6630,-1340,3599,1552,18040,-1208,0,0
6507,-917,2889,790,14956,-1325,0,0
5401,-2103,1587,710,11029,-473,0,0
4082,-3112,221,-957,7030,853,0,0
3172,-1563,-257,-1397,3194,666,0,0
2537,-289,-328,-1018,825,1069,0,0
1968,-913,-875,518,424,1539,0,0
1452,-2286,-3704,596,1127,3417,0,0
1297,-1104,-1252,806,297,3992,0,0
852,-347,-278,476,-802,4041,0,0
198,-32,-47,51,-1272,4134,0,0
-490,452,-49,414,-1004,3088,0,0
-1154,80,217,299,-329,2604,0,0
-1449,352,557,49,446,2622,0,0
-1773,906,641,-25,970,2192,0,0
-2200,1198,490,-304,1337,1826,0,0
-2524,1649,203,-327,2005,1283,0,0
-3032,1713,-64,-81,3599,1341,0,0
-4319,1394,-116,604,8158,459,0,0
-5902,1534,-204,1850,14520,-1199,0,0
-6769,846,-1025,2466,14057,-2916,0,0
-6124,339,-1607,1166,12138,-1862,0,0
-4939,2011,-1265,1582,12457,-2271,0,0
-3634,2539,-1148,1678,9110,-3106,0,0
-2623,1357,-770,790,6665,-3453,0,0
-1599,75,-610,994,6441,-3992,0,0
-297,-830,-700,758,7760,-4038,0,0
1449,-724,-324,768,9190,-4447,0,0
3371,-905,403,1456,11382,-3525,0,0
5127,-817,1080,2126,13856,-2320,0,0
6162,-781,1637,1952,14826,-2197,0,0
6470,-1026,2011,1546,14994,-1264,0,0
6196,-957,1520,1093,12607,-605,0,0
5311,-1717,693,742,9047,541,0,0
4027,-2078,7,-660,4801,1723,0,0
2883,-1044,-146,-1358,1258,1554,0,0
2266,-574,-217,-202,-238,1145,0,0
2143,-1400,-751,-86,1146,2376,0,0
2396,-531,-751,421,1483,3826,0,0
1954,-19,-211,281,403,4636,0,0
1169,228,176,82,-1113,5626,0,0
14,526,485,-176,-865,5474,0,0
-1227,444,307,-254,115,4215,0,0
-1938,703,373,-389,722,3264,0,0
-2427,932,492,-510,1291,2720,0,0
-2868,1136,295,-480,1938,1835,0,0
-3116,1753,-52,-399,3337,1620,0,0
-3784,1947,-468,970,6406,2099,0,0
-5771,2036,-647,2133,15947,1987,0,0
-8085,2737,-1141,4873,22100,-1919,0,0
-9158,-634,-2504,3531,15814,-1974,0,0
-8482,-1516,-1633,1493,13427,98,0,0
-6134,1532,-723,-475,10917,-2517,0,0
-3585,4649,-584,347,8007,-5099,0,0
-2001,3729,-1142,1481,4514,-6955,0,0
-522,1524,-1726,2371,1554,-5670,0,0
793,-466,-1429,2915,2878,-4344,0,0
2441,-1277,-134,2515,6725,-3134,0,0
4415,-1231,1500,2261,11986,-1649,0,0
6071,-897,2963,3481,17440,-514,0,0
6989,-1384,3962,4011,20659,-444,0,0
7197,-1975,4015,3167,20546,290,0,0
6774,-1663,3335,2278,17262,-84,0,0
5896,-1961,2151,565,13146,112,0,0
4575,-2777,782,-423,8578,407,0,0
3026,-3067,-360,-1452,5509,797,0,0
2125,-1099,-955,-1791,2280,2082,0,0
1292,258,-939,-253,-1012,2138,0,0
319,-1047,-983,-316,-848,1553,0,0
328,-1157,-1079,-306,204,2320,0,0
397,-158,-718,73,-63,2504,0,0
205,141,-399,118,-618,2040,0,0
47,357,-35,275,-905,2110,0,0
-447,163,-91,158,-624,2220,0,0
-966,363,-60,283,-302,1763,0,0
-1371,611,129,229,26,1844,0,0
-1877,452,146,-13,594,1502,0,0
-2066,612,118,-370,738,1191,0,0
-2187,968,-56,-324,1385,777,0,0
-2334,1389,-213,-70,3107,1278,0,0
-3137,2090,-269,567,7101,1289,0,0
-4993,1812,-260,1603,11795,-575,0,0
-6119,1307,-763,1907,12352,-1821,0,0
-5921,846,-1417,2718,10798,-1075,0,0
-5339,249,-1643,1734,10614,-1451,0,0
-3906,1898,-1321,695,10465,-2025,0,0
-2410,3294,-975,1792,8611,-3410,0,0
-1395,1475,-805,1464,6067,-4125,0,0
-258,-568,-383,862,6923,-3166,0,0
1176,-899,122,1565,9521,-3054,0,0
2570,-990,530,1893,9577,-3403,0,0
3587,-2147,902,2283,11555,-2964,0,0
4597,-2474,947,3125,13539,-2054,0,0
5489,-2317,953,2032,13961,-1668,0,0
6161,-1037,1357,1030,13770,-850,0,0
6012,-315,1296,1441,11615,-803,0,0
5067,-1417,739,566,8342,333,0,0
3746,-2420,92,-955,4253,1803,0,0
2777,-1334,-320,-1238,869,2630,0,0
2113,-1038,-683,651,-402,2589,0,0
1974,-1517,-914,186,1375,3946,0,0
2130,125,-172,125,238,5136,0,0
1332,952,440,-231,-885,3874,0,0
449,690,499,279,-809,3004,0,0
-329,-287,107,-297,-748,3067,0,0
-871,-92,252,-887,-481,2657,0,0
-1271,412,361,-150,-31,1963,0,0
-1503,261,331,-411,277,2396,0,0
-1853,696,218,-540,658,2187,0,0
-2389,1137,-23,-439,2082,1956,0,0
-3218,1780,-252,181,3982,1967,0,0
-4902,1507,-235,746,8944,543,0,0
-6409,1622,-86,1651,14660,-1933,0,0
-6381,998,-738,2694,12848,-1696,0,0
-5912,467,-1216,1213,12580,-1870,0,0
-4919,2487,-819,1191,11609,-3334,0,0
-3868,2605,-883,1988,9571,-4397,0,0
-2736,1236,-1408,1702,7689,-4290,0,0
-1359,685,-1691,1355,6768,-4567,0,0
328,101,-1246,1436,7924,-3756,0,0
2131,255,-33,1854,9748,-2236,0,0
3352,-121,1493,1636,11074,-2458,0,0
4251,-767,2542,1664,12659,-2942,0,0
4943,-1620,2648,2302,13615,-3024,0,0
5301,-2578,1993,1015,13738,-1934,0,0
5690,-1476,1365,550,12380,-911,0,0
5555,-410,925,615,9922,-463,0,0
4693,-891,534,292,6088,791,0,0
3118,-2265,34,-822,2877,1318,0,0
2242,-1734,-336,-1410,437,2240,0,0
1989,-939,-465,-83,125,3199,0,0
1812,-623,-657,198,1494,3964,0,0
1576,143,-142,-419,339,5173,0,0
980,706,503,-867,-676,5492,0,0
-23,1214,697,-413,-351,4481,0,0
-1215,744,207,-648,317,3755,0,0
-1978,706,-138,-718,703,3215,0,0
-2438,1170,-55,-633,1088,2381,0,0
-2790,1542,-180,-539,1576,1561,0,0
-2984,1963,-476,-72,2223,1040,0,0
-3423,1960,-1017,1109,4534,450,0,0
-4400,2262,-1414,1934,9605,-2144,0,0
-5474,2913,-1777,2583,14066,-980,0,0
-5924,2501,-2836,4197,14393,-2265,0,0
-5647,742,-3977,4034,10333,-1801,0,0
-5320,-961,-3499,1227,8676,-2162,0,0
-3890,390,-2037,-294,7852,-2208,0,0
-1837,3068,-983,923,6352,-3415,0,0
-288,2400,-605,2431,5516,-4353,0,0
701,-347,-426,2672,7001,-3753,0,0
1896,-1652,330,2479,10542,-2618,0,0
3433,-1761,1598,2363,12583,-1867,0,0
4714,-1966,2698,2247,14092,-896,0,0
5458,-2014,3255,2876,15360,-957,0,0
5745,-2643,3242,2874,15555,-1350,0,0
5639,-3212,2498,1292,14221,-628,0,0
5196,-2825,1231,338,11462,-821,0,0
4590,-2523,80,-20,8667,-405,0,0
3918,-1562,-692,-1463,4889,1986,0,0
2972,-201,-691,-97,219,2820,0,0
1730,-1188,-833,162,-423,3060,0,0
1326,-3416,-941,304,918,4021,0,0
928,-906,-559,74,-241,3784,0,0
807,269,82,59,-862,3004,0,0
436,639,399,141,-546,2642,0,0
-125,577,135,-211,-360,2430,0,0
-394,938,259,128,-167,2110,0,0
-783,759,529,-462,-30,2581,0,0
-1270,1220,424,-633,40,2106,0,0
-1686,1777,109,-330,-99,1298,0,0
-2157,1619,-439,-315,509,1011,0,0
-2756,1661,-869,375,2427,519,0,0
-3792,1844,-901,514,6464,-25,0,0
-4858,2787,-645,1300,11117,-1210,0,0
-5510,2313,-1851,3061,13450,-2602,0,0
-5645,606,-3356,2410,11321,-1467,0,0
-5704,-224,-3194,1333,10985,-987,0,0
-5105,654,-2420,1290,10335,-1050,0,0
-4200,2003,-1966,1523,9129,-2410,0,0
-3092,1839,-2007,1951,7482,-3168,0,0
-2198,247,-1979,1933,5928,-4658,0,0
-831,-1200,-1365,933,6948,-4680,0,0
1846,-489,251,1463,9846,-3902,0,0
4281,-170,2153,1713,12935,-3356,0,0
5682,-1041,3328,2494,16378,-3029,0,0
6463,-2118,3208,2324,18116,-1694,0,0
6852,-1731,2647,2355,17609,-985,0,0
6691,-1461,2315,2101,15984,131,0,0
6201,-1966,1765,677,12111,1801,0,0
3038,-2516,386,-1654,2494,2983,0,0
1711,-2054,-433,-1703,-582,3508,0,0
1176,-1916,-921,-512,-491,4195,0,0
926,-951,-829,-606,1068,4076,0,0
801,438,-132,-68,149,2908,0,0
357,91,19,-314,-502,2804,0,0
-81,323,-215,-149,-854,2711,0,0
-619,439,-211,22,-577,2311,0,0
-1044,505,11,295,-158,2108,0,0
-1354,625,211,473,-34,1787,0,0
-1690,900,269,201,-62,1522,0,0
-2028,1400,220,158,2,1121,0,0
-2513,1433,-24,38,627,550,0,0
-2976,1609,-138,-60,3344,889,0,0
-3754,2493,2,330,8567,392,0,0
-5290,1637,-419,2106,13267,-2193,0,0
-6076,141,-1788,1062,11022,-1558,0,0
-5860,-94,-2167,410,11335,-85,0,0
-5152,1467,-1811,991,11149,-559,0,0
-4469,2633,-1678,1514,10511,-2146,0,0
-3803,1825,-1596,1541,9712,-3270,0,0
-2821,-269,-1769,2069,8906,-5124,0,0
-857,-1264,-1465,428,8897,-4303,0,0
2085,278,121,1113,9945,-3168,0,0
4138,413,2027,1247,11401,-2644,0,0
5222,-547,2934,2243,13124,-2740,0,0
5680,-2198,2721,2276,14706,-1812,0,0
5954,-2461,1925,521,14506,-701,0,0
6158,-1057,1456,580,12566,-478,0,0
5869,-469,1264,411,10417,280,0,0
4974,-884,960,-15,6422,1424,0,0
3308,-1955,389,-1288,2594,2313,0,0
1931,-1541,-147,-1194,331,2315,0,0
1155,-1308,-669,-1068,-269,2751,0,0
1213,-534,-756,77,985,3005,0,0
1199,2,-339,-159,561,3900,0,0
731,363,129,-585,-422,3766,0,0
19,774,217,-509,-689,2966,0,0
-762,753,-125,-345,-588,2214,0,0
-1226,464,-211,-327,-220,1830,0,0
-1566,381,-65,-429,93,1270,0,0
-1726,456,-61,-70,212,931,0,0
-1900,638,-265,-183,567,775,0,0
-2128,1278,-489,-17,1761,835,0,0
-3033,1618,-333,-134,4250,879,0,0
-4570,1153,-338,669,8211,-948,0,0
-5693,269,-809,697,11712,-1596,0,0
-5793,107,-1340,1085,9916,-566,0,0
-5560,381,-1450,1356,10793,-865,0,0
-5167,791,-1272,829,10332,-3023,0,0
-4263,1168,-1094,-212,9284,-3202,0,0
-2884,1958,-1494,1489,8461,-3323,0,0
-1544,871,-2062,2181,6985,-3945,0,0
-201,-881,-1356,1037,7336,-3041,0,0
1623,-401,386,922,10339,-1464,0,0
3419,618,1741,1574,10412,-1082,0,0
4224,51,2498,1883,10711,-1270,0,0
4155,-1892,2491,1900,12350,-1322,0,0
4219,-2399,1906,613,12559,-1293,0,0
4618,-1202,1744,673,11502,-1745,0,0
4558,-1973,1447,339,11175,-2638,0,0
4600,-2310,491,-642,9900,-1593,0,0
4443,-1535,-154,-181,7080,-866,0,0
3998,-1323,-556,-333,3666,1533,0,0
3012,-1715,-1085,657,-137,3671,0,0
2079,-1831,-1656,591,503,4339,0,0
1895,-253,-1221,1032,1687,4438,0,0
1532,752,-283,836,-411,4536,0,0
818,727,266,579,-1276,3371,0,0
170,379,341,115,-771,2956,0,0
-453,335,227,-101,-656,2506,0,0
-937,432,217,-29,-623,1539,0,0
-1192,374,274,-493,-321,1101,0,0
-1367,670,270,-537,-169,621,0,0
-1826,564,174,-562,-315,505,0,0
-2770,990,315,-1071,1897,379,0,0
-4157,1469,334,-659,4957,-1327,0,0
-5489,1506,-136,-361,10380,-3448,0,0
-5822,938,-1076,913,10567,-5180,0,0
-4947,197,-1644,-489,10030,-3070,0,0
-3658,1910,-1910,444,8688,-1825,0,0
-2919,2222,-1823,1299,6109,-814,0,0
-2714,993,-1284,1221,4859,-200,0,0
-2617,-107,-846,843,5143,49,0,0
-2630,-136,-518,867,5378,-106,0,0
-2668,421,-512,177,5560,-660,0,0
-2491,473,-732,181,5313,-3143,0,0
-1566,-646,-870,-174,6822,-4944,0,0
384,-1343,-688,-1009,8570,-5960,0,0
3075,-586,-152,326,11934,-4653,0,0
5355,-69,915,2517,15054,-3099,0,0
6135,-1270,1796,2070,16302,-1910,0,0
6316,-1528,1822,802,15152,-335,0,0
6072,-605,1668,678,13597,-738,0,0
5485,-1226,1277,-908,11003,-744,0,0
5150,-767,996,-1569,8759,-459,0,0
4318,-972,726,-1318,6289,-213,0,0
3114,-1581,-62,-2008,3443,970,0,0
2119,-813,-615,-1790,774,2128,0,0
1384,152,-735,4,-1313,2328,0,0
535,-1034,-712,446,-635,2841,0,0
81,-965,-522,129,374,2971,0,0
19,650,-57,314,-441,2540,0,0
-328,1194,338,64,-654,1797,0,0
-691,946,311,-270,-406,1070,0,0
-760,764,115,-228,-144,966,0,0
-813,860,123,-196,197,1167,0,0
-1098,796,47,-134,155,1049,0,0
-1452,518,-236,-476,89,1138,0,0
-1716,911,-480,-347,42,991,0,0
-2262,1104,-744,-54,770,596,0,0
-3152,1348,-676,-438,3713,952,0,0
-4288,2039,-715,393,8386,-412,0,0
-5488,1467,-1340,974,11658,-2122,0,0
-5958,-184,-2112,1196,9693,-2866,0,0
-5337,-809,-1874,167,9580,-2600,0,0
-4191,853,-1428,49,9193,-3679,0,0
-2932,1709,-1418,930,8168,-3606,0,0
-1764,1076,-1535,1748,7896,-3053,0,0
-679,312,-1276,1455,7519,-2573,0,0
244,-381,-135,1395,8431,-2029,0,0
1047,-1090,900,262,10773,-2085,0,0
2212,-775,1277,106,10617,-3903,0,0
3406,-996,1410,1072,11190,-4180,0,0
4334,-1918,1316,140,11891,-3482,0,0
5313,-1041,1320,-132,11896,-3306,0,0
5908,-306,1348,242,11308,-2111,0,0
5805,-481,1054,464,9812,-1149,0,0
5015,-1441,787,222,7312,-173,0,0
3720,-2162,269,-744,4491,950,0,0
2483,-1664,-246,-978,1479,1470,0,0
1675,-997,-492,-1027,-151,1826,0,0
1503,15,-433,-345,-568,2699,0,0
1124,307,-197,295,-40,3128,0,0
630,-16,-108,72,257,3497,0,0
136,435,-16,-471,-544,3298,0,0
-458,970,229,-165,-571,2239,0,0
-901,678,348,-8,5,2361,0,0
-1352,459,323,-454,494,2399,0,0
-1771,964,234,-376,801,1888,0,0
-2153,1254,91,-389,1125,1739,0,0
-2568,1500,-291,-306,1292,1193,0,0
-3081,1221,-822,-436,2902,1339,0,0
-4064,1657,-1335,-243,7111,1175,0,0
-5312,2909,-1711,1498,12712,-704,0,0
-6250,1324,-2397,2193,13319,-1947,0,0
-6102,-801,-2644,2117,10745,-1618,0,0
-5605,-1418,-1679,607,9813,-2823,0,0
-4389,314,-456,-1191,9042,-3649,0,0
-2615,2380,-555,1431,6999,-4063,0,0
-1604,1240,-1599,1064,5638,-3639,0,0
-839,-195,-1934,802,6339,-3947,0,0
1010,51,-1353,824,8250,-2125,0,0
3053,289,379,1943,10817,-1373,0,0
4084,-976,2232,1132,13084,-349,0,0
4452,-1787,2508,1115,13464,400,0,0
4229,-2287,1819,198,12767,-87,0,0
4394,-1655,1436,-947,11820,-1345,0,0
5027,-629,1418,-1161,10977,-1645,0,0
5240,-463,1237,-979,9984,-2088,0,0
4932,-1258,532,-896,8450,-1645,0,0
4225,-1799,-309,-970,5919,-511,0,0
3537,-1166,-699,-615,3197,1137,0,0
2754,-330,-693,-367,646,1984,0,0
1859,-901,-776,823,-575,2547,0,0
1229,-1920,-902,668,252,3689,0,0
951,-929,-535,405,95,3540,0,0
511,60,-138,315,-637,2762,0,0
6,612,35,-51,-1025,2180,0,0
-391,463,-145,179,-792,1513,0,0
-693,-1,-81,-106,-422,1360,0,0
-807,383,194,-429,-351,1489,0,0
-973,864,347,77,-166,897,0,0
-1242,610,166,-196,34,935,0,0
-1752,717,-58,-100,-342,1238,0,0
-2813,1019,186,-184,1398,1460,0,0
-4301,1411,505,400,5700,-239,0,0
-5196,1161,27,171,9781,-2149,0,0
-5398,678,-708,-504,9496,-2639,0,0
-4876,824,-938,43,9619,-2158,0,0
-4543,649,-843,788,9674,-2476,0,0
-4092,1232,-859,130,9729,-1072,0,0
-3855,1680,-933,1317,9149,-2468,0,0
-3716,-125,-1236,-228,8918,-3516,0,0
-2491,418,-1244,273,8535,-3975,0,0
-664,624,-1031,874,8991,-4609,0,0
1262,32,-347,309,9125,-2798,0,0
2626,295,857,1107,8077,-1626,0,0
3166,-619,1664,1239,8661,-1244,0,0
3525,-986,1860,401,9659,-1087,0,0
3832,-250,2081,648,9714,-2323,0,0
3972,-671,2121,344,10068,-3111,0,0
4252,-1048,1754,466,10386,-3810,0,0
4370,-1910,1041,142,9924,-3372,0,0
4384,-2120,288,-214,8215,-1820,0,0
4194,-1332,-56,-374,5350,163,0,0
3385,-1225,-246,322,1396,1619,0,0
2068,-2627,-827,-3,-394,2238,0,0
1989,-1918,-1362,490,464,3494,0,0
1867,-707,-841,1139,735,4017,0,0
1356,220,-130,562,9,3696,0,0
611,396,158,124,-859,2960,0,0
64,-53,-127,-25,-1042,2348,0,0
-221,153,-53,-264,-755,2013,0,0
-524,454,245,266,-490,1361,0,0
-2888,182,244,-364,-353,1444,0,0
-1024,816,164,-23,-381,1196,0,0
-1711,1098,337,-2064,-894,1190,0,0
-3031,1334,765,-841,1468,716,0,0
-4073,2405,677,291,5930,-1754,0,0
-4932,1278,-335,63,9380,-3330,0,0
-5005,706,-978,-1290,8052,-2921,0,0
-4405,1592,-1151,-649,8222,-2246,0,0
-4057,1928,-1601,1433,8640,-1341,0,0
-4494,275,-2124,1116,10166,-687,0,0
-4518,164,-2022,1016,9937,-2456,0,0
-4275,502,-1578,731,8560,-1325,0,0
-3458,588,-1012,298,7648,-2648,0,0
-2022,947,-467,318,6796,-3987,0,0
-348,664,-78,561,7720,-4249,0,0
1338,446,577,702,9291,-3686,0,0
2691,124,1556,922,9771,-3408,0,0
3515,-1041,1988,1552,10941,-3621,0,0
4281,-2163,1924,1104,12179,-2692,0,0
5039,-1752,1869,865,12597,-2555,0,0
5572,-1094,1722,985,12359,-1771,0,0
5537,-830,1578,1002,10846,-1754,0,0
4813,-2458,1170,155,9274,-1153,0,0
4208,-2626,442,-313,6719,217,0,0
3196,-2313,-24,-923,3783,1379,0,0
2262,-899,-531,-915,449,2305,0,0
1273,-1356,-856,290,-897,2185,0,0
997,-1511,-1102,-569,222,3746,0,0
1114,544,-533,642,284,2998,0,0
688,127,-67,233,-472,2620,0,0
287,99,-60,-365,-979,2861,0,0
-136,548,-88,324,-1119,2392,0,0
-653,244,195,13,-681,2411,0,0
-978,584,352,-215,-171,2086,0,0
-1182,1055,364,-102,95,1842,0,0
-1613,1323,343,-151,189,1756,0,0
-2335,1298,41,-54,813,1491,0,0
-3712,1253,-4,-698,3044,629,0,0
-4901,1584,-138,127,8155,-1057,0,0
-5648,1017,-837,888,12134,-2199,0,0
-5629,528,-1512,255,9899,-1519,0,0
-5149,1244,-1340,459,10139,-751,0,0
-4855,2000,-1124,1182,10793,-875,0,0
-4628,1523,-1294,1920,9921,-1657,0,0
-4351,262,-1254,1057,9374,-1002,0,0
-3656,449,-1024,919,8546,-2384,0,0
-2452,281,-794,233,6377,-3408,0,0
-956,-535,-337,-588,6283,-2732,0,0
1130,-573,295,-387,9023,-1964,0,0
3040,-215,947,-517,10807,-1716,0,0
3780,-1010,1070,355,10771,-2209,0,0
4278,-2115,683,1078,11917,-2046,0,0
5220,-1604,472,1027,13143,-2832,0,0
6208,-1130,707,1017,13894,-2136,0,0
6871,-774,767,906,13472,-435,0,0
6595,-735,845,515,10518,967,0,0
5325,-1067,713,-390,7467,1761,0,0
3752,-1193,312,-383,4397,2708,0,0
2061,-1546,-131,-837,1000,2362,0,0
1274,-1060,-330,-1845,-541,2570,0,0
1300,45,-230,-996,-556,2219,0,0
1003,-447,-495,-488,262,2332,0,0
727,-294,-633,-286,-138,2557,0,0
413,146,-478,177,-815,2716,0,0
-16,32,-294,493,-653,2767,0,0
-441,71,-126,33,-436,3137,0,0
-1025,613,122,198,-117,3117,0,0
-1621,1041,308,156,222,3115,0,0
-2319,1098,132,-196,832,2563,0,0
-2991,1321,-112,-496,1665,2332,0,0
-3950,1695,-271,-269,2914,1580,0,0
-5252,1459,-344,266,10423,-1227,0,0
-5946,1222,-739,798,13034,-3493,0,0
-5542,762,-1530,940,11083,-2273,0,0
-4904,1197,-1677,994,11492,-999,0,0
-4544,2140,-1282,1075,9646,-1697,0,0
-4035,1768,-1388,1436,8738,-1317,0,0
-3670,146,-1458,1546,9100,-1108,0,0
-3245,-558,-1028,-248,8047,-2480,0,0
-1961,87,-471,-604,7309,-3594,0,0
-38,126,-312,247,8570,-4754,0,0
2153,-528,-9,109,10108,-3652,0,0
4105,-372,930,1464,11560,-3071,0,0
5266,-1094,1716,1590,12704,-2198,0,0
6059,-1673,1826,1707,14059,-973,0,0
6536,-1261,1888,1066,14504,152,0,0
6449,-1012,1916,408,12428,860,0,0
5592,-1398,1767,-145,9030,849,0,0
4473,-1915,1206,-811,6445,1358,0,0
3308,-1534,558,-1056,3563,1983,0,0
1851,-1633,60,-1502,1606,1893,0,0
959,-451,-256,-1796,-206,1344,0,0
452,-165,-293,-788,-637,196,0,0
396,-1008,-651,-1107,276,1157,0,0
530,-5,-810,-244,357,1210,0,0
451,167,-550,478,-169,652,0,0
333,-507,-257,-11,-321,1002,0,0
258,-435,-123,23,92,35,0,0
136,-379,57,-316,387,-1172,0,0
118,-217,63,-1165,-487,-1576,0,0
-575,904,368,-1831,-2437,-3190,0,0
-1498,449,789,-1008,433,-6149,0,0
-2044,-1241,-158,-1618,2367,-6889,0,0
-1492,-334,-484,-2596,2067,-6092,0,0
-549,1390,21,-1126,1737,-5854,0,0
-373,667,-103,-709,1485,-5573,0,0
-286,-403,-478,-1057,1180,-4669,0,0
126,-332,-462,-788,1219,-3276,0,0
379,355,-244,-346,1000,-3023,0,0
51,274,-102,21,928,-3307,0,0
-411,-249,-2,-229,1211,-3654,0,0
-456,-444,106,-877,1229,-4178,0,0
-164,-260,135,-1136,1415,-4142,0,0
24,78,149,-900,1384,-4085,0,0
57,-91,106,-1171,1463,-4057,0,0
151,-85,147,-1325,1224,-3904,0,0
141,-8,133,-1345,1103,-3971,0,0
163,-35,18,-1134,1257,-3909,0,0
158,-186,-49,-1151,1257,-3666,0,0
170,-78,-33,-1153,1288,-3435,0,0
209,86,-4,-1010,1089,-3432,0,0
99,-72,7,-1105,948,-3384,0,0
-92,-228,14,-1246,970,-3473,0,0
-129,-106,-8,-1323,1133,-3647,0,0
-83,115,-4,-1115,1172,-3874,0,0
-172,-167,-25,-1172,1249,-3804,0,0
-121,-225,-55,-1300,1357,-3766,0,0
37,4,-22,-1228,1174,-3857,0,0
87,16,18,-1171,1092,-3646,0,0
71,45,67,-1066,1045,-3483,0,0
46,105,119,-1051,1052,-3267,0,0
46,321,213,-986,1139,-2909,0,0
-7,654,296,-798,1145,-2480,0,0
-196,835,405,-643,977,-2253,0,0
-435,758,521,-574,1278,-1801,0,0
-583,1233,671,-406,1618,-741,0,0
-885,2274,760,187,1971,-265,0,0
-1381,2849,818,868,2542,-224,0,0
-2109,2582,683,1263,3501,-272,0,0
-2829,2165,220,1457,4997,-193,0,0
-3611,2211,-607,2020,6752,-586,0,0
-4264,1972,-1767,2049,7722,-1387,0,0
-4201,2318,-2568,1427,8262,-1461,0,0
-3509,2998,-2821,1887,8400,-2266,0,0
-2570,2510,-2312,2009,7190,-3801,0,0
-1260,2321,-1485,1672,5302,-3639,0,0
-234,1806,-963,2056,3526,-2469,0,0
168,249,-894,1668,3157,-1662,0,0
591,28,-981,1483,3331,-1096,0,0
937,243,-992,1529,3434,-721,0,0
1204,323,-806,1788,3597,-700,0,0
1310,69,-240,1832,3774,-337,0,0
1033,-897,747,1533,4262,295,0,0
751,-1677,1928,1250,4790,813,0,0
606,-1566,2821,-496,5035,1302,0,0
603,282,2653,-1714,3927,1074,0,0
695,1768,2169,118,3473,687,0,0
414,875,1640,623,3806,899,0,0
75,-15,1202,127,4262,670,0,0
-327,461,1073,-39,4656,-384,0,0
-553,1242,770,-109,4269,-700,0,0
-466,1240,310,1125,3948,-981,0,0
-117,685,-60,1023,3798,-1973,0,0
620,1567,-137,1586,3534,-1596,0,0
641,461,-417,1568,3426,-244,0,0
409,290,-649,1754,3686,-55,0,0
297,331,-617,1863,3619,-134,0,0
228,-89,-519,1718,3480,147,0,0
58,-101,-347,1540,3380,61,0,0
-57,150,-196,1494,3266,-72,0,0
-118,57,-130,1623,3258,-258,0,0
15,-97,-110,1427,3661,-385,0,0
235,191,-134,1394,3819,-340,0,0
210,397,-59,1600,3803,-550,0,0
25,-21,187,1510,3639,-589,0,0
-113,-664,407,1356,3558,-447,0,0
-144,-970,504,1180,3297,-398,0,0
-46,-869,496,1059,3378,-291,0,0
41,-538,334,1185,3469,-468,0,0
92,-509,110,1418,3464,-706,0,0
99,-870,-97,1508,3567,-770,0,0
44,-1270,-270,1435,3829,-758,0,0
-17,-1468,-358,1225,3934,-768,0,0
-8,-1321,-283,986,3796,-761,0,0
59,-799,-87,914,3738,-706,0,0
108,-215,93,1000,3695,-739,0,0
95,-35,182,1120,3567,-743,0,0
26,-163,167,1118,3501,-706,0,0
-51,-223,95,1071,3506,-738,0,0
-96,-179,28,1053,3516,-753,0,0
-119,-135,-5,1068,3558,-747,0,0
-142,-122,-8,1070,3585,-785,0,0
-151,-137,4,1058,3581,-824,0,0
-128,-155,9,1075,3691,-792,0,0
-98,-135,-1,1066,3787,-800,0,0
-66,-75,1,1046,3740,-827,0,0
-39,-11,27,1033,3657,-822,0,0
-37,-16,44,1089,3646,-865,0,0
-48,-132,7,1057,3642,-892,0,0
-34,-186,-53,1012,3639,-841,0,0
-12,-84,-100,1012,3623,-855,0,0
3,4,-131,1074,3579,-882,0,0
1,-53,-156,1120,3603,-851,0,0
5,-121,-162,1084,3607,-814,0,0
30,-86,-131,1084,3648,-775,0,0
53,-18,-79,1095,3625,-750,0,0
60,2,-15,1107,3548,-734,0,0
42,-35,40,1096,3526,-734,0,0
30,-64,79,1034,3473,-695,0,0
34,2,118,1016,3433,-682,0,0
29,67,141,1045,3478,-700,0,0
7,60,132,1058,3590,-716,0,0
-8,62,128,1017,3531,-723,0,0
-8,103,165,1046,3687,-717,0,0
-25,135,193,1080,3816,-782,0,0
-51,79,200,1031,3693,-805,0,0
-60,36,218,995,3632,-796,0,0
-62,35,215,997,3670,-817,0,0
-86,20,154,1008,3658,-854,0,0
-116,-6,41,1007,3609,-852,0,0
-133,-21,-95,1042,3628,-864,0,0
-134,-55,-207,1030,3609,-878,0,0
-97,-21,-266,1041,3690,-832,0,0
-45,68,-287,1077,3687,-832,0,0
-5,95,-267,1128,3652,-804,0,0
11,67,-216,1151,3656,-778,0,0
9,20,-155,1170,3709,-768,0,0
-5,-23,-93,1158,3734,-782,0,0
-9,-51,-25,1127,3689,-809,0,0
7,-90,49,1084,3630,-816,0,0
37,-101,113,1044,3634,-806,0,0
61,-55,135,1043,3673,-813,0,0
58,-27,117,1047,3626,-837,0,0
44,-49,96,1040,3576,-832,0,0
39,-80,89,1036,3600,-834,0,0
41,-99,85,1017,3650,-833,0,0
41,-84,85,1002,3643,-845,0,0
51,-69,84,1024,3653,-852,0,0
67,-90,68,992,3650,-844,0,0
86,-62,73,973,3646,-816,0,0
86,-3,86,990,3604,-816,0,0
57,-27,81,1009,3512,-818,0,0
21,-102,60,966,3410,-796,0,0
6,-101,24,954,3426,-756,0,0
-5,-29,-39,1019,3616,-729,0,0
-32,36,-117,1028,3597,-743,0,0
-55,60,-148,1068,3536,-736,0,0
-74,12,-136,1068,3582,-775,0,0
-56,6,-107,1046,3720,-743,0,0
-17,124,-78,1063,3770,-804,0,0
0,173,-47,1033,3750,-2928,0,0
137,407,-102,567,3890,-1220,0,0
568,1605,-114,512,3866,-1160,0,0
762,2587,67,1108,3544,-513,0,0
522,2082,152,1846,3557,-466,0,0
206,989,104,1519,3591,-752,0,0
119,736,111,998,3511,-766,0,0
172,1037,155,1319,3435,-613,0,0
189,818,109,1676,3418,-694,0,0
121,425,59,1594,3358,-592,0,0
101,246,56,1231,3420,-487,0,0
181,722,-107,1220,3539,-384,0,0
125,1283,-151,1735,3463,-210,0,0
-126,1465,-67,2070,3414,-735,0,0
-183,628,13,1952,3555,-637,0,0
-304,-855,-60,1335,3661,228,0,0
-528,-964,-228,471,3920,203,0,0
-553,-332,-397,504,4057,-251,0,0
-433,-36,-599,352,3995,-362,0,0
-245,340,-724,342,4059,-277,0,0
-40,858,-757,370,4288,-299,0,0
13,1236,-786,709,4253,72,0,0
-29,1118,-934,714,4148,-91,0,0
-2,897,-1046,931,3965,7,0,0
-47,689,-1055,1116,3759,264,0,0
-110,674,-1019,995,3615,191,0,0
-139,768,-845,1184,3471,156,0,0
-218,475,-601,1375,3228,314,0,0
-344,-539,-421,1419,3251,-34,0,0
-402,-2077,-351,1002,3338,219,0,0
-598,-2748,-191,107,3718,658,0,0
-512,-2047,88,127,3988,477,0,0
-314,-1542,289,706,3776,514,0,0
-401,-1998,231,-167,3817,352,0,0
-203,-1329,111,-319,3971,246,0,0
-75,-481,269,224,4206,507,0,0
-11,-643,341,-254,4277,293,0,0
-150,-1059,82,-246,3974,606,0,0
-209,-1043,-28,-350,4090,689,0,0
257,1042,184,-59,4424,570,0,0
602,3119,687,765,4199,863,0,0
396,3113,1146,752,4138,618,0,0
73,2935,1079,867,3792,839,0,0
-268,2209,881,1038,3542,995,0,0
-532,875,716,709,3447,1073,0,0
-656,423,531,361,3376,1698,0,0
-867,914,453,743,3407,1645,0,0
-928,884,421,543,3298,1410,0,0
-887,1478,226,728,3265,1390,0,0
-880,1761,144,1150,3496,1409,0,0
-846,907,-48,840,3666,1377,0,0
-686,670,-56,500,3590,1907,0,0
-621,605,-8,607,3441,1720,0,0
-412,87,-109,332,3480,1819,0,0
-179,-59,-65,668,3443,2021,0,0
-18,-373,189,798,3337,2096,0,0
7,-158,422,730,3070,2442,0,0
-117,77,489,875,2732,2491,0,0
-260,-167,343,568,2477,2621,0,0
-405,-110,141,288,2589,2522,0,0
-493,9,25,450,3002,2295,0,0
-399,157,40,826,3272,1953,0,0
-200,168,116,1089,2892,2233,0,0
-113,-308,54,848,2953,2372,0,0
-78,-418,-65,592,3149,2462,0,0
-96,-274,-123,754,3027,2513,0,0
-96,-176,-138,923,3168,2580,0,0
-111,-197,-147,647,3480,2471,0,0
-109,-117,-122,545,3075,2419,0,0
-83,-105,-189,685,2857,2518,0,0
-96,-34,-233,654,2854,2470,0,0
-81,72,-254,536,2973,2495,0,0
-94,162,-287,462,3022,2565,0,0
-141,250,-298,484,3006,2380,0,0
-124,320,-291,715,3021,2342,0,0
-90,313,-236,933,3048,2507,0,0
-72,281,-141,1060,3087,2488,0,0
-59,178,-23,1139,2974,2538,0,0
-120,-44,71,935,2686,2721,0,0
-215,-7,147,739,2323,2782,0,0
-300,-2184,57,-49,2138,2798,0,0
-299,-149,-346,-208,2802,2299,0,0
-65,-119,-519,734,3457,2164,0,0
102,-193,-266,503,3188,3129,0,0
-45,-258,-161,178,2893,3315,0,0
-191,-359,-246,238,3024,2742,0,0
-111,-293,-178,308,2847,2692,0,0
-30,-267,-135,426,2753,2676,0,0
61,-284,-87,403,2829,2643,0,0
129,-204,32,359,2921,2665,0,0
154,-145,170,330,2845,2868,0,0
96,-8,278,437,2803,2690,0,0
100,27,308,480,2755,2787,0,0
55,148,284,734,2784,2679,0,0
29,-40,219,628,2784,2488,0,0
50,-10,242,872,2786,2848,0,0
-10,-44,271,627,2889,2529,0,0
8,-61,257,685,2949,2654,0,0
-8,-106,190,849,2839,2566,0,0
18,-125,147,777,2724,2687,0,0
4,-138,74,785,2782,2536,0,0
44,-85,69,801,2816,2619,0,0
44,26,103,893,2787,2680,0,0
23,-61,106,878,2761,2665,0,0
8,-126,103,1000,2797,2619,0,0
-38,-111,101,984,2876,2629,0,0
-64,-101,64,963,2839,2580,0,0
-68,-100,-3,979,2728,2537,0,0
-40,-113,-27,960,2751,2597,0,0
-45,-112,-21,932,2827,2592,0,0
-43,-107,-6,970,2824,2547,0,0
-22,-106,-4,950,2812,2613,0,0
-3,-71,24,955,2809,2569,0,0
10,-83,24,956,2808,2622,0,0
6,-94,13,1004,2780,2583,0,0
35,-127,-8,979,2788,2567,0,0
53,-68,-2,921,2870,2600,0,0
22,-28,-3,906,2882,2479,0,0
26,23,10,1025,2819,2559,0,0
25,46,32,1016,2831,2588,0,0
25,36,10,1017,2878,2520,0,0
39,30,7,1066,2823,2472,0,0
71,-2,19,1005,2858,2504,0,0
91,-18,1,976,2894,2571,0,0
79,-9,-6,998,2890,2489,0,0
82,3,-6,969,2860,2449,0,0
78,38,4,1008,2855,2502,0,0
49,48,18,1009,2899,2422,0,0
44,53,31,1030,2870,2422,0,0
38,68,42,1043,2862,2461,0,0
36,70,65,1060,2895,2436,0,0
44,45,91,1007,2936,2461,0,0
46,15,109,1023,2876,2427,0,0
47,-1,113,1074,2859,2420,0,0
44,8,100,1099,2857,2453,0,0
14,9,65,1101,2868,2517,0,0
-15,-22,27,1054,2881,2401,0,0
9,-24,12,1064,2832,2479,0,0
-8,-12,-5,1059,2870,2469,0,0
-8,-15,-23,1090,2898,2432,0,0
-7,-20,-21,1076,2871,2469,0,0
-19,-17,-10,1042,2856,2471,0,0
-25,-7,-6,1089,2866,2411,0,0
-10,-16,-7,1054,2877,2420,0,0
2,-7,-11,1078,2900,2484,0,0
-9,-22,-28,1038,2917,2398,0,0
9,-6,-28,1054,2894,2430,0,0
11,-9,-26,1034,2915,2432,0,0
17,-13,-19,1077,2925,2423,0,0
31,-28,-12,1055,2908,2470,0,0
27,-53,-12,996,2902,2433,0,0
31,-25,-9,1012,2898,2429,0,0
36,3,-16,1052,2909,2442,0,0
26,-10,-32,1062,2934,2432,0,0
18,-14,-44,1035,2907,2398,0,0
23,-8,-39,1052,2873,2442,0,0
4,-25,-46,1014,2936,2366,0,0
15,-21,-52,1025,2936,2334,0,0
40,3,-35,1019,2918,2473,0,0
25,-1,-33,1016,2938,2420,0,0
27,-27,-38,990,2966,2406,0,0
20,-32,-40,983,2960,2387,0,0
13,-13,-35,985,2909,2334,0,0
22,22,-17,991,2931,2347,0,0
13,32,-2,991,2951,2335,0,0
-1,26,0,1000,2959,2313,0,0
20,43,19,1082,2953,2412,0,0
24,23,51,987,2973,2426,0,0
24,8,60,970,2971,2366,0,0
37,18,75,995,2971,2378,0,0
38,14,82,985,2973,2384,0,0
29,20,76,1000,2940,2362,0,0
42,33,80,1030,2950,2349,0,0
44,26,80,1018,2947,2382,0,0
34,20,75,1012,2945,2359,0,0
38,45,73,1045,2993,2372,0,0
20,46,66,1057,2969,2376,0,0
8,23,60,1017,2937,2362,0,0
16,44,67,1041,2954,2334,0,0
25,48,55,1039,2964,2349,0,0
15,43,46,1077,2947,2350,0,0
5,18,41,1074,2948,2337,0,0
1,28,44,1079,2947,2346,0,0
2,20,41,1057,2957,2356,0,0
-4,1,29,1058,2982,2319,0,0
0,4,24,1118,2951,2380,0,0
-18,-41,-2,1026,2963,2314,0,0
-9,-30,-5,1027,2953,2331,0,0
0,-14,-15,1045,2979,2374,0,0
-8,-8,-38,1045,2992,2358,0,0
-10,-15,-54,1066,2996,2300,0,0
-5,-19,-49,1034,2963,2330,0,0
0,-4,-42,1030,2958,2377,0,0
-6,4,-51,1036,3022,2301,0,0
3,-3,-56,1046,2996,2304,0,0
3,-14,-54,1021,2969,2372,0,0
-10,-20,-54,1012,3004,2296,0,0
-3,-29,-52,1034,2997,2295,0,0
4,-20,-32,991,2981,2343,0,0
0,0,-20,1014,2972,2310,0,0
-9,6,-11,998,2973,2245,0,0
-2,24,4,1020,2971,2332,0,0
-22,22,0,986,3018,2322,0,0
-10,34,15,1022,3026,2340,0,0
-17,8,27,1018,3016,2336,0,0
-27,-11,35,951,3012,2303,0,0
-14,15,39,963,3038,2336,0,0
-17,25,50,964,3057,2288,0,0
-8,32,64,987,3020,2267,0,0
6,43,69,1001,3022,2290,0,0
-1,50,67,954,3016,2292,0,0
-20,74,69,918,3015,2280,0,0
-8,141,101,998,3005,2291,0,0
24,146,122,1059,2947,2412,0,0
4,103,117,1012,2939,2329,0,0
2,87,130,989,2866,2289,0,0
10,91,136,1112,2791,2463,0,0
-22,53,112,1180,2841,2435,0,0
-56,-17,75,1148,2835,2401,0,0
-87,-40,27,1166,2774,2503,0,0
-125,-70,-10,1142,2775,2573,0,0
-151,-59,-26,1107,2834,2490,0,0
-118,-78,-39,1102,2813,2568,0,0
-103,-87,-42,1087,2800,2589,0,0
-101,-86,-54,1028,2853,2508,0,0
-78,-87,-99,1064,2852,2584,0,0
-73,-51,-126,1046,2864,2616,0,0
-73,-77,-149,1019,2853,2496,0,0
-54,-73,-135,1036,2807,2504,0,0
-38,-65,-106,1016,2825,2516,0,0
-27,-74,-94,992,2879,2456,0,0
-3,-65,-65,975,2874,2496,0,0
-4,-51,-39,1006,2880,2520,0,0
-14,-78,-24,926,2900,2450,0,0
-4,-53,-18,945,2932,2493,0,0
-8,-36,-13,960,2906,2498,0,0
-14,-32,-3,935,2889,2440,0,0
-22,3,-11,916,2922,2419,0,0
-28,4,-25,935,2928,2404,0,0
-32,9,-45,960,2915,2425,0,0
-36,11,-30,995,2882,2426,0,0
-30,2,9,1012,2848,2458,0,0
-34,-25,51,1020,2850,2467,0,0
-30,-40,85,1017,2909,2523,0,0
-49,-53,71,981,2937,2555,0,0
-71,-86,40,985,2857,2427,0,0
-60,-82,29,1032,2785,2535,0,0
-53,-57,17,1086,2844,2549,0,0
-50,-80,-17,1047,2826,2549,0,0
-61,-98,-53,1082,2770,2531,0,0
-68,-107,-75,1119,2702,2627,0,0
-79,-112,-97,994,2727,2611,0,0
-62,-93,-114,1081,2845,2507,0,0
-41,-82,-92,1142,2819,2620,0,0
-57,-89,-115,1054,2747,2581,0,0
-49,-80,-150,1109,2779,2538,0,0
-60,-81,-134,1026,2807,2518,0,0
-82,-64,-120,976,2735,2517,0,0
-79,-12,-74,1013,2695,2602,0,0
-46,72,7,997,2738,2684,0,0
-25,65,32,917,2806,2714,0,0
-37,55,37,893,2809,2670,0,0
-35,80,39,953,2787,2639,0,0
-34,74,43,1041,2751,2630,0,0
-44,41,74,1060,2750,2561,0,0
-29,35,79,1017,2797,2603,0,0
-31,20,60,1056,2751,2727,0,0
-48,-27,62,983,2722,2684,0,0
-51,5,53,937,2746,2578,0,0
-34,37,21,1022,2727,2582,0,0
-8,-1,4,1030,2724,2608,0,0
39,7,45,960,2708,2690,0,0
50,90,106,961,2809,2689,0,0
27,67,112,968,2898,2558,0,0
31,88,94,990,2754,2595,0,0
26,109,41,1120,2727,2530,0,0
39,98,-42,1059,2796,2570,0,0
37,98,-137,1070,2794,2588,0,0
21,42,-176,1067,2773,2525,0,0
21,19,-166,996,2749,2592,0,0
19,15,-142,975,2853,2623,0,0
20,10,-111,885,2917,2632,0,0
20,-15,-95,858,2875,2562,0,0
24,-36,-89,862,2786,2576,0,0
24,-24,-72,865,2809,2545,0,0
41,-32,-60,835,2873,2560,0,0
49,-16,-68,796,2886,2584,0,0
48,-33,-86,820,2879,2494,0,0
60,-38,-72,857,2851,2551,0,0
43,-25,-42,831,2883,2514,0,0
27,-52,-22,791,2908,2479,0,0
15,-18,8,793,2894,2541,0,0
8,24,42,844,2899,2556,0,0
14,20,63,863,2896,2526,0,0
7,23,68,878,2903,2519,0,0
1,7,70,865,2870,2526,0,0
0,1,79,840,2858,2538,0,0
2,25,86,877,2884,2539,0,0
-12,6,72,894,2868,2544,0,0
-36,-28,69,886,2830,2502,0,0
-34,-42,73,857,2834,2536,0,0
-28,-7,65,913,2903,2614,0,0
-51,-23,49,871,2889,2546,0,0
-52,-34,39,883,2825,2518,0,0
-41,-32,34,913,2811,2528,0,0
-6,-20,43,909,2849,2599,0,0
-2,-2,39,927,2904,2585,0,0
-14,-5,39,934,2841,2583,0,0
-18,-19,41,958,2777,2570,0,0
-14,-8,57,945,2790,2610,0,0
1,6,52,969,2866,2584,0,0
14,-21,6,1007,2842,2609,0,0
2,-60,-30,1027,2796,2530,0,0
11,-75,-30,1011,2765,2524,0,0
19,-68,-23,949,2810,2574,0,0
34,-64,-45,927,2874,2584,0,0
34,-51,-67,1026,2832,2557,0,0
17,-68,-79,1029,2752,2570,0,0
0,-89,-120,956,2806,2595,0,0
-9,-82,-149,977,2861,2550,0,0
0,-110,-159,926,2898,2535,0,0
-16,-97,-158,930,2876,2519,0,0
-37,-94,-133,897,2853,2471,0,0
-21,-64,-88,880,2872,2502,0,0
-3,-32,-50,883,2883,2550,0,0
-8,-18,-34,837,2927,2478,0,0
-2,2,-5,861,2892,2497,0,0
2,6,16,834,2884,2512,0,0
3,14,17,836,2913,2512,0,0
1,44,27,832,2935,2509,0,0
6,45,22,851,2910,2506,0,0
2,53,20,912,2875,2460,0,0
4,57,40,897,2884,2468,0,0
9,59,54,883,2910,2534,0,0
11,57,71,905,2906,2555,0,0
7,54,65,904,2896,2485,0,0
6,51,53,981,2864,2529,0,0
-5,7,46,929,2853,2486,0,0
4,1,41,902,2876,2537,0,0
4,10,33,887,2908,2522,0,0
11,16,21,898,2872,2532,0,0
9,22,12,980,2848,2524,0,0
3,-3,0,949,2850,2510,0,0
10,-15,-1,940,2864,2556,0,0
6,-35,-7,930,2884,2586,0,0
-1,-52,-20,928,2895,2496,0,0
17,-68,-22,933,2830,2570,0,0
10,-56,1,913,2805,2557,0,0
-4,-46,42,878,2852,2444,0,0
9,-26,66,899,2909,2519,0,0
14,-23,73,892,2874,2516,0,0
17,-3,87,971,2829,2464,0,0
21,-9,102,994,2845,2522,0,0
10,-33,124,1058,2855,2546,0,0
0,-57,147,983,2882,2600,0,0
-11,-49,125,938,2870,2502,0,0
-2,-62,86,980,2820,2462,0,0
14,-43,73,1005,2810,2515,0,0
3,-45,71,1031,2837,2509,0,0
-10,-28,64,1040,2924,2497,0,0
-12,-15,65,1024,2941,2483,0,0
-7,5,61,1010,2888,2480,0,0
4,21,57,1040,2847,2456,0,0
27,21,48,1113,2891,2460,0,0
34,-3,18,1153,2910,2483,0,0
23,-14,-3,1111,2880,2392,0,0
40,-5,-2,1123,2834,2405,0,0
44,-11,9,1100,2872,2486,0,0
35,-6,18,1069,2922,2471,0,0
38,-28,-9,1074,2920,2421,0,0
49,-15,-18,1097,2886,2446,0,0
43,4,-8,1064,2881,2393,0,0
46,13,3,1065,2906,2370,0,0
46,27,16,1098,2912,2412,0,0
35,14,14,1094,2904,2384,0,0
30,20,24,1144,2915,2312,0,0
32,21,56,1056,2945,2348,0,0
32,35,71,1006,2980,2297,0,0
64,70,101,1081,2979,2367,0,0
90,92,123,1133,2965,2416,0,0
95,67,117,1111,2945,2322,0,0
93,59,120,1068,2922,2324,0,0
84,74,117,1091,2900,2342,0,0
78,100,113,1193,2897,2368,0,0
56,87,84,1159,2920,2326,0,0
31,81,52,1168,2881,2337,0,0
6,60,55,1218,2879,2364,0,0
-2,34,64,1162,2898,2395,0,0
-21,53,61,1150,2890,2339,0,0
-18,27,53,1195,2887,2335,0,0
-22,38,45,1230,2881,2409,0,0
-30,20,38,1161,2914,2401,0,0
-36,0,36,1191,2863,2398,0,0
-37,7,55,1189,2814,2418,0,0
-47,16,55,1183,2849,2367,0,0
-32,2,46,1287,2820,2411,0,0
-28,-49,31,1321,2812,2491,0,0
-50,-79,7,1233,2834,2434,0,0
-63,-106,-34,1159,2876,2359,0,0
-65,-96,-70,1166,2864,2417,0,0
-82,-74,-103,1193,2861,2443,0,0
-84,-75,-137,1215,2862,2479,0,0
-79,-78,-144,1206,2834,2461,0,0
-69,-95,-147,1203,2801,2426,0,0
-63,-109,-148,1190,2829,2399,0,0
-35,-94,-107,1196,2830,2475,0,0
-24,-78,-42,1075,2889,2520,0,0
-53,-83,-14,1075,2886,2429,0,0
-73,-87,-2,1095,2829,2398,0,0
-67,-49,14,1150,2774,2463,0,0
-70,-38,24,1134,2784,2380,0,0
-49,3,43,1114,2847,2389,0,0
-9,15,46,1197,2850,2577,0,0
-19,-26,19,1199,2876,2618,0,0
-48,-52,0,1149,2869,2389,0,0
-10,-38,6,1147,2791,2508,0,0
-4,-24,28,1111,2779,2528,0,0
9,-9,47,1104,2847,2438,0,0
38,40,58,1086,2853,2546,0,0
46,52,49,1155,2804,2511,0,0
63,40,34,1121,2767,2486,0,0
75,24,27,1142,2740,2515,0,0
59,0,23,1115,2839,2451,0,0
47,100,33,1068,2869,2429,0,0
46,108,41,1182,2810,2456,0,0
43,56,61,1225,2770,2494,0,0
35,60,99,1178,2835,2453,0,0
37,71,117,1142,2909,2377,0,0
59,92,116,1126,2942,2413,0,0
67,124,119,1158,2908,2388,0,0
80,119,106,1251,2900,2345,0,0
88,87,86,1281,2928,2360,0,0
83,46,70,1303,2906,2353,0,0
73,39,73,1288,2886,2299,0,0
80,33,81,1282,2875,2281,0,0
89,20,84,1308,2893,2339,0,0
75,-11,65,1296,2906,2295,0,0
65,-29,17,1290,2912,2353,0,0
40,-48,-52,1285,2953,2358,0,0
14,-97,-130,1240,2964,2329,0,0
-10,-132,-193,1234,2964,2344,0,0
-20,-129,-221,1237,2936,2313,0,0
-21,-105,-205,1179,2840,2274,0,0
-25,-92,-174,1140,2849,2199,0,0
3,-63,-114,1149,2873,2268,0,0
14,-23,-12,1042,2906,2310,0,0
27,36,66,1038,2963,2312,0,0
36,64,86,1134,2982,2321,0,0
32,61,80,1176,2952,2347,0,0
20,47,56,1175,2930,2329,0,0
1,20,23,1148,2933,2307,0,0
-16,20,23,1126,2939,2293,0,0
-15,35,49,1121,2921,2339,0,0
-16,62,81,1182,2928,2307,0,0
3,67,120,1204,2948,2351,0,0
18,55,147,1194,2957,2371,0,0
13,39,151,1211,2954,2341,0,0
10,49,142,1199,2929,2298,0,0
18,36,113,1232,2898,2291,0,0
29,26,86,1259,2900,2331,0,0
32,48,93,1232,2935,2324,0,0
37,57,101,1236,2918,2316,0,0
33,45,90,1223,2895,2271,0,0
42,73,86,1314,2907,2322,0,0
17,76,81,1350,2939,2376,0,0
-13,25,69,1308,2944,2297,0,0
-9,-36,20,1328,2953,2326,0,0
-24,-53,-33,1227,2918,2272,0,0
-44,-34,-71,1233,2844,2129,0,0
-19,-7,-92,1445,2830,2238,0,0
-6,-25,-73,1419,2949,2344,0,0
-12,-59,-56,1338,3038,2281,0,0
-24,-83,-57,1352,3069,2212,0,0
-12,-103,-55,1414,3021,2280,0,0
-13,-148,-67,1322,3031,2246,0,0
-22,-149,-80,1227,3053,2118,0,0
-3,-97,-49,1194,3013,2079,0,0
21,-73,-1,1241,2913,2001,0,0
48,-81,41,1252,2895,1992,0,0
56,-10,85,1254,2948,2127,0,0
25,32,96,1343,2963,2250,0,0
-34,-18,62,1266,2948,2318,0,0
-60,6,3,1247,2950,2231,0,0
-64,44,0,1236,2804,2212,0,0
-58,32,34,1257,2643,2309,0,0
-46,23,55,1265,2727,2326,0,0
-6,33,75,1177,2947,2255,0,0
40,53,75,1198,3090,2435,0,0
-7,-13,34,1183,3152,2659,0,0
-112,-51,10,1160,3073,2442,0,0
-90,-28,19,1371,2778,2269,0,0
-6,2,29,1463,2540,2256,0,0
76,17,46,1429,2615,2336,0,0
103,30,65,1262,2928,2375,0,0
81,37,45,1093,3020,2344,0,0
70,87,37,1353,2887,2491,0,0
51,88,70,1449,2783,2424,0,0
48,66,94,1401,2764,2273,0,0
51,49,88,1397,2797,2328,0,0
42,27,71,1400,2868,2331,0,0
17,1,27,1374,2870,2320,0,0
-4,-17,1,1366,2814,2295,0,0
-7,-24,7,1408,2773,2352,0,0
-27,-39,22,1334,2854,2341,0,0
-31,-28,23,1318,2869,2340,0,0
-32,-25,-2,1361,2856,2365,0,0
-57,-31,-46,1417,2834,2342,0,0
-77,-68,-97,1356,2831,2293,0,0
-84,-82,-120,1328,2814,2288,0,0
-77,-73,-103,1321,2838,2358,0,0
-71,-54,-91,1349,2901,2386,0,0
-73,-67,-93,1332,2877,2344,0,0
-62,-72,-88,1341,2825,2369,0,0
-60,-98,-87,1307,2861,2353,0,0
-55,-80,-96,1270,2906,2332,0,0
-44,-77,-106,1231,2918,2314,0,0
-26,-49,-96,1237,2899,2346,0,0
-15,-54,-83,1251,2868,2292,0,0
10,-32,-65,1251,2869,2323,0,0
17,-12,-60,1260,2909,2341,0,0
-2,-4,-67,1261,2948,2244,0,0
-14,0,-55,1243,2881,2266,0,0
-18,-7,-33,1206,2890,2277,0,0
7,18,2,1238,2958,2347,0,0
29,52,37,1229,3003,2351,0,0
34,53,64,1195,2945,2273,0,0
48,63,100,1295,2886,2247,0,0
58,52,116,1290,2915,2283,0,0
68,44,100,1292,2940,2350,0,0
56,33,71,1225,2957,2275,0,0
43,36,57,1246,2924,2188,0,0
45,50,66,1344,2878,2277,0,0
33,25,58,1284,2910,2262,0,0
37,22,54,1235,2954,2317,0,0
32,33,70,1289,2963,2316,0,0
15,8,55,1241,2908,2268,0,0
13,5,49,1213,2859,2269,0,0
22,40,88,1236,2885,2259,0,0
47,76,127,1297,2928,2348,0,0
41,78,122,1308,2981,2315,0,0
35,70,124,1272,2879,2273,0,0
37,83,154,1306,2843,2271,0,0
46,100,161,1418,2891,2291,0,0
36,74,114,1369,2934,2263,0,0
17,20,48,1410,2894,2193,0,0
-6,-10,-6,1439,2870,2227,0,0
-2,-25,-29,1410,2901,2244,0,0
16,-51,-5,1344,2934,2251,0,0
13,-29,46,1301,2955,2186,0,0
28,-16,100,1280,2929,2283,0,0
73,26,216,1206,2924,2370,0,0
108,160,343,1257,2951,2264,0,0
128,221,371,1432,2879,2258,0,0
91,186,314,1438,2815,2161,0,0
74,224,277,1499,2794,2174,0,0
73,208,231,1564,2799,2262,0,0
48,184,188,1556,2869,2262,0,0
33,177,154,1527,2847,2250,0,0
17,163,137,1525,2807,2209,0,0
10,166,129,1579,2790,2248,0,0
7,149,133,1578,2775,2267,0,0
10,108,142,1525,2803,2204,0,0
20,134,146,1516,2786,2233,0,0
33,142,133,1563,2758,2292,0,0
21,115,115,1588,2764,2308,0,0
-29,107,76,1589,2746,2204,0,0
-71,88,16,1602,2711,2257,0,0
-93,82,-36,1568,2713,2402,0,0
-117,78,-68,1500,2767,2379,0,0
-135,57,-76,1482,2728,2399,0,0
-146,36,-68,1472,2712,2466,0,0
-153,2,-53,1419,2741,2509,0,0
-160,30,-32,1439,2691,2323,0,0
-130,47,-71,1593,2591,2295,0,0
-125,43,-161,1614,2601,2429,0,0
-151,-33,-273,1487,2712,2404,0,0
-147,-112,-372,1388,2740,2466,0,0
-129,-105,-407,1268,2724,2570,0,0
-128,-73,-411,1217,2745,2526,0,0
-121,-55,-398,1249,2716,2535,0,0
-108,-93,-362,1268,2752,2661,0,0
-117,-131,-346,1177,2755,2659,0,0
-117,-137,-333,1107,2683,2600,0,0
-109,-136,-304,1135,2627,2557,0,0
-111,-145,-284,1060,2631,2601,0,0
-130,-125,-265,1044,2681,2661,0,0
-164,-120,-257,1022,2688,2707,0,0
-183,-106,-258,1055,2661,2716,0,0
-171,-102,-228,1127,2640,2777,0,0
-182,-131,-161,1076,2628,2796,0,0
-194,-177,-124,1026,2615,2764,0,0
-150,-173,-93,999,2610,2855,0,0
-133,-134,-64,972,2635,2829,0,0
-121,-125,-67,917,2658,2812,0,0
-91,-69,-46,992,2633,2852,0,0
-88,-72,-21,1054,2589,2810,0,0
-59,-73,4,1067,2594,2867,0,0
-38,-65,26,1038,2615,2779,0,0
-7,-45,63,1052,2625,2822,0,0
12,-59,102,1074,2584,2843,0,0
25,-61,145,1077,2527,2817,0,0
37,-67,174,1112,2561,2708,0,0
47,-71,151,1197,2610,2772,0,0
27,-117,82,1219,2695,2736,0,0
19,-197,-17,1073,2767,2663,0,0
48,-203,-57,1003,2696,2685,0,0
77,-152,-26,1056,2691,2612,0,0
123,-99,13,1114,2735,2586,0,0
153,-90,22,1167,2778,2596,0,0
167,-94,23,1200,2757,2636,0,0
152,-117,14,1123,2748,2435,0,0
181,-83,-1,1092,2782,2441,0,0
182,-32,-2,1159,2831,2463,0,0
156,-29,17,1115,2845,2385,0,0
144,11,37,1131,2820,2416,0,0
132,80,56,1171,2844,2401,0,0
132,99,78,1199,2865,2304,0,0
138,106,108,1252,2859,2385,0,0
126,108,121,1237,2845,2374,0,0
115,113,107,1235,2849,2302,0,0
126,141,112,1276,2897,2312,0,0
120,145,129,1351,2890,2323,0,0
101,121,127,1418,2845,2278,0,0
73,78,99,1379,2826,2269,0,0
69,66,94,1460,2875,2360,0,0
41,32,88,1329,2915,2266,0,0
29,38,57,1352,2846,2229,0,0
21,13,57,1407,2837,2327,0,0
13,-12,77,1346,2868,2290,0,0
14,-2,69,1315,2892,2290,0,0
6,2,37,1353,2874,2322,0,0
-16,-33,-5,1381,2874,2338,0,0
-48,-43,-38,1321,2866,2290,0,0
-52,-39,-55,1348,2833,2356,0,0
-63,-45,-58,1298,2858,2362,0,0
-68,-31,-57,1263,2881,2337,0,0
-60,-34,-56,1316,2845,2433,0,0
-64,-65,-62,1277,2859,2389,0,0
-55,-59,-72,1227,2851,2392,0,0
-46,-63,-96,1235,2875,2379,0,0
-43,-56,-108,1239,2877,2367,0,0
-33,-31,-104,1225,2863,2415,0,0
-28,-30,-102,1262,2877,2400,0,0
-23,-43,-97,1260,2869,2393,0,0
-36,-49,-103,1238,2858,2369,0,0
-32,-68,-102,1232,2837,2351,0,0
-23,-67,-76,1206,2842,2404,0,0
-23,-72,-60,1137,2879,2357,0,0
-15,-49,-68,1166,2912,2395,0,0
-23,-34,-67,1168,2885,2389,0,0
-32,-25,-59,1183,2834,2339,0,0
-32,-17,-42,1196,2819,2323,0,0
-20,4,-8,1167,2852,2407,0,0
-23,10,3,1188,2898,2368,0,0
-18,11,16,1180,2900,2407,0,0
-4,21,48,1181,2875,2453,0,0
-8,1,71,1198,2862,2383,0,0
3,12,91,1176,2848,2405,0,0
22,33,102,1225,2860,2454,0,0
12,9,90,1244,2882,2378,0,0
14,3,62,1220,2850,2393,0,0
6,5,42,1266,2822,2398,0,0
5,-9,41,1255,2852,2402,0,0
4,3,37,1249,2875,2419,0,0
3,-7,28,1267,2827,2381,0,0
4,-10,35,1277,2824,2391,0,0
2,-13,43,1256,2848,2379,0,0
-4,-10,29,1247,2841,2398,0,0
-12,-9,11,1271,2832,2353,0,0
-28,-18,-12,1308,2831,2381,0,0
-49,-46,-32,1271,2847,2374,0,0
-45,-53,-21,1172,2876,2432,0,0
-40,-3,16,1195,2892,2407,0,0
-43,22,27,1248,2865,2404,0,0
-46,30,5,1368,2742,2439,0,0
-60,-19,-47,1368,2749,2382,0,0
-58,-23,-98,1320,2832,2453,0,0
-92,-58,-181,1337,2836,2435,0,0
-115,-109,-238,1282,2780,2386,0,0
-124,-128,-281,1379,2746,2396,0,0
-118,-188,-281,1271,2777,2486,0,0
-113,-206,-183,884,2869,2496,0,0
-58,-74,-41,699,3096,2477,0,0
29,115,41,1156,2894,2530,0,0
7,53,-15,1525,2628,2388,0,0
-37,-114,-55,1224,2698,2341,0,0
-9,-72,41,723,2993,2545,0,0
58,131,150,902,3037,2601,0,0
60,140,116,1440,2776,2442,0,0
18,-2,25,1383,2646,2386,0,0
11,-20,35,1022,2830,2434,0,0
31,54,72,1005,3007,2497,0,0
39,88,57,1207,2875,2509,0,0
28,41,2,1364,2710,2419,0,0
23,-10,-14,1256,2791,2388,0,0
25,-23,-9,1138,2895,2488,0,0
18,-20,-1,1085,2893,2457,0,0
27,20,30,1164,2803,2395,0,0
32,40,55,1198,2795,2412,0,0
23,35,56,1225,2834,2411,0,0
2,4,11,1284,2853,2445,0,0
-9,-25,-28,1180,2895,2470,0,0
-2,-47,-38,1091,2902,2422,0,0
2,-43,-8,1111,2864,2365,0,0
22,-9,51,1151,2827,2410,0,0
44,15,82,1195,2865,2476,0,0
36,2,76,1154,2917,2394,0,0
30,6,76,1160,2860,2368,0,0
24,2,65,1239,2819,2403,0,0
26,-7,44,1195,2868,2431,0,0
20,1,35,1154,2868,2364,0,0
8,27,38,1156,2858,2357,0,0
13,54,56,1247,2826,2418,0,0
16,45,71,1242,2873,2402,0,0
22,30,49,1230,2889,2434,0,0
2,10,4,1202,2867,2372,0,0
-3,19,-4,1259,2833,2339,0,0
3,31,9,1280,2839,2438,0,0
-5,17,13,1264,2860,2386,0,0
-7,-2,24,1239,2836,2380,0,0
-3,15,44,1240,2833,2373,0,0
-2,24,67,1243,2832,2416,0,0
-7,31,109,1213,2845,2456,0,0
5,0,150,1143,2844,2407,0,0
25,54,137,1197,2861,2464,0,0
15,69,58,1298,2847,2420,0,0
-1,27,-27,1280,2788,2363,0,0
-9,32,-73,1304,2801,2386,0,0
-10,-5,-102,1270,2826,2460,0,0
-11,-28,-127,1226,2855,2469,0,0
-15,-25,-121,1246,2884,2326,0,0
14,-20,-69,1232,2777,2397,0,0
9,19,-8,1227,2807,2457,0,0
-7,13,10,1171,2924,2378,0,0
-7,-11,-34,1175,2909,2452,0,0
-37,-25,-83,1192,2844,2460,0,0
-49,-34,-114,1182,2832,2366,0,0
-38,-19,-113,1160,2835,2362,0,0
-27,-11,-86,1147,2867,2450,0,0
-44,-14,-79,1118,2915,2424,0,0
-43,-15,-78,1157,2880,2381,0,0
-27,-19,-62,1121,2840,2424,0,0
-24,-22,-42,1080,2852,2424,0,0
-28,-19,-23,1063,2864,2396,0,0
-19,18,0,1072,2896,2427,0,0
16,57,25,1120,2948,2504,0,0
14,29,31,1130,2937,2393,0,0
19,10,45,1115,2843,2376,0,0
57,41,67,1115,2842,2540,0,0
62,36,70,1095,2944,2391,0,0
78,32,72,1121,2910,2421,0,0
66,12,70,1144,2848,2420,0,0
64,-1,74,1145,2855,2373,0,0
64,13,80,1094,2882,2376,0,0
58,28,79,1098,2890,2420,0,0
48,28,69,1192,2904,2384,0,0
40,13,58,1157,2882,2393,0,0
16,16,43,1164,2895,2371,0,0
8,5,33,1155,2905,2351,0,0
-1,18,32,1187,2866,2345,0,0
-11,2,23,1229,2872,2367,0,0
-20,-38,15,1180,2918,2381,0,0
-24,-48,9,1159,2919,2393,0,0
-31,-56,-12,1140,2914,2390,0,0
-38,-52,-27,1189,2895,2371,0,0
-37,-47,-39,1134,2895,2384,0,0
-28,-27,-56,1163,2907,2400,0,0
-30,-28,-68,1189,2908,2379,0,0
-40,-46,-84,1143,2901,2339,0,0
-26,-44,-81,1194,2870,2406,0,0
-15,-38,-46,1166,2901,2420,0,0
-15,-48,-33,1093,2930,2388,0,0
-9,-49,-51,1108,2917,2404,0,0
-5,-31,-49,1136,2887,2383,0,0
-5,-26,-33,1126,2889,2323,0,0
-8,-28,-20,1111,2884,2335,0,0
-11,-17,10,1101,2899,2395,0,0
-10,15,38,1074,2911,2368,0,0
13,67,73,1165,2878,2345,0,0
20,60,96,1207,2873,2413,0,0
2,20,77,1210,2895,2406,0,0
-11,9,54,1163,2886,2387,0,0
-12,16,53,1125,2880,2369,0,0
10,30,54,1208,2888,2433,0,0
-8,6,47,1195,2906,2365,0,0
-5,7,49,1157,2902,2393,0,0
8,14,45,1222,2846,2429,0,0
-9,4,37,1214,2863,2335,0,0
-1,-4,40,1194,2862,2369,0,0
6,-11,52,1207,2854,2433,0,0
1,-13,67,1191,2892,2377,0,0
12,-8,67,1170,2888,2407,0,0
7,-7,48,1176,2877,2389,0,0
5,-14,36,1231,2860,2387,0,0
0,-8,44,1210,2876,2401,0,0
-4,-7,49,1196,2878,2399,0,0
-9,-16,38,1227,2857,2392,0,0
-14,-28,27,1219,2880,2372,0,0
-7,-22,15,1269,2855,2420,0,0
-27,-52,-8,1181,2859,2354,0,0
-10,-25,-11,1195,2851,2395,0,0
-2,-10,-22,1242,2872,2408,0,0
-2,-2,-29,1238,2897,2382,0,0
-6,-6,-38,1274,2867,2361,0,0
-20,-32,-38,1268,2815,2338,0,0
-18,-29,-35,1237,2857,2441,0,0
-20,-18,-45,1202,2951,2396,0,0
-16,-16,-48,1226,2878,2332,0,0
-2,-15,-43,1234,2814,2427,0,0
-8,-14,-50,1247,2866,2385,0,0
-9,-26,-66,1192,2867,2346,0,0
-14,-16,-74,1177,2836,2370,0,0
-24,-2,-68,1200,2859,2346,0,0
-29,-5,-43,1187,2863,2330,0,0
-20,10,-1,1172,2884,2412,0,0
-9,28,24,1178,2911,2445,0,0
-15,27,34,1164,2898,2318,0,0
-3,18,48,1230,2844,2402,0,0
1,5,63,1203,2871,2432,0,0
5,0,58,1150,2901,2401,0,0
9,1,50,1161,2903,2404,0,0
13,6,45,1223,2856,2381,0,0
10,-2,30,1251,2840,2395,0,0
-4,-21,23,1180,2873,2367,0,0
-6,-27,12,1168,2881,2426,0,0
-18,-10,6,1166,2900,2380,0,0
-9,9,15,1184,2862,2382,0,0
-5,13,36,1229,2844,2421,0,0
-12,4,52,1187,2877,2389,0,0
-4,9,44,1196,2861,2413,0,0
-10,-3,27,1220,2857,2384,0,0
-6,-1,24,1229,2857,2411,0,0
-10,1,27,1233,2856,2409,0,0
-10,-18,20,1242,2881,2408,0,0
-12,-39,-4,1244,2867,2442,0,0
-29,-48,-27,1180,2859,2344,0,0
-23,-29,-7,1237,2802,2418,0,0
-20,-16,6,1240,2850,2398,0,0
-9,-17,-18,1221,2901,2435,0,0
-16,-18,-55,1235,2873,2419,0,0
-23,-33,-85,1215,2809,2339,0,0
-21,-14,-92,1205,2810,2369,0,0
-40,-6,-76,1223,2882,2371,0,0
-24,-10,-52,1268,2920,2498,0,0
-20,-39,-54,1184,2875,2436,0,0
0,-25,-26,1119,2828,2321,0,0
45,35,41,1235,2845,2382,0,0
56,22,65,1192,2905,2450,0,0
54,-3,51,1157,2913,2425,0,0
40,-11,38,1198,2866,2382,0,0
25,-11,27,1153,2818,2378,0,0
26,1,41,1179,2862,2395,0,0
23,16,69,1153,2933,2399,0,0
22,17,66,1153,2895,2415,0,0
24,32,71,1145,2867,2356,0,0
34,57,92,1211,2871,2334,0,0
38,51,107,1211,2873,2379,0,0
46,56,105,1224,2888,2367,0,0
45,46,77,1219,2890,2337,0,0
42,39,40,1240,2880,2396,0,0
40,46,36,1215,2902,2385,0,0
47,86,78,1162,2880,2347,0,0
56,133,110,1273,2835,2381,0,0
62,140,106,1382,2850,2367,0,0
45,93,73,1359,2877,2293,0,0
26,34,39,1276,2830,2368,0,0
10,31,48,1198,2859,2364,0,0
3,27,57,1162,2893,2345,0,0
15,13,29,1170,2860,2452,0,0
55,64,44,1173,2899,2526,0,0
90,129,104,1081,2962,2451,0,0
100,175,127,1197,2915,2345,0,0
90,184,118,1303,2765,2386,0,0
57,174,144,1184,2773,2237,0,0
95,223,197,1161,2893,2373,0,0
149,287,241,1275,2953,2547,0,0
164,274,259,1290,2951,2397,0,0
173,253,224,1338,2837,2338,0,0
168,216,194,1372,2758,2335,0,0
164,200,217,1396,2783,2318,0,0
143,160,208,1425,2819,2299,0,0
114,124,184,1452,2804,2328,0,0
65,60,137,1457,2788,2292,0,0
-14,-3,68,1453,2828,2245,0,0
-78,-61,29,1391,2843,2295,0,0
-94,-72,31,1266,2840,2355,0,0
-82,-14,23,1362,2843,2326,0,0
-71,-7,-27,1439,2875,2326,0,0
-69,-17,-91,1456,2884,2349,0,0
-86,-54,-159,1523,2806,2269,0,0
-95,-153,-239,1548,2784,2285,0,0
-97,-248,-299,1449,2811,2377,0,0
-101,-300,-311,1283,2897,2368,0,0
-95,-300,-304,1174,2945,2345,0,0
-97,-274,-280,1214,2897,2383,0,0
-107,-298,-256,1125,2901,2371,0,0
-80,-265,-220,1046,2926,2385,0,0
-44,-208,-168,1109,2947,2356,0,0
-21,-180,-142,1225,2913,2328,0,0
-24,-205,-119,1146,2896,2309,0,0
-34,-175,-50,1026,2989,2299,0,0
-17,-117,-4,1027,2994,2363,0,0
-12,-87,-3,1126,2924,2294,0,0
2,-65,8,1190,2895,2284,0,0
5,-55,27,1191,2931,2297,0,0
8,-33,63,1141,2985,2272,0,0
21,12,102,1155,2974,2310,0,0
29,47,112,1212,2943,2317,0,0
35,49,105,1259,2908,2289,0,0
14,42,96,1198,2938,2229,0,0
-3,34,66,1194,2963,2215,0,0
18,62,34,1245,2956,2263,0,0
28,140,22,1310,3002,2289,0,0
28,153,11,1335,2982,2247,0,0
65,116,9,1290,2940,2223,0,0
116,115,3,1323,2993,2217,0,0
140,78,-24,1277,3030,2239,0,0
140,68,-38,1284,3027,2132,0,0
157,80,-21,1391,3071,2187,0,0
153,87,21,1371,3113,2250,0,0
133,75,43,1299,3095,2170,0,0
116,40,30,1315,3038,2067,0,0
96,19,1,1296,3029,1971,0,0
95,17,-12,1391,3015,2077,0,0
75,-29,-15,1327,3064,2091,0,0
69,-63,-35,1284,3115,2029,0,0
68,-101,-53,1249,3106,2012,0,0
48,-111,-64,1207,3057,1939,0,0
37,-110,-85,1185,2986,1899,0,0
32,-119,-103,1202,2965,1970,0,0
14,-122,-110,1192,3117,1992,0,0
-3,-112,-123,1083,3349,1986,0,0
-31,-110,-135,1042,3313,2089,0,0
-69,-102,-92,1081,3079,2102,0,0
-57,-34,-16,1116,3027,1845,0,0
10,67,77,1290,3071,1747,0,0
18,96,176,1313,3014,1906,0,0
-42,47,140,1150,3015,1863,0,0
-36,73,58,1088,3228,1913,0,0
-24,179,41,1133,3401,2060,0,0
-57,187,27,1173,3324,2106,0,0
-78,117,11,1139,3107,2053,0,0
-55,84,63,1111,2871,2050,0,0
-22,120,173,1147,2879,2124,0,0
2,171,248,1128,3108,2193,0,0
1,222,248,1039,3209,2226,0,0
-6,256,217,1164,3096,2342,0,0
-35,291,173,1324,3126,2343,0,0
-82,192,45,1317,3184,2333,0,0
-163,71,-97,1390,2912,2317,0,0
-236,-8,-137,1400,2631,2157,0,0
-192,-36,-114,1400,2550,2248,0,0
-143,-29,-58,1225,2734,2306,0,0
-109,-33,0,1105,2881,2270,0,0
-76,-39,59,1190,2758,2475,0,0
-87,-44,78,1218,2760,2530,0,0
-105,-71,41,1238,2859,2448,0,0
-107,-110,-24,1122,2951,2432,0,0
-103,-73,-95,1103,2837,2593,0,0
-138,-55,-170,1209,2772,2624,0,0
-144,-62,-228,1100,2881,2484,0,0
-110,-18,-242,1027,2879,2522,0,0
-75,-16,-175,1041,2876,2541,0,0
-24,-39,-43,1045,2874,2533,0,0
48,-2,83,1063,2938,2570,0,0
83,-32,131,1053,2939,2471,0,0
102,-157,139,1264,2868,2366,0,0
117,-275,147,1156,2810,2414,0,0
86,-167,122,1076,2815,2503,0,0
36,-68,70,1203,2870,2521,0,0
-16,-54,25,1213,2930,2351,0,0
-32,-84,-37,1218,2887,2277,0,0
-34,-123,-91,1186,2798,2382,0,0
-50,-118,-71,1157,2835,2339,0,0
-41,-79,-33,1135,2966,2362,0,0
-29,4,-13,1081,3011,2419,0,0
-45,8,-25,1163,2931,2342,0,0
-49,3,-40,1221,2871,2297,0,0
-20,38,-40,1180,2892,2368,0,0
-15,61,-68,1275,2901,2341,0,0
-32,12,-113,1261,2914,2263,0,0
-25,-16,-125,1246,2882,2303,0,0
-19,-38,-112,1207,2895,2324,0,0
-6,-36,-86,1183,2922,2314,0,0
4,-30,-60,1175,2938,2349,0,0
2,-29,-33,1129,2950,2335,0,0
10,-22,-3,1107,2931,2341,0,0
17,2,31,1129,2942,2350,0,0
10,-3,47,1171,2920,2323,0,0
7,-1,53,1149,2921,2352,0,0
5,-5,51,1155,2902,2354,0,0
-5,-14,59,1189,2904,2286,0,0
-4,-13,84,1178,2897,2322,0,0
7,7,87,1179,2911,2379,0,0
14,4,80,1221,2923,2351,0,0
4,-3,81,1244,2937,2335,0,0
-5,-2,91,1216,2938,2351,0,0
9,6,97,1181,2921,2356,0,0
24,24,106,1244,2907,2336,0,0
22,32,118,1221,2895,2281,0,0
46,27,118,1313,2854,2421,0,0
36,8,101,1344,2926,2379,0,0
20,-31,63,1217,2934,2330,0,0
15,-31,24,1221,2843,2335,0,0
16,0,21,1218,2840,2285,0,0
32,64,30,1253,2914,2315,0,0
26,88,33,1261,2968,2316,0,0
17,77,38,1305,2915,2354,0,0
6,49,16,1275,2877,2315,0,0
6,55,-8,1268,2863,2272,0,0
16,82,17,1238,2824,2271,0,0
30,112,57,1189,2864,2313,0,0
49,162,83,1191,2913,2381,0,0
56,196,80,1238,2940,2362,0,0
50,182,45,1279,2894,2319,0,0
29,168,19,1286,2807,2333,0,0
0,153,18,1218,2814,2300,0,0
15,161,38,1229,2888,2424,0,0
15,172,45,1286,2953,2416,0,0
-6,131,19,1268,2891,2302,0,0
-2,68,-1,1312,2794,2381,0,0
-9,5,-4,1287,2835,2350,0,0
-29,-43,-7,1226,2899,2298,0,0
-42,-96,-10,1215,2900,2311,0,0
-18,-61,-17,1268,2887,2534,0,0
-44,-94,-37,1266,2910,2440,0,0
-68,-154,25,1033,2909,2295,0,0
-34,-19,158,993,2898,2469,0,0
-16,105,251,1055,2967,2495,0,0
7,173,317,1130,2858,2365,0,0
55,242,353,1306,2775,2375,0,0
64,273,340,1412,2830,2339,0,0
47,215,268,1383,2863,2290,0,0
43,179,208,1397,2800,2413,0,0
27,175,194,1471,2768,2449,0,0
-3,132,180,1463,2738,2366,0,0
-21,94,152,1507,2722,2399,0,0
-37,59,100,1577,2721,2429,0,0
-78,-54,7,1633,2680,2315,0,0
-90,-115,-41,1464,2636,2449,0,0
-100,-123,-71,1464,2668,2539,0,0
-119,-207,-169,1448,2730,2464,0,0
-102,-256,-258,1399,2711,2553,0,0
-125,-291,-312,1345,2696,2472,0,0
-126,-307,-349,1275,2735,2403,0,0
-76,-277,-349,1310,2741,2551,0,0
-67,-288,-308,1183,2759,2560,0,0
-65,-245,-266,1155,2830,2409,0,0
-40,-219,-241,1273,2813,2463,0,0
-61,-249,-209,1265,2792,2518,0,0
-73,-268,-172,1156,2809,2423,0,0
-48,-221,-135,1109,2846,2481,0,0
-53,-181,-112,1078,2867,2399,0,0
-31,-110,-94,1131,2839,2472,0,0
-35,-68,-72,1162,2854,2406,0,0
-39,-54,-60,1131,2851,2357,0,0
-25,-14,-39,1179,2832,2450,0,0
-22,28,-14,1195,2883,2395,0,0
-4,27,1,1257,2868,2447,0,0
-9,17,25,1228,2836,2398,0,0
5,37,59,1253,2842,2399,0,0
16,55,67,1266,2869,2467,0,0
8,30,44,1269,2867,2398,0,0
3,20,27,1286,2824,2378,0,0
-4,9,13,1262,2816,2361,0,0
17,19,19,1251,2809,2438,0,0
25,38,45,1257,2857,2388,0,0
20,47,56,1246,2855,2352,0,0
22,53,71,1342,2790,2441,0,0
4,18,90,1312,2814,2379,0,0
21,25,96,1253,2818,2417,0,0
27,48,83,1346,2830,2453,0,0
8,10,36,1357,2838,2374,0,0
-14,-38,-37,1362,2812,2421,0,0
-47,-99,-101,1294,2801,2371,0,0
-42,-91,-119,1262,2770,2405,0,0
-41,-64,-118,1277,2827,2429,0,0
-38,-50,-97,1238,2880,2384,0,0
-25,-30,-82,1267,2793,2417,0,0
-24,-42,-75,1273,2786,2410,0,0
-19,-39,-83,1272,2838,2466,0,0
-35,-49,-108,1234,2881,2366,0,0
-19,-61,-121,1213,2838,2335,0,0
4,-58,-116,1263,2817,2384,0,0
8,-44,-88,1263,2843,2438,0,0
-5,-55,-63,1201,2892,2502,0,0
-39,-72,-56,1164,2960,2349,0,0
-10,-48,-48,1178,2871,2385,0,0
-2,-42,-39,1186,2823,2419,0,0
-5,-54,-34,1129,2896,2352,0,0
15,-22,-38,1116,2922,2439,0,0
8,-9,-48,1131,2909,2414,0,0
12,-3,-48,1166,2884,2340,0,0
21,14,-34,1188,2884,2363,0,0
21,24,-17,1166,2892,2392,0,0
33,37,-29,1186,2917,2434,0,0
24,-1,-67,1130,2913,2284,0,0
-9,-16,-57,1112,2794,2245,0,0
-32,6,12,1090,2833,2290,0,0
13,76,67,1184,2957,2524,0,0
11,63,51,1163,2987,2422,0,0
10,24,26,1143,2918,2228,0,0
42,31,50,1238,2818,2340,0,0
42,2,79,1181,2858,2384,0,0
51,3,98,1197,2978,2457,0,0
41,5,84,1135,3003,2411,0,0
28,-21,31,1137,2894,2317,0,0
30,-42,-1,1191,2857,2408,0,0
15,-53,-5,1116,2892,2290,0,0
33,-21,15,1115,2906,2357,0,0
55,13,17,1149,2955,2448,0,0
42,20,-10,1142,2951,2282,0,0
31,21,-38,1214,2903,2294,0,0
12,16,-41,1255,2907,2341,0,0
12,-7,-33,1209,2939,2386,0,0
6,-21,-39,1147,2924,2312,0,0
4,-19,-27,1139,2895,2240,0,0
24,21,17,1208,2899,2376,0,0
13,15,43,1184,2929,2343,0,0
6,2,27,1172,2933,2305,0,0
1,5,-7,1226,2916,2371,0,0
-27,-23,-49,1217,2908,2285,0,0
-34,-47,-65,1186,2899,2289,0,0
-33,-54,-69,1186,2926,2397,0,0
-39,-59,-73,1152,2943,2336,0,0
-41,-55,-64,1113,2955,2300,0,0
-35,-40,-47,1158,2944,2370,0,0
-32,-55,-26,1134,2952,2339,0,0
-21,-53,-1,1062,2954,2301,0,0
-15,-39,8,1076,2976,2308,0,0
-13,-27,23,1063,2994,2337,0,0
-7,11,69,1013,2970,2268,0,0
4,44,112,1068,2959,2266,0,0
13,37,108,1155,2988,2339,0,0
6,16,78,1137,2959,2329,0,0
-15,48,78,1138,2977,2244,0,0
-16,78,78,1210,2963,2304,0,0
-17,49,58,1264,2948,2321,0,0
-12,26,51,1171,2961,2314,0,0
-17,39,63,1140,2962,2277,0,0
1,50,64,1213,2937,2299,0,0
23,37,48,1228,2934,2371,0,0
9,31,36,1175,2938,2323,0,0
-1,10,15,1185,2910,2315,0,0
-10,15,5,1210,2882,2346,0,0
-27,13,0,1152,2910,2254,0,0
-16,32,12,1207,2890,2393,0,0
-31,33,34,1209,2927,2369,0,0
-24,31,30,1180,2920,2340,0,0
-13,28,17,1223,2897,2365,0,0
-31,12,10,1206,2875,2326,0,0
-31,-13,-9,1192,2873,2371,0,0
-23,1,-20,1202,2878,2374,0,0
-9,-8,-22,1168,2895,2384,0,0
1,-6,-24,1199,2937,2458,0,0
-17,-23,-32,1160,2946,2324,0,0
-8,-56,-47,1190,2853,2372,0,0
-7,-66,-36,1185,2849,2404,0,0
10,-37,-23,1158,2895,2444,0,0
2,-10,-33,1167,2921,2361,0,0
-4,-28,-57,1168,2902,2339,0,0
-6,-40,-79,1189,2887,2415,0,0
-26,-59,-92,1176,2915,2336,0,0
-20,-58,-101,1122,2902,2404,0,0
-31,-47,-110,1123,2924,2391,0,0
-23,-69,-100,1101,2911,2301,0,0
2,-27,-59,1076,2928,2436,0,0
-8,-26,-40,1067,2974,2372,0,0
0,-25,-39,1049,2953,2325,0,0
6,-4,-34,1044,2932,2324,0,0
14,23,-9,1049,2909,2265,0,0
36,53,29,1091,2956,2324,0,0
37,64,48,1087,2994,2380,0,0
31,63,64,1107,2939,2365,0,0
19,57,77,1115,2920,2325,0,0
15,46,70,1127,2928,2346,0,0
8,30,73,1135,2932,2386,0,0
8,20,93,1065,2945,2347,0,0
10,40,87,1092,2949,2352,0,0
2,40,73,1117,2946,2322,0,0
4,35,56,1160,2925,2360,0,0
-4,38,47,1178,2940,2382,0,0
-10,17,42,1134,2945,2321,0,0
4,17,44,1169,2912,2394,0,0
-12,12,47,1143,2932,2350,0,0
-10,3,54,1129,2914,2306,0,0
-2,2,62,1161,2895,2394,0,0
-15,-10,65,1130,2927,2362,0,0
-3,-14,47,1142,2939,2387,0,0
-7,-27,9,1183,2929,2391,0,0
-25,-68,-37,1128,2914,2343,0,0
-29,-73,-55,1154,2897,2360,0,0
-23,-51,-39,1147,2908,2367,0,0
-12,-45,-39,1129,2941,2405,0,0
-27,-43,-53,1129,2963,2328,0,0
-28,-52,-67,1149,2884,2332,0,0
-25,-50,-68,1141,2876,2406,0,0
-25,-43,-69,1104,2950,2382,0,0
-16,-38,-85,1069,2959,2390,0,0
-24,-16,-88,1101,2917,2368,0,0
-31,-5,-70,1120,2878,2308,0,0
-19,8,-46,1121,2902,2364,0,0
-17,27,-23,1139,2929,2369,0,0
-18,18,-11,1119,2912,2339,0,0
-7,31,11,1127,2898,2314,0,0
17,60,62,1160,2922,2394,0,0
9,33,88,1117,2970,2376,0,0
19,19,86,1139,2954,2410,0,0
15,12,77,1086,2906,2380,0,0
13,11,60,1108,2895,2303,0,0
26,30,60,1194,2913,2400,0,0
7,8,52,1117,2939,2361,0,0
5,7,43,1111,2906,2358,0,0
14,15,45,1158,2893,2392,0,0
3,15,45,1144,2920,2334,0,0
3,16,44,1172,2912,2377,0,0
-1,-3,43,1170,2894,2372,0,0
-1,-15,40,1149,2910,2366,0,0
3,-4,25,1137,2927,2419,0,0
-13,-10,3,1168,2915,2335,0,0
-7,-26,-4,1170,2891,2362,0,0
-7,-30,-1,1164,2896,2391,0,0
-12,-36,-3,1148,2922,2361,0,0
-12,-37,-4,1117,2936,2362,0,0
-5,-29,1,1149,2915,2370,0,0
-2,-42,2,1181,2907,2392,0,0
-11,-62,-3,1133,2938,2355,0,0
-2,-70,-15,1126,2922,2369,0,0
6,-63,-20,1136,2904,2354,0,0
14,-34,-10,1160,2934,2326,0,0
15,-12,0,1176,2961,2313,0,0
12,-45,-17,1152,2953,2342,0,0
-2,-36,-46,1164,2887,2440,0,0
-33,-24,-64,1165,2925,2314,0,0
-27,-26,-69,1132,2941,2291,0,0
-14,-3,-52,1153,2921,2383,0,0
-12,-16,-33,1138,2928,2353,0,0
-6,-9,-19,1110,2935,2347,0,0
-6,21,-5,1154,2918,2328,0,0
-2,20,1,1149,2923,2283,0,0
4,34,5,1136,2923,2334,0,0
-5,36,13,1182,2911,2265,0,0
15,30,23,1209,2921,2391,0,0
4,16,20,1176,2965,2368,0,0
1,-5,22,1163,2944,2301,0,0
6,-13,41,1153,2884,2330,0,0
8,3,59,1175,2890,2342,0,0
16,5,45,1171,2974,2379,0,0
0,-8,12,1152,2974,2309,0,0
-2,-18,-5,1188,2894,2308,0,0
4,-10,6,1198,2895,2362,0,0
5,-10,13,1150,2945,2317,0,0
11,2,20,1178,2940,2354,0,0
1,-6,-2,1187,2946,2311,0,0
0,-19,-26,1196,2925,2339,0,0
-8,-38,-13,1118,2910,2295,0,0
15,-7,18,1126,2943,2360,0,0
19,19,21,1171,2977,2374,0,0
7,4,6,1153,2935,2283,0,0
7,1,8,1187,2899,2283,0,0
15,6,14,1203,2925,2356,0,0
8,3,19,1147,2971,2319,0,0
14,9,31,1160,2952,2277,0,0
27,19,36,1192,2944,2343,0,0
23,12,22,1158,2974,2358,0,0
12,-16,3,1176,2965,2249,0,0
23,-6,1,1179,2917,2358,0,0
19,-8,-11,1147,2948,2318,0,0
16,-22,-23,1156,2986,2269,0,0
10,-11,-15,1144,2953,2313,0,0
5,-9,-1,1119,2912,2279,0,0
15,18,29,1137,2932,2296,0,0
22,26,32,1180,2989,2310,0,0
17,3,4,1164,3009,2320,0,0
9,-8,-10,1161,2973,2293,0,0
11,-9,6,1147,2924,2233,0,0
32,18,37,1154,2953,2342,0,0
31,32,44,1131,3018,2322,0,0
33,36,29,1189,3015,2261,0,0
24,9,14,1199,2956,2237,0,0
22,1,19,1185,2923,2258,0,0
15,4,32,1113,2966,2270,0,0
13,13,30,1118,2997,2289,0,0
2,29,40,1166,2975,2254,0,0
-1,31,61,1199,2923,2277,0,0
-2,18,81,1212,2936,2275,0,0
-2,21,90,1202,2987,2278,0,0
-13,10,74,1157,2995,2264,0,0
-15,6,54,1207,2963,2284,0,0
-17,1,32,1244,2956,2308,0,0
-27,-20,-2,1205,2982,2250,0,0
-24,-41,-29,1185,2961,2270,0,0
-19,-27,-33,1203,2925,2318,0,0
-19,-5,-28,1216,2973,2215,0,0
-5,-11,-33,1240,2977,2296,0,0
-20,-33,-42,1214,2970,2321,0,0
-26,-46,-61,1205,2953,2308,0,0
-30,-47,-80,1188,2931,2259,0,0
-30,-38,-82,1154,2937,2269,0,0
-38,-19,-69,1162,2989,2316,0,0
-41,-19,-58,1184,2980,2267,0,0
-26,-28,-60,1209,2928,2317,0,0
-40,-45,-57,1104,2921,2265,0,0
-32,-9,-16,1040,2962,2242,0,0
-9,56,28,1164,2959,2375,0,0
-24,41,20,1215,2936,2311,0,0
-23,12,1,1188,2952,2279,0,0
-19,4,-2,1139,2982,2326,0,0
-18,-2,-3,1160,2971,2304,0,0
-6,-15,6,1151,2944,2311,0,0
9,10,37,1150,2909,2333,0,0
16,17,52,1192,2940,2349,0,0
5,-4,26,1167,2965,2316,0,0
4,-13,5,1179,2945,2294,0,0
7,-30,-4,1214,2917,2355,0,0
5,-49,-5,1179,2956,2320,0,0
17,-49,-3,1139,2981,2316,0,0
22,-48,-4,1097,2973,2307,0,0
30,-24,12,1125,2942,2281,0,0
31,-1,30,1141,2967,2276,0,0
32,10,36,1126,2971,2269,0,0
35,10,29,1188,2960,2300,0,0
20,2,16,1171,2995,2261,0,0
17,1,9,1158,3012,2254,0,0
16,-15,12,1172,2971,2282,0,0
15,-17,23,1148,2979,2263,0,0
29,-1,34,1151,3009,2303,0,0
24,-1,27,1120,3026,2255,0,0
26,-4,11,1159,3006,2266,0,0
12,-14,-11,1166,2994,2239,0,0
4,-31,-33,1145,2994,2216,0,0
11,-24,-31,1166,2975,2270,0,0
6,-10,-26,1148,3024,2226,0,0
5,-4,-37,1142,3047,2183,0,0
1,4,-35,1209,2974,2250,0,0
-17,-34,-47,1178,2978,2246,0,0
-21,-29,-60,1158,3026,2288,0,0
-32,-30,-83,1102,3028,2212,0,0
-29,-38,-98,1064,2974,2226,0,0
-40,-13,-79,1110,2982,2250,0,0
-37,1,-49,1118,2998,2227,0,0
-26,11,-26,1118,3002,2303,0,0
-39,3,-29,1112,3022,2237,0,0
-34,-7,-28,1121,2991,2211,0,0
-24,4,10,1072,2974,2259,0,0
-14,24,43,1104,3019,2256,0,0
2,22,51,1097,3037,2291,0,0
-1,28,57,1088,2999,2266,0,0
8,29,61,1158,2967,2265,0,0
11,21,68,1146,2979,2287,0,0
4,12,75,1123,2987,2267,0,0
13,21,82,1134,2978,2317,0,0
-3,19,67,1091,2989,2255,0,0
-3,28,66,1133,2972,2213,0,0
4,33,88,1196,2939,2311,0,0
-19,9,105,1168,2951,2261,0,0
-10,16,113,1132,2994,2279,0,0
3,43,101,1178,2996,2328,0,0
-19,31,60,1250,2986,2271,0,0
-31,-4,21,1207,2958,2249,0,0
-25,-14,-2,1218,2928,2279,0,0
-19,-14,-6,1214,2951,2352,0,0
-21,-9,-4,1158,2999,2272,0,0
-5,-5,8,1181,2958,2280,0,0
-6,-2,23,1216,2914,2298,0,0
0,-27,21,1188,2954,2306,0,0
6,-25,-3,1185,2979,2374,0,0
-18,-52,-52,1145,2985,2268,0,0
-17,-61,-92,1162,2929,2306,0,0
-23,-44,-89,1155,2922,2306,0,0
-16,-23,-72,1162,2991,2309,0,0
-10,-10,-64,1183,2988,2331,0,0
-21,-28,-80,1174,2945,2258,0,0
-19,-42,-93,1190,2913,2256,0,0
-9,-55,-94,1142,2961,2317,0,0
-8,-58,-102,1089,3028,2328,0,0
-17,-58,-116,1049,3025,2297,0,0
-25,-43,-103,1053,2978,2257,0,0
-24,-3,-51,1089,2966,2234,0,0
-14,15,-8,1069,2991,2262,0,0
-7,30,16,1071,2992,2247,0,0
-6,36,27,1106,2965,2258,0,0
-8,40,33,1087,2986,2233,0,0
14,45,49,1127,3015,2333,0,0
4,29,63,1079,3015,2304,0,0
13,26,78,1091,2977,2299,0,0
22,30,88,1112,2966,2331,0,0
10,31,83,1098,2969,2248,0,0
21,27,77,1146,2962,2275,0,0
21,24,72,1138,2996,2354,0,0
-2,18,61,1105,2988,2259,0,0
3,12,60,1136,2937,2271,0,0
12,28,64,1152,2958,2323,0,0
7,34,60,1186,2977,2293,0,0
1,-2,55,1176,2967,2274,0,0
4,-3,64,1185,2943,2300,0,0
2,-1,54,1186,2947,2291,0,0
4,-14,34,1166,2966,2290,0,0
-4,-16,14,1166,2968,2295,0,0
-14,-12,3,1174,2964,2295,0,0
-11,-14,3,1173,2957,2305,0,0
-8,-16,-2,1153,2967,2316,0,0
-13,-20,-20,1150,3002,2277,0,0
-14,-25,-31,1178,2979,2293,0,0
-24,-55,-50,1154,2947,2296,0,0
-16,-57,-49,1155,2955,2285,0,0
-7,-29,-47,1109,2998,2317,0,0
-9,-26,-55,1138,3008,2270,0,0
-7,-25,-57,1175,2968,2265,0,0
-15,-30,-60,1154,2960,2297,0,0
-19,-32,-60,1110,2984,2287,0,0
-11,-30,-70,1105,2990,2313,0,0
-17,-32,-83,1099,3003,2247,0,0
-4,-24,-67,1116,2953,2280,0,0
-1,-19,-35,1064,2957,2312,0,0
3,-8,-19,1069,3019,2312,0,0
1,5,-16,1074,3019,2297,0,0
-5,14,-9,1058,2940,2228,0,0
2,43,19,1094,2913,2207,0,0
20,61,48,1170,3009,2289,0,0
19,49,49,1141,3037,2336,0,0
3,29,43,1126,2983,2281,0,0
2,15,43,1113,2964,2252,0,0
16,24,56,1152,2950,2316,0,0
8,10,74,1126,2995,2292,0,0
10,6,83,1089,3013,2291,0,0
12,10,65,1110,2993,2299,0,0
8,13,64,1134,2978,2237,0,0
11,18,62,1152,2972,2281,0,0
10,26,60,1153,2993,2303,0,0
-1,13,59,1140,2988,2239,0,0
-6,13,48,1170,2962,2271,0,0
-22,9,24,1140,2977,2237,0,0
-18,11,14,1162,2988,2290,0,0
-26,4,17,1177,2992,2297,0,0
-26,-4,25,1158,2974,2272,0,0
-17,-7,19,1168,2954,2300,0,0
-20,-11,12,1158,2978,2289,0,0
-17,-9,6,1169,2982,2287,0,0
-13,-23,-1,1156,2958,2320,0,0
-13,-33,-4,1144,2967,2314,0,0
-8,-39,-23,1153,2994,2336,0,0
-22,-49,-56,1135,3000,2249,0,0
-18,-48,-69,1176,2925,2312,0,0
-24,-57,-68,1154,2925,2296,0,0
-7,-53,-65,1106,2988,2314,0,0
3,-30,-75,1115,3018,2360,0,0
-13,-46,-90,1119,2982,2235,0,0
-10,-48,-89,1143,2935,2274,0,0
-11,-30,-72,1120,2966,2319,0,0
-12,-23,-48,1084,3000,2290,0,0
-13,-13,-27,1073,2991,2294,0,0
-22,-10,-23,1091,2982,2253,0,0
-11,4,1,1124,2942,2269,0,0
-13,10,30,1077,2975,2277,0,0
-11,14,30,1080,3009,2276,0,0
-1,30,40,1118,2990,2273,0,0
11,40,52,1149,2975,2324,0,0
7,24,42,1148,2973,2283,0,0
2,10,37,1104,2984,2265,0,0
7,22,48,1118,2972,2298,0,0
13,21,46,1127,2968,2330,0,0
4,8,35,1106,2984,2252,0,0
17,16,49,1145,2977,2323,0,0
15,17,67,1151,2969,2336,0,0
14,1,69,1115,2965,2274,0,0
31,15,64,1149,2979,2293,0,0
23,5,44,1162,2976,2283,0,0
7,1,27,1173,2947,2279,0,0
2,-5,28,1153,2952,2244,0,0
14,1,36,1154,2987,2306,0,0
24,16,47,1177,2995,2332,0,0
15,-1,34,1124,3019,2219,0,0
18,11,26,1196,2949,2258,0,0
8,2,17,1222,2939,2274,0,0
-3,-25,-2,1199,2994,2250,0,0
-10,-35,-9,1105,3009,2272,0,0
-9,-18,6,1097,3003,2258,0,0
-1,2,21,1181,2986,2267,0,0
1,-1,21,1199,2987,2268,0,0
-8,-28,-4,1143,3004,2281,0,0
-21,-36,-30,1163,2992,2265,0,0
-30,-35,-38,1165,2974,2199,0,0
-17,-24,-40,1204,2952,2278,0,0
-24,-38,-42,1167,2993,2283,0,0
-21,-47,-43,1135,3017,2275,0,0
-27,-42,-61,1121,2991,2308,0,0
-25,-29,-67,1117,2971,2281,0,0
-15,-16,-52,1135,2986,2252,0,0
-11,-11,-43,1138,3003,2256,0,0
-17,-2,-38,1147,2959,2260,0,0
-11,0,-27,1160,2959,2286,0,0
-13,-5,-31,1139,3009,2247,0,0
-13,-2,-18,1097,2956,2186,0,0
3,18,18,1120,2935,2272,0,0
18,32,40,1162,3022,2343,0,0
10,23,39,1089,3037,2256,0,0
8,21,36,1121,2959,2244,0,0
14,30,45,1160,2941,2291,0,0
15,33,53,1154,3000,2279,0,0
6,22,54,1140,3017,2271,0,0
3,13,49,1146,2987,2296,0,0
-2,9,38,1129,2963,2261,0,0
2,16,45,1143,2964,2246,0,0
11,19,66,1153,2979,2319,0,0
13,19,81,1152,3011,2298,0,0
12,20,67,1133,3009,2273,0,0
7,14,40,1176,2967,2265,0,0
8,4,26,1207,2958,2279,0,0
5,-11,21,1187,2982,2274,0,0
3,-13,18,1167,2985,2262,0,0
6,-13,21,1191,2962,2323,0,0
-2,-20,17,1146,2989,2236,0,0
4,-11,24,1173,2971,2250,0,0
-3,-18,30,1174,2951,2268,0,0
2,-14,34,1149,2976,2269,0,0
7,-2,29,1178,2997,2294,0,0
5,-7,13,1164,2999,2252,0,0
3,-3,-2,1198,2967,2251,0,0
-4,-8,-8,1203,2974,2243,0,0
-4,-6,-2,1164,2977,2232,0,0
4,6,7,1186,2960,2285,0,0
1,9,6,1210,2986,2246,0,0
6,8,8,1217,2980,2232,0,0
0,-10,9,1212,2956,2246,0,0
-1,-23,8,1198,2966,2290,0,0
-1,-13,9,1172,2998,2274,0,0
-3,-11,7,1169,2988,2233,0,0
-7,-6,8,1212,2936,2243,0,0
-8,-10,9,1216,2945,2254,0,0
-8,-7,10,1175,2997,2259,0,0
-8,0,-8,1189,3002,2284,0,0
-22,-11,-40,1210,2973,2201,0,0
-24,-17,-45,1236,2952,2245,0,0
-29,-34,-42,1227,2978,2304,0,0
-33,-58,-43,1183,3022,2251,0,0
-31,-62,-45,1142,3007,2251,0,0
-27,-51,-46,1156,2972,2265,0,0
-26,-40,-38,1189,2987,2237,0,0
-19,-39,-30,1159,2989,2236,0,0
-9,-30,-24,1166,2996,2272,0,0
-8,-24,-27,1186,3010,2305,0,0
-21,-33,-45,1189,3013,2232,0,0
-22,-39,-63,1180,2956,2226,0,0
-18,-43,-60,1152,2949,2277,0,0
-19,-42,-53,1136,3013,2262,0,0
-18,-29,-55,1096,3026,2274,0,0
-27,-6,-46,1087,2970,2200,0,0
-14,22,-10,1122,2903,2156,0,0
10,54,42,1170,2958,2265,0,0
19,63,74,1164,3047,2312,0,0
23,54,84,1140,3025,2308,0,0
16,49,79,1149,2974,2261,0,0
16,45,68,1159,2943,2233,0,0
8,49,69,1197,2969,2265,0,0
-7,32,69,1187,2997,2264,0,0
-15,18,46,1172,2997,2280,0,0
-20,10,21,1175,2983,2291,0,0
-26,4,14,1195,2961,2250,0,0
-22,3,13,1167,2953,2263,0,0
-12,7,20,1177,2970,2290,0,0
-7,8,30,1188,2994,2314,0,0
-14,0,27,1163,2993,2270,0,0
-8,7,29,1170,2948,2261,0,0
-5,7,38,1202,2935,2305,0,0
-5,1,42,1186,2980,2314,0,0
-3,-11,31,1161,2987,2318,0,0
-7,-26,1,1186,2975,2308,0,0
-16,-42,-27,1176,2963,2290,0,0
-27,-51,-45,1146,2951,2266,0,0
-17,-46,-50,1140,2932,2297,0,0
5,-28,-49,1148,2967,2309,0,0
35,-12,-53,1089,3042,2243,0,0
101,60,-1,998,3142,2214,0,0
237,183,134,817,3183,2206,0,0
340,286,184,641,3369,2445,0,0
335,17,67,894,3561,2197,0,0
450,-375,-15,811,3547,1957,0,0
633,-556,-255,220,3255,1377,0,0
1070,-721,-833,52,3173,1006,0,0
1224,-1193,-1421,399,2882,1075,0,0
1151,-1549,-1842,392,2856,788,0,0
1167,-1202,-2057,537,2768,675,0,0
1010,-1064,-2181,1287,2560,570,0,0
762,-1095,-2094,1564,2689,231,0,0
647,-1038,-1802,1197,2748,7,0,0
506,-414,-1302,931,1853,-325,0,0
336,223,-697,788,1066,-567,0,0
75,3,-195,1045,1160,-1044,0,0
116,-498,340,1307,1667,-1019,0,0
207,-1048,879,2177,2131,-1563,0,0
462,-2474,1164,2264,3222,-2053,0,0
1108,-3603,1314,3748,5538,-2298,0,0
1589,-5036,969,4115,9892,-2892,0,0
2346,-4755,355,3193,13434,-3401,0,0
3243,-3392,378,3433,15976,-4907,0,0
4382,-2152,784,1841,15713,-5946,0,0
5349,-1256,1027,500,13587,-5256,0,0
5555,-883,872,868,11231,-4141,0,0
4893,-1601,325,-210,8781,-1642,0,0
4000,-848,54,-627,5460,522,0,0
2547,-1153,170,-843,2609,772,0,0
1251,-1277,-178,-2046,203,1731,0,0
112,-547,-305,-1427,-1145,1239,0,0
-500,-259,-310,-478,-927,1921,0,0
-697,35,-253,-579,-738,2959,0,0
-867,565,-52,-40,-337,2763,0,0
-1012,347,214,-49,320,3111,0,0
-1263,1257,521,-466,414,3438,0,0
-1891,2051,447,428,996,2255,0,0
-2714,1044,185,869,1700,1479,0,0
-3321,272,-60,46,2483,1325,0,0
-3563,962,-251,-130,2522,745,0,0
-3747,1439,-641,29,2510,215,0,0
-4076,1148,-1210,390,3023,-119,0,0
-4457,598,-1595,306,5662,116,0,0
-4365,1654,-1646,704,10822,133,0,0
-3866,2873,-1089,2679,11123,-454,0,0
-3745,752,-574,1743,8765,-1863,0,0
-3136,45,-35,-404,6680,-2480,0,0
-1717,1346,17,418,5041,-2154,0,0
-547,1361,-197,524,4899,-2477,0,0
135,95,-141,492,7952,-2405,0,0
703,-1152,-230,94,9252,-1657,0,0
1518,-1685,-292,1426,9865,-1761,0,0
2493,-2220,6,1077,12844,-468,0,0
3577,-962,682,836,11401,-1284,0,0
4245,-696,1403,1229,11945,-3446,0,0
4825,-1391,1495,1690,13310,-3169,0,0
5114,-2010,890,1312,13241,-2123,0,0
5436,-1246,298,280,11459,-575,0,0
5368,-83,307,272,7302,983,0,0
3985,-477,130,-1220,2954,3055,0,0
2625,-569,-165,-173,-1087,3373,0,0
2202,-1020,-340,-110,357,3877,0,0
2062,-761,130,-717,1085,4818,0,0
1383,109,407,-791,209,4034,0,0
622,497,224,-737,-529,3534,0,0
-25,333,97,-684,-475,3151,0,0
-615,173,41,-867,-27,2368,0,0
-892,408,88,-524,161,1823,0,0
-1065,692,31,-650,26,1924,0,0
-1360,1108,-134,-336,22,1357,0,0
-1740,910,-290,210,450,899,0,0
-2362,600,-474,200,1900,1298,0,0
-3714,667,-312,586,5040,-49,0,0
-7008,1156,-242,912,11592,-1229,0,0
-5701,1767,-720,2126,12939,-1987,0,0
-5640,1335,-1430,2256,10543,-2632,0,0
-5035,1549,-1399,2140,9348,-2814,0,0
-4125,2353,-1221,2350,8324,-2954,0,0
-3343,2131,-1443,2572,7328,-3697,0,0
-2563,1249,-1807,2609,6555,-4378,0,0
-1515,-76,-1747,2776,7983,-5271,0,0
380,-692,-738,1863,10320,-4598,0,0
2608,-373,887,1944,12314,-4837,0,0
4180,-1682,1793,2675,14134,-5313,0,0
5507,-2976,1542,2623,16441,-3844,0,0
6793,-2130,1447,2901,17505,-2101,0,0
7309,-1566,1866,2692,16680,-799,0,0
6857,-1681,1556,1399,12592,1436,0,0
5143,-2037,716,158,7410,2845,0,0
2981,-2097,-269,-1835,2176,3928,0,0
1796,-543,-499,-1080,-768,3596,0,0
1387,-574,-360,-240,136,3305,0,0
1160,-835,-398,-106,1234,3233,0,0
1124,-72,-142,-272,-170,4379,0,0
662,871,202,-346,-1180,4277,0,0
-165,981,581,-236,-814,3523,0,0
-1098,620,508,-613,-123,3032,0,0
-1626,783,295,-570,448,2285,0,0
-2030,1021,78,-739,621,1591,0,0
-2323,1133,-119,-677,810,997,0,0
-2520,1215,-435,-474,1145,107,0,0
-2649,1051,-858,-98,1569,-784,0,0
-3001,595,-1144,399,3542,-1090,0,0
-3553,334,-1188,764,7358,-476,0,0
-4353,1095,-708,1555,11236,-698,0,0
-4929,1207,-683,2392,10944,-2385,0,0
-4743,268,-666,1936,8711,-2189,0,0
-4243,219,-309,609,9245,-2563,0,0
-3183,1867,-251,307,8665,-4217,0,0
-1863,2446,-777,2249,8078,-4766,0,0
-956,407,-1385,2255,7770,-4859,0,0
61,-1108,-1064,916,8801,-3889,0,0
1547,-463,25,1726,9469,-2539,0,0
2548,-890,781,1865,9459,-2275,0,0
3172,-1414,1132,1270,9814,-3076,0,0
3774,-1457,1272,948,10822,-3676,0,0
4490,-1391,1142,1132,11746,-3436,0,0
5116,-1019,907,1032,12041,-3252,0,0
5411,-517,845,846,10626,-2248,0,0
4882,-1047,657,274,7065,-486,0,0
3770,-1398,178,-499,2931,1154,0,0
2675,-1311,-175,-779,281,1958,0,0
2045,-1091,-745,16,366,2566,0,0
1901,-821,-964,251,1214,3880,0,0
1608,-8,-335,401,507,4242,0,0
846,-85,271,-466,-387,4083,0,0
143,162,232,-477,-800,3664,0,0
-546,63,-37,-428,-688,3011,0,0
-1126,146,166,-792,-334,2485,0,0
-1495,403,236,-627,94,1906,0,0
-1753,415,-34,-604,184,1601,0,0
-1961,542,-204,-609,478,1439,0,0
-2282,830,-305,-249,1453,986,0,0
-2904,945,-369,697,3191,-259,0,0
-3814,506,46,379,5386,-1233,0,0
-4400,1028,582,878,10284,-1337,0,0
-4912,1246,292,2715,11412,-3396,0,0
-4956,-34,-481,1256,9832,-2393,0,0
-4660,1080,-491,407,10019,-2294,0,0
-4075,2287,-659,1245,9523,-3167,0,0
-3281,2234,-1217,1424,9248,-3042,0,0
-2426,1789,-1441,2014,9343,-3670,0,0
-1667,332,-1127,815,9107,-3598,0,0
-366,-214,-555,578,8104,-2856,0,0
1130,-624,51,1037,8166,-2805,0,0
2334,-1423,702,986,9288,-2816,0,0
3412,-1503,1080,946,10726,-3509,0,0
4572,-1282,1152,1282,11759,-3448,0,0
5472,-1193,1212,1445,13239,-3283,0,0
6010,-1238,1158,1263,13647,-2188,0,0
5936,-1797,846,1339,11407,-888,0,0
5083,-2639,152,-413,7286,1065,0,0
4162,-1533,-355,-1057,2576,2813,0,0
3168,-1086,-910,505,80,3382,0,0
2420,-2070,-1494,1168,1694,4411,0,0
1982,-1088,-1289,904,1227,5653,0,0
1519,456,-332,1259,-742,5026,0,0
720,328,249,551,-1149,4763,0,0
-244,189,304,196,-728,3483,0,0
-941,153,420,-2672,-535,2483,0,0
-1146,621,458,-557,-401,1812,0,0
-1419,261,234,-622,-43,1796,0,0
-1746,477,-14,-790,528,1851,0,0
-2206,755,-158,-200,1314,1559,0,0
-2980,945,-218,477,3048,1559,0,0
-4529,517,363,466,7104,-151,0,0
-5791,697,870,555,11173,-1267,0,0
-6343,412,482,1291,11823,-2669,0,0
-5736,436,242,267,11424,-1774,0,0
-4805,2402,514,1238,11162,-3184,0,0
-4005,2534,209,1288,9866,-2868,0,0
-3316,2353,-315,1547,8670,-3197,0,0
-2602,1222,-759,997,8036,-3904,0,0
-1452,224,-612,441,8251,-3692,0,0
-43,-587,-210,688,9772,-3398,0,0
1407,-1322,8,-85,9743,-3132,0,0
2824,-1060,232,216,9840,-3767,0,0
3884,-1798,139,1064,11640,-3640,0,0
5003,-1780,-182,1082,12848,-2788,0,0
5970,-827,5,1372,13860,-2435,0,0
6449,-413,292,1232,13346,-1292,0,0
6171,-905,332,1071,10516,497,0,0
4935,-1759,128,147,6816,1613,0,0
3556,-1341,-59,-951,2687,3010,0,0
2328,-410,-336,-170,-624,3134,0,0
1566,-972,-700,315,213,3054,0,0
1408,-946,-662,302,1280,3964,0,0
1284,-15,-146,-48,-109,4231,0,0
679,493,251,-367,-928,3159,0,0
63,589,304,-142,-937,2691,0,0
-573,277,161,-431,-627,2604,0,0
-1094,256,117,-324,-256,1783,0,0
-1332,240,207,-314,-196,1718,0,0
-1583,314,160,-429,-1,1549,0,0
-1800,569,78,-277,603,1262,0,0
-2284,736,-61,-203,1657,1226,0,0
-3104,1198,-48,-147,3224,1218,0,0
-4653,1224,262,333,6761,-206,0,0
-6012,214,167,555,12944,-1711,0,0
-5988,17,-189,1150,10618,-2097,0,0
-5186,219,-151,-616,10827,-1932,0,0
-4097,2667,70,454,10591,-2528,0,0
-3664,2506,-455,1428,9612,-3378,0,0
-3104,1304,-978,671,9101,-3320,0,0
-1907,1308,-785,476,9406,-3829,0,0
-2424,883,-279,625,9903,-3247,0,0
734,-764,6,262,9025,-2261,0,0
1669,-1930,245,-199,8627,-1698,0,0
2660,-1854,629,168,9693,-2412,0,0
3617,-1863,688,312,10493,-3536,0,0
4796,-1576,451,200,11447,-3821,0,0
5758,-1026,108,416,12574,-3100,0,0
6161,-736,-105,804,12602,-1484,0,0
5982,-637,-144,782,9938,739,0,0
4850,-966,-18,-90,5735,1793,0,0
2337,-992,-546,-437,-253,2789,0,0
2043,-1333,-1005,336,1035,3904,0,0
1912,-742,-1110,796,1325,5183,0,0
1457,642,-218,522,-544,5210,0,0
581,1031,374,224,-1427,4222,0,0
-323,570,252,31,-1212,2956,0,0
-939,173,220,-492,-974,2165,0,0
-1165,560,485,-459,-390,1266,0,0
-1360,484,303,-478,-215,881,0,0
-1740,142,-165,-294,-35,466,0,0
-1961,130,-332,-77,493,643,0,0
-2522,483,-160,272,2054,657,0,0
-3624,987,407,-123,5039,-690,0,0
-4339,1229,705,238,8666,-905,0,0
-4914,606,161,650,10426,-1476,0,0
-5072,270,-177,-301,9567,-1674,0,0
-4973,781,28,-889,10206,-2589,0,0
-4364,1899,-201,292,10178,-2770,0,0
-3904,1347,-739,898,10673,-5000,0,0
-2966,263,-1034,652,10267,-4497,0,0
-1468,596,-867,1511,9946,-4922,0,0
15,-657,-386,841,9836,-3554,0,0
1519,-340,313,-466,9240,-2696,0,0
2531,96,774,-130,8898,-4468,0,0
3188,-1703,517,-134,9590,-4697,0,0
4138,-2323,-12,-152,10787,-4348,0,0
5307,-1390,-345,204,11732,-3550,0,0
6218,145,-316,456,11621,-1772,0,0
6210,165,57,1603,9972,-267,0,0
5033,-1365,100,79,7121,1869,0,0
3437,-1276,129,-356,3198,2678,0,0
1648,-3416,-7,-1255,116,2630,0,0
958,-305,-242,-1554,-588,2456,0,0
972,481,-125,-327,35,1676,0,0
1033,-225,-242,-241,395,2336,0,0
940,30,-249,-533,-358,3139,0,0
354,410,-141,-35,-845,2778,0,0
-353,84,-104,-36,-801,2925,0,0
-995,101,20,-185,-559,2416,0,0
-1376,158,258,-52,102,1800,0,0
-1582,247,311,-261,649,1596,0,0
-1827,504,175,-30,871,843,0,0
-2151,477,32,348,1469,861,0,0
-3230,612,229,-198,2697,396,0,0
-4366,1002,503,-204,6431,-977,0,0
-5117,1159,470,702,11432,-1484,0,0
-5460,1107,-84,807,9725,-1779,0,0
-5013,763,-212,687,8586,-1613,0,0
-4310,1242,107,-23,8918,-1347,0,0
-3668,2652,43,399,8413,-2130,0,0
-3278,2192,-509,834,8282,-2519,0,0
-2876,1013,-972,336,8314,-3478,0,0
-1754,671,-958,-203,7842,-3858,0,0
-57,331,-609,173,8885,-3092,0,0
1766,246,5,599,10510,-1876,0,0
2902,-75,770,536,9028,-1327,0,0
3243,-1063,1139,1215,8626,-1591,0,0
3334,-2571,1123,1177,10623,-1355,0,0
3859,-2118,996,483,10958,-1749,0,0
4461,-1604,978,547,11095,-3553,0,0
4958,-2064,625,-865,11269,-2947,0,0
5273,-1312,42,-243,10402,-2132,0,0
4940,-1636,-592,32,7756,-480,0,0
4056,-1653,-957,-322,4464,1422,0,0
2925,-1451,-976,-142,1542,2603,0,0
2291,-974,-1505,1272,12,4130,0,0
1728,-1004,-1329,1460,894,4284,0,0
1520,-34,-576,741,505,5291,0,0
1081,1366,149,666,-1338,4653,0,0
187,1129,390,687,-1389,3340,0,0
-760,467,290,193,-1100,2981,0,0
-1454,390,391,-135,-582,2657,0,0
-1859,562,448,-177,93,2141,0,0
-2127,614,285,98,720,1704,0,0
-2379,672,236,119,1502,1595,0,0
-2794,1222,105,-299,3052,1955,0,0
-3600,2431,142,184,5051,1891,0,0
-5559,1575,259,647,11350,-2034,0,0
-6757,-747,-311,-832,12246,-2774,0,0
-6270,-380,-733,-526,10770,-1970,0,0
-4956,1439,-509,283,11387,-2380,0,0
-3792,3048,-569,277,10274,-2648,0,0
-2870,3049,-1135,2028,8606,-2853,0,0
-2413,863,-1541,1755,8148,-3649,0,0
-1370,-845,-1102,247,8185,-2837,0,0
526,-179,106,463,9301,-2179,0,0
2119,-180,958,989,9470,-1946,0,0
2998,-1113,1324,89,10053,-2106,0,0
3577,-1897,1381,68,11199,-3327,0,0
4345,-2407,824,-802,11886,-3038,0,0
5472,-1060,313,-463,12256,-2190,0,0
6198,-2248,178,126,12195,-2126,0,0
6283,-497,286,446,10727,-954,0,0
5453,-1416,260,4,7840,796,0,0
4143,-1598,-68,-412,4209,2012,0,0
1612,-483,-477,341,-715,2433,0,0
821,-1631,-793,119,157,3497,0,0
710,-894,-454,6,223,3297,0,0
607,-236,-91,-420,-783,2963,0,0
219,510,94,-178,-1094,2572,0,0
-410,372,-150,418,-708,1854,0,0
-860,-193,-63,133,-488,2088,0,0
-1248,-12,268,-72,-241,2140,0,0
-1510,354,448,445,290,1758,0,0
-1765,264,452,-185,567,2248,0,0
-2139,871,349,-380,1011,1965,0,0
-7352,741,-83,-317,11356,-1213,0,0
-6135,350,-567,-722,12191,-1346,0,0
-5924,553,-841,-2704,11081,-2086,0,0
-5245,1340,-585,-293,12353,-2364,0,0
-4884,1337,-677,-78,12321,-4287,0,0
-3789,1185,-1233,1190,10841,-3252,0,0
-2547,314,-1195,1778,9310,-2789,0,0
-1030,-622,-121,65,8588,-1485,0,0
762,-130,1071,-508,9106,-1250,0,0
1848,-396,1439,-1672,8487,-2530,0,0
2516,-1091,979,-1184,8803,-4064,0,0
3113,-2346,19,-849,10786,-4223,0,0
4438,-1798,-652,-823,12544,-4297,0,0
6482,203,-405,280,14073,-3333,0,0
7693,510,176,1032,14851,-1156,0,0
7709,180,576,981,12675,1367,0,0
6196,-708,671,-260,8087,3331,0,0
3748,-1401,276,-1063,1993,4509,0,0
1971,-1258,-31,-586,-685,3850,0,0
1180,-1769,-358,-400,-102,3980,0,0
949,-1112,-291,-81,362,4143,0,0
571,-180,57,-65,-204,3535,0,0
194,626,256,-770,-687,3431,0,0
-397,1004,176,54,-776,2549,0,0
-1148,131,-86,-417,-595,2447,0,0
-1499,493,-70,-392,-94,2047,0,0
-1753,624,79,334,329,1445,0,0
-1983,365,150,-223,352,1875,0,0
-2388,1038,162,-231,903,1600,0,0
-3149,1167,7,403,2731,1414,0,0
-4480,1041,-98,38,6196,1211,0,0
-5821,918,-91,560,11523,-582,0,0
-6645,165,-383,312,12105,-1005,0,0
-6218,388,-654,-317,10798,-1241,0,0
-5097,1260,-410,-304,9967,-1925,0,0
-4295,1557,-126,-366,10107,-2564,0,0
-3266,2177,-457,402,9553,-2546,0,0
-2504,1505,-1296,530,8239,-2878,0,0
-1798,-235,-1416,-300,7445,-2762,0,0
-86,-1062,-581,-466,8946,-1936,0,0
2331,-590,336,413,10795,-1176,0,0
3860,-865,1067,-170,11057,-1271,0,0
4458,-1515,1275,339,11505,-1735,0,0
4864,-2174,937,-195,12496,-1582,0,0
5537,-1374,384,-655,13136,-2207,0,0
6418,-161,173,-440,13219,-2329,0,0
6818,-313,188,238,11919,-962,0,0
6504,-945,200,62,9571,1427,0,0
5278,-893,163,-171,6058,3083,0,0
3170,-1284,-32,-189,1936,3550,0,0
1474,-1158,-290,-542,-663,3483,0,0
582,-1234,-360,-642,-597,3286,0,0
376,-429,-197,-221,86,3206,0,0
138,82,55,-268,-68,2658,0,0
9,217,-2,-620,-736,2668,0,0
-337,636,7,-308,-1030,2622,0,0
-925,554,-37,-27,-596,2304,0,0
-1397,561,31,56,-37,1863,0,0
-2260,544,12,-335,680,1230,0,0
-2534,701,-207,-5,842,634,0,0
-2976,519,-251,-222,1612,893,0,0
-3838,584,-19,-606,4889,443,0,0
-4657,1538,272,339,9973,-678,0,0
-5803,345,-183,97,11199,-2286,0,0
-5554,-71,-760,-525,9525,-2111,0,0
-4918,55,-479,-1196,9342,-2413,0,0
-3988,1358,-388,-1273,8938,-1635,0,0
-3105,2555,-935,1042,9180,-2551,0,0
-2756,589,-1553,103,8630,-2127,0,0
-1570,400,-937,-136,7654,-1950,0,0
113,-281,233,-508,8473,-1521,0,0
1604,-686,869,-1016,8945,-638,0,0
2402,-545,1113,-716,9056,-1442,0,0
2679,-1141,938,-206,9330,-2691,0,0
3253,-1964,599,-123,10380,-3522,0,0
4561,-1121,412,-452,11308,-3977,0,0
5857,-303,504,-128,12134,-4323,0,0
6763,-458,411,8,13083,-2239,0,0
7202,-11,530,247,11478,594,0,0
6053,-825,732,-35,8430,1947,0,0
4040,-1929,386,-796,4145,2717,0,0
2180,-1842,-207,-1861,157,2652,0,0
1182,-1035,-514,-1725,-469,2615,0,0
666,-197,-605,69,-272,2627,0,0
124,-377,-634,-173,-47,2438,0,0
-111,-199,-380,212,-247,2148,0,0
-333,-59,-302,-229,-566,2234,0,0
-617,420,-239,159,-793,1478,0,0
-876,237,-119,795,-714,1542,0,0
-1113,56,106,522,-354,1864,0,0
-1413,505,415,541,-313,1759,0,0
-1782,740,582,115,114,1972,0,0
-2176,1192,540,-238,633,1815,0,0
-2808,-663,-1154,-835,5669,-1048,0,0
-1100,-219,-198,-1316,5994,-1297,0,0
1004,475,447,-1240,8809,-1390,0,0
2504,199,915,-1233,10365,-1401,0,0
3255,-1066,910,-985,10367,-1593,0,0
4060,-1962,619,68,11789,-2077,0,0
4878,-1955,524,-457,13869,-2450,0,0
5939,-807,390,-162,14026,-2220,0,0
6666,-1235,95,-475,14386,-1923,0,0
7274,-865,-43,-928,13606,-329,0,0
7122,-296,72,-246,11272,1594,0,0
5922,-2336,-58,-590,7462,3351,0,0
3921,-172,-137,-520,2784,3687,0,0
1838,-732,-501,-1326,-523,4288,0,0
631,-386,-299,-112,-1474,2996,0,0
-140,-1476,-318,-435,-149,3078,0,0
-145,-736,-316,61,94,2714,0,0
-237,83,27,123,-607,2860,0,0
-542,934,416,157,-521,2009,0,0
-876,695,357,338,-580,1458,0,0
-1146,344,381,-414,-349,2272,0,0
-1515,1043,412,-362,310,1781,0,0
-2034,1074,201,-306,550,1396,0,0
-2607,636,-197,-520,542,1182,0,0
-3051,400,-460,-776,1383,1109,0,0
-3490,930,-541,-478,3341,1554,0,0
-4690,578,-184,-434,7267,917,0,0
-5970,423,-186,-749,13138,-1058,0,0
-6480,-418,-654,-788,10353,-2920,0,0
-6018,-1324,-991,-2954,9748,-887,0,0
-4349,2720,-829,-741,9357,-2080,0,0
-3252,2552,-1235,1160,8319,-1874,0,0
-2695,87,-1283,795,8180,-557,0,0
-1950,-1503,-347,-767,8377,-995,0,0
-475,-1232,579,-2252,9165,-407,0,0
1351,268,936,-2236,9937,-1159,0,0
2337,-760,841,-2203,8687,-2083,0,0
2888,-2362,215,-1550,9289,-1649,0,0
3772,-1405,-256,-742,11355,-3133,0,0
4784,-1092,-350,-878,13051,-3665,0,0
6174,-503,-572,-1388,13994,-2923,0,0
7508,312,-363,-816,14145,-1744,0,0
7603,43,-239,-607,12452,833,0,0
6657,-211,-336,-820,9530,3457,0,0
4781,-2,-364,-898,4628,4137,0,0
2632,-806,-414,-637,168,3366,0,0
1113,-1433,-521,-1667,-1268,3436,0,0
136,-623,-328,-310,-650,1586,0,0
-352,-879,-502,-580,-256,2633,0,0
-260,-46,-450,801,-153,1878,0,0
-489,-701,-189,268,-768,2309,0,0
-738,59,-27,243,-900,1919,0,0
-906,589,122,921,-524,1357,0,0
-1055,689,495,601,-270,1819,0,0
-1335,1059,758,393,45,1741,0,0
-1891,1133,747,522,338,1538,0,0
-2499,629,553,-18,1028,1874,0,0
-2965,1275,396,78,2606,1844,0,0
-4050,1622,517,409,7389,2977,0,0
-6670,892,947,665,17225,918,0,0
-8483,-515,697,-1152,17184,-2558,0,0
-7269,317,-83,-1805,14726,-2745,0,0
-5195,2681,-670,-780,9954,-4855,0,0
-3800,2006,-801,-166,5475,-4867,0,0
-2359,1332,-812,-41,3254,-3056,0,0
-1131,1065,-721,561,2856,-3677,0,0
-36,47,-352,438,4036,-2698,0,0
615,-1090,-68,498,4228,-1049,0,0
1044,-1655,-138,-140,4621,763,0,0
1445,-959,144,68,4858,2359,0,0
973,-1518,206,-134,5940,2177,0,0
853,-1854,377,-215,6015,2293,0,0
764,-1845,659,-508,6882,781,0,0
1329,-2147,508,-340,6738,45,0,0
2076,-1741,0,-165,6438,508,0,0
2184,-1072,-560,167,7065,789,0,0
2298,-120,-532,548,6837,233,0,0
2721,405,-19,1171,6823,412,0,0
2676,-92,313,1135,6797,744,0,0
2855,29,904,1374,6463,718,0,0
2699,765,1645,899,4990,923,0,0
1937,901,1972,347,3625,654,0,0
1330,811,1750,515,3368,84,0,0
883,1185,1230,709,3535,-167,0,0
459,1649,641,537,3658,-78,0,0
115,1961,112,746,3511,-148,0,0
-307,2360,-333,922,3275,-285,0,0
-697,2813,-704,895,3212,-593,0,0
-920,2516,-1068,826,2797,-606,0,0
-1070,1771,-1381,828,2350,-575,0,0
-1146,1290,-1553,854,2267,-683,0,0
-1094,1019,-1668,869,2582,-865,0,0
-900,669,-1758,887,2887,-856,0,0
-655,578,-1740,879,3097,-659,0,0
-467,959,-1615,958,3210,-875,0,0
-201,1034,-1343,1026,2953,-1145,0,0
127,711,-832,1027,2865,-842,0,0
318,416,-271,1355,4144,-522,0,0
312,-58,54,1676,5561,-649,0,0
381,-532,146,1160,4138,-2992,0,0
735,-420,487,739,2889,-811,0,0
1118,-45,997,857,3200,-565,0,0
1269,22,1264,1206,3925,-247,0,0
1170,-63,1199,1168,4079,-165,0,0
1030,82,1017,1103,3707,-271,0,0
888,311,902,1248,3599,-286,0,0
634,331,822,1311,3642,-217,0,0
265,-2136,703,1315,3644,-236,0,0
-56,-702,599,1183,3463,-291,0,0
-215,-975,587,1076,3432,-342,0,0
-272,-965,593,1006,3469,-376,0,0
-306,-875,552,993,3494,-443,0,0
-326,-735,442,966,3616,-529,0,0
-323,-500,283,943,3638,-567,0,0
-334,-182,119,942,3617,-589,0,0
-391,39,-14,978,3393,-712,0,0
-495,-18,-146,1069,3439,-824,0,0
-611,-202,-328,1124,3891,-833,0,0
-700,-299,-552,1113,3974,-928,0,0
-698,-328,-718,1034,3726,-1001,0,0
-598,-220,-758,978,3661,-957,0,0
-485,-39,-744,1024,3862,-1005,0,0
-361,11,-720,1046,3926,-1034,0,0
-202,42,-640,1012,3868,-980,0,0
-40,154,-504,1047,3858,-998,0,0
103,161,-366,1088,3776,-1006,0,0
242,98,-229,1078,3780,-862,0,0
356,111,-106,1092,3936,-829,0,0
474,152,8,1036,3805,-783,0,0
594,264,180,974,3638,-611,0,0
657,450,392,994,3639,-564,0,0
651,517,563,1025,3671,-585,0,0
596,479,667,1042,3635,-556,0,0
485,428,715,1006,3598,-569,0,0
337,408,733,951,3677,-779,0,0
215,311,739,885,3768,-986,0,0
91,141,663,585,3712,-1052,0,0
-101,8,422,306,3603,-1290,0,0
-283,-281,73,217,3502,-1441,0,0
-374,-588,-171,226,3551,-1368,0,0
-375,-734,-291,94,3529,-1247,0,0
-276,-492,-358,48,3464,-975,0,0
-180,53,-465,373,3584,-967,0,0
-138,353,-630,745,3793,-1038,0,0
-125,404,-823,928,3872,-1039,0,0
-52,468,-927,958,3869,-974,0,0
132,581,-855,936,4061,-1154,0,0
481,847,-564,587,4459,-1090,0,0
672,1794,96,330,4183,-26,0,0
620,3204,478,377,3838,92,0,0
573,3498,441,688,3675,-1200,0,0
644,3209,110,873,3241,-797,0,0
603,3351,94,2476,3262,61,0,0
263,2316,292,2896,3285,-350,0,0
59,1446,489,2117,3287,-103,0,0
-6,1710,609,2044,3060,111,0,0
-112,1933,718,2487,2900,220,0,0
-317,1616,707,2277,2879,239,0,0
-365,1480,443,1148,2771,295,0,0
-170,1797,19,1956,3012,296,0,0
7,827,-318,2318,3229,504,0,0
130,-269,-579,1579,3569,739,0,0
288,-91,-822,821,3842,1037,0,0
357,927,-1032,1133,3556,688,0,0
329,676,-1167,1426,3418,504,0,0
274,-45,-1226,804,3698,495,0,0
293,-568,-1438,637,4199,267,0,0
79,-741,-1475,802,4497,1066,0,0
-260,-475,-1238,681,4027,905,0,0
-403,-206,-1028,581,3827,197,0,0
-298,-444,-1093,654,3621,278,0,0
-182,-722,-1106,1418,3278,306,0,0
-62,-1583,-783,1718,3257,145,0,0
93,-1847,-435,900,3430,30,0,0
346,-730,42,929,3422,75,0,0
700,53,242,525,4474,-327,0,0
525,-1470,204,807,4437,-87,0,0
18,-3163,192,-1062,3656,284,0,0
281,-1571,116,482,3781,-337,0,0
834,-2968,237,902,4063,227,0,0
843,-243,725,1092,4112,727,0,0
536,116,1312,1602,4241,147,0,0
61,-987,1635,1846,4314,408,0,0
-197,-2492,1573,928,4345,252,0,0
-46,-2909,1276,394,3678,229,0,0
60,-2198,1064,631,3748,323,0,0
50,-1329,1028,736,3964,102,0,0
178,-618,1015,916,4113,26,0,0
261,-42,886,1048,3993,-101,0,0
233,191,692,1142,3735,-295,0,0
92,67,583,1125,3589,-399,0,0
-127,-244,533,1115,3642,-549,0,0
-335,-641,424,1080,3679,-664,0,0
-478,-963,224,984,3646,-681,0,0
-545,-1038,-40,885,3543,-685,0,0
-548,-854,-292,907,3586,-751,0,0
-512,-599,-529,948,3688,-808,0,0
-440,-336,-726,942,3739,-809,0,0
-333,37,-880,929,3715,-812,0,0
-206,460,-987,989,3722,-828,0,0
-85,753,-1050,1092,3714,-843,0,0
10,834,-1040,1121,3557,-807,0,0
76,846,-952,1156,3419,-767,0,0
108,791,-821,1264,3633,-748,0,0
113,610,-697,1332,3828,-764,0,0
129,364,-525,1259,3572,-694,0,0
143,235,-243,1196,3493,-577,0,0
133,202,59,1094,3697,-559,0,0
120,261,240,955,3797,-569,0,0
87,309,290,940,3673,-629,0,0
16,119,327,845,3676,-566,0,0
-39,-18,362,708,3728,-580,0,0
-28,0,397,693,3827,-655,0,0
-1,-9,430,781,3837,-662,0,0
-9,-166,501,790,3832,-629,0,0
-19,-265,607,834,3854,-631,0,0
-22,-264,661,936,3843,-651,0,0
-54,-314,632,1023,3773,-647,0,0
-110,-424,547,1061,3699,-628,0,0
-163,-487,414,1054,3656,-655,0,0
-181,-493,243,1034,3586,-665,0,0
-171,-471,63,1045,3589,-665,0,0
-149,-449,-85,1016,3628,-688,0,0
-95,-321,-176,1000,3711,-686,0,0
-44,-97,-243,1060,3754,-750,0,0
-21,-22,-283,1106,3682,-774,0,0
-6,-72,-284,1078,3596,-717,0,0
23,-63,-269,1101,3630,-671,0,0
33,-49,-273,1127,3655,-682,0,0
42,-58,-282,1125,3653,-638,0,0
68,-15,-273,1089,3588,-581,0,0
96,84,-206,1102,3600,-546,0,0
91,180,-111,1123,3605,-538,0,0
43,178,-9,1146,3502,-570,0,0
-21,33,89,1114,3416,-569,0,0
-60,-72,163,1050,3478,-562,0,0
-63,-32,202,1019,3591,-592,0,0
-51,54,220,1013,3484,-620,0,0
-35,59,224,1062,3408,-696,0,0
-29,-43,225,1100,3800,-703,0,0
-34,-37,212,1081,4010,-750,0,0
-45,47,194,1100,3897,-788,0,0
-73,16,172,1130,3670,-802,0,0
-114,-180,156,1097,3688,-826,0,0
-115,-316,123,1014,3674,-788,0,0
-66,-271,51,977,3660,-758,0,0
15,-111,-40,999,3664,-717,0,0
84,24,-125,1068,3720,-724,0,0
127,55,-180,1066,3695,-677,0,0
163,118,-177,1080,3669,-631,0,0
180,176,-144,1140,3705,-620,0,0
156,141,-124,1179,3728,-636,0,0
113,45,-105,1132,3667,-633,0,0
78,11,-50,1079,3595,-628,0,0
40,20,10,1069,3543,-677,0,0
-6,-29,24,1092,3608,-706,0,0
-46,-64,-13,1038,3650,-754,0,0
-57,-22,-27,1032,3612,-781,0,0
-52,23,3,1042,3630,-836,0,0
-32,8,64,1034,3649,-883,0,0
1,-31,135,990,3649,-883,0,0
44,-8,192,949,3657,-879,0,0
73,53,206,934,3625,-909,0,0
73,51,165,917,3542,-931,0,0
55,30,76,917,3451,-906,0,0
43,29,-20,945,3447,-817,0,0
39,75,-102,1013,3558,-809,0,0
39,108,-177,1054,3680,-791,0,0
35,142,-226,1081,3707,-779,0,0
40,153,-215,1070,3610,-738,0,0
55,180,-155,1099,3671,-701,0,0
57,222,-102,1110,3652,-714,0,0
52,221,-70,1119,3570,-678,0,0
40,210,-51,1139,3591,-673,0,0
13,189,-45,1158,3645,-670,0,0
-34,165,-38,1151,3653,-690,0,0
-80,137,-6,1171,3658,-737,0,0
-121,49,36,1166,3660,-781,0,0
-146,-66,67,1088,3683,-820,0,0
-92,-62,66,938,3737,-1046,0,0
9,25,32,860,3634,-1065,0,0
49,80,0,976,3636,-903,0,0
56,45,-33,1109,3699,-803,0,0
51,-26,-44,1154,3698,-721,0,0
29,-79,-26,1093,3667,-721,0,0
17,-82,18,1073,3630,-758,0,0
12,-97,42,1054,3630,-741,0,0
8,-77,28,1044,3663,-736,0,0
-4,-38,9,1042,3625,-780,0,0
-14,-54,-1,1066,3585,-782,0,0
-12,-100,-6,1027,3600,-790,0,0
10,-69,6,1024,3630,-768,0,0
24,-10,9,1058,3670,-773,0,0
18,-10,8,1069,3676,-792,0,0
13,-46,23,1040,3591,-780,0,0
21,-53,41,1008,3555,-760,0,0
28,-28,44,1008,3576,-762,0,0
28,-8,25,999,3508,-746,0,0
35,5,5,1011,3534,-695,0,0
42,53,2,1027,3657,-687,0,0
28,101,11,1049,3626,-684,0,0
-12,71,25,1059,3583,-664,0,0
-72,9,37,1072,3694,-695,0,0
-132,-63,21,1016,3629,-740,0,0
-139,-71,-4,986,3546,-700,0,0
-109,-7,-13,1014,3616,-731,0,0
-83,52,-25,1058,3757,-736,0,0
-84,56,-54,1099,3726,-770,0,0
-89,1,-55,1092,3693,-754,0,0
-75,-10,-17,1091,3689,-770,0,0
-55,-33,25,1071,3678,-771,0,0
-28,-34,38,1053,3662,-760,0,0
6,-30,41,1050,3652,-747,0,0
34,-6,46,1050,3691,-713,0,0
41,3,51,1039,3659,-715,0,0
39,-19,52,1060,3670,-687,0,0
27,-62,38,1066,3741,-701,0,0
14,-93,23,1030,3737,-714,0,0
23,-59,38,1023,3676,-708,0,0
25,-63,57,1040,3676,-760,0,0
12,-120,40,1001,3676,-761,0,0
18,-101,-1,986,3664,-752,0,0
32,-55,-37,1001,3629,-778,0,0
44,-43,-52,1009,3614,-768,0,0
60,-44,-66,1024,3671,-753,0,0
73,-23,-78,1004,3632,-734,0,0
79,40,-60,1027,3581,-703,0,0
61,57,-38,1076,3590,-725,0,0
18,-17,-34,1055,3542,-729,0,0
-10,-41,-23,1013,3502,-711,0,0
-4,14,-12,1025,3507,-676,0,0
-12,52,1,1048,3578,-688,0,0
-45,47,1,1071,3632,-701,0,0
-68,15,9,1045,3598,-701,0,0
-62,37,47,1042,3654,-701,0,0
-67,68,91,1038,3626,-759,0,0
-84,22,111,1038,3544,-768,0,0
-88,-44,102,1029,3616,-796,0,0
-73,-47,76,1014,3695,-812,0,0
-49,10,55,1051,3808,-797,0,0
-26,78,40,1097,3787,-806,0,0
-28,24,31,1098,3639,-825,0,0
-31,-70,33,1041,3622,-803,0,0
6,-62,30,1047,3653,-789,0,0
54,-14,6,1054,3695,-746,0,0
76,57,-9,1094,3687,-741,0,0
60,32,-2,1123,3656,-738,0,0
39,-29,14,1078,3642,-702,0,0
27,-26,41,1053,3669,-712,0,0
16,8,57,1022,3648,-702,0,0
11,41,61,1034,3647,-708,0,0
-16,20,51,1020,3643,-727,0,0
-56,-1,38,997,3617,-737,0,0
-90,-9,30,1006,3615,-783,0,0
-121,-63,8,1012,3628,-818,0,0
-140,-122,-25,997,3680,-835,0,0
-139,-122,-60,1019,3733,-850,0,0
-137,-136,-94,1041,3737,-902,0,0
-119,-171,-114,1032,3680,-910,0,0
-54,-171,-114,1014,3630,-885,0,0
30,-132,-89,1017,3552,-843,0,0
95,-97,-64,1069,3688,-797,0,0
138,-59,-49,1080,3753,-770,0,0
157,-32,-3,1092,3631,-736,0,0
129,-77,36,1085,3522,-713,0,0
78,-158,32,1042,3485,-647,0,0
38,-153,5,1032,3413,-638,0,0
19,-149,-19,1075,3406,-608,0,0
21,-127,-27,1074,3590,-579,0,0
40,6,2,1102,3677,-562,0,0
42,119,58,1140,3604,-556,0,0
13,130,128,1154,3592,-577,0,0
-36,86,182,1105,3645,-584,0,0
-80,92,200,1099,3680,-609,0,0
-131,72,173,1145,3746,-658,0,0
-194,-24,110,1100,3699,-729,0,0
-221,-102,83,1068,3667,-775,0,0
-195,-132,79,1052,3695,-811,0,0
-123,-98,61,1014,3728,-814,0,0
-28,16,33,1014,3690,-806,0,0
42,104,-4,1094,3693,-767,0,0
55,43,-40,1133,3956,-619,0,0
16,23,-19,1035,3977,-319,0,0
-140,189,-150,515,4101,52,0,0
-368,193,-537,584,3535,139,0,0
-694,-687,-720,611,3331,526,0,0
-904,-810,-579,410,3752,739,0,0
-913,39,-315,696,4058,556,0,0
-892,920,-227,887,4171,366,0,0
-802,1789,-244,777,4108,435,0,0
-594,2555,-226,1220,3790,198,0,0
-479,2387,-208,1277,3766,416,0,0
-394,2417,-98,1186,3745,546,0,0
-323,2707,57,1286,3644,434,0,0
-226,2727,162,1321,3582,334,0,0
-124,2328,142,844,3586,153,0,0
92,1763,6,520,3680,-167,0,0
288,876,-263,133,3913,299,0,0
246,561,-332,277,3878,970,0,0
104,363,-174,67,4111,1068,0,0
-19,363,-195,-25,3938,1052,0,0
-174,271,-218,-122,3906,997,0,0
-259,391,-164,154,3808,852,0,0
-260,264,-84,168,3835,787,0,0
-224,342,-8,66,3848,806,0,0
-168,416,93,68,3810,709,0,0
-166,23,6,-129,3864,869,0,0
-146,-30,46,17,3907,1122,0,0
-243,247,138,82,3733,1089,0,0
-276,146,229,272,3661,1188,0,0
-240,-688,135,-56,3751,856,0,0
-113,-730,50,-213,3706,1237,0,0
-42,-532,84,-55,3786,1276,0,0
33,-468,95,-275,3790,1155,0,0
69,-207,129,17,3652,1292,0,0
124,-25,83,91,3749,972,0,0
212,-254,22,549,3753,1139,0,0
129,-503,-1,-125,3599,1035,0,0
192,-149,-13,-195,3790,968,0,0
260,-72,-127,-360,3957,776,0,0
397,132,-221,-36,3868,721,0,0
380,71,-133,51,3921,645,0,0
322,83,-82,-43,3978,545,0,0
275,-1,-168,-248,4106,410,0,0
455,642,-291,-555,4271,86,0,0
753,1231,-274,504,3972,109,0,0
458,128,-267,676,3381,1180,0,0
-113,-849,-7,558,3325,1041,0,0
-236,-1205,130,-106,3416,-157,0,0
122,-1236,88,987,3401,-417,0,0
143,-2481,246,1286,3916,173,0,0
-21,-3643,142,-294,4339,208,0,0
378,-1747,-59,-338,4085,-769,0,0
735,-816,238,1047,3999,-395,0,0
606,-1569,349,570,4345,57,0,0
719,-1339,533,771,4167,191,0,0
697,-1339,654,574,3891,700,0,0
561,-988,766,387,3760,943,0,0
393,-430,859,458,3729,688,0,0
198,-347,817,489,3880,747,0,0
-20,-363,749,531,3810,572,0,0
-244,-578,695,558,3685,210,0,0
-347,-796,630,602,3826,59,0,0
-357,-806,541,685,3872,-188,0,0
-265,-681,466,648,3950,-278,0,0
-123,-211,357,587,3873,-237,0,0
-48,397,203,862,3664,-433,0,0
-34,504,20,1135,3679,-563,0,0
-54,210,-185,1237,3632,-511,0,0
-83,-116,-377,1260,3581,-510,0,0
-66,-318,-548,1246,3642,-524,0,0
22,-359,-671,1173,3774,-480,0,0
167,-120,-700,1092,3832,-409,0,0
315,342,-624,1103,3793,-379,0,0
399,711,-460,1228,3743,-361,0,0
385,784,-269,1339,3662,-391,0,0
299,555,-104,1391,3660,-384,0,0
187,195,32,1337,3672,-316,0,0
92,-4,175,1212,3649,-291,0,0
45,30,328,1175,3686,-301,0,0
4,90,450,1186,3632,-334,0,0
-58,43,537,1206,3658,-398,0,0
-123,-89,572,1200,3703,-462,0,0
-167,-237,569,1195,3755,-503,0,0
-190,-353,539,1155,3768,-559,0,0
-190,-435,499,1113,3782,-591,0,0
-174,-481,447,1083,3755,-653,0,0
-139,-524,388,1048,3723,-686,0,0
-84,-509,311,1001,3719,-670,0,0
-25,-375,189,1005,3754,-683,0,0
25,-228,5,1055,3742,-739,0,0
77,-177,-192,1060,3667,-734,0,0
145,-102,-328,1058,3659,-654,0,0
210,51,-417,1095,3707,-641,0,0
243,148,-477,1152,3714,-595,0,0
242,179,-515,1149,3602,-568,0,0
237,217,-506,1150,3533,-511,0,0
228,305,-466,1164,3523,-483,0,0
204,384,-412,1191,3513,-487,0,0
159,402,-351,1212,3402,-498,0,0
101,356,-268,1227,3391,-467,0,0
36,300,-183,1267,3591,-449,0,0
-44,251,-114,1254,3607,-493,0,0
-112,200,-14,1241,3585,-517,0,0
-162,141,110,1233,3643,-569,0,0
-187,65,230,1213,3684,-602,0,0
-191,4,331,1148,3651,-623,0,0
-178,2,418,1139,3721,-650,0,0
-164,12,459,1133,3760,-680,0,0
-163,-16,457,1116,3679,-704,0,0
-177,-73,425,1125,3661,-740,0,0
-202,-175,334,1141,3678,-786,0,0
-210,-321,206,1096,3642,-791,0,0
-173,-388,73,1035,3665,-791,0,0
-81,-279,-31,1009,3711,-767,0,0
30,-69,-101,1080,3767,-713,0,0
90,51,-168,1177,3789,-725,0,0
93,-18,-219,1212,3765,-750,0,0
97,-139,-231,1168,3722,-700,0,0
138,-145,-193,1128,3686,-647,0,0
180,-55,-144,1116,3671,-630,0,0
200,34,-116,1171,3643,-599,0,0
186,51,-125,1179,3554,-587,0,0
157,25,-132,1170,3510,-558,0,0
124,32,-136,1186,3566,-557,0,0
89,48,-136,1192,3570,-569,0,0
59,58,-104,1175,3535,-566,0,0
37,89,-38,1171,3506,-574,0,0
2,93,27,1196,3565,-566,0,0
-57,47,59,1184,3591,-600,0,0
-97,-14,83,1123,3524,-590,0,0
-98,2,121,1088,3540,-570,0,0
-101,49,149,1125,3658,-600,0,0
-122,60,135,1117,3734,-609,0,0
-129,83,111,1120,3680,-642,0,0
-118,63,101,1125,3671,-700,0,0
-85,8,93,1081,3661,-712,0,0
-28,10,102,1065,3721,-682,0,0
24,84,91,1103,3780,-727,0,0
55,81,48,1112,3706,-717,0,0
74,42,9,1066,3601,-684,0,0
89,52,-9,1091,3635,-658,0,0
90,61,-43,1094,3604,-629,0,0
79,79,-83,1128,3589,-590,0,0
51,87,-118,1166,3625,-606,0,0
18,60,-141,1149,3591,-597,0,0
7,73,-128,1161,3583,-572,0,0
7,105,-97,1171,3651,-596,0,0
15,120,-61,1159,3666,-586,0,0
30,152,-9,1145,3627,-577,0,0
24,163,45,1165,3644,-586,0,0
-8,118,57,1159,3681,-588,0,0
-37,84,36,1134,3616,-590,0,0
-63,61,10,1134,3590,-626,0,0
-82,9,-36,1138,3636,-643,0,0
-73,-4,-83,1142,3658,-617,0,0
-68,19,-105,1181,3684,-653,0,0
-87,-37,-117,1223,3720,-660,0,0
-98,-131,-124,1219,3708,-676,0,0
-67,-187,-114,1156,3662,-669,0,0
10,-124,-56,1107,3589,-603,0,0
86,-7,20,1144,3545,-567,0,0
113,1,52,1145,3563,-517,0,0
117,8,46,1128,3578,-458,0,0
120,62,38,1161,3641,-398,0,0
97,120,42,1175,3726,-416,0,0
56,122,56,1185,3635,-450,0,0
26,54,81,1136,3545,-446,0,0
24,50,123,1088,3606,-433,0,0
20,131,164,1096,3690,-435,0,0
-19,173,164,1155,3719,-471,0,0
-91,82,111,1193,3736,-525,0,0
-166,-66,36,1171,3731,-594,0,0
-205,-189,-20,1142,3688,-655,0,0
-181,-246,-30,1103,3695,-691,0,0
-91,-189,-13,1071,3772,-718,0,0
32,-62,2,1092,3817,-749,0,0
153,46,2,1054,3696,-709,0,0
253,179,17,1072,3620,-645,0,0
285,252,8,1134,3656,-618,0,0
250,197,-46,1158,3641,-626,0,0
213,112,-82,1102,3495,-612,0,0
220,126,-69,1083,3380,-591,0,0
232,152,-50,1105,3309,-656,0,0
239,121,-28,1166,3496,-660,0,0
271,164,-30,1269,4135,-579,0,0
275,326,-77,1196,4106,-628,0,0
249,500,-30,1083,3602,-592,0,0
223,596,114,1124,3356,-637,0,0
153,427,193,1125,3422,-691,0,0
56,267,148,1014,3502,-647,0,0
-18,373,26,1050,3582,-687,0,0
-105,431,-138,1153,3547,-772,0,0
-214,303,-267,1167,3475,-831,0,0
-293,172,-333,1144,3549,-869,0,0
-326,94,-371,1128,3549,-865,0,0
-321,7,-372,1140,3638,-751,0,0
-322,29,-373,1193,3791,-771,0,0
-292,46,-415,1248,3887,-966,0,0
-272,-138,-402,1374,3807,-927,0,0
-246,-363,-314,1191,3536,-767,0,0
-117,-256,-118,1127,3607,-564,0,0
-54,-295,-49,1036,3785,-512,0,0
-70,-460,-156,898,3862,-453,0,0
40,-133,-240,721,3918,-499,0,0
215,189,-134,844,3661,-305,0,0
191,65,103,460,3806,-81,0,0
220,708,262,286,4022,-424,0,0
183,1309,214,312,3841,-503,0,0
166,1566,148,889,3678,-164,0,0
275,1570,273,1266,3755,-246,0,0
486,2260,602,1650,3820,-708,0,0
608,2139,836,1584,3618,-883,0,0
391,881,641,1228,3502,-591,0,0
208,56,305,897,3692,-539,0,0
182,31,166,1140,3628,-342,0,0
81,-76,121,1500,3681,-314,0,0
-41,-358,92,1437,3624,-312,0,0
-7,-111,172,1492,3432,-328,0,0
34,85,273,1647,3342,-379,0,0
4,-109,268,1699,3297,-501,0,0
-1,-281,234,1647,3371,-599,0,0
68,-10,232,1646,3417,-590,0,0
53,32,183,1831,3422,-689,0,0
3,-232,125,1759,3480,-662,0,0
7,-200,167,1576,3502,-603,0,0
43,32,231,1542,3365,-477,0,0
-12,-184,141,1351,3379,-341,0,0
-62,-359,-62,1325,3355,-217,0,0
-8,-104,-174,1812,3346,-386,0,0
-2,-20,-181,1842,3404,-382,0,0
-175,-167,-242,1593,3218,-533,0,0
-336,-561,-230,1659,3231,-536,0,0
-423,-1010,-217,1477,3335,-382,0,0
-448,-1022,-239,1381,3430,-548,0,0
-404,-1105,-329,1366,3549,-810,0,0
-424,-1315,-412,1209,3684,-779,0,0
-430,-1069,-381,1108,3806,-1027,0,0
-357,-1008,-162,985,3684,-1064,0,0
-285,-910,98,942,3710,-941,0,0
-215,-639,175,910,3705,-959,0,0
-125,-413,75,1002,3510,-987,0,0
-22,-279,-86,1184,3593,-874,0,0
71,-164,-211,1186,3774,-677,0,0
151,7,-223,1172,3919,-568,0,0
175,116,-120,1224,3906,-599,0,0
132,5,69,1196,3603,-657,0,0
87,-240,293,1083,3323,-568,0,0
53,-321,454,1034,3414,-452,0,0
15,-230,463,1107,3747,-470,0,0
-45,-156,344,1126,3596,-580,0,0
-101,-179,235,1101,3300,-591,0,0
-157,-256,187,1110,3330,-526,0,0
-233,-362,134,1175,3424,-564,0,0
-302,-503,24,1201,3576,-577,0,0
-338,-552,-83,1201,3629,-584,0,0
-333,-534,-154,1207,3630,-597,0,0
-291,-489,-174,1161,3645,-580,0,0
-210,-321,-125,1130,3734,-526,0,0
-131,-77,-59,1230,3884,-516,0,0
-98,30,-59,1295,3895,-514,0,0
-90,74,-96,1250,3770,-434,0,0
-96,206,-98,1260,3733,-424,0,0
-143,291,-85,1326,3668,-512,0,0
-224,136,-92,1383,3629,-610,0,0
-277,-157,-111,1342,3635,-672,0,0
-242,-326,-98,1282,3832,-660,0,0
-138,-241,-47,1156,3854,-634,0,0
-12,61,62,1080,3581,-673,0,0
65,239,199,1206,3460,-711,0,0
53,43,229,1350,3638,-725,0,0
13,-348,105,1306,3828,-684,0,0
46,-465,-51,1179,3889,-599,0,0
165,-204,-94,1140,3801,-505,0,0
266,89,-13,1234,3729,-346,0,0
237,129,130,1221,3620,-241,0,0
131,2,289,1167,3464,-235,0,0
50,-117,375,1141,3448,-220,0,0
-3,-121,339,1088,3404,-266,0,0
-31,17,213,1084,3441,-377,0,0
-52,179,37,1169,3527,-534,0,0
-85,196,-134,1249,3615,-619,0,0
-134,82,-213,1222,3619,-666,0,0
-170,-11,-172,1159,3615,-727,0,0
-156,-11,-72,1152,3707,-712,0,0
-117,47,-7,1160,3683,-717,0,0
-78,51,-11,1185,3761,-722,0,0
-43,39,-52,1156,3645,-722,0,0
11,60,-96,1185,3640,-629,0,0
50,104,-119,1218,3658,-589,0,0
44,85,-108,1239,3612,-604,0,0
16,-15,-64,1244,3498,-589,0,0
7,-147,-11,1247,3580,-546,0,0
25,-190,16,1209,3661,-509,0,0
50,-123,32,1165,3582,-488,0,0
82,16,67,1193,3567,-411,0,0
80,112,98,1239,3595,-393,0,0
11,99,111,1294,3645,-391,0,0
-112,-43,106,1352,3765,-407,0,0
-256,-256,105,1323,3799,-458,0,0
-353,-432,106,1308,3885,-431,0,0
-392,-548,103,1254,3921,-345,0,0
-413,-587,139,1144,3797,-335,0,0
-414,-529,223,1090,3645,-377,0,0
-365,-497,256,1135,3588,-413,0,0
-295,-539,192,1079,3646,-382,0,0
-208,-404,95,980,3613,-358,0,0
-110,-120,11,1060,3647,-390,0,0
-37,8,-103,1155,3594,-412,0,0
15,-34,-197,1141,3512,-373,0,0
71,-16,-216,1069,3488,-343,0,0
151,124,-177,1098,3477,-282,0,0
226,268,-139,1181,3662,-233,0,0
263,376,-130,1222,3789,-224,0,0
260,419,-121,1253,3812,-215,0,0
231,385,-76,1254,3718,-267,0,0
212,325,-7,1233,3687,-296,0,0
213,310,48,1197,3681,-323,0,0
223,354,74,1174,3662,-360,0,0
228,405,69,1186,3588,-389,0,0
216,393,34,1209,3568,-388,0,0
175,349,-11,1240,3622,-404,0,0
101,267,-62,1254,3629,-453,0,0
32,161,-102,1283,3666,-476,0,0
-16,43,-121,1267,3663,-530,0,0
-26,-19,-100,1211,3663,-517,0,0
0,40,-42,1210,3674,-534,0,0
28,93,6,1233,3671,-550,0,0
39,81,24,1234,3678,-551,0,0
38,57,20,1235,3711,-551,0,0
28,56,24,1244,3756,-581,0,0
15,42,51,1221,3689,-638,0,0
22,-21,87,1219,3654,-652,0,0
38,-106,90,1156,3595,-645,0,0
69,-110,78,1119,3607,-601,0,0
90,-20,36,1177,3681,-589,0,0
72,-23,-37,1232,3682,-611,0,0
41,-107,-89,1209,3621,-608,0,0
41,-138,-79,1201,3626,-596,0,0
63,-126,-42,1178,3628,-562,0,0
81,-62,-1,1152,3587,-551,0,0
83,-14,21,1176,3583,-541,0,0
70,-30,5,1164,3530,-533,0,0
53,-45,-2,1127,3484,-509,0,0
37,10,14,1125,3523,-480,0,0
13,69,25,1181,3628,-514,0,0
-30,41,17,1183,3633,-552,0,0
-55,3,17,1149,3596,-567,0,0
-39,41,42,1118,3626,-560,0,0
-16,114,58,1153,3667,-573,0,0
-27,145,36,1158,3703,-574,0,0
-48,146,9,1173,3628,-605,0,0
-64,89,-8,1192,3614,-616,0,0
-78,41,-14,1177,3639,-624,0,0
-86,31,-7,1160,3607,-630,0,0
-77,33,-16,1214,3637,-631,0,0
-80,-16,-55,1211,3636,-656,0,0
-83,-40,-78,1200,3623,-641,0,0
-74,-27,-74,1265,3685,-660,0,0
-68,-85,-75,1241,3628,-681,0,0
-30,-110,-51,1220,3654,-645,0,0
22,-71,-13,1234,3731,-638,0,0
58,-41,30,1248,3726,-602,0,0
68,-40,82,1224,3664,-601,0,0
55,-84,129,1209,3638,-610,0,0
33,-162,144,1180,3659,-603,0,0
32,-170,115,1134,3656,-584,0,0
43,-107,72,1137,3648,-590,0,0
37,-74,35,1167,3637,-604,0,0
25,-107,5,1184,3639,-603,0,0
25,-137,-9,1140,3650,-591,0,0
47,-75,7,1144,3658,-554,0,0
55,-25,13,1163,3651,-549,0,0
40,-25,-6,1146,3572,-553,0,0
25,-31,-14,1135,3522,-549,0,0
19,-10,-21,1143,3557,-532,0,0
4,16,-37,1136,3541,-516,0,0
-23,51,-48,1157,3520,-515,0,0
-47,63,-51,1224,3651,-533,0,0
-74,28,-59,1193,3655,-571,0,0
-73,42,-29,1158,3615,-566,0,0
-45,119,31,1168,3618,-583,0,0
-36,141,65,1179,3620,-577,0,0
-67,111,48,1186,3645,-597,0,0
-103,63,-4,1175,3632,-616,0,0
-107,39,-37,1189,3654,-634,0,0
-96,23,-33,1187,3669,-671,0,0
-73,17,-11,1157,3614,-668,0,0
-26,37,6,1178,3605,-649,0,0
8,25,-6,1174,3597,-637,0,0
26,23,-22,1202,3594,-605,0,0
40,24,-32,1233,3633,-579,0,0
46,30,-26,1235,3662,-559,0,0
43,36,15,1249,3687,-541,0,0
34,22,60,1274,3721,-527,0,0
8,-28,96,1258,3776,-535,0,0
-27,-66,115,1182,3673,-569,0,0
-31,-87,140,1172,3632,-585,0,0
-15,-126,129,1129,3637,-609,0,0
15,-105,81,1101,3628,-575,0,0
34,-28,13,1144,3645,-575,0,0
11,-40,-53,1209,3653,-605,0,0
-20,-128,-106,1210,3659,-614,0,0
-8,-148,-119,1174,3656,-615,0,0
31,-77,-83,1198,3657,-600,0,0
49,-39,-46,1207,3628,-606,0,0
55,-44,-35,1209,3602,-583,0,0
66,-35,-40,1178,3563,-572,0,0
71,10,-23,1180,3530,-549,0,0
61,56,11,1173,3499,-529,0,0
39,71,42,1178,3464,-512,0,0
-4,43,55,1199,3592,-505,0,0
-55,13,33,1174,3600,-518,0,0
-83,23,33,1138,3545,-521,0,0
-87,69,62,1179,3652,-544,0,0
-104,58,59,1176,3666,-566,0,0
-119,49,41,1184,3741,-572,0,0
-129,33,33,1171,3675,-633,0,0
-123,-2,46,1143,3595,-636,0,0
-84,-1,51,1126,3634,-625,0,0
-46,28,22,1137,3680,-623,0,0
-27,34,-25,1165,3647,-628,0,0
0,12,-66,1189,3631,-606,0,0
29,-4,-79,1232,3700,-577,0,0
25,-32,-79,1225,3708,-578,0,0
38,-30,-61,1232,3659,-546,0,0
71,-9,-29,1226,3612,-544,0,0
82,4,7,1228,3638,-520,0,0
70,18,31,1243,3660,-483,0,0
34,-5,38,1266,3659,-510,0,0
-31,-99,40,1249,3660,-562,0,0
-59,-159,56,1199,3658,-592,0,0
-32,-145,90,1164,3678,-622,0,0
3,-105,108,1140,3675,-638,0,0
28,-66,87,1128,3625,-651,0,0
61,-52,43,1140,3578,-652,0,0
84,-67,-4,1154,3608,-620,0,0
83,-59,-31,1168,3661,-598,0,0
71,-29,-33,1204,3681,-598,0,0
56,-36,-27,1200,3650,-591,0,0
42,-49,-15,1161,3571,-587,0,0
32,-44,-14,1139,3531,-565,0,0
26,-5,-28,1153,3542,-565,0,0
15,21,-50,1158,3511,-565,0,0
14,44,-60,1173,3519,-529,0,0
4,80,-46,1193,3604,-525,0,0
-28,93,-21,1198,3597,-503,0,0
-59,90,8,1203,3619,-508,0,0
-91,75,26,1183,3663,-546,0,0
-111,57,20,1158,3630,-565,0,0
-103,78,15,1141,3638,-588,0,0
-100,98,30,1163,3659,-619,0,0
-105,64,10,1140,3610,-635,0,0
-86,43,-20,1147,3611,-626,0,0
-54,51,-46,1167,3676,-641,0,0
-27,81,-54,1201,3696,-642,0,0
-11,77,-28,1239,3676,-652,0,0
-10,12,-4,1224,3674,-656,0,0
-10,-50,10,1200,3640,-646,0,0
9,-70,0,1186,3644,-625,0,0
46,-46,-14,1200,3653,-612,0,0
63,-40,-12,1248,3672,-622,0,0
68,-81,-1,1239,3660,-597,0,0
98,-72,38,1221,3661,-570,0,0
110,-45,97,1202,3652,-549,0,0
82,-39,141,1200,3654,-522,0,0
23,-97,128,1199,3670,-556,0,0
-38,-180,73,1144,3650,-577,0,0
-53,-164,33,1113,3622,-605,0,0
-38,-115,15,1116,3588,-630,0,0
-33,-97,1,1127,3610,-634,0,0
-33,-95,-29,1116,3604,-612,0,0
-18,-65,-56,1133,3617,-590,0,0
-10,-29,-67,1141,3619,-578,0,0
-17,5,-63,1172,3664,-557,0,0
-34,14,-58,1196,3674,-573,0,0
-63,-27,-42,1182,3625,-599,0,0
-82,-65,-23,1143,3595,-603,0,0
-73,-59,-22,1105,3535,-613,0,0
-46,-28,-27,1093,3498,-581,0,0
-15,12,-28,1120,3551,-568,0,0
7,38,-17,1162,3688,-531,0,0
11,61,-6,1129,3654,-526,0,0
18,100,26,1148,3620,-478,0,0
5,119,52,1162,3659,-499,0,0
-34,99,55,1133,3632,-510,0,0
-54,92,43,1138,3621,-523,0,0
-55,78,17,1154,3663,-553,0,0
-56,78,17,1150,3704,-558,0,0
-63,75,32,1187,3718,-598,0,0
-61,-9,41,1282,3791,-675,0,0
53,6,202,1613,3998,-974,0,0
434,427,850,2545,4252,-1428,0,0
974,924,1892,3667,4630,-2050,0,0
1535,938,3062,4638,4499,-1966,0,0
1745,795,4084,5147,3930,-1808,0,0
1677,859,4872,5319,3047,-1368,0,0
1345,1106,5538,5349,2248,-622,0,0
652,1525,6011,4922,1371,-88,0,0
-334,1351,6087,4111,632,219,0,0
-1339,619,5661,2891,-103,222,0,0
-2005,185,4836,2111,-887,356,0,0
-2281,274,3769,1199,-1474,-79,0,0
-2234,548,2805,1095,-1927,-411,0,0
-2093,526,1966,781,-2399,-580,0,0
-1790,542,1368,811,-2463,-1218,0,0
-1349,593,1002,1090,-2475,-1567,0,0
-859,558,730,1085,-2593,-1663,0,0
-483,504,485,1633,-2880,-1599,0,0
-313,168,293,1744,-3324,-1443,0,0
-286,14,262,1814,-3421,-1615,0,0
-247,48,284,1571,-3284,-1610,0,0
-139,285,252,1409,-3332,-1511,0,0
-94,297,199,1629,-3491,-1639,0,0
-70,-91,117,1451,-3441,-1603,0,0
-60,40,14,1461,-3431,-1604,0,0
-16,97,-31,1818,-3524,-1745,0,0
50,-67,35,1911,-3628,-1780,0,0
71,-276,67,1595,-3578,-1715,0,0
42,-283,-12,1313,-3537,-1658,0,0
49,-130,-51,1627,-3564,-1752,0,0
88,-302,-34,1620,-3383,-1901,0,0
138,-554,-127,1267,-3106,-1897,0,0
237,-819,-408,1247,-2699,-1318,0,0
426,-593,-574,1157,-1995,-1193,0,0
724,-3,-871,879,-1721,-1497,0,0
1351,412,-1378,272,-1713,-1104,0,0
1993,886,-2166,81,-1546,-498,0,0
2502,1006,-3177,700,-1063,-228,0,0
2761,358,-4195,1656,-550,286,0,0
2574,-348,-5075,2721,-124,1210,0,0
1768,-1262,-5659,4056,52,1100,0,0
142,-4408,-6199,5642,335,173,0,0
-1920,-5483,-6424,5353,2175,-1538,0,0
-3293,-3236,-5267,4975,4658,-3528,0,0
-3368,-1173,-3457,3619,5209,-3220,0,0
-2423,962,-2439,3449,5036,-2525,0,0
-1621,1694,-1885,2734,4661,-1977,0,0
-1126,1607,-1308,2330,4118,-2065,0,0
-684,791,-625,2179,3851,-2041,0,0
-295,-91,-75,1684,3732,-1535,0,0
19,-165,151,1404,3597,-1232,0,0
275,124,165,1397,3435,-1090,0,0
469,405,60,1354,3352,-908,0,0
596,694,-63,1393,3272,-646,0,0
598,950,-131,1479,3251,-415,0,0
521,1045,-90,1549,3426,-365,0,0
431,886,2,1506,3550,-337,0,0
302,645,59,1509,3523,-373,0,0
128,415,59,1557,3466,-484,0,0
-61,99,23,1576,3378,-581,0,0
-194,-284,-16,1565,3459,-595,0,0
-251,-547,-44,1487,3543,-640,0,0
-229,-599,-32,1375,3496,-703,0,0
-140,-436,19,1305,3428,-693,0,0
-38,-161,56,1332,3465,-689,0,0
32,39,56,1421,3634,-710,0,0
46,80,12,1472,3701,-765,0,0
29,38,-13,1452,3628,-751,0,0
0,-15,23,1433,3519,-750,0,0
-23,-109,66,1418,3530,-754,0,0
-26,-160,64,1347,3516,-741,0,0
6,-83,43,1289,3431,-663,0,0
21,62,14,1367,3423,-652,0,0
-19,55,-65,1463,3513,-685,0,0
-70,-56,-160,1446,3523,-636,0,0
-87,-63,-191,1424,3516,-595,0,0
-78,-7,-180,1461,3523,-618,0,0
-62,-11,-172,1467,3556,-594,0,0
-32,10,-172,1495,3657,-573,0,0
19,65,-181,1468,3620,-558,0,0
85,164,-153,1441,3560,-505,0,0
144,336,-101,1494,3765,-412,0,0
131,526,-97,1559,3812,-433,0,0
22,492,-92,1519,3382,-552,0,0
-114,166,7,1544,3259,-641,0,0
-199,-308,77,1529,3461,-672,0,0
-166,-618,93,1352,3637,-568,0,0
-22,-390,118,1150,3653,-557,0,0
162,240,157,1228,3584,-605,0,0
233,533,166,1441,3529,-655,0,0
165,244,152,1461,3531,-652,0,0
71,-73,147,1330,3584,-670,0,0
32,-124,161,1273,3535,-726,0,0
51,-119,178,1257,3482,-704,0,0
102,-74,176,1227,3589,-677,0,0
156,67,134,1213,3661,-700,0,0
190,222,79,1217,3564,-678,0,0
180,282,45,1275,3499,-701,0,0
130,194,11,1264,3480,-699,0,0
73,124,-50,1233,3502,-694,0,0
34,152,-145,1255,3535,-701,0,0
6,191,-248,1300,3542,-715,0,0
-18,194,-320,1333,3563,-732,0,0
-40,162,-338,1354,3584,-783,0,0
-43,99,-307,1331,3572,-791,0,0
-3,116,-235,1316,3626,-741,0,0
37,206,-144,1325,3602,-761,0,0
34,212,-76,1364,3619,-780,0,0
-5,112,-66,1374,3687,-800,0,0
-32,12,-73,1324,3686,-828,0,0
-16,-18,-34,1272,3621,-840,0,0
12,-28,24,1216,3499,-851,0,0
49,-36,66,1209,3540,-805,0,0
78,9,60,1186,3594,-771,0,0
77,87,36,1227,3585,-770,0,0
34,75,-5,1253,3481,-772,0,0
-30,-43,-43,1255,3423,-784,0,0
-73,-159,-60,1268,3515,-809,0,0
-53,-209,-85,1248,3585,-798,0,0
26,-128,-80,1213,3580,-727,0,0
103,49,-30,1245,3506,-757,0,0
137,81,29,1297,3439,-716,0,0
130,17,69,1265,3480,-638,0,0
113,42,91,1262,3563,-597,0,0
68,68,81,1325,3574,-622,0,0
3,-44,57,1330,3576,-612,0,0
-38,-131,77,1249,3565,-624,0,0
-34,-87,112,1226,3616,-614,0,0
-33,-8,112,1222,3602,-644,0,0
-52,9,93,1231,3543,-683,0,0
-82,-26,50,1265,3607,-717,0,0
-113,-95,9,1246,3642,-774,0,0
-116,-132,-3,1228,3618,-788,0,0
-87,-116,-6,1220,3601,-796,0,0
-44,-73,-6,1201,3601,-794,0,0
-4,-15,-17,1212,3573,-794,0,0
20,-11,-27,1243,3555,-790,0,0
46,-30,-22,1239,3566,-762,0,0
79,12,6,1243,3566,-736,0,0
99,55,39,1246,3547,-728,0,0
102,67,57,1279,3562,-697,0,0
73,28,42,1298,3602,-722,0,0
32,-19,28,1281,3546,-752,0,0
5,-37,49,1284,3517,-766,0,0
-19,-69,56,1287,3600,-804,0,0
-36,-87,27,1246,3630,-832,0,0
-28,-34,3,1242,3586,-856,0,0
-8,4,-4,1261,3547,-872,0,0
-4,-9,-20,1257,3558,-902,0,0
17,-15,-44,1253,3563,-865,0,0
64,51,-64,1261,3561,-833,0,0
105,136,-61,1263,3490,-800,0,0
111,189,-41,1307,3477,-786,0,0
72,146,-39,1353,3502,-794,0,0
25,45,-46,1327,3503,-799,0,0
33,47,-28,1257,3472,-766,0,0
80,172,20,1267,3513,-761,0,0
101,227,47,1309,3549,-792,0,0
104,181,35,1292,3548,-789,0,0
128,172,27,1262,3583,-800,0,0
171,223,23,1221,3625,-812,0,0
240,352,15,1195,3582,-758,0,0
295,496,-1,1213,3495,-729,0,0
286,534,-27,1257,3493,-734,0,0
232,493,-86,1252,3510,-705,0,0
193,528,-134,1244,3518,-649,0,0
150,624,-161,1308,3519,-650,0,0
53,609,-204,1339,3493,-709,0,0
-21,575,-240,1353,3519,-790,0,0
20,722,-252,1449,3543,-921,0,0
80,717,-239,1531,3556,-987,0,0
105,584,-218,1521,3556,-925,0,0
85,458,-205,1489,3540,-812,0,0
47,385,-176,1528,3514,-780,0,0
6,269,-140,1545,3503,-817,0,0
-38,74,-110,1473,3529,-864,0,0
-43,-52,-80,1379,3610,-2912,0,0
-3,-84,-41,1328,3616,-810,0,0
27,-81,11,1316,3629,-796,0,0
27,-99,55,1281,3616,-782,0,0
21,-97,80,1296,3595,-753,0,0
3,-111,85,1329,3561,-765,0,0
-29,-183,92,1334,3552,-776,0,0
-51,-260,99,1309,3536,-774,0,0
-46,-295,102,1282,3552,-766,0,0
-22,-279,106,1268,3621,-760,0,0
16,-225,109,1226,3583,-743,0,0
68,-139,133,1180,3482,-688,0,0
108,-25,185,1150,3436,-2696,0,0
96,66,230,1186,3505,-613,0,0
-2,43,213,1232,3520,-659,0,0
-161,-131,132,1207,3484,-760,0,0
-308,-402,-7,1012,3466,-989,0,0
-258,-319,-174,787,3557,-1293,0,0
-85,114,-203,1197,3560,-1234,0,0
-73,-27,-181,1447,3571,-1040,0,0
-75,-329,-152,1352,3614,-820,0,0
-20,-301,-96,1244,3747,-734,0,0
32,-105,-21,1233,3629,-750,0,0
36,51,76,1337,3522,-744,0,0
-15,-33,100,1353,3520,-748,0,0
-65,-177,87,1274,3487,-768,0,0
-84,-194,81,1267,3524,-771,0,0
-86,-180,72,1280,3568,-768,0,0
-88,-180,62,1276,3559,-774,0,0
-91,-180,56,1283,3559,-764,0,0
-103,-202,50,1291,3547,-730,0,0
-134,-238,38,1298,3515,-714,0,0
-181,-275,16,1338,3569,-698,0,0
-243,-336,-7,1364,3540,-735,0,0
-295,-425,-4,1379,3595,-796,0,0
-287,-473,10,1367,3694,-793,0,0
-232,-424,27,1320,3569,-2824,0,0
-189,-356,80,1274,3423,-739,0,0
-173,-294,121,1302,3453,-658,0,0
-199,-337,97,1394,3596,-655,0,0
-249,-482,25,1351,3626,-623,0,0
-250,-508,18,1325,3617,-555,0,0
-212,-453,88,1341,3680,-502,0,0
-176,-415,150,1278,3569,-445,0,0
-149,-356,214,1215,3432,-374,0,0
-128,-256,248,1222,3420,-320,0,0
-127,-210,212,1251,3495,-298,0,0
-152,-194,131,1265,3609,-319,0,0
-178,-137,50,1288,3633,-394,0,0
-189,-128,19,1325,3632,-441,0,0
-168,-148,29,1303,3714,-436,0,0
-129,-82,70,1252,3711,-428,0,0
-108,21,117,1272,3676,-423,0,0
-128,3,93,1347,3697,-398,0,0
-180,-159,-34,1354,3660,-435,0,0
-192,-300,-169,1292,3571,-402,0,0
-125,-262,-225,1306,3585,-384,0,0
-11,-139,-228,1291,3574,-396,0,0
120,35,-186,1335,3637,-347,0,0
210,202,-139,1387,3654,-350,0,0
239,278,-82,1413,3642,-357,0,0
226,296,-6,1447,3708,-383,0,0
181,244,58,1464,3689,-438,0,0
118,127,114,1397,3605,-468,0,0
73,63,173,1358,3619,-529,0,0
53,27,222,1319,3596,-563,0,0
44,5,256,1278,3601,-580,0,0
33,24,248,1277,3648,-614,0,0
8,20,182,1248,3592,-641,0,0
-15,9,115,1226,3522,-658,0,0
-38,11,43,1286,3637,-673,0,0
-78,-57,-70,1283,3648,-682,0,0
-112,-122,-144,1258,3537,-644,0,0
-129,-146,-140,1286,3552,-634,0,0
-149,-227,-132,1282,3566,-606,0,0
-168,-288,-142,1251,3499,-571,0,0
-161,-282,-153,1232,3443,-561,0,0
-105,-222,-154,1225,3461,-513,0,0
-15,-69,-145,1229,3589,-480,0,0
70,137,-109,1260,3591,-487,0,0
125,244,-38,1316,3541,-497,0,0
146,220,58,1331,3589,-502,0,0
126,149,144,1331,3644,-561,0,0
89,59,178,1296,3616,-577,0,0
62,10,196,1308,3706,-606,0,0
31,-22,174,1298,3744,-664,0,0
-5,-104,124,1287,3533,-717,0,0
-18,-221,98,1235,3525,-720,0,0
28,-198,89,1198,3686,-640,0,0
83,-20,63,1209,3689,-613,0,0
90,91,11,1280,3571,-585,0,0
29,5,-37,1323,3517,-583,0,0
-52,-158,-72,1299,3548,-562,0,0
-100,-217,-103,1276,3605,-560,0,0
-101,-171,-117,1306,3647,-581,0,0
-79,-118,-107,1304,3599,-585,0,0
-49,-79,-64,1326,3649,-586,0,0
-40,-74,-27,1334,3691,-608,0,0
-40,-83,8,1297,3658,-613,0,0
-33,-66,57,1260,3605,-639,0,0
-27,-60,88,1234,3565,-652,0,0
-41,-77,85,1215,3553,-673,0,0
-57,-95,39,1220,3593,-686,0,0
-60,-108,-27,1236,3624,-696,0,0
-45,-118,-71,1216,3584,-721,0,0
0,-107,-65,1213,3584,-679,0,0
53,-45,-46,1208,3578,-657,0,0
90,14,-30,1218,3566,-613,0,0
104,69,-22,1254,3577,-585,0,0
86,66,-21,1282,3536,-596,0,0
52,0,-3,1218,3425,-571,0,0
48,24,37,1210,3489,-517,0,0
38,82,46,1260,3642,-528,0,0
2,90,21,1278,3656,-538,0,0
-40,70,25,1275,3591,-569,0,0
-57,41,61,1221,3586,-583,0,0
-49,72,91,1198,3626,-604,0,0
-43,117,84,1216,3630,-620,0,0
-51,113,45,1213,3611,-641,0,0
-61,88,9,1225,3612,-660,0,0
-75,45,-22,1229,3600,-708,0,0
-89,-30,-39,1284,3585,-796,0,0
-97,-284,-76,1138,3680,-774,0,0
15,-41,-127,1007,3751,-681,0,0
245,568,-88,1179,3745,-839,0,0
406,998,-22,1022,3599,-606,0,0
439,1308,89,1466,3494,-512,0,0
368,1008,102,1636,3527,-618,0,0
288,506,11,1431,3511,-633,0,0
277,443,-53,1398,3537,-684,0,0
278,504,-24,1718,3519,-632,0,0
137,17,55,1871,3490,-592,0,0
-46,-667,136,1617,3486,-582,0,0
-176,-914,197,1322,3443,-388,0,0
-264,-647,166,1150,3487,-340,0,0
-228,-151,131,1323,3571,-734,0,0
-77,142,104,1438,3563,-814,0,0
-66,166,99,1616,3517,-661,0,0
-160,-152,162,1639,3560,-708,0,0
-204,-501,185,1490,3565,-694,0,0
-202,-563,154,1305,3562,-615,0,0
-104,-360,148,1247,3575,-721,0,0
21,-73,96,1182,3512,-738,0,0
100,194,29,1300,3444,-636,0,0
121,261,-3,1376,3396,-595,0,0
108,284,-50,1399,3535,-572,0,0
103,354,-81,1555,3564,-581,0,0
84,271,-67,1570,3440,-561,0,0
61,201,-24,1501,3449,-594,0,0
47,219,-12,1488,3444,-588,0,0
25,215,-24,1476,3419,-568,0,0
37,241,-19,1588,3505,-635,0,0
26,193,-6,1532,3567,-608,0,0
1,165,-17,1508,3570,-642,0,0
-10,71,-57,1448,3534,-717,0,0
-20,-27,-74,1388,3485,-726,0,0
-46,-227,-96,1378,3496,-752,0,0
-67,-570,-141,1343,3517,-728,0,0
-71,-704,-187,1170,3579,-672,0,0
-17,-457,-221,1081,3606,-689,0,0
70,-40,-222,1150,3640,-714,0,0
123,266,-207,1240,3613,-685,0,0
122,291,-183,1349,3582,-686,0,0
93,160,-165,1310,3535,-660,0,0
81,161,-114,1271,3539,-572,0,0
50,218,-69,1334,3546,-625,0,0
4,165,-61,1343,3517,-647,0,0
-33,123,-40,1312,3518,-627,0,0
-63,115,-11,1332,3508,-660,0,0
-85,68,-3,1305,3517,-664,0,0
-96,54,1,1344,3578,-676,0,0
-103,-7,-23,1388,3629,-742,0,0
-84,-90,-51,1324,3537,-737,0,0
-23,-67,-15,1300,3532,-714,0,0
60,4,30,1364,3713,-714,0,0
148,81,12,1315,3774,-629,0,0
236,275,20,1292,3670,-537,0,0
278,446,46,1353,3633,-563,0,0
268,415,20,1395,3530,-559,0,0
236,275,-18,1337,3416,-516,0,0
226,252,-35,1301,3432,-495,0,0
243,356,-68,1363,3537,-447,0,0
233,466,-138,1440,3660,-422,0,0
193,548,-202,1483,3758,-418,0,0
127,589,-207,1478,3596,-447,0,0
34,507,-127,1499,3443,-533,0,0
-70,266,-36,1500,3456,-588,0,0
-143,30,3,1463,3616,-606,0,0
-152,-32,-4,1417,3738,-631,0,0
-111,63,7,1334,3654,-631,0,0
-72,240,81,1342,3538,-680,0,0
-87,241,155,1378,3462,-744,0,0
-144,49,199,1324,3416,-751,0,0
-199,-86,222,1291,3466,-730,0,0
-259,-145,178,1325,3558,-773,0,0
-331,-251,66,1324,3569,-805,0,0
-377,-350,-30,1342,3662,-785,0,0
-412,-416,-94,1438,3834,-821,0,0
-467,-617,-166,1474,3856,-1030,0,0
-471,-992,-203,1356,3551,-1116,0,0
-338,-1217,-130,1272,3612,-896,0,0
-122,-1067,-43,1163,3836,-603,0,0
78,-620,2,1138,3841,-510,0,0
219,-187,47,1200,3690,-420,0,0
257,22,86,1329,3576,-300,0,0
170,-174,111,1349,3477,-307,0,0
80,-516,135,1238,3430,-214,0,0
63,-477,147,1143,3474,-146,0,0
77,-208,178,1179,3520,-196,0,0
55,-82,228,1210,3521,-309,0,0
8,-79,302,1174,3471,-398,0,0
-29,-109,384,1174,3471,-456,0,0
-66,-166,394,1186,3604,-521,0,0
-91,-193,315,1167,3673,-568,0,0
-97,-179,198,1117,3568,-611,0,0
-73,-104,93,1111,3568,-599,0,0
-45,24,-19,1139,3633,-595,0,0
-27,132,-126,1195,3656,-632,0,0
-36,134,-216,1226,3557,-682,0,0
-36,81,-288,1232,3534,-602,0,0
-31,104,-358,1243,3607,-605,0,0
-18,190,-411,1273,3605,-604,0,0
-16,255,-426,1349,3606,-631,0,0
-32,223,-388,1369,3632,-637,0,0
-45,179,-305,1375,3642,-670,0,0
-41,139,-201,1378,3685,-668,0,0
-31,130,-109,1412,3704,-662,0,0
-42,56,-50,1413,3724,-707,0,0
-40,-18,11,1350,3681,-715,0,0
-8,-48,109,1310,3640,-737,0,0
37,-69,206,1268,3628,-722,0,0
75,-50,267,1241,3649,-709,0,0
90,-29,280,1261,3675,-680,0,0
70,-69,241,1261,3603,-666,0,0
32,-165,192,1230,3570,-615,0,0
4,-218,150,1185,3555,-572,0,0
-6,-205,128,1170,3540,-563,0,0
9,-154,91,1154,3526,-531,0,0
39,-85,40,1169,3569,-493,0,0
43,-7,4,1178,3604,-484,0,0
14,47,-5,1178,3514,-489,0,0
-28,54,4,1203,3524,-486,0,0
-88,10,-12,1226,3612,-556,0,0
-132,-53,-50,1166,3559,-597,0,0
-108,1,-76,1161,3529,-589,0,0
-48,104,-89,1223,3655,-577,0,0
-17,177,-113,1251,3689,-614,0,0
-18,181,-121,1274,3608,-633,0,0
-22,126,-119,1288,3561,-654,0,0
-5,59,-116,1260,3599,-674,0,0
44,101,-105,1286,3746,-630,0,0
70,142,-100,1319,3658,-681,0,0
73,89,-72,1299,3610,-609,0,0
67,58,-19,1299,3583,-624,0,0
51,-6,19,1275,3586,-597,0,0
43,-16,33,1288,3644,-582,0,0
32,-33,32,1265,3588,-600,0,0
31,-43,51,1258,3598,-582,0,0
28,-50,71,1246,3594,-610,0,0
24,-55,89,1245,3621,-590,0,0
10,-55,97,1262,3649,-613,0,0
-25,-103,94,1238,3623,-650,0,0
-56,-160,96,1219,3636,-685,0,0
-55,-185,88,1190,3659,-709,0,0
-31,-150,64,1176,3650,-716,0,0
-23,-113,36,1196,3637,-754,0,0
-29,-151,-1,1214,3580,-740,0,0
-30,-206,-55,1192,3586,-740,0,0
-14,-191,-86,1179,3583,-708,0,0
15,-123,-90,1237,3582,-672,0,0
25,-107,-87,1264,3633,-673,0,0
26,-105,-59,1228,3609,-651,0,0
33,-70,1,1216,3512,-643,0,0
32,-65,57,1197,3458,-631,0,0
13,-47,74,1203,3492,-616,0,0
-11,-76,48,1169,3471,-585,0,0
-24,-40,45,1163,3574,-554,0,0
-44,27,46,1241,3656,-588,0,0
-85,-47,50,1196,3599,-599,0,0
-91,-29,77,1169,3569,-605,0,0
-73,18,105,1170,3638,-628,0,0
-74,28,91,1193,3675,-656,0,0
-77,23,45,1186,3628,-696,0,0
-69,15,32,1182,3590,-701,0,0
-69,6,35,1198,3603,-746,0,0
-60,-16,33,1200,3583,-750,0,0
-33,-35,17,1202,3544,-761,0,0
4,-31,-7,1210,3553,-766,0,0
46,2,-18,1269,3558,-726,0,0
49,-16,-26,1339,3559,-728,0,0
-13,-123,-32,1379,3509,-760,0,0
-110,-325,-37,1438,3463,-797,0,0
-192,-583,-57,1409,3564,-772,0,0
-204,-635,-65,1350,3748,-694,0,0
-172,-456,-37,1334,3795,-690,0,0
-149,-302,33,1344,3701,-716,0,0
-140,-274,145,1267,3522,-629,0,0
-145,-257,262,1217,3447,-560,0,0
-185,-221,303,1243,3549,-546,0,0
-259,-266,199,1324,3612,-623,0,0
-301,-470,20,1311,3656,-596,0,0
-263,-562,-86,1227,3706,-547,0,0
-144,-428,-43,1143,3748,-488,0,0
-1,-159,97,1191,3818,-432,0,0
93,-35,211,1212,3807,-318,0,0
127,25,257,1136,3707,-193,0,0
105,111,272,1107,3472,-233,0,0
48,107,231,1116,3347,-240,0,0
-41,78,125,1092,3288,-267,0,0
-134,109,-8,1096,3339,-289,0,0
-243,133,-167,1217,3486,-361,0,0
-354,39,-327,1238,3726,-307,0,0
-421,42,-377,1175,3797,-306,0,0
-444,108,-288,1167,3610,-305,0,0
-449,95,-175,1170,3663,-233,0,0
-436,122,-96,1134,3790,-112,0,0
-442,195,-83,1153,3786,-140,0,0
-430,243,-131,1132,3613,-65,0,0
-402,338,-163,1178,3641,-5,0,0
-348,360,-193,1174,3720,-127,0,0
-241,422,-181,1176,3756,-129,0,0
-127,531,-87,1304,3779,88,0,0
-148,226,-1,1325,3806,232,0,0
-222,-124,40,1164,3740,276,0,0
-234,-156,90,1064,3641,324,0,0
-238,-113,102,1013,3709,329,0,0
-203,-6,45,974,3757,266,0,0
-135,71,-30,1056,3774,361,0,0
-153,-42,-55,1132,3787,439,0,0
-200,-73,-45,1142,3821,340,0,0
-182,-101,-23,1158,3818,271,0,0
-132,-232,-2,1156,3798,365,0,0
-87,-234,18,1157,3790,430,0,0
-73,-291,33,1155,3698,487,0,0
-76,-412,26,1073,3668,562,0,0
-97,-439,9,1023,3646,554,0,0
-110,-376,-26,1016,3772,495,0,0
-81,-255,-71,1065,3921,401,0,0
-10,-95,-68,1127,3938,308,0,0
73,-59,-19,1183,3895,297,0,0
129,-146,25,1133,3849,247,0,0
233,-196,55,1083,3807,252,0,0
356,-118,96,1032,3664,308,0,0
445,79,157,1020,3572,314,0,0
504,303,209,1065,3594,261,0,0
515,426,207,1159,3684,167,0,0
497,397,168,1200,3633,61,0,0
499,277,157,1224,3622,50,0,0
499,210,166,1150,3572,46,0,0
483,263,183,1166,3543,-32,0,0
447,261,157,1211,3565,-104,0,0
393,167,101,1215,3526,-134,0,0
348,127,55,1175,3504,-193,0,0
342,176,27,1203,3559,-260,0,0
341,221,-25,1242,3568,-283,0,0
322,242,-82,1269,3581,-280,0,0
282,251,-135,1307,3640,-313,0,0
237,225,-174,1322,3689,-357,0,0
197,216,-165,1336,3686,-369,0,0
152,166,-118,1335,3664,-448,0,0
125,79,-46,1299,3663,-450,0,0
116,92,24,1272,3669,-420,0,0
100,161,54,1288,3660,-465,0,0
63,135,40,1303,3639,-528,0,0
15,34,7,1288,3611,-540,0,0
-15,-47,-27,1269,3588,-528,0,0
-30,-76,-57,1258,3618,-541,0,0
-32,-64,-77,1263,3638,-561,0,0
-28,-64,-75,1286,3630,-585,0,0
-18,-99,-69,1273,3638,-564,0,0
3,-96,-45,1228,3630,-512,0,0
18,-28,-10,1227,3588,-518,0,0
16,-38,5,1244,3541,-529,0,0
13,-91,-6,1198,3516,-466,0,0
24,-39,-17,1207,3536,-452,0,0
23,5,-30,1235,3561,-465,0,0
17,12,-24,1233,3518,-409,0,0
8,26,21,1235,3551,-432,0,0
-1,32,60,1239,3677,-407,0,0
-12,45,56,1225,3659,-413,0,0
-20,54,51,1195,3594,-429,0,0
-26,70,49,1209,3619,-456,0,0
-26,51,17,1236,3697,-464,0,0
-22,55,-43,1225,3727,-474,0,0
-14,90,-67,1249,3641,-509,0,0
-8,60,-71,1282,3606,-514,0,0
6,20,-86,1254,3630,-496,0,0
38,61,-83,1253,3604,-491,0,0
67,96,-60,1295,3618,-460,0,0
83,106,-25,1268,3621,-405,0,0
82,156,33,1262,3602,-392,0,0
55,170,82,1265,3620,-391,0,0
23,140,94,1267,3630,-378,0,0
4,69,68,1140,3631,-511,0,0
64,125,-6,948,3695,-627,0,0
172,402,-39,942,3708,-633,0,0
252,626,-53,1011,3658,-762,0,0
302,652,-50,1059,3712,-958,0,0
317,579,-52,1097,3872,-1079,0,0
281,515,-39,1223,3844,-951,0,0
72,302,25,1562,3587,-674,0,0
-266,-446,4,1490,3376,-676,0,0
-476,-1063,2,1360,3220,-676,0,0
-533,-1222,37,1139,3399,-823,0,0
-457,-1096,79,1069,3693,-862,0,0
-335,-844,135,1115,3874,-772,0,0
-226,-704,145,995,3897,-702,0,0
-87,-481,180,910,3810,-685,0,0
84,-152,275,1003,3639,-670,0,0
223,34,337,1044,3565,-578,0,0
320,117,308,1045,3542,-479,0,0
377,252,217,1033,3544,-306,0,0
338,474,98,1092,3403,-332,0,0
210,475,-46,1250,3348,-469,0,0
34,174,-235,1344,3478,-504,0,0
-119,-156,-420,1292,3551,-478,0,0
-164,-242,-482,1222,3577,-480,0,0
-120,-68,-422,1208,3662,-482,0,0
-62,189,-320,1292,3695,-487,0,0
-45,274,-223,1359,3637,-496,0,0
-80,231,-150,1375,3621,-515,0,0
-139,134,-113,1399,3610,-535,0,0
-190,-15,-98,1388,3598,-543,0,0
-187,-95,-74,1357,3670,-539,0,0
-136,-51,-25,1333,3728,-536,0,0
-79,25,61,1327,3713,-513,0,0
-64,12,172,1329,3656,-523,0,0
-66,-90,261,1267,3652,-483,0,0
-43,-113,310,1240,3732,-455,0,0
-6,-66,311,1234,3813,-488,0,0
37,4,286,1192,3787,-465,0,0
53,64,281,1224,3824,-474,0,0
-3,-19,263,1269,3909,-568,0,0
-95,-225,216,1219,3847,-610,0,0
-180,-444,177,1171,3713,-658,0,0
-230,-644,114,1105,3601,-668,0,0
-227,-728,-12,1044,3581,-640,0,0
-166,-626,-190,976,3520,-581,0,0
-63,-332,-349,994,3483,-509,0,0
15,-47,-476,1123,3492,-518,0,0
34,-7,-565,1193,3546,-511,0,0
34,-78,-544,1174,3591,-425,0,0
46,-52,-404,1180,3672,-398,0,0
57,5,-215,1206,3727,-416,0,0
50,11,-16,1184,3629,-404,0,0
26,0,161,1156,3542,-402,0,0
-18,-35,263,1161,3598,-459,0,0
-62,-101,276,1104,3552,-496,0,0
-76,-105,284,1067,3543,-509,0,0
-69,-69,286,1090,3691,-581,0,0
-39,-82,259,1051,3720,-591,0,0
16,-34,246,1004,3615,-584,0,0
83,64,241,1026,3580,-579,0,0
125,109,209,1065,3696,-557,0,0
124,120,139,1084,3722,-574,0,0
99,95,74,1100,3676,-592,0,0
77,51,51,1088,3652,-566,0,0
74,53,49,1062,3614,-568,0,0
84,95,20,1092,3627,-570,0,0
89,142,-55,1101,3580,-579,0,0
91,184,-122,1137,3577,-596,0,0
92,213,-172,1145,3582,-608,0,0
100,244,-198,1173,3618,-608,0,0
103,289,-197,1209,3648,-614,0,0
80,272,-180,1245,3633,-634,0,0
38,178,-148,1263,3630,-637,0,0
15,99,-109,1241,3638,-628,0,0
22,100,-57,1218,3640,-627,0,0
38,150,2,1244,3663,-641,0,0
44,165,42,1256,3640,-639,0,0
33,128,64,1270,3653,-652,0,0
4,54,68,1253,3662,-684,0,0
-11,13,91,1227,3676,-682,0,0
-6,13,121,1226,3694,-703,0,0
-3,-13,127,1189,3631,-724,0,0
4,-31,126,1165,3620,-711,0,0
19,-27,104,1170,3603,-703,0,0
29,-33,60,1158,3604,-671,0,0
35,0,12,1164,3620,-658,0,0
32,20,-27,1204,3604,-668,0,0
23,-7,-61,1188,3564,-640,0,0
27,4,-74,1188,3522,-612,0,0
29,38,-78,1224,3568,-603,0,0
19,47,-95,1240,3560,-595,0,0
6,40,-84,1224,3473,-578,0,0
8,63,-37,1233,3541,-557,0,0
15,99,-9,1252,3643,-543,0,0
7,133,4,1265,3649,-542,0,0
-16,144,23,1261,3597,-575,0,0
-32,106,51,1248,3588,-581,0,0
-29,97,63,1212,3628,-576,0,0
-21,157,69,1222,3670,-590,0,0
-43,151,65,1247,3625,-639,0,0
-72,53,49,1218,3606,-644,0,0
-69,17,33,1189,3642,-668,0,0
-38,39,5,1197,3652,-677,0,0
2,66,-25,1224,3657,-668,0,0
32,68,-41,1276,3720,-652,0,0
27,15,-51,1277,3714,-682,0,0
22,-45,-32,1257,3684,-688,0,0
43,-65,2,1228,3625,-678,0,0
78,-50,18,1212,3619,-646,0,0
96,-13,-4,1231,3650,-627,0,0
94,-9,-45,1228,3606,-619,0,0
99,4,-42,1214,3554,-587,0,0
106,36,-16,1226,3592,-573,0,0
90,52,-3,1199,3605,-527,0,0
59,96,7,1191,3593,-449,0,0
5,126,12,1193,3604,-359,0,0
-100,85,5,1164,3552,-305,0,0
-238,-21,8,1097,3327,-322,0,0
-332,-124,4,1081,3433,-236,0,0
-375,-66,-46,1108,3728,-164,0,0
-410,103,-129,1160,3773,-259,0,0
-442,176,-175,1213,3703,-392,0,0
-445,83,-174,1271,3718,-514,0,0
-403,-110,-142,1206,3718,-565,0,0
-291,-147,-68,1142,3762,-599,0,0
-112,16,-6,1172,3832,-622,0,0
59,121,22,1205,3759,-630,0,0
197,114,56,1189,3685,-548,0,0
311,125,102,1189,3718,-454,0,0
402,158,143,1165,3683,-385,0,0
476,229,175,1144,3676,-284,0,0
523,341,195,1160,3687,-202,0,0
502,439,200,1192,3719,-174,0,0
401,425,175,1253,3656,-254,0,0
266,211,113,1248,3602,-321,0,0
197,33,53,1139,3565,-360,0,0
238,116,37,1063,3460,-420,0,0
324,328,34,1129,3542,-491,0,0
375,469,-13,1244,3777,-533,0,0
392,503,-102,1266,3789,-544,0,0
417,534,-152,1213,3636,-537,0,0
462,639,-112,1193,3537,-526,0,0
472,715,-77,1246,3541,-566,0,0
432,681,-140,1271,3525,-564,0,0
370,653,-245,1266,3446,-570,0,0
314,677,-325,1303,3553,-516,0,0
238,748,-385,1337,3642,-521,0,0
148,802,-409,1357,3718,-450,0,0
44,855,-401,1401,3632,-459,0,0
-108,715,-371,1421,3510,-581,0,0
-250,437,-338,1383,3535,-584,0,0
-333,291,-329,1354,3565,-656,0,0
-369,203,-312,1343,3622,-702,0,0
-369,145,-278,1354,3824,-672,0,0
-339,122,-225,1295,3727,-684,0,0
-268,135,-114,1163,3585,-619,0,0
-109,458,20,1059,3621,-715,0,0
94,889,103,1202,3776,-747,0,0
110,658,69,1253,3759,-711,0,0
21,123,32,1168,3778,-513,0,0
-67,-195,65,1032,3843,-388,0,0
-138,-325,114,973,3857,-259,0,0
-255,-415,127,939,3778,-413,0,0
-248,-499,85,848,3671,-338,0,0
-136,-312,18,943,3553,-232,0,0
-53,-69,-58,1127,3480,-163,0,0
-60,-29,-138,1282,3506,-223,0,0
-99,-201,-144,1262,3692,-265,0,0
-111,-313,-35,1171,3804,-297,0,0
-99,-386,65,965,3815,-333,0,0
-52,-439,81,765,3740,-320,0,0
28,-327,32,794,3684,-259,0,0
93,-80,25,997,3698,-179,0,0
87,5,78,1134,3690,-182,0,0
57,-92,122,1100,3684,-152,0,0
50,-105,133,995,3646,-168,0,0
56,-51,133,977,3689,-193,0,0
26,-105,80,934,3736,-246,0,0
1,-164,21,841,3700,-313,0,0
27,-84,10,817,3625,-323,0,0
101,142,22,896,3522,-367,0,0
211,328,35,1030,3635,-331,0,0
297,489,32,1169,3854,-262,0,0
311,621,26,1188,3810,-408,0,0
308,642,69,1242,3719,-426,0,0
230,454,103,1236,3712,-519,0,0
145,222,128,1104,3664,-491,0,0
95,168,116,1102,3669,-524,0,0
54,130,34,1157,3656,-570,0,0
45,72,-37,1172,3571,-562,0,0
97,107,-40,1180,3570,-512,0,0
157,199,-21,1217,3588,-462,0,0
156,224,-13,1264,3637,-507,0,0
122,172,-8,1251,3613,-494,0,0
91,123,2,1264,3595,-450,0,0
57,68,13,1218,3575,-460,0,0
45,88,32,1208,3583,-437,0,0
25,113,34,1280,3575,-456,0,0
-35,26,3,1273,3527,-500,0,0
-89,-29,-26,1258,3502,-522,0,0
-121,-30,-41,1283,3466,-549,0,0
-155,-68,-41,1317,3500,-575,0,0
-201,-151,-43,1353,3596,-576,0,0
-252,-261,-61,1401,3721,-595,0,0
-296,-393,-75,1407,3702,-577,0,0
-346,-535,-57,1452,3786,-578,0,0
-391,-726,-31,1444,3812,-541,0,0
-397,-874,24,1377,3821,-347,0,0
-395,-881,115,1325,3701,-262,0,0
-407,-917,204,1314,3611,-250,0,0
-390,-1008,237,1291,3615,-174,0,0
-310,-970,222,1189,3638,-107,0,0
-183,-716,206,1161,3554,-127,0,0
-70,-510,182,1262,3541,-113,0,0
-7,-500,143,1227,3461,-64,0,0
57,-433,154,1173,3578,75,0,0
87,-142,147,1270,3793,84,0,0
7,-29,85,1404,3788,-75,0,0
-118,-271,60,1361,3610,-134,0,0
-187,-467,99,1288,3612,-111,0,0
-186,-441,132,1222,3679,-133,0,0
-156,-291,128,1227,3696,-188,0,0
-137,-179,96,1260,3619,-221,0,0
-140,-209,65,1272,3579,-254,0,0
-133,-274,22,1243,3638,-259,0,0
-84,-237,-32,1249,3711,-229,0,0
-17,-130,-92,1288,3766,-226,0,0
48,-46,-148,1312,3789,-212,0,0
105,39,-179,1296,3669,-211,0,0
162,129,-173,1303,3601,-194,0,0
224,213,-150,1312,3666,-122,0,0
268,333,-133,1336,3709,-90,0,0
259,403,-135,1388,3706,-144,0,0
217,345,-155,1354,3507,-215,0,0
221,291,-118,1285,3409,-155,0,0
251,404,-41,1344,3562,-116,0,0
209,431,-29,1394,3562,-235,0,0
145,338,-45,1369,3570,-304,0,0
138,321,-21,1351,3518,-439,0,0
179,273,68,1306,3398,-589,0,0
262,231,188,1275,3518,-619,0,0
375,326,257,1272,3862,-573,0,0
467,587,262,1270,4068,-554,0,0
488,833,245,1256,3803,-668,0,0
443,783,288,1232,3459,-700,0,0
363,533,376,1194,3430,-668,0,0
284,338,377,1156,3624,-671,0,0
217,294,201,1139,3618,-679,0,0
165,364,-75,1140,3477,-813,0,0
165,477,-324,1191,3399,-1019,0,0
188,547,-511,1234,3400,-1053,0,0
166,543,-690,1232,3431,-939,0,0
99,546,-845,1377,3525,-878,0,0
5,390,-969,1415,3549,-820,0,0
-71,193,-1011,1398,3573,-729,0,0
-105,131,-928,1353,3716,-722,0,0
-99,221,-735,1362,3729,-817,0,0
-88,250,-463,1379,3636,-838,0,0
-85,149,-180,1373,3573,-851,0,0
-58,30,59,1277,3575,-823,0,0
-5,60,267,1207,3569,-784,0,0
9,129,429,1195,3549,-798,0,0
-55,-36,480,922,3720,-970,0,0
-78,-295,254,51,3847,-1378,0,0
5,-95,54,253,3594,-1202,0,0
-85,3,66,873,3593,-859,0,0
-268,-302,15,1110,3581,-746,0,0
-437,-687,-89,1219,3692,-709,0,0
-556,-911,-136,1279,3906,-768,0,0
-546,-994,-63,1249,4019,-662,0,0
-519,-1093,100,1048,3811,-630,0,0
-388,-1104,338,870,3747,-455,0,0
-222,-780,560,980,3820,-252,0,0
-151,-472,640,1092,3814,-232,0,0
-182,-438,632,1203,3717,-146,0,0
-328,-742,596,1351,3797,-85,0,0
-529,-1307,560,1358,3911,43,0,0
-729,-1838,542,1158,4212,409,0,0
-755,-1629,633,637,4385,206,0,0
-557,-605,696,410,4074,439,0,0
-425,815,594,874,3801,810,0,0
-575,1290,354,1936,3819,1013,0,0
-848,1055,221,1606,3865,1127,0,0
-765,2319,228,1160,3434,1627,0,0
-544,3761,135,1862,3006,1922,0,0
-623,4139,-19,2162,3048,2207,0,0
-808,4082,10,2468,2706,2420,0,0
-970,3318,275,2802,2324,2385,0,0
-1127,2464,583,2142,2082,2198,0,0
-1095,2561,844,1495,2264,1880,0,0
-927,2418,685,357,2791,1801,0,0
-646,470,510,-195,1967,2243,0,0
-368,448,502,-655,2000,3078,0,0
-382,631,400,-325,2555,3285,0,0
-414,718,406,76,2894,3356,0,0
-423,439,337,147,2527,3270,0,0
-343,225,301,-54,2064,3451,0,0
-270,113,228,-264,2429,3243,0,0
-128,100,195,-156,2479,3283,0,0
-109,144,189,71,2165,3353,0,0
-78,8,125,75,2292,3061,0,0
78,-89,65,10,2217,3251,0,0
89,-37,63,79,2116,3592,0,0
33,32,111,14,2145,3586,0,0
-7,5,100,90,2235,3190,0,0
45,33,96,75,2213,3291,0,0
33,35,63,62,2157,3421,0,0
29,-15,47,92,2225,3327,0,0
25,66,93,57,2245,3300,0,0
5,64,97,100,2188,3279,0,0
1,4,92,128,2211,3401,0,0
-15,37,116,70,2226,3363,0,0
-7,17,89,61,2292,3290,0,0
7,-12,21,134,2304,3289,0,0
12,27,35,139,2222,3323,0,0
-1,26,64,60,2187,3283,0,0
5,-8,74,54,2284,3319,0,0
2,11,99,65,2253,3401,0,0
-12,46,140,87,2227,3274,0,0
0,56,167,146,2230,3292,0,0
-8,38,167,159,2237,3338,0,0
-20,19,114,170,2247,3322,0,0
-25,-14,50,171,2208,3326,0,0
-33,-35,32,154,2178,3356,0,0
-25,-12,38,96,2211,3386,0,0
-20,43,40,125,2183,3427,0,0
-9,76,40,247,2171,3393,0,0
9,73,31,213,2220,3412,0,0
17,35,-29,174,2207,3352,0,0
17,-27,-56,251,2133,3322,0,0
19,-45,-69,176,2180,3366,0,0
17,-57,-124,129,2184,3363,0,0
22,-91,-166,141,2191,3390,0,0
22,-72,-156,117,2188,3390,0,0
28,-92,-158,125,2189,3359,0,0
28,-128,-163,120,2182,3313,0,0
21,-86,-130,122,2169,3385,0,0
0,-103,-113,39,2244,3386,0,0
-33,-119,-98,24,2228,3235,0,0
-51,-122,-66,84,2149,3242,0,0
-32,-106,-2,83,2157,3410,0,0
9,-81,30,60,2276,3474,0,0
14,-89,-12,37,2273,3465,0,0
2,-67,-51,83,2170,3345,0,0
-1,-89,-90,57,2217,3295,0,0
19,-100,-122,46,2271,3298,0,0
48,-77,-124,48,2250,3334,0,0
52,-67,-123,34,2271,3361,0,0
54,-53,-113,62,2274,3340,0,0
58,-37,-102,52,2284,3302,0,0
59,-14,-93,70,2268,3291,0,0
59,-6,-89,77,2307,3299,0,0
67,3,-74,96,2347,3289,0,0
67,10,-41,78,2301,3205,0,0
61,32,-5,49,2280,3212,0,0
50,48,18,70,2345,3279,0,0
39,45,29,107,2362,3263,0,0
31,58,25,124,2347,3164,0,0
22,18,9,137,2289,3241,0,0
-15,-9,11,117,2328,3186,0,0
-19,14,42,96,2333,3208,0,0
-3,45,69,74,2335,3349,0,0
-35,32,76,102,2305,3225,0,0
-37,28,78,123,2313,3254,0,0
-32,13,68,100,2351,3279,0,0
-33,18,53,122,2307,3236,0,0
-23,18,48,182,2283,3288,0,0
-20,-1,43,117,2372,3304,0,0
-17,25,29,70,2308,3266,0,0
-27,15,7,130,2258,3304,0,0
-43,-11,3,89,2297,3299,0,0
-32,10,3,63,2338,3265,0,0
-16,6,-16,79,2277,3297,0,0
-8,-14,-36,110,2295,3289,0,0
-6,-37,-42,74,2312,3288,0,0
-14,-32,-35,49,2299,3255,0,0
-6,-47,-37,47,2318,3295,0,0
-6,-46,-25,83,2286,3279,0,0
-9,-73,-27,79,2327,3247,0,0
-11,-85,-51,29,2332,3253,0,0
-7,-82,-63,29,2281,3265,0,0
0,-73,-79,33,2314,3335,0,0
-1,-34,-84,64,2341,3304,0,0
5,-30,-97,25,2331,3262,0,0
10,-21,-114,70,2322,3274,0,0
9,-20,-106,48,2314,3289,0,0
9,4,-99,-1,2352,3243,0,0
18,-5,-107,60,2307,3238,0,0
22,-1,-76,49,2271,3263,0,0
1,-6,-49,-47,2289,3278,0,0
-1,12,-44,-8,2355,3221,0,0
8,33,-15,38,2293,3239,0,0
-2,44,35,1,2296,3276,0,0
-14,14,39,-21,2332,3233,0,0
-8,15,54,45,2304,3247,0,0
0,20,92,56,2315,3347,0,0
-22,12,101,-12,2314,3248,0,0
-26,-3,90,15,2290,3218,0,0
-33,-4,87,77,2319,3303,0,0
-50,-16,87,54,2318,3271,0,0
-28,-7,82,56,2296,3341,0,0
-35,-12,68,41,2320,3261,0,0
-25,-12,50,80,2307,3277,0,0
-23,4,48,92,2293,3302,0,0
-28,-2,48,100,2298,3239,0,0
-11,-10,36,89,2283,3329,0,0
-22,2,26,80,2304,3278,0,0
-26,-6,14,104,2286,3259,0,0
-23,-28,25,112,2272,3294,0,0
-35,-24,50,75,2235,3344,0,0
-41,-9,65,41,2280,3358,0,0
-32,-12,59,66,2291,3326,0,0
-19,-11,34,147,2262,3329,0,0
-20,-42,-13,82,2283,3270,0,0
1,-44,-44,135,2261,3269,0,0
17,-37,-41,143,2223,3380,0,0
7,-26,-55,105,2281,3303,0,0
22,-27,-82,116,2262,3295,0,0
22,-28,-103,97,2253,3374,0,0
9,-34,-132,40,2252,3292,0,0
25,-32,-159,71,2275,3341,0,0
28,-23,-154,84,2270,3331,0,0
33,-25,-130,13,2263,3257,0,0
37,-7,-128,17,2288,3258,0,0
33,-20,-117,60,2257,3305,0,0
20,-2,-89,43,2302,3266,0,0
7,12,-72,58,2297,3208,0,0
0,-7,-40,61,2239,3257,0,0
-19,-18,-13,5,2299,3270,0,0
-16,-15,12,-8,2302,3297,0,0
-5,-17,42,10,2322,3311,0,0
-3,-9,59,13,2261,3268,0,0
3,-20,59,66,2309,3351,0,0
-22,-11,66,-20,2342,3269,0,0
-10,22,47,27,2254,3225,0,0
-12,-18,27,184,2270,3307,0,0
-44,-72,21,127,2389,3262,0,0
-48,-67,41,-192,2319,3242,0,0
-38,18,91,-132,2257,3253,0,0
-8,59,85,218,2289,3353,0,0
-18,59,39,262,2286,3365,0,0
-47,27,-8,122,2307,3247,0,0
-61,-24,-56,18,2289,3210,0,0
-57,-47,-73,67,2262,3305,0,0
-62,-42,-40,117,2277,3312,0,0
-55,-42,-1,76,2277,3325,0,0
-60,-49,9,99,2239,3305,0,0
-56,-79,-1,176,2262,3309,0,0
-64,-114,-37,75,2260,3335,0,0
-58,-118,-75,56,2233,3349,0,0
-51,-124,-105,78,2238,3347,0,0
-43,-105,-122,120,2234,3353,0,0
-32,-120,-148,113,2247,3347,0,0
-17,-117,-174,67,2251,3373,0,0
-14,-127,-205,44,2247,3321,0,0
-3,-104,-206,74,2262,3313,0,0
-2,-78,-169,80,2223,3319,0,0
-15,-67,-126,28,2202,3331,0,0
-27,-62,-105,5,2204,3349,0,0
-26,-38,-82,56,2239,3319,0,0
-23,-13,-49,18,2189,3346,0,0
-54,0,-28,2,2135,3290,0,0
-79,30,-8,39,2163,3285,0,0
-86,50,5,37,2162,3370,0,0
-68,55,-6,144,2100,3481,0,0
-67,5,-51,120,2182,3413,0,0
-53,-28,-92,28,2115,3347,0,0
-29,-60,-147,142,2085,3422,0,0
-30,-113,-157,-11,2149,3523,0,0
-11,-68,-127,-126,2148,3520,0,0
25,-34,-98,-153,2114,3502,0,0
69,20,-72,-52,2131,3468,0,0
53,-17,-129,3,2129,3400,0,0
32,-24,-164,-106,2159,3328,0,0
49,3,-150,-211,2161,3367,0,0
59,12,-141,-165,2172,3390,0,0
56,43,-98,-178,2169,3365,0,0
69,102,-35,-148,2186,3385,0,0
75,124,2,-139,2211,3397,0,0
57,163,7,-127,2195,3351,0,0
36,142,-19,-141,2205,3319,0,0
28,99,-57,-125,2238,3309,0,0
33,54,-91,-151,2270,3332,0,0
75,50,-95,-226,2305,3363,0,0
140,44,-95,-159,2289,3364,0,0
111,41,-86,-162,2255,3318,0,0
42,67,-59,-218,2264,3125,0,0
15,48,-52,-183,2313,3178,0,0
-23,10,-68,-190,2260,3309,0,0
-72,-40,-96,-226,2284,3285,0,0
-70,-73,-100,-258,2317,3310,0,0
-78,-80,-77,-273,2215,3294,0,0
-78,-99,-29,-198,2164,3169,0,0
-67,-95,3,-356,2294,3269,0,0
-68,-7,26,-336,2338,3409,0,0
-96,-42,5,-302,2340,3366,0,0
-92,-49,20,-190,2265,3327,0,0
-82,-26,94,-269,2210,3312,0,0
-78,-46,113,-292,2183,3347,0,0
-73,-45,116,-172,2209,3394,0,0
-63,-50,129,-204,2237,3338,0,0
-44,-56,112,-223,2178,3356,0,0
-53,-81,102,-189,2130,3398,0,0
-73,-80,131,-182,2122,3365,0,0
-55,-69,154,-153,2206,3424,0,0
-50,-50,160,-207,2178,3427,0,0
-58,-34,142,-106,2104,3384,0,0
-77,-22,139,0,2122,3420,0,0
-83,-3,141,-52,2168,3385,0,0
-66,-11,99,-74,2154,3390,0,0
-49,-10,56,33,2105,3441,0,0
-69,-27,20,39,2096,3433,0,0
-75,-18,4,-13,2135,3432,0,0
-74,-19,-17,-11,2080,3433,0,0
-66,-30,-31,11,2059,3445,0,0
-54,-40,-32,3,2096,3453,0,0
-38,-50,-46,20,2073,3470,0,0
-35,-81,-93,-57,2074,3470,0,0
-15,-88,-122,-92,2053,3442,0,0
5,-71,-120,-89,1976,3528,0,0
0,-54,-119,-38,1939,3526,0,0
9,-87,-142,-73,2053,3510,0,0
20,-52,-154,-95,2050,3536,0,0
22,-59,-151,-107,1901,3586,0,0
-3,-32,-134,-69,1965,3550,0,0
-8,-2056,-101,-52,2049,3423,0,0
18,15,-49,-91,1964,3484,0,0
8,3,-38,-154,1985,3516,0,0
12,-3,-42,-85,2063,3486,0,0
14,22,-19,-41,2028,3459,0,0
11,31,19,-79,2003,3401,0,0
25,36,66,-68,2022,3478,0,0
22,29,95,-47,2063,3518,0,0
29,37,115,-39,2096,3449,0,0
38,23,115,-51,2074,3410,0,0
25,-9,98,-37,2067,3399,0,0
13,-14,88,-12,2077,3441,0,0
-2,-9,104,-19,2095,3458,0,0
6,1,112,-55,2115,3427,0,0
6,2,103,-31,2096,3427,0,0
9,7,89,39,2096,3449,0,0
1,-4,53,43,2142,3425,0,0
-3,-10,20,32,2085,3413,0,0
-3,-16,3,36,2076,3437,0,0
-4,-11,-5,-19,2147,3416,0,0
10,6,-10,9,2113,3404,0,0
3,-8,-13,61,2061,3446,0,0
-18,-17,-7,-23,2111,3406,0,0
-6,-13,-6,-34,2123,3408,0,0
-4,-11,-12,-5,2087,3463,0,0
-8,-21,-17,12,2094,3452,0,0
-2,-45,-37,18,2131,3440,0,0
0,-42,-59,-59,2117,3452,0,0
0,-54,-84,-27,2082,3437,0,0
3,-49,-75,-13,2098,3464,0,0
1,-34,-46,-10,2103,3418,0,0
-6,-30,-38,-29,2082,3409,0,0
-6,-24,-36,-81,2082,3423,0,0
2,-22,-36,-34,2093,3497,0,0
-4,-19,-44,-36,2125,3452,0,0
7,-59,-69,-60,2103,3337,0,0
18,-22,-84,-33,2089,3474,0,0
-15,15,-46,-14,2129,3404,0,0
4,-4,-14,-58,2097,3378,0,0
16,7,-11,-9,2095,3448,0,0
-8,17,18,0,2089,3354,0,0
0,14,50,-55,2109,3404,0,0
-1,17,43,-33,2112,3479,0,0
-7,15,40,-11,2147,3441,0,0
-13,16,42,-47,2116,3360,0,0
19,21,61,2,2095,3456,0,0
20,16,98,3,2143,3461,0,0
15,29,117,40,2128,3405,0,0
31,29,110,32,2123,3448,0,0
24,12,79,-1,2119,3416,0,0
11,-5,32,30,2101,3369,0,0
7,-9,13,37,2127,3396,0,0
9,-6,11,3,2126,3437,0,0
1,2,9,-1,2130,3423,0,0
-2,7,2,23,2150,3387,0,0
4,-4,1,63,2139,3384,0,0
3,-16,9,35,2128,3405,0,0
0,-22,10,4,2137,3417,0,0
-4,-25,5,21,2128,3418,0,0
-5,-24,-1,3,2154,3367,0,0
3,-39,-10,53,2119,3410,0,0
-10,-54,-22,14,2128,3442,0,0
-18,-55,-50,-55,2167,3364,0,0
-7,-57,-77,-19,2131,3389,0,0
-8,-46,-75,11,2123,3434,0,0
-11,-33,-60,19,2136,3401,0,0
0,-27,-54,-43,2160,3413,0,0
1,-15,-65,-12,2125,3412,0,0
-4,-11,-65,17,2120,3425,0,0
-10,-9,-61,31,2142,3437,0,0
-3,-88,-68,32,2117,3297,0,0
27,-100,-52,80,2043,3276,0,0
24,-17,-25,-78,2160,3575,0,0
-35,59,-35,-36,2310,3428,0,0
8,5,-35,30,2132,3331,0,0
18,34,24,-2,1990,3465,0,0
-31,33,61,-17,2165,3317,0,0
-16,31,61,22,2201,3414,0,0
-15,20,71,71,2087,3447,0,0
-31,-16,72,37,2103,3381,0,0
-14,-27,51,19,2130,3426,0,0
-16,-3,36,67,2129,3465,0,0
-29,-30,29,26,2144,3447,0,0
-27,-8,16,-12,2105,3385,0,0
-14,-21,-4,8,2113,3405,0,0
-3,-14,-14,30,2137,3461,0,0
-2,-14,-34,34,2094,3433,0,0
0,-24,-68,71,2098,3386,0,0
10,-37,-96,22,2155,3387,0,0
13,-36,-113,-11,2144,3416,0,0
9,-28,-100,-2,2110,3403,0,0
3,-32,-71,-10,2117,3425,0,0
-1,-24,-43,-45,2138,3399,0,0
11,-5,-20,-42,2168,3414,0,0
21,-15,-10,-47,2148,3381,0,0
25,0,-1,-29,2115,3418,0,0
12,-8,-8,-9,2151,3402,0,0
13,-30,-15,-31,2196,3343,0,0
33,-33,-24,-59,2156,3413,0,0
19,-25,-18,-15,2129,3422,0,0
10,-22,15,4,2171,3333,0,0
28,-34,29,0,2187,3390,0,0
35,-43,30,-25,2164,3392,0,0
40,-25,29,-32,2128,3471,0,0
7,1,13,2,2152,3412,0,0
-7,-1,-8,6,2206,3332,0,0
0,-2,-19,3,2173,3361,0,0
-5,-2,-22,5,2166,3333,0,0
-5,1,-13,8,2173,3387,0,0
-5,10,-1,14,2191,3386,0,0
-1,16,20,28,2164,3309,0,0
-3,29,49,-9,2126,3352,0,0
-15,7,43,27,2179,3390,0,0
1,-11,26,27,2237,3400,0,0
8,14,36,15,2161,3378,0,0
3,15,47,43,2144,3363,0,0
1,7,56,32,2211,3348,0,0
6,6,67,36,2184,3394,0,0
6,9,68,39,2173,3405,0,0
-19,-5,32,52,2176,3329,0,0
-52,-25,-6,54,2152,3304,0,0
-43,-19,-8,40,2155,3458,0,0
-44,-1,0,35,2172,3452,0,0
-10,-9,1,39,2181,3344,0,0
20,-27,-25,34,2148,3371,0,0
10,-31,-38,44,2140,3388,0,0
-7,-24,-41,25,2168,3386,0,0
-8,-13,-30,7,2185,3394,0,0
-6,-17,-11,11,2153,3395,0,0
-2,-5,14,8,2170,3405,0,0
-5,-5,34,15,2167,3357,0,0
-9,-12,46,37,2142,3387,0,0
-24,-21,37,4,2168,3407,0,0
-20,-23,21,3,2173,3385,0,0
-12,-20,4,23,2144,3399,0,0
-18,-8,5,41,2168,3371,0,0
-8,0,10,0,2190,3382,0,0
0,10,7,36,2142,3423,0,0
-14,7,2,56,2150,3384,0,0
-1,3,-10,44,2186,3418,0,0
0,2,-26,82,2156,3357,0,0
4,-3,-28,38,2124,3407,0,0
-8,-19,-40,-37,2175,3390,0,0
-2,-12,-55,17,2160,3382,0,0
7,5,-49,54,2147,3427,0,0
-1,13,-38,24,2172,3371,0,0
-1,5,-41,9,2156,3334,0,0
-14,16,-21,7,2117,3341,0,0
-22,21,13,18,2182,3356,0,0
-5,19,35,-3,2182,3424,0,0
-13,15,41,37,2116,3407,0,0
-28,9,61,5,2163,3360,0,0
-31,-3,68,-16,2165,3355,0,0
-19,0,88,35,2131,3442,0,0
-23,7,106,-28,2164,3428,0,0
-19,18,92,27,2128,3389,0,0
-16,11,80,77,2139,3402,0,0
-29,1,65,49,2170,3404,0,0
-31,-4,46,34,2136,3421,0,0
-33,-3,35,31,2140,3414,0,0
-34,1,16,60,2173,3354,0,0
-22,0,13,93,2144,3366,0,0
-33,-9,8,80,2119,3401,0,0
-41,-20,-1,72,2136,3398,0,0
-38,-24,-11,57,2129,3386,0,0
-34,-31,-17,72,2105,3396,0,0
-28,-42,-18,75,2093,3439,0,0
-28,-41,-13,69,2085,3474,0,0
-26,-53,-21,50,2098,3478,0,0
-17,-52,-50,12,2076,3473,0,0
-10,-41,-82,0,2086,3457,0,0
3,-31,-88,3,2078,3449,0,0
10,-28,-86,59,2043,3503,0,0
-5,-26,-63,32,2056,3460,0,0
8,-13,-56,-9,2076,3452,0,0
16,-7,-57,-1,2057,3454,0,0
9,6,-49,22,2074,3452,0,0
1,23,-35,24,2094,3431,0,0
-3,30,-17,39,2064,3399,0,0
2,32,-8,38,2064,3451,0,0
-10,39,-10,56,2121,3449,0,0
-13,30,-7,76,2098,3402,0,0
-12,19,1,13,2065,3362,0,0
-14,14,13,16,2051,3421,0,0
-14,35,31,23,2109,3488,0,0
-13,16,36,29,2119,3445,0,0
-7,13,35,12,2085,3423,0,0
-14,6,29,17,2066,3405,0,0
-13,1,35,52,2098,3454,0,0
-9,2,56,4,2108,3479,0,0
-3,0,43,-35,2093,3420,0,0
4,-1,40,40,2076,3428,0,0
3,1,49,49,2091,3451,0,0
-7,-11,42,-19,2094,3430,0,0
0,-9,34,9,2089,3443,0,0
4,-9,24,44,2102,3438,0,0
5,-5,26,26,2098,3438,0,0
1,-8,21,30,2101,3422,0,0
3,-16,9,40,2105,3431,0,0
8,-20,3,34,2104,3452,0,0
11,-17,-3,15,2120,3434,0,0
17,-21,-15,3,2112,3406,0,0
20,-18,-18,38,2082,3437,0,0
9,-29,-20,1,2117,3408,0,0
17,-37,-27,-3,2117,3438,0,0
16,-30,-26,0,2096,3440,0,0
13,-21,-20,-13,2108,3419,0,0
10,-18,-28,-32,2123,3396,0,0
6,-15,-40,11,2120,3412,0,0
3,-8,-29,25,2110,3437,0,0
0,9,-16,-1,2114,3435,0,0
-8,4,-30,36,2134,3382,0,0
-12,0,-31,63,2108,3405,0,0
-18,-10,-39,-17,2121,3427,0,0
-19,-10,-63,-14,2130,3432,0,0
-18,-2,-73,10,2121,3428,0,0
-15,-6,-73,-2,2120,3368,0,0
-12,9,-68,-18,2088,3415,0,0
-21,24,-51,-23,2124,3425,0,0
-23,28,-31,-7,2116,3376,0,0
-6,30,-5,-21,2098,3430,0,0
-12,34,8,-28,2124,3448,0,0
-18,26,21,-24,2139,3391,0,0
-15,16,43,-52,2099,3406,0,0
-22,11,65,-34,2103,3436,0,0
-23,12,87,-26,2157,3411,0,0
-19,23,111,-6,2115,3394,0,0
-15,25,124,-16,2095,3410,0,0
-19,17,111,-28,2125,3430,0,0
-28,8,85,-2,2103,3399,0,0
-22,4,73,17,2056,3449,0,0
-26,0,51,25,2092,3470,0,0
-26,-7,33,38,2078,3431,0,0
-29,-22,17,33,2048,3465,0,0
-37,-30,6,17,2060,3474,0,0
-25,-29,-10,15,2068,3485,0,0
-22,-30,-27,29,2065,3450,0,0
-14,-34,-31,36,2053,3454,0,0
-10,-35,-29,29,2045,3473,0,0
-14,-30,-27,24,2065,3454,0,0
2,-32,-27,51,2055,3478,0,0
8,-30,-29,25,2040,3484,0,0
0,-25,-28,7,2044,3451,0,0
-4,-34,-31,32,2032,3484,0,0
-6,-39,-21,-6,2031,3471,0,0
-4,-46,-34,-20,2025,3490,0,0
-8,-45,-63,-37,2072,3476,0,0
-6,-40,-83,-23,2057,3443,0,0
-5,-40,-78,-12,2015,3466,0,0
-12,-39,-55,-23,2053,3478,0,0
-4,-25,-28,-25,2086,3487,0,0
4,-7,-21,-26,2047,3483,0,0
2,-11,-29,19,2052,3407,0,0
2,-16,-29,-20,2054,3453,0,0
-11,0,-32,-81,2060,3472,0,0
-6,8,-37,-37,2057,3465,0,0
1,27,-28,-25,2067,3457,0,0
-2,47,-19,-39,2063,3425,0,0
-4,49,-23,-79,2066,3397,0,0
-11,58,-16,-53,2060,3426,0,0
-7,63,14,-71,2080,3466,0,0
2,67,39,-78,2078,3483,0,0
-3,71,63,-48,2078,3464,0,0
-3,63,89,-77,2078,3422,0,0
-3,47,92,-75,2045,3419,0,0
-3,36,98,-64,2068,3502,0,0
-14,30,103,-78,2101,3466,0,0
-3,31,103,-41,2081,3424,0,0
9,21,98,-13,2067,3461,0,0
4,-1,76,-29,2099,3419,0,0
16,-27,48,2,2119,3394,0,0
37,-31,41,3,2097,3461,0,0
19,-9,30,12,2057,3490,0,0
-2,-15,18,43,2090,3424,0,0
-5,-32,20,9,2121,3428,0,0
-6,-27,32,1,2047,3451,0,0
-6,-26,24,-10,2094,3430,0,0
3,-28,9,9,2117,3424,0,0
9,-25,-11,26,2067,3444,0,0
0,-33,-33,-7,2090,3427,0,0
1,-28,-41,-25,2099,3429,0,0
4,-24,-40,-6,2072,3466,0,0
-1,-28,-41,13,2128,3405,0,0
9,-30,-43,-10,2089,3462,0,0
-4,-46,-68,-22,2087,3457,0,0
-10,-65,-74,-44,2112,3396,0,0
8,-48,-62,-65,2101,3450,0,0
18,-34,-53,-46,2104,3458,0,0
24,-13,-30,-49,2101,3429,0,0
29,-14,-30,-37,2102,3440,0,0
18,-17,-48,13,2118,3409,0,0
25,-26,-51,-18,2109,3402,0,0
30,-20,-61,-49,2121,3428,0,0
24,-15,-54,-12,2098,3423,0,0
18,-17,-39,-71,2131,3400,0,0
26,-10,-23,-59,2135,3406,0,0
25,11,-4,-36,2114,3439,0,0
22,28,20,-41,2154,3358,0,0
28,33,37,-42,2116,3368,0,0
22,16,40,-1,2135,3417,0,0
16,17,56,-5,2176,3404,0,0
17,18,83,-36,2130,3373,0,0
24,12,96,-19,2144,3420,0,0
17,23,108,-14,2174,3400,0,0
15,22,91,-2,2167,3369,0,0
16,17,90,24,2143,3375,0,0
15,23,95,12,2162,3396,0,0
12,18,71,10,2180,3416,0,0
13,22,45,37,2182,3381,0,0
11,2,18,43,2158,3350,0,0
1,-6,-1,30,2163,3352,0,0
2,-11,-3,9,2173,3389,0,0
5,-9,4,15,2177,3412,0,0
-4,-1,13,20,2172,3328,0,0
-10,-14,4,44,2152,3376,0,0
-21,-25,5,15,2178,3381,0,0
-16,-32,5,-2,2170,3371,0,0
-9,-34,-3,15,2172,3387,0,0
-10,-29,1,16,2169,3380,0,0
-11,-36,-7,-5,2173,3365,0,0
-10,-49,-28,30,2178,3393,0,0
-10,-52,-43,-9,2187,3428,0,0
-9,-47,-65,-22,2182,3412,0,0
-9,-41,-64,36,2151,3337,0,0
-2,-36,-38,34,2139,3373,0,0
-6,-33,-26,-25,2169,3418,0,0
1,-36,-34,-13,2178,3442,0,0
8,-37,-51,24,2176,3391,0,0
14,-34,-60,29,2166,3328,0,0
15,-32,-57,8,2160,3349,0,0
7,-24,-57,-13,2172,3376,0,0
4,-18,-55,35,2170,3389,0,0
0,-7,-32,30,2175,3394,0,0
-7,-5,-15,20,2179,3297,0,0
-4,6,0,-16,2150,3312,0,0
-14,6,25,-13,2156,3369,0,0
-18,12,60,35,2200,3398,0,0
-10,26,89,40,2194,3387,0,0
-15,33,95,35,2138,3367,0,0
-26,21,77,56,2176,3350,0,0
-26,8,67,64,2198,3352,0,0
-14,12,81,71,2124,3440,0,0
-23,10,92,60,2150,3430,0,0
-30,16,78,8,2202,3357,0,0
-21,18,53,57,2114,3372,0,0
-29,3,38,93,2113,3426,0,0
-32,17,41,57,2154,3422,0,0
-17,17,24,49,2168,3414,0,0
-11,2,0,88,2125,3394,0,0
-17,-1,-5,118,2118,3388,0,0
-19,-18,-11,58,2153,3396,0,0
-16,-17,-4,34,2139,3411,0,0
-8,-15,4,44,2115,3441,0,0
-13,-13,-3,50,2142,3383,0,0
-11,-19,-18,64,2116,3397,0,0
-16,-39,-40,56,2124,3456,0,0
-22,-43,-57,5,2154,3414,0,0
-4,-35,-81,-9,2134,3421,0,0
0,-17,-90,11,2132,3406,0,0
-3,-12,-89,24,2133,3398,0,0
-3,-4,-72,9,2140,3398,0,0
-3,0,-52,-3,2136,3387,0,0
2,3,-40,11,2132,3411,0,0
4,11,-39,-16,2137,3421,0,0
-4,13,-51,34,2133,3389,0,0
-8,8,-55,1,2128,3377,0,0
-12,3,-55,-40,2115,3389,0,0
-18,6,-58,-27,2119,3413,0,0
-17,23,-42,-8,2151,3409,0,0
-7,44,-14,-29,2124,3383,0,0
-12,43,11,-19,2097,3347,0,0
-15,39,41,-8,2126,3424,0,0
-12,39,55,-37,2142,3438,0,0
-1,47,54,-28,2143,3440,0,0
-14,30,55,-4,2102,3374,0,0
-14,23,70,-10,2103,3426,0,0
-22,12,78,-95,2143,3430,0,0
-18,10,73,-60,2092,3414,0,0
-13,14,82,-18,2105,3432,0,0
-13,17,86,-51,2131,3384,0,0
-5,7,73,-17,2117,3433,0,0
-3,-4,64,11,2124,3463,0,0
-4,-2,48,-22,2117,3397,0,0
-2,-18,18,-20,2116,3409,0,0
-5,-20,-3,-7,2131,3419,0,0
-8,-18,-8,5,2096,3418,0,0
-18,-32,-5,-4,2107,3418,0,0
-17,-36,5,-34,2119,3405,0,0
-7,-32,11,-27,2108,3436,0,0
-11,-20,18,-6,2104,3420,0,0
-13,-22,13,26,2119,3399,0,0
-15,-29,8,19,2111,3420,0,0
-17,-29,5,-2,2104,3418,0,0
-7,-33,7,21,2114,3442,0,0
-1,-22,13,-3,2124,3447,0,0
8,-15,14,48,2107,3415,0,0
11,-37,-13,36,2132,3449,0,0
7,-43,-39,-12,2121,3417,0,0
18,-37,-51,-10,2079,3459,0,0
18,-12,-55,-25,2122,3445,0,0
23,6,-62,-9,2137,3421,0,0
25,10,-62,-8,2116,3417,0,0
23,11,-63,-9,2125,3371,0,0
30,13,-69,-5,2119,3386,0,0
34,11,-75,-2,2131,3416,0,0
22,-1,-78,24,2133,3378,0,0
17,-11,-67,-15,2138,3359,0,0
15,-22,-42,-53,2126,3391,0,0
8,-21,0,-35,2127,3434,0,0
6,11,52,-36,2178,3334,0,0
15,39,100,-42,2145,3332,0,0
18,24,109,6,2140,3420,0,0
27,21,127,16,2207,3456,0,0
18,28,129,-44,2177,3325,0,0
38,27,106,-13,2112,3362,0,0
34,37,115,25,2178,3468,0,0
13,47,112,-19,2238,3378,0,0
14,35,78,16,2143,3331,0,0
16,32,86,59,2122,3388,0,0
14,27,86,11,2215,3382,0,0
18,33,60,5,2192,3370,0,0
12,31,37,81,2156,3364,0,0
1,17,21,61,2180,3336,0,0
-4,7,7,25,2191,3343,0,0
-3,3,8,45,2172,3384,0,0
-17,2,17,25,2201,3337,0,0
-15,1,33,26,2182,3349,0,0
-20,-11,41,43,2167,3386,0,0
-30,-19,48,28,2183,3358,0,0
-20,-23,39,12,2182,3384,0,0
-22,-24,21,71,2183,3392,0,0
-34,-34,-11,50,2204,3371,0,0
-39,-40,-53,12,2198,3331,0,0
-36,-42,-71,57,2163,3366,0,0
-41,-33,-51,72,2170,3375,0,0
-39,-25,-41,15,2202,3368,0,0
-31,-13,-44,51,2156,3370,0,0
-33,-17,-41,67,2123,3404,0,0
-39,-27,-45,-4,2152,3415,0,0
-36,-29,-52,40,2141,3407,0,0
-39,-21,-48,36,2128,3390,0,0
-40,-10,-38,-16,2105,3378,0,0
-47,-15,-29,11,2108,3404,0,0
-47,-8,1,21,2116,3392,0,0
-36,5,43,9,2072,3406,0,0
-26,5,68,7,2113,3483,0,0
-27,1,78,31,2116,3421,0,0
-16,-12,89,68,2079,3437,0,0
-17,-13,110,1,2077,3424,0,0
-10,-4,110,5,2075,3436,0,0
-5,6,103,59,2092,3481,0,0
-6,25,87,51,2101,3476,0,0
-13,31,61,53,2071,3448,0,0
-13,30,42,95,2093,3413,0,0
-10,22,27,91,2098,3428,0,0
-6,23,14,99,2086,3460,0,0
-13,14,-1,121,2107,3411,0,0
-18,7,-1,103,2070,3387,0,0
-27,-7,-9,79,2090,3445,0,0
-35,-15,-13,79,2099,3432,0,0
-34,-16,-20,74,2072,3407,0,0
-34,-16,-31,89,2107,3416,0,0
-39,-15,-40,85,2101,3454,0,0
-51,-10,-42,83,2088,3430,0,0
-50,-13,-37,71,2092,3405,0,0
-35,-18,-24,80,2086,3455,0,0
-27,-19,-17,79,2083,3448,0,0
-16,-24,-19,72,2053,3403,0,0
-6,-41,-45,76,2051,3505,0,0
-14,-54,-80,33,2078,3465,0,0
-4,-61,-121,53,2051,3464,0,0
-3,-49,-129,76,2066,3487,0,0
-3,-36,-114,47,2070,3454,0,0
2,-25,-104,30,2044,3451,0,0
-4,-22,-112,18,2052,3447,0,0
-2,-18,-115,4,2060,3445,0,0
0,-10,-122,-13,2051,3475,0,0
-13,-10,-127,29,2052,3429,0,0
-15,-12,-116,-6,2050,3459,0,0
-16,-8,-103,-63,2062,3482,0,0
-20,4,-97,-54,2041,3440,0,0
-15,12,-102,-60,2063,3455,0,0
-10,31,-103,-64,2070,3463,0,0
-6,40,-98,-86,2046,3450,0,0
-6,47,-86,-133,2070,3422,0,0
6,67,-78,-202,2049,3430,0,0
20,99,-81,-182,2059,3516,0,0
16,118,-112,-183,2085,3472,0,0
19,148,-161,-176,2011,3440,0,0
15,171,-228,-225,1923,3529,0,0
-11,167,-282,-339,1900,3564,0,0
-16,165,-311,-407,1925,3538,0,0
-12,142,-322,-385,1923,3519,0,0
-15,88,-294,-440,1881,3507,0,0
-23,46,-230,-597,1848,3533,0,0
-23,32,-157,-685,1916,3546,0,0
18,34,-75,-702,1973,3665,0,0
42,36,-3,-677,1960,3670,0,0
37,29,61,-545,1900,3460,0,0
42,-20,142,-455,1916,3386,0,0
62,-82,220,-528,1933,3462,0,0
80,-86,256,-524,1960,3572,0,0
90,-51,264,-363,2173,3405,0,0
311,-40,397,138,2281,2687,0,0
843,-374,737,-188,2443,2174,0,0
1239,-1094,400,-239,2600,2829,0,0
1193,-1929,94,944,1750,3083,0,0
1139,-3854,-101,1202,2209,1691,0,0
1523,-4351,-340,964,2543,1417,0,0
1949,-3054,-577,653,2635,1255,0,0
2431,-1409,-658,1283,2891,1259,0,0
2850,-800,-754,1770,3852,1618,0,0
2812,-791,-927,1819,4221,1735,0,0
2310,-981,-1074,1919,4555,1288,0,0
1531,-905,-1010,2046,4733,309,0,0
1058,-542,-551,1470,4605,87,0,0
559,279,172,1381,3933,-259,0,0
175,497,941,1277,3912,-531,0,0
-113,62,1428,1284,3727,-528,0,0
-385,-1020,1478,1608,3684,-551,0,0
-510,-2103,1460,1691,3786,-353,0,0
-492,-2500,1413,1278,3859,-340,0,0
-293,-2136,1217,904,3930,-496,0,0
-44,-1277,977,809,3735,-591,0,0
113,-360,736,826,3582,-670,0,0
162,187,440,885,3463,-756,0,0
135,234,72,994,3354,-762,0,0
44,126,-318,1083,3390,-743,0,0
-87,58,-707,1074,3435,-852,0,0
-141,-15,-1066,1315,3514,-1037,0,0
-121,-26,-1313,1383,3676,-1061,0,0
-37,295,-1351,1335,3786,-928,0,0
44,752,-1220,1480,3767,-906,0,0
55,895,-1050,1611,3638,-949,0,0
-31,600,-879,1589,3383,-948,0,0
-171,103,-680,1522,3226,-947,0,0
-277,-314,-475,1448,3291,-965,0,0
-298,-552,-269,1388,3497,-940,0,0
-248,-590,-35,1313,3674,-888,0,0
-140,-449,248,1199,3808,-810,0,0
-25,-2224,534,1183,3746,-770,0,0
50,-51,755,1240,3711,-786,0,0
89,-151,894,1199,3677,-726,0,0
110,-242,969,1196,3774,-657,0,0
118,-252,949,1204,3819,-572,0,0
68,-266,840,1195,3656,-551,0,0
-8,-324,666,1176,3512,-539,0,0
-95,-354,460,1172,3376,-484,0,0
-199,-419,204,1256,3458,-510,0,0
-244,-508,-69,1199,3488,-448,0,0
-229,-409,-267,1195,3506,-398,0,0
-196,-257,-395,1263,3579,-453,0,0
-155,-209,-469,1309,3672,-477,0,0
-109,-180,-475,1298,3756,-448,0,0
-82,-60,-418,1289,3690,-484,0,0
-86,99,-330,1305,3595,-545,0,0
-117,140,-263,1384,3639,-553,0,0
-168,36,-252,1380,3640,-559,0,0
-191,5,-252,1333,3608,-571,0,0
-184,65,-234,1336,3624,-622,0,0
-151,96,-197,1317,3632,-631,0,0
-100,133,-122,1287,3612,-617,0,0
-51,170,-20,1300,3675,-617,0,0
-28,157,73,1295,3678,-625,0,0
-24,89,148,1247,3593,-597,0,0
-34,-17,213,1200,3500,-584,0,0
-28,-74,233,1053,3606,-469,0,0
-14,34,162,983,3603,-433,0,0
-7,147,47,924,3698,-342,0,0
-44,267,-82,880,3790,-347,0,0
-112,221,-219,824,3755,-338,0,0
-176,135,-306,623,3791,-221,0,0
-220,157,-373,644,3911,-205,0,0
-260,192,-417,678,4005,-137,0,0
-320,191,-460,654,3877,-89,0,0
-378,182,-513,611,3672,-94,0,0
-396,302,-522,757,3408,-228,0,0
-377,560,-429,938,2733,-629,0,0
-275,709,-203,1499,1338,-1659,0,0
-7,350,179,2133,263,-3105,0,0
516,-697,719,3756,1129,-3836,0,0
967,-2274,1163,5275,4571,-5805,0,0
1779,-3453,1342,6325,8608,-7755,0,0
3159,-4389,1437,6493,12685,-9138,0,0
5067,-4125,966,4592,14878,-7589,0,0
5995,-3327,-50,4060,13982,-4619,0,0
5544,-2659,-619,2539,9645,-371,0,0
4065,-2046,-493,644,4680,2757,0,0
2390,-3000,-639,-708,852,3381,0,0
1134,-527,-564,-125,-434,2914,0,0
643,-693,-145,-453,-299,3472,0,0
503,-676,312,-354,-39,3339,0,0
228,-697,331,-643,-297,3640,0,0
-364,34,266,-495,-590,2631,0,0
-1109,101,181,28,-567,1399,0,0
-1653,-434,252,-100,-69,535,0,0
-1708,-424,305,-474,184,-875,0,0
-1366,-144,312,-526,502,-2051,0,0
-1062,-214,338,-855,644,-2673,0,0
-803,-102,130,-661,1419,-3310,0,0
-692,207,34,490,2654,-2611,0,0
-1384,1280,563,-553,4059,-4165,0,0
-1731,1512,1154,-66,3758,-7228,0,0
-2165,-713,1047,-711,4895,-7012,0,0
-2174,-815,1004,-1628,7580,-8694,0,0
-1687,-5,994,-1377,9829,-10375,0,0
-1314,173,810,-1160,9802,-11479,0,0
-476,-844,564,-2500,8347,-10588,0,0
912,-941,86,-3078,7523,-8920,0,0
2168,-241,-416,-2263,6667,-6743,0,0
2749,170,-820,-686,5890,-5181,0,0
2779,-185,-981,-186,4741,-3232,0,0
2412,-337,-907,137,3179,-2098,0,0
1775,-527,-841,-297,1257,-373,0,0
1111,-85,-906,163,-863,801,0,0
720,-435,-798,235,-814,1467,0,0
912,-34,-528,-59,512,2062,0,0
1178,926,-56,340,29,2383,0,0
886,1011,359,237,-776,2254,0,0
388,772,488,200,-1115,1563,0,0
-122,232,379,-33,-942,943,0,0
-531,-101,188,-247,-756,120,0,0
