41,-60,55,-1583,3722,-919,0,0
46,-80,68,-1636,3715,-875,0,0
18,-8,93,-1644,3755,-851,0,0
-19,46,116,-1639,3783,-846,0,0
-48,47,129,-1631,3810,-849,0,0
-64,11,121,-1624,3796,-826,0,0
-93,-24,123,-1646,3904,-749,0,0
-168,47,116,-1608,4013,-713,0,0
-268,82,149,-1340,3534,-676,0,0
-369,65,246,-927,2516,-590,0,0
-335,-69,422,-4,1307,-858,0,0
47,-1039,848,389,1420,-1620,0,0
955,-2423,1320,272,3994,-3379,0,0
1694,-4727,1436,-418,7786,-5046,0,0
1996,-4155,880,-3274,9776,-8480,0,0
3452,-1947,120,-3687,12371,-9408,0,0
4758,-3074,-1147,-3583,13641,-6592,0,0
4781,-4735,-2930,-3625,10381,-2393,0,0
3725,-4861,-4060,-2920,5531,239,0,0
2568,-3847,-5027,-2246,3483,943,0,0
1629,-3281,-6148,-2431,5695,1798,0,0
429,-2152,-7016,-2156,7284,1493,0,0
-173,-905,-7314,-1143,6514,1527,0,0
-793,-1670,-7330,-717,6252,1565,0,0
-1776,-3704,-7071,248,5508,786,0,0
-2854,-5519,-6266,1290,3145,50,0,0
-3744,-3508,-4796,3324,124,-3993,0,0
-2844,-758,-3282,5516,-2468,-8411,0,0
-1419,62,-1162,5684,-3449,-11743,0,0
398,1633,1001,5942,-3754,-11403,0,0
2736,840,2875,4242,-1992,-6822,0,0
3976,-101,4239,1750,-874,-2811,0,0
4095,950,5674,-716,3062,527,0,0
3572,3150,7062,-2556,7481,2258,0,0
1992,6706,8221,-3149,7555,2699,0,0
-986,7881,7770,-2188,6886,1754,0,0
-3292,5358,5957,-1577,6279,483,0,0
-4238,2132,4397,-2771,6203,-1254,0,0
-4132,857,3249,-4113,5690,-1342,0,0
-4369,529,3076,-5189,8305,-2509,0,0
-4839,-598,4058,-6838,12377,-5245,0,0
-3930,-118,3762,-6636,10600,-6765,0,0
-2445,72,3035,-7357,9994,-12468,0,0
-277,-828,1440,-6521,2545,-9676,0,0
1303,1356,-1131,-535,2388,-677,0,0
1856,1340,-1176,1120,3725,622,0,0
1622,-1029,-684,386,4262,2395,0,0
640,451,-555,138,3563,2093,0,0
-247,730,-226,-268,2498,1265,0,0
-775,65,-150,-55,1646,781,0,0
-903,-523,76,-474,1892,-821,0,0
-519,-1357,441,-1839,2526,-2857,0,0
-147,-2118,797,-3635,4457,-6191,0,0
1061,-1663,479,-5973,9685,-10258,0,0
2746,-2278,-1096,-7002,12666,-10446,0,0
3768,-3370,-3478,-6821,14481,-6882,0,0
3510,-3018,-4950,-5040,11740,-1894,0,0
2324,-1580,-5463,-2117,7227,483,0,0
1577,-518,-5813,-753,4215,326,0,0
1708,-1019,-5938,-1336,4381,1016,0,0
1424,-2293,-6034,-1258,5193,1669,0,0
620,-3070,-6248,-997,5429,1355,0,0
-640,-4346,-6507,-521,5438,1116,0,0
-2124,-5422,-6395,-81,4568,1117,0,0
-3606,-5211,-5343,93,2748,627,0,0
-4911,-3125,-3877,1708,816,-3263,0,0
-4563,-194,-2785,4468,-4309,-9238,0,0
-2272,830,-1066,5254,-4189,-11292,0,0
-542,113,786,3594,-2337,-12658,0,0
1479,1227,1930,943,-1268,-7225,0,0
3312,1431,3257,-70,1732,-2425,0,0
4677,862,4223,-802,3675,-683,0,0
5146,1243,4428,-1841,3604,1034,0,0
4122,3839,4612,-2982,2037,1757,0,0
2508,4247,5175,-6027,406,974,0,0
1528,4685,5173,-7282,-1772,891,0,0
83,3824,4078,-6013,-2034,1511,0,0
-2492,5042,3782,-2916,4930,-1467,0,0
-3925,3437,4758,-4605,9295,-2614,0,0
-4379,3534,5045,-3105,4459,-2606,0,0
-3832,1919,3264,-464,2315,-746,0,0
-3517,252,2344,-2254,4361,-1568,0,0
-3404,594,2273,-2127,2714,-2113,0,0
-3040,161,2096,-2681,2085,-2730,0,0
-2401,786,1778,-2972,4519,-2797,0,0
-1757,862,1495,-3256,10603,-4184,0,0
-1547,637,1171,-4003,12723,-7160,0,0
-527,1261,82,-1062,8712,-6399,0,0
417,2331,-753,1038,1736,-1075,0,0
874,585,-612,645,-186,1249,0,0
689,693,-207,-127,980,2357,0,0
-20,1967,48,-458,1174,1463,0,0
-434,1309,4,452,841,-333,0,0
-236,-1726,110,-276,2296,-2401,0,0
584,-4677,32,-2937,8446,-5900,0,0
1367,-4844,-311,-6983,12588,-10918,0,0
2691,-4274,-2085,-8282,14278,-10044,0,0
3447,-4984,-4405,-7782,13612,-4509,0,0
2533,-3533,-5853,-4122,9229,99,0,0
1368,-1229,-6404,-1170,6135,973,0,0
1225,-405,-6849,-330,7020,1436,0,0
775,-1139,-7081,-148,7848,1604,0,0
-242,-1592,-7138,134,6905,1334,0,0
-1178,-2905,-6932,191,5740,1801,0,0
-2032,-4351,-6600,-510,4608,1910,0,0
-3235,-5049,-5763,-214,2419,890,0,0
-4768,-3612,-4033,904,-1098,-2277,0,0
-5156,-780,-2843,1975,-2814,-6729,0,0
-3528,-737,-2226,4135,-3698,-12058,0,0
-1473,275,-47,2651,-3248,-11060,0,0
414,1783,1783,382,95,-7477,0,0
2308,1264,1876,5,968,-3031,0,0
3297,1179,1772,265,673,-1376,0,0
3774,1272,1832,495,401,-1347,0,0
3911,1819,2145,-1257,-379,280,0,0
3109,3379,3776,-2038,-2784,579,0,0
1839,4130,5017,-2199,-4924,318,0,0
556,4377,5051,-1761,-2737,1221,0,0
-1226,3518,5507,-1808,4373,712,0,0
-2049,3141,6052,-2798,8450,380,0,0
-2560,2812,6526,-2727,5978,388,0,0
-3202,1961,5623,-2253,4953,-155,0,0
-3611,818,4360,-2724,5462,-1004,0,0
-3700,917,3519,-3724,4046,-2433,0,0
-3565,1457,2746,-3702,4665,-2273,0,0
-3281,680,2282,-4642,9023,-4866,0,0
-2635,430,2481,-5208,10924,-4529,0,0
-2167,2100,2077,-4812,12580,-6307,0,0
-1296,2204,793,-3403,1946,-10783,0,0
564,428,-465,-1805,296,-2826,0,0
1428,259,-714,-1661,2701,-2259,0,0
1777,-1961,-912,-3853,4022,-5041,0,0
2454,-2729,-1446,-5540,6145,-8407,0,0
3726,-4035,-3721,-7006,12087,-7274,0,0
3869,-4191,-6306,-7323,16119,-4088,0,0
2369,-2745,-6218,-5907,11146,-789,0,0
1041,-1833,-5135,-3736,5135,980,0,0
328,-1677,-5616,-1624,3936,1943,0,0
-539,-2738,-6602,-1374,4723,2316,0,0
-1686,-2679,-6945,-846,5902,2007,0,0
-2919,-3254,-6880,212,6534,2166,0,0
-4396,-4001,-6243,-157,5794,902,0,0
-5108,-2726,-4762,1158,3936,-1802,0,0
-4317,-1621,-3310,454,2555,-4575,0,0
-2852,-255,-2297,1920,919,-9212,0,0
-958,1404,-812,4267,-3282,-12661,0,0
1050,2109,685,4865,-5020,-12370,0,0
2408,2222,2193,4111,-6190,-9008,0,0
3161,3639,3882,2709,-3752,-4596,0,0
3167,4812,5808,261,1981,-755,0,0
2079,4352,7108,-1612,6692,1282,0,0
172,5239,7657,-2406,6707,1432,0,0
-1920,6819,6619,-1203,5612,1508,0,0
-3280,5089,4667,-849,5636,640,0,0
-3608,1741,3609,-2087,5878,-345,0,0
-3611,-187,3083,-2828,4794,-735,0,0
-3588,-963,2879,-4324,4866,-886,0,0
-3933,-1039,2903,-5324,6884,-1330,0,0
-5170,-1390,3952,-7833,9151,-4025,0,0
-4574,-1268,4731,-8877,15253,-5336,0,0
-3540,-770,3949,-9054,13527,-7458,0,0
-2989,957,875,-6326,2726,-11136,0,0
-314,3366,-1141,-1448,1299,-7137,0,0
1584,2212,-557,-255,3080,-1084,0,0
1946,15,-623,226,4611,179,0,0
1598,-876,-598,-27,4470,1137,0,0
889,-294,39,-898,3187,-762,0,0
776,-1064,455,-2005,2213,-2461,0,0
1193,-3476,-192,-4521,2964,-4855,0,0
1786,-4596,-1724,-7673,5316,-6335,0,0
2433,-3350,-3545,-9622,9708,-5249,0,0
2530,-2135,-5085,-8528,12672,-3285,0,0
1617,-2285,-5815,-6703,11089,-877,0,0
230,-2282,-5460,-4710,6026,521,0,0
-665,-1462,-5236,-1865,3530,933,0,0
-1212,-1926,-5838,-520,3809,1362,0,0
-1942,-2760,-6315,-648,4116,1512,0,0
-2829,-2884,-6270,-443,4783,1454,0,0
-3843,-2400,-5585,-196,4844,1159,0,0
-4565,-1870,-4691,-134,4061,-147,0,0
-4547,-1927,-3834,247,2508,-1719,0,0
-3881,-1201,-3022,1299,1986,-6560,0,0
-1963,-2,-2147,3475,-892,-10784,0,0
302,1593,-685,5104,-3567,-12186,0,0
2271,1506,942,5069,-3463,-10617,0,0
3352,1973,2283,5016,-4510,-6661,0,0
3681,3590,4761,1764,-562,-1566,0,0
2855,4297,7501,-1303,6026,967,0,0
1331,5262,9222,-2797,9459,2007,0,0
-998,7487,9318,-3091,8469,1992,0,0
-3327,7433,7549,-1695,8049,1281,0,0
-4627,3638,5806,-1859,7881,-191,0,0
-4600,20,4364,-2541,6866,-1827,0,0
-3892,-1881,3182,-4331,5479,-1788,0,0
-3752,-1580,2844,-6698,7268,-2185,0,0
-3778,-1194,3291,-7361,11601,-4562,0,0
-3281,-1399,2850,-8188,11420,-5568,0,0
-2513,1456,1465,-9386,11735,-11403,0,0
-486,1782,242,-1480,5200,-8085,0,0
1419,2113,-764,1876,1579,-1881,0,0
1959,-148,-1250,267,1724,968,0,0
1441,73,-1129,428,1858,2229,0,0
690,1026,-581,608,1252,680,0,0
551,-982,209,-1103,1439,-2313,0,0
837,-4092,474,-3080,3295,-5112,0,0
1771,-5259,27,-8382,7655,-8085,0,0
2616,-4271,-2583,-10405,10772,-6955,0,0
2761,-3654,-5294,-10116,13711,-2597,0,0
1488,-2533,-5497,-7556,11114,-331,0,0
167,-2683,-5334,-4464,6647,624,0,0
-935,-2278,-5663,-1695,4536,1143,0,0
-1570,-1162,-6077,-688,5109,987,0,0
-1983,-1826,-6170,-86,5268,1400,0,0
-2996,-2492,-5935,294,5758,1501,0,0
-4168,-3070,-5849,698,6139,960,0,0
-4799,-3376,-4902,644,4415,-2288,0,0
-4710,-2612,-3590,1094,3555,-2219,0,0
-3954,-2107,-2964,342,2458,-6091,0,0
-2480,195,-2191,1877,-2019,-10848,0,0
-422,1964,-802,3707,-6123,-13624,0,0
1801,2338,271,4371,-6176,-11352,0,0
3048,1325,1246,5290,-5740,-7521,0,0
3998,1012,3468,1924,-554,-2731,0,0
4128,2359,5663,-1305,4854,293,0,0
3511,4931,6995,-1779,7942,1725,0,0
1680,6387,7590,-1398,7686,1583,0,0
19,4229,6551,-640,6730,1869,0,0
-1821,1944,5605,-3456,5982,-465,0,0
-2364,1645,5191,-4696,4888,-927,0,0
-2990,1506,4459,-5616,7701,-670,0,0
-4031,1459,4673,-7756,10251,-3651,0,0
-4363,1102,4741,-8813,11617,-6165,0,0
-3223,899,3007,-7702,9633,-7649,0,0
-1787,-362,1019,-6455,6436,-7981,0,0
-472,138,-400,-4024,2828,-5427,0,0
788,1052,-1367,-1005,2235,-2092,0,0
1235,520,-1414,-2,3850,-485,0,0
1166,325,-1233,974,4734,148,0,0
815,-150,-740,616,3801,708,0,0
197,541,-357,-419,3453,769,0,0
-393,1464,-65,-479,3380,376,0,0
-740,1280,220,-1110,3517,-401,0,0
-790,369,240,-1180,2868,-421,0,0
-898,310,375,-1495,1997,-418,0,0
-1009,958,444,-1261,1316,-1072,0,0
-705,832,729,-1639,1570,-3128,0,0
1,-625,1104,-3533,6172,-6757,0,0
1435,-2133,743,-5810,11163,-12151,0,0
3239,-4653,-3472,-7827,13591,-9453,0,0
3895,-4792,-4483,-8518,15523,-4770,0,0
3030,-2560,-5432,-4715,11312,-925,0,0
1936,-2463,-5720,-1779,7204,1265,0,0
1131,-2843,-6695,-222,5435,2522,0,0
-120,-3019,-7055,-838,5826,1923,0,0
-1368,-2457,-7253,-812,7370,1097,0,0
-2592,-3404,-7259,-7,7449,1669,0,0
-4182,-4587,-6697,78,6269,1531,0,0
-5140,-4115,-5316,356,4355,560,0,0
-5263,-2773,-3731,161,2939,-2411,0,0
-4330,-948,-2461,1657,849,-8270,0,0
-2439,899,-1241,3573,-1668,-13652,0,0
189,1743,216,5949,-3237,-15455,0,0
2227,1952,2388,5702,-3623,-12358,0,0
3766,2859,4868,2824,-127,-5738,0,0
4717,3129,7019,-998,6334,-141,0,0
4617,3457,8703,-2627,11348,2713,0,0
2447,5347,10226,-3296,11334,2582,0,0
-536,6300,9201,-2047,10009,1820,0,0
-2732,4126,7035,-1650,8236,1166,0,0
-3796,1402,5222,-2941,7699,-533,0,0
-4000,769,4039,-5429,5329,-901,0,0
-4315,2692,3278,-5001,6304,-3770,0,0
-3265,-1097,2949,-5986,10629,-4432,0,0
-2691,-2166,3065,-8416,11313,-5246,0,0
-1866,2465,1319,-9685,10620,-15229,0,0
394,4276,-1215,-1912,8685,-3621,0,0
1305,871,-1531,267,3071,-1459,0,0
1413,-1836,-1477,62,842,-579,0,0
1597,-1607,-1601,143,2473,420,0,0
1396,-1698,-1433,-132,3495,921,0,0
837,-623,-1242,-282,3430,600,0,0
346,731,-796,376,3935,593,0,0
-222,1272,-100,-214,5651,418,0,0
-752,1011,480,-550,4838,-314,0,0
-1088,249,986,-917,2603,-446,0,0
-1212,84,1038,-1122,2213,-303,0,0
-1337,763,1149,-1244,2220,-67,0,0
-1522,1471,1276,-1182,1922,-656,0,0
-1453,1287,1346,-1189,2493,-3644,0,0
-582,-505,1497,-4636,6304,-8811,0,0
1066,-2672,520,-5427,11097,-12275,0,0
3166,-5412,-2358,-9057,14577,-9410,0,0
3715,-4523,-5055,-7776,17126,-5054,0,0
2939,-4111,-5704,-4809,12633,-999,0,0
1595,-3801,-6003,-1650,7956,545,0,0
456,-2848,-6581,-39,6859,1153,0,0
-526,-2544,-7116,254,7467,1215,0,0
-1932,-2410,-7374,299,8041,1019,0,0
-3206,-1551,-6964,2143,7369,1141,0,0
-3782,-2250,-5992,2889,5310,208,0,0
-3665,-4514,-5027,1899,4421,-122,0,0
-3582,-5165,-3873,894,2578,-3022,0,0
-2992,-1865,-2192,714,-2090,-6449,0,0
-2032,1476,-910,1973,-7273,-12413,0,0
354,2217,279,3853,-7855,-11721,0,0
2014,2234,1756,4113,-6543,-9266,0,0
3276,3265,3749,1740,-660,-3796,0,0
3483,3967,5606,-667,5465,395,0,0
2675,5679,7199,-1892,8916,2070,0,0
244,7571,7994,-1634,7751,2317,0,0
-2349,6542,7009,-1039,7483,1205,0,0
-3731,3218,5719,-2249,7568,147,0,0
-4241,935,4578,-3568,6779,-130,0,0
-4481,143,3570,-3434,5028,-1780,0,0
-4191,-965,3358,-6722,7115,-1382,0,0
-4135,-411,3982,-7542,12640,-5471,0,0
-3405,-1431,3635,-8067,12820,-5255,0,0
-2372,415,2117,-11173,11429,-13756,0,0
-501,2812,-609,-3886,3289,-6407,0,0
1238,1522,-1888,231,999,-1209,0,0
1923,-1257,-1330,-927,1904,-135,0,0
1818,22,-1172,-1250,3572,911,0,0
1298,1690,-1019,-155,4914,607,0,0
772,1244,-421,267,5722,607,0,0
-19,489,30,302,4494,223,0,0
-565,-151,333,-287,2664,-253,0,0
-817,-422,459,-511,2012,-70,0,0
-1054,266,690,-776,2435,95,0,0
-1364,1453,914,-1115,2678,-218,0,0
-1487,1704,1040,-820,2211,-2091,0,0
-960,-837,1366,-1924,2332,-3526,0,0
-136,-1965,1300,-5451,7422,-7272,0,0
1279,-1374,-164,-7387,9972,-11635,0,0
2981,-3160,-3203,-7453,14346,-9712,0,0
3547,-4286,-5325,-7325,15426,-7256,0,0
2877,-2661,-5481,-4470,11298,-1270,0,0
2006,-2002,-5537,-1823,7318,926,0,0
1486,-2096,-6037,-486,5940,1957,0,0
455,-2946,-6218,-683,6090,2093,0,0
-1028,-2235,-6612,-101,7393,1287,0,0
-2479,-2354,-7200,1632,7895,1150,0,0
-3979,-4458,-7375,1872,6294,853,0,0
-4867,-4963,-6495,567,4828,699,0,0
-4932,-2029,-4379,1209,2621,-4643,0,0
-3353,1051,-2061,3983,-1807,-12512,0,0
-463,2170,-43,6206,-5250,-14642,0,0
2329,970,1076,7153,-4569,-11629,0,0
4074,281,3125,4009,-3018,-5494,0,0
4732,1490,6034,-826,4439,-200,0,0
4361,3813,7840,-2352,9625,1756,0,0
2574,8248,8785,-2759,9072,2909,0,0
-1108,9779,7971,-540,7493,2185,0,0
-3553,4809,6303,-681,8360,536,0,0
-3889,-369,4917,-2965,7818,25,0,0
-3830,-1471,3962,-4121,6525,-560,0,0
-3986,-294,3386,-5866,8022,-2165,0,0
-3798,-157,3301,-8298,11128,-3673,0,0
-3813,69,3894,-9713,12157,-7991,0,0
-2206,458,2955,-9678,9239,-12597,0,0
184,2241,227,-5032,6536,-7254,0,0
1367,3271,-1694,181,3460,-1558,0,0
1654,-211,-1381,648,736,-483,0,0
1791,-1450,-1289,-372,2593,1335,0,0
1318,52,-1197,-330,4984,1329,0,0
610,774,-796,601,5387,753,0,0
-135,218,-236,-74,3542,1022,0,0
-822,537,143,-484,2583,265,0,0
-1056,442,451,-862,2869,-173,0,0
-1259,31,571,-1049,2410,1,0,0
-1579,598,804,-1610,1485,-1379,0,0
-1402,2403,824,-2014,1146,-5545,0,0
-256,1861,672,-921,6725,-9738,0,0
2400,-1890,817,-2975,13444,-13493,0,0
4448,-4833,-1080,-7514,15568,-10342,0,0
4918,-3022,-3468,-6464,14717,-5162,0,0
4320,-2319,-4207,-3997,9788,-794,0,0
3478,-2646,-5376,-1488,7388,889,0,0
2757,-3818,-6754,-1101,6625,2052,0,0
1274,-4189,-7636,-1565,7356,2044,0,0
-446,-3658,-7935,270,8955,1581,0,0
-2715,-6291,-8000,1382,7710,2200,0,0
-4883,-6370,-7092,1151,4872,1623,0,0
-5437,-3780,-4716,467,3189,-1945,0,0
-4497,-142,-2345,1217,1609,-9121,0,0
-3848,2434,-889,4600,-1499,-16090,0,0
1763,1507,-221,7546,-3625,-14128,0,0
3745,1715,1034,6508,-4894,-8464,0,0
3809,5622,4543,2850,-30,-2216,0,0
1750,6428,7953,-726,7121,1350,0,0
-1189,6667,10149,-2586,11314,2409,0,0
-3606,7855,9296,-2652,10882,1396,0,0
-4420,3043,5941,-1407,8349,1638,0,0
-4694,-1647,4602,-2953,8653,-1165,0,0
-3858,-2854,4283,-4690,6042,81,0,0
-4083,441,3736,-5767,4862,-2255,0,0
-3780,1877,2907,-5283,9689,-2651,0,0
-3925,410,3760,-5770,10892,-7225,0,0
-2742,-1227,3880,-7873,12937,-6823,0,0
-1634,2975,2124,-7738,9136,-12165,0,0
221,4067,-873,-1131,4946,-4607,0,0
1160,397,-2131,559,1571,-673,0,0
1384,-1028,-1539,247,1435,-225,0,0
1459,-2840,-1183,755,3829,1330,0,0
886,-47,-800,157,5045,1696,0,0
59,1031,-532,307,4115,1235,0,0
-622,867,-173,-185,3061,869,0,0
-1105,1183,108,-1787,3291,396,0,0
-1429,2142,-30,-1038,3481,-308,0,0
-1345,1178,117,-450,2732,-1374,0,0
-966,-818,671,-992,1007,-3568,0,0
-213,-2605,1084,-2567,2573,-6973,0,0
1388,-3329,506,-3023,8707,-11972,0,0
3556,-5482,-627,-7378,13853,-9731,0,0
4602,-5094,-3515,-9557,16534,-6474,0,0
4011,-2980,-5234,-7333,13852,-1134,0,0
2703,-1472,-5448,-4178,8896,1924,0,0
1714,-1821,-6337,-1959,6888,1832,0,0
713,-3516,-7469,-1106,7761,1990,0,0
-3612,-5464,-8348,1624,10020,3049,0,0
-5839,-5026,-7287,2382,6573,978,0,0
-5465,-3668,-4574,774,3851,-226,0,0
-4846,-1964,-2726,-725,3447,-5697,0,0
-3281,812,-1165,717,798,-12007,0,0
-828,2231,-234,5126,-2938,-16619,0,0
2418,546,396,7299,-5909,-13578,0,0
4191,456,2781,4275,-3880,-7177,0,0
4709,2205,5695,-563,4207,-1456,0,0
4364,3775,7239,-2513,9381,1675,0,0
3190,5631,8027,-2527,9347,2585,0,0
1278,4483,7144,-1275,7159,2484,0,0
-331,2513,5945,-1076,7248,1164,0,0
-1195,1278,5592,-2828,7014,459,0,0
-2142,2099,5432,-4552,5335,1003,0,0
-3862,4262,4684,-4420,7816,-532,0,0
-4806,3710,3861,-6775,11566,-2557,0,0
-5216,2025,3561,-6081,11399,-7875,0,0
-3699,-1109,2324,-7786,11819,-8680,0,0
-1949,1165,1122,-7854,7612,-15070,0,0
774,3164,-930,-654,4742,-3852,0,0
1986,197,-2220,-126,2592,-1199,0,0
1977,-1169,-1768,352,2584,392,0,0
1759,-875,-1123,689,3147,1558,0,0
1140,-1493,-473,-604,3233,-355,0,0
883,-2736,23,-2091,3863,-2345,0,0
1254,-4121,-75,-5652,4142,-4436,0,0
1781,-4330,-1367,-9218,4532,-5369,0,0
2177,-2994,-3839,-10577,7940,-3839,0,0
2105,-2052,-6425,-8810,12590,-2117,0,0
1146,-2385,-6867,-6309,10660,166,0,0
-122,-2604,-5559,-4326,4058,1373,0,0
-626,-1426,-4266,-1382,1263,1554,0,0
-1087,-2471,-4450,755,1644,2358,0,0
-2248,-1786,-4664,-255,3836,2113,0,0
-3273,-696,-4672,426,4342,852,0,0
-4116,-1383,-5196,-560,3795,791,0,0
-4697,38,-4639,-1061,3124,230,0,0
-4448,-589,-4042,1,1968,-2738,0,0
-3288,-720,-3093,1209,-208,-5345,0,0
-1679,979,-1958,3759,-795,-8910,0,0
177,1092,-554,5827,-3083,-10539,0,0
1729,1670,834,7758,-4531,-10860,0,0
2995,1050,2375,6897,-6490,-6948,0,0
3254,2023,5101,1744,-1067,-2328,0,0
2955,4209,7394,-1316,6215,478,0,0
1766,6673,8559,-2153,7966,2722,0,0
-1164,8081,8531,-1425,7343,2147,0,0
-3057,5249,6402,-920,7550,1294,0,0
-3654,911,4417,-2612,7092,871,0,0
-3968,-927,3434,-3338,6009,-305,0,0
-4229,-741,2852,-5212,4115,-393,0,0
-4671,1490,2211,-4998,7113,-3092,0,0
-4299,-538,2547,-6372,9013,-5064,0,0
-3984,-1437,3414,-8027,13298,-6630,0,0
-3104,320,3057,-7490,12205,-9225,0,0
-1845,1593,1159,-6959,3155,-10973,0,0
451,2593,-619,-902,1960,-3419,0,0
1339,915,-451,435,1644,981,0,0
1174,507,-76,14,2741,2757,0,0
401,1200,-27,626,3310,2011,0,0
-445,179,270,-114,3603,142,0,0
-874,-918,647,-657,1954,-1826,0,0
-533,-1691,760,-2159,1059,-3287,0,0
387,-1880,44,-4411,6534,-8449,0,0
1998,-3148,-687,-6578,11344,-11455,0,0
3474,-5123,-2853,-9464,14639,-7165,0,0
3467,-4143,-5251,-8323,15358,-2869,0,0
2239,-2363,-5712,-4709,10129,484,0,0
1061,-2013,-6129,-2538,6598,2181,0,0
422,-838,-7238,-1409,6162,2281,0,0
102,-786,-7788,-956,7231,2058,0,0
-915,-2524,-8293,-257,8811,2234,0,0
-2928,-5249,-8381,775,7927,1858,0,0
-4843,-5728,-6989,656,5157,1457,0,0
-5253,-3832,-4766,621,3511,-1135,0,0
-4412,-1598,-2582,162,2666,-6513,0,0
-2843,562,-740,2042,730,-12839,0,0
-333,2079,446,5000,-2604,-16136,0,0
2748,1577,1034,6472,-4503,-13344,0,0
4761,1570,2944,3666,-3210,-6610,0,0
5304,3367,5971,-1189,4233,-771,0,0
4921,4663,8018,-2989,10349,2170,0,0
3084,6804,9185,-3359,9650,2970,0,0
-166,7835,8079,-1691,7303,2251,0,0
-2698,5987,5972,-954,7341,1234,0,0
-3796,1966,4758,-2460,7121,-72,0,0
-3878,-496,3987,-3784,5561,-1076,0,0
-4226,248,3323,-5667,4381,-149,0,0
-4524,2081,2562,-5726,8237,-4046,0,0
-3895,-194,2651,-6836,10967,-5513,0,0
-3338,150,2406,-7794,13267,-7359,0,0
-2027,4227,1004,-7568,10432,-15688,0,0
573,3439,-1016,1260,4618,-4884,0,0
2059,-3078,-1047,-791,1527,-1012,0,0
1946,-1323,-1124,-518,1634,392,0,0
1897,105,-745,549,2435,1365,0,0
1517,-1952,-314,682,2950,901,0,0
1031,-4041,412,-917,2983,-432,0,0
807,-4990,1060,-4217,1883,-1869,0,0
1313,-4495,637,-10364,3757,-3615,0,0
1205,-3569,-2252,-12397,7840,-4119,0,0
658,-2652,-5902,-11593,12350,-822,0,0
-321,-838,-6232,-8628,11543,885,0,0
-999,-618,-5679,-5528,6598,1568,0,0
-1069,1837,-4525,-1754,3337,478,0,0
-846,-35,-4612,-174,2884,1757,0,0
-1711,-2128,-5960,-363,4711,2150,0,0
-2836,-1847,-6831,-391,5629,1904,0,0
-3547,-2017,-6740,-13,5155,1534,0,0
-4184,-2696,-5724,-40,3902,867,0,0
-4614,-2233,-4480,-845,3632,-945,0,0
-4559,-1319,-3738,-93,2417,-4654,0,0
-3741,867,-2315,2789,150,-11064,0,0
-1061,2233,-483,6314,-1706,-14304,0,0
2274,1787,1189,7358,-2798,-12597,0,0
4425,-237,1705,6107,-3883,-7548,0,0
4919,12,3574,1006,99,-2423,0,0
4503,1788,6353,-2482,5456,1224,0,0
3746,2939,7425,-3300,8540,2540,0,0
2490,4156,6843,-2883,7105,2866,0,0
631,4661,5890,-1764,5646,2444,0,0
-1128,3880,5558,-2132,5591,1571,0,0
-2313,2426,5548,-2906,5615,827,0,0
-2838,372,5179,-3945,4752,86,0,0
-3470,-317,5107,-7833,5781,-261,0,0
-4395,2406,5063,-8736,9992,-4105,0,0
-3638,2149,3892,-8575,12770,-6111,0,0
-2790,250,3080,-8056,11655,-8590,0,0
-1927,1607,1227,-6993,5648,-10930,0,0
354,3358,-917,-247,3119,-4615,0,0
1593,15,-482,693,763,-625,0,0
1747,231,-216,846,1453,3909,0,0
958,1142,140,1635,1491,4318,0,0
-483,-428,717,293,510,2231,0,0
-1359,-1831,947,-825,1138,-485,0,0
-568,-3277,811,-6082,7240,-5629,0,0
462,-2505,448,-7377,13601,-11957,0,0
1838,-1173,-2406,-11739,13983,-7115,0,0
2123,-2353,-5250,-10305,12619,-3118,0,0
1927,67,-5882,-4985,9191,-1322,0,0
1878,-1495,-6760,-2527,7713,1058,0,0
1560,-1566,-7967,-975,9200,3575,0,0
113,-1572,-8656,-351,10232,3300,0,0
-1986,-2749,-8922,356,9465,2779,0,0
-3877,-4238,-8483,783,7407,2516,0,0
-5056,-3551,-6949,467,4392,1217,0,0
-5011,-1262,-4665,776,1888,-2762,0,0
-3884,-142,-2603,2801,2187,-10346,0,0
-1797,972,-1300,7054,-1489,-15437,0,0
854,643,-134,9174,-2890,-15760,0,0
3281,-101,2680,3415,-1315,-8254,0,0
4718,1375,5400,-523,3678,-1937,0,0
5722,2119,6854,-1415,8324,1378,0,0
5592,2682,8050,-1426,9324,3823,0,0
3402,4008,8297,-1538,8097,3325,0,0
651,5402,7424,-1049,7135,1959,0,0
-1523,3982,6327,-1931,6787,1444,0,0
-2824,1822,4955,-3247,5936,527,0,0
-3396,920,3946,-5647,6617,-1460,0,0
-3570,1269,3716,-7686,10734,-2762,0,0
-3640,1240,3972,-8471,13942,-6087,0,0
-2691,-22,4085,-9050,11744,-6967,0,0
-1452,1716,2268,-11274,5484,-12851,0,0
486,4410,-1170,-1694,3640,-2457,0,0
1036,2854,-1018,1114,1138,2275,0,0
622,1631,-259,436,-248,2480,0,0
62,1196,-610,212,415,1637,0,0
-258,-117,-404,359,1210,-756,0,0
-36,-3070,55,-1466,2608,-3687,0,0
502,-3702,-49,-6246,8784,-8199,0,0
1917,-2579,-1368,-7845,13789,-10988,0,0
3067,-3986,-3348,-8978,14561,-7039,0,0
2909,-2493,-4450,-7590,11186,-1607,0,0
2292,-121,-4758,-3636,7049,160,0,0
2148,-1005,-5637,-972,6045,1118,0,0
1727,-3057,-6940,-836,6465,2413,0,0
197,-3411,-7846,-1005,7388,1960,0,0
-1432,-3445,-8183,514,8229,1805,0,0
-778,-4475,344,-1778,2020,-129,0,0
-2356,1822,-563,4734,-3143,-15951,0,0
748,1518,362,7369,-4221,-15609,0,0
3080,808,2082,5663,-3535,-10196,0,0
4675,1976,5173,1515,2262,-3607,0,0
5626,2472,6958,-1285,8557,759,0,0
5404,4936,8335,-2202,10389,3038,0,0
2739,8335,9237,-1807,8703,2655,0,0
-649,7895,7686,-371,8169,1948,0,0
-4807,3483,2350,-5130,8266,-3402,0,0
-4552,831,2344,-5957,11983,-7209,0,0
-3254,-1204,2413,-7158,12897,-7659,0,0
-1972,1102,1782,-8124,9665,-10585,0,0
-264,1981,-145,-1430,5910,-6829,0,0
1074,1984,-871,1776,3153,-134,0,0
1023,-264,-781,889,1075,2406,0,0
501,508,-379,1371,987,2540,0,0
-187,-71,15,264,859,1961,0,0
-835,-174,430,-905,987,-510,0,0
-571,-1069,797,-3554,3111,-3563,0,0
403,-1603,446,-5180,10087,-10300,0,0
1588,-3960,-965,-6992,14857,-9508,0,0
2170,-4359,-4132,-11607,14644,-5738,0,0
1897,-3970,-6205,-9600,13856,-3887,0,0
1653,-2642,-6591,-5453,11177,542,0,0
1049,-2565,-6322,-1882,8352,3092,0,0
-286,-1582,-6910,-1117,9776,2546,0,0
-1760,-439,-8337,-41,12339,2106,0,0
-3673,-1778,-9266,1700,12287,1836,0,0
-5443,-3202,-7477,1247,7996,-516,0,0
-5409,-2344,-6363,2476,6876,-3900,0,0
-4862,-317,-3710,4584,1765,-8149,0,0
-3367,1867,-678,8992,-1186,-17104,0,0
610,1853,1214,10637,-1218,-17515,0,0
4138,-353,2235,7821,-653,-11528,0,0
6363,-222,3949,2063,3364,-3183,0,0
7164,2522,6132,-742,10021,991,0,0
6255,6128,8542,-2323,12160,1991,0,0
3278,8989,9900,-2509,10470,1742,0,0
-188,7945,8310,-257,8951,1734,0,0
-2786,4275,6564,-1265,10107,250,0,0
-3530,1102,5300,-3756,8962,-1042,0,0
-3936,1137,4109,-5789,6493,-1124,0,0
-4542,2100,3191,-6539,10160,-3484,0,0
-4452,177,3766,-8064,12088,-5576,0,0
-3521,57,4129,-9061,15806,-5990,0,0
-2874,2660,2682,-7837,8073,-14204,0,0
-186,1013,-3,-6267,2419,-7112,0,0
1289,2015,-1650,310,2313,-373,0,0
1695,503,-1085,1826,2124,559,0,0
1586,-2395,-332,-2,2781,2087,0,0
871,-1068,62,-682,3002,-602,0,0
666,-1367,534,-2593,3913,-3756,0,0
1115,-3031,-32,-5143,4702,-6696,0,0
1998,-5096,-1906,-9110,5375,-6839,0,0
2624,-4762,-4852,-10698,10065,-4342,0,0
2184,-3111,-6730,-9303,14215,-1713,0,0
934,-1925,-7044,-7419,11488,371,0,0
-222,-1017,-6426,-5470,5738,717,0,0
-740,-484,-5952,-2901,3626,1264,0,0
-879,-140,-6539,-1115,4743,1218,0,0
-1136,-1198,-6984,-572,5583,1496,0,0
-1990,-3291,-7066,315,6050,1507,0,0
-2991,-4669,-6595,522,5120,1402,0,0
-4303,-4240,-5583,-542,4648,643,0,0
-5170,-2777,-4177,1455,3963,-2771,0,0
-4663,-1307,-2135,2041,3308,-5721,0,0
-2904,869,-394,3860,1974,-13629,0,0
276,1792,1316,5318,-692,-15143,0,0
3160,929,1830,6203,-2291,-13118,0,0
5195,-170,2496,4629,-2729,-7966,0,0
6247,505,4233,-60,1378,-1092,0,0
6295,2251,5552,-3102,7237,2816,0,0
4971,6075,6713,-3291,7504,3654,0,0
1634,9039,7540,-1818,5561,3051,0,0
-1678,8600,6671,-986,5963,1878,0,0
-4367,12,3362,-3911,5412,-1456,0,0
-5149,803,2807,-5713,8532,-1881,0,0
-5845,1321,3018,-5659,12080,-6569,0,0
-4696,-1872,3892,-7698,13999,-6904,0,0
-3335,-1344,3551,-7901,9282,-8292,0,0
-2109,1786,1138,-6606,4819,-11393,0,0
280,2248,-564,-2616,3131,-7033,0,0
1623,834,-1046,-1000,3230,-902,0,0
1799,515,-1416,662,3818,2033,0,0
1235,559,-728,989,2638,3850,0,0
38,1311,-231,784,2155,3370,0,0
-1123,1083,186,147,2703,1718,0,0
-1749,-175,701,-170,2914,-1326,0,0
-1128,-2345,1212,-1991,2287,-5160,0,0
201,-2855,838,-4466,5024,-10826,0,0
2503,-4199,6,-6099,11878,-11435,0,0
3887,-6176,-2842,-10567,15353,-6081,0,0
3529,-3299,-5785,-9120,15707,-3519,0,0
2579,-1722,-6072,-5742,10701,-304,0,0
1607,-1820,-6202,-3566,7418,1534,0,0
971,-819,-7247,-1904,7916,1898,0,0
501,-764,-8121,-1838,9116,2581,0,0
-224,-1161,-8520,-667,10496,2345,0,0
-1277,-3803,-8864,411,9142,1887,0,0
-2953,-5576,-8459,-198,6645,1269,0,0
-4748,-4307,-6731,634,5612,-2201,0,0
-4720,-224,-4255,3829,3121,-8005,0,0
-2430,1349,-1768,9703,-215,-15205,0,0
1723,90,204,12512,-893,-15142,0,0
4538,-2559,1268,8921,-1434,-10435,0,0
5775,-1033,3899,2079,2114,-2133,0,0
5880,3183,6718,-2088,7230,1512,0,0
5183,6697,9087,-3254,11031,886,0,0
3208,8851,9461,-2464,9877,2436,0,0
-252,8011,8035,-619,8461,1362,0,0
-2416,3779,6549,-1747,9113,-289,0,0
-3001,990,5190,-4249,7919,-204,0,0
-3949,2071,3969,-4860,5365,-1885,0,0
-4396,1517,3245,-6948,8835,-3541,0,0
-3954,292,3299,-6891,10380,-6545,0,0
-2705,-1385,3465,-9702,13894,-5449,0,0
-2459,1955,2114,-8190,8864,-6401,0,0
-2001,5441,-893,-4413,4217,-6512,0,0
-506,5377,-1581,1920,2451,-5299,0,0
1079,381,-742,-546,700,-1720,0,0
1586,-449,-1024,-444,3179,457,0,0
1519,-87,-789,627,4232,1427,0,0
901,-867,-169,624,3743,-1051,0,0
755,-2600,1058,-2398,4279,-4192,0,0
1505,-2771,1143,-5492,4784,-6582,0,0
2757,-3193,-733,-7254,4606,-6459,0,0
3391,-4229,-3461,-8506,6886,-5276,0,0
3234,-4503,-6096,-9091,11057,-2667,0,0
2135,-3465,-7738,-8271,14266,-347,0,0
179,-2252,-8078,-6102,9198,250,0,0
-1234,-1367,-6959,-3757,2220,806,0,0
-1534,-842,-5887,-1738,484,1456,0,0
-1738,-1104,-5935,-1017,3008,1622,0,0
-2156,-2185,-5885,-693,4867,1560,0,0
-2632,-4031,-5660,376,5110,1348,0,0
-3514,-4846,-5045,231,4760,699,0,0
-4475,-3979,-4219,527,3710,-960,0,0
-4603,-2901,-2915,716,3133,-1629,0,0
-3798,1053,-1945,839,4438,-10481,0,0
-70,1424,845,7497,1092,-15273,0,0
1660,426,1718,5088,-4946,-9606,0,0
1697,-97,2184,6238,-4902,-11289,0,0
3669,-840,3943,2202,-1076,-7180,0,0
5548,-947,5109,-3391,3764,607,0,0
6146,711,5396,-3617,6622,1448,0,0
6182,2123,5396,-2074,6210,2895,0,0
4715,3449,5431,-1725,5305,3287,0,0
2767,5306,5550,-1238,4593,2554,0,0
859,5767,6062,-1314,4783,1782,0,0
-735,4922,6027,-2107,5102,1109,0,0
-1846,2585,5191,-2491,5563,589,0,0
-2862,-170,4715,-6117,9800,-597,0,0
-3215,30,4952,-8164,12979,-1940,0,0
-2956,265,5799,-11462,15455,-3537,0,0
-3074,345,5089,-10423,7168,-5837,0,0
-2346,3088,1592,-11941,4022,-10989,0,0
-120,4118,-1363,-2953,1936,-4639,0,0
1479,3738,-1442,514,2966,-475,0,0
1729,-489,-1075,-1467,2879,1177,0,0
1219,523,-1166,-1805,2593,1048,0,0
794,2049,-1562,-1271,3696,592,0,0
448,2051,-2030,-1098,5765,374,0,0
66,1120,-2147,-1368,7129,-374,0,0
-338,-376,-1872,-1793,5265,-947,0,0
-662,-1617,-1851,-1603,3044,-632,0,0
-977,-1715,-1761,-1343,2252,-244,0,0
-1219,-635,-1400,-1467,1956,-167,0,0
-1331,210,-908,-1769,2118,-233,0,0
-1482,561,-278,-1920,2597,-525,0,0
-1436,1153,393,-2061,3469,-1326,0,0
-1285,1996,1076,-2873,4084,-3722,0,0
-943,3430,1657,-3174,4587,-4644,0,0
-122,1954,1519,-741,4289,-1622,0,0
474,-604,1584,-212,3564,-941,0,0
889,-3179,1557,-1666,3469,-995,0,0
1213,-4371,775,-2463,3594,-665,0,0
1366,-3619,249,-2318,3756,-480,0,0
1349,-2649,265,-2358,3580,-236,0,0
1067,-1247,635,-1977,3322,-43,0,0
735,-72,1066,-2043,3821,-84,0,0
435,638,1437,-2037,4234,-106,0,0
167,905,1571,-1959,4221,-2184,0,0
-137,941,1352,-1774,3760,-234,0,0
-451,925,899,-1747,3510,-468,0,0
-583,909,439,-1827,3765,-629,0,0
-592,675,130,-1938,3989,-622,0,0
-606,595,-124,-1950,4018,-668,0,0
-592,1145,-496,-1811,4022,-1211,0,0
-179,1402,-575,495,4155,-2998,0,0
312,9,-346,-642,3977,-1424,0,0
276,318,-606,-1498,4255,-940,0,0
229,62,-902,-1589,4236,-349,0,0
90,359,-989,-1455,3729,-80,0,0
-76,742,-883,-1443,3491,-350,0,0
-221,545,-822,-1699,3639,-450,0,0
-436,622,-847,-2078,3836,-431,0,0
-684,1116,-988,-2260,3804,-756,0,0
-593,1442,-1291,-2608,3800,-1337,0,0
-355,860,-1718,-2928,3858,-1518,0,0
-1,393,-2305,-3552,4321,-2347,0,0
515,-286,-3211,-4812,4276,-1884,0,0
616,10,-4244,-5833,4096,-2267,0,0
876,1016,-5152,-5985,3815,-2446,0,0
924,692,-6059,-5985,2840,-2187,0,0
649,454,-6856,-5308,1151,-868,0,0
41,863,-7177,-3619,-317,-484,0,0
-438,775,-7017,-1990,-1039,-504,0,0
-754,61,-6438,-1231,-2036,-423,0,0
-1117,-817,-5552,-602,-2211,-700,0,0
-1452,-2232,-4488,-314,-2473,-1032,0,0
-1572,-2332,-3479,-968,-2231,-921,0,0
-1420,-1694,-2721,-977,-1312,-1676,0,0
-1091,-1528,-2199,-1255,-683,-1793,0,0
-668,-2224,-1828,-1607,-917,-1813,0,0
-218,2759,-1299,713,-1779,-2928,0,0
111,2344,-634,890,-3467,-3455,0,0
53,1387,-612,704,-4029,-3117,0,0
-60,1897,-919,1632,-3641,-2626,0,0
-218,1866,-1121,2089,-3508,-2008,0,0
-357,1641,-1187,1907,-3007,-2159,0,0
-188,1834,-1205,2503,-2667,-2358,0,0
17,1206,-1114,2508,-2481,-1759,0,0
-58,1275,-926,2337,-1956,-1246,0,0
-197,2086,-729,2144,-1600,-1066,0,0
-411,2439,-637,2314,-1194,-1192,0,0
-551,1905,-413,2327,-939,-1013,0,0
-890,1480,394,3875,-1103,-621,0,0
-1064,-38,1725,3561,-1425,-996,0,0
-1119,-679,2877,2560,-2077,-945,0,0
-1252,-561,3516,1378,-2713,-2968,0,0
-1524,-1355,3615,589,-3155,-1102,0,0
-1660,-2505,3594,-116,-3223,-1038,0,0
-1515,-2611,4014,-963,-2875,-1130,0,0
-1181,-2512,4475,-3888,-2856,-1350,0,0
-645,-3441,4974,-2455,-2975,-1324,0,0
95,-4530,5345,-3914,-2717,-2101,0,0
1025,-4165,4915,-4641,-3011,-2273,0,0
1485,-2551,3761,-6240,-2966,-2051,0,0
729,-1143,2170,-5577,-2526,-2496,0,0
-485,-1055,695,-5000,-1863,-2815,0,0
-1012,-360,-64,-5090,-1600,-1663,0,0
-882,1499,-225,-4580,-956,-597,0,0
-678,2611,-184,-3935,-304,-369,0,0
-538,1994,102,-2884,-287,-938,0,0
-253,449,682,-3175,93,-1157,0,0
-40,63,1174,-3732,123,-1162,0,0
-139,182,1529,-3016,-203,-1056,0,0
-400,-152,1795,-3414,76,-1448,0,0
-539,-359,2030,-3349,249,-1556,0,0
-608,-215,2205,-4359,790,-1413,0,0
-776,285,2194,-3106,1031,-1301,0,0
-775,-572,2431,-4625,1913,-1722,0,0
-500,-157,2050,-5003,2464,-1815,0,0
-389,607,1799,-2427,1606,-1353,0,0
-385,-197,1852,-3021,2267,-1113,0,0
-287,-180,1530,-3695,2926,-1124,0,0
-301,169,1393,-2868,2798,-1108,0,0
-379,-200,1733,-3047,3299,-1349,0,0
-391,-591,1869,-2928,3709,-1418,0,0
-244,-498,1492,-2971,4107,-1248,0,0
-103,-105,811,-2549,3892,-975,0,0
-140,-68,419,-2331,3691,-1132,0,0
-149,-198,329,-2228,3598,-1236,0,0
-94,-269,292,-2125,3462,-996,0,0
-92,-141,239,-1994,3544,-844,0,0
-109,85,191,-1963,3659,-869,0,0
-122,223,162,-1914,3709,-952,0,0
-114,184,121,-1838,3625,-1029,0,0
-59,66,0,-1789,3594,-1004,0,0
-7,-9,-93,-1773,3575,-974,0,0
24,31,-97,-1731,3656,-917,0,0
15,-7,-33,-1696,3841,-842,0,0
-51,-137,136,-1818,3845,-867,0,0
-104,-156,358,-1941,3634,-967,0,0
-46,-42,393,-1860,3579,-947,0,0
39,-22,255,-1728,3579,-910,0,0
77,-143,106,-1782,3729,-862,0,0
78,-154,38,-1796,3806,-826,0,0
74,-77,-31,-1733,3784,-798,0,0
59,-43,-117,-1687,3734,-815,0,0
32,-37,-130,-1691,3657,-851,0,0
18,-17,-86,-1679,3690,-860,0,0
21,-28,-34,-1694,3763,-885,0,0
24,-57,31,-1742,3775,-921,0,0
25,-76,63,-1763,3743,-901,0,0
22,-41,35,-1767,3740,-853,0,0
-1,88,0,-1741,3764,-830,0,0
-32,159,-2,-1667,3752,-819,0,0
-50,131,-4,-1608,3696,-842,0,0
-43,60,-9,-1608,3725,-855,0,0
-25,27,1,-1624,3774,-866,0,0
-6,-6,15,-1658,3788,-874,0,0
19,-25,19,-1687,3772,-855,0,0
37,-9,21,-1675,3759,-842,0,0
44,-23,33,-1675,3741,-840,0,0
45,-41,42,-1667,3720,-837,0,0
35,-40,43,-1676,3712,-838,0,0
14,-7,51,-1663,3760,-843,0,0
-4,3,75,-1680,3772,-879,0,0
-2,13,81,-1653,3732,-879,0,0
8,4,26,-1611,3733,-835,0,0
3,3,-11,-1627,3800,-846,0,0
5,9,20,-1649,3790,-877,0,0
18,6,48,-1653,3720,-897,0,0
25,21,38,-1644,3691,-888,0,0
24,58,20,-1630,3742,-875,0,0
21,74,15,-1620,3769,-873,0,0
24,74,8,-1591,3799,-871,0,0
19,42,6,-1553,3715,-891,0,0
24,-6,-11,-1565,3663,-910,0,0
29,-28,-36,-1647,3735,-904,0,0
21,-29,-45,-1697,3781,-907,0,0
12,-34,-50,-1739,3767,-896,0,0
4,44,-46,-1704,3741,-906,0,0
6,115,-34,-1619,3770,-941,0,0
15,134,-4,-1530,3765,-956,0,0
20,110,18,-1483,3760,-944,0,0
28,83,26,-1481,3806,-947,0,0
23,47,39,-1492,3764,-962,0,0
24,16,40,-1527,3691,-988,0,0
42,-4,14,-1591,3726,-966,0,0
50,-30,9,-1631,3783,-952,0,0
49,-63,9,-1633,3734,-949,0,0
41,-47,-11,-1621,3688,-944,0,0
23,-3,-14,-1587,3709,-987,0,0
14,7,9,-1574,3713,-1019,0,0
15,23,25,-1560,3755,-992,0,0
13,36,17,-1557,3806,-964,0,0
6,21,3,-1528,3778,-965,0,0
-3,15,-6,-1494,3680,-995,0,0
3,15,-17,-1473,3684,-994,0,0
20,-15,-15,-1481,3752,-990,0,0
37,-85,-12,-1525,3799,-963,0,0
45,-117,-20,-1528,3746,-968,0,0
49,-131,-29,-1538,3732,-1006,0,0
56,-155,-20,-1576,3743,-1002,0,0
65,-163,-13,-1596,3719,-983,0,0
67,-155,-28,-1602,3708,-983,0,0
65,-137,-37,-1598,3764,-970,0,0
53,-135,-26,-1615,3745,-981,0,0
44,-96,-22,-1655,3795,-1002,0,0
43,10,-3,-1675,3887,-1044,0,0
78,62,0,-1578,3691,-1051,0,0
146,-67,-79,-1377,3408,-898,0,0
145,-378,-153,-1364,3619,-738,0,0
21,-551,-14,-1657,4009,-842,0,0
-105,-369,300,-1754,3921,-1111,0,0
-75,-303,427,-1887,3684,-1252,0,0
18,61,226,-1920,3619,-1070,0,0
38,478,-41,-1679,3767,-883,0,0
65,501,-247,-1465,3813,-837,0,0
97,239,-354,-1341,3786,-847,0,0
70,-133,-330,-1411,3740,-778,0,0
-51,-219,-178,-1531,3742,-829,0,0
-157,-88,78,-1550,3718,-1165,0,0
-102,-165,283,-1710,3736,-1359,0,0
-19,-27,275,-1941,3755,-1065,0,0
-22,476,124,-1694,3777,-877,0,0
-16,549,-83,-1435,3704,-792,0,0
-29,257,-2312,-1325,3770,-814,0,0
-111,-83,-313,-1513,3839,-822,0,0
-214,161,-194,-1541,3707,-938,0,0
-183,371,-18,-1442,3713,-1245,0,0
-12,123,51,-1630,3787,-1092,0,0
108,83,27,-1547,3802,-837,0,0
163,-34,-9,-1442,3796,-732,0,0
172,-269,6,-1477,3773,-710,0,0
95,-388,67,-1542,3681,-724,0,0
-24,-438,112,-1619,3569,-890,0,0
-35,-795,67,-1829,3620,-1157,0,0
-28,-817,-34,-2110,3689,-1103,0,0
-80,-57,-112,-1985,3695,-1002,0,0
-102,376,-151,-1749,3692,-896,0,0
-94,481,-129,-1642,3796,-795,0,0
-87,496,-49,-1518,3871,-841,0,0
-64,210,31,-1517,3774,-863,0,0
-30,5,26,-1617,3775,-856,0,0
-10,-4,-20,-1621,3694,-895,0,0
15,-99,-54,-1640,3663,-858,0,0
4,-149,-54,-1701,3819,-811,0,0
-50,-46,9,-1791,3980,-871,0,0
-88,141,85,-1760,3755,-972,0,0
-77,275,64,-1661,3533,-976,0,0
-36,285,-1,-1610,3572,-882,0,0
-5,210,-2,-1613,3820,-728,0,0
-29,167,73,-1679,4066,-730,0,0
-89,252,152,-1647,3836,-860,0,0
-97,307,102,-1588,3575,-947,0,0
-29,265,-16,-1499,3584,-951,0,0
38,142,-43,-1425,3649,-819,0,0
39,-1,-9,-1449,3811,-771,0,0
4,-64,35,-1517,3964,-869,0,0
-15,-71,38,-1459,3831,-924,0,0
-20,-106,-28,-1448,3704,-983,0,0
-16,-76,-10,-1526,3667,-996,0,0
11,-91,74,-1677,3795,-875,0,0
-3,-34,107,-1712,3887,-865,0,0
-15,39,52,-1661,3728,-854,0,0
-36,208,-94,-1587,3636,-806,0,0
-89,423,-172,-1443,3672,-860,0,0
-83,350,-109,-1388,3749,-879,0,0
-29,86,-1,-1451,3935,-871,0,0
15,-98,48,-1513,3936,-846,0,0
32,-135,18,-1508,3784,-892,0,0
45,-70,-85,-1451,3590,-853,0,0
55,-97,-151,-1436,3717,-865,0,0
77,-217,-79,-1507,3940,-876,0,0
76,-347,51,-1636,4019,-849,0,0
44,-359,192,-1762,3965,-880,0,0
21,-161,251,-1693,3737,-884,0,0
11,45,156,-1534,3502,-859,0,0
8,192,3,-1336,3386,-788,0,0
-24,113,-132,-1283,3578,-711,0,0
-80,-44,-120,-1524,4214,-690,0,0
-160,55,90,-1586,4367,-827,0,0
-157,106,245,-1476,3833,-961,0,0
-7,-18,136,-1371,3507,-934,0,0
98,-150,-29,-1339,3594,-830,0,0
69,-231,-39,-1469,3846,-807,0,0
28,-187,2,-1565,3941,-802,0,0
13,-18,-69,-1465,3930,-809,0,0
-5,115,-160,-1316,3932,-838,0,0
-8,124,-124,-1268,3814,-945,0,0
37,21,6,-1289,3684,-923,0,0
88,-144,83,-1466,3808,-803,0,0
91,-241,137,-1638,3879,-772,0,0
92,-174,157,-1637,3802,-765,0,0
94,-117,72,-1543,3713,-808,0,0
154,-155,-94,-1511,3988,-835,0,0
281,-306,-240,-1509,4351,-846,0,0
421,-483,-304,-1542,4216,-929,0,0
526,-480,-308,-1480,3905,-896,0,0
521,-407,-340,-1419,3662,-831,0,0
374,-414,-337,-1351,3390,-903,0,0
154,-377,-128,-1548,3194,-835,0,0
-47,97,186,-1639,3308,-840,0,0
-115,466,387,-1470,3677,-1004,0,0
0,159,400,-1421,3880,-1135,0,0
200,-483,248,-1514,3946,-1172,0,0
302,-933,76,-1704,3901,-1062,0,0
265,-835,20,-1751,3731,-1042,0,0
150,-522,60,-1615,3673,-910,0,0
7,-232,126,-1592,3674,-994,0,0
6,-169,164,-1559,3675,-1135,0,0
131,-390,146,-1660,3707,-1105,0,0
249,-567,112,-1706,3747,-1022,0,0
330,-720,63,-1669,3691,-1013,0,0
392,-940,-19,-1675,3711,-1028,0,0
392,-1039,-101,-1834,3752,-982,0,0
332,-718,-103,-1835,3690,-1022,0,0
256,-497,-1,-1841,3612,-1053,0,0
183,-382,147,-1892,3549,-1018,0,0
127,-158,227,-1831,3484,-936,0,0
38,10,231,-1660,3456,-811,0,0
-97,54,232,-1696,3565,-796,0,0
-191,130,293,-1833,3773,-913,0,0
-183,165,297,-1907,3854,-1113,0,0
-81,106,159,-1872,3812,-1119,0,0
7,80,-7,-1765,3774,-920,0,0
-1,273,-98,-1545,3752,-896,0,0
-28,317,-107,-1455,3750,-984,0,0
-52,217,-45,-1527,3720,-1018,0,0
-72,228,49,-1546,3708,-1005,0,0
-72,226,74,-1522,3699,-961,0,0
-50,187,29,-1479,3691,-947,0,0
-34,161,-36,-1454,3676,-1013,0,0
-6,84,-58,-1426,3669,-1102,0,0
48,-138,-36,-1572,3842,-1103,0,0
76,-282,3,-1820,4023,-1030,0,0
34,-175,2,-1925,3831,-911,0,0
-79,304,-66,-1821,3487,-877,0,0
-214,860,-153,-1589,3530,-927,0,0
-281,1178,-166,-1437,3802,-1029,0,0
-246,1108,-114,-1339,3913,-1106,0,0
-162,725,-53,-1367,3817,-1054,0,0
-118,496,-72,-1481,3768,-947,0,0
-136,555,-134,-1417,3816,-955,0,0
-159,586,-204,-1329,3788,-1001,0,0
-170,546,-253,-1265,3770,-1033,0,0
-163,485,-252,-1280,3848,-1043,0,0
-158,406,-219,-1278,3886,-1010,0,0
-159,370,-182,-1270,3765,-1015,0,0
-133,372,-170,-1227,3787,-1043,0,0
-79,267,-150,-1222,3907,-1078,0,0
-23,87,-104,-1273,3896,-1071,0,0
7,24,-64,-1313,3824,-1038,0,0
11,55,-44,-1300,3814,-1032,0,0
9,35,-19,-1273,3828,-1032,0,0
14,-58,23,-1298,3827,-1040,0,0
30,-148,47,-1376,3809,-1054,0,0
51,-191,39,-1409,3836,-1087,0,0
67,-274,39,-1485,3832,-1059,0,0
59,-303,24,-1529,3675,-1028,0,0
55,-258,-15,-1566,3640,-1026,0,0
52,-209,-26,-1589,3719,-1058,0,0
65,-241,15,-1594,3727,-1049,0,0
63,-265,70,-1651,3672,-984,0,0
8,-99,84,-1670,3702,-954,0,0
-55,91,64,-1664,3767,-994,0,0
-90,184,14,-1652,3739,-1030,0,0
-106,218,-42,-1657,3724,-1022,0,0
-126,301,-62,-1664,3733,-1024,0,0
-140,390,-54,-1656,3769,-1015,0,0
-156,462,-50,-1615,3704,-1011,0,0
-166,538,-85,-1535,3716,-996,0,0
-173,621,-102,-1458,3789,-982,0,0
-172,653,-84,-1379,3829,-987,0,0
-151,584,-64,-1333,3852,-1019,0,0
-117,457,-60,-1346,3861,-1033,0,0
-77,372,-71,-3368,3828,-1032,0,0
-26,266,-120,-1264,3786,-1028,0,0
15,112,-190,-1217,3787,-1022,0,0
50,-14,-230,-1214,3797,-1003,0,0
80,-41,-214,-1125,3769,-1028,0,0
121,-193,-151,-1102,3786,-1096,0,0
194,-466,-47,-1304,3902,-1186,0,0
302,-592,45,-1546,3855,-1202,0,0
408,-553,-9,-1455,3648,-1044,0,0
407,-669,-134,-1441,3697,-960,0,0
298,-738,-100,-1580,3720,-1019,0,0
169,-594,120,-1638,3407,-969,0,0
45,-385,315,-1621,3443,-962,0,0
-45,-367,407,-1664,3657,-1096,0,0
-73,-479,442,-1811,3765,-1144,0,0
-42,-361,414,-1913,3870,-1071,0,0
2,-110,282,-1797,3926,-1035,0,0
56,-64,102,-1767,4007,-1041,0,0
143,27,-39,-1636,3889,-1029,0,0
235,134,-137,-1396,3853,-1066,0,0
310,-52,-186,-1221,3843,-1140,0,0
334,-404,-128,-1319,3819,-1108,0,0
266,-388,22,-1333,3427,-1108,0,0
166,-402,178,-1359,3227,-1113,0,0
63,-601,264,-3664,3500,-1140,0,0
7,-553,331,-1901,3802,-1096,0,0
19,-168,364,-1936,3983,-1154,0,0
94,-28,317,-1832,3876,-1167,0,0
180,7,110,-1737,3498,-984,0,0
157,200,-199,-1572,3439,-951,0,0
90,280,-471,-1318,3605,-1022,0,0
-1,7,-629,-1232,3761,-1162,0,0
-104,-269,-560,-1309,3775,-1367,0,0
-186,-607,-225,-1667,3713,-1298,0,0
-270,-577,137,-2202,3571,-1056,0,0
-337,42,244,-2393,3476,-822,0,0
-406,914,144,-2301,3502,-855,0,0
-397,1375,-38,-2014,3564,-927,0,0
-308,1422,-317,-1785,3747,-728,0,0
-276,1488,-600,-1345,3938,-750,0,0
-289,992,-664,-1178,3976,-939,0,0
-335,633,-501,-1253,3877,-1046,0,0
-444,765,-159,-1298,3787,-1220,0,0
-482,754,204,-1479,3741,-1182,0,0
-375,724,333,-1454,3636,-929,0,0
-269,587,213,-1301,3676,-809,0,0
-223,394,19,-1213,3929,-901,0,0
-186,258,-101,-1140,3971,-1063,0,0
-155,207,-89,-1078,3996,-1175,0,0
-141,-8,15,-1260,3919,-1079,0,0
-115,-192,103,-1514,3812,-924,0,0
-73,-53,123,-1534,3759,-778,0,0
-74,104,113,-1438,3765,-788,0,0
-76,51,109,-1441,3824,-852,0,0
-48,2,105,-1380,3866,-875,0,0
-29,-67,90,-1351,3902,-838,0,0
-38,-132,72,-1428,3919,-845,0,0
-38,-106,52,-1400,3850,-858,0,0
-25,-76,25,-1269,3809,-788,0,0
-30,-64,35,-1172,3873,-707,0,0
-72,-119,103,-1175,3938,-685,0,0
-122,-148,205,-1203,3851,-797,0,0
-96,-217,244,-1272,3925,-846,0,0
-27,-260,209,-1250,3910,-804,0,0
30,-288,156,-1154,3854,-719,0,0
43,-305,123,-1142,3883,-683,0,0
12,-282,136,-1234,3928,-740,0,0
-5,-277,164,-1348,3905,-812,0,0
10,-320,133,-1431,3858,-724,0,0
-3,-241,55,-1441,3831,-620,0,0
-40,-84,-21,-1382,3965,-603,0,0
-66,3,-56,-1323,4030,-632,0,0
-85,87,-8,-1253,3932,-661,0,0
-78,184,12,-1161,3900,-613,0,0
-55,264,-26,-1054,3965,-589,0,0
-11,189,-49,-962,4034,-592,0,0
39,-37,-85,-947,3968,-532,0,0
61,-137,-157,-989,3986,-486,0,0
49,-97,-173,-947,4024,-591,0,0
65,-125,-138,-940,3973,-763,0,0
148,-227,-123,-955,4042,-841,0,0
237,-442,-173,-1051,4159,-756,0,0
217,-495,-223,-1284,4029,-665,0,0
118,-231,-196,-1420,3681,-669,0,0
51,110,-138,-3488,3364,-578,0,0
29,466,-157,-1247,3245,-537,0,0
77,395,-196,-1121,3449,-506,0,0
162,-4,-128,-1295,4464,-663,0,0
195,-501,145,-1747,5258,-1184,0,0
148,-509,251,-1813,3971,-965,0,0
35,365,28,-1399,3022,-831,0,0
-19,756,-212,-1152,3179,-640,0,0
-14,492,-266,-1362,3878,-474,0,0
-24,276,-53,-1429,4378,-677,0,0
-60,-13,232,-1487,4020,-798,0,0
-59,1,262,-1560,3687,-1006,0,0
39,336,42,-1322,3762,-1213,0,0
91,418,-160,-1076,3897,-1003,0,0
90,67,-203,-1162,3987,-855,0,0
103,-30,-108,-1184,3905,-912,0,0
112,-127,7,-1292,3798,-1034,0,0
136,-228,17,-1410,3733,-1062,0,0
165,-221,-61,-1424,3780,-967,0,0
159,-180,-110,-1390,3856,-931,0,0
131,-218,-81,-1400,3861,-996,0,0
97,-265,-39,-1488,3752,-1043,0,0
59,-271,-53,-1600,3670,-1050,0,0
45,-158,-96,-1573,3705,-1009,0,0
43,-57,-88,-1547,3715,-999,0,0
43,-128,-46,-1614,3677,-989,0,0
40,-110,-12,-1608,3696,-989,0,0
43,-60,4,-1542,3767,-1004,0,0
59,-55,-9,-1454,3759,-1003,0,0
92,-92,-86,-1347,3779,-986,0,0
123,-247,-188,-1366,3884,-997,0,0
154,-407,-185,-1437,3787,-997,0,0
194,-575,-106,-1585,3611,-1002,0,0
219,-1048,-121,-1839,3676,-1000,0,0
218,-1638,-250,-1966,3724,-899,0,0
246,-1615,-320,-1869,3714,-855,0,0
268,-1584,-274,-1989,3516,-771,0,0
224,-1429,-208,-2129,3285,-635,0,0
150,-1077,-117,-2222,3334,-550,0,0
77,-674,-35,-2264,3534,-414,0,0
8,-114,1,-2194,3720,-339,0,0
-64,319,28,-2113,3867,-457,0,0
-77,419,94,-2002,3711,-532,0,0
-64,546,140,-2006,3503,-634,0,0
-64,597,121,-2031,3541,-660,0,0
-55,515,107,-1943,3670,-676,0,0
-18,409,114,-1928,3725,-722,0,0
16,347,77,-1916,3721,-753,0,0
46,282,2,-1790,3721,-796,0,0
75,140,-39,-1763,3698,-831,0,0
107,-23,-26,-1793,3677,-853,0,0
142,-150,-1,-1885,3663,-825,0,0
155,-159,9,-1938,3672,-798,0,0
151,-112,13,-1907,3666,-795,0,0
141,-118,7,-1878,3609,-835,0,0
132,-146,-5,-1910,3606,-839,0,0
115,-148,5,-1978,3638,-2888,0,0
111,-141,24,-2061,3601,-838,0,0
111,-100,12,-2052,3540,-825,0,0
101,-32,-4,-1949,3565,-835,0,0
87,-4,18,-1940,3613,-876,0,0
81,2,43,-1946,3604,-919,0,0
83,-20,22,-1923,3589,-912,0,0
73,-40,-22,-1926,3611,-879,0,0
52,-32,-45,-1950,3636,-895,0,0
30,-44,-59,-1949,3555,-931,0,0
-4,-28,-86,-1968,3572,-890,0,0
-48,83,-59,-1975,3611,-917,0,0
-65,130,-7,-2007,3576,-2976,0,0
-69,188,1,-2005,3579,-934,0,0
-68,292,-8,-1942,3640,-927,0,0
-67,364,-5,-1890,3607,-938,0,0
-60,357,-1,-3920,3553,-1016,0,0
-29,235,-22,-1852,3467,-964,0,0
-13,98,-73,-1859,3582,-889,0,0
-49,28,-86,-1926,3726,-980,0,0
-74,6,-69,-1973,3638,-981,0,0
-122,141,-72,-1903,3559,-925,0,0
-177,247,-36,-1915,3623,-986,0,0
-166,248,30,-1946,3609,-965,0,0
-148,239,49,-1879,3577,-939,0,0
-138,183,8,-1868,3622,-924,0,0
-124,117,-22,-1887,3659,-885,0,0
-128,139,-11,-1850,3643,-868,0,0
-135,179,59,-1756,3667,-907,0,0
-129,153,129,-1673,3639,-883,0,0
-134,82,182,-1686,3644,-862,0,0
-160,61,230,-1688,3633,-850,0,0
-194,123,296,-1693,3693,-858,0,0
-208,195,369,-1698,3784,-849,0,0
-215,317,397,-1585,3809,-776,0,0
-243,495,400,-1461,3764,-713,0,0
-281,574,426,-1352,3884,-731,0,0
-324,378,473,-1317,3795,-674,0,0
-391,322,518,-1368,3902,-648,0,0
-421,482,499,-1252,3871,-573,0,0
-480,737,371,-3160,3883,-448,0,0
-545,962,248,-946,4081,-466,0,0
-550,867,191,-910,3977,-694,0,0
-435,563,165,-913,4034,-640,0,0
-325,264,159,-986,3954,-412,0,0
-257,118,133,-1070,4062,-212,0,0
-231,270,96,-929,4014,-179,0,0
-249,395,81,-878,3948,-267,0,0
-230,483,89,-842,4158,-309,0,0
-182,479,55,-724,4133,-237,0,0
-135,359,-20,-626,4157,-166,0,0
-111,262,-50,-568,4179,-186,0,0
-107,173,-37,-583,4128,-285,0,0
-100,36,-16,-722,3939,-305,0,0
-101,22,-33,-815,3761,-159,0,0
-101,106,-88,-865,3643,-158,0,0
-54,-39,-144,-905,3678,-103,0,0
18,-253,-139,-1138,4170,-55,0,0
91,-195,-66,-1232,4640,2,0,0
88,155,-34,-1089,4521,114,0,0
-64,806,-61,-718,4167,46,0,0
-233,1009,-87,-580,4033,-106,0,0
-277,700,-108,-592,3963,-123,0,0
-204,243,-82,-699,3937,-27,0,0
-106,-45,2,-807,3964,-35,0,0
-28,-210,84,-939,3979,-122,0,0
45,-208,103,-954,4020,-110,0,0
81,-163,20,-907,4100,0,0,0
73,-73,-40,-773,4072,-43,0,0
132,-201,-8,-733,4076,-102,0,0
203,-359,73,-722,4076,-54,0,0
227,-453,183,-666,4098,-67,0,0
252,-666,266,-693,4254,-57,0,0
252,-883,300,-766,4022,-15,0,0
195,-1055,325,-850,4069,147,0,0
60,-917,356,-957,4067,276,0,0
-121,-87,366,-727,3836,26,0,0
-202,558,316,-262,3930,-225,0,0
-163,335,197,44,4064,-154,0,0
-160,-303,170,43,4070,-195,0,0
-177,-756,214,-251,3967,-139,0,0
-206,-592,234,-349,4026,23,0,0
-229,-163,285,-202,4171,92,0,0
-217,-47,366,-56,4208,38,0,0
-184,-164,380,-36,4182,31,0,0
-160,-243,349,-85,4180,130,0,0
-180,-134,358,-84,4093,119,0,0
-140,5,286,55,4086,299,0,0
-112,157,136,304,4106,304,0,0
-76,130,48,452,4179,186,0,0
0,-154,6,351,4095,228,0,0
32,-205,-36,233,3981,335,0,0
21,-10,-72,216,4001,304,0,0
18,184,-87,232,4097,224,0,0
64,300,-101,261,4143,228,0,0
126,306,-132,233,4163,264,0,0
183,317,-209,222,4168,227,0,0
233,276,-289,186,4113,121,0,0
275,213,-335,-44,4051,1,0,0
292,594,-309,-570,4230,-134,0,0
347,956,-315,-809,4812,7,0,0
443,746,-498,-607,4995,284,0,0
564,1260,-936,-348,4730,16,0,0
757,1089,-1461,-316,4270,-446,0,0
1045,202,-1873,-548,4121,-813,0,0
1324,-558,-2079,-794,4035,-579,0,0
1283,-829,-2054,-1015,3723,-355,0,0
979,-468,-1753,-1232,3306,-797,0,0
804,-63,-1185,-1426,3081,-1097,0,0
677,52,-546,-1554,2930,-1075,0,0
532,157,-41,-1526,2903,-1059,0,0
439,54,365,-1501,3261,-1025,0,0
387,-301,784,-1531,3480,-1028,0,0
385,-680,1085,-1484,3485,-1041,0,0
402,-1050,1169,-1431,3628,-988,0,0
439,-1388,1191,-1472,3880,-881,0,0
461,-1722,1217,-1509,3971,-774,0,0
450,-2011,1222,-1581,3925,-641,0,0
382,-2011,1230,-1733,3959,-490,0,0
253,-1578,1295,-1865,3997,-558,0,0
263,-1136,1385,-1615,4168,-2792,0,0
366,-1716,1486,-1701,4438,-543,0,0
343,-2263,1546,-1938,4336,-734,0,0
229,-2256,1373,-2001,3348,-631,0,0
25,-1514,965,-2332,3472,-668,0,0
-110,-23,512,-2303,4115,-728,0,0
-205,895,-53,-1800,4299,-795,0,0
-255,824,-739,-1338,4104,-957,0,0
-268,448,-1297,-1349,3790,-875,0,0
-312,657,-1565,-1354,3871,-677,0,0
-391,1137,-1595,-1419,3880,-627,0,0
-455,1509,-1492,-1405,4019,-709,0,0
-440,1537,-1309,-1322,4229,-726,0,0
-413,1321,-1098,-1382,4157,-702,0,0
-2408,1348,-971,-1315,4123,-856,0,0
-262,1296,-990,-1093,3856,-948,0,0
-250,880,-998,-1130,3640,-1095,0,0
-256,629,-813,-1310,3630,-1155,0,0
-220,658,-443,-1513,3525,-1110,0,0
-181,816,-120,-1564,3397,-1102,0,0
-127,897,94,-1591,3514,-1214,0,0
-60,612,219,-1603,3505,-1220,0,0
-41,213,294,-1749,3524,-1247,0,0
-3,63,298,-1912,3626,-1231,0,0
26,25,252,-1898,3639,-1163,0,0
15,-44,242,-1915,3615,-1195,0,0
13,-55,223,-1938,3581,-1168,0,0
-5,-5,188,-1909,3583,-1126,0,0
-29,26,159,-1853,3610,-1161,0,0
-32,8,126,-1777,3607,-1136,0,0
-35,-33,95,-1749,3613,-1126,0,0
-46,-36,114,-1711,3656,-1143,0,0
-58,-43,152,-1640,3566,-1167,0,0
-54,-55,159,-1610,3581,-1144,0,0
-45,-22,170,-1589,3687,-1141,0,0
-39,-10,200,-1544,3736,-1148,0,0
-39,-56,211,-1516,3729,-1125,0,0
-38,-72,190,-1520,3741,-1084,0,0
-40,-21,164,-1514,3773,-1071,0,0
-39,15,146,-1492,3753,-1090,0,0
-31,-2,133,-1474,3743,-1073,0,0
-14,-60,122,-1452,3775,-1059,0,0
11,-143,117,-1479,3815,-1029,0,0
3,-152,100,-1495,3764,-1033,0,0
-11,-79,59,-1495,3731,-1020,0,0
1,-14,19,-1485,3753,-1078,0,0
48,-75,-21,-1472,3772,-1150,0,0
71,-137,-75,-1520,3728,-1068,0,0
18,6,-134,-1365,3635,-1074,0,0
-7,-93,-189,-1286,3642,-955,0,0
-60,-220,-158,-1476,3889,-981,0,0
-74,-158,-59,-1491,3974,-1027,0,0
-35,-290,-34,-1493,3744,-1018,0,0
-9,-395,-59,-1570,3691,-986,0,0
-36,-293,-11,-1646,3745,-971,0,0
-69,-99,61,-1717,3796,-982,0,0
-95,106,67,-1753,3819,-990,0,0
-113,397,1,-1670,3797,-976,0,0
-114,601,-73,-1460,3784,-962,0,0
-89,575,-101,-1319,3795,-920,0,0
-64,405,-71,-1253,3822,-891,0,0
-48,160,14,-1291,3817,-904,0,0
-27,-7,93,-1380,3788,-938,0,0
-1,-79,92,-1448,3779,-974,0,0
27,-85,29,-1477,3844,-966,0,0
39,-49,-18,-1402,3816,-945,0,0
46,-77,-37,-1367,3766,-934,0,0
59,-143,-47,-1448,3808,-907,0,0
60,-163,-31,-1480,3811,-916,0,0
57,-213,-10,-1523,3785,-925,0,0
55,-184,6,-1535,3757,-943,0,0
51,-123,15,-1522,3774,-955,0,0
42,-87,23,-1525,3800,-947,0,0
26,-32,30,-1495,3779,-947,0,0
15,-8,20,-1462,3762,-943,0,0
11,-9,3,-1453,3796,-960,0,0
9,-20,7,-1459,3814,-955,0,0
1,-37,15,-1478,3748,-976,0,0
-6,-35,2,-1527,3771,-981,0,0
-19,19,5,-1550,3813,-979,0,0
-31,80,16,-1529,3782,-984,0,0
-41,147,18,-1480,3751,-979,0,0
-46,201,16,-1432,3770,-955,0,0
-47,204,28,-1410,3819,-943,0,0
-49,187,36,-1398,3869,-950,0,0
-39,174,23,-1386,3887,-991,0,0
-15,212,13,-1416,3882,-1053,0,0
49,244,-12,-1403,3881,-1057,0,0
119,146,-85,-1268,3682,-947,0,0
132,-31,-197,-1204,3560,-837,0,0
73,-148,-195,-1160,3564,-830,0,0
-9,-327,-78,-1253,3809,-944,0,0
-72,-447,119,-1458,4002,-1145,0,0
-66,-394,258,-1713,3929,-1140,0,0
-36,-33,192,-1759,3772,-1001,0,0
-22,305,3,-1543,3756,-876,0,0
-17,313,-117,-1390,3777,-801,0,0
-33,191,-109,-1302,3754,-835,0,0
-53,31,-42,-1331,3837,-955,0,0
-55,-31,30,-1417,3915,-1071,0,0
-40,25,57,-1451,3791,-1072,0,0
-26,140,11,-1453,3757,-967,0,0
-17,234,-31,-1382,3829,-913,0,0
-14,212,-20,-1350,3836,-925,0,0
-17,168,8,-1339,3789,-961,0,0
-17,182,2,-1326,3795,-991,0,0
-16,149,-17,-1304,3839,-986,0,0
-10,113,-19,-1300,3859,-954,0,0
-13,77,-23,-1296,3865,-927,0,0
-35,78,-15,-1302,3862,-966,0,0
-43,76,3,-1327,3907,-962,0,0
-51,38,10,-1376,3838,-963,0,0
-59,67,-19,-3440,3745,-940,0,0
-61,146,-41,-1380,3778,-895,0,0
-54,165,-24,-1379,3834,-892,0,0
-43,108,-6,-1397,3829,-865,0,0
-48,123,-23,-1371,3805,-850,0,0
-61,188,-42,-1312,3827,-876,0,0
-61,202,-36,-1262,3850,-910,0,0
-44,179,-30,-1265,3856,-924,0,0
-23,205,-22,-1234,3874,-2992,0,0
1,151,-26,-1237,3882,-949,0,0
17,21,-45,-1263,3889,-912,0,0
21,-47,-48,-1285,3795,-913,0,0
19,-28,-51,-1293,3787,-894,0,0
7,-4,-25,-1295,3827,-901,0,0
2,-34,3,-1318,3853,-905,0,0
-6,-39,10,-1305,3834,-899,0,0
-18,-25,3,-1271,3807,-915,0,0
-22,-44,11,-1263,3829,-939,0,0
-18,-83,25,-1261,3869,-943,0,0
-11,-134,32,-1277,3871,-924,0,0
-9,-152,36,-1296,3862,-951,0,0
0,-152,35,-1326,3915,-976,0,0
7,-154,48,-1347,3838,-997,0,0
15,-131,38,-1351,3761,-983,0,0
20,-57,26,-1353,3780,-944,0,0
22,-40,36,-1374,3842,-896,0,0
8,-48,57,-1391,3826,-907,0,0
0,-30,59,-1372,3765,-936,0,0
-6,-23,57,-1366,3788,-936,0,0
-30,-12,89,-1374,3913,-910,0,0
-37,-82,116,-1248,3998,-858,0,0
-32,-332,117,-1188,3820,-829,0,0
-89,-430,209,-1188,3819,-797,0,0
-123,-474,368,-1264,4061,-797,0,0
-130,-616,473,-1371,3885,-1028,0,0
-74,-787,454,-1511,3257,-888,0,0
-75,-490,369,-994,2500,-803,0,0
72,-581,804,464,1413,-2122,0,0
845,-2783,1568,76,1080,-3949,0,0
1658,-4729,1380,-2881,5793,-6722,0,0
2887,-3479,87,-4838,10123,-11052,0,0
4243,-4793,-2569,-6637,14866,-9109,0,0
4145,-5081,-5161,-7623,17043,-4713,0,0
3039,-3402,-5896,-5249,11648,-1033,0,0
1622,-2514,-5759,-2376,6401,947,0,0
610,-1938,-6268,-605,4485,1713,0,0
-98,-2628,-6412,-401,4270,2527,0,0
-1373,-2928,-6490,-793,5949,2009,0,0
-2877,-2793,-6698,426,6928,1904,0,0
-4307,-3529,-6750,67,6358,1763,0,0
-4964,-2299,-5985,-543,4804,989,0,0
-4771,-920,-5087,402,3283,-3308,0,0
-3269,1889,-3298,2892,-931,-8224,0,0
-1346,2138,-1618,6601,-1841,-13853,0,0
1154,712,118,7543,-2374,-12910,0,0
2806,-284,1203,7770,-3182,-8814,0,0
3475,-68,3431,2908,-690,-4540,0,0
4103,2066,6417,-1098,4845,-265,0,0
4121,3507,8122,-2003,8176,1572,0,0
3002,5148,9094,-2135,7874,1993,0,0
963,6641,8879,-1719,7555,1733,0,0
-1513,6942,7935,-1305,7479,794,0,0
-3347,5136,6239,-1368,7110,-253,0,0
-3823,1583,4143,-1530,7371,-1000,0,0
-3249,-2000,2832,-3645,7594,-1793,0,0
-3621,-1276,2469,-7468,10918,-2741,0,0
-3988,681,3199,-6467,9688,-7174,0,0
-2570,-1051,4090,-10223,13953,-7954,0,0
-1933,1423,2957,-8828,5962,-9896,0,0
-242,1867,-1192,-2998,4512,-6008,0,0
1014,1360,-2110,299,2836,-528,0,0
1106,1172,-953,-314,512,1311,0,0
851,1884,-755,123,475,-62,0,0
905,-62,-257,-1336,2588,-3140,0,0
1404,-2228,-586,-3467,5867,-7513,0,0
2597,-4120,-1914,-5855,7343,-8812,0,0
3908,-4737,-4297,-9107,12371,-7079,0,0
3632,-3730,-5902,-9673,14131,-4522,0,0
2243,-2822,-5774,-6573,8726,-1043,0,0
880,-2604,-5064,-3726,4758,905,0,0
-9,-1324,-5289,-2081,4632,1379,0,0
-517,-1625,-6392,-973,5736,1842,0,0
-1453,-1623,-7138,-470,6304,1534,0,0
-2304,-2072,-7673,-290,7140,1478,0,0
-3225,-2571,-7570,-586,6338,1330,0,0
-3996,-2066,-6679,77,5159,-34,0,0
-4404,-1649,-5203,2935,2895,-3971,0,0
-3097,728,-3193,5989,1794,-9550,0,0
-604,1012,-810,8407,157,-13968,0,0
2276,908,828,9737,-1124,-11445,0,0
3902,-1191,1456,8529,-3123,-8139,0,0
4353,-435,3576,3266,-1099,-3956,0,0
4268,2260,6571,-2367,4761,-354,0,0
4071,5729,8477,-4363,9523,2071,0,0
2091,1183,9414,-2739,9023,3363,0,0
-1713,7368,8628,-890,7897,1848,0,0
-3809,3579,7354,-1220,9245,-360,0,0
-3897,495,6241,-2724,7735,-751,0,0
-3447,-1348,4952,-4495,5621,999,0,0
-4066,1802,4180,-6132,7424,-1385,0,0
-4186,1985,3888,-6737,10618,-5583,0,0
-3333,-466,4228,-8693,11509,-5981,0,0
-2273,1457,2239,-9532,14892,-10470,0,0
-824,1767,-404,-4448,5155,-10288,0,0
1234,2885,-1168,1714,4721,-2123,0,0
1581,-412,-492,-379,1710,2732,0,0
721,1991,-517,978,218,2731,0,0
-16,1109,128,438,400,-59,0,0
54,-1668,623,-3032,794,-3646,0,0
752,-3880,532,-4053,2813,-6366,0,0
2059,-3913,-1017,-5561,8632,-9630,0,0
3317,-6524,-3714,-9822,15772,-8777,0,0
3078,-6240,-4945,-11610,14487,-3680,0,0
2283,-849,-4350,-8635,9042,-1341,0,0
1587,-1179,-5313,-5256,6576,357,0,0
1081,-1411,-7392,-2226,8580,2211,0,0
242,-1158,-8631,-1535,10227,2385,0,0
-614,-1549,-9140,220,11453,2139,0,0
-1833,-4730,-9500,671,9552,1797,0,0
-3699,-5817,-8548,-447,7190,455,0,0
-4925,-4040,-6509,2290,5732,-3699,0,0
-4287,-2074,-3904,2716,4338,-6128,0,0
-2634,484,-1552,5464,2745,-13944,0,0
351,1405,291,7748,-1124,-15704,0,0
3065,-213,810,8730,-3739,-13807,0,0
4546,-318,2653,4891,-2075,-8380,0,0
5286,1830,5386,-136,4048,-1095,0,0
5749,3672,7046,-1830,8746,2405,0,0
4734,6852,8848,-2243,9133,3132,0,0
1355,9638,9361,-1370,7560,2634,0,0
-2316,10060,7478,28,7944,1456,0,0
-4603,5925,5190,-297,8856,-138,0,0
-4911,555,3791,-3224,8789,-1260,0,0
-4501,-1676,3732,-3407,7052,-2197,0,0
-4842,-66,4162,-5766,11548,-3734,0,0
-4722,1610,3578,-6146,12438,-6542,0,0
-3864,1527,2702,-6957,14875,-8029,0,0
-2747,1710,1209,-4898,10660,-8980,0,0
-877,209,-196,-2203,3440,-10240,0,0
911,2085,-463,-491,1009,-1952,0,0
1564,2106,-874,1312,1599,2541,0,0
930,-1165,-250,495,691,1638,0,0
177,-2281,695,-2374,1497,-1835,0,0
425,-1926,368,-2966,3289,-5781,0,0
1419,-3344,-1424,-5021,6716,-8828,0,0
2642,-4763,-4037,-8621,14206,-9388,0,0
3025,-4388,-5261,-9708,16362,-5277,0,0
2656,-2622,-4705,-8984,10679,-570,0,0
1596,-169,-4802,-5415,6812,580,0,0
1216,136,-6188,-2318,6422,1883,0,0
965,-1478,-7603,-1830,8196,1719,0,0
57,-2726,-8579,-2364,9669,1765,0,0
-1081,-1950,-9129,-1139,10793,1562,0,0
-1698,-2702,-8839,-3,9914,387,0,0
-2831,-6171,-8252,854,7462,-682,0,0
-4502,-6601,-6404,3315,3848,-3939,0,0
-4386,-1210,-3244,3219,2966,-8055,0,0
-2730,832,-979,7433,532,-15844,0,0
281,606,494,10432,-2253,-16176,0,0
2879,-1137,1766,8287,-2288,-13522,0,0
4989,-181,4276,2273,1641,-5517,0,0
6299,1857,6592,-1861,6875,331,0,0
6390,5290,8760,-2939,10471,1764,0,0
4004,348,10274,-2163,10388,1882,0,0
-2118,5803,6770,-286,7391,648,0,0
-3405,3522,4860,-808,8219,-801,0,0
-3641,181,3495,-1980,7063,-785,0,0
-3483,-1524,3068,-4476,6587,44,0,0
-4319,841,3416,-6919,11960,-3273,0,0
-4329,23,4006,-7964,15625,-5551,0,0
-3553,-357,4104,-11040,13408,-8269,0,0
-1992,3786,1678,-7891,5237,-16457,0,0
1027,4216,-1110,-2994,3322,-1397,0,0
1471,5804,-1445,1911,2783,1898,0,0
879,731,-163,1059,772,-387,0,0
1109,-1602,895,-2292,2439,-4678,0,0
2285,-1578,71,-3599,4143,-7977,0,0
3777,-2725,-1810,-3581,7562,-9189,0,0
4712,-6259,-4612,-6849,13169,-6475,0,0
3468,-6579,-6851,-8844,14797,-4711,0,0
2288,-2642,-6082,-6424,8287,-3222,0,0
2163,-1576,-3402,-4259,3042,-939,0,0
1397,-3900,-3560,-3407,4067,1016,0,0
-145,-3718,-5838,-1661,6351,1871,0,0
-2117,-2044,-6886,272,6730,1896,0,0
-3651,-2604,-7446,985,7678,1420,0,0
-4979,-3887,-7119,700,6836,895,0,0
-5862,-4063,-5984,1250,5814,-323,0,0
-5582,-3386,-4353,2013,3805,-2211,0,0
-4447,-1409,-2709,2174,2202,-6422,0,0
-2665,1231,-448,4184,218,-12737,0,0
-231,2110,1350,5986,-499,-16881,0,0
2918,552,1781,7663,-1699,-15309,0,0
5092,-1014,2874,4590,-1592,-9323,0,0
6222,539,5547,-747,4563,-1573,0,0
6753,2225,7096,-3176,10432,2329,0,0
5995,6386,8134,-3155,9848,4228,0,0
2270,1446,8765,-1264,7806,2913,0,0
-1436,7526,7638,-327,8616,1333,0,0
-3069,2061,6297,-1770,8918,725,0,0
-3382,-940,5036,-3140,7120,-123,0,0
-3493,-4,4229,-6293,6083,-507,0,0
-4145,3816,3286,-5015,11005,-3554,0,0
-4568,1910,3008,-6331,12432,-5869,0,0
-4322,1013,3083,-5851,12048,-8145,0,0
-2309,1008,2430,-9275,10427,-16472,0,0
402,1836,-211,-3194,3630,-4846,0,0
1626,2894,-1541,1948,3013,1012,0,0
1469,-724,-420,1385,1494,1856,0,0
758,-1049,254,-225,1033,-311,0,0
959,-725,352,-33,1369,-4116,0,0
1786,-4255,-326,-5315,3398,-6180,0,0
2877,-3937,-2426,-8963,9025,-6909,0,0
3125,-4926,-5167,-10286,13573,-3105,0,0
1411,-2663,-6553,-10889,13517,-1522,0,0
18,-672,-5948,-6030,7432,223,0,0
-1002,-2374,-5924,-3683,4567,2213,0,0
-1967,-2139,-6688,-1851,5489,3257,0,0
-3327,-866,-7032,-1259,6908,2008,0,0
-3691,-1036,-6599,-426,8051,2044,0,0
-4190,-2987,-6212,-1090,8037,1745,0,0
-5107,-3764,-5527,-1379,6106,44,0,0
-6353,-5401,-4765,-2074,5686,-3444,0,0
-6132,-2840,-3066,-1725,2838,-8262,0,0
-3991,2148,-1576,124,1995,-15503,0,0
17,3177,273,3697,854,-18815,0,0
3161,1561,1460,3520,-587,-14886,0,0
5185,904,2919,544,1322,-6006,0,0
6830,2411,4972,-1733,5292,113,0,0
7469,5278,7477,-1394,8658,1377,0,0
6217,7079,10070,-1851,11332,2645,0,0
2969,8238,10046,-760,9464,1977,0,0
-649,6814,7786,-75,7120,1728,0,0
-3044,3219,5298,-954,8099,-64,0,0
-3445,-903,4244,-3345,6991,343,0,0
-3438,-301,4031,-4933,8516,-755,0,0
-3623,1087,3892,-7109,13613,-1837,0,0
-4437,2179,3791,-7599,14587,-6079,0,0
-4256,2313,2394,-7648,12316,-9156,0,0
-2620,4213,-470,-4687,6401,-17497,0,0
764,4711,-1111,1501,2612,-6842,0,0
2416,-841,-1269,803,1619,320,0,0
2270,-2882,-927,-342,2266,-32,0,0
2069,-2026,-279,-1601,2441,-3005,0,0
2407,-2763,-679,-4058,4500,-5946,0,0
3217,-3151,-2395,-7158,7823,-6702,0,0
3834,-3065,-4744,-8353,12370,-5895,0,0
3277,-2979,-6120,-9120,12448,-2916,0,0
1681,-1853,-6199,-7337,6917,-1478,0,0
502,-1432,-5485,-4343,2890,-488,0,0
12,-1016,-5744,-2074,3853,561,0,0
-199,-1001,-6494,-1045,5279,1467,0,0
-891,-1404,-6474,-328,4765,1190,0,0
-1657,-2536,-6252,17,5574,887,0,0
-2317,-3573,-6070,308,5091,929,0,0
-3221,-3588,-5539,481,4147,-347,0,0
-3699,-2593,-4713,1802,3427,-1907,0,0
-3521,-1167,-3841,4285,1934,-5701,0,0
-2454,885,-2131,4209,-922,-10585,0,0
-574,2091,-62,10326,-957,-16382,0,0
2777,-153,2176,8687,-1200,-15315,0,0
4780,-487,4466,2499,182,-8083,0,0
5699,1555,6641,-1782,4218,-1116,0,0
6151,3359,8057,-2649,8009,1625,0,0
5155,6591,9358,-3625,9684,3320,0,0
1444,9534,8738,-1996,7080,2557,0,0
-1725,8316,6334,-118,6414,1324,0,0
-3239,3772,4749,-1289,7379,949,0,0
-3831,255,4205,-2629,7257,331,0,0
-4203,-792,3929,-4847,7649,-1317,0,0
-4793,-149,4023,-6129,10009,-4146,0,0
-4564,-287,4083,-6807,11906,-4870,0,0
-3775,167,2898,-8439,17505,-7939,0,0
-3352,1218,1944,-8650,5157,-11182,0,0
-962,5722,-656,-4851,2752,-9726,0,0
1433,5091,-1775,1301,3712,-3363,0,0
1984,-936,-1347,-263,2300,-1036,0,0
2015,-2492,-946,-1131,2430,-518,0,0
2005,-2416,-869,-2254,3367,-1990,0,0
1937,-3218,-1576,-5347,4803,-4618,0,0
2108,-3356,-3591,-8048,7507,-4506,0,0
2152,-2158,-6101,-10546,11371,-2695,0,0
1388,-572,-7500,-11789,11844,-802,0,0
-223,-998,-7743,-8945,5851,-50,0,0
-879,-317,-7037,-4579,2850,-611,0,0
-423,475,-6846,-1265,4162,655,0,0
-778,-127,-6308,-847,4513,1557,0,0
-1846,-1485,-5968,-1290,6907,1166,0,0
-2466,-2101,-5859,-232,7332,1155,0,0
-2481,-2284,-5978,959,5279,864,0,0
-2323,-3945,-6048,1348,4089,-1438,0,0
-2164,-2593,-4511,2481,1866,-5168,0,0
-1940,1588,-2349,5417,1264,-11110,0,0
-179,2042,379,10089,112,-16187,0,0
1784,732,2135,9098,-1889,-13432,0,0
3018,435,4110,4159,-333,-7388,0,0
5004,533,6615,-2556,5306,-739,0,0
6141,2288,8299,-3947,9181,1276,0,0
5546,5227,9855,-2315,9856,2237,0,0
2569,7596,10490,-2523,11094,1425,0,0
-888,8133,8983,-2125,9161,304,0,0
-2849,5321,6293,-706,7345,250,0,0
-3342,366,4491,-1219,6069,-208,0,0
-3099,-136,4062,-5524,7561,-1148,0,0
-3025,-145,3975,-6358,11616,-2453,0,0
-3661,465,4690,-8490,16703,-5213,0,0
-3756,59,3950,-8883,14874,-8356,0,0
-2110,1167,1841,-11350,5075,-17243,0,0
977,4570,-1348,-1803,1208,-1067,0,0
1659,3654,-2102,3147,1055,1978,0,0
1376,-1217,-1125,1199,334,1526,0,0
692,-2907,-373,-1389,24,279,0,0
355,-2105,-444,-3107,872,-2133,0,0
733,-2296,-1647,-5083,4165,-4385,0,0
1102,-3036,-3605,-7776,13179,-7527,0,0
1555,-2622,-3921,-9401,14548,-6022,0,0
2018,-934,-3280,-9248,11016,-3331,0,0
1715,-1698,-3547,-8182,6254,-1931,0,0
1027,-1733,-4720,-5364,4939,-264,0,0
636,-1319,-6104,-2228,7442,1193,0,0
-7,-501,-6930,-551,8916,1295,0,0
-995,-1689,-7324,1501,8370,1401,0,0
-2853,-5685,-7801,1340,7189,1757,0,0
-4583,-7272,-7347,377,6993,1660,0,0
-5817,-6812,-5779,-136,5852,633,0,0
-6329,-3632,-3728,-651,3412,-5904,0,0
-4426,1049,-1950,1824,-1445,-11989,0,0
-2287,1599,-926,5520,-2751,-19749,0,0
816,377,-234,6423,-2011,-16606,0,0
2661,-171,1171,3842,-106,-10763,0,0
5385,1662,4384,253,3984,-2494,0,0
6657,3623,7105,-1952,9496,281,0,0
6335,6996,8246,-3579,10880,2085,0,0
3405,10450,8461,-1641,8620,2679,0,0
-762,8847,7864,-621,8676,1193,0,0
-3262,4795,6685,-990,9680,-340,0,0
-3727,-403,5554,-2955,8421,-833,0,0
-3305,-670,4683,-6231,9761,-331,0,0
-4069,1795,4434,-8083,12625,-2917,0,0
-5004,2617,4205,-8433,18769,-6726,0,0
-4568,-219,4041,-8453,11056,-9228,0,0
-1883,-338,2811,-11750,3417,-13513,0,0
1044,1273,-729,-5178,1274,-1635,0,0
1916,361,-2209,2249,2747,735,0,0
1841,114,-1265,496,4371,4320,0,0
309,2405,-830,505,4538,3498,0,0
-1139,2749,-2,390,3039,1577,0,0
-1747,1464,-120,-2056,1122,693,0,0
-1694,-138,-332,412,1100,-688,0,0
-1047,-2379,36,-2944,3969,-4019,0,0
-120,-432,16,-814,9499,-11683,0,0
2046,-6258,-1067,-6159,14515,-10143,0,0
3349,-6694,-3556,-11699,15185,-5648,0,0
2567,-4064,-5994,-7818,11706,-2329,0,0
1096,-4887,-7572,-5359,7861,2152,0,0
-615,-3033,-8308,-4070,8032,3611,0,0
-1358,-384,-8380,-2286,10192,3062,0,0
-2229,-268,-8238,-1576,10883,3952,0,0
-3369,-300,-8041,-164,10633,3214,0,0
-3885,-2804,-7685,1196,8413,2187,0,0
-4768,-5692,-7386,-783,5646,1821,0,0
-5771,-4933,-5722,-842,4348,-2312,0,0
-5260,-398,-2692,3089,2404,-10650,0,0
-3010,1131,-1411,8529,2067,-19670,0,0
294,-655,-483,6828,2537,-19982,0,0
3815,127,2096,3085,4242,-10107,0,0
6533,1476,4827,-759,6356,175,0,0
7375,3115,7181,-2733,9477,2730,0,0
6280,6419,9097,-4093,10681,3647,0,0
2310,1613,10275,-1413,10410,2018,0,0
-2425,8337,9440,-860,11194,-10,0,0
-3765,1357,7122,-2318,10187,-33,0,0
-3532,-1307,5590,-4910,8973,445,0,0
-3827,-291,4977,-6774,11134,-1848,0,0
-3706,-855,5495,-8958,15115,-2415,0,0
-3363,-385,5690,-11381,16706,-5851,0,0
-2491,1715,3980,-13423,8030,-1555,0,0
753,2658,-300,-9319,5487,-4017,0,0
1371,5297,-3019,293,3003,270,0,0
1572,2897,-2634,1716,2231,-637,0,0
2025,-2553,-1672,346,2221,1578,0,0
1513,-2974,-1152,-1080,2515,689,0,0
1304,-2711,-693,-1403,4448,-1216,0,0
1248,-4267,-309,-4409,4269,-2984,0,0
1058,-5048,-1082,-10041,4075,-4397,0,0
1140,-3028,-3931,-11416,8806,-4112,0,0
631,-2504,-6267,-10071,12504,-1816,0,0
-687,-2586,-6503,-7902,8951,1043,0,0
-1789,-2203,-5396,-5654,3799,2394,0,0
-2515,-395,-5479,-2829,4798,2014,0,0
-2695,932,-6275,-1203,6328,2174,0,0
-2941,982,-6579,-354,6318,2234,0,0
-3252,-1270,-7007,-135,6442,1415,0,0
-3559,-3062,-7008,106,4829,1064,0,0
-3965,-3890,-6032,-44,4109,326,0,0
-4456,-3848,-4324,490,3250,-4150,0,0
-3913,-369,-1903,1477,1689,-8777,0,0
-2253,2955,-15,5299,963,-16176,0,0
1027,2171,527,8063,-208,-16160,0,0
3688,118,719,6418,-1436,-11943,0,0
5499,247,2675,2186,1012,-4265,0,0
6612,1759,5454,-1754,6796,783,0,0
6831,4329,7856,-3600,10572,2274,0,0
5358,7714,8683,-3594,10109,2743,0,0
2299,8647,8049,-881,7958,2242,0,0
-762,6419,7358,-829,7878,484,0,0
-2047,3111,6498,-2060,7696,-148,0,0
-2420,-538,5427,-4668,5232,21,0,0
-2986,953,4626,-7387,10123,-1055,0,0
-3909,2630,3978,-7717,12141,-3404,0,0
-4212,1695,3897,-9780,16612,-6396,0,0
-3895,1234,2948,-6876,7578,-8204,0,0
-1877,402,655,-9407,4448,-9534,0,0
-117,3506,-1082,-2692,1687,-6085,0,0
1184,1765,-1221,71,2166,927,0,0
917,2540,-577,626,3284,4084,0,0
101,2962,39,674,3142,3888,0,0
-846,2455,308,1200,2603,1436,0,0
-1103,-976,461,271,2120,-652,0,0
-727,-4250,569,-139,1696,-1939,0,0
47,-5355,627,-5283,4678,-4004,0,0
734,-2474,-1085,-7203,10570,-8152,0,0
1473,-3522,-3916,-11897,13747,-4042,0,0
1192,-2022,-6352,-13457,12543,-1373,0,0
808,-2255,-7339,-10322,8936,107,0,0
-215,-1179,-8094,-8351,6251,2869,0,0
-583,2999,-8454,-4045,6918,2684,0,0
388,2358,-7548,-2227,7671,2992,0,0
494,-995,-5942,-2000,8812,3260,0,0
-519,-3565,-5177,-2072,9741,3112,0,0
-2280,-2639,-6081,774,7927,5041,0,0
-4583,-2483,-7351,-796,7585,2724,0,0
-6600,-3222,-6399,86,5684,-2031,0,0
-5889,798,-3885,6685,888,-12015,0,0
-2515,282,-2026,10134,-640,-20464,0,0
970,-378,-58,8554,2168,-18815,0,0
3925,-488,1923,3182,4723,-9683,0,0
6113,1509,4195,-1206,6763,-916,0,0
6727,3783,6257,-2284,9185,2754,0,0
5016,5385,7749,-3268,9135,4103,0,0
1536,8617,8409,-1930,8334,3017,0,0
-3904,9416,8384,-2217,9363,1475,0,0
-4286,5972,7235,-3598,9614,-134,0,0
-5078,253,5668,-4436,8793,-1372,0,0
-4983,-1771,5160,-7176,9627,-2274,0,0
-5021,-1719,5540,-9202,13381,-5296,0,0
-3412,-3459,6149,-12005,18853,-3892,0,0
-2950,-2200,4967,-11547,9126,-6045,0,0
-2435,2991,1127,-8260,3939,-1938,0,0
517,3037,-966,-3749,1556,-2221,0,0
1355,4105,-1786,139,2346,2063,0,0
1251,2906,-1392,1313,3460,2896,0,0
549,913,-514,-7,3669,2978,0,0
-605,1032,-20,-1197,4130,1351,0,0
-1160,196,-129,-937,2778,-1002,0,0
-730,-2262,-605,747,437,-2955,0,0
636,-6840,-1215,-2708,1137,-2212,0,0
1343,-8400,-2318,-11689,7207,-4394,0,0
1352,-2516,-3959,-15714,13338,-5322,0,0
1417,1391,-6894,-14392,14046,-1641,0,0
1044,-519,-8183,-11460,10266,3062,0,0
-147,-72,-9068,-6404,5771,4286,0,0
-1190,729,-9710,-3165,4031,3801,0,0
-1910,103,-9395,-3419,4215,3198,0,0
-1855,-85,-8168,-3911,4436,2340,0,0
-1447,-1108,-6149,-3470,4554,2091,0,0
-1387,-3551,-3757,-3776,5546,2609,0,0
-1606,-4007,-2514,-3396,8790,1315,0,0
-2880,-4951,-3040,656,6678,-2230,0,0
-3852,-1304,-2788,1723,733,-10195,0,0
-2526,2701,-1565,9286,-4998,-18768,0,0
326,887,11,8202,-2589,-17533,0,0
2519,774,1975,3889,1330,-10001,0,0
4480,1737,3716,224,5469,-1766,0,0
5536,3233,5189,-929,8543,2196,0,0
4606,4866,6555,-1707,8431,2852,0,0
2353,6489,7210,-1296,7435,2168,0,0
-454,6101,7927,-2267,8843,1273,0,0
-2996,5113,8473,-3909,9756,-66,0,0
-4933,5033,8202,-3943,8868,-1216,0,0
-5786,2502,7026,-4576,12062,-2835,0,0
-4484,-717,6025,-5006,13836,-4265,0,0
-3704,-3186,6280,-9345,22787,-3580,0,0
-3684,-3529,5842,-7576,12364,-7241,0,0
-2238,-4045,4246,-12995,3413,-8962,0,0
38,-652,1267,-15000,1093,-6132,0,0
1355,5970,-2357,-2984,2271,1848,0,0
1071,1472,-974,484,5404,-170,0,0
475,-2653,-989,-56,493,-87,0,0
604,-4974,-1295,14,1351,-600,0,0
762,-5127,-847,-2667,2411,-2506,0,0
1014,-3659,-760,-6321,4705,-7321,0,0
1925,-2315,-2406,-7702,6592,-8286,0,0
2938,-3126,-4901,-10076,10358,-5264,0,0
2944,-2061,-6010,-10075,12383,-1515,0,0
2073,-935,-7560,-7446,8279,1138,0,0
660,-1908,-5270,-5094,4307,2769,0,0
-702,-1464,-5685,-3118,3840,3238,0,0
-1527,-1225,-6545,-1774,5430,2979,0,0
-2507,-1589,-7224,-1133,6147,2318,0,0
-3390,-1897,-7397,-1126,6739,1904,0,0
-4003,-2789,-6828,-629,5859,1187,0,0
-4753,-3862,-5723,-542,4628,-36,0,0
-5121,-2396,-4085,413,3544,-6419,0,0
-3502,1468,-1798,4196,2234,-11275,0,0
-879,1342,378,7579,1820,-17440,0,0
2290,523,1435,7195,-376,-15960,0,0
4173,233,2968,4063,-160,-10232,0,0
6031,1196,5408,-625,5574,-2201,0,0
7588,2315,7122,-3613,11804,998,0,0
7573,6473,8882,-4548,12478,3099,0,0
4553,8289,9416,-1904,11360,2447,0,0
1331,3017,8051,-1747,8934,1619,0,0
-486,1499,6139,-4074,7481,1936,0,0
-2575,3114,4877,-3817,5963,1790,0,0
-4066,3610,4621,-5277,5832,116,0,0
-4025,1633,4839,-8209,10371,-3883,0,0
-3279,281,4359,-9761,15390,-4242,0,0
-2835,1935,2589,-8729,12927,-6529,0,0
-2086,3875,436,-7690,5250,-11534,0,0
-110,5521,-1384,-1287,3178,-5307,0,0
1166,1389,-893,1221,2090,135,0,0
1232,-195,-665,-521,930,3352,0,0
450,1825,-491,391,940,2913,0,0
-370,1879,-148,-10,1374,1891,0,0
-1140,1841,-148,-717,1611,731,0,0
-1265,1234,-41,-188,2066,-2409,0,0
-347,-2154,635,-1213,4582,-4756,0,0
575,-3930,987,-3532,13051,-9361,0,0
1990,-3662,-164,-7229,14632,-11658,0,0
3499,-4773,-2371,-9182,13752,-7095,0,0
3345,-4729,-6736,-7709,11768,-2436,0,0
2274,-3474,-6194,-4759,8652,1029,0,0
1430,-1731,-7380,-2646,8989,3424,0,0
844,990,-8147,-909,10552,4069,0,0
168,637,-8438,919,11554,3690,0,0
-1871,-4292,-9495,953,10218,2692,0,0
-3539,-5245,-9198,1564,8238,1418,0,0
-4493,-5140,-7382,455,7048,2276,0,0
-5939,-3662,-5232,1583,4693,-5103,0,0
-4947,-325,-2589,3954,692,-10259,0,0
-3065,277,-589,6589,418,-18303,0,0
119,-134,861,5972,194,-19013,0,0
2885,-1056,2311,2413,982,-12648,0,0
5300,-416,4229,-568,4656,-3347,0,0
7361,883,5279,-3138,8658,1709,0,0
7677,4133,6540,-2646,8818,3464,0,0
5406,5484,7974,-1693,8569,2933,0,0
2778,4596,7966,-1852,8607,2093,0,0
1141,3825,7208,-2370,7625,2291,0,0
-454,2639,6218,-2918,6140,2923,0,0
-2096,1163,5260,-4806,8006,334,0,0
-2561,575,4974,-8947,9378,-1555,0,0
-2678,1938,4979,-10704,17246,-4649,0,0
-3154,1079,4750,-9700,8956,-6930,0,0
-2527,1385,2819,-9060,5118,-5149,0,0
-1929,5530,-122,-4701,3679,-4506,0,0
-947,4326,-1569,-1034,1452,-3073,0,0
266,2196,-1122,582,2444,-994,0,0
652,486,-621,314,2555,-189,0,0
418,-760,-605,-381,1718,-909,0,0
535,-1516,-304,-1162,2625,-2348,0,0
1031,-2895,-262,-2545,5687,-5307,0,0
1898,-4515,-737,-6797,8194,-7676,0,0
2850,-4894,-2321,-9804,12486,-4779,0,0
2175,-3519,-4728,-10160,14269,-1579,0,0
705,-1374,-5585,-5996,9271,33,0,0
125,-1391,-5119,-3653,5515,2683,0,0
-456,228,-5940,-1784,6279,3377,0,0
-1322,1262,-7369,-852,7328,3216,0,0
-2000,1104,-8134,-1121,8758,2143,0,0
-2320,-915,-8657,-743,9215,2593,0,0
-3093,-2779,-8393,25,7177,1551,0,0
-3960,-4273,-7374,301,5724,-698,0,0
-3824,-3828,-5535,3707,1999,-6591,0,0
-2561,-1822,-3093,4672,-2590,-10277,0,0
-1317,837,-26,5999,-2054,-18940,0,0
1388,277,1293,5270,-362,-15562,0,0
3164,-1188,1533,2140,1118,-9813,0,0
4611,-60,2932,-907,4111,-2981,0,0
5669,3402,5138,-2125,6485,1124,0,0
5176,6767,7578,-2002,7881,2316,0,0
2843,8368,8979,-2161,8923,1688,0,0
133,8266,8774,-2177,8775,817,0,0
-2034,4954,7531,-2052,8379,489,0,0
-2618,-955,5908,-3482,7248,690,0,0
-2291,-2090,4611,-5006,7622,-1092,0,0
-2357,-210,3928,-7277,9601,-1485,0,0
-3643,1743,4689,-9460,16438,-3734,0,0
-4385,2599,5665,-9662,12076,-8046,0,0
-3670,3400,2633,-7534,5691,-9266,0,0
-2054,4884,-1403,-4373,3701,-8443,0,0
-39,6556,-1967,2173,1385,-4277,0,0
1482,1899,-1225,1472,1765,734,0,0
1211,395,-1239,652,1418,1744,0,0
536,148,-138,996,1988,-654,0,0
637,-3140,850,-316,3405,-2794,0,0
803,-5448,197,-3441,6502,-6202,0,0
1333,-7228,-1893,-9163,10437,-6923,0,0
1683,-5938,-4151,-11369,13985,-4840,0,0
1314,-2445,-4820,-9346,12411,-2488,0,0
926,-25,-4942,-5714,8236,-208,0,0
650,-463,-5841,-2554,5602,2511,0,0
-152,-558,-7240,-941,6437,3606,0,0
-1311,-136,-8351,-1387,8992,3179,0,0
-2107,-1101,-8857,-1006,9419,2502,0,0
-3597,-4080,-8644,-1012,7826,2610,0,0
-5573,-4625,-7043,-27,5715,1545,0,0
-6489,-4046,-5199,-1366,5097,-754,0,0
-5926,-813,-4222,-2648,5452,-9318,0,0
-2947,677,-3104,6411,2220,-13742,0,0
0,207,-1284,10207,1395,-17937,0,0
2666,148,1313,7642,597,-13991,0,0
4006,1303,4807,2786,2983,-7296,0,0
5216,2180,7232,-1882,7199,-1408,0,0
6262,4028,8508,-3994,9600,1166,0,0
5654,7552,9180,-4453,10408,3873,0,0
1805,9447,9081,-1303,8785,2730,0,0
-1744,5602,8082,-1607,9058,414,0,0
-3006,518,6340,-3609,8192,-93,0,0
-3115,-2266,4750,-5082,5921,-1075,0,0
-2519,-864,4163,-7565,7923,-2493,0,0
-2224,549,4179,-7960,10474,-3239,0,0
-2621,1939,4649,-10697,16807,-6182,0,0
-3772,3441,3492,-7567,6843,-7350,0,0
-3086,2830,542,-5473,2865,-5462,0,0
-1877,4293,-984,-2299,1338,-5313,0,0
-396,4223,-641,355,684,-2390,0,0
426,2600,-382,34,1452,-102,0,0
464,-285,159,-185,960,-1794,0,0
724,-2790,250,-1214,2571,-4505,0,0
1678,-4426,-1048,-3083,6664,-7545,0,0
2933,-5767,-3282,-7343,12538,-6941,0,0
2725,-3397,-4923,-9154,14524,-5118,0,0
2269,-494,-4535,-8186,10315,-1833,0,0
1959,-164,-3988,-7453,5947,-23,0,0
1578,-637,-5174,-5140,5196,1713,0,0
1104,-816,-7176,-2897,6794,3891,0,0
159,-577,-8558,-2415,8176,3397,0,0
-831,-894,-9170,-1936,8844,2558,0,0
-1746,-2069,-9058,-1507,7803,2018,0,0
-3996,-639,-3483,4506,2452,-8080,0,0
-2019,25,-804,9703,1863,-16269,0,0
2118,-268,869,10092,892,-15695,0,0
4727,-1664,1541,6452,-337,-11248,0,0
6197,682,4650,1745,5028,-3138,0,0
6756,3100,7352,-3139,11863,1649,0,0
5328,7296,9394,-4652,12390,3467,0,0
2263,8777,9546,-3155,11885,2209,0,0
-38,3642,8577,-3682,10647,1754,0,0
-1376,1037,7636,-5150,8805,1985,0,0
-5351,-791,-7399,-1018,-1594,2154,0,0
-3357,1555,4412,-9418,9387,-3414,0,0
-3214,1945,3126,-8129,13062,-5785,0,0
-2689,1260,1478,-7600,13834,-6431,0,0
-2152,3307,118,-4667,5488,-8451,0,0
-323,4232,-830,1748,3923,-5606,0,0
980,1863,-449,774,1398,938,0,0
579,1258,-690,-64,307,3201,0,0
7,2486,-388,462,950,2131,0,0
-404,1369,-169,56,1298,386,0,0
-562,-628,-317,-526,1627,-271,0,0
-548,-1335,-113,-313,2537,-2122,0,0
-14,-1722,369,288,5711,-6078,0,0
1368,-5616,443,-3475,13200,-9865,0,0
2790,-7526,-755,-9553,15197,-7813,0,0
3363,-5357,-2968,-9964,13544,-3943,0,0
2296,-4198,-5102,-6975,9718,-1069,0,0
1082,-3108,-6580,-4250,7485,1523,0,0
221,-1580,-7837,-2582,9633,2957,0,0
-852,219,-8664,-1256,11485,2592,0,0
-1683,-313,-8942,-887,11758,2445,0,0
-2737,-2944,-9200,194,11682,2680,0,0
-4481,-1069,-9026,142,9326,1916,0,0
-6168,-2892,-5907,3542,4670,-6876,0,0
-3901,767,-2863,10156,120,-17351,0,0
-246,-1064,-375,10756,484,-20030,0,0
2424,-949,2006,5849,2199,-14837,0,0
5270,493,4837,671,5699,-5240,0,0
7452,2188,7072,-3367,9583,220,0,0
7692,4781,8469,-4574,12328,2829,0,0
5680,7230,8626,-2961,11092,3071,0,0
2260,6612,8330,-2565,8917,1862,0,0
-533,4102,7113,-2310,8280,1442,0,0
-1908,1226,5780,-3738,7104,1820,0,0
-3966,1801,4932,-9962,15632,-4473,0,0
-3929,2634,3874,-8999,15104,-7967,0,0
-3474,2135,1350,-8795,4456,-8659,0,0
-1310,344,-1095,-1024,4549,-9188,0,0
1223,4134,-1157,2163,3004,-2778,0,0
1692,-859,-1239,-456,1733,2764,0,0
1058,1769,-954,1031,1940,2813,0,0
386,1368,-52,598,2431,457,0,0
78,-1550,702,825,2123,-1551,0,0
746,-5358,1346,351,2257,-1868,0,0
1142,-6310,631,-3437,4468,-3142,0,0
1573,-4166,-1205,-7933,10028,-6805,0,0
2122,-2187,-2330,-11395,13461,-6393,0,0
2323,-1880,-3088,-11185,11560,-4693,0,0
1789,-2782,-4562,-9517,7003,-759,0,0
922,-769,-6175,-5986,6253,1239,0,0
901,929,-7670,-3047,9588,2393,0,0
778,-657,-8588,-2021,10460,2710,0,0
-319,-1749,-8962,-2003,10545,2819,0,0
-1678,-2305,-9091,-627,11642,2347,0,0
-3054,-4799,-8897,79,8708,1723,0,0
-4650,-5060,-7810,-27,7553,-1484,0,0
-5025,-1587,-5350,4589,3260,-7602,0,0
-3594,-483,-2876,9866,-73,-16603,0,0
-67,-1793,-720,11099,293,-21020,0,0
3547,-2001,1505,5813,1529,-13384,0,0
5826,-688,3804,641,4741,-3985,0,0
7160,1513,5538,-1876,8786,842,0,0
7013,5069,7105,-2469,9827,2832,0,0
4571,8599,8623,-1863,9066,2919,0,0
926,8704,8757,-1118,8514,1820,0,0
-1929,6046,7554,-913,9502,847,0,0
-3099,783,6154,-3224,8548,1062,0,0
-3990,871,5057,-5171,8139,-1192,0,0
-4463,1808,3896,-6675,12069,-2510,0,0
-5177,1424,3743,-7952,19059,-4062,0,0
-5518,809,3705,-7332,13021,-8430,0,0
-3555,-848,1797,-7245,5128,-13654,0,0
546,-955,25,-8843,1138,-4523,0,0
2016,5880,-1106,-120,4205,124,0,0
2023,1962,-760,883,4905,2889,0,0
1041,-335,-226,-1091,2630,2879,0,0
-216,919,108,342,1729,-187,0,0
-62,-2261,762,769,1199,-2789,0,0
712,-6452,977,-2949,2258,-4326,0,0
1607,-6221,-521,-8308,7734,-8163,0,0
2410,-4613,-3049,-8870,12665,-8449,0,0
2633,-4198,-4713,-8733,14067,-3744,0,0
1941,-3444,-3924,-6741,9649,-187,0,0
101,-5242,-4340,-5637,6766,1721,0,0
-1694,-2302,-6650,-2671,6672,2522,0,0
-2574,540,-8237,-1176,8826,2477,0,0
-3053,1229,-9239,-782,10570,2708,0,0
-3286,911,-9253,259,10748,2053,0,0
-3676,-2545,-8805,867,7917,1499,0,0
-4787,-699,-7496,993,5511,-482,0,0
-5287,-2280,-4886,3817,2532,-5427,0,0
-3722,1346,-2126,7262,1981,-13853,0,0
-265,337,-238,10266,249,-17877,0,0
3089,-1617,807,7913,-169,-14500,0,0
5280,-1253,2961,2552,1789,-6993,0,0
6691,514,5456,-2286,6261,-238,0,0
7139,3791,6900,-3339,9182,3477,0,0
5329,7763,8129,-2375,9188,3690,0,0
2157,6670,8055,-1351,7434,3066,0,0
-811,3299,6741,-2112,6903,2168,0,0
-2106,839,5174,-3228,6813,1762,0,0
-2581,705,4341,-4725,5796,509,0,0
-3338,2526,4219,-6389,8157,-792,0,0
-4065,3197,5006,-7249,14059,-4915,0,0
-3744,-198,6222,-10153,16551,-6352,0,0
-3710,612,5058,-10729,4304,-10610,0,0
-1483,3263,1347,-11390,2424,-14791,0,0
1773,2307,-1875,-1871,3503,-2730,0,0
2296,-835,-2779,-1270,3065,-279,0,0
2021,-1583,-2801,-2641,4603,1158,0,0
1481,1267,-2463,-1848,5848,844,0,0
873,2335,-1900,-879,5102,-18,0,0
408,1231,-1787,-424,3444,-220,0,0
0,-664,-1836,-743,2613,-111,0,0
-379,-1379,-3696,-1333,2724,-175,0,0
-473,-1121,-1328,-2018,2994,-327,0,0
-655,-642,-958,-1864,2668,-517,0,0
-843,-492,-430,-1918,2406,-1180,0,0
-817,-939,214,-2791,2583,-1032,0,0
-990,-930,1122,-3478,2734,-1220,0,0
-1259,-373,1832,-3244,2545,-2636,0,0
-945,272,1994,-2997,2068,-3541,0,0
-249,517,2081,-3248,2481,-3816,0,0
799,-1522,2194,-3037,3230,-2363,0,0
1439,-3984,1720,-2985,4160,-654,0,0
1460,-3649,802,-2806,5189,-145,0,0
1259,-2212,255,-2839,5561,-212,0,0
950,-733,139,-2189,3955,-146,0,0
707,-154,21,-1929,2619,-92,0,0
606,159,-25,-1808,2630,29,0,0
520,249,301,-2136,3144,246,0,0
372,343,670,-2468,3779,226,0,0
134,638,663,-2702,4466,-37,0,0
-259,819,93,-2379,4474,-313,0,0
-620,840,-773,-2002,3977,-866,0,0
-698,566,-1501,-2384,3987,-1326,0,0
-785,597,-1848,-2568,3767,-1339,0,0
-1015,1530,-1977,-2450,3936,-1074,0,0
-1244,2844,-2088,-1980,4371,-1159,0,0
-1039,3490,-2093,-1420,3958,-1174,0,0
-617,2633,-1841,-1292,3242,-1082,0,0
-249,1168,-1298,-1334,2446,-946,0,0
66,159,-621,-2070,2138,-661,0,0
284,-31,-29,-2539,1968,-710,0,0
375,-177,499,-2639,1978,-843,0,0
339,-541,779,-3056,2207,-1339,0,0
308,-590,689,-3091,2227,-1658,0,0
173,-558,577,-3078,2653,-1515,0,0
-46,-390,541,-3099,3198,-1477,0,0
-213,-202,605,-2800,3283,-1597,0,0
-284,-300,642,-2767,3244,-1508,0,0
-357,-203,604,-2756,3170,-1492,0,0
-371,119,490,-2622,3120,-1393,0,0
-364,334,337,-2380,3080,-1267,0,0
-354,301,285,-2244,3182,-1268,0,0
-333,153,366,-2173,3261,-1157,0,0
-345,59,519,-2102,3343,-1047,0,0
-358,32,708,-1982,3495,-1009,0,0
-354,15,883,-1866,3579,-971,0,0
-355,-24,986,-1822,3732,-926,0,0
-349,-36,962,-1782,3991,-892,0,0
-339,-17,806,-1901,4077,-995,0,0
-246,156,463,-1847,4111,-1738,0,0
24,-4,60,-1459,3989,-1914,0,0
124,86,-114,-1288,3751,-1221,0,0
76,75,-138,-1482,3843,-976,0,0
116,200,-138,-1523,3836,-823,0,0
133,153,-58,-1448,3785,-759,0,0
125,-110,24,-1433,3674,-823,0,0
132,-336,45,-1511,3672,-751,0,0
92,-294,46,-1572,3736,-723,0,0
22,-138,56,-1527,3753,-834,0,0
-16,-157,59,-1558,3767,-908,0,0
-32,-155,48,-1573,3774,-975,0,0
-38,-125,41,-1561,3758,-1067,0,0
-20,-138,43,-1581,3756,-1113,0,0
6,-106,54,-1618,3814,-1022,0,0
13,-76,63,-1615,3757,-926,0,0
24,-63,41,-1589,3737,-859,0,0
14,-41,20,-1558,3750,-797,0,0
-32,6,9,-1556,3736,-803,0,0
-73,83,16,-1587,3744,-823,0,0
-96,160,18,-1598,3760,-863,0,0
-95,183,2,-1602,3814,-905,0,0
-87,195,-5,-1580,3825,-915,0,0
-84,271,-13,-1516,3799,-905,0,0
-79,311,-20,-1441,3790,-894,0,0
-61,285,-40,-1395,3770,-867,0,0
-30,238,-61,-1334,3799,-838,0,0
0,121,-74,-1339,3892,-803,0,0
13,13,-77,-1362,3895,-802,0,0
18,-48,-87,-1358,3838,-801,0,0
19,-62,-97,-1337,3819,-832,0,0
25,-50,-77,-1315,3793,-870,0,0
38,-71,-23,-1327,3801,-927,0,0
60,-183,34,-1443,3773,-943,0,0
90,-234,48,-1488,3520,-926,0,0
119,-217,-30,-1478,3481,-808,0,0
101,-157,-70,-1464,3423,-792,0,0
110,-170,-91,-1458,3370,-731,0,0
137,-276,-151,-1508,3957,-687,0,0
122,-474,-123,-1649,4823,-676,0,0
10,-507,40,-1800,4434,-845,0,0
-16,-271,66,-1838,3654,-1164,0,0
91,-187,-104,-1735,3467,-1333,0,0
134,-77,-162,-1566,3546,-984,0,0
107,-62,-61,-1571,3713,-780,0,0
112,-180,41,-1710,3802,-733,0,0
93,-121,84,-1724,3745,-746,0,0
55,-80,57,-1712,3733,-861,0,0
56,-194,-17,-1809,3783,-922,0,0
56,-130,-39,-1779,3743,-881,0,0
17,58,-9,-1639,3698,-859,0,0
-8,172,21,-1525,3758,-850,0,0
10,112,55,-1491,4015,-836,0,0
34,36,89,-1433,3989,-823,0,0
17,283,120,-1198,3799,-922,0,0
12,327,191,-1085,3836,-1174,0,0
37,-262,304,-1367,3649,-1142,0,0
50,-452,367,-1711,3637,-1046,0,0
71,-259,462,-1930,3860,-1024,0,0
67,216,602,-1587,3828,-967,0,0
92,94,520,-1417,3638,-937,0,0
153,-92,155,-1279,3547,-877,0,0
154,79,-129,-984,3819,-1045,0,0
218,-168,-148,-825,3935,-1528,0,0
393,-1200,-79,-1035,3884,-1547,0,0
518,-1824,68,-1422,3874,-1344,0,0
568,-1963,255,-1615,3696,-1100,0,0
564,-2091,250,-1888,3550,-764,0,0
424,-1585,77,-1882,3433,-502,0,0
189,-815,-38,-1885,3313,-444,0,0
-40,-53,-66,-1824,3239,-674,0,0
-129,345,-68,-1898,3703,-1230,0,0
-35,946,-134,-1447,3893,-1366,0,0
81,1414,-147,-905,3862,-994,0,0
225,851,-173,-948,4410,-823,0,0
289,562,-297,-675,4756,-1140,0,0
385,379,-223,-74,4315,-1426,0,0
529,-1003,87,-606,3839,-1050,0,0
488,-2196,425,-3352,3545,-941,0,0
436,-2271,673,-1623,3471,-889,0,0
410,-2175,722,-1961,3677,-947,0,0
373,-2184,658,-2214,3749,-900,0,0
297,-3864,377,-2288,3578,-826,0,0
165,-1306,2,-2365,3462,-848,0,0
24,-704,-236,-2327,3597,-806,0,0
-71,-42,-289,-2080,3808,-782,0,0
-116,395,-235,-1857,3794,-830,0,0
-140,745,-173,-1652,3652,-840,0,0
-182,902,-111,-1432,3565,-901,0,0
-215,623,-14,-1429,3688,-1018,0,0
-202,180,90,-1657,3836,-955,0,0
-172,159,82,-1783,3799,-846,0,0
-167,425,-9,-1620,3819,-825,0,0
-194,531,-78,-1492,3817,-858,0,0
-245,474,-72,-1522,3761,-869,0,0
-294,464,-18,-1635,3735,-858,0,0
-329,612,41,-1601,3740,-847,0,0
-322,726,55,-1460,3805,-878,0,0
-269,745,38,-1362,3875,-955,0,0
-192,621,0,-1283,3939,-1011,0,0
-93,345,-28,-1236,3883,-990,0,0
-15,134,-30,-1241,3844,-917,0,0
16,-34,16,-1329,3798,-898,0,0
18,-166,68,-1529,3778,-877,0,0
-2,-139,87,-1699,3821,-873,0,0
-19,121,85,-1712,3824,-876,0,0
-14,434,78,-1485,3765,-935,0,0
3,481,44,-1286,3757,-896,0,0
6,470,-38,-1169,3792,-892,0,0
13,233,-115,-1113,3900,-971,0,0
35,-203,-124,-1253,3796,-975,0,0
45,-400,-115,-1448,3655,-999,0,0
41,-494,-120,-1605,3591,-932,0,0
14,-442,-151,-1691,3652,-839,0,0
-13,-299,-186,-1669,3813,-860,0,0
-24,-271,-196,-1656,3888,-884,0,0
-42,-168,-183,-1678,3859,-885,0,0
-81,77,-108,-1623,3761,-867,0,0
-119,243,-12,-1591,3802,-841,0,0
-130,259,67,-1614,3774,-832,0,0
-110,216,107,-1664,3732,-848,0,0
-94,184,74,-1728,3734,-821,0,0
-110,360,-16,-1608,3710,-711,0,0
-157,576,-70,-1380,3845,-666,0,0
-208,573,-16,-1300,3980,-775,0,0
-232,397,94,-1357,3722,-994,0,0
-209,125,133,-1651,3539,-878,0,0
-211,209,81,-1953,3845,-612,0,0
-267,672,28,-1917,4120,-703,0,0
-270,844,-28,-1788,4005,-804,0,0
-200,1053,-212,-1613,3955,-842,0,0
-111,1193,-469,-1438,3967,-822,0,0
19,1016,-739,-1256,3876,-717,0,0
183,503,-913,-1101,3847,-723,0,0
310,-396,-904,-1136,3843,-726,0,0
332,-1008,-747,-1348,3662,-587,0,0
207,-762,-487,-1358,3547,-609,0,0
40,-127,-146,-1069,3642,-1065,0,0
44,-533,249,-1319,3773,-1355,0,0
200,-1414,539,-1871,3715,-956,0,0
283,-1476,582,-2254,3540,-705,0,0
293,-1004,487,-2469,3485,-507,0,0
196,-305,518,-2335,3532,-412,0,0
61,229,581,-2222,3731,-519,0,0
-5,355,509,-2110,3763,-607,0,0
-18,229,267,-2070,3685,-697,0,0
-34,213,-26,-1998,3741,-661,0,0
-95,475,-175,-1823,3777,-567,0,0
-2224,821,-136,-1657,3707,-592,0,0
-235,994,-87,-1555,3803,-642,0,0
-259,1074,-72,-1485,3884,-752,0,0
-227,1014,-69,-1398,3926,-873,0,0
-142,733,-74,-1393,3947,-939,0,0
-35,417,-135,-1402,3959,-865,0,0
41,165,-225,-1303,3972,-760,0,0
43,-169,-291,-1317,3941,-688,0,0
-25,-210,-267,-1502,3999,-652,0,0
-137,227,-88,-1406,3765,-811,0,0
-156,389,61,-1359,3604,-962,0,0
-76,242,103,-1404,3698,-1042,0,0
-9,29,151,-1508,3865,-1010,0,0
-10,-55,232,-1657,3874,-943,0,0
-55,161,285,-1713,3784,-931,0,0
-116,494,263,-1646,3665,-958,0,0
-140,679,152,-1526,3636,-1003,0,0
-109,631,45,-1456,3633,-963,0,0
-72,544,-12,-1403,3697,-882,0,0
-70,489,-25,-1338,3799,-831,0,0
-102,427,-17,-1310,3879,-826,0,0
-140,450,10,-1251,3821,-898,0,0
-127,512,-49,-1043,3760,-910,0,0
-115,414,-153,-938,3796,-868,0,0
-91,321,-100,-1033,4177,-933,0,0
-26,203,65,-1051,4049,-854,0,0
2,86,147,-3160,3850,-839,0,0
6,136,137,-1173,3771,-923,0,0
26,233,109,-1206,3936,-1106,0,0
93,127,94,-1191,3928,-1319,0,0
187,-2312,0,-1268,3868,-1298,0,0
236,-453,-142,-1350,3805,-1170,0,0
222,-363,-227,-1357,3723,-1193,0,0
215,-298,-210,-1311,3629,-1263,0,0
214,-357,-155,-1408,3534,-1198,0,0
166,-277,-99,-1451,3538,-1080,0,0
43,-63,3,-1430,3630,-1057,0,0
-70,75,96,-1482,3795,-1162,0,0
-101,117,128,-1522,3849,-1274,0,0
-5,-16,148,-1406,3795,-1335,0,0
121,-442,129,-1385,3576,-1229,0,0
122,-590,29,-1509,3493,-1228,0,0
54,-343,-34,-1586,3668,-1330,0,0
1,-121,-8,-1586,3756,-1341,0,0
-39,-52,50,-1638,3631,-1289,0,0
-75,6,93,-1658,3543,-1349,0,0
-65,-10,62,-1677,3640,-1356,0,0
-30,-27,26,-1734,4039,-1355,0,0
-18,78,27,-1623,4110,-1098,0,0
-79,355,17,-1398,3768,-849,0,0
-184,603,-63,-3224,3436,-767,0,0
-274,700,-146,-1132,3487,-692,0,0
-357,757,-57,-1164,3742,-544,0,0
-427,834,119,-1204,4082,-433,0,0
-471,981,220,-1158,4130,-517,0,0
-413,1195,154,-978,4061,-927,0,0
-204,1342,11,-499,4157,-1137,0,0
-34,705,-87,-415,4115,-907,0,0
16,121,-115,-768,4063,-591,0,0
-10,220,-54,-934,4000,-501,0,0
-65,576,87,-869,4028,-565,0,0
-141,632,251,-852,4027,-668,0,0
-218,665,313,-722,3995,-695,0,0
-277,683,222,-601,4009,-674,0,0
-308,598,126,-571,4082,-533,0,0
-357,709,118,-436,4019,-446,0,0
-402,734,206,-310,4110,-470,0,0
-399,577,326,-280,3929,-567,0,0
-322,332,361,-262,3996,-472,0,0
-261,47,281,-381,4112,-225,0,0
-258,93,180,-312,4189,-388,0,0
-201,78,158,-147,4061,-578,0,0
-133,-347,135,-369,4204,-423,0,0
-127,-460,79,-457,4191,-355,0,0
-110,31,3,-311,4087,-445,0,0
-80,239,32,-94,4110,-398,0,0
-41,-41,121,-204,4036,-436,0,0
-8,-204,118,-348,4033,-391,0,0
-19,10,48,-316,4066,-416,0,0
-32,173,-13,-165,4076,-417,0,0
-39,144,-29,-135,4045,-389,0,0
-13,86,-25,-83,4073,-417,0,0
30,-84,-53,-191,4078,-403,0,0
39,-84,-76,-300,4113,-380,0,0
7,71,-77,-310,4105,-355,0,0
0,177,-88,-144,4118,-427,0,0
35,46,-80,-150,3995,-478,0,0
67,-84,-73,-322,4102,-469,0,0
106,-140,-58,-403,4118,-508,0,0
157,-84,-51,-507,4121,-553,0,0
203,183,17,-478,4192,-568,0,0
244,362,52,-448,4138,-597,0,0
304,471,-14,-437,4163,-702,0,0
374,582,-161,-421,4151,-683,0,0
410,681,-348,-367,4034,-693,0,0
435,718,-505,-351,4005,-634,0,0
425,715,-554,-359,4006,-750,0,0
419,760,-469,-315,3955,-930,0,0
419,620,-314,-267,3986,-1010,0,0
407,243,-227,-359,4001,-1027,0,0
378,0,-214,-414,3808,-1049,0,0
310,-93,-170,-455,3676,-1121,0,0
206,-147,-64,-630,3770,-1183,0,0
98,-161,33,-741,3862,-1224,0,0
14,-52,53,-899,3993,-1175,0,0
-56,401,47,-804,4015,-1175,0,0
-87,685,8,-522,3896,-1215,0,0
-83,548,-106,-435,3823,-1188,0,0
-53,436,-171,-364,3877,-1179,0,0
-13,287,-109,-307,3924,-1249,0,0
24,-3,-19,-378,3922,-1222,0,0
31,-214,2,-546,3874,-1216,0,0
26,-215,-50,-587,3739,-1213,0,0
30,-269,-127,-594,3604,-1162,0,0
43,-2568,-224,-567,3455,-946,0,0
-17,-1052,-369,-600,3875,-849,0,0
-202,-1167,-552,-781,4720,-1141,0,0
-350,-822,-314,-843,4537,-1597,0,0
-276,-1193,158,-1432,3763,-1541,0,0
-232,-872,362,-1821,3204,-1071,0,0
-216,422,355,-1561,3198,-960,0,0
-169,628,301,-1399,3568,-805,0,0
-153,308,147,-1321,4065,-631,0,0
-188,198,-59,-1261,4014,-530,0,0
-329,237,-275,-1258,3802,-467,0,0
-484,455,-504,-1155,3914,-351,0,0
-608,635,-694,-1155,4252,-253,0,0
-652,868,-687,-1254,4606,-153,0,0
-551,1210,-538,-1089,4468,-30,0,0
-321,1069,-527,-637,4044,16,0,0
-101,126,-657,-593,3760,-29,0,0
-19,-555,-646,-1001,3775,-65,0,0
0,-330,-371,-1211,4098,-153,0,0
-31,-36,-17,-1229,4057,-75,0,0
-94,137,186,-1330,3797,-71,0,0
9,517,232,-1144,3740,-583,0,0
227,334,245,-1222,4017,-788,0,0
475,-191,237,-1288,4487,-647,0,0
664,-2736,127,-1235,4509,-403,0,0
685,-984,-47,-1293,4219,-285,0,0
606,-952,-2248,-1391,3952,-216,0,0
473,-660,-285,-1425,3818,-125,0,0
293,-265,-232,-1438,3654,-2232,0,0
132,-44,-55,-1330,3659,-448,0,0
108,-277,160,-1341,3970,-671,0,0
94,-480,420,-1469,3708,-826,0,0
72,-254,538,-1268,3487,-1186,0,0
111,-274,479,-1198,4054,-1424,0,0
113,-489,468,-1406,4416,-1451,0,0
117,-378,526,-1352,4001,-1274,0,0
98,-265,536,-1344,3742,-1386,0,0
157,-268,430,-1293,3705,-1443,0,0
335,-477,157,-1378,3716,-1488,0,0
439,-641,-78,-1310,3848,-1394,0,0
375,-738,-166,-1341,3977,-3240,0,0
304,-559,-206,-1268,3818,-1124,0,0
270,-489,-198,-1257,3571,-1053,0,0
194,-452,-55,-1210,3356,-906,0,0
126,-365,253,-1270,3537,-912,0,0
123,-321,480,-1446,3876,-963,0,0
60,5,491,-1389,3833,-1004,0,0
18,282,426,-1143,3831,-1166,0,0
46,73,318,-1221,3750,-1056,0,0
37,78,157,-1291,3796,-1001,0,0
44,162,-23,-1260,3780,-1057,0,0
23,198,-166,-1164,3730,-1016,0,0
-17,260,-238,-1055,3868,-1052,0,0
-24,195,-231,-1037,3954,-1066,0,0
-37,197,-175,-1042,3795,-1092,0,0
-52,309,-127,-1056,3874,-1134,0,0
-79,402,-65,-1053,3837,-1159,0,0
-118,431,-64,-1035,3809,-1150,0,0
-112,612,-221,-962,3803,-1043,0,0
-116,740,-413,-843,3881,-1035,0,0
-135,609,-480,-852,3874,-1153,0,0
-135,473,-409,-838,3878,-1135,0,0
-217,572,-106,-547,3858,-1303,0,0
-164,156,329,-735,4010,-1604,0,0
55,-692,387,-1183,3955,-1283,0,0
100,-743,180,-1303,3857,-920,0,0
31,-200,-15,-1212,3808,-905,0,0
-39,70,-106,-1129,3777,-1025,0,0
-46,-29,-73,-1132,3917,-1248,0,0
-6,-456,-4,-1159,4003,-1367,0,0
18,-532,25,-1190,3784,-1206,0,0
-41,-81,41,-1184,3666,-1117,0,0
-94,205,94,-1213,3732,-1115,0,0
-115,214,128,-1328,3702,-1124,0,0
-120,228,111,-1396,3691,-1154,0,0
-103,198,9,-1299,3989,-1090,0,0
-110,273,-84,-1034,4132,-1084,0,0
-113,119,-85,-916,3987,-1210,0,0
-51,-476,-144,-1010,3800,-1020,0,0
-62,-522,-145,-1127,3648,-943,0,0
-59,-203,-19,-3192,3727,-788,0,0
-25,41,51,-1241,3925,-535,0,0
-12,180,0,-1385,4057,-715,0,0
34,55,-189,-1553,4002,-751,0,0
65,364,-357,-1371,4196,-698,0,0
66,894,-507,-1074,4220,-662,0,0
3,980,-563,-844,3950,-624,0,0
-86,922,-478,-748,3772,-648,0,0
-142,785,-302,-760,3814,-646,0,0
-168,557,-148,-910,3873,-557,0,0
-199,496,-78,-1014,3954,-456,0,0
-227,593,-72,-1025,4042,-527,0,0
-234,559,-72,-1043,3962,-719,0,0
-216,301,-53,-1142,3815,-854,0,0
-185,137,-14,-1255,3861,-863,0,0
-156,135,28,-1298,3917,-825,0,0
-127,187,46,-1278,3949,-835,0,0
-83,174,6,-1251,3984,-835,0,0
-37,76,-83,-1202,4039,-825,0,0
0,-78,-160,-1201,3928,-826,0,0
21,-144,-183,-1234,3848,-796,0,0
19,-77,-156,-1249,3845,-816,0,0
21,-21,-106,-1257,3846,-819,0,0
30,-28,-77,-1270,3835,-803,0,0
25,-70,-76,-3344,3863,-789,0,0
-3,-72,-73,-1327,3883,-729,0,0
-63,61,-47,-1319,3857,-736,0,0
-104,152,9,-1360,3907,-794,0,0
-123,159,80,-1428,3893,-854,0,0
-118,209,102,-1439,3810,-879,0,0
-76,267,50,-1348,3844,-902,0,0
0,158,-40,-1285,3921,-901,0,0
84,-70,-133,-1259,3951,-862,0,0
138,-267,-196,-1273,3898,-822,0,0
147,-358,-207,-1332,3765,-755,0,0
109,-327,-176,-1392,3723,-717,0,0
55,-187,-130,-1420,3722,-773,0,0
29,-81,-74,-1434,3826,-814,0,0
18,-72,-27,-1420,3913,-847,0,0
4,-86,-13,-1416,3899,-938,0,0
29,-145,-22,-1468,3797,-927,0,0
70,-171,-46,-1483,3759,-828,0,0
77,-207,-69,-1490,3784,-839,0,0
79,-299,-63,-1579,3787,-847,0,0
90,-294,-30,-1621,3819,-783,0,0
78,-182,-21,-1587,3859,-798,0,0
53,-143,-37,-1579,3798,-851,0,0
41,-146,-46,-1595,3789,-831,0,0
36,-130,-38,-1621,3762,-849,0,0
38,-109,-21,-1635,3732,-845,0,0
42,-95,-4,-1656,3744,-822,0,0
46,-77,3,-1673,3740,-828,0,0
43,-62,-5,-1680,3742,-826,0,0
39,-15,-26,-1676,3770,-824,0,0
30,55,-41,-1613,3754,-819,0,0
14,75,-43,-1531,3708,-803,0,0
-18,82,-27,-1497,3729,-759,0,0
-56,99,20,-1496,3807,-756,0,0
-82,101,88,-1526,3841,-817,0,0
-81,77,137,-1554,3830,-853,0,0
-55,27,135,-1593,3786,-902,0,0
-20,-39,95,-1662,3783,-887,0,0
11,-5,44,-1681,3796,-847,0,0
26,83,-6,-1623,3787,-809,0,0
23,123,-42,-1515,3773,-797,0,0
8,115,-67,-1454,3777,-789,0,0
-14,141,-63,-1424,3822,-795,0,0
-27,144,-16,-1408,3869,-834,0,0
-25,125,44,-1414,3812,-877,0,0
-13,81,75,-1435,3775,-875,0,0
8,22,69,-1470,3809,-864,0,0
28,-5,41,-1496,3846,-860,0,0
43,14,3,-1515,3837,-841,0,0
36,51,-13,-1455,3818,-849,0,0
30,45,-14,-1443,3802,-851,0,0
17,58,-18,-1433,3790,-846,0,0
3,91,-14,-1410,3831,-829,0,0
-11,98,0,-1414,3853,-845,0,0
-24,117,16,-1410,3770,-876,0,0
-24,105,19,-1410,3777,-882,0,0
-11,52,5,-1440,3845,-887,0,0
-1,26,-16,-1452,3854,-877,0,0
-3,51,-24,-1438,3833,-856,0,0
-17,92,-11,-1419,3838,-849,0,0
-31,127,5,-3448,3829,-856,0,0
-39,139,12,-1373,3788,-878,0,0
-32,128,3,-1372,3839,-876,0,0
-27,87,-5,-1374,3826,-925,0,0
-12,43,-20,-1393,3755,-919,0,0
19,0,-56,-1383,3779,-912,0,0
52,-75,-103,-1379,3816,-905,0,0
75,-143,-133,-1354,3786,-887,0,0
83,-210,-138,-1355,3819,-869,0,0
59,-234,-131,-1386,3860,-866,0,0
20,-193,-104,-1410,3805,-843,0,0
-11,-141,-55,-1439,3788,-852,0,0
-27,-109,-1,-1493,3827,-850,0,0
-29,-93,67,-1539,3769,-873,0,0
-17,-92,104,-1555,3729,-913,0,0
6,-158,65,-1582,3776,-911,0,0
30,-236,-13,-1643,3844,-886,0,0
44,-206,-64,-1660,3853,-834,0,0
42,-60,-61,-1609,3808,-796,0,0
26,79,-14,-1520,3783,-810,0,0
9,115,32,-1450,3798,-838,0,0
7,78,60,-1474,3900,-873,0,0
47,25,78,-1455,3935,-901,0,0
92,-91,62,-1467,3776,-911,0,0
94,-197,15,-1559,3663,-857,0,0
67,-130,-12,-1571,3658,-808,0,0
38,-55,-9,-1527,3694,-815,0,0
2,-52,-3,-1551,3749,-804,0,0
-25,4,1,-1550,3831,-831,0,0
-33,46,1,-1519,3865,-871,0,0
-30,77,0,-1503,3832,-883,0,0
-26,150,12,-1566,3845,-869,0,0
-21,214,28,-1442,3852,-850,0,0
-20,173,43,-1396,3769,-901,0,0
-30,76,34,-1500,3715,-876,0,0
-50,133,11,-1548,3754,-849,0,0
-58,235,-5,-1525,3839,-852,0,0
-54,304,-8,-1469,3886,-844,0,0
-56,354,-7,-1416,3896,-857,0,0
-66,376,-13,-1370,3832,-875,0,0
-76,398,-18,-1316,3779,-847,0,0
-78,422,-33,-1247,3823,-857,0,0
-70,318,-47,-1223,3900,-894,0,0
-71,163,-44,-1368,3835,-938,0,0
-68,228,-48,-1554,3806,-3024,0,0
-63,460,-59,-1230,3776,-851,0,0
-97,404,2,-1241,3835,-815,0,0
-78,345,32,-1263,3890,-947,0,0
-49,234,6,-1260,3916,-921,0,0
-51,210,-29,-1200,3877,-918,0,0
-37,150,-48,-1265,3884,-980,0,0
5,92,-85,-1295,3870,-1005,0,0
-30,96,-68,-1218,3800,-775,0,0
-68,169,-31,-1259,3744,-898,0,0
-43,71,-30,-1212,3730,-961,0,0
-24,-118,-77,-1280,3740,-963,0,0
8,-218,-118,-1371,3810,-1043,0,0
76,-350,-171,-1434,3902,-992,0,0
36,-156,-227,-1418,4042,-606,0,0
-44,344,-220,-1367,4130,-851,0,0
-28,336,-126,-1284,3817,-990,0,0
-8,119,20,-1367,3641,-908,0,0
17,-31,121,-1496,3683,-985,0,0
26,-50,164,-1543,3730,-901,0,0
14,22,133,-1494,3830,-904,0,0
6,80,21,-1376,3907,-869,0,0
12,88,-85,-1230,3893,-907,0,0
19,-43,-100,-1200,3809,-955,0,0
28,-212,-44,-1358,3761,-3008,0,0
17,-226,21,-1451,3757,-875,0,0
-28,-143,38,-1482,3795,-836,0,0
-59,-77,15,-1493,3914,-853,0,0
-67,-13,-19,-1455,4007,-861,0,0
-46,10,-36,-1388,3945,-876,0,0
-1,6,24,-1343,3961,-831,0,0
56,40,108,-1283,4025,-904,0,0
149,-54,86,-1123,4012,-963,0,0
223,-220,-40,-951,3786,-912,0,0
256,-508,-126,-976,3589,-877,0,0
274,-851,-75,-1181,3615,-885,0,0
261,-1168,89,-1427,3754,-851,0,0
219,-1163,268,-1654,3943,-752,0,0
131,-815,408,-1766,3979,-714,0,0
15,-258,461,-1753,3842,-712,0,0
-103,277,432,-1583,3783,-683,0,0
-177,463,328,-1434,3828,-677,0,0
-200,415,173,-1344,3802,-703,0,0
-185,300,20,-1220,3786,-669,0,0
-151,103,-118,-1187,3870,-583,0,0
-100,14,-182,-1193,4216,-527,0,0
-53,-36,-204,-1152,4107,-489,0,0
-19,-39,-258,-1092,3937,-436,0,0
5,-70,-308,-1058,3958,-2504,0,0
21,-141,-318,-1075,3900,-501,0,0
17,-139,-307,-1141,3813,-561,0,0
9,28,-266,-1231,3967,-765,0,0
64,83,-180,-1294,4099,-951,0,0
154,-95,-141,-1451,4142,-872,0,0
158,-152,-145,-1586,4011,-725,0,0
88,178,-150,-1464,3633,-685,0,0
44,482,-190,-1247,3465,-647,0,0
19,422,-229,-1203,3735,-587,0,0
-64,330,-127,-1248,3898,-642,0,0
-191,404,134,-1443,3991,-917,0,0
-289,651,414,-1621,3955,-1309,0,0
-252,1063,491,-1416,3687,-1723,0,0
-92,892,313,-1100,3475,-1689,0,0
127,17,119,-1165,3593,-1455,0,0
349,-650,83,-1421,4134,-1260,0,0
391,-1014,209,-1568,4115,-1174,0,0
318,-987,292,-1595,3549,-1102,0,0
280,-610,165,-1611,3345,-1093,0,0
292,-409,-41,-1490,3521,-1071,0,0
274,-629,-146,-1669,3671,-1016,0,0
186,-531,-102,-1763,3730,-997,0,0
48,-70,57,-1845,3702,-981,0,0
-65,427,130,-1626,3734,-1022,0,0
-106,472,16,-1414,3801,-984,0,0
-144,402,-150,-1418,3992,-1026,0,0
-146,354,-247,-1403,4035,-1012,0,0
-116,388,-345,-1228,3682,-958,0,0
-73,394,-475,-1047,3362,-898,0,0
-73,294,-522,-1068,3706,-908,0,0
-110,444,-365,-1093,4482,-994,0,0
-147,712,-129,-982,4516,-1102,0,0
-101,594,-20,-613,3589,-1425,0,0
53,-572,-32,-783,3161,-1320,0,0
136,-1524,67,-1417,3500,-968,0,0
141,-1480,385,-1938,3893,-699,0,0
48,-388,740,-1886,3967,-565,0,0
-133,568,945,-1640,3927,-806,0,0
-240,794,902,-1479,3984,-884,0,0
-275,662,644,-1395,3910,-821,0,0
-256,474,257,-1393,3888,-854,0,0
-163,338,-140,-1433,4043,-928,0,0
-42,296,-420,-1244,4140,-983,0,0
92,-25,-614,-1105,4025,-943,0,0
208,-522,-781,-1163,3933,-822,0,0
232,-655,-880,-1262,3849,-746,0,0
171,-514,-823,-1296,3759,-735,0,0
66,-364,-609,-1342,3674,-737,0,0
-62,-144,-335,-1364,3573,-757,0,0
-199,200,-75,-1394,3420,-802,0,0
-264,587,152,-1387,3560,-842,0,0
-210,646,333,-1359,3878,-977,0,0
-20,234,377,-1336,3955,-1121,0,0
148,-291,288,-1420,4035,-951,0,0
156,-374,197,-1571,4094,-837,0,0
105,-93,160,-1510,3929,-829,0,0
76,84,124,-1407,3783,-845,0,0
85,83,97,-1360,3779,-837,0,0
119,-52,102,-1343,3832,-808,0,0
146,-215,107,-1360,3774,-805,0,0
150,-308,79,-1389,3862,-750,0,0
114,-309,55,-1422,3948,-757,0,0
65,-267,59,-1394,3793,-809,0,0
23,-223,50,-3464,3719,-822,0,0
-6,-123,50,-1439,3751,-898,0,0
-1,-116,62,-1480,3805,-1078,0,0
57,-232,14,-1552,3863,-1183,0,0
110,-211,-76,-1537,3879,-1087,0,0
94,-16,-113,-1379,3889,-945,0,0
46,108,-86,-1298,3807,-921,0,0
21,148,-46,-1315,3798,-908,0,0
10,132,-27,-1295,3823,-905,0,0
-2,51,-23,-1315,3778,-935,0,0
-8,59,9,-1358,3754,-967,0,0
4,51,29,-1396,3786,-990,0,0
16,-12,31,-1473,3817,-992,0,0
15,17,22,-1493,3813,-936,0,0
-11,63,-16,-1439,3827,-899,0,0
-56,61,-39,-1390,3811,-941,0,0
-62,85,-41,-1311,3754,-987,0,0
-22,70,-62,-1230,3804,-944,0,0
-5,-13,-59,-1222,3890,-856,0,0
-18,-85,5,-1308,3948,-837,0,0
1,-77,72,-1359,3896,-881,0,0
13,-38,80,-1326,3847,-911,0,0
42,-82,40,-1342,3963,-985,0,0
82,-123,24,-1321,4080,-1024,0,0
112,-146,29,-1223,3907,-993,0,0
107,-166,26,-1186,3676,-955,0,0
72,-86,78,-1203,3545,-937,0,0
36,-31,217,-1305,3685,-962,0,0
-3,-113,328,-1543,3844,-967,0,0
-58,8,311,-1632,3804,-1022,0,0
-118,262,162,-1646,3794,-1037,0,0
-205,677,-26,-1440,3863,-970,0,0
-169,951,-146,-1178,3869,-954,0,0
-95,723,-241,-1088,3888,-965,0,0
-28,239,-368,-1287,3970,-842,0,0
-12,170,-457,-1280,3910,-843,0,0
-7,131,-495,-1195,3746,-817,0,0
-13,53,-524,-1216,3781,-770,0,0
-46,23,-485,-1211,3847,-800,0,0
-93,3,-375,-1238,3828,-829,0,0
-132,70,-223,-1222,3752,-995,0,0
-84,-45,-79,-1306,3769,-1301,0,0
54,-321,-23,-1561,3826,-1262,0,0
149,-380,-15,-1537,3877,-1020,0,0
208,-435,54,-1345,3834,-926,0,0
265,-706,179,-1375,3748,-846,0,0
244,-723,276,-1462,3681,-853,0,0
199,-565,289,-1392,3750,-883,0,0
181,-535,263,-1452,3861,-783,0,0
144,-416,243,-1501,3974,-742,0,0
100,-265,212,-1512,3948,-750,0,0
72,-198,165,-1485,3843,-761,0,0
50,-170,98,-1537,3811,-789,0,0
11,-55,34,-1550,3837,-819,0,0
-31,77,5,-1536,3853,-844,0,0
-58,163,-6,-1522,3802,-865,0,0
-77,260,-21,-1518,3712,-860,0,0
-89,392,-43,-1498,3739,-832,0,0
-97,475,-51,-1461,3828,-835,0,0
-91,436,-52,-1445,3846,-860,0,0
-76,336,-62,-1445,3866,-882,0,0
-61,260,-77,-1417,3913,-968,0,0
-38,194,-96,-1383,3867,-1042,0,0
-28,209,-116,-1353,3829,-1019,0,0
-33,278,-122,-1361,3870,-953,0,0
-30,276,-103,-1356,3840,-920,0,0
-7,194,-94,-1353,3754,-907,0,0
17,106,-99,-1349,3767,-886,0,0
23,31,-71,-1355,3819,-915,0,0
26,-24,-22,-1344,3794,-983,0,0
36,-59,6,-1320,3762,-1007,0,0
46,-109,21,-1322,3763,-992,0,0
57,-153,28,-1370,3776,-939,0,0
56,-168,20,-1424,3791,-936,0,0
51,-195,-2,-1473,3841,-954,0,0
39,-222,-1,-1510,3802,-986,0,0
29,-241,5,-1552,3735,-1000,0,0
24,-112,9,-1580,3744,-984,0,0
13,47,43,-1509,3804,-940,0,0
2,85,97,-1411,3784,-932,0,0
-4,77,122,-1368,3796,-2952,0,0
-29,98,110,-1360,3895,-939,0,0
-55,115,70,-1398,3878,-976,0,0
-85,174,18,-1473,3800,-968,0,0
-125,274,2,-1547,3786,-940,0,0
-161,349,37,-1582,3682,-954,0,0
-169,387,49,-1624,3703,-901,0,0
-174,522,16,-1556,3848,-858,0,0
-176,617,-35,-1387,3919,-843,0,0
-174,672,-89,-1230,3932,-856,0,0
-163,672,-127,-1093,3893,-890,0,0
-118,494,-156,-1036,3910,-939,0,0
-37,200,-194,-1097,3902,-2968,0,0
56,10,-250,-1128,3831,-883,0,0
133,-146,-306,-1152,3920,-854,0,0
159,-301,-320,-1147,4072,-807,0,0
95,-283,-281,-1217,3968,-869,0,0
30,0,-136,-1099,3635,-1071,0,0
71,-90,56,-1073,3537,-1210,0,0
163,-663,126,-1294,3695,-986,0,0
151,-853,156,-1518,3941,-824,0,0
69,-541,278,-1666,4022,-822,0,0
25,-103,408,-1542,3950,-956,0,0
50,-66,439,-1442,3790,-1045,0,0
139,-260,340,-1348,3593,-963,0,0
185,-501,155,-1332,3572,-809,0,0
129,-505,-23,-1434,3927,-739,0,0
26,-296,-51,-1482,4074,-759,0,0
-46,-91,28,-1436,3765,-862,0,0
-50,-39,69,-1436,3600,-955,0,0
-16,-54,59,-1506,3776,-945,0,0
-11,-7,71,-1548,3921,-908,0,0
-40,113,64,-1466,3883,-879,0,0
-70,242,24,-1358,3912,-911,0,0
-66,239,-14,-1233,3866,-919,0,0
-52,212,-34,-1175,3673,-879,0,0
-44,216,-41,-1148,3811,-2896,0,0
-36,113,-5,-1218,4026,-816,0,0
-43,86,47,-1223,3981,-818,0,0
-70,132,45,-1198,3823,-802,0,0
-84,209,-13,-1177,3894,-842,0,0
-68,219,-75,-1133,3969,-866,0,0
-39,168,-116,-1118,3963,-854,0,0
-10,95,-128,-1142,3986,-852,0,0
18,49,-120,-1155,3980,-843,0,0
36,8,-107,-1143,3845,-844,0,0
49,-16,-104,-1168,3802,-828,0,0
55,-23,-73,-1166,3863,-804,0,0
48,-71,3,-1197,3910,-805,0,0
21,-94,84,-1244,3896,-839,0,0
-7,-131,109,-1314,3889,-874,0,0
-55,-147,127,-1404,3933,-916,0,0
-105,-144,226,-1335,3986,-1060,0,0
72,-488,473,-521,3841,-2098,0,0
873,-2791,979,592,2528,-3593,0,0
1471,-6173,1390,-1464,1204,-4335,0,0
2224,-5068,455,-5625,4058,-8200,0,0
3838,-3869,-1633,-7380,9981,-9216,0,0
4405,-5574,-4430,-9512,14794,-5736,0,0
3093,-5439,-6704,-9220,15393,-650,0,0
895,-3145,-6840,-6440,9905,2343,0,0
-711,-1484,-6423,-2631,5763,2819,0,0
-1677,-1928,-6499,-429,4391,2898,0,0
-2851,-3433,-6681,-542,5467,3185,0,0
-4541,-3036,-6314,-413,7890,3120,0,0
-6020,-1818,-5819,226,7443,2084,0,0
-6680,-1585,-5066,-382,5355,430,0,0
-6492,-849,-3593,-70,4213,-5388,0,0
-3954,1538,-2563,1680,4254,-9172,0,0
-1140,1161,-1274,3212,2676,-14950,0,0
2125,923,14,5401,409,-13761,0,0
3933,-227,759,4931,-1095,-10369,0,0
5510,452,3007,590,1051,-3050,0,0
7343,1879,5748,-2648,6816,2313,0,0
7550,4105,7509,-3717,8961,4097,0,0
5436,8074,8826,-2629,8193,3472,0,0
2047,7982,9184,-2200,8342,2219,0,0
-929,5905,8140,-1877,7803,866,0,0
-2592,2649,6274,-2412,6831,-38,0,0
-3062,368,4772,-4373,7138,-660,0,0
-3386,1283,4379,-7964,10344,-2673,0,0
-3669,2535,3743,-6664,10986,-6388,0,0
-2856,614,2600,-8052,13708,-7146,0,0
-2173,1312,1105,-6190,6691,-6903,0,0
-1100,3053,-607,-3564,3222,-5659,0,0
138,3482,-727,-555,2551,-2368,0,0
671,1671,-254,-66,1768,-509,0,0
879,-226,-325,-536,966,-1887,0,0
1233,-1876,-389,-2621,2424,-4943,0,0
2064,-2921,-1190,-4961,6693,-8790,0,0
3496,-4342,-2691,-8097,11384,-8115,0,0
3779,-4738,-5180,-9881,17127,-5022,0,0
2117,-3689,-6388,-8167,13951,-1670,0,0
625,-2454,-5882,-4816,7350,1360,0,0
101,-288,-5909,-3179,6834,4665,0,0
-445,583,-7346,-177,9430,3121,0,0
-1308,-1500,-8762,1377,9914,2265,0,0
-3598,-7563,-9837,157,9588,2708,0,0
-6162,-6363,-7765,-817,8984,302,0,0
-7291,-3800,-5904,63,7778,-4263,0,0
-5508,-643,-4264,1485,4607,-7993,0,0
-2783,1513,-2146,4301,3576,-14556,0,0
624,1634,564,4906,802,-15524,0,0
3297,708,1600,4738,-571,-14115,0,0
4807,-175,1949,3922,-1989,-9404,0,0
6359,309,4290,-1546,4116,-1183,0,0
7135,3085,6874,-4999,9854,2876,0,0
5838,8797,8455,-4415,9055,3918,0,0
1743,928,9065,-1913,7659,2413,0,0
-2427,7338,8136,-913,7545,641,0,0
-3867,2597,6665,-2303,8559,-509,0,0
-3545,219,5235,-3706,6680,664,0,0
-3671,-449,4283,-4716,7038,-74,0,0
-4011,540,4070,-6802,10262,-4253,0,0
-3491,-396,4005,-7457,10730,-5720,0,0
-2558,-876,2996,-9612,18440,-5876,0,0
-2848,2945,760,-6419,7281,-6997,0,0
-1621,5323,-1466,-1541,2719,-7361,0,0
558,5037,-637,2873,2723,-2339,0,0
1148,-313,-398,-282,951,2844,0,0
452,1453,-710,-80,648,2865,0,0
-348,1898,-182,847,597,718,0,0
-567,-638,391,986,651,-2029,0,0
70,-3039,700,-1113,3270,-4942,0,0
1196,-2338,386,-1250,8486,-10309,0,0
2949,-4982,-659,-5336,13638,-10459,0,0
4198,-5040,-3092,-9126,17449,-7729,0,0
3970,-3105,-4311,-7607,13399,-4142,0,0
3315,-2199,-4744,-5128,8259,150,0,0
2571,-1924,-6190,-3197,7918,2421,0,0
1486,-1667,-8070,-2010,9479,3124,0,0
105,-1230,-9070,-637,11627,2314,0,0
-1328,-3802,-9841,779,11621,2685,0,0
-3672,-6631,-9795,48,8548,2236,0,0
-5493,-6832,-7998,-269,6893,680,0,0
-6607,-4794,-5431,726,5107,-6813,0,0
-4458,1186,-2480,3366,1722,-12875,0,0
-1117,1536,-112,6245,2064,-18762,0,0
2283,282,548,6087,957,-16232,0,0
4539,-386,1766,3985,219,-9667,0,0
6264,1070,4571,-168,3812,-1728,0,0
6960,3595,7135,-2550,8579,1413,0,0
5920,7580,8886,-3715,9789,3081,0,0
2261,11208,9099,-1621,7847,2880,0,0
-2070,10404,7706,40,7536,1043,0,0
-4269,5029,5616,-997,8888,-566,0,0
-4434,-458,4245,-2439,8325,-1765,0,0
-4016,-1924,3650,-6108,7806,-2263,0,0
-4352,223,3516,-6067,10264,-4907,0,0
-4123,-928,3570,-7671,14755,-5570,0,0
-3682,-459,3315,-8145,14343,-7147,0,0
-3336,1964,1655,-4786,4570,-7086,0,0
-2137,2796,-214,-1827,1725,-9332,0,0
198,1415,250,-2136,1218,-4606,0,0
913,200,-53,-1411,1548,131,0,0
1078,1860,-278,563,1513,-1429,0,0
1703,-2975,201,-2010,2406,-2689,0,0
2043,-3746,-560,-4760,5879,-6757,0,0
2756,-4554,-2470,-6766,10014,-8797,0,0
3039,-5003,-5191,-9591,14630,-6439,0,0
2159,-2544,-6723,-8816,14535,-2728,0,0
1243,-562,-5985,-6942,9304,-1126,0,0
916,-126,-5375,-4049,6565,131,0,0
492,-1590,-6649,-1790,7216,1972,0,0
-634,-2363,-7825,-1301,8066,2254,0,0
-2040,-2342,-8303,-479,9569,2001,0,0
-3515,-4175,-8572,453,8678,1967,0,0
-5266,-5203,-7826,-22,6929,629,0,0
-6354,-3941,-6226,931,5562,-3783,0,0
-4951,382,-3971,3019,3947,-8928,0,0
-1834,1823,-1334,6565,3382,-15467,0,0
1434,1108,849,7674,1695,-15848,0,0
3483,664,1955,6986,-619,-12389,0,0
5183,875,4327,2394,887,-4321,0,0
6110,2401,7309,-1685,6212,943,0,0
5988,4682,9619,-2983,10286,2387,0,0
3905,8443,10885,-3983,10908,3065,0,0
-227,952,9594,-983,8646,1987,0,0
-3594,6868,6911,173,7474,102,0,0
-4225,66,4517,-1795,6976,-319,0,0
-3900,-446,3253,-4345,7844,-1220,0,0
-4127,-440,2818,-6473,9998,-1704,0,0
-4850,96,3141,-5921,12417,-5459,0,0
-3638,-1584,3303,-9610,15283,-5124,0,0
-2862,2280,2562,-8576,9172,-9762,0,0
-999,3875,-98,-4967,4224,-12895,0,0
1110,3489,-1281,-1008,2928,-639,0,0
1529,1992,-971,635,1657,2044,0,0
1076,198,-460,420,128,3667,0,0
9,998,-322,899,342,2451,0,0
-595,527,-13,876,841,807,0,0
-741,-569,684,-162,1738,-2006,0,0
-135,-1090,1408,-1748,6441,-6379,0,0
1006,-1203,596,-3237,12468,-11918,0,0
2730,-3627,-813,-5650,14713,-10734,0,0
3802,-4781,-2996,-9474,14002,-6188,0,0
3699,-1726,-4505,-6467,10797,-3433,0,0
3332,-1241,-5299,-4029,7638,723,0,0
2807,-923,-6536,-2644,7963,2987,0,0
2193,-799,-7840,-1739,9060,2175,0,0
1665,-2089,-8645,-1548,10496,1289,0,0
265,-6784,-9971,-348,10251,2916,0,0
-2916,-8630,-10100,-997,8369,2984,0,0
-5749,-4843,-8481,-1433,7825,-1125,0,0
-5921,-1497,-5997,2276,2986,-8463,0,0
-3811,632,-2456,7628,1057,-13842,0,0
-866,-52,-352,9660,3213,-17598,0,0
2210,-1316,1042,8208,2029,-13888,0,0
4261,-209,4322,2178,3390,-6439,0,0
5679,1834,7254,-2279,7328,-401,0,0
5841,3675,8483,-4479,9148,2443,0,0
4098,7751,9014,-3360,8133,3322,0,0
471,1572,9147,-1724,7906,1899,0,0
-2838,7603,8029,-1418,8346,52,0,0
-4070,2567,6111,-1934,7865,-711,0,0
-3829,-750,4632,-4538,7218,-1412,0,0
-4052,356,3481,-5058,9740,-2660,0,0
-4715,132,3073,-6080,12037,-4090,0,0
-4879,-417,3403,-6528,16648,-6693,0,0
-3952,-1689,3149,-6789,10188,-6983,0,0
-2837,-337,1363,-7164,3947,-14084,0,0
73,2153,-290,-4724,2639,-5637,0,0
946,5618,-1549,331,3259,1385,0,0
837,3957,-1230,3438,2541,1520,0,0
790,-1147,-202,-238,2838,3175,0,0
-81,430,371,-1540,3862,1794,0,0
-682,1256,1079,12,4137,-1532,0,0
114,-3001,1332,596,2536,-3693,0,0
692,-4529,850,-4247,339,-3993,0,0
1144,-3415,-1161,-6301,4209,-7442,0,0
2043,-3854,-3649,-7504,11642,-8498,0,0
2329,-5526,-5866,-9684,16422,-5599,0,0
1781,-3317,-6379,-9824,13647,76,0,0
1090,-76,-5132,-6623,8384,1571,0,0
346,-996,-5047,-3840,5869,2194,0,0
-998,-2011,-6804,-2367,7128,3064,0,0
-2400,-260,-8195,-1606,9311,2682,0,0
-3243,1127,-8747,-1156,11440,2347,0,0
-3476,-709,-8991,-55,11196,1422,0,0
-3898,-3701,-8617,375,8777,-294,0,0
-4616,-3554,-7126,3155,5717,-7408,0,0
-3694,421,-4212,6726,3008,-10044,0,0
-1318,1829,-692,10890,668,-15748,0,0
1548,460,1550,9703,-845,-13894,0,0
3059,-603,3220,4702,-960,-9037,0,0
4248,229,5638,-469,3062,-2594,0,0
5157,1519,7500,-2879,7897,721,0,0
5506,3403,8389,-2849,9001,2722,0,0
4196,5523,8649,-2566,8132,2815,0,0
1331,7038,8332,-1450,7061,1500,0,0
-1250,5400,7069,-1054,7135,519,0,0
-2625,1914,5603,-2193,6388,-139,0,0
-2992,-647,4308,-4270,7967,-116,0,0
-3824,868,3924,-6028,11883,-2244,0,0
-4835,1893,4120,-6864,15476,-4203,0,0
-4933,1714,4224,-6812,12633,-7574,0,0
-3582,537,2382,-7115,6823,-13434,0,0
-361,-897,419,-7831,2544,-8925,0,0
1469,4592,-1245,-1490,2656,-563,0,0
1875,2779,-1690,2130,4166,1189,0,0
1407,-822,-1016,65,4101,2732,0,0
220,1371,-603,-230,3928,1127,0,0
-433,1768,46,88,3116,-1813,0,0
-35,-1176,612,-884,1775,-3902,0,0
790,-3730,293,-4479,3004,-5966,0,0
1830,-4316,-1770,-7355,5763,-8854,0,0
2812,-5491,-4518,-9428,11097,-7169,0,0
2611,-5351,-6229,-9426,14192,-2417,0,0
1019,-4799,-6356,-7427,11169,-325,0,0
-635,-4256,-5731,-5334,6187,1566,0,0
-1824,-1834,-5630,-2898,4588,1737,0,0
-2465,-738,-6559,-1424,5953,2014,0,0
-3490,-2992,-7465,-1097,7914,2664,0,0
-4797,-1222,-7602,40,8786,2100,0,0
-5869,-2797,-6830,507,7108,1489,0,0
-6607,-3797,-5483,408,5185,235,0,0
-6363,-1418,-3596,1187,4055,-5330,0,0
-3911,2200,-1914,3364,3254,-11502,0,0
-447,1181,-419,6519,2762,-17042,0,0
2885,-594,-154,7336,433,-15478,0,0
4581,-261,1473,4554,-1295,-9410,0,0
6189,1386,4852,353,3567,-1628,0,0
7707,2972,7202,-2350,9118,1958,0,0
7224,7311,8821,-2240,10560,4239,0,0
3350,8099,9786,-324,9617,2006,0,0
317,4976,8113,-1048,8244,1264,0,0
-1566,3411,6179,-1988,8832,630,0,0
-2801,1300,5435,-3599,7938,937,0,0
-3842,2523,4870,-5851,9039,-1835,0,0
-4379,2609,4514,-6927,11802,-5290,0,0
-3430,-567,4730,-10487,17191,-7059,0,0
-2491,-431,4387,-10174,9733,-7572,0,0
-1604,2154,1250,-9159,2416,-10196,0,0
96,3499,-1787,-2460,2387,-4483,0,0
1099,1152,-1215,506,1454,-243,0,0
1286,626,-1047,741,3117,1259,0,0
754,558,-1102,-161,3182,555,0,0
210,670,-318,-553,2021,-1899,0,0
536,-654,326,-1781,1860,-3162,0,0
1416,-2265,-335,-6115,6344,-7048,0,0
2281,-4084,-2513,-9891,10754,-8525,0,0
2394,-4166,-5298,-12026,13568,-3922,0,0
1865,-1569,-5686,-9303,11371,-1355,0,0
1399,-1434,-4378,-6869,6762,1683,0,0
86,-1812,-5170,-4064,5872,2570,0,0
-1290,-660,-7574,-1720,8245,2782,0,0
-2299,209,-8825,-696,10403,3003,0,0
-3149,-694,-9299,-161,11276,1459,0,0
-3869,-3222,-9225,209,9647,1292,0,0
-4971,-5136,-8389,652,8087,-1303,0,0
-4874,-3307,-6025,3521,4306,-5284,0,0
-3541,-1151,-3115,4419,2543,-10320,0,0
-1551,572,61,4536,1405,-16295,0,0
484,881,1546,5491,262,-16683,0,0
2214,1119,2845,2864,197,-11609,0,0
3951,3375,5661,139,3510,-3345,0,0
5037,5293,8370,-676,6978,836,0,0
4816,4597,10712,-1028,10198,2006,0,0
2861,3608,11828,-1662,12248,2180,0,0
657,3467,10294,-1885,10707,1179,0,0
-552,1124,7309,-1701,8093,2170,0,0
-1535,-1350,5256,-2197,7599,1725,0,0
-2194,-1227,4750,-5780,8772,1008,0,0
-2939,2578,4923,-7642,10829,-3212,0,0
-2685,2744,5097,-9280,13635,-2815,0,0
-3039,2527,4425,-8500,15089,-5965,0,0
-3036,777,2152,-6572,6320,-6335,0,0
-2178,-644,-523,-6082,2139,-4959,0,0
-807,2487,-910,-3654,1264,-4581,0,0
467,3563,-493,124,2884,-2704,0,0
949,131,-1079,12,3766,24,0,0
715,1982,-932,-874,3168,-772,0,0
1066,4067,10,-1450,2522,-3259,0,0
1809,2549,-12,-1941,4605,-6262,0,0
2717,-1047,-1257,-3867,8737,-7788,0,0
3567,-4205,-3245,-7543,11384,-7424,0,0
3430,-4466,-5246,-9993,13357,-4297,0,0
2054,-1909,-5789,-8339,9439,-1009,0,0
858,-888,-6044,-5178,5479,961,0,0
279,-1340,-7250,-2586,5475,2543,0,0
-615,-1450,-8408,-1999,7652,2892,0,0
-1550,-1037,-8581,-595,8880,2570,0,0
-1983,-2998,-8395,1621,6831,2297,0,0
-2770,-6163,-7525,920,4569,1546,0,0
-4130,-6490,-5451,442,2946,-1324,0,0
-4529,-2644,-2076,597,684,-3186,0,0
-4483,999,796,-960,1386,-10728,0,0
-2997,3848,2348,1750,2502,-17830,0,0
-144,2407,271,5728,1176,-18096,0,0
2852,-210,838,3866,1719,-10271,0,0
5233,1806,4280,60,4239,-2305,0,0
5773,3764,6941,-1542,7694,596,0,0
4735,4760,7941,-2216,7803,2350,0,0
2648,5888,8029,-2089,7151,2866,0,0
-2,6961,7769,-1770,7309,2140,0,0
-2250,6615,7164,-1662,8129,748,0,0
-3438,2500,6010,-2256,7759,445,0,0
-4232,-2014,4991,-5064,10055,-47,0,0
-5462,-1295,4902,-8323,15277,-3688,0,0
-6116,-488,5642,-10691,17846,-6587,0,0
-5218,-1145,5393,-9878,12348,-10011,0,0
-3238,-1768,2570,-11816,5032,-14224,0,0
-2288,2648,-180,-10087,2028,-11662,0,0
1647,2038,-2227,-1154,2837,-499,0,0
1803,1610,-2404,832,2252,1027,0,0
1770,-838,-1249,252,2118,-703,0,0
2539,-2179,-406,-1801,4402,-2001,0,0
2279,-2829,-775,-4025,4657,-5108,0,0
2253,-3988,-2567,-6759,7432,-6321,0,0
2190,-5416,-5200,-10776,11050,-4310,0,0
825,-3642,-5877,-10822,8354,-1300,0,0
-256,-1535,-4876,-8347,3689,1199,0,0
-975,-305,-4602,-5588,2488,2665,0,0
-1348,1494,-5606,-2627,4886,3018,0,0
-1345,1249,-6772,-1206,6546,2944,0,0
-2017,-538,-7318,-1271,7229,2435,0,0
-2766,-2115,-7540,-334,7566,2309,0,0
-3621,-3512,-7063,-449,5404,1430,0,0
-4599,-3485,-5786,-1124,4765,-1843,0,0
-4523,-477,-4205,635,3742,-8035,0,0
-2372,1773,-2930,6558,1459,-13504,0,0
286,435,-882,13019,-793,-15540,0,0
2537,-1435,1411,8414,-1315,-13572,0,0
3673,42,3799,2091,584,-7546,0,0
4673,1633,5653,-903,4799,-1332,0,0
5671,2285,6720,-1157,7541,1192,0,0
5609,3622,7720,-1721,8872,1476,0,0
4396,5358,7934,-74,8309,1558,0,0
2342,3739,7967,-2456,8199,1350,0,0
445,3230,6890,-2365,8012,1405,0,0
-1720,4539,5479,-3185,5673,1094,0,0
-3823,5477,4666,-5454,7929,-2405,0,0
-4632,4298,3574,-4814,10891,-4469,0,0
-4666,543,3588,-8117,17659,-7916,0,0
-4871,101,3778,-7201,8749,-9657,0,0
-3452,-691,2008,-7247,3865,-6659,0,0
-1962,2263,-112,-7321,3713,-6436,0,0
-666,4717,-1280,-677,2663,-4973,0,0
934,2870,-1434,602,2627,-2935,0,0
1925,-3575,-1987,-736,1988,-3037,0,0
2374,-5117,-2066,-5286,3289,-3978,0,0
2454,-4433,-3141,-8883,7000,-5267,0,0
2721,-889,-4534,-10065,11463,-4863,0,0
2304,-764,-5772,-11194,13178,-1123,0,0
836,-1380,-6554,-10867,8015,2682,0,0
-609,-923,-6799,-9134,4358,3345,0,0
-1309,783,-8223,-6514,9293,3035,0,0
-1843,444,-10125,-2666,12687,2523,0,0
-2877,-2229,-10149,-22,9404,2284,0,0
-4034,-4201,-7674,1266,7364,1181,0,0
-4355,-3950,-4793,1197,7201,-900,0,0
-3545,-3580,-3541,2286,7278,-3902,0,0
-2830,-1491,-2185,1279,5615,-7220,0,0
-1503,1952,131,5316,2213,-13456,0,0
213,710,2651,4221,-2085,-14754,0,0
1733,655,3517,1491,-1971,-13759,0,0
3570,1161,3851,-24,1094,-8764,0,0
5769,1073,4239,-2522,5402,-2371,0,0
7003,1963,5224,-2080,8014,2128,0,0
6234,1892,6503,-1864,7755,3569,0,0
4365,3319,7390,-1626,6752,3582,0,0
2022,4931,8390,-2112,6937,3001,0,0
-439,5562,8793,-3460,8537,2297,0,0
-2480,4828,7479,-3318,7146,2310,0,0
-3979,3382,5205,-3473,7964,-1325,0,0
-4231,1122,3649,-7295,11342,-2871,0,0
-4620,1048,2793,-7261,16784,-6204,0,0
-4247,-317,2704,-8316,13413,-9310,0,0
-3159,819,1503,-7645,4712,-10449,0,0
-720,4124,-863,-2655,2356,-10104,0,0
1448,3820,-1129,384,2770,-1201,0,0
1816,504,-1037,378,2322,3555,0,0
761,1445,-529,485,1066,3905,0,0
-225,2135,-143,875,1594,2300,0,0
-843,291,-34,269,1857,1012,0,0
-1073,-1546,313,1140,2518,-1632,0,0
-139,-6207,743,71,5023,-4102,0,0
1080,-934,167,-8613,9371,-5533,0,0
2027,-4950,-1123,-11887,13132,-7011,0,0
2376,-3892,-3186,-11551,14873,-4251,0,0
1058,-3414,-5667,-9566,10401,368,0,0
-189,-1360,-7131,-6030,7230,2655,0,0
-769,149,-8185,-3415,9121,4195,0,0
-1246,1309,-8946,-1498,10489,4640,0,0
-1916,336,-9017,-2014,9475,3902,0,0
-2527,-524,-8721,-2904,11852,3102,0,0
-2806,-2377,-8528,-1668,10963,2743,0,0
-3653,-4293,-7614,492,6417,359,0,0
-5344,-4247,-4997,235,4286,-4215,0,0
-5036,76,-3382,1968,3814,-11361,0,0
-2530,1555,-2434,11202,211,-18110,0,0
89,-733,-413,12184,-914,-17837,0,0
2414,-2336,3196,6051,2705,-10270,0,0
4569,255,5610,-430,7863,-2966,0,0
6113,1024,6262,-2424,10119,778,0,0
6307,2192,7168,-1682,9419,2615,0,0
4997,2823,7473,-1424,9129,2867,0,0
3066,3464,7195,-2129,8844,2150,0,0
1254,4620,6891,-2427,8438,2605,0,0
-1144,3434,6477,-3592,6709,3051,0,0
-3359,3175,5989,-6707,9612,-2165,0,0
-3905,2161,5696,-9543,12777,-1118,0,0
-4636,1560,6017,-10517,17161,-6745,0,0
-3790,-184,4660,-8956,8971,-7283,0,0
-2781,269,1786,-9083,4138,-7500,0,0
-1375,5603,-48,-5609,2368,-10728,0,0
752,4649,-714,919,3126,-2376,0,0
1439,1170,-1083,837,3297,1025,0,0
990,-197,-131,-99,3109,105,0,0
945,-967,716,-86,2839,-1910,0,0
1203,-3023,843,-1297,2392,-2839,0,0
1412,-4295,-436,-5374,4615,-5688,0,0
2063,-3564,-2803,-8554,9415,-7395,0,0
2551,-2429,-4648,-9306,13569,-5331,0,0
2112,-2260,-5228,-8946,11521,-2338,0,0
1219,-2299,-5153,-6407,6325,1045,0,0
46,-2464,-5697,-4528,4804,2202,0,0
-1023,-2187,-7018,-2874,6686,1648,0,0
-2108,-2362,-7868,-1906,7688,1917,0,0
-3105,-2189,-7820,-1980,7993,1640,0,0
-3855,-2287,-7328,-1887,8623,1410,0,0
-4780,-3269,-6350,-671,7138,58,0,0
-5975,-4160,-5364,874,5627,-1756,0,0
-6179,-1511,-3534,2500,1543,-8375,0,0
-3611,1074,-1554,5796,965,-16120,0,0
-249,82,144,7648,1429,-19339,0,0
2546,-349,2137,4553,2295,-14086,0,0
4975,958,5203,942,6750,-6203,0,0
7774,4181,7681,609,11106,5,0,0
7448,5173,10996,1219,15799,4655,0,0
2847,3177,11054,323,12842,4277,0,0
-542,4474,7999,-2724,12269,2779,0,0
-4007,4889,6214,-3936,12298,2037,0,0
-6428,4456,5338,-5538,10027,-2437,0,0
-6015,2712,4136,-5246,10777,-5671,0,0
-4769,-701,3262,-6657,14810,-8172,0,0
-3835,-2137,2477,-7740,18874,-8325,0,0
-3328,-1144,1237,-6666,5721,-11277,0,0
-700,466,-543,-5361,2587,-11231,0,0
1095,1909,-929,-542,2192,-779,0,0
1420,847,-968,1032,1740,1982,0,0
1154,-834,-556,-479,2369,2020,0,0
560,963,-143,92,2616,898,0,0
91,-76,588,625,2507,-1576,0,0
803,-4132,862,-1335,1514,-1843,0,0
1048,-5594,233,-6074,5424,-4807,0,0
1171,-4409,-1660,-7692,11373,-8434,0,0
1673,-4742,-3185,-9312,13199,-5037,0,0
1541,-4266,-3932,-8279,10956,-1448,0,0
467,-3996,-4325,-5488,6704,573,0,0
-687,-4668,-4909,-3218,4600,2942,0,0
-2327,-2872,-6122,-1702,5870,4603,0,0
-4278,696,-7364,-1774,8960,3338,0,0
-5205,789,-8745,-2005,11028,2887,0,0
-5727,-763,-9177,-2228,11792,3275,0,0
-6103,-2073,-8461,-827,9006,1561,0,0
-6805,-250,-6488,281,5334,-2672,0,0
-5939,-1039,-3274,2478,2633,-9961,0,0
-2534,351,-2021,8648,4425,-19035,0,0
1634,-1603,-613,9664,2281,-19183,0,0
4382,-290,3090,4167,3072,-11577,0,0
6005,1732,6838,-1862,7920,-3573,0,0
7189,3522,8214,-4203,11703,367,0,0
7272,6247,9258,-3528,12758,3725,0,0
4385,5791,9889,-1670,11633,3614,0,0
1266,3530,8750,-2503,10036,2958,0,0
-1565,5081,6782,-4035,8464,2618,0,0
-4279,5185,5009,-4285,8255,-1233,0,0
-4518,1924,3505,-6087,9494,-3592,0,0
-4195,294,3180,-7279,14046,-6409,0,0
-3467,-683,2903,-7486,15128,-8212,0,0
-2389,-1659,2552,-7711,6145,-5989,0,0
-1692,3059,357,-6604,2596,-4550,0,0
-815,5963,-1187,1120,1364,-4399,0,0
648,2892,-396,1276,1721,-1097,0,0
989,353,-698,-468,1462,1777,0,0
117,1766,-602,117,483,548,0,0
39,6,213,1260,2116,-3019,0,0
1082,-3991,950,-1497,6174,-5053,0,0
1921,-4838,68,-5693,10732,-8158,0,0
2857,-4587,-2162,-8126,14200,-8888,0,0
3173,-4157,-4258,-9198,13880,-5170,0,0
2775,-1635,-5037,-6390,9417,-1328,0,0
2178,-1171,-5610,-4116,6901,-83,0,0
1610,-1361,-7140,-2860,8136,2739,0,0
583,-97,-8426,-2215,8734,4661,0,0
-377,826,-9108,-1337,9407,3711,0,0
-1392,-986,-9454,-700,8412,3219,0,0
-2495,-2492,-8959,-155,6274,2156,0,0
-3189,-2927,-7389,685,4399,-356,0,0
-3106,-1792,-4860,1967,4219,-5144,0,0
-2284,563,-3184,8690,3072,-11688,0,0
-281,-221,-1311,14990,662,-17868,0,0
2281,-1653,1777,9477,1426,-13375,0,0
4255,2,5626,2378,6034,-4922,0,0
6120,1527,7642,-1963,11819,868,0,0
6719,3365,8762,-3363,13163,4287,0,0
5401,3002,9453,-3291,13293,4569,0,0
2587,3274,9629,-4588,12418,3717,0,0
-1521,5192,8922,-4721,10084,2200,0,0
-4643,5034,6743,-5656,7855,-280,0,0
-5007,4680,4720,-6280,6942,-4530,0,0
-3884,1848,3812,-6293,10577,-7989,0,0
-2890,749,2789,-8340,16447,-8669,0,0
-2603,3118,1734,-5639,10456,-9043,0,0
-1491,3026,-210,-2604,4955,-6141,0,0
-259,2480,-1211,-166,1886,-3038,0,0
97,2225,-362,536,-834,558,0,0
393,569,-108,453,202,2499,0,0
-258,379,-379,-910,274,2158,0,0
-839,1601,-356,440,440,-1018,0,0
-173,-379,73,1341,2183,-4477,0,0
1118,-3374,439,441,8511,-7354,0,0
2322,-6031,46,-4250,15577,-9422,0,0
3186,-5623,-1665,-8496,15570,-7251,0,0
3261,-2864,-3543,-7452,11704,-3782,0,0
2490,-2069,-5397,-5946,6871,-910,0,0
2108,-1506,-7115,-3985,6460,2818,0,0
1810,-370,-8096,-3049,8221,4581,0,0
1135,-223,-8410,-2524,9067,3447,0,0
-27,-1709,-8968,-2248,10619,3178,0,0
-1428,-2708,-9147,-1479,8966,3410,0,0
-2846,-1969,-8348,-868,6418,1782,0,0
-4497,-2057,-7206,451,4623,-913,0,0
-5156,-1220,-5106,6218,2486,-8784,0,0
-2499,-207,-2573,12925,2492,-17506,0,0
1043,-2356,-49,11747,3000,-18947,0,0
3757,-1837,3713,4586,4397,-10582,0,0
6025,231,7015,-1888,9151,-2445,0,0
7197,3322,7973,-4207,11343,1894,0,0
6381,4323,8860,-2441,10792,3607,0,0
3586,3677,9527,-1709,10183,3488,0,0
931,3091,8398,-3526,8905,2566,0,0
-1621,4384,6436,-2376,7484,3185,0,0
-4008,3594,4643,-3385,7979,857,0,0
-5035,1559,3507,-6314,10694,-3358,0,0
-5203,1840,3254,-8234,15366,-5612,0,0
-5099,1973,3079,-7516,16519,-9673,0,0
-3700,-579,1689,-6062,7260,-8376,0,0
-2163,2058,-381,-4833,2239,-10437,0,0
-92,4327,-236,2379,498,-7034,0,0
1525,327,170,747,838,1474,0,0
1361,-1495,-212,449,-40,1740,0,0
1253,-2931,372,396,1068,-1193,0,0
1579,-5612,154,-3846,4188,-3743,0,0
1950,-5242,-1325,-8791,9857,-5742,0,0
1787,-2557,-3314,-10461,15865,-5172,0,0
881,-1073,-4894,-10334,13589,-2790,0,0
230,-693,-5540,-8856,7837,-803,0,0
-87,-472,-6357,-6148,5188,1340,0,0
-241,272,-7538,-3303,7197,3417,0,0
-581,632,-8371,-1943,9584,4162,0,0
-1764,-426,-8587,-493,9936,3648,0,0
-3212,-1884,-8390,32,9012,2912,0,0
-4155,-2866,-7426,670,7109,2075,0,0
-5270,-3304,-5684,1373,4990,-2417,0,0
-4635,124,-3607,1293,3536,-4930,0,0
-2741,1627,-2242,6285,2911,-14426,0,0
612,250,-333,9919,40,-18986,0,0
2982,-1000,1797,6237,-244,-14535,0,0
4635,1060,5713,-91,5079,-5937,0,0
5885,4289,7887,-2868,10003,-712,0,0
5414,8121,9416,-2746,10334,2011,0,0
2244,8677,10010,-1862,10182,1921,0,0
-5389,1060,-1021,-4422,2630,5030,0,0
-5053,1573,3195,-4825,7786,-2099,0,0
-5261,1369,1782,-6248,9908,-4949,0,0
-5097,-2059,2255,-7896,18357,-6196,0,0
-5498,-429,2899,-6874,10608,-10270,0,0
-3639,15,503,-5021,7107,-9782,0,0
-1287,-607,-590,-4541,5098,-11032,0,0
569,3305,-603,-3878,1943,-3221,0,0
1348,1750,-1473,283,2750,145,0,0
1420,1649,-939,344,1074,-153,0,0
1491,-621,-2,-162,1190,-1837,0,0
2103,-2516,51,-1460,3241,-2406,0,0
2185,-3126,-1312,-619,6412,-6517,0,0
2775,-6911,-2743,-4770,10549,-7436,0,0
2715,-7148,-4089,-9376,11992,-3383,0,0
1331,-2893,-4554,-9011,8416,-968,0,0
284,-1812,-5066,-7203,4245,1197,0,0
-655,-1831,-6050,-5357,3154,2649,0,0
-1083,-1517,-7331,-3151,6174,3655,0,0
-2255,-1201,-7824,-2446,7000,4054,0,0
-3679,690,-7640,-2230,8035,2786,0,0
-4103,696,-7468,-936,8169,1919,0,0
-3853,578,-4008,7538,2349,-9866,0,0
-1091,1414,-1438,13527,1266,-16673,0,0
2230,-583,1202,10515,1315,-15388,0,0
4615,-694,4342,3831,4273,-8171,0,0
6182,-186,6745,-3053,9898,12,0,0
6366,2827,7783,-4457,10157,3090,0,0
5165,4936,8563,-2969,8834,3327,0,0
2824,4660,9090,-3369,10046,3271,0,0
-88,6050,9010,-3968,10314,2616,0,0
-3378,6413,7999,-3060,8987,383,0,0
-4381,2623,5952,-3347,8426,-2413,0,0
-2946,-1654,4643,-6411,8502,-2186,0,0
-2841,-1148,4691,-10357,14751,-4157,0,0
-3929,1590,4145,-10682,16221,-7494,0,0
-3484,2987,1252,-6729,5864,-15830,0,0
58,1261,-1454,-3508,4275,-5169,0,0
1304,1668,-551,961,2006,-241,0,0
1493,744,224,-164,954,2284,0,0
814,1215,-478,-877,199,2545,0,0
201,2117,-371,521,467,368,0,0
359,-1330,157,280,1090,-1397,0,0
844,-5264,298,-1324,4627,-1299,0,0
1019,-7154,-834,-7012,9973,-6760,0,0
886,-6907,-2609,-11308,11838,-5663,0,0
604,-4078,-3841,-13252,11323,-2889,0,0
171,-2575,-4789,-10552,8213,-1128,0,0
-607,-2286,-6415,-8521,7422,2424,0,0
-1299,1121,-8568,-4920,10632,3861,0,0
-1360,2517,-10659,-2770,13433,2914,0,0
-1514,711,-10956,-3128,11413,2067,0,0
-2194,-1389,-10087,-3667,10544,1797,0,0
-2466,-2960,-9015,-2356,10272,-676,0,0
-2629,-5954,-8072,159,7472,-4112,0,0
-2493,-4617,-5539,3603,4351,-7829,0,0
-1639,-930,-2656,9422,2664,-13533,0,0
146,67,-269,12802,136,-16606,0,0
2099,258,2234,8293,409,-12859,0,0
4176,1951,5712,1478,5224,-4541,0,0
5928,2630,7769,-2299,10734,-636,0,0
6233,5193,9072,-3689,11663,1442,0,0
4010,8501,10009,-2421,11036,1842,0,0
285,8111,9778,-1150,10905,457,0,0
-2174,4337,8214,-1531,10868,-832,0,0
-2471,120,6401,-3131,9936,-699,0,0
-2385,780,5323,-6292,9941,-942,0,0
-3693,2922,4664,-7048,14064,-3393,0,0
-4822,2299,4370,-7839,19004,-7399,0,0
-4018,-1240,4716,-9458,11418,-8228,0,0
-2174,-366,3335,-12489,3854,-12404,0,0
497,3047,-348,-7887,2633,-6743,0,0
1821,992,-2354,318,2280,-441,0,0
2172,555,-1961,110,1690,375,0,0
1890,-1661,-1171,-1749,949,365,0,0
1256,-1235,-1422,-3212,3525,-2408,0,0
1502,-1614,-2947,-3816,7519,-6369,0,0
1832,-4152,-5013,-5935,10583,-7752,0,0
1525,-6056,-5847,-9001,11724,-4509,0,0
807,-3497,-4294,-9989,5950,-154,0,0
955,1327,-3498,-8519,4053,425,0,0
746,1775,-5062,-6265,4857,1633,0,0
281,924,-6740,-3776,6675,3238,0,0
149,30,-7830,-2090,8223,3403,0,0
-201,-627,-8627,-1041,8530,3334,0,0
-962,-2064,-8624,-172,7969,2080,0,0
-2320,-4175,-8188,-139,6501,584,0,0
-3848,-3319,-6899,2562,4947,-2530,0,0
-3982,937,-3977,5629,1421,-7070,0,0
-2038,2196,-1606,15127,1026,-14624,0,0
1771,-1427,621,15320,451,-14385,0,0
3908,-2097,2924,8774,-446,-10026,0,0
4621,489,6399,651,4722,-2779,0,0
4822,2843,8521,-2593,10681,-360,0,0
4452,6494,9531,-3357,10331,1386,0,0
1704,9764,9247,-1277,7911,2262,0,0
-1971,8087,7637,238,7974,781,0,0
-3720,3607,5778,-626,9425,-645,0,0
-3916,-554,4369,-2721,7686,-1439,0,0
-3896,-1363,3590,-6993,7688,-696,0,0
-4826,2473,3043,-5691,10445,-4034,0,0
-5278,524,3880,-8313,17136,-5601,0,0
-4804,-238,4908,-8341,15856,-9029,0,0
-3270,-1275,3433,-9405,5699,-10363,0,0
-1161,4523,170,-8215,92,-13792,0,0
1422,5240,-1293,1339,824,-1391,0,0
2079,264,-1305,187,880,3824,0,0
1110,492,-741,34,839,1891,0,0
597,-971,49,84,1600,-1098,0,0
897,-4611,-75,-3201,5165,-1994,0,0
883,-5711,-1876,-7734,9673,-3905,0,0
218,-2645,-3535,-8966,14312,-5492,0,0
-39,-1737,-3630,-8824,11823,-5232,0,0
-1,-6318,-3685,-8661,6415,-340,0,0
-1656,-6078,-4914,-7796,4501,3486,0,0
-3147,681,-6315,-3529,7582,3753,0,0
-3692,3424,-7324,-713,9813,4036,0,0
-3647,2585,-7983,-400,10021,3647,0,0
-3582,-420,-8559,-133,11086,3578,0,0
-4376,-2871,-8359,144,9640,2428,0,0
-5793,-4030,-7570,-332,7378,21,0,0
-6177,124,-5423,2188,3505,-6260,0,0
-4013,1723,-3782,10037,260,-15699,0,0
-628,-491,-1657,13618,-330,-21254,0,0
2698,-342,2188,7806,1788,-14249,0,0
4833,1273,5806,689,7527,-4871,0,0
5883,3338,7022,-2569,10892,-398,0,0
5481,5692,7680,-2174,9268,1758,0,0
3510,7323,8344,-1402,8397,2264,0,0
444,7375,8388,-1095,9187,1395,0,0
