-2288,26,-235,-7233,2541,94,0,0
-974,-849,515,-6313,3502,-972,0,0
1590,-907,248,-5208,2236,-560,0,0
1379,-498,142,-3761,288,-360,0,0
697,-260,353,-3019,98,-900,0,0
705,16,217,-2665,-391,-729,0,0
75,349,16,-2524,102,18,0,0
-397,525,-302,-2486,424,251,0,0
-238,606,-555,-2080,555,345,0,0
-158,594,-604,-1541,532,-2272,0,0
-987,860,-305,-2761,1139,102,0,0
-1823,948,263,-6224,2994,118,0,0
-1358,372,1012,-10421,3296,-1366,0,0
-610,-1039,2117,-12208,2856,-766,0,0
316,-2109,2642,-9840,2862,35,0,0
2541,-1852,1601,-2431,1065,702,0,0
2933,-1257,-183,2324,-1769,-447,0,0
977,-467,-755,2423,-1482,-819,0,0
-171,190,-898,-117,-220,83,0,0
-514,540,-1170,-793,-74,-171,0,0
-1546,1341,-956,-510,-633,-965,0,0
-5552,2607,185,-1365,182,-1761,0,0
-9452,3263,2282,-4599,8610,-2880,0,0
-8042,2280,3807,-9203,18505,-2087,0,0
-2331,920,5029,-9058,17817,1400,0,0
-202,435,6868,-12511,16711,4961,0,0
-603,-1059,7589,-10008,14049,6139,0,0
122,-2378,7434,-7272,8903,5598,0,0
511,-3299,6975,-6690,4658,4565,0,0
1410,-3567,6710,-7515,2956,5140,0,0
996,-3232,6569,-9062,1888,5489,0,0
-3052,-2751,6476,-9574,529,4742,0,0
-5478,-3220,5728,-6766,731,1322,0,0
-3646,-3460,4077,-5837,416,-1227,0,0
-3567,-2861,2770,-6056,636,-4034,0,0
-2636,-2217,1371,-6487,885,-8544,0,0
-2622,549,599,-7461,2796,-15482,0,0
644,2108,-836,-3160,2290,-6628,0,0
5342,1441,-2893,2581,201,-9796,0,0
3344,3124,-2553,7767,-3400,-8987,0,0
2797,4057,-3544,4771,637,-4346,0,0
2666,3891,-5903,-3688,4522,845,0,0
2531,3678,-5242,-5367,4402,2452,0,0
7000,2800,-6254,-6966,4188,3842,0,0
7062,823,-8144,-6469,3566,5278,0,0
4542,-1462,-8373,-5422,3466,4360,0,0
3273,-3458,-7015,-5616,4272,2823,0,0
3911,-5041,-5006,-5475,3488,2655,0,0
1870,-5762,-2746,-6064,3134,1179,0,0
-803,-5100,-1452,-6741,4482,-262,0,0
-683,-4619,-884,-9910,6069,-2860,0,0
334,-4236,-354,-11331,5325,-6477,0,0
1762,-2455,433,-16726,6280,-18598,0,0
-1059,1742,841,-13375,6652,-14528,0,0
-4072,4775,2562,-13318,9623,-3177,0,0
-3372,5108,3789,-10211,12379,-3148,0,0
-321,3852,4839,-9376,8732,559,0,0
886,2684,5557,-5707,4452,3809,0,0
207,2086,6716,-5116,4740,3755,0,0
961,1453,7156,-7230,5361,4091,0,0
217,843,7278,-7674,4793,3401,0,0
-1197,238,7701,-8037,4778,3207,0,0
-1759,-537,7606,-8088,3160,3373,0,0
-3390,-945,7255,-6992,1217,2233,0,0
-4961,-1065,6365,-6561,143,145,0,0
-5842,-1122,4613,-4068,-3078,-5547,0,0
-3954,-1892,1944,-167,-4337,-13474,0,0
147,-1906,-821,750,-5518,-20299,0,0
2603,272,-2994,2194,-4226,-15836,0,0
1308,2622,-4524,-2299,-166,-8967,0,0
1087,4172,-4784,-5566,2919,-2576,0,0
3642,4422,-5387,-6885,3889,2329,0,0
6410,3210,-6616,-6893,3697,4499,0,0
7394,546,-7889,-6440,4084,3859,0,0
5783,-1986,-7785,-6176,4095,3259,0,0
3554,-3421,-6396,-5731,3953,3177,0,0
1807,-4406,-4863,-5076,3623,2754,0,0
146,-5017,-3456,-5055,3503,1449,0,0
-1347,-4820,-2508,-5964,4897,170,0,0
-1523,-4485,-1903,-9785,7641,-3060,0,0
-1545,-4215,-1373,-13777,8860,-5105,0,0
-1339,-3787,-975,-19159,12233,-10651,0,0
546,-2605,-295,-14212,10812,-16394,0,0
-686,1348,1459,-9789,8395,-12933,0,0
-5076,4984,3712,-4996,11132,-5287,0,0
-2558,4044,6240,-3106,10584,-1861,0,0
2414,2925,7102,-7515,6792,1973,0,0
2059,2935,7024,-9434,6407,4676,0,0
915,2433,7075,-10242,7042,4501,0,0
-79,1954,7397,-11205,5920,4509,0,0
-2777,1198,7864,-11180,3993,4497,0,0
-5891,-168,8013,-10301,2632,2843,0,0
-6907,-1639,6777,-7624,1060,-168,0,0
-6079,-2976,4357,-1332,-2952,-6289,0,0
-3722,-3947,2077,2620,-7032,-13833,0,0
-345,-3930,13,2174,-7363,-22878,0,0
1034,118,-2396,-162,-2358,-13420,0,0
916,2714,-3919,-7248,424,-6157,0,0
483,4432,-3235,-7778,2226,-1719,0,0
3914,4310,-3948,-6515,1923,1761,0,0
6335,2673,-5953,-5879,2120,3230,0,0
6499,356,-7161,-6168,2769,3560,0,0
5138,-1709,-7189,-5932,3254,3516,0,0
3932,-3166,-6305,-5219,3586,3536,0,0
2244,-4294,-5251,-6001,3706,3288,0,0
-333,-5045,-4261,-8531,6405,531,0,0
-943,-5428,-3574,-9433,8570,-390,0,0
-1638,-5559,-2679,-15647,11828,-2820,0,0
-2245,-5167,-2271,-14851,12625,-6709,0,0
-1422,-4206,-903,-14518,11416,-10615,0,0
-495,-1369,-121,-12455,7856,-16780,0,0
-2512,2822,682,-7067,7282,-10638,0,0
-2861,4614,1834,-3289,6510,-3603,0,0
-972,4497,3339,-3245,7344,-3313,0,0
1107,4488,4628,-7387,8366,-714,0,0
255,4251,6350,-9684,8659,2029,0,0
-902,3418,7921,-10356,8348,3909,0,0
-378,1962,8951,-12735,8075,4092,0,0
-390,1127,9360,-14060,6602,4140,0,0
-3124,496,9381,-13431,4269,3421,0,0
-5503,-713,8175,-8286,-2662,-665,0,0
-6023,-2044,6176,751,-8203,-5434,0,0
-5275,-2772,3865,3095,-8235,-12917,0,0
-1912,-3385,332,752,-7464,-17233,0,0
-1280,-352,-2353,-4462,-1088,-11925,0,0
1319,1232,-3344,-6436,367,-4811,0,0
1930,2010,-4102,-6555,-197,-2904,0,0
1910,2801,-4722,-5772,1123,275,0,0
3146,2643,-5818,-5822,2020,2350,0,0
3692,1692,-6784,-6119,3054,2868,0,0
3815,271,-7201,-5634,3941,3528,0,0
3359,-1469,-7037,-5098,4316,3812,0,0
962,-2810,-6076,-5411,5139,2864,0,0
-714,-3940,-5127,-5871,8666,-457,0,0
-853,-4465,-4451,-8384,11681,-486,0,0
-1982,-4531,-3908,-10849,12566,-2267,0,0
-2177,-4259,-2703,-8923,11899,-2940,0,0
-365,-4073,-1679,-10310,9704,-5873,0,0
796,-3165,-695,-11858,10941,-13076,0,0
1170,-166,711,-10856,8077,-15725,0,0
-3479,4059,2798,-5976,8357,-7681,0,0
-3945,4919,5321,-3329,10500,-2164,0,0
1372,3518,6254,-6473,7712,1954,0,0
2485,2798,6526,-8468,5934,4760,0,0
1419,2283,7003,-8992,6096,5117,0,0
1023,1740,7585,-9963,5935,4515,0,0
-182,1258,7739,-10143,4769,3911,0,0
-2398,649,7757,-9542,2869,3044,0,0
-4516,-234,7151,-6863,325,1405,0,0
-5348,-3984,5565,546,-4567,-2566,0,0
-4882,-3497,3911,4828,-8297,-9213,0,0
-1988,-4328,601,2091,-8464,-15300,0,0
-1693,-1750,-2511,-4849,-13,-17850,0,0
790,894,-2941,-5504,1886,-6875,0,0
2354,2148,-2402,-5740,-805,-3720,0,0
1728,3944,-2914,-5884,-301,394,0,0
2725,3790,-4630,-5667,708,3218,0,0
3620,2060,-6129,-5487,1790,3278,0,0
3994,158,-6867,-5223,3118,3345,0,0
4152,-1509,-7062,-4647,3665,3713,0,0
2152,-2701,-6277,-5012,3605,4034,0,0
-530,-3649,-5401,-6804,6799,1647,0,0
-1677,-4129,-5157,-9486,10289,1757,0,0
-1185,-5051,-5235,-13001,14237,-1678,0,0
-1463,-4956,-3908,-14512,13825,-3815,0,0
-2021,-4507,-2050,-12681,14517,-8510,0,0
1330,-3447,-1212,-10267,11272,-15014,0,0
664,341,126,-5329,5484,-16456,0,0
-4527,3895,2752,-582,8842,-4888,0,0
-558,3818,4525,-3747,9157,-2294,0,0
2025,3404,5329,-7682,7215,1383,0,0
1502,2772,6631,-9260,6288,4313,0,0
840,1961,7215,-8969,6155,4525,0,0
765,1437,7896,-9216,5908,5431,0,0
-652,915,8262,-10208,5562,5579,0,0
-3272,-318,8443,-7414,4010,3481,0,0
-3536,-2539,7571,-1272,363,-136,0,0
-2356,-3677,6567,3455,-6760,-5591,0,0
-2239,-3799,4080,4835,-8164,-11140,0,0
-3488,-2396,-315,-4999,-3001,-13757,0,0
-4449,933,-699,-8303,5947,-13321,0,0
3166,1243,-1738,-6086,-639,-3902,0,0
3828,2340,-2652,-6658,-2108,-3572,0,0
1612,4700,-3629,-6066,476,-5,0,0
2907,4843,-4923,-5792,2133,2750,0,0
5486,3403,-6448,-6109,3290,3790,0,0
7540,823,-7870,-5815,4280,4681,0,0
5634,-1844,-7454,-4231,3394,4402,0,0
2285,-3392,-5685,-4346,3327,3947,0,0
-479,-4589,-4964,-7482,6996,2985,0,0
-1637,-5406,-5487,-13192,9919,1888,0,0
-2375,-5775,-5108,-15708,15190,-1036,0,0
-2438,-5799,-3290,-14904,17272,-6639,0,0
-1339,-4520,-1059,-11753,15897,-11069,0,0
1971,-2311,447,-11703,11824,-18688,0,0
534,2093,1543,-7484,4412,-10803,0,0
-3309,4891,3128,-3375,6163,-3098,0,0
-1539,4674,4462,-3681,6034,25,0,0
1103,3641,5281,-6718,5033,3434,0,0
41,2671,6078,-6996,5025,4859,0,0
-771,1254,7163,-6258,5479,4946,0,0
-38,-77,7642,-7209,5350,5048,0,0
-384,-840,7563,-7881,4969,4700,0,0
-1964,-1288,7467,-7498,4036,4252,0,0
-3683,-2272,6794,-3667,909,823,0,0
-4998,-3142,5724,2002,-4229,-3914,0,0
-3520,-3807,4064,5836,-5042,-11414,0,0
-1402,-3630,-172,-947,-4056,-14722,0,0
-3448,-890,-1832,-8375,3643,-15219,0,0
1427,1056,-1458,-6713,1008,-5060,0,0
2051,2587,-1723,-6254,-2400,-3428,0,0
871,4548,-2744,-6207,-515,676,0,0
2180,4526,-4294,-5925,1476,3011,0,0
4341,3112,-5814,-5655,2630,4156,0,0
5692,866,-7183,-5339,3487,4784,0,0
4455,-1449,-7526,-4566,4683,5338,0,0
1853,-3244,-6737,-5026,4669,5022,0,0
-850,-4409,-5678,-7670,8390,2859,0,0
-2261,-4831,-5432,-11127,11216,2335,0,0
-2852,-4977,-5335,-14902,16748,-1313,0,0
-2245,-4561,-3695,-14237,16409,-5056,0,0
-695,-3978,-1414,-13043,15991,-12331,0,0
247,-496,268,-9998,9426,-19308,0,0
-2287,3670,2283,-3542,7953,-6403,0,0
-122,4648,3049,-2377,4893,-1946,0,0
258,4704,3924,-4626,4539,-193,0,0
1846,4107,4202,-6970,3889,2384,0,0
1979,3419,4054,-7410,3078,2847,0,0
-3,3263,4491,-7106,4034,3541,0,0
-1806,2410,5435,-6111,4642,4314,0,0
-3066,707,6928,-6330,5364,4749,0,0
-3626,-1104,7628,-5440,5008,4255,0,0
-4763,-3069,7349,-1323,2283,2468,0,0
-3867,-7064,6880,3106,-1140,-2129,0,0
-3452,-5552,4901,3534,-1652,-8307,0,0
-2726,-4832,1646,-2194,-936,-12735,0,0
-2455,-2635,-357,-9222,551,-16288,0,0
2318,62,-1623,-8357,-651,-8366,0,0
3213,2397,-2391,-7384,-3183,-3413,0,0
343,4913,-3006,-7369,-1549,884,0,0
1956,5187,-4950,-7354,884,4718,0,0
4048,3050,-7251,-7370,2421,6011,0,0
4102,57,-8481,-6323,3849,6532,0,0
1878,-1862,-8206,-6071,4969,6439,0,0
-54,-3150,-7219,-6391,6187,4790,0,0
-1234,-6440,-6205,-8730,9278,1974,0,0
-1757,-4679,-5775,-11974,11862,1357,0,0
-2288,-4451,-7072,-15070,15122,-2860,0,0
-1448,-4277,-3283,-11847,14983,-6308,0,0
81,-2553,-706,-13983,15459,-18826,0,0
-1463,1701,1887,-7108,12673,-11639,0,0
-561,3903,3492,-8851,8972,-2648,0,0
-2890,4602,5162,-5670,8568,-1151,0,0
625,3110,6671,-5404,7117,1571,0,0
3309,2308,6157,-7501,3939,3985,0,0
877,2206,6291,-7725,5264,3462,0,0
591,1864,6781,-8511,5404,4127,0,0
-137,1206,7114,-8356,4421,4045,0,0
-2110,569,7436,-8369,3245,3286,0,0
-4139,-139,7315,-6829,1847,2979,0,0
-4807,-1483,6019,-3437,-1249,-830,0,0
-4381,-2726,4083,1511,-6089,-6999,0,0
-1687,-3638,1723,2374,-8761,-15839,0,0
829,-2596,-1123,8,-7185,-17076,0,0
-140,500,-2319,-3013,-2510,-12453,0,0
342,2574,-2543,-7472,-198,-5845,0,0
3109,3063,-3780,-6806,1076,541,0,0
5104,2173,-5684,-6232,1298,4414,0,0
4230,598,-6822,-6213,2780,5210,0,0
2709,-1129,-7436,-5421,4121,5106,0,0
1454,-2494,-7133,-5438,5217,4361,0,0
591,-3468,-6224,-5941,5553,3326,0,0
-667,-4064,-5325,-5394,6349,709,0,0
-865,-4347,-4389,-6933,7849,-379,0,0
-1072,-4464,-3777,-8667,9424,-2844,0,0
-2239,-3855,-3252,-12069,10607,-1420,0,0
-1273,-3928,-2846,-10949,11206,-4935,0,0
829,-3799,-1596,-9085,8654,-8781,0,0
-21,-474,172,-11415,7589,-17210,0,0
-2813,2738,2048,-8786,10670,-6636,0,0
-1387,4109,3354,-8143,8696,-3299,0,0
-2264,4529,4659,-5024,8630,-2572,0,0
1391,3514,5393,-5143,5766,1092,0,0
1916,3052,5564,-6327,4323,4124,0,0
307,2732,5954,-6596,5781,4017,0,0
-328,1998,6687,-6536,5187,4595,0,0
-1328,696,7496,-7834,5675,4167,0,0
-1519,-298,7473,-8145,4159,3575,0,0
-2814,-842,7303,-7247,2268,3238,0,0
-4615,-1615,6496,-4729,-931,675,0,0
-5390,-2373,4851,-642,-5403,-3829,0,0
-4000,-3210,2414,2033,-5666,-12893,0,0
110,-3008,-1202,-1906,-5081,-20997,0,0
501,233,-2252,-1014,-1147,-14710,0,0
2058,2313,-2692,-1773,-2213,-8195,0,0
1610,3751,-4115,-5442,397,-2192,0,0
2880,3651,-5615,-6948,3027,2560,0,0
5215,2132,-6633,-6389,3969,4174,0,0
6608,-160,-7511,-5364,3891,4797,0,0
3293,-1892,-7412,-4773,3302,4968,0,0
1446,-2957,-6355,-4970,4865,4137,0,0
1401,-4168,-5424,-4881,4850,3152,0,0
67,-4857,-4291,-5274,5602,1387,0,0
-512,-5206,-3105,-6669,7210,-832,0,0
-597,-4985,-2183,-9312,8116,-3397,0,0
-2687,-3881,-1623,-12673,9699,-3287,0,0
-267,-4072,-1573,-11450,9919,-6719,0,0
3298,-3366,-2368,-12375,5239,-15920,0,0
370,1053,1049,-12735,6014,-13293,0,0
-2823,4168,2363,-10572,8529,-5286,0,0
-2489,4970,3584,-6716,9975,-3481,0,0
665,4326,4510,-5920,7465,267,0,0
1769,3700,4894,-5082,4014,2624,0,0
922,3480,5592,-5462,4697,2767,0,0
1213,2972,5731,-6199,4699,3522,0,0
208,2421,5831,-6469,4653,3614,0,0
-591,1887,6237,-6796,4392,3531,0,0
-1942,1401,6675,-6900,2752,3707,0,0
-4189,600,6809,-5850,1461,2992,0,0
-4918,-1010,5727,-3402,-1379,80,0,0
-5034,-2431,4077,879,-6666,-4980,0,0
-3276,-3634,1653,2436,-6962,-14582,0,0
-1233,-2379,-1515,-189,-4944,-19481,0,0
330,712,-2587,-937,416,-13363,0,0
1694,2472,-2716,-3511,-788,-6513,0,0
3355,2897,-4307,-5721,-204,40,0,0
4591,2088,-6159,-7308,1350,3660,0,0
4617,338,-7124,-6089,3148,5087,0,0
3828,-1614,-7491,-5223,3719,5394,0,0
794,-2718,-6901,-5715,5580,4837,0,0
-177,-3526,-6099,-5861,6399,3946,0,0
-1089,-4256,-5097,-4919,6435,2068,0,0
-356,-4960,-3828,-4983,7322,-926,0,0
-819,-4496,-2348,-7518,7477,-2481,0,0
-2561,-3397,-1714,-11064,10518,-4799,0,0
-346,-3355,-1915,-12131,9587,-5187,0,0
494,-2925,-1222,-11416,7773,-6697,0,0
112,-1146,-125,-11679,6841,-9504,0,0
-1817,1867,1139,-9994,5795,-9686,0,0
-4761,4672,2534,-5580,7166,-6317,0,0
-3046,4788,3935,-1214,7660,-3444,0,0
426,3966,5046,-4189,7064,-776,0,0
876,3800,5903,-6818,6837,2782,0,0
336,2967,6651,-7949,7142,3876,0,0
409,1981,7037,-8621,6676,3379,0,0
605,1386,7213,-9415,5779,3860,0,0
-1148,1090,7505,-9776,4186,4567,0,0
-4319,492,7663,-8560,2396,4038,0,0
-6184,-1034,6865,-3318,-1236,1592,0,0
-6461,-3181,5429,932,-4849,-3909,0,0
-3690,-5189,2897,4059,-6727,-13317,0,0
-2089,-3403,-965,-4664,-4259,-930,0,0
-2700,1298,-1204,-2922,3008,-11531,0,0
3500,1922,-1374,-3594,-1158,-5348,0,0
3553,3051,-3242,-5106,-2134,-1386,0,0
2232,3529,-4738,-6470,430,3011,0,0
3958,2322,-5785,-7017,2316,4864,0,0
5239,21,-7100,-5301,2740,4808,0,0
3613,-1918,-7403,-4169,3346,4898,0,0
2594,-3428,-6797,-4793,4432,4349,0,0
607,-4428,-5654,-5731,5437,2370,0,0
-390,-5228,-4507,-7002,8268,-496,0,0
-87,-5593,-3627,-9238,8169,-1836,0,0
-1795,-5005,-2995,-12842,10132,-3643,0,0
-2314,-4207,-3009,-12816,9819,-4903,0,0
-1383,-3691,-2198,-10452,9705,-8977,0,0
-620,-1781,-379,-12346,10644,-19864,0,0
-2225,2544,1752,-9438,10043,-11498,0,0
-2037,4884,2650,-8120,6967,-3893,0,0
-1841,5053,3546,-5000,6024,-2572,0,0
495,4468,4703,-4519,4814,-523,0,0
1540,4091,5026,-5844,4554,2202,0,0
352,3814,5279,-6410,6053,3450,0,0
-313,2967,5965,-7168,7154,4130,0,0
-569,1703,7286,-7838,6633,4069,0,0
-1072,789,8225,-8540,5729,4207,0,0
-3003,221,8295,-8131,4207,3262,0,0
-5073,-770,7353,-5210,-187,309,0,0
-5886,-1957,5787,-648,-5410,-4446,0,0
-4026,-3031,3071,2813,-7747,-13044,0,0
-2646,-2800,-300,-1553,-5131,-19099,0,0
-2375,244,-1057,-1243,903,-14222,0,0
1580,1522,-1558,-1398,-986,-8173,0,0
2230,2874,-3444,-4270,407,-3430,0,0
2035,3801,-4255,-5547,2341,798,0,0
4273,3425,-4476,-5622,2490,3567,0,0
6062,1823,-5816,-5258,2410,4367,0,0
5045,-415,-6767,-4003,2476,4173,0,0
4241,-2388,-6655,-3353,3081,4000,0,0
2533,-3628,-5819,-3866,3913,3332,0,0
654,-4487,-5018,-4511,5248,1428,0,0
509,-5372,-4198,-6223,6667,-613,0,0
-755,-5456,-3420,-9422,7697,-1276,0,0
-1870,-5228,-3349,-13966,9484,-2670,0,0
-2034,-4740,-2894,-12724,9884,-5371,0,0
-820,-4216,-1405,-10818,9140,-9081,0,0
87,-1633,512,-12711,9260,-1232,0,0
-1744,2297,2300,-9147,9625,-9475,0,0
-2436,4340,3666,-8006,9257,-2184,0,0
-2564,4141,5509,-5133,9151,-330,0,0
2037,2512,6539,-5233,5822,2574,0,0
2998,2030,6345,-5573,4153,3399,0,0
1620,1949,6412,-5106,5014,3042,0,0
1215,1548,6831,-5631,5632,3668,0,0
1110,1105,6871,-6711,5730,3085,0,0
254,1144,6567,-6348,4349,3072,0,0
-2170,1155,6377,-5756,2575,2658,0,0
-5091,436,5840,-2229,-806,869,0,0
-5243,-1093,4717,1534,-4510,-2798,0,0
-3332,-2997,2958,2727,-6071,-11250,0,0
-618,-3509,-52,-1085,-7407,-17569,0,0
-712,-451,-1481,-2481,-1588,-12307,0,0
1987,1049,-2081,-3705,-2186,-7227,0,0
1252,2533,-3106,-5730,-1077,-2404,0,0
2765,2983,-4904,-6258,538,2160,0,0
4345,2169,-6266,-6586,1941,4299,0,0
4081,379,-7253,-5839,3327,4921,0,0
2785,-1497,-7656,-4816,4545,5016,0,0
2232,-3110,-7245,-5188,4957,4383,0,0
-341,-4030,-5895,-5581,6374,2469,0,0
-23,-4920,-4788,-5787,7745,98,0,0
-323,-5429,-3600,-7983,9692,-2009,0,0
-1000,-5027,-2861,-10423,10550,-3268,0,0
-2949,-3913,-1801,-13792,12599,-4123,0,0
-720,-3961,-1111,-11507,10621,-9749,0,0
2574,-2875,46,-12120,6704,-15695,0,0
476,1461,494,-9340,3355,-13958,0,0
-4422,5233,1777,-5985,6961,-5289,0,0
-2830,5410,3144,-3672,6137,-1813,0,0
237,4512,4198,-4082,4672,260,0,0
1647,3925,4341,-5927,4602,1836,0,0
374,3603,4922,-5936,6107,3077,0,0
-340,2741,6197,-7305,6990,4163,0,0
23,1558,7301,-7662,6123,4559,0,0
-391,896,7771,-7813,4814,4401,0,0
-2805,487,7710,-6218,2420,3657,0,0
-4867,-564,7163,-2135,-946,1114,0,0
-5553,-3960,6076,1785,-5480,-2560,0,0
-4184,-3300,3771,3203,-5274,-8969,0,0
-2395,-3434,-65,-701,-2182,-13763,0,0
-1607,-1938,-1048,-3870,-300,-16878,0,0
770,881,-1011,-3259,-1344,-9620,0,0
1528,2713,-2521,-3882,-2656,-3846,0,0
1386,3594,-4090,-4875,-454,1505,0,0
3519,2648,-5270,-5319,750,4458,0,0
5199,513,-6333,-4745,1051,5455,0,0
2892,-1288,-6609,-3979,1838,5140,0,0
859,-2303,-6468,-4166,3830,4294,0,0
1007,-3365,-6120,-4970,5008,2941,0,0
-649,-4017,-5310,-6517,6516,1853,0,0
-1856,-4893,-4765,-7924,8685,-93,0,0
-2186,-5005,-4549,-10461,10033,-1537,0,0
-3895,-3956,-4271,-12734,13870,-3861,0,0
-129,-4290,-3497,-8198,11740,-7766,0,0
751,-2877,-448,-12696,10811,-16936,0,0
-971,1138,1927,-10501,11284,-14639,0,0
-1484,4090,4218,-11263,10509,-5086,0,0
-2603,5218,5389,-7644,10185,-3045,0,0
499,3820,6083,-5422,6907,842,0,0
2942,2810,5728,-5637,4028,3895,0,0
1810,2918,5728,-6004,5227,3879,0,0
717,2573,5844,-5571,5091,4419,0,0
440,1350,6193,-6472,5540,4159,0,0
408,536,6307,-7581,4440,4382,0,0
-1552,295,6529,-6881,2469,4213,0,0
-3163,-467,6263,-5266,826,1692,0,0
-3835,-989,4997,-4143,-3307,-1974,0,0
-7264,-1460,3590,-976,-6596,-8464,0,0
-1682,-2646,1159,1576,-11870,-19387,0,0
390,-466,-1861,1745,-6915,-16856,0,0
1184,1864,-3466,-1235,-1948,-7952,0,0
1059,3184,-3781,-5245,-55,-1977,0,0
3742,2799,-4686,-6491,1193,3054,0,0
5324,1020,-6129,-6530,2357,4960,0,0
2831,-846,-6771,-6229,3299,4829,0,0
-261,-1465,-6381,-6030,5134,3895,0,0
425,-2114,-6195,-5283,5815,3580,0,0
-448,-2939,-5944,-5019,5933,1874,0,0
-568,-3843,-5428,-2840,7183,-231,0,0
587,-4416,-4222,-6562,8217,-1081,0,0
-1113,-4076,-3311,-7107,8665,-2303,0,0
-2857,-2887,-2922,-9557,10664,-1627,0,0
-1057,-2407,-2989,-9628,9568,-4888,0,0
278,-1963,-1612,-9228,8115,-9814,0,0
-417,494,310,-10190,8108,-15263,0,0
-2670,3423,2513,-9540,11515,-7807,0,0
-1079,4484,3949,-9809,11292,-2989,0,0
-50,4022,5313,-7608,9814,1059,0,0
1614,3006,6210,-4836,5855,3356,0,0
708,2762,7307,-4929,5322,3754,0,0
871,2077,7798,-5967,5902,4237,0,0
1322,1246,7578,-6398,5318,4938,0,0
438,643,7354,-7703,5573,4622,0,0
-1503,383,7083,-7671,3341,4419,0,0
-3225,-360,6664,-5302,1617,2210,0,0
-3993,-1068,5332,-4662,-1220,-773,0,0
-4965,-1194,3781,-3337,-5253,-5763,0,0
-3017,-1810,1457,-2827,-8344,-14588,0,0
-1198,-819,-1186,-1147,-6323,-19620,0,0
1786,464,-3856,541,-2808,-13179,0,0
2116,2212,-4978,-3283,104,-8034,0,0
2768,3567,-5320,-5572,2044,-657,0,0
4723,2756,-6657,-6855,3955,4649,0,0
4929,-78,-8054,-6182,5844,6423,0,0
3438,-2761,-8001,-5420,5169,6021,0,0
1563,-3943,-6371,-5166,5103,4665,0,0
-813,-4361,-5140,-5310,5240,3211,0,0
-1869,-4627,-4595,-4272,5532,1441,0,0
-1008,-4675,-3795,-5106,6042,-536,0,0
-544,-4413,-2867,-6442,6585,-3375,0,0
-319,-3634,-1869,-10248,5957,-3744,0,0
-2340,-2466,-1430,-12353,8700,-4506,0,0
1117,-2814,-1690,-11055,8231,-6682,0,0
1589,-1414,-183,-12896,5668,-11253,0,0
-2716,2339,1590,-11171,8632,-9907,0,0
-4278,4867,3269,-8969,9820,-5387,0,0
-3883,4968,5372,-4443,10164,-2994,0,0
244,3648,6484,-7144,7314,849,0,0
1689,2862,6754,-6857,5232,4172,0,0
1167,2240,6551,-6430,5525,3863,0,0
1442,1734,6582,-6599,5186,4659,0,0
682,1257,6791,-8179,5574,4510,0,0
-1020,882,6912,-8872,4044,4479,0,0
-3410,150,7167,-7035,2696,3497,0,0
-3798,-1029,6310,-5777,1261,1060,0,0
-4318,-1837,4778,-2389,-4274,-2583,0,0
-4762,-2833,3328,-154,-6907,-9141,0,0
-2086,-3487,822,-1400,-9020,-17434,0,0
-1868,-820,-1892,-428,-3199,-18146,0,0
688,1213,-3242,-3040,-877,-9793,0,0
867,2589,-3568,-4401,-313,-3496,0,0
2833,3049,-4820,-6856,1163,2604,0,0
3612,1829,-6298,-6667,1773,5638,0,0
2983,-313,-6791,-5356,2346,7090,0,0
47,-1744,-7035,-4758,4071,6649,0,0
-365,-2737,-7119,-5883,6747,5630,0,0
201,-4085,-6790,-6480,6347,3573,0,0
-437,-4866,-5631,-5807,6692,-154,0,0
-760,-4510,-4223,-6311,6135,-2456,0,0
-1057,-3774,-2802,-9157,8182,-4423,0,0
-2690,-2565,-1962,-10962,10260,-4281,0,0
-699,-2537,-1670,-10795,11529,-6299,0,0
377,-1154,-247,-11624,6503,-14130,0,0
-3174,2596,2449,-9550,9635,-9400,0,0
-3008,4547,3349,-10637,8910,-4495,0,0
-3157,4624,4458,-7554,8831,-1946,0,0
284,3238,4880,-4361,5991,246,0,0
1937,2598,5019,-3205,3846,3409,0,0
623,2335,5628,-4427,4981,4184,0,0
397,1521,6263,-5106,5368,4326,0,0
1073,533,6787,-5881,5177,4328,0,0
1010,114,7045,-6628,4776,4144,0,0
-338,68,7016,-6501,3340,3890,0,0
-2137,-174,6665,-4943,1256,2749,0,0
-3660,-742,5698,-2537,-1517,358,0,0
-4982,-1332,4406,-124,-5365,-3196,0,0
-4322,-2073,2762,1449,-7140,-8373,0,0
-1225,-2817,-889,-966,-6718,-16447,0,0
-1490,-706,-3409,-2711,1318,-15585,0,0
285,1144,-2707,-1839,1167,-10426,0,0
2218,3514,-2793,-3787,-1146,-5248,0,0
2375,4668,-4808,-5522,500,949,0,0
2285,3957,-6082,-6194,3590,4822,0,0
5085,1657,-7202,-5675,4437,6364,0,0
4634,-829,-7591,-4981,4001,5794,0,0
2759,-2532,-6748,-4572,4226,4518,0,0
969,-3659,-5610,-4775,3745,3236,0,0
-779,-4129,-4577,-4578,4967,904,0,0
26,-4630,-3755,-4975,5808,-1299,0,0
-220,-4470,-2598,-6835,6552,-3556,0,0
-2422,-3209,-1959,-10360,8725,-2672,0,0
-1541,-2991,-2477,-11303,10528,-4970,0,0
1086,-3200,-1853,-8115,7250,-6275,0,0
1531,-1945,265,-9934,6989,-10877,0,0
-1135,1478,1813,-10761,8111,-9339,0,0
-4093,3656,4386,-8755,12158,-3889,0,0
-2686,3293,6520,-5980,12171,-607,0,0
512,1628,7691,-6400,8751,2798,0,0
3119,483,8050,-4254,5259,5051,0,0
2596,328,7808,-4011,4573,5521,0,0
1583,-106,7300,-3486,4557,5579,0,0
941,-697,6936,-4485,5787,6145,0,0
1238,-1190,6209,-5915,5163,5964,0,0
-386,-831,5536,-7288,2655,4103,0,0
-3867,-892,4868,-5804,223,602,0,0
-3280,-1340,3848,-4891,-3700,-3791,0,0
-2091,-1498,2270,-3360,-8094,-11111,0,0
-1006,-1183,-1143,-654,-6408,-19771,0,0
585,-164,-4167,1156,1717,-11998,0,0
513,1342,-3747,-203,2897,-10419,0,0
631,4199,-2934,-2765,2951,-5087,0,0
1744,5472,-3677,-4972,3224,875,0,0
4371,4704,-5131,-5907,3421,4573,0,0
7370,2530,-6959,-6519,3839,6512,0,0
5992,-291,-8098,-5330,3706,6770,0,0
3347,-2429,-7545,-4601,4372,5608,0,0
1695,-3955,-6091,-4497,4514,3542,0,0
753,-4815,-4499,-3944,4721,959,0,0
-616,-4653,-2979,-5968,6139,-826,0,0
330,-5058,-2534,-6661,6536,-4137,0,0
-564,-4046,-1869,-10902,6762,-3170,0,0
-1985,-2931,-1514,-11576,10433,-4634,0,0
385,-2867,-1094,-8776,7728,-7620,0,0
1212,-1350,980,-10810,6331,-13345,0,0
-1580,2020,2838,-10352,11103,-7944,0,0
-1590,3555,4460,-8484,11881,-3530,0,0
-1500,3620,6091,-5795,11596,-278,0,0
576,2338,7023,-3949,8921,3888,0,0
1068,1200,7549,-3667,7278,5435,0,0
2041,154,7656,-4476,6489,6001,0,0
3271,-858,7368,-5776,5443,6404,0,0
1700,-712,7172,-8610,5875,6507,0,0
-1151,-512,6472,-9415,3548,4926,0,0
-2908,-872,6314,-8468,1038,2444,0,0
-2946,-1421,5397,-7898,-1995,-1611,0,0
-2387,-1331,3620,-5556,-5259,-6248,0,0
-1572,-1305,989,-4370,-9932,-15962,0,0
1,-503,-2180,902,-6141,-13996,0,0
849,-79,-4501,1028,-719,-11351,0,0
-90,2211,-5069,-2723,3647,-8145,0,0
333,4527,-4629,-5035,4740,-1473,0,0
2289,5007,-5362,-5572,4136,4201,0,0
4167,3208,-7212,-5290,4170,7732,0,0
5045,-151,-8409,-5141,4811,7671,0,0
2879,-2911,-7603,-4910,4688,5505,0,0
204,-3947,-5903,-4821,4799,3179,0,0
-459,-4288,-4980,-4339,4812,941,0,0
-369,-4278,-4201,-5785,5636,-1655,0,0
-1185,-3552,-3154,-7605,5550,-2757,0,0
-1092,-3028,-2447,-9086,6970,-3945,0,0
-1829,-2301,-2005,-10647,9622,-3076,0,0
-747,-2052,-1517,-8412,10669,-6703,0,0
1012,-690,429,-9223,7288,-11088,0,0
-1151,1956,2704,-10586,9781,-4977,0,0
-1747,3234,4370,-10399,11136,-2922,0,0
6,2681,5570,-8147,10588,-679,0,0
1951,1785,5963,-5166,6941,2507,0,0
1536,1701,6926,-3879,5644,4612,0,0
987,1381,7824,-4464,5762,5272,0,0
805,301,8133,-4089,5370,5426,0,0
930,-777,8433,-5185,6372,5830,0,0
1150,-1093,8031,-6565,5478,4734,0,0
-471,-954,6818,-7051,3100,3055,0,0
-2399,-953,4919,-6907,851,237,0,0
-4297,-785,3389,-5428,-1741,-5030,0,0
-2301,-1186,1954,-6074,-5811,-13083,0,0
-1252,-210,76,-2587,-6707,-20071,0,0
3305,456,-3201,1938,-3158,-10564,0,0
1494,1261,-4532,-1100,256,-8571,0,0
1388,3188,-4276,-2211,2278,-3479,0,0
5055,3589,-5736,-4394,3036,1559,0,0
4804,2901,-7428,-6737,5264,5028,0,0
4868,574,-8603,-6089,5616,5802,0,0
5074,-2350,-8116,-4339,4787,4620,0,0
3533,-4283,-6457,-3896,4102,4336,0,0
581,-5169,-4998,-4857,4313,3191,0,0
-546,-5343,-3684,-4374,4988,1718,0,0
-1104,-5258,-2391,-5307,5935,-453,0,0
-915,-4969,-1360,-7043,5966,-1974,0,0
-1459,-3875,-538,-11728,6326,-3620,0,0
-1779,-2770,-606,-13563,8458,-4382,0,0
738,-2711,-1396,-11460,9578,-9192,0,0
1907,-805,677,-10898,9256,-12350,0,0
-1469,2669,3437,-9607,13343,-6130,0,0
-1648,3777,5679,-9110,15500,-1239,0,0
574,2448,7759,-8102,13066,3613,0,0
2963,762,8452,-5284,7832,5340,0,0
3760,372,8472,-4704,5003,6104,0,0
3022,261,7659,-5167,4363,6707,0,0
817,-495,6756,-4259,4053,6076,0,0
1029,-1210,6064,-5394,3135,5252,0,0
-1038,-627,5337,-6600,611,4248,0,0
-2834,-1045,4321,-5955,-121,1260,0,0
-1335,-1258,3139,-6381,-2496,-2813,0,0
-1580,-984,2285,-4561,-5411,-11527,0,0
-1215,333,256,-1065,-4510,-14508,0,0
2773,-317,-2636,2976,-2116,-10507,0,0
3446,-17,-4595,1741,-768,-10607,0,0
612,2787,-4009,-1389,1869,-6672,0,0
1049,4795,-3598,-3480,2374,-1290,0,0
3975,4813,-4927,-5820,1811,3694,0,0
5222,2844,-6799,-6046,2142,5919,0,0
6181,-333,-7493,-4942,2966,5520,0,0
4347,-2588,-6559,-4569,2891,4105,0,0
659,-3152,-5066,-4630,4430,2501,0,0
-718,-3219,-4011,-3927,5400,999,0,0
-274,-3768,-3347,-2973,6700,-2091,0,0
1084,-4059,-2820,-5889,5988,-1573,0,0
-1769,-3444,-2139,-9983,7753,-1322,0,0
-1099,-3779,-2934,-10159,8045,-1849,0,0
-479,-3720,-2550,-8741,6431,-2837,0,0
-602,-3010,-1633,-7267,7035,-5237,0,0
1734,-2643,-1585,-9708,8370,-9950,0,0
926,-113,367,-10599,7845,-13916,0,0
-3803,3394,3669,-7794,11289,-5937,0,0
-3892,4201,6399,-6386,14428,-2012,0,0
127,2471,8034,-6569,12342,2553,0,0
2998,992,8371,-7074,8351,5853,0,0
2913,382,8601,-6911,6639,5825,0,0
2522,257,8384,-7138,5718,5559,0,0
1032,328,7880,-9247,5287,5819,0,0
-1471,-47,6992,-8532,3650,4493,0,0
-2205,-584,6164,-7204,1703,3530,0,0
-2939,-895,5062,-5359,-1187,-644,0,0
-3568,-1733,3758,-913,-6743,-6083,0,0
-1847,-2647,1847,-2123,-8530,-16851,0,0
-2004,163,-978,-2279,-3579,-17992,0,0
733,1001,-3152,404,-1315,-7948,0,0
2225,1689,-4306,-3884,211,-6519,0,0
1721,3548,-4803,-6505,1897,-422,0,0
1636,4027,-5187,-7034,2741,3470,0,0
3983,2864,-5961,-5915,2978,5022,0,0
4541,1024,-6992,-5049,3017,5358,0,0
3238,-789,-7449,-5185,4029,4941,0,0
2116,-2358,-7389,-6158,4729,4339,0,0
606,-3695,-6522,-6518,6135,2254,0,0
547,-4771,-5244,-5363,6720,-414,0,0
-214,-4653,-3455,-8024,7812,-2733,0,0
-2478,-3358,-2597,-10218,9950,-2474,0,0
-2791,-3061,-2860,-11978,12683,-4441,0,0
554,-3487,-1879,-10133,11529,-7834,0,0
2305,-2016,99,-11813,8017,-13337,0,0
-1618,2277,1989,-10840,9023,-9824,0,0
-4036,4897,4016,-7953,11601,-4124,0,0
-1575,4164,5571,-5561,9942,-901,0,0
877,2778,6771,-5720,7002,2728,0,0
1359,2154,7183,-6695,5707,4849,0,0
1238,1496,6999,-7022,5584,4824,0,0
1382,1028,6907,-7754,5412,5075,0,0
656,700,6853,-8935,5250,4475,0,0
-1441,543,6746,-8848,3376,3530,0,0
-3959,-66,6461,-7306,2111,1890,0,0
-4591,-1365,5258,-3810,-856,-1023,0,0
-4395,-2672,4408,409,-5360,-5272,0,0
-2100,-3692,2873,3081,-8743,-12849,0,0
-1289,-2729,-540,669,-6287,-18490,0,0
-1354,108,-2044,-2544,1949,-12993,0,0
1481,2096,-1657,-5354,-81,-6467,0,0
2202,3916,-2409,-6498,-635,-1723,0,0
3230,3994,-3860,-6012,514,2357,0,0
5397,2599,-5321,-6375,1795,4994,0,0
6487,172,-7081,-5989,2006,5747,0,0
4233,-2295,-7657,-5885,2407,4565,0,0
1990,-3451,-6948,-6628,3477,3899,0,0
322,-4064,-6203,-8490,5585,2852,0,0
-423,-5103,-5899,-10475,7535,1376,0,0
-838,-5700,-5182,-12538,9542,-520,0,0
-3182,-4671,-4336,-14191,12977,-1842,0,0
-2277,-4320,-3928,-13212,15085,-6300,0,0
-739,-3872,-1726,-11225,16753,-14796,0,0
3090,-1194,632,-10292,10152,-21358,0,0
-1673,3943,3312,-11216,9680,-6018,0,0
-3702,5459,5280,-10452,12384,-1299,0,0
-101,3425,6270,-8391,10286,1599,0,0
3846,1631,5863,-5631,5099,5243,0,0
2096,1646,6259,-4014,3962,5765,0,0
632,1561,6927,-4904,4939,6034,0,0
514,396,7386,-6091,5178,6246,0,0
-52,-1034,7487,-6598,4349,4904,0,0
-1041,-1817,7399,-6321,3042,4289,0,0
-2486,-1730,6814,-6487,1254,2498,0,0
-4310,-1348,5328,-6596,604,-1155,0,0
-4420,-1374,4004,-4289,-1851,-6267,0,0
-2737,-1473,2429,-4115,-5375,-14943,0,0
-800,231,-566,-2405,-3939,-15989,0,0
1554,743,-3771,-198,-1204,-6194,0,0
524,1303,-4846,301,3543,-10318,0,0
791,3058,-4326,523,6105,-6602,0,0
1753,4217,-3969,-1850,5601,-2991,0,0
3424,4227,-5014,-2637,4218,805,0,0
5100,3131,-6813,-4370,4467,3739,0,0
5722,950,-8377,-4991,4940,5224,0,0
4622,-1493,-8025,-4567,4857,5149,0,0
3861,-3423,-6101,-3499,4094,3974,0,0
2024,-4525,-3899,-3352,3709,2231,0,0
-123,-4560,-2534,-3274,3564,808,0,0
-1365,-4257,-1671,-3689,3916,-814,0,0
-1907,-3913,-1069,-4688,4169,-2252,0,0
-2319,-3208,-581,-8738,5322,-2877,0,0
-2999,-2546,-444,-9725,7205,-3050,0,0
-1335,-2314,-1094,-9844,9550,-5727,0,0
2190,-2084,-153,-8523,8434,-9847,0,0
-231,1318,2443,-8935,8168,-10255,0,0
-4993,4510,4168,-8571,13526,-6313,0,0
-3030,3973,5525,-10288,13885,-1139,0,0
320,2315,6408,-10058,9929,2676,0,0
1091,1058,6646,-6212,5625,3969,0,0
948,324,6931,-5178,3993,3818,0,0
1326,55,7055,-6771,3672,4032,0,0
798,45,6797,-7416,3268,4369,0,0
-683,-160,6517,-7301,2437,4363,0,0
-1714,-693,6258,-6207,1014,3608,0,0
-2456,-1245,5735,-4331,-242,2485,0,0
-3569,-1637,4716,-3655,-889,113,0,0
-4324,-1976,3272,-1352,-3152,-3512,0,0
-2832,-2863,1298,293,-4783,-9842,0,0
-490,-2519,-969,-1377,-4439,-16456,0,0
-4,484,-2477,-1988,567,-12213,0,0
1078,2477,-2256,498,750,-9491,0,0
312,4207,-2234,1804,1440,-6813,0,0
2188,4422,-2929,-38,2191,-1505,0,0
6083,3172,-4293,-3115,2150,2033,0,0
7054,1420,-6021,-4575,2935,3800,0,0
4921,-532,-7489,-5679,3974,4458,0,0
4100,-2269,-7740,-4983,4869,5197,0,0
3368,-3835,-7159,-5187,4243,4953,0,0
-435,-4520,-5522,-5527,5394,3207,0,0
-428,-5136,-3936,-3553,5145,1568,0,0
266,-5574,-2728,-4719,4778,-1071,0,0
201,-6960,-1884,-6969,5392,-2636,0,0
-616,-4017,-1151,-9331,5562,-5073,0,0
-940,-2821,-695,-10619,6069,-5006,0,0
-293,-1991,-616,-10928,6727,-7075,0,0
1867,-1135,-104,-9540,4627,-9025,0,0
-101,1860,785,-11463,5261,-7523,0,0
-3509,4418,2476,-10088,11193,-6439,0,0
-2196,4781,4264,-9532,11739,-3192,0,0
-793,4378,5373,-8157,8890,961,0,0
-395,3832,5684,-5005,5153,1690,0,0
-356,3078,5961,-4320,3867,2569,0,0
1034,2124,5777,-5923,4192,3952,0,0
811,1555,5414,-6325,4001,3773,0,0
-169,1157,5838,-7094,3781,4029,0,0
-733,414,6431,-7351,2262,4079,0,0
-2190,-644,6746,-5716,1445,2843,0,0
-2694,-1460,6183,-5840,87,2204,0,0
-3813,-1891,5295,-4127,-2810,-944,0,0
-4449,-2411,4212,-331,-7154,-6342,0,0
-3256,-2690,1631,-354,-9685,-14795,0,0
-2180,-371,-2521,-3193,-575,-16895,0,0
444,624,-3655,-215,2451,-10559,0,0
1653,2020,-2399,2593,976,-9559,0,0
1897,3673,-2966,1695,107,-4942,0,0
1366,4095,-3838,-1854,1485,-2,0,0
3691,3421,-4886,-4349,2818,2152,0,0
5558,1935,-6226,-5087,3131,2948,0,0
5473,224,-6870,-4668,2894,3674,0,0
5129,-1422,-6924,-4342,2405,4099,0,0
1962,-2534,-6114,-4905,3224,3693,0,0
735,-3124,-5127,-4642,4015,2948,0,0
767,-4059,-4313,-5091,3871,1451,0,0
-131,-4390,-3169,-7872,4534,-18,0,0
-487,-4556,-2522,-8789,6001,-1805,0,0
-555,-4329,-2455,-10751,7124,-2725,0,0
-517,-3743,-2329,-12083,9455,-3957,0,0
927,-3402,-1435,-9043,8065,-8085,0,0
3443,-1774,67,-8450,3732,-16379,0,0
-985,1969,1416,-7500,6196,-8219,0,0
-3072,4377,3004,-8798,10929,-5386,0,0
-2538,4303,5226,-11533,14701,-2982,0,0
395,2861,6723,-11650,11454,2201,0,0
-866,2163,7568,-7587,7270,3033,0,0
-1710,1302,8630,-5961,6154,3179,0,0
523,142,8374,-7018,5235,3891,0,0
1160,-240,7410,-7504,4321,4283,0,0
-163,-303,6708,-9596,3453,4771,0,0
-2409,-1049,5857,-8680,-199,3352,0,0
-2574,-2270,4811,-5699,-2213,2436,0,0
-2899,-2295,3715,-6241,-2347,-1260,0,0
-3440,-1657,2745,-3122,-3388,-7299,0,0
-2330,-922,1080,-2383,-6815,-13308,0,0
-1522,357,-1300,-71,-3312,-13401,0,0
3312,175,-3610,1448,-1079,-9302,0,0
2530,1663,-4491,836,1349,-8867,0,0
-352,4234,-3616,2907,4864,-5295,0,0
1205,5197,-2869,1807,5872,-1402,0,0
4069,4354,-3139,-471,3750,1962,0,0
5688,2703,-3966,-2925,2601,3600,0,0
6861,519,-5907,-4992,2785,3805,0,0
6680,-1802,-7349,-5029,2881,4478,0,0
5433,-3780,-7183,-4855,2774,4237,0,0
3102,-4957,-5835,-4753,3236,2934,0,0
1642,-5432,-4140,-5050,3191,2226,0,0
46,-5381,-2586,-5271,3547,776,0,0
-1234,-4860,-1863,-6064,3957,-776,0,0
-1525,-4212,-1278,-9355,4854,-2040,0,0
-1892,-3361,-594,-12692,6696,-4532,0,0
-619,-2761,-571,-11782,11058,-9877,0,0
5230,-1730,-358,-7886,4069,-15144,0,0
-1128,2178,1799,-7533,6569,-5613,0,0
-3857,4096,3509,-8694,12689,-3733,0,0
-2246,3315,5666,-11325,16050,-2434,0,0
1053,1884,7432,-12338,13296,2260,0,0
-270,1247,8296,-9233,8746,3776,0,0
-1628,334,8465,-5871,5920,3577,0,0
479,-659,7941,-5550,4451,4721,0,0
1138,-1135,7304,-5649,3940,5091,0,0
254,-1471,6728,-5985,3779,4240,0,0
-1239,-1188,6329,-8337,2229,4453,0,0
-3653,-1102,5714,-7988,707,1901,0,0
-3924,-1587,4389,-7479,-335,-1305,0,0
-3070,-1736,2747,-7405,-2285,-5942,0,0
-973,-1686,513,-5001,-5041,-11945,0,0
822,-535,-1515,-1357,-6164,-13627,0,0
2558,345,-3336,1424,-4812,-10257,0,0
1394,2048,-4890,931,24,-8065,0,0
-1309,4039,-4801,897,5754,-6227,0,0
1740,4680,-4406,-70,6762,-2320,0,0
5867,4033,-5291,-3678,5357,1784,0,0
5662,2685,-6678,-6643,5650,4446,0,0
5719,426,-8002,-5953,5419,5384,0,0
6369,-2168,-7996,-4669,4068,4833,0,0
4381,-4144,-6511,-4559,3615,3069,0,0
1735,-4773,-4516,-3782,3175,1739,0,0
23,-4641,-2832,-3706,3321,604,0,0
-531,-4688,-2041,-4834,4865,-839,0,0
306,-4613,-1488,-10343,5870,-1839,0,0
193,-3993,-943,-12807,6176,-3427,0,0
-197,-3366,-753,-9691,5241,-6026,0,0
3121,-3015,-9,-9600,6386,-10935,0,0
5701,-337,601,-13796,261,-11398,0,0
-3805,4067,2521,-11205,6349,-6361,0,0
-7331,6110,4373,-5721,12220,-4960,0,0
-3800,4690,6268,-7784,13447,-1894,0,0
1724,3061,7003,-7676,9559,2885,0,0
792,2532,8171,-8156,8787,5426,0,0
375,1488,8872,-10383,9251,5411,0,0
832,629,9102,-11160,8200,5094,0,0
-517,-8,9146,-11279,6758,5677,0,0
-2806,-676,8259,-11857,3416,3667,0,0
-4704,-1415,6068,-6921,-2794,-1237,0,0
-5502,-2156,4442,-4274,-5733,-6510,0,0
-4182,-1991,2411,-4374,-5730,-10428,0,0
-5005,586,-242,-5379,-694,-14715,0,0
-296,1371,-1969,499,1776,-3960,0,0
2034,123,-2966,1210,814,-5377,0,0
457,1170,-2962,2901,2328,-6915,0,0
910,2212,-3200,3170,4710,-7354,0,0
2199,3280,-3100,2443,4792,-4685,0,0
1810,4137,-2596,-220,4124,-2538,0,0
3631,4435,-3391,-2606,3592,-594,0,0
5105,4077,-5153,-5271,3646,1728,0,0
4452,3131,-6398,-6527,4468,3175,0,0
5956,1560,-7592,-6296,4850,4175,0,0
6108,-577,-7998,-4797,3951,4597,0,0
3324,-2370,-6839,-4103,4512,3264,0,0
1600,-3166,-4845,-2800,3954,3379,0,0
596,-3639,-3171,-2832,4107,2130,0,0
-859,-3554,-2572,-4282,4764,437,0,0
-2422,-2958,-1920,-5496,5753,-1017,0,0
-4117,-2028,-1058,-8257,9159,-2248,0,0
-4701,-1253,-460,-11135,15824,-4780,0,0
-1267,-1413,523,-6911,16245,-6038,0,0
1445,-826,3483,-7568,12950,-2658,0,0
-718,86,5292,-9416,12014,282,0,0
-1014,-136,5885,-9448,11365,2330,0,0
1274,-804,5844,-8650,7633,3842,0,0
1271,-1292,5874,-6121,4503,5214,0,0
-604,-1862,6571,-5274,3936,5045,0,0
-36,-2859,6872,-5359,3479,4615,0,0
1392,-3390,6517,-6027,3055,4949,0,0
208,-3343,6568,-6865,3622,4040,0,0
-259,-2990,6381,-7129,2258,2255,0,0
-1670,-2371,5655,-6024,82,404,0,0
-2781,-1811,4276,-4437,-3170,-3582,0,0
-3150,-1323,3207,-1186,-6255,-8369,0,0
-1814,-1178,801,-1646,-6711,-15078,0,0
-1064,524,-2041,-2209,-1037,-12857,0,0
2017,620,-4287,-2655,935,-8607,0,0
2786,2014,-5054,-4674,1248,-7390,0,0
1392,4310,-5177,-5766,2263,-2141,0,0
917,5497,-4954,-6862,3920,1504,0,0
3296,5181,-5191,-7248,4435,3869,0,0
3766,4055,-5929,-7141,3543,4835,0,0
1240,2825,-5576,-5094,3630,4375,0,0
2166,1077,-5230,-3768,3868,4578,0,0
2580,-1074,-5842,-5533,4132,4275,0,0
1583,-2220,-6272,-7911,6777,3668,0,0
348,-2379,-6569,-10847,9374,2924,0,0
-2127,-1825,-5737,-11037,13194,735,0,0
-2952,-1857,-4053,-6673,18204,-2740,0,0
-1006,-2066,-1392,-1656,22776,-6007,0,0
1043,-1206,2653,-4549,19973,-4255,0,0
-200,-58,6116,-10519,15543,753,0,0
-6,-661,7180,-12684,12153,4236,0,0
1748,-1710,7111,-10935,7466,5656,0,0
1439,-2151,6925,-6869,3537,5070,0,0
1011,-2635,7041,-4686,2465,4031,0,0
1561,-2784,6992,-4756,2132,3820,0,0
969,-2599,6576,-5067,2276,3882,0,0
-252,-2165,5814,-6122,2066,4034,0,0
-2403,-1906,4982,-5276,756,2806,0,0
-2142,-2008,4030,-4610,131,680,0,0
-1329,-1794,2887,-5368,-1508,-2075,0,0
-1376,-1130,1885,-4390,-2750,-5851,0,0
-1160,-505,911,-2335,-3683,-9021,0,0
-6,-398,-577,1741,-5054,-11934,0,0
1610,148,-2642,4049,-2875,-12705,0,0
1657,1344,-4234,2721,577,-11651,0,0
1296,3324,-4386,-1265,3007,-6811,0,0
1158,4996,-3859,-3994,3182,-1617,0,0
2145,5473,-4364,-6265,3443,2456,0,0
3880,4440,-5458,-6643,4433,4097,0,0
6102,2369,-6452,-5742,3863,4560,0,0
3965,804,-6170,-4408,2817,4457,0,0
1518,-302,-5315,-3239,3358,4237,0,0
2350,-2093,-5310,-3253,3700,2806,0,0
2362,-3269,-4629,-3264,4220,1066,0,0
1467,-3717,-3650,-6098,4743,613,0,0
329,-4211,-3591,-9102,6383,-1108,0,0
-4,-4049,-3615,-10744,7773,-1335,0,0
1287,-4363,-3060,-11363,9464,-5833,0,0
2773,-3950,-1490,-11192,7664,-9994,0,0
1323,-1392,314,-10472,6596,-14839,0,0
-2739,3179,1847,-9239,7958,-10943,0,0
-6939,1773,4512,-6325,13166,-3060,0,0
-1665,3412,6891,-6325,12579,479,0,0
1780,1876,8096,-8252,7626,4290,0,0
153,1284,8747,-7689,6519,3931,0,0
856,833,8428,-8787,6242,3797,0,0
0,637,7936,-9697,6689,4126,0,0
-1263,138,7304,-9223,6226,3480,0,0
-2601,-313,6853,-8639,4733,2425,0,0
-4790,-957,6044,-5434,33,8,0,0
-4960,-2578,5058,328,-5815,-4997,0,0
-2427,-3229,3128,2195,-7691,-10410,0,0
-1089,-2816,-160,-1441,-5103,-15415,0,0
-715,-536,-1671,-4089,131,-14577,0,0
2533,1834,-1635,-5558,-1102,-7579,0,0
1845,3917,-2474,-6615,-1348,-3226,0,0
2318,4429,-3458,-6835,1003,1569,0,0
3976,3285,-4723,-6158,2903,2852,0,0
4807,1982,-5773,-5688,3715,3441,0,0
5582,314,-6465,-4886,4082,3412,0,0
4525,-1412,-6756,-3536,4114,2511,0,0
1448,-2331,-6240,-5639,5832,1889,0,0
-439,-3000,-7282,-10566,10959,492,0,0
-979,-3458,-8712,-15277,15153,-565,0,0
16,-3901,-7964,-12252,14108,-2891,0,0
32,-3535,-5559,-6112,9562,-1519,0,0
564,-3510,-3872,-330,8421,-5658,0,0
3121,-3243,-1841,-1220,10174,-12658,0,0
6108,-1231,81,-4630,886,-6388,0,0
2616,1109,655,-2934,-470,1036,0,0
356,1779,197,-6425,1228,1861,0,0
-1469,1733,535,-10154,3497,-1446,0,0
-3414,1824,1851,-7192,8134,-5743,0,0
-3801,2112,4189,-8323,12834,-5693,0,0
-3937,1765,6784,-8507,15551,-2865,0,0
-2818,709,8249,-6539,14271,296,0,0
398,-233,8620,-7457,9306,2879,0,0
2367,-468,8280,-8112,5223,6626,0,0
1524,-595,8003,-7974,4624,6642,0,0
1015,-983,7771,-8520,4983,4879,0,0
548,-666,6995,-9030,2764,3923,0,0
-2277,-494,5513,-8604,179,1198,0,0
-4152,-456,3962,-7059,-2165,-563,0,0
-4995,-978,3122,-4419,-3768,-4468,0,0
-3480,-2298,1796,-194,-7142,-11623,0,0
-2321,-2864,-518,691,-5231,-16261,0,0
166,800,-2727,3798,1273,-11638,0,0
1387,1587,-3439,4658,3142,-10431,0,0
1017,3444,-2484,2001,2663,-5083,0,0
2661,4308,-2450,-1934,2023,-1367,0,0
4790,4143,-3728,-4225,1826,1696,0,0
4745,3065,-4741,-4834,1493,3116,0,0
5368,1260,-5133,-4261,1134,3547,0,0
5403,-521,-5494,-4095,931,3475,0,0
2976,-1618,-5261,-4036,1715,3201,0,0
1005,-2225,-4802,-4574,3477,2212,0,0
374,-2930,-4528,-4574,5265,487,0,0
261,-3456,-4403,-5431,6400,436,0,0
-578,-3729,-4577,-9247,8127,-32,0,0
-373,-3924,-5157,-9698,9071,-704,0,0
-901,-3646,-4054,-10014,8818,-1877,0,0
-871,-3403,-2382,-8448,10402,-4715,0,0
1035,-2945,-1114,-9924,10771,-10731,0,0
1042,-478,1358,-9616,10588,-14329,0,0
-4329,4317,4034,-7480,12034,-6463,0,0
-4841,4333,6525,-5386,15650,129,0,0
1523,1441,7617,-7838,10132,4281,0,0
1722,555,8995,-9340,7442,6990,0,0
1040,-372,9000,-8381,6496,5381,0,0
1769,-647,8443,-9547,6422,6243,0,0
1241,-919,7899,-10756,6688,5908,0,0
70,-1081,6989,-10089,4501,3722,0,0
-2236,-817,6056,-7420,-20,127,0,0
-3671,-669,5003,-4307,-3576,-3814,0,0
-4597,-499,4242,-3330,-6108,-6225,0,0
-3560,-1295,2198,-779,-6751,-11088,0,0
-988,-993,-1828,-1009,-2504,-14738,0,0
1351,458,-2428,306,672,-9212,0,0
2518,2100,-2069,2327,-739,-7869,0,0
236,4093,-2577,2645,678,-5252,0,0
979,4668,-2264,1848,1992,-1050,0,0
5447,3957,-3210,-1100,1396,1341,0,0
6611,2429,-4971,-4086,1690,1888,0,0
5917,923,-6142,-5758,3407,2971,0,0
6431,-740,-6966,-5213,3238,3451,0,0
4694,-2081,-6634,-4875,2542,3191,0,0
1860,-2976,-5520,-4254,3452,2896,0,0
1633,-3999,-4474,-3724,3762,1938,0,0
1741,-4780,-3300,-4434,4006,124,0,0
1644,-5037,-2530,-6738,3666,-1279,0,0
700,-4630,-2246,-9715,3970,-3519,0,0
-978,-3728,-1840,-11445,4014,-2458,0,0
-2108,-3039,-2190,-10762,7617,-3813,0,0
1478,-3293,-2376,-7998,8311,-6825,0,0
2285,-2029,305,-8769,5762,-14672,0,0
-2843,1916,3025,-6491,9555,-10427,0,0
-3678,3960,4904,-8652,12655,-3982,0,0
-2503,3336,6542,-11661,14336,-841,0,0
616,1466,7345,-11003,11151,3097,0,0
2325,723,7095,-7253,6051,4343,0,0
393,564,7113,-4914,4086,3478,0,0
57,54,7008,-5241,4151,3981,0,0
1771,-593,6045,-5486,3490,4894,0,0
547,-874,5487,-6064,3193,4030,0,0
-1667,-712,5631,-7032,1939,3327,0,0
-3361,-1013,5688,-6334,988,1408,0,0
-3077,-1751,4746,-4793,-1443,-2788,0,0
-2336,-1770,3938,-1834,-5672,-4909,0,0
-2752,-1180,2775,-1413,-6736,-9744,0,0
-1521,-215,-302,-1667,-4653,-13781,0,0
2955,197,-3120,307,-1233,-9574,0,0
2709,1357,-3766,910,-780,-9306,0,0
707,3885,-3864,949,1540,-5674,0,0
822,4759,-3518,-247,3592,-2125,0,0
3784,3841,-4153,-2901,3679,1518,0,0
5848,2253,-5468,-5401,3729,2907,0,0
5772,451,-6877,-5719,3693,3503,0,0
5001,-3336,-7410,-5477,3151,3780,0,0
3674,-2427,-6894,-5348,2891,3484,0,0
960,-2985,-6167,-4932,4253,2319,0,0
147,-3356,-5083,-4001,5092,1659,0,0
1034,-4061,-3605,-5251,6166,-626,0,0
943,-4461,-2449,-5979,5490,-2746,0,0
364,-3945,-1675,-9138,5864,-3475,0,0
-161,-3053,-1381,-11707,6640,-3410,0,0
683,-2850,-1304,-7828,4193,-4418,0,0
1310,-2357,162,-6604,4278,-7594,0,0
1240,51,377,-8571,3125,-9527,0,0
-2468,2546,1477,-8043,7994,-5612,0,0
-2558,3482,3061,-8978,9358,-3964,0,0
-1980,3195,4880,-9837,11091,-1891,0,0
1020,2066,5489,-8571,8490,852,0,0
1600,1711,5425,-4368,5034,2829,0,0
-82,1491,5680,-2687,4014,2865,0,0
291,902,6012,-4062,3964,3230,0,0
1093,181,6019,-4336,3489,3885,0,0
937,-382,6182,-5176,4128,3863,0,0
755,-489,6286,-6266,3473,3744,0,0
-1072,-438,6291,-5743,1874,2409,0,0
-3069,-790,5799,-4002,-140,1040,0,0
-3769,-1414,4743,-45,-3854,-2270,0,0
-3688,-1714,3720,1912,-5290,-5606,0,0
-2695,-1659,1758,1640,-3095,-8588,0,0
-1981,-1015,-3440,-542,944,-15366,0,0
1107,133,-2270,465,4736,-11382,0,0
3890,1040,-1986,36,-319,-9664,0,0
2525,3342,-2840,-1918,-1606,-6593,0,0
2317,4718,-4223,-4278,509,-1056,0,0
2808,4805,-4647,-6402,2371,2242,0,0
5026,3891,-5533,-6673,3134,4099,0,0
6919,1654,-6993,-5842,3152,4771,0,0
5011,-613,-6921,-4844,3349,4539,0,0
2671,-2234,-5689,-3997,3762,3565,0,0
1393,-3413,-4537,-3163,4049,1734,0,0
734,-4122,-3569,-4190,5388,963,0,0
1172,-5159,-3108,-7686,6010,-158,0,0
18,-5492,-3195,-10651,8520,-2581,0,0
-470,-4873,-2998,-11481,7642,-2535,0,0
-950,-4162,-1478,-10645,7746,-6013,0,0
904,-3569,-1012,-7510,6434,-8068,0,0
3821,-2412,-712,-7143,3555,-10944,0,0
1813,872,557,-8308,2092,-11667,0,0
-4519,4716,2213,-8751,8063,-6519,0,0
-3913,5268,4088,-9484,13033,-3048,0,0
76,3781,4958,-9941,10208,452,0,0
-278,2903,5635,-7169,7168,2550,0,0
-1001,2171,6208,-4288,5066,2401,0,0
-997,1275,6737,-4158,4537,3142,0,0
-172,125,6768,-5650,4461,3418,0,0
342,-624,6317,-5356,3829,3460,0,0
272,-953,5989,-5790,3427,3567,0,0
-843,-891,5876,-6585,2251,3170,0,0
-2753,-864,5508,-5713,749,1373,0,0
-3903,-1396,4496,-3971,-1923,-2045,0,0
-3780,-1685,3582,-2341,-5547,-5879,0,0
-2101,-1977,2215,-1503,-7508,-11581,0,0
155,-717,-1096,-1469,-5584,-14752,0,0
2228,509,-2959,1269,-916,-10770,0,0
1321,2224,-2872,3301,-57,-8727,0,0
862,3991,-3256,2633,1578,-4694,0,0
2020,4143,-3737,-1455,2853,-648,0,0
3619,3569,-4191,-3918,2845,1614,0,0
6015,2269,-5532,-4903,2321,2716,0,0
5371,585,-6489,-5513,1945,3112,0,0
4064,-314,-6137,-4872,2153,3625,0,0
2954,-1259,-5905,-4436,2232,3734,0,0
1283,-2462,-5683,-5362,3605,2815,0,0
1612,-3547,-4946,-4781,4681,727,0,0
1816,-4125,-3591,-4065,5224,-1407,0,0
116,-3863,-2306,-8315,5729,-2036,0,0
-1703,-3265,-2179,-11763,8080,-2939,0,0
-219,-3354,-3166,-10100,7806,-2886,0,0
1600,-3699,-2564,-7215,6001,-4073,0,0
1905,-3203,-662,-7340,6040,-6478,0,0
2651,-1679,639,-8922,6381,-10825,0,0
375,1757,1770,-9447,5522,-10159,0,0
-3555,4782,2981,-10071,9743,-6744,0,0
-996,4350,4053,-10867,10245,-2652,0,0
818,3643,4932,-8214,6729,118,0,0
-1126,3794,5813,-5483,5064,1175,0,0
-821,3267,6386,-7128,5123,2792,0,0
328,2111,6264,-7726,4423,3640,0,0
83,1251,6743,-8134,4767,3430,0,0
-227,653,7291,-9090,4014,3548,0,0
-1757,133,7319,-7852,1880,2749,0,0
-2639,-599,6577,-6006,48,1322,0,0
-3965,-990,5513,-4247,-3781,-284,0,0
-6162,-1303,4708,-65,-7984,-4371,0,0
-4659,-1956,2170,2037,-7886,-10272,0,0
-1931,-1619,-2009,-1190,-1749,-14582,0,0
-586,-67,-2485,782,2436,-14790,0,0
2497,1637,-1934,2325,-498,-10388,0,0
1397,3852,-2747,-1291,-585,-4249,0,0
745,4980,-3316,-4297,1270,120,0,0
3317,4156,-4255,-5207,1877,1574,0,0
5913,2668,-5572,-6027,2515,2216,0,0
7570,783,-6820,-5687,2329,3367,0,0
5245,-789,-6878,-5534,1986,3848,0,0
796,-1507,-5696,-5033,3494,3326,0,0
659,-2466,-5088,-4268,4536,1916,0,0
1673,-3590,-4700,-6379,5316,1147,0,0
865,-4104,-4556,-9142,6481,140,0,0
-7,-4365,-4716,-11848,8592,-1346,0,0
754,-4632,-3927,-11053,8392,-2731,0,0
-402,-4403,-1863,-8980,10362,-7075,0,0
1232,-3465,-442,-8105,10958,-12456,0,0
1818,-610,1021,-7671,7817,-14277,0,0
-3065,3586,3426,-8593,10521,-7703,0,0
-2386,4066,5147,-11757,12798,-2252,0,0
1079,2854,6124,-12348,9148,1606,0,0
-527,2480,6545,-8065,5613,3228,0,0
-2747,1604,6975,-4995,4397,3388,0,0
-950,-82,7051,-4793,3644,4063,0,0
298,-1160,6818,-5314,3111,4167,0,0
67,-1715,6396,-5418,2867,3546,0,0
255,-2013,5821,-6148,2553,3417,0,0
-315,-1926,5313,-6667,1212,2363,0,0
-1763,-1429,4763,-5155,-1258,687,0,0
-3411,-1027,3855,-2665,-3398,-2141,0,0
-4259,-1162,3094,-663,-4587,-6114,0,0
-1691,-2033,1394,227,-6899,-10475,0,0
-753,-766,-1410,-84,-3419,-14111,0,0
1618,624,-3342,1808,1851,-9495,0,0
2549,1795,-3183,2782,1175,-8633,0,0
1109,3656,-3035,1615,1300,-5491,0,0
2018,3984,-3361,-1093,1172,-1362,0,0
4411,3201,-4367,-3394,1318,1756,0,0
5934,1796,-6158,-5051,1947,3492,0,0
6261,-566,-7244,-5299,2683,3887,0,0
5869,-2467,-6746,-5151,2836,4229,0,0
2639,-3508,-5622,-5574,3028,3513,0,0
-283,-3960,-4718,-6330,4171,1689,0,0
40,-4340,-3833,-5501,5094,-354,0,0
1025,-4750,-2819,-6751,4125,-2439,0,0
-617,-4396,-1899,-9461,4524,-3001,0,0
-2167,-3539,-2019,-11334,6737,-4582,0,0
-574,-3252,-2453,-9225,7414,-5110,0,0
-25,-2599,-1498,-9030,6752,-6158,0,0
-402,-1503,18,-6589,7467,-10204,0,0
357,1007,403,-7328,4116,-9686,0,0
-3966,4031,2299,-8865,8834,-6236,0,0
-4180,4515,4567,-10695,12080,-4700,0,0
-1895,3380,5685,-9904,9441,-187,0,0
-2057,2297,7031,-6814,7113,2503,0,0
-2439,1395,7672,-6736,5664,3356,0,0
-615,101,7419,-8242,4837,3616,0,0
627,-685,6974,-9137,3974,3492,0,0
-548,-783,6996,-9779,3641,3660,0,0
-2286,-1073,7038,-9271,2453,3420,0,0
-3609,-2148,6525,-7511,1512,492,0,0
-3422,-2913,5185,-5003,-2116,-1636,0,0
-4211,-3171,4606,-2002,-6041,-5594,0,0
-2534,-3075,2883,-12,-7911,-10688,0,0
-1477,-1373,-1265,-2210,-5165,-17060,0,0
390,574,-3193,556,1951,-11380,0,0
2947,1414,-3061,2843,-434,-10033,0,0
1623,3645,-3655,802,-128,-6367,0,0
675,5223,-4149,-3428,1327,-653,0,0
2595,5170,-4655,-6171,2194,1952,0,0
6775,3292,-6353,-6830,3336,2800,0,0
9517,150,-7121,-5085,2012,4114,0,0
6501,-2108,-5738,-4418,1002,3654,0,0
2241,-3063,-4544,-4898,2974,2995,0,0
1125,-3907,-3983,-5178,3476,2287,0,0
1381,-4782,-3184,-6003,4584,-452,0,0
1015,-7160,-2486,-9287,4220,-1308,0,0
-658,-5224,-2374,-12447,6439,-2805,0,0
-1511,-4566,-2990,-13148,7887,-4654,0,0
-675,-4290,-2473,-7447,7698,-5871,0,0
255,-3333,-619,-7866,7602,-10363,0,0
984,-770,205,-6542,6755,-17088,0,0
-1710,2893,1564,-6392,8687,-8190,0,0
-3290,4903,3333,-9996,11424,-4930,0,0
-3359,4345,5677,-13774,13585,-1505,0,0
-716,2333,7135,-13345,10099,2030,0,0
-1731,1068,7364,-8380,6270,3032,0,0
-1842,-193,7300,-6061,4464,2599,0,0
1348,-1094,6945,-5531,2321,3364,0,0
2142,-1235,6203,-4142,895,4021,0,0
311,-1160,5993,-5234,1221,4662,0,0
-2572,-981,5912,-6774,230,5032,0,0
-3714,-1959,5262,-4575,-326,2262,0,0
-2174,-2604,3663,-3253,-204,-292,0,0
-2715,-2455,2002,-3190,-549,-5039,0,0
-1741,-1874,1392,-2860,-763,-9986,0,0
897,-1091,551,-934,-4962,-13601,0,0
1267,1063,-1209,768,-3759,-11680,0,0
1075,2412,-3145,3236,-766,-10713,0,0
1451,3764,-3531,2061,1925,-5535,0,0
2384,4560,-3936,-1009,2305,-1857,0,0
4379,4379,-4550,-3599,2199,1708,0,0
7353,2667,-8144,-5710,2523,4376,0,0
7440,-22,-7584,-4850,2378,4926,0,0
5427,-2138,-6707,-4639,2019,4150,0,0
3070,-3459,-4572,-5270,2208,2634,0,0
1007,-4071,-3696,-5283,3106,935,0,0
1512,-4412,-3643,-5174,3500,-60,0,0
2370,-4694,-2783,-6674,2884,-1638,0,0
206,-4603,-1953,-10627,3123,-2804,0,0
-2378,-4362,-1546,-14518,6700,-3471,0,0
322,-4671,-2005,-10338,6421,-5724,0,0
697,-3873,-884,-9592,4978,-8555,0,0
697,-1800,388,-10370,5569,-16116,0,0
-1354,2389,455,-10294,4683,-11600,0,0
-5750,5540,2294,-10387,10633,-5690,0,0
-3632,4833,4561,-9493,10299,-3186,0,0
-1666,3344,6161,-8126,6982,1606,0,0
-2486,2596,7254,-6863,5631,3018,0,0
-2259,1458,7787,-8459,5889,2593,0,0
772,195,7159,-10077,4712,2540,0,0
1293,-119,6802,-9930,3820,2981,0,0
-548,-210,7008,-9408,3116,2804,0,0
-2722,-544,7181,-8481,2071,2322,0,0
-3881,-1534,6746,-6024,-359,561,0,0
-4514,-2642,6287,-2536,-6172,-1943,0,0
-5382,-2892,5465,-1283,-8924,-7434,0,0
-2513,-2101,555,-2693,-9489,-16786,0,0
-1494,372,-3025,-2000,1382,-15375,0,0
2566,827,-3102,808,1394,-10294,0,0
2842,2548,-2872,385,-511,-6799,0,0
2216,3953,-3959,-2633,563,-1766,0,0
3125,3472,-5326,-4913,1911,1482,0,0
5536,1779,-6786,-6506,3170,3212,0,0
7873,-1065,-7913,-5934,2724,4410,0,0
5070,-2777,-6911,-5934,2380,3897,0,0
737,-2987,-5481,-6020,4247,3268,0,0
425,-3837,-4962,-6124,4916,1956,0,0
674,-4757,-4067,-5904,4742,-92,0,0
666,-4995,-2985,-7470,5190,-2568,0,0
-1206,-4110,-2142,-10618,5679,-3349,0,0
-2788,-3249,-2399,-13057,9356,-5664,0,0
421,-3651,-2439,-9965,8726,-8353,0,0
761,-2593,-837,-9243,8285,-12797,0,0
-1770,697,1497,-7919,10817,-14031,0,0
-4119,3858,3503,-8836,12508,-8350,0,0
-3314,4009,5735,-10065,12760,-2487,0,0
-774,2807,7017,-9397,9180,327,0,0
-1000,1959,7325,-7807,6413,2440,0,0
30,877,7372,-8136,5379,2952,0,0
2780,390,6621,-8482,4137,3226,0,0
2488,892,5593,-10340,3233,3153,0,0
-2141,1491,5282,-9212,587,3663,0,0
-6259,487,6156,-6437,1591,2181,0,0
-4453,-1789,5952,-6837,376,1379,0,0
-3075,-3805,5412,-3138,-4583,-2081,0,0
-2661,-3931,4230,1268,-9254,-7888,0,0
-2764,-1784,525,-1832,-7071,-14377,0,0
-2969,354,-1740,-172,-240,-16961,0,0
2404,1137,-2469,2837,-496,-12492,0,0
2458,2812,-3272,90,-804,-6997,0,0
852,4454,-3704,-3333,1550,-2480,0,0
3511,4351,-4415,-5563,2782,1321,0,0
6856,2796,-6019,-6592,3545,2942,0,0
8655,287,-7269,-6182,3128,3377,0,0
7202,-1778,-6875,-5583,2939,3715,0,0
3895,-3116,-5931,-5313,3194,3038,0,0
1448,-3946,-4681,-5600,3804,2465,0,0
960,-4781,-3348,-5971,4108,1126,0,0
384,-5242,-2240,-6911,4903,-1039,0,0
-186,-5095,-1671,-10695,6010,-2968,0,0
-2032,-4349,-1734,-12960,8159,-5769,0,0
-2204,-3342,-1642,-11216,11979,-11050,0,0
-926,-1558,-225,-7475,13496,-15885,0,0
-1614,1457,2610,-7046,13312,-12393,0,0
-1559,3297,4676,-9728,12929,-5365,0,0
229,2731,5960,-11087,11360,-276,0,0
644,1801,6594,-8219,7581,2891,0,0
-685,1311,6794,-5626,5810,3637,0,0
-412,491,6908,-5920,5299,3804,0,0
715,-205,6664,-5957,4247,3927,0,0
869,-509,6443,-6076,3785,3232,0,0
454,-516,6299,-7713,3452,2658,0,0
-1565,-262,6095,-8389,1400,1810,0,0
-3112,-729,5365,-6241,-935,-483,0,0
-3886,-1244,4635,-3656,-5452,-3500,0,0
-3594,-1993,3673,272,-8308,-9054,0,0
-1677,-901,-207,-1826,-8805,-16925,0,0
1359,217,-3242,812,430,-11386,0,0
3511,535,-3582,2199,-1070,-10307,0,0
1499,2964,-3998,-540,49,-5557,0,0
564,4620,-4394,-4319,2287,-531,0,0
3255,4117,-5023,-6001,2821,2358,0,0
6389,1939,-6152,-5643,2047,3134,0,0
6982,-547,-6562,-5316,2099,3669,0,0
4499,-1916,-6221,-5549,2404,3844,0,0
882,-2429,-5328,-5624,3319,3181,0,0
10,-3083,-4478,-5387,4789,733,0,0
181,-3428,-3941,-5611,4894,-849,0,0
-2228,-2668,-3327,-8480,7200,-2662,0,0
-4008,-1591,-3879,-10257,10641,-3736,0,0
-4193,-874,-3753,-7638,16366,-5660,0,0
-2245,-538,-1824,-3256,19602,-7156,0,0
-1740,248,1467,-2242,19465,-4985,0,0
-731,669,4181,-6527,15234,-1450,0,0
357,47,5815,-10102,11672,1252,0,0
355,-753,6384,-9127,7930,2671,0,0
-862,-1325,6863,-5720,5060,3132,0,0
-542,-1979,7230,-5527,4376,3354,0,0
923,-2468,6977,-6566,3754,4110,0,0
1015,-2628,6466,-6496,3332,3661,0,0
138,-2338,6059,-7728,2750,3250,0,0
-1670,-2037,5650,-6553,15,1607,0,0
-2600,-1760,4904,-5084,-229,-253,0,0
-3031,-1295,4048,-5085,-2896,-4801,0,0
-1709,-1065,2659,-1126,-5952,-9613,0,0
-1560,-11,211,-1938,-7131,-14391,0,0
977,902,-2236,257,-1739,-11772,0,0
3597,1421,-4286,1905,-945,-11134,0,0
1757,3780,-4625,982,1945,-6214,0,0
797,5559,-4274,-1721,3386,-1746,0,0
3617,5506,-4800,-5053,3957,1993,0,0
8171,3330,-6698,-7861,4813,3584,0,0
9577,-129,-7471,-6105,3423,4858,0,0
6093,-2550,-5856,-5021,2136,4568,0,0
3264,-4014,-4671,-5893,2846,2702,0,0
1323,-4534,-3849,-5495,2685,1583,0,0
204,-4492,-3146,-5031,4108,-664,0,0
-523,-4031,-2447,-6131,3386,-1939,0,0
-3919,-2925,-1663,-8926,6989,-4415,0,0
-4019,-2073,-1298,-9145,14278,-8349,0,0
-905,-1324,-514,-5719,16980,-10703,0,0
-702,9,2463,-7358,16811,-7706,0,0
-1811,1014,4913,-7798,15090,-3186,0,0
-1446,1306,5852,-8936,12942,49,0,0
-1770,681,6495,-8403,10001,1826,0,0
801,-1816,7034,-6827,4743,4514,0,0
1296,-2014,7012,-7281,4035,4247,0,0
1407,-2080,6811,-7705,3617,3427,0,0
1073,-1646,6476,-8208,2291,3113,0,0
-1585,-874,6172,-7970,628,1993,0,0
-3658,-907,5426,-6507,-771,114,0,0
-4515,-1263,4532,-6134,-3409,-3542,0,0
-4019,-1907,2905,-4260,-10509,-12414,0,0
-2292,-11,-305,-1535,-5446,-15567,0,0
3940,223,-3654,636,-2419,-9643,0,0
1086,1836,-4358,2119,626,-9461,0,0
-421,4142,-4133,1364,4044,-5537,0,0
2269,4772,-4178,-1883,4515,-1149,0,0
5917,4245,-5437,-5425,3452,1946,0,0
6841,2553,-7169,-7773,3850,3733,0,0
6955,231,-7729,-6304,2872,4840,0,0
4666,-1459,-6399,-6002,1971,3690,0,0
693,-2250,-5090,-5990,3313,2486,0,0
142,-2721,-4870,-6110,4262,1194,0,0
-945,-2384,-4189,-4258,4621,-565,0,0
-3362,-1287,-3477,-6512,5746,-1607,0,0
-5752,-279,-2953,-6939,10509,-2394,0,0
-2172,-64,-3185,-7655,15251,-2436,0,0
-1062,-297,-1792,-4709,16617,-2909,0,0
-3391,-53,1552,-4026,18347,-1321,0,0
-3384,-217,3684,-6201,15140,807,0,0
-688,-1017,5126,-8085,12673,2239,0,0
-235,-1864,6111,-8851,10188,4782,0,0
-963,-2747,6610,-8317,7336,6049,0,0
-1969,-3877,7084,-7722,6452,4456,0,0
295,-4637,6991,-8800,5408,4404,0,0
2539,-4729,6658,-9013,3856,4190,0,0
1172,-4022,6388,-8940,2132,2891,0,0
-2053,-2631,5831,-8243,-1328,1739,0,0
-4474,-1882,5163,-7334,-1242,-264,0,0
-4054,-1510,4182,-7779,-1681,-4342,0,0
-2464,-1666,2431,-2414,-4652,-9355,0,0
-1717,-493,84,-1902,-5412,-16837,0,0
1235,1208,-2169,-143,-714,-10236,0,0
2773,1656,-4152,2717,842,-10853,0,0
1971,3682,-4593,1392,4166,-6717,0,0
1192,5275,-3759,-348,5262,-2850,0,0
4010,5447,-4052,-3099,4296,1258,0,0
6253,4354,-5330,-6994,4129,3426,0,0
6262,2446,-6447,-6743,4136,3711,0,0
5285,421,-6115,-3952,2541,3426,0,0
3687,-857,-4883,-4004,2650,2192,0,0
2211,-1470,-4411,-3617,4210,828,0,0
1303,-1478,-4011,-1966,4445,-246,0,0
-1483,-807,-2923,-305,6962,-1814,0,0
-2903,-308,-1793,-2139,10112,-2574,0,0
-1974,-543,-921,-6784,13883,-3447,0,0
-730,-709,-506,-2903,14788,-3123,0,0
-3946,-398,1633,-3185,17398,-2810,0,0
-4458,-454,3187,-3077,16896,-277,0,0
-2476,-3304,4241,-3790,13031,2852,0,0
-576,-2650,4985,-4598,8449,3645,0,0
219,-3373,5650,-5141,5413,3799,0,0
-312,-3638,6307,-6675,4438,3629,0,0
359,-3832,6257,-7554,3377,3139,0,0
379,-3517,5909,-7585,2002,2641,0,0
-827,-3139,5425,-6476,424,1381,0,0
-2055,-2257,4930,-6228,-1256,-561,0,0
-4160,-1116,4592,-5875,-2513,-2580,0,0
-4587,-1247,3545,-1552,-5091,-7969,0,0
-1551,-1368,894,-302,-7233,-12625,0,0
280,49,-2294,-2212,-2239,-12409,0,0
2145,750,-3585,1384,504,-9953,0,0
1980,2090,-4251,3308,2683,-9866,0,0
435,4250,-3742,813,4516,-4513,0,0
2541,5044,-3510,-2145,3837,-138,0,0
6016,4150,-5265,-5393,2844,2930,0,0
5526,2432,-6438,-6422,2372,4370,0,0
4464,939,-6179,-5714,1690,3748,0,0
2703,112,-5681,-5357,2061,2942,0,0
1124,-706,-5528,-4674,3398,2261,0,0
1819,-1673,-5159,-4967,3649,478,0,0
544,-1752,-4208,-2541,5387,-802,0,0
-1951,-934,-3224,-4256,6493,-800,0,0
-4115,-362,-2527,-6981,10096,-2363,0,0
-1956,-424,-2586,-7297,11748,-1167,0,0
-1061,-818,-1881,-3360,13475,-1946,0,0
-2706,-608,226,-2374,15481,-2088,0,0
-2186,-570,2520,-3235,15899,-405,0,0
-565,-798,4038,-5807,13726,1290,0,0
-1609,-1227,5335,-7564,12162,2762,0,0
-2318,-2375,5969,-8487,9743,3702,0,0
-1108,-3403,5997,-6394,5709,4611,0,0
-1823,-3828,6079,-5593,4325,4155,0,0
-404,-4271,5806,-7476,3862,3526,0,0
2344,-4620,5503,-7046,2640,3387,0,0
1481,-3963,5714,-7836,1057,2585,0,0
-1353,-2655,5624,-7140,-1073,1363,0,0
-3353,-1614,4624,-6913,-2552,-1319,0,0
-5050,-829,3407,-5781,-3333,-4004,0,0
-2845,-1587,1312,-2241,-3786,-10192,0,0
500,-1015,-1146,-1842,-5718,-15401,0,0
1651,1147,-2503,522,-2861,-8841,0,0
204,2573,-3495,4013,1103,-8569,0,0
753,3786,-4022,4553,4871,-5153,0,0
2412,4667,-3647,1711,5022,-2177,0,0
3211,5120,-3613,-1558,2999,-180,0,0
4899,4488,-4898,-5420,2843,1641,0,0
6988,2564,-6092,-6974,2668,3145,0,0
5402,709,-5696,-6277,1327,2694,0,0
2892,-394,-5245,-5807,2231,2725,0,0
1777,-1109,-5457,-5606,2132,3137,0,0
518,-1643,-5225,-4581,3304,1789,0,0
269,-1897,-4687,-4093,4471,343,0,0
-2313,-1357,-3220,-3847,7476,329,0,0
-5127,-516,-2088,-5724,14275,-1843,0,0
-3390,-224,-1132,-4721,19076,-1256,0,0
-730,-661,843,-1667,18459,149,0,0
-1654,-937,3657,-6073,16560,1406,0,0
-1333,-1346,4968,-7810,13963,4170,0,0
-428,-2045,5374,-8231,11546,3648,0,0
-614,-2598,5745,-7565,8535,3609,0,0
-702,-3096,5878,-6865,5161,2705,0,0
-1219,-3436,5734,-6627,3466,2115,0,0
-895,-3655,5623,-6644,2919,2796,0,0
-407,-3682,5438,-7265,1323,2983,0,0
-2420,-3699,5387,-7415,311,2488,0,0
-3045,-4049,4764,-5779,106,-113,0,0
-1856,-3531,3529,-7256,-871,-2319,0,0
-2677,-2480,2686,-3794,-2381,-6878,0,0
-2269,-1462,1453,-3353,-5416,-12551,0,0
-1197,58,-342,-725,-3434,-12728,0,0
3626,-28,-2347,899,-2395,-5634,0,0
1748,625,-3847,92,-2745,-4145,0,0
788,1338,-4154,1733,-835,-1257,0,0
1886,1199,-4771,2763,620,2268,0,0
-335,1182,-4549,2843,3060,6110,0,0
-2403,352,-3011,3100,4182,5800,0,0
-2976,-1304,-1974,3061,4033,2662,0,0
-192,-2358,-1696,920,3223,1507,0,0
-858,-2774,-1475,-1420,3283,593,0,0
-1425,-3050,-1838,-3104,3493,-811,0,0
-1553,-2796,-2549,-4572,3337,-363,0,0
-2481,-2637,-3647,-6045,2995,-216,0,0
-3820,-2135,-4986,-7894,4017,-519,0,0
-3890,-916,-6451,-10373,5222,-472,0,0
-2522,46,-7766,-12892,5689,235,0,0
-2042,264,-8311,-14944,4278,738,0,0
-3219,349,-7863,-15139,5924,-1550,0,0
-2223,708,-7147,-12721,5996,-2483,0,0
-305,739,-6206,-8751,4642,-719,0,0
1409,351,-4721,-5248,3814,-46,0,0
2421,-86,-3040,-3100,2971,-477,0,0
2685,-239,-1931,-1685,2581,-946,0,0
1954,54,-1212,-960,2187,-1124,0,0
959,560,-488,-708,2106,-923,0,0
841,903,509,-1211,2176,-254,0,0
1119,1059,1593,-2502,2162,571,0,0
1602,1137,2560,-4132,2028,820,0,0
1954,1456,3302,-5992,1697,-296,0,0
319,2240,4045,-8108,2172,-961,0,0
-2178,2685,5357,-10169,3649,-725,0,0
-3480,2184,6525,-11644,3681,-239,0,0
-4010,906,7002,-11065,3774,609,0,0
-2811,-651,6823,-9895,4480,1265,0,0
-770,-1686,6224,-8531,3916,1053,0,0
232,-2030,5656,-6892,2914,1218,0,0
222,-2061,5180,-5429,2651,300,0,0
1038,-1806,4587,-4181,2116,-263,0,0
2215,-1777,3802,-3258,906,313,0,0
1694,-1559,2987,-2589,947,-763,0,0
1909,-1168,2155,-1815,886,-197,0,0
2512,-1051,990,-1426,110,19,0,0
1857,-923,-389,-1244,-802,-117,0,0
642,-822,-1566,-1066,284,176,0,0
514,-1135,-3092,-1240,865,378,0,0
-486,-1366,-4954,-2706,2103,158,0,0
-697,-1461,-5851,-4025,5734,-145,0,0
-524,-1568,-6101,-5550,5659,263,0,0
289,-2049,-5447,-7204,8030,-1175,0,0
-1369,-1588,-3951,-7052,9674,-2171,0,0
-3973,-249,-2446,-5266,8857,-1204,0,0
-3722,192,-3432,-2765,8378,-1495,0,0
-2219,-366,-738,-1117,6698,-2194,0,0
-1539,-722,108,-274,5217,-3030,0,0
-722,-609,943,-195,3579,-3340,0,0
736,-385,1550,-337,2353,-3313,0,0
3101,-436,1593,-948,1236,-2894,0,0
4018,-719,1392,-2639,348,-2252,0,0
3616,-719,602,-4411,909,-1776,0,0
3520,-1011,34,-4044,4048,-1067,0,0
2510,-1121,247,-2701,5463,-820,0,0
1720,-902,533,-1615,4415,175,0,0
1631,-1089,722,-2748,2278,247,0,0
1490,-1177,566,-3279,1690,-618,0,0
752,-888,392,-2540,2497,-1687,0,0
-289,-511,352,-2260,2562,-1797,0,0
-808,-233,239,-2769,2932,-1093,0,0
-2400,-392,170,-3462,3742,-395,0,0
462,-805,195,-2918,3515,-412,0,0
263,-823,188,-2679,2942,-640,0,0
-71,-556,228,-2645,2971,-987,0,0
180,-340,259,-2718,2985,-791,0,0
200,-160,245,-2749,3076,-708,0,0
134,8,157,-2833,3422,-928,0,0
272,110,45,-2838,3352,-954,0,0
184,230,-36,-2757,3089,-746,0,0
1,291,-76,-2666,3029,-751,0,0
-93,306,-121,-2664,3024,-930,0,0
-194,429,-122,-2640,3061,-1044,0,0
-310,647,-129,-2554,3046,-990,0,0
-392,728,-154,-2679,3078,-1095,0,0
-346,692,-204,-2720,3004,-1302,0,0
-469,625,-260,-2626,2774,-1129,0,0
-785,417,-383,-2598,2499,-1015,0,0
-1298,281,-441,-2835,2814,-1362,0,0
-1411,248,-339,-2872,3893,-1295,0,0
-172,47,-232,-3004,3474,-1268,0,0
142,62,-199,-2732,2427,-731,0,0
-174,79,-74,-2670,2567,-749,0,0
-140,66,15,-2837,2916,-1301,0,0
170,69,51,-2858,3061,-1350,0,0
392,-5,32,-2895,2893,-1000,0,0
396,-131,1,-2857,2705,-834,0,0
293,-246,-22,-2816,2601,-1042,0,0
208,-295,-32,-2788,2749,-1251,0,0
269,-303,-38,-2951,2926,-1146,0,0
342,-296,-56,-3002,2809,-981,0,0
365,-2376,-64,-2913,2715,-824,0,0
247,-394,-63,-2917,2721,-802,0,0
146,-410,-2136,-2988,2786,-976,0,0
208,-370,-75,-3037,2761,-926,0,0
281,-301,-71,-3016,2683,-879,0,0
298,-236,-74,-3010,2732,-766,0,0
202,-183,-71,-3112,2710,-727,0,0
164,-126,-65,-3075,2721,-806,0,0
160,-67,-53,-3037,2639,-787,0,0
134,-12,-58,-3079,2677,-789,0,0
97,43,-60,-3097,2721,-822,0,0
45,83,-41,-3075,2640,-817,0,0
-2,66,-12,-3041,2608,-767,0,0
-34,19,5,-3049,2670,-817,0,0
-65,36,16,-3083,2745,-896,0,0
-73,113,11,-3059,2786,-906,0,0
-39,190,3,-3025,2709,-866,0,0
-54,223,5,-3036,2708,-821,0,0
-103,190,11,-3044,2747,-863,0,0
-127,134,28,-3044,2753,-889,0,0
-156,109,48,-2999,2725,-936,0,0
-144,124,48,-2911,2750,-1017,0,0
-96,131,39,-2960,2725,-978,0,0
-94,108,55,-3007,2761,-952,0,0
-79,46,65,-2974,2819,-1032,0,0
-43,-18,66,-2946,2836,-1048,0,0
-26,-58,61,-3015,2755,-878,0,0
-81,-70,50,-2988,2753,-859,0,0
-130,-28,20,-2923,2776,-977,0,0
-97,29,-22,-2947,2828,-966,0,0
-49,18,-42,-2975,2869,-933,0,0
-19,-59,-24,-3028,2842,-945,0,0
-11,-129,15,-2942,2727,-876,0,0
-34,-128,23,-2854,2671,-872,0,0
-59,-33,7,-2982,2825,-946,0,0
-2,109,-20,-2994,2937,-928,0,0
50,183,-39,-2980,2888,-821,0,0
56,137,-38,-2999,2838,-790,0,0
61,-5,-2064,-2932,2806,-820,0,0
20,-107,6,-2919,2697,-833,0,0
-67,-82,3,-2959,2723,-2912,0,0
-42,-20,-31,-3011,2918,-822,0,0
6,10,-62,-3047,2873,-738,0,0
-35,10,-72,-3030,2827,-826,0,0
-17,-27,-78,-2950,2807,-899,0,0
-14,-60,-66,-2962,2702,-887,0,0
6,-78,-47,-3020,2804,-843,0,0
67,-94,-36,-2987,2769,-697,0,0
42,-86,-32,-2978,2674,-674,0,0
-4,-60,-31,-3040,2739,-679,0,0
-47,-88,-22,-3006,2750,-738,0,0
-62,-104,-18,-3060,2758,-908,0,0
-17,-73,-1,-3075,2729,-826,0,0
-22,-72,20,-2991,2692,-768,0,0
-35,-93,32,-2968,2693,-783,0,0
-22,-106,38,-2974,2693,-715,0,0
-11,-135,36,-3099,2829,-798,0,0
34,-134,42,-3068,2906,-837,0,0
72,-111,43,-2988,2776,-690,0,0
66,-78,32,-2982,2756,-637,0,0
46,-22,24,-2992,2798,-732,0,0
82,15,32,-2985,2842,-618,0,0
63,-3,44,-3012,2826,-571,0,0
4,-13,55,-2953,2802,-646,0,0
-11,-15,50,-2938,2808,-711,0,0
-14,6,53,-2971,2837,-670,0,0
-19,48,48,-2974,2866,-650,0,0
-41,107,42,-2975,2913,-669,0,0
-51,152,16,-2968,2935,-600,0,0
-70,160,-4,-2935,2857,-641,0,0
-87,175,-7,-2894,2844,-769,0,0
-66,192,-8,-2887,2879,-821,0,0
-33,178,3,-2918,2902,-772,0,0
-17,152,5,-2914,2905,-803,0,0
-4,126,-12,-2897,2890,-848,0,0
12,85,-16,-2933,2870,-841,0,0
14,42,7,-3034,2876,-823,0,0
6,21,24,-2925,2859,-775,0,0
13,-6,-2,-2928,2767,-734,0,0
19,3,-27,-3001,2827,-749,0,0
49,28,-18,-2944,2803,-680,0,0
24,1,5,-2908,2812,-806,0,0
70,-46,29,-2874,2801,-957,0,0
179,-52,106,-2918,2852,-494,0,0
68,23,121,-2845,2752,-48,0,0
-319,25,91,-2716,2743,-936,0,0
-164,-180,149,-2713,3091,-1630,0,0
215,-417,271,-2727,2974,-1070,0,0
102,-626,408,-2587,2799,-526,0,0
-33,-789,469,-2398,2858,-517,0,0
-20,-832,483,-2572,3051,-663,0,0
86,-725,458,-2603,3349,-509,0,0
154,-566,390,-2681,3582,-549,0,0
231,-408,301,-2570,3532,-495,0,0
290,-379,221,-2541,3402,-173,0,0
269,-451,139,-2582,3502,-42,0,0
223,-437,7,-2614,3521,-171,0,0
208,-299,-113,-2526,3583,-364,0,0
226,-64,-214,-2421,3436,-353,0,0
219,111,-276,-2488,3334,-183,0,0
184,115,-306,-2585,3388,-2160,0,0
49,63,-355,-2653,3407,-202,0,0
-15,1,-403,-2799,3240,-157,0,0
-10,-67,-488,-2812,3291,-1,0,0
-26,-139,-601,-3001,3433,-96,0,0
-63,-141,-671,-3065,3152,-256,0,0
-120,-118,-669,-2858,2731,-242,0,0
-174,-106,-647,-2892,2287,-408,0,0
-121,-133,-622,-2964,2339,-348,0,0
-20,-198,-561,-3285,2560,-461,0,0
86,-168,-443,-3463,2411,-504,0,0
-8,-75,-297,-3362,2069,-351,0,0
7,-97,-191,-3450,2093,-214,0,0
-56,-124,-91,-3542,2262,-365,0,0
-138,6,-39,-3448,2136,-459,0,0
-65,175,-29,-3241,1990,-422,0,0
-59,312,-35,-3068,1886,-813,0,0
92,380,32,-3190,1988,-701,0,0
219,296,218,-3527,2247,-366,0,0
196,239,361,-3338,2349,-579,0,0
237,324,326,-3096,2249,-689,0,0
436,404,279,-3367,2648,-507,0,0
400,527,341,-3333,2971,-669,0,0
255,675,384,-3108,2809,-639,0,0
175,642,371,-2980,2753,-324,0,0
71,397,391,-2929,2932,-229,0,0
-97,86,453,-2776,3026,-339,0,0
-164,-216,500,-2644,3047,-295,0,0
-289,-392,538,-2576,2993,-428,0,0
-431,-296,501,-2604,3027,-859,0,0
-276,-139,400,-2682,3364,-780,0,0
-136,-44,305,-2941,3617,-509,0,0
-264,151,173,-2984,3656,-830,0,0
-204,384,-36,-2715,3422,-1064,0,0
-58,544,-167,-2391,3356,-1008,0,0
-27,618,-179,-2404,3315,-923,0,0
36,572,-199,-2404,3434,-2944,0,0
189,318,-244,-2517,3292,-781,0,0
113,37,-235,-2519,2935,-674,0,0
-49,-140,-223,-2603,3002,-809,0,0
-54,-171,-276,-2653,3367,-895,0,0
19,-93,-358,-2806,3368,-902,0,0
75,-8,-402,-2860,2975,-646,0,0
-88,-58,-419,-2963,2733,-277,0,0
-390,-223,-377,-3225,2866,-330,0,0
-542,-368,-346,-3396,2856,-427,0,0
-489,-379,-388,-3092,2419,-764,0,0
-260,-220,-406,-3220,2258,-1130,0,0
-29,79,-346,-3252,2506,-3280,0,0
23,436,-279,-3204,2297,-1091,0,0
75,549,-213,-3241,2114,-688,0,0
57,343,-124,-2886,2082,-579,0,0
-22,111,-20,-2875,2002,-666,0,0
-1,-42,113,-3301,2295,-716,0,0
134,-120,199,-3706,2591,-766,0,0
135,-25,189,-3318,2758,-726,0,0
72,101,142,-2969,2449,-603,0,0
50,141,167,-3158,2383,-559,0,0
13,103,213,-3148,2594,-766,0,0
3,-19,223,-3032,2752,-916,0,0
7,-104,277,-2902,2696,-730,0,0
-6,-222,373,-2844,2730,-333,0,0
13,-328,445,-2740,2999,-218,0,0
-24,-338,481,-2676,3060,-221,0,0
-125,-338,495,-2615,3156,-218,0,0
-160,-442,493,-2786,3252,-775,0,0
-43,-460,484,-2761,3391,-1009,0,0
14,-396,448,-2669,3448,-179,0,0
-74,-479,313,-2619,3437,517,0,0
-223,-585,112,-2629,3511,268,0,0
-313,-459,-20,-2520,3572,-515,0,0
-209,-115,-90,-2454,3538,-633,0,0
-73,140,-121,-2461,3512,-236,0,0
6,142,-172,-2631,3478,-29,0,0
57,-9,-263,-2570,3391,41,0,0
7,-169,-336,-2598,3216,98,0,0
-97,-285,-350,-2685,3030,215,0,0
-289,-306,-301,-2946,3112,162,0,0
-254,-280,-261,-3409,3285,141,0,0
-122,-220,-291,-3233,3134,59,0,0
-129,-44,-434,-2655,2484,-457,0,0
-19,254,-531,-2475,2102,-886,0,0
395,437,-489,-2943,2122,-374,0,0
640,370,-343,-3342,2693,227,0,0
444,263,-202,-3310,2823,-170,0,0
354,265,-148,-3168,2582,-565,0,0
469,316,-126,-3126,2447,-560,0,0
573,397,-89,-3219,2604,-432,0,0
519,462,-21,-3223,2673,-320,0,0
483,370,20,-3265,2803,-158,0,0
404,185,35,-3538,3042,-351,0,0
235,157,43,-3607,3056,-731,0,0
220,233,60,-3133,2743,-824,0,0
189,308,57,-2703,2252,-766,0,0
206,315,137,-2247,1884,-448,0,0
-105,318,184,-1748,1336,271,0,0
-529,143,48,-2920,2126,335,0,0
-331,-323,65,-4737,4971,-1170,0,0
56,-327,-78,-4515,5049,-1911,0,0
-211,125,-171,-2865,2864,-529,0,0
-397,216,-149,-1750,1321,-107,0,0
-234,32,-71,-2169,1321,-350,0,0
-212,-108,10,-3138,2653,-917,0,0
80,-78,-114,-3594,3785,-1938,0,0
468,221,-176,-3678,3646,-1918,0,0
475,444,-89,-3009,2513,-1237,0,0
503,253,-2072,-2527,1990,-590,0,0
459,-127,15,-2868,2331,-424,0,0
186,-251,15,-3255,2788,-722,0,0
-46,-96,7,-3240,2994,-800,0,0
-103,90,-26,-3000,2739,-732,0,0
-170,213,-71,-2989,2580,-844,0,0
-135,287,-97,-3117,2689,-1174,0,0
38,370,-91,-3145,2627,-1186,0,0
73,392,-69,-3163,2539,-907,0,0
-71,372,-48,-3164,2450,-803,0,0
-266,359,-2,-3051,2477,-993,0,0
-312,335,20,-2989,2611,-1296,0,0
-294,317,5,-2988,2657,-1478,0,0
-246,255,-22,-2938,2699,-1510,0,0
-110,121,-51,-2998,2715,-1586,0,0
57,3,-9,-3006,2609,-1454,0,0
120,-72,43,-3008,2561,-1219,0,0
111,-144,19,-2972,2596,-1138,0,0
61,-182,-5,-3006,2588,-1175,0,0
63,-167,8,-3103,2624,-1181,0,0
99,-146,13,-3126,2647,-1069,0,0
98,-155,-21,-3098,2579,-1037,0,0
81,-160,-50,-3211,2574,-1068,0,0
78,-122,-63,-3194,2556,-1041,0,0
42,-71,-82,-3178,2496,-962,0,0
3,-36,-94,-3176,2435,-921,0,0
-34,3,-77,-3178,2413,-2944,0,0
-53,36,-48,-3190,2417,-968,0,0
-62,85,-27,-3152,2469,-1040,0,0
-22,151,-51,-3049,2589,-1040,0,0
-37,219,-75,-3051,2531,-982,0,0
-136,260,-51,-3049,2504,-1091,0,0
-154,272,33,-2999,2482,-1249,0,0
-142,287,116,-2949,2491,-1263,0,0
-133,258,136,-2974,2692,-1155,0,0
-218,189,89,-3012,2944,-916,0,0
-569,32,-15,-2960,2933,-776,0,0
-907,-221,-38,-2743,2901,-1179,0,0
-760,-331,14,-2454,2902,-2071,0,0
-150,-301,41,-2570,3066,-2395,0,0
583,-224,109,-3009,2987,-1773,0,0
964,-278,207,-3105,2648,-397,0,0
350,-523,233,-2929,2658,-653,0,0
313,-582,125,-2837,3083,-662,0,0
509,-545,114,-3019,2997,71,0,0
46,-368,195,-3018,2699,-355,0,0
-40,-131,186,-2921,2634,-436,0,0
-60,-54,87,-3062,2889,-600,0,0
-83,21,1,-3182,3060,-1058,0,0
56,195,7,-3031,2847,-1034,0,0
170,269,33,-2847,2670,-711,0,0
68,211,31,-2882,2743,-609,0,0
-106,161,25,-2960,2881,-788,0,0
-154,150,16,-2902,2974,-870,0,0
-164,158,0,-2826,2971,-899,0,0
-141,163,-27,-2818,2918,-956,0,0
-121,162,-43,-2874,2955,-923,0,0
-132,172,-43,-2870,2941,-936,0,0
-131,195,-45,-2815,2869,-943,0,0
-110,192,-45,-2805,2880,-953,0,0
-88,162,-22,-2803,2915,-978,0,0
-78,138,9,-2792,2870,-920,0,0
-76,118,26,-2820,2843,-925,0,0
-74,109,23,-2860,2884,-1042,0,0
-50,110,17,-2876,2880,-1044,0,0
-9,69,17,-2832,2934,-1036,0,0
29,21,16,-2827,2890,-1045,0,0
43,0,17,-2809,2805,-981,0,0
42,-23,8,-2853,2859,-1053,0,0
93,-58,-16,-2916,2958,-1023,0,0
111,-118,-39,-2871,2919,-933,0,0
77,-145,-55,-2809,2842,-1010,0,0
105,-133,-60,-2829,2832,-973,0,0
126,-120,-44,-2867,2868,-910,0,0
124,-106,-39,-2857,2925,-931,0,0
125,-73,-63,-2844,2936,-922,0,0
91,-48,-77,-2889,2878,-927,0,0
82,-47,-79,-2880,2868,-979,0,0
81,-57,-82,-2894,2843,-934,0,0
40,-45,-75,-2896,2785,-933,0,0
11,4,-57,-2877,2726,-985,0,0
-6,84,-53,-2917,2767,-1013,0,0
-16,133,-50,-2956,2835,-1006,0,0
1,113,-46,-2946,2821,-1040,0,0
31,42,-26,-2897,2737,-988,0,0
0,-37,8,-2891,2693,-912,0,0
-47,-72,33,-2945,2734,-974,0,0
-33,-44,36,-2968,2789,-1011,0,0
-6,23,30,-2958,2782,-911,0,0
-10,68,29,-2916,2767,-868,0,0
-24,64,30,-2908,2819,-892,0,0
-45,66,38,-2933,2829,-1021,0,0
-27,87,28,-2919,2836,-1043,0,0
3,76,13,-2893,2851,-977,0,0
-13,53,0,-2904,2871,-930,0,0
-48,56,-15,-2898,2833,-1012,0,0
-41,62,-19,-2874,2813,-1021,0,0
-34,51,-23,-2874,2846,-994,0,0
-37,31,-20,-2882,2831,-1030,0,0
-30,21,-16,-2887,2794,-1060,0,0
-14,3,-15,-2888,2829,-1029,0,0
-2,-26,-16,-2883,2846,-995,0,0
7,-39,-17,-2876,2835,-1025,0,0
27,-30,-15,-2872,2801,-1006,0,0
32,-34,-12,-2900,2840,-971,0,0
35,-42,-11,-2910,2868,-985,0,0
42,-49,-8,-2888,2832,-973,0,0
52,-68,-5,-2869,2820,-998,0,0
78,-100,-1,-2904,2836,-1128,0,0
142,-88,35,-2929,2827,-954,0,0
128,-4,60,-2842,2803,-598,0,0
-6,134,15,-2841,2843,-612,0,0
-156,236,-20,-2901,2868,-998,0,0
-131,166,-32,-2905,2900,-1438,0,0
38,1,-10,-2895,2858,-1262,0,0
43,-149,25,-2842,2798,-930,0,0
41,-224,28,-2853,2850,-922,0,0
76,-129,-7,-2930,2866,-867,0,0
47,90,-26,-2915,2792,-692,0,0
-65,253,-26,-2886,2775,-708,0,0
-160,269,-42,-2893,2948,-1076,0,0
-73,139,-106,-2965,3074,-1555,0,0
166,-3,-128,-2900,2847,-1419,0,0
231,-80,-96,-2806,2603,-989,0,0
117,-145,-69,-2864,2670,-996,0,0
125,-207,-56,-2936,2831,-1054,0,0
154,-234,-31,-2943,2792,-985,0,0
112,-205,-14,-2897,2710,-943,0,0
101,-181,-2,-2934,2718,-913,0,0
89,-151,19,-2960,2748,-923,0,0
70,-134,46,-2919,2745,-858,0,0
35,-143,75,-2870,2815,-858,0,0
15,-114,125,-2874,2823,-878,0,0
16,-59,174,-2851,2859,-596,0,0
-86,-26,176,-2786,2922,-517,0,0
-191,2,130,-2823,2969,-846,0,0
-141,53,101,-2899,3037,-1203,0,0
-55,167,51,-2993,3154,-1197,0,0
-6,237,4,-2834,3094,-928,0,0
-133,275,-9,-2637,2816,-819,0,0
-221,269,-2,-2607,2866,-903,0,0
-228,249,37,-2658,3017,-1075,0,0
-222,268,63,-2674,3082,-1044,0,0
-138,186,72,-2691,3026,-899,0,0
-125,69,42,-2607,3199,-963,0,0
-117,-63,34,-2621,3287,-1058,0,0
-51,-236,30,-2650,3123,-3024,0,0
-134,-440,-9,-2763,3021,-877,0,0
-327,-706,-56,-2910,3055,-858,0,0
-396,-1004,-91,-2880,3116,-459,0,0
-555,-1153,-99,-2716,2821,57,0,0
-796,-1134,-103,-2739,2537,264,0,0
-862,-1085,-132,-3009,2681,268,0,0
-817,-958,-164,-3050,2922,89,0,0
-604,-763,-205,-3210,2964,-47,0,0
-457,-509,-209,-3214,2840,157,0,0
-375,-366,-140,-3254,2722,485,0,0
-111,-438,-88,-3387,2665,729,0,0
39,-517,-101,-3163,2938,886,0,0
-73,-348,-178,-2981,2660,670,0,0
-2112,-6,-249,-2941,2254,557,0,0
177,171,-211,-2935,2314,803,0,0
284,204,-143,-3072,2588,745,0,0
318,204,-99,-3210,2738,581,0,0
338,219,-46,-3188,2707,444,0,0
369,317,3,-3142,2640,210,0,0
569,482,10,-3032,2576,289,0,0
674,645,28,-3022,2734,209,0,0
787,796,23,-3176,2790,250,0,0
698,936,15,-3218,2896,231,0,0
563,1006,4,-3329,3125,-171,0,0
382,1045,19,-3150,2955,-392,0,0
229,888,37,-2964,2697,-576,0,0
252,633,56,-2820,2515,-678,0,0
231,548,104,-2513,2152,-449,0,0
277,409,78,-2816,2388,-291,0,0
359,198,102,-3576,3655,-743,0,0
197,248,104,-3519,3609,-856,0,0
-99,295,45,-2852,2832,-436,0,0
-77,135,49,-2356,2319,-209,0,0
-31,-12,90,-2246,1959,-246,0,0
-179,-94,93,-2742,2709,-838,0,0
12,-102,26,-3397,4025,-3592,0,0
118,129,-78,-3224,3535,-1279,0,0
-18,315,-58,-2440,2461,-416,0,0
-216,195,-30,-2191,1955,-242,0,0
-377,-44,-36,-2584,2011,-323,0,0
-449,-351,48,-3624,3842,-637,0,0
-179,-510,29,-4392,4916,-1597,0,0
138,-198,-199,-3182,3305,-1095,0,0
131,-6,-203,-2079,1770,-317,0,0
-44,-56,-82,-2162,1634,-322,0,0
-280,-61,-7,-2819,2506,-767,0,0
-165,-29,-7,-3348,3653,-1105,0,0
47,41,-91,-3457,3682,-1007,0,0
5,136,-122,-2929,2773,-744,0,0
-20,138,-108,-2545,2270,-741,0,0
17,115,-73,-2740,2488,-679,0,0
-19,118,-33,-3071,2864,-581,0,0
-98,138,-19,-3143,3078,-725,0,0
-150,167,-18,-2972,2932,-841,0,0
-165,197,-19,-2783,2676,-872,0,0
-136,213,-3,-2902,2732,-927,0,0
-84,220,-2,-2905,2827,-1068,0,0
4,218,-2,-2839,2870,-1050,0,0
42,160,9,-2951,2821,-770,0,0
-11,42,43,-2993,2896,-738,0,0
-46,-34,57,-2898,2923,-943,0,0
-20,-48,43,-2859,2887,-1029,0,0
68,-48,22,-2850,2845,-1005,0,0
116,-30,18,-2857,2785,-913,0,0
133,-48,24,-2880,2904,-834,0,0
133,-115,33,-2954,2916,-685,0,0
67,-176,41,-2925,2895,-650,0,0
9,-180,27,-2899,2900,-775,0,0
20,-112,-1,-2908,2874,-799,0,0
35,-38,-29,-2934,2863,-747,0,0
32,-9,-42,-2975,2899,-724,0,0
25,-8,-55,-2956,2888,-734,0,0
20,-20,-62,-2942,2833,-753,0,0
-6,-22,-59,-2932,2821,-774,0,0
3,-20,-67,-2938,2839,-787,0,0
22,-32,-76,-2995,2825,-782,0,0
13,-22,-77,-2982,2822,-779,0,0
15,-6,-72,-2951,2752,-744,0,0
-3,12,-62,-2967,2738,-754,0,0
-14,38,-49,-2991,2743,-774,0,0
-30,53,-32,-2992,2765,-779,0,0
-32,41,-25,-2987,2798,-820,0,0
-8,23,-29,-3013,2805,-820,0,0
-4,21,-29,-2988,2770,-804,0,0
-19,18,-20,-2953,2747,-812,0,0
-14,-5,-8,-2986,2763,-808,0,0
0,-29,3,-2987,2794,-796,0,0
-11,-30,19,-2978,2770,-799,0,0
-5,-16,33,-2953,2745,-750,0,0
5,-19,40,-2958,2807,-722,0,0
4,-23,31,-3018,2884,-765,0,0
18,-5,24,-2998,2844,-733,0,0
19,19,13,-2956,2793,-689,0,0
-6,38,-5,-2984,2839,-713,0,0
-27,42,-14,-2991,2852,-732,0,0
-33,26,-14,-2965,2823,-771,0,0
-28,11,-18,-2958,2814,-811,0,0
-12,-9,-22,-2935,2821,-812,0,0
11,-39,-16,-2877,2826,-861,0,0
49,-57,-11,-2890,2871,-844,0,0
79,-80,7,-2903,2912,-753,0,0
92,-135,23,-2846,2893,-632,0,0
78,-187,33,-2919,2934,-575,0,0
49,-173,14,-2941,2942,-702,0,0
66,-104,-30,-2917,2980,-768,0,0
136,-71,-63,-2947,2968,-643,0,0
171,-105,-88,-2979,2902,-512,0,0
176,-180,-103,-3010,2860,-474,0,0
132,-237,-131,-3089,2910,-448,0,0
123,-270,-173,-3222,2943,-435,0,0
71,-274,-205,-3423,2820,-409,0,0
-39,-285,-231,-3539,2869,-204,0,0
-154,-345,-224,-3448,2706,-15,0,0
-356,-342,-197,-3218,2446,-268,0,0
-400,-176,-214,-3109,2203,-616,0,0
-278,92,-239,-3121,2050,-901,0,0
-71,330,-234,-3178,2085,-1093,0,0
109,455,-190,-3160,2054,-1059,0,0
177,438,-122,-3238,2024,-752,0,0
201,251,-47,-3411,2054,-257,0,0
112,-68,72,-3278,2207,-141,0,0
-52,-261,205,-3135,2222,-445,0,0
-7,-254,297,-3292,2334,-741,0,0
187,-149,359,-3761,2743,-641,0,0
245,-36,399,-3390,2837,-569,0,0
79,64,408,-2649,2476,-605,0,0
2,35,438,-2648,2478,-616,0,0
-3,-77,500,-2798,2809,-768,0,0
14,-169,508,-2695,3149,-861,0,0
180,-281,466,-2677,3368,-578,0,0
258,-398,457,-2852,3416,14,0,0
45,-420,443,-2780,3591,-100,0,0
1,-255,302,-2660,3495,-762,0,0
175,20,134,-2700,3287,-766,0,0
213,200,48,-2707,3295,-380,0,0
110,223,2,-2635,3321,-227,0,0
3,199,-68,-2679,3347,-363,0,0
27,198,-178,-2831,3496,-395,0,0
16,178,-302,-2795,3690,-95,0,0
-73,65,-417,-2767,3277,-43,0,0
-254,-58,-496,-2969,2846,-207,0,0
-340,-180,-494,-3075,2995,-92,0,0
-471,-246,-449,-3028,2818,-401,0,0
-512,-84,-498,-2952,2503,-1283,0,0
-192,292,-520,-2847,2404,-1463,0,0
79,561,-373,-2691,2285,-893,0,0
-16,483,-153,-2834,2064,-475,0,0
-82,118,55,-3036,2294,-541,0,0
-113,-110,153,-3089,2601,-801,0,0
74,-64,200,-3218,2826,-857,0,0
281,180,201,-3205,2838,-895,0,0
391,550,133,-3092,2778,-954,0,0
524,769,97,-2973,2703,-616,0,0
439,689,123,-2921,2718,-513,0,0
234,530,121,-3015,2989,-758,0,0
105,369,125,-3060,3043,-979,0,0
108,208,118,-2907,2906,-1060,0,0
122,118,65,-2857,2936,-1088,0,0
99,148,9,-2877,2911,-1137,0,0
136,198,-16,-2816,2835,-1008,0,0
101,160,-12,-2835,2811,-998,0,0
29,79,-37,-2916,2920,-1150,0,0
7,-14,-60,-2980,3169,-1332,0,0
98,-124,-127,-2858,2963,-1110,0,0
10,-288,-152,-2910,2731,-405,0,0
-292,-483,-2128,-2928,2575,-124,0,0
-511,-608,-57,-2972,2500,-662,0,0
-444,-532,-75,-3127,2916,-1649,0,0
56,-324,-101,-3062,3090,-1738,0,0
335,-192,-112,-3027,2680,-765,0,0
105,-190,-80,-2964,2510,-273,0,0
30,-253,-87,-2974,2569,-701,0,0
103,-251,-81,-2991,2697,-901,0,0
5,-153,-67,-3155,2769,-1020,0,0
81,-23,-86,-3163,2745,-988,0,0
165,82,-89,-3058,2647,-783,0,0
158,120,-83,-3052,2589,-699,0,0
101,128,-62,-3101,2628,-782,0,0
89,137,-33,-3089,2617,-820,0,0
30,138,-14,-3082,2584,-807,0,0
-16,112,-2,-3074,2626,-872,0,0
-2056,82,3,-3118,2674,-933,0,0
5,52,6,-3132,2705,-906,0,0
-5,34,4,-3107,2645,-865,0,0
-37,40,1,-3085,2615,-854,0,0
-55,66,-7,-3067,2664,-880,0,0
-55,89,-9,-3060,2694,-874,0,0
-59,79,-4,-3121,2686,-873,0,0
-75,62,6,-3074,2647,-907,0,0
-97,69,7,-3010,2671,-963,0,0
-79,89,-4,-3052,2711,-1018,0,0
-36,92,6,-3059,2687,-930,0,0
-42,52,32,-3015,2628,-901,0,0
-41,6,39,-3057,2669,-963,0,0
-22,11,33,-3076,2751,-958,0,0
-20,36,12,-3059,2744,-921,0,0
-29,45,-12,-3027,2688,-887,0,0
-63,34,-14,-2982,2721,-965,0,0
-29,-43,4,-3035,2664,-1164,0,0
56,-139,37,-3054,2658,-1058,0,0
57,-172,40,-3070,2788,-845,0,0
36,-112,2,-3022,2798,-791,0,0
83,-34,-27,-2995,2659,-788,0,0
81,-1,-21,-3037,2611,-2920,0,0
63,-11,-20,-3063,2703,-946,0,0
72,-62,-24,-3097,2775,-978,0,0
113,-84,-11,-3041,2712,-881,0,0
103,-61,4,-2992,2619,-776,0,0
71,-53,13,-3050,2675,-806,0,0
38,-47,25,-3110,2732,-842,0,0
34,-50,25,-3050,2727,-790,0,0
28,-81,23,-3063,2740,-740,0,0
7,-76,27,-3060,2739,-766,0,0
10,-24,24,-3037,2713,-792,0,0
12,20,7,-3067,2724,-789,0,0
8,24,1,-3074,2757,-788,0,0
-6,20,2,-3065,2718,-793,0,0
-27,17,-2,-3044,2688,-824,0,0
-28,17,-16,-3044,2699,-785,0,0
-38,21,-19,-3063,2740,-806,0,0
-12,45,-37,-3223,2916,-1064,0,0
410,229,-55,-4079,3971,-2729,0,0
2298,1293,-152,-5015,4568,-6352,0,0
5502,2831,-410,-3927,3162,-5025,0,0
5677,3444,-1249,-4139,-367,-4142,0,0
1910,4707,-1197,-3719,1649,-4634,0,0
343,5604,-260,-1887,3856,-3780,0,0
-34,5726,993,-706,3102,-3393,0,0
-2019,5675,2333,-691,2452,-3087,0,0
-3604,4749,4074,373,2655,-1684,0,0
-3181,2718,5123,1456,1972,-1463,0,0
-2353,1076,5038,1649,1886,-1703,0,0
-936,73,4096,1447,890,-1547,0,0
97,-452,3185,1770,191,-1639,0,0
541,-676,2373,1779,-520,-2055,0,0
583,-726,1673,1603,-852,-2172,0,0
634,-595,1071,1604,-1175,-2270,0,0
144,-304,555,1761,-1212,-2498,0,0
-232,-94,180,2084,-910,-2778,0,0
-185,37,-91,2648,-1057,-2985,0,0
-224,63,-158,3398,-1292,-3229,0,0
-225,-7,-64,3586,-1366,-3260,0,0
-279,-33,99,3036,-1195,-3187,0,0
-530,88,217,2466,-891,-2768,0,0
-437,180,204,1935,-656,-2242,0,0
-404,398,34,1147,-1202,-2400,0,0
-266,1225,-701,194,-2093,-2363,0,0
-790,2309,-2613,-459,-3866,-1128,0,0
-2572,2997,-4790,-1534,-1825,-728,0,0
-1714,2872,-6922,-2147,510,478,0,0
6,1899,-8482,-2772,2703,2033,0,0
-420,-854,-7828,-6541,6672,627,0,0
-1387,-469,-6789,-8852,6414,100,0,0
-5067,929,-5771,-9919,6526,1142,0,0
-6732,1250,-4145,-6487,7344,1152,0,0
-4745,405,-1893,-3874,5768,928,0,0
-2449,-481,-530,-2987,5518,883,0,0
-1831,-394,259,-2649,4549,-567,0,0
-841,349,171,-2225,3630,-79,0,0
626,806,-65,-2402,3141,628,0,0
1675,846,-165,-3209,2349,868,0,0
2086,600,20,-3894,2174,1187,0,0
2410,198,224,-4259,1950,815,0,0
2414,17,347,-4037,1382,533,0,0
1921,34,368,-3762,1032,1006,0,0
1383,54,272,-3919,705,1748,0,0
715,44,247,-4117,14,2146,0,0
-283,-44,288,-4308,-614,1985,0,0
-1743,-178,189,-4267,-226,1270,0,0
-2595,-288,-129,-4122,1079,880,0,0
-1865,-314,-537,-3767,1826,452,0,0
-553,-349,-2920,-3942,2523,-350,0,0
62,-342,-985,-5084,2295,-2057,0,0
-2733,693,-101,-4446,4486,-2484,0,0
190,358,400,-3292,2949,383,0,0
3136,-555,205,-3736,1809,234,0,0
3596,-434,92,-3941,556,245,0,0
1975,157,10,-4088,411,621,0,0
87,399,22,-4323,591,686,0,0
-1365,424,141,-4455,444,853,0,0
-2345,301,203,-4306,346,509,0,0
-2233,284,-89,-3811,331,354,0,0
-935,100,-721,-3564,-387,283,0,0
-1895,698,-681,-3172,213,-882,0,0
-4536,2265,-100,-1755,1212,-1796,0,0
-5563,3164,476,-1096,4531,-2839,0,0
-5128,3384,2216,-2784,8798,-2280,0,0
-4886,2799,3675,-3704,10938,-1243,0,0
-4952,1806,5360,-5439,13287,1203,0,0
-4222,617,6677,-9406,13837,3544,0,0
-2758,-1041,6540,-9908,12663,5360,0,0
-2583,-2737,6076,-9066,11430,4987,0,0
-1975,-3925,5452,-6595,9323,3834,0,0
-765,-4263,4858,-3810,5955,3269,0,0
-1645,-4236,5138,-4487,3645,3042,0,0
-1567,-4457,5456,-6729,2508,2900,0,0
-1835,-4713,5293,-7816,630,3545,0,0
-4622,-4893,5021,-6936,-245,-2400,0,0
-2996,-4054,3398,-5139,-1284,-2751,0,0
-3151,-2527,1790,-4917,-1026,-5534,0,0
-2499,-1423,30,-5820,281,-6547,0,0
-1596,74,-695,-7570,2721,-10081,0,0
1314,1477,-1065,-4125,1413,-5370,0,0
2995,2403,-2118,-1950,-70,-8363,0,0
2301,3842,-3143,1621,228,-7430,0,0
1895,5031,-3779,3702,2729,-4987,0,0
2032,6255,-5337,11,8269,925,0,0
967,6694,-4881,-5992,9528,4862,0,0
8141,4779,-5099,-9163,7536,7202,0,0
14650,-749,-8699,-7078,3811,8338,0,0
6041,-4413,-8322,-7748,2435,5312,0,0
-1297,-4027,-5534,-7928,4397,3292,0,0
-795,-4032,-5063,-7067,5213,663,0,0
299,-4355,-5062,-6199,6347,-510,0,0
-144,-4406,-3550,-5013,8204,-2281,0,0
-1280,-2890,-1374,-7072,11357,-14755,0,0
-787,1415,1075,-11762,11785,-9354,0,0
-917,3730,2631,-12974,8077,-1880,0,0
-5327,3869,5038,-12714,14669,-1767,0,0
-2117,1606,6866,-13180,13568,0,0,0
114,344,6734,-8484,7628,3035,0,0
-504,-95,6587,-4843,5086,2299,0,0
-347,-239,6699,-5596,4423,3062,0,0
-1076,-617,6718,-7065,4688,3621,0,0
-1427,-1386,6564,-7860,4899,3195,0,0
-1937,-1778,6590,-8550,4007,3364,0,0
-4016,-2151,6662,-8656,3568,3345,0,0
-5698,-3278,5805,-7595,3261,445,0,0
-4106,-4021,3957,-6076,872,-3930,0,0
-3065,-3224,2799,-5073,-577,-9394,0,0
-1115,-1628,1005,-4164,-4329,-18413,0,0
-139,909,-2272,857,-4940,-17517,0,0
3385,1973,-2443,3775,-4230,-10824,0,0
2118,3282,-4844,-267,1037,-5673,0,0
1874,4463,-5063,-5234,3889,-476,0,0
5096,4293,-5328,-7784,4836,3001,0,0
7197,2364,-6990,-7981,4555,4536,0,0
5657,-238,-8107,-6780,3560,3896,0,0
2990,-1673,-7291,-6397,4372,3178,0,0
2534,-2825,-6352,-6082,4621,2827,0,0
2138,-4029,-5533,-5838,3864,2213,0,0
285,-4175,-4433,-6221,4661,661,0,0
-1062,-4017,-3630,-7887,6719,-906,0,0
-1351,-3863,-2871,-9650,8490,-4404,0,0
-1745,-3138,-2059,-13335,12655,-8666,0,0
686,-2375,-973,-10014,12355,-16461,0,0
-1366,1806,1550,-11195,10256,-12689,0,0
-6586,838,4926,-10563,17241,-3471,0,0
-1618,2691,6857,-11197,14084,463,0,0
218,1217,7666,-8843,7979,4405,0,0
-35,331,8158,-6394,5349,4056,0,0
1474,-312,7849,-8638,4276,5201,0,0
1158,-525,7005,-8715,2781,5307,0,0
-1016,-2904,6700,-7459,3469,3982,0,0
-2030,-1324,6604,-9503,3666,3539,0,0
-3732,-1983,6478,-7709,1877,1965,0,0
-3948,-2907,5439,-6480,329,-1668,0,0
-3239,-2725,3337,-5929,-2196,-6661,0,0
-2124,-1364,1544,-4893,-3838,-14349,0,0
152,360,-98,-492,-6013,-15843,0,0
2567,1334,-2091,4145,-7133,-12657,0,0
2356,2815,-4760,1852,-1485,-8021,0,0
2381,3968,-6085,-3667,3187,-2922,0,0
4669,3811,-6357,-7620,4821,796,0,0
7900,1672,-7377,-8213,5385,4455,0,0
7436,-1690,-8213,-7031,3998,5447,0,0
3121,-3494,-7164,-6619,4126,4099,0,0
819,-4272,-7432,-6707,4543,2618,0,0
-6,-4716,-4216,-6841,3963,1924,0,0
-2654,-3136,-2741,-7951,7395,-2733,0,0
-2404,-2886,-1793,-10048,10900,-6368,0,0
1009,-2760,-1029,-12156,14658,-10946,0,0
2731,-420,622,-11774,8888,-12064,0,0
-5219,4012,3920,-11840,14368,-3624,0,0
-3785,2951,6612,-10573,15500,-629,0,0
432,970,7730,-8205,8968,1756,0,0
863,586,8135,-6444,5344,4596,0,0
804,500,7874,-6910,4410,4886,0,0
533,205,7170,-7006,4626,4613,0,0
32,-403,6803,-9499,4984,5381,0,0
-1630,-1326,6539,-10040,3315,3823,0,0
-3369,-2094,6177,-6962,1298,2588,0,0
-3429,-2938,5199,-6922,1070,530,0,0
-3292,-2944,3743,-6234,-1097,-4242,0,0
-2418,-2192,2495,-3607,-3452,-9221,0,0
70,-1344,801,-389,-6349,-15124,0,0
1892,-134,-1081,3605,-6753,-16467,0,0
2029,2161,-3032,2424,-3611,-9982,0,0
716,3982,-3565,186,26,-5480,0,0
2391,4163,-4303,-2743,1572,-1388,0,0
5205,3270,-5870,-6385,3485,1808,0,0
-156,-965,-1916,-14136,10678,-10951,0,0
-400,-443,-1220,-12579,9807,-13008,0,0
-4347,3191,1685,-8904,11828,-8175,0,0
-6590,4536,4874,-7671,14688,-2178,0,0
-2029,2177,6564,-6754,10906,1248,0,0
760,657,7663,-7039,6066,4205,0,0
456,271,7918,-7611,4535,4740,0,0
247,-27,7476,-8474,4210,3944,0,0
-438,-239,7405,-8855,4381,3792,0,0
-1826,-662,7419,-9763,4178,3405,0,0
-3473,-1385,7038,-8594,2778,2640,0,0
-4406,-2225,6230,-7504,2213,1259,0,0
-4514,-2937,4693,-5582,631,-918,0,0
-4255,-3484,3153,-2453,-2621,-6854,0,0
-1660,-3531,1391,535,-6766,-13510,0,0
1201,-2396,-942,1358,-7032,-18441,0,0
583,555,-2870,337,-2752,-15329,0,0
-459,3099,-3112,-528,957,-9629,0,0
863,4492,-3455,-3758,1602,-2735,0,0
2793,4833,-4488,-7005,2745,1696,0,0
5354,3860,-5998,-7220,3073,3476,0,0
6781,1905,-7010,-6482,2830,4158,0,0
4988,-68,-6969,-5761,2894,4272,0,0
2926,-1467,-6533,-5705,3328,3723,0,0
1631,-2642,-5872,-5884,3450,2694,0,0
1037,-3602,-4862,-6448,3588,1758,0,0
32,-3946,-3881,-6604,4855,-415,0,0
-2532,-3291,-2881,-8026,7319,-2565,0,0
-5743,-1711,-2392,-8629,15446,-4926,0,0
-3968,-464,-2071,-6525,23916,-8643,0,0
-876,219,753,-4931,22269,-6313,0,0
-925,604,4838,-6975,16881,79,0,0
-1616,235,6562,-8252,12400,2910,0,0
-1101,-750,6719,-6840,7978,3264,0,0
246,-1496,6624,-5285,4786,3273,0,0
556,-1668,6638,-5658,3712,4075,0,0
-158,-1891,6321,-6533,3832,3956,0,0
-143,-2082,5844,-7348,4038,3845,0,0
-676,-2152,5625,-8197,2992,4145,0,0
-2091,-2495,5610,-7010,1914,2359,0,0
-2436,-2839,4932,-6056,626,-245,0,0
-3171,-2488,3730,-5297,-1969,-3540,0,0
-3097,-1803,2506,-3628,-3924,-7929,0,0
-2144,-1053,652,-2859,-6630,1927,0,0
767,478,-1134,3711,-3988,-13732,0,0
3582,815,-3462,4999,-3102,-10757,0,0
1619,3045,-4552,42,1074,-5403,0,0
1667,4614,-4159,-4488,3251,26,0,0
3408,4441,-4867,-6598,4171,2770,0,0
5344,2772,-6361,-6398,4101,4391,0,0
5600,333,-7238,-5671,3298,4313,0,0
3509,-1383,-6675,-5123,3481,3769,0,0
2440,-2719,-5905,-5080,3584,2948,0,0
1830,-3732,-5211,-5436,3801,2268,0,0
622,-4143,-4542,-5819,4344,73,0,0
-1040,-3567,-3583,-5210,6084,-829,0,0
-835,-3689,-3069,-8259,8451,-2813,0,0
-1957,-3094,-2585,-12765,11665,-5052,0,0
-836,-2615,-2080,-11201,15211,-12306,0,0
645,-548,579,-8731,12143,-14017,0,0
-4513,3875,4143,-9245,13263,-5986,0,0
-3769,3640,6404,-9104,15742,-667,0,0
1669,1342,7033,-8020,9329,2246,0,0
1591,925,7633,-5561,5570,4430,0,0
1292,837,8006,-6385,4814,4450,0,0
1010,952,7174,-6616,4270,4227,0,0
-65,642,6338,-8071,5253,3937,0,0
-1267,40,6025,-9909,4560,3379,0,0
-3482,-494,6222,-7994,2398,2902,0,0
-4347,-1784,5814,-6377,1105,1048,0,0
-3391,-2677,4305,-5647,-1707,-2296,0,0
-3775,-2461,2872,-3570,-5881,-8038,0,0
-1515,-2286,997,-799,-10640,-17008,0,0
-36,-348,-1591,2245,-8228,-17448,0,0
399,906,-4367,1183,-576,-10179,0,0
610,2084,-5403,-3698,3897,-6936,0,0
2197,3154,-5550,-5275,4035,-277,0,0
4569,2792,-6164,-5861,4245,2875,0,0
5236,1137,-7122,-5337,3228,4781,0,0
2301,-465,-7244,-7032,3234,3559,0,0
1063,-1240,-6372,-4482,4217,3338,0,0
1316,-2142,-5588,-4584,3730,3317,0,0
-635,-2619,-4607,-5424,4313,2144,0,0
-2073,-2451,-3789,-6069,5349,1408,0,0
-2380,-2797,-3477,-7140,7758,692,0,0
-1480,-3136,-3889,-11120,9538,-636,0,0
-2705,-2947,-3707,-10882,13962,-4427,0,0
-1266,-2543,-1687,-8963,19915,-11227,0,0
-978,-267,2320,-7551,19405,-10655,0,0
-2792,2243,6234,-7638,16404,-2493,0,0
2,1413,7374,-8654,12236,3002,0,0
3178,42,6995,-6739,6452,6209,0,0
2415,-474,7466,-4891,3888,5753,0,0
1454,-591,7800,-5669,4395,5050,0,0
865,-607,7233,-6526,4528,4943,0,0
-76,-786,6538,-7848,5294,3808,0,0
-873,-810,5707,-8523,3731,2982,0,0
-3236,-916,5201,-6781,1032,1727,0,0
-3630,-1893,4408,-3570,-274,-1464,0,0
-2470,-2328,3275,-1104,-4055,-6159,0,0
-1490,-2258,1976,516,-8020,-12719,0,0
516,-1113,-554,121,-8222,-18821,0,0
2252,802,-3197,416,-2531,-10916,0,0
1878,2084,-3770,-2415,-621,-6841,0,0
1341,3604,-4189,-4980,1027,-2116,0,0
2953,3830,-5404,-7074,2615,1726,0,0
4754,2538,-6328,-7224,3580,3516,0,0
5822,428,-6665,-6217,3427,4588,0,0
2832,-1179,-6191,-5270,2874,4844,0,0
378,-1963,-5660,-5193,3864,3943,0,0
394,-2830,-5563,-5293,3965,3634,0,0
87,-3642,-4997,-6392,5060,2124,0,0
-1594,-3679,-4105,-7098,8135,-107,0,0
-3726,-3080,-3324,-9343,13602,-2082,0,0
-4686,-1607,-2611,-10237,20718,-3799,0,0
-4768,-1125,-789,-2675,26842,-6708,0,0
530,-1242,3335,-4272,24344,-3152,0,0
2847,-817,6499,-7568,16484,2704,0,0
1572,-631,7342,-7203,11154,5430,0,0
1696,-974,7843,-6100,6862,4857,0,0
2880,-1251,7620,-5212,4503,4553,0,0
3211,-942,6932,-5619,3598,5626,0,0
480,-557,6175,-7862,3604,6292,0,0
-2694,-1137,5659,-6689,2119,4394,0,0
-1774,-2244,4983,-4929,733,2582,0,0
-1038,-2354,4041,-5113,-391,-86,0,0
-2488,-1994,2898,-4413,-828,-4117,0,0
-867,-1791,1648,-3673,-4009,-9530,0,0
319,-657,315,-2111,-8671,-17056,0,0
2486,131,-1833,2680,-5819,-12281,0,0
3075,467,-4580,-356,-2222,-8044,0,0
1506,2254,-5432,-3969,936,-1831,0,0
2032,3462,-5589,-6283,2554,2054,0,0
3447,2795,-6288,-6621,3343,4218,0,0
3624,653,-6746,-5328,3535,4504,0,0
2504,-1032,-6719,-4558,3556,4066,0,0
1124,-1972,-6132,-4738,4050,3816,0,0
-131,-2659,-5190,-5328,4516,2904,0,0
-1645,-2940,-4422,-4491,6169,732,0,0
-1779,-3104,-3786,-7976,8216,-543,0,0
-3050,-2119,-3355,-7364,10529,-60,0,0
-5340,-1156,-3513,-7728,17988,-2232,0,0
-4480,-908,-2314,-2332,22948,-4060,0,0
-2296,-1149,1979,-570,23892,-2606,0,0
1653,-1733,5048,-4956,19469,2494,0,0
2901,-2218,7224,-8476,15766,6403,0,0
2775,-2579,8188,-7323,10398,6293,0,0
3055,-2524,8042,-5024,4895,4407,0,0
3323,-1976,7594,-3595,2562,4351,0,0
1794,-1245,6703,-4290,1766,6555,0,0
-2775,-911,5769,-4529,1096,5994,0,0
-4284,-1518,4762,-5527,2324,3295,0,0
-977,-2183,3000,-6300,1073,119,0,0
-247,-2122,1786,-5504,655,-2721,0,0
-234,-1733,593,-5186,-1098,-5250,0,0
25,-1041,52,-2780,-3409,-13174,0,0
3212,-39,-1006,2655,-5776,-11801,0,0
3600,603,-2728,3752,-5379,-11825,0,0
1903,1872,-4822,1278,-748,-7802,0,0
2249,3184,-5517,-3727,1262,-1549,0,0
3541,3894,-5806,-6929,1528,3216,0,0
4456,2457,-6657,-7220,1688,6243,0,0
3439,-582,-6869,-5844,2425,5754,0,0
2003,-2547,-6335,-5587,3139,4892,0,0
473,-3340,-5987,-6300,3750,3833,0,0
-982,-3406,-5574,-7412,4706,2660,0,0
-1976,-3233,-5029,-6523,6287,258,0,0
-2635,-2807,-3918,-4935,7485,-1732,0,0
-5920,-1296,-2482,-7760,13134,-2686,0,0
-6539,106,-1710,-6619,22370,-1776,0,0
-1164,-664,-559,-2058,22999,-2089,0,0
1417,-1219,3622,-4281,20177,1901,0,0
2488,-1528,5990,-7179,16052,5208,0,0
1596,-1787,7122,-8373,12677,6466,0,0
2012,-2654,7192,-6517,7787,5489,0,0
3529,-2859,6847,-4243,3595,4402,0,0
2994,-2024,6588,-3146,2032,4416,0,0
746,-1280,6235,-3564,2519,4774,0,0
-1244,-1407,5851,-4257,2836,4109,0,0
-1420,-1698,5285,-5330,1963,3216,0,0
-2529,-1605,4464,-5827,656,1284,0,0
-2432,-1705,3115,-5504,-413,-2209,0,0
-1198,-1348,1637,-6049,-1240,-5598,0,0
-12,-824,458,-4390,-2736,-13889,0,0
2278,564,-1232,229,-5233,-11366,0,0
1977,1535,-2336,3210,-5141,-10627,0,0
1668,2819,-4348,1885,-1424,-7042,0,0
1910,3780,-5570,-2873,2076,-1904,0,0
2765,4244,-5850,-6448,3251,2156,0,0
4681,3273,-6876,-7729,3085,5868,0,0
4262,498,-7766,-6783,2846,5809,0,0
2595,-3736,-6989,-6010,3749,4758,0,0
1563,-2983,-6198,-6231,3994,3950,0,0
-3,-3582,-5629,-7340,5133,2243,0,0
-891,-3475,-4956,-6093,6186,-80,0,0
-1633,-3196,-3975,-5619,7082,-1546,0,0
-1672,-3019,-3401,-7877,8838,-1341,0,0
-2408,-3010,-3227,-11316,12017,-4830,0,0
1207,-2308,-2289,-11754,13718,-10588,0,0
-433,400,1341,-9796,11845,-10678,0,0
-6451,3839,5625,-7820,14645,-1932,0,0
-4876,2814,7971,-7589,14910,2032,0,0
1184,-245,7849,-7064,9036,3809,0,0
3355,-1333,7616,-5134,4778,5730,0,0
2671,-1191,7850,-4774,4250,5695,0,0
1788,-883,7748,-5627,4842,5265,0,0
1036,-745,7476,-6249,5317,5422,0,0
-187,-734,7059,-6929,4413,5401,0,0
-2219,-679,6742,-6305,3106,4169,0,0
-2986,-1260,5503,-4714,1231,2261,0,0
-3942,-2255,3511,-3777,-1298,-2537,0,0
-4232,-3050,1885,-3831,-5336,-9774,0,0
-1755,-2241,-459,-5821,-6913,-1631,0,0
1541,563,-3422,1005,-2709,-13751,0,0
2693,1379,-5072,-824,-525,-7841,0,0
269,3351,-5186,-4670,2259,-2299,0,0
770,4109,-5021,-6822,3286,2680,0,0
4469,2546,-6036,-6323,2996,5124,0,0
5056,-43,-6969,-4902,1889,5973,0,0
1114,-1421,-6787,-4773,2808,5660,0,0
25,-2264,-6666,-4996,4414,4807,0,0
253,-3340,-6376,-5936,5058,3668,0,0
-1163,-3932,-5506,-7024,6631,1702,0,0
-2828,-3694,-4316,-7304,9078,-975,0,0
-4209,-2130,-3161,-10754,10764,-659,0,0
-5655,-443,-3213,-11041,17005,-3974,0,0
-4022,-86,-2533,-7986,19831,-8449,0,0
-3101,232,2568,-4912,22335,-5083,0,0
-1872,952,6918,-5527,17310,486,0,0
-233,14,8549,-7291,12684,4591,0,0
2918,-1907,8525,-6682,7444,5645,0,0
3645,-2071,8333,-4878,4227,5204,0,0
2401,-1436,8101,-4698,4374,5298,0,0
977,-1036,7432,-5259,6257,5387,0,0
-47,-730,6688,-6699,6399,6111,0,0
-3174,-73,6508,-6638,4363,6470,0,0
-4140,-767,6071,-5052,3035,3007,0,0
-3561,-2445,4055,-4184,232,-3427,0,0
-2818,-3410,1454,-5387,-3984,-11181,0,0
-2067,-1365,185,-7329,-6712,-1858,0,0
710,1806,-1589,2093,-5816,-12197,0,0
2225,1866,-4598,650,-875,-8349,0,0
964,3466,-5098,-4298,2689,-2634,0,0
1528,4721,-4388,-6580,3477,1763,0,0
4691,4038,-5272,-6515,3371,3651,0,0
6795,1777,-7058,-6148,2514,4304,0,0
5435,-627,-7847,-6199,2405,3545,0,0
3238,-1911,-7336,-6566,3619,3701,0,0
2034,-3068,-6741,-6947,4317,3154,0,0
561,-3889,-5749,-6846,4933,1875,0,0
-1127,-4039,-4357,-8004,6962,146,0,0
-2100,-3992,-3550,-10669,9326,-228,0,0
-2619,-3857,-3058,-14122,13943,-3661,0,0
-2832,-2986,-1905,-9985,18822,-10506,0,0
-551,-1634,1384,-7882,20568,-12660,0,0
-1675,1526,5490,-7021,15390,-3558,0,0
-2852,2090,8030,-7138,14133,2758,0,0
1059,-7,8172,-7755,9259,5833,0,0
3005,-1373,7743,-5508,4549,6669,0,0
2366,-1546,8023,-4758,3794,5719,0,0
1563,-1239,7721,-5789,4693,5978,0,0
-97,-1167,6710,-7443,4826,6308,0,0
-2799,-1688,5784,-6826,3416,4624,0,0
-3426,-2498,5061,-5684,2206,2573,0,0
-2842,-2673,4146,-4288,64,-605,0,0
-2961,-2840,2910,-1111,-2616,-9718,0,0
249,-2800,812,-1772,-6418,-15779,0,0
792,-814,-1227,-2319,-4997,-17077,0,0
1610,1596,-3283,-1737,-832,-8757,0,0
2038,3250,-4233,-4777,914,-3817,0,0
1799,4766,-4326,-6982,2188,392,0,0
3319,4610,-4732,-6498,2317,2554,0,0
5997,3092,-5788,-6232,2908,3719,0,0
6893,561,-7178,-6163,3230,4536,0,0
3526,-1444,-7110,-5644,3363,4352,0,0
1282,-2476,-6043,-6138,4600,3371,0,0
-467,-3286,-5320,-6705,6964,1608,0,0
-2039,-3320,-4459,-7642,10347,684,0,0
-4441,-2275,-4141,-10354,15583,370,0,0
-6469,-1022,-4160,-7381,24466,-1930,0,0
-4663,-938,-1276,-832,27518,-3700,0,0
-5,-1136,2612,612,21997,-591,0,0
2517,-1099,5382,-2628,13624,2623,0,0
1575,-1115,7322,-4927,9729,4680,0,0
2597,-1335,7597,-6796,6965,6388,0,0
3203,-1255,7001,-7669,5351,5868,0,0
2431,-896,6458,-8723,5182,4985,0,0
1431,-612,5893,-9835,4833,4249,0,0
-862,-343,5560,-9564,2922,3366,0,0
-3385,-736,5337,-6814,-324,998,0,0
-4869,-2149,5138,-1567,-4609,-2519,0,0
-4447,-3538,4483,965,-7458,-9257,0,0
-1057,-3326,555,76,-9244,-17345,0,0
-1375,-46,-2616,-2046,103,-16955,0,0
-169,2141,-2362,-2920,2461,-9935,0,0
1041,3804,-2354,-6456,1171,-5041,0,0
1895,4900,-3198,-6488,1596,362,0,0
2886,4708,-3596,-6909,2467,3195,0,0
4866,3683,-4302,-6542,2637,4651,0,0
4799,2032,-5539,-5566,2157,5426,0,0
2747,598,-5993,-5040,3075,4803,0,0
1644,-320,-5951,-5225,3310,4627,0,0
-554,-956,-5551,-4181,5365,3152,0,0
-1474,-1046,-5002,-3498,9229,2183,0,0
-2776,-490,-4570,-3330,14515,2031,0,0
-3523,-43,-3711,-2993,22118,2091,0,0
-2865,-221,-960,1391,24230,2004,0,0
-903,-1163,2503,1131,22036,3647,0,0
1101,-1990,4832,-2484,16035,6566,0,0
-38,-2878,6423,-4435,11758,7935,0,0
925,-4193,6946,-5859,7837,6638,0,0
2713,-4626,7121,-5813,4701,4879,0,0
3220,-3965,6970,-5488,3225,3958,0,0
1883,-2743,6222,-6017,2571,3606,0,0
-1890,-1297,5248,-6533,1806,3959,0,0
-4359,-882,4561,-5743,1272,2731,0,0
-3616,-946,3989,-6575,1438,-97,0,0
-3220,-1012,2981,-5250,-771,-5232,0,0
-1590,-1426,1102,-2988,-4485,-14288,0,0
674,-275,-1243,-655,-3712,-17172,0,0
3281,385,-3192,2164,-3268,-11584,0,0
1559,2039,-4653,350,632,-9191,0,0
576,4188,-4652,-3473,3392,-2719,0,0
2032,5173,-4385,-6275,3586,1999,0,0
4552,4544,-5246,-7569,3603,4055,0,0
6302,2383,-6708,-6696,3373,4480,0,0
5108,418,-7323,-5788,2998,4344,0,0
2174,-446,-7126,-5963,3020,3887,0,0
278,-622,-6846,-6495,3734,2277,0,0
-4024,51,-5809,-5158,6561,1216,0,0
-4637,474,-3905,-3563,11900,589,0,0
-4368,115,-2747,-5679,18694,625,0,0
-1324,-116,-1581,-3838,20799,1704,0,0
-1511,-802,865,-3583,20512,1711,0,0
-1223,-1648,3398,-2454,16532,3187,0,0
-487,-2331,4860,-1778,11393,5343,0,0
-231,-3236,6182,-3895,8399,5579,0,0
964,-3908,6995,-6699,6276,5617,0,0
1755,-3939,7058,-7977,5066,5348,0,0
963,-3306,6693,-7837,4429,4067,0,0
-293,-2377,5938,-8490,4370,3737,0,0
-2358,-1933,5060,-8682,3407,1703,0,0
-4387,-1834,4695,-5224,542,-1939,0,0
-4210,-1828,4451,-2882,-1960,-6512,0,0
-2943,-2274,3133,326,-6065,-13494,0,0
136,-1694,-184,236,-7750,-19165,0,0
2563,363,-2904,318,-1894,-11930,0,0
2037,2300,-3011,-2142,-339,-7840,0,0
285,4684,-2816,-5517,2304,-2988,0,0
1967,5111,-3037,-7043,3587,1020,0,0
4505,4105,-3877,-6473,3286,2899,0,0
5553,2888,-4746,-6015,2895,4098,0,0
5190,1255,-5894,-5477,2383,4484,0,0
3080,90,-6164,-4947,2601,4746,0,0
207,-367,-5749,-3515,4162,4560,0,0
-1878,-426,-5013,-2805,7734,3328,0,0
-2453,306,-4126,-2710,11036,4365,0,0
-1427,35,-5165,-4274,17127,4573,0,0
-1858,-388,-2846,-678,21600,2620,0,0
-1509,-1220,662,1350,22705,2160,0,0
28,-1521,3260,-492,18112,3284,0,0
-1077,-1277,5114,-3195,13414,5660,0,0
-851,-1924,5678,-5280,8038,6848,0,0
-507,-3143,5771,-5107,4327,5943,0,0
710,-3985,5885,-5965,3088,5306,0,0
1425,-4023,5646,-6620,1992,4696,0,0
-667,-3514,5411,-7590,2134,4233,0,0
-3026,-3095,4872,-7974,2584,2961,0,0
-3304,-3357,3732,-6748,1473,-782,0,0
-2467,-3156,2837,-4655,-902,-3717,0,0
-1738,-2488,2059,-3779,-3072,-9762,0,0
-54,-1533,571,-1324,-7136,-16628,0,0
942,583,-1483,1322,-6185,-14782,0,0
1952,1909,-6224,629,-1647,-10673,0,0
1469,3596,-5208,-3434,2594,-5427,0,0
1601,4886,-5107,-6607,4604,-914,0,0
3789,4967,-5344,-8125,5049,2529,0,0
5816,3733,-6258,-8153,4118,5026,0,0
4686,1922,-7136,-6651,2276,5510,0,0
762,890,-6399,-6336,2624,5249,0,0
-2088,594,-5441,-5689,3753,4793,0,0
-3261,673,-4591,-3192,6900,3276,0,0
-2871,666,-3647,-1226,11236,3195,0,0
-2005,247,-2434,-2460,15495,3951,0,0
-818,-190,-1090,-2721,17693,4881,0,0
-443,-390,314,-1029,17476,4772,0,0
-1328,-807,2403,-2156,15669,5137,0,0
-1409,-1638,3873,-3657,11728,5970,0,0
-1539,-2435,4126,-3569,8237,6290,0,0
-1481,-3425,4364,-3569,5724,5738,0,0
-793,-4296,4822,-4886,3934,5058,0,0
561,-4777,4916,-6587,2863,4811,0,0
657,-4851,4847,-6966,2558,4310,0,0
-137,-4473,4864,-7191,2219,3247,0,0
-1894,-3820,4799,-8017,2660,1817,0,0
-2764,-3646,4278,-6307,1010,-1436,0,0
-2463,-2958,3954,-6198,-1235,-5677,0,0
-1909,-2103,2480,-2594,-7654,-14673,0,0
-1066,-65,-401,342,-6414,-19812,0,0
1998,912,-3244,1188,-1516,-12575,0,0
1641,2501,-3754,-226,1747,-8373,0,0
1462,4736,-3666,-3514,2485,-3014,0,0
1667,6223,-3612,-6849,2679,1694,0,0
4087,5956,-4420,-8920,3191,4131,0,0
6649,3726,-6036,-8314,2738,4592,0,0
5641,1813,-6542,-7404,2182,4560,0,0
2075,633,-6402,-6554,2349,3796,0,0
-915,264,-5902,-5263,5191,2769,0,0
-1965,473,-4543,-1388,8705,2491,0,0
-1572,306,-3783,-2677,12459,3100,0,0
-1448,171,-2556,-3413,16174,3952,0,0
-1018,-175,-1592,-2271,18711,4497,0,0
-2067,-597,893,-1325,18717,4655,0,0
-2507,-1450,3227,-2336,15782,6293,0,0
-1543,-2533,4376,-3647,10872,7929,0,0
-1691,-4013,4905,-4132,7730,7683,0,0
-942,-5261,5351,-5226,4873,6224,0,0
541,-5866,5499,-6570,3784,5469,0,0
2562,-5652,5266,-7252,2663,5080,0,0
1061,-4399,5272,-7173,2143,4361,0,0
-2086,-3027,5070,-7448,2093,3461,0,0
-3624,-2528,4433,-6962,2037,937,0,0
-3750,-2419,3763,-5845,860,-2951,0,0
-2936,-2708,2724,-3384,-2867,-10373,0,0
327,-2357,229,-3679,-8080,-19787,0,0
1319,645,-2225,-181,-3539,-13942,0,0
2218,1676,-4377,14,-612,-9651,0,0
1480,3676,-4539,-2815,2343,-5949,0,0
998,5584,-4450,-5792,3545,-742,0,0
1915,6437,-4767,-8404,4764,2600,0,0
4740,5804,-5541,-8616,5148,3481,0,0
5936,4370,-6135,-7870,4085,3425,0,0
3266,3036,-5619,-6308,3167,3748,0,0
1378,1865,-5012,-4924,4010,3514,0,0
530,1678,-4505,-4403,5253,3212,0,0
-206,1556,-4141,-2708,7844,2874,0,0
-391,1135,-3580,-4760,10082,2926,0,0
-1882,343,-2548,-5137,14842,3696,0,0
-1340,-368,-1543,-2670,17853,4394,0,0
-2834,-931,377,-1813,18478,5081,0,0
-2164,-1783,2496,-3419,14405,5642,0,0
-1535,-2794,3530,-3914,9668,6264,0,0
-2219,-3854,4163,-4368,6698,5657,0,0
-2502,-6888,4706,-6669,5232,4952,0,0
-1321,-5813,4796,-8197,4301,4344,0,0
1070,-6188,4465,-8646,3029,4026,0,0
1067,-5522,4411,-8522,2293,3802,0,0
-779,-4465,4460,-8347,1989,2151,0,0
-2304,-3278,4165,-5430,-353,-1584,0,0
-4116,-2826,4056,1421,-4334,-6282,0,0
-3307,-3041,2907,4431,-4744,-11470,0,0
533,-3025,-529,836,-4202,-11330,0,0
608,-1464,-2028,-2375,-750,-9073,0,0
137,770,-1633,-4411,732,-7993,0,0
755,3041,-1275,-5200,-330,-5129,0,0
203,4797,-1519,-5759,8,-2732,0,0
635,5530,-2094,-5796,957,-75,0,0
2482,5210,-3012,-5702,1812,1320,0,0
3947,4750,-3768,-6174,2947,2501,0,0
4480,3865,-4300,-3342,3093,3765,0,0
3712,2569,-4840,-2731,4055,4253,0,0
2308,2023,-5612,-6667,8437,5605,0,0
554,2456,-6377,-5948,13368,7176,0,0
-2585,2680,-5605,-3497,18429,7886,0,0
-3908,2049,-2709,1648,22073,10614,0,0
-1661,223,313,2458,19693,13086,0,0
-1430,-2278,2893,341,14419,11419,0,0
-1446,-4754,4540,-3161,9537,8676,0,0
317,-6306,5733,-9605,6124,7244,0,0
2614,-6767,6092,-12610,3463,5660,0,0
1952,-5632,5909,-10642,1009,4416,0,0
-1649,-3970,5585,-8676,455,3414,0,0
-3898,-3124,4861,-6779,540,1891,0,0
-4271,-3131,4050,-6090,1261,-1093,0,0
-3035,-3402,3101,-3558,-2230,-6636,0,0
-1770,-3137,2146,-60,-5146,-12834,0,0
-84,-1602,-833,-1049,-3194,-18277,0,0
-854,915,-2664,15,3467,-15404,0,0
707,2645,-1925,1290,4091,-10635,0,0
1996,4850,-1633,-2137,1838,-3922,0,0
2419,6022,-2213,-5775,1339,1663,0,0
3670,5738,-2991,-7681,2461,4382,0,0
6491,4397,-4498,-6973,1492,5179,0,0
5330,3163,-5638,-6147,454,4694,0,0
1698,2392,-5645,-5949,1259,4208,0,0
499,1658,-5339,-5481,2458,3865,0,0
-780,1271,-4975,-3561,5562,3490,0,0
-1354,1503,-3968,-2033,8972,3673,0,0
-1279,1781,-3526,-3067,12030,5426,0,0
-1766,1368,-2529,-2872,15088,6886,0,0
-1195,784,-1190,244,16813,9102,0,0
-2147,-101,1029,469,15906,10154,0,0
-2119,-1948,2892,-2700,12617,10176,0,0
-1363,-3687,3528,-4706,9353,10421,0,0
-1380,-5128,3666,-5639,6539,9020,0,0
-2235,-6243,3878,-6476,4510,6675,0,0
-1870,-7229,3755,-6804,3598,4819,0,0
997,-7450,3330,-7240,1854,3967,0,0
1335,-6525,3520,-7652,308,3712,0,0
-1121,-5298,3838,-6625,475,1500,0,0
-1888,-3778,3588,-6492,435,-807,0,0
-2506,-2408,3348,-6550,49,-4395,0,0
-2093,-1282,2472,-5296,-980,-6621,0,0
-467,-1100,541,-3718,-3482,-13533,0,0
1992,-8,-1911,27,-3753,-13864,0,0
3134,1121,-4102,1700,-1250,-11441,0,0
620,3411,-4951,283,4237,-8649,0,0
-386,6020,-3543,-2937,6548,-3554,0,0
2857,7224,-3000,-6915,4375,2067,0,0
4114,6749,-4321,-10307,2295,6949,0,0
3589,4954,-5632,-8518,1747,7402,0,0
5386,2880,-6407,-6169,894,6382,0,0
1804,1560,-6243,-6591,1945,5419,0,0
-2374,1554,-5509,-4069,6292,4327,0,0
-2596,1974,-4316,-1180,9243,4525,0,0
-2159,1504,-2834,-1558,11326,5686,0,0
-1396,235,-1541,-2352,14261,6310,0,0
-137,-940,-2104,-1245,15506,6875,0,0
-579,-1301,1533,-2771,14083,8221,0,0
-2412,-2457,2894,-3861,13074,7882,0,0
-1186,-3377,3475,-4131,9693,8065,0,0
-773,-4097,3449,-4816,5897,7541,0,0
-1044,-4953,3655,-4606,3442,5967,0,0
-1063,-5655,3930,-4218,2536,5201,0,0
11,-6008,3748,-5276,1884,4655,0,0
596,-5755,3656,-5885,1549,3706,0,0
138,-5008,3662,-5975,1752,2617,0,0
-929,-4039,3479,-6227,1642,106,0,0
-1535,-2904,3121,-5098,214,-1944,0,0
-2165,-2043,2805,-4359,-1546,-5423,0,0
-1047,-2147,1568,-2440,-5480,-12614,0,0
963,-852,-610,-632,-5670,-16751,0,0
1900,1132,-3184,660,-1857,-10102,0,0
262,2899,-3350,1882,2288,-9714,0,0
556,4999,-2675,-589,3863,-4955,0,0
1175,6365,-2540,-4570,3726,513,0,0
2155,6768,-2586,-6836,3284,3329,0,0
4363,6444,-3240,-7533,2451,4947,0,0
5444,5050,-4387,-6179,912,5134,0,0
3083,3647,-4491,-5530,365,4752,0,0
398,2710,-4008,-5219,837,4129,0,0
-807,2167,-3998,-3462,2563,4086,0,0
-991,2131,-3631,-1538,6147,5675,0,0
-1112,1538,-2758,-2116,9335,6922,0,0
-698,425,-1878,-2491,13948,8868,0,0
627,-260,-635,-2824,15357,10315,0,0
-1522,-902,1065,-2425,14835,11242,0,0
-2526,-2299,2447,-3016,11954,11027,0,0
-2041,-3893,3076,-4303,7938,10749,0,0
-1890,-5316,3345,-5023,4115,9025,0,0
-1766,-6829,3501,-7627,3489,6350,0,0
993,-7907,3580,-8352,2258,4720,0,0
2611,-7540,3841,-7426,456,3887,0,0
-244,-5648,4481,-6991,363,3077,0,0
-3357,-3938,4395,-6582,1742,1177,0,0
-3354,-3395,3106,-5865,1746,-1148,0,0
-2180,-2975,2422,-6652,806,-4280,0,0
-830,-2205,1598,-5396,-1969,-11656,0,0
-6,-665,-358,-3048,-5128,-17912,0,0
1886,899,-2287,1054,-3703,-12382,0,0
1546,2677,-4129,1808,-165,-9217,0,0
-1262,5359,-3853,55,5616,-5369,0,0
-1298,7496,-2070,-3383,6373,822,0,0
865,8366,-885,-7685,4354,4421,0,0
3484,8283,-1260,-10252,1715,6268,0,0
5615,6623,-3083,-7459,-107,5965,0,0
5904,4176,-4297,-5942,-347,4551,0,0
3240,2641,-4238,-5271,791,3442,0,0
2098,1656,-4777,-4577,2790,3443,0,0
933,1456,-4216,-3388,5414,3768,0,0
-1775,1753,-3249,-2911,10083,5448,0,0
-2559,1252,-1914,-3472,16148,7991,0,0
-418,384,65,-2396,17630,10871,0,0
-1169,-763,2046,-4499,14155,11197,0,0
-2388,-2752,3043,-6332,10853,10734,0,0
-2428,-4030,3255,-6475,7491,9693,0,0
-2718,-5260,3238,-6371,5156,7976,0,0
-1660,-6480,3413,-7927,3360,6358,0,0
-496,-7297,3541,-9186,3001,5005,0,0
1059,-7417,3482,-9014,1931,4391,0,0
-136,-6602,3767,-9323,1406,3939,0,0
-2088,-5807,4147,-7867,1882,1680,0,0
-1670,-4600,3657,-7154,-62,-1925,0,0
-3795,-2541,3124,-6467,-746,-5589,0,0
-3238,-1715,1739,-4645,-1768,-10481,0,0
876,-1638,-992,-1612,-4474,-18490,0,0
2982,466,-3484,1415,-2363,-14085,0,0
420,3217,-3834,1663,2768,-10106,0,0
-751,5864,-2575,132,5997,-5158,0,0
889,7233,-1340,-4711,5516,889,0,0
4153,6705,-1792,-8170,4523,4387,0,0
7194,5143,-3790,-7950,3242,5681,0,0
6725,3437,-5497,-6505,1480,5093,0,0
3874,2459,-5623,-6703,1909,3701,0,0
1209,2148,-5038,-4501,3205,3462,0,0
-660,2033,-4624,-1647,5367,3794,0,0
-1995,2074,-3517,-1416,7411,4996,0,0
-1514,1249,-2800,-3983,10760,6391,0,0
201,-380,-2550,-2040,14326,6982,0,0
-361,-1078,-934,-276,16366,7398,0,0
-2843,-2100,1278,-3128,16169,7263,0,0
-3050,-3249,2876,-3302,13179,8387,0,0
-1658,-3863,3514,-3410,8232,9048,0,0
-1343,-4886,3745,-3942,5098,7776,0,0
-474,-5830,3923,-4871,3061,6537,0,0
546,-6172,3997,-6876,2338,6106,0,0
1360,-6076,3965,-7440,1574,4801,0,0
502,-5172,4192,-7517,1168,3814,0,0
-1182,-4098,4147,-8240,1347,1617,0,0
-2099,-3407,3588,-7240,489,-1312,0,0
-3320,-2869,3710,-4423,-1696,-6427,0,0
-628,-3321,2072,508,-5241,-14565,0,0
2431,-1482,-1603,-2312,-6173,-15220,0,0
-897,1757,-2712,-1371,252,-11692,0,0
19,3280,-2595,1352,2068,-9528,0,0
1542,4771,-3029,-1061,2297,-4423,0,0
1704,6184,-3273,-5143,3020,-265,0,0
3754,6965,-3798,-9016,4186,2978,0,0
5967,5912,-5365,-9066,3986,4937,0,0
5043,4318,-5726,-6992,1527,5128,0,0
1834,2844,-4805,-5783,815,4391,0,0
683,1185,-4756,-5552,2351,4041,0,0
-546,891,-4342,-3746,5285,3845,0,0
-1438,1231,-3999,-3502,8977,4436,0,0
-145,880,-3585,-3559,12634,5933,0,0
-513,121,-4048,-2592,16433,6538,0,0
-1560,-729,18,-1220,18194,7783,0,0
-2316,-1609,2118,-3629,15521,9329,0,0
-3702,-3373,3499,-3863,12686,10446,0,0
-1844,-5596,4097,-5229,8710,11272,0,0
-1195,-7231,4452,-6301,4532,10357,0,0
-294,-8261,4516,-8209,4192,7198,0,0
3093,-7949,4615,-9261,3053,5527,0,0
2061,-6143,4900,-8531,1711,4603,0,0
-1928,-4070,4797,-7821,1231,1670,0,0
-3168,-2510,4151,-7996,264,-1715,0,0
-2435,-1423,3455,-8742,-1362,-3832,0,0
-1537,-1310,1526,-5132,-2900,-8850,0,0
162,-1377,-851,-2388,-4860,-17294,0,0
2081,216,-2163,1198,-3426,-14489,0,0
2488,2330,-3875,2176,-1377,-10221,0,0
-44,5039,-4635,299,4867,-6230,0,0
-84,7090,-3427,-3687,7266,-397,0,0
3080,7710,-2447,-7542,5911,2799,0,0
5148,7121,-3026,-9684,4182,4558,0,0
4650,5244,-3769,-6444,564,5521,0,0
3609,3165,-3443,-3886,-581,4542,0,0
2590,1340,-3974,-4377,-108,4380,0,0
322,785,-4325,-3240,2940,4108,0,0
-607,1269,-3745,-2722,6807,5019,0,0
-806,846,-3224,-2518,11684,6428,0,0
286,186,-2178,-1647,15603,8515,0,0
-1799,-479,-444,-1013,17675,9742,0,0
-2877,-2184,1574,-1290,17137,10104,0,0
-1655,-3629,3003,-2645,12670,10687,0,0
-1126,-5394,3784,-5351,7826,10083,0,0
-1472,-6953,4203,-6479,4746,8427,0,0
-254,-7605,4258,-6899,2674,5998,0,0
910,-7191,4180,-6828,1865,4696,0,0
1407,-6241,4123,-8389,681,4570,0,0
-943,-5088,4104,-7785,1,2489,0,0
-2431,-3686,3529,-7204,-56,-389,0,0
-2640,-2673,2813,-7594,-300,-3701,0,0
-662,-2115,1646,-5211,-1427,-9268,0,0
978,-909,-166,-2585,-4083,-16386,0,0
805,1100,-1764,1437,-3667,-13449,0,0
1785,2517,-3574,1972,-502,-10698,0,0
396,4980,-3956,-2672,4321,-5934,0,0
-681,7026,-2791,-3478,6522,-1652,0,0
2807,7497,-2583,-6393,5639,2531,0,0
5961,6961,-3613,-9339,5085,4226,0,0
6985,5949,-4778,-9447,3846,5820,0,0
4200,4828,-4635,-6460,-133,5748,0,0
-624,3325,-3665,-3256,1698,4245,0,0
-144,1965,-3649,-2206,2313,5668,0,0
-1170,1631,-3020,-308,4657,6789,0,0
-1799,927,-2397,-2572,7836,7116,0,0
145,-297,-2175,-3468,11427,8624,0,0
754,-1207,-1626,-1438,13655,9801,0,0
-2226,-2113,3,-1295,16356,9878,0,0
-2575,-3158,1789,-2149,14420,10681,0,0
-2028,-4528,2830,-4008,9976,10437,0,0
-1672,-5872,3161,-4845,5852,8712,0,0
-623,-6856,3239,-5117,2951,6120,0,0
653,-7009,3456,-5405,723,4800,0,0
499,-6271,3574,-5268,705,4316,0,0
236,-5207,3478,-6171,995,3562,0,0
-1558,-3808,3699,-6654,1986,2350,0,0
-2576,-3305,3203,-5786,2066,-713,0,0
-2719,-2533,2641,-5316,1116,-2587,0,0
-2759,-1838,2055,-3923,-7,-7526,0,0
954,-2060,23,-559,-3627,-13548,0,0
1403,-555,-1283,245,-3955,-16478,0,0
1362,1621,-2839,2014,-1488,-10672,0,0
832,3494,-3620,107,2587,-7919,0,0
-143,5645,-2832,-2995,4189,-3241,0,0
1473,6991,-2386,-7098,3634,1372,0,0
4272,6906,-3360,-9677,3455,4518,0,0
5033,5396,-4816,-8239,2668,5166,0,0
4715,4138,-5325,-6423,1529,4963,0,0
2567,3241,-5101,-6255,1208,4726,0,0
-1132,3033,-4640,-4473,3585,5031,0,0
-2707,3144,-3734,-3288,6893,5953,0,0
-1893,2476,-3066,-3075,11591,7992,0,0
-103,1442,-2050,-1885,15374,10151,0,0
-932,530,-299,-468,15966,12188,0,0
-2992,-1323,1623,-2480,14733,12302,0,0
-2652,-3422,2761,-4687,10643,12800,0,0
-2831,-5445,2960,-5339,7627,11928,0,0
-2033,-7195,3088,-6093,4399,9918,0,0
-566,-8349,3316,-8343,2984,7010,0,0
1396,-8430,3399,-8007,2160,5080,0,0
1238,-7293,3726,-7911,1454,4308,0,0
-1102,-5386,4035,-8483,1160,3299,0,0
-2869,-3958,3749,-7373,1616,176,0,0
-2690,-2852,3118,-7310,763,-3021,0,0
-2476,-1773,2689,-7120,-233,-7529,0,0
-545,-1131,871,-3467,-4088,-13300,0,0
1141,-459,-1683,54,-4706,-18278,0,0
3010,1303,-4269,753,-1950,-13106,0,0
1199,4052,-5477,-2364,4157,-7387,0,0
-672,6731,-4065,-5522,7100,-1436,0,0
1983,7531,-2634,-7734,5376,3196,0,0
7144,6724,-3971,-9858,3560,6945,0,0
4838,4540,-5930,-8117,1145,6556,0,0
118,3542,-4723,-6615,1598,4478,0,0
-935,3189,-3861,-3651,3065,4968,0,0
-2053,3003,-3856,-3040,5389,5639,0,0
-1771,3086,-2679,-2708,7392,6586,0,0
-655,2615,-2643,-3171,10980,10150,0,0
546,1585,-1958,436,12809,12071,0,0
-961,-28,-280,-89,13356,12816,0,0
-2209,-2426,1355,-1893,13068,12171,0,0
-1370,-4144,2334,-4791,10241,11556,0,0
-2240,-5813,2651,-6083,8067,10693,0,0
-1802,-7397,2892,-6842,4873,9441,0,0
-951,-8212,3221,-6406,1953,7095,0,0
720,-8147,3208,-6093,1507,4853,0,0
1743,-7259,3155,-6598,1215,4089,0,0
-54,-5899,3283,-7858,1424,2673,0,0
-1407,-4476,3129,-6826,697,-330,0,0
-1599,-2896,2996,-6971,-317,-2250,0,0
-2256,-1410,2529,-7446,-1038,-5389,0,0
-899,-425,729,-6472,-1180,-13677,0,0
1099,910,-1035,-1138,-1802,-13606,0,0
3394,1347,-3156,2322,-2781,-12255,0,0
1542,4015,-4706,1475,2029,-8401,0,0
-1795,7138,-3503,-1275,7593,-2725,0,0
-1866,8984,-928,-5019,6680,2474,0,0
3306,8918,-548,-10173,4496,5370,0,0
6906,7366,-2264,-10488,2444,7212,0,0
4442,5061,-2894,-7704,-992,5521,0,0
2780,3284,-2645,-4881,385,3080,0,0
2995,2534,-3709,-4274,662,4619,0,0
26,2470,-3841,-2215,3901,6537,0,0
-1883,2287,-2577,-186,7884,7388,0,0
-777,933,-1631,-1632,11698,9994,0,0
502,-641,-556,-2320,13806,11360,0,0
-757,-1499,723,-2788,13271,11702,0,0
-2728,-2995,1864,-3428,11953,11614,0,0
-1873,-4729,2454,-3752,8467,11746,0,0
-1748,-6466,2701,-5279,5813,10068,0,0
-1012,-7852,2794,-6348,4160,7292,0,0
1593,-8056,3302,-6245,2194,5072,0,0
1825,-6917,3889,-6117,1069,4093,0,0
-1161,-5221,3969,-6821,1371,3674,0,0
-3495,-3908,3790,-7030,2121,2140,0,0
-2694,-3376,3232,-6548,1564,-469,0,0
-2875,-2390,2931,-6583,946,-4550,0,0
-2084,-1244,1631,-4618,-253,-9092,0,0
387,-1120,-889,-2901,-1226,-17906,0,0
2393,598,-2147,183,-1639,-13231,0,0
2504,2598,-3617,2247,360,-10196,0,0
289,5017,-4177,1740,5936,-7000,0,0
43,7160,-2514,-2551,6720,-373,0,0
2222,8249,-1083,-7917,4936,3568,0,0
4784,7835,-2116,-10784,3158,6943,0,0
3833,6069,-3499,-8132,723,7065,0,0
4258,4360,-3474,-6292,-235,4767,0,0
2943,3044,-3924,-5810,717,4078,0,0
1088,2348,-4390,-3441,3253,4533,0,0
-7,2528,-3736,-2004,5367,5356,0,0
-1770,2317,-2743,-172,9038,7653,0,0
-1966,1062,-1339,-2604,13076,10063,0,0
-175,-917,-283,-3464,15053,11314,0,0
-174,-1963,1220,-3776,13270,10896,0,0
-2123,-3061,2247,-6069,10032,10159,0,0
-2334,-4572,2302,-4903,7453,10171,0,0
-2081,-5543,2438,-4846,5613,8504,0,0
-1658,-6378,2935,-7459,3594,6426,0,0
-193,-7337,3025,-8823,2738,4994,0,0
1817,-7577,2867,-9074,1298,4265,0,0
688,-5965,3455,-10612,-1324,4213,0,0
-5125,-4422,4438,-7732,972,786,0,0
-4094,-4322,3099,-4541,2482,-2252,0,0
-2350,-3999,1753,-2082,1681,-7612,0,0
-828,-3619,457,-103,-1084,-14148,0,0
197,-1043,-716,-2450,-1304,-20080,0,0
703,1971,-1953,964,1976,-11857,0,0
1153,3515,-2296,934,4355,-8363,0,0
824,5771,-1715,-3083,4888,-2530,0,0
1448,7201,-671,-6837,3554,2076,0,0
4157,7020,-914,-8248,2514,3674,0,0
6978,5818,-2539,-8019,1960,4596,0,0
6912,4188,-3966,-6385,530,4500,0,0
3593,3281,-3980,-5446,520,3841,0,0
1202,2358,-4180,-3967,2050,3934,0,0
-668,2341,-3930,-3068,5005,5524,0,0
-2038,2787,-3292,-3464,10132,8450,0,0
-2384,1903,-2956,-2052,14065,12165,0,0
-510,372,-1595,436,15808,14484,0,0
-2162,-1455,130,-699,15366,13409,0,0
-2671,-3354,1331,-2153,13018,11624,0,0
-1613,-5042,2226,-3671,9069,9314,0,0
-1186,-5970,2749,-5664,5017,7466,0,0
-788,-6540,2928,-7425,1933,5897,0,0
-828,-6598,2958,-7154,-251,5461,0,0
-2026,-6240,2836,-6987,-182,4240,0,0
-2545,-5934,2456,-8422,1669,2526,0,0
-2083,-5538,1988,-7811,2638,231,0,0
-2083,-4594,1780,-7113,2807,-3667,0,0
-1183,-3640,1426,-5121,2042,-8642,0,0
1345,-2620,274,-2133,-1103,-13589,0,0
1565,-680,-331,633,-3998,-16267,0,0
1026,2020,-1179,2131,-3424,-12833,0,0
466,4115,-3140,418,1582,-7911,0,0
725,5418,-3639,-3429,5187,-2396,0,0
3495,5812,-3141,-5778,3962,1453,0,0
5302,5896,-3691,-8091,2374,3956,0,0
3443,5836,-4715,-8901,1683,5837,0,0
1546,5005,-4872,-7371,1336,5569,0,0
689,4187,-4242,-6078,1500,4617,0,0
-1423,3880,-3881,-4193,4019,5313,0,0
-2262,3801,-3103,-1880,6414,6337,0,0
-1567,3462,-2157,-2842,9437,8879,0,0
-1203,2455,-1356,-3072,12389,11759,0,0
-512,1252,-425,-2422,13340,14452,0,0
-1247,-594,739,-1506,11803,14791,0,0
-2027,-3067,1674,-2791,9154,12998,0,0
-1867,-5113,2151,-4269,6592,11372,0,0
-2389,-6562,2441,-6932,5635,8399,0,0
-558,-7717,2750,-8914,3760,6420,0,0
1729,-8012,3151,-9099,2339,5155,0,0
1496,-7050,3430,-8975,1866,4509,0,0
-1387,-5722,3622,-9417,2362,3325,0,0
-3672,-4831,3754,-8541,2889,352,0,0
-3710,-3922,4061,-8314,1892,-2764,0,0
-3799,-3340,3891,-5197,-1050,-9964,0,0
-377,-2224,1510,-3071,-6474,-19441,0,0
626,876,-1600,-1581,-1022,-14667,0,0
1851,1227,-4095,1146,1742,-10740,0,0
1721,3109,-3507,2370,5263,-8750,0,0
755,5933,-2633,-308,5056,-2887,0,0
602,7281,-1996,-4177,4228,1807,0,0
3919,7617,-1995,-8093,4366,4476,0,0
7913,6628,-3598,-8898,3365,6040,0,0
6321,4557,-4697,-5769,-584,5767,0,0
1634,2886,-3614,-4731,172,2978,0,0
1731,1593,-3754,-4828,1265,2635,0,0
1430,1090,-4461,-4499,2123,3769,0,0
-1247,1862,-3946,-2055,5828,4219,0,0
-3715,2451,-3117,-3509,11166,7032,0,0
-2345,1385,-1946,-3488,16242,9799,0,0
629,-73,-512,-2309,16093,12131,0,0
-2716,-1313,1060,-3475,15003,11310,0,0
-3207,-2640,2289,-3804,10846,10442,0,0
-2732,-4010,2624,-3752,6895,9215,0,0
-3305,-5082,2964,-6452,5055,7566,0,0
-2006,-6250,2973,-8906,3053,5411,0,0
63,-7023,2557,-8980,1967,4273,0,0
1646,-7107,2518,-8801,1032,4054,0,0
309,-6408,3102,-9004,734,3307,0,0
-3042,-5713,3520,-8191,1404,76,0,0
-2121,-4894,3083,-8197,-45,-2930,0,0
-1651,-3891,2350,-5468,-2586,-8011,0,0
-987,-2427,1267,-1515,-6456,-15628,0,0
-588,416,-809,-579,-3404,-16100,0,0
982,1848,-2972,1233,301,-12459,0,0
1262,3441,-3671,2541,4207,-9192,0,0
325,6141,-2467,-367,5710,-3048,0,0
-172,7919,-1111,-5235,4994,1375,0,0
2666,8225,-936,-8841,4644,4036,0,0
6068,6545,-1853,-8339,2311,6794,0,0
5842,3827,-2302,-4362,-775,4395,0,0
4788,2162,-2700,-4363,183,2409,0,0
3615,1469,-3938,-5011,-84,3852,0,0
282,1766,-4193,-3649,2187,4122,0,0
-2494,2479,-3603,-2393,6307,5677,0,0
-2724,2033,-2741,-2762,12217,8245,0,0
566,698,-1857,-1752,15445,12337,0,0
-437,-498,-266,-1735,15472,12584,0,0
-2719,-2216,1164,-2810,13868,11317,0,0
-2595,-3759,2180,-2766,9940,11160,0,0
-2978,-4870,2723,-4237,6692,9864,0,0
-2561,-6230,3010,-7107,4828,8070,0,0
-335,-7569,3054,-9871,3913,5901,0,0
2547,-7789,3195,-10348,2556,5276,0,0
1526,-6325,3872,-10709,684,4406,0,0
-3894,-5046,4556,-8762,1981,-519,0,0
-3816,-4030,3980,-8606,1399,-4897,0,0
-2989,-2718,2953,-5938,-1319,-8361,0,0
-1997,-2046,1240,-2293,-3533,-13580,0,0
920,-1109,-862,-660,-4715,-18234,0,0
2289,1627,-2574,1857,-2830,-11524,0,0
414,4295,-3704,1312,2351,-7968,0,0
-806,6753,-2779,-2135,6683,-1887,0,0
510,8377,-1013,-7252,6780,2874,0,0
4208,8398,-805,-9437,5651,5087,0,0
6739,6598,-2185,-7780,3151,5960,0,0
5603,4187,-2566,-5218,594,4616,0,0
6865,1852,-3266,-4087,752,4129,0,0
6002,400,-4638,-4079,323,4540,0,0
-18,814,-4371,-3115,4394,4981,0,0
-3479,1565,-3077,-2440,9808,6318,0,0
-1297,333,-2562,-2524,14927,8588,0,0
1189,-1221,-1255,-2071,16586,9848,0,0
-2101,-2464,380,-3302,16817,8790,0,0
-4591,-3569,2041,-3269,15633,9008,0,0
-3089,-4397,3051,-2864,10423,9231,0,0
-2744,-5258,3625,-5777,7048,8216,0,0
-1623,-6731,3833,-9472,5334,5628,0,0
2197,-7507,3587,-8980,2477,4959,0,0
3684,-6753,3964,-8706,458,5091,0,0
-88,-5138,4746,-8073,-700,4446,0,0
-3424,-4222,4893,-7623,394,1494,0,0
-3012,-3604,3755,-8494,-495,-2861,0,0
-2721,-2886,2544,-5567,-2544,-8785,0,0
-1935,-1743,1026,-4471,-5896,-19329,0,0
1167,334,-1280,-73,-2174,-14751,0,0
3720,1171,-4103,802,-855,-10927,0,0
1049,3426,-4879,-33,4134,-7395,0,0
-187,6191,-3787,-3441,5785,-1341,0,0
1348,7659,-2773,-6887,5067,2489,0,0
4323,7602,-3225,-8991,4482,4516,0,0
5764,6501,-4278,-8502,3536,6156,0,0
2880,4679,-4006,-4831,-961,5619,0,0
125,3176,-2846,-3800,1376,2782,0,0
2055,2024,-3659,-3271,2378,4988,0,0
904,1418,-3592,-3009,4470,5820,0,0
-1536,1643,-3120,-4164,10256,7328,0,0
-1248,1112,-2863,-2647,14968,11034,0,0
-1262,-6,-1146,-1462,16097,12414,0,0
-2394,-2106,380,-1766,15279,12995,0,0
-2036,-4066,1699,-3139,12143,11690,0,0
-1938,-5387,2532,-4693,7880,9584,0,0
-2144,-6464,2998,-7373,4564,7196,0,0
-961,-7334,3029,-8724,2128,5509,0,0
56,-7521,2907,-8191,1142,4933,0,0
-221,-7036,2986,-9411,692,4295,0,0
-1216,-6689,3116,-8711,-182,3356,0,0
-975,-6154,3165,-7657,19,801,0,0
-973,-4562,2943,-7599,-643,-4337,0,0
-870,-2787,1883,-5104,-1559,-12611,0,0
201,-665,360,-3839,-3752,-18296,0,0
-72,1714,-1077,496,-2140,-15683,0,0
2181,3141,-4062,1074,1192,-9610,0,0
1089,5456,-4251,-2042,5042,-4720,0,0
297,7673,-2455,-5354,4704,407,0,0
2872,8388,-2080,-9363,4152,3093,0,0
5805,7813,-3478,-11289,4424,5698,0,0
4536,5792,-4285,-6881,-80,6865,0,0
1138,3829,-2988,-4472,-486,3899,0,0
1897,2479,-3376,-4486,1993,3730,0,0
336,1710,-4184,-2921,3157,6535,0,0
-1501,1768,-3099,-1926,8894,7805,0,0
-521,1285,-2277,-2188,13243,10392,0,0
-82,192,-1000,-1709,15819,12735,0,0
-929,-1068,632,-1422,14617,11841,0,0
-2523,-2637,1919,-2778,11897,10687,0,0
-2832,-3947,2648,-3481,8588,9803,0,0
-2673,-4811,3101,-4270,5433,7909,0,0
-1855,-7808,3320,-6167,3573,5835,0,0
415,-6600,3275,-8129,2480,4510,0,0
2066,-6547,3317,-7979,824,4377,0,0
662,-5658,3802,-7408,358,3716,0,0
-1678,-4733,3965,-7550,1348,2343,0,0
-3507,-4352,3919,-8303,2062,-1686,0,0
-2978,-3356,3239,-6105,-2491,-6159,0,0
-1302,-2628,1493,-1147,-6087,-15079,0,0
1104,-1425,-1711,-1881,-5838,-18120,0,0
310,765,-3032,-428,-741,-13380,0,0
802,2792,-3346,1847,1768,-8763,0,0
851,4933,-3510,-1463,3222,-3284,0,0
732,6508,-2892,-5382,3340,1500,0,0
2527,6843,-2660,-8323,2660,5126,0,0
3460,5375,-3589,-6170,988,6103,0,0
2814,3413,-4108,-4215,688,4853,0,0
1873,2280,-3875,-3648,1552,4310,0,0
-136,2123,-3406,-1709,3174,4071,0,0
-1854,2578,-2674,-796,4326,4514,0,0
-1559,2756,-2577,-2010,6878,5349,0,0
723,2316,-2708,-3330,8098,7458,0,0
800,1971,-2567,-2467,10657,9912,0,0
-1462,1290,-1490,1698,13521,12289,0,0
-1757,-668,627,1861,13989,12878,0,0
-874,-3023,2278,-1737,10754,12926,0,0
-1496,-4755,2993,-5036,7794,11607,0,0
-2262,-6357,3011,-6388,6014,9178,0,0
-750,-7849,3105,-7315,4885,6017,0,0
2791,-8327,3527,-7449,2619,4287,0,0
3331,-7001,4398,-8259,691,3830,0,0
-14,-5232,4869,-6003,-118,1170,0,0
-1437,-3478,4465,-5620,159,794,0,0
-2632,-2095,3701,-6671,-32,-1783,0,0
-2148,-1499,2872,-5885,-1570,-4165,0,0
-1628,-1095,2129,-3311,-4138,-7588,0,0
-675,-638,442,-793,-5242,-10790,0,0
404,71,-2096,75,-4047,-9024,0,0
569,1095,-3762,-64,-1047,-6078,0,0
822,2086,-4334,385,1714,-6427,0,0
1102,3371,-4151,1966,3797,-4754,0,0
-261,4989,-3141,2842,6165,-1521,0,0
-837,6091,-1886,2816,7780,609,0,0
1543,5775,-1501,1210,5949,1804,0,0
3066,5249,-1524,-1754,3474,1477,0,0
4022,4710,-3000,-5074,1413,2375,0,0
1852,4831,-3075,-7144,-331,3812,0,0
425,4737,-2694,-6081,-1145,4209,0,0
-443,4426,-2755,-5787,-566,4181,0,0
-1146,3842,-3121,-4079,1037,5117,0,0
-1688,3046,-2861,-470,2789,6342,0,0
-1190,2219,-1951,599,4312,7708,0,0
-486,806,-1297,951,5950,9435,0,0
90,-748,-641,-2255,8747,9949,0,0
506,-1978,263,-2691,10057,10436,0,0
574,-2603,1394,-3842,8512,11312,0,0
-1649,-3784,1686,-4729,7765,11470,0,0
-1357,-5000,1747,-4083,7243,11276,0,0
-1479,-6008,1835,-3292,6451,10374,0,0
-644,-6882,2153,-4029,4826,8841,0,0
208,-7137,2540,-5385,3303,6222,0,0
225,-6336,2868,-5576,2239,3579,0,0
-827,-5291,2830,-5375,1155,1748,0,0
-1527,-4956,2222,-6434,282,-534,0,0
-635,-4641,1884,-7638,-1052,-289,0,0
-1917,-3222,2496,-6931,-217,-3656,0,0
-1689,-1956,1881,-4759,161,-7362,0,0
-177,-684,464,-2973,-46,-9769,0,0
438,777,-516,-471,-770,-11344,0,0
1206,2204,-898,2329,-2194,-11208,0,0
2098,4025,-2412,2102,-887,-6551,0,0
1479,5293,-3963,183,3497,-3057,0,0
2076,5925,-4003,-3340,5871,1135,0,0
5007,5686,-4147,-6212,5533,3328,0,0
6285,5093,-5213,-7945,4664,4635,0,0
4621,4452,-6109,-7163,2889,5254,0,0
-646,4605,-4880,-5224,506,5608,0,0
-5481,4481,-2825,-3170,2627,5130,0,0
-2720,3308,-2266,-990,3517,6220,0,0
-423,2006,-2049,-2065,5138,6688,0,0
57,1315,-1808,-3466,8719,7389,0,0
450,958,-1311,-2457,10229,10353,0,0
-645,134,-100,-417,10728,11383,0,0
-1357,-1542,917,-1732,10328,11416,0,0
-1233,-3247,1827,-3662,8530,12357,0,0
-2232,-4855,1995,-5470,7816,11149,0,0
-1977,-6726,1924,-5626,6847,10377,0,0
-751,-8219,2233,-6717,4772,8109,0,0
1130,-8536,2691,-5784,2664,4241,0,0
2019,-7141,3499,-5154,1039,3071,0,0
-133,-5176,3876,-7129,1408,2335,0,0
-1945,-3996,3449,-6606,641,805,0,0
-2437,-3298,3132,-6126,686,-440,0,0
-2058,-2661,2532,-6325,628,-3680,0,0
-213,-1956,1130,-4997,-1297,-7084,0,0
239,-785,-187,-3465,-2355,-10370,0,0
561,61,-972,439,-3506,-12904,0,0
2085,1394,-1958,3380,-3181,-10454,0,0
1306,3474,-3958,2745,1558,-8295,0,0
-419,5310,-3644,1117,5568,-3678,0,0
902,6310,-1952,-2573,5017,550,0,0
3465,6636,-2400,-7152,3359,3707,0,0
2204,6421,-3604,-7884,2518,5507,0,0
2650,5565,-3515,-6465,1409,5416,0,0
3687,4355,-3295,-5036,589,4110,0,0
1081,3626,-3447,-4189,483,4214,0,0
-562,3387,-3137,-2944,2576,5057,0,0
-871,2909,-2720,-1058,3745,6250,0,0
-1800,2079,-2097,-1947,7903,8175,0,0
-700,709,-1459,-1539,12293,10655,0,0
540,-516,-498,-1382,12496,12640,0,0
-1557,-2001,801,-2902,11701,12444,0,0
-1997,-3292,1705,-3399,9512,12369,0,0
-1252,-4589,2134,-4386,7248,11341,0,0
-910,-6134,2269,-5638,6232,9833,0,0
-590,-7450,2597,-6766,4598,7803,0,0
-116,-8002,3091,-6952,2784,5388,0,0
943,-7509,3242,-6278,1090,3975,0,0
-68,-5981,3299,-7621,573,2818,0,0
-2172,-4371,2939,-8270,-58,47,0,0
-2878,-3380,2469,-6241,-549,-1154,0,0
-2851,-2630,2329,-6368,1243,-3389,0,0
-2048,-1823,1805,-4530,1155,-7569,0,0
-989,-883,379,-1167,488,-14371,0,0
807,828,-865,908,412,-13036,0,0
2092,2652,-1546,2803,344,-10102,0,0
1183,4604,-3188,4117,3682,-6740,0,0
-1509,6576,-1691,1110,6795,-1676,0,0
2302,7264,-6,-2897,4705,1930,0,0
5532,7051,-979,-7806,2931,3785,0,0
4371,6457,-2106,-8665,3145,5489,0,0
5366,4546,-2655,-4924,-449,5397,0,0
3534,3182,-2525,-3741,-342,2995,0,0
1002,2852,-2972,-3803,157,4032,0,0
-1204,2736,-2862,-1877,2382,5640,0,0
-1222,2317,-2175,-331,4300,6561,0,0
-363,1487,-1934,-2162,8019,8700,0,0
-9,801,-1640,-1597,11212,11921,0,0
-762,28,-413,1002,12666,12902,0,0
-2080,-1776,1046,-942,11800,11983,0,0
-2363,-3318,1951,-2748,8738,13077,0,0
-2267,-4764,2134,-3715,6857,11112,0,0
-1391,-6207,2026,-4683,5178,9531,0,0
-353,-7361,2293,-6002,3095,7846,0,0
336,-7646,2788,-7279,2838,4751,0,0
2195,-6838,3077,-8161,1466,2942,0,0
775,-5641,3222,-8542,-159,1815,0,0
-1980,-4916,3117,-7468,-103,358,0,0
-1300,-3776,3105,-7057,-1082,-3170,0,0
-1888,-1292,2935,-4144,-1701,-8483,0,0
-2733,547,1422,-1661,-1072,-11612,0,0
-809,372,-223,-565,-1190,-13258,0,0
2668,780,-1149,964,-2479,-9771,0,0
1503,3217,-2345,1203,-1345,-6673,0,0
-1267,5494,-2394,1190,3941,-2916,0,0
1285,5633,-2087,339,4515,1131,0,0
4886,5189,-2559,-4029,2855,3763,0,0
3952,5678,-3157,-7688,1741,5693,0,0
2610,5820,-3826,-6445,12,6204,0,0
1591,5130,-3608,-5445,1075,5108,0,0
656,4532,-3064,-4216,2497,4992,0,0
476,3872,-2771,-1823,3257,4905,0,0
308,3078,-2595,-92,4081,5666,0,0
142,2032,-1923,-1591,6423,6600,0,0
1680,552,-1818,-3615,8851,7449,0,0
1850,-160,-1646,-3021,11041,10032,0,0
-1273,-576,-600,-1686,13387,10799,0,0
-3000,-1915,752,-1846,12910,11732,0,0
-1519,-3876,1628,-3363,9388,11328,0,0
-2034,-5090,2173,-3589,6603,10133,0,0
-1976,-6116,2978,-6238,5172,8203,0,0
-633,-7146,3401,-8985,3684,6632,0,0
997,-7566,3419,-9853,2799,5426,0,0
1452,-6965,3517,-9556,1846,4165,0,0
-430,-5606,3755,-8908,1535,874,0,0
-4096,-3799,3745,-7976,1221,-1981,0,0
-3767,-2674,3637,-7149,-1080,-5036,0,0
-2501,-3542,2619,-1653,-5010,-11968,0,0
1180,-1948,-40,-2721,-7407,-18288,0,0
535,1678,-2185,-1398,-2017,-10887,0,0
266,2609,-2951,1377,2169,-8824,0,0
1093,4104,-2788,-8,3638,-4926,0,0
2348,5363,-2450,-3462,3014,-130,0,0
2775,6076,-2652,-6537,2988,2742,0,0
3270,6007,-3464,-6724,3478,3592,0,0
5150,4882,-4196,-6180,3032,3410,0,0
3798,4186,-3868,-5947,2246,3459,0,0
675,3997,-3158,-4575,2757,3820,0,0
-1052,3641,-2773,-3290,2753,4727,0,0
-1945,3782,-2534,-4121,5008,6416,0,0
-1155,3530,-2388,-5427,7879,9072,0,0
468,2808,-2445,-3702,9268,13884,0,0
-2127,1229,-1659,-820,12388,15762,0,0
-2142,-1021,-263,-585,11951,16209,0,0
-744,-3195,1276,-3144,8807,13582,0,0
-1723,-4704,1923,-6208,6448,10616,0,0
-2744,-5864,1778,-6639,5287,8474,0,0
-2693,-6884,1718,-7445,4950,6185,0,0
-709,-7682,1933,-8868,3484,4271,0,0
627,-7771,2293,-8843,1985,3787,0,0
490,-6954,2712,-9256,1655,3037,0,0
-951,-5695,3098,-8744,1080,266,0,0
-2590,-4226,3095,-6465,515,-2126,0,0
-2887,-3188,2873,-4812,-883,-7299,0,0
-788,-2295,1779,-1593,-4107,-11792,0,0
-9,-1051,9,-2350,-5352,-15941,0,0
348,873,-1937,-427,-1702,-11524,0,0
1935,1775,-3406,2418,927,-10177,0,0
1217,3866,-3255,995,3421,-6586,0,0
1347,5478,-2637,-2010,3423,-1134,0,0
3092,5992,-2673,-6080,3424,2963,0,0
4294,5587,-3670,-6967,3348,4500,0,0
5485,4434,-4785,-5558,2248,4567,0,0
4117,3383,-4847,-4852,567,4259,0,0
200,3054,-3931,-4138,1150,4201,0,0
-1879,2898,-3429,-2362,3311,4640,0,0
-1607,2518,-3237,-2405,5685,5494,0,0
-411,2103,-2883,-3044,8960,7290,0,0
556,1699,-2914,-3749,10907,9368,0,0
-1963,1246,-1775,-473,14535,11627,0,0
-2716,28,99,1008,14848,12933,0,0
-2294,-1951,1882,-1058,11352,12851,0,0
-1723,-3931,2753,-4174,8001,11471,0,0
-1506,-5438,2973,-6426,5330,8646,0,0
-2315,-6378,3146,-7486,3714,6455,0,0
-1921,-7063,3151,-8101,3368,4551,0,0
816,-7120,2970,-9197,1634,4169,0,0
-56,-6194,3428,-9618,1202,3362,0,0
-3073,-5434,3475,-8567,2592,-1621,0,0
-2117,-4226,2775,-6632,-432,-3633,0,0
-3388,-2962,2851,-4802,-2147,-8457,0,0
-238,-2818,1269,-989,-5823,-14556,0,0
1486,-842,-1395,-810,-5590,-16262,0,0
210,1905,-2771,778,-564,-11125,0,0
241,3782,-2899,989,2403,-7911,0,0
715,5479,-2635,-2014,3488,-2545,0,0
1930,6049,-2638,-5012,3776,1721,0,0
4434,5456,-3321,-6884,3810,3830,0,0
6725,4349,-4693,-7134,2946,4930,0,0
5660,3478,-5594,-5978,1175,4427,0,0
1303,3356,-4939,-5697,1226,3808,0,0
-2195,3551,-4005,-3817,4028,4386,0,0
-3146,3587,-3310,-1993,5765,6544,0,0
-1837,2713,-2653,-1908,9862,8315,0,0
385,1396,-2165,-1633,12528,11634,0,0
-1436,549,-917,172,14694,13444,0,0
-2357,-990,805,-409,13408,12873,0,0
-1837,-2699,1980,-2383,9293,12910,0,0
-2325,-4331,2308,-4230,7214,10829,0,0
-2349,-5458,2358,-5393,5734,8773,0,0
-2046,-6311,2503,-7448,4510,6820,0,0
-1121,-6948,2638,-8670,3349,4634,0,0
676,-7311,2733,-8790,1976,3505,0,0
1000,-6988,3081,-9320,879,2394,0,0
-583,-5884,3454,-8688,364,-1778,0,0
-1946,-3461,3405,-7360,-1919,-3558,0,0
-3775,-1724,3041,-4595,-2527,-9031,0,0
-208,-1683,634,-1719,-5528,-13479,0,0
820,-493,-1169,-1164,-5085,-15409,0,0
926,1637,-2415,1797,-1927,-11461,0,0
835,3757,-3942,749,2657,-8054,0,0
175,5640,-3414,-2875,5228,-2233,0,0
2016,6326,-2306,-5977,4747,2024,0,0
5061,6045,-2971,-8342,3477,4350,0,0
5937,5044,-4777,-7257,1802,5537,0,0
3352,4063,-5237,-5842,409,5081,0,0
-811,3793,-4044,-5039,1805,4645,0,0
-2808,3602,-3212,-3104,4041,4977,0,0
-3073,3553,-2384,-1754,6333,6595,0,0
-882,3008,-1883,-3454,8479,8406,0,0
1112,2194,-1814,-3610,9096,11715,0,0
-390,1231,-987,-637,10806,14448,0,0
-1551,-568,338,15,10878,14700,0,0
-1185,-2739,1356,-2302,8472,13363,0,0
-1971,-4342,1807,-4978,6947,11480,0,0
-2430,-5733,1700,-5925,5749,8888,0,0
-1257,-6961,1948,-6431,4016,6904,0,0
104,-7627,2371,-8673,2721,5678,0,0
1221,-7603,2780,-9874,1615,4819,0,0
-186,-7076,3241,-9588,1037,1808,0,0
-1280,-5839,3161,-6877,776,-1222,0,0
-2658,-3617,3328,-6374,694,-2402,0,0
-3628,-2646,3138,-4414,-317,-8318,0,0
-162,-2786,1322,197,-5281,-14094,0,0
2063,-1304,-1530,229,-5408,-20068,0,0
1054,1924,-3761,-775,832,-12377,0,0
292,4607,-3173,-3177,4652,-7145,0,0
365,6950,-1636,-6072,4742,-2263,0,0
2110,7595,-1020,-8092,3202,1505,0,0
5177,6953,-1689,-9889,3090,3873,0,0
6670,5297,-3309,-8535,1268,4872,0,0
3314,4098,-3471,-5991,215,4134,0,0
1689,3206,-3564,-3826,2930,5335,0,0
416,2705,-3829,-4221,3564,6602,0,0
-664,2713,-3433,-4610,8056,7034,0,0
1577,2241,-3934,-4651,9175,10125,0,0
-665,1375,-3294,-3147,13672,11553,0,0
-2539,339,-1599,660,16908,14078,0,0
-2235,-1289,750,-47,14665,13486,0,0
-1620,-3515,2106,-4397,9900,12174,0,0
-2190,-5126,2479,-6243,7414,10845,0,0
-2786,-8000,2700,-6142,5803,7895,0,0
-1130,-6682,3064,-8602,4287,5399,0,0
1076,-7210,3216,-9888,2641,4430,0,0
1450,-6956,3405,-9303,673,3992,0,0
-487,-6179,3752,-8852,133,2339,0,0
-1488,-5213,3788,-8704,-272,439,0,0
-3055,-3884,3376,-8534,-504,-4046,0,0
-2769,-2560,2066,-4617,-2926,-9146,0,0
-978,-1664,274,-1942,-4342,-18271,0,0
924,312,-1348,651,-3635,-17892,0,0
1874,2440,-2997,1381,-1511,-10373,0,0
-2,5010,-2842,-451,3111,-5952,0,0
-59,6691,-1922,-4229,3914,190,0,0
2413,6424,-1478,-6929,3542,3090,0,0
5312,5263,-2728,-7353,2645,4039,0,0
5678,4084,-4185,-6352,522,4357,0,0
1505,4020,-3797,-6145,393,3563,0,0
-1255,4219,-3142,-5057,1724,4205,0,0
-1938,4209,-2833,-3036,3313,5849,0,0
-1747,4022,-2030,-2032,6433,7777,0,0
906,3262,-1939,-2058,8876,12137,0,0
1217,2269,-1386,-2285,9932,15130,0,0
-738,798,-614,-1120,10947,16651,0,0
-1430,-1248,349,-928,9842,15414,0,0
-1456,-3093,1194,-2166,7368,12855,0,0
-1532,-4536,1671,-4083,5679,9705,0,0
-1717,-5494,1968,-6359,4698,7149,0,0
-1702,-6346,2143,-8272,4493,4577,0,0
-125,-7065,2445,-9080,3469,3040,0,0
1619,-7230,2764,-9776,2348,3348,0,0
1009,-6731,3304,-9954,1548,1593,0,0
-1190,-5118,3951,-8406,-665,-1377,0,0
-4009,-2879,3933,-5125,-2876,-5018,0,0
-3478,-2311,2205,-1641,-3857,-11957,0,0
-128,-1740,-119,-2020,-6283,-19365,0,0
653,1078,-1517,647,-2956,-12399,0,0
698,2976,-2586,2353,407,-8831,0,0
41,5074,-2955,-134,4511,-4859,0,0
51,6577,-1826,-3708,4282,846,0,0
2543,6851,-883,-7311,3779,2994,0,0
5277,6296,-1748,-8616,2924,3992,0,0
5349,5290,-3131,-6842,1806,4529,0,0
3996,4099,-3421,-5770,643,4229,0,0
2127,3255,-3325,-5116,1657,4173,0,0
421,2858,-3521,-3409,3112,5990,0,0
-1568,3037,-2878,-2516,8176,8208,0,0
-286,2214,-2190,-1832,11654,11646,0,0
124,899,-1265,-858,12882,14298,0,0
-1654,-719,-134,-1013,13410,14001,0,0
-2000,-2398,1258,-2004,10988,12434,0,0
-2085,-3738,2001,-3172,7651,10747,0,0
-1970,-4773,2275,-4829,5286,9067,0,0
-1522,-6060,2499,-7501,4072,7114,0,0
-792,-7332,2768,-10191,3980,5063,0,0
381,-7893,3102,-11063,3262,4144,0,0
877,-7621,3614,-9643,1509,2856,0,0
-478,-6290,3929,-7721,325,-186,0,0
-2386,-3738,4052,-6458,-1318,-3816,0,0
-4369,-1760,3905,-3073,-3132,-10687,0,0
-1153,-1647,1334,-759,-6750,-20050,0,0
997,338,-1660,160,-2851,-16255,0,0
1431,2617,-2875,-1076,757,-8334,0,0
-323,5625,-1910,-4403,2957,-3447,0,0
751,6803,-1273,-6163,2717,468,0,0
4449,6166,-2031,-7693,2414,3182,0,0
6440,4744,-3691,-7724,2102,3712,0,0
4679,3515,-4255,-6481,1073,3191,0,0
1892,2977,-3821,-4754,2694,3454,0,0
45,2677,-3830,-3791,3934,4492,0,0
-335,3227,-3780,-4490,8458,6452,0,0
1155,3788,-4342,-5629,9833,10084,0,0
-2127,4024,-3029,-2663,13431,12949,0,0
-2344,2307,-1499,1531,15346,15512,0,0
-1644,-337,542,1456,13903,15081,0,0
-1068,-2567,2234,-3095,8976,12796,0,0
-1766,-4120,2559,-5595,5700,10322,0,0
-2314,-5170,2366,-5776,4378,8015,0,0
-2148,-6048,2568,-8384,3551,5717,0,0
-1516,-6910,2765,-9938,3136,3840,0,0
682,-7527,2585,-9631,1934,3678,0,0
580,-7234,3060,-9791,975,2625,0,0
-2031,-6055,3703,-8363,1700,-877,0,0
-2313,-4023,3580,-6836,-746,-4401,0,0
-3731,-2466,2834,-2467,-3372,-10249,0,0
-943,-1933,323,-1158,-5247,-16429,0,0
553,259,-1676,-1557,-2266,-15856,0,0
1093,2610,-2563,1082,-135,-10292,0,0
112,4774,-2663,933,3591,-6687,0,0
962,6181,-2327,-2040,5257,-1515,0,0
3139,6802,-2112,-6372,4834,2943,0,0
5203,6459,-2910,-8505,4685,4593,0,0
6031,5497,-3871,-7812,2981,5839,0,0
3773,4353,-3487,-5553,325,5291,0,0
-1566,-5923,2424,-8838,1950,3246,0,0
-1138,-6379,2374,-9060,1568,2247,0,0
-2020,-6239,2412,-8280,1705,207,0,0
-3573,-5267,2701,-6021,1419,-4808,0,0
-1812,-4125,1779,-1565,-2221,-9917,0,0
-418,-3253,528,-185,-4870,-13020,0,0
581,-2109,-342,613,-4382,-12595,0,0
2003,-116,-2376,1010,-4272,-7020,0,0
-161,1994,-3403,687,-1249,-3277,0,0
-122,2858,-3305,455,346,-256,0,0
1635,2543,-3523,1154,-181,1561,0,0
1618,2139,-3921,188,-21,2622,0,0
-233,1455,-3861,-841,444,2885,0,0
-419,388,-3833,-1364,985,2342,0,0
238,-707,-4134,-2723,1236,2051,0,0
165,-1507,-4439,-4943,1804,1767,0,0
-685,-1976,-4959,-7038,2978,867,0,0
-994,-2143,-5746,-9932,5870,-465,0,0
1094,-2234,-7103,-13001,6340,-560,0,0
1270,-2093,-7918,-16548,5302,89,0,0
-2605,-538,-8007,-19083,7288,709,0,0
-6376,1895,-7830,-18194,10790,-1599,0,0
-5907,3454,-7216,-14367,11060,-3099,0,0
-2735,3873,-5820,-11165,7040,359,0,0
