-13,-78,-13,888,3896,-765,0,0
-2,-22,-27,907,3913,-756,0,0
4,22,-28,942,3897,-735,0,0
4,72,-10,964,3868,-768,0,0
14,95,1,984,3867,-774,0,0
14,66,-4,982,3872,-784,0,0
13,34,-12,933,3853,-828,0,0
30,89,-25,929,3915,-825,0,0
42,129,-46,1054,3941,-734,0,0
24,80,-46,1000,3975,-691,0,0
2,137,-53,924,3892,-594,0,0
-38,249,-51,792,3607,-710,0,0
-74,323,-4,917,3294,-867,0,0
0,301,79,650,2507,-985,0,0
153,596,227,507,1737,-964,0,0
276,910,260,-254,1803,-1361,0,0
1050,3029,-245,-3421,3486,-1734,0,0
2491,7673,-1468,-2067,6496,-1173,0,0
3349,9231,-1402,5684,8615,-6076,0,0
4257,8289,337,11629,11540,-7487,0,0
4095,6010,2853,12813,12595,-2574,0,0
2501,3794,5156,9734,10857,1357,0,0
516,2939,6522,6939,7511,3470,0,0
-1414,2093,7121,4038,8140,2403,0,0
-2555,942,7556,2361,9706,2562,0,0
-3032,995,7327,1486,9141,3286,0,0
-3659,1727,6664,1896,9662,2407,0,0
-4113,1513,5884,1676,8761,1679,0,0
-4400,1329,5275,2015,7948,600,0,0
-4431,2028,5102,746,7808,-2922,0,0
-3289,1471,4405,-4802,4986,-11506,0,0
-640,-1388,2476,-11748,125,-17625,0,0
2966,-1442,-611,-11881,-863,-12923,0,0
5200,720,-2728,-9187,-2768,-7051,0,0
5214,-1381,-4820,-3558,-1609,-2899,0,0
4232,-4222,-7221,658,7381,-636,0,0
3377,-3453,-7524,4739,14829,771,0,0
2656,-4997,-7371,5403,12345,1807,0,0
967,-4580,-7517,2092,10994,3733,0,0
-220,1227,-7102,3857,9947,2808,0,0
-724,-1700,-7081,4730,7797,1502,0,0
-2053,-3871,-6693,3595,6411,1124,0,0
-3261,-3592,-5772,5342,6548,-1411,0,0
-3570,-2593,-4473,6933,9748,-5753,0,0
-2210,-411,-2972,16550,9597,-129,0,0
2365,-1251,617,5627,13409,-10053,0,0
3891,814,3389,8650,16947,-4752,0,0
2809,4514,4294,8101,11994,-1899,0,0
2083,839,4526,4234,6619,2985,0,0
254,5063,5865,5395,5331,2003,0,0
-1524,2587,6993,3471,9054,2280,0,0
-2501,1829,7625,689,9650,3568,0,0
-3938,3105,7243,1437,9468,3015,0,0
-4973,2134,6154,1353,9673,2322,0,0
-5158,1580,5303,1464,9233,1686,0,0
-5148,1707,5051,1221,7983,1187,0,0
-5627,2103,4385,1712,4800,-3597,0,0
-4819,-647,3102,-3246,1759,-12593,0,0
-1454,-1171,2257,-8527,-3040,-17069,0,0
1701,-121,237,-10963,-4311,-15843,0,0
3933,1193,-1876,-7407,-2788,-10122,0,0
4517,-861,-4264,-2162,774,-5051,0,0
4499,-2494,-5415,440,7655,-1265,0,0
4446,-1712,-5319,2360,11019,1420,0,0
4352,-1551,-5353,2247,9853,2701,0,0
3962,-306,-5135,1299,8654,3279,0,0
3402,300,-5411,2145,8643,3366,0,0
2489,-2453,-6419,2096,7320,3192,0,0
751,-4654,-7128,2112,6810,2736,0,0
-1409,-4940,-6976,2531,8692,2245,0,0
-2903,-2899,-6327,6119,12728,-1388,0,0
-1863,1172,-5629,16053,12424,-6441,0,0
-22,-448,-2911,26463,13472,-14717,0,0
2732,398,2313,12900,13437,-4734,0,0
2087,4303,5958,9449,11913,-884,0,0
1308,1584,5987,4395,8839,2036,0,0
302,2539,5657,2627,6197,2756,0,0
-1664,3664,6362,3213,7728,1625,0,0
-2939,1060,6713,2284,10046,1408,0,0
-3252,579,6886,802,10080,2512,0,0
-4066,1561,6845,1348,10338,2646,0,0
-4756,1503,6304,890,10490,2002,0,0
-5009,3128,5776,87,8064,1374,0,0
-5468,3790,4454,508,3321,-2861,0,0
-5072,227,2680,-2418,1179,-9708,0,0
-2559,-1011,1851,-5751,-1068,-16223,0,0
634,-1280,394,-9383,-3713,-15943,0,0
3110,-54,-1525,-7316,-4428,-10270,0,0
4029,-557,-3571,-3228,-3060,-5461,0,0
4025,-1125,-4543,-1309,1221,-1519,0,0
3605,-879,-4649,78,5126,473,0,0
2931,-1919,-4919,1938,8976,1054,0,0
2416,-3947,-6144,1880,8650,2089,0,0
1515,-3692,-6864,1407,8177,2671,0,0
351,-2473,-6979,1770,8042,2032,0,0
-555,-1817,-6852,2029,7212,1606,0,0
-1484,-1479,-6308,1942,6505,1089,0,0
-2247,-1198,-5548,2194,6796,499,0,0
-2895,-1677,-5124,4364,10332,-728,0,0
-3135,-353,-4909,6988,13800,-4465,0,0
-2119,812,-3393,24501,13589,-65,0,0
2573,-1461,762,9570,14821,-6575,0,0
3110,9015,3904,8937,11008,-1954,0,0
1607,3004,5207,7099,9784,-1352,0,0
1518,-19,4886,2805,5806,1774,0,0
734,4067,5787,4332,5634,1171,0,0
-675,2860,6696,2739,8844,1396,0,0
-2139,1783,7052,2242,9120,1751,0,0
-2861,-395,6708,1358,9353,1225,0,0
-2524,-1750,5998,756,8856,1151,0,0
-1944,-1302,5757,-195,8001,1782,0,0
-1798,2130,6201,-956,6021,1982,0,0
-3169,1139,6379,81,2774,-600,0,0
-4443,2092,5089,-6138,-1307,-9824,0,0
-2239,172,2305,-12820,-5934,-16243,0,0
1338,-504,-1457,-11342,-3441,-16176,0,0
3656,-150,-4106,-5746,-697,-9614,0,0
4668,-293,-5346,-1403,2834,-3531,0,0
4650,-841,-5775,664,7385,-764,0,0
3842,-3384,-6034,2715,10883,1027,0,0
2380,-4253,-7020,2792,9879,2906,0,0
516,-4146,-6924,732,8170,3553,0,0
-821,-237,-6202,1961,8161,2521,0,0
-1603,-743,-5977,2236,7213,2083,0,0
-2383,-986,-5672,1992,6713,1731,0,0
-2682,494,-5135,3126,7459,831,0,0
-2527,856,-4795,7362,10380,-655,0,0
-1948,1967,-4281,15731,12112,-5815,0,0
-355,676,-1850,24657,11421,-13285,0,0
2554,-324,3224,10414,13588,-1021,0,0
1600,1361,5021,8481,11987,-42,0,0
1168,631,4897,6169,9194,2023,0,0
725,612,4790,4637,5014,3242,0,0
-543,1925,5517,3345,6395,2028,0,0
-1743,926,6562,1945,8586,2139,0,0
-2671,392,6665,937,8401,1775,0,0
-3076,441,6321,1208,8462,1378,0,0
-3015,-503,5832,1050,8570,1460,0,0
-2575,-113,5483,-504,7380,2072,0,0
-2794,2974,5552,-260,5715,1626,0,0
-3908,3426,4965,-1273,2996,-2837,0,0
-4041,1937,3549,-5129,-731,-9003,0,0
-2462,-510,1359,-6211,-3617,-13739,0,0
-198,-1786,-572,-7114,-3928,-13667,0,0
2112,-689,-1867,-5644,-5082,-8473,0,0
3157,-43,-3334,-2291,-4287,-4892,0,0
3401,-687,-4424,-548,-313,-1918,0,0
3239,-477,-4649,293,3089,127,0,0
2805,-1070,-4874,1775,6318,450,0,0
2400,-2904,-5799,2337,7414,1741,0,0
1949,-1841,-6052,1320,6557,3035,0,0
1333,136,-7592,1593,6390,2363,0,0
600,315,-5203,1740,5320,1715,0,0
-125,-902,-5127,1809,4551,1269,0,0
-900,-2390,-5186,1727,4624,1013,0,0
-1923,-3443,-5183,3108,7164,300,0,0
-2724,-3397,-5312,3926,9390,-880,0,0
-2811,-444,-4483,6396,11054,-3459,0,0
-2077,860,-3088,19257,11406,-14025,0,0
1139,-1295,-11,10030,10411,-8514,0,0
2896,5685,3251,6100,10632,-1804,0,0
2030,6248,3766,8194,10899,-3238,0,0
1616,342,4110,5129,8485,549,0,0
840,2537,5029,4774,5552,889,0,0
-164,2978,5646,3546,5284,597,0,0
-1188,1910,6217,2219,6707,1511,0,0
-2215,1827,6396,2464,8118,1300,0,0
-2648,337,6229,1449,8444,1714,0,0
-2893,-382,6054,1069,7781,2000,0,0
-3138,-258,5868,655,7720,1797,0,0
-3265,627,5778,-146,6336,1432,0,0
-3788,2348,5729,-1493,3819,-1157,0,0
-4001,1731,4878,-6680,-1103,-8075,0,0
-2290,-61,2406,-10357,-3675,-13212,0,0
500,-1464,-825,-9696,-2731,-13145,0,0
2631,-567,-2836,-6450,-2617,-8329,0,0
3698,-101,-3878,-3022,-2469,-4407,0,0
3943,-1050,-5152,-642,1035,-1253,0,0
3767,-589,-5773,727,5108,778,0,0
3358,-867,-5609,2694,8596,1237,0,0
2974,-2742,-6075,3272,8289,2209,0,0
1965,-3032,-6218,1389,6827,3426,0,0
327,-1003,-5716,1479,6703,2279,0,0
-550,-507,-5585,1882,5544,1439,0,0
-906,-640,-5377,2095,5427,905,0,0
-1522,-3103,-5330,3717,4916,-214,0,0
-2304,-4285,-5088,3224,10186,926,0,0
-3240,-2172,-4843,6069,10772,-3335,0,0
-3108,-1483,-3295,17391,10739,-13851,0,0
548,-2008,-630,10503,11646,-10936,0,0
3394,5100,2279,4613,10127,-1256,0,0
2259,310,3825,10353,11034,-4264,0,0
2042,-510,4017,5002,8972,913,0,0
1255,2270,4966,4498,6302,1752,0,0
122,2642,5621,3401,5584,1127,0,0
-818,954,6091,1355,6546,2111,0,0
-1874,1679,6407,1347,6566,1759,0,0
-2570,1434,6115,1870,7447,1322,0,0
-2856,-332,5417,1692,7996,937,0,0
-2837,-785,5320,830,6912,1176,0,0
-2762,129,5764,278,6150,1139,0,0
-3061,1390,6028,-619,3874,1199,0,0
-3948,2594,5908,-4725,960,-3996,0,0
-2969,1397,3631,-8078,-3507,-7584,0,0
-1562,347,465,-7907,-3315,-13611,0,0
465,-1176,-1853,-6611,-2654,-12544,0,0
2357,-591,-3004,-4699,-2492,-8372,0,0
3795,514,-3833,-1948,-2336,-4152,0,0
4050,-259,-4699,-79,366,-1169,0,0
3695,-15,-4933,899,4683,525,0,0
3494,-376,-4945,3031,7153,966,0,0
3071,-3109,-5517,2444,7102,2327,0,0
1934,-3404,-5866,1072,6856,2566,0,0
896,-1299,-5844,1401,5909,2104,0,0
-8,-1053,-5573,1929,5129,1447,0,0
-949,-2726,-5410,2052,4443,979,0,0
-2302,-4638,-5047,2329,5465,880,0,0
-3637,-4300,-4245,2251,9010,-349,0,0
-3852,-927,-3960,4942,10400,-3219,0,0
-3155,916,-3290,8904,11869,-7588,0,0
-1798,-2808,-1859,17818,11431,-195,0,0
2710,-2679,952,723,10052,-2698,0,0
3222,1756,2342,7344,9951,-4490,0,0
2511,4903,3371,7188,9280,-3642,0,0
1964,468,3748,3862,6598,513,0,0
1206,3057,4874,4532,4888,386,0,0
322,2675,5716,3149,6252,1081,0,0
-668,1816,6210,2307,7498,1978,0,0
-1690,730,6557,1565,8327,1526,0,0
-2073,668,6579,896,8219,2335,0,0
-2754,1352,6488,1185,8080,2127,0,0
-3341,1118,6233,463,7450,1966,0,0
-4020,2115,5911,-42,5976,1203,0,0
-5151,2489,5470,-3178,3559,-4194,0,0
-4706,861,4209,-7855,-2093,-9639,0,0
-2573,-1144,1108,-9557,-1618,-14691,0,0
642,-1682,-2404,-6739,-1787,-13654,0,0
2755,-677,-3526,-2580,-2524,-8209,0,0
4006,536,-3627,-979,-1376,-3129,0,0
4529,2190,-3695,-383,464,-1044,0,0
4626,1331,-4063,742,3436,456,0,0
4336,-1078,-5194,1749,7219,1305,0,0
4215,-1452,-5933,2126,8585,2901,0,0
3991,-950,-6010,1806,7124,3835,0,0
2620,-1222,-5573,1468,5906,2561,0,0
900,-2159,-5218,1203,4875,1879,0,0
-316,-2451,-5141,1094,4900,1075,0,0
-628,-1921,-5153,1519,6032,754,0,0
-947,-1099,-5262,3891,8750,404,0,0
-1271,-699,-5279,8511,10745,-198,0,0
-1350,-870,-3804,19326,10075,-5090,0,0
-2592,-877,292,19006,9097,-5741,0,0
684,2607,5016,9553,10951,-454,0,0
943,3481,5227,7433,11687,42,0,0
815,2269,4844,6313,9378,589,0,0
268,-183,5040,4315,6472,1178,0,0
-275,-1154,5464,2030,5582,1762,0,0
-950,549,5859,1598,6398,1020,0,0
-1346,587,5749,1519,7190,890,0,0
-1544,-474,5548,1163,7571,1419,0,0
-1746,-615,5701,1359,7983,2310,0,0
-1863,1524,6157,592,7254,4222,0,0
-3681,1766,6564,2398,6022,2428,0,0
-5343,3615,5605,-2952,2702,-4975,0,0
-4195,1106,3410,-5275,-1729,-5560,0,0
-3155,1562,1652,-4375,-664,-11816,0,0
-1270,-1740,206,-8163,-3257,-13547,0,0
1073,-1915,-1413,-7703,-3957,-11027,0,0
2558,-893,-3517,-4438,-3543,-7749,0,0
3358,-843,-4591,-1443,-502,-3649,0,0
3602,-843,-5061,-453,2956,-450,0,0
3358,-56,-5030,724,5637,533,0,0
2968,-1807,-5438,2352,8159,1717,0,0
2579,-2418,-6051,851,7566,3849,0,0
2115,969,-5681,308,7089,3881,0,0
1165,540,-5855,1322,6320,2654,0,0
-315,-1238,-6097,1691,6304,1456,0,0
-1378,-2097,-5848,1990,7031,1129,0,0
-2020,-1783,-5585,3335,10106,617,0,0
-2057,-877,-6052,6669,10727,-846,0,0
-1367,-1192,-5580,11010,12149,-2573,0,0
-635,-860,-3708,22514,9522,-11673,0,0
2241,-382,1174,11800,9785,-2474,0,0
2236,4875,3940,8294,10760,-295,0,0
955,3380,4690,8138,10702,-1239,0,0
810,-819,4979,5080,8641,1930,0,0
116,2099,5662,4707,6211,1360,0,0
-717,1127,6097,2481,6893,1137,0,0
-1212,372,6191,1131,7281,1910,0,0
-1556,663,5901,1591,7278,1621,0,0
-1713,-457,5449,820,7692,1896,0,0
-2067,1076,5640,507,7906,2142,0,0
-2892,2711,5821,309,6771,1633,0,0
-3935,4146,5405,-150,4972,1891,0,0
-5773,5736,4972,-622,2754,-3185,0,0
-5406,1865,3165,-3924,-1843,-7881,0,0
-3739,-1630,818,-6073,-2764,-15057,0,0
-861,-2346,-1088,-6914,-2302,-15511,0,0
2127,-338,-2242,-5455,-1681,-11410,0,0
4258,413,-3442,-3071,-453,-5966,0,0
4785,-159,-4738,-707,2349,-2018,0,0
4409,-1296,-5536,1668,7016,287,0,0
4168,-993,-5671,3530,9822,1826,0,0
4428,-1867,-5638,2975,8046,2889,0,0
3627,-2427,-5503,1414,6896,3203,0,0
2118,-1079,-5372,1812,6788,2734,0,0
974,-1865,-5693,1816,5672,2348,0,0
-197,-2881,-5990,1814,5606,2049,0,0
-1636,-3181,-5952,2482,8644,1510,0,0
-2781,-2320,-5917,5912,11269,-2560,0,0
-2820,-824,-5191,10542,12033,-3399,0,0
-2015,-319,-3043,23662,11274,-1578,0,0
2193,-1540,1350,10059,11463,-5651,0,0
2439,5197,4557,9557,11680,-2094,0,0
1391,1879,4958,7008,11224,-483,0,0
845,175,5192,3199,6988,1876,0,0
-290,2846,6089,3457,6085,761,0,0
-1013,948,6541,2177,7898,600,0,0
-1224,802,6643,1878,8321,1748,0,0
-1722,1104,6537,1540,8474,2007,0,0
-2314,838,6428,1279,8815,2069,0,0
-2884,1426,6253,954,7913,2246,0,0
-3662,2135,5876,423,6435,1344,0,0
-4645,2348,5380,-1117,4188,-706,0,0
-4862,1475,4498,-5710,861,-7151,0,0
-3225,-318,2334,-10713,-3228,-14364,0,0
-294,-1770,-1025,-11849,-3035,-15829,0,0
2548,-526,-3781,-7693,-1739,-10825,0,0
4141,198,-5299,-2982,-235,-5190,0,0
4366,-30,-5789,-397,3669,-1271,0,0
3794,-563,-5697,1265,8811,530,0,0
2889,-2665,-8184,2658,10801,1235,0,0
2095,-4032,-6762,1965,9051,2498,0,0
1054,-1819,-6454,1094,8176,2645,0,0
95,1,-6209,1794,7977,2321,0,0
-557,-469,-6304,2070,6992,2209,0,0
-1258,-856,-6076,2915,6189,1520,0,0
-1749,-115,-5421,4418,10967,1594,0,0
-1767,433,-5470,8615,10740,-750,0,0
-1505,-372,-4702,20199,10933,-7201,0,0
-29,-1727,-677,16057,9096,-7797,0,0
1071,4030,4807,7742,12186,-511,0,0
501,5049,4955,7265,13131,-1746,0,0
749,-327,4041,5969,9163,936,0,0
405,-522,4316,4707,5942,1501,0,0
-539,2455,5519,4023,5871,1196,0,0
-1660,1970,6535,2810,8420,1095,0,0
-2183,236,6923,1707,9287,1413,0,0
-2327,-713,6881,775,8813,2496,0,0
-2620,-539,6702,329,9116,2345,0,0
-2809,589,6578,-42,8292,2768,0,0
-3490,2951,6740,-217,6293,1993,0,0
-4913,3904,6463,-3293,3217,-4426,0,0
-4198,1159,3845,-8071,-3647,-9415,0,0
-1901,112,784,-8282,-2487,-14105,0,0
660,-478,-1164,-7673,-1981,-13420,0,0
2628,-874,-2489,-6660,-2647,-9213,0,0
3836,-733,-4504,-4110,504,-3906,0,0
4157,48,-5870,-1203,5051,-655,0,0
3711,-1065,-6429,1112,9172,621,0,0
3040,-3026,-7080,2104,10736,1876,0,0
2695,-1976,-7140,1194,9621,3105,0,0
2164,423,-6693,1610,9364,2367,0,0
1617,262,-6598,2208,7958,1983,0,0
718,-1221,-6580,2877,6491,1608,0,0
-584,-2863,-6164,2969,8593,1496,0,0
-1571,-2148,-5780,7162,11258,-566,0,0
-1768,-2148,-5215,9466,9629,-1242,0,0
-2281,-1323,-2990,20028,10148,-10032,0,0
552,-1632,444,10241,9317,-6322,0,0
1974,4891,3414,6626,9192,-860,0,0
1254,5340,4105,9546,12201,-3980,0,0
1620,422,4256,5429,9943,82,0,0
902,2085,4996,5069,6743,989,0,0
47,1246,5475,3497,6069,1039,0,0
-633,-196,6006,1979,7572,1914,0,0
-1143,974,6501,1216,7654,2880,0,0
-2300,2145,6736,1472,7381,2417,0,0
-3300,854,6414,1160,8546,2432,0,0
-3645,1074,6074,296,7783,1954,0,0
-4032,1675,5557,252,5953,1695,0,0
-5120,1904,5060,-328,4621,-911,0,0
-5327,1359,4549,-5354,1271,-7728,0,0
-3393,-446,2637,-9476,-1946,-14402,0,0
-88,-1088,-412,-10742,-2268,-15676,0,0
2445,-53,-2916,-6907,-1493,-10268,0,0
3439,-48,-4475,-2993,-149,-5146,0,0
3702,-165,-5577,-842,3502,-1492,0,0
3855,469,-5987,1096,7986,777,0,0
4156,-187,-6406,2730,10264,2083,0,0
3992,-2344,-7171,3076,9776,2431,0,0
2755,-3478,-7335,2542,8772,2858,0,0
937,-2333,-6724,1636,7187,3220,0,0
-655,-1209,-6054,1802,6388,2466,0,0
-1865,-1333,-5628,1342,6392,1823,0,0
-2385,916,-5250,3363,10382,1319,0,0
-1901,1749,-5596,8613,12408,-1086,0,0
-1211,375,-4990,22851,11021,-10174,0,0
1127,-130,193,16217,10849,-6762,0,0
1774,4692,4995,7479,12824,275,0,0
303,4501,4980,7513,11784,-1200,0,0
782,-594,4556,5424,8328,1773,0,0
132,1483,5025,4272,5162,1639,0,0
-1188,1606,5896,2885,6327,1535,0,0
-2068,614,6440,2221,8227,1742,0,0
-2425,-181,6494,1212,8333,2225,0,0
-2672,671,6367,352,7857,2744,0,0
-3222,1104,6115,1351,7868,1720,0,0
-3380,513,5646,861,6620,1682,0,0
-3767,1979,5205,675,5065,441,0,0
-4443,2571,4573,-1119,2675,-1897,0,0
-4629,1232,3986,-4695,19,-7509,0,0
-3161,161,2317,-9744,-3817,-14914,0,0
-429,-1469,-1139,-9770,-3047,-15439,0,0
2072,-318,-3390,-6057,-1256,-11252,0,0
3913,428,-6512,-2585,1177,-5650,0,0
4541,460,-5291,-499,4472,-1764,0,0
4510,-57,-5743,1065,8442,682,0,0
4475,-516,-6024,2247,10431,2872,0,0
4141,-1416,-6534,1930,8495,3543,0,0
2753,-1875,-6101,920,7710,3240,0,0
1178,-1139,-5748,1182,6826,2583,0,0
96,-1580,-5913,1642,6376,2625,0,0
-1070,-1578,-5772,1891,6796,1448,0,0
-1470,-213,-5267,3809,9759,1067,0,0
-963,1677,-5376,7631,10529,206,0,0
-296,1944,-4750,16167,11602,-2059,0,0
206,-1102,-2272,22323,10909,-4373,0,0
870,2206,3259,10406,10625,555,0,0
-384,3976,4836,7532,11354,348,0,0
-188,396,4601,5966,8980,2027,0,0
-2440,591,5111,5446,6428,1732,0,0
-755,-12,5587,4470,6492,1880,0,0
-1489,-730,6449,2789,9601,2262,0,0
-2317,-280,7269,1839,11322,2565,0,0
-2690,-330,7466,544,10540,2434,0,0
-2867,284,7353,644,10044,2286,0,0
-3232,896,6882,380,9013,1981,0,0
-3600,1817,6712,-1555,7422,856,0,0
-4084,3778,6430,-6303,2680,-6059,0,0
-3379,1751,3573,-9932,-2347,-11515,0,0
-1416,-947,-401,-11617,-2511,-15550,0,0
1328,-451,-2753,-9065,-2208,-11943,0,0
3218,766,-4243,-4634,-1070,-6495,0,0
3926,369,-5760,-1315,3541,-2541,0,0
3636,-542,-6664,1594,8420,-490,0,0
3262,-1644,-6913,3530,11402,1652,0,0
2932,-2278,-7466,2794,10153,3327,0,0
2050,-1167,-6914,1613,9290,3956,0,0
873,720,-6341,2027,8410,3000,0,0
56,-68,-6391,2623,7221,1553,0,0
-113,-331,-6030,2831,6251,2397,0,0
-739,201,-5627,5092,9729,1313,0,0
-965,-1165,-5716,7799,9110,440,0,0
-794,-343,-4988,21251,9886,-8829,0,0
1215,-1885,-118,13709,11042,-5110,0,0
944,5552,5132,8290,12018,809,0,0
-185,3914,4577,8386,12802,-1107,0,0
633,-587,4572,5585,9143,1730,0,0
84,1195,4976,4417,6501,1258,0,0
-906,973,5487,2902,6293,1536,0,0
-1674,195,5984,2335,7938,2049,0,0
-2019,-592,6232,545,8267,2498,0,0
-2583,134,6451,752,7749,2205,0,0
-3182,875,6545,1188,8247,1719,0,0
-3259,325,5949,645,7659,1214,0,0
-3190,673,5750,78,5523,1862,0,0
-4155,2862,5800,-790,3912,-1927,0,0
-4425,1372,4858,-6874,-156,-8443,0,0
-2533,326,2556,-10191,-2572,-14042,0,0
89,-353,-627,-10002,-2530,-14446,0,0
2193,223,-2755,-6667,-1945,-10522,0,0
3473,168,-4271,-3351,-14,-5790,0,0
3938,105,-5564,-662,4312,-2289,0,0
3913,-94,-6199,2375,8626,-797,0,0
3990,-1302,-6429,3763,10579,725,0,0
4153,-1088,-6399,2906,9404,1939,0,0
3012,-333,-5334,1471,6801,4074,0,0
1894,128,-5328,1801,5239,3386,0,0
912,-1667,-5355,1844,5413,3120,0,0
-184,-810,-4932,2174,9630,3523,0,0
-676,771,-5273,6576,9610,1679,0,0
-587,731,-5200,12287,10377,1081,0,0
-262,810,-3437,24211,9966,-3931,0,0
1130,451,1499,14926,9485,-214,0,0
-57,1215,5081,9996,11834,2036,0,0
-637,1060,5125,7585,11137,2299,0,0
-866,792,5690,5288,8183,2302,0,0
-1699,868,6027,3286,7865,1598,0,0
-2455,-1286,6353,2073,8666,1391,0,0
-2296,-2832,6507,910,8723,2588,0,0
-1994,-1726,6498,226,8388,2732,0,0
-2147,67,6496,1107,8714,2082,0,0
-2301,704,6317,640,7984,1835,0,0
-2661,1993,5874,421,6170,721,0,0
-3072,2582,5212,-958,3340,-2108,0,0
-3057,2759,4949,-5396,-407,-6512,0,0
-2101,1824,3428,-9170,-2507,-12247,0,0
-208,-509,321,-11623,-4722,-12950,0,0
1618,-333,-2464,-8057,-3031,-9957,0,0
2708,-86,-4216,-3691,-1857,-7040,0,0
3330,-1157,-5488,-1058,2096,-3148,0,0
3640,118,-5901,286,6516,87,0,0
4089,1645,-5365,1796,9328,1671,0,0
4357,436,-5638,2132,9503,2357,0,0
3902,-1086,-6392,1507,9098,2828,0,0
2929,-1517,-5738,1482,8091,3204,0,0
1642,-1271,-5826,1172,6969,2968,0,0
557,-1137,-6051,989,7075,2129,0,0
-209,-717,-5839,2009,8931,2226,0,0
-680,429,-6042,6480,10876,2537,0,0
-733,757,-5673,16580,11236,-804,0,0
122,-1258,-2946,26349,11306,-5491,0,0
1682,-112,4194,9178,12675,1357,0,0
-278,1656,5277,8329,12358,138,0,0
217,-391,4761,5835,9556,1967,0,0
403,-217,5017,3214,5609,2860,0,0
-959,1786,5648,2754,6192,1817,0,0
-2004,-100,6278,2260,8748,2012,0,0
-2267,-1710,6549,328,8681,3054,0,0
-2652,-786,6585,697,8728,2582,0,0
-2860,-266,6581,1087,8726,2105,0,0
-2782,433,6259,-157,7520,2007,0,0
-3182,3006,6108,249,5483,1651,0,0
-4647,3998,5641,-1787,2909,-3677,0,0
-4497,980,3732,-7453,-2863,-10467,0,0
-2107,-920,863,-9706,-3836,-15538,0,0
1000,-708,-1964,-8269,-2224,-13880,0,0
3134,687,-3242,-4279,-1689,-8853,0,0
4082,133,-4447,-1691,594,-3899,0,0
4199,-90,-5358,-99,4508,-628,0,0
4131,485,-5305,1548,8298,1337,0,0
4352,168,-5352,2389,9277,2532,0,0
4290,-239,-5744,1536,7768,3165,0,0
3398,-722,-5270,891,6774,3027,0,0
2137,-1591,-5131,953,6053,3112,0,0
973,-2101,-5669,657,5731,2827,0,0
-158,-1172,-5527,1098,6452,2440,0,0
-754,707,-5298,3777,9813,2277,0,0
-399,1113,-5646,9592,10405,2190,0,0
-562,-681,-4546,20404,12059,-1104,0,0
386,-1185,-1188,20233,9083,-1915,0,0
369,2913,4348,8621,11226,1748,0,0
-597,3667,4566,8116,10808,888,0,0
129,-1345,4222,5261,7865,3038,0,0
-847,906,5139,3992,5961,2107,0,0
-1923,128,5877,3109,7062,1515,0,0
-1889,-2459,6239,1317,8708,2605,0,0
-1662,-1048,6393,-368,7690,3477,0,0
-2528,1310,6081,951,8242,2190,0,0
-3065,724,5711,363,7528,1406,0,0
-3265,963,5637,992,6834,1370,0,0
-3673,1046,5541,-345,5523,1317,0,0
-4746,2750,5557,-1409,3425,-2778,0,0
-4673,423,4456,-8192,-2426,-9462,0,0
-2337,-848,1429,-12187,-4919,-15288,0,0
793,-383,-2216,-8889,-2110,-13821,0,0
2796,161,-3961,-4215,-781,-9253,0,0
3842,-240,-7056,-1812,1443,-4090,0,0
4235,411,-5840,158,6004,-510,0,0
4349,625,-5952,2103,9848,1624,0,0
4549,-131,-6096,2900,9832,3127,0,0
4045,-372,-6234,1303,8348,4094,0,0
2937,447,-5467,872,7793,3479,0,0
2121,-150,-5340,1083,6538,3280,0,0
972,-1542,-5878,985,6047,2585,0,0
-1,-1418,-5805,2194,6763,2277,0,0
-420,-303,-5497,5390,10284,2116,0,0
-280,-2648,-5527,11418,9275,1213,0,0
-610,-2367,-3694,25884,10858,-6072,0,0
1294,-2586,2197,12364,11558,-885,0,0
921,1461,4654,7114,11659,1051,0,0
168,2574,4472,7046,10819,1023,0,0
15,27,4566,4189,7436,2458,0,0
-829,1407,4813,3841,4922,1219,0,0
-1357,-342,5270,2466,6241,1592,0,0
-1967,66,5844,1578,8261,1666,0,0
-2365,32,6267,881,8421,2200,0,0
-2801,-496,6313,562,7990,2645,0,0
-3311,-178,6072,102,7953,1803,0,0
-3076,-418,5354,-431,6590,1213,0,0
-2936,654,4952,-1172,4535,141,0,0
-3488,2421,4920,-3197,709,-3827,0,0
-3277,1157,4097,-7233,-3919,-9711,0,0
-1133,-661,1465,-10743,-6290,-12378,0,0
1068,-457,-1798,-8901,-5146,-11277,0,0
2459,-560,-4008,-4185,-2813,-7781,0,0
3253,-767,-4895,-885,276,-4485,0,0
3725,-55,-4942,435,4765,-1224,0,0
3871,295,-4598,1329,8527,973,0,0
3889,-655,-5081,1772,8816,2254,0,0
3436,-1391,-5994,722,7942,3300,0,0
2458,-387,-5700,856,7256,3288,0,0
1476,-905,-5566,1053,5958,3002,0,0
415,-1057,-5723,846,6318,2490,0,0
-637,-748,-5515,1544,8118,1445,0,0
-873,-274,-5760,3656,10710,1396,0,0
-230,979,-6230,11054,10071,869,0,0
-127,-1856,-4753,23555,11714,-4116,0,0
1306,-2971,-290,17111,10667,-2180,0,0
902,4456,4512,8081,11319,986,0,0
75,2981,4444,7458,11209,459,0,0
653,-562,4271,4535,7435,2943,0,0
-521,1896,4909,3955,5623,2266,0,0
-1959,749,5554,2987,6976,1867,0,0
-2516,-557,6164,1535,8864,2130,0,0
-2739,-221,6605,611,8621,2307,0,0
-3336,31,6681,1213,9234,2301,0,0
-3509,-33,6424,329,8877,2026,0,0
-3363,1451,6034,370,7064,1583,0,0
-3826,2491,5541,89,4695,13,0,0
-4475,1686,4625,-3448,1381,-5064,0,0
-3580,607,3377,-7519,-3135,-10726,0,0
-1398,-898,881,-10088,-4081,-15030,0,0
1257,-1051,-1931,-8968,-3967,-12776,0,0
3332,63,-3583,-4224,-2322,-7221,0,0
4261,-258,-4716,-1603,1088,-2490,0,0
4268,-109,-5090,-949,5266,1027,0,0
3856,722,-5020,452,8900,1812,0,0
3467,-1663,-5862,2057,9282,1742,0,0
2476,-1659,-7031,1019,8924,2656,0,0
1741,-728,-6434,1325,8983,2485,0,0
1409,243,-6026,2218,7968,1811,0,0
969,-506,-6111,1883,6149,1711,0,0
483,-104,-5780,2954,7756,1764,0,0
-206,96,-5676,5569,10309,2017,0,0
-719,473,-5322,13320,9643,954,0,0
-1139,-2002,-3411,25564,8606,-2994,0,0
620,194,3266,9932,9225,606,0,0
-380,1914,4874,6995,12448,336,0,0
78,-19,3914,6354,11601,1572,0,0
475,214,4145,5825,7759,2257,0,0
-577,314,4546,4508,5878,2273,0,0
-1386,-1503,5040,2344,5559,1840,0,0
-1503,-1612,5468,1622,6511,1903,0,0
-1566,-456,5869,1249,7007,1998,0,0
-1893,-362,6065,643,7000,1387,0,0
-2007,-673,6036,1142,7017,1586,0,0
-2234,-228,6030,741,6348,1734,0,0
-2511,662,5851,-67,5239,1503,0,0
-3277,2298,5762,-673,3322,414,0,0
-4067,2356,5337,-5484,246,-5181,0,0
-3439,351,2814,-9968,-4255,-11237,0,0
-1367,-1910,-792,-10845,-3274,-15546,0,0
1375,-869,-3144,-7628,-1121,-12534,0,0
3568,694,-4036,-3654,-729,-6815,0,0
4598,952,-4924,-1284,2240,-1896,0,0
4708,979,-5449,-23,6646,868,0,0
4522,327,-5684,1402,9068,1977,0,0
4003,-2144,-6369,1966,8915,2560,0,0
2835,-2474,-6682,593,8254,3390,0,0
1793,-105,-5978,692,7674,3372,0,0
889,772,-5776,977,6702,2687,0,0
-1,-4,-5643,1325,6345,1582,0,0
-546,-166,-5327,1975,8694,2110,0,0
-646,156,-5626,6000,9725,1420,0,0
-490,397,-5262,11403,11004,2204,0,0
-162,-912,-3844,25157,11068,-3166,0,0
1397,-738,2523,10884,9308,1921,0,0
-515,133,5007,7239,12127,1711,0,0
-536,1229,4166,5914,10903,1747,0,0
-71,-608,4217,5513,7208,2612,0,0
-739,-985,4566,4132,5174,2130,0,0
-1350,-984,5380,2560,6228,2370,0,0
-1750,-371,6026,2074,8448,2113,0,0
-2174,-228,6546,910,8348,2608,0,0
-2888,409,6774,647,8997,2630,0,0
-3380,2049,6887,238,8528,3069,0,0
-4306,4073,6475,250,7513,2442,0,0
-5522,4026,4957,-60,5708,-1101,0,0
-5279,711,2974,-3120,1045,-7623,0,0
-3253,-1010,1968,-6737,-2758,-14268,0,0
-257,-1478,-76,-7724,-3191,-15557,0,0
2320,-1232,-2116,-6510,-3894,-10988,0,0
4031,-674,-4011,-2479,-1950,-5579,0,0
4693,-740,-5216,-4,2605,-1836,0,0
4708,17,-5241,1235,6336,713,0,0
4586,-765,-5445,2299,9362,1579,0,0
4302,-2987,-6363,2505,9434,2695,0,0
3265,-3198,-6668,1102,8498,3164,0,0
1752,-1531,-5889,1312,7639,2849,0,0
458,-932,-5693,1216,6072,2126,0,0
-390,-408,-5577,1102,5849,1874,0,0
-569,782,-5386,2976,8195,1345,0,0
-355,765,-5600,6319,10015,1552,0,0
-377,807,-5050,17472,9687,-371,0,0
-288,-814,-2285,23398,11130,-2738,0,0
316,1414,4396,9018,12295,1274,0,0
-854,86,4906,8112,12278,163,0,0
-67,-980,4283,5721,9221,2286,0,0
16,137,4726,4440,6340,2444,0,0
-1093,813,5249,4113,6234,1861,0,0
-2469,-51,6800,1779,10153,1984,0,0
-2663,-414,6981,-125,9820,3065,0,0
-3275,1126,6706,-97,9609,3248,0,0
-3982,2272,6231,-1030,8507,2363,0,0
-4499,2785,5313,-979,6204,1270,0,0
-5331,2188,4102,-2165,2376,-3852,0,0
-4785,397,2942,-5516,-1646,-10346,0,0
-2066,-861,932,-7386,-3472,-16357,0,0
1067,-940,-1335,-8475,-4278,-15021,0,0
3160,42,-2852,-4348,-3239,-9506,0,0
4225,-634,-4332,-1683,-645,-3852,0,0
4255,-314,-4931,-233,3239,-829,0,0
3738,99,-4695,1337,6565,226,0,0
3549,-1101,-4645,2157,9687,1043,0,0
3607,-2748,-6044,1345,9016,2664,0,0
3019,-1661,-6483,1106,8496,3108,0,0
2183,-969,-5999,1435,7450,3110,0,0
1016,-1354,-6083,1057,6341,2791,0,0
-322,-1087,-5793,748,6479,2191,0,0
-1084,728,-5422,2150,9721,2294,0,0
-66,1093,-5385,8216,11640,3144,0,0
1208,2943,-7256,23456,11773,3161,0,0
1051,-1108,-1395,21245,11402,2816,0,0
-1379,3418,5714,9966,12492,4635,0,0
-2412,2760,5463,6014,12526,3472,0,0
-3904,-660,4702,3127,8539,4457,0,0
-2759,117,4699,2237,6309,3227,0,0
-3755,336,4972,2274,7620,2450,0,0
-4298,-388,5403,1880,8890,2265,0,0
-4472,-2003,5499,643,9308,2629,0,0
-4448,-2047,5645,337,9048,2364,0,0
-4054,-1322,5960,-167,8354,2816,0,0
-3879,1423,5797,-435,7720,2245,0,0
-4258,2001,4635,-762,4581,-1756,0,0
-4167,-159,3430,-4821,102,-7330,0,0
-2876,-987,2307,-8329,-4549,-14303,0,0
-134,-1404,-153,-10550,-4989,-15841,0,0
2305,-708,-2704,-6461,-3693,-12408,0,0
3905,-1448,-4410,-2755,-487,-5733,0,0
4996,721,-4828,-1660,4387,-467,0,0
5069,1086,-4799,181,8313,998,0,0
4260,-1608,-5135,997,9344,2664,0,0
3036,-1386,-5575,386,8168,2990,0,0
2372,-2152,-5508,874,8421,2259,0,0
2103,-605,-5537,2561,7125,1627,0,0
1585,-3476,-5981,3720,6272,1351,0,0
319,-4723,-5929,3842,7932,1284,0,0
-1749,-5956,-6008,7518,9813,-978,0,0
-3483,-6939,-4719,4513,12612,-2249,0,0
-3540,-2803,-3551,5967,11803,-6006,0,0
-2735,-3438,-2552,13090,7033,-14282,0,0
-1147,-590,1038,3487,5412,-6719,0,0
907,-5331,1273,-3098,2998,981,0,0
984,-195,1005,1088,2551,-502,0,0
1148,-768,821,1221,3263,-161,0,0
1504,-1164,431,748,3769,793,0,0
1465,-897,111,271,3343,1218,0,0
897,-130,56,235,3764,1607,0,0
62,825,88,-161,4407,1922,0,0
-1674,-417,-155,77,4549,-15,0,0
-1945,-1153,-308,733,3957,-298,0,0
-2006,-1512,-89,1073,3648,-676,0,0
-1815,-1573,358,-303,4741,-4954,0,0
207,1183,207,-1813,5491,-5806,0,0
654,281,-147,2900,4008,152,0,0
105,-2412,175,1262,5199,-235,0,0
417,-2526,237,133,3976,250,0,0
258,-1506,290,128,3100,584,0,0
-100,-355,307,437,3449,232,0,0
-237,311,229,742,3847,25,0,0
-253,395,63,1002,3948,-54,0,0
-329,444,26,829,3999,-230,0,0
-430,811,208,846,4147,-586,0,0
-388,467,380,230,4411,-2017,0,0
102,231,193,8,4307,-1344,0,0
169,321,-51,925,4072,-282,0,0
146,298,-50,803,3940,-309,0,0
171,267,-71,848,3824,-99,0,0
112,219,-99,932,3783,6,0,0
39,218,-130,943,3894,-52,0,0
8,185,-99,992,3987,-94,0,0
-32,225,51,907,3956,-241,0,0
-93,286,221,939,4002,-380,0,0
-88,176,261,889,3965,-520,0,0
14,161,137,796,4021,-653,0,0
119,105,-38,942,4007,-463,0,0
119,-49,-98,1045,3974,-319,0,0
97,-113,-56,979,4015,-314,0,0
99,-85,12,918,3973,-341,0,0
107,-30,58,843,3831,-282,0,0
96,90,66,770,3843,-293,0,0
87,183,17,857,3906,-329,0,0
69,168,-43,914,3897,-355,0,0
50,216,-52,943,3891,-476,0,0
64,230,-50,1068,3893,-2552,0,0
89,95,-57,1029,3881,-387,0,0
78,97,-30,980,3897,-358,0,0
55,135,-10,1040,3918,-381,0,0
39,94,14,965,3915,-438,0,0
42,117,6,997,3926,-534,0,0
66,72,-11,1070,3904,-549,0,0
82,-9,-12,1020,3904,-478,0,0
73,-46,-6,972,3953,-408,0,0
60,-81,-4,925,3905,-422,0,0
56,-35,-1,871,3908,-497,0,0
75,53,-16,916,3987,-536,0,0
94,52,-28,944,3934,-515,0,0
76,42,-11,904,3858,-480,0,0
36,25,-21,942,3881,-455,0,0
5,-14,-59,954,3868,-450,0,0
-19,-14,-73,963,3889,-515,0,0
-9,27,-59,997,3892,-593,0,0
13,83,-23,1062,3913,-584,0,0
4,20,26,1067,3894,-535,0,0
-11,-105,50,925,3906,-552,0,0
-5,-87,36,889,3913,-557,0,0
-3,-25,32,982,3880,-520,0,0
-7,-39,43,973,3910,-560,0,0
-19,-102,18,1004,3907,-574,0,0
-26,-209,-11,1013,3903,-565,0,0
-13,-219,-14,906,3896,-461,0,0
-22,-108,11,856,3905,-471,0,0
-29,-28,21,867,3943,-582,0,0
-7,38,10,958,3959,-614,0,0
-2,16,9,1020,3890,-569,0,0
-2,-81,6,968,3880,-544,0,0
11,-99,-25,902,3901,-527,0,0
10,-63,-43,901,3910,-485,0,0
-7,-37,-28,890,3927,-496,0,0
-14,23,-20,879,3967,-538,0,0
-11,55,-32,929,3910,-524,0,0
-21,65,-28,908,3834,-496,0,0
-43,98,-17,884,3837,-547,0,0
-51,89,-31,977,3834,-554,0,0
-44,4,-42,1034,3886,-525,0,0
-28,-73,-45,973,3998,-430,0,0
-13,-39,-35,965,4059,-470,0,0
13,-22,-15,920,3979,-501,0,0
5,-61,5,821,3973,-484,0,0
3,-32,-1,775,3958,-474,0,0
-14,5,-33,809,3969,-482,0,0
-27,-17,-81,866,3936,-518,0,0
-26,-70,-115,883,3896,-505,0,0
-27,-85,-113,903,3915,-499,0,0
-11,-118,-104,934,3898,-436,0,0
8,-122,-79,865,3925,-347,0,0
11,-4,-37,853,3940,-339,0,0
6,102,5,863,3865,-380,0,0
-15,163,30,882,3886,-404,0,0
-45,149,35,912,3958,-510,0,0
-39,59,23,863,3995,-668,0,0
-22,-95,-21,762,3995,-591,0,0
-38,-145,-66,893,3921,-424,0,0
-20,-157,-65,926,3907,-291,0,0
-14,-112,-42,845,3944,-252,0,0
-51,-43,-16,782,3977,-430,0,0
-65,-30,-17,697,3992,-696,0,0
-25,7,-31,787,3998,-664,0,0
1,7,-15,958,4002,-396,0,0
7,-66,-5,912,3925,-320,0,0
14,-75,-10,808,3867,-409,0,0
20,-22,-18,774,3974,-474,0,0
23,-5,-28,759,4008,-453,0,0
16,5,-29,768,3948,-461,0,0
13,45,-30,818,3917,-420,0,0
4,44,-35,860,3921,-409,0,0
-5,10,-40,859,3945,-466,0,0
-4,-32,-43,838,3956,-478,0,0
2,-71,-40,808,3945,-441,0,0
7,-49,-40,801,3961,-438,0,0
15,-9,-28,809,3975,-423,0,0
13,-6,-6,780,3989,-435,0,0
14,12,1,750,3980,-466,0,0
15,16,-8,757,3946,-475,0,0
16,30,-11,796,3947,-449,0,0
21,43,-5,827,3952,-429,0,0
25,48,-3,822,3942,-450,0,0
22,51,3,824,3974,-485,0,0
17,18,8,798,3956,-514,0,0
16,-2,8,753,3957,-476,0,0
12,19,3,802,3950,-450,0,0
13,-5,-1,807,3948,-430,0,0
14,-5,-2,800,3958,-433,0,0
10,-10,-5,792,3973,-456,0,0
6,-26,-10,767,3981,-467,0,0
7,-6,-16,753,3965,-435,0,0
-8,26,-20,797,3970,-465,0,0
2,20,-30,873,3938,-491,0,0
27,-23,-22,839,3964,-421,0,0
25,-44,-3,686,3949,-402,0,0
11,34,1,659,3963,-454,0,0
7,91,-31,747,3971,-477,0,0
7,99,-36,824,3956,-470,0,0
13,82,-26,828,3967,-461,0,0
20,68,-15,807,3984,-453,0,0
22,76,-14,800,3953,-482,0,0
24,88,-7,791,3925,-488,0,0
16,112,6,817,3952,-475,0,0
21,121,11,865,3965,-496,0,0
36,79,5,878,3940,-495,0,0
38,33,6,802,3931,-470,0,0
27,45,-1,772,3956,-475,0,0
14,63,-18,854,3933,-483,0,0
7,33,-16,874,3933,-478,0,0
2,13,-11,841,3930,-483,0,0
1,0,-15,817,3924,-456,0,0
-5,1,-25,812,3946,-458,0,0
-9,6,-33,840,3950,-470,0,0
-8,-1,-26,826,3946,-463,0,0
-11,6,-20,809,3930,-469,0,0
-14,25,-14,857,3948,-458,0,0
-13,-15,-5,828,3964,-469,0,0
-1,-18,-6,783,3959,-472,0,0
6,11,-8,818,3950,-445,0,0
3,4,1,825,3969,-442,0,0
-7,-9,-2,813,3957,-463,0,0
-10,-14,-11,804,3928,-451,0,0
-16,-14,-16,819,3944,-451,0,0
-21,-20,-18,850,3956,-454,0,0
-15,-42,-16,836,3949,-457,0,0
-4,-50,-10,798,3964,-434,0,0
-8,-33,-4,819,3994,-426,0,0
-3,-35,6,789,3950,-461,0,0
11,-10,10,765,3927,-458,0,0
15,20,12,821,3982,-397,0,0
10,12,18,813,3974,-415,0,0
8,-2,9,798,3954,-2512,0,0
9,-19,-10,785,3942,-428,0,0
0,-5,-20,810,3929,-419,0,0
-3,14,-25,861,3927,-447,0,0
4,9,-1,864,3920,-454,0,0
11,16,9,850,3950,-441,0,0
10,25,8,868,3970,-449,0,0
8,-1,10,830,3918,-460,0,0
5,5,5,835,3903,-452,0,0
1,6,-1,885,3932,-419,0,0
2,-14,7,857,3962,-434,0,0
8,-3,6,811,3961,-437,0,0
7,31,5,818,3943,-2472,0,0
0,44,2,875,3935,-457,0,0
4,20,-1,905,3929,-457,0,0
15,-11,-2,872,3932,-433,0,0
33,-6,-18,861,3962,-407,0,0
43,18,-22,874,3962,-427,0,0
31,24,1,830,3920,-469,0,0
13,33,10,833,3941,-493,0,0
15,26,-5,909,3949,-443,0,0
13,-13,-7,898,3934,-402,0,0
7,-14,-2,855,3927,-424,0,0
5,14,-3,850,3944,-463,0,0
9,33,-6,869,3946,-466,0,0
6,41,-5,892,3916,-447,0,0
-1,48,1,922,3915,-469,0,0
0,20,2,920,3940,-466,0,0
-1,-33,-11,862,3962,-460,0,0
-5,-47,-23,818,3931,-445,0,0
-3,1,-22,864,3907,-430,0,0
1,26,-11,896,3914,-421,0,0
7,25,-2,881,3933,-425,0,0
10,24,1,873,3936,-428,0,0
10,32,6,850,3950,-419,0,0
10,64,7,889,3966,-423,0,0
9,59,2,922,3946,-435,0,0
5,36,6,905,3931,-455,0,0
9,36,11,882,3922,-456,0,0
12,45,7,892,3940,-441,0,0
12,59,6,918,3922,-461,0,0
17,63,9,925,3911,-480,0,0
21,59,3,975,3909,-479,0,0
20,9,-1,970,3941,-453,0,0
18,-32,-4,909,3952,-464,0,0
17,-28,-8,880,3934,-458,0,0
17,7,-6,930,3923,-458,0,0
14,0,-1,937,3899,-475,0,0
14,-31,-3,927,3900,-468,0,0
15,-40,-5,922,3935,-438,0,0
12,-26,3,886,3942,-436,0,0
2,-10,6,878,3938,-457,0,0
-1,6,-5,883,3910,-461,0,0
-4,26,-16,952,3893,-471,0,0
-3,0,-16,971,3926,-464,0,0
3,-29,-9,918,3938,-459,0,0
2,-24,-13,901,3929,-477,0,0
4,-16,-16,925,3920,-478,0,0
4,-18,-2064,929,3923,-459,0,0
0,-13,-14,919,3910,-451,0,0
-9,-12,-14,922,3912,-477,0,0
-10,-13,-20,936,3902,-457,0,0
-8,-22,-24,928,3925,-412,0,0
-7,9,-25,900,3928,-394,0,0
-22,49,-7,961,3912,-423,0,0
-25,63,2,1056,3920,-508,0,0
-4,-17,6,1025,3912,-474,0,0
-2,-107,5,908,3931,-393,0,0
-12,-113,-6,830,3944,-392,0,0
-14,-74,-28,820,3942,-439,0,0
-13,-30,-29,862,3930,-436,0,0
-13,-1,-15,891,3924,-435,0,0
4,15,-11,901,3919,-2512,0,0
20,-3,-13,885,3954,-445,0,0
21,-10,-15,872,3972,-452,0,0
24,-11,-22,853,3934,-442,0,0
26,17,-25,920,3933,-454,0,0
29,-3,-17,924,3948,-452,0,0
30,-16,-7,868,3927,-478,0,0
31,4,-9,878,3912,-476,0,0
29,12,-11,883,3909,-478,0,0
24,10,-20,901,3915,-489,0,0
27,-1,-26,911,3929,-454,0,0
16,8,-18,901,3945,-465,0,0
10,13,-19,885,3921,-2552,0,0
9,-1,-31,894,3935,-503,0,0
7,-25,-39,882,3909,-490,0,0
5,-31,-43,883,3920,-483,0,0
7,-23,-51,906,3931,-486,0,0
7,-19,-40,884,3932,-485,0,0
-1,-18,-28,836,3932,-487,0,0
-8,7,-32,825,3926,-480,0,0
-16,27,-38,868,3938,-479,0,0
-17,0,-41,889,3952,-480,0,0
-13,-25,-39,829,3946,-476,0,0
-9,-1,-39,807,3954,-486,0,0
-1,29,-43,844,3968,-474,0,0
-3,43,-48,852,3926,-477,0,0
-13,39,-35,862,3893,-507,0,0
-13,-6,-24,825,3920,-482,0,0
-8,-19,-36,802,3956,-454,0,0
-4,-7,-45,819,3968,-451,0,0
-2,-14,-44,817,3983,-479,0,0
14,9,-34,812,3978,-469,0,0
19,30,-24,803,3946,-452,0,0
15,43,-18,821,3941,-465,0,0
13,48,-14,829,3943,-480,0,0
11,44,-11,839,3938,-494,0,0
9,24,-15,850,3936,-489,0,0
5,1,-21,833,3922,-465,0,0
-9,-12,-19,811,3921,-472,0,0
-11,-1,-19,850,3921,-505,0,0
-5,-16,-16,861,3932,-463,0,0
-4,-38,-3,831,3965,-433,0,0
-5,-53,-3,790,3989,-427,0,0
-8,-36,-8,782,3996,-422,0,0
-13,-19,-6,780,3975,-436,0,0
-13,8,1,802,3938,-444,0,0
-13,9,2,816,3939,-433,0,0
-11,-9,-6,824,3952,-438,0,0
-5,-5,-2,814,3950,-423,0,0
-5,5,3,819,3965,-448,0,0
-2,-5,3,825,3974,-465,0,0
8,14,10,842,3934,-476,0,0
12,18,15,867,3930,-452,0,0
20,-21,16,819,3967,-434,0,0
18,-17,3,784,3983,-443,0,0
9,10,-2,822,3947,-458,0,0
5,13,-2,859,3947,-457,0,0
6,-9,-7,871,3960,-448,0,0
7,-31,-11,837,3949,-460,0,0
5,-32,-9,825,3937,-479,0,0
6,-26,-10,834,3950,-457,0,0
5,-24,-16,840,3947,-444,0,0
2,-21,-14,825,3916,-464,0,0
1,1,-14,859,3925,-488,0,0
8,-8,-11,860,3928,-461,0,0
11,-13,-5,817,3942,-470,0,0
10,3,-11,820,3954,-461,0,0
8,12,-15,854,3956,-469,0,0
5,-2,-13,876,3938,-473,0,0
0,-37,-12,837,3938,-470,0,0
0,-38,-17,828,3957,-471,0,0
-2,-29,-20,832,3944,-472,0,0
-11,-19,-15,839,3951,-483,0,0
-11,-32,-17,830,3924,-488,0,0
-4,-59,-24,796,3928,-463,0,0
3,-46,-35,783,3963,-451,0,0
3,-24,-32,803,3980,-456,0,0
1,-16,-17,798,3977,-458,0,0
3,-8,-16,783,3948,-456,0,0
2,5,-16,811,3941,-475,0,0
4,4,-13,828,3950,-467,0,0
3,-14,-11,791,3939,-462,0,0
4,7,-18,782,3939,-464,0,0
3,22,-21,808,3958,-454,0,0
-1,21,-20,809,3968,-476,0,0
4,18,-23,783,3938,-487,0,0
12,23,-22,730,3971,-471,0,0
17,61,-32,758,4001,-484,0,0
12,66,-24,852,4052,-468,0,0
12,25,-21,853,4013,-422,0,0
-27,21,-1,783,3831,-460,0,0
-74,67,10,960,3844,-590,0,0
-50,-91,-33,1080,3909,-534,0,0
-21,-278,-53,987,3920,-381,0,0
-17,-316,-29,881,3915,-376,0,0
-1,-308,-33,753,3977,-353,0,0
-15,-221,-34,668,3990,-375,0,0
-60,-158,-13,697,3966,-555,0,0
-38,-134,10,765,4004,-465,0,0
-19,-144,25,675,4028,-365,0,0
-7,-85,24,566,4017,-398,0,0
6,19,-2,532,3967,-455,0,0
-7,99,-29,608,3990,-495,0,0
-16,140,-54,754,3977,-497,0,0
6,154,-78,956,3946,-487,0,0
30,47,-61,958,3965,-451,0,0
32,-89,-26,698,4001,-440,0,0
24,-24,-12,559,3971,-433,0,0
7,121,-17,654,3964,-2488,0,0
-14,165,-21,792,3987,-467,0,0
-14,107,-29,845,3960,-486,0,0
-6,23,-45,872,3920,-482,0,0
-8,-74,-34,824,3966,-463,0,0
1,-114,-23,721,3994,-436,0,0
1,-80,-25,692,3967,-388,0,0
-11,-19,-17,723,3960,-405,0,0
-16,10,1,737,3982,-441,0,0
-19,-13,10,695,4011,-435,0,0
-24,-11,-1,687,4007,-465,0,0
1,34,-33,734,4000,-437,0,0
47,88,-76,730,3932,-327,0,0
14,93,-52,707,3906,-411,0,0
-32,22,-14,675,3960,-574,0,0
-19,35,12,715,4019,-406,0,0
-37,56,48,640,4029,-291,0,0
-69,78,43,672,3941,-447,0,0
-44,53,-36,821,3892,-482,0,0
-13,-7,-76,961,3930,-426,0,0
9,-105,-56,953,4018,-380,0,0
23,-178,-5,765,4031,-345,0,0
12,-164,29,648,4008,-351,0,0
-8,-85,25,670,4008,-395,0,0
-7,-66,-12,740,3905,-458,0,0
14,-91,-45,872,3911,-404,0,0
34,-179,-33,763,4020,-348,0,0
36,-183,1,555,4033,-422,0,0
45,-48,35,493,3995,-440,0,0
36,62,54,497,3992,-408,0,0
15,144,9,618,3965,-427,0,0
14,188,-58,841,3969,-464,0,0
29,82,-71,870,3967,-425,0,0
27,-16,-46,753,3932,-472,0,0
30,33,-2,698,3988,-464,0,0
27,97,33,684,4001,-405,0,0
1,112,29,730,3957,-477,0,0
3,97,-3,869,3970,-489,0,0
9,-33,-19,858,3969,-458,0,0
11,-140,-14,699,3956,-464,0,0
13,-97,-1,624,3971,-424,0,0
10,-3,12,649,3975,-411,0,0
9,88,25,715,3985,-420,0,0
4,97,23,794,3983,-458,0,0
-6,1,16,893,3976,-465,0,0
-15,-180,13,832,3986,-515,0,0
17,-213,31,698,3930,-378,0,0
-9,-127,25,668,3931,-442,0,0
-9,0,31,799,3935,-468,0,0
-40,-71,50,877,4047,-470,0,0
-43,-271,99,745,4106,-433,0,0
-4,-151,125,541,3873,-354,0,0
-43,167,125,631,3792,-500,0,0
-35,311,109,915,3941,-509,0,0
0,228,51,1136,3957,-377,0,0
-31,23,2,1137,3937,-469,0,0
-27,-169,-14,958,3916,-514,0,0
8,-211,-31,863,3988,-359,0,0
21,-106,-35,731,3992,-353,0,0
30,113,-47,698,3881,-452,0,0
32,227,-52,883,3906,-2504,0,0
23,151,-35,941,3924,-483,0,0
21,53,-27,865,3987,-467,0,0
2,27,-36,880,4006,-391,0,0
-37,-74,-57,832,3926,-439,0,0
-46,-127,-74,745,3900,-422,0,0
-35,-41,-76,749,3958,-350,0,0
-13,64,-85,791,3914,-368,0,0
17,206,-70,887,3908,-365,0,0
24,261,-22,939,3946,-399,0,0
13,191,9,911,3941,-427,0,0
1,112,8,911,3995,-389,0,0
-12,1,0,889,3998,-406,0,0
-21,-119,-4,790,3978,-416,0,0
-26,-161,-23,737,4060,-347,0,0
-22,-105,-44,718,3999,-348,0,0
-8,-41,-50,708,3883,-387,0,0
4,26,-50,738,3917,-327,0,0
-12,57,-58,811,3948,-386,0,0
-25,32,-55,985,3960,-451,0,0
-23,-127,-16,988,4050,-388,0,0
-17,-289,31,751,4036,-319,0,0
-12,-243,47,538,3918,-312,0,0
-22,-80,13,566,3929,-314,0,0
-38,12,-47,754,3972,-366,0,0
-22,35,-51,880,3973,-418,0,0
9,-29,-25,804,3966,-384,0,0
29,-22,-11,702,3997,-316,0,0
27,57,-16,756,3992,-346,0,0
17,72,-11,789,3962,-438,0,0
19,15,-11,776,3967,-411,0,0
16,-9,-18,757,3924,-421,0,0
15,-4,-25,822,3943,-424,0,0
23,-32,-19,830,3990,-343,0,0
19,-28,-1,770,3973,-362,0,0
16,4,4,747,3952,-393,0,0
7,13,-2,786,3956,-404,0,0
-2,-8,-5,816,4006,-416,0,0
-7,-51,0,751,3959,-424,0,0
-10,-84,-9,712,3943,-404,0,0
10,-52,-33,745,3956,-332,0,0
7,-7,-32,756,3958,-336,0,0
-12,36,-5,828,3977,-428,0,0
-3,-4,10,869,3987,-429,0,0
0,-79,14,825,3988,-364,0,0
-14,-90,21,790,3965,-352,0,0
-17,-89,16,759,3960,-398,0,0
0,-87,5,726,3976,-402,0,0
15,-44,5,700,4003,-356,0,0
20,3,-2,666,4001,-340,0,0
13,68,-29,669,3953,-379,0,0
2,136,-53,770,3948,-425,0,0
2,101,-80,850,3949,-456,0,0
14,1,-91,816,3961,-419,0,0
27,17,-75,787,3981,-383,0,0
32,93,-36,805,4022,-420,0,0
35,123,-4,796,3946,-442,0,0
28,131,8,843,3923,-444,0,0
16,62,10,865,3950,-435,0,0
7,-32,9,809,3973,-446,0,0
11,-95,1,727,3967,-417,0,0
8,-107,-2,668,3976,-363,0,0
2,-66,-8,664,3985,-364,0,0
7,13,-9,726,3987,-392,0,0
21,62,2,758,3983,-401,0,0
25,68,9,758,3960,-396,0,0
26,66,8,761,3961,-377,0,0
24,59,1,767,3967,-381,0,0
23,61,-1,757,3946,-410,0,0
12,54,2,743,3969,-435,0,0
0,22,-12,758,3989,-413,0,0
-10,-5,-28,817,3953,-386,0,0
-9,-23,-25,869,3945,-2488,0,0
10,-61,-1,796,3990,-442,0,0
28,-55,16,655,3982,-362,0,0
22,48,15,616,3939,-356,0,0
-1,172,0,773,3960,-416,0,0
-12,151,-16,909,3971,-483,0,0
-10,39,-22,945,3947,-462,0,0
-7,-75,-8,849,3936,-417,0,0
-7,-96,-1,755,3934,-414,0,0
-7,-57,3,763,3968,-383,0,0
-11,-27,7,782,3996,-391,0,0
-11,-13,6,785,3984,-423,0,0
-9,-16,0,813,3980,-421,0,0
-6,-35,-2,810,3957,-389,0,0
-6,-29,6,785,3914,-411,0,0
2,-16,11,798,3962,-416,0,0
21,4,4,811,3972,-350,0,0
16,26,3,840,3946,-354,0,0
2,16,6,864,3949,-410,0,0
-7,-36,-3,868,3955,-406,0,0
-5,-73,3,834,3950,-372,0,0
-6,-60,18,834,3942,-373,0,0
-2,-38,21,853,3981,-357,0,0
7,-32,19,820,3995,-373,0,0
-2,-45,19,773,3970,-458,0,0
-7,-61,9,728,3947,-496,0,0
-2,-26,0,777,3944,-465,0,0
14,9,6,856,3916,-400,0,0
33,31,18,884,3923,-339,0,0
38,55,21,893,3956,-339,0,0
24,50,24,865,3941,-386,0,0
5,29,25,837,3949,-451,0,0
-3,-9,6,824,3969,-450,0,0
-6,-25,-11,822,3967,-424,0,0
2,-1,-13,859,3936,-410,0,0
18,16,-12,847,3938,-374,0,0
22,47,-15,856,3949,-401,0,0
18,43,-21,869,3963,-448,0,0
25,16,-24,883,3961,-443,0,0
26,-6,-17,874,3946,-381,0,0
22,10,-10,858,3935,-394,0,0
22,17,-11,845,3945,-429,0,0
24,16,-12,860,3939,-465,0,0
28,0,-14,853,3942,-436,0,0
31,-8,-16,830,3955,-396,0,0
22,15,-20,841,3944,-420,0,0
16,13,-25,847,3948,-462,0,0
21,15,-28,871,3933,-469,0,0
28,9,-24,871,3940,-436,0,0
28,8,-18,859,3956,-442,0,0
22,7,-18,871,3941,-468,0,0
18,-14,-14,868,3925,-481,0,0
20,-36,-13,859,3937,-450,0,0
19,-32,-12,850,3929,-425,0,0
14,-7,-2,822,3926,-447,0,0
11,27,1,839,3940,-483,0,0
14,23,-4,873,3940,-483,0,0
13,-15,-6,859,3931,-476,0,0
8,-23,-10,842,3926,-472,0,0
1,-34,-19,842,3939,-468,0,0
2,-34,-25,865,3956,-471,0,0
6,-37,-21,836,3940,-457,0,0
1,-27,-17,806,3948,-480,0,0
-1,-16,-26,850,3967,-492,0,0
5,-22,-25,879,3960,-484,0,0
10,-32,-14,845,3935,-479,0,0
16,-24,-11,821,3941,-461,0,0
20,-2,-13,819,3959,-477,0,0
23,11,-16,819,3958,-507,0,0
23,12,-21,815,3949,-506,0,0
22,14,-29,828,3949,-499,0,0
16,5,-35,836,3945,-504,0,0
15,-10,-26,806,3950,-497,0,0
13,5,-21,792,3964,-519,0,0
16,22,-23,819,3942,-527,0,0
22,9,-29,826,3922,-511,0,0
25,0,-23,831,3939,-500,0,0
24,-4,-27,827,3933,-491,0,0
16,-6,-27,819,3933,-512,0,0
9,-12,-28,827,3928,-526,0,0
8,-18,-25,805,3933,-487,0,0
3,2,-19,782,3930,-485,0,0
2,30,-19,799,3949,-506,0,0
2,41,-19,819,3930,-527,0,0
0,30,-12,821,3927,-521,0,0
-6,10,-14,837,3937,-514,0,0
-3,-12,-19,826,3938,-507,0,0
0,-4,-15,820,3935,-508,0,0
1,1,-7,804,3946,-498,0,0
2,16,-7,810,3954,-505,0,0
-1,6,-13,826,3964,-530,0,0
-1,-20,-18,828,3972,-528,0,0
-2,-47,-18,789,3948,-517,0,0
-7,-47,-17,762,3939,-497,0,0
-11,-29,-19,786,3966,-490,0,0
-13,-25,-24,796,3964,-498,0,0
-19,-36,-23,802,3962,-518,0,0
-22,-59,-18,791,3973,-518,0,0
-24,-65,-12,782,3950,-511,0,0
-16,-51,-3,778,3927,-476,0,0
-11,-24,4,785,3908,-464,0,0
-10,-8,1,786,3938,-469,0,0
-5,5,-3,797,3973,-483,0,0
-8,10,0,805,3973,-490,0,0
-9,7,6,783,3946,-496,0,0
-7,9,1,798,3944,-476,0,0
-6,14,-1,806,3949,-466,0,0
0,21,-1,792,3959,-485,0,0
5,20,-5,789,3968,-484,0,0
6,17,-10,783,3952,-477,0,0
6,16,-13,784,3946,-470,0,0
4,9,-26,799,3967,-456,0,0
2,1,-22,793,3965,-469,0,0
1,12,-18,813,3932,-500,0,0
7,-5,-13,826,3936,-468,0,0
11,-8,-6,796,3957,-447,0,0
9,12,-5,789,3952,-463,0,0
6,26,-5,816,3942,-485,0,0
3,6,1,840,3942,-497,0,0
2,-22,5,811,3932,-471,0,0
3,-8,5,781,3944,-443,0,0
-4,15,1,815,3956,-469,0,0
1,5,1,816,3961,-502,0,0
6,6,6,788,3949,-479,0,0
2,24,9,813,3942,-469,0,0
5,19,10,821,3951,-456,0,0
12,25,15,797,3963,-451,0,0
23,66,19,816,3945,-463,0,0
32,91,20,853,3928,-470,0,0
34,87,21,882,3932,-471,0,0
29,74,21,889,3922,-482,0,0
20,48,20,906,3901,-490,0,0
14,21,20,909,3892,-478,0,0
10,11,29,925,3918,-463,0,0
11,17,42,920,3959,-463,0,0
18,32,47,902,3974,-486,0,0
24,25,41,873,3947,-519,0,0
27,17,30,880,3928,-513,0,0
24,-9,16,897,3940,-476,0,0
20,-24,2,904,3955,-462,0,0
18,-17,-5,903,3936,-481,0,0
18,-11,-3,886,3938,-481,0,0
15,5,-5,897,3940,-472,0,0
18,21,-9,901,3928,-457,0,0
14,43,-9,896,3916,-475,0,0
7,44,-17,914,3902,-512,0,0
7,27,-22,929,3899,-521,0,0
10,17,-30,954,3914,-516,0,0
12,0,-21,952,3919,-500,0,0
14,-11,-18,918,3915,-491,0,0
10,-2,-15,875,3922,-494,0,0
1,11,-20,901,3919,-510,0,0
-2,-2,-25,921,3915,-513,0,0
0,-13,-29,919,3922,-521,0,0
6,-17,-29,892,3912,-488,0,0
4,-3,-30,888,3919,-495,0,0
-1,7,-35,927,3926,-524,0,0
-2,-10,-35,919,3923,-507,0,0
-2,-8,-30,885,3923,-481,0,0
-7,18,-27,873,3915,-490,0,0
-6,38,-26,901,3923,-511,0,0
-2,32,-27,928,3914,-509,0,0
-5,-2,-25,920,3920,-521,0,0
-4,-44,-25,866,3931,-514,0,0
0,-24,-23,855,3927,-478,0,0
1,6,-16,880,3919,-493,0,0
11,12,-10,876,3928,-513,0,0
17,12,-9,888,3943,-501,0,0
12,-11,-7,874,3937,-499,0,0
6,-26,-7,859,3946,-511,0,0
5,-22,-12,843,3934,-471,0,0
-2,-2,-15,865,3931,-484,0,0
-1,-3,-15,873,3928,-511,0,0
0,-7,-12,875,3937,-501,0,0
2,-8,-10,877,3952,-480,0,0
2,-9,-13,855,3935,-490,0,0
0,-6,-15,858,3913,-492,0,0
-5,-11,-16,859,3929,-484,0,0
-11,-1,-22,861,3945,-480,0,0
-14,-3,-31,878,3928,-503,0,0
-11,-11,-28,917,3916,-523,0,0
-3,-37,-18,901,3928,-469,0,0
-4,-43,-7,841,3957,-451,0,0
-12,-20,-9,833,3961,-478,0,0
-14,-14,-15,852,3926,-480,0,0
-16,-13,-15,837,3924,-458,0,0
-20,3,-17,851,3916,-453,0,0
-20,12,-14,879,3943,-474,0,0
-15,6,-9,870,3948,-486,0,0
-9,-1,-8,845,3945,-461,0,0
-11,-1,-10,842,3931,-463,0,0
-11,2,-12,853,3947,-460,0,0
-11,0,-18,865,3958,-460,0,0
-7,-10,-26,857,3937,-475,0,0
-2,-4,-27,857,3916,-479,0,0
5,0,-32,856,3940,-439,0,0
4,16,-19,886,3956,-448,0,0
4,8,-16,878,3934,-473,0,0
5,-8,-12,848,3931,-471,0,0
5,-12,-17,845,3921,-452,0,0
3,-7,-16,853,3926,-453,0,0
6,-9,-13,849,3960,-463,0,0
7,2,-2064,858,3950,-459,0,0
3,-12,-14,854,3941,-474,0,0
6,-25,-9,818,3940,-458,0,0
5,-11,-12,810,3952,-434,0,0
5,6,-18,822,3949,-446,0,0
4,22,-16,844,3936,-486,0,0
6,7,-12,867,3942,-471,0,0
13,-12,-7,828,3953,-434,0,0
14,7,-8,801,3945,-443,0,0
10,37,-8,829,3931,-454,0,0
7,30,-9,863,3943,-465,0,0
9,3,-13,861,3949,-465,0,0
12,-1,-11,826,3942,-453,0,0
14,20,-9,836,3931,-459,0,0
10,25,-11,861,3935,-468,0,0
7,8,-13,872,3940,-471,0,0
4,-14,-16,863,3939,-451,0,0
-6,-27,-22,847,3880,-443,0,0
-16,-27,-15,843,3887,-438,0,0
-14,-5,-11,887,3928,-464,0,0
-2,3,1,889,3964,-451,0,0
3,17,27,859,3973,-463,0,0
2,10,35,823,3972,-488,0,0
4,-9,18,829,3952,-485,0,0
4,-16,1,862,3958,-458,0,0
7,-28,-5,847,3956,-419,0,0
6,-7,-5,814,3954,-2496,0,0
9,20,-10,822,3953,-497,0,0
15,36,-14,886,3955,-461,0,0
15,18,-10,882,3934,-451,0,0
12,7,-12,848,3932,-462,0,0
11,14,-21,843,3937,-448,0,0
7,16,-25,843,3943,-445,0,0
4,28,-28,865,3935,-477,0,0
9,25,-24,877,3939,-461,0,0
10,20,-21,872,3942,-453,0,0
9,10,-21,859,3934,-465,0,0
5,7,-23,855,3939,-465,0,0
0,8,-23,854,3928,-469,0,0
0,6,-21,863,3916,-473,0,0
3,4,-17,873,3934,-466,0,0
8,0,-14,871,3945,-463,0,0
10,-5,-12,845,3955,-462,0,0
8,10,-12,842,3969,-474,0,0
7,16,-15,836,3946,-509,0,0
12,-3,-24,819,3953,-470,0,0
6,5,-40,830,3958,-412,0,0
-3,20,-57,834,3956,-448,0,0
-3,30,-78,831,3985,-505,0,0
9,25,-102,823,4083,-508,0,0
40,110,-142,804,4221,-559,0,0
91,255,-217,757,4246,-576,0,0
178,536,-266,503,3763,-526,0,0
243,927,-233,577,3251,-570,0,0
206,796,-204,656,3526,-632,0,0
155,417,-330,777,4333,-528,0,0
128,338,-417,1042,4582,-612,0,0
103,604,-220,1291,4176,-802,0,0
91,618,132,1495,3810,-832,0,0
68,480,477,1341,3668,-684,0,0
84,472,623,853,3535,-357,0,0
91,695,512,260,3253,-19,0,0
74,913,258,-252,3025,119,0,0
112,1257,13,-871,2335,287,0,0
100,1538,-278,-1051,1900,-622,0,0
608,2207,-669,-1708,2324,-1456,0,0
1363,4497,-1175,-350,4712,-2530,0,0
2034,6465,-1025,2622,7557,-5061,0,0
2649,6909,332,8023,9374,-6892,0,0
3232,3487,2035,9342,12425,-5884,0,0
3566,2860,3329,7536,13058,-2620,0,0
2790,3180,4597,7745,10598,-339,0,0
1777,1761,4838,4481,7296,1522,0,0
404,2594,5668,3024,6168,1262,0,0
-614,1938,6381,1562,6943,904,0,0
-1298,1108,6583,947,7119,720,0,0
-1814,607,6624,575,7056,600,0,0
-1949,164,6487,160,7219,900,0,0
-1997,1215,6087,-652,6630,1781,0,0
-2582,4378,6075,-268,5287,1465,0,0
-3835,5190,5267,-619,3425,-1087,0,0
-4120,2042,3146,-4619,-383,-9112,0,0
-2064,-1771,653,-7437,-3038,-15256,0,0
1423,-2766,-1599,-9735,-2381,-15009,0,0
4279,825,-2560,-7826,-4639,-8164,0,0
5143,807,-4312,-1640,-2055,-3926,0,0
4500,-2682,-5848,1132,4538,-1158,0,0
3230,-4115,-5460,1955,9836,563,0,0
2113,-5670,-6695,2012,10487,2210,0,0
614,-5334,-7757,520,9331,3110,0,0
-1058,-1912,-7057,1449,9481,2021,0,0
-2044,-1405,-6818,2561,9015,1439,0,0
-3103,-2976,-6336,2071,8268,1307,0,0
-3916,-1888,-5551,1888,8372,-22,0,0
-3561,463,-5145,7356,11977,-3433,0,0
-3191,973,-4156,15346,9923,-14138,0,0
-486,-528,-652,16736,13418,-17619,0,0
3852,4339,2638,5296,16348,-4334,0,0
2507,6168,4361,10485,13357,-2652,0,0
2054,-340,4519,4190,10210,808,0,0
1275,4908,5593,4991,6722,695,0,0
-346,4207,6225,1414,7917,1155,0,0
-1843,4779,6119,575,8414,1274,0,0
-3024,3708,5640,776,9294,1112,0,0
-4193,2186,5474,171,9131,1877,0,0
-5594,1643,5842,485,9340,2181,0,0
-6283,1152,5629,479,9216,1370,0,0
-6448,1237,5040,-145,7070,97,0,0
-6313,511,4117,-3630,3590,-9244,0,0
-3321,-2099,2125,-8632,-2327,-15803,0,0
614,-1664,-38,-11455,-3062,-17048,0,0
3614,316,-1693,-9957,-4998,-9976,0,0
4695,710,-3975,-3993,-2620,-5227,0,0
4721,-1994,-5930,-193,3422,-2113,0,0
4140,-2306,-5726,1707,8295,-396,0,0
3368,-1950,-5186,2876,11219,1018,0,0
2694,-3250,-6216,2246,9289,2631,0,0
1558,-3002,-6669,575,8374,3137,0,0
434,-764,-6272,1510,8274,2443,0,0
-428,-1557,-6411,2150,7369,1808,0,0
-1613,-3470,-6444,2519,6961,1087,0,0
-2925,-5116,-6029,3401,7570,-53,0,0
-3316,-2073,-5302,5817,12567,-2729,0,0
-2446,497,-4437,17602,10535,-12336,0,0
309,-730,-379,16613,12311,-12326,0,0
2594,4215,3970,7495,14730,-1345,0,0
1307,3977,4520,9864,13851,-877,0,0
1166,-758,4586,5021,10083,756,0,0
536,2059,5594,5930,7559,541,0,0
-345,693,6301,2942,8207,1220,0,0
-675,1068,7014,1354,9377,2558,0,0
-1282,1118,7093,829,8953,3035,0,0
-2674,1488,7039,1537,9913,2039,0,0
-3546,1014,7201,1198,10336,2041,0,0
3672,-1852,-5145,2608,10553,307,0,0
3574,-2828,-5868,2994,10366,1699,0,0
3123,-3174,-6861,1372,9026,3281,0,0
1788,-1678,-6302,1637,8553,3364,0,0
226,-1847,-6428,2061,6708,2465,0,0
-1396,-3512,-6343,1610,6380,1923,0,0
-2703,-3181,-5707,1688,7917,996,0,0
-2924,-867,-5535,6772,11977,-1185,0,0
-2128,-1436,-5711,10504,10422,-5741,0,0
-1470,-1432,-3291,23620,14312,-858,0,0
2592,-1988,1944,4849,14515,-5176,0,0
2469,293,4855,11469,12152,-1578,0,0
930,1521,5350,7280,10793,-192,0,0
814,122,5291,2742,7245,883,0,0
14,3490,6306,3209,6400,1227,0,0
-1233,2295,6718,2502,8879,1183,0,0
-2023,349,6885,1161,9333,2309,0,0
-2770,-119,6903,649,9075,2284,0,0
-3066,-427,6797,614,8683,1818,0,0
-3054,-56,6363,292,7771,2079,0,0
-3137,2023,6009,-145,6293,1139,0,0
-3586,3427,5122,-1193,3387,-4184,0,0
-2979,1044,3555,-6580,-741,-10895,0,0
-760,170,1663,-9659,-3967,-14886,0,0
1813,261,-511,-10427,-5262,-12042,0,0
3191,666,-2613,-6060,-4584,-7537,0,0
3614,-979,-4649,-2262,-599,-3678,0,0
3612,-1811,-5620,94,4664,-1218,0,0
3122,-2491,-5836,1989,9119,354,0,0
2258,-3557,-6283,3183,9771,1582,0,0
1447,-3959,-6823,1575,7849,3178,0,0
337,-1384,-6360,954,7168,3252,0,0
-607,194,-5978,2301,6552,1809,0,0
-1308,-1298,-6082,1887,5997,1441,0,0
-2067,-1273,-5624,1928,6955,639,0,0
-2000,198,-5032,2991,10866,843,0,0
-1540,3859,-4994,9929,11188,-739,0,0
-866,3010,-4586,24974,12754,-8546,0,0
1189,391,-131,18319,11971,-2900,0,0
769,2797,4824,9526,12162,577,0,0
70,1705,4896,7274,10188,1115,0,0
-39,1892,5060,6024,7120,2077,0,0
-1176,2016,5946,4026,6887,2055,0,0
-2637,786,6614,2710,9160,1809,0,0
-3161,-1238,6859,2016,10622,2084,0,0
-2730,-2673,6735,125,10158,3005,0,0
-2431,-1505,6607,55,9944,2501,0,0
-2284,1402,6865,-756,9066,2181,0,0
-2741,4696,6910,-425,6445,877,0,0
-3840,3961,5676,-1891,4005,-3610,0,0
-3995,1410,3410,-7763,-2364,-8299,0,0
-3095,-1097,660,-10760,-3291,-14133,0,0
-342,-2074,-2091,-11375,-3238,-13500,0,0
2051,319,-4044,-6262,-2115,-8973,0,0
3130,415,-5689,-1014,1980,-4874,0,0
3376,-409,-6725,1386,7127,-1622,0,0
3541,-639,-6806,3071,10421,1453,0,0
3469,-3248,-7777,3589,10703,3066,0,0
1937,-3887,-8611,1748,10142,3908,0,0
-54,-1074,-7019,1704,7885,3287,0,0
-1866,-598,-5469,2197,6356,1467,0,0
-2598,-1482,-5346,2272,6741,862,0,0
-2632,-767,-5153,2997,7567,-216,0,0
-1988,1236,-4821,6284,10541,-3024,0,0
-1589,2305,-4250,14526,8868,-6907,0,0
-537,-479,-1707,19684,10062,-11157,0,0
1623,1042,3492,7034,14795,-1798,0,0
1039,1530,4204,8304,13266,-2406,0,0
1119,-137,3917,5730,9756,-127,0,0
619,1079,4605,4260,5950,476,0,0
-285,2525,5812,4431,5880,-623,0,0
-313,-589,6482,2445,8375,1689,0,0
-599,-968,6682,291,8660,2183,0,0
-1356,-132,6832,856,8407,1481,0,0
-1522,-535,7039,861,8927,2382,0,0
-1468,1439,6709,8,7751,2408,0,0
-2166,3570,6278,266,5604,1669,0,0
-3671,3532,5599,-1459,2954,-1916,0,0
-4187,1045,4324,-5861,312,-8080,0,0
-2302,-1341,2034,-12318,-3796,-12853,0,0
261,-385,-1025,-11853,-5701,-13501,0,0
1909,-871,-4109,-6321,-3697,-8622,0,0
2672,-1425,-6128,-1549,1290,-3982,0,0
2940,-1073,-6765,604,6796,-755,0,0
2827,164,-6185,2237,9117,2125,0,0
2678,670,-6191,2334,8234,3207,0,0
2210,605,-6413,1174,8855,3335,0,0
1793,1250,-5654,1615,7807,2748,0,0
1512,1269,-5469,1920,6569,2039,0,0
1138,263,-5491,2200,5860,1224,0,0
517,-1971,-5580,2389,5366,1014,0,0
-176,-1701,-5556,3981,9794,1778,0,0
-399,573,-5563,10804,9859,-7,0,0
43,214,-4010,26256,10133,-5646,0,0
1317,-131,2285,12624,11625,-64,0,0
-484,1454,5105,9150,12950,1626,0,0
-818,212,4550,6549,11446,1354,0,0
-565,600,4945,4859,6484,2188,0,0
-1565,1798,5531,3905,5685,1198,0,0
-2302,413,6278,2256,8032,1653,0,0
-2712,-123,6407,1497,8595,1648,0,0
-2942,-1232,6024,1156,8789,1380,0,0
-2631,-2312,5763,1328,9057,1364,0,0
-1953,-2723,5789,-158,7776,1879,0,0
-1295,-80,5990,-2111,5062,1785,0,0
-1131,3097,5988,-3675,1357,-34,0,0
-1122,4296,4379,-4880,-3258,-784,0,0
-2114,4354,1713,-4970,-4510,-9692,0,0
-2152,-1170,-627,-7915,-6722,-14688,0,0
234,-2674,-2340,-7804,-4413,-12069,0,0
2846,-99,-3934,-3551,-1582,-7798,0,0
4243,1272,-4542,-477,2247,-2794,0,0
4549,743,-4477,800,5456,298,0,0
4192,165,-4264,824,8850,2182,0,0
3917,-25,-4481,1574,8196,2402,0,0
3322,-2192,-5344,880,7266,2305,0,0
2219,-3262,-5551,761,6952,2502,0,0
1000,-3278,-5979,1114,6122,2500,0,0
-250,-2946,-6138,972,6415,1858,0,0
-1281,-1420,-5552,1801,9513,1702,0,0
-1778,-597,-5765,5556,11139,696,0,0
-1766,-610,-5653,12249,12567,-1786,0,0
-1377,-288,-3274,23785,11461,-9125,0,0
1112,-7,1353,14736,11359,-3613,0,0
871,1210,4789,8592,11675,780,0,0
-105,1135,4728,6174,10157,2297,0,0
-630,564,4957,4756,6414,2278,0,0
-1588,1418,5875,4422,6311,1127,0,0
-2042,-741,6517,2449,9160,1196,0,0
-2026,-1964,6789,1282,9568,1361,0,0
-1793,-2437,6772,1105,9295,1354,0,0
-1150,-2731,6652,822,9335,1561,0,0
-359,-1220,6403,-858,7563,2211,0,0
-100,1953,5853,-1574,5332,2042,0,0
-793,4545,5141,-3193,734,1185,0,0
-2618,5886,4436,-4878,-3389,-2133,0,0
-3585,3428,2309,-5935,-5689,-8381,0,0
-2672,-2435,-719,-8195,-5517,-15078,0,0
448,-2624,-2759,-9284,-3248,-13270,0,0
3518,1442,-3999,-4500,-330,-8529,0,0
4827,1640,-4722,-834,2428,-3713,0,0
4800,-709,-4879,1038,6818,-993,0,0
3898,-3486,-5068,1435,10704,1914,0,0
2481,-3194,-5988,769,8866,3444,0,0
1574,-853,-5915,317,8217,2917,0,0
971,68,-5420,934,7683,2585,0,0
439,1,-5944,1463,7015,2174,0,0
-121,-595,-5981,1806,7409,1710,0,0
-498,694,-5572,3480,11403,2657,0,0
-283,2115,-6106,10616,10143,2096,0,0
-137,445,-4997,21307,9863,104,0,0
646,-116,-1863,23852,10328,-1490,0,0
728,2338,3577,11285,10477,786,0,0
-261,1735,5113,7156,11758,742,0,0
639,-354,4108,4518,7235,2464,0,0
104,782,4269,4634,5009,1920,0,0
-846,-504,5160,4005,6413,2003,0,0
-1432,-946,6019,2841,9143,1680,0,0
-1890,-495,6947,1666,10333,1347,0,0
-2186,-534,7424,1274,10435,1596,0,0
-2072,-972,7201,-274,9619,1642,0,0
-1775,745,6481,-2786,6909,1642,0,0
-2311,4457,5953,-2040,4116,1382,0,0
-4049,6421,5419,-1820,1158,-2361,0,0
-5030,2190,3422,-5528,-4532,-8817,0,0
-3303,-1737,446,-9204,-4100,-16505,0,0
626,-1273,-2254,-9217,-1503,-16881,0,0
3808,436,-3721,-5123,243,-10277,0,0
5253,806,-4743,-1621,2204,-3487,0,0
5370,-210,-5439,485,6179,-163,0,0
4418,-2752,-5658,1646,10426,1416,0,0
3157,-3462,-6109,2029,9940,2460,0,0
2160,-2334,-6477,762,8379,2549,0,0
1390,-538,-5782,571,7862,2779,0,0
848,347,-5944,1628,7412,2301,0,0
241,-859,-6170,1384,6981,2029,0,0
-788,-614,-5884,2502,9704,1648,0,0
-909,938,-5628,6658,11126,2011,0,0
-1261,-565,-4990,14214,11841,-1692,0,0
-267,-1964,-2911,26584,9993,-8436,0,0
2043,352,2121,15871,11095,-1709,0,0
564,889,5689,9288,11653,820,0,0
-361,335,5154,6045,9535,1796,0,0
-873,550,5465,3207,6843,758,0,0
-1395,268,5897,2375,8022,1276,0,0
-1877,181,6448,1976,8966,792,0,0
-1892,-1675,6535,1576,9318,2004,0,0
-1705,-822,7104,1443,8377,2959,0,0
-2370,2890,7541,1596,7936,1638,0,0
-3316,3181,6918,136,6434,408,0,0
-3652,2160,5305,-3474,3457,-3655,0,0
-2760,821,3391,-9772,-972,-8420,0,0
-1385,148,878,-12184,-4838,-12346,0,0
327,-368,-1744,-11089,-4773,-12155,0,0
1817,-446,-4207,-6219,-2608,-7514,0,0
2441,-650,-5993,-1307,1980,-3580,0,0
2229,-1426,-6427,1208,6451,-1107,0,0
1554,-2255,-6347,1991,8301,288,0,0
999,-3243,-6786,1971,8256,752,0,0
745,-1989,-7090,983,8291,2022,0,0
921,1813,-6448,1265,8401,2241,0,0
913,2451,-5944,2091,7265,1865,0,0
376,824,-5762,1483,6217,2017,0,0
-38,1543,-5525,2419,9042,3042,0,0
-143,2676,-7736,5719,10077,2462,0,0
79,2076,-5192,11276,9129,2185,0,0
-603,-1653,-3967,22786,12537,-3024,0,0
245,-2192,-132,17862,9443,-988,0,0
-231,1505,4559,9450,11101,440,0,0
-803,658,4608,6714,11691,1006,0,0
-336,-21,4655,5535,7901,1388,0,0
-830,53,5043,4031,5904,1185,0,0
-1502,-626,5886,2704,7894,2046,0,0
-1601,-120,6560,585,8472,4383,0,0
-3054,3254,6753,755,8647,4689,0,0
-5160,1419,6161,1410,9746,2920,0,0
-6026,3134,5026,914,8978,2550,0,0
-6504,290,3702,559,8912,1972,0,0
-5210,598,2914,-2572,1294,-10758,0,0
-2768,-1524,1444,-4888,-2221,-15979,0,0
136,-1349,-115,-7181,-3926,-16105,0,0
2609,-429,-1563,-5741,-4956,-11480,0,0
4082,-656,-3827,-2477,-1334,-7254,0,0
4764,-1044,-4857,-125,3857,-2908,0,0
4932,-427,-4862,1144,7671,-44,0,0
4882,68,-4545,1914,10302,2186,0,0
4854,-756,-4926,1765,9589,3395,0,0
4086,-2199,-7848,657,7840,3835,0,0
2294,-2671,-5798,620,6887,3105,0,0
760,-2173,-5988,799,6847,2491,0,0
-229,-1822,-6030,1800,6842,1383,0,0
-1342,-2743,-6037,2944,9696,882,0,0
-1334,-142,-6174,4481,11979,292,0,0
301,4430,-5895,16348,13817,2579,0,0
1592,1811,-2843,20310,11614,-325,0,0
-1112,4464,4830,11475,11258,7278,0,0
-3983,3889,5187,8352,14680,4131,0,0
-2477,-1148,4313,2568,10722,4906,0,0
-3827,3586,4338,3464,6722,3405,0,0
-5505,1880,4142,2817,8186,2062,0,0
-6098,-1825,4383,1879,10407,2159,0,0
-5732,-3899,4925,292,11292,2646,0,0
-4816,-3881,5196,-1178,11119,3036,0,0
-4225,191,5292,-2666,8616,3120,0,0
-5016,5982,4420,-1102,6608,1537,0,0
-6028,4887,2936,863,4642,-1711,0,0
-6142,610,2147,-843,1892,-8203,0,0
-4253,-1963,1994,-2896,-2474,-13960,0,0
-1493,-3066,540,-6327,-4811,-15975,0,0
1118,-1237,-1005,-5690,-5287,-13271,0,0
3092,-615,-2465,-2821,-2563,-8951,0,0
4534,-694,-3771,-1281,3113,-5225,0,0
5155,-1235,-4310,408,6396,-1600,0,0
5153,-2228,-5062,1122,9043,812,0,0
4719,-3858,-6269,1250,10843,2669,0,0
3569,-3482,-7247,-11,9621,4021,0,0
2327,-127,-6452,-156,8504,3675,0,0
1051,448,-6078,580,8169,2567,0,0
134,-177,-6384,485,8966,2522,0,0
-346,643,-6472,2636,13655,2463,0,0
620,1421,-6658,9051,12132,1798,0,0
905,-1028,-5657,15661,12850,1291,0,0
429,-2862,-3275,27390,11472,-3773,0,0
1275,-938,3088,11137,11706,1379,0,0
-700,4118,5441,8646,12459,645,0,0
-740,699,5006,5577,10639,2148,0,0
-1049,-31,5218,2819,6725,3096,0,0
-2506,1854,5963,2668,7805,2290,0,0
-3164,297,6273,739,8908,2727,0,0
-3895,-34,6229,1169,9083,2427,0,0
-4375,-934,6038,1087,9475,1857,0,0
-3976,-2228,5806,474,8195,1746,0,0
-3456,-1838,5698,540,7468,1876,0,0
-3085,93,5896,-27,6302,1032,0,0
-3415,1919,6294,-2921,4413,-3159,0,0
-2951,1934,5364,-9981,-2489,-10643,0,0
-1408,-1308,1420,-14038,-5376,-15307,0,0
894,-2683,-3020,-11094,-2191,-13116,0,0
2875,-909,-4911,-5540,444,-6584,0,0
4017,1163,-5612,-1673,3714,-2623,0,0
4237,538,-6016,1347,6860,-826,0,0
3728,-2453,-6342,2250,9877,856,0,0
3252,-3059,-6911,2087,9939,2331,0,0
2891,-940,-7032,1572,8518,3436,0,0
1616,792,-5914,1543,7992,2849,0,0
672,259,-5421,2681,6304,1792,0,0
-127,-1122,-5280,1738,5920,1386,0,0
-623,-925,-5066,2791,8533,1057,0,0
-795,-1455,-5771,5687,10501,-386,0,0
-451,-1082,-5654,8663,10073,-1027,0,0
-343,-1422,-4405,22601,11121,-7854,0,0
1298,-1626,-4,12334,10679,-2776,0,0
406,1486,4492,9072,11189,427,0,0
-812,3033,4459,8190,11613,-337,0,0
-379,-742,4639,5172,8247,1695,0,0
-793,1376,5374,5184,6249,1073,0,0
-1394,-85,5997,3446,7759,1599,0,0
-1494,-806,6606,980,9346,3264,0,0
-2247,408,6741,1196,9098,2822,0,0
-3242,45,6757,1790,10412,1820,0,0
-3236,-1691,6834,1027,10014,1687,0,0
-2917,-1332,6817,-558,8995,1590,0,0
-2787,2452,6884,-2941,6643,-326,0,0
-2999,1230,6218,-5796,1707,-6159,0,0
-2506,1879,3118,-8743,-3983,-10635,0,0
-1087,-820,-123,-10813,-3774,-14315,0,0
1284,-1902,-3048,-8562,-3441,-11560,0,0
3186,-655,-5113,-4284,-1391,-7493,0,0
4099,-132,-6236,-467,2928,-3628,0,0
4038,398,-6242,1374,5801,-1051,0,0
3674,-140,-5447,2278,9227,463,0,0
3559,-1205,-5531,1961,10146,2696,0,0
3254,-1039,-6476,756,9511,4065,0,0
2034,-332,-6063,1142,7701,2951,0,0
598,-1416,-5738,1457,7019,1861,0,0
-449,-2589,-5845,1550,6428,1242,0,0
-1038,-1794,-5758,2711,6990,655,0,0
-943,240,-5572,6533,11204,357,0,0
-515,1011,-5143,17708,10632,-2073,0,0
489,880,-1744,21471,11999,-5599,0,0
898,3486,4692,8809,12859,1828,0,0
-747,3059,4805,7775,12250,1615,0,0
-268,245,4230,5652,8617,2687,0,0
-1295,2310,4789,5367,5465,2353,0,0
-2964,628,5694,3734,7489,1639,0,0
-3442,-1363,6546,1367,10412,1810,0,0
-3154,-784,6806,221,9255,2364,0,0
-3296,-662,6507,887,9008,2355,0,0
-3085,-1227,6379,272,8532,2414,0,0
-3017,545,6059,522,7640,2104,0,0
-3430,2097,5685,-22,5891,961,0,0
-4286,2963,5132,-1876,3690,-4659,0,0
-3761,1930,4141,-7274,-1195,-10943,0,0
-1976,-768,1548,-10898,-4258,-16327,0,0
1175,-440,-1602,-10066,-3043,-13981,0,0
3530,513,-3537,-4714,-2028,-9502,0,0
4340,-976,-5114,-1619,570,-4250,0,0
4369,-634,-5671,171,4846,-1187,0,0
4171,94,-5264,1464,8915,645,0,0
4229,-577,-5328,2301,10655,2053,0,0
4051,-2232,-6334,1700,8659,3108,0,0
2949,-2408,-6111,678,8285,3415,0,0
1464,-1046,-5832,1002,7396,2860,0,0
173,-1459,-5794,1374,6311,2034,0,0
-896,-2169,-5717,1433,6355,2052,0,0
-1401,367,-5493,4520,11117,1330,0,0
-716,532,-5729,9608,10099,585,0,0
-1194,-1714,-4371,19996,10833,-4322,0,0
227,-2017,-1155,15971,10169,-5590,0,0
994,3654,4212,7686,10867,803,0,0
-309,4648,4670,10307,12840,-881,0,0
134,-64,4553,5838,10176,2727,0,0
-718,2222,4936,5449,6973,2197,0,0
-2102,1113,5358,4316,7361,1629,0,0
-2587,-1863,6374,1208,9683,3277,0,0
-2828,-1077,6712,-570,8956,3439,0,0
-3664,149,6325,907,8942,1796,0,0
-3598,-1741,5965,-64,8572,1627,0,0
-3041,-1175,5801,-363,7876,2169,0,0
-3181,2037,5984,-387,6828,1915,0,0
-4245,174,5867,-1792,4998,-4680,0,0
-3496,1553,3942,-6879,-591,-8544,0,0
-2138,-126,1306,-7922,-2956,-12764,0,0
-268,-1597,-1056,-7445,-4070,-11908,0,0
1538,-557,-2654,-5438,-3684,-9503,0,0
2685,-1031,-4126,-2147,-2787,-7547,0,0
3008,-1710,-5410,-190,1480,-4130,0,0
3324,-50,-5714,655,5140,-1085,0,0
3776,751,-5392,1472,7796,1006,0,0
3907,-491,-5752,2244,8461,2371,0,0
3217,-1466,-6356,1230,8093,3857,0,0
2271,581,-5876,873,8282,4020,0,0
1656,1119,-5312,1151,6502,3396,0,0
818,209,-5496,1220,5944,2022,0,0
68,-1140,-5685,1807,6735,1586,0,0
-2208,-397,-5769,4541,9811,2280,0,0
-209,119,-5987,10076,9948,1968,0,0
-1117,-2870,-4417,21505,9877,-4967,0,0
594,-1699,-85,11038,8872,-3020,0,0
775,5105,4208,7287,10261,530,0,0
58,4857,4003,10771,12706,-996,0,0
410,-840,4306,6906,10604,2185,0,0
-677,1594,5307,6289,7609,1507,0,0
-1530,170,5690,3515,7601,1581,0,0
-1766,-886,6285,982,8516,2635,0,0
-2295,-1182,6494,836,8137,1969,0,0
-2234,-2212,6218,292,8509,2031,0,0
-1778,-1286,5909,92,7671,1728,0,0
-1806,215,5812,264,7044,1454,0,0
-1997,1293,5685,-463,5969,1688,0,0
-2823,3520,5809,-361,3510,326,0,0
-4261,3554,5860,-5509,541,-7618,0,0
-2857,565,3095,-9490,-3420,-13044,0,0
-64,-1065,-714,-9122,-3405,-15292,0,0
2403,-1499,-2730,-6708,-3425,-10263,0,0
3696,-454,-4194,-2890,-2228,-5210,0,0
3991,-730,-5362,-225,1917,-2380,0,0
3550,-1379,-5428,924,5446,-373,0,0
3025,-2147,-5357,1351,8276,1155,0,0
2582,-2386,-6056,903,7905,1995,0,0
2107,-992,-6432,440,7706,2290,0,0
1731,79,-5982,681,8165,2524,0,0
1275,466,-5967,1394,7298,2038,0,0
731,-303,-5965,1155,6626,2094,0,0
-76,-12,-5761,2092,9066,2083,0,0
-297,1200,-5727,5829,11593,2152,0,0
103,1330,-5159,10852,11613,1888,0,0
227,-704,-4244,23047,11740,-381,0,0
669,-1713,-92,16811,10458,238,0,0
-1095,130,5135,10069,11609,2194,0,0
-1619,1127,5117,6887,11814,2420,0,0
-1836,703,5197,5099,8546,2252,0,0
-2854,442,5824,4345,7815,1695,0,0
-2613,-2464,6446,1559,10465,3436,0,0
-2309,-1836,6732,-145,9158,3962,0,0
-3292,-469,6527,1080,9029,2261,0,0
-2992,-3361,6370,201,9562,2731,0,0
-1916,-1878,6373,-1249,8505,3908,0,0
-2479,3427,6362,-456,6718,2014,0,0
-4239,4203,5649,-1069,5047,-3628,0,0
-4098,1827,4053,-6833,-540,-10572,0,0
-1848,-521,1428,-8172,-3072,-15118,0,0
680,-1764,-1229,-7550,-3141,-13479,0,0
2797,-651,-2390,-5015,-4320,-8653,0,0
3908,-480,-3738,-1910,-3079,-4680,0,0
4083,-1257,-4998,-537,1788,-1753,0,0
3916,-56,-5239,1130,5162,-349,0,0
4098,248,-4952,2448,7181,644,0,0
4392,-886,-5040,2508,9202,2310,0,0
3990,-1993,-5690,1533,9030,3029,0,0
2997,-1999,-5692,779,6935,3394,0,0
1594,-597,-5486,1260,5153,2552,0,0
566,-1100,-5058,1449,4774,1556,0,0
-452,-3032,-4954,654,4842,2301,0,0
-1680,-468,-5029,1799,8799,1988,0,0
-1097,794,-4960,10134,11534,1477,0,0
-198,790,-4158,22880,12515,-1104,0,0
838,-1443,-452,19363,10391,-1134,0,0
-227,4192,4859,11204,12640,2237,0,0
-1104,2101,5180,7131,12572,2989,0,0
-1379,388,4880,3556,8054,4252,0,0
-2961,1897,5289,3180,6700,1957,0,0
-3644,-723,5814,2287,8931,1529,0,0
-3269,-2993,6221,113,9502,3520,0,0
-3441,-2241,6186,-629,9601,2598,0,0
-3479,-1349,6194,7,9016,2418,0,0
-3306,-649,6293,-752,7938,2709,0,0
-3415,1280,6075,-1364,7059,1512,0,0
-3789,3228,5518,-2932,3546,-2304,0,0
-3601,1740,3832,-6469,-2735,-7434,0,0
-2813,-295,1431,-8218,-3925,-10922,0,0
-1159,-1774,-1190,-7393,-2769,-13455,0,0
1117,-1542,-3051,-5653,-3310,-12378,0,0
3177,-558,-4080,-3068,-2324,-8301,0,0
4209,997,-4772,-294,1124,-4434,0,0
4698,1203,-4849,849,4230,-942,0,0
4809,828,-4433,51,7103,1950,0,0
4222,720,-4555,337,8026,3446,0,0
3211,-1666,-4812,6,6589,3132,0,0
1669,-2585,-4993,302,6049,3073,0,0
430,-2014,-5373,646,6092,2012,0,0
112,-661,-5249,1890,6446,871,0,0
525,52,-5268,3215,9491,1618,0,0
632,1859,-5822,7343,10114,1912,0,0
922,1352,-4857,15935,10148,2299,0,0
1267,-789,-2820,21227,9129,3225,0,0
-50,824,2450,12157,9411,3715,0,0
-1853,2705,4922,10338,13026,1689,0,0
-905,-1838,4472,5245,11822,3974,0,0
-1563,1600,4636,4533,7781,3607,0,0
-3150,925,5109,4518,7280,1661,0,0
-3378,-2422,5796,1615,7919,2332,0,0
-2980,-1988,6341,958,8731,2374,0,0
-2918,-1151,6430,144,8378,1932,0,0
-2990,-1293,6132,953,8021,1169,0,0
-2509,-1725,5932,-10,8263,2350,0,0
-2194,1425,6077,-901,7204,1866,0,0
-2658,3704,5938,-686,4625,690,0,0
-3490,2476,4799,-3420,902,-4476,0,0
-3235,1040,2953,-9834,-3802,-10586,0,0
-1709,-1466,-132,-9914,-3353,-15844,0,0
1178,-1396,-2753,-8981,-2243,-13155,0,0
3358,960,-3833,-3628,-3007,-9062,0,0
4224,-1168,-5426,-376,1315,-4244,0,0
4376,-1023,-5840,213,6283,-251,0,0
4417,1480,-4735,1615,9312,1672,0,0
4646,607,-4739,2653,8344,2251,0,0
4154,-1566,-5318,1219,8148,3437,0,0
3074,-590,-5039,990,8261,3215,0,0
2227,-918,-4997,1547,6193,2542,0,0
1359,-2263,-5649,1301,5235,2334,0,0
236,-2988,-5858,1678,6278,1688,0,0
-715,-1902,-5675,3126,9779,2096,0,0
-1155,327,-5875,9518,12007,479,0,0
-876,-98,-4860,21178,11629,-4052,0,0
1323,-481,-1350,18928,11427,-3874,0,0
638,5221,4948,10866,11168,2510,0,0
-1445,3759,5398,7504,11646,3107,0,0
-1571,565,4896,4784,7675,3179,0,0
-2674,1521,5412,4300,6401,2235,0,0
-3676,-372,6114,3069,9126,2522,0,0
-3613,-2198,6400,816,9952,3294,0,0
-3616,-1718,6243,702,9576,2774,0,0
-3527,-2034,5915,714,10215,2635,0,0
-3029,-1630,5850,-556,8865,2603,0,0
-2904,942,5943,-2104,8488,1847,0,0
-3664,5248,5870,-3676,3979,-1105,0,0
-4801,4213,4384,-4954,-3200,-8223,0,0
-4130,-1748,874,-6793,-3357,-11789,0,0
-1984,-2660,-1670,-6640,-2332,-16358,0,0
1022,-2139,-2953,-5473,-2399,-14981,0,0
3755,-646,-3783,-3097,-800,-9070,0,0
5234,1325,-4403,-671,2203,-3351,0,0
5379,1177,-4533,483,5832,571,0,0
4895,540,-6240,870,7844,3381,0,0
4185,1,-4275,910,7052,3316,0,0
3341,-1418,-4891,570,6492,2796,0,0
2468,-2357,-5449,697,7082,2543,0,0
1647,-2307,-5843,489,6432,2515,0,0
967,-1107,-5792,815,5781,1848,0,0
175,-929,-5670,296,6716,1756,0,0
-754,1822,-5432,1921,12401,2759,0,0
-565,3228,-5914,7802,15663,2892,0,0
528,1339,-6034,22535,9974,2131,0,0
1964,-822,-2344,25170,9829,2926,0,0
-31,4089,5071,11264,11533,5348,0,0
-2913,3520,6051,8037,13968,4020,0,0
-2304,-1168,5147,3884,10574,4652,0,0
-3103,156,5346,3328,7797,2690,0,0
-3629,-2606,5754,2018,9444,2233,0,0
-3100,-4540,6078,350,9229,3157,0,0
-2799,-2899,6357,546,9678,2249,0,0
-2220,-1998,6607,62,9437,1998,0,0
-1798,-438,6606,-570,7819,2539,0,0
-2137,2006,6578,-812,7689,1988,0,0
-2984,3901,6294,-2125,5548,-702,0,0
-3427,2179,4766,-6097,-650,-5677,0,0
-3215,-856,1671,-9478,-3340,-10646,0,0
-1308,-1401,-3096,-9223,-1862,-13508,0,0
1276,-741,-2981,-6699,-3171,-11968,0,0
3140,-429,-4551,-2977,-2908,-8070,0,0
3999,614,-5123,-157,582,-3746,0,0
4272,1348,-4974,944,3692,-637,0,0
4319,520,-4745,571,6910,2146,0,0
4310,1343,-5116,745,8290,2861,0,0
4195,873,-5402,1079,8041,2610,0,0
3311,-1410,-5451,1062,8234,2555,0,0
1980,-3209,-5619,1360,7155,2543,0,0
603,-3449,-6071,1016,6178,2001,0,0
-474,-2303,-5852,1018,5933,1275,0,0
-706,509,-5183,2313,8045,1537,0,0
-269,2357,-5123,9081,11749,1892,0,0
-11,2488,5409,10070,14151,481,0,0
46,1330,4920,7435,11863,2354,0,0
-423,1286,4737,5109,7903,3369,0,0
-2087,490,5741,4697,6378,1251,0,0
-2100,-3493,6898,1292,10144,4819,0,0
-2323,-1515,7016,1550,10187,3008,0,0
-2695,-1074,6851,1352,10007,1810,0,0
-2063,-280,6628,1276,9844,1728,0,0
-1906,635,6505,1442,8397,1503,0,0
-2515,1240,6622,115,8292,1214,0,0
-3290,3283,6674,-2987,6110,-2233,0,0
-3279,3612,5360,-9601,223,-8999,0,0
-2397,669,1596,-11553,-4194,-15199,0,0
-251,-2156,-2381,-8775,-2824,-14169,0,0
2057,-1122,-4014,-5380,-3387,-10087,0,0
3442,-217,-5098,-1331,-1166,-6955,0,0
3955,-543,-5734,707,3448,-2478,0,0
3946,57,-5427,1373,7320,-124,0,0
3917,-803,-5286,2251,9924,847,0,0
3497,-2554,-6098,1654,8726,2317,0,0
2655,-1903,-6176,461,8300,2901,0,0
1909,-426,-5772,880,7604,3280,0,0
683,-164,-5854,1314,6296,1851,0,0
-278,-1657,-5590,751,6031,1935,0,0
-1185,-457,-5339,1213,8296,2781,0,0
-1080,3185,-5385,6891,12779,2800,0,0
-58,3468,-5002,18687,13891,985,0,0
965,-1111,-3170,26682,11925,-1341,0,0
151,1995,3774,12663,11288,1909,0,0
-1896,3278,5754,8849,12314,2025,0,0
-1502,-394,4891,5037,8942,2947,0,0
-2204,1018,5564,3850,6947,1915,0,0
-3177,947,6492,2493,9333,1291,0,0
-3472,-355,6730,1597,10381,1684,0,0
-3071,-2703,6398,818,9942,2101,0,0
-2052,-3951,6163,-719,9445,3141,0,0
-1835,-23,6266,-1300,7942,3171,0,0
-2757,3484,6165,-17,6848,1654,0,0
-3706,4056,5473,-150,5187,465,0,0
-4660,3868,4402,-2862,1886,-5346,0,0
-4568,1623,2704,-7770,-3766,-13065,0,0
-2032,-2473,-580,-8292,-3715,-16963,0,0
1279,-1317,-2794,-7879,-2863,-15310,0,0
4005,527,-3639,-3901,-1715,-8680,0,0
5071,404,-4834,-934,1952,-3420,0,0
4919,-594,-5360,578,6055,-427,0,0
4329,-1868,-5287,975,9293,1929,0,0
3576,-2532,-6070,1392,9336,2315,0,0
2737,-2212,-6560,596,8429,3105,0,0
1590,-834,-5881,489,8334,2856,0,0
699,-330,-5971,1321,7372,2291,0,0
-175,-1400,-6081,1252,6535,1899,0,0
-904,-638,-5814,2107,8968,2374,0,0
-973,637,-5619,7917,10977,781,0,0
-598,-2497,-5290,12358,11000,1669,0,0
-1727,-2524,-3303,23828,12891,-7995,0,0
336,-2694,1858,13279,12617,-3160,0,0
85,5043,5515,11784,11477,-339,0,0
-207,1824,5455,8301,11523,1184,0,0
-574,163,5609,3599,8584,3066,0,0
-2910,654,7171,4160,9141,699,0,0
-2772,-2308,7680,155,10673,3012,0,0
-1840,-3929,6594,-661,9496,3131,0,0
-1475,-1953,6206,181,9566,3436,0,0
-1345,520,6693,-1421,8519,3692,0,0
-2144,2910,6508,-400,6728,2363,0,0
-3798,3389,5685,-624,5145,973,0,0
-4819,2798,4410,-4236,2345,-5427,0,0
-3832,50,2259,-8162,-3368,-12701,0,0
-1410,-2077,-511,-10282,-3597,-17149,0,0
1680,-312,-2441,-8412,-3740,-11675,0,0
3670,1097,-4067,-3343,-1319,-6874,0,0
4234,322,-5545,-164,3263,-2669,0,0
4042,-89,-5637,1475,7710,-165,0,0
4128,-1,-5299,2257,9386,1650,0,0
4594,-616,-5487,2199,8117,2913,0,0
4003,-1447,-5880,1134,8534,3024,0,0
3136,-478,-5535,1167,8150,2386,0,0
2419,-711,-5469,1999,6174,1924,0,0
1738,-1195,-5487,2383,5077,1872,0,0
1260,-1177,-4986,3487,6740,1955,0,0
339,-2231,-5145,3555,9744,850,0,0
-357,-452,-5008,6222,11057,286,0,0
-755,98,-4039,17292,12055,-3214,0,0
189,-464,-1627,18388,10996,-2907,0,0
-979,1996,3941,11350,11284,-137,0,0
-2068,3086,4796,6562,10433,1079,0,0
-1853,-776,4511,3568,7644,2384,0,0
-2091,189,4863,3113,5503,2277,0,0
-2881,407,5354,2340,7169,1791,0,0
-3606,104,5913,1771,9059,2315,0,0
-4039,-903,6083,776,8863,1919,0,0
-3932,-2668,6085,1113,9158,2052,0,0
-3053,-4001,6295,195,9233,2906,0,0
-2410,-385,6363,-1225,7366,2556,0,0
-2999,3416,6394,-864,4268,1202,0,0
-4405,3157,5473,-3382,142,-4635,0,0
-3788,909,3297,-8393,-4630,-9698,0,0
-1400,245,237,-7261,-3109,-15181,0,0
940,-1419,-2286,-6218,-2823,-14568,0,0
2820,-1095,-3599,-3364,-1902,-9367,0,0
4198,-165,-4822,-825,1379,-4922,0,0
5116,1064,-4884,607,5336,-958,0,0
5573,1495,-4355,510,7973,2156,0,0
5339,1038,-4348,829,7569,2859,0,0
4324,-1623,-4739,565,7012,2724,0,0
2906,-3209,-5014,149,6683,3227,0,0
1223,-2870,-5177,117,5955,2492,0,0
-55,-1635,-5403,377,6060,1305,0,0
-494,-1227,-5413,2149,8638,25,0,0
-191,-1631,-5815,4627,12103,-162,0,0
-130,-2512,-6293,8631,15694,-1263,0,0
-817,-3315,-5404,13675,14881,-4566,0,0
-1717,-6482,-2748,20684,3266,-10660,0,0
212,-389,1695,2430,4095,-888,0,0
1303,-3022,1048,-1549,2479,842,0,0
1264,-2605,779,-75,2907,2143,0,0
740,-2617,489,-1752,3183,2474,0,0
127,-654,396,-1316,2733,1134,0,0
-156,-130,234,-277,3195,820,0,0
-474,64,90,349,4591,628,0,0
-703,-170,-66,309,4493,-426,0,0
-917,-367,-51,338,3718,-705,0,0
-1184,-547,138,576,4099,-914,0,0
-1104,-833,175,847,4423,-1071,0,0
-841,-1043,211,782,4214,-1197,0,0
-576,-1180,277,915,4084,-1092,0,0
-354,-1553,388,494,4417,-959,0,0
-150,-1514,287,46,4568,-708,0,0
-84,-1301,257,98,4576,-210,0,0
-94,-1122,216,-29,4344,27,0,0
-131,-683,131,-25,3878,-123,0,0
-132,-111,102,404,3639,-223,0,0
-125,-55,143,738,3735,-85,0,0
-153,-190,202,705,4024,-132,0,0
-93,-46,178,781,4214,-252,0,0
40,-34,103,840,4142,-245,0,0
104,-24,63,702,4086,-174,0,0
59,29,93,715,3985,-204,0,0
-22,-28,154,596,3980,-193,0,0
-52,8,112,541,3948,-218,0,0
-48,-9,9,691,3926,-235,0,0
-58,-115,-87,853,3991,-191,0,0
-74,-53,-82,1008,3974,-241,0,0
-51,-49,-49,1111,3972,-374,0,0
-7,-271,-40,1078,3974,-270,0,0
15,-439,-30,888,3982,-162,0,0
40,-251,-12,792,3913,-158,0,0
61,-24,19,858,3942,-163,0,0
75,8,22,877,3962,-199,0,0
70,-35,16,823,3959,-201,0,0
47,-32,37,790,4012,-245,0,0
17,28,62,772,4015,-347,0,0
11,73,64,799,3978,-415,0,0
39,84,35,822,3939,-345,0,0
59,116,2,898,3954,-298,0,0
62,57,-8,927,3944,-276,0,0
46,-20,-5,880,3921,-243,0,0
24,-9,21,861,3914,-308,0,0
21,26,53,863,3928,-390,0,0
42,43,63,875,3973,-406,0,0
66,-1,40,839,4000,-392,0,0
74,-22,8,842,3955,-358,0,0
39,36,16,912,3931,-329,0,0
15,-7,13,880,3901,-356,0,0
16,-18,-6,873,3892,-359,0,0
20,-33,-19,882,3924,-347,0,0
15,-51,-28,881,3955,-357,0,0
14,-41,-30,900,3969,-372,0,0
15,-66,-22,918,3984,-353,0,0
1,-113,-10,861,3967,-329,0,0
-12,-73,-8,856,3930,-354,0,0
-12,-67,-14,923,3903,-374,0,0
-7,-110,-24,882,3916,-344,0,0
-2,-2088,-26,839,3932,-341,0,0
3,77,-23,872,3939,-354,0,0
0,108,-25,899,3960,-362,0,0
4,99,-33,922,3995,-391,0,0
16,67,-37,896,3960,-404,0,0
15,60,-33,907,3905,-398,0,0
10,49,-21,918,3893,-366,0,0
5,34,-13,923,3923,-353,0,0
6,13,-14,960,3976,-388,0,0
22,-20,-10,968,4015,-400,0,0
41,-58,4,876,3981,-375,0,0
33,-83,15,765,3939,-362,0,0
12,-67,-2,734,3945,-363,0,0
8,9,-33,789,3919,-376,0,0
18,59,-43,840,3949,-370,0,0
29,101,-38,860,3964,-359,0,0
24,100,-34,892,3968,-377,0,0
15,58,-32,908,3946,-395,0,0
18,51,-23,935,3911,-403,0,0
22,33,-13,915,3883,-380,0,0
15,24,12,893,3943,-387,0,0
7,-6,9,887,3969,-395,0,0
5,-18,-8,860,3949,-398,0,0
1,-12,-16,874,3930,-384,0,0
-7,-26,-14,857,3946,-379,0,0
-17,-8,-12,875,3956,-374,0,0
-28,-31,-9,878,3967,-381,0,0
-28,-68,-11,841,3946,-400,0,0
-22,-48,-8,837,3908,-395,0,0
-22,-16,6,846,3919,-368,0,0
-23,-10,6,867,3961,-371,0,0
-10,-27,-1,864,3932,-365,0,0
-7,-29,3,853,3921,-371,0,0
-10,-18,6,884,3967,-392,0,0
2,-16,7,877,3982,-406,0,0
13,-10,4,848,3964,-395,0,0
8,-13,-8,846,3933,-373,0,0
-3,-12,-17,860,3930,-381,0,0
-8,-4,-25,884,3946,-373,0,0
-18,-1,-24,912,3949,-385,0,0
-20,-18,-19,955,3964,-410,0,0
2,-74,-9,911,3934,-400,0,0
19,-58,8,822,3897,-341,0,0
9,-2,17,805,3930,-297,0,0
-12,-12,-11,815,3939,-302,0,0
-23,-20,-56,835,3935,-323,0,0
-23,20,-73,891,4014,-326,0,0
-16,17,-69,914,3996,-374,0,0
-8,11,-27,870,3945,-402,0,0
0,41,31,804,3948,-374,0,0
5,81,45,777,3935,-310,0,0
0,107,24,811,3970,-318,0,0
10,94,-9,883,3966,-2416,0,0
27,49,-9,884,3958,-368,0,0
36,37,-1,853,3971,-337,0,0
39,50,-12,868,3970,-326,0,0
32,55,-18,910,3957,-347,0,0
24,57,-9,930,3942,-374,0,0
27,60,4,951,3924,-374,0,0
33,35,14,947,3927,-336,0,0
23,-10,6,930,3903,-303,0,0
-6,-75,-9,923,3939,-274,0,0
-36,-91,-31,916,3974,-290,0,0
-53,-55,-25,935,3936,-278,0,0
-67,-35,17,940,3871,-257,0,0
-82,-46,50,947,3864,-293,0,0
-66,-64,42,879,3937,-307,0,0
-38,-30,19,881,3973,-320,0,0
-21,-21,14,859,3969,-335,0,0
-10,9,19,800,3986,-306,0,0
-11,35,2,792,4013,-320,0,0
1,87,-20,840,3993,-321,0,0
4,131,-26,889,4026,-352,0,0
13,130,-37,922,4000,-333,0,0
27,102,-38,885,3922,-290,0,0
30,87,-48,895,3990,-296,0,0
53,70,-78,894,3923,-281,0,0
53,84,-68,886,3898,-238,0,0
33,175,-30,948,3905,-254,0,0
39,186,-13,968,3894,-289,0,0
51,120,-25,904,3944,-287,0,0
25,48,-41,869,3961,-297,0,0
11,18,-56,862,3968,-246,0,0
2,27,-60,870,3930,-245,0,0
-6,29,-68,839,3907,-259,0,0
-10,67,-94,900,3969,-276,0,0
-7,60,-106,951,3960,-292,0,0
-13,17,-62,937,3915,-300,0,0
-18,-18,-17,857,3901,-2312,0,0
-29,-31,-21,801,3956,-254,0,0
-32,-52,-37,840,4029,-337,0,0
-7,-76,-20,767,3993,-314,0,0
-6,-40,0,718,3968,-271,0,0
-6,-3,-10,799,4000,-254,0,0
4,-21,-25,803,3996,-271,0,0
-2,-42,-21,753,3953,-299,0,0
7,30,-2,720,3948,-257,0,0
4,74,-1,744,4006,-240,0,0
11,97,-11,749,3977,-243,0,0
9,142,-40,813,3944,-253,0,0
-6,116,-48,907,3963,-262,0,0
1,72,-27,921,3987,-294,0,0
22,52,0,859,3953,-227,0,0
15,15,12,803,3948,-220,0,0
3,7,9,796,3992,-291,0,0
2,5,-6,801,3951,-265,0,0
-5,-7,-5,791,3928,-246,0,0
-13,-29,-32,825,3993,-233,0,0
-4,-64,-73,852,3990,-239,0,0
1,-50,-59,851,4003,-291,0,0
21,-64,-21,733,3950,-280,0,0
32,-60,17,536,3927,-239,0,0
27,139,56,498,3910,-117,0,0
-17,327,81,652,3920,-88,0,0
-31,382,-3,862,4207,-175,0,0
43,381,-156,1153,4099,-313,0,0
66,98,-162,1098,3916,-368,0,0
-9,-134,-57,989,4008,-330,0,0
-30,-285,-26,889,3899,-261,0,0
-2,-316,-28,761,3869,-164,0,0
-5,-212,-4,774,3966,-132,0,0
18,-110,33,807,3972,-226,0,0
73,-93,41,638,3992,-275,0,0
73,-73,15,552,4072,-244,0,0
49,7,-24,550,4003,-250,0,0
32,103,-58,666,3979,-252,0,0
29,137,-95,804,4044,-242,0,0
29,66,-137,812,3972,-251,0,0
18,40,-118,812,3919,-305,0,0
29,82,-59,802,3968,-327,0,0
50,80,-38,750,3973,-276,0,0
49,98,-34,752,3994,-299,0,0
46,111,-29,785,3965,-364,0,0
38,19,-26,737,4006,-342,0,0
34,-36,-34,677,4015,-313,0,0
42,2,-36,655,3950,-340,0,0
42,55,-21,680,3974,-317,0,0
31,94,-21,765,4002,-343,0,0
26,40,-28,805,3951,-380,0,0
17,-55,-19,779,3978,-353,0,0
11,-127,-12,686,3999,-296,0,0
9,-121,-4,569,3998,-326,0,0
8,-44,6,590,3995,-359,0,0
9,28,22,639,3978,-311,0,0
2,44,22,714,3976,-295,0,0
-17,3,16,813,4029,-313,0,0
-16,30,52,927,4103,-331,0,0
-17,-45,161,848,3995,-324,0,0
-66,-173,290,599,3873,-341,0,0
-70,-72,257,478,3964,-358,0,0
-7,43,49,657,3953,-341,0,0
28,-25,-92,780,3928,-335,0,0
9,-91,-95,756,3943,-340,0,0
-11,-8,-53,777,4006,-296,0,0
10,169,-11,891,3970,-258,0,0
17,195,12,937,3964,-271,0,0
16,112,-2,910,3980,-342,0,0
31,28,-27,923,3986,-355,0,0
26,-83,-18,763,3968,-266,0,0
-2,-45,-7,718,3978,-286,0,0
8,39,-48,907,3938,-326,0,0
20,17,-55,995,3907,-352,0,0
26,-31,-21,996,3934,-352,0,0
11,-90,46,929,4014,-308,0,0
6,-127,121,811,4003,-317,0,0
1,-101,149,722,3956,-324,0,0
10,-90,115,711,3885,-322,0,0
18,-44,66,668,3958,-369,0,0
34,102,7,798,3986,-336,0,0
26,159,-17,1057,3937,-338,0,0
-5,74,16,1096,3941,-328,0,0
-14,6,34,1015,3896,-315,0,0
-4,-10,30,960,3855,-325,0,0
-4,-47,24,887,3956,-358,0,0
0,-72,7,865,3997,-376,0,0
-8,-93,-20,858,3961,-364,0,0
-11,-52,-17,845,3983,-344,0,0
-18,-2,14,755,3939,-340,0,0
-22,66,-32,840,3931,-345,0,0
-1,104,-74,944,3957,-306,0,0
1,91,-40,881,3952,-344,0,0
-7,103,-35,793,3938,-359,0,0
-6,218,-53,947,3916,-280,0,0
-25,225,-57,1122,3952,-259,0,0
-29,114,-40,1129,3881,-319,0,0
-15,-35,-26,976,3869,-298,0,0
-7,-106,-23,821,3962,-280,0,0
8,-35,-14,800,4012,-270,0,0
13,3,-20,842,3982,-321,0,0
24,-45,-35,845,3910,-289,0,0
33,-27,-38,882,3972,-245,0,0
35,-19,-17,823,3971,-247,0,0
21,16,0,767,3928,-295,0,0
14,107,-5,909,3974,-288,0,0
11,95,16,974,3948,-292,0,0
13,43,46,897,3942,-282,0,0
16,62,41,884,3987,-305,0,0
32,52,27,897,3931,-333,0,0
40,14,27,842,3922,-270,0,0
26,27,21,827,3955,-310,0,0
26,67,16,908,3964,-342,0,0
23,68,14,1012,3975,-293,0,0
16,-5,23,951,3940,-279,0,0
16,-25,20,869,3908,-298,0,0
6,40,14,948,3876,-299,0,0
-10,88,31,1035,3824,-279,0,0
-28,71,44,1112,3839,-214,0,0
-44,-38,23,1131,3941,-229,0,0
-31,-76,35,1097,3997,-305,0,0
-6,-131,60,912,3981,-345,0,0
4,-169,57,699,3946,-334,0,0
15,-22,43,721,3953,-312,0,0
34,112,9,851,3881,-285,0,0
47,217,-14,1016,3831,-282,0,0
56,278,8,1137,3950,-288,0,0
57,270,57,1069,4031,-259,0,0
35,228,59,991,3911,-235,0,0
20,225,0,1088,3805,-271,0,0
16,196,-43,1214,3794,-278,0,0
-2,71,-37,1213,3972,-288,0,0
13,-41,1,1106,3981,-297,0,0
22,-110,22,862,3931,-224,0,0
22,67,-23,895,3870,-244,0,0
43,238,-70,1052,3836,-230,0,0
37,222,-82,1144,3933,-247,0,0
26,153,-61,1136,3989,-297,0,0
29,113,-44,1095,3921,-246,0,0
8,63,-36,1065,3914,-193,0,0
2,58,-31,1099,3895,-253,0,0
11,5,-36,1094,3867,-275,0,0
1,-72,-26,1035,3913,-268,0,0
-3,-100,-15,917,3969,-222,0,0
1,-49,-16,887,3959,-228,0,0
3,31,-18,964,3905,-255,0,0
1,15,-47,1105,3925,-272,0,0
22,-98,-67,1015,3893,-210,0,0
14,-125,-57,889,3907,-293,0,0
7,-61,-50,938,3950,-261,0,0
-1,-18,-26,1004,3961,-234,0,0
1,-31,-7,983,3925,-300,0,0
13,-40,-8,926,3919,-270,0,0
14,-10,-7,896,3914,-287,0,0
12,36,-5,959,3941,-298,0,0
17,35,-8,984,3947,-262,0,0
14,18,-19,967,3899,-303,0,0
14,17,-35,1025,3888,-292,0,0
13,-7,-40,1069,3927,-264,0,0
8,-63,-29,1030,3928,-282,0,0
2,-103,-24,914,3935,-275,0,0
-4,-49,-17,921,3949,-282,0,0
-10,-20,-16,986,3903,-318,0,0
-10,-58,-24,972,3910,-283,0,0
-9,-46,-22,953,3911,-280,0,0
-16,-40,-23,970,3950,-317,0,0
-9,-50,-2072,947,3956,-278,0,0
2,-25,-33,952,3913,-292,0,0
7,-19,-38,963,3898,-307,0,0
5,-43,-20,921,3910,-306,0,0
5,-35,-13,881,3951,-282,0,0
7,-1,-17,877,3965,-274,0,0
10,30,-25,913,3946,-297,0,0
11,22,-32,929,3939,-299,0,0
15,11,-35,917,3932,-292,0,0
15,42,-26,951,3896,-311,0,0
7,28,-22,974,3927,-300,0,0
4,-9,-26,952,3925,-282,0,0
5,-10,-2080,976,3934,-301,0,0
6,-42,-21,915,3964,-282,0,0
-3,-52,-7,819,3972,-300,0,0
-3,4,-20,836,3938,-311,0,0
-5,2,-46,901,3933,-319,0,0
0,-34,-50,902,3944,-291,0,0
6,-27,-38,820,3958,-239,0,0
2,64,-19,825,3950,-284,0,0
-5,105,-24,910,3908,-321,0,0
-13,77,-23,948,3946,-290,0,0
-11,24,-14,939,3996,-291,0,0
9,-16,-23,842,3949,-296,0,0
7,14,-29,793,3919,-285,0,0
-10,69,-16,888,3979,-302,0,0
-8,55,-8,963,3952,-278,0,0
-1,-8,-3,871,3930,-258,0,0
9,10,-6,831,3942,-246,0,0
13,52,-11,839,3938,-204,0,0
7,69,-15,832,3959,-211,0,0
3,92,-15,907,4009,-298,0,0
10,52,-3,912,4006,-275,0,0
-5,-26,-7,846,3964,-341,0,0
15,-18,-38,870,3929,-364,0,0
32,-27,-50,960,3917,-296,0,0
39,-80,-39,949,3931,-285,0,0
47,-91,-29,858,3928,-235,0,0
32,-74,-25,826,3958,-254,0,0
26,-46,-20,822,3955,-258,0,0
14,-6,-8,813,3953,-279,0,0
-8,16,-9,822,3970,-319,0,0
-15,10,-18,885,3949,-313,0,0
-21,-46,-34,940,3972,-305,0,0
-19,-131,-35,859,3956,-281,0,0
-10,-111,-25,782,3951,-279,0,0
1,1,-13,779,3926,-279,0,0
3,102,-1,899,3949,-297,0,0
-5,50,6,949,3950,-286,0,0
-19,-33,19,885,3963,-282,0,0
-11,-45,17,820,3960,-254,0,0
-3,-13,2,792,3960,-255,0,0
-2,32,-8,844,3957,-293,0,0
3,55,-11,903,3957,-290,0,0
4,37,0,910,3970,-286,0,0
10,32,0,867,3946,-295,0,0
10,54,-3,928,3941,-319,0,0
11,3,-10,987,3932,-283,0,0
9,-79,-1,874,3943,-264,0,0
5,-55,-12,810,3951,-288,0,0
-1,-3,-23,962,3937,-324,0,0
-1,-75,-15,967,3945,-311,0,0
7,-148,-12,775,3959,-252,0,0
6,-82,-32,772,3995,-299,0,0
24,-31,-40,885,3869,-341,0,0
27,7,27,687,3905,-193,0,0
-20,190,53,709,4130,-305,0,0
8,324,-63,1064,3970,-339,0,0
38,90,-167,1269,3864,-316,0,0
45,-289,-129,946,3857,-355,0,0
44,-315,-37,492,3949,-291,0,0
17,-16,7,622,4059,-321,0,0
27,162,24,1042,4085,-301,0,0
62,-12,35,901,3912,-275,0,0
46,-67,65,574,3895,-319,0,0
1,111,45,702,4031,-301,0,0
-26,156,-40,1073,4004,-361,0,0
1,-73,-97,1137,3893,-396,0,0
20,-337,-78,874,3903,-375,0,0
34,-359,-18,596,3937,-320,0,0
30,-107,48,448,3985,-261,0,0
-5,225,44,709,4044,-322,0,0
-29,264,-16,1112,3986,-402,0,0
-22,-57,-51,1039,3868,-383,0,0
-19,-217,-27,807,3906,-339,0,0
-2,-128,-9,715,3987,-297,0,0
10,14,-1,738,3958,-373,0,0
8,102,15,877,3963,-383,0,0
-2,29,11,891,3966,-337,0,0
7,-38,-13,823,3930,-386,0,0
19,-11,-11,862,3952,-367,0,0
4,-34,3,786,3964,-338,0,0
2,0,-14,770,3946,-371,0,0
3,55,-34,925,3940,-382,0,0
-13,-21,-39,936,3916,-389,0,0
-11,-67,-35,851,3944,-370,0,0
-14,-55,-25,858,3977,-354,0,0
-15,-62,-11,804,3943,-340,0,0
-10,-24,-8,856,3977,-2400,0,0
2,-32,-8,842,3953,-363,0,0
9,-9,8,804,3963,-372,0,0
10,22,12,819,3931,-354,0,0
-8,-37,4,895,3967,-383,0,0
0,-144,-5,816,3996,-283,0,0
-15,-162,-6,668,3954,-290,0,0
-14,19,11,695,3941,-355,0,0
-13,155,9,870,3947,-379,0,0
-11,98,4,987,3953,-395,0,0
-1,-16,9,873,3959,-344,0,0
1,-25,11,764,3965,-282,0,0
-10,43,-2,768,3959,-2352,0,0
-24,103,-21,935,3939,-358,0,0
-21,52,-16,996,3949,-330,0,0
-20,-14,6,885,3964,-351,0,0
-5,-12,9,872,3919,-351,0,0
24,-16,7,799,3943,-261,0,0
9,64,4,747,3968,-335,0,0
-15,124,-28,994,3950,-376,0,0
-33,-49,-41,1083,3916,-335,0,0
-23,-239,-39,861,3957,-263,0,0
-5,-173,-42,707,3995,-212,0,0
-24,-30,-45,772,3975,-297,0,0
-36,8,-51,890,3937,-349,0,0
-43,-75,-62,922,3985,-314,0,0
-36,-136,-64,845,3941,-329,0,0
-19,-128,-49,770,3893,-293,0,0
-13,-67,-31,768,3963,-279,0,0
-1,3,-14,789,3971,-281,0,0
-9,16,-8,793,3967,-273,0,0
-26,-1,-19,784,3945,-301,0,0
-36,-3,-34,837,3959,-305,0,0
-33,-39,-31,859,4007,-288,0,0
-19,-84,-21,747,3966,-295,0,0
-3,-32,-7,709,3957,-256,0,0
-1,33,-12,787,4040,-220,0,0
6,16,-22,833,3995,-286,0,0
10,-76,-32,765,3966,-310,0,0
20,-90,-31,704,3982,-257,0,0
19,-27,-20,688,4025,-265,0,0
34,50,-23,743,3995,-305,0,0
48,67,-18,703,3973,-267,0,0
34,79,-20,702,3983,-343,0,0
37,67,-38,760,3984,-331,0,0
27,23,-43,701,3961,-251,0,0
10,100,-47,806,3948,-303,0,0
10,98,-57,993,3970,-350,0,0
19,-35,-25,912,3933,-377,0,0
15,-110,10,732,3952,-321,0,0
15,-44,27,721,3975,-297,0,0
14,18,33,728,3970,-290,0,0
-9,33,21,753,3995,-323,0,0
-18,-7,-17,810,3961,-326,0,0
-25,-75,-30,833,3974,-320,0,0
-25,-118,-22,799,4022,-328,0,0
-14,-137,-6,687,4013,-304,0,0
-12,-78,-2,707,3998,-340,0,0
-12,-59,12,732,3948,-350,0,0
-14,-103,20,673,3939,-287,0,0
-11,-97,-9,710,3998,-241,0,0
-5,-46,-27,707,4062,-251,0,0
-21,4,-32,694,3967,-364,0,0
-8,22,-49,838,3914,-365,0,0
30,3,-43,859,3939,-249,0,0
17,21,-3,781,4002,-366,0,0
4,17,14,833,3977,-402,0,0
7,-87,13,824,3961,-275,0,0
7,-165,2,710,3994,-283,0,0
21,-103,0,651,3994,-293,0,0
22,-16,9,618,3996,-290,0,0
10,82,4,628,3983,-295,0,0
-4,191,-5,787,3967,-330,0,0
-12,210,-8,909,3959,-359,0,0
-9,100,-10,954,3953,-351,0,0
-2,-9,17,809,3973,-295,0,0
-12,-4,29,722,3994,-295,0,0
-20,69,28,783,4000,-274,0,0
-17,163,19,867,3901,-280,0,0
-6,181,-8,1089,3868,-337,0,0
36,-47,26,951,4013,-229,0,0
47,-151,27,672,4044,-280,0,0
47,-65,8,672,3958,-298,0,0
4,-87,-2,698,3950,-278,0,0
-18,-71,-10,813,3963,-2336,0,0
7,-72,2,796,3964,-229,0,0
18,-33,5,683,4008,-245,0,0
17,72,-27,780,3993,-278,0,0
9,74,-29,881,3981,-303,0,0
8,54,-27,956,3970,-352,0,0
27,-22,-20,912,3948,-326,0,0
46,-16,-25,868,3989,-331,0,0
59,-18,-40,941,3976,-378,0,0
69,-128,-25,844,3924,-338,0,0
57,-141,-4,771,3915,-385,0,0
55,-72,31,770,3913,-359,0,0
22,-57,57,764,3983,-383,0,0
-5,-45,42,838,3993,-436,0,0
-5,-69,25,915,3970,-398,0,0
-3,-198,28,814,4000,-378,0,0
6,-221,29,644,3975,-389,0,0
21,-72,15,685,3930,-374,0,0
20,37,12,790,3935,-381,0,0
20,47,-3,819,3944,-391,0,0
39,85,-7,833,3915,-393,0,0
39,131,15,870,3929,-414,0,0
34,141,22,907,3956,-408,0,0
34,122,11,990,3944,-399,0,0
30,60,6,999,3933,-427,0,0
32,4,14,923,3944,-434,0,0
35,-34,13,789,3971,-390,0,0
30,10,-14,763,3959,-401,0,0
27,83,-30,879,3917,-432,0,0
26,56,-36,932,3931,-445,0,0
19,-10,-34,874,3952,-432,0,0
14,-3,-32,853,3959,-424,0,0
14,38,-24,864,3938,-410,0,0
-2,55,-16,898,3901,-433,0,0
-5,51,-10,933,3911,-422,0,0
2,26,-16,922,3936,-416,0,0
14,7,-20,932,3922,-466,0,0
36,-26,-4,893,3893,-445,0,0
50,-8,31,873,3949,-415,0,0
61,42,48,884,3965,-443,0,0
78,71,54,834,3896,-420,0,0
48,70,62,749,3876,-396,0,0
11,196,40,759,3988,-351,0,0
-34,342,-28,979,4061,-456,0,0
-53,231,-98,1209,3970,-491,0,0
-27,-35,-127,1106,3846,-409,0,0
6,-159,-77,815,3888,-449,0,0
32,-101,-26,717,3902,-465,0,0
33,3,26,766,3942,-403,0,0
15,44,53,813,4022,-398,0,0
8,52,19,893,3994,-378,0,0
13,48,-28,896,3918,-387,0,0
5,60,-34,851,3940,-413,0,0
-4,63,-54,935,3931,-439,0,0
7,14,-70,961,3883,-402,0,0
6,-11,-57,893,3918,-411,0,0
8,13,-37,874,3925,-413,0,0
-2,16,-11,903,3935,-423,0,0
-8,-3,13,830,3943,-413,0,0
-10,47,10,918,3935,-422,0,0
-8,29,14,998,3962,-403,0,0
-11,-40,20,932,3966,-427,0,0
-5,-86,8,856,3963,-420,0,0
4,-91,-5,842,3922,-413,0,0
8,-86,-8,814,3921,-401,0,0
7,-51,-16,877,3967,-390,0,0
5,-57,-28,924,3966,-388,0,0
9,-63,-31,871,3923,-416,0,0
8,-46,-24,854,3911,-424,0,0
6,-31,-16,857,3936,-406,0,0
2,-14,-7,843,3960,-421,0,0
-3,0,-12,895,3943,-444,0,0
1,-34,-14,893,3960,-434,0,0
-9,-55,-16,785,3971,-409,0,0
-11,2,-41,961,3882,-447,0,0
2,-63,-24,1004,3883,-429,0,0
-15,-166,36,706,3996,-403,0,0
-39,-66,33,590,3993,-389,0,0
-48,130,-9,874,3912,-411,0,0
-51,101,-20,1054,3937,-435,0,0
-38,-15,0,888,3988,-383,0,0
-48,-28,-16,808,3958,-386,0,0
-26,36,-41,928,3928,-359,0,0
-13,9,-40,881,3979,-351,0,0
-10,1,-48,816,3963,-379,0,0
-7,61,-58,914,3924,-360,0,0
-33,29,-49,1019,3955,-417,0,0
-23,-74,-28,928,3907,-384,0,0
-15,-122,-23,836,3908,-311,0,0
-7,-112,-34,758,3995,-291,0,0
-4,-28,-62,735,3977,-323,0,0
-31,39,-74,840,3914,-376,0,0
-52,12,-76,927,3974,-373,0,0
-45,-68,-84,977,3938,-367,0,0
-35,-149,-59,979,3926,-366,0,0
-23,-181,-13,945,3999,-316,0,0
-21,-271,18,817,3994,-2352,0,0
-29,-274,21,719,3938,-357,0,0
-39,-180,30,808,3996,-330,0,0
-61,-198,46,836,4009,-322,0,0
-80,-228,58,789,3968,-400,0,0
-53,-283,53,701,3970,-433,0,0
-12,-255,50,607,3909,-375,0,0
-7,40,122,624,3855,-334,0,0
-15,207,139,756,3857,-351,0,0
17,159,26,827,3885,-287,0,0
32,159,-66,1027,3975,-228,0,0
36,69,-81,1042,4076,-299,0,0
34,30,-22,915,4025,-423,0,0
19,18,51,802,4007,-500,0,0
8,-36,35,722,4030,-423,0,0
22,26,-12,797,3961,-367,0,0
44,80,-27,933,3907,-305,0,0
40,26,-30,932,3937,-315,0,0
37,-2,-35,891,3944,-401,0,0
37,-29,-34,864,3939,-409,0,0
24,-42,-28,864,3968,-382,0,0
13,-44,-26,888,3962,-366,0,0
3,-79,-29,879,3940,-370,0,0
0,-107,-22,843,3944,-373,0,0
5,-81,-11,825,3950,-393,0,0
10,-66,4,809,3959,-401,0,0
19,-45,16,792,3960,-395,0,0
26,-19,11,804,3962,-381,0,0
24,-10,5,831,3963,-380,0,0
16,-18,-7,849,3958,-396,0,0
7,-41,-12,842,3944,-399,0,0
2,-48,-13,831,3944,-407,0,0
7,-20,-11,842,3941,-404,0,0
7,0,-4,842,3942,-400,0,0
4,7,-5,852,3944,-410,0,0
6,13,-13,878,3938,-417,0,0
12,25,-12,913,3926,-415,0,0
8,-8,-10,893,3937,-389,0,0
-5,-31,-11,863,3956,-387,0,0
-13,-27,-19,843,3973,-392,0,0
-21,-42,-35,828,3944,-399,0,0
-25,-33,-45,830,3932,-405,0,0
-24,0,-33,844,3968,-397,0,0
-17,25,-24,847,3972,-382,0,0
-9,34,-21,858,3963,-388,0,0
-6,35,-15,839,3954,-421,0,0
-6,5,-22,815,3946,-417,0,0
-6,-17,-36,821,3954,-385,0,0
-2,-7,-35,833,3958,-377,0,0
0,2,-22,815,3976,-381,0,0
5,5,-26,801,3968,-393,0,0
5,6,-33,804,3956,-369,0,0
-1,14,-33,816,3960,-379,0,0
2,14,-32,828,3956,-396,0,0
11,13,-26,812,3955,-378,0,0
8,36,-16,811,3949,-370,0,0
3,46,-7,842,3951,-400,0,0
2,27,-3,841,3962,-396,0,0
-11,-15,-15,824,3976,-379,0,0
-8,-22,-28,820,3943,-380,0,0
-5,-1,-17,841,3935,-2432,0,0
-3,0,0,837,3981,-378,0,0
3,1,8,816,3982,-369,0,0
-5,7,9,809,3940,-371,0,0
-15,19,14,808,3944,-378,0,0
-16,38,14,838,3968,-385,0,0
-7,19,5,873,3981,-376,0,0
2,-18,-1,847,3965,-356,0,0
5,-34,-5,804,3954,-368,0,0
10,-30,-14,800,3966,-357,0,0
10,-12,-20,817,3975,-361,0,0
8,-8,-21,816,3949,-379,0,0
9,5,-19,836,3939,-373,0,0
11,13,-15,848,3957,-348,0,0
8,25,-6,848,3954,-352,0,0
4,36,-9,836,3943,-367,0,0
2,43,-6,844,3936,-368,0,0
-1,37,-15,861,3913,-374,0,0
1,24,-16,890,3936,-373,0,0
3,0,-12,880,3973,-364,0,0
4,-2,-6,844,3949,-371,0,0
3,12,5,836,3950,-372,0,0
6,27,4,851,3962,-365,0,0
9,14,-6,828,3942,-376,0,0
13,15,-16,870,3961,-385,0,0
14,-22,-17,876,3981,-373,0,0
20,-48,-15,816,3968,-366,0,0
32,-27,-13,822,3942,-379,0,0
47,-28,-5,892,3982,-421,0,0
84,-62,25,876,3951,-442,0,0
102,12,129,552,3842,-167,0,0
-36,361,190,497,4060,-123,0,0
-142,485,-54,862,4072,-487,0,0
-27,372,-326,1353,3850,-635,0,0
59,-130,-317,1347,3801,-395,0,0
64,-470,-97,885,3916,-271,0,0
82,-127,153,548,3991,-255,0,0
55,249,222,626,3999,-424,0,0
30,210,122,787,4026,-539,0,0
39,79,14,1087,3986,-371,0,0
25,-141,19,961,3901,-263,0,0
-8,-185,33,730,3922,-359,0,0
7,-62,-7,714,3979,-389,0,0
14,49,-40,802,3985,-362,0,0
-12,77,-44,909,3961,-411,0,0
-5,12,-59,963,3923,-394,0,0
3,-70,-60,893,3923,-347,0,0
-10,-78,-38,774,3930,-376,0,0
-7,1,-21,786,3958,-387,0,0
0,54,-13,881,3944,-378,0,0
5,31,2,934,3911,-405,0,0
12,-23,17,891,3958,-395,0,0
7,-56,22,827,3972,-395,0,0
4,-41,16,832,3964,-400,0,0
-2,-10,-3,844,3925,-393,0,0
-22,-55,-35,904,3930,-397,0,0
-15,-140,-57,877,3970,-316,0,0
-5,-82,-38,783,3971,-331,0,0
-8,46,-5,771,3977,-435,0,0
6,120,-1,915,3942,-460,0,0
21,74,9,977,3908,-420,0,0
22,-6,21,903,3945,-371,0,0
15,-69,2,829,3956,-375,0,0
-1,-77,-22,818,3963,-409,0,0
-11,-61,-33,855,3957,-431,0,0
-1,-66,-35,872,3940,-403,0,0
5,-42,-28,851,3950,-377,0,0
0,18,-17,886,3937,-407,0,0
-1,13,-16,948,3951,-447,0,0
6,-71,-32,897,3961,-440,0,0
4,-124,-51,807,3977,-396,0,0
-3,-133,-73,745,4010,-370,0,0
6,-108,-105,721,4066,-2432,0,0
21,-65,-129,711,3984,-280,0,0
-36,-5,-118,674,3918,-298,0,0
-79,63,-129,743,3949,-411,0,0
-75,79,-133,828,3978,-416,0,0
-55,100,-104,861,3930,-452,0,0
-23,101,-65,878,3915,-461,0,0
10,8,-54,804,3978,-356,0,0
11,-74,-66,672,3985,-351,0,0
6,-53,-79,628,3990,-406,0,0
5,-51,-98,687,4003,-374,0,0
0,-92,-103,648,3987,-325,0,0
-12,-77,-91,556,3959,-2328,0,0
-37,-10,-100,571,3966,-322,0,0
-38,25,-124,627,4010,-363,0,0
-24,23,-147,584,4087,-475,0,0
60,270,-166,315,4229,-447,0,0
188,685,-274,336,4170,-398,0,0
258,861,-416,304,3873,-438,0,0
263,1092,-408,457,3451,-582,0,0
259,1056,-316,409,2521,-747,0,0
360,1250,-178,143,1681,-921,0,0
732,1983,-198,-782,1889,-1579,0,0
1634,4424,-467,-716,3362,-1443,0,0
2143,6574,-255,1226,5081,-2410,0,0
2137,7916,706,6490,7225,-6015,0,0
2466,6661,2018,9837,9587,-5749,0,0
2558,4673,3371,9896,10736,-2636,0,0
1482,4426,5035,9460,11103,319,0,0
164,2187,5403,6124,9203,2477,0,0
-954,2387,5030,3978,6457,2129,0,0
-2180,2134,5032,2742,5790,1318,0,0
-2953,871,5485,1310,6605,1391,0,0
-3292,1304,5679,591,5972,1748,0,0
-4008,1534,5490,825,5911,1481,0,0
-4469,685,4972,503,6240,1303,0,0
-4560,432,4489,329,5956,923,0,0
-4635,999,4289,379,5932,-214,0,0
-4242,1188,3877,-1409,4245,-6772,0,0
-1877,-1053,2473,-6859,664,-13019,0,0
1295,-660,724,-8237,-2436,-14011,0,0
3670,-256,-1375,-7641,-3951,-8490,0,0
4472,474,-2570,-5240,-6382,-4782,0,0
4384,-2259,-4538,-1074,-2742,-2172,0,0
3760,-4484,-6197,744,4595,-852,0,0
3252,-2839,-6162,1930,9187,323,0,0
2706,-3310,-6360,3495,10188,1442,0,0
1288,-1422,-7212,1360,8427,2725,0,0
-480,-2939,-6417,925,8313,2395,0,0
-1584,-557,-5850,1641,7584,1552,0,0
-2039,-236,-5752,2271,7090,722,0,0
-2190,-1141,-5633,2874,6569,-324,0,0
-2309,-929,-5327,4693,9248,-1456,0,0
-2066,939,-4782,12341,9046,-7317,0,0
-684,161,-2145,22822,8969,-13658,0,0
2434,2668,3004,8820,13275,-1794,0,0
1425,5724,4587,10924,13890,-313,0,0
508,338,4624,7220,12023,2049,0,0
-281,1995,5082,5555,8647,2251,0,0
-1476,1992,5207,4194,6614,1380,0,0
-2400,125,5472,1921,6917,1192,0,0
-2926,-70,6117,1732,7958,978,0,0
-2783,-1391,6326,626,7932,1187,0,0
-2437,-1101,6147,414,7160,1514,0,0
-2541,160,6340,549,6997,1408,0,0
-2604,774,6228,805,6623,917,0,0
-2580,1406,5926,234,4900,1087,0,0
-2914,1270,4850,-3336,1461,-3987,0,0
-2043,1256,3286,-8092,-51,-9683,0,0
-260,1959,1675,-9428,-3897,-14286,0,0
1806,555,-531,-10970,-6406,-11909,0,0
3327,-399,-3335,-5451,-4550,-7408,0,0
3969,-2435,-5588,-603,1215,-3446,0,0
3824,-2718,-5825,570,5977,-600,0,0
3366,-2018,-5359,1581,8154,890,0,0
2866,-3077,-5956,1815,7753,1623,0,0
1967,-3284,-6636,837,7603,2510,0,0
889,-1323,-6424,724,8145,2449,0,0
151,-264,-5970,1133,7183,1777,0,0
-711,-507,-5789,1376,6740,1515,0,0
-1772,-1312,-5606,810,7918,1332,0,0
-2304,21,-5257,3309,12061,1328,0,0
-1432,2695,-5573,12293,12891,-554,0,0
376,1172,-5173,28937,12319,-5029,0,0
1405,-694,754,20084,11541,-1295,0,0
-470,259,6369,10270,13546,1814,0,0
-869,1988,6140,6365,10446,3206,0,0
-1237,1920,5590,4270,7332,3249,0,0
-2806,1885,5958,3694,7626,1963,0,0
-3418,-771,5916,2225,9087,1470,0,0
-3095,-2717,5701,1808,9094,1594,0,0
-2516,-3415,5835,1299,9291,1763,0,0
-1795,-3534,5990,456,9026,1774,0,0
-1181,-1184,6409,-472,8207,2969,0,0
-1570,3338,6960,-593,6988,2284,0,0
-3064,4457,7062,-805,5099,-2129,0,0
-3830,3983,5373,-8924,-665,-11993,0,0
-2081,-866,1143,-12978,-6124,-16482,0,0
1110,-1570,-2379,-10494,-2579,-13781,0,0
3618,494,-3567,-5229,-2436,-6925,0,0
4395,389,-4673,-1252,94,-3120,0,0
4271,-1372,-5768,1148,6191,-1100,0,0
3697,-2763,-6149,2436,9099,962,0,0
2705,-5048,-6789,2558,8388,2051,0,0
1312,-5561,-6900,863,7000,2289,0,0
-239,-2194,-6148,390,7745,2518,0,0
-1377,5,-5605,1436,7479,1436,0,0
-2048,-1232,-5390,1870,6417,180,0,0
-2335,-2506,-4926,2327,7835,192,0,0
-2616,-1550,-4849,3984,10921,-1049,0,0
-2358,1539,-5410,9795,12995,-4394,0,0
-1358,2425,-4370,18286,14219,-10298,0,0
730,1776,-837,19961,10600,-9011,0,0
1616,3531,4098,9319,10728,-1453,0,0
384,1582,5486,7325,9682,130,0,0
-540,2619,5211,5195,6799,1196,0,0
-1286,819,5638,3577,6560,1978,0,0
-2146,572,6340,2559,9180,1750,0,0
-2834,-296,6791,2150,10448,1087,0,0
-2777,-1692,6947,1616,10609,1475,0,0
-2256,-2049,6906,430,10021,1829,0,0
-1827,-229,6898,-475,8503,2379,0,0
-2100,3084,6907,-616,6689,2308,0,0
-3384,1187,6602,-1182,4670,-1618,0,0
-4253,2387,4625,-7887,-1434,-10772,0,0
-2387,-120,1642,-13092,-6028,-16396,0,0
926,-139,-1624,-10390,-3047,-14140,0,0
3179,1022,-3640,-4692,-1599,-8429,0,0
3859,57,-4811,-681,1161,-3384,0,0
3789,-1024,-5542,440,5856,-403,0,0
3615,-1640,-7912,1402,8634,1472,0,0
2825,-1991,-6686,1871,8342,1893,0,0
-858,-310,-5523,1323,8392,1584,0,0
-1013,1209,-5549,3554,11839,1556,0,0
-671,3173,-5643,12498,11814,26,0,0
118,1669,-4120,26453,13675,-4564,0,0
1896,178,446,19587,11255,-1039,0,0
312,218,5094,9645,11111,1449,0,0
-913,920,5404,6237,10456,2239,0,0
-580,-535,5032,3678,6546,3006,0,0
-1644,1768,5779,3245,6708,1895,0,0
-2955,796,6387,2376,9315,1189,0,0
-3287,-1206,6467,1932,9979,1649,0,0
-3104,-2566,6638,1610,10437,2306,0,0
-2690,-2489,7002,820,9992,2597,0,0
-2390,-793,7195,-248,8675,2095,0,0
-1691,159,6691,-2815,6790,-34,0,0
-601,2565,5557,-7717,1467,-1300,0,0
-1871,1283,3252,-8839,-5409,-9516,0,0
-2301,-1302,-777,-10757,-5285,-14823,0,0
-32,-2730,-3556,-9734,-3651,-10756,0,0
2318,815,-4936,-4110,-1240,-6400,0,0
3460,1843,-5816,283,4537,-3396,0,0
3766,748,-5827,2148,8833,-302,0,0
3770,18,-5667,2708,9738,2092,0,0
3343,-1462,-6112,2478,8274,2739,0,0
2400,-2399,-5913,1376,7795,3160,0,0
1092,-1522,-5846,1901,6118,2734,0,0
-315,-1654,-5709,1759,5241,1826,0,0
-1383,-2189,-5088,1803,5321,1193,0,0
-1972,-2191,-4714,2106,7650,979,0,0
-1586,467,-5102,5116,10558,625,0,0
-1532,1874,-5129,11369,11830,-3782,0,0
-1290,-584,-2792,25045,12984,-13630,0,0
1847,-134,2927,8935,12212,-678,0,0
630,5302,4814,9310,11402,4,0,0
-402,1152,4799,6083,10376,1184,0,0
-978,488,5232,4480,7259,2334,0,0
-1952,1303,5867,3829,7059,885,0,0
-2369,-760,6452,2297,8943,1297,0,0
-2315,-1945,6818,1148,9371,2537,0,0
-2525,-1508,6923,944,9157,2540,0,0
-2445,-1341,6836,442,8751,2862,0,0
-2024,-171,6000,-626,7299,2209,0,0
-1702,2281,4988,-566,5276,2910,0,0
-3224,863,4676,-593,3427,-2287,0,0
-4159,2651,4107,-3702,-674,-11350,0,0
-2352,-1406,2073,-10160,-4695,-15848,0,0
786,-359,-649,-9469,-5889,-13668,0,0
2835,-205,-3139,-3755,-3931,-9419,0,0
3640,-1813,-4617,-467,644,-4619,0,0
3913,-755,-4915,-247,4391,-1295,0,0
3879,232,-4591,740,6673,399,0,0
3461,-2022,-4979,1312,7810,1388,0,0
2709,-3263,-5896,447,7497,2316,0,0
2019,-1371,-6155,176,7943,2807,0,0
1483,-268,-5785,-43,7093,2985,0,0
574,682,-5714,-233,6465,2325,0,0
-221,1031,-5904,319,8283,2188,0,0
-706,2240,-6116,3291,12578,3412,0,0
-353,3263,-6083,11455,11916,3368,0,0
815,829,-4722,25402,11769,1466,0,0
2007,-1987,-792,21192,11695,2719,0,0
-362,4881,5055,10790,11588,5095,0,0
-2448,2990,5218,7126,11206,4194,0,0
-2219,-1140,4978,4065,8368,4973,0,0
-3136,-173,5305,2539,7025,3606,0,0
-4393,-20,5550,2048,8929,1968,0,0
-4420,-2470,5583,1825,9970,1954,0,0
-3374,-4710,5592,381,9624,2574,0,0
-2453,-2915,6267,-367,9246,2865,0,0
-2430,945,6582,-98,7909,2222,0,0
-2955,3041,6175,-604,6105,1423,0,0
-3689,5163,5331,-2086,2679,-2143,0,0
-4081,5393,3912,-2449,-920,-5934,0,0
-4257,971,1785,-3478,-2141,-12889,0,0
-2442,-2615,-374,-6578,-3075,-18045,0,0
1172,-1810,-2035,-5481,-2893,-15483,0,0
3821,-914,-2997,-3571,-731,-8968,0,0
5254,492,-3925,-1566,3125,-3168,0,0
5514,307,-4398,-123,6005,-417,0,0
5060,-2067,-4930,847,9319,1157,0,0
4158,-4882,-6265,1316,10192,2511,0,0
2617,-4960,-7494,498,9865,3292,0,0
1222,-2699,-7421,101,9665,3439,0,0
-166,-513,-6753,869,8744,2305,0,0
-1135,222,-6524,884,8858,1720,0,0
-1632,783,-6365,1929,11896,2495,0,0
-1594,1843,-6574,8103,13648,1676,0,0
-1080,1524,-5618,20435,12211,-3959,0,0
573,-1234,-1891,22390,13758,-6563,0,0
2071,-361,4984,5367,12253,3555,0,0
-371,925,5295,9630,11347,-1288,0,0
-59,-138,4736,6538,9083,1684,0,0
-142,-1723,4719,3501,6461,3045,0,0
-1485,1834,5748,3512,6453,1831,0,0
-2176,359,6329,1597,8469,2231,0,0
-2453,-1837,6180,633,7404,2108,0,0
-2475,-2959,6083,924,7974,1945,0,0
-1581,-2835,6218,-127,7605,2877,0,0
-974,1228,6247,-712,6258,2923,0,0
-1846,4865,6223,740,4650,1794,0,0
-3914,4470,5408,381,2909,-242,0,0
-5581,2756,3734,-4632,1553,-6677,0,0
-4387,625,1590,-10281,-1959,-16593,0,0
-804,-1869,-2064,-8689,-663,-17622,0,0
2412,287,-3993,-3393,68,-12432,0,0
4519,510,-4850,806,966,-6181,0,0
5400,1528,-5285,2585,4604,-1371,0,0
6104,2180,-4575,2386,7878,1823,0,0
6532,-176,-4762,1651,9433,3006,0,0
5614,-1804,-5990,1768,8525,3404,0,0
3535,-2652,-5538,1633,7149,3575,0,0
1529,-3283,-4952,923,5659,3377,0,0
-106,-3495,-5216,816,5350,2673,0,0
-1485,-3250,-5279,796,5489,1659,0,0
-2547,-2540,-4932,1884,6727,722,0,0
-2542,-629,-4589,5027,9726,-523,0,0
-1913,1551,-4410,16844,11516,-9168,0,0
74,-5093,-1967,21538,12121,-15736,0,0
3266,-232,3312,5038,13334,-710,0,0
2000,1647,5179,9530,11970,-3058,0,0
978,1522,4762,6899,9545,-306,0,0
709,-1620,4339,2594,5510,3084,0,0
-834,4480,5710,3549,5752,493,0,0
-2083,3115,6178,2667,7716,516,0,0
-2643,510,5793,2235,8542,1172,0,0
-2785,-1832,5922,1507,8589,1393,0,0
-2417,-2806,6258,727,8193,1792,0,0
-1857,-2185,6488,117,7805,1408,0,0
-1204,-783,6706,-471,6761,2031,0,0
-1788,2561,7218,-2058,4325,371,0,0
-2736,4526,6530,-8798,-922,-6639,0,0
-1931,3050,2917,-13601,-6143,-11381,0,0
-142,970,-1231,-11960,-3304,-15199,0,0
2011,-424,-4376,-7547,-137,-11402,0,0
3850,-120,-5981,-2066,2995,-6584,0,0
4709,10,-6566,1310,6909,-3091,0,0
4828,-2752,-6091,3262,10260,-40,0,0
4359,-2772,-6291,3494,10631,1496,0,0
3368,-3906,-6907,2614,9289,2900,0,0
1872,-2458,-6109,1043,7214,3357,0,0
334,-231,-5444,1300,6421,1735,0,0
-501,-797,-5415,1678,5669,1148,0,0
-865,-918,-5244,1377,6235,1751,0,0
-595,1659,-4959,3248,10170,2816,0,0
-386,3652,-5517,8411,10857,2169,0,0
-449,921,-4520,18234,12020,169,0,0
-37,-1377,-2352,23131,9855,-2551,0,0
-124,766,3761,9784,10266,940,0,0
-1808,1310,5730,9415,13423,367,0,0
-1065,-756,4535,5446,10423,1942,0,0
-1136,498,4619,4161,6828,2174,0,0
-2266,1268,5157,3703,7093,663,0,0
-2675,-1303,5799,2234,8556,1125,0,0
-2279,-2659,6405,783,8626,2310,0,0
-2140,-2164,6429,-298,7977,1696,0,0
-1978,-1198,6124,440,7852,1406,0,0
-1643,-512,5991,-284,7253,1994,0,0
-1696,2588,6105,-838,6037,1720,0,0
-2913,5898,6218,-236,4151,-1096,0,0
-3747,4032,4963,-5762,-756,-7862,0,0
-2655,758,2026,-8499,-5249,-11707,0,0
-794,-1495,-1183,-8672,-5234,-15423,0,0
1498,-2147,-3353,-6704,-4039,-11757,0,0
3530,-1066,-4622,-3450,625,-5488,0,0
4428,375,-5340,-921,5451,-1533,0,0
4095,-378,-5363,1169,7993,319,0,0
3379,-3335,-6056,1765,9479,2011,0,0
2605,-4176,-7673,1637,9844,3571,0,0
1638,-797,-7785,1267,9614,4002,0,0
414,1996,-5955,2381,7726,2080,0,0
-291,812,-5148,2620,6492,731,0,0
-598,-1619,-5294,1776,7021,852,0,0
-983,-1835,-5636,4146,10385,1366,0,0
-1136,1572,-5813,9229,11071,2516,0,0
-212,4282,-4820,26011,10522,-2814,0,0
1910,2806,644,14902,8580,2025,0,0
-17671,1047,-12521,-7385,-8143,-1002,0,0
-1811,836,4283,4331,7366,4434,0,0
-3098,2347,4241,4553,6407,2497,0,0
-4034,-536,4598,3529,7826,1998,0,0
-4368,-3429,5525,1609,9939,2874,0,0
-3727,-4776,6006,-180,9224,3138,0,0
-3178,-3036,6357,795,8791,2302,0,0
-2721,-1427,6200,97,8052,2095,0,0
-2381,454,5930,-1167,6383,1401,0,0
-2933,4343,6087,-1833,4225,-1585,0,0
-3374,5868,5321,-3262,-141,-6368,0,0
-2712,1974,3108,-4912,-2532,-12656,0,0
-501,-1783,274,-7757,-4456,-13765,0,0
1344,-1938,-1850,-6575,-4254,-12768,0,0
3467,-2469,-3741,-4190,-2145,-7472,0,0
4700,-964,-4820,-1038,1531,-3006,0,0
4780,-822,-5012,598,5403,-410,0,0
4238,-1971,-5120,1598,8369,1215,0,0
3438,-3915,-6162,2054,8755,1862,0,0
2328,-4482,-7057,861,7898,2652,0,0
1084,-1594,-6230,276,7481,2457,0,0
261,434,-5754,1346,7081,1548,0,0
-308,-583,-5665,1179,6413,1635,0,0
-1042,-249,-5518,1365,8641,1426,0,0
-914,1656,-5380,5457,12733,1530,0,0
-186,918,-6102,11077,12790,985,0,0
808,2141,-4877,24400,10653,-640,0,0
1253,2457,27,20007,9912,1019,0,0
-1168,4150,5283,10835,12731,3613,0,0
-2267,971,5615,5479,12628,3034,0,0
-2319,413,5038,3390,8377,2488,0,0
-3085,471,5156,2679,6453,1626,0,0
-3592,-831,5328,1978,8121,1756,0,0
-3533,-1849,5652,1041,8966,2032,0,0
-3121,-2587,5917,-237,7865,2335,0,0
-2874,-1738,5956,266,8028,2263,0,0
-2685,5,5949,-466,7621,2272,0,0
-2853,2384,5799,-836,5815,2066,0,0
-3987,4024,5025,-127,3810,373,0,0
-5126,3034,3500,-2062,877,-4464,0,0
-4741,1354,2308,-5014,-2001,-11902,0,0
-1979,-1089,800,-6511,-4200,-16515,0,0
854,-1348,-1797,-6231,-2817,-14472,0,0
2762,-269,-3528,-2250,-1535,-10332,0,0
4199,-986,-4587,-677,1254,-4188,0,0
4840,-191,-4786,-168,4992,-283,0,0
5150,456,-4698,346,7873,1948,0,0
768,-833,-1966,21962,9501,-1866,0,0
-82,3306,3909,12264,11044,1740,0,0
-1510,3076,5355,8178,13429,1589,0,0
-1326,1340,5050,5041,10299,2029,0,0
-2156,1245,5151,3615,7082,1509,0,0
-2983,-1000,5424,2363,7626,1444,0,0
-2697,-2259,5798,568,8642,2582,0,0
-2532,-1127,6015,292,7179,2789,0,0
-3125,-724,6024,1159,8502,2061,0,0
-3391,-825,6032,1041,8392,2233,0,0
-3485,-635,5993,295,7787,1995,0,0
-3526,1261,5948,-729,6118,1027,0,0
-3976,3550,5658,-2273,2694,-4346,0,0
-3289,2276,4309,-5756,-1693,-8634,0,0
-1963,918,2139,-7435,-2809,-12769,0,0
-266,-966,-535,-7456,-3575,-13153,0,0
1519,-1615,-2707,-5534,-3411,-10255,0,0
3113,-1028,-3992,-2797,-2219,-7055,0,0
3832,-682,-4913,-456,1396,-3762,0,0
3953,-24,-5045,361,4666,-643,0,0
3847,35,-4764,294,7199,798,0,0
3626,-1992,-5439,880,8245,1330,0,0
2737,-3208,-6556,152,8183,2356,0,0
1807,-1306,-6452,369,8796,2616,0,0
1133,-674,-6120,635,7609,2690,0,0
256,-912,-6157,560,6650,1999,0,0
-791,-16,-6148,-312,9224,2100,0,0
-1123,3534,-6034,5000,14614,1903,0,0
250,3325,-6006,14049,14820,1402,0,0
1589,-2323,-4714,27880,11192,-1137,0,0
1630,-1742,613,15704,10456,-774,0,0
-563,605,5363,8519,12502,1081,0,0
-654,1307,4464,5161,10645,2286,0,0
-1166,302,4390,3628,6708,2957,0,0
-2978,994,5331,3988,6953,1088,0,0
-3368,-1571,6025,2312,9415,1244,0,0
-2925,-1757,6741,967,10839,1864,0,0
-2660,-1488,6961,403,10039,1424,0,0
-2472,-2040,6995,677,9416,1556,0,0
-2190,-1320,6934,-176,8308,1841,0,0
-2276,1611,7000,-1246,5716,2058,0,0
-3386,5316,7076,-2087,3268,-2184,0,0
-2962,4621,5172,-6975,-2761,-8222,0,0
-1645,2237,1286,-6740,-4072,-13255,0,0
-198,-2185,-1882,-6125,-3160,-14950,0,0
2041,-2193,-3118,-5406,-1540,-11201,0,0
4026,-468,-4075,-2797,-372,-6838,0,0
4672,-1054,-5146,-271,3323,-2496,0,0
4217,-1516,-5303,743,7321,894,0,0
3477,-1910,-5545,1423,9731,1447,0,0
2738,-3728,-6724,1955,9801,2426,0,0
1582,-2681,-6957,533,9398,3947,0,0
570,952,-6246,1379,8374,2832,0,0
247,893,-6297,2202,7668,2006,0,0
-22,-184,-6102,2362,6942,1571,0,0
150,604,-5643,4002,8819,1787,0,0
346,2014,-5621,8849,11949,2087,0,0
229,1906,-4779,21043,11183,-291,0,0
490,-1757,-1086,21563,9419,-2273,0,0
18,2256,4570,9256,12825,2331,0,0
-1703,912,5147,7346,12445,1163,0,0
-1298,-591,4527,5170,9670,3117,0,0
-1572,-503,4524,3295,6702,3112,0,0
-2831,1720,4930,2960,7080,1827,0,0
-3849,690,5464,2155,9095,1353,0,0
-4218,-1358,5870,887,9884,1252,0,0
-3858,-2721,6199,367,9575,1487,0,0
-3107,-3268,6438,-2112,8781,1873,0,0
-2444,-1030,6456,-1308,7982,1943,0,0
-2672,5094,7060,-735,5662,740,0,0
-3748,6394,6419,-2536,1571,-5178,0,0
-3397,2823,3285,-7468,-5264,-10749,0,0
-1973,-742,-625,-7807,-4368,-16651,0,0
684,-3223,-3160,-7077,-2602,-15232,0,0
3441,-1386,-4038,-3697,-1146,-8871,0,0
4908,399,-4945,-324,2769,-3948,0,0
5132,-232,-5053,1241,6399,-788,0,0
4439,-2383,-4666,2052,8825,1034,0,0
3393,-4474,-5219,1406,7784,2050,0,0
2099,-3760,-6140,-167,7114,2567,0,0
1145,-325,-5777,463,7527,2621,0,0
673,-254,-5790,2110,6824,1880,0,0
-82,-2425,-5880,1226,6313,1859,0,0
-1381,-1365,-5482,1694,9517,1648,0,0
-1264,774,-5401,4830,11121,1252,0,0
-1180,631,-5517,7755,14945,542,0,0
-1137,849,-4883,19317,11535,-6128,0,0
1295,-375,-2314,20956,9670,-7578,0,0
1735,2860,3979,8695,10766,207,0,0
-781,4963,5666,11036,12326,-849,0,0
-420,-812,5374,4730,11407,2256,0,0
-1503,2780,5728,3870,8089,1541,0,0
-3094,2177,6091,3069,9340,1107,0,0
-3246,-1162,6305,-191,9573,2312,0,0
-3223,-1667,6397,-234,8679,2361,0,0
-3255,-1980,5986,25,8459,1828,0,0
-2797,-1815,5742,-1141,7419,1579,0,0
-2410,529,5748,-1309,6220,2115,0,0
-3024,3730,5807,-135,5880,-278,0,0
-3444,4249,5195,-3150,3095,-4783,0,0
-3218,2623,3589,-5113,-3200,-7395,0,0
-2887,-182,1426,-6504,-3660,-12262,0,0
-1073,-2471,-1389,-7257,-4285,-13405,0,0
1406,-1251,-3293,-4947,-3669,-12118,0,0
3517,-694,-4580,-1104,-1575,-7467,0,0
4577,434,-5089,488,2949,-3177,0,0
4709,947,-4703,976,5133,-792,0,0
4245,-1107,-4337,1382,7179,711,0,0
3813,-3545,-5264,910,8296,2051,0,0
3326,-2051,-6283,134,8107,3210,0,0
2769,-463,-5631,595,7530,2938,0,0
1748,-331,-5695,685,6243,2874,0,0
364,-473,-5624,1094,5681,1549,0,0
-724,-1400,-5110,353,7832,2083,0,0
-1824,312,-5357,3957,13161,1204,0,0
-1036,2239,-5458,8747,13012,2023,0,0
380,948,-5265,26290,11223,-2284,0,0
870,-1606,-1470,18891,9492,1100,0,0
-493,8606,5321,11983,11752,3266,0,0
-2934,3265,5366,6846,13621,2215,0,0
-2652,-497,4894,4241,9550,3238,0,0
-3500,-284,4854,3844,7088,2072,0,0
-4039,-3247,5133,1779,8640,1570,0,0
-3239,-3460,5987,615,8782,2481,0,0
-2522,-2358,6369,220,7931,1894,0,0
-2165,-1852,6184,311,7586,1643,0,0
-1937,-1738,6056,429,6958,2193,0,0
-1646,195,5893,-706,6462,2033,0,0
-1946,3381,5618,-905,4855,777,0,0
-2948,4614,4721,-2429,1421,-3850,0,0
-3045,2532,3280,-4730,-3391,-8637,0,0
-1606,355,1998,-7103,-4064,-12200,0,0
531,446,75,-5981,-5116,-11385,0,0
1874,-700,-2212,-4252,-5268,-10681,0,0
3057,-1762,-3821,-1671,-2327,-7630,0,0
3947,-1706,-4509,-1450,1932,-3396,0,0
4218,-859,-4678,-898,5029,-566,0,0
3969,-2124,-5232,-430,7708,131,0,0
3508,-3631,-6388,-684,9258,1824,0,0
2247,-1223,-6859,-687,9076,2232,0,0
1383,-293,-5977,-11,9787,1693,0,0
535,-254,-6283,206,8930,2117,0,0
58,728,-6355,703,8851,1714,0,0
-15,2315,-6069,1905,11327,2544,0,0
806,2772,-6153,10067,13885,2978,0,0
1221,-2457,-6055,19968,11557,819,0,0
1061,-4263,-2717,24982,8447,-1367,0,0
732,1060,4271,8764,10798,2345,0,0
-1434,4839,5509,10400,13184,-216,0,0
-522,-154,4676,5696,11778,3064,0,0
-1539,2701,4833,4823,8585,2659,0,0
-3252,1784,4769,4481,7514,727,0,0
-3307,-2272,5199,568,8386,2272,0,0
-3160,-1508,5806,-1027,7112,2990,0,0
-3906,394,5610,245,7242,1563,0,0
-4070,-525,4959,-35,7160,991,0,0
-3632,-1838,4770,269,6662,1443,0,0
-3276,-1211,5009,-1448,6347,1591,0,0
-3377,3080,5512,-1330,4694,425,0,0
-3805,4001,5130,-3921,1179,-6259,0,0
-2798,1534,2580,-6680,-4870,-10580,0,0
-3112,-883,-396,-6679,-4381,-15483,0,0
1527,-1864,-2701,-5236,-3203,-12443,0,0
3755,-663,-4041,-1588,-2690,-9739,0,0
5131,-336,-4664,1274,743,-4422,0,0
5300,506,-4419,1296,3507,-138,0,0
4769,-1413,-4091,842,6186,1646,0,0
3298,-4014,-4740,775,7359,2298,0,0
1612,-4639,-6056,422,8585,2065,0,0
967,-3510,-6268,398,8680,3831,0,0
-64,-1012,-6232,292,6747,3165,0,0
-1642,-638,-5865,747,6240,1547,0,0
-2824,-1330,-5306,966,7721,1066,0,0
-2989,-650,-5126,2972,10400,288,0,0
-2154,1012,-5347,10289,14023,-1418,0,0
-1369,-123,-5000,25024,11389,-13735,0,0
1524,-1785,628,15854,11418,-7824,0,0
2138,4761,5075,8968,14683,-900,0,0
745,4295,5304,8806,13076,214,0,0
99,-273,5481,4668,9656,2406,0,0
-979,2306,6018,4478,7961,1161,0,0
-1707,450,6442,2539,9719,782,0,0
-1735,-150,7031,873,10416,2044,0,0
-1778,1456,6803,-2067,8441,2498,0,0
-3047,5332,6396,-1057,7267,1855,0,0
-4279,7142,5233,-109,6296,-885,0,0
-4275,3694,3019,-3320,2791,-2007,0,0
-4442,1055,2126,-3018,-1613,-5678,0,0
-4258,-1230,1494,-3925,-2996,-11496,0,0
-1950,-3080,-418,-6152,-4809,-15260,0,0
1509,-3080,-2086,-4986,-4119,-13611,0,0
4132,457,-2814,-2331,-2291,-8879,0,0
5268,312,-3614,-872,955,-3846,0,0
5033,-1100,-4576,471,4848,-1112,0,0
4193,-2979,-4970,577,7647,1373,0,0
3217,-3787,-5747,622,8568,2110,0,0
2582,-2555,-6862,175,9554,2795,0,0
2360,-753,-6632,585,9584,3242,0,0
1252,-134,-6256,1355,8338,2487,0,0
92,-177,-6316,1303,7503,1742,0,0
-325,264,-5945,2652,7751,1124,0,0
146,1049,-5513,5884,10180,2264,0,0
413,3033,-5006,11511,12249,1707,0,0
1002,365,-3854,25590,9564,-865,0,0
1205,-1001,1026,13729,10086,2364,0,0
-1580,1720,5157,9963,12605,3199,0,0
-2089,1078,4538,6228,12026,2542,0,0
-2237,951,4346,4161,8044,2540,0,0
-3291,1082,4611,3823,6393,1611,0,0
-3517,-1344,5077,1067,7367,2632,0,0
-3694,-1525,5398,725,8400,2604,0,0
-4003,-499,5613,405,8484,2463,0,0
-4174,424,5639,733,8006,1798,0,0
-4147,-581,5337,794,7128,2260,0,0
-4306,-951,4932,490,7537,1688,0,0
-4429,453,4841,-498,6557,-24,0,0
-4662,2580,5240,-4112,1790,-6487,0,0
-3766,1336,4020,-8333,-4417,-12679,0,0
-1150,-330,561,-10171,-4888,-17004,0,0
2071,-1761,-3334,-6954,-2511,-13737,0,0
4213,-988,-4943,-2315,333,-8265,0,0
5128,-926,-5576,871,4039,-3925,0,0
5166,-792,-5461,1601,7509,275,0,0
4830,-349,-4778,1348,8738,2725,0,0
4401,899,-4275,828,7411,3283,0,0
3192,548,-4192,13,6953,3158,0,0
1837,-1116,-4272,-135,6674,2430,0,0
1196,-2289,-5245,1063,5817,1278,0,0
898,-3798,-5902,1499,5987,1603,0,0
-352,-4558,-6105,1819,7892,911,0,0
-1646,-3810,-5989,3907,11340,939,0,0
-2069,126,-5741,9222,13888,-2018,0,0
-649,2700,-4516,25763,13007,-9917,0,0
1786,1172,305,17576,11400,-4027,0,0
264,1753,5684,11570,12534,1720,0,0
-945,1857,5671,6171,11875,1860,0,0
-1702,1972,5657,3999,8238,2427,0,0
-3046,1820,6149,3428,9429,1340,0,0
-3039,-1058,6476,-392,9649,3197,0,0
-3503,-738,6126,-175,8962,2319,0,0
-3878,-750,5739,494,8549,1531,0,0
-3459,-2170,5493,155,7987,1398,0,0
-2616,-1948,5330,-1725,7432,2459,0,0
-2762,3054,5767,-1120,5635,1956,0,0
-4276,4881,5572,-603,3563,-3125,0,0
-4437,1329,3740,-6747,-1837,-9929,0,0
-2441,-777,1020,-7986,-5500,-16780,0,0
401,-2476,-2400,-7237,-3460,-15416,0,0
2799,-366,-3508,-3998,-2187,-10800,0,0
4509,201,-4371,-1188,1139,-5269,0,0
5114,884,-4789,463,5071,-1398,0,0
5006,-398,-4358,1221,7775,1081,0,0
4274,-2645,-4612,1529,8096,2106,0,0
2984,-3481,-5481,286,7416,3395,0,0
1878,-615,-5382,103,7569,2749,0,0
1411,519,-5132,1329,6229,1974,0,0
1012,-430,-5298,1183,5504,1960,0,0
423,-1465,-5427,853,6267,1637,0,0
-463,-1061,-5499,2121,9890,2090,0,0
-892,-23,-5925,7828,13759,1851,0,0
-678,-914,-5679,14149,13837,-952,0,0
237,-2840,-4244,25861,9770,-8694,0,0
1434,410,1579,13981,10359,-3100,0,0
-58,716,5857,9898,13127,-764,0,0
-360,1200,5290,5579,10923,1899,0,0
-1459,3047,5762,4562,8180,1094,0,0
-2780,2190,6035,3263,7779,369,0,0
-3138,-1044,6224,1390,9423,1405,0,0
-2633,-2829,6302,-614,9001,2932,0,0
-2481,-1759,6100,-400,8548,2256,0,0
-2498,-852,5801,-294,7298,1366,0,0
-2337,-631,5530,8,7124,1540,0,0
-2095,712,5499,-1276,5652,2038,0,0
-3049,4059,5528,-23,3148,179,0,0
-4794,3516,5202,-4785,620,-8512,0,0
-3179,-590,2620,-10339,-5321,-14153,0,0
42,-1235,-1164,-9290,-3443,-14860,0,0
2479,-639,-3457,-5069,-3117,-10946,0,0
3465,-1072,-4407,-1324,-1217,-6888,0,0
3959,-772,-4872,-116,2561,-3000,0,0
4202,-370,-4950,392,5677,284,0,0
4078,-748,-5214,911,7327,1638,0,0
3599,-1696,-5768,1338,8088,1683,0,0
2608,-2299,-6220,1149,8368,2560,0,0
1647,-1454,-5637,407,7553,3330,0,0
677,470,-5354,687,6391,1965,0,0
6,-2640,-5417,1144,5662,1543,0,0
-815,-982,-5587,1513,7353,1947,0,0
-794,1004,-5492,7376,11345,959,0,0
-159,-658,-5163,10222,9440,257,0,0
-244,-1486,-3871,17074,9873,-2740,0,0
32,-1437,-1915,16396,9445,-5258,0,0
583,1769,3300,9025,9129,-896,0,0
-143,4728,5195,11289,12081,-2551,0,0
312,1364,4823,7183,11079,1332,0,0
-680,1187,4969,5148,8780,1996,0,0
-2242,1303,5537,4078,7809,958,0,0
-2539,-1066,6208,1312,8797,2555,0,0
-2456,-513,6408,-919,7589,2981,0,0
-3151,747,6055,489,7524,1920,0,0
-3535,-325,5442,-1,7143,1318,0,0
-3505,-897,5050,153,6800,1314,0,0
-3254,-405,5104,-1034,6283,1757,0,0
-3413,2828,5269,-334,4790,185,0,0
-4038,3502,5019,-3629,2231,-6862,0,0
-2878,957,3046,-8325,-4368,-13846,0,0
-551,-1939,-516,-8666,-4267,-16723,0,0
2147,-2004,-3025,-6243,-2628,-11878,0,0
4187,-591,-4276,-2590,-1542,-6800,0,0
4787,-842,-5197,725,2459,-3042,0,0
4436,-1085,-5260,1889,5752,-228,0,0
4136,-1742,-4910,1651,8221,1082,0,0
3645,-2570,-7560,978,8066,2263,0,0
2743,-1752,-5999,600,8339,2438,0,0
1694,-1998,-5524,812,7622,2477,0,0
665,-1907,-5857,893,6295,2265,0,0
-361,-1809,-5896,423,6103,1513,0,0
-1363,-806,-5480,1699,8232,607,0,0
-1699,339,-5136,4575,12351,710,0,0
-1619,1806,-4963,12304,13656,-1511,0,0
-802,-924,-4174,25520,10796,-6482,0,0
1763,-605,250,19860,10908,-2327,0,0
679,215,5091,10956,11531,1013,0,0
-919,271,6019,7114,12258,1863,0,0
-1181,1301,6022,5700,8955,666,0,0
-1722,908,6470,4376,9255,162,0,0
-1849,-1591,6914,1862,10723,1199,0,0
-1239,-2754,6927,62,10273,2607,0,0
-818,-1223,6492,-808,9029,3146,0,0
-1169,898,6146,-1047,7733,2516,0,0
-2145,2438,5961,-317,6909,2127,0,0
-3355,3481,5857,-195,6714,1169,0,0
-4277,4861,5580,-2101,4076,-2348,0,0
-4736,3757,4186,-5953,-2738,-9424,0,0
-3345,-189,1080,-7329,-4575,-17885,0,0
258,-1702,-1658,-7918,-2204,-17065,0,0
3404,351,-2727,-4862,-1972,-11273,0,0
4984,108,-4354,-1654,1937,-5259,0,0
5086,249,-4986,-301,6810,-1148,0,0
4420,-273,-4360,1331,7321,-62,0,0
4117,-3869,-5388,827,9861,1850,0,0
3494,-3546,-7201,444,11283,3308,0,0
3279,-1650,-7074,1108,10876,3563,0,0
2312,-1261,-7334,2303,9241,3150,0,0
260,-2754,-7080,2106,7781,2069,0,0
-1630,-2921,-6122,2982,9053,1404,0,0
-2684,-2449,-5629,6666,11885,-899,0,0
-3004,-2487,-5082,9973,13272,-4295,0,0
-2154,-2884,-2817,-6767,11394,-151,0,0
2279,-4843,1636,4831,14183,-6400,0,0
2460,6491,4125,7087,11903,-1372,0,0
1463,4728,5281,7476,12017,-4139,0,0
1312,1371,5040,4673,7884,-932,0,0
252,1541,6176,4119,7217,1067,0,0
-284,728,7220,1591,10420,1886,0,0
-648,720,7190,-458,8761,3441,0,0
-2047,692,6910,503,8844,2318,0,0
-2251,-471,6480,-405,8785,2049,0,0
-2362,2225,6259,-1088,7436,2317,0,0
-3643,4752,5958,249,6246,1480,0,0
-5353,3848,4958,242,5353,-3873,0,0
-4688,1517,3616,-4623,-806,-10484,0,0
-2701,-1184,1742,-7108,-5117,-15979,0,0
454,-1740,-868,-8189,-3188,-15061,0,0
2874,-331,-2876,-4749,-2729,-11790,0,0
3944,-2433,-4771,-1038,153,-7253,0,0
4476,-2013,-5509,-2328,4242,-1313,0,0
4686,-1,-5203,-110,7334,1380,0,0
4303,-1576,-5526,1207,8985,2097,0,0
3015,-2896,-6399,641,8548,3640,0,0
1601,-1373,-5869,271,7957,3360,0,0
549,-540,-5777,781,7456,2739,0,0
-492,-1149,-6086,1010,6908,1824,0,0
-1375,-1263,-5946,728,7700,1708,0,0
-1785,744,-5680,3311,12652,1746,0,0
-765,2252,-6015,10300,12670,1111,0,0
-201,83,-5218,20512,12124,-3818,0,0
1008,-1129,-2296,23132,11056,-6116,0,0
1386,3121,3811,11398,11165,623,0,0
-517,4988,5930,9835,12567,856,0,0
-681,-141,5391,3834,9901,3269,0,0
-1781,1657,5730,3538,7984,2032,0,0
-2185,-671,6154,3237,9692,2741,0,0
-2017,-2658,6071,-40,9440,3381,0,0
-2951,-437,6737,1216,9149,2070,0,0
-3351,-1072,7109,1132,10452,1805,0,0
-3500,4248,6290,-1851,4942,-1552,0,0
-3548,3972,4852,-5940,365,-7893,0,0
-2682,860,2019,-8382,-5071,-13395,0,0
-918,-1969,-1291,-8214,-3833,-15623,0,0
1272,-2194,-3745,-5439,-2649,-12757,0,0
3433,-951,-4900,-1589,353,-8796,0,0
4755,-179,-5450,-429,4541,-2687,0,0
4928,400,-5521,-203,8495,1121,0,0
4246,-1627,-5847,1314,9500,1726,0,0
3069,-3478,-6778,655,9484,3207,0,0
1941,-1041,-6548,275,9349,3207,0,0
