-251,474,58,3349,-412,740,0,0
-508,719,99,2791,-485,411,0,0
-523,906,129,2469,-221,109,0,0
-12,969,55,3033,27,-769,0,0
1079,478,-232,5386,1449,-3117,0,0
2659,-81,-348,7802,-579,-1701,0,0
-738,-257,24,7058,-629,-316,0,0
-1377,-290,42,4756,131,-553,0,0
-683,-383,-324,3252,-524,-428,0,0
-571,-503,-637,2575,-218,-768,0,0
960,-612,-657,2066,51,-725,0,0
2816,-659,-551,2214,-500,-1265,0,0
3699,-601,-25,3058,-1745,-3760,0,0
3041,-1054,930,6684,-2705,-7744,0,0
1808,-2362,1891,10404,-3918,-9957,0,0
1994,-4074,3057,14232,-4410,-6012,0,0
4103,-3941,4240,14559,-5295,-2821,0,0
5330,-2576,5187,9779,-5798,-1305,0,0
4354,-1074,6002,6575,-5074,255,0,0
1390,-258,6077,6787,-4722,1202,0,0
-1447,-387,6047,9308,-3769,2136,0,0
-2054,-475,6668,10843,-1829,2852,0,0
120,-60,7544,11003,-222,2672,0,0
3881,1280,8162,9714,733,2833,0,0
6196,3219,7563,7853,1359,251,0,0
5701,4000,5913,5291,2930,-4716,0,0
3107,3640,3535,1296,4466,-11570,0,0
-1208,1215,1270,338,10859,-1566,0,0
-2635,-1953,-1536,-6822,7178,-11744,0,0
-5866,-2654,-4107,-5228,7249,-7883,0,0
-5379,-2937,-6810,2115,5415,-4153,0,0
-3924,-2402,-7950,9919,2031,-891,0,0
-7208,-614,-8096,12084,157,759,0,0
-10014,1894,-7127,8815,916,3728,0,0
-8063,4349,-5289,10679,1596,4424,0,0
-3458,6713,-4280,13068,-330,1257,0,0
-1730,7094,-4124,12706,-3972,-172,0,0
-3529,6303,-3086,12142,-541,2986,0,0
765,6815,-1722,14958,413,-1838,0,0
272,6854,-519,21191,1656,-6171,0,0
-1339,6255,-44,26333,6641,-16839,0,0
1901,2598,-1397,18873,-970,-410,0,0
72,-3464,-286,9320,-2446,-8628,0,0
4651,-4475,1225,7027,-4235,-5355,0,0
3834,-4874,4465,10451,-5601,-4212,0,0
441,-6188,5695,15036,-1945,-268,0,0
2683,-6010,7129,16377,-2835,575,0,0
2967,-5301,8651,18186,-2644,2153,0,0
1774,-4505,8904,16872,-186,4133,0,0
4831,-2760,8530,14040,1030,2370,0,0
8082,-793,8045,8567,5014,1454,0,0
10207,2006,6659,942,5923,-2606,0,0
7094,3936,3888,-5381,5154,-12244,0,0
-3157,2518,57,-9683,8290,-18396,0,0
-4970,-481,-1688,-6919,10380,-14507,0,0
-4796,-2180,-3249,-982,9218,-4895,0,0
-5130,-1950,-6095,7683,9175,-1413,0,0
-2463,-523,-7317,11890,2814,328,0,0
-3403,809,-6494,10035,740,1897,0,0
-6260,2523,-5629,11342,233,2460,0,0
-6104,4756,-5276,12289,350,2192,0,0
-3230,6156,-5355,12966,-131,920,0,0
-986,5911,-5545,13619,-1637,1828,0,0
718,6266,-4983,14721,-4205,-1308,0,0
-863,6506,-3210,19640,470,-2133,0,0
1295,7078,-2365,21884,-2906,-10468,0,0
-1664,4502,-3233,24771,-2212,-22160,0,0
3003,371,-653,12352,-11172,-16871,0,0
-163,-3610,1910,5665,-4962,-4176,0,0
1755,-3901,3100,7339,-6251,-3862,0,0
1430,-4225,5422,10412,-5607,-948,0,0
-625,-4751,6921,12590,-3160,1453,0,0
-1085,-4764,7708,14362,-3148,2046,0,0
-1238,-4751,7613,14919,-3037,2421,0,0
895,-4382,7548,14865,-3007,2320,0,0
5378,-2778,7995,11966,-2531,2688,0,0
9817,764,8609,6423,-1672,713,0,0
9248,3684,8760,-439,2164,-4717,0,0
4476,4733,5600,-5929,4573,-13105,0,0
-2302,3783,284,-3051,7346,-18720,0,0
-4158,-77,-2897,2975,8766,-15316,0,0
-313,-2980,-3643,9765,8458,-5699,0,0
-2463,-3113,-5397,9808,5959,-2588,0,0
-7328,-1801,-6633,11113,4411,3187,0,0
-4739,1539,-6790,13792,1536,4215,0,0
-2231,3332,-7773,14558,-3217,3744,0,0
-2710,4266,-8941,15016,-5342,4367,0,0
-906,5525,-8157,14013,-5613,2601,0,0
-235,5781,-6347,14282,-5253,2123,0,0
247,6258,-4617,18395,-4120,-1149,0,0
455,6497,-3354,21724,-2562,-7622,0,0
-472,4945,-3227,25798,-1865,-21064,0,0
2205,354,-886,16481,-11505,-18970,0,0
517,-4277,1305,8703,-3522,-4971,0,0
3928,-3932,3522,7882,-5872,-3702,0,0
1644,-3826,6427,11018,-5941,-2011,0,0
-1280,-4736,7675,14718,-3675,1243,0,0
-901,-5078,7989,16248,-1940,1857,0,0
1081,-4287,7428,14544,-879,3726,0,0
3501,-2798,7593,13204,-208,3153,0,0
6472,-1301,7416,8654,4956,1526,0,0
9647,1638,7403,-2689,6838,-5113,0,0
4851,3011,5096,-7532,7537,-11615,0,0
-1837,2820,1074,-7644,9825,-13655,0,0
-4307,1174,-2315,-2593,9898,-13776,0,0
-3174,-358,-4102,965,5576,-6542,0,0
-3725,-1070,-5039,6696,4626,-2070,0,0
-2734,-765,-7000,10244,4293,1986,0,0
-2817,624,-4936,9578,1597,3917,0,0
-3614,2403,-5758,11247,-245,5803,0,0
-2831,5149,-7147,12873,-3442,4057,0,0
-2576,7164,-7543,14796,-6882,2379,0,0
-2807,8301,-6241,14974,-6896,646,0,0
-1242,7953,-3719,14789,-4863,-2073,0,0
2003,6711,-2000,17292,-3729,-3257,0,0
3577,6139,-2049,24589,-2760,-7502,0,0
1296,4723,-2351,23816,2408,-20368,0,0
2113,307,-1364,9546,-1795,-14402,0,0
-5533,-4195,1229,6284,-1716,-4732,0,0
738,-4390,1848,7243,-4336,-5148,0,0
1717,-5341,4826,11831,-5908,-3696,0,0
-715,-6400,6459,15247,-4316,-3160,0,0
-1467,-6820,7102,16709,-4994,685,0,0
-1766,-6883,6882,16652,-4758,1234,0,0
15,-6487,6342,14653,-4065,2275,0,0
3619,-5239,6401,13569,-2327,2919,0,0
7725,-3586,6587,9668,3198,2753,0,0
10889,38,7949,-160,8368,-2707,0,0
5277,1589,5992,-7698,10621,-16407,0,0
-3198,934,-269,-2463,14428,-17790,0,0
-3360,-928,-2910,-485,7027,-6712,0,0
-6250,-1371,-4649,3727,6274,-2159,0,0
-5923,-501,-6482,9186,4301,1315,0,0
-3125,1587,-7134,9781,-32,1384,0,0
-4132,2630,-6773,9115,-868,2354,0,0
-3986,3983,-5978,10133,-1161,2936,0,0
-2451,5306,-5611,10796,-1577,2638,0,0
-1833,6051,-5362,11224,-2641,1663,0,0
-1101,6287,-4362,12511,-3488,922,0,0
-818,6123,-3331,14852,-3398,669,0,0
1009,6432,-2365,19304,-1693,-410,0,0
2563,7232,-2172,25092,-2207,-10345,0,0
2303,5238,-2258,24918,-2399,-23177,0,0
3688,116,-239,10626,-1413,-17692,0,0
-1392,-4621,2308,6592,-2907,-4329,0,0
3728,-4246,3549,7466,-5496,-4205,0,0
972,-4875,5601,12897,-5503,-2590,0,0
-918,-5813,6141,15842,-1977,544,0,0
410,-5544,6569,16730,-2116,1160,0,0
1205,-5218,7079,17162,-898,2423,0,0
2461,-4175,7538,16432,-339,2787,0,0
4744,-2518,8119,14090,1720,2991,0,0
8930,393,8600,7365,4417,1604,0,0
10833,4370,8515,-2346,4531,-5451,0,0
4136,5220,5305,-7610,5431,-14641,0,0
-4060,3063,1002,-3077,13919,-22823,0,0
-2322,-874,-2389,443,8295,-12096,0,0
1402,-1713,-3002,4391,2577,-2543,0,0
-2262,-2058,-4014,8223,3698,-501,0,0
-6928,-1567,-5627,8691,1532,-31,0,0
-5037,-437,-6576,8907,423,2114,0,0
-3251,907,-7249,9680,160,4134,0,0
-2204,2096,-8060,11144,-661,3744,0,0
-195,2809,-8950,13831,-516,3592,0,0
2821,3046,-9656,15256,-3189,3224,0,0
1319,3054,-8916,17989,-5405,2539,0,0
-628,4002,-6968,18140,-5807,172,0,0
-2240,4907,-4975,24477,-6293,-5682,0,0
-3168,4290,-3936,23520,-8917,-18349,0,0
-1624,528,-1676,12978,-8145,-20311,0,0
-31,-2821,1595,5196,-5529,-4311,0,0
2113,-3171,3044,3865,-3026,-1215,0,0
1448,-2783,4687,6826,-4841,-965,0,0
-2086,-3548,5399,9502,-2463,-141,0,0
-2038,-4135,5459,9854,-2207,343,0,0
-1069,-4369,6028,11003,-2073,1232,0,0
-838,-4336,6093,11368,-2724,728,0,0
-882,-4346,5997,11453,-3071,832,0,0
548,-4012,5642,9887,-2259,190,0,0
4421,-2980,5652,4508,-425,1636,0,0
8584,111,7011,-3304,1712,54,0,0
8837,3571,6947,-7968,995,-6247,0,0
1709,4248,3316,-4093,3678,-11966,0,0
-2824,2328,345,256,6653,-13389,0,0
-1762,-502,-517,3840,8482,-11735,0,0
-1239,-2766,-1895,4978,6291,-3778,0,0
-1063,-2828,-3612,5700,5235,-1164,0,0
-256,-2199,-4354,6315,2231,51,0,0
-2580,-1934,-5146,7378,196,1677,0,0
-4746,-885,-6551,8386,-207,2005,0,0
-4722,653,-7264,9030,-1467,2152,0,0
-3945,2049,-7330,10107,-1648,2415,0,0
-1361,3173,-7055,11368,-2363,2258,0,0
-814,3915,-6437,12862,-3927,1736,0,0
-1374,5344,-6112,19670,-3325,728,0,0
664,7106,-5333,27339,-6336,-3878,0,0
-304,7165,-4124,26042,-10672,-15540,0,0
-528,2361,-2322,15033,-10928,-17153,0,0
3367,-2447,1027,5548,-8321,-6295,0,0
2437,-2909,3086,4327,-6018,-1353,0,0
-1704,-2840,4604,6318,-5186,-303,0,0
-4283,-4015,4864,9457,-3013,-325,0,0
-1894,-4643,4890,10567,-2093,430,0,0
285,-4342,5871,11457,-2961,786,0,0
-455,-4374,6325,12557,-2078,1064,0,0
323,-4259,6279,12204,-1596,1637,0,0
2399,-3680,6366,11054,-685,1790,0,0
6272,-1920,6763,6347,292,2122,0,0
8904,1354,7461,-168,1581,-659,0,0
7736,4156,6482,-6802,2015,-6084,0,0
1327,4646,2631,-4456,2876,-15697,0,0
-4532,1744,-663,-1699,8785,-17964,0,0
-790,-756,-1527,697,6322,-11767,0,0
-3380,-2203,-2237,3887,5465,-3728,0,0
-2407,-2268,-3666,6131,5432,-420,0,0
417,-1808,-6824,6202,1677,912,0,0
-1040,-1749,-5695,6332,-217,1165,0,0
-3231,-1251,-6935,8100,-302,2099,0,0
-3367,340,-7574,9253,-1512,2243,0,0
-3606,1623,-7231,8575,-2413,1579,0,0
-3103,2264,-6034,7859,-2538,1427,0,0
-564,2957,-4968,7286,-3241,1917,0,0
1328,3729,-4244,11184,-3261,1288,0,0
646,4794,-4065,15246,-3573,-1020,0,0
-2166,5517,-4534,19993,-4562,-4447,0,0
-2919,5475,-4089,20772,-6525,-12053,0,0
-4854,2828,-2062,17543,-3200,-367,0,0
-547,-1290,217,9506,-5675,-9750,0,0
-403,-3582,1749,6186,-2812,-4356,0,0
2741,-3925,2956,5039,-3926,-3282,0,0
1168,-4128,4627,8353,-3644,-304,0,0
-2315,-4688,4602,10004,-2641,1002,0,0
-2728,-5109,4316,10249,-1877,650,0,0
-663,-5133,4405,11248,-2200,295,0,0
668,-5080,4991,11716,-1584,1396,0,0
2004,-4567,5875,11329,-1013,1817,0,0
4621,-3613,6665,9209,1162,2133,0,0
7532,-1396,7276,3011,3025,1049,0,0
8115,1148,7193,-2678,3525,-1178,0,0
5583,3796,5415,-6448,4945,-9482,0,0
-2109,2792,849,-3968,6745,-13700,0,0
-2804,-152,-1533,-2911,10884,-16840,0,0
-487,-2118,-2320,-2935,4443,-7912,0,0
-3144,-2629,-3610,-191,4957,-3405,0,0
-3139,-2359,-5085,3978,3377,-757,0,0
-2880,-1837,-5869,7529,697,932,0,0
-3745,-773,-6546,8052,44,708,0,0
-3783,559,-6495,6460,-958,1116,0,0
-3831,1645,-5747,6798,-819,1632,0,0
-3535,2702,-5200,7961,-326,1398,0,0
-2036,3545,-4794,7332,-756,1008,0,0
-184,3838,-4362,7060,-516,997,0,0
1526,3910,-3804,9722,-1327,1211,0,0
1950,4154,-3735,13322,-2477,-923,0,0
-249,4345,-4727,14149,-5338,-3288,0,0
-3035,4245,-4487,19113,-4015,-6076,0,0
-2620,3821,-3147,18046,-5985,-18968,0,0
1922,449,-1161,13356,-5387,-16956,0,0
4209,-1664,2441,12391,-5550,-3382,0,0
3276,-1901,4623,8980,-3973,-1763,0,0
1938,-1816,5541,6575,-2529,-882,0,0
26,-2130,5710,6935,-1902,1386,0,0
-1880,-2347,5669,7783,-1299,1803,0,0
-2207,-2511,5970,9039,-744,1059,0,0
-1365,-2592,6248,9497,-633,989,0,0
-838,-2591,6337,10158,-423,1621,0,0
12,-2454,6187,9837,266,1782,0,0
3031,-1671,6062,6999,373,2358,0,0
6030,352,6051,3122,-1179,1108,0,0
6492,2541,6310,-141,-423,-632,0,0
5423,4265,5975,-1470,2087,-4988,0,0
1158,4086,3623,-2038,3839,-11671,0,0
-1311,780,385,-237,10781,-19368,0,0
-278,-1799,-1950,-3063,1595,-11663,0,0
-4955,-3315,-3159,-4084,3282,-6948,0,0
-2261,-3394,-4309,-2494,4275,-3393,0,0
977,-2852,-4578,1396,1215,-1313,0,0
-824,-2764,-4757,5966,-63,-110,0,0
-5057,-2086,-5788,9344,-676,1117,0,0
-7616,-78,-7112,7874,-827,1354,0,0
-6219,1881,-6928,7007,-951,895,0,0
-4336,2826,-5796,7262,-956,1584,0,0
-3190,3533,-5117,7246,-784,1270,0,0
-1892,4006,-4405,6360,-1564,267,0,0
-1519,4035,-3561,6076,-1948,-294,0,0
-1014,3911,-2789,8144,-1910,-1596,0,0
-952,3663,-2123,11073,-30,-2957,0,0
-1457,3857,-1182,14266,252,-6178,0,0
-3332,3336,117,19964,3069,-12107,0,0
-2567,1135,-30,15249,4165,-19316,0,0
1992,-1475,-339,8022,-1739,-7461,0,0
2490,-2684,326,5326,-3395,-3533,0,0
3069,-3076,1694,4761,-3930,-3983,0,0
1944,-3681,3507,8036,-4062,-3011,0,0
1232,-4333,4934,10497,-1523,-1156,0,0
1834,-4451,6050,11546,-723,28,0,0
2275,-4151,6992,13014,-321,660,0,0
2197,-3670,7375,13615,962,1087,0,0
2703,-2852,7590,13105,1476,1534,0,0
4741,-1407,7621,9686,3106,2606,0,0
8977,1684,7389,2728,3027,1361,0,0
8719,4980,6992,-4635,1249,-5179,0,0
1276,4922,3950,-6391,3630,-11683,0,0
-4644,2527,572,-4886,7460,-14114,0,0
-3358,60,-1079,-4850,8204,-13456,0,0
-1673,-1223,-1714,-2766,5202,-6919,0,0
-1010,-1161,-2618,869,4991,-3737,0,0
-577,-1725,-3985,4825,2827,-1598,0,0
-2236,-1935,-5205,6350,1361,421,0,0
-3688,-978,-6000,5570,998,288,0,0
-4117,60,-6291,6185,-153,548,0,0
-4780,1153,-6397,6838,-424,2162,0,0
-4550,2697,-6042,7854,-974,1478,0,0
-4164,3668,-5267,7649,-1456,864,0,0
-3028,4218,-4236,7161,-1696,126,0,0
-1657,4567,-3089,9177,-1913,743,0,0
428,5403,-2678,13148,-1340,-960,0,0
-194,5932,-3023,17380,-1292,-2829,0,0
-1626,6133,-2655,19920,579,-8539,0,0
-3265,4821,-962,18403,3742,-19960,0,0
2046,595,25,13176,274,-19591,0,0
547,-3532,726,11442,-1521,-7578,0,0
4237,-4495,661,7929,-1448,-3745,0,0
5772,-4264,2674,7361,-4327,-2362,0,0
1963,-4602,3943,9077,-1681,906,0,0
326,-4426,5052,9883,-951,1360,0,0
539,-4297,5989,11404,-206,966,0,0
972,-4080,6219,12033,261,1458,0,0
1528,-3716,6176,10874,883,2030,0,0
3928,-2774,6509,9633,1162,2936,0,0
8172,-340,7075,7384,1860,2629,0,0
9800,3083,6674,2417,190,-2445,0,0
5033,4351,5570,-4223,3558,-10687,0,0
58,2622,3272,-8026,6338,-14395,0,0
-2345,930,580,-8350,8764,-15610,0,0
-1726,-1030,-1905,-5679,7274,-9749,0,0
-466,-1883,-3364,-765,3574,-5074,0,0
-772,-2254,-4147,3730,1831,-2580,0,0
-2090,-2311,-4522,6594,1376,-53,0,0
-3884,-1415,-4876,5774,1185,731,0,0
-4017,-343,-4796,5349,913,1369,0,0
-3071,692,-4793,6109,334,1681,0,0
-2577,1638,-5421,6303,-749,1571,0,0
-2294,2327,-5895,7589,-1293,1482,0,0
-520,2674,-5889,8771,-1986,741,0,0
1076,3041,-5351,8377,-3513,-320,0,0
-2041,3383,-5029,10010,-3559,-914,0,0
-3446,4414,-4206,14637,-1218,-1674,0,0
-1940,5385,-3440,17659,-1909,-6235,0,0
-3348,5023,-2491,18226,-3630,-11599,0,0
-2409,2138,155,15632,2946,-19548,0,0
3962,-1260,2140,10731,-6416,-9294,0,0
1128,-3409,1549,7552,-2351,-2346,0,0
2303,-3122,1714,4693,-4828,-3318,0,0
14,-3845,3066,6456,-3767,-2263,0,0
21,-4591,3764,9161,-2453,-432,0,0
1507,-4478,5095,10823,-2237,758,0,0
1385,-4133,6498,12654,-1340,1300,0,0
1046,-3600,7157,13290,-1038,2029,0,0
1056,-2693,7466,12663,176,2551,0,0
3411,-1488,7872,10808,2062,2417,0,0
7011,529,7912,5962,2335,474,0,0
7519,2540,6987,-1103,3408,-4322,0,0
5851,3669,5155,-7230,3780,-11275,0,0
-1164,2787,1644,-8722,6375,-18379,0,0
-3179,27,-1552,-3703,10771,-17443,0,0
-771,-2636,-3268,170,4961,-8409,0,0
-658,-4017,-4729,5131,4846,-4299,0,0
-712,-4352,-5111,8766,2516,-2405,0,0
-4423,-3869,-5324,8438,1415,-1218,0,0
-7391,-2737,-6297,8797,1299,631,0,0
-7373,-731,-7376,10508,1039,1717,0,0
-6241,1663,-7380,10524,547,1706,0,0
-4240,3336,-6235,9378,-789,916,0,0
-2394,4154,-5082,8435,-1400,-159,0,0
-1850,4262,-4455,10167,-2145,-721,0,0
-1823,4226,-4410,13998,-1373,-1853,0,0
-2967,4674,-3379,18720,-2195,-4209,0,0
-4547,5212,-740,20981,2721,-9902,0,0
-2410,3932,787,19763,6777,-22323,0,0
1458,-790,-28,10609,-2893,-12674,0,0
2346,-3434,1347,7823,-2859,-4048,0,0
6076,-3031,2955,5564,-3802,-2678,0,0
2930,-2745,5001,7923,-3851,-1049,0,0
-476,-3394,6015,10235,-652,515,0,0
-54,-3639,6351,10328,-201,1112,0,0
-58,-3723,6506,11507,15,1069,0,0
-854,-3912,6234,11739,883,1791,0,0
179,-3630,6062,10516,1511,2625,0,0
4022,-2381,6529,8761,1668,2607,0,0
8156,-45,6951,5909,1817,1852,0,0
9173,2897,6816,322,1321,-1668,0,0
5949,4508,5857,-4541,2773,-6739,0,0
-38,3842,3498,-6100,6157,-13305,0,0
-3941,1459,-218,-5288,9235,-12017,0,0
-380,-364,-1837,-3004,8634,-15702,0,0
-946,-1935,-3465,-2012,6512,-10004,0,0
480,-2253,-4366,1512,4042,-4852,0,0
1955,-3045,-4453,5405,900,-1952,0,0
39,-3659,-5234,7769,115,758,0,0
-2580,-3373,-6625,9442,-222,1910,0,0
-5120,-2078,-7767,10186,-670,1995,0,0
-6425,-315,-7734,9306,-751,1479,0,0
-5478,1324,-6373,7686,-587,2360,0,0
-3073,3072,-4795,6962,-925,1670,0,0
-1025,4006,-3850,5497,-1879,-158,0,0
-1023,4061,-3260,6656,-3501,-1301,0,0
-1093,3411,-2792,11822,-2038,-716,0,0
-511,3777,-2700,13075,-2227,-4677,0,0
-2612,3413,-2173,16243,-2824,-8239,0,0
-6462,1735,-910,15444,2550,-15394,0,0
-2342,-1004,-203,12018,7787,-14462,0,0
5884,-2019,399,8999,-393,-4903,0,0
7223,-2587,1680,5563,-4715,-3528,0,0
4670,-2950,3103,5312,-4271,-2888,0,0
2250,-3078,4535,7732,-2739,-988,0,0
939,-3193,5556,9722,-1401,302,0,0
392,-3197,6358,10975,-1121,985,0,0
-110,-3208,6624,12134,100,1580,0,0
452,-2881,6837,11758,1004,1595,0,0
2711,-2052,7129,10553,1836,2113,0,0
7391,196,7440,7713,2452,2601,0,0
10335,3992,7007,841,-715,-175,0,0
5916,5909,5889,-3921,-690,-6070,0,0
609,4887,3782,-4603,2122,-11904,0,0
-2576,2220,469,-3115,10641,-21016,0,0
177,-1665,-1739,-2495,3045,-17073,0,0
-542,-3328,-2320,-874,3386,-7413,0,0
393,-3838,-2568,1903,2859,-4120,0,0
-294,-5060,-3462,6177,1302,-1322,0,0
-1892,-5025,-4625,8400,-364,939,0,0
-4978,-4100,-5545,7631,-854,1993,0,0
-6745,-2484,-5789,7058,-99,2163,0,0
-6465,-418,-5889,6996,227,2215,0,0
-5134,1484,-5721,6399,-219,1820,0,0
-4339,2716,-5272,5711,-727,1129,0,0
-3922,3461,-4437,6132,-1006,1100,0,0
-2473,4036,-3173,9464,-1072,608,0,0
-1121,4750,-2644,13079,-2505,-1214,0,0
-1027,5209,-2602,17737,-3298,-4340,0,0
-1969,4904,-1778,20266,-4997,-10156,0,0
-3630,2720,-318,17555,1695,-22162,0,0
730,-1223,-239,10520,222,-13395,0,0
2307,-2876,636,8893,-5389,-2890,0,0
667,-3562,1096,6057,-4605,-3030,0,0
871,-4030,3357,7272,-4141,-3409,0,0
1176,-4684,5567,11386,-2719,-1429,0,0
1151,-5074,6668,12950,-327,777,0,0
2354,-4746,6780,12882,-56,638,0,0
1785,-4222,6859,13869,-348,1291,0,0
572,-3679,6658,12267,1838,3861,0,0
3098,-2399,6119,8812,2939,3251,0,0
7594,-518,6529,5581,4329,2383,0,0
9921,2903,6610,-3239,5162,-1801,0,0
5933,1065,5369,-8998,5118,-12645,0,0
-3492,2615,455,-8251,8689,-13805,0,0
-2086,287,-1923,-4924,7362,-13988,0,0
86,-524,-1856,-2515,2317,-8071,0,0
-1761,-973,-2389,1102,2768,-4528,0,0
-2093,-1600,-3700,3726,2527,-1747,0,0
-2592,-1881,-5199,5795,766,429,0,0
-3644,-1268,-6193,5799,83,550,0,0
-4421,-439,-6232,6164,469,1271,0,0
-3997,837,-6184,6591,340,1648,0,0
-2614,2133,-6137,6623,-200,1465,0,0
-1300,2867,-5994,7724,-1006,1068,0,0
-1067,3025,-5830,9461,-1954,853,0,0
-1332,3316,-5413,9561,-2190,340,0,0
-1583,4140,-4516,10221,-2571,-118,0,0
-1670,5120,-3544,18700,-1553,-1205,0,0
-3021,5884,-2668,22127,-1944,-9259,0,0
-5741,4207,-1806,20699,3729,-19471,0,0
356,191,-1626,10077,1189,-17002,0,0
2382,-2754,1499,7788,-4300,-4295,0,0
2667,-3312,2182,5890,-2737,-3094,0,0
2523,-3360,3765,7305,-3523,-2688,0,0
982,-4113,4993,10184,-1408,-1431,0,0
208,-4707,5656,11471,-443,-100,0,0
455,-4925,6253,12381,666,1325,0,0
896,-4648,6272,12694,938,788,0,0
1731,-4450,6312,11768,974,1562,0,0
3181,-3531,6618,9658,1615,2817,0,0
6735,-1440,6883,5457,2544,2894,0,0
8223,1749,7058,-642,1586,-1060,0,0
5655,2970,6400,-8287,7706,-6419,0,0
2216,3359,3147,-10334,7873,-13621,0,0
-3738,1348,-1242,-5278,9412,-15034,0,0
-1649,-675,-2903,-1310,5554,-9724,0,0
589,-1853,-2853,2037,2874,-4681,0,0
-854,-2646,-3422,4585,1889,-2008,0,0
-2903,-3066,-4355,6183,2294,-163,0,0
-4082,-2122,-5375,5719,1032,1054,0,0
-5032,-644,-5872,6445,460,2014,0,0
-5476,3099,-5557,7639,-955,1777,0,0
-3581,4098,-4985,9036,-1807,1892,0,0
-1081,4854,-4331,9215,-3258,222,0,0
-698,5116,-3495,8434,-3487,-180,0,0
-306,5660,-3279,13754,-2275,-2166,0,0
-1564,5840,-3703,19800,-1555,-4391,0,0
-2805,5626,-3121,19146,-355,-8361,0,0
-3034,4088,-1385,18021,3133,-18622,0,0
2540,218,481,10810,-2586,-14416,0,0
2134,-3159,1456,10159,-2242,-3078,0,0
5401,-2968,1305,6171,-3975,-2226,0,0
3249,-2584,3263,5468,-4898,-1467,0,0
-403,-3162,4416,7478,-2195,-286,0,0
780,-3472,5191,8319,-1072,782,0,0
1456,-3029,6119,9127,-1349,812,0,0
-175,-2910,6551,9959,-667,1491,0,0
-987,-2849,6414,10199,-188,1994,0,0
-392,-2675,6294,9988,29,2102,0,0
2243,-2158,6458,8575,1201,2714,0,0
6739,82,6538,2822,1167,1497,0,0
7526,3070,6764,-1578,-81,-2349,0,0
4186,4287,5473,-5608,2388,-8926,0,0
-1101,3244,2181,-5579,2998,-13009,0,0
-2542,876,-30,-2903,8760,-16748,0,0
55,-1197,-1060,-2742,5138,-14348,0,0
-3323,-2769,-2278,-1045,4504,-7708,0,0
-1756,-3102,-3692,2762,4109,-2667,0,0
144,-3570,-4808,6307,525,187,0,0
-2222,-3538,-5734,7248,-445,1588,0,0
-5923,-2256,-6409,6287,-1102,1779,0,0
-8344,-303,-6099,5386,-929,2062,0,0
-7926,1798,-4993,5252,-98,2115,0,0
-5254,3439,-3722,6126,438,1794,0,0
-1991,4517,-3109,7480,599,1837,0,0
-58,5211,-3714,8814,94,26,0,0
-778,5150,-4389,9948,-260,-591,0,0
-3380,5242,-3974,12593,686,-2073,0,0
-2576,5673,-2191,18514,1914,-5204,0,0
-843,5562,-235,18677,-1100,-13777,0,0
-1959,2652,912,15272,1581,-20788,0,0
2214,-851,85,11151,-1950,-14842,0,0
3553,-2805,872,10115,-5327,-2953,0,0
2196,-2771,2873,7249,-6649,-1565,0,0
-283,-2822,4785,6903,-5431,-1321,0,0
-1383,-3567,5536,9400,-3831,-614,0,0
-1274,-4231,6080,12057,-2251,428,0,0
-631,-4376,6113,12975,-643,1343,0,0
393,-3907,6034,12146,-844,1171,0,0
-502,-3536,6212,12491,-399,1638,0,0
-1133,-3684,5822,11112,940,2033,0,0
2844,-3282,5748,7206,4055,1938,0,0
9155,-836,6929,181,4378,734,0,0
9145,2025,7978,-4462,6762,-4749,0,0
2004,2947,4974,-3897,12697,-14751,0,0
-3401,-318,-1181,-5368,11547,-12354,0,0
-2373,-1167,-3275,-4420,6441,-6929,0,0
-218,-1559,-4198,-1228,5397,-5110,0,0
581,-2303,-5121,2650,1814,-1885,0,0
-1411,-2448,-5971,6147,128,-165,0,0
-4793,-1668,-6698,8179,-444,918,0,0
-7060,217,-6670,8117,-221,1747,0,0
-6566,2334,-5456,7196,276,2066,0,0
-4203,3757,-4104,7167,-121,1542,0,0
-1937,4325,-3864,7823,-772,1287,0,0
-123,4507,-4702,8139,-1678,935,0,0
885,4347,-4743,10249,-2271,-23,0,0
275,4637,-3620,11469,-4102,-2086,0,0
-389,4849,-2476,15841,-2164,-4623,0,0
22,4647,-1655,17127,-3773,-8569,0,0
-2381,3208,-925,15979,-2433,-21134,0,0
-93,-516,-94,12531,519,-17365,0,0
3634,-2509,1166,10596,-3345,-3911,0,0
2369,-3191,2216,6352,-2504,-3595,0,0
2615,-3542,3286,5852,-2897,-2761,0,0
2010,-4032,4141,8268,-2477,-1171,0,0
1054,-4342,4723,9638,-1040,236,0,0
1331,-4098,5456,10320,73,648,0,0
1694,-3527,5993,11308,-30,1437,0,0
1848,-2656,6636,11208,558,2056,0,0
3199,-1682,6960,10262,1930,2348,0,0
6652,264,7290,6547,2904,2426,0,0
8688,3264,6942,1169,665,-1086,0,0
5168,4323,5670,-4446,2591,-6165,0,0
827,3477,3398,-8672,3836,-12592,0,0
-2717,1449,746,-7783,5783,-13297,0,0
-979,-183,-528,-6830,5786,-11297,0,0
-204,-1832,-2200,-3610,4137,-8372,0,0
-598,-2680,-3143,812,3559,-4663,0,0
669,-2959,-2530,3970,2532,-1268,0,0
-130,-2747,-2358,5122,1728,74,0,0
-3063,-2331,-3388,5439,1099,665,0,0
-5804,-1511,-4834,6316,1046,1724,0,0
-5797,99,-6095,7234,1364,1855,0,0
-4522,1400,-7268,8266,599,1953,0,0
-3685,2417,-7913,9026,-1094,1282,0,0
-2018,2742,-7047,8346,-2386,-1578,0,0
-1196,2933,-4862,8297,-3331,715,0,0
-2680,3891,-3603,12535,-1714,-903,0,0
-591,4627,-3595,17405,-4129,-2859,0,0
-3723,4721,-4279,21123,-4738,-9049,0,0
-6596,3889,-2561,18248,-4143,-21437,0,0
-3247,-114,-134,11580,2858,-21793,0,0
4235,-3215,1442,9027,-3643,-6627,0,0
5192,-4171,3062,7322,-3194,-2728,0,0
3463,-3693,4888,7236,-2653,-408,0,0
-765,-3747,5477,8818,-1277,1303,0,0
-1323,-3855,5274,9073,-1372,1543,0,0
-500,-3945,5201,9974,-1083,1327,0,0
343,-3848,5020,9962,-745,1583,0,0
1217,-3489,5212,9752,-484,2192,0,0
3283,-2531,5690,8817,133,2326,0,0
6645,-472,6577,5170,-238,1256,0,0
6603,2146,6919,-644,-461,-1745,0,0
5176,3549,6814,-7632,3805,-8320,0,0
1195,2609,3852,-10138,5816,-9946,0,0
-697,1534,605,-5093,8749,-15750,0,0
887,-882,-987,-1512,4499,-14145,0,0
-3093,-2968,-3920,1223,3663,-3729,0,0
-2446,-3352,-2330,4831,7746,-1130,0,0
634,-2588,-2922,6083,3064,-349,0,0
-2514,-1750,-3514,6822,947,967,0,0
-6363,-437,-5035,7954,-188,2268,0,0
-7011,1613,-6464,8518,-694,2806,0,0
-5606,3637,-7017,9259,-1191,2376,0,0
-4062,5017,-6825,9820,-2528,1085,0,0
-2980,5690,-5790,10273,-2627,702,0,0
-1693,5786,-4923,11871,-1923,-1155,0,0
90,5710,-4967,15966,-3143,-3734,0,0
584,5999,-4243,23057,-5287,-8444,0,0
-2660,5395,-3928,22958,-2974,-14736,0,0
-2556,2249,-324,15832,937,-1047,0,0
1834,-1355,1010,8248,-3559,-10590,0,0
2409,-3180,3587,6861,-5050,-3790,0,0
2451,-3926,4467,7071,-1900,-3355,0,0
2685,-4261,5411,9911,-2244,-936,0,0
402,-4188,6534,10863,-1790,984,0,0
-801,-4138,7051,11366,-1337,2213,0,0
-597,-3839,6439,11673,-2162,2845,0,0
-226,-3592,5981,11245,-1151,2474,0,0
2148,-2776,6301,9969,-825,2920,0,0
4108,-1080,7006,8260,-8,2781,0,0
5754,785,7053,2722,3119,-1143,0,0
7290,2755,7579,-2553,5040,-5015,0,0
1574,4114,5747,-6761,9141,-15329,0,0
-4728,1052,544,-3361,16596,-20852,0,0
-1403,-1894,-2189,-1566,7304,-9236,0,0
-1191,-2332,-2771,1165,3508,-2047,0,0
-1996,-2187,-3687,4446,1817,256,0,0
-4287,-1784,-5600,6952,892,1525,0,0
-4691,-201,-7798,8111,-73,2458,0,0
-4509,1763,-8352,8328,-525,2465,0,0
-5295,3256,-7968,9144,-699,2328,0,0
-5120,4565,-6880,8487,-1093,2384,0,0
-3444,5597,-5601,8283,-1388,1603,0,0
-2340,5795,-4868,10470,-2313,130,0,0
-2316,5029,-4209,13320,-1631,-1322,0,0
-927,5131,-3098,13413,-1307,-2978,0,0
-570,5325,-1464,18260,1432,-8414,0,0
-242,4506,-450,18022,-1792,-13889,0,0
-1759,1270,-770,16011,609,-21702,0,0
1565,-1138,571,9679,-831,-6690,0,0
4304,-1691,3067,7809,-4280,-2637,0,0
2917,-2281,3555,5854,-4264,-4114,0,0
2082,-2966,5063,7649,-3336,-2694,0,0
626,-3492,6517,10162,-2062,310,0,0
-285,-3505,7402,11484,-1464,1285,0,0
-1140,-3407,7573,12256,-1438,1878,0,0
-1016,-2475,-1617,6035,546,-1028,0,0
-661,-3660,5636,9956,-343,3044,0,0
4834,-2641,5849,5119,3412,3941,0,0
9532,610,6962,-3439,3885,-1096,0,0
6641,2492,6103,-10001,8595,-8129,0,0
29,3026,2139,-8174,11471,-15247,0,0
-1324,557,-650,-2153,10308,-16904,0,0
-2275,-1481,-2154,-1282,5279,-5362,0,0
-1150,-1583,-3537,3204,4552,-1891,0,0
-397,-2058,-4411,6841,2089,-363,0,0
-1800,-1815,-5380,7048,656,1469,0,0
-3114,-774,-5989,7559,129,2015,0,0
-4340,602,-6375,7961,-15,2845,0,0
-4844,2407,-6613,9265,-232,3733,0,0
-3186,4521,-6686,9121,-727,3375,0,0
-2141,5677,-6525,9374,-2930,843,0,0
-3711,5157,-5425,11766,-3193,210,0,0
-1748,5110,-4400,13951,-953,-162,0,0
1487,5646,-4387,21583,-1965,-5866,0,0
-1325,5592,-3017,23339,-1576,-14668,0,0
-2251,3248,-1061,18692,-522,-23948,0,0
2884,-577,613,9593,-4208,-12666,0,0
5837,-2500,2740,7453,-4340,-3871,0,0
5589,-2353,4118,6152,-5040,-2699,0,0
1051,-2646,5655,8815,-3561,-1136,0,0
-3440,-3429,6390,11360,-1024,346,0,0
-210,-3544,6922,11638,-511,1004,0,0
170,-3253,6877,11785,-414,1398,0,0
-254,-2909,6428,11314,-226,2173,0,0
-232,-2768,6355,10915,734,2678,0,0
2692,-2145,6775,9084,1410,3299,0,0
6408,146,7464,5234,2025,2128,0,0
6081,2593,7178,-2565,4818,-1574,0,0
4188,3516,5846,-10959,8431,-9983,0,0
-136,2423,1250,-9672,10266,-13649,0,0
-673,904,-1882,-2813,7370,-14927,0,0
-2397,-605,-2675,356,3126,-6439,0,0
-1082,-1097,-3141,4088,4106,-3665,0,0
-127,-1921,-3780,6336,2611,-1457,0,0
-1179,-2183,-4700,6394,1991,168,0,0
-2246,-1797,-5548,7712,1276,1519,0,0
-3269,-643,-6432,8624,916,3083,0,0
-3593,1262,-7189,8565,320,2922,0,0
-3095,2731,-7214,9519,-1041,2731,0,0
-3046,3624,-7073,11135,-2405,2848,0,0
-2642,4581,-6345,11647,-3459,1782,0,0
-1375,5183,-4721,16149,-3666,1126,0,0
1129,6021,-4258,21280,-6570,-2352,0,0
-682,6184,-3440,24716,-8421,-10369,0,0
-3579,2528,-1645,18230,-956,-17529,0,0
1410,-1586,2299,10535,-3891,-4315,0,0
3444,-2649,2804,7773,-2664,-256,0,0
3818,-2086,3073,4417,-6477,-2421,0,0
167,-2293,4885,6100,-5864,-1371,0,0
-447,-2673,6258,8593,-4179,757,0,0
-133,-2665,7091,9806,-2653,1439,0,0
-676,-2472,7258,10153,-2044,1944,0,0
-1622,-2259,7098,10706,-2536,3345,0,0
-2415,-2246,6705,10826,-1588,3105,0,0
-539,-2171,6375,9506,-511,3102,0,0
3132,-1089,6524,6350,1318,2297,0,0
4703,395,5700,562,2619,-1295,0,0
4243,1686,5173,-6243,6026,-5670,0,0
2547,2477,3575,-10835,6485,-13256,0,0
-1889,1453,-169,-5391,10791,-18237,0,0
-2454,-1107,-2624,-821,6026,-11231,0,0
-4092,-2364,-3945,2648,5338,-4157,0,0
-3053,-2118,-5429,7272,3588,-804,0,0
-4821,-1274,-5859,8244,665,553,0,0
-6186,335,-6116,7485,522,2078,0,0
-4316,2300,-6033,7529,-303,3145,0,0
-3945,3841,-5971,8030,-1855,2122,0,0
-3202,4659,-4930,7971,-2232,1951,0,0
-3072,5156,-3570,8353,-3278,1281,0,0
358,5183,-2616,10140,-3599,1238,0,0
2162,5586,-2284,11044,-4395,158,0,0
3003,5965,-2205,16907,-4922,-1822,0,0
2191,6036,-3765,23775,-8735,-6402,0,0
-3203,4817,-3961,23028,-11976,-19575,0,0
-3874,-105,-738,9327,-1042,-18107,0,0
2673,-2745,1647,5468,-6412,-3830,0,0
1741,-3647,2577,5061,-4105,-1954,0,0
1093,-3528,3865,6997,-4903,-2663,0,0
-1579,-4089,5115,9470,-3375,437,0,0
-1725,-4339,5331,9509,-1719,1834,0,0
-1033,-4507,5156,10444,-1758,1248,0,0
-425,-4686,5037,11445,-1401,1917,0,0
372,-4257,5146,10816,-1248,2528,0,0
1840,-3569,5469,9115,-167,1665,0,0
5244,-1867,6056,2416,575,1273,0,0
6492,871,7181,-4912,743,831,0,0
5743,3838,7360,-7253,1939,-5728,0,0
925,3969,4063,-4854,4514,-9460,0,0
-632,3013,1304,-1274,8898,-16465,0,0
-2045,-299,-1340,1814,11063,-15097,0,0
-2216,-2541,-2710,4578,6446,-3009,0,0
571,-2268,-3459,6257,5478,-711,0,0
356,-2535,-4529,6823,2798,1717,0,0
-1917,-2017,-5333,7154,233,2815,0,0
-2879,-758,-6416,7988,-575,2657,0,0
-3151,494,-7614,9314,-916,3428,0,0
-3016,2135,-8320,10073,-2000,2993,0,0
-1949,3301,-7852,10595,-3222,2348,0,0
-2249,3803,-6669,11643,-3656,1288,0,0
-2643,4750,-4991,10520,-4499,133,0,0
-936,5153,-2640,16815,-1956,1009,0,0
3539,6384,-3432,21389,-9183,-6392,0,0
-4171,5131,-3556,21997,-12838,-17887,0,0
-4805,-182,-231,12758,1724,-14147,0,0
5926,-2268,3220,8738,-5450,-3123,0,0
3065,-2592,3401,6025,-4374,-2342,0,0
167,-2803,3737,4982,-4647,-2670,0,0
-1092,-3446,4883,6633,-3559,-232,0,0
-486,-3606,5361,8089,-2967,1004,0,0
-402,-3490,5855,8896,-2671,1674,0,0
-774,-3073,5913,9923,-3564,1999,0,0
-1858,-3117,5941,10437,-2891,2665,0,0
-1053,-3111,6062,10311,-3094,2879,0,0
1883,-2546,6469,7688,-649,2873,0,0
5010,-275,6635,441,686,539,0,0
5968,2487,6841,-6257,4481,-3920,0,0
3380,3803,4547,-6632,4313,-9785,0,0
-2687,2919,761,-1745,7224,-14631,0,0
-1469,281,-628,207,12767,-18595,0,0
-736,-2358,-2144,1608,4417,-5743,0,0
-2199,-2804,-3292,4583,4813,-2506,0,0
-306,-3239,-4597,7276,2230,-494,0,0
-1874,-3424,-5283,6739,-487,2508,0,0
-4697,-2063,-5698,5881,-571,3091,0,0
-5519,64,-5876,6196,-729,2494,0,0
-5116,1886,-6183,6609,-436,2351,0,0
-3593,3060,-6704,8199,499,2114,0,0
-2041,3841,-6888,9077,-1367,606,0,0
-2234,4177,-5742,9272,-2725,-2036,0,0
-3502,4703,-4090,10269,-2857,-2175,0,0
-3397,5478,-2299,14190,-1073,-3641,0,0
-3664,5825,-1438,14515,-668,-5600,0,0
-4385,5471,-462,14557,1060,-7282,0,0
-4595,3030,436,15370,8428,-21936,0,0
1279,-1027,94,9485,4505,-12035,0,0
4273,-2958,352,12481,1180,-2459,0,0
6732,-2997,-646,9327,-1489,-3019,0,0
6667,-2329,1831,7517,-4520,-3858,0,0
4376,-2113,3939,5644,-4899,-613,0,0
1507,-1931,5699,6225,-4848,467,0,0
-181,-2024,7332,9117,-3508,1163,0,0
-245,-1863,8179,10485,-2526,1823,0,0
-1542,-1732,8001,10351,-2046,2163,0,0
-2465,-2009,7254,9870,-1223,2438,0,0
-700,-2218,6087,8019,291,2895,0,0
1805,-1506,5030,6809,-217,2428,0,0
5610,-37,4555,4779,2153,-831,0,0
7735,1845,4497,-1765,2518,-3257,0,0
4333,3401,4542,-6194,5514,-12438,0,0
-1144,978,437,-7517,13380,-18990,0,0
-3138,-1680,-2743,-6409,3551,-6961,0,0
-2759,-772,-2665,-3828,6894,-5689,0,0
-731,-954,-3764,829,5021,-2753,0,0
-1146,-1326,-5354,6894,2377,1140,0,0
-1928,-336,-6080,8968,-350,1313,0,0
-2695,553,-6405,7088,-560,1166,0,0
-3165,971,-6562,7652,-165,2347,0,0
-1637,1978,-6879,8881,131,2956,0,0
-289,3067,-7025,9573,-929,1220,0,0
-1588,3242,-6401,8218,-2066,587,0,0
-2527,3529,-4459,7606,-2237,50,0,0
-1891,3949,-2302,10817,-2331,-1441,0,0
-1635,4564,-1637,13392,-1495,-4470,0,0
-1873,4410,-1598,16681,-3741,-7511,0,0
-6094,2758,-1460,17705,1274,-19978,0,0
85,-626,-1352,11953,5551,-15718,0,0
5120,-2063,681,10065,-1503,-2203,0,0
4791,-2494,1606,5727,-3494,-2907,0,0
3458,-2720,2720,4090,-2894,-3067,0,0
2981,-2919,4265,5948,-3349,-491,0,0
1139,-3116,5683,7859,-2018,681,0,0
183,-2915,6744,9011,-1665,708,0,0
-807,-2697,7139,10256,-2278,1430,0,0
-2261,-2873,7098,10289,-2542,2206,0,0
-1843,-2932,6742,9803,-2355,1929,0,0
1144,-2759,6501,8341,-680,2018,0,0
5276,-1465,6262,3377,983,1492,0,0
7407,755,6536,-979,3571,-1416,0,0
6950,2918,6080,-7685,4720,-6692,0,0
397,3688,2421,-6130,4101,-12789,0,0
-3723,1523,-1423,-1666,479,-20782,0,0
-1025,-1256,-3426,174,4560,-10206,0,0
-3732,-2365,-4008,3902,5225,-3264,0,0
-1422,-2039,-4418,6916,4535,-1176,0,0
-1126,-1507,-6960,7357,997,142,0,0
-3772,-906,-5974,7179,-360,1555,0,0
-3973,451,-6832,8505,-813,2312,0,0
-3144,1969,-7544,9642,-1653,1741,0,0
-3189,3046,-7612,9499,-2413,1708,0,0
-3418,3889,-6592,8378,-3082,1267,0,0
-3252,4412,-4631,7965,-2413,981,0,0
-1492,4974,-2698,10350,-2747,-2,0,0
259,5443,-1782,14022,-3582,-1882,0,0
678,5823,-1889,20470,-5491,-4956,0,0
-3195,5246,-912,22276,-7129,-13709,0,0
-10187,857,2028,15904,5129,-20168,0,0
-817,-2903,1357,8788,4371,-5431,0,0
5523,-3390,1914,6238,-5853,-4703,0,0
415,-4703,1526,6140,-1927,-4946,0,0
333,-5407,2009,9132,-704,-1649,0,0
1877,-5299,3180,10129,-2150,609,0,0
1319,-5346,4299,10639,-1972,564,0,0
382,-5284,4889,12549,-1918,834,0,0
83,-5219,5565,12685,-522,2271,0,0
3181,-4332,6385,11225,-870,2626,0,0
6345,-2813,7261,9478,643,3209,0,0
9417,308,8215,4044,2939,1519,0,0
8570,3478,8436,-933,9537,-4960,0,0
2900,4470,4531,-6618,12365,-13988,0,0
-3171,1166,-2025,-221,14373,-22076,0,0
-1806,-1092,-4285,-900,4319,-9019,0,0
-1399,-905,-3731,-1476,3749,-3314,0,0
-70,-1158,-3423,2078,2335,-2754,0,0
-172,-1583,-4234,5069,1347,-596,0,0
-1547,-1326,-6355,7172,-635,1931,0,0
-3305,-51,-7953,9380,-1212,2763,0,0
-4437,1806,-8924,10636,-1512,1962,0,0
-4357,3174,-8203,10410,-2270,1660,0,0
-3804,4077,-6911,9232,-2588,1924,0,0
-2131,4711,-5708,8562,-2805,238,0,0
-1931,4513,-4354,7557,-3071,177,0,0
-1338,4586,-2907,8635,-1963,-1302,0,0
-124,4502,-1700,14110,-181,-3931,0,0
-100,4214,-861,18861,2667,-12116,0,0
-950,1954,-673,18128,3130,-68,0,0
2797,-1537,-294,12601,2268,-8961,0,0
6691,-2504,1316,8564,-3577,-3118,0,0
5393,-2675,3159,5941,-3955,-4459,0,0
2351,-3133,4777,7184,-4144,-2807,0,0
238,-3928,5718,10060,-3643,-890,0,0
-593,-4630,5853,11510,-1547,275,0,0
1051,-4472,6188,12663,-1178,1208,0,0
2024,-3843,6854,13542,-307,1601,0,0
3052,-2740,7428,12908,-104,2375,0,0
5107,-1071,7950,12202,725,2360,0,0
7482,1020,7773,8552,3006,366,0,0
8735,3625,6980,199,3736,-5229,0,0
4527,4511,5216,-5659,6106,-15085,0,0
-3026,2380,1684,-5339,14612,-19303,0,0
-1639,-542,-2234,-4667,7581,-13776,0,0
-2500,-1146,-2758,-2921,4181,-7102,0,0
-678,-1521,-3001,1219,4102,-3110,0,0
703,-2038,-3182,4860,1369,-19,0,0
-1160,-2122,-4613,6964,195,1769,0,0
-2579,-1446,-6700,7978,154,2374,0,0
-3200,-460,-8155,8680,-294,2103,0,0
-3641,546,-8411,9389,-971,2643,0,0
-3307,1946,-8160,9677,-1234,2428,0,0
-3195,2962,-7520,9262,-2202,993,0,0
-4259,3464,-6042,8664,-2502,329,0,0
-4391,4087,-3836,9455,-2431,256,0,0
-3540,4975,-1436,14043,923,88,0,0
-360,5882,-200,21337,1659,-8938,0,0
-3488,3919,-1340,20721,513,-23186,0,0
-1047,-1163,-1446,12401,4609,-16052,0,0
3001,-3820,-188,12775,1399,-1776,0,0
8253,-3495,-141,7049,-2561,-2788,0,0
7359,-2986,2913,5279,-5252,-3082,0,0
1934,-3460,4814,7890,-2926,355,0,0
1218,-3556,5946,9363,-1262,1171,0,0
2102,-2841,7063,11027,-2192,1225,0,0
138,-2485,7585,12734,-1447,2030,0,0
-309,-2374,7468,11760,-307,2543,0,0
1296,-1733,7556,11273,-586,2156,0,0
4130,-963,7477,9744,2036,1742,0,0
8355,1268,6951,3929,1860,-1047,0,0
7307,3576,6318,-3264,4225,-10793,0,0
280,2898,3661,-8581,10358,-16816,0,0
-1913,346,6,-5532,14818,-19473,0,0
-1217,-1922,-2692,-3367,5976,-9011,0,0
-1496,-2375,-3376,379,4723,-4211,0,0
-1724,-2879,-4714,5412,4062,-796,0,0
-1981,-2341,-5657,9203,1358,1555,0,0
-5124,-794,-6492,9228,288,1915,0,0
-6102,1028,-6929,8889,689,2484,0,0
-4688,2768,-7072,10270,-149,2446,0,0
-3546,4083,-6920,11063,-1952,1757,0,0
-3920,4797,-5745,10343,-3054,1432,0,0
-3926,5398,-3805,10315,-1604,664,0,0
-2074,5625,-2558,10782,-1339,-2336,0,0
-389,5595,-1946,19088,1589,-4541,0,0
1267,5758,-1689,22620,-1820,-14093,0,0
-3615,2653,-1651,18030,2095,-251,0,0
3221,-1677,229,10221,-1427,-10263,0,0
4837,-3261,2088,6993,-3598,-3912,0,0
2626,-3650,3201,6468,-3068,-3602,0,0
1778,-4231,4617,8101,-1969,-881,0,0
3104,-4154,6401,10203,-2845,744,0,0
1636,-3738,7816,12433,-2592,810,0,0
-904,-3433,7327,11877,-2399,2750,0,0
-1471,-3261,6539,11395,-1573,2167,0,0
2001,-2978,6082,10018,-428,2722,0,0
6308,-1052,6276,5295,137,2302,0,0
7838,1580,6449,899,1031,-23,0,0
6545,3813,5983,-2822,2635,-3334,0,0
2573,4153,3468,-1108,2707,-8456,0,0
-1060,2723,1121,801,8895,-17996,0,0
-198,-845,-828,-602,5405,-16145,0,0
-3109,-2771,-2303,-2677,3734,-8191,0,0
-3001,-3420,-4900,-1865,4789,-4982,0,0
-1927,-3405,-6728,1855,1325,-1754,0,0
-2975,-2848,-6907,5817,102,329,0,0
-5020,-1559,-6571,9068,-826,2003,0,0
-7419,910,-6301,10140,-1585,2833,0,0
-6026,3587,-7856,9217,-1906,3063,0,0
-3810,5064,-4752,8471,-1801,2505,0,0
-3580,5594,-3774,7586,-1675,1076,0,0
-3833,5610,-2488,7317,-473,267,0,0
-2390,5209,-1457,8490,-679,-886,0,0
-630,4765,-904,9339,1527,-2162,0,0
2491,4979,-51,13520,-980,-6396,0,0
-1646,3514,-153,15891,-1769,-20094,0,0
-2140,-830,-685,15092,3594,-16433,0,0
4501,-3168,916,16194,532,-5133,0,0
7467,-3043,1867,11604,-4045,-4084,0,0
4758,-3086,3893,9020,-3486,-2400,0,0
3617,-2823,5188,7112,-3036,676,0,0
1589,-2340,5927,7779,-3369,1091,0,0
-1250,-2528,6168,9060,-1613,1271,0,0
-1350,-2504,6301,9882,-1210,2010,0,0
-635,-2370,6643,10563,-835,2960,0,0
735,-1913,6566,10387,-1019,3451,0,0
3087,-831,6552,8928,-307,4085,0,0
6473,1556,7157,7159,688,1154,0,0
6530,3622,6487,2712,2397,-4760,0,0
2997,3564,4590,-3836,7491,-11079,0,0
-202,2084,1790,-6811,8634,-15519,0,0
-1283,-20,-1127,-4291,9055,-16548,0,0
198,-1736,-2800,-4560,4455,-10454,0,0
-218,-2262,-3449,-1236,1938,-4912,0,0
-531,-2631,-3850,2903,1628,-2273,0,0
-1067,-2892,-4557,5964,939,213,0,0
-3011,-2411,-5856,7656,410,1618,0,0
-5589,-1333,-7185,8836,602,2285,0,0
-6116,643,-7704,9077,1256,2976,0,0
-4334,2593,-7157,8822,343,2329,0,0
-2774,3716,-5893,8857,-549,1106,0,0
-2132,4216,-4572,8546,-699,248,0,0
-1823,4523,-3462,12044,-744,988,0,0
-296,5031,-3540,14401,-390,-1385,0,0
392,5150,-3211,15293,-5410,-7059,0,0
-4118,3410,-1972,18115,-4589,-18363,0,0
-5464,-453,-554,15689,5741,-21958,0,0
4067,-3130,112,12382,3696,-5235,0,0
8994,-3061,1984,9357,-4148,-3227,0,0
3341,-3240,4244,6400,-3226,-2506,0,0
233,-3241,5013,6237,-2885,222,0,0
600,-3484,5679,7002,-2652,1077,0,0
995,-3487,6042,8082,-2044,866,0,0
2083,-3001,6249,9772,-1664,898,0,0
2551,-2228,6410,10096,-1285,638,0,0
2233,-1548,6320,9301,-220,1947,0,0
3157,-450,5789,7609,-27,2266,0,0
6423,1267,5817,4114,-220,155,0,0
7396,3558,5944,-803,1050,-4048,0,0
3270,4986,4879,-5028,2098,-9243,0,0
-3965,2904,2453,-6309,6260,-12304,0,0
-4402,-150,-748,-6098,14516,-15896,0,0
-698,-1617,-3358,-3115,5843,-9331,0,0
-1093,-1801,-3915,521,3587,-3682,0,0
-532,-1746,-3494,3598,1261,-636,0,0
-2055,-1700,-4076,5831,1225,370,0,0
-3744,-995,-5827,6864,269,1658,0,0
-5065,599,-6862,6768,-364,2546,0,0
-5465,2504,-6942,7607,-140,2366,0,0
-5650,3890,-5800,7598,-1476,1738,0,0
-5830,4714,-3700,6940,-1573,1864,0,0
-3672,5389,-1901,7902,-1493,839,0,0
-1595,5072,-885,10845,-1722,1247,0,0
2245,5647,-1009,14664,-890,-421,0,0
3756,6106,-1959,19380,-3363,-7343,0,0
-2665,5018,-2148,18353,-5839,-18392,0,0
-6839,806,-348,14226,529,-23394,0,0
2965,-2696,1116,12458,-1279,-8428,0,0
5505,-4036,1981,9336,-3799,-3931,0,0
3302,-3899,2877,6238,-4362,-4456,0,0
1486,-4259,4180,6986,-3613,-1152,0,0
-320,-4629,4591,9295,-3764,366,0,0
-857,-4782,4913,10861,-2288,1002,0,0
308,-4546,5360,11789,-2023,1297,0,0
-313,-4291,5711,11739,-1643,1796,0,0
-195,-4102,5861,10509,-1083,2339,0,0
2302,-3561,6119,8608,733,2469,0,0
6051,-2162,5948,4175,3687,1236,0,0
7695,-190,5498,-3651,6569,-2212,0,0
6505,1724,4149,-10058,7744,-7785,0,0
-553,1987,1652,-8645,9886,-13375,0,0
-4147,146,-1637,-6511,11460,-9710,0,0
-1720,-672,-3143,-1244,5933,-6633,0,0
-2269,-1582,-4078,3640,4169,-3601,0,0
-3001,-1774,-4417,6174,2498,714,0,0
-3140,-564,-5241,7686,1585,2148,0,0
-3673,1146,-6036,8758,531,2349,0,0
-4475,2777,-6572,9940,12,2748,0,0
-4080,4499,-6547,10177,-1257,2318,0,0
-3375,5558,-5689,10163,-2399,1300,0,0
-2568,5799,-4617,12341,-2870,687,0,0
-2273,5804,-3454,10474,-3486,-1379,0,0
57,6039,-1647,15468,-2980,-2778,0,0
2078,6133,-762,19471,-4449,-8931,0,0
-2206,4820,-1399,20339,-7254,-24572,0,0
-6111,-860,-878,12677,8318,-17072,0,0
6627,-3412,-659,12684,-1159,-3107,0,0
7959,-3413,441,8891,-5140,-4940,0,0
2405,-3638,3194,6441,-4155,-2482,0,0
84,-4243,4282,7602,-1969,153,0,0
2083,-4315,4527,8839,-1709,496,0,0
2007,-3815,5523,10327,-1922,1135,0,0
30,-3481,6183,11216,-836,1882,0,0
513,-3102,6431,10764,-145,2065,0,0
2827,-2420,6910,9940,948,2833,0,0
7266,-631,7421,7930,361,2462,0,0
8467,1950,7003,5393,1642,-555,0,0
5538,4201,5217,-2987,3947,-5515,0,0
232,4436,3275,-8245,7493,-14115,0,0
-3425,1862,-42,-6948,14604,-18574,0,0
-537,-616,-3093,-4036,5126,-11936,0,0
-2395,-1242,-3369,-601,3520,-6507,0,0
-2027,-1892,-3531,2864,4250,-2356,0,0
-248,-1976,-4579,5398,2860,625,0,0
53,-1552,-5576,6694,1524,436,0,0
-1366,-1192,-6118,6982,1001,1192,0,0
-3617,-425,-6682,7926,752,1783,0,0
-4961,929,-6898,8879,279,2056,0,0
-4363,2550,-6477,9944,-983,2113,0,0
-4447,3502,-5853,9037,-1596,1417,0,0
-3516,4273,-4437,8852,-1360,676,0,0
-612,4958,-2438,13728,-1022,922,0,0
1605,6202,-2299,18849,-2005,-4254,0,0
-2288,5827,-3624,21985,-3772,-12665,0,0
-4235,2614,-2794,18501,-840,-21786,0,0
2602,-1812,980,11427,-1622,-8414,0,0
3937,-3108,2615,10113,-2427,-2335,0,0
3455,-2575,3332,6566,-3270,-4141,0,0
2165,-2992,4565,7498,-3399,-2327,0,0
488,-3756,5272,9073,-2115,248,0,0
407,-4052,6061,10200,-473,846,0,0
1330,-3619,6896,11867,-933,895,0,0
542,-3142,7310,12159,-173,1231,0,0
30,-2921,6995,11182,283,1985,0,0
2292,-2228,6782,10022,1130,2612,0,0
6650,-539,6944,6413,3306,857,0,0
7819,1366,6669,-495,5450,-3545,0,0
4719,2427,4862,-8334,7926,-7004,0,0
-1021,2700,1736,-10002,9960,-12233,0,0
-4829,1218,-2192,-6453,10094,-11004,0,0
-2024,120,-3448,-2567,6428,-8166,0,0
-929,-682,-4201,1437,3896,-5004,0,0
-1764,-1399,-4924,5163,2884,-957,0,0
-2428,-1035,-5752,6947,2159,794,0,0
-3556,-223,-6777,7240,1569,879,0,0
-4120,771,-7176,7812,930,2356,0,0
-4260,2278,-6759,8446,344,2380,0,0
-3843,3447,-5694,10262,-1140,1147,0,0
-3289,4095,-4974,10000,-1158,1232,0,0
-1869,4657,-4505,8390,-1892,1169,0,0
311,5363,-2800,13074,-973,-137,0,0
1737,6017,-2050,17045,-1537,-3372,0,0
-2037,5817,-2824,20748,-4466,-10229,0,0
-8701,3780,-1305,18364,3039,-25247,0,0
-3702,-1391,839,11972,7523,-17444,0,0
3993,-3776,597,12598,1527,-3201,0,0
4795,-3940,491,7939,-2855,-5055,0,0
2378,-4780,2422,8179,-1812,-3589,0,0
2360,-5315,3589,9908,-802,11,0,0
2695,-5373,4686,10493,-930,1277,0,0
2133,-4942,5912,11567,-613,1190,0,0
1755,-4360,6272,11894,46,1722,0,0
2551,-3670,6207,10699,610,1988,0,0
4615,-2811,6443,9633,1055,3147,0,0
8137,-451,7328,7120,1039,3017,0,0
8809,3175,7374,2225,2269,-3308,0,0
4499,3627,6133,-5227,9915,-9668,0,0
-70,2489,2123,-9425,15023,-15221,0,0
-1731,517,-2122,-5910,10676,-13167,0,0
-3083,-184,-3913,-2782,6343,-6016,0,0
-2153,-70,-4882,1619,4488,-3870,0,0
-2466,-513,-5908,5959,1952,-1287,0,0
-3066,-194,-6340,8737,1266,678,0,0
-2777,817,-6678,8858,1085,1663,0,0
-2508,1667,-6911,8978,1287,2703,0,0
-1257,2664,-6700,9734,-281,3030,0,0
-1189,3538,-6285,9116,-1972,1224,0,0
-3746,3911,-5024,8789,-2721,1275,0,0
-4728,4682,-3100,10584,-682,1198,0,0
-2274,5458,-1706,13473,-298,-564,0,0
6,6055,-1417,18735,828,-3770,0,0
-660,5852,-2280,21186,-2786,-13631,0,0
-2261,2515,-2390,17219,5632,-22398,0,0
4478,-1794,382,11681,-2009,-7985,0,0
6115,-3472,2307,10020,-2023,-676,0,0
4600,-2496,3548,6244,-3219,-2610,0,0
817,-2778,4692,6333,-2349,-2317,0,0
-452,-3624,4717,7368,-1331,-242,0,0
401,-3956,4650,8190,-1182,159,0,0
867,-3975,5284,9755,-1501,106,0,0
-291,-3980,5743,11123,-837,635,0,0
-370,-3886,5833,10796,41,1891,0,0
6010,-2052,6472,6810,2094,1894,0,0
9224,843,6828,-61,1706,-555,0,0
7545,3155,6811,-7325,3400,-5938,0,0
2064,3088,3723,-9329,5397,-11898,0,0
-3709,1230,-535,-6701,9183,-12754,0,0
-2832,-521,-1933,-2702,9422,-11482,0,0
87,-2022,-2576,383,7194,-5950,0,0
370,-2763,-3803,4539,4363,-1727,0,0
-1881,-2754,-5028,7187,2235,789,0,0
-4873,-1537,-6068,7691,538,1594,0,0
-5190,-36,-6307,7854,388,1917,0,0
-2032,2114,-6696,9362,-1043,1647,0,0
-3009,2910,-6456,9070,-1983,1373,0,0
-3286,3567,-5328,9020,-1055,-517,0,0
-1826,4075,-3714,9297,-3021,-1868,0,0
-759,4479,-2358,14449,-3238,-2873,0,0
-1468,4870,-2011,19115,-3615,-5231,0,0
-4272,5380,-3459,18430,-5550,-14506,0,0
-6324,3108,-2886,14335,7141,-1489,0,0
4135,-1004,-781,10772,-1633,-12689,0,0
6177,-3829,1563,9340,-3975,-4509,0,0
4877,-4219,3388,8465,-5215,-5146,0,0
622,-5177,4722,10719,-3162,-1159,0,0
-2027,-6056,5241,13104,-689,2239,0,0
-1586,-6180,4981,12264,394,2156,0,0
948,-5696,4726,11796,-705,1791,0,0
1753,-4953,5537,10784,9,2954,0,0
4242,-3625,6441,8769,407,2919,0,0
6969,-1472,6804,7869,517,1588,0,0
7601,533,5936,3570,3313,-947,0,0
8724,2454,6140,-3338,4324,-6298,0,0
4026,2671,4475,-9343,4911,-14171,0,0
-3101,702,445,-9309,12548,-15718,0,0
-1837,-1482,-2986,-4729,9872,-10250,0,0
1281,-2430,-3922,-181,2613,-5543,0,0
558,-2977,-3739,3681,888,-1528,0,0
-1028,-2967,-3762,6507,2091,35,0,0
-3319,-2431,-4981,7023,1350,843,0,0
-5312,-1282,-6166,6562,1008,1961,0,0
-6463,475,-6348,7105,666,2029,0,0
-5223,2213,-5978,8327,201,1795,0,0
-3347,3404,-5436,10117,-628,1287,0,0
-1775,3840,-4620,9290,-1632,-334,0,0
344,4121,-3917,9272,-3364,-1327,0,0
-316,4429,-3911,12725,-3428,-3359,0,0
-1588,4521,-3709,18637,-4106,-5105,0,0
-4640,4480,-3630,17445,-5476,-14725,0,0
-5646,2643,-1713,13896,5383,-17431,0,0
7783,383,289,9308,-4505,-11834,0,0
7588,-1990,3356,8140,-8834,-4812,0,0
1356,-2842,4581,6765,-4698,-2542,0,0
-935,-3123,5239,7692,-4789,-1081,0,0
-1818,-3837,6044,9347,-3418,-202,0,0
-1228,-4166,6596,11275,-3593,-206,0,0
-1511,-4627,6297,13142,-1377,1127,0,0
370,-4290,5776,12411,-876,1534,0,0
2251,-3585,5730,11890,-237,1043,0,0
4086,-2713,5918,8959,1457,3102,0,0
7273,-289,6762,2581,3528,2661,0,0
9037,2966,7462,-5120,4643,-3066,0,0
3916,4175,4720,-9839,5779,-10203,0,0
-3427,2225,-388,-6840,10641,-14979,0,0
-2352,-66,-2798,-2457,7238,-12547,0,0
-1658,-1433,-2599,723,5599,-6193,0,0
527,-1963,-3237,4166,5173,-2378,0,0
249,-2189,-4297,6144,2635,237,0,0
-2340,-1814,-5620,6766,1012,1246,0,0
-4097,-946,-6549,7222,270,1479,0,0
-4390,158,-7233,8799,93,2151,0,0
-4171,1525,-7573,9643,-677,1827,0,0
-4834,3647,-5602,8738,-1092,1086,0,0
-2341,4480,-4122,9172,-1976,-1353,0,0
-2338,4836,-2701,12822,-1424,-1927,0,0
-2088,5342,-1698,17891,-47,-6888,0,0
-3177,5068,-1043,18160,79,-12952,0,0
-4161,2815,-520,14794,7456,-24932,0,0
3460,-1139,-90,11428,3524,-15273,0,0
6298,-3210,1639,10699,-1790,-3127,0,0
6051,-3138,2438,6693,-2737,-3492,0,0
4587,-3238,3516,5812,-3911,-2041,0,0
2250,-3580,4758,7684,-1799,459,0,0
1221,-3494,5841,10089,-759,1537,0,0
1137,-2934,6819,11321,-318,1091,0,0
1123,-2394,7220,11053,222,1779,0,0
1372,-1664,7317,10166,269,2454,0,0
3153,-771,7545,9108,85,2008,0,0
5706,755,7361,5967,1285,603,0,0
5629,2215,6514,459,2548,-3546,0,0
6015,2792,5540,-5890,5576,-7101,0,0
2076,2765,2915,-8213,5904,-12075,0,0
-17,1479,360,-4874,10307,-16589,0,0
-784,-765,-1807,-3445,4627,-9328,0,0
-1288,-1506,-3378,852,5159,-6181,0,0
-353,-1992,-4295,4383,1798,-3322,0,0
-1368,-2631,-4694,6315,1557,-726,0,0
-1700,-2525,-5658,7436,1936,30,0,0
-1758,-2270,-6865,8970,1220,1552,0,0
-4063,-1557,-7849,9935,663,2554,0,0
-5832,184,-8344,10959,-625,2521,0,0
-5854,2103,-7946,10881,-1267,3118,0,0
-3749,3826,-6203,10991,-1139,1757,0,0
-1739,4846,-4240,12268,-1358,-700,0,0
-1639,5205,-3285,16265,-1172,-2618,0,0
-1479,5404,-3352,22282,-1546,-10004,0,0
-3095,3802,-2027,21070,-8333,-233,0,0
82,-1295,1126,11836,2673,-11433,0,0
8144,-2565,3647,10654,-4311,-2223,0,0
5128,-2533,3836,7637,-4556,-4150,0,0
1683,-2620,4220,7142,-3154,-659,0,0
253,-2909,5080,8841,-2268,969,0,0
283,-3147,6037,10606,-1603,702,0,0
39,-2960,7290,12577,-359,802,0,0
-269,-2734,7738,12963,570,1482,0,0
472,-2382,7826,11717,590,2013,0,0
2421,-1798,7934,10507,1426,1788,0,0
6836,-326,7532,6244,4090,1545,0,0
9428,2174,7233,-2504,3700,-1971,0,0
5398,3373,5447,-10516,7885,-10672,0,0
-2303,2137,62,-7912,8663,-13462,0,0
-3924,-121,-2736,-4366,11640,-14097,0,0
-1969,-1711,-3854,-2084,7321,-6296,0,0
-2501,-1964,-6248,3760,4819,-906,0,0
-4248,-1592,-7014,6921,3715,-769,0,0
-4845,-784,-7046,7056,1768,149,0,0
-4480,418,-6555,6656,1327,1521,0,0
-4645,1652,-5769,8057,1525,2012,0,0
-4891,2954,-4984,9364,1042,1967,0,0
-4576,4159,-4281,8729,-90,1578,0,0
-3898,5013,-3094,8696,-508,1555,0,0
-2841,5507,-1901,9268,454,512,0,0
-655,5486,-1141,13180,154,-1238,0,0
-1591,5598,-1702,18640,3815,-5190,0,0
-1390,5758,-1302,23265,2011,-16697,0,0
-2394,1707,-133,14348,4970,-20693,0,0
4276,-2508,461,10912,1414,-3251,0,0
6926,-2485,782,10505,-1342,-953,0,0
4373,-1631,1486,4913,-4161,-2927,0,0
2282,-4016,2931,4419,-3382,-1686,0,0
3083,-2131,4677,6413,-3345,-896,0,0
2058,-2286,5961,8426,-2706,-880,0,0
377,-2624,6754,10088,-913,314,0,0
522,-2446,7428,11527,-415,1372,0,0
-282,-2110,7587,11903,-88,1656,0,0
438,-1880,7281,10623,520,1963,0,0
3396,-753,7441,8918,528,2341,0,0
5801,936,7156,4142,2771,-6,0,0
6702,2699,6663,-3598,5679,-3135,0,0
5423,3788,5043,-9304,8743,-12530,0,0
-1662,2431,-62,-5516,7338,-16133,0,0
-3507,-102,-2627,-3940,7066,-14167,0,0
-3161,-1044,-3278,-1850,4364,-5773,0,0
-2618,-1220,-4653,3139,3658,-2565,0,0
-1221,-1398,-5015,6007,1589,406,0,0
-2084,-886,-5296,5641,710,1469,0,0
-3335,-53,-5451,6234,1089,2347,0,0
-3465,1038,-5489,8539,3378,3993,0,0
-2050,2701,-6471,11276,1190,4575,0,0
-1127,4165,-6918,12401,-742,2572,0,0
-2000,4856,-6215,14003,-3851,1672,0,0
-1804,5872,-4879,14287,-4438,-1183,0,0
-1751,6099,-3827,16166,-5887,-4038,0,0
-2894,6186,-3247,21271,-7951,-12550,0,0
-6308,3775,-829,19300,523,-105,0,0
-371,-1984,522,12519,4386,-11911,0,0
7232,-3692,2415,10332,-4361,-3112,0,0
5053,-3491,3195,7547,-4064,-4571,0,0
1949,-3528,4079,7108,-2862,-1651,0,0
434,-3846,4842,8391,-1442,1064,0,0
212,-3916,5259,9423,-1107,1163,0,0
10,-3620,5510,10100,-869,925,0,0
-1186,-3540,5510,9970,-360,1780,0,0
-1441,-3570,5259,9468,13,1942,0,0
650,-3415,5077,8128,1067,2229,0,0
5171,-2242,5236,4496,2668,2691,0,0
7592,131,5306,-4455,2155,1167,0,0
7559,2461,5537,-9916,2057,-2051,0,0
2869,3569,3305,-9099,4078,-7901,0,0
-3773,2413,-152,-7171,7838,-10126,0,0
-1974,412,-3074,-3542,10420,-10552,0,0
23,-519,-4350,817,4870,-7799,0,0
-2673,-1133,-3189,3329,5524,-3005,0,0
-1189,-1117,-3193,4887,5763,-123,0,0
748,-989,-4499,6097,2507,992,0,0
-1090,-836,-5865,7389,618,1328,0,0
-3800,-105,-6944,9185,303,1365,0,0
-5446,1303,-7097,10407,-787,2478,0,0
-4622,2953,-6803,9805,-1395,2455,0,0
-3289,4033,-8032,9374,-2950,1704,0,0
-4736,4629,-4754,11705,-321,-88,0,0
-3847,5219,-3174,14673,-537,-2151,0,0
-4683,5861,-1206,20175,2841,-5081,0,0
-2003,6305,1197,22677,3429,-14924,0,0
-1722,2927,1701,15467,1241,-23707,0,0
6266,-1239,1144,8329,-2793,-7784,0,0
9490,-2734,4062,7820,-7736,-2705,0,0
5720,-2188,5441,8318,-4982,-2937,0,0
134,-2518,6025,9931,-1919,-118,0,0
-819,-3103,6281,11078,-191,1363,0,0
-234,-3008,6939,12571,-739,1392,0,0
-1230,-3099,7059,12974,115,1295,0,0
-1692,-3297,6609,12109,356,2438,0,0
-112,-3208,6524,10678,1359,2984,0,0
5887,-1589,6980,5841,2032,2932,0,0
8911,1593,7650,-1031,2056,-538,0,0
7397,3418,7045,-7815,6850,-7748,0,0
1066,2971,2976,-10444,11220,903,0,0
-2826,646,-2353,-4458,11086,-13417,0,0
-279,-600,-2965,318,2891,-8344,0,0
-1173,-1475,-2891,2372,3343,-4883,0,0
-1496,-2271,-4018,4861,2805,-1049,0,0
-2388,-2260,-4979,6083,945,117,0,0
-4627,-1490,-5797,6072,783,294,0,0
-5628,-24,-5884,6720,61,2253,0,0
-5291,1905,-5356,7815,54,2389,0,0
-3757,3454,-5069,8586,-788,2311,0,0
-2167,4479,-4809,8307,-1320,3301,0,0
-177,5315,-4689,9271,-2033,1860,0,0
-665,5369,-5170,15924,-2136,647,0,0
-1420,6074,-5551,20815,-2649,-3286,0,0
-3384,6265,-3670,21941,-3789,-11100,0,0
-4838,3951,-1102,19759,2971,-22218,0,0
1588,-833,420,11482,-692,-15868,0,0
3677,-3647,3180,11765,-2826,-2755,0,0
4462,-3467,3338,8805,-3323,-2066,0,0
2960,-3094,4509,7634,-2697,-1718,0,0
582,-3205,5105,7907,-2883,-23,0,0
-1814,-3585,5683,8718,-2314,810,0,0
-1934,-4015,5887,10077,-1562,1306,0,0
-1088,-4100,5612,10592,-1208,1379,0,0
-152,-3941,5406,10273,-1025,1473,0,0
997,-3772,5454,9288,-252,2482,0,0
3713,-3021,5876,7342,49,2524,0,0
6103,-1239,6047,1661,2673,1146,0,0
8330,1726,6799,-6376,8690,-4243,0,0
4166,2961,4278,-9985,9778,-10894,0,0
-3459,1684,-3384,-4148,11199,-16002,0,0
-3054,-294,-2806,-2335,6582,-9123,0,0
-1917,-1157,-3429,623,4943,-6208,0,0
26,-1872,-4564,4501,3622,-1408,0,0
-458,-2278,-5250,6197,2217,557,0,0
-3049,-1605,-5796,6388,1056,1487,0,0
-4931,-162,-5898,6970,927,2442,0,0
-4619,1457,-6073,8153,405,3265,0,0
-4083,3097,-6310,9071,-399,3540,0,0
-2803,4574,-6256,10082,-2012,2080,0,0
-3982,4910,-4912,11470,-1733,890,0,0
-2618,5612,-2593,13593,433,962,0,0
1747,6709,-2020,20246,-1247,-4460,0,0
-1334,6312,-3371,20050,-4385,-9902,0,0
-4289,4853,-2882,19554,-583,-19503,0,0
1643,545,-432,13436,-1620,-19693,0,0
3225,-3195,2627,12567,-3020,-2781,0,0
4751,-3430,3247,9597,-3411,-3810,0,0
2937,-3190,4317,8310,-4173,-2032,0,0
82,-3441,4539,7715,-2549,936,0,0
378,-3758,4870,8379,-2426,786,0,0
-423,-3996,5847,11160,-1648,974,0,0
-2196,-4117,6251,12295,-994,2294,0,0
-1653,-4071,6275,11655,156,2600,0,0
2066,-3414,6638,10483,602,2600,0,0
7303,-1694,7802,9626,-192,2556,0,0
8943,1176,8297,4105,2527,-2663,0,0
4464,2600,6412,-3648,6311,-4994,0,0
386,2946,4631,-5376,13684,-15432,0,0
-2386,279,-69,-5008,16481,-17457,0,0
-1124,-1308,-2914,-2927,5512,-6329,0,0
-2419,-1592,-4357,1010,4546,-3927,0,0
-956,-2063,-5174,4929,2008,-362,0,0
-2192,-1926,-6041,7527,1309,1648,0,0
-4480,-713,-7092,8632,1186,1693,0,0
-5116,886,-7225,9338,1674,3772,0,0
-5373,2894,-7285,10713,683,3682,0,0
-3747,4847,-7137,12428,483,2342,0,0
-2066,5374,-6304,13578,-1280,93,0,0
-2988,5081,-5307,12170,-2618,-1492,0,0
-2886,5498,-3511,12391,-1231,-1968,0,0
-2281,5918,-2028,17951,-509,-9155,0,0
-3434,4459,-1251,16758,-840,-17991,0,0
-4003,623,-527,14653,1620,-21299,0,0
6201,-2043,831,12517,501,-7968,0,0
7418,-3297,2673,12097,-3539,-4092,0,0
4479,-3079,3696,9598,-1747,-3196,0,0
3975,-2461,4550,6290,-1889,-83,0,0
2962,-2120,5331,6659,-2922,506,0,0
1512,-2016,5928,8386,-1486,54,0,0
466,-1773,6278,9507,-1136,537,0,0
-1765,-1984,6536,11401,-816,1731,0,0
-3992,-2184,6863,10972,165,2184,0,0
1062,-1629,7235,9945,622,2389,0,0
5061,-231,7578,8548,1096,1619,0,0
6789,1918,7120,3344,2337,-2042,0,0
4309,2927,6207,-4390,4873,-6372,0,0
2308,2944,4829,-5810,9324,-11898,0,0
-572,530,499,-3387,14452,-19833,0,0
-2076,-2051,-3047,-3681,4368,-7359,0,0
-3881,-1608,-3932,-1215,4813,-3976,0,0
-3677,-1749,-4907,2139,4955,-2363,0,0
-3552,-1501,-6301,5908,3110,-116,0,0
-2973,-489,-6930,8779,1417,1006,0,0
-4030,484,-6952,8773,699,1528,0,0
-4851,1473,-7178,9037,798,2502,0,0
-4456,3134,-7174,10332,-1084,2060,0,0
-5343,4595,-6147,9944,-2552,705,0,0
-6714,5034,-3380,9367,-2583,1600,0,0
-4431,5460,-551,10844,900,316,0,0
367,5866,618,13744,-555,-2126,0,0
74,5789,781,18426,946,-7001,0,0
1017,5223,94,19331,97,-12899,0,0
-1016,2388,-1102,15328,162,-1639,0,0
1323,-2160,-302,11412,1425,-6714,0,0
4726,-3313,1365,10059,-2682,-2013,0,0
3027,-3294,2295,6340,-2752,-4358,0,0
561,-4014,3303,6196,-1716,-2740,0,0
272,-4436,3655,7406,-2264,-1399,0,0
215,-4810,3687,8745,-1777,-231,0,0
1339,-4838,4205,9570,-1504,1086,0,0
1305,-4537,4985,10877,-1665,1100,0,0
1170,-4171,5730,11357,-476,1494,0,0
3444,-3309,6183,10373,117,2661,0,0
8052,-1112,7135,5625,832,3302,0,0
10467,2968,8168,-1303,2562,-768,0,0
6156,5491,6510,-9646,5146,-8024,0,0
-1364,3919,1242,-4682,3515,-10344,0,0
-3258,2827,-674,673,6373,-17350,0,0
-4872,87,-1276,732,7779,-9930,0,0
-2664,-1225,-3088,5261,9218,-1613,0,0
458,-1272,-4423,8625,3750,-644,0,0
-1775,-1691,-5950,7930,-538,3231,0,0
-2259,-910,-6921,8538,-2143,3852,0,0
-2349,292,-7469,8916,-3797,3785,0,0
-1685,1944,-7717,8997,-4489,3967,0,0
-1518,3547,-7112,8895,-4773,1737,0,0
-3202,4541,-5747,7940,-4540,-189,0,0
-3028,5341,-4026,9176,-4112,-1700,0,0
-1493,5518,-2984,14347,-3185,-3046,0,0
371,5589,-3162,18458,-4353,-7495,0,0
-3337,5571,-3358,19562,-2318,-16277,0,0
-4469,2416,-2819,14339,6191,-22175,0,0
3979,-1629,537,8352,-2196,-7843,0,0
2886,-3153,2037,7912,-3215,-5142,0,0
1664,-3680,2075,6767,-2752,-5486,0,0
1852,-4723,3694,9116,-2595,-3547,0,0
1447,-5720,5088,12243,-2038,-1414,0,0
1344,-6334,5977,13901,338,822,0,0
3016,-5544,6350,14235,-50,1038,0,0
2871,-4397,6512,14162,16,1402,0,0
2444,-3602,6620,12204,1496,2691,0,0
6936,-1829,6808,6936,3889,4389,0,0
11278,2328,7434,-80,1586,1163,0,0
6612,4723,6892,-6320,9251,-7411,0,0
-68,4081,2194,-8857,13140,-14736,0,0
-3153,1029,-3401,-2662,8728,-18737,0,0
-3057,-838,-3842,-961,2534,-9579,0,0
-1871,-1378,-3447,212,4608,-3298,0,0
-926,-1894,-3878,4132,2002,-552,0,0
-1021,-2164,-6856,6162,1494,-55,0,0
-1476,-1550,-5715,6910,-719,490,0,0
-3408,-796,-5772,6744,-1123,2052,0,0
-5523,499,-5970,7132,-801,2054,0,0
-4247,2043,-5947,7123,-1093,1850,0,0
-1816,3000,-5874,6693,-1345,1826,0,0
-1477,3417,-6024,8440,-2135,-37,0,0
-4668,3789,-5461,9978,-2934,-3433,0,0
-6628,4293,-3995,11413,-313,-4376,0,0
-4841,4664,-1449,14070,3525,-6144,0,0
-1680,4622,-16,13176,2208,-8186,0,0
-2666,3585,729,10964,707,-13317,0,0
-5243,222,865,6475,8657,-14520,0,0
-1840,-1061,584,4397,-415,-513,0,0
-2001,-970,943,3353,-418,1878,0,0
-2745,-787,453,2067,111,1562,0,0
-2429,-618,722,1782,134,1391,0,0
-1936,-460,458,1965,-499,1251,0,0
-1046,-284,-215,2309,-69,1037,0,0
282,-41,-776,3339,-596,1183,0,0
1345,218,-1074,4345,-596,1133,0,0
2826,708,-834,4563,-1167,758,0,0
2361,1268,155,4361,-1148,422,0,0
1837,1738,1276,4641,-955,-389,0,0
1189,1579,2136,5918,-390,-2231,0,0
-228,250,1084,5293,6143,-6393,0,0
923,-317,-550,3632,-283,-149,0,0
-953,88,47,4529,-2622,-294,0,0
-4041,-516,651,4228,-439,256,0,0
-3648,-713,693,3899,310,796,0,0
-2182,-396,539,3954,-45,866,0,0
-1778,-107,309,3743,168,461,0,0
-901,4,9,3884,113,298,0,0
174,60,-166,4007,-429,573,0,0
262,160,-178,4071,-222,702,0,0
676,444,-179,4131,152,349,0,0
1499,553,-211,4111,613,-277,0,0
2153,539,-333,4240,-133,-247,0,0
1763,399,-348,4292,-34,118,0,0
1706,467,-254,3860,-362,441,0,0
1121,424,116,4179,-105,-30,0,0
838,275,221,4075,544,48,0,0
778,293,-146,3952,-577,334,0,0
-51,242,-251,3927,-952,318,0,0
-337,54,-119,3349,200,328,0,0
180,27,-176,3858,107,533,0,0
148,33,-209,4070,136,557,0,0
-122,82,-226,4312,416,596,0,0
28,210,47,4244,500,280,0,0
329,289,277,4353,-39,659,0,0
-147,310,603,4473,206,-679,0,0
-568,-94,804,4397,-151,493,0,0
-663,14,863,3992,-680,1049,0,0
-568,44,647,2781,46,794,0,0
86,2,80,2630,-794,1226,0,0
76,-9,-392,3229,-912,679,0,0
122,-129,-587,3809,-169,370,0,0
573,-101,-615,4043,-243,879,0,0
189,-50,-535,4700,-419,1216,0,0
346,85,48,5126,469,70,0,0
457,169,634,4552,1011,-105,0,0
256,318,748,4307,-425,650,0,0
112,187,769,3188,-395,221,0,0
89,-56,372,2453,-828,750,0,0
-79,-66,-159,2821,-992,1011,0,0
-59,-97,-614,3409,-564,906,0,0
-63,0,-765,3405,-275,1056,0,0
-183,58,-778,3972,472,544,0,0
178,-14,-769,4469,563,538,0,0
618,0,-502,4715,277,1017,0,0
801,145,-154,4939,-118,254,0,0
550,113,398,5127,32,599,0,0
424,303,677,4527,483,466,0,0
226,158,670,4263,99,680,0,0
264,61,630,3575,-409,808,0,0
-185,17,484,3149,-365,659,0,0
-437,-23,243,2828,-493,711,0,0
-238,-84,19,3078,-559,990,0,0
42,-221,-167,3760,-601,949,0,0
131,-322,-260,4203,-483,1361,0,0
-86,-254,-355,4205,-97,1096,0,0
228,-152,-376,4552,96,25,0,0
523,-204,-74,4544,-30,-113,0,0
-36,-84,240,3833,35,346,0,0
-327,63,226,3722,-281,339,0,0
-155,28,216,3588,-793,514,0,0
-325,-21,180,3560,-869,217,0,0
-909,-399,-42,4130,-160,351,0,0
-710,-494,-353,4094,-169,941,0,0
-398,-374,-379,4300,-170,1012,0,0
-350,-258,-277,4206,144,643,0,0
72,-141,-205,3906,433,62,0,0
396,-158,-196,3884,91,69,0,0
362,-93,-125,3795,-498,103,0,0
77,-100,37,3646,-580,-80,0,0
-240,-183,131,3687,-658,-111,0,0
-273,-251,250,3849,-571,44,0,0
-380,-311,294,4041,-282,194,0,0
-264,-243,197,4342,-127,76,0,0
-163,-167,92,4341,-53,-195,0,0
-151,-158,-21,4260,34,-328,0,0
-222,-70,-58,4179,-80,-248,0,0
-357,28,-1,4150,-137,-89,0,0
-485,78,66,3978,-273,-95,0,0
-488,45,133,3898,-303,-80,0,0
-315,-22,139,3896,-366,78,0,0
-251,-26,42,3906,-413,73,0,0
-273,-44,-55,3919,-410,-89,0,0
-356,-82,-2144,4094,-363,-204,0,0
-620,-140,-131,4277,-353,-365,0,0
-978,-199,-154,4074,-56,-2448,0,0
-893,-151,-125,3993,32,-212,0,0
-540,-66,-51,4051,87,-132,0,0
-310,-9,-17,3977,-16,-66,0,0
-191,-8,-35,4087,-122,20,0,0
-21,-3,-55,4018,-315,-106,0,0
27,-16,7,3884,-286,-215,0,0
71,-72,44,3838,-125,-301,0,0
58,-93,-24,3798,-171,-252,0,0
-47,-79,-90,3858,-232,-239,0,0
-150,-81,-107,3912,-125,-299,0,0
-134,-76,-125,3933,-67,-292,0,0
-75,-60,-82,4005,-94,-281,0,0
-83,-67,-29,4002,56,-298,0,0
74,-24,-45,3984,-15,-216,0,0
188,20,-25,3941,-123,-260,0,0
172,3,0,3819,13,-240,0,0
283,66,-29,3810,-51,-128,0,0
463,158,-19,4007,-210,-181,0,0
496,189,-41,4096,-242,-333,0,0
560,176,-75,4153,-333,-389,0,0
520,150,-12,4096,-464,-399,0,0
231,70,74,3943,-256,-327,0,0
-27,31,97,3802,156,-217,0,0
57,115,-91,3927,-33,-211,0,0
6,139,-293,3938,-388,-317,0,0
-189,18,-240,3959,-535,-364,0,0
-265,-113,-43,4109,-319,-133,0,0
-105,-88,77,4015,-126,-32,0,0
86,-18,76,3847,-145,-175,0,0
60,-73,43,3894,-212,-181,0,0
-50,-104,68,3877,-6,-103,0,0
138,-65,153,3962,163,-81,0,0
317,-11,177,4079,-27,-55,0,0
298,76,95,3911,-165,-156,0,0
316,90,38,4007,-240,-297,0,0
288,12,-35,4010,-382,-353,0,0
112,-88,-37,3998,-477,-326,0,0
-74,-204,65,4010,-53,-117,0,0
122,-89,103,4150,349,-28,0,0
499,117,11,4303,-21,-330,0,0
385,149,-107,4126,-523,-474,0,0
-45,38,-89,3937,-517,-440,0,0
-295,-64,15,3945,-166,-210,0,0
-138,-52,55,3992,-23,-52,0,0
43,10,7,3993,-64,-39,0,0
140,53,-86,3979,-186,-188,0,0
154,60,-95,3939,-328,-301,0,0
65,8,-35,3885,-185,-2328,0,0
60,-15,5,3922,-76,-139,0,0
98,43,-2,4007,-99,-45,0,0
227,107,-56,4006,-254,-258,0,0
149,68,-94,4003,-276,-299,0,0
-37,6,-99,3965,-72,-246,0,0
-28,-8,-80,4036,-14,-164,0,0
25,21,-60,4165,-108,-62,0,0
49,63,-20,4231,-213,-129,0,0
114,68,18,4253,-185,-316,0,0
119,63,39,4100,-174,-415,0,0
-122,17,75,3956,-225,-327,0,0
-476,-50,90,3920,-190,-254,0,0
-562,-84,39,3840,-129,-163,0,0
-421,-37,-6,3939,-192,-40,0,0
-349,-2,-30,3979,-221,-37,0,0
-290,-2,-15,3997,-206,-96,0,0
-103,19,12,4073,-140,-90,0,0
21,59,29,4034,-201,-103,0,0
29,65,28,4019,-247,-194,0,0
-28,45,12,3904,-268,-229,0,0
-88,23,14,3767,-257,-232,0,0
-190,-3,-3,3814,-175,-130,0,0
-230,0,-48,3867,-172,-92,0,0
-223,7,-60,3875,-147,-71,0,0
-175,37,-27,4013,-170,-47,0,0
-187,32,3,4141,-71,-124,0,0
-81,20,13,4172,-22,-98,0,0
82,56,68,4122,-167,-90,0,0
74,46,94,4082,-188,-149,0,0
75,28,56,4020,-239,-111,0,0
140,37,55,3816,-335,-135,0,0
127,-2,87,3786,-310,-116,0,0
144,-32,81,3834,-256,-15,0,0
543,34,92,3965,-400,-38,0,0
856,120,190,4044,-592,-9,0,0
373,85,222,4031,-157,-2192,0,0
-27,22,42,4108,51,-184,0,0
166,50,-57,4078,-447,-162,0,0
65,16,9,3978,-583,-169,0,0
-110,-29,50,3952,-454,-92,0,0
-102,-37,29,3876,-495,39,0,0
166,13,79,3957,-549,237,0,0
604,155,179,4065,-515,255,0,0
635,199,198,4091,-196,-7,0,0
444,116,35,4076,-161,-111,0,0
468,54,-26,4023,-624,-119,0,0
259,12,79,4011,-572,-77,0,0
88,-14,136,3941,-432,-49,0,0
-9,-35,115,3916,-510,64,0,0
-49,-48,82,3826,-511,117,0,0
-21,-44,71,3789,-368,202,0,0
44,4,22,4048,-448,137,0,0
-121,11,-112,4304,-724,-170,0,0
-568,-87,-262,4157,-904,-331,0,0
-874,-202,-235,4001,-765,-298,0,0
-894,-259,-64,3887,-613,-252,0,0
-890,-277,62,3946,-479,-163,0,0
-887,-300,75,4064,-298,-89,0,0
-808,-298,45,4055,-345,-144,0,0
-754,-274,32,4031,-324,-187,0,0
-638,-188,38,3969,-374,-223,0,0
-522,-127,15,4022,-320,-353,0,0
-461,-102,-60,4040,-404,-408,0,0
-337,-81,-105,3997,-451,-485,0,0
-297,-92,-85,3969,-476,-495,0,0
-334,-108,-31,3943,-484,-406,0,0
-382,-94,18,3935,-413,-294,0,0
-386,-73,7,3887,-229,-338,0,0
-164,-31,1,3882,-235,-372,0,0
7,42,-12,3904,-288,-377,0,0
29,121,-39,3855,-323,-420,0,0
-14,158,-72,3824,-358,-474,0,0
-117,165,-101,3940,-407,-518,0,0
-219,162,-133,4105,-436,-538,0,0
-214,143,-133,4121,-440,-512,0,0
-105,121,-54,4045,-397,-504,0,0
-67,80,37,4062,-282,-474,0,0
-71,45,48,4068,-194,-412,0,0
9,56,15,4044,-282,-412,0,0
-38,59,-11,3995,-347,-403,0,0
-191,48,-26,3938,-379,-359,0,0
-266,48,-29,3915,-381,-341,0,0
-259,38,-5,3905,-388,-341,0,0
-321,3,9,3868,-304,-292,0,0
-277,-11,2,3957,-263,-246,0,0
-154,1,14,4023,-304,-224,0,0
-126,-3,11,4085,-273,-251,0,0
-132,3,-2,4031,-282,-281,0,0
-101,7,8,3894,-250,-307,0,0
-95,-5,-2,3868,-227,-305,0,0
-53,-10,-24,3852,-234,-300,0,0
-18,-13,-28,3897,-255,-244,0,0
74,13,0,3980,-291,-236,0,0
99,21,28,4046,-256,-267,0,0
176,30,34,4076,-221,-288,0,0
313,46,53,4059,-242,-321,0,0
315,52,37,4018,-182,-344,0,0
299,67,-44,4077,-225,-342,0,0
258,90,-116,4012,-340,-335,0,0
193,85,-135,3946,-316,-307,0,0
250,94,-104,3912,-358,-268,0,0
174,71,-70,3853,-278,-270,0,0
293,52,-51,3897,-148,-200,0,0
640,97,-39,3971,-214,-153,0,0
720,117,-27,3969,-368,-162,0,0
522,88,-36,4011,-365,-178,0,0
397,75,-33,4035,-362,-213,0,0
383,76,4,3917,-454,-268,0,0
281,39,69,3867,-404,-249,0,0
194,18,112,3887,-398,-212,0,0
118,31,114,3862,-426,-228,0,0
-2,10,84,3858,-432,-175,0,0
-96,-12,60,3861,-483,-89,0,0
-210,-20,41,3894,-491,38,0,0
-243,-14,27,3984,-414,139,0,0
-83,26,21,4052,-300,154,0,0
197,65,9,4142,-253,73,0,0
352,88,-10,4182,-125,-27,0,0
427,111,-27,4145,-147,-192,0,0
417,102,-36,4044,-379,-166,0,0
318,94,3,4000,-550,-64,0,0
222,82,34,4038,-579,-22,0,0
136,46,24,3964,-555,7,0,0
39,23,-13,3935,-322,7,0,0
208,45,-110,4016,-370,58,0,0
281,65,-152,4048,-590,-9,0,0
79,34,-124,4019,-518,-54,0,0
-104,8,-56,4073,-430,-6,0,0
-189,-11,-20,4034,-278,-21,0,0
-216,-12,-19,4028,-310,130,0,0
-173,10,-26,3979,-394,132,0,0
-74,7,-7,3885,-418,71,0,0
26,-11,41,3914,-388,55,0,0
90,-32,52,4065,-446,81,0,0
115,-29,46,4218,-503,163,0,0
164,6,18,4314,-402,138,0,0
158,19,-100,4412,-185,17,0,0
120,25,-254,4308,-114,-120,0,0
93,35,-283,3921,-249,-205,0,0
-7,13,-113,3664,-306,-246,0,0
-233,-75,25,3664,-142,-179,0,0
-375,-101,20,3831,-171,16,0,0
-317,-19,-25,3974,-341,74,0,0
-244,58,-17,3923,-372,32,0,0
-195,52,-43,3935,-239,-50,0,0
-180,24,-134,3998,-296,-82,0,0
-208,11,-145,3942,-388,-26,0,0
-184,2,-71,3959,-241,-82,0,0
-217,-36,-17,3895,-139,-112,0,0
-226,-62,-7,3819,-63,-81,0,0
-242,-76,-20,3946,-98,23,0,0
-311,-71,-63,4012,-149,47,0,0
-296,-64,-68,3946,-195,26,0,0
-196,-44,5,3937,-169,34,0,0
-145,-15,47,4053,-14,19,0,0
-112,25,6,3966,7,-51,0,0
-100,41,-6,3918,-120,-82,0,0
-71,36,11,3992,-148,-68,0,0
-45,13,-9,3935,-159,-64,0,0
2,-11,35,3859,-261,-21,0,0
12,-31,81,3910,-162,11,0,0
144,-41,68,3977,-104,9,0,0
208,-44,51,4042,-168,9,0,0
147,-60,44,3992,-41,-92,0,0
262,-53,22,4011,-56,-54,0,0
394,5,14,4101,-157,-37,0,0
425,16,14,4048,-290,-181,0,0
358,-18,36,4065,-310,-139,0,0
215,-39,42,4105,-259,-121,0,0
114,-69,28,3996,-217,-152,0,0
48,-99,19,3872,-209,-54,0,0
137,-80,34,3856,-217,-7,0,0
211,-52,21,3990,-306,36,0,0
229,-17,-19,4039,-333,29,0,0
319,26,-40,4055,-319,-78,0,0
427,49,-38,4077,-343,-153,0,0
329,27,-30,4074,-375,-183,0,0
133,19,-18,4030,-301,-163,0,0
28,38,3,3944,-260,-131,0,0
-39,43,8,3909,-288,-94,0,0
-85,48,-6,3848,-339,-44,0,0
-2152,55,-13,3775,-373,-18,0,0
-39,58,3,3852,-387,42,0,0
29,70,6,4127,-403,94,0,0
25,27,-53,4388,-184,38,0,0
119,14,-116,4262,-156,16,0,0
270,76,-39,3998,-183,-113,0,0
190,77,84,3942,-194,-131,0,0
98,71,140,3974,-356,-109,0,0
-5,1,134,3969,-414,-43,0,0
-14,-20,86,3955,-435,73,0,0
-3,-4,13,4015,-430,21,0,0
-16,-21,-56,4044,-453,14,0,0
30,5,-55,4027,-396,35,0,0
74,35,-26,4042,-303,-28,0,0
76,60,-44,4032,-278,-151,0,0
3,48,-90,4004,-380,-159,0,0
-145,23,-102,3977,-456,-101,0,0
-244,0,-84,3962,-396,-53,0,0
-278,-33,-65,3974,-318,17,0,0
-256,-37,-60,3972,-270,42,0,0
-223,-24,-43,3947,-231,28,0,0
-141,-15,-16,3925,-295,54,0,0
-241,22,5,3907,-426,-1,0,0
-692,23,-47,3999,-163,-303,0,0
-839,-67,-98,3989,-135,-230,0,0
-564,-122,-49,3970,-286,21,0,0
-280,-102,-6,3912,-165,185,0,0
-28,-48,-16,3921,-99,174,0,0
179,-24,-77,4014,-198,120,0,0
413,10,-83,3923,-199,33,0,0
605,50,6,3948,-192,-30,0,0
656,48,67,4010,-193,-115,0,0
567,13,85,3986,-244,-263,0,0
349,-26,82,4029,-264,-272,0,0
189,-49,67,4086,-296,-189,0,0
38,-61,51,4025,-342,-83,0,0
-2072,-58,38,4016,-340,-7,0,0
91,-26,36,4031,-313,-31,0,0
121,-15,10,3981,-254,-56,0,0
155,-1,-18,4012,-248,-98,0,0
219,18,-19,4036,-281,-139,0,0
230,34,-14,4021,-314,-94,0,0
153,32,-25,3990,-273,-140,0,0
121,25,-34,3954,-369,-211,0,0
-33,22,-50,3952,-291,-200,0,0
-108,13,-46,3986,-293,-117,0,0
-98,-14,-22,3994,-336,-67,0,0
-89,-7,-20,4002,-303,0,0,0
-54,17,-33,4082,-270,-41,0,0
-3,31,-29,4049,-288,-62,0,0
16,45,-4,3981,-278,-129,0,0
-74,48,-7,3998,-248,-109,0,0
-116,55,-22,3983,-260,-124,0,0
-164,36,-30,3988,-244,-118,0,0
-186,14,-43,3981,-232,-92,0,0
-200,-6,-52,3971,-240,-56,0,0
-159,3,-41,4016,-277,30,0,0
-144,24,-22,4013,-259,-3,0,0
-153,23,-12,3993,-208,-34,0,0
-136,29,-18,4018,-230,-28,0,0
-166,23,-28,3997,-235,-24,0,0
-186,15,-39,3998,-196,-8,0,0
-153,21,-43,4045,-208,24,0,0
-161,29,-43,4055,-246,9,0,0
-156,16,-24,4076,-242,-15,0,0
-131,-12,-8,4021,-213,-19,0,0
-100,-29,-3,3999,-187,23,0,0
-52,-7,-11,4007,-217,48,0,0
-68,16,-20,4046,-247,63,0,0
-144,27,-20,4020,-231,60,0,0
-151,39,-28,4056,-204,87,0,0
-90,61,-53,4117,-215,80,0,0
-70,68,-51,4030,-233,64,0,0
2,76,-25,3932,-177,22,0,0
33,77,-2,3825,-132,-51,0,0
19,57,-19,3799,-157,-23,0,0
-16,40,-45,3833,-211,40,0,0
-59,33,-64,3942,-194,78,0,0
29,43,-78,4022,-163,92,0,0
32,53,-94,4040,-129,69,0,0
-82,49,-2184,4050,-6,48,0,0
-113,64,-161,4018,-29,38,0,0
-111,69,-140,4028,-86,24,0,0
-134,42,-123,3983,-45,-16,0,0
-108,16,-124,3931,-60,3,0,0
-65,-9,-121,3973,-142,29,0,0
-89,-50,-119,3956,-89,43,0,0
-34,-79,-115,3888,-18,33,0,0
97,-92,-92,3910,-28,35,0,0
157,-104,-42,4097,-110,162,0,0
132,-64,19,4246,-130,227,0,0
73,23,82,4013,-10,136,0,0
55,96,78,3732,242,-35,0,0
155,99,9,3742,183,-221,0,0
-31,21,-69,4014,-100,-140,0,0
-209,-22,-84,4248,-175,36,0,0
-126,-46,-12,4122,-107,44,0,0
68,-72,92,3992,-11,86,0,0
143,-68,116,4006,-38,136,0,0
92,-38,80,3970,-65,164,0,0
111,3,47,3901,-27,103,0,0
163,32,33,3654,-68,-24,0,0
106,25,79,3501,-215,-28,0,0
-57,-61,89,4236,-27,194,0,0
57,-92,-137,4901,543,163,0,0
917,28,-59,4016,-71,-236,0,0
1092,31,484,3451,-308,-459,0,0
172,-58,531,3790,139,-254,0,0
-628,-72,-42,4116,74,211,0,0
-341,14,-355,3945,-530,187,0,0
-261,75,-209,3830,-631,111,0,0
-329,101,-71,4152,-300,-10,0,0
-473,16,-100,4209,-15,-15,0,0
-309,-33,-88,4057,151,-20,0,0
49,-6,38,4007,-13,-49,0,0
-129,-33,78,3970,58,46,0,0
-290,-78,10,4017,87,174,0,0
27,-37,6,4053,-82,197,0,0
276,45,19,4032,-177,93,0,0
219,47,-27,3985,-80,-99,0,0
113,2,-73,3940,-109,-220,0,0
15,-49,-55,3967,-253,-212,0,0
-98,-78,8,4005,-282,-88,0,0
-281,-75,46,3875,-117,-78,0,0
-309,-66,64,3901,-76,1,0,0
-206,-34,49,4025,-150,47,0,0
-174,-25,30,4068,-219,99,0,0
-129,-30,42,4056,-123,115,0,0
10,-40,61,3992,34,36,0,0
220,-22,65,4010,11,14,0,0
355,-6,60,4035,-103,9,0,0
421,16,60,4026,-157,-49,0,0
484,42,57,4049,-293,-111,0,0
355,35,23,4033,-343,-142,0,0
258,45,-18,3963,-185,-87,0,0
448,110,-58,4222,-219,-31,0,0
380,154,-136,4252,-268,-70,0,0
458,158,-146,4024,-93,-137,0,0
553,113,-79,3886,-201,-113,0,0
78,29,-16,3851,-229,-34,0,0
-156,-40,-2080,3946,-155,59,0,0
-106,-47,-54,3960,-304,130,0,0
-92,-40,-52,3928,-366,120,0,0
-68,-61,-32,3872,-300,38,0,0
-13,-70,2,3894,-165,43,0,0
82,-46,6,3938,8,82,0,0
294,-1,8,3916,-77,46,0,0
314,33,5,3954,-159,-55,0,0
333,14,8,4014,-89,-110,0,0
571,-16,37,4000,-260,-174,0,0
553,-63,71,3977,-258,-165,0,0
594,-103,140,4018,-202,110,0,0
628,-49,142,3990,-352,46,0,0
282,-23,106,3987,-270,-14,0,0
60,-2,45,3981,-225,-129,0,0
20,4,27,4007,-330,-221,0,0
-130,-20,45,4062,-351,-257,0,0
-291,-68,57,4069,-312,-210,0,0
-362,-84,58,4030,-286,-154,0,0
-381,-84,46,3998,-242,-78,0,0
-423,-77,9,4002,-249,-23,0,0
-480,-63,-46,4015,-296,-51,0,0
-486,-66,-72,4004,-276,-70,0,0
-370,-34,-75,3954,-230,-67,0,0
-314,-26,-79,3993,-182,-111,0,0
-301,-17,-83,3975,-162,-118,0,0
-170,6,-37,4008,-220,-123,0,0
-111,-4,0,3976,-211,-169,0,0
-77,-7,0,3950,-183,-127,0,0
84,1,7,4005,-219,-189,0,0
278,-6,-16,4009,-147,-226,0,0
446,6,-73,3980,-41,-95,0,0
565,49,-115,4000,-243,-29,0,0
310,48,-86,4046,-422,-35,0,0
-15,37,-23,4016,-273,-62,0,0
-122,33,13,3993,-199,-161,0,0
-220,30,-6,3935,-211,-130,0,0
-323,47,-10,3943,-295,-46,0,0
-432,39,18,4012,-293,-2136,0,0
-376,23,26,4063,-248,-108,0,0
-122,50,54,4091,-233,-126,0,0
68,76,51,4172,-123,-26,0,0
144,115,4,3967,-17,-141,0,0
155,103,2,3883,-227,-206,0,0
54,67,11,3930,-395,-144,0,0
-103,42,-9,3952,-432,-114,0,0
-155,20,-31,4039,-458,-183,0,0
-107,-27,-38,4124,-327,-242,0,0
273,-81,-76,4068,191,-428,0,0
948,-74,-166,3906,230,17,0,0
837,65,-185,3931,-267,466,0,0
237,54,-91,3825,-369,100,0,0
-115,7,47,3811,-211,182,0,0
-110,57,76,4036,-124,38,0,0
-8,15,-8,4137,-126,-195,0,0
37,-22,-39,4131,-116,-127,0,0
85,-64,-46,4103,-10,-265,0,0
113,-90,-73,4110,2,-265,0,0
308,-167,-117,4035,275,-249,0,0
748,-68,-112,3951,-152,304,0,0
467,6,123,3872,-380,88,0,0
-187,-86,165,3943,132,41,0,0
73,8,54,4005,-121,66,0,0
65,2,31,4054,-169,-87,0,0
2,-47,-35,4068,71,-141,0,0
152,15,-88,4003,-90,-118,0,0
20,25,-38,4000,-144,-162,0,0
-118,-8,-6,3973,20,-118,0,0
44,49,-32,3955,-5,-1,0,0
176,78,-77,4066,-89,-87,0,0
77,37,-183,4008,1,6,0,0
224,111,-253,4004,-56,37,0,0
192,100,-2344,3986,-7,-95,0,0
121,112,-351,4000,-59,73,0,0
97,199,-346,3917,-75,-52,0,0
-31,170,-337,3795,-33,-138,0,0
-65,163,-307,3860,-104,-90,0,0
-68,122,-198,4020,-168,-74,0,0
-152,48,-109,4107,119,47,0,0
-99,46,-92,4063,262,36,0,0
-27,44,-79,3970,153,-2,0,0
5,12,-31,3994,85,-42,0,0
-3,-2088,50,4037,117,-61,0,0
-130,-115,70,4063,327,11,0,0
-107,-106,54,4030,274,52,0,0
-5,-72,94,3946,122,14,0,0
-78,-83,101,3961,207,2,0,0
-117,-60,65,3897,153,-26,0,0
-164,-41,61,3865,226,-76,0,0
-217,-30,47,3860,268,33,0,0
-211,46,70,3989,151,222,0,0
-143,105,88,4079,-53,112,0,0
-102,-9,114,4013,55,-299,0,0
-52,-90,166,4027,-1,-133,0,0
65,-49,194,4044,4,-57,0,0
9,-34,193,4019,-7,-112,0,0
-159,-51,172,3958,-45,-85,0,0
-368,-104,151,3959,-68,-200,0,0
-492,-181,169,3983,-141,-93,0,0
-467,-167,224,4036,9,91,0,0
-333,-86,221,4036,104,39,0,0
-233,-36,116,4021,-57,-73,0,0
-299,-44,31,4025,-183,-12,0,0
-338,-41,20,3995,-136,-42,0,0
-281,-27,31,4020,-84,-75,0,0
-272,-13,19,4048,-124,-63,0,0
-306,-9,7,4081,-163,-42,0,0
-313,-3,13,4059,-165,-67,0,0
-251,3,33,4009,-171,-108,0,0
-210,1,41,3966,-177,-72,0,0
-189,7,56,3887,-217,-65,0,0
-190,2,64,3854,-143,-84,0,0
-149,2,30,3821,-58,-52,0,0
-25,16,4,3905,-206,-13,0,0
72,7,12,3964,-336,-56,0,0
113,-18,37,4057,-308,3,0,0
262,6,68,4097,-264,-6,0,0
459,35,92,4057,-309,-147,0,0
490,32,90,4034,-383,-249,0,0
287,4,54,3990,-428,-257,0,0
56,-24,12,4049,-420,-203,0,0
-52,-24,-5,4054,-428,-180,0,0
-124,-31,-9,3979,-377,-156,0,0
-196,-33,-10,3932,-304,-117,0,0
-189,-29,-23,3991,-286,-83,0,0
-94,-23,-11,3941,-310,-68,0,0
10,-1,24,3912,-288,-87,0,0
61,13,36,3953,-289,-111,0,0
76,13,19,4003,-345,-81,0,0
80,11,4,4045,-350,-90,0,0
126,6,-12,4040,-341,-121,0,0
145,7,-14,3988,-331,-158,0,0
99,-1,-15,3967,-281,-160,0,0
85,8,-25,4010,-297,-126,0,0
96,24,-35,4047,-345,-117,0,0
107,32,-49,4059,-354,-165,0,0
118,27,-60,3955,-370,-238,0,0
76,4,-34,3891,-357,-208,0,0
37,-7,8,3938,-326,-134,0,0
32,0,21,3978,-274,-94,0,0
65,14,7,3997,-280,-75,0,0
61,23,-21,3989,-378,-64,0,0
70,24,-32,4024,-335,-69,0,0
160,24,-27,4023,-350,-129,0,0
120,24,-23,4018,-323,-156,0,0
91,36,-32,4004,-328,-167,0,0
51,39,-51,3990,-367,-140,0,0
-4,35,-51,3986,-387,-105,0,0
1,31,-38,3970,-331,-113,0,0
25,27,-34,3988,-285,-83,0,0
1,28,-48,3998,-242,-90,0,0
-7,32,-56,4006,-278,-88,0,0
-30,28,-62,4032,-296,-65,0,0
-35,20,-61,4028,-291,-38,0,0
-9,24,-51,3988,-271,-43,0,0
0,31,-48,3972,-235,-71,0,0
-21,32,-58,3984,-228,-67,0,0
-72,23,-70,4016,-246,-30,0,0
-77,24,-68,4005,-275,-17,0,0
-60,26,-54,3984,-214,-19,0,0
-50,16,-50,3980,-217,-5,0,0
-63,16,-46,3988,-205,9,0,0
-50,28,-32,4007,-224,0,0,0
-86,28,-25,4014,-211,4,0,0
-86,19,-33,3995,-150,-9,0,0
-26,13,-41,4016,-154,-32,0,0
1,9,-47,4037,-184,-39,0,0
-22,1,-48,3992,-154,-72,0,0
-38,-17,-2088,3992,-166,-49,0,0
-52,-22,-34,3971,-170,-38,0,0
-41,-24,-16,3980,-175,-28,0,0
-43,-23,-4,4027,-159,2,0,0
-2136,-7,-27,4002,-120,-5,0,0
-97,16,-53,3977,-104,-23,0,0
-94,34,-55,3980,-122,-69,0,0
-127,31,-43,3986,-174,-75,0,0
-164,14,-17,4043,-187,-30,0,0
-185,11,-8,4055,-153,3,0,0
-199,23,-11,3974,-77,-10,0,0
-179,26,-24,3984,-85,-29,0,0
-187,14,-36,3984,-162,-58,0,0
-198,-5,-23,3990,-159,-42,0,0
-168,-31,-5,4037,-130,-4,0,0
-176,-41,-10,4031,-99,-9,0,0
-161,-34,-13,4030,-102,-43,0,0
-155,-38,-9,4046,-112,-64,0,0
-206,-55,-12,4008,-104,-71,0,0
-248,-71,-7,3981,-86,-58,0,0
-263,-82,-3,3977,-72,-36,0,0
-253,-74,-5,3973,-45,7,0,0
-188,-58,-8,3990,-40,13,0,0
-105,-47,-19,3996,-75,-11,0,0
-29,-41,-10,3954,-92,-26,0,0
55,-44,13,3937,-45,-18,0,0
142,-25,12,3958,-54,-28,0,0
183,3,-7,4000,-75,-52,0,0
216,18,-16,3960,-139,-132,0,0
204,9,-16,3962,-153,-157,0,0
180,6,-6,4000,-156,-143,0,0
151,5,-4,3973,-156,-161,0,0
169,3,7,4001,-178,-137,0,0
146,16,2,3990,-131,-143,0,0
113,16,-13,3966,-161,-169,0,0
77,2,-13,3975,-203,-161,0,0
56,-4,-5,3964,-172,-145,0,0
48,-2,0,3955,-150,-150,0,0
9,-7,-4,4015,-168,-140,0,0
-28,-7,-14,4040,-138,-146,0,0
-10,-5,-10,4087,-95,-112,0,0
-24,2,-12,4026,-113,-137,0,0
-50,4,-19,3950,-113,-106,0,0
-31,12,-4,3970,-139,-74,0,0
-31,17,-9,3976,-115,-81,0,0
7,17,-9,3979,-116,-88,0,0
46,15,-5,3965,-151,-118,0,0
68,0,3,3991,-146,-99,0,0
90,-9,5,4005,-124,-85,0,0
97,-2,3,4025,-118,-83,0,0
103,13,7,4032,-119,-99,0,0
109,26,8,3979,-139,-159,0,0
91,17,12,3988,-193,-138,0,0
42,10,6,4003,-176,-107,0,0
43,12,-4,4000,-153,-90,0,0
71,17,-16,4000,-164,-101,0,0
39,16,-25,4009,-152,-110,0,0
31,12,-23,3997,-147,-104,0,0
50,10,-9,3999,-125,-102,0,0
25,8,-14,3999,-118,-101,0,0
12,15,-23,4014,-145,-105,0,0
21,17,-16,4008,-167,-111,0,0
-13,4,-11,3992,-156,-84,0,0
-7,3,-1,3985,-150,-70,0,0
17,5,11,3997,-129,-80,0,0
12,12,7,4032,-170,-84,0,0
-23,19,-10,4004,-142,-106,0,0
-33,17,-25,3983,-144,-103,0,0
-45,18,-29,3978,-154,-111,0,0
-36,12,-15,4019,-185,-97,0,0
-60,4,-13,4036,-142,-75,0,0
-55,10,-16,4025,-114,-70,0,0
-58,19,-20,3994,-105,-100,0,0
-79,22,-28,4001,-136,-97,0,0
-93,20,-27,4004,-146,-90,0,0
-105,15,-32,3991,-117,-85,0,0
-89,16,-34,4003,-132,-57,0,0
-71,30,-32,4007,-140,-83,0,0
-83,28,-36,3994,-129,-126,0,0
-114,9,-35,3968,-165,-120,0,0
-154,-14,-21,4020,-165,-58,0,0
-137,-21,-16,4054,-113,-7,0,0
-50,-5,-1,4038,-139,-43,0,0
-32,-2,22,3997,-138,-99,0,0
-85,-13,21,3962,-80,-97,0,0
-68,-12,7,3966,-97,-71,0,0
17,-7,13,3974,-208,-87,0,0
1,-5,14,3970,-161,-14,0,0
10,12,7,3974,-206,-51,0,0
0,2,-10,4010,-211,-123,0,0
-27,-35,5,3949,-174,-165,0,0
-34,-54,38,3916,-167,-124,0,0
-80,-67,66,3965,-148,-74,0,0
-88,-52,50,4007,-148,-40,0,0
-42,-34,42,3997,-186,-65,0,0
-41,-26,46,3969,-195,-109,0,0
-63,-22,41,3968,-159,-98,0,0
-42,-17,41,3956,-167,-95,0,0
-16,-4,41,4007,-191,-77,0,0
-22,9,23,4024,-185,-91,0,0
-11,14,1,4012,-191,-105,0,0
0,22,-12,3973,-215,-141,0,0
-3,13,-5,4002,-207,-123,0,0
-5,9,-7,4013,-217,-85,0,0
-4,17,-9,4006,-219,-99,0,0
-6,15,-2,4012,-194,-114,0,0
5,18,-7,3995,-210,-83,0,0
35,21,-5,3980,-245,-89,0,0
34,12,-10,3958,-220,-74,0,0
46,9,-15,3999,-216,-51,0,0
76,10,-21,4003,-200,-77,0,0
113,13,-21,4010,-181,-90,0,0
123,8,-17,3974,-212,-117,0,0
120,-6,0,3997,-228,-94,0,0
121,-5,11,3992,-198,-66,0,0
139,1,5,3981,-191,-55,0,0
133,2,-8,3994,-212,-49,0,0
132,20,-25,4011,-214,-81,0,0
181,27,-28,4019,-234,-121,0,0
194,15,-17,4011,-255,-157,0,0
111,10,-13,4019,-203,-115,0,0
93,23,-25,4008,-208,-62,0,0
91,34,-46,4015,-219,-55,0,0
104,37,-62,4012,-206,-106,0,0
120,31,-71,4010,-187,-118,0,0
117,30,-72,4030,-176,-74,0,0
85,35,-85,4045,-133,-72,0,0
72,50,-107,4003,-138,-98,0,0
50,67,-113,3975,-191,-90,0,0
-7,63,-107,3972,-178,-64,0,0
-47,63,-103,3979,-110,-57,0,0
-35,67,-103,3989,-121,-78,0,0
-43,53,-81,3995,-161,-99,0,0
-75,16,-47,4047,-164,-52,0,0
-96,-7,-26,3994,-106,-19,0,0
-46,-22,-3,3962,-56,-21,0,0
-18,-41,20,3986,-25,-14,0,0
-28,-45,11,4035,-20,-8,0,0
-19,-37,4,4053,-86,9,0,0
-31,-32,0,4014,-57,-5,0,0
-47,-25,-17,4001,-40,-19,0,0
-51,-14,-25,3984,-69,-50,0,0
-64,-20,-10,3994,-86,-35,0,0
-97,-21,-8,3979,-41,-22,0,0
-80,-18,-2056,4018,-58,-21,0,0
-41,-22,-2,4015,-110,-46,0,0
-20,-33,14,3994,-101,-45,0,0
-5,-39,26,3993,-74,-41,0,0
-19,-37,22,4031,-76,-48,0,0
-26,-20,8,4016,-92,-69,0,0
-44,-10,2,4005,-112,-89,0,0
-88,-13,-5,3991,-106,-94,0,0
-113,-8,3,3989,-114,-93,0,0
-126,-12,17,4020,-94,-66,0,0
-132,-3,14,4005,-76,-90,0,0
-129,8,-6,4023,-77,-108,0,0
-145,-2,-25,3972,-129,-113,0,0
-181,-15,-21,3970,-104,-82,0,0
-182,-8,-24,3982,-54,-47,0,0
-169,18,-41,4004,-52,-45,0,0
-174,32,-63,3979,-50,-73,0,0
-168,31,-67,3949,-77,-58,0,0
-184,19,-50,3943,-76,-13,0,0
-183,14,-34,3902,-14,15,0,0
-81,21,-20,3972,42,71,0,0
-12,55,-39,4030,44,59,0,0
55,82,-66,4008,2,14,0,0
92,81,-50,3934,-54,-11,0,0
94,72,-23,3929,-12,-8,0,0
132,68,-11,3958,-34,21,0,0
107,64,-5,4002,-23,44,0,0
76,53,-18,4023,9,76,0,0
77,58,-34,4027,10,112,0,0
139,74,-31,3986,21,120,0,0
238,85,-23,3982,74,126,0,0
257,91,-40,4040,101,176,0,0
239,159,-97,4113,83,237,0,0
348,272,-206,4064,103,129,0,0
573,331,-274,3969,-121,-14,0,0
423,265,-250,3969,-165,7,0,0
133,170,-204,3958,-2,38,0,0
-58,97,-186,3986,161,85,0,0
-75,80,-190,4014,114,146,0,0
-112,62,-193,4064,148,200,0,0
-42,36,-177,4012,201,171,0,0
35,-9,-104,3984,84,196,0,0
-105,-46,-20,3976,264,221,0,0
-90,-58,3,3977,347,213,0,0
11,-67,15,3939,227,271,0,0
35,-70,35,3915,238,272,0,0
33,-70,25,3901,280,300,0,0
76,-48,17,3927,274,286,0,0
54,-31,4,3944,376,260,0,0
30,4,-21,3939,410,240,0,0
-83,43,-53,3966,430,249,0,0
-277,77,-123,3953,533,258,0,0
-305,96,-169,3895,462,347,0,0
-190,124,-156,3887,411,470,0,0
-10,165,-126,3913,381,498,0,0
92,172,-131,3973,426,368,0,0
319,180,-123,3927,314,297,0,0
336,147,-45,3983,318,255,0,0
186,76,11,4022,412,191,0,0
91,27,33,4025,339,226,0,0
-48,-3,58,3996,322,271,0,0
-126,-28,73,3921,353,281,0,0
-146,-61,87,3923,295,341,0,0
-178,-92,104,3915,333,413,0,0
-126,-87,115,3894,350,427,0,0
-36,-67,133,3885,260,398,0,0
25,-60,157,3938,198,331,0,0
71,-54,152,3918,71,274,0,0
67,-79,156,3971,69,174,0,0
-50,-164,142,4145,181,119,0,0
-279,-248,96,4222,318,276,0,0
-363,-232,90,4005,347,382,0,0
-242,-179,157,3868,269,346,0,0
-154,-164,189,3884,139,347,0,0
-203,-182,161,3903,220,357,0,0
-128,-175,108,3924,287,405,0,0
112,-88,65,3958,199,335,0,0
266,-32,33,3997,121,180,0,0
348,-33,14,3993,74,38,0,0
517,-58,36,4141,-167,33,0,0
517,-80,119,4128,-238,52,0,0
400,-94,159,4031,-184,95,0,0
330,-47,141,3961,-188,133,0,0
466,-7,130,3902,-73,-40,0,0
565,-31,128,4017,-126,-109,0,0
425,-35,95,4044,-157,-90,0,0
326,15,79,3964,-154,-91,0,0
157,30,61,3973,-271,-117,0,0
-2144,20,15,4008,-298,-103,0,0
-175,22,4,4004,-298,-71,0,0
-179,8,39,3992,-294,-69,0,0
-276,-22,56,3973,-191,-59,0,0
-334,-21,44,3985,-127,10,0,0
-280,5,23,4057,-116,17,0,0
-253,14,-14,4172,-112,-4,0,0
-284,7,-53,4209,-123,30,0,0
-310,17,-65,4075,-143,-24,0,0
-322,13,-40,3962,-182,-37,0,0
-295,-14,4,3982,-269,29,0,0
-407,-36,22,3981,-248,52,0,0
-441,-28,17,3948,-246,67,0,0
-403,-19,22,3870,-273,6,0,0
-534,-49,13,3873,-240,29,0,0
-531,-13,-4,3905,-151,44,0,0
-215,21,-10,3949,-63,-13,0,0
148,15,-15,3978,-202,-16,0,0
127,-25,14,3933,-313,-4,0,0
-40,-64,40,3949,-189,39,0,0
34,-63,30,4000,-165,123,0,0
91,-41,11,4042,-252,150,0,0
91,-10,4,4062,-270,44,0,0
155,2,16,4003,-299,-72,0,0
198,-26,41,3952,-332,-155,0,0
230,-81,88,3927,-361,-194,0,0
275,-132,113,4020,-372,-183,0,0
284,-159,110,4068,-375,-145,0,0
125,-165,101,3865,-364,-244,0,0
-172,-188,103,3703,-297,-350,0,0
-215,-197,72,4112,-278,-170,0,0
-50,-147,-28,4391,-310,31,0,0
33,-72,-54,4082,-263,-77,0,0
186,9,15,3983,-256,-212,0,0
151,63,41,3899,-274,-357,0,0
-54,27,-27,3864,-216,-293,0,0
-4,27,-59,3862,-346,-199,0,0
23,61,-52,3941,-458,-183,0,0
11,82,-57,3963,-399,-191,0,0
62,84,-65,4049,-354,-239,0,0
144,71,-84,4064,-311,-284,0,0
143,39,-73,3945,-248,-351,0,0
82,-2,-31,4054,-250,-283,0,0
-1,-22,-8,4051,-253,-260,0,0
-22,-40,4,4002,-234,-221,0,0
5,-40,-3,4011,-235,-154,0,0
-5,-26,-30,3968,-205,-156,0,0
-6,-13,-72,3919,-174,-171,0,0
23,14,-91,3947,-217,-235,0,0
11,2,-114,3934,-198,-237,0,0
37,-15,-127,4010,-233,-101,0,0
153,26,-98,4031,-186,-161,0,0
253,49,-57,4103,-80,-212,0,0
333,72,-57,4203,-144,-250,0,0
294,97,-62,4199,-276,-338,0,0
51,55,-80,4022,-283,-366,0,0
-199,-6,-102,3942,-228,-261,0,0
-365,-33,-124,3877,-174,-195,0,0
-328,-30,-118,3888,-143,-2168,0,0
-174,-8,-93,3949,-214,-86,0,0
-117,-2,-51,4007,-183,-169,0,0
-79,-16,-14,4016,-98,-210,0,0
-57,-19,33,3980,-147,-203,0,0
-131,-19,80,3952,-157,-173,0,0
-178,-22,94,3937,8,-141,0,0
-42,-14,75,3972,45,-121,0,0
72,9,54,4094,-86,-109,0,0
102,20,29,4043,-104,-126,0,0
203,27,37,3974,-128,-168,0,0
340,46,54,4070,-110,-168,0,0
638,76,43,4222,-139,-122,0,0
1104,133,65,4103,-5,-37,0,0
2155,236,108,4202,-43,-176,0,0
2150,173,158,3980,-488,-1,0,0
1120,70,208,3805,-329,32,0,0
684,20,163,3705,-210,-86,0,0
474,-9,111,3667,-461,22,0,0
-8,-61,48,3753,-647,-32,0,0
-459,-103,-27,3870,-672,-116,0,0
-854,-122,-64,3928,-740,-139,0,0
-1360,-141,-33,4005,-594,-111,0,0
-1325,-118,26,4100,-215,-312,0,0
-748,-133,39,3962,-261,-500,0,0
-567,-215,65,3888,-368,-619,0,0
-173,-273,57,3918,-273,-549,0,0
337,-264,84,4366,-611,-113,0,0
37,-270,82,4496,-510,-39,0,0
1,-250,166,4045,-269,-41,0,0
218,-201,339,4019,-341,-91,0,0
95,-222,298,4155,-356,-282,0,0
38,-282,133,4088,-347,-472,0,0
233,-380,-11,4414,-319,-617,0,0
658,-363,-87,3959,-311,-414,0,0
1044,-217,9,3599,-541,-426,0,0
964,-82,97,3547,-683,-395,0,0
681,12,28,3548,-770,-421,0,0
746,78,-48,3622,-828,-473,0,0
830,152,-70,3669,-894,-315,0,0
686,258,-93,3749,-1028,-359,0,0
213,301,-129,3976,-1024,-496,0,0
-311,290,-203,4015,-760,-437,0,0
-392,341,-226,3504,-530,-397,0,0
-178,435,-189,3777,-302,-217,0,0
114,436,-316,4462,-98,-113,0,0
745,441,-508,4338,-266,-436,0,0
1001,307,-543,4181,-930,-816,0,0
65,-68,-332,4083,-1088,-380,0,0
-785,-213,21,3865,-493,-41,0,0
-722,-150,318,4164,-48,17,0,0
-341,-10,277,4015,10,16,0,0
-124,155,121,3800,-234,-174,0,0
-128,196,33,3982,-522,-239,0,0
-348,99,-18,4392,-714,-231,0,0
-629,-70,-60,4045,-554,-125,0,0
-394,-116,47,3806,-309,52,0,0
-156,-53,110,3943,-318,-47,0,0
-272,-12,35,3933,-349,-92,0,0
-317,1,-69,4036,-318,-91,0,0
-179,15,-82,4015,-394,-2224,0,0
-44,13,14,3998,-448,-120,0,0
-20,5,78,4025,-399,-116,0,0
-33,-4,69,3912,-415,-177,0,0
-45,-14,31,3911,-471,-222,0,0
-31,-20,-22,3951,-516,-254,0,0
-28,-28,-62,3948,-526,-192,0,0
-20,-34,-52,4028,-584,-129,0,0
-97,-28,-23,3992,-527,-120,0,0
-79,-11,19,3967,-462,-145,0,0
29,-8,64,3993,-485,-166,0,0
37,-19,75,3926,-496,-182,0,0
27,-19,103,3832,-513,-206,0,0
-39,-35,97,3776,-424,-199,0,0
-68,-45,29,3816,-325,-184,0,0
30,-41,-54,4081,-485,-105,0,0
29,-43,-107,4171,-573,-97,0,0
45,-38,-83,4045,-478,-149,0,0
235,-14,17,4006,-520,-235,0,0
220,-9,97,3938,-516,-312,0,0
98,-27,92,3941,-408,-328,0,0
179,-44,50,3989,-476,-254,0,0
189,-49,15,3927,-537,-188,0,0
175,-61,-6,3934,-534,-124,0,0
212,-45,-17,4029,-438,27,0,0
389,20,11,4039,-387,-48,0,0
699,53,37,4005,-447,-327,0,0
812,69,25,3934,-578,-338,0,0
661,63,-24,3966,-616,-396,0,0
544,7,-97,3936,-650,-257,0,0
493,34,-73,3946,-827,-35,0,0
279,45,40,3958,-899,-193,0,0
-18,24,117,3882,-651,-177,0,0
-124,9,94,3870,-594,-141,0,0
-111,16,44,3885,-634,-76,0,0
-106,27,-20,3974,-615,22,0,0
-54,58,-103,4050,-645,15,0,0
15,104,-164,4057,-677,-128,0,0
24,108,-147,4052,-732,-283,0,0
-120,59,-48,4055,-799,-297,0,0
-336,8,73,4043,-681,-228,0,0
-390,-13,166,3945,-559,-130,0,0
-383,-49,185,3834,-473,-102,0,0
-357,-93,143,3840,-404,-11,0,0
-180,-80,38,3973,-374,109,0,0
38,5,-97,3976,-476,78,0,0
156,81,-201,3997,-532,-86,0,0
144,135,-243,4037,-722,-190,0,0
-130,140,-209,4067,-784,-265,0,0
-396,91,-128,4052,-705,-205,0,0
-471,50,-61,3941,-667,-93,0,0
-463,6,-13,3878,-636,4,0,0
-454,-32,28,3883,-470,68,0,0
-288,-6,10,3927,-367,114,0,0
-55,49,-24,4017,-418,42,0,0
18,64,-49,4126,-424,-69,0,0
-6,48,-81,4188,-379,-75,0,0
75,65,-75,4197,-542,-88,0,0
84,89,-13,4134,-680,-128,0,0
-116,52,32,4003,-610,-123,0,0
-273,14,40,3869,-572,-129,0,0
-357,-11,19,3769,-594,-79,0,0
-494,-43,-17,3800,-561,21,0,0
-554,-70,-60,3951,-437,78,0,0
-444,-69,-90,4070,-338,135,0,0
-335,-32,-114,4165,-242,122,0,0
-264,19,-124,4108,-144,18,0,0
-103,55,-89,3998,-192,-26,0,0
47,66,-17,3941,-280,11,0,0
143,89,36,3811,-251,-24,0,0
334,114,44,3824,-295,-108,0,0
521,90,14,3924,-457,-161,0,0
472,35,-10,3930,-514,-143,0,0
379,-11,-5,3978,-561,-32,0,0
366,-8,19,4017,-581,28,0,0
367,17,48,4001,-525,-28,0,0
253,21,39,3938,-458,-125,0,0
113,16,-10,4011,-433,-83,0,0
58,28,-49,4078,-481,-18,0,0
52,35,-46,4039,-537,-46,0,0
-6,15,-23,3926,-510,-110,0,0
-72,-18,-3,3839,-413,-95,0,0
-50,-28,-15,3961,-374,28,0,0
28,-5,-39,3997,-364,-14,0,0
140,-7,-40,3983,-411,-106,0,0
159,-49,-16,3989,-476,-17,0,0
95,-80,21,4051,-423,68,0,0
60,-81,2,4128,-375,125,0,0
133,-37,-21,4063,-440,78,0,0
103,11,-2,3950,-431,-33,0,0
0,30,19,3858,-441,-116,0,0
-119,5,37,3925,-475,-32,0,0
-202,4,23,4010,-454,164,0,0
-72,26,-28,4119,-460,98,0,0
89,32,-2112,4102,-554,-28,0,0
41,30,-53,4030,-580,-109,0,0
-107,25,-19,3950,-528,-151,0,0
-224,2,18,3925,-484,-130,0,0
-2352,-30,59,3909,-394,-45,0,0
-293,-46,48,3977,-276,33,0,0
-90,-17,17,3963,-315,57,0,0
81,19,17,4024,-475,20,0,0
35,36,13,4059,-536,6,0,0
-19,66,-12,4052,-581,-25,0,0
-28,84,-42,4057,-619,-69,0,0
-178,57,-51,4087,-593,-106,0,0
-438,-13,-37,4045,-419,-68,0,0
-552,-58,0,3950,-218,11,0,0
-445,-31,8,3914,-158,107,0,0
-203,14,-18,3998,-331,175,0,0
-55,25,-45,4030,-470,203,0,0
73,38,-45,3969,-441,126,0,0
270,54,-21,3920,-414,-36,0,0
322,25,-11,3973,-455,-108,0,0
214,-29,-16,4014,-478,-106,0,0
127,-74,8,3974,-406,-33,0,0
146,-79,20,3991,-354,43,0,0
220,-35,-17,3926,-415,11,0,0
279,-13,-43,3904,-570,-48,0,0
188,-51,-43,3934,-581,-3,0,0
73,-62,-52,3942,-414,40,0,0
129,-22,-71,4016,-348,13,0,0
210,18,-81,4101,-441,-47,0,0
174,23,-54,4070,-515,-40,0,0
164,21,4,3972,-517,-59,0,0
164,11,37,3907,-526,-90,0,0
118,-11,25,3900,-539,-85,0,0
74,-20,22,3928,-500,-100,0,0
2,-20,6,3958,-415,-136,0,0
-63,-12,-28,3962,-444,-147,0,0
-149,-16,-34,4004,-499,-104,0,0
-219,-36,-25,4046,-458,-15,0,0
-193,-29,-20,4042,-392,35,0,0
-107,3,-26,4044,-394,-1,0,0
-71,29,-36,4038,-498,-61,0,0
-114,29,-32,3972,-537,-77,0,0
-147,19,18,3973,-502,-65,0,0
-217,4,20,3992,-425,-4,0,0
-256,7,-5,3969,-366,43,0,0
-223,30,-22,4006,-349,40,0,0
-228,32,-52,4082,-302,62,0,0
-240,42,-87,4043,-251,71,0,0
-183,68,-102,4076,-268,92,0,0
-155,84,-104,4056,-269,85,0,0
-118,95,-88,3994,-259,28,0,0
-38,85,-63,3985,-253,-5,0,0
114,94,-25,3938,-248,-10,0,0
339,96,7,4001,-281,-21,0,0
372,39,8,4027,-329,-19,0,0
300,-13,-17,3936,-225,-47,0,0
400,-1,-33,3931,-276,-45,0,0
311,-9,-44,3907,-275,-88,0,0
129,-24,-91,3951,-286,-109,0,0
57,-30,-111,4007,-332,-150,0,0
-19,-22,-114,4044,-344,-137,0,0
-124,-22,-112,4055,-351,-116,0,0
-314,-32,-114,3994,-306,-146,0,0
-468,-58,-110,4001,-286,-81,0,0
-2648,-66,-95,4001,-261,-24,0,0
-613,-70,-71,3961,-198,-26,0,0
-504,-65,-39,3915,-201,24,0,0
-402,-37,-16,3927,-183,56,0,0
-333,-24,-34,3953,-141,53,0,0
-241,-22,-59,3979,-112,42,0,0
-55,-25,-50,4029,-175,19,0,0
72,-37,-10,4041,-164,-20,0,0
120,-43,42,3988,-115,-47,0,0
132,-42,62,4011,-46,-76,0,0
148,-30,33,4001,-111,-89,0,0
100,-20,6,4005,-202,-125,0,0
15,-20,-17,3990,-194,-187,0,0
-5,-9,-23,4018,-269,-124,0,0
-77,3,-11,3980,-263,-110,0,0
-193,12,-11,3951,-228,-134,0,0
-294,21,-27,3978,-214,-152,0,0
-376,2,-25,3994,-280,-146,0,0
-427,-31,8,3985,-226,-101,0,0
-314,-43,60,3960,-158,-48,0,0
-131,-24,71,3988,-154,-26,0,0
-104,-5,28,4002,-123,-63,0,0
-66,6,-12,4017,-207,-97,0,0
-63,10,-15,4034,-175,-146,0,0
-2072,1,-13,4045,-167,-207,0,0
8,-26,-12,4059,-230,-183,0,0
-51,-52,-12,4069,-222,-111,0,0
-93,-47,-2,4057,-163,-129,0,0
-73,-56,12,4010,-177,-161,0,0
-166,-77,19,3974,-222,-133,0,0
-222,-80,32,3928,-153,-119,0,0
-104,-70,39,3924,-196,-112,0,0
-46,-53,37,3930,-167,-16,0,0
-3,-28,24,3891,-169,-39,0,0
68,-17,-7,3929,-142,-83,0,0
172,10,-25,3990,-195,-137,0,0
285,28,-9,3990,-232,-223,0,0
300,15,-13,4028,-241,-288,0,0
221,-4,-28,4000,-311,-389,0,0
102,-43,-23,3972,-346,-427,0,0
-21,-98,-2,3982,-390,-475,0,0
-304,-176,5,3911,-443,-481,0,0
-546,-228,16,4033,-420,-219,0,0
-594,-200,30,4211,-230,10,0,0
-436,-108,70,4032,-75,-45,0,0
-99,-23,95,3889,-20,-108,0,0
219,65,36,3917,-110,-201,0,0
281,117,-27,3901,-257,-337,0,0
255,107,-34,3903,-329,-359,0,0
294,91,-12,3963,-386,-381,0,0
300,71,1,4028,-395,-365,0,0
197,49,12,4032,-360,-418,0,0
80,11,14,4056,-278,-436,0,0
25,-11,5,4022,-272,-388,0,0
-63,-24,-8,4016,-279,-318,0,0
-109,-28,-12,4051,-277,-229,0,0
-101,-10,-2080,4027,-236,-223,0,0
-60,4,-60,4014,-230,-249,0,0
-21,15,-63,3991,-254,-283,0,0
-32,20,-47,3992,-259,-290,0,0
-45,21,-34,3986,-254,-285,0,0
-41,27,-25,3980,-281,-304,0,0
-69,23,-30,3974,-299,-282,0,0
-79,13,-30,3942,-306,-275,0,0
-63,3,-22,3936,-272,-263,0,0
-37,5,-21,3982,-248,-249,0,0
-44,17,-35,4005,-213,-243,0,0
-32,26,-42,4003,-208,-248,0,0
-32,36,-39,3985,-205,-265,0,0
-36,40,-34,3978,-234,-262,0,0
-49,37,-32,3973,-245,-247,0,0
-59,39,-28,3987,-251,-251,0,0
-62,41,-30,4001,-230,-257,0,0
-65,31,-27,3992,-226,-249,0,0
-74,19,-14,4005,-220,-239,0,0
-70,13,4,4008,-196,-235,0,0
-72,4,9,3995,-191,-235,0,0
-96,-4,6,3996,-174,-205,0,0
-109,-9,-3,4016,-176,-189,0,0
-100,-12,-14,4059,-161,-164,0,0
-77,-7,-23,4042,-152,-195,0,0
-65,-13,-21,3999,-129,-175,0,0
-28,-13,-13,4024,-142,-119,0,0
16,12,-17,3994,-119,-139,0,0
95,40,-18,3959,-165,-195,0,0
124,48,-25,3962,-244,-245,0,0
73,48,-26,3949,-234,-242,0,0
31,52,-37,3936,-194,-204,0,0
4,70,-58,4025,-206,-195,0,0
-63,86,-79,4090,-212,-232,0,0
-114,78,-77,4016,-203,-247,0,0
-82,54,-30,3907,-250,-245,0,0
-71,21,18,3893,-247,-198,0,0
10,-3,41,4039,-263,-134,0,0
86,7,46,4062,-204,-202,0,0
48,22,20,4024,-90,-271,0,0
-11,30,-41,3979,-142,-294,0,0
-109,26,-74,3927,-240,-294,0,0
-202,1,-52,3896,-228,-225,0,0
-233,-20,-15,3956,-187,-165,0,0
-188,-25,-4,4058,-118,-99,0,0
-72,-27,3,4002,-107,-85,0,0
24,-31,21,3934,-121,-97,0,0
47,-41,23,3924,-123,-113,0,0
73,-49,21,3988,-110,-91,0,0
162,-24,19,4062,-130,-113,0,0
212,26,-2,4047,-159,-161,0,0
180,63,-23,4002,-177,-193,0,0
169,30,-5,3983,-210,-304,0,0
113,-14,12,3982,-237,-247,0,0
56,-31,17,3946,-208,-193,0,0
64,-31,18,4018,-229,-160,0,0
31,-21,4,4010,-208,-162,0,0
41,-10,-6,3974,-148,-178,0,0
108,2,-17,4008,-139,-207,0,0
114,-14,-28,3982,-238,-238,0,0
45,-28,-2,4021,-242,-158,0,0
70,-13,24,4012,-256,-156,0,0
83,-7,15,3984,-192,-183,0,0
109,-8,-11,3990,-188,-205,0,0
122,-9,-17,3990,-202,-233,0,0
115,-9,-1,3997,-197,-238,0,0
86,-8,5,4008,-182,-231,0,0
60,-7,-3,3998,-205,-236,0,0
47,-4,-3,4000,-234,-231,0,0
45,-5,5,3988,-243,-225,0,0
39,-11,15,3980,-226,-220,0,0
56,-12,21,3981,-211,-208,0,0
82,-3,22,4008,-227,-203,0,0
90,1,13,4016,-203,-184,0,0
151,11,-1,4014,-220,-2248,0,0
140,9,-13,4019,-224,-211,0,0
123,-3,-30,4020,-170,-229,0,0
112,-5,-54,4007,-193,-239,0,0
79,-5,-61,4037,-217,-228,0,0
35,-6,-70,4021,-166,-231,0,0
14,-12,-94,4056,-131,-194,0,0
-13,-10,-122,4028,-88,-199,0,0
-26,-2,-142,4005,-69,-187,0,0
-19,3,-158,4060,-38,-141,0,0
-41,21,-2240,4033,22,-162,0,0
-17,32,-230,4028,56,-131,0,0
76,43,-252,3989,-2,-156,0,0
130,47,-246,4019,-53,-138,0,0
186,48,-226,4003,37,-136,0,0
224,60,-212,3931,31,-230,0,0
195,55,-194,3908,56,-287,0,0
187,27,-176,3871,94,-282,0,0
179,-2,-179,3845,156,-245,0,0
229,-19,-188,3842,190,-190,0,0
378,-1,-146,3990,-41,-87,0,0
496,50,-8,4205,-271,-33,0,0
414,95,116,4113,16,-244,0,0
412,82,94,3852,431,-498,0,0
422,48,2,3746,245,-2552,0,0
159,14,-35,3898,-43,-386,0,0
-190,-27,-21,4071,6,-265,0,0
-328,-46,-37,4130,168,-183,0,0
-227,-42,-53,4080,222,-148,0,0
-79,-25,-21,3989,223,-158,0,0
-31,-17,3,4016,265,-175,0,0
-29,-6,6,4004,175,-137,0,0
-36,19,34,3950,140,-135,0,0
-46,36,24,3901,287,-239,0,0
-39,37,-30,3947,220,-257,0,0
-97,43,-44,3970,63,-242,0,0
-184,35,-5,4016,97,-2304,0,0
-262,11,13,4035,196,-207,0,0
-293,15,0,3942,188,-164,0,0
-244,22,19,3920,99,-132,0,0
-188,31,75,3887,-16,-97,0,0
-215,44,153,3776,-64,-120,0,0
-248,49,234,3849,-44,-157,0,0
-255,60,250,4171,151,-161,0,0
-18,82,172,4361,238,-275,0,0
35,85,154,3966,-166,-468,0,0
-532,4,183,3730,-119,-316,0,0
-917,-78,83,3968,97,-60,0,0
-731,-103,-58,4170,4,109,0,0
-269,-55,-12,4151,-231,178,0,0
-2224,6,129,4088,-74,-9,0,0
-339,9,109,4012,354,-174,0,0
-367,-13,-27,3974,287,-150,0,0
-234,-27,-55,4023,-91,-98,0,0
-116,-53,34,4046,-239,-44,0,0
-175,-82,114,3961,-81,-16,0,0
-161,-76,113,3905,53,-43,0,0
-6,-44,61,3976,-11,-55,0,0
128,-24,25,3989,-148,-89,0,0
154,-23,55,3931,-174,-138,0,0
160,-31,93,3964,-101,-143,0,0
172,-29,79,3981,-91,-165,0,0
202,-29,60,3983,-168,-185,0,0
205,-36,66,3977,-221,-179,0,0
193,-52,70,3920,-209,-167,0,0
259,-56,77,3969,-189,-138,0,0
363,-37,78,4018,-205,-182,0,0
398,-10,64,3999,-230,-217,0,0
333,34,40,3971,-313,-209,0,0
187,15,12,4030,-265,-332,0,0
160,-12,4,3998,-330,-350,0,0
83,-25,23,3967,-311,-322,0,0
33,-41,20,4093,-274,-2304,0,0
7,-27,-2,4113,-291,-171,0,0
-21,-12,-8,3992,-252,-254,0,0
-39,-9,-28,4007,-263,-274,0,0
-53,12,-55,4008,-260,-248,0,0
-48,15,-77,3959,-245,-255,0,0
-38,17,-90,3994,-264,-221,0,0
-64,45,-104,4020,-256,-252,0,0
-105,52,-113,4013,-200,-300,0,0
-155,41,-128,4032,-211,-292,0,0
-230,25,-129,4022,-231,-257,0,0
-263,1,-84,3949,-151,-213,0,0
-157,-8,-25,3963,-85,-170,0,0
-100,5,-19,4002,-49,-179,0,0
-81,24,-58,3980,-131,-178,0,0
-59,34,-85,3959,-189,-184,0,0
-38,34,-79,3924,-183,-214,0,0
4,26,-50,3930,-181,-215,0,0
42,15,-26,4001,-163,-206,0,0
62,8,-18,3985,-146,-226,0,0
95,-1,1,3990,-160,-231,0,0
86,-13,11,3952,-128,-235,0,0
88,-12,11,3977,-109,-228,0,0
94,-16,4,3980,-118,-213,0,0
100,-6,2,3983,-106,-219,0,0
125,-1,7,4024,-124,-224,0,0
113,-1,6,4020,-142,-248,0,0
94,-8,14,4006,-134,-264,0,0
93,-14,31,3981,-134,-249,0,0
63,-13,41,3972,-144,-234,0,0
42,-11,38,4021,-137,-199,0,0
45,-2,23,4016,-137,-209,0,0
50,2,12,4000,-165,-217,0,0
44,0,18,3999,-159,-224,0,0
46,-3,22,3984,-130,-244,0,0
35,-4,13,4001,-162,-219,0,0
-1,1,-5,4013,-156,-196,0,0
-3,5,-19,4032,-146,-183,0,0
34,9,-26,4039,-170,-170,0,0
68,16,-13,4009,-167,-190,0,0
94,15,-2,3948,-147,-213,0,0
113,18,-5,3989,-180,-208,0,0
119,30,-15,4024,-218,-217,0,0
115,35,-20,3994,-231,-232,0,0
84,28,-21,3965,-219,-245,0,0
54,23,-19,3979,-202,-232,0,0
60,17,-2064,4003,-204,-198,0,0
62,20,-12,4000,-211,-210,0,0
42,26,-7,4027,-208,-228,0,0
7,25,-19,4031,-204,-242,0,0
-22,24,-29,3990,-232,-252,0,0
-49,18,-14,3980,-238,-229,0,0
-93,9,-2,3972,-164,-209,0,0
-85,14,-12,4018,-161,-173,0,0
-78,28,-26,4043,-195,-201,0,0
-96,29,-27,4020,-192,-234,0,0
-126,17,-19,3966,-179,-240,0,0
-129,4,-10,3982,-174,-200,0,0
-93,-3,-6,4001,-199,-159,0,0
-91,0,-10,4005,-196,-156,0,0
-91,11,-5,4013,-171,-179,0,0
-99,15,-6,4001,-130,-211,0,0
-114,6,-15,3992,-148,-207,0,0
-124,8,-10,4001,-185,-186,0,0
-138,6,3,3983,-173,-179,0,0
-113,-2,8,3979,-164,-131,0,0
-66,13,11,3994,-194,-157,0,0
-43,9,14,4001,-171,-185,0,0
-21,-9,12,3979,-196,-202,0,0
-9,-18,19,3976,-175,-190,0,0
15,-21,22,3986,-186,-155,0,0
5,-12,8,4002,-178,-181,0,0
10,-2,1,4003,-216,-201,0,0
-14,-2,-1,3966,-212,-203,0,0
-28,-7,-1,3945,-179,-183,0,0
-9,-4,-5,3973,-176,-172,0,0
23,-1,-3,4005,-178,-171,0,0
65,1,4,4023,-191,-160,0,0
86,12,2,4015,-181,-215,0,0
98,6,-4,3999,-202,-247,0,0
77,-8,-12,3990,-230,-247,0,0
61,-10,-16,4008,-216,-229,0,0
43,-3,-31,4000,-202,-239,0,0
-8,4,-54,4008,-203,-247,0,0
-57,8,-62,3995,-211,-225,0,0
-85,11,-66,3969,-159,-221,0,0
-50,9,-54,3975,-142,-229,0,0
-2,9,-27,3988,-162,-219,0,0
10,1,-2,3992,-143,-199,0,0
33,7,-4,3987,-127,-195,0,0
76,16,-16,3982,-147,-220,0,0
98,5,-16,3987,-181,-241,0,0
109,-2,-2,3985,-180,-241,0,0
119,-16,11,3987,-124,-238,0,0
115,-7,-3,3979,-94,-228,0,0
119,3,-19,4015,-125,-223,0,0
120,13,-24,4028,-151,-236,0,0
95,13,-30,4000,-159,-253,0,0
83,10,-30,4000,-184,-247,0,0
63,7,-29,3990,-159,-249,0,0
74,0,-17,3987,-154,-227,0,0
77,5,-7,4009,-179,-220,0,0
66,8,-8,4001,-154,-232,0,0
67,8,-8,3989,-164,-241,0,0
66,11,3,3992,-197,-248,0,0
48,6,15,3986,-181,-246,0,0
9,-2,3,3974,-150,-226,0,0
-1,7,-11,3997,-190,-213,0,0
-1,12,-3,3997,-204,-2272,0,0
-22,5,1,3994,-161,-235,0,0
-22,4,-1,3985,-166,-229,0,0
-6,6,6,3973,-182,-221,0,0
-15,2,16,3990,-181,-205,0,0
-43,8,6,4003,-166,-199,0,0
-61,13,-11,4005,-147,-172,0,0
-51,14,-17,3982,-160,-177,0,0
-13,10,-4,4022,-180,-177,0,0
5,9,8,4012,-155,-199,0,0
2,8,5,4007,-146,-216,0,0
8,3,1,3998,-203,-191,0,0
-3,-2,12,3982,-212,-173,0,0
2,-5,18,4000,-150,-161,0,0
46,5,1,4010,-192,-178,0,0
35,15,-10,3999,-191,-212,0,0
3,14,-7,3981,-174,-206,0,0
-30,25,-22,3980,-168,-180,0,0
-28,37,-45,4031,-198,-185,0,0
2,35,-45,4003,-253,-211,0,0
-3,27,-22,3976,-209,-230,0,0
-4,22,-8,3973,-165,-199,0,0
-12,27,-22,4010,-169,-191,0,0
-8,40,-29,4030,-217,-229,0,0
-33,42,-17,3992,-235,-250,0,0
-90,31,-12,3972,-209,-240,0,0
-2160,30,-21,3989,-195,-212,0,0
-112,27,-28,3990,-200,-214,0,0
-118,14,-7,3990,-180,-172,0,0
-103,24,-7,4005,-170,-166,0,0
-97,26,-16,4013,-149,-176,0,0
-85,12,-14,3956,-163,-172,0,0
-66,3,2,3953,-134,-143,0,0
-14,-2,3,3993,-124,-98,0,0
21,13,-20,4020,-131,-103,0,0
62,31,-25,4020,-145,-169,0,0
70,24,-21,3941,-150,-217,0,0
82,7,-10,3983,-156,-131,0,0
166,27,-9,4052,-134,-57,0,0
359,83,-12,4048,15,-56,0,0
1053,182,-19,4010,173,6,0,0
1915,293,-63,3932,5,76,0,0
2312,323,-174,4064,27,269,0,0
2717,331,-261,4114,11,403,0,0
2668,274,-218,3929,-193,473,0,0
1936,261,-172,3852,-251,304,0,0
1341,291,-57,3686,-411,-254,0,0
970,192,165,3479,-455,-1146,0,0
915,-193,135,3537,347,-2166,0,0
1924,-761,-138,3601,156,-2712,0,0
3057,-1314,-11,3811,-1008,-4237,0,0
2748,-2042,606,5464,-2717,-6433,0,0
1833,-3127,1541,9291,-3910,-6781,0,0
1799,-3982,2477,12215,-4121,-6133,0,0
2639,-4288,3020,14041,-5990,-3418,0,0
2915,-3796,3534,13620,-6128,-1949,0,0
2625,-2683,4605,11648,-6558,-1207,0,0
1236,-1656,5512,8668,-4514,-335,0,0
1514,-486,6005,5935,-2794,875,0,0
2189,722,6861,6023,-1200,1148,0,0
1697,1478,7458,8038,-1147,575,0,0
-27,1699,7209,9091,-272,930,0,0
779,2181,7113,8700,737,994,0,0
3998,2972,7325,7584,2464,-2615,0,0
3471,2621,6054,5412,4531,-6032,0,0
-73,935,3511,5435,12439,-13118,0,0
-1619,-1554,-659,3427,4494,-5377,0,0
-3306,-1492,-2514,890,2612,-3017,0,0
-7689,-2276,-4784,-1925,3121,-5453,0,0
-5730,-2888,-5300,-3449,3484,-1286,0,0
785,-1714,-4882,-6868,-569,-2428,0,0
-1377,-1420,-6578,-5007,-2572,-1749,0,0
-2296,-566,-6793,-314,-4126,-1372,0,0
-3526,497,-6006,4826,-2781,1693,0,0
-4855,2579,-6105,11011,-1200,2557,0,0
-5780,4570,-6170,11443,-2232,1105,0,0
-6614,5356,-4970,9058,-2495,-60,0,0
-5600,5570,-2988,7339,-1765,-299,0,0
-3825,5375,-1878,6046,-827,-364,0,0
-1106,4789,-1315,6398,144,-815,0,0
2185,4561,-781,5675,-892,-3230,0,0
-568,4049,-551,6893,281,-13972,0,0
-2984,-244,-282,6574,10442,-12981,0,0
3522,-2166,-461,12767,3663,-2482,0,0
4898,-2255,-1486,15464,648,-5954,0,0
3986,-2257,-324,14206,-545,-6835,0,0
5700,-2066,2588,11266,-3165,-4549,0,0
6175,-1683,4755,7063,-4881,-3044,0,0
4507,-1613,6152,6134,-5125,-485,0,0
3184,-1208,7560,9668,-3852,1226,0,0
1741,-102,8445,12458,-2497,1181,0,0
-157,434,8215,12367,-1234,1758,0,0
-1488,316,7813,11625,-476,4012,0,0
-708,528,7921,10387,267,4600,0,0
2549,1859,7685,8448,1123,1276,0,0
2555,2065,6389,4051,4275,-2030,0,0
4054,1792,4995,2759,5556,-7881,0,0
4673,1287,2938,1162,12808,-18398,0,0
556,-485,-284,-3739,5185,-16274,0,0
-3728,-2137,-2021,-6497,6313,-12791,0,0
-1198,-3215,-4221,-2855,4427,-8361,0,0
-695,-4295,-5661,3713,1614,-3089,0,0
-73,-4721,-6299,9655,-70,586,0,0
-1395,-4479,-6792,11893,-1458,2595,0,0
-4284,-3271,-7271,10252,-2066,3959,0,0
-6496,-1073,-7349,7924,-1264,4995,0,0
-7870,1815,-6908,8115,-1518,3344,0,0
-8315,4191,-4964,7021,-834,1476,0,0
-6388,5128,-2769,6792,-11,429,0,0
-5335,5024,-2007,6846,395,-705,0,0
-3089,4641,-1052,9101,1492,-1187,0,0
-156,4622,165,13858,3419,-3693,0,0
809,4484,232,15794,1090,-16230,0,0
1194,413,-824,17060,1482,-17848,0,0
4007,-2999,43,18251,-767,-7499,0,0
6014,-3486,1025,13909,-1925,-3188,0,0
5260,-2988,3126,9347,-3454,-2534,0,0
2398,-3024,4599,7319,-3250,-1023,0,0
179,-3406,5621,9043,-2317,362,0,0
-669,-3774,6325,10972,-1034,1132,0,0
-581,-3804,6770,12018,-477,1253,0,0
148,-3640,7051,12184,-130,2068,0,0
2091,-2745,7316,11072,69,2734,0,0
4808,-1264,7865,9338,122,2736,0,0
7267,980,8282,9113,-6,1146,0,0
7662,2883,7380,4685,4989,-4981,0,0
5468,2697,5365,-781,5951,-9392,0,0
2231,995,2516,351,11243,-20327,0,0
-1237,-1479,-929,-7965,7161,-12459,0,0
-5876,-2184,-3603,-8475,6525,-7078,0,0
-4465,-2664,-6044,-2219,5277,-4738,0,0
-1515,-2575,-7213,4590,1158,-1770,0,0
-2139,-2456,-7247,8931,-356,104,0,0
-5280,-1424,-7239,9225,-1182,1301,0,0
-7602,791,-6982,7054,-1264,1419,0,0
-7810,2762,-5656,7452,-716,1950,0,0
-5896,4376,-4002,8784,-250,2143,0,0
-3998,5214,-2888,7516,-390,551,0,0
-2560,5089,-1801,5697,-337,-366,0,0
-966,4834,-789,6128,-660,113,0,0
-142,4502,-166,9906,-26,-1226,0,0
-23,4540,-621,12784,1346,-4695,0,0
-334,4048,-794,15443,1663,-9452,0,0
-751,2350,-975,15184,413,-18963,0,0
282,-1143,-828,15527,1260,-14397,0,0
4080,-3363,44,14050,92,-5916,0,0
6032,-3548,1828,11145,-3127,-4267,0,0
3039,-3857,3242,7325,-2633,-2184,0,0
1467,-4184,4379,6550,-2704,471,0,0
-77,-4280,5516,8343,-1955,1367,0,0
-304,-4195,6363,10164,-2315,2015,0,0
347,-3993,6898,10491,-2426,2239,0,0
818,-3450,6993,9589,-2205,2504,0,0
1392,-2909,7058,8649,-2062,2358,0,0
3826,-2102,6969,8251,-1777,2535,0,0
6572,-238,6404,6593,-228,-110,0,0
7724,1873,5204,1692,2101,-3954,0,0
4361,3324,3363,-2195,4704,-11230,0,0
-822,1561,1220,-2258,14224,-18742,0,0
225,-1798,-1305,-5372,5462,-12708,0,0
-3286,-2900,-4086,-3718,4165,-7427,0,0
-388,-2802,-5007,928,2437,-3816,0,0
15,-3150,-4830,4966,97,-730,0,0
-2940,-2804,-5468,8041,-834,1964,0,0
-4845,-1324,-6688,9231,-1499,2197,0,0
-5847,491,-7352,9615,-2073,2677,0,0
-5060,2600,-6769,8533,-1948,2361,0,0
-3768,3922,-5515,7190,-1527,1266,0,0
-2781,4462,-4252,6581,-1429,589,0,0
-2512,4546,-3283,5911,-1097,-905,0,0
-1758,4099,-2777,7539,-743,-1132,0,0
-506,3953,-2994,11736,900,-1549,0,0
1301,4206,-3399,14319,27,-4745,0,0
-726,3529,-2600,17137,-2307,-15113,0,0
-4066,875,-607,16440,3303,-18822,0,0
3485,-2175,201,12798,1675,-8257,0,0
8344,-2872,2022,10522,-3722,-6320,0,0
5478,-3029,4272,8416,-2973,-3801,0,0
2966,-3390,5579,8536,-2806,-794,0,0
2362,-3557,6988,10429,-1495,1085,0,0
2602,-2659,8498,12666,-1414,1197,0,0
886,-1978,9067,14935,-1442,2135,0,0
718,-1768,9165,12282,-175,3415,0,0
2687,-241,8997,10329,-1484,3190,0,0
3103,1069,7979,8579,1396,2124,0,0
6344,2684,6155,3191,-78,-1471,0,0
5955,3258,4628,882,745,-6731,0,0
4110,3029,3017,-1539,2455,-12979,0,0
-1563,1511,1017,-2248,9335,-21793,0,0
-2387,-1566,-1835,-2669,5874,-16523,0,0
-3281,-2732,-2732,-2819,4610,-7817,0,0
-2595,-2748,-3748,881,4375,-4095,0,0
-1612,-2523,-4831,6030,1118,-652,0,0
-3952,-2096,-6150,9338,-855,1666,0,0
-6066,-604,-7672,9006,-802,2168,0,0
-5164,1397,-8023,8958,-651,2647,0,0
-3549,2973,-7725,9745,-946,2390,0,0
-2332,3768,-7424,10222,-1855,861,0,0
-2892,3658,-6260,8226,-2099,394,0,0
-1772,3965,-4648,6815,-1663,305,0,0
-1195,4297,-3175,9672,-2631,667,0,0
-2133,4810,-2295,15136,-1,-1581,0,0
-1560,5361,-1659,17971,-2021,-10787,0,0
-6600,2961,-830,20518,4881,-25737,0,0
220,-1669,-150,15437,4307,-15912,0,0
7184,-3799,829,11235,-3193,-4066,0,0
6438,-3553,2781,8382,-6288,-4630,0,0
3238,-3801,5583,9422,-4544,-2293,0,0
2724,-3785,8372,12860,-2779,1062,0,0
2598,-2987,9529,15231,-1196,1224,0,0
1470,-1961,9171,14123,-1299,3040,0,0
402,-1425,7919,12314,-98,1811,0,0
2007,-1029,7127,11247,-148,2842,0,0
3778,257,6812,9630,652,2255,0,0
6040,1999,7130,4992,2711,-1769,0,0
4704,2644,5711,-689,6907,-9458,0,0
2045,1420,2848,-5335,9486,-13808,0,0
-845,-99,798,-7550,10722,-15552,0,0
-1990,-1472,-1426,-6769,9805,-9437,0,0
-1036,-1987,-2972,-1042,5584,-4832,0,0
-1795,-2270,-4230,5418,2486,-1101,0,0
-3817,-1716,-5759,8148,609,1759,0,0
-5818,143,-7738,9487,-32,2941,0,0
-6435,2642,-8161,9724,-412,2209,0,0
-5352,4363,-7485,10130,-871,2257,0,0
-4306,5289,-7066,11069,-465,487,0,0
-2748,5410,-6724,11008,-1365,-592,0,0
-3235,4893,-5334,9937,-1666,-1294,0,0
-2880,4631,-3213,9736,-113,-1589,0,0
-1399,5303,-1287,13183,2095,-4145,0,0
-1780,5086,46,15802,728,-12122,0,0
-4018,2425,-37,17432,7933,-19768,0,0
3432,-1123,-133,14097,2188,-13462,0,0
5632,-3213,-398,10873,-192,-2766,0,0
8909,-2561,1466,6735,-4174,-3342,0,0
7589,-1525,4663,6155,-5023,-3332,0,0
2472,-2018,6296,8454,-4200,-1001,0,0
-384,-2584,7117,10644,-1751,1336,0,0
-649,-2277,7516,11964,-751,1756,0,0
-1744,-2451,7495,13044,-831,2488,0,0
-2020,-2693,7067,12145,98,2756,0,0
427,-2493,6696,10007,530,2592,0,0
3973,-1588,7215,6706,1536,2231,0,0
8061,683,7794,360,3818,-1282,0,0
8163,2423,7132,-3630,4169,-4882,0,0
3944,3605,4405,-5018,6902,-13006,0,0
-4339,2582,-352,-3946,9925,-14723,0,0
-3224,497,-2300,-1269,8231,-14890,0,0
-2772,-1499,-3162,-653,7065,-6784,0,0
463,-1688,-4568,2990,5124,-3744,0,0
347,-2137,-5916,6797,1026,-434,0,0
-3176,-1772,-7272,9166,-287,2283,0,0
-5688,58,-7876,8954,-1045,2524,0,0
-5876,2133,-7085,8247,-748,3171,0,0
-4226,3775,-6005,8648,-407,3041,0,0
-1514,4446,-5490,9763,-783,1839,0,0
-370,4493,-5421,9775,-2260,1029,0,0
-924,4720,-4994,9901,-2653,340,0,0
-1579,5053,-3511,13667,-1990,-138,0,0
2,5715,-2818,16813,-2550,-5102,0,0
-2817,5187,-1910,16516,-4210,-13538,0,0
-5629,1367,-92,17395,7677,-21020,0,0
2440,-2479,448,13072,2571,-9367,0,0
6737,-3635,689,10615,-1699,-3892,0,0
5881,-3350,1696,7275,-3349,-4612,0,0
4161,-3235,3718,6652,-3567,-1556,0,0
2958,-2981,6087,8951,-3617,360,0,0
2802,-2294,7998,12192,-1883,1322,0,0
541,-1731,8568,13575,-1771,1452,0,0
-1303,-1949,8389,13125,-1085,2944,0,0
-105,-1498,8112,12027,-535,2572,0,0
2294,-1005,7755,10067,288,1957,0,0
5170,187,7659,6009,2897,-360,0,0
6999,1636,7222,2,5805,-6803,0,0
4308,2270,5099,-4719,6980,-11600,0,0
-1867,2095,1305,-4575,14158,-21255,0,0
-2741,-916,-2590,-2901,8580,-11806,0,0
-2187,-1402,-3516,-929,3939,-5636,0,0
-2231,-1619,-4204,2739,2904,-3757,0,0
-3234,-1943,-5198,6494,1302,214,0,0
-3968,-730,-6416,7422,463,1872,0,0
-4677,786,-7256,6937,51,1340,0,0
-4710,1872,-7130,7851,-197,2202,0,0
-5152,3228,-6728,7869,-373,1973,0,0
-4265,4283,-5708,8128,-1090,338,0,0
-2724,4461,-4333,8515,-2073,483,0,0
-2505,4760,-3465,11418,-1031,858,0,0
-2337,5668,-2478,12029,-1510,733,0,0
-2645,6680,-1239,17402,475,-3730,0,0
-676,6470,-9,21216,1074,-11038,0,0
-1485,4467,506,19758,5116,-21882,0,0
2437,-539,1659,12576,375,-19037,0,0
2890,-4312,3022,10571,-4707,-4297,0,0
2619,-4438,3382,7074,-6437,-3149,0,0
-595,-4423,4469,6323,-6837,-1872,0,0
-3095,-5041,5015,8644,-5951,707,0,0
-4430,-5501,5424,11090,-4504,1466,0,0
-3728,-5565,4947,11600,-4425,562,0,0
-2407,-5489,4877,12211,-5643,484,0,0
-565,-5616,5004,11197,-3751,829,0,0
3542,-5394,5460,9851,-1843,904,0,0
7461,-4185,5738,6454,2085,-1004,0,0
8902,-2904,6038,1852,9463,-2517,0,0
7154,131,5447,-4900,9973,-7861,0,0
-119,1046,1022,-5356,16611,-16800,0,0
-2960,-826,-3017,-3798,10057,-8481,0,0
-2559,-676,-4748,-252,4911,-3640,0,0
-3699,-611,-6089,4719,2636,-2276,0,0
-4599,-2168,-6914,8379,255,238,0,0
-4122,1508,-7072,8550,-1346,1014,0,0
-4309,2737,-6536,7556,-1580,1203,0,0
-4537,3686,-5673,7153,-1593,1377,0,0
-3189,4525,-4844,7863,-1517,1590,0,0
-1782,5041,-4197,8206,-2501,944,0,0
-2230,5103,-3012,7707,-2559,823,0,0
-1442,5127,-1285,9075,-2045,-143,0,0
851,5232,-182,12509,-2716,-917,0,0
2671,5509,-63,17698,-4166,-5033,0,0
876,5514,-1095,19398,-8697,-15842,0,0
-1412,1152,-339,14721,2068,-13475,0,0
1710,-3007,-607,12911,3756,-2486,0,0
9131,-3008,552,9604,-6718,-4668,0,0
3180,-3039,2390,6164,-4709,-4958,0,0
-1299,-3752,3808,6932,-3334,-2067,0,0
-675,-4638,4901,9973,-1907,-47,0,0
701,-4644,6010,11158,-1381,722,0,0
56,-4120,6705,12172,-2693,1400,0,0
-1333,-4127,7491,13024,-3234,2134,0,0
-746,-4204,7683,12064,-2328,3160,0,0
1877,-3863,7050,9272,-632,3720,0,0
6275,-2665,7096,5648,3271,923,0,0
8262,-604,6673,-403,7575,-3121,0,0
5419,2107,4427,-4879,9303,-10236,0,0
-1166,1748,669,-3269,14642,-19006,0,0
-1815,-645,-2224,-4517,9485,-10362,0,0
-2709,-1053,-3688,-2691,6755,-6628,0,0
-1284,-1430,-5368,2905,4523,-3044,0,0
-832,-1767,-6449,7209,1049,456,0,0
-3627,-1199,-7336,8738,-530,1563,0,0
-6380,374,-7624,7394,-574,1675,0,0
-6638,2120,-6673,6653,-283,2317,0,0
-4658,3682,-5504,7688,-245,2231,0,0
-1095,4628,-4980,9981,-740,1461,0,0
805,4433,-5016,9302,-1332,790,0,0
-736,4032,-4325,7926,-1385,1162,0,0
-1333,4598,-3045,11162,-240,618,0,0
-1092,5478,-2559,13878,-938,-3338,0,0
-2127,5206,-2412,19257,500,-7936,0,0
-2391,4219,-1796,19204,-4561,-20725,0,0
-4552,-215,738,15482,5157,-20896,0,0
4205,-2963,1726,11648,-479,-6142,0,0
4560,-3450,2309,8402,-3456,-4644,0,0
1202,-3953,2958,6904,-3271,-2873,0,0
70,-4681,3957,8975,-3133,-358,0,0
177,-4983,5343,11112,-1538,1200,0,0
285,-4708,6406,11967,-1997,1754,0,0
-1070,-4591,7252,12761,-2556,2120,0,0
-1159,-4770,7041,11995,-1612,1724,0,0
1669,-4611,6795,11786,-1692,1397,0,0
4504,-3756,7148,10065,515,1438,0,0
8100,-1658,7204,2834,5860,-1167,0,0
7584,485,7112,-3615,6686,-6452,0,0
3489,1216,4962,-7025,11342,-13304,0,0
-3261,591,606,-6134,14379,-13451,0,0
-2634,-514,-2533,-3038,8469,-5465,0,0
-1030,-642,-3441,626,3633,-3218,0,0
-2007,-1085,-4309,4447,2806,-1010,0,0
-2502,-811,-4859,6668,1025,1564,0,0
-5305,667,-5619,6312,55,1913,0,0
-7243,2457,-5660,6912,697,3086,0,0
-5649,4402,-5334,7852,129,3197,0,0
-2036,5953,-5635,8145,-791,2070,0,0
329,6222,-5940,10200,-3047,107,0,0
-390,5697,-5580,12266,-4287,-154,0,0
-2368,5592,-4729,13332,-3618,-507,0,0
644,6151,-2593,16476,-2085,507,0,0
3343,7033,-2128,22368,-3423,-7856,0,0
-3579,5784,-3154,22360,-3332,-22414,0,0
-1926,-714,-385,14358,1436,-17842,0,0
7486,-4081,2939,13136,-5435,-5669,0,0
2794,-3937,4488,9994,-5134,-2927,0,0
-568,-4418,5605,8206,-3914,-2049,0,0
-867,-5268,6074,10940,-3247,617,0,0
-1361,-5254,6317,13302,-3324,1880,0,0
-1710,-4433,6004,11387,-2001,3818,0,0
135,-3778,6262,9460,-2181,3015,0,0
1897,-3248,5978,7750,-553,3262,0,0
5756,-2230,5886,5099,2029,1289,0,0
7309,-1023,6052,1471,5653,-3388,0,0
7482,293,5842,-4451,13124,-10666,0,0
5948,696,1757,-5859,9904,-18353,0,0
-7789,-680,-2788,-5396,6833,-6637,0,0
-3917,-200,-3659,-2507,9922,-6900,0,0
-201,-1036,-5100,2475,4833,-2779,0,0
166,-1220,-6206,8069,375,591,0,0
-450,-695,-6467,9306,-1202,336,0,0
-2556,-279,-6873,7787,-1376,1814,0,0
-3562,741,-6717,7563,-608,2418,0,0
-3710,1630,-6934,8790,343,1473,0,0
-4087,2405,-7564,9507,-1091,2310,0,0
-4718,4103,-7277,8901,-2454,1398,0,0
-4090,5109,-4708,8110,-3850,1164,0,0
-3023,5349,-344,12741,-1853,207,0,0
898,5613,1031,17848,-1056,-5381,0,0
458,5248,-384,22370,-2435,-10174,0,0
-3804,2985,-943,19601,-1819,-1372,0,0
-1745,-1671,404,10087,2890,-8634,0,0
8245,-2960,1528,6706,-5347,-4367,0,0
6149,-3033,3369,6498,-5858,-3989,0,0
1329,-3558,5333,8219,-3665,-532,0,0
633,-3681,6377,9827,-2997,2996,0,0
204,-2722,7268,10897,-2819,2645,0,0
-1913,-2255,7750,12247,-2854,2790,0,0
-4262,-2520,7443,12773,-2886,3034,0,0
-3319,-2914,6986,11533,-1876,2493,0,0
556,-2820,6772,9713,-439,1443,0,0
5584,-2118,7022,6147,2796,-261,0,0
8997,62,7853,-174,7531,-5422,0,0
5261,1525,6002,-4636,17868,-16288,0,0
-1413,46,-78,-5089,12886,-16616,0,0
-6039,-660,-3909,-2780,6359,-4922,0,0
-3350,-605,-4519,474,6099,-3952,0,0
-782,-1505,-5616,4616,2229,-461,0,0
-473,-969,-6648,7944,-86,1584,0,0
-2176,6,-7350,9191,-416,-19,0,0
-3719,226,-7081,8788,-913,1470,0,0
-2754,1230,-6891,9284,-720,2789,0,0
505,2511,-7103,10477,-1452,3083,0,0
1684,2790,-6951,9305,-2796,2010,0,0
-2031,2685,-6118,7873,-2645,1044,0,0
-3463,3651,-4968,8723,-3957,-832,0,0
-1315,4245,-3682,13446,-3981,-2576,0,0
-648,4222,-3058,17787,-7481,-7680,0,0
-5149,2970,-1606,18133,-14415,-18812,0,0
-9396,-1716,1118,14276,7353,-11321,0,0
5314,-2885,742,10083,-2374,-3280,0,0
5927,-2969,1800,6639,-5144,-5309,0,0
3062,-2982,3511,5710,-4216,-3530,0,0
1498,-3303,5132,8090,-3422,1,0,0
1601,-3131,6103,9850,-1252,810,0,0
2170,-2361,6477,10019,-969,1196,0,0
-743,-2038,6315,10900,-1527,1339,0,0
-3540,-2717,6045,11532,-490,2577,0,0
-1136,-2763,6122,10602,-43,2879,0,0
3834,-1902,6991,8410,1641,2431,0,0
6971,28,7127,2626,3045,457,0,0
7749,2356,7298,-7338,6481,-4044,0,0
4848,3655,4899,-8626,7321,-12131,0,0
-4327,2279,-366,-4596,11776,-15945,0,0
-2511,206,-1852,-2094,7304,-11799,0,0
-977,-640,-1112,971,3956,-5246,0,0
-134,-788,-958,5999,2445,-2642,0,0
-1065,-1005,-1863,6283,-12,645,0,0
-2531,-1271,-4050,5198,-834,2726,0,0
-2401,-1126,-6145,6388,-1035,2989,0,0
-2087,-388,-7920,7476,-2006,3467,0,0
-1473,1007,-9144,8654,-2623,3608,0,0
126,2252,-9433,8988,-4166,1951,0,0
-1214,2410,-8680,10254,-6226,1428,0,0
-3675,3408,-7791,11889,-6135,502,0,0
-2029,4755,-6135,13303,-5890,-1672,0,0
-1791,5069,-4192,19190,-3600,-5796,0,0
-3568,4960,-3582,20867,-7360,-16765,0,0
-8713,2212,-2036,14207,3800,-21706,0,0
801,-1655,-439,9513,-1035,-13485,0,0
1791,-4701,1953,7858,-1064,-8374,0,0
3010,-6129,3426,9384,-1781,-5255,0,0
1677,-6930,4044,11945,-2165,-3064,0,0
592,-6849,4164,12380,-2100,683,0,0
164,-6380,4452,13478,-2249,1064,0,0
738,-6010,4205,13246,-1016,2274,0,0
3254,-5031,4528,11572,-1114,3059,0,0
5250,-3865,5831,9659,-101,2932,0,0
7190,-2092,6938,6117,1156,2539,0,0
7273,482,6924,-700,4239,-1908,0,0
6165,2219,6445,-8182,9260,-7377,0,0
1454,2615,3634,-7956,13304,-14331,0,0
-1037,155,-115,-4934,12754,-14187,0,0
-1068,-1141,-1850,-1536,8206,-6566,0,0
-2766,-1618,-4241,3434,6424,-3723,0,0
-3528,-1846,-6259,7174,2870,53,0,0
-3861,-810,-6718,8455,142,1870,0,0
-4689,823,-5987,7722,-380,2429,0,0
-4164,2462,-5427,8324,257,2604,0,0
-2472,3923,-5505,8878,-555,2160,0,0
164,4417,-5602,10244,-1537,877,0,0
2124,3861,-5827,9518,-3066,321,0,0
1186,3256,-5433,8516,-3410,-32,0,0
-493,3625,-4968,12239,-3653,270,0,0
-1781,4220,-4707,17279,-4410,-1355,0,0
-2008,4948,-4835,20126,-8761,-6425,0,0
-7097,3916,-2656,19436,-8300,-21886,0,0
-3447,-790,538,11548,2051,-15298,0,0
5109,-3120,2610,8907,-6597,-4844,0,0
2626,-3613,3245,6630,-4918,-4340,0,0
402,-4003,4263,6618,-4584,-1538,0,0
-952,-4476,4985,8395,-3527,732,0,0
-767,-4567,5146,9584,-2628,564,0,0
-813,-4112,5415,9913,-3038,1148,0,0
-2376,-3824,5347,10162,-2836,1825,0,0
-2096,-3796,5058,9809,-2112,1539,0,0
172,-3711,4881,8871,-794,1632,0,0
3822,-3237,5147,6511,637,337,0,0
5641,-2339,5698,1142,4009,-828,0,0
5909,-481,6360,-7808,6303,-3197,0,0
2532,783,5422,-11564,10749,-7553,0,0
-777,794,1076,-8120,11741,-7737,0,0
-2810,-79,-2689,-2258,12464,-9776,0,0
-2706,-1408,-4800,3111,7543,-5859,0,0
-2078,-2040,-5619,6782,4054,-1729,0,0
-2648,-1960,-5452,7405,1819,1574,0,0
-4557,-2776,-5607,7030,795,2122,0,0
-5281,929,-6033,7871,747,2605,0,0
-4389,2791,-6344,9281,142,2132,0,0
-3765,4048,-6690,10034,-429,605,0,0
-4092,4114,-6715,10015,-539,295,0,0
-2945,4490,-5689,8849,-2027,-159,0,0
-2226,5143,-3014,11047,-2409,-614,0,0
-1557,5799,-1045,16783,-756,-3206,0,0
-830,6236,-1516,22869,-559,-9722,0,0
-3502,4979,-1707,20578,-5408,-24178,0,0
-2166,-874,429,12359,5417,-17590,0,0
6104,-3639,1647,10107,-3280,-5611,0,0
4411,-3964,1696,6721,-5830,-4044,0,0
1879,-4221,3282,7059,-5781,-2277,0,0
1365,-4327,5650,10148,-4225,959,0,0
1209,-3916,7176,12114,-2255,1623,0,0
867,-3370,7566,12614,-1692,1547,0,0
675,-2791,7547,12831,-1134,2970,0,0
1836,-2148,7384,11906,854,2354,0,0
5021,-962,8205,9505,-263,2975,0,0
5885,1159,8182,6444,2852,-238,0,0
5334,2226,6212,-7,7244,-4127,0,0
4027,2721,3858,-6518,7743,-10483,0,0
-24,2469,126,-6454,6286,-14886,0,0
-4995,843,-2451,-2296,9703,-16112,0,0
-3333,-1510,-3780,-1345,11960,-10403,0,0
1078,-2597,-5435,4525,7531,-6557,0,0
1211,-3468,-6298,10599,2244,-1480,0,0
-1013,-3337,-6472,11759,-81,1810,0,0
-3949,-2273,-7684,12031,-649,3262,0,0
-5226,-143,-8475,11749,-1754,3780,0,0
-5654,2217,-8174,11627,-2544,3384,0,0
-5430,4093,-7091,10430,-2612,2668,0,0
-3594,5326,-4853,9534,-2578,1956,0,0
-1132,5775,-3097,9879,-3101,-492,0,0
-1048,5372,-2113,11322,-4043,-3269,0,0
-850,4739,-2206,16506,-3594,-9295,0,0
-2937,3221,-1680,18201,-3791,-20701,0,0
-3929,-1005,192,16135,4121,-16331,0,0
4327,-3121,1427,14046,1479,-4134,0,0
8435,-2584,2765,8532,-3527,-3001,0,0
6303,-2159,4226,6081,-4706,-2094,0,0
2553,-2165,5377,6991,-4486,-98,0,0
-603,-2318,6617,9781,-3903,1049,0,0
-1971,-2580,7631,11554,-2445,1821,0,0
-1658,-2622,7756,11899,-2578,1872,0,0
-2884,-2883,7582,12723,-2295,1635,0,0
-2002,-3239,7125,12086,-1032,2132,0,0
2087,-2788,6945,9781,-304,2745,0,0
6573,-1129,7048,6667,1285,1004,0,0
7918,703,6986,2674,5373,-1240,0,0
5839,3074,6224,-2318,12721,-11046,0,0
226,1757,2024,-4476,19692,-17298,0,0
-4445,234,-3422,-3337,8918,-7442,0,0
-2582,547,-4466,-680,8090,-6633,0,0
851,-315,-4600,1788,4293,-2854,0,0
760,-887,-5775,5665,400,1545,0,0
-1582,-224,-6894,9540,-1006,2812,0,0
-3722,1587,-7978,11565,-1786,2386,0,0
-5438,3624,-7733,12215,-2656,3991,0,0
-4279,6149,-6708,12694,-3453,4190,0,0
-1238,7268,-5482,11757,-4236,1435,0,0
-726,6684,-4008,10848,-3643,-2077,0,0
-735,5700,-3008,10598,-2497,-3476,0,0
110,5264,-2452,11703,-1778,-8072,0,0
809,4539,-1878,16726,-2684,-16101,0,0
-617,716,-1304,16602,1427,-17942,0,0
5191,-2660,1128,14969,-751,-5072,0,0
9771,-2249,3488,10529,-5612,-2621,0,0
6048,-1349,4850,8143,-5221,-2321,0,0
2174,-1099,5958,8090,-4560,-624,0,0
-1001,-1106,7301,9266,-3005,1066,0,0
-2559,-1291,8132,10255,-2664,2410,0,0
-3203,-1518,8239,11180,-3222,2867,0,0
-4430,-2020,7761,11904,-3102,2940,0,0
-3842,-2606,6907,11080,-2302,2521,0,0
-1146,-2786,6093,8429,-631,3185,0,0
3692,-1957,5544,4478,2465,1388,0,0
6080,-1147,5287,1071,4985,-1639,0,0
6402,-5,5104,-3942,9380,-5486,0,0
4682,894,3263,-7134,16952,-1464,0,0
-2400,-1056,-1366,-6196,7030,-7564,0,0
-4394,-257,-2563,-3507,7648,-4671,0,0
-2295,-164,-3468,-338,5957,-3911,0,0
-2495,-442,-5114,4500,3253,223,0,0
-1019,166,-5715,8948,1697,1116,0,0
55,337,-6373,9324,49,1929,0,0
-175,287,-7273,9071,674,3097,0,0
-576,455,-8467,11086,1697,1388,0,0
-2651,615,-10150,14123,784,1555,0,0
-3717,2277,-10210,14665,-2123,1966,0,0
-3145,3579,-6612,11821,-2797,1073,0,0
-3511,4601,-3471,9607,-1736,-3541,0,0
-4395,5113,-2507,16131,948,-6133,0,0
-4889,4533,-2303,21488,2896,-13269,0,0
-1916,1955,-2007,18001,3138,-20845,0,0
3260,-2247,-385,12297,3633,-9092,0,0
8498,-3246,1021,9655,-4120,-2128,0,0
4122,-3231,3548,7024,-4094,-2699,0,0
354,-3492,5156,6618,-3483,-846,0,0
-169,-4370,6366,8494,-3518,584,0,0
1472,-4455,7303,10104,-2780,896,0,0
988,-3812,7847,11136,-2894,1096,0,0
-517,-3514,7515,11547,-2857,1999,0,0
-193,-3176,6874,10889,-2371,2270,0,0
2521,-2486,6437,8946,-870,1739,0,0
5899,-1095,5863,4888,554,322,0,0
8053,487,5222,375,2658,-1393,0,0
8187,3368,4666,-4088,3774,-7422,0,0
-629,3757,1689,-3272,7082,-14411,0,0
-861,777,-1339,846,9860,-19227,0,0
-1919,-1645,-1878,-2813,1662,-10678,0,0
-2540,-1959,-2180,-2278,4705,-7079,0,0
837,-2154,-2435,215,3629,-4342,0,0
580,-2526,-3371,3389,1822,-829,0,0
-1731,-2678,-5255,6799,490,1814,0,0
-3514,-1991,-7737,10716,-159,3064,0,0
-5729,-281,-10051,12634,-1306,3957,0,0
-5512,1952,-10433,13582,-1848,3596,0,0
-4409,3450,-9333,11638,-3305,1571,0,0
-6527,4326,-6308,7830,-3246,1202,0,0
-6452,5279,-2033,7815,-758,-985,0,0
-4069,5285,203,8830,-725,-2260,0,0
-1593,4832,672,11211,2804,-3618,0,0
209,4128,641,14054,2973,-15772,0,0
-290,168,-691,11929,8230,-15875,0,0
2941,-2665,-21,17276,1794,-4674,0,0
6009,-3078,260,13886,868,-3066,0,0
6346,-2359,2575,10373,-3095,-5459,0,0
2516,-2525,4463,9071,-2916,-3507,0,0
1804,-2772,5306,7434,-4088,47,0,0
1527,-2651,6191,7786,-4381,1481,0,0
-104,-2355,7089,9969,-3566,2024,0,0
-2669,-2743,7279,11026,-2396,3155,0,0
-1916,-2822,7264,11074,-2574,3490,0,0
157,-2593,7365,10656,-1653,3070,0,0
3659,-1696,7699,9327,-122,2037,0,0
6205,-562,7078,6322,2732,-1103,0,0
9178,663,6441,1539,4801,-5334,0,0
7432,2824,4832,-3515,4607,-12325,0,0
-2173,2293,1056,-5035,11079,-22323,0,0
-2349,-1453,-1754,-4308,6863,-11447,0,0
-1431,-2286,-2542,-2117,4785,-8060,0,0
-2114,-2951,-3780,1704,3077,-4583,0,0
-2799,-3182,-5025,4562,1950,497,0,0
-2707,-2393,-6399,7793,454,1463,0,0
-5111,-1442,-7956,9247,-192,1468,0,0
-6880,231,-8642,8998,-168,1647,0,0
-6520,2066,-7694,9113,138,2194,0,0
-4524,3651,-6023,8157,560,2117,0,0
-2781,4405,-4649,7405,303,994,0,0
-936,4711,-3588,9838,-272,1271,0,0
-271,4951,-3306,13218,-1496,-1037,0,0
-308,5072,-2994,17900,-471,-3104,0,0
-1733,5247,-2351,23674,-205,-9015,0,0
-2872,3876,-909,21382,-534,-21206,0,0
2610,-765,1090,10195,-7657,-13892,0,0
3547,-3745,1225,7280,-4769,-3502,0,0
4205,-3198,3800,6023,-7207,-2538,0,0
1611,-3284,6186,8526,-4277,-897,0,0
-130,-3526,6699,11568,-2443,1179,0,0
-1107,-3728,6492,11184,-2041,1787,0,0
-3432,-3904,6581,11968,-2062,2692,0,0
-942,-3817,6298,12087,-1073,2851,0,0
987,-3397,6082,11451,-684,2371,0,0
4379,-2328,6571,10009,424,2166,0,0
7584,-155,6925,4338,3299,196,0,0
6906,2297,5706,-6597,3661,-1494,0,0
2810,4529,4338,-9186,7114,-12064,0,0
-4319,3022,604,-6473,10340,-13280,0,0
-1044,949,-2235,-2664,9540,-15965,0,0
-2523,-1806,-3825,1112,7430,-8921,0,0
-2337,-2945,-5810,6179,9616,-1660,0,0
1461,-2654,-6285,8556,4067,194,0,0
-2153,-2243,-6459,8655,525,1965,0,0
-6250,-536,-6467,9842,119,2813,0,0
-6884,1939,-6444,12328,-149,3099,0,0
-5062,4213,-6260,11200,-1840,2275,0,0
-3408,5114,-5019,8715,-1989,1361,0,0
-686,5352,-3038,8915,-2137,-146,0,0
1211,5119,-1802,11168,-3777,-931,0,0
179,5274,-2391,14424,-3005,-3411,0,0
-415,5199,-2727,19747,-5653,-7359,0,0
-4416,4079,-1807,18558,-9335,-18568,0,0
-7528,-110,951,15328,2830,-22160,0,0
923,-3084,1988,10903,1515,-4972,0,0
5039,-3587,2510,7489,-4542,-4499,0,0
4155,-4100,3961,6610,-3677,-3839,0,0
2708,-4119,5569,8505,-4453,-966,0,0
-321,-3996,6414,10436,-3694,1743,0,0
-1489,-3787,6566,10934,-3500,1985,0,0
-2098,-3722,6470,11635,-3481,2170,0,0
-2854,-4105,5935,12143,-2549,2451,0,0
-425,-4169,5445,11085,-954,3187,0,0
4787,-3104,5650,8353,1015,2979,0,0
9713,-846,6522,3294,4264,465,0,0
8921,2117,6011,-3281,6554,-3733,0,0
2099,3878,3710,-5058,11371,-12142,0,0
145,1112,-348,-991,12112,-17090,0,0
-4243,-854,-3086,-4735,2582,-5922,0,0
-7255,53,-3936,-4122,6781,-6707,0,0
-3720,285,-4844,-1112,5715,-2820,0,0
-536,647,-5707,2335,3028,-361,0,0
592,762,-6453,6071,1538,-408,0,0
-480,728,-7157,9624,-253,1416,0,0
-2668,1536,-7727,10956,-1159,1567,0,0
-4562,2484,-7970,11754,-600,1465,0,0
-4466,3814,-7282,11334,-2246,2957,0,0
-2671,5213,-5658,9125,-2317,1507,0,0
-2485,5254,-3593,6647,-2511,-713,0,0
-1446,5076,-1489,7438,-2921,-2179,0,0
-625,4518,-109,11072,-2449,-1949,0,0
-429,4229,62,15287,723,-7343,0,0
-2405,2892,-600,17004,2364,-21916,0,0
-328,-1304,-789,14870,5954,-13403,0,0
6198,-3140,870,13315,-356,-3210,0,0
8430,-2929,2251,9335,-4676,-3117,0,0
6110,-2680,3679,6275,-4416,-1118,0,0
3426,-2206,5112,6289,-4402,366,0,0
888,-1967,6443,9023,-2716,1032,0,0
-591,-1671,7411,10793,-1861,1889,0,0
-2282,-1690,7647,11597,-1750,2109,0,0
-2562,-2024,7519,11669,-989,2274,0,0
-698,-2142,7202,10746,-559,2465,0,0
2978,-1611,7183,9040,-446,2286,0,0
5733,-96,6958,4949,1842,-527,0,0
5934,1266,6253,-2358,5989,-5225,0,0
4187,1956,4980,-7433,10418,-10687,0,0
-1241,1477,1148,-4604,13743,-15656,0,0
-2551,-74,-2411,-2391,7611,-10894,0,0
-2939,-409,-2570,-990,5555,-5446,0,0
-423,-715,-2997,2458,3829,-3486,0,0
-403,-1411,-4381,4735,1043,-371,0,0
-1711,-1527,-6277,7099,-315,2003,0,0
-3331,-689,-7426,8864,-1426,1819,0,0
-4030,401,-7958,9736,-1216,1620,0,0
-2733,1591,-7813,10064,-1394,2609,0,0
-517,2841,-7138,9171,-2549,2412,0,0
-389,3475,-6035,9584,-3662,1263,0,0
-1295,3745,-4585,9018,-4566,-1322,0,0
-1407,3826,-2985,9200,-5878,-2600,0,0
-1748,4177,-2554,13492,-4982,-5634,0,0
-4793,5042,-3412,16495,-7478,-13442,0,0
-10738,3617,-2545,15643,4599,-19038,0,0
790,-934,-832,11479,5435,-16850,0,0
6118,-4783,2511,12035,-3617,-7468,0,0
5359,-6066,4026,8837,-5788,-5021,0,0
2009,-6140,5639,8634,-6257,-3609,0,0
-942,-6274,6154,10584,-4316,-272,0,0
-1018,-5822,6250,12276,-5147,-208,0,0
-1643,-5484,5692,12166,-3944,153,0,0
227,-4701,5050,11172,-3074,1435,0,0
3147,-3601,4980,10882,-2181,16,0,0
5420,-3275,5053,10051,1286,1072,0,0
10727,-1327,4953,4231,3220,-506,0,0
10405,1586,5246,-1554,5279,-5927,0,0
3362,3074,4069,-5143,11965,-15073,0,0
-2043,123,273,-7304,16174,-16170,0,0
-2755,-1666,-2011,-6709,7330,-4431,0,0
-2247,-773,-3505,-1381,4426,-3095,0,0
-2859,-676,-4832,4129,2035,-934,0,0
-3401,-258,-5615,7346,261,-102,0,0
-4850,645,-6291,7176,-698,1302,0,0
-4843,2062,-6528,7292,189,2274,0,0
-2061,3300,-6237,8155,-366,1667,0,0
-1060,3595,-5838,8277,-1217,1674,0,0
-618,3847,-5671,8410,-1145,1324,0,0
449,3891,-5400,10395,-1460,1367,0,0
142,3955,-5275,11892,-2265,937,0,0
-883,4705,-5045,16200,-2104,-156,0,0
-3287,5749,-4687,19734,-3482,-6076,0,0
-5145,5415,-3540,18728,-4525,-16842,0,0
-2136,1136,-2233,16079,2564,-21413,0,0
3289,-3322,2141,13685,-3961,-7611,0,0
3633,-4594,4173,13805,-2123,-987,0,0
3384,-3554,5505,9547,-4812,-1818,0,0
254,-3633,6608,7540,-5077,-1171,0,0
-1142,-4068,7494,8277,-5600,508,0,0
-2365,-4419,7650,9342,-4617,427,0,0
-1976,-4468,7451,9991,-4984,963,0,0
-1709,-4154,6950,10256,-4674,1121,0,0
9,-3724,6475,9350,-4483,1605,0,0
2317,-2848,6121,8432,-2860,2237,0,0
6113,-1203,5658,6999,-916,818,0,0
6346,218,4066,3752,2984,-3183,0,0
3790,431,2482,133,5840,-7607,0,0
2183,-433,1965,-1888,16206,-18929,0,0
-1321,-1661,37,-9380,9884,-8933,0,0
-3301,-1183,-2221,-6298,6532,-3137,0,0
-2227,-460,-3178,-892,4843,-3621,0,0
-2859,-372,-3993,4536,3233,-964,0,0
-3922,424,-5621,7703,1524,995,0,0
-4260,1652,-7480,10232,654,3000,0,0
-4198,3442,-7967,11406,-2365,3062,0,0
-4154,4770,-7216,11156,-3644,2850,0,0
-1883,6153,-6097,9995,-3730,1713,0,0
-473,6575,-5251,10219,-3932,-207,0,0
-2148,5923,-4243,11169,-4234,-597,0,0
-2363,5649,-2598,10134,-3317,-2890,0,0
100,5277,-1049,15407,-2077,-3212,0,0
1459,5082,-775,20626,-6007,-12633,0,0
-4613,1252,-611,15599,776,-15486,0,0
2058,-2661,1686,13749,1211,-4161,0,0
9083,-2759,3073,10349,-5221,-3289,0,0
6127,-2227,4266,6559,-4799,-3307,0,0
2160,-2033,5329,4915,-5427,-4,0,0
-3976,-2284,5748,7441,-4520,1287,0,0
-3998,-2654,5747,9374,-3105,1772,0,0
-4667,-2848,5825,9993,-3734,2099,0,0
-5324,-3415,5716,10338,-3554,2507,0,0
-3856,-3899,5230,9637,-2784,1740,0,0
-1310,-4470,5039,9226,-2391,2309,0,0
2077,-4315,5461,8015,-1397,1914,0,0
4193,-3563,5493,4702,2588,1045,0,0
6630,-1769,5846,-1373,8796,-1878,0,0
4929,508,6195,-5479,22446,-13882,0,0
-1991,-241,-313,-6109,15556,-8833,0,0
-4253,552,-4442,-2256,7383,-4495,0,0
-2713,533,-4710,310,5973,-3952,0,0
945,-576,-5245,3144,2931,-491,0,0
1355,-993,-6112,6260,463,1660,0,0
-2274,-761,-7162,9299,133,2067,0,0
-4835,794,-7996,10097,30,2654,0,0
-5354,2779,-7687,9865,-463,3191,0,0
-4590,4595,-6624,9576,-873,2891,0,0
-3628,5799,-5496,11986,-2176,1249,0,0
-4502,5490,-4173,10626,-2688,256,0,0
-3817,5672,-1593,10813,-498,631,0,0
967,6274,-129,18858,1403,-4556,0,0
1138,5806,-1103,23656,-2188,-18617,0,0
-1618,720,-951,16297,2306,-19422,0,0
4588,-3396,895,11411,-2990,-6720,0,0
6941,-3693,2217,8617,-4670,-2117,0,0
4366,-2906,4794,6925,-4812,-1950,0,0
626,-2899,6531,8287,-3585,332,0,0
-1659,-3280,6978,10329,-3199,1679,0,0
-1484,-3533,6960,10490,-2216,1599,0,0
-1325,-3271,6767,9928,-2976,1758,0,0
-2830,-3398,6287,9972,-2778,2547,0,0
-1358,-3658,5640,8963,-1411,2954,0,0
3603,-2905,5638,6728,-194,2519,0,0
6466,-1250,5427,1598,2430,1491,0,0
8206,1549,6051,-4761,5668,-2113,0,0
4915,4108,5089,-7739,6692,-10420,0,0
-4582,3530,-172,-1265,12349,-16846,0,0
-3639,983,-2800,2518,10358,-16821,0,0
-1967,-1190,-2860,2485,6105,-7500,0,0
186,-2636,-3706,5861,5123,-3420,0,0
2114,-3690,-4563,9036,2336,544,0,0
254,-3654,-5730,9049,361,2180,0,0
-4224,-2849,-7243,10109,-111,2867,0,0
-6980,-842,-8742,11686,-1093,3576,0,0
-6595,2099,-9111,12310,-1647,4027,0,0
-4363,4529,-8161,11085,-2970,2565,0,0
-3975,5401,-6330,10505,-2783,1527,0,0
-4626,6330,-4400,15499,-2179,1183,0,0
-5714,6912,-2912,18062,-2157,-3499,0,0
-4981,6267,-552,21870,176,-12491,0,0
-4827,2506,1793,20711,1636,-21596,0,0
3477,-2053,1648,12567,3300,-11537,0,0
5516,-3994,2452,13256,-1528,-4207,0,0
5326,-3775,2917,9450,-2759,-2906,0,0
4468,-3337,4509,6481,-4246,-439,0,0
2736,-2784,6034,7309,-4197,2294,0,0
580,-2120,7292,9953,-3257,1850,0,0
-1027,-2074,7826,10468,-2944,2615,0,0
-1411,-1844,7966,10305,-3068,3116,0,0
-689,-1680,7643,10204,-2437,2154,0,0
1243,-1436,7614,9237,-1803,2191,0,0
4470,-380,7236,7517,-23,1544,0,0
5846,935,5556,3840,2105,-2737,0,0
4815,1634,3864,-2593,6272,-9546,0,0
24,1108,2143,-6211,12154,-14770,0,0
-779,-399,316,-6603,14229,-15884,0,0
-1586,-1531,-2970,-4814,6519,-6556,0,0
-2031,-1343,-4567,712,2817,-4393,0,0
-2409,-2111,-5044,5756,3035,-1957,0,0
-1857,-2138,-5681,9189,1889,-236,0,0
-4218,-1356,-7003,8870,167,1686,0,0
-6548,213,-7520,9674,878,3038,0,0
-6628,2562,-7478,10143,124,2703,0,0
-4814,4714,-6849,10261,-1575,2340,0,0
-3215,5706,-5652,11363,-1658,1095,0,0
-3362,5617,-4406,12897,-2825,363,0,0
-4721,5592,-2999,12552,205,-217,0,0
-2326,6302,-1045,20002,2678,-4165,0,0
-2784,5812,114,23620,8845,-16807,0,0
375,466,-922,14168,-85,-17791,0,0
142,-4333,1556,13005,3299,-3596,0,0
8661,-4290,1683,9397,-3411,-1553,0,0
6473,-3551,4953,6629,-6571,-3494,0,0
74,-3788,6465,7419,-4831,-236,0,0
-1286,-3933,7011,9040,-4683,1068,0,0
-1358,-4180,7412,10249,-3938,1404,0,0
-1130,-4068,7096,10032,-3919,2356,0,0
-231,-3787,6549,9107,-2994,2011,0,0
1603,-3457,6188,8308,-2417,2006,0,0
4131,-2624,5840,7141,-615,1873,0,0
7297,-886,5623,4008,2254,-892,0,0
6086,1443,4664,-1213,3049,-6279,0,0
440,1645,2997,-4279,11640,-14769,0,0
-2173,-231,-146,-6628,14672,-14636,0,0
-2885,-1944,-2375,-4389,8055,-7146,0,0
-1459,-1795,-3981,-956,7720,-5217,0,0
-3224,-1765,-5912,5411,4740,-1475,0,0
-4485,-1416,-7141,11417,2585,1311,0,0
-3346,82,-8477,11900,-1050,1743,0,0
-3721,1251,-8832,11567,-1989,1801,0,0
-3467,2442,-7939,12523,-1506,2288,0,0
-2606,3587,-7279,13016,-1082,1964,0,0
-1631,4378,-6462,10385,-1206,239,0,0
-721,4540,-5196,8080,-2103,-1726,0,0
-1873,4475,-4349,9323,-2436,-2748,0,0
-1943,4224,-2431,13422,-3472,-5065,0,0
-2112,3424,-1230,15924,-5851,-12204,0,0
-5649,681,-693,16505,-4746,-19875,0,0
-1941,-2289,-30,14571,3023,-8091,0,0
6775,-2968,1764,11973,-2511,-4089,0,0
9649,-2614,4696,8669,-6089,-2518,0,0
6199,-1624,7339,7606,-8525,-44,0,0
187,-1070,8833,9787,-5455,1705,0,0
-2054,-1076,8902,10854,-3758,2484,0,0
-3150,-1431,8399,11243,-3624,3178,0,0
-2993,-1666,7405,11041,-2925,3575,0,0
-648,-1589,6428,10414,-2288,2496,0,0
2659,-1148,6177,9751,-1659,2506,0,0
6452,-16,6393,8338,-7,1526,0,0
8501,1899,6154,2524,1595,-3686,0,0
5617,3466,4931,-3646,6182,-12758,0,0
-2411,2204,1203,-6829,9176,-15263,0,0
-3094,-59,-1256,-3211,14625,-16169,0,0
-331,-2434,-2727,-3028,6931,-11586,0,0
-2858,-3571,-5630,3032,5262,-6702,0,0
-1787,-3811,-6471,9613,1513,-2142,0,0
-1622,-3646,-5911,10975,148,1851,0,0
-2860,-2801,-6373,10172,-668,2568,0,0
-5060,-1459,-7136,10140,-495,3295,0,0
-5728,707,-7549,10802,-91,3598,0,0
-5039,3110,-7532,10205,-1347,2643,0,0
-5272,4724,-6395,9620,-1550,1345,0,0
-4180,5446,-4440,10196,-1853,-568,0,0
-1577,5453,-3137,14139,-2422,-3514,0,0
167,4958,-2902,18535,-3821,-8949,0,0
-1823,3446,-2100,22324,-8445,-13537,0,0
-7517,817,233,15586,235,-17512,0,0
663,-2238,648,7904,3038,-11029,0,0
9141,-3233,1862,7650,-8048,-6732,0,0
4979,-4104,4455,9186,-5401,-5378,0,0
1158,-4608,6387,11864,-2648,727,0,0
-440,-4415,7199,13363,-1918,3149,0,0
-989,-4043,7040,13023,-1704,1605,0,0
-1292,-3986,6583,12759,-1326,2510,0,0
-250,-3799,6097,12361,-915,2939,0,0
3205,-2974,6337,10596,320,2864,0,0
6983,-1134,6950,7351,1539,2138,0,0
8492,1237,7138,1246,2915,-1325,0,0
7430,3284,6800,-4682,6544,-7665,0,0
1459,3280,3751,-8131,12761,-15968,0,0
-1293,308,-814,-3997,13074,-16077,0,0
-1877,-886,-3272,-2956,6320,-9542,0,0
-2915,-1416,-4131,1063,4315,-5881,0,0
-1237,-1969,-4713,5499,2103,-1177,0,0
-2350,-1788,-5743,8420,561,1399,0,0
-5789,-651,-7088,8710,235,1655,0,0
-6426,1184,-7302,9239,545,2510,0,0
-4056,2992,-6814,10108,-351,3082,0,0
-1562,4513,-6528,9682,-1191,3266,0,0
-1451,5175,-6194,9887,-2775,478,0,0
-3080,4520,-5139,9882,-3255,-313,0,0
-1716,4751,-3971,12105,-2268,-715,0,0
-396,5199,-3567,15677,-1976,-3698,0,0
-1301,5385,-2611,18497,-4691,-10741,0,0
-7942,3038,-79,18588,-2732,-19639,0,0
-3685,-1254,1726,13257,542,-18775,0,0
7757,-3540,2696,11357,-4998,-7419,0,0
6562,-4434,4311,9617,-8093,-4269,0,0
1726,-4255,6279,9240,-5173,-2245,0,0
7,-4072,7170,9867,-3885,963,0,0
-1970,-4004,6946,10767,-3751,1589,0,0
-3532,-4259,5994,10869,-3060,2142,0,0
-1786,-3923,5182,10552,-2620,3165,0,0
234,-2996,5140,9367,-2587,2557,0,0
665,-2521,5141,9327,-1792,2682,0,0
3748,-1859,5184,5577,2027,2319,0,0
6716,-315,5735,224,3330,-2582,0,0
5720,131,5895,-4241,9033,-4896,0,0
3396,1010,4284,-7142,12763,-9445,0,0
-1275,433,104,-5451,13939,-11265,0,0
-1509,-184,-2285,-4019,6453,-4977,0,0
-1880,-257,-2868,-825,5866,-4543,0,0
-1805,-396,-3902,3346,4593,-2598,0,0
-2873,50,-5432,7327,2391,-611,0,0
-2899,996,-7173,10096,764,-268,0,0
-2787,1609,-8077,11161,-1562,439,0,0
-2963,2114,-8570,11476,-1803,1531,0,0
-2960,3145,-8630,13033,-2347,1511,0,0
-3864,4744,-7881,12236,-3800,993,0,0
-3788,5758,-5583,9599,-3907,-896,0,0
-2823,5451,-2714,9357,-3775,-2002,0,0
-1865,5249,-1168,12121,-2659,-3486,0,0
531,5233,-390,17605,-1524,-8960,0,0
-3813,3853,-515,17545,317,-24379,0,0
-3258,-1566,-353,13167,7082,-15306,0,0
3500,-4039,360,13474,197,-5508,0,0
3525,-4047,172,11071,-1231,-4224,0,0
3769,-4268,2014,7713,-2097,-2691,0,0
4099,-4397,4576,7609,-2303,-86,0,0
3091,-4274,6186,9067,-2638,-78,0,0
1480,-3993,6799,10556,-2189,442,0,0
-1030,-3370,6535,10714,-2360,902,0,0
-3326,-3651,5731,11216,-1766,2144,0,0
-441,-3963,5587,9753,-1245,3264,0,0
4857,-3166,6381,8691,-838,1806,0,0
8033,-1567,7171,5807,2331,-451,0,0
8356,641,7068,1011,7558,-5283,0,0
2662,1868,4212,-5222,12491,-12440,0,0
-2353,590,656,-5655,18921,-15764,0,0
-3746,-1061,-3040,-6070,9670,-7440,0,0
-3600,-647,-5348,-1430,7405,-4095,0,0
-1903,-417,-6457,5098,4147,-1715,0,0
-4094,-322,-7139,9161,1433,1111,0,0
-5055,1117,-7938,11174,591,2123,0,0
-4281,2873,-8353,11681,-282,1645,0,0
-4828,4005,-7767,11368,-105,1442,0,0
-4115,4771,-6501,10411,-445,994,0,0
-3643,5158,-4655,9388,-864,431,0,0
-3405,5306,-2628,9158,-1029,373,0,0
-3340,5279,-1125,10031,391,250,0,0
238,5570,-35,15711,3437,-1728,0,0
1641,5925,-244,19619,869,-14360,0,0
-1378,2085,-1597,17790,1131,-21058,0,0
2060,-3319,93,14591,3600,-9111,0,0
9407,-3673,1080,11889,-2081,-2062,0,0
8594,-2360,4098,8378,-5750,-3812,0,0
2767,-2249,5831,6611,-4418,-222,0,0
1496,-2026,6977,7575,-4334,1999,0,0
485,-1420,7907,9967,-3501,1257,0,0
-2160,-1605,7698,10963,-2420,1784,0,0
-3100,-1824,7110,10164,-2499,2640,0,0
-2311,-2008,6604,9769,-1894,2175,0,0
1156,-1977,6413,9016,-1200,2332,0,0
5532,-919,6701,8542,-543,1095,0,0
7381,581,6417,3661,2304,-2882,0,0
5994,1584,5698,-1292,5694,-8507,0,0
1749,1982,3265,-8193,12264,-14650,0,0
-3755,1415,-1851,-3629,12591,-16249,0,0
-3678,96,-3616,1550,7879,-12571,0,0
-934,-712,-3428,2929,5185,-8105,0,0
259,-1791,-4449,6115,2095,-2698,0,0
-111,-2823,-6184,8731,548,1183,0,0
-1105,-3192,-8303,11612,-1203,2171,0,0
-3101,-2541,-9590,13708,-2152,3416,0,0
-5078,-403,-9663,12051,-3052,3871,0,0
-5325,2019,-8044,9225,-3394,3170,0,0
-5435,3749,-5741,7152,-2695,2353,0,0
-5253,5077,-3595,6670,-822,2273,0,0
-3640,5687,-1949,12932,-76,-1019,0,0
-1035,5368,-1662,16571,1170,-3353,0,0
758,5252,-1596,19693,-1957,-14848,0,0
-6029,1606,-531,16589,484,-23339,0,0
670,-2937,600,13032,4956,-5903,0,0
10128,-3013,2586,11562,-7252,-3047,0,0
6151,-1933,5585,9087,-5878,-1235,0,0
1380,-971,7295,8028,-6306,1279,0,0
-1630,-1194,8027,9090,-4717,1544,0,0
-1524,-1381,8298,9457,-3585,2337,0,0
-2907,-1536,7732,9900,-3659,2818,0,0
-3228,-2014,6952,9900,-3291,2697,0,0
-886,-2275,6412,10473,-3656,2613,0,0
1994,-2512,6395,11314,-2680,2902,0,0
5645,-1353,7054,8077,6,995,0,0
5479,850,6169,1413,3902,-1872,0,0
3318,2826,4516,-225,8679,-8416,0,0
-507,2062,2289,-3451,15850,-15357,0,0
-491,-480,-1665,-2467,9327,-12202,0,0
-2692,-1076,-3658,-1327,7922,-8959,0,0
-1921,-1535,-5444,532,6311,-6239,0,0
-292,-2076,-6839,4704,2719,-2269,0,0
-222,-2188,-7946,9648,32,122,0,0
-2542,-1841,-8602,12818,-1413,1827,0,0
-6230,4531,-6339,9766,-1983,2177,0,0
-3956,5561,-3992,8183,-1334,764,0,0
-1922,5897,-2442,7473,-1220,-213,0,0
-674,5309,-1548,9365,-1358,-2568,0,0
1882,4321,-1874,13890,-1162,-3395,0,0
2332,3598,-1720,18621,-8374,-18358,0,0
-7527,-989,624,17273,1138,-11627,0,0
2148,-2994,549,14276,2937,-2615,0,0
9539,-2171,1969,7702,-7096,-3699,0,0
3458,-2156,5099,7397,-6065,-3561,0,0
-482,-2639,6458,8229,-4707,-726,0,0
-769,-3089,7211,9889,-4104,415,0,0
-955,-3078,7822,11792,-3941,775,0,0
-2900,-3275,7811,12713,-3494,1554,0,0
-3879,-3666,7231,12241,-3519,3038,0,0
-2262,-3836,6561,11070,-2707,1992,0,0
883,-4038,6436,9359,-1726,2166,0,0
4547,-2599,6556,3895,2521,511,0,0
4409,-2808,5195,-251,7223,-4088,0,0
2234,-639,3683,-5232,16155,-7654,0,0
1553,-835,675,-5815,16528,-11357,0,0
-1554,-1274,-2353,-3178,9856,-6582,0,0
-1886,-848,-3599,509,7743,-4685,0,0
-2101,-837,-5319,4833,3377,-1175,0,0
-3893,-390,-7064,9202,955,903,0,0
-6065,956,-8299,10584,-1151,1824,0,0
-7662,3110,-7901,10036,-1814,2333,0,0
-4276,5192,-6400,9999,-1735,2234,0,0
-1745,5896,-5122,9610,-2819,1310,0,0
-2884,5900,-4027,9173,-2670,894,0,0
-2824,5969,-2656,9182,-1848,492,0,0
-1352,5703,-1605,10662,-872,237,0,0
-264,5610,-3432,15686,482,-2943,0,0
1439,5712,-772,20791,-753,-12299,0,0
-2805,2586,579,18660,-4738,-152,0,0
-1149,-3432,1221,15479,84,-9505,0,0
6804,-4299,2520,12432,-6911,-4266,0,0
4034,-3758,5000,10195,-7669,-4091,0,0
-99,-4152,6910,10843,-4676,555,0,0
-929,-4168,7402,11070,-4124,2846,0,0
-1586,-4074,7184,11597,-3761,1924,0,0
-1616,-3837,6848,11582,-3688,2858,0,0
-737,-3129,6569,11844,-3808,2735,0,0
984,-2615,6400,11169,-2079,2892,0,0
4591,-1414,6762,9719,-692,2215,0,0
6417,460,7085,5863,4191,-2672,0,0
3836,1165,6124,2048,9363,-6370,0,0
2286,482,3613,-203,857,-17907,0,0
-2320,-1512,-1752,-4807,8487,-11075,0,0
-3808,-1269,-4173,-3263,8250,-4769,0,0
-2748,-796,-6364,2246,6502,-3960,0,0
-3657,-811,-9124,9344,1348,-532,0,0
-4546,478,-9680,14767,-966,1861,0,0
-3950,2290,-9362,13060,-3173,2349,0,0
-3294,3443,-8299,11176,-2897,2049,0,0
-3022,4251,-6811,10902,-2440,1809,0,0
-2964,4894,-5314,10892,-2232,993,0,0
-2639,5116,-3837,8729,-1518,-123,0,0
-2314,5050,-2727,7170,-1414,-3437,0,0
-801,4509,-1078,9341,213,-4608,0,0
1322,3744,146,13450,-1684,-10491,0,0
-1148,1603,116,13867,-4826,-16370,0,0
-5464,-1589,390,14761,1739,-12100,0,0
1555,-2983,298,13752,1239,-6014,0,0
5944,-3116,2003,11945,-5475,-5813,0,0
4505,-3476,4291,9367,-3882,-2909,0,0
2285,-3138,5337,7044,-4267,-125,0,0
-365,-3019,6618,8917,-3622,1015,0,0
-2177,-3285,7149,10522,-2253,1179,0,0
-2077,-3437,6988,10255,-2609,1096,0,0
-1534,-3323,6899,9422,-3338,1608,0,0
-770,-3175,6721,9473,-2943,1263,0,0
1185,-3130,6578,8353,-1776,2117,0,0
4275,-2119,6771,6158,125,1612,0,0
5070,-601,5797,1527,3970,-2313,0,0
4249,865,4266,-1335,6895,-5793,0,0
1291,1113,2748,-2928,1074,-17494,0,0
-1224,-1517,-1469,-2736,5739,-7838,0,0
-3125,-1078,-2621,-2484,6400,-4951,0,0
-1443,-631,-3163,257,5245,-4596,0,0
-1159,-1441,-4441,3603,2525,-502,0,0
-982,-1711,-5501,6614,420,2582,0,0
-2540,-1175,-6935,8375,-1135,2843,0,0
-4364,57,-8016,8614,-1786,2969,0,0
-6376,2112,-7648,8931,-2066,3391,0,0
-2565,4009,-6978,8607,-1906,2376,0,0
-2049,4816,-6528,9522,-2420,2543,0,0
-1618,5183,-5998,11824,-2904,746,0,0
-1204,4894,-4859,13875,-2971,-384,0,0
1287,5230,-3949,18972,-2981,-3111,0,0
144,5307,-4288,19697,-8281,-13246,0,0
-4653,2426,-2381,15559,-10485,-966,0,0
2433,-1946,2025,11936,-1773,-7150,0,0
6967,-2251,5516,12897,-8927,-1779,0,0
3243,-1532,7015,11174,-8013,-1357,0,0
-127,-1468,7992,8806,-6832,1793,0,0
-1713,-1782,7780,8449,-4172,4392,0,0
-2249,-1621,7255,9625,-3536,4106,0,0
-3131,-1282,6766,12230,-3426,4610,0,0
-3110,-827,6463,11217,-1510,4437,0,0
-810,-316,6646,9269,-1823,2785,0,0
202,-89,6439,9490,-760,1369,0,0
1828,-202,5501,6960,3027,18,0,0
4007,980,4454,145,3586,-4232,0,0
3076,1115,4658,-3195,13246,-13254,0,0
3212,-253,1677,-5663,8115,-16733,0,0
-5194,-1674,-1383,-4577,7638,-8053,0,0
-3214,-1115,-3494,-2185,6532,-6930,0,0
-1958,-1966,-4847,2250,2548,-2326,0,0
-1967,-2205,-5931,5877,635,612,0,0
-3259,-1673,-6810,8530,-635,2066,0,0
-5786,24,-7544,9361,-1510,3438,0,0
-6143,2746,-7120,8313,-1471,3047,0,0
-5032,4540,-5785,8100,-1343,2844,0,0
-3186,5599,-4761,8534,-1870,2179,0,0
-1707,6052,-4216,8816,-2049,885,0,0
-2077,5538,-4042,11297,-2052,20,0,0
-3421,4974,-3203,13855,175,-1535,0,0
-1510,5306,-1521,16506,1985,-5935,0,0
-1040,4877,278,20220,905,-17925,0,0
-1871,314,-201,13921,4813,-18479,0,0
4677,-2520,1838,13646,-2379,-5681,0,0
3888,-2978,2934,11431,-3441,-2513,0,0
3757,-2665,4273,8583,-2621,-2225,0,0
4273,-2109,6081,8708,-3664,-1153,0,0
1735,-2139,7046,10012,-2355,922,0,0
-1643,-2442,7313,11384,-1260,1991,0,0
-3337,-2921,7104,11402,-363,2364,0,0
-2881,-3295,6539,11180,-960,2520,0,0
-574,-3346,6171,10110,-476,4106,0,0
3597,-2251,6426,9205,-41,3259,0,0
7104,51,7113,6303,1795,1301,0,0
6400,2694,6974,-1527,5431,-6453,0,0
115,2790,5654,-5397,14309,-15059,0,0
-2893,-239,1036,-4901,19487,-17430,0,0
150,-2116,-2748,-2340,7113,-6063,0,0
-1127,-2050,-3861,821,4552,-3541,0,0
-2837,-2600,-4838,3986,3067,-1326,0,0
-3132,-2366,-5858,7596,2010,1324,0,0
-2999,-958,-7566,9615,-138,1276,0,0
-6069,410,-8815,9971,-854,1908,0,0
-8039,2743,-8382,10458,-267,3354,0,0
-6736,5087,-6890,10976,79,1577,0,0
-4962,5874,-5338,10804,-577,275,0,0
-5106,5528,-4445,10575,-1046,-344,0,0
-5930,4920,-2893,12343,2180,-695,0,0
-321,5616,-129,15306,4925,-3486,0,0
4224,5754,795,19414,-2509,-13620,0,0
-1972,2568,232,15729,-1845,-981,0,0
-2554,-2473,893,12861,5970,-14628,0,0
6556,-3845,1210,13314,1251,-2311,0,0
8489,-3188,2578,9567,-5162,-3359,0,0
3890,-2816,5680,8297,-4702,-2700,0,0
1682,-2721,7440,10008,-4177,129,0,0
-102,-2813,8072,12030,-2092,1474,0,0
-661,-2705,7955,13030,-1680,968,0,0
-1110,-2797,7604,12985,-1590,1436,0,0
-1046,-2804,7031,12057,-1324,2483,0,0
247,-2787,6609,10854,139,1868,0,0
2111,-2617,6274,7589,2255,1367,0,0
3404,-1700,5499,1772,6162,1709,0,0
4812,646,5112,-5141,11407,-3061,0,0
1446,1955,3163,-9108,19279,-8427,0,0
-743,716,-1995,-4605,14688,-9132,0,0
-988,-384,-3845,-2237,8025,-6152,0,0
-262,-628,-4015,-690,6267,-3327,0,0
-417,-874,-4622,3847,4100,-54,0,0
-974,-687,-5595,9338,1872,1686,0,0
-2446,326,-7097,11519,-598,2244,0,0
-4933,1966,-8635,12671,-1342,1849,0,0
-5899,3605,-8561,12630,-1531,1562,0,0
-6183,5072,-7212,13347,-1257,1901,0,0
-5259,6480,-5876,11959,-1417,-292,0,0
-4437,6215,-3582,9899,-1501,-1910,0,0
-4299,5553,-1040,9892,1191,-2301,0,0
141,5503,843,17439,3382,-8177,0,0
-1311,3540,-38,19601,7592,-19858,0,0
912,-1072,-1268,12693,4077,-11628,0,0
6739,-3746,1664,13831,-1618,-5922,0,0
6704,-3415,3412,10176,-3244,-2191,0,0
3478,-2757,4545,7267,-5452,-1784,0,0
945,-2921,5762,6954,-4663,-924,0,0
-602,-3053,7363,9809,-4470,-40,0,0
-2450,-3257,8543,11992,-4212,627,0,0
-4240,-3815,8302,11075,-3720,1370,0,0
-3597,-4252,7203,9513,-3720,1623,0,0
-1167,-4202,6076,8349,-3141,587,0,0
893,-4197,4999,6336,-1257,1307,0,0
3219,-3742,3682,4514,2233,736,0,0
7089,-2558,2472,106,7798,-673,0,0
6737,-418,1834,-5098,12933,-6537,0,0
1927,73,-344,-6485,15902,-12041,0,0
-4041,-215,-3409,-4565,7895,-5028,0,0
-1619,298,-4351,-1043,6824,-6030,0,0
-1166,-179,-5915,3253,4191,-3172,0,0
-3202,23,-7514,8892,2534,-547,0,0
-3860,914,-7970,12649,387,719,0,0
-5254,2251,-8321,11736,-2051,1341,0,0
-5725,3598,-7566,10313,-2251,1658,0,0
-4002,4548,-5363,10937,-2209,1912,0,0
-2059,5281,-3733,10722,-1815,1213,0,0
226,5531,-3031,7557,-1621,-766,0,0
430,5079,-2280,7846,-3658,-3525,0,0
-2214,4343,-2084,10212,-783,-4656,0,0
-2201,4088,-1279,16118,-277,-11599,0,0
-4340,995,-145,12422,7393,-15027,0,0
4439,-1845,1482,11784,2023,-5561,0,0
8680,-2391,1918,12056,-3816,-5520,0,0
6450,-1780,3595,10980,-5194,-5170,0,0
2425,-1771,5681,10306,-6502,-2092,0,0
-599,-1938,6872,8984,-5300,134,0,0
-969,-1790,7732,8846,-4858,1526,0,0
-3500,-2030,8446,9916,-4760,1882,0,0
-5158,-2861,8485,10113,-4653,2215,0,0
-3659,-3379,7873,9423,-3696,1274,0,0
-1020,-3534,6816,8204,-2622,1669,0,0
3090,-2767,6000,7176,-1225,444,0,0
5811,-1993,5167,5958,1460,-1818,0,0
5442,-1282,3958,3778,4619,-7242,0,0
2933,-2045,2283,741,10896,-9665,0,0
3236,-2509,889,-5449,11620,-10123,0,0
-2915,-2096,-1193,-9388,9321,-5075,0,0
-4016,-1411,-4407,-3369,6704,-4063,0,0
-4116,-1176,-5589,1853,2507,-2161,0,0
-4403,-740,-7896,6260,1087,591,0,0
-5778,655,-6966,8504,192,1312,0,0
-6592,2596,-7736,8867,-125,1497,0,0
-5399,3920,-7324,9018,-901,820,0,0
-4727,4365,-6487,8658,-1303,1450,0,0
-3083,4885,-5263,8094,-1652,430,0,0
-3421,5001,-3434,8681,-2393,1240,0,0
-4014,5150,-1491,12297,-979,827,0,0
-2782,5859,287,12904,1037,-822,0,0
-2874,5994,668,15536,5329,-10559,0,0
-742,3740,-219,16657,6915,-21234,0,0
153,-390,-8,13283,6759,-21711,0,0
4427,-3800,266,14149,2567,-6066,0,0
8428,-3927,2247,13171,-3226,-4305,0,0
5117,-3314,5170,10352,-5289,-2935,0,0
1643,-3442,6457,9666,-4477,535,0,0
730,-3146,7260,10154,-3970,1342,0,0
-2958,-3511,7644,11747,-3374,1936,0,0
-5017,-4630,6497,11672,-1761,3642,0,0
-1051,-4412,5279,10158,-2180,3435,0,0
1115,-3699,5272,9225,-1878,2952,0,0
3340,-3507,5462,8706,2642,2817,0,0
8128,-2131,5534,4796,5219,2926,0,0
11091,1428,6395,135,6872,-6114,0,0
2704,2876,3675,-6794,9957,-13723,0,0
-3749,1307,-250,-5850,14101,-15264,0,0
-3257,-612,-3328,-4719,10987,-10333,0,0
-3173,-966,-6083,1682,5688,-5692,0,0
-3498,-590,-6366,9203,771,-561,0,0
-3556,740,-5788,11636,-2582,2620,0,0
-2375,2252,-6238,9271,-4048,3548,0,0
-1011,3247,-6618,8499,-3625,3655,0,0
46,3829,-6940,7982,-3017,3005,0,0
371,4242,-7458,9114,-2845,2168,0,0
-750,4215,-7586,10940,-2610,117,0,0
-2507,4153,-7174,12356,-2226,496,0,0
102,4921,-4950,12651,-3246,-1161,0,0
218,5334,-2002,17789,-6486,-9329,0,0
-10196,2524,-830,17568,-8079,-20312,0,0
-2747,-3068,899,14124,1242,-10520,0,0
9682,-3614,4347,14149,-11709,-6457,0,0
999,-3907,7428,14007,-8106,-3496,0,0
-1836,-4643,7737,9493,-3618,-186,0,0
1395,-3943,7425,7228,-4468,366,0,0
-44,-3072,7407,9051,-5290,-435,0,0
-3824,-3119,6380,9733,-4257,1390,0,0
-3768,-2936,4989,9234,-3805,1279,0,0
-2100,-3004,4183,8917,-3645,694,0,0
1225,-3270,4085,8375,-2313,2425,0,0
9599,-1879,5410,6917,-1239,2175,0,0
10401,1167,6226,2,2618,-4274,0,0
1965,1614,4552,-4134,8332,-6403,0,0
-515,1006,1607,-3045,365,-1591,0,0
-3482,-1885,-2090,-4975,7419,-7257,0,0
-4908,-1108,-3873,-811,6632,-4398,0,0
-2811,-800,-4660,4568,3749,-1523,0,0
-3631,-531,-5231,7887,129,2060,0,0
-4862,957,-5885,8330,-2438,3349,0,0
-4643,2836,-5882,7693,-2669,2808,0,0
-2703,4160,-5206,8321,-3642,3164,0,0
-638,5246,-4844,8380,-3927,2396,0,0
391,5901,-4923,7925,-4171,1504,0,0
-871,6363,-4593,8434,-4113,580,0,0
-612,6268,-4054,13507,-4302,-503,0,0
744,6319,-3737,19040,-5333,-872,0,0
3251,6824,-3959,22513,-9533,-14840,0,0
567,2762,-2521,16313,-12353,-22388,0,0
1974,-3684,2437,12817,-6623,-6189,0,0
6169,-3674,6129,13594,-9802,-3045,0,0
-468,-3225,7863,12218,-8000,-752,0,0
-2519,-3503,7735,8997,-3958,2315,0,0
-1670,-2956,7424,6664,-4397,1886,0,0
-3705,-3189,7092,8136,-5357,772,0,0
-3988,-3571,6437,7765,-4422,2600,0,0
-1233,-2566,5802,6989,-4523,2052,0,0
-226,-1998,5048,6990,-3546,1615,0,0
3366,-1258,4487,6306,-1992,2007,0,0
5094,-38,3901,4627,1055,-121,0,0
4537,337,3753,2565,5431,-3244,0,0
4413,404,3606,-2376,15019,-16500,0,0
-982,-411,1023,-6456,10721,-13290,0,0
-6745,-611,-3101,-4802,9196,-5985,0,0
-3876,-2080,-5396,-502,6035,-4703,0,0
-3257,-494,-6297,4237,2697,-1211,0,0
-2892,-158,-7199,8438,495,1019,0,0
-3711,934,-7701,10361,-1802,2588,0,0
-5176,2727,-7198,9676,-1809,3081,0,0
-3829,4516,-5986,9128,-2069,3370,0,0
-2076,5706,-5310,9589,-2466,2625,0,0
-1653,6191,-4980,10369,-2443,276,0,0
-2622,5977,-3992,10520,-2613,-397,0,0
-3795,5698,-2215,10437,-20,-2020,0,0
1899,5588,-397,18598,803,-3563,0,0
2671,5371,-830,22627,-9012,-20013,0,0
-5821,-73,-395,16084,558,-18975,0,0
4747,-3861,2737,11740,-588,-4274,0,0
8620,-3029,4274,10033,-7877,-3755,0,0
3017,-2679,5544,8283,-4979,-1378,0,0
318,-2515,6247,8406,-4479,1695,0,0
-2333,-2577,6523,10738,-4525,2117,0,0
-3700,-3036,6613,11901,-3108,1916,0,0
-3612,-3421,6628,11854,-2656,2221,0,0
-1886,-3807,6554,11415,-1867,2545,0,0
2551,-3572,6686,10420,-1871,2498,0,0
5546,-2453,7133,9723,-1158,1813,0,0
8295,-31,6997,4314,4174,-626,0,0
5708,3160,5794,-3155,7178,-10569,0,0
-3318,2362,2792,-3315,1817,-230,0,0
-2328,-877,-1844,-3095,11445,-10388,0,0
-2192,-1579,-3462,-2030,6165,-5429,0,0
-1894,-1352,-5207,2492,5168,-1803,0,0
-3220,-1185,-6876,8158,2828,1021,0,0
-5285,74,-8258,10703,1216,2604,0,0
-5226,2150,-8792,11507,383,3449,0,0
-3678,3563,-8868,12262,-217,2421,0,0
-3327,4117,-8153,11673,-2170,1851,0,0
-5043,4752,-6259,9551,-2501,1350,0,0
-6384,5371,-3444,10476,-2626,1965,0,0
-5687,5454,-877,12559,1449,789,0,0
-191,5807,-220,15294,3455,-1800,0,0
2547,6534,210,20352,1389,-13545,0,0
-2488,2646,328,17492,3766,-1488,0,0
4020,-2868,590,13572,1601,-7922,0,0
7945,-3830,2547,15334,-5042,-4527,0,0
1038,-3909,2949,12467,-3725,-3172,0,0
-2562,-4246,3620,10183,-3195,-395,0,0
137,-4492,4986,9173,-3071,331,0,0
1450,-4047,7065,11069,-2887,784,0,0
-1258,-3816,7841,12602,-1719,3018,0,0
-2697,-4044,7328,11005,-1583,3160,0,0
-29,-4158,7109,10054,-2654,2957,0,0
2401,-3809,7355,9849,-1690,2637,0,0
5143,-2933,7391,8731,3505,862,0,0
7284,-1336,6744,3956,8239,-2804,0,0
3727,-277,4913,-480,12851,-8321,0,0
-840,165,675,-5683,16403,-13172,0,0
-3778,-488,-3682,-5214,13210,-10677,0,0
-2700,-831,-6214,-432,7803,-5139,0,0
-634,-1013,-7111,4313,3374,-3174,0,0
-762,-1325,-7611,8825,921,-706,0,0
-2204,-1276,-8628,13100,1023,1421,0,0
-5907,-195,-10481,14701,-2248,1784,0,0
-8898,2143,-9675,10515,-2052,1773,0,0
-7655,4071,-5690,7827,-1732,2425,0,0
-6147,5296,-1895,8529,-886,1648,0,0
-3350,6184,-126,10587,216,934,0,0
-2096,6077,137,12285,341,-561,0,0
-1726,5376,-732,13898,2601,-5555,0,0
-127,4607,-672,17580,5482,-13823,0,0
-425,662,-718,13203,9182,-14894,0,0
6196,-2697,399,13595,207,-6717,0,0
10689,-2660,2812,11881,-5161,-3502,0,0
7608,-1988,6363,11713,-7310,-4585,0,0
999,-2377,6834,9977,-4883,-581,0,0
-853,-2309,7221,10030,-4521,1017,0,0
-2132,-2457,8112,12026,-3957,1166,0,0
-2918,-2731,7880,12825,-3108,1675,0,0
-3532,-3061,6962,12690,-2160,2097,0,0
-1785,-3494,5946,11899,-1435,2154,0,0
2569,-3437,5974,11540,-368,2747,0,0
7784,-2078,7313,8047,1592,-151,0,0
7187,-339,7517,2404,7324,-6580,0,0
3207,-352,4881,-3242,14463,-7221,0,0
1986,309,1152,-5309,19360,-15720,0,0
-3503,-506,-2872,-5876,10229,-6467,0,0
-2872,-114,-4669,-2029,6978,-4192,0,0
-1449,-324,-5796,3864,3743,-2336,0,0
-1824,-293,-6755,8274,964,925,0,0
-2819,500,-7872,11657,-328,2998,0,0
-3722,2138,-8606,11770,-1434,2305,0,0
-3913,3440,-8016,10703,-1570,1707,0,0
-2925,4177,-6840,10924,-1642,1222,0,0
-1988,4361,-5975,10934,-1643,820,0,0
-618,4315,-4924,9207,-1890,624,0,0
595,4468,-4228,10019,-2244,-2185,0,0
-1137,4460,-3798,14923,-1679,-5076,0,0
-3312,4145,-2883,16387,-4006,-14040,0,0
-5321,1583,-885,16997,-2923,-22875,0,0
930,-2156,1721,14475,3533,-9398,0,0
10385,-2276,4076,9878,-8838,-5217,0,0
6418,-1902,5859,9426,-6648,-2932,0,0
3677,-1026,7422,8848,-5108,502,0,0
3650,509,8546,9908,-4311,2215,0,0
677,1506,8693,11515,-3505,2470,0,0
-4324,632,7831,12131,-2576,3496,0,0
-5795,-432,6973,12342,-2555,3402,0,0
-4760,-1478,6142,12058,-1474,2346,0,0
-1032,-2054,5690,10220,-170,3126,0,0
3804,-1033,6030,6243,1760,1186,0,0
5790,639,6100,153,4679,-2184,0,0
5836,1563,6318,-6417,12369,-9473,0,0
2214,1210,2690,-7862,17015,-16627,0,0
-3003,-180,-3220,-1392,7438,-11511,0,0
-3970,-477,-3139,119,5622,-5560,0,0
-825,-952,-2595,2142,5771,-2046,0,0
230,-1402,-3913,6996,2767,859,0,0
-2083,-1083,-6290,9589,952,2555,0,0
-2957,416,-8739,10985,-427,2963,0,0
-3170,1969,-9732,12025,-1400,2401,0,0
-3166,3059,-9686,11706,-1472,1188,0,0
-2768,3239,-9452,13635,-1851,701,0,0
-1853,3201,-8577,13175,-1347,858,0,0
-2571,3248,-6673,13635,-1264,-995,0,0
-6042,3983,-4746,11024,730,-3098,0,0
-5089,5552,-1865,18374,4040,-12874,0,0
-2651,3681,331,18810,518,-1185,0,0
2599,-1804,1860,13276,2015,-11121,0,0
10666,-2793,4035,13023,-4327,-3914,0,0
5972,-1645,5718,11112,-6865,-2789,0,0
-2445,-2272,7228,10336,-4284,105,0,0
-2081,-2639,7518,9623,-3127,1577,0,0
-647,-2448,7917,10436,-3030,942,0,0
-2869,-2936,7706,11551,-3073,2192,0,0
-3599,-3378,6960,11515,-3106,2877,0,0
-2105,-3520,6283,10457,-2755,2481,0,0
1245,-3275,6200,9120,-1775,2543,0,0
5726,-2317,6610,7245,809,480,0,0
7007,-786,6685,2373,6145,-3450,0,0
4391,470,5326,-2061,12567,-8133,0,0
-2052,790,1497,-6201,18964,-14874,0,0
-2997,-399,-2981,-3475,11801,-6899,0,0
-2010,209,-4700,-1086,6214,-5301,0,0
-3376,160,-6092,4348,3600,-3101,0,0
-2509,305,-6661,8862,876,-287,0,0
-1669,575,-7392,10087,-712,1849,0,0
-1816,1114,-7880,10016,-1398,2658,0,0
-2967,1975,-7949,9744,-1630,2166,0,0
-3016,3082,-7503,9901,-2366,1965,0,0
-2739,4101,-6482,10844,-2785,2044,0,0
-2725,4861,-5697,11079,-2512,-334,0,0
-2697,4698,-4008,9281,-1953,-199,0,0
-758,5263,-1608,14443,583,-3569,0,0
869,5535,-1201,17095,-3047,-13513,0,0
-6116,2485,-2128,15825,-2540,-1648,0,0
-903,-2668,-880,12749,6239,-10247,0,0
9938,-3399,2023,13325,-4093,-5206,0,0
6115,-2896,4485,12345,-4733,-6269,0,0
