-3,4,-18,-998,-4243,-664,0,0
-16,-37,-11,-961,-4137,-2616,0,0
30,-62,-22,-1014,-4150,-540,0,0
69,-49,-47,-1068,-4212,-605,0,0
71,-37,-32,-1088,-4243,-675,0,0
48,-11,-2,-1094,-4271,-737,0,0
-2,26,15,-1075,-4298,-670,0,0
-42,55,22,-1007,-4216,-588,0,0
-33,17,23,-972,-4176,-527,0,0
-4,-21,6,-995,-4202,-533,0,0
19,-46,-14,-1004,-4194,-590,0,0
33,-52,-23,-1074,-4242,-682,0,0
7,-5,-9,-1080,-4254,-647,0,0
-20,23,18,-1019,-4223,-605,0,0
-14,21,19,-983,-4216,-555,0,0
-3,-2,5,-981,-4220,-572,0,0
-4,-30,7,-985,-4221,-593,0,0
-7,-55,9,-3048,-4226,-610,0,0
-9,-53,6,-1023,-4241,-609,0,0
-10,-39,2,-1024,-4241,-602,0,0
-4,-31,-7,-1052,-4227,-599,0,0
-2,0,-9,-1048,-4232,-602,0,0
-13,18,5,-984,-4232,-579,0,0
-19,-24,6,-966,-4229,-560,0,0
-12,-69,-6,-987,-4244,-534,0,0
-2,-108,-2,-955,-4246,-537,0,0
15,-205,-6,-928,-4208,-546,0,0
37,-331,-39,-934,-4197,-611,0,0
25,-390,-68,-970,-4283,-634,0,0
-36,-345,-84,-932,-4364,-641,0,0
-55,-217,-106,-985,-4300,-390,0,0
30,-1,-98,-979,-4085,-365,0,0
181,-199,-98,-879,-4065,-526,0,0
266,-595,-99,-1154,-4271,-565,0,0
234,-285,-136,-1213,-4215,-637,0,0
284,-113,-131,-916,-4049,-1035,0,0
280,-718,8,-636,-4043,-2289,0,0
-342,-718,392,-2601,-3874,-4044,0,0
-1353,615,930,-2939,-4319,-7346,0,0
-3002,718,2379,-5606,-7020,-9565,0,0
-4921,712,3197,-7535,-11483,-9301,0,0
-6556,1403,3157,-8904,-13887,-7424,0,0
-7409,2193,2172,-8961,-14849,-5331,0,0
-6965,-960,2152,-8511,-13681,-1617,0,0
-5914,-769,4457,-5560,-6880,1806,0,0
-4408,1844,5150,-768,-1966,2552,0,0
-2676,-485,4802,345,-3014,2504,0,0
-1415,-1549,5102,316,-3013,2524,0,0
-1014,50,4314,1947,-3464,2304,0,0
-480,-1411,3916,3238,-4217,1911,0,0
491,-1953,3779,5422,-5760,-5857,0,0
-1222,-2019,2789,5372,-4123,-970,0,0
-607,1268,93,1767,764,3871,0,0
1236,1158,-1033,3345,679,-777,0,0
716,3705,-3549,6710,3645,-1450,0,0
1599,3765,-5000,6990,6335,-4501,0,0
2288,3962,-6214,4675,4108,-6235,0,0
3249,1680,-6404,709,816,-4586,0,0
4674,-825,-5039,-1514,-3784,-4205,0,0
4896,-404,-3607,-2734,-6155,1803,0,0
5340,2321,-4563,-2707,-8247,1816,0,0
-5873,1565,3408,-9321,-25222,-2390,0,0
-6204,-571,5184,-7292,-16391,-221,0,0
-5428,1728,6083,-4488,-9673,3710,0,0
-5717,3274,5267,-2681,-7709,4800,0,0
-5923,2175,4218,-1887,-9185,4010,0,0
-5223,-160,3946,-328,-9378,5672,0,0
-3403,-1994,5144,-302,-5879,3715,0,0
-2220,-1179,5297,420,-6471,3110,0,0
-1171,-2236,5251,1635,-5995,1973,0,0
14,-2003,4942,3576,-3032,992,0,0
361,-400,3261,6859,70,-1914,0,0
-303,-1797,1116,12711,1168,-11959,0,0
-1531,2421,-1344,10853,10651,-2674,0,0
772,3390,-3778,8820,9798,-2327,0,0
2200,1639,-6624,4066,-38,-560,0,0
3993,2031,-6995,329,-8452,917,0,0
4881,3492,-6210,-1689,-11176,2784,0,0
5463,4149,-5086,-1071,-9234,621,0,0
5888,767,-3814,-2465,-9056,384,0,0
5542,-1571,-3315,-3992,-8388,1376,0,0
5107,-917,-3088,-3139,-6577,850,0,0
5051,-1661,-2215,-3192,-6321,244,0,0
4962,-3253,-1356,-4063,-6325,-1317,0,0
4699,-3967,-602,-6231,-8574,-3745,0,0
3514,-2868,-361,-10991,-14655,-9468,0,0
560,1196,384,-10098,-20630,-13834,0,0
-3049,3029,2053,-8154,-21022,-6539,0,0
-5146,2410,3456,-4631,-15514,-1253,0,0
-3868,-706,5195,-4920,-6967,2065,0,0
-3605,2162,5398,-2769,-3743,3108,0,0
-3857,2239,4763,-2384,-4864,3108,0,0
-3970,1499,4695,-1718,-5913,2265,0,0
-3775,606,4544,-1396,-6104,2443,0,0
-3310,-604,4580,-500,-6096,2285,0,0
-2353,-1558,4919,-327,-5911,2443,0,0
-934,-1424,5170,273,-4630,1492,0,0
8,-589,4494,2272,-2253,-491,0,0
-130,1159,2116,8116,2319,-5367,0,0
-1533,-207,-527,12846,7756,-7615,0,0
-457,2014,-966,8131,10367,-1431,0,0
3533,1088,-3181,5441,1111,-1166,0,0
4721,1124,-5061,3270,-3968,-334,0,0
4245,2968,-7078,602,-7406,2337,0,0
4853,1928,-7696,-985,-11413,1875,0,0
5171,490,-5800,-4652,-10839,2277,0,0
5114,438,-3757,-3825,-8916,1925,0,0
5243,-526,-2455,-2995,-6959,731,0,0
5292,-2550,-1565,-3822,-6287,563,0,0
5303,-3602,-929,-4424,-5434,256,0,0
5291,-3421,-603,-5258,-6960,-3544,0,0
4101,-2908,-629,-10590,-12862,-10483,0,0
-177,1826,12,-10417,-24212,-16832,0,0
-3995,874,2180,-10525,-24820,-5540,0,0
-6088,2311,4007,-7470,-17532,-352,0,0
-5445,1517,5013,-4614,-9419,2647,0,0
-4599,2193,5420,-3457,-5099,4927,0,0
-4912,3314,4514,-2442,-6206,5473,0,0
-4170,673,4590,-2311,-6612,4081,0,0
-3360,533,5069,-1156,-6653,3591,0,0
-3025,-2096,5364,-433,-6736,2532,0,0
-2020,-1866,5808,502,-6006,1687,0,0
-956,-1014,5390,3034,-4255,673,0,0
-872,990,3170,7800,-2019,-3483,0,0
-2107,-342,-323,13495,-471,-6990,0,0
-1759,2006,-1842,8511,7639,1352,0,0
1284,1830,-2741,7806,9541,264,0,0
4229,-459,-5040,3876,-998,196,0,0
5148,146,-7269,587,-11236,2455,0,0
5679,13,-8344,-2832,-15631,2155,0,0
5030,1485,-7013,-3828,-11444,816,0,0
5217,948,-4472,-3090,-10677,1778,0,0
5865,-1499,-3500,-4695,-8994,839,0,0
5638,-1406,-3052,-3533,-7377,-482,0,0
5317,-3277,-2263,-5301,-6495,-2028,0,0
4592,-5452,-1026,-6968,-6035,-1467,0,0
4006,-5761,51,-11699,-9093,-9052,0,0
-416,-660,1,-12524,-18613,-7340,0,0
-4043,139,1584,-8851,-26120,746,0,0
-3930,1393,5183,-6136,-20714,-196,0,0
-2439,-71,7991,-5167,-11719,2356,0,0
-2716,3674,8268,-1606,-7507,3357,0,0
-4021,5023,6508,-961,-5422,2692,0,0
-4375,3322,4785,-2646,-6405,2878,0,0
-4722,3064,3824,-2808,-8310,3493,0,0
-5063,2261,3430,-1388,-8657,2969,0,0
-4148,-1355,3905,208,-7506,3830,0,0
-2058,-3069,4767,1483,-6001,3291,0,0
-482,-2111,4582,5299,-3920,1337,0,0
413,-635,2330,9789,3981,-3988,0,0
-693,908,-417,15348,10324,-9511,0,0
-718,2172,-1792,11257,12059,-2176,0,0
2001,1144,-5153,6457,2173,165,0,0
3627,1002,-6740,1303,-5998,1424,0,0
4113,4393,-6631,722,-10641,2490,0,0
5664,3842,-5933,-1365,-10592,2652,0,0
6299,1719,-5387,-2427,-10239,1882,0,0
5949,134,-4389,-3451,-10714,1855,0,0
5598,-518,-3057,-4154,-9103,1393,0,0
5757,-2139,-1834,-3825,-7260,244,0,0
5821,-3671,-1063,-4031,-7427,-581,0,0
5613,-4164,-621,-6400,-7844,-3604,0,0
4207,-1686,-572,-12561,-13545,-11370,0,0
-408,2448,296,-9404,-22466,-13620,0,0
-3150,1944,2055,-12267,-22464,-504,0,0
-5130,3812,4171,-6584,-17569,-1076,0,0
-3913,-1231,6279,-6424,-9998,2283,0,0
-3197,1972,7270,-2964,-6454,4402,0,0
-4108,389,6339,76,-5862,4244,0,0
-4067,2245,5139,-606,-5974,3867,0,0
-3481,1217,4642,-1086,-6070,3222,0,0
-3241,919,4130,-53,-6118,3433,0,0
-2171,-1104,4229,-107,-5727,2580,0,0
-632,-1763,4505,2122,-3946,1442,0,0
98,71,3108,3356,-394,-858,0,0
-1035,2162,278,11272,1901,-8798,0,0
-1946,561,-444,10789,10142,-1997,0,0
982,1026,-1525,8335,10386,-458,0,0
3191,693,-4637,5093,64,51,0,0
4113,1311,-6561,1640,-8605,2356,0,0
5142,1349,-7185,-1109,-12194,2350,0,0
5468,1575,-6887,-3061,-9532,2500,0,0
5394,2466,-4995,-2338,-8762,1860,0,0
5887,-132,-2970,-3500,-8250,1474,0,0
5605,-1522,-2517,-4092,-7056,837,0,0
5251,-2850,-1950,-3440,-6663,623,0,0
5141,-4419,-1268,-5083,-7360,-1303,0,0
4671,-4180,-688,-7853,-12377,-4040,0,0
2746,-2587,50,-11199,-21775,-11733,0,0
-1096,-141,1002,-10968,-19880,-6963,0,0
-4231,4931,2266,-8871,-17370,-285,0,0
-5576,4296,3670,-3707,-11091,-1966,0,0
-4287,-292,5429,-4857,-6742,1434,0,0
-4052,1925,5742,-3160,-5734,4014,0,0
-4341,3804,4997,-2755,-5269,4016,0,0
-4561,4146,3921,-2508,-5712,2851,0,0
-4751,2555,3519,-2373,-7261,2588,0,0
-4744,-48,3810,-1512,-7738,3559,0,0
-3491,-2934,4871,45,-6524,2774,0,0
-1530,-2794,5138,2644,-3644,1203,0,0
-1026,1050,2661,8843,731,-3414,0,0
-1781,717,-428,16628,7808,-6023,0,0
-207,229,-855,9301,10662,-120,0,0
2857,834,-3606,6372,1555,612,0,0
4787,-506,-5788,1968,-6517,1693,0,0
4776,1705,-6952,-405,-10505,2588,0,0
5628,1378,-7037,-2543,-10455,2857,0,0
5722,1671,-6109,-3282,-9462,1878,0,0
5244,-4822,-1026,-4253,-6763,182,0,0
5080,-6324,-260,-8382,-8623,-2470,0,0
2755,-3291,-44,-15646,-19668,-14388,0,0
-2289,1344,746,-8014,-22139,-6553,0,0
-2905,490,2629,-10647,-18526,2013,0,0
-4515,1142,4697,-4485,-12849,669,0,0
-3176,278,6229,-4499,-6554,1337,0,0
-2915,2780,6289,-2296,-4465,3516,0,0
-3456,4372,5483,-2054,-4349,2933,0,0
-3655,3602,4651,-2326,-4638,2399,0,0
-3851,2309,4059,-2560,-5743,2198,0,0
-3995,819,3959,-2100,-6943,3136,0,0
-3225,-978,4351,-1389,-6233,3103,0,0
-1689,-1963,4842,1386,-4211,1946,0,0
-578,-956,3432,1971,-1057,212,0,0
-474,1078,1578,11360,4117,-4560,0,0
-480,-157,-266,16547,10709,-8873,0,0
-306,3132,-2936,9197,7169,-667,0,0
3252,2299,-5591,5448,-1996,399,0,0
4961,339,-6379,361,-9078,3466,0,0
5069,3677,-5963,-1404,-12312,2534,0,0
6299,1608,-4867,-3210,-9430,1285,0,0
5816,873,-3942,-3158,-8725,1525,0,0
5617,-120,-2758,-3497,-8420,1293,0,0
5769,-1410,-1883,-3550,-7749,-48,0,0
5291,-1789,-1384,-3012,-6217,-889,0,0
4711,-1702,-1287,-3321,-6630,-2872,0,0
4397,-3691,-847,-4675,-10068,-4773,0,0
3710,-5083,-224,-9763,-21268,-10579,0,0
-66,-3912,909,-11432,-21724,-9194,0,0
-4036,2010,3048,-8711,-19587,-3996,0,0
-5713,1541,4713,-4681,-12735,-1928,0,0
-4736,-585,6207,-6069,-8185,2499,0,0
-4989,2911,6342,-2845,-7836,4179,0,0
-5212,3417,5695,-1699,-8361,4590,0,0
-5010,1544,5212,-610,-7466,3467,0,0
-4441,350,4422,2488,-7983,3670,0,0
-4278,-865,2952,2952,-5540,4800,0,0
-2064,-3128,2678,611,-3048,3047,0,0
264,-1586,3599,434,-2358,826,0,0
1031,10,3829,271,987,-525,0,0
703,1031,2344,9074,9234,-6398,0,0
78,143,-632,11358,8871,-9507,0,0
240,1915,-2100,8303,5907,-2331,0,0
3168,153,-4230,4660,-891,-789,0,0
3612,963,-5499,930,-6546,1715,0,0
3765,3009,-6199,-1146,-8698,2640,0,0
4752,2431,-5864,-2886,-7084,2710,0,0
5171,1420,-4782,-1501,-7864,2446,0,0
5257,-192,-3703,-3079,-8593,1172,0,0
5206,-1852,-2824,-3984,-7390,950,0,0
5047,-2571,-2234,-2951,-6682,1204,0,0
5312,-4251,-1602,-4376,-7268,-481,0,0
5145,-5975,-1155,-8073,-11459,-3054,0,0
3640,-5287,-877,-16856,-20262,-6520,0,0
-486,1634,407,-16647,-21913,-10845,0,0
-4032,592,3497,-7732,-19323,-4040,0,0
-4192,937,5735,-4686,-11914,1285,0,0
-3026,1323,6777,-3425,-7363,3083,0,0
-3576,3834,6370,-2063,-5588,4112,0,0
-3841,3372,5395,-2965,-6099,4482,0,0
-3747,2887,4691,-2187,-7680,3858,0,0
-3446,2082,4651,-1786,-7817,3754,0,0
-3079,223,4831,-140,-7129,3626,0,0
-2015,-2195,5234,1103,-6012,2489,0,0
-695,-2328,4406,3399,-2505,-534,0,0
-1266,1399,1637,9809,2404,-2611,0,0
-596,-830,630,16034,9348,-5809,0,0
764,1897,-579,10875,9152,-1674,0,0
3956,-124,-3851,6069,-457,948,0,0
5051,-2034,-5896,1467,-8274,2700,0,0
4180,2035,-7342,-652,-12425,2910,0,0
5340,2595,-7328,-2349,-11358,1893,0,0
6195,453,-5610,-3469,-10866,2523,0,0
5979,-479,-4077,-3090,-10921,1506,0,0
5717,-2737,-3046,-4536,-8841,688,0,0
5324,-4854,-2309,-5359,-7554,425,0,0
4671,-5026,-1354,-6009,-6711,-427,0,0
4176,-4601,-691,-7759,-8141,-3730,0,0
2379,-4153,-340,-13000,-18571,-8872,0,0
-1347,-503,1295,-15231,-23049,-6597,0,0
-4738,27,4885,-10562,-23721,-4276,0,0
-5373,390,7757,-8188,-18477,1735,0,0
-4253,1950,9404,-5636,-12251,4555,0,0
-4873,1757,8241,-2168,-10045,5947,0,0
-5094,3432,6895,-2275,-8780,5334,0,0
-4477,2059,5855,-2213,-8107,4828,0,0
-3974,2229,4607,-2250,-8289,3953,0,0
-3400,362,4286,-1703,-8002,4125,0,0
-1510,-2124,5181,-100,-7545,3246,0,0
-80,-1699,5103,5899,-4425,1145,0,0
-1147,-1308,1892,17231,-4085,-1107,0,0
-2129,-780,-1347,12345,3700,-235,0,0
277,2821,-2571,11238,10760,-122,0,0
1558,2518,-4539,9939,5884,1915,0,0
4618,-79,-6295,2382,-4719,3711,0,0
6731,1589,-7896,-615,-14125,5463,0,0
8083,479,-7596,-4377,-16968,4655,0,0
7709,1612,-6937,-5539,-13498,2087,0,0
7355,994,-5169,-4632,-13049,2067,0,0
6963,-1949,-3027,-4823,-12072,698,0,0
5948,-3485,-1126,-4536,-8760,-2555,0,0
4742,-4761,-200,-3438,-7151,-2794,0,0
3351,-6402,-141,-9531,-9901,-11919,0,0
-365,-4461,397,-13949,-11803,-12927,0,0
-2829,910,1222,-11071,-20551,2267,0,0
-3840,2323,2953,-10794,-20333,-1090,0,0
-3521,-48,6136,-7872,-14634,-138,0,0
-2135,112,7715,-5584,-8246,2552,0,0
-2527,3478,7532,-2334,-6943,3339,0,0
-3275,4013,6475,-1214,-6729,3128,0,0
-3379,3019,5082,-2361,-8079,3451,0,0
-3336,2175,4588,-2830,-8845,3558,0,0
-3085,596,5030,-1418,-8276,4219,0,0
-1419,-1754,6167,-693,-7632,3840,0,0
-550,-678,6018,4883,-4257,512,0,0
-770,-37,3391,10313,472,-2360,0,0
-354,-891,188,17500,4561,-7984,0,0
-164,1092,-1096,14399,10863,-3328,0,0
2681,491,-4041,9678,3064,-709,0,0
3597,-1398,-6615,1532,-5897,1498,0,0
3245,2754,-7362,-313,-10471,2977,0,0
4907,1860,-7049,-2547,-11112,2969,0,0
5524,1268,-6055,-3615,-9259,2688,0,0
5597,881,-4345,-1943,-9905,2506,0,0
5742,-899,-3384,-4107,-9574,1044,0,0
5455,-1695,-2598,-3423,-8008,1606,0,0
5610,-2986,-1703,-4198,-8124,-105,0,0
5781,-4703,-1140,-6359,-8781,-1755,0,0
5426,-3951,-942,-12599,-15616,-7106,0,0
1329,193,151,-11987,-22990,-13358,0,0
-2911,4355,1566,-11628,-23826,-7226,0,0
-5917,4402,4205,-6851,-18661,-1704,0,0
-6234,1713,5698,-5564,-11129,1499,0,0
-5745,2767,5331,-2637,-6674,3038,0,0
-5803,3312,4202,-3700,-6376,3933,0,0
-6337,3296,2789,-3664,-9696,4993,0,0
-6181,760,2917,-2115,-9530,5087,0,0
-5276,-947,4160,-833,-7918,5723,0,0
-3243,-2679,5327,251,-5211,4201,0,0
-606,-2373,5919,2485,-3434,1806,0,0
-412,414,-887,14767,8200,-3711,0,0
1052,1875,-2751,10185,7790,-1182,0,0
3115,385,-5375,4540,-1545,126,0,0
4107,2119,-6016,-454,-8740,3226,0,0
5960,2216,-6090,-2088,-11481,4330,0,0
7207,839,-6037,-3905,-10671,3345,0,0
7083,-113,-5178,-4358,-10647,2922,0,0
6512,-1262,-4278,-5758,-10007,2356,0,0
5822,-1805,-2677,-5011,-8578,1931,0,0
5622,-3154,-1356,-4601,-7447,381,0,0
5385,-3712,-765,-4967,-7437,-2869,0,0
4789,-2762,-872,-10038,-13001,-7952,0,0
1313,454,-213,-11748,-21147,-17345,0,0
-2163,1063,1115,-14149,-22580,-2338,0,0
-4449,1791,3414,-11064,-19780,930,0,0
-4281,1558,6410,-8096,-12639,1713,0,0
-3791,3588,7402,-3413,-8671,4950,0,0
-4720,4696,6181,-1057,-7154,4799,0,0
-4945,1611,4947,-1610,-7417,4833,0,0
-3633,-674,5337,-2665,-8895,4694,0,0
-3174,333,5745,-552,-8628,4283,0,0
-1616,-1625,6271,557,-7864,2889,0,0
179,-946,5678,4079,-4974,874,0,0
-472,1190,2048,15309,-1004,-7534,0,0
-1637,1179,-1323,12241,3370,-5712,0,0
-821,3536,-2531,9595,11893,-2813,0,0
1238,2262,-5511,5124,6981,-5321,0,0
1013,3683,-7669,2928,-5795,-2266,0,0
2297,1517,-6536,-616,-9650,755,0,0
2247,3126,-5641,-2503,-8553,1230,0,0
2897,3753,-4583,-2425,-6752,1746,0,0
4356,1088,-3731,-3990,-6666,1734,0,0
4826,-75,-2556,-3654,-5348,1969,0,0
5306,-244,-1590,-2702,-5390,2135,0,0
5672,47,-1311,-1320,-6448,1987,0,0
6027,27,-1439,-1512,-7389,398,0,0
6064,-1376,-1693,-1689,-11114,-4320,0,0
5083,-2244,-2058,-10219,-22237,-11576,0,0
1257,-549,-321,-13980,-24933,-17624,0,0
-2885,1250,2853,-11324,-20794,-5786,0,0
-4816,1894,5617,-8319,-15110,-365,0,0
-3995,158,7393,-7510,-9948,1579,0,0
-4085,3645,7813,-1702,-8640,5642,0,0
-4830,4315,6042,-538,-6612,6627,0,0
-3852,633,5297,-2577,-7853,4822,0,0
-2712,-164,5842,-1181,-9282,5939,0,0
-1378,-923,6613,223,-8311,3436,0,0
-42,-818,5875,4366,-5813,944,0,0
430,1633,2712,10862,-2838,-6308,0,0
-1560,2159,-1419,11447,-3072,-11805,0,0
-1459,5510,-3569,9545,7348,278,0,0
-227,1392,-5601,6255,9785,-1506,0,0
1046,1576,-7204,662,-367,-1450,0,0
3020,3878,-6175,-555,-6865,1932,0,0
4778,4675,-4247,-274,-10454,3224,0,0
5526,4043,-3862,-970,-8697,588,0,0
5875,398,-3846,-2913,-7273,1308,0,0
5394,-23,-2855,-3691,-7631,1918,0,0
5471,-896,-943,-2691,-7278,1103,0,0
5619,-1956,-774,-2243,-7431,-534,0,0
5949,-3362,-553,-3344,-10599,-3210,0,0
4804,-2600,-848,-10879,-22431,-14449,0,0
-283,256,-317,-9778,-19177,-14003,0,0
-3198,2121,2379,-13056,-19888,3338,0,0
-750,2303,5717,-6129,-15795,423,0,0
-2589,-1337,8383,-6245,-9050,1982,0,0
-1975,3328,7573,-3182,-6072,5328,0,0
-2709,5342,6033,-2076,-5864,3996,0,0
-3906,5186,4657,-2174,-7262,2410,0,0
-4531,2964,3780,-2397,-9985,2610,0,0
-4216,-565,4433,-1497,-9695,3377,0,0
-2486,-1319,6155,962,-7847,2977,0,0
-970,-1374,5487,5116,-4763,1951,0,0
-1610,1435,1708,1189,-1825,-9590,0,0
-1621,-221,-721,9611,6021,-1826,0,0
-1310,4141,-3667,12703,12824,-1999,0,0
1262,1097,-6808,3422,4617,-3718,0,0
1510,3127,-7671,1030,-6332,-1179,0,0
3029,3424,-6373,-516,-10353,2469,0,0
4079,4608,-5058,-1238,-10115,2972,0,0
5011,3866,-4458,-1716,-8004,1649,0,0
5628,1705,-3328,-1787,-8737,1339,0,0
5738,361,-2512,-3092,-8880,1193,0,0
5863,-717,-1603,-2845,-7668,1250,0,0
6087,-1098,-782,-2540,-7794,724,0,0
6317,-2366,-542,-2765,-8039,-2750,0,0
6139,-4162,-458,-10332,-13768,-10239,0,0
1226,-538,-51,-11011,-18748,-17084,0,0
-2284,1697,243,-11320,-20760,1570,0,0
-3904,701,3053,-8880,-18732,1814,0,0
-3461,407,5661,-7400,-13956,-1272,0,0
-1949,-251,7653,-5741,-9932,1969,0,0
-2859,4421,7583,-1677,-8064,2863,0,0
-4359,5310,6177,-264,-7189,2465,0,0
-4819,3085,4440,-699,-6595,2016,0,0
-4397,1420,3450,-2222,-8173,2831,0,0
-3939,979,3764,-1686,-8362,3724,0,0
-2949,-414,4790,48,-7609,3967,0,0
-1276,-1197,5225,4174,-4611,3898,0,0
-2271,1347,2294,18021,1331,-8093,0,0
-1657,1185,-818,11720,9776,1172,0,0
794,4904,-3589,9793,10445,-3184,0,0
1023,3533,-5840,5994,5672,-3240,0,0
2054,160,-6015,974,-2271,-1296,0,0
1617,3325,-5548,92,-7287,687,0,0
2334,4781,-4770,438,-7291,758,0,0
3814,2784,-4107,-1535,-5761,1543,0,0
4454,2605,-3544,-1713,-6190,1834,0,0
4785,2351,-2729,-1175,-6637,1314,0,0
5049,496,-2184,-1895,-5744,791,0,0
5064,-615,-1614,-2181,-5550,1680,0,0
5350,-160,-1219,-1877,-7430,895,0,0
6219,-822,-696,-1497,-12742,28,0,0
7265,-2741,-986,-4428,-23188,-7277,0,0
5631,-1271,-975,-15202,-25924,-16374,0,0
119,1788,2180,-9467,-20495,-19148,0,0
-3210,-407,5786,-10100,-13823,-1197,0,0
-4263,2253,6766,-3745,-9973,3587,0,0
-4243,4206,6379,-3296,-7497,4497,0,0
-4721,4733,5095,-2603,-8433,6053,0,0
-4254,1502,4901,-2129,-7642,5802,0,0
-3119,461,5866,-3107,-8530,4718,0,0
-3119,1156,6138,-329,-9259,3600,0,0
-1811,-2119,6986,803,-7442,2039,0,0
-409,-888,6094,3678,-3680,-743,0,0
-686,1182,2246,16992,2192,-7174,0,0
-849,-1070,-632,14082,4764,-8037,0,0
-1124,1094,-2213,8513,9627,-617,0,0
2144,844,-5137,5352,2067,-1488,0,0
2607,840,-6412,1051,-4679,35,0,0
2811,3692,-6520,185,-9066,1535,0,0
4061,3174,-5423,-793,-8160,1465,0,0
4336,2490,-4318,-1031,-6297,760,0,0
4291,1194,-3464,-1786,-6266,1037,0,0
4432,-1195,-3495,-3454,-6459,1340,0,0
4194,-1655,-3230,-3882,-5834,2238,0,0
4588,-957,-2051,-3120,-6567,1817,0,0
5318,-1482,-1348,-2531,-7922,1397,0,0
6341,-2376,-1548,-2821,-15276,-1654,0,0
6385,-2955,-1596,-7913,-24634,-7919,0,0
3561,-3119,-428,-13739,-23418,-923,0,0
-2151,2055,2678,-13507,-17790,-2893,0,0
-5355,4263,5156,-4915,-12283,1164,0,0
-3913,660,6071,-5258,-7515,626,0,0
-3590,2252,6208,-4559,-7053,4265,0,0
-4035,3916,5575,-3746,-7058,4268,0,0
-4412,3633,5107,-3221,-8255,2963,0,0
-5102,3539,4582,-2262,-9537,3179,0,0
-5153,1070,4418,-1078,-9789,3683,0,0
-3536,-2610,5964,-576,-7874,3689,0,0
-1496,-1644,6499,2600,-6166,3800,0,0
-843,782,4134,14677,2495,-4357,0,0
-1211,-2152,197,19656,6582,-9210,0,0
399,2091,-2520,8556,7963,-2600,0,0
2428,143,-5955,6335,2373,-2554,0,0
3064,1790,-6864,2040,-5035,-563,0,0
2689,2763,-6512,268,-8352,1678,0,0
3388,3375,-5449,-3384,-8343,1686,0,0
3975,3265,-3874,-1192,-6453,1391,0,0
4796,1013,-2709,-1323,-6486,1035,0,0
4871,-863,-2697,-2218,-6518,1009,0,0
4636,-1673,-2822,-3216,-6171,1946,0,0
4854,-1251,-2123,-2594,-6968,1246,0,0
5251,-1434,-1547,-2149,-7775,363,0,0
6231,-3521,-1605,-4098,-13794,-1828,0,0
5980,-2501,-1863,-8919,-24067,-6359,0,0
4074,-635,-32,-13434,-23580,-15140,0,0
20,-565,3263,-11056,-17561,-9125,0,0
-3337,3614,6258,-8386,-12407,1123,0,0
-3876,3909,6659,-3248,-7698,1031,0,0
-3390,2576,6327,-4262,-5109,3611,0,0
-3818,4478,5123,-3513,-5548,4051,0,0
-4241,4221,4260,-3849,-6702,3189,0,0
-4666,3626,3781,-4118,-9933,3752,0,0
-4581,1094,4446,-2041,-10355,3793,0,0
-2919,-130,6093,-336,-8396,3797,0,0
-1606,-253,5334,4749,-3523,2017,0,0
605,2386,-3233,8025,1011,-1859,0,0
2023,3098,-6333,4056,-1028,-1830,0,0
2145,1772,-6089,881,-6715,844,0,0
2646,3418,-5214,-461,-8141,1378,0,0
3480,4274,-4308,-150,-6523,1559,0,0
4687,1440,-3720,-1776,-7030,2040,0,0
5007,-289,-3713,-3295,-6766,1930,0,0
4648,260,-3440,-3070,-6529,2299,0,0
4978,-234,-2583,-2890,-7014,2253,0,0
5743,-1131,-1577,-1732,-7590,1033,0,0
5904,-2353,-1652,720,-11242,-23,0,0
5894,-4884,-3631,-5431,-20733,-4545,0,0
4977,-3032,-2923,-16820,-26330,-17443,0,0
134,434,1728,-15357,-21230,-14606,0,0
-4840,4003,5043,-7893,-19850,-1833,0,0
-5305,2963,5988,-3859,-14854,1449,0,0
-4399,1884,7300,-3318,-11215,4382,0,0
-4598,2506,7204,-464,-9699,6864,0,0
-3611,682,6831,-1593,-7643,4862,0,0
-2663,1227,6659,385,-9693,7216,0,0
-2117,-132,7065,287,-8327,4331,0,0
-975,-1531,6917,2434,-6419,2361,0,0
-42,640,5073,3932,-2550,-334,0,0
-177,1729,1169,12498,-1557,-7140,0,0
-2618,1434,-1736,12333,277,-8253,0,0
-3276,1411,-2484,9208,10682,1151,0,0
430,56,-4560,5087,6060,1341,0,0
2685,1766,-5313,1794,-1649,1398,0,0
4768,2435,-4841,1128,-7283,2504,0,0
5382,2164,-5416,-153,-10325,1912,0,0
5229,798,-5991,-1579,-10443,1029,0,0
4406,428,-5367,-2325,-9887,1507,0,0
4638,724,-3827,-2661,-8060,728,0,0
5362,341,-2359,-1917,-6636,427,0,0
5486,-855,-1569,-1660,-7159,655,0,0
5320,-2284,-1457,-2380,-6788,-809,0,0
5038,-3340,-1382,-5351,-8415,-2918,0,0
4145,-3229,-738,-11605,-19161,-13814,0,0
-86,-785,288,-13175,-21198,-11244,0,0
-4721,1760,2062,-10131,-22488,-2313,0,0
-4356,3705,3921,-3742,-20534,-5337,0,0
-4641,-1019,6575,-5546,-14082,853,0,0
-4232,1107,7523,-2229,-10288,4808,0,0
-4889,1887,6280,679,-7336,5715,0,0
-4098,1504,5232,-24,-6679,5501,0,0
-2858,-605,5161,-61,-5682,5797,0,0
-2018,45,5654,-84,-5684,3799,0,0
-1420,351,5363,530,-5642,2558,0,0
-238,316,4934,3024,-3277,514,0,0
-459,3412,1774,13978,-114,-6593,0,0
-2405,2611,-2677,10256,-1666,-4633,0,0
-2558,463,-3727,8227,8655,2369,0,0
567,-992,-3799,4900,9786,2819,0,0
2621,924,-5150,2146,-729,1731,0,0
4880,1631,-5178,637,-7482,1748,0,0
5686,1254,-4553,-1596,-10221,2022,0,0
5657,1340,-4227,-1595,-9442,837,0,0
5574,342,-3950,-2748,-8153,964,0,0
5335,47,-3326,-2061,-8108,707,0,0
5121,-915,-2811,-2475,-6911,534,0,0
5042,-2028,-2230,-3213,-6623,635,0,0
4875,-2622,-1803,-3124,-6194,-974,0,0
4830,-4161,-1330,-7688,-8468,-2170,0,0
4020,-2776,-1556,-11141,-17165,-7659,0,0
818,-495,-656,-10294,-17439,-11732,0,0
-3143,3877,898,-10692,-19215,-3490,0,0
-5516,5092,3005,-5331,-18394,-4132,0,0
-4890,-659,4673,-7236,-14908,-1978,0,0
-4379,-469,5848,-5024,-11024,2726,0,0
-4475,1896,6816,-1855,-9083,2955,0,0
-4494,2554,6279,-952,-9257,5606,0,0
-3505,148,6033,-131,-7616,4943,0,0
-2414,-395,6126,-90,-8537,4975,0,0
-1770,-1501,6260,1665,-8689,5040,0,0
911,-2039,6790,4700,-4240,805,0,0
1378,495,3209,10714,-529,-8044,0,0
-1036,1371,-1126,6196,-2115,-8436,0,0
-2645,482,-3125,8177,7606,-3903,0,0
-1836,4037,-4679,7878,10316,-1232,0,0
292,-1461,-6042,1372,882,1245,0,0
2506,1829,-5537,-1597,-4678,2088,0,0
4362,4749,-3604,-414,-7271,2770,0,0
5629,3131,-2964,34,-7984,1858,0,0
5913,-281,-3561,-2250,-6843,1282,0,0
5239,-1300,-3069,-2240,-6937,1759,0,0
4805,-1337,-2687,-2781,-6595,1355,0,0
4651,-2117,-2490,-2465,-6101,1261,0,0
4396,-3401,-2045,-3202,-6663,663,0,0
4139,-4288,-1709,-5527,-7101,-691,0,0
3749,-2985,-2310,-9996,-15435,-4223,0,0
2153,-687,-1650,-13680,-22360,-13438,0,0
-868,1748,957,-12230,-16767,-9016,0,0
-4361,1173,2731,-8610,-15664,1225,0,0
-4477,2228,4177,-5413,-10752,-1061,0,0
-3386,84,5961,-6790,-6798,2295,0,0
-3117,2108,6565,-4624,-6706,3761,0,0
-3427,3542,6450,-2912,-8145,2981,0,0
-3785,3091,5755,-1857,-8659,2288,0,0
-3710,401,5411,-697,-9071,2970,0,0
-2738,-2166,6159,-131,-7987,3554,0,0
-1126,-1393,5955,2229,-5923,2742,0,0
-403,1490,3668,6601,-2982,-326,0,0
-2359,2234,173,16011,1476,-6948,0,0
-1336,1447,-1038,11803,9513,-2802,0,0
285,686,-2926,9164,9459,-3106,0,0
1836,1031,-5934,4493,449,-1782,0,0
2393,574,-6744,1273,-6065,670,0,0
3064,2552,-6448,-657,-9713,2098,0,0
3877,3764,-6088,-819,-10233,1714,0,0
4609,2591,-5310,-2038,-8763,1354,0,0
4830,976,-3848,-4000,-7678,1447,0,0
5237,-387,-2607,-1766,-7711,962,0,0
5541,-1721,-2137,-2498,-8026,1323,0,0
5500,-1912,-2172,-2737,-7475,647,0,0
5385,-2460,-1709,-3500,-7452,-1286,0,0
5077,-4306,-1109,-9705,-13321,-6185,0,0
2783,-1489,-3072,-12707,-22168,-10485,0,0
-679,2503,468,-11456,-18516,-10073,0,0
-4028,3904,2420,-7538,-17951,-3187,0,0
-3907,172,5009,-9202,-13693,202,0,0
-2952,1352,7788,-6884,-8647,4032,0,0
-3689,4947,7660,-3251,-7294,4964,0,0
-4148,3468,6410,-3227,-7875,3506,0,0
-4203,1811,5763,-3082,-10206,3519,0,0
-4329,817,5283,-1121,-11777,4164,0,0
-3002,-2347,6095,-176,-10481,3448,0,0
-589,-2805,6760,2601,-7812,1966,0,0
60,1968,4116,8901,-3585,-2812,0,0
-2446,2666,799,18045,2031,-7860,0,0
-1143,1831,-888,13399,10450,-384,0,0
1083,2861,-4427,8522,8252,-678,0,0
2931,1193,-7034,2853,-2187,-836,0,0
3806,2996,-6684,1218,-8856,990,0,0
5335,2965,-5462,-63,-12029,2199,0,0
6063,1219,-5029,-971,-10760,1512,0,0
5455,133,-5129,-3627,-9572,1590,0,0
4943,-799,-4280,-3674,-9022,1585,0,0
5003,-1944,-3331,-4172,-8161,1737,0,0
5173,-2495,-2694,-4172,-7704,841,0,0
5342,-3922,-1893,-4741,-6475,-923,0,0
5123,-3962,-1249,-6795,-7270,-1196,0,0
3887,-2325,-265,-12953,-16568,-10227,0,0
-1026,1325,90,-7245,-15018,-6896,0,0
-2043,819,656,-11767,-18692,2734,0,0
-5401,5956,1869,-6395,-18873,-3752,0,0
-4582,1319,4101,-6469,-13376,-1710,0,0
-2886,-1517,6517,-7840,-8500,3955,0,0
-3131,2806,7427,-2517,-7612,3360,0,0
-3860,4587,6467,-1672,-7326,3107,0,0
-4044,2385,5187,-454,-7031,2198,0,0
-3989,1019,4612,-727,-8091,3393,0,0
-3965,803,4214,-63,-7856,3076,0,0
-2875,-1528,4351,1423,-6729,2808,0,0
-1072,-2294,4327,3425,-3302,2090,0,0
-1466,1437,1962,12055,1030,-5350,0,0
-2709,1446,-753,13488,8904,-892,0,0
324,1795,-1434,8952,9782,-120,0,0
2534,1465,-3943,5662,4340,188,0,0
4465,683,-5401,2148,-3611,106,0,0
5117,2136,-5326,1612,-10050,2111,0,0
6093,1344,-5832,14,-12534,2562,0,0
5770,1029,-6362,-2016,-11499,576,0,0
4877,473,-5283,-2914,-9869,1174,0,0
4768,-571,-3616,-2853,-8354,1380,0,0
5231,-1961,-2732,-3435,-7316,1007,0,0
5283,-2691,-2440,-3676,-7446,391,0,0
5062,-3610,-1753,-4096,-6990,-899,0,0
5069,-3741,-1117,-8921,-11238,-5477,0,0
2199,-2516,162,-12051,-18528,-13776,0,0
-2154,1204,592,-10653,-19650,-1185,0,0
-4468,671,2420,-8711,-20514,-1761,0,0
-4906,1906,5153,-6098,-18184,-2533,0,0
-3358,-844,7020,-5131,-12197,2227,0,0
-2859,1292,7706,-2168,-9028,3619,0,0
-3660,3912,7260,-931,-8856,3363,0,0
-4407,3182,5886,414,-8832,3545,0,0
-3727,-354,5746,-413,-7902,2526,0,0
-3296,-279,5617,-635,-8745,4470,0,0
-1829,-809,5639,250,-7596,3360,0,0
110,-148,5494,4696,-3393,1865,0,0
-2872,2727,1696,13015,-2778,-1436,0,0
-3255,1309,15,10672,1861,513,0,0
-1000,2946,4,12306,12182,1830,0,0
1615,132,-2832,8407,8605,259,0,0
2946,305,-5766,2555,-246,1453,0,0
4674,2109,-6771,953,-7868,2465,0,0
5985,1900,-6235,-1336,-10865,3320,0,0
6355,1333,-5369,-1927,-9347,2327,0,0
6196,681,-6296,-3010,-7778,1407,0,0
5591,-259,-3347,-2431,-6956,1476,0,0
5255,-2656,-2768,-3640,-7384,1794,0,0
4630,-2950,-2202,-3822,-7381,1515,0,0
4145,-3147,-1738,-2838,-6355,-205,0,0
4535,-1511,-1195,-5702,-8593,167,0,0
4295,-2609,-1889,-12503,-18278,-3812,0,0
1507,-264,-117,-12836,-18820,-13760,0,0
-2157,1895,2148,-13122,-18444,-1554,0,0
-5000,1048,4484,-8364,-17709,-214,0,0
-4736,712,5834,-8039,-13038,277,0,0
-3538,819,6354,-4532,-9398,3733,0,0
-3604,3526,6268,-1358,-7265,3165,0,0
-4074,3644,5506,-1356,-7432,3105,0,0
-4062,2348,4552,-752,-8003,4950,0,0
-3406,925,4537,-207,-6729,5140,0,0
-2615,801,4762,557,-6045,6213,0,0
-816,-1178,5102,1535,-4680,3947,0,0
1334,-2121,5217,4669,-1725,1162,0,0
841,80,1403,13490,583,-14180,0,0
-1940,1707,-2344,7963,3584,-11336,0,0
-3276,1080,-3726,7816,9875,-4944,0,0
-2276,234,-5716,2747,4800,-3794,0,0
-1092,2004,-5916,-1544,-1869,485,0,0
1030,4641,-3674,-1015,-3919,6362,0,0
3455,3508,-3247,308,-6777,5591,0,0
5565,-934,-3593,-2900,-6641,3542,0,0
5590,435,-3417,-2156,-6808,3235,0,0
6216,-89,-2964,-1142,-7811,2356,0,0
6241,-812,-3215,-1580,-7560,1834,0,0
5914,-1103,-3201,-3224,-7711,1637,0,0
5226,-731,-3592,-1524,-9019,-1509,0,0
4929,-2018,-3258,-3571,-12495,-1438,0,0
4908,-2268,-2423,-9227,-20439,-4630,0,0
2469,-3038,-1120,-15547,-22275,-1566,0,0
-2794,-642,1949,-14261,-22215,-3298,0,0
-4864,2567,6530,-8011,-18027,2609,0,0
-3626,3150,8427,-5707,-12656,3911,0,0
-3400,3763,8101,-1975,-8493,5045,0,0
-3355,2895,7483,-2694,-6347,5453,0,0
-3402,3284,6101,-1423,-8100,6725,0,0
-2260,1201,6169,-1132,-6675,4407,0,0
-1660,1069,5958,-2120,-7039,4521,0,0
-1011,258,5252,886,-5437,3069,0,0
276,609,3968,3828,-5013,-5,0,0
-1611,427,2746,13280,-6115,-5647,0,0
-1435,4,1777,6881,6044,888,0,0
1968,-54,991,4148,8962,-2319,0,0
865,1708,-876,1381,8030,-2547,0,0
1369,-1750,-1866,333,2087,-4903,0,0
639,-1865,-1788,-1274,-877,-2234,0,0
-236,256,-1174,1495,-236,-167,0,0
69,-54,-1203,3426,1160,202,0,0
876,-558,-2362,3050,985,-156,0,0
1482,-1388,-3490,1971,-873,-213,0,0
1843,-1358,-4296,-360,-1750,-181,0,0
2022,-1253,-4791,-1151,-3486,-590,0,0
2101,-1499,-5224,-2307,-4972,193,0,0
2253,-1106,-5346,-2622,-6370,264,0,0
2796,-1538,-5402,-3306,-7817,506,0,0
3273,-1456,-5419,-5144,-10628,99,0,0
3036,431,-5160,-5092,-10673,-1362,0,0
3617,-850,-3216,-4497,-9962,-2015,0,0
3551,-2338,-2157,-5052,-8789,-1348,0,0
2915,-3028,-1922,-5158,-6603,-1426,0,0
2730,-4524,-1210,-5313,-6571,-3120,0,0
943,-4732,-164,-6348,-6003,-3284,0,0
-1433,2074,352,-1146,-3461,2610,0,0
-456,1707,101,1173,-3993,254,0,0
-68,653,-231,-27,-4025,458,0,0
2,300,-69,-701,-4388,751,0,0
-94,490,4,-618,-4504,403,0,0
-237,693,3,-129,-4244,248,0,0
-160,295,21,-237,-4259,645,0,0
-70,33,49,-186,-4214,299,0,0
-22,-151,26,-705,-4500,287,0,0
-110,116,57,-623,-4408,354,0,0
-146,284,27,-443,-4314,365,0,0
-125,265,-39,-414,-4334,282,0,0
-106,366,-109,-395,-4286,387,0,0
-53,443,-148,-407,-4305,315,0,0
-35,457,-135,-310,-4251,334,0,0
12,359,-118,-333,-4234,333,0,0
40,291,-91,-409,-4349,294,0,0
29,263,-59,-338,-4360,252,0,0
11,280,-64,-309,-4378,276,0,0
-16,304,-52,-267,-4411,273,0,0
-42,251,-7,-99,-4336,361,0,0
-19,111,-10,-214,-4362,311,0,0
-16,103,-29,-238,-4305,281,0,0
-24,137,-28,102,-4116,416,0,0
79,-111,-160,-25,-4356,408,0,0
172,-414,-298,-675,-4498,91,0,0
80,-191,-219,-764,-4420,172,0,0
44,43,-95,-590,-4331,281,0,0
26,172,-38,-305,-4310,236,0,0
42,134,-50,-282,-4409,273,0,0
36,146,-53,-332,-4301,283,0,0
24,142,-6,-226,-4297,335,0,0
-6,151,-19,-233,-4271,397,0,0
-2,160,-10,-175,-4384,354,0,0
-13,156,5,-6,-4298,360,0,0
11,71,-19,-85,-4274,361,0,0
0,16,-6,-77,-4430,375,0,0
-4,-63,-5,-106,-4369,395,0,0
20,-125,-5,-200,-4305,337,0,0
5,-110,20,-251,-4289,313,0,0
-42,-31,24,-234,-4361,356,0,0
-67,27,30,-105,-4350,338,0,0
-30,-89,57,-141,-4332,323,0,0
-32,-84,57,-248,-4324,353,0,0
-60,-6,45,-182,-4338,303,0,0
-62,-4,38,-196,-4359,325,0,0
-48,-44,23,-194,-4351,344,0,0
-39,-36,8,-214,-4310,241,0,0
-54,27,-6,-182,-4342,246,0,0
-35,-40,-4,-294,-4321,280,0,0
-48,-14,30,-223,-4331,225,0,0
-53,-48,39,-189,-4340,255,0,0
-26,-109,35,-289,-4339,260,0,0
-3,-101,56,-360,-4350,218,0,0
-52,44,51,-248,-4314,250,0,0
-52,25,44,-174,-4286,248,0,0
-19,-75,61,-269,-4320,240,0,0
-24,-78,73,-305,-4383,281,0,0
-24,-55,73,-317,-4355,239,0,0
-2,-14,80,-2304,-4324,243,0,0
25,14,86,-248,-4333,270,0,0
21,22,62,-250,-4317,331,0,0
71,-71,28,-361,-4283,253,0,0
105,-71,14,-446,-4306,188,0,0
84,40,-25,-356,-4379,249,0,0
65,158,-99,-458,-4378,310,0,0
37,218,-67,-324,-4310,320,0,0
35,170,-36,-203,-4276,391,0,0
51,123,-59,-214,-4356,373,0,0
54,94,-53,-302,-4386,342,0,0
42,92,16,-215,-4305,408,0,0
71,17,61,-222,-4353,427,0,0
68,-26,84,-270,-4430,314,0,0
-6,28,107,-226,-4330,335,0,0
3,76,89,-293,-4283,378,0,0
-54,198,84,-277,-4270,353,0,0
-105,211,82,-333,-4270,476,0,0
-100,265,52,-407,-4409,445,0,0
-85,280,40,-482,-4398,328,0,0
-34,268,116,-579,-4403,232,0,0
-92,440,176,-530,-4333,69,0,0
-172,401,163,-412,-4309,127,0,0
-132,68,117,-418,-4321,351,0,0
-12,-240,69,-321,-4283,393,0,0
68,-286,27,-353,-4296,358,0,0
39,-50,-28,-412,-4327,229,0,0
43,-20,-20,-566,-4318,268,0,0
57,0,0,-648,-4298,294,0,0
19,113,-12,-534,-4318,257,0,0
-10,139,-11,-440,-4327,309,0,0
-10,157,-9,-335,-4258,315,0,0
28,24,-4,-414,-4364,276,0,0
5,-40,-5,-559,-4354,317,0,0
17,-69,46,-551,-4310,279,0,0
4,-14,58,-405,-4286,237,0,0
16,-24,31,-547,-4343,287,0,0
39,-14,27,-524,-4338,261,0,0
32,-61,51,-597,-4330,228,0,0
-28,-93,69,-626,-4422,336,0,0
-55,-38,102,-582,-4337,345,0,0
-24,42,76,-499,-4276,284,0,0
-24,114,21,-548,-4272,261,0,0
-36,167,20,-598,-4373,433,0,0
5,378,-67,-675,-4557,356,0,0
46,533,-162,-815,-4685,166,0,0
21,633,-115,-925,-4440,11,0,0
-86,709,57,-672,-4586,110,0,0
-155,665,193,-610,-4513,291,0,0
-147,470,380,-203,-4228,514,0,0
45,103,496,-145,-4028,695,0,0
336,-232,457,-164,-4806,716,0,0
737,-972,803,-230,-4470,384,0,0
659,-1031,975,57,-3591,-513,0,0
266,-1476,548,-1639,-3871,205,0,0
-519,-919,318,-2157,-3996,981,0,0
-877,-648,351,-1148,-3736,1196,0,0
-374,-1054,183,-1649,-3291,1440,0,0
71,92,-325,-1550,-3850,541,0,0
12,639,-590,-1196,-4545,-622,0,0
-347,182,-435,-1102,-4499,-30,0,0
-399,-131,-155,-784,-4329,730,0,0
-77,-392,79,-707,-4404,399,0,0
16,-266,16,-741,-4555,-133,0,0
20,-452,54,-1264,-4258,99,0,0
-103,-230,187,-1347,-3923,473,0,0
-286,207,144,-924,-3967,534,0,0
-258,53,9,-869,-4002,546,0,0
-74,-108,-49,-1101,-4270,282,0,0
-40,117,-75,-992,-4448,24,0,0
-65,221,-61,-910,-4520,44,0,0
-88,219,-45,-911,-4399,281,0,0
-56,228,-22,-2936,-4386,353,0,0
-21,306,-53,-834,-4308,369,0,0
76,241,-24,-891,-4224,123,0,0
73,129,20,-956,-4355,46,0,0
-34,163,-13,-1034,-4313,145,0,0
-77,201,21,-1046,-4335,212,0,0
-89,301,42,-1011,-4369,144,0,0
-124,387,41,-894,-4321,97,0,0
-117,274,67,-812,-4156,102,0,0
-85,151,59,-814,-4119,161,0,0
-45,86,-6,-849,-4153,155,0,0
-11,-22,6,-995,-4251,82,0,0
-13,-34,23,-1009,-4298,8,0,0
-1,-85,22,-1066,-4295,34,0,0
5,-11,3,-1038,-4256,26,0,0
32,11,-10,-1014,-4227,47,0,0
57,18,-30,-1042,-4302,58,0,0
71,35,-41,-1109,-4282,63,0,0
87,59,-3,-1066,-4231,56,0,0
97,53,24,-1039,-4264,110,0,0
106,51,15,-1038,-4225,103,0,0
96,86,-7,-1021,-4201,98,0,0
76,122,-27,-1014,-4258,107,0,0
51,121,-30,-1015,-4286,126,0,0
37,115,-14,-979,-4238,119,0,0
30,96,3,-983,-4274,127,0,0
10,74,14,-981,-4315,173,0,0
15,37,39,-908,-4278,169,0,0
30,15,16,-917,-4232,118,0,0
40,-9,-15,-1041,-4265,112,0,0
22,41,-18,-1047,-4291,158,0,0
10,69,-19,-962,-4267,133,0,0
10,49,-12,-951,-4267,147,0,0
5,58,-16,-920,-4286,172,0,0
19,30,-22,-936,-4267,144,0,0
18,31,-29,-966,-4268,87,0,0
-3,13,-8,-3032,-4217,79,0,0
-16,-21,66,-894,-4138,227,0,0
1,-58,70,-815,-4121,201,0,0
45,-161,50,-938,-4255,155,0,0
64,-144,30,-1074,-4279,117,0,0
77,-85,2,-1195,-4374,179,0,0
69,77,-43,-1237,-4329,165,0,0
55,209,-30,-1136,-4176,162,0,0
36,264,0,-947,-4211,267,0,0
28,213,1,-821,-4194,396,0,0
72,130,-30,-781,-4206,346,0,0
101,93,-87,-869,-4332,81,0,0
66,-51,-47,-3064,-4379,28,0,0
-4,-65,-12,-1072,-4372,246,0,0
14,-48,11,-990,-4175,396,0,0
46,-26,11,-977,-4192,491,0,0
47,-119,-21,-1039,-4192,580,0,0
110,-357,48,-1130,-4154,432,0,0
43,-380,83,-1065,-4151,168,0,0
-63,-338,64,-1122,-4232,193,0,0
-110,-135,29,-1212,-4485,421,0,0
-80,92,41,-1072,-4425,429,0,0
-36,300,55,-830,-4119,234,0,0
-37,312,0,-730,-4069,257,0,0
-48,107,-45,-865,-4181,464,0,0
-37,8,-15,-935,-4258,346,0,0
-40,-29,16,-884,-4435,236,0,0
-57,-61,17,-907,-4419,270,0,0
-38,-32,14,-879,-4297,297,0,0
-8,-2,9,-841,-4138,193,0,0
-21,-1,-6,-850,-4150,260,0,0
-30,-64,-24,-907,-4243,404,0,0
-11,-115,-43,-958,-4313,296,0,0
22,-123,-34,-1007,-4362,153,0,0
3,-10,-43,-1019,-4311,193,0,0
-23,101,-64,-951,-4243,213,0,0
-16,55,-33,-887,-4189,241,0,0
3,-58,-11,-1010,-4232,273,0,0
1,-92,24,-1102,-4331,232,0,0
1,-67,94,-998,-4272,156,0,0
-18,-25,93,-960,-4231,186,0,0
-40,-13,52,-1032,-4217,282,0,0
-27,20,42,-1050,-4250,261,0,0
-25,67,41,-1010,-4264,185,0,0
-32,67,41,-1033,-4252,217,0,0
-40,103,59,-1041,-4238,256,0,0
-65,151,81,-963,-4243,257,0,0
-69,123,88,-1033,-4267,265,0,0
-70,183,82,-921,-4225,210,0,0
-20,146,48,-938,-4208,156,0,0
-14,138,-15,-1025,-4279,159,0,0
-51,189,-5,-1052,-4276,200,0,0
-61,166,42,-976,-4291,199,0,0
-30,38,65,-960,-4295,155,0,0
-9,-21,73,-981,-4232,112,0,0
-15,-22,66,-1081,-4267,113,0,0
-15,-22,45,-1135,-4279,112,0,0
-8,25,40,-1152,-4270,137,0,0
-26,131,24,-1069,-4232,80,0,0
-26,99,21,-1046,-4206,82,0,0
-23,55,11,-3112,-4228,100,0,0
-24,17,-5,-1112,-4269,140,0,0
-15,6,-1,-1124,-4245,77,0,0
-9,2,13,-1118,-4244,67,0,0
-15,22,2,-1093,-4223,65,0,0
-12,37,-18,-1105,-4208,62,0,0
-15,36,-26,-1118,-4194,98,0,0
-9,25,-9,-1074,-4229,195,0,0
15,28,-47,-1031,-4206,150,0,0
48,-48,-69,-1043,-4211,38,0,0
14,-153,-56,-1008,-4273,106,0,0
-3,-212,-40,-1028,-4212,82,0,0
23,-248,-35,-1036,-4257,37,0,0
-20,-171,-29,-1184,-4331,25,0,0
-48,-78,-40,-1043,-4285,77,0,0
44,-250,17,-1010,-4198,181,0,0
48,-175,-25,-963,-3978,250,0,0
147,-404,-32,-1141,-4080,65,0,0
236,-259,-7,-1176,-3880,-430,0,0
243,-552,-81,-1296,-3799,-2708,0,0
-345,-1127,323,-3850,-3542,-6385,0,0
-2200,-253,1653,-7223,-7438,-11085,0,0
-3923,-932,3904,-12544,-15490,-7038,0,0
-5682,1803,4696,-11049,-18807,-2699,0,0
-7756,195,3670,-9442,-21460,-313,0,0
-8281,1544,3769,-6521,-16842,1037,0,0
-6671,267,5383,-3984,-8692,2108,0,0
-5189,1118,5651,45,-3176,2863,0,0
-3179,-1336,5647,700,-2403,3290,0,0
-1408,-1363,5545,-12,-4632,3642,0,0
-1110,-223,4937,3842,-5625,3663,0,0
142,-2220,4492,5384,-3668,2367,0,0
899,-2469,2789,11143,-3969,-6283,0,0
-480,-1505,374,5521,-2361,-1600,0,0
-385,2670,-2009,3439,-538,1364,0,0
270,919,-3591,3672,-2139,-1859,0,0
-938,1357,-4324,2160,683,-712,0,0
-967,2666,-5543,935,4522,-3296,0,0
-148,1632,-6424,-1812,4909,-3460,0,0
1734,375,-5660,-3828,2929,-858,0,0
3945,3420,-4888,-1790,-4536,609,0,0
6465,3483,-4181,956,-12910,1351,0,0
7908,380,-4038,-1892,-14222,1327,0,0
7335,518,-3980,-2561,-11793,1029,0,0
6471,454,-3451,-3798,-10368,-1886,0,0
5938,-659,-2048,-3705,-7850,-1928,0,0
5393,-868,-984,-4188,-6515,-4804,0,0
3571,-1037,-570,-271,-6345,-9302,0,0
2178,-6132,-267,-4471,-4527,-11449,0,0
-729,-42,602,-9458,-3592,-2625,0,0
-2407,388,1030,-6038,-13988,-3942,0,0
-3548,-133,1824,-8960,-21374,-4704,0,0
-4128,-150,4922,-11076,-22077,-801,0,0
-4288,2814,6959,-6836,-15885,1638,0,0
-3530,2389,6901,-3794,-8540,2413,0,0
-3242,2864,6209,-1703,-4830,3043,0,0
-3280,2941,5553,-1777,-4181,2645,0,0
-3371,2136,4643,-1376,-4847,2486,0,0
-3282,1199,4165,-1286,-5392,2917,0,0
-3122,624,3718,-393,-5701,2440,0,0
-2176,-1600,3836,964,-5994,1544,0,0
-1377,-1692,3415,4000,-3503,945,0,0
-1386,972,1574,7510,-800,-845,0,0
-1443,552,-478,13486,4336,-2043,0,0
727,335,-1054,9078,11179,-1558,0,0
3107,1732,-3083,5842,5603,-2018,0,0
5060,189,-4477,2261,-4413,1540,0,0
6207,155,-4419,208,-10876,2756,0,0
6389,427,-5369,-2456,-10766,2504,0,0
6182,340,-5942,-3921,-10641,845,0,0
5620,-1883,-4782,-4979,-9757,1415,0,0
5148,-3928,-3539,-4944,-8407,1769,0,0
4837,-4039,-2633,-6062,-6511,375,0,0
4314,-3889,-2357,-5676,-5465,-564,0,0
4106,-5268,-1470,-6007,-5626,-851,0,0
3935,-5021,-331,-13772,-11474,-9673,0,0
-688,156,285,-11458,-18602,-8704,0,0
-3546,2500,1294,-11910,-23091,-1733,0,0
-5219,3684,4123,-7634,-20757,-164,0,0
-4209,1234,5870,-4950,-13001,2996,0,0
-3479,2701,6152,-1767,-7238,3870,0,0
-3495,4336,5377,-1123,-4624,2867,0,0
-3755,4091,4237,-1920,-5005,2495,0,0
-4485,3704,3057,-1863,-5973,2368,0,0
-5083,1729,3016,-2080,-7350,2691,0,0
-5191,-1099,3902,-978,-7603,3775,0,0
-3335,-3838,5286,954,-6083,3317,0,0
-1481,-2337,5043,4844,-2981,2296,0,0
-1089,512,2315,11411,424,-1700,0,0
-921,83,239,15281,6013,-2822,0,0
932,1168,-1471,11553,9117,-1600,0,0
3416,-941,-4212,5048,4255,-1285,0,0
4065,741,-6600,1580,-4726,502,0,0
5102,1416,-7147,40,-12267,2378,0,0
5751,790,-7166,-2907,-13969,2503,0,0
5557,1348,-6080,-4218,-11419,695,0,0
5490,172,-4004,-3411,-9319,953,0,0
5442,-1758,-3060,-4116,-8684,464,0,0
4943,-2620,-2557,-3759,-5709,-223,0,0
4865,-3273,-1750,-4590,-5636,-1297,0,0
4370,-3608,-541,-5285,-6557,-2416,0,0
3869,-4169,231,-9588,-12049,-5856,0,0
1164,-563,493,-10450,-16765,-9528,0,0
-1860,2497,1047,-10656,-18974,-2467,0,0
-4603,384,3339,-7477,-18843,-1001,0,0
-4455,1216,5638,-6518,-12338,866,0,0
-3283,1474,6370,-4731,-6921,3435,0,0
-3333,4084,5837,-1593,-5233,3119,0,0
-3695,4224,5000,-1122,-4383,2334,0,0
-4222,3724,3690,-1415,-4717,2048,0,0
-4771,3132,2378,-1749,-6108,2138,0,0
-4852,1138,1986,-1790,-7848,3072,0,0
-4023,-2004,3348,-818,-6392,3084,0,0
-2010,-3308,5031,1362,-3370,2428,0,0
-1095,-472,3426,5891,1653,1368,0,0
-471,427,1382,13368,8492,-1895,0,0
1427,-650,-107,11543,8721,-5407,0,0
2181,700,-3113,7569,3591,-1855,0,0
3683,-1414,-4888,2717,-2230,-258,0,0
3566,-68,-5820,458,-7551,1953,0,0
4099,1627,-6758,-1645,-10695,2238,0,0
4715,1718,-6149,-2519,-9955,502,0,0
5017,-204,-4311,-3455,-8691,1440,0,0
4955,-356,-3387,-2620,-7200,336,0,0
5022,-2232,-2617,-2956,-5581,-448,0,0
4581,-3258,-2531,-3753,-5991,1483,0,0
4447,-3034,-2243,-4763,-7260,-44,0,0
4615,-3588,-1843,-6438,-10563,-2602,0,0
3941,-3510,-953,-12387,-17223,-7172,0,0
532,-1129,863,-13281,-17814,-9473,0,0
-2996,2015,3799,-10217,-19045,1043,0,0
-4801,4425,5668,-5334,-15718,223,0,0
-4735,3661,5450,-4402,-11275,1576,0,0
-3983,2770,5445,-1924,-6797,2792,0,0
-3827,2930,5119,-1104,-4632,2801,0,0
-4109,2784,3995,-2266,-4803,3002,0,0
-4333,2449,3318,-2023,-6007,2761,0,0
-4437,1561,3202,-1556,-6612,3134,0,0
-3875,-759,3744,-815,-6049,3636,0,0
-2157,-2407,5039,-57,-4225,3070,0,0
-860,-1060,4840,3310,-649,1457,0,0
-505,-321,2521,8138,3775,-1541,0,0
415,-1775,789,12944,5265,-9410,0,0
-166,1367,-1703,7727,5522,-5584,0,0
1184,2628,-3616,3608,4980,-4093,0,0
1757,1864,-4311,2354,1087,-1750,0,0
2369,1111,-4100,1083,-2455,1131,0,0
3539,213,-4633,-405,-5950,1312,0,0
3824,-68,-5595,-1910,-7843,1522,0,0
3679,-36,-5035,-3725,-6934,1415,0,0
3527,547,-3801,-3038,-5193,950,0,0
3949,-700,-2791,-2833,-4865,816,0,0
4069,-1448,-2490,-3544,-6047,2727,0,0
5074,-1253,-2372,-3348,-9125,1805,0,0
6364,-3112,-2845,-3573,-16000,1165,0,0
6491,-4825,-3642,-8153,-16287,-1668,0,0
3897,-1897,-2427,-9494,-17626,-14804,0,0
-530,-2935,144,-8347,-3989,-7105,0,0
-1770,-408,1970,-7811,-3532,-1193,0,0
-4243,1169,2282,-6031,-5369,-6282,0,0
-5335,-311,3819,-7832,-15474,-5638,0,0
-5871,-305,5081,-8520,-21245,-1908,0,0
-6772,1986,5449,-5082,-19309,-466,0,0
-5770,583,5153,-3412,-11397,-200,0,0
-4095,939,5074,-1531,-5016,1215,0,0
-2984,544,5171,824,-3087,2014,0,0
-1991,-1323,5004,62,-2192,3191,0,0
-1686,-933,4316,347,-3448,3709,0,0
-681,-1623,4466,1363,-3176,2845,0,0
891,-2269,4929,1984,-3236,1759,0,0
1647,-1881,4363,3351,-2067,256,0,0
1809,-744,2678,4091,-1433,-1671,0,0
475,-2116,518,8718,-3994,-10468,0,0
-1355,56,-1053,2012,1847,-2613,0,0
-1059,875,-3625,6500,7611,-5836,0,0
-451,1037,-4746,3676,7507,-4985,0,0
640,323,-5411,156,2834,-730,0,0
2908,2310,-5332,-619,-3111,-108,0,0
4116,3239,-4749,80,-7690,1440,0,0
5050,1981,-4529,-1891,-8589,1264,0,0
5166,997,-4149,-2022,-7576,230,0,0
4715,-918,-3313,-2561,-7217,778,0,0
4456,-1768,-2758,-3154,-5704,902,0,0
4443,-1895,-2240,-3079,-5519,407,0,0
4700,-2966,-1936,-5194,-7980,-149,0,0
4904,-2461,-1775,-5716,-12210,-627,0,0
5071,-1902,-1284,-5235,-15810,-134,0,0
3110,-3219,-387,-8775,-17830,-1939,0,0
-1815,647,-183,-628,34,1583,0,0
500,-13,578,997,-2404,4109,0,0
-76,1421,-1095,-28,764,1155,0,0
702,-209,-382,-867,-3792,-984,0,0
129,-268,-123,-3064,-4240,-1355,0,0
-41,-303,-60,-2463,-2441,-3235,0,0
-912,-108,601,-5574,-3177,-5841,0,0
-3392,1264,1882,-8915,-11233,-7634,0,0
-5424,1612,2724,-8208,-18830,-7503,0,0
-5706,-93,3742,-9545,-21211,-4204,0,0
-6576,2317,4606,-7479,-20659,-3488,0,0
-6361,563,5566,-4639,-15099,-327,0,0
-5224,-289,6297,-2222,-9524,2302,0,0
-4613,185,6604,920,-6972,4538,0,0
-3417,692,5723,1070,-3782,4010,0,0
-2346,300,4614,1036,-4815,3235,0,0
-1861,-1152,4408,2465,-5049,3844,0,0
-807,-2380,4500,3911,-4555,2403,0,0
160,-2039,3595,8513,-2334,-238,0,0
79,-212,1214,10457,-4341,-6651,0,0
-993,1044,-509,3386,912,1509,0,0
-142,3875,-3274,6103,2259,-1555,0,0
386,2116,-4166,3774,9099,-3096,0,0
1194,806,-4235,1996,8460,-2533,0,0
3222,560,-5664,-463,-677,-337,0,0
5045,729,-5719,-393,-8853,1139,0,0
5850,593,-4685,-2370,-10356,2153,0,0
5730,2279,-4127,-1660,-8667,1345,0,0
5876,345,-3739,-2001,-8693,437,0,0
5329,-2141,-3696,-2710,-7955,1119,0,0
4734,-1994,-3570,-3958,-7005,762,0,0
4591,-1529,-2635,-4018,-6654,-407,0,0
4955,-2543,-1747,-6297,-9785,-626,0,0
4280,-2879,-285,-4822,-17412,-7328,0,0
-128,-2733,-84,-2453,-13221,-3604,0,0
604,-992,352,-2978,-7013,3829,0,0
-805,2163,-142,428,-3584,2825,0,0
-48,573,-593,-956,-1505,1289,0,0
689,674,-254,-144,-970,-542,0,0
342,907,-388,733,-2699,-174,0,0
422,123,-430,-742,-4801,547,0,0
324,113,-38,-1487,-5203,594,0,0
81,277,303,-1099,-4898,876,0,0
-116,211,225,-430,-4725,1136,0,0
-42,97,109,-506,-4226,1151,0,0
56,334,44,-383,-3785,565,0,0
-40,228,112,-293,-3816,244,0,0
-362,90,-7,-458,-4389,657,0,0
-380,-316,-61,-936,-5142,1054,0,0
-235,-125,-20,-567,-4254,99,0,0
-149,-44,21,-185,-3701,-455,0,0
-165,-177,-18,-1328,-3985,914,0,0
-89,288,-103,-607,-3365,-239,0,0
-7,-173,-237,-829,-3624,-2729,0,0
-172,-420,653,-6486,-4634,-7212,0,0
-4146,1857,2684,-6478,-11228,-12850,0,0
-6417,-102,3533,-5360,-19252,-8757,0,0
-6074,-900,4629,-11003,-20634,-2170,0,0
-6762,1309,4830,-8085,-18017,-15,0,0
-6254,1365,4774,-4948,-11430,2737,0,0
-5114,1543,4900,-2397,-7213,3417,0,0
-5007,2880,4685,133,-5647,4715,0,0
-4191,0,4201,529,-5210,3678,0,0
-2563,-3024,4764,1351,-5780,4133,0,0
-969,-3112,5311,3469,-4376,2953,0,0
628,-2801,4828,4916,-3481,293,0,0
871,-1094,2621,9529,-1336,-3678,0,0
-290,-940,-246,8352,-966,-5423,0,0
-1707,480,-3169,5995,4363,-642,0,0
-37,1821,-4194,6637,9867,-1641,0,0
1474,-259,-4673,2208,6746,93,0,0
3521,2395,-6508,841,-5147,716,0,0
5632,1291,-5790,-420,-10874,1448,0,0
5974,1163,-3955,-2321,-9948,2122,0,0
5793,2066,-3480,-1304,-9549,758,0,0
5851,-692,-3564,-2466,-8850,978,0,0
5467,-1873,-3241,-3998,-8048,390,0,0
5050,-1886,-2297,-3056,-6114,20,0,0
4993,-3160,-1763,-5232,-6872,-963,0,0
4414,-2866,-1552,-7350,-7532,-3018,0,0
3395,-862,-493,-14276,-16602,-12695,0,0
-1744,1460,726,-5326,-17761,-13441,0,0
-3549,-873,1887,-9894,-20376,-2231,0,0
-5991,1975,3759,-6031,-17079,-2082,0,0
-5955,2351,4442,-3975,-11687,50,0,0
-5160,1620,4466,-1480,-7194,2248,0,0
-4482,162,4534,-1338,-5425,2887,0,0
-4291,389,4268,-1652,-6452,2954,0,0
-4172,1053,3924,-2584,-5946,2843,0,0
-3555,522,3756,-73,-5512,3906,0,0
-2641,-799,4158,61,-4342,3717,0,0
-1460,-1403,4592,-158,-3748,3430,0,0
-257,-1731,4872,2109,-2195,2249,0,0
871,-1595,4240,9436,7521,-1476,0,0
1118,-1535,638,13767,5631,-12607,0,0
-144,1924,-2767,6644,2674,-7698,0,0
774,3187,-3760,5306,4585,-3158,0,0
1981,108,-4639,3485,1034,-222,0,0
2549,1357,-5302,898,-4847,1782,0,0
3800,2458,-5410,-1305,-8833,2685,0,0
4891,1413,-4934,-3831,-8061,2865,0,0
5022,1132,-3770,-2672,-6575,1962,0,0
5234,-723,-2184,-3634,-6313,1460,0,0
5213,-2005,-1721,-4140,-5686,1487,0,0
5450,-2940,-1802,-3762,-8335,270,0,0
5945,-3595,-1818,-6068,-11803,-1646,0,0
4827,-1698,-1879,-5109,-18021,-1163,0,0
4003,-3063,-1960,-7999,-16818,-9080,0,0
582,-2699,221,-5511,-6682,-10260,0,0
-1279,242,-84,305,1558,4098,0,0
460,-198,-475,-2472,-2051,3725,0,0
281,793,-238,-1058,-4182,1297,0,0
404,451,96,282,-5468,633,0,0
170,390,-197,669,-5470,-1850,0,0
74,-428,-380,-900,-4433,-317,0,0
237,-1156,159,-2203,-3800,-777,0,0
-87,-1062,407,-4225,-3720,-2687,0,0
-1363,393,1297,-6926,-5336,-5096,0,0
-3347,2375,2915,-7147,-6636,-6342,0,0
-4178,711,3905,-8963,-13815,-4070,0,0
-4867,1414,4352,-10737,-17029,-2060,0,0
-6250,1618,4096,-8403,-17442,-1110,0,0
-5596,1564,4599,-5656,-11865,1083,0,0
-3978,619,5611,-2434,-6851,1741,0,0
-3454,1545,5777,295,-3898,3083,0,0
-2698,429,5278,596,-2102,2467,0,0
-1896,-472,4677,-51,-3189,2851,0,0
-1228,-249,4120,1231,-4015,2786,0,0
-578,-956,4088,2733,-4591,1293,0,0
-14,-1948,3898,5103,-2952,-63,0,0
-451,-1519,1573,9050,-2548,-5105,0,0
-1276,1105,-1096,7319,1706,-809,0,0
262,3186,-3230,7676,6434,-2091,0,0
1414,3070,-4931,6825,5336,-3048,0,0
3280,536,-6023,2462,154,-983,0,0
5034,-27,-6582,110,-9256,-182,0,0
5302,-1079,-6277,-2480,-13636,2504,0,0
5189,131,-5822,-4492,-10652,1769,0,0
4905,1120,-4573,-2739,-8981,-51,0,0
4919,-2293,-3262,-4820,-6925,529,0,0
4550,-2605,-2607,-4745,-5210,-42,0,0
4108,-1693,-2116,-6173,-6133,-2541,0,0
3456,-2342,-1109,-4543,-9728,-907,0,0
3659,-3297,-846,-5884,-12869,-259,0,0
2386,-1733,-669,-8359,-18705,-9509,0,0
-1221,2829,352,-2787,-2338,-2706,0,0
470,1487,1398,3316,1495,2897,0,0
1207,-382,393,-786,393,2336,0,0
166,1781,-733,-151,-3041,1440,0,0
-185,307,-433,-785,-8639,-659,0,0
-187,-952,-212,-2264,-8252,-138,0,0
202,549,68,-1227,-2873,128,0,0
277,861,320,-61,-1824,41,0,0
-66,-188,-128,-1380,-3244,-11,0,0
-297,-590,-304,-2548,-4555,-1705,0,0
-913,-561,247,-4868,-5877,-4346,0,0
-2775,1384,1747,-5408,-6670,-7485,0,0
-4631,1211,3004,-5215,-7958,-8202,0,0
-6888,-1644,3738,-10364,-15024,-4338,0,0
-5952,1526,3771,-9659,-17088,-2737,0,0
-6920,2772,3441,-7821,-15829,-1147,0,0
-6281,779,3848,-4411,-10132,160,0,0
-4414,-256,5047,-2009,-4944,942,0,0
-3751,531,5466,823,-3010,3385,0,0
-2831,-2296,4616,541,-2005,2912,0,0
-2428,-549,3841,480,-4268,2734,0,0
-1671,-1964,4004,1634,-3999,2716,0,0
-38,-3262,4769,2665,-3651,2192,0,0
1443,-2658,4299,4401,-1975,863,0,0
1280,-524,1580,8709,-1069,-6978,0,0
-1415,679,-1612,8942,651,-4879,0,0
-1056,3161,-3815,6500,6685,-730,0,0
387,2233,-4497,7253,8695,-2038,0,0
1958,656,-5691,2568,1725,698,0,0
4277,2577,-6695,820,-8546,1748,0,0
5560,2795,-5939,-797,-12237,1228,0,0
5651,1710,-4412,-2321,-9583,973,0,0
5458,109,-3620,-1898,-8211,919,0,0
5327,-1223,-3128,-3508,-7946,677,0,0
5132,-1650,-2896,-4507,-8170,80,0,0
5070,-2722,-2330,-5977,-8877,-1291,0,0
5012,-2406,-1595,-6964,-12937,-1762,0,0
4523,-1829,-1395,-5786,-17241,-992,0,0
3981,-2407,-1237,-11710,-15581,-11831,0,0
-1428,480,818,-445,-1161,-3406,0,0
177,-503,795,2473,-715,5037,0,0
932,-1100,-56,-2733,-354,3221,0,0
-242,1908,-823,1117,-3425,753,0,0
331,719,-513,-594,-6850,-317,0,0
87,-427,-158,-1705,-6919,-1739,0,0
21,362,42,-1124,-3769,453,0,0
302,411,357,-858,-2912,830,0,0
15,186,41,-559,-3373,462,0,0
-25,-434,-115,-1854,-4589,862,0,0
161,132,34,-1875,-4343,-649,0,0
397,0,260,-2396,-3422,-2583,0,0
-344,321,933,-4260,-3741,-4903,0,0
-2404,2135,2006,-6029,-7184,-8712,0,0
-4432,1280,3079,-7738,-13160,-7674,0,0
-5782,1154,2681,-8725,-16393,-4784,0,0
-7218,2557,1776,-8811,-18105,-3551,0,0
-7995,1844,1922,-5834,-14661,-875,0,0
-6644,-474,3252,-4043,-8026,1433,0,0
-5442,5,4278,-1224,-4938,3145,0,0
-4196,-346,4313,453,-2675,5006,0,0
-2513,-920,3970,-702,-2830,3564,0,0
-1715,-505,3949,556,-3665,3180,0,0
-641,-2024,4794,1739,-4239,2223,0,0
462,-2806,4967,3335,-3009,920,0,0
800,-1690,3322,8069,-931,-4691,0,0
-1047,-1563,-79,8022,-1817,-5516,0,0
-1662,3841,-2184,6248,5884,324,0,0
31,3500,-3864,7598,10285,-2562,0,0
809,421,-4652,4700,6137,-347,0,0
2518,387,-5669,895,-2530,2269,0,0
4368,2498,-5572,-185,-8491,1686,0,0
5372,2834,-4401,-1897,-9724,1678,0,0
6037,2019,-3451,-1874,-8346,1191,0,0
6049,19,-2982,-1713,-8467,229,0,0
5594,-2072,-2530,-3012,-7435,-392,0,0
5150,-3172,-2264,-4861,-7730,-1307,0,0
4733,-2202,-2067,-6833,-8613,-2480,0,0
4393,-1001,-1158,-5316,-13167,-2557,0,0
3840,-1884,-1347,-5037,-14157,-1571,0,0
3678,-1811,-1464,-7365,-11457,-7611,0,0
25,1746,216,-3156,-6858,-9391,0,0
-1224,2081,-367,1025,739,3036,0,0
984,-1475,351,-2132,-1365,2774,0,0
13,2195,-503,-254,-2774,1160,0,0
17,1131,-544,-501,-5533,-438,0,0
-69,-803,-101,-1085,-6355,-1233,0,0
-34,-599,186,-1783,-4376,261,0,0
97,198,336,-1078,-3561,224,0,0
-70,97,121,-916,-3589,449,0,0
9,-327,-22,-1729,-3856,-504,0,0
103,-568,134,-2085,-3943,-3059,0,0
-609,-380,1029,-5196,-4514,-6128,0,0
-2670,2047,2307,-6024,-6258,-8462,0,0
-4188,-447,3284,-7789,-14116,-6442,0,0
-5125,-410,3841,-11207,-16845,-2213,0,0
-6593,883,3701,-9658,-17674,-489,0,0
-6000,636,4783,-7502,-12480,1037,0,0
-4601,772,5896,-4144,-7227,2405,0,0
-4249,2664,5668,-444,-4974,2254,0,0
-3674,1389,5242,635,-3614,2147,0,0
-2760,-406,4787,-162,-3466,2409,0,0
-2427,63,4181,727,-4696,3188,0,0
-1731,-1051,4203,1737,-5120,3667,0,0
-304,-2769,4353,3645,-4377,3304,0,0
549,-2796,3015,9188,-2934,-6150,0,0
-1366,944,-379,10382,1702,-3494,0,0
-258,3216,-4171,8362,4849,-816,0,0
789,3027,-4589,7868,9756,-3197,0,0
1532,1476,-5450,4758,4206,-224,0,0
4353,1661,-6926,1246,-6840,1415,0,0
6052,3497,-5948,76,-12598,2274,0,0
6459,3420,-4378,-1281,-11602,1853,0,0
6491,1569,-3633,-2008,-9660,431,0,0
5876,-1755,-3228,-3478,-8857,-189,0,0
5193,-3545,-2676,-5354,-7192,1003,0,0
5220,-3392,-2153,-7087,-8006,-1694,0,0
4880,-2349,-1170,-6194,-9601,-3270,0,0
4280,-2989,-629,-6510,-13213,-1765,0,0
3129,-1953,-1458,-5383,-14434,-1056,0,0
2000,-184,-247,-8100,-12344,-1889,0,0
-1722,287,118,3065,-2261,-438,0,0
445,-2217,347,-1806,-958,3668,0,0
73,1090,-237,-1809,-248,1388,0,0
-204,2744,-292,531,-2298,1106,0,0
401,609,-196,-1075,-4836,1990,0,0
568,396,-537,-1028,-7652,2053,0,0
1144,288,-344,-1735,-5187,-629,0,0
676,486,579,-516,-3588,-4727,0,0
-385,606,-314,2,-2890,-257,0,0
-107,-1129,-239,-2438,-5144,-168,0,0
-774,-566,57,-3457,-5150,-3068,0,0
-1995,64,1234,-4175,-5006,-6451,0,0
-3335,-634,3036,-5674,-7098,-6505,0,0
-4119,-797,4080,-9520,-13815,-5521,0,0
-5723,2039,3572,-8352,-17029,-3646,0,0
-6832,2344,3271,-8538,-16492,-867,0,0
-6539,1149,3942,-5624,-11070,386,0,0
-4395,-740,4958,-3168,-5457,1666,0,0
-3096,-37,5512,-341,-3424,1911,0,0
-2516,817,5034,508,-2518,2188,0,0
-2291,1154,3811,261,-3183,2353,0,0
-2562,899,3070,934,-3818,2625,0,0
-2077,-1529,3335,1639,-4215,3725,0,0
-33,-4142,4235,2399,-3805,3657,0,0
1768,-3012,3892,8261,-893,-2254,0,0
125,-184,-424,10529,2009,-9410,0,0
-1257,1033,-3757,9646,5685,-4210,0,0
286,2091,-4975,7408,8523,-3817,0,0
1348,-245,-6070,1070,3176,-1347,0,0
2783,3201,-6526,353,-6179,109,0,0
4686,3128,-5096,-485,-10689,2285,0,0
5199,2858,-4319,-2227,-9510,1571,0,0
5190,1513,-4058,-2001,-7438,553,0,0
4946,-626,-3316,-2888,-7145,664,0,0
4728,-1528,-2584,-3360,-6402,1352,0,0
5045,-1694,-2433,-4691,-7444,222,0,0
5503,-2419,-1811,-5548,-9257,-2874,0,0
5001,-1798,-922,-7200,-14144,-3783,0,0
3331,-259,-756,-4054,-15637,-4223,0,0
3292,-1926,-563,-4916,-10218,-6880,0,0
515,1983,545,-1996,-7119,-7794,0,0
-1494,3059,-813,1810,-701,1193,0,0
347,-1063,-144,-2428,-49,2776,0,0
-6,1796,-301,-752,-2524,1452,0,0
45,1172,-117,-15,-4594,1140,0,0
517,-514,-58,-504,-6167,1647,0,0
919,-255,-270,-1324,-6113,-350,0,0
524,-7,297,-1290,-4268,-3249,0,0
-226,494,158,-355,-2518,-1148,0,0
-2160,-1191,112,-2329,-4126,-1853,0,0
-1302,-506,454,-4166,-4311,-4238,0,0
-2829,938,1574,-5957,-6112,-6910,0,0
-4437,1944,2830,-6592,-11539,-8534,0,0
-6135,1757,2600,-7166,-18244,-6305,0,0
-7165,410,2641,-7374,-20230,-4236,0,0
-6750,-885,4212,-6236,-14653,-212,0,0
-5082,-545,5355,-3691,-7818,662,0,0
-3982,588,5452,-581,-4819,2278,0,0
-3122,453,5073,1038,-2513,3048,0,0
-2468,457,4016,401,-2741,2877,0,0
-2845,1493,3005,997,-3756,2974,0,0
-2808,-802,3052,2204,-3743,3810,0,0
-731,-4087,4051,1871,-3308,3661,0,0
1383,-3366,4112,3856,-2311,2004,0,0
1582,-717,2022,10042,-758,-7795,0,0
-1267,982,-1085,8426,2357,-6461,0,0
-1265,559,-4166,9240,9066,-3288,0,0
420,1861,-5799,5138,7493,-4795,0,0
810,871,-6703,696,1085,-1976,0,0
2680,1178,-6358,-1839,-5892,261,0,0
3764,3761,-4528,-1672,-8954,3453,0,0
4647,4755,-3575,-2834,-7023,1741,0,0
5425,1688,-3257,-1893,-5473,996,0,0
5323,-1108,-2674,-2454,-6357,1037,0,0
4863,-1330,-2320,-3170,-6070,1170,0,0
4670,-1570,-2010,-1743,-7504,1047,0,0
5474,-2691,-2294,-5935,-11952,-4207,0,0
4345,995,-1892,-3849,-13173,-3261,0,0
3374,-135,-1607,-3497,-17899,-3881,0,0
3568,-1552,-1263,-6341,-7256,-10254,0,0
1166,1091,1014,1520,-5529,-11349,0,0
-1412,2489,-37,-1268,-486,2422,0,0
-644,1089,-378,-1360,-1683,2527,0,0
-490,752,-444,29,-5296,1682,0,0
-64,90,-174,-620,-5815,2038,0,0
902,-143,62,-340,-4811,1244,0,0
1541,-315,165,-455,-4036,-639,0,0
803,-1664,307,-381,-5032,-5415,0,0
-525,-534,123,-2270,-3580,-1374,0,0
-192,-1068,321,-3089,-5457,-2215,0,0
-1287,-535,1247,-5392,-5694,-5206,0,0
-2836,-598,2755,-5177,-6246,-5858,0,0
-2999,-512,4768,-9253,-11028,-3714,0,0
-3799,-5,5622,-9431,-14432,-2535,0,0
-5276,2822,5114,-8274,-15980,-1002,0,0
-5963,2387,4555,-5939,-13757,710,0,0
-4662,981,5143,-3698,-7658,1401,0,0
-3416,1583,5486,-872,-3264,1842,0,0
-2790,1243,5074,1032,-938,2797,0,0
-1885,-466,4546,-2416,-1264,2180,0,0
-1720,4,3913,41,-3846,2691,0,0
-949,-1404,4409,1357,-4054,2332,0,0
616,-2451,5036,2540,-3247,1606,0,0
1248,-385,3789,4539,-2227,-499,0,0
190,438,1034,10147,-1140,-7120,0,0
-1559,10,-1603,7074,614,-2357,0,0
-1358,535,-4704,8717,6850,-2134,0,0
-70,2541,-6322,6604,7294,-3249,0,0
1349,-390,-6097,988,3006,532,0,0
3628,1236,-6136,-1018,-4692,-387,0,0
4220,3641,-5670,233,-8599,1835,0,0
5105,3912,-4993,-1412,-9906,2400,0,0
5653,2970,-3986,-1343,-9482,624,0,0
5617,408,-2913,-2193,-8316,337,0,0
5547,-1618,-1938,-3057,-7033,830,0,0
5358,-2438,-1505,-3302,-7292,-1952,0,0
4601,-2793,-1741,-4676,-8018,-3205,0,0
4009,-1349,-1407,-5257,-13301,-2723,0,0
3550,-346,-685,-3542,-18296,-2607,0,0
3533,-400,-927,-5422,-10811,-10893,0,0
452,1240,467,-1120,-2549,-7669,0,0
-1565,1853,-40,-716,633,2564,0,0
-667,98,-144,-2018,-1609,2155,0,0
-1131,1571,-685,-469,-3842,1618,0,0
-695,1319,-615,-853,-6932,3078,0,0
593,1332,-222,-384,-6171,1526,0,0
1835,685,586,-427,-3401,216,0,0
1954,2,863,-734,-3403,-1788,0,0
223,365,389,323,-4516,-4994,0,0
-316,-1092,-402,-2274,-5807,-2500,0,0
-760,-1572,1087,-7409,-7944,-4954,0,0
-3620,1447,2556,-5407,-9298,-7028,0,0
-4714,-1958,4022,-5657,-10384,-3489,0,0
-4338,-2091,5351,-7942,-10819,-1226,0,0
-5474,2809,5116,-6699,-15131,-132,0,0
-6669,3810,3909,-5853,-14050,-451,0,0
-5965,650,4036,-3520,-8968,642,0,0
-3706,-991,4710,-2543,-571,553,0,0
-2244,473,4722,-722,-469,188,0,0
-1891,325,4183,384,-2071,1440,0,0
-1647,-269,3836,-14,-2614,1557,0,0
-1895,-285,3597,1076,-3174,2234,0,0
-987,-2176,3921,1794,-3031,2531,0,0
547,-3013,4257,2452,-2823,2558,0,0
1790,-1737,3623,3980,-1935,973,0,0
1160,125,1484,8620,-853,-7106,0,0
-684,498,-909,9387,4034,-4332,0,0
506,2929,-3825,8952,8408,-2973,0,0
1888,3766,-5848,6650,5278,-5920,0,0
2359,854,-6504,1872,422,-2255,0,0
3739,574,-6556,-479,-6399,272,0,0
4391,3136,-5400,-1550,-9812,1514,0,0
5236,4221,-4031,-1948,-8193,1784,0,0
5740,2854,-2906,-1675,-7117,459,0,0
5588,-424,-1833,-2071,-6876,-399,0,0
5194,-2799,-1192,-3562,-5579,497,0,0
4920,-3600,-1228,-2551,-6367,255,0,0
5312,-1422,-1491,-6068,-9948,-2156,0,0
4542,-2468,-1612,-7697,-11646,-2876,0,0
3091,-777,-1655,-4549,-19898,-653,0,0
2703,-2629,-1295,-8949,-7693,-9669,0,0
954,1290,1121,1050,-4213,-11652,0,0
-1265,2616,207,-455,-465,196,0,0
-1133,-127,243,-1775,-2307,2740,0,0
-1493,681,-206,-127,-4459,2305,0,0
-1197,756,-873,-1299,-6842,3084,0,0
354,326,-569,-1637,-4396,2407,0,0
1676,903,261,-127,-3833,1275,0,0
2126,682,531,-628,-3793,888,0,0
1525,-298,515,-131,-5921,-7154,0,0
-522,-515,-7,-790,-5097,-2830,0,0
-104,-503,-137,-2577,-5729,-360,0,0
-753,99,387,-2991,-4681,-2294,0,0
-1963,369,948,-2471,-4358,-3003,0,0
-2397,-692,1649,-4436,-5742,-3475,0,0
-3020,-660,2936,-5037,-6038,-3791,0,0
-3254,-1020,4465,-7818,-9674,-3902,0,0
-4200,629,4682,-8139,-13684,-2629,0,0
-4677,633,4326,-8527,-12856,-1381,0,0
-4347,618,4355,-7103,-9078,878,0,0
-3171,1207,4586,-4003,-4773,686,0,0
-1559,1217,5470,-1561,-2735,947,0,0
-1589,3092,5537,416,-1794,2342,0,0
-2109,2787,4355,437,-1466,1670,0,0
-2286,468,3652,-204,-4195,1609,0,0
-2526,-1455,4055,1184,-4270,3609,0,0
-352,-3897,5075,623,-4280,3038,0,0
1449,-2386,4754,4632,-3233,270,0,0
1130,551,2042,9224,-146,-7097,0,0
-1446,1539,-1610,12784,2393,-4962,0,0
122,497,-3974,8059,6590,869,0,0
2402,1791,-5851,6036,5074,-2838,0,0
3882,2422,-6940,2548,-2618,-2698,0,0
5454,600,-6702,795,-10011,957,0,0
5789,-561,-5990,-1477,-11824,2082,0,0
5018,1659,-5263,-2548,-8909,2301,0,0
5151,1954,-3894,-1707,-8193,538,0,0
5093,-1442,-2743,-1945,-7246,487,0,0
4738,-3471,-2694,-4886,-7646,469,0,0
4390,-2667,-2194,-5850,-8465,-1582,0,0
4225,-2057,-965,-4005,-10941,-2836,0,0
3862,-3206,-815,-5141,-15895,-111,0,0
3148,-1498,-1637,-5975,-12605,-4364,0,0
1885,-1686,-123,-2091,-6448,-182,0,0
-903,734,865,-2161,-750,867,0,0
-1485,2681,922,-729,-1916,2357,0,0
-1575,1080,17,1122,-2848,1604,0,0
-772,-1267,-390,-1634,-7231,3528,0,0
251,330,-494,-1725,-4889,2655,0,0
1620,1365,360,183,-3635,748,0,0
2064,315,586,-83,-3640,563,0,0
1452,-531,531,-960,-5777,-4355,0,0
-335,-92,229,-197,-5089,-1969,0,0
238,-721,185,-1749,-4482,772,0,0
458,-384,483,-3267,-3445,-112,0,0
-64,1143,1046,-3313,-2934,-1501,0,0
-809,2480,2089,-4353,-4708,-5190,0,0
-2577,1676,3411,-8231,-11428,-6875,0,0
-4500,-468,4300,-9476,-16065,-4531,0,0
-5125,-712,4363,-10874,-15113,-336,0,0
-5763,2943,3785,-8307,-12555,1404,0,0
-5678,3648,3875,-4644,-7923,2534,0,0
-4928,3179,3977,-2440,-5174,2090,0,0
-4795,2857,3789,-1295,-4646,2863,0,0
-4348,1305,3347,-1490,-4418,2949,0,0
-3683,-310,3510,-823,-5244,3430,0,0
-2716,-1607,4422,-601,-5448,4135,0,0
-1256,-2510,5222,979,-5785,3964,0,0
911,-3586,5805,5570,-3173,1112,0,0
1107,-256,2791,14354,3993,-7697,0,0
-921,918,-1910,14211,4761,-6184,0,0
741,1308,-4116,8953,8077,-3104,0,0
1959,2210,-6320,3561,4596,-4815,0,0
2341,2488,-7476,752,-4400,-2187,0,0
3198,2116,-6185,-1591,-8300,1264,0,0
3340,4178,-4045,-2078,-6852,2163,0,0
4061,3903,-3015,-1668,-5096,1053,0,0
4711,863,-2362,-1513,-5368,725,0,0
4925,-1329,-1871,-3311,-6056,1065,0,0
4809,-871,-1576,-3626,-5531,813,0,0
5102,-1484,-1010,-2559,-6532,-813,0,0
5875,-3304,-725,-3878,-11829,-2927,0,0
5391,-1656,-1391,-3811,-16637,-2539,0,0
4723,-1726,-1939,-4727,-12953,-5286,0,0
3895,-1861,-942,-5452,-12369,-12311,0,0
525,-1700,286,-2862,-5531,-11331,0,0
-1035,-1433,538,-2394,-1478,692,0,0
-1287,711,689,-1994,-2990,2230,0,0
-2298,1380,357,636,-3988,1582,0,0
-1656,929,-200,633,-4121,2955,0,0
5,-1082,14,-1066,-3888,3405,0,0
969,428,109,-368,-3578,2295,0,0
1842,-136,116,-376,-3833,1163,0,0
2045,-191,-348,-1159,-4126,290,0,0
1839,-52,-450,-1243,-5282,-5667,0,0
610,-1950,386,-2985,-4486,-7348,0,0
-973,-104,1093,-3695,-1753,-3788,0,0
-1932,-465,1726,-6908,-8243,-5483,0,0
-3392,-1508,2848,-10091,-16275,-4725,0,0
-3481,-1289,4460,-12027,-18814,267,0,0
-3919,1783,5811,-9628,-17212,1148,0,0
-3178,831,6890,-6961,-13202,3784,0,0
-2109,2106,8207,-2588,-9056,5313,0,0
-2986,5551,7628,490,-5587,4436,0,0
-3987,4344,6122,584,-3456,3581,0,0
-3901,1062,4358,261,-5941,2784,0,0
-2354,-2225,3754,759,-6469,4275,0,0
19,-2519,4646,2791,-5608,3067,0,0
1131,558,3899,5377,-3523,1105,0,0
313,2342,1057,12900,-1639,-6399,0,0
-1400,517,-1767,11324,2232,-2478,0,0
-300,1862,-4002,9422,7832,-1015,0,0
758,1725,-5830,6414,7565,-3353,0,0
2413,830,-7183,-275,-887,-2545,0,0
4156,2003,-6692,-774,-8053,348,0,0
4912,2791,-4854,-863,-11036,2237,0,0
5106,3712,-4609,-2325,-8536,1047,0,0
5522,500,-4490,-2130,-7266,549,0,0
4932,-2327,-3404,-3023,-7152,1565,0,0
4370,-837,-2514,-3612,-7092,935,0,0
4551,-575,-1946,-3554,-6933,-890,0,0
4861,-711,-1463,-3862,-10752,-1401,0,0
4269,753,-961,-1232,-19142,-314,0,0
5189,-2972,-1436,-5972,-16788,-4856,0,0
2842,-2522,67,-3501,-5067,-14606,0,0
-1237,1692,-629,-1980,3167,4665,0,0
84,467,-883,-2121,-3234,5463,0,0
217,996,-51,-407,-6956,-1542,0,0
-571,658,180,1448,-8912,-1116,0,0
142,295,-134,-85,-2798,529,0,0
636,-556,440,-733,-1779,1153,0,0
81,-273,273,-739,-3565,1038,0,0
-188,-26,89,-1061,-5428,701,0,0
-376,999,-20,-327,-5370,160,0,0
-208,1020,-12,322,-4188,302,0,0
45,189,115,-166,-3748,833,0,0
13,28,90,-394,-4259,607,0,0
-46,105,56,-435,-4577,394,0,0
-29,177,-19,-278,-4453,441,0,0
-5,224,-110,-284,-4128,498,0,0
32,125,-102,-432,-4193,675,0,0
34,163,-130,-436,-4289,648,0,0
22,203,-150,-320,-4308,381,0,0
26,29,-97,-479,-4406,399,0,0
-12,3,-12,-562,-4364,540,0,0
-6,64,77,-427,-4322,627,0,0
-19,153,54,-202,-4265,504,0,0
3,50,18,-362,-4351,548,0,0
-23,136,-7,-388,-4314,520,0,0
-7,103,22,-265,-4163,505,0,0
22,30,-45,-284,-4364,492,0,0
-1,31,-197,-600,-4422,491,0,0
-2,113,-198,-498,-4309,485,0,0
18,126,-153,-244,-4198,461,0,0
44,26,-166,-327,-4342,537,0,0
84,-65,-176,-505,-4437,481,0,0
57,26,-158,-550,-4343,361,0,0
5,137,-84,-426,-4344,427,0,0
-49,285,-22,-222,-4303,528,0,0
-12,241,31,-64,-4212,686,0,0
83,157,25,0,-4185,756,0,0
82,245,-72,-6,-4254,594,0,0
91,159,-105,-191,-4343,525,0,0
67,235,-121,-253,-4364,497,0,0
14,339,-130,-123,-4362,424,0,0
0,198,-121,-112,-4351,543,0,0
-30,159,-76,-63,-4249,619,0,0
1,67,-43,-42,-4281,634,0,0
-6,107,-50,-26,-4301,508,0,0
-23,123,-37,-27,-4193,475,0,0
-21,59,6,-9,-4117,599,0,0
9,-98,7,-87,-4279,611,0,0
52,-192,12,-303,-4406,570,0,0
36,-35,11,-282,-4358,448,0,0
30,40,62,-326,-4137,430,0,0
10,27,126,-222,-4068,424,0,0
24,-66,147,-387,-4330,763,0,0
72,91,154,-474,-4335,1007,0,0
184,279,150,-278,-4260,566,0,0
171,281,-20,-355,-4438,489,0,0
88,389,-107,-641,-4504,715,0,0
27,486,-1,-580,-4425,726,0,0
-31,535,144,-436,-4087,446,0,0
-157,483,175,-345,-4102,304,0,0
-361,515,154,-712,-4468,695,0,0
-537,740,159,-587,-4580,811,0,0
-500,464,105,-536,-4761,726,0,0
-512,448,56,-588,-4823,600,0,0
-570,687,105,-29,-4357,337,0,0
-457,284,207,216,-4004,107,0,0
-316,-234,106,-152,-4041,316,0,0
-230,-303,-40,-674,-4078,426,0,0
-177,-211,0,-655,-4145,205,0,0
-136,-312,84,-618,-4173,23,0,0
-124,-375,131,-594,-4274,49,0,0
-75,-424,150,-748,-4283,-29,0,0
-77,-299,206,-749,-4430,-347,0,0
-201,-59,257,-467,-4513,-284,0,0
-157,-99,252,-334,-4410,-106,0,0
28,-229,173,-569,-4357,-237,0,0
55,-160,82,-685,-4215,-397,0,0
-48,-81,26,-832,-4117,-178,0,0
-87,-45,-8,-768,-4150,-52,0,0
-36,-33,-16,-718,-4428,-172,0,0
5,7,-36,-642,-4560,-252,0,0
24,111,-42,-651,-4499,-214,0,0
44,109,-56,-940,-4246,-219,0,0
53,66,-37,-1092,-4201,-92,0,0
-26,323,-47,-1151,-4524,124,0,0
-109,781,-29,-1016,-4593,24,0,0
-236,1024,80,-369,-4546,-272,0,0
-256,434,320,-18,-3975,-239,0,0
-92,-364,438,-407,-3941,-57,0,0
21,-594,276,-728,-4093,56,0,0
134,-504,42,-945,-4161,-88,0,0
212,-266,-138,-3136,-4266,-31,0,0
212,143,-123,-1108,-4260,-10,0,0
121,489,26,-909,-4286,-107,0,0
38,539,121,-807,-4258,9,0,0
46,610,97,-867,-4145,-23,0,0
54,557,-43,-748,-4306,-120,0,0
37,258,-123,-880,-4328,-71,0,0
-11,147,-89,-856,-4443,57,0,0
-32,118,-21,-823,-4365,34,0,0
22,45,24,-667,-4387,-96,0,0
81,-84,23,-639,-4386,-34,0,0
134,-119,-22,-718,-4236,-11,0,0
177,-113,-80,-2840,-4264,-5,0,0
198,-103,-126,-879,-4208,-38,0,0
198,-87,-124,-916,-4282,-48,0,0
164,-15,-93,-939,-4270,-34,0,0
125,54,-64,-915,-4322,-35,0,0
100,66,-11,-882,-4290,54,0,0
112,84,53,-865,-4259,76,0,0
129,168,30,-913,-4272,28,0,0
121,330,-51,-1026,-4308,-65,0,0
36,545,-34,-1006,-4362,87,0,0
-71,777,28,-888,-4314,183,0,0
-142,828,78,-711,-4250,145,0,0
-167,545,125,-2560,-4179,183,0,0
-130,-7,166,-571,-4240,222,0,0
-60,-329,144,-664,-4326,152,0,0
15,-404,98,-723,-4349,19,0,0
65,-439,61,-864,-4350,-17,0,0
39,-318,4,-967,-4284,-46,0,0
-36,-101,-57,-1029,-4285,-3,0,0
-80,18,-83,-989,-4267,56,0,0
-76,12,-56,-1011,-4304,94,0,0
-58,28,-16,-887,-4323,24,0,0
-43,-27,38,-770,-4336,-62,0,0
-59,-42,34,-719,-4347,-60,0,0
-68,-77,25,-783,-4334,25,0,0
-34,-134,33,-862,-4244,33,0,0
-11,-100,7,-922,-4253,8,0,0
-28,-41,-20,-869,-4273,-74,0,0
-47,-53,-8,-893,-4335,-36,0,0
-51,-24,4,-860,-4305,-44,0,0
-50,-34,17,-833,-4315,-45,0,0
-56,-21,11,-814,-4283,-16,0,0
-35,-38,7,-828,-4290,-34,0,0
-8,-12,-10,-854,-4294,-36,0,0
0,96,-39,-799,-4297,-98,0,0
1,91,-31,-824,-4309,-34,0,0
9,61,0,-861,-4257,-8,0,0
20,44,12,-845,-4247,-20,0,0
14,73,-11,-797,-4272,-60,0,0
5,62,-23,-802,-4321,-34,0,0
19,48,1,-834,-4324,-17,0,0
41,66,12,-809,-4308,-42,0,0
44,82,3,-834,-4266,-26,0,0
43,103,-7,-834,-4278,-15,0,0
46,72,10,-836,-4274,4,0,0
49,46,16,-819,-4274,-30,0,0
48,22,15,-875,-4270,-20,0,0
37,86,-11,-901,-4324,13,0,0
33,145,2,-898,-4327,9,0,0
54,268,6,-856,-4298,21,0,0
7,333,13,-784,-4290,13,0,0
-26,180,11,-744,-4271,2,0,0
-38,88,-6,-770,-4285,77,0,0
-12,36,-11,-738,-4340,103,0,0
42,-37,-19,-730,-4320,-5,0,0
33,-42,-34,-810,-4300,-22,0,0
20,-101,-13,-816,-4260,5,0,0
18,-127,4,-890,-4294,86,0,0
31,-48,-21,-846,-4346,33,0,0
48,-20,-24,-826,-4304,-37,0,0
39,29,-17,-806,-4274,-57,0,0
14,39,-11,-805,-4272,24,0,0
8,34,-16,-831,-4290,80,0,0
22,31,-13,-817,-4282,52,0,0
23,17,-5,-811,-4307,32,0,0
11,25,-9,-787,-4267,19,0,0
8,12,-5,-791,-4249,-45,0,0
-20,19,5,-835,-4286,73,0,0
-32,51,3,-791,-4323,97,0,0
-10,-27,22,-758,-4242,24,0,0
-16,-59,36,-795,-4204,2,0,0
-50,-50,39,-820,-4286,45,0,0
-58,-103,68,-819,-4349,90,0,0
-38,-150,76,-783,-4384,70,0,0
-7,-130,36,-789,-4295,-5,0,0
6,-47,-1,-889,-4234,-39,0,0
-17,58,-27,-879,-4257,-38,0,0
-49,51,-18,-933,-4302,23,0,0
-80,78,11,-871,-4296,71,0,0
-85,47,41,-746,-4302,65,0,0
-61,-10,25,-678,-4341,-31,0,0
-55,-112,19,-731,-4389,-131,0,0
-86,-160,37,-790,-4336,-145,0,0
-123,-139,37,-842,-4334,-76,0,0
-131,-81,58,-945,-4326,30,0,0
-108,-46,86,-891,-4268,-8,0,0
-74,-30,97,-863,-4190,-36,0,0
-49,46,54,-784,-4279,-74,0,0
-42,90,9,-793,-4324,-48,0,0
-35,58,21,-746,-4302,-36,0,0
-9,-92,37,-770,-4219,-43,0,0
14,-182,9,-863,-4214,-70,0,0
23,-155,-19,-925,-4285,-91,0,0
29,-108,-37,-927,-4311,-134,0,0
31,-93,-26,-935,-4387,-88,0,0
22,-103,10,-801,-4256,-55,0,0
58,-170,0,-812,-4180,-103,0,0
76,-157,-66,-932,-4272,-116,0,0
42,-72,-58,-1017,-4317,-63,0,0
14,16,8,-1009,-4296,-3,0,0
19,102,21,-803,-4261,-48,0,0
30,91,2,-772,-4257,-64,0,0
33,75,-16,-855,-4345,-23,0,0
25,64,-4,-897,-4331,-9,0,0
14,43,27,-866,-4339,3,0,0
6,13,37,-799,-4304,15,0,0
20,-21,38,-784,-4259,27,0,0
35,-18,9,-819,-4247,10,0,0
31,-40,-9,-916,-4323,27,0,0
24,-7,-4,-943,-4280,27,0,0
21,54,11,-884,-4302,12,0,0
9,59,6,-831,-4250,-7,0,0
2,28,13,-874,-4258,57,0,0
7,33,0,-909,-4279,64,0,0
17,62,-9,-888,-4325,37,0,0
22,68,-8,-848,-4316,-3,0,0
14,71,0,-834,-4275,9,0,0
2,67,5,-857,-4251,61,0,0
-2,60,-3,-865,-4295,50,0,0
-2,15,14,-840,-4271,46,0,0
-8,8,26,-806,-4281,67,0,0
-8,-7,3,-785,-4296,39,0,0
2,-70,6,-853,-4289,31,0,0
-4,-63,9,-856,-4272,24,0,0
-12,-75,6,-870,-4254,30,0,0
-9,-78,-4,-888,-4305,36,0,0
-9,-80,3,-868,-4286,-3,0,0
-15,-75,13,-840,-4275,35,0,0
-14,-73,-2,-837,-4268,38,0,0
-6,-95,-11,-889,-4301,-20,0,0
-26,-80,2,-906,-4328,10,0,0
-35,-49,15,-844,-4302,39,0,0
-18,-50,-6,-838,-4294,10,0,0
-13,-48,-12,-876,-4276,-5,0,0
-13,-17,-9,-874,-4273,14,0,0
-7,0,-8,-865,-4289,18,0,0
-4,-1,-6,-857,-4296,28,0,0
-4,-6,2,-843,-4279,12,0,0
-4,-18,8,-858,-4263,28,0,0
-5,-12,8,-832,-4276,0,0,0
-5,-24,5,-899,-4308,8,0,0
-19,12,15,-873,-4306,27,0,0
-22,14,28,-802,-4286,32,0,0
-11,-5,18,-817,-4274,25,0,0
-1,-11,10,-860,-4276,14,0,0
-7,18,5,-859,-4292,16,0,0
-13,12,11,-858,-4311,29,0,0
-11,-6,18,-853,-4294,31,0,0
-4,8,16,-828,-4291,4,0,0
-8,15,9,-838,-4286,1,0,0
-16,-4,13,-881,-4278,12,0,0
-23,24,20,-890,-4293,40,0,0
-24,17,29,-838,-4294,31,0,0
-19,7,20,-818,-4275,23,0,0
-8,-9,14,-841,-4305,22,0,0
0,2,10,-861,-4302,42,0,0
11,37,-6,-839,-4303,65,0,0
9,26,-24,-823,-4366,93,0,0
-2,-21,-31,-741,-4252,64,0,0
72,-313,-10,-552,-4168,-158,0,0
298,-1037,-29,-223,-4805,-1642,0,0
-342,-1058,0,-1712,-5382,-4605,0,0
-1702,-244,241,-2892,-7500,-8038,0,0
-3348,-373,1319,-3965,-10113,-7999,0,0
-4859,62,2412,-6728,-10764,-7328,0,0
-6236,1936,2285,-4315,-11119,-2252,0,0
-6681,840,2240,-4080,-10125,49,0,0
-6516,204,2822,-3915,-9136,-469,0,0
-6182,427,3481,-4386,-8587,-1827,0,0
-6365,1472,2929,-3773,-8113,-2732,0,0
-6263,-1977,2891,-727,-5724,-808,0,0
-4014,-1486,5369,1842,7626,1723,0,0
-871,-1650,4561,-1067,4873,-16,0,0
-358,1235,2856,1901,-1326,-163,0,0
264,-2193,3322,618,-3294,1135,0,0
371,-1195,3686,2905,-2709,1671,0,0
791,-622,2622,6004,-2182,-2153,0,0
-86,-2066,1288,7167,-3080,-3982,0,0
-743,535,-636,2453,-807,1813,0,0
-64,1472,-2263,4125,-452,-877,0,0
-585,1221,-3784,2562,-513,-1302,0,0
-1166,2149,-4444,3068,4514,-1443,0,0
-152,1775,-4929,862,9138,-1812,0,0
1613,2834,-5391,53,5680,-734,0,0
4744,3569,-6190,-735,-4559,1169,0,0
7485,3124,-5339,-1213,-13215,2780,0,0
7808,4340,-3997,-2641,-12519,1614,0,0
7473,3420,-1788,-998,-9896,1371,0,0
7330,-698,-1057,-2545,-9699,-494,0,0
6392,-2578,-1177,-2448,-7791,-1074,0,0
5614,-3062,-1009,-3824,-7198,-2908,0,0
4358,-2698,-547,-3920,-9232,-2689,0,0
2937,-4460,209,-4574,-15879,-1582,0,0
-871,-1101,-145,-2772,-11387,-2089,0,0
-64,2461,-558,-1905,-9687,4356,0,0
-35,1866,-180,-97,-200,537,0,0
489,-313,252,-166,-1000,53,0,0
267,-673,-124,-900,-2433,1064,0,0
142,444,-102,-369,-4103,787,0,0
223,395,19,138,-6671,-362,0,0
74,200,-135,-295,-5969,-219,0,0
177,86,135,-425,-3509,-117,0,0
194,-316,399,-714,-3266,627,0,0
-24,81,176,-983,-3296,1125,0,0
7,432,-20,-963,-4037,981,0,0
4,595,-16,-352,-4679,455,0,0
-48,531,56,75,-4554,59,0,0
36,93,-8,-436,-3618,-1116,0,0
100,-967,230,-2245,-3037,-3293,0,0
-1078,-352,1285,-5347,-5132,-7057,0,0
-3400,1405,2658,-6969,-10737,-9155,0,0
-4766,205,3289,-8188,-17920,-6414,0,0
-6145,427,3144,-8723,-19551,-2088,0,0
-7355,2076,3326,-7354,-17146,-224,0,0
-6682,1261,4173,-5186,-11018,1359,0,0
-4834,-31,5205,-2743,-6630,2040,0,0
-3894,1072,5661,-595,-4721,2674,0,0
-3483,1499,4849,128,-3788,2065,0,0
-3220,103,4062,217,-4920,2414,0,0
-2947,-1069,3760,1245,-5637,3449,0,0
-1839,-2792,4264,3562,-4921,3629,0,0
52,-3015,4370,6317,-2453,2193,0,0
-14,-450,1558,11931,-2316,-6687,0,0
-1340,1683,-1341,7378,1430,8,0,0
33,3020,-3453,8314,7470,-1025,0,0
869,1741,-4849,7457,9673,-2811,0,0
2132,245,-6330,2368,2470,-606,0,0
4053,1819,-7687,358,-9171,710,0,0
5262,1417,-6629,-1491,-13701,2095,0,0
5114,3043,-5354,-3759,-9523,2023,0,0
5302,3482,-3508,-674,-8277,961,0,0
5875,-380,-2474,-2419,-8149,444,0,0
5429,-1367,-2434,-2721,-7614,518,0,0
5358,-2231,-2244,-4648,-9254,-1154,0,0
5084,-1680,-1516,-5393,-12840,-3109,0,0
4469,-1190,-363,-4121,-15592,-2521,0,0
3582,-2777,-195,-6342,-18135,-13683,0,0
-715,518,122,-3234,-3188,-4197,0,0
-859,2260,1030,1334,-114,3823,0,0
2,538,-280,-117,1236,3375,0,0
143,576,-743,-2784,-1956,2468,0,0
-36,2125,-876,-301,-3293,1955,0,0
1225,748,-127,-443,-4963,-740,0,0
1357,-838,999,-6345,-5772,-8236,0,0
-2942,391,2331,-3579,-3631,-9362,0,0
-5290,887,1941,-2476,-15947,-9215,0,0
-4850,-783,2523,-9835,-18325,-4133,0,0
-5490,258,3424,-8189,-18248,-977,0,0
-5774,679,4040,-5316,-13061,-741,0,0
-4504,439,4685,-2977,-7208,225,0,0
-3590,-5,4681,-1856,-3686,1215,0,0
-3684,2015,4027,-1128,-3503,2273,0,0
-3864,2505,3095,-1021,-4119,1858,0,0
-3969,570,2749,-771,-5343,2008,0,0
-3409,-2215,3530,-161,-5695,3496,0,0
-1639,-3199,5079,901,-5272,3817,0,0
-13,-2191,5502,4662,-2487,2530,0,0
373,-104,3061,7314,2054,452,0,0
80,1957,-351,14627,5916,-6275,0,0
-304,1713,-2304,11548,8960,-5079,0,0
460,2558,-4311,7080,7913,-1892,0,0
2248,-169,-5882,1491,1612,-2006,0,0
2252,2366,-6058,348,-4574,-109,0,0
3297,2999,-5125,-721,-8453,1696,0,0
3998,2821,-4363,-3104,-7875,1279,0,0
4345,2092,-3486,-2004,-5771,914,0,0
4682,1059,-2403,-2457,-5434,551,0,0
4622,78,-1792,-2172,-5567,663,0,0
4660,-2656,-1846,-3087,-6333,-1921,0,0
4878,-1388,-1451,-2718,-9646,-1714,0,0
5205,-2424,-1646,-3715,-12614,-4175,0,0
4778,-3358,-2226,-4014,-15506,-1313,0,0
4289,-2931,-2769,-6758,-8371,-3901,0,0
3872,-230,-1206,-3710,-5765,-6839,0,0
2094,-1606,267,-4075,-6327,-12476,0,0
-1514,1722,-551,-1448,-3014,1457,0,0
-869,1192,-353,-1646,-7854,4363,0,0
-732,1658,-230,-466,-4364,1517,0,0
180,516,657,-185,-2328,512,0,0
878,-325,798,-739,-2932,985,0,0
851,358,276,-1393,-3226,-1269,0,0
135,643,356,-2721,-3103,-5529,0,0
-1182,362,1323,-5317,-5084,-6663,0,0
-3322,1663,3150,-6675,-13229,-7226,0,0
-4869,470,3422,-7615,-17110,-4999,0,0
-4729,-263,3803,-11583,-17479,273,0,0
-5746,4187,3644,-7394,-14575,294,0,0
-5731,3343,3782,-4018,-9013,294,0,0
-5061,1685,3941,-1937,-6082,1160,0,0
-5161,1659,4167,-209,-5156,2982,0,0
-4819,812,3562,-272,-3588,3852,0,0
-4052,-676,3192,-304,-4206,2974,0,0
-3329,-3760,3288,610,-4792,4073,0,0
-1369,-3769,4361,1484,-4482,3341,0,0
425,-3334,4841,4778,-2377,1631,0,0
919,-536,2569,9398,1812,-1137,0,0
409,941,-774,15278,6358,-6154,0,0
443,1726,-3194,11106,7665,-3376,0,0
2362,176,-5707,4920,2559,-3138,0,0
3153,1005,-7415,1143,-6256,-1457,0,0
3804,1941,-6588,-225,-11834,852,0,0
4338,1070,-5214,-3061,-10636,2115,0,0
4236,1997,-4682,-2919,-7758,1117,0,0
4691,4,-3470,-2444,-7144,917,0,0
4688,-1555,-2814,-4145,-6450,780,0,0
4776,-2573,-2379,-5039,-7100,-22,0,0
5012,-1901,-1958,-6030,-11067,-2306,0,0
4744,-966,-1204,-4898,-13505,-1723,0,0
4294,-1436,-1758,-6017,-14715,-1365,0,0
3688,-511,-1396,-4769,-9502,-12145,0,0
76,-593,442,-33,-4234,-9109,0,0
-1079,132,450,-3152,-2265,2528,0,0
-1102,1300,60,-3296,-3635,3199,0,0
-1298,1515,-512,193,-3945,1961,0,0
-622,692,-728,-1690,-4235,1707,0,0
345,402,51,-623,-4240,1485,0,0
1370,-2752,868,-869,-4310,974,0,0
1784,-1031,852,-1718,-4079,-2045,0,0
950,-1139,1149,-5068,-4411,-4480,0,0
-741,1387,1887,-5669,-4268,-5702,0,0
-2145,1461,3188,-5500,-6904,-6437,0,0
-3146,-136,4591,-10324,-10982,-3364,0,0
-4194,2385,3886,-10727,-13670,-1930,0,0
-5240,3409,2749,-10356,-15160,-708,0,0
-5733,3581,2959,-7824,-11800,970,0,0
-5213,3167,3686,-3705,-6788,439,0,0
-4322,1332,4127,-1110,-3958,1339,0,0
-3775,737,4150,-216,-2617,2712,0,0
-3226,711,3507,-27,-2968,2427,0,0
-2739,141,3140,218,-3653,2210,0,0
-2455,-955,3292,998,-4957,2283,0,0
-1588,-3311,4101,2857,-3996,2499,0,0
239,-3816,4353,4213,-1203,1435,0,0
594,306,1907,8635,1256,-1688,0,0
-388,1968,-1369,13650,5796,-4744,0,0
-336,2837,-3982,10798,7308,-751,0,0
2267,810,-5938,5568,3014,-2931,0,0
3778,986,-6811,-79,-3882,-2692,0,0
4503,2002,-5849,63,-9294,255,0,0
4948,2370,-5226,-1397,-10907,2281,0,0
5357,2428,-4897,-2818,-9674,905,0,0
5564,77,-3819,-1826,-8119,986,0,0
5461,-1682,-2684,-3042,-8203,1248,0,0
5207,-2555,-2234,-4269,-8028,-645,0,0
4924,-3017,-2090,-6038,-9051,-1777,0,0
4363,-1802,-1368,-5228,-11675,-2069,0,0
3755,-2289,-1113,-4911,-18474,-380,0,0
3076,-3045,-1515,-7681,-10996,-10694,0,0
635,-1094,486,-3039,-1532,-7689,0,0
-571,2311,770,-1854,-300,1971,0,0
-1035,2226,86,302,-1376,3169,0,0
-1171,693,-595,-90,-5769,2656,0,0
-1217,1558,-1465,-1884,-7792,2246,0,0
164,1643,-224,-918,-3130,652,0,0
1821,105,1545,-307,-4073,593,0,0
2010,-565,1557,-1321,-4318,480,0,0
687,411,610,-182,-5011,-4746,0,0
-277,-622,-335,-2482,-4554,-3226,0,0
-670,-1386,933,-6101,-6704,-3332,0,0
-2660,1317,2462,-5571,-7097,-5157,0,0
-3819,-48,3831,-5518,-8436,-4451,0,0
-3923,-1286,4772,-8606,-11282,-1896,0,0
-5252,2324,4301,-8201,-14909,-50,0,0
-6459,3308,3597,-6685,-13899,-769,0,0
-5885,1527,3657,-5299,-9537,319,0,0
-3849,-319,4283,-3195,-3365,428,0,0
-2231,-257,5078,-1563,-1554,366,0,0
-2495,1073,4826,759,-1385,3476,0,0
-1936,62,4081,54,-1841,2795,0,0
-1826,-343,3708,1199,-3199,2644,0,0
-2488,-2616,4017,1762,-2861,2419,0,0
1235,-2935,4282,2670,-2830,1119,0,0
1851,-860,3128,3977,-1915,-1131,0,0
948,1240,749,8155,-428,-5586,0,0
-473,840,-1734,8562,1841,-6110,0,0
-434,2961,-3223,8709,9475,-3341,0,0
1456,1072,-4974,5925,6529,-4859,0,0
2130,1306,-7388,1309,-3020,-2787,0,0
3084,1085,-7005,163,-8595,131,0,0
3389,1286,-5404,-2533,-7738,2306,0,0
3559,3331,-4654,-2135,-6406,1925,0,0
4235,2059,-3619,-1706,-6742,71,0,0
4427,-974,-2749,-2950,-5964,804,0,0
4501,-1494,-2330,-3827,-5758,377,0,0
4625,-1898,-1732,-3952,-7481,-1269,0,0
5075,-2451,-1299,-5657,-11394,-2391,0,0
4508,-1313,-1287,-3552,-16164,-1193,0,0
4052,-2708,-2215,-6391,-11098,-3414,0,0
3662,-1710,-1221,-6895,-9996,-11986,0,0
157,482,686,-2544,-4501,-8278,0,0
-1055,-94,502,-1767,-1670,1608,0,0
-1238,858,542,-1697,-2823,2770,0,0
-1879,1144,-303,1140,-3385,2136,0,0
-1068,1226,-984,-248,-4649,2375,0,0
64,327,-818,-1011,-4721,2506,0,0
1083,1048,-233,-741,-3977,1502,0,0
1839,663,460,-578,-4349,519,0,0
2062,-304,460,-835,-4667,-141,0,0
1702,-1198,309,-2179,-6021,-5002,0,0
-307,-439,493,-3166,-4852,-5397,0,0
-1164,-349,965,-3642,-3945,-3326,0,0
-1720,-202,2580,-4784,-4442,-4459,0,0
-2662,-650,4009,-7710,-9798,-4500,0,0
-3522,-630,4821,-9072,-14718,-1246,0,0
-4334,1556,4662,-9433,-14381,50,0,0
-4806,2476,4011,-7863,-12666,322,0,0
-3854,1646,4478,-5556,-7721,1806,0,0
-2848,2554,4835,-2356,-4673,1161,0,0
-2869,3108,4887,-193,-3734,1484,0,0
-3148,2588,4390,121,-2603,2066,0,0
-3042,1031,3570,-456,-2910,1388,0,0
-3325,-113,3057,171,-4522,2049,0,0
-2900,-2196,3467,913,-4636,3939,0,0
-458,-4084,4679,1122,-3542,3001,0,0
1291,-2292,4370,5355,-1070,997,0,0
1726,461,1724,12282,5254,-5059,0,0
980,1598,-1456,15291,7753,-9135,0,0
1376,2484,-4410,9055,5908,-6230,0,0
2322,1278,-6552,4075,-843,-4684,0,0
2179,496,-6956,629,-6208,-447,0,0
2420,2065,-6188,-1580,-8160,2222,0,0
2965,4262,-5099,-1813,-6465,2370,0,0
3850,3098,-3878,-1484,-5995,774,0,0
4251,-220,-2950,-2586,-5730,-79,0,0
4225,-2187,-2249,-3846,-5253,380,0,0
4491,-2391,-1665,-4269,-5640,-1089,0,0
4968,-1927,-1078,-3896,-9063,-2742,0,0
5038,-2265,-1164,-3225,-14563,-481,0,0
4826,-3801,-3137,-6990,-13351,-3101,0,0
3954,-2135,-3047,-6507,-5978,-4887,0,0
3558,10,-721,-3572,-6184,-3010,0,0
2429,-1135,714,-5887,-8177,-967,0,0
-1027,1121,-121,-1139,-4352,34,0,0
-612,1162,-911,-1619,-6410,3661,0,0
-350,2113,-534,-1164,-2370,2095,0,0
211,1507,350,316,-2728,941,0,0
801,-399,412,-1384,-3825,1363,0,0
728,176,160,-1031,-4623,233,0,0
640,23,232,-2136,-5504,-3467,0,0
-236,-791,627,-4058,-6264,-3673,0,0
-1419,-163,1775,-5226,-5836,-3466,0,0
-2572,509,2932,-4418,-5296,-3722,0,0
-3012,-520,4122,-6023,-6954,-2671,0,0
-3725,682,4601,-8512,-11692,-1541,0,0
-4948,2342,3835,-8600,-13402,-1125,0,0
-5095,1449,3541,-7961,-11325,-102,0,0
-4215,1569,3753,-6290,-6294,551,0,0
-2981,1801,4197,-2677,-3692,459,0,0
-2337,1095,4802,-758,-2420,1418,0,0
-2314,1598,4452,122,-1414,2935,0,0
-1924,1134,3668,-161,-2734,1914,0,0
-2071,270,3375,805,-3609,2070,0,0
-1382,-2339,3852,1260,-3673,2559,0,0
397,-3948,4542,1701,-3702,1455,0,0
1447,-2112,3823,5372,-281,-1075,0,0
1081,1601,625,9911,3817,-5790,0,0
193,2544,-2233,12111,5641,-8366,0,0
747,2712,-4013,8332,6892,-4708,0,0
2301,-62,-6007,3420,903,-3942,0,0
2311,891,-7240,783,-6386,-1587,0,0
2637,1495,-6494,-1261,-9529,1233,0,0
3060,1317,-5426,-4145,-7154,2934,0,0
3406,2045,-4531,-2140,-5765,1859,0,0
4073,75,-2944,-2554,-5558,1129,0,0
4481,-1703,-2027,-3784,-5829,1469,0,0
4775,-1660,-1957,-3734,-6235,204,0,0
5503,-2030,-1634,-4790,-10101,-2252,0,0
5039,-1398,-1409,-5130,-14152,-1068,0,0
4078,-1449,-2337,-5533,-13604,-2327,0,0
3916,-1378,-2036,-6353,-7999,-4129,0,0
2178,-372,469,-4762,-9976,-1346,0,0
-1312,1893,516,-586,-408,-1781,0,0
-414,-943,344,-1989,-3767,3515,0,0
-923,954,-634,-441,-3702,3638,0,0
-706,2245,-632,-330,-4039,1476,0,0
32,1225,-359,-353,-4256,1071,0,0
999,-253,112,-784,-4564,1230,0,0
1462,-372,324,-1303,-4614,318,0,0
938,-405,295,-1272,-5064,-4935,0,0
-443,-400,13,-2252,-3892,-3313,0,0
-1417,-316,469,-2315,-3192,-3861,0,0
-3022,646,324,-1957,-2019,-4621,0,0
-3599,-850,973,-5729,-8512,-4697,0,0
-3998,-1134,2580,-7591,-14814,-4433,0,0
-3942,-974,4039,-8874,-15988,-3601,0,0
-3784,8,5055,-8525,-13944,-2006,0,0
-3492,1318,5608,-5446,-9872,146,0,0
-3050,2020,5436,-2531,-6261,1633,0,0
-2994,2038,5023,-288,-3699,2807,0,0
-2516,766,4641,250,-2377,2177,0,0
-1666,-399,4465,-238,-2617,1598,0,0
-1392,-66,4157,504,-3061,1662,0,0
-1073,-584,4034,987,-3763,1442,0,0
-413,-1704,4165,1460,-3674,994,0,0
294,-1745,3966,2637,-1821,-171,0,0
192,468,2353,5062,671,-2159,0,0
-319,1689,503,13280,5416,-8200,0,0
-57,2331,-1879,11577,9291,-6000,0,0
1270,1424,-4663,6745,4366,-3346,0,0
2053,-227,-6567,2277,-2750,-2676,0,0
2059,1764,-6707,-89,-6958,565,0,0
2779,4169,-6037,-1392,-7461,1830,0,0
3573,3953,-4845,-2143,-6962,1270,0,0
4379,1079,-3312,-3039,-6023,659,0,0
4430,-598,-2275,-2714,-5515,199,0,0
4505,-2331,-1646,-4501,-5217,-247,0,0
4798,-2654,-1214,-4503,-6505,-2215,0,0
4522,-1382,-920,-3252,-8953,-2604,0,0
4406,-2870,-1859,-2374,-16900,36,0,0
4135,-944,-3836,-6918,-9433,-4115,0,0
3762,-2009,-2764,-5390,-6005,-3431,0,0
3238,112,-920,-6847,-8513,-13291,0,0
-402,293,-75,-3271,-4042,-3623,0,0
-1605,2326,-735,-1344,-7066,3984,0,0
-999,2665,-698,-1241,-4084,2922,0,0
-235,2304,564,1449,-2203,826,0,0
803,-250,834,-631,-3428,1223,0,0
749,138,164,-143,-4463,1573,0,0
709,65,18,-375,-5955,-2721,0,0
102,-253,141,-1248,-5245,-3478,0,0
149,-747,485,-2130,-4461,-2508,0,0
-504,-1052,1499,-4556,-5289,-2883,0,0
-2130,829,2218,-3907,-5468,-3480,0,0
-2713,-313,3398,-4875,-5437,-3701,0,0
-3125,-569,4474,-7548,-9220,-2799,0,0
-4284,1491,4317,-8292,-12612,-2497,0,0
-4953,1603,3805,-8760,-13770,-1696,0,0
-4699,1258,4120,-7378,-10382,-227,0,0
-3730,2136,4650,-6608,-5264,124,0,0
-2773,2099,4659,-1562,-2703,610,0,0
-2520,1566,4800,-196,-1899,1478,0,0
-2550,1285,4206,138,-1327,2039,0,0
-2404,676,3578,-36,-2423,1529,0,0
-2687,-237,3265,680,-3624,2328,0,0
-1765,-2831,3908,824,-4290,3291,0,0
177,-3327,4521,2011,-3675,2349,0,0
1360,-1298,3458,6545,304,-531,0,0
960,406,723,12835,2612,-8406,0,0
125,2118,-1866,11619,6911,-5538,0,0
2306,2185,-4572,8561,6204,-4413,0,0
3758,1243,-7087,3163,-2160,-4141,0,0
3302,1079,-7497,529,-8179,-1344,0,0
2573,2158,-6564,-1744,-7840,1004,0,0
2498,3586,-5587,-1949,-6296,1350,0,0
3364,2276,-4363,-2573,-5828,458,0,0
3927,-282,-2862,-2059,-5095,52,0,0
4236,-2471,-3976,-3403,-5394,-352,0,0
4703,-3040,-1515,-4538,-6607,-2266,0,0
4850,-2406,-1074,-4007,-9578,-2458,0,0
4880,-2787,-1541,-2894,-15844,1,0,0
4813,-3689,-3434,-8274,-8997,-3580,0,0
4250,835,-2304,-4748,-6214,-2199,0,0
4528,1334,-64,-3745,-7766,-4723,0,0
1690,897,1075,-5356,-8474,-13909,0,0
-1945,1255,-1436,2266,-3841,1967,0,0
534,-1996,-477,-3974,-6839,4355,0,0
-592,1754,-394,655,-374,1807,0,0
569,872,167,855,-3010,605,0,0
1083,-2039,6,-2385,-4032,1822,0,0
579,68,-276,-1969,-5392,-606,0,0
3,47,387,-1925,-4675,-2092,0,0
-543,260,588,-620,-3868,-382,0,0
-477,-214,275,-1595,-3936,-620,0,0
-752,-654,710,-2579,-3693,-3183,0,0
-1715,-794,1603,-4175,-4803,-5384,0,0
-3061,-537,2459,-5701,-8849,-5479,0,0
-3474,-1530,3245,-8118,-13238,-4493,0,0
-4004,-152,4025,-9390,-14346,-1180,0,0
-4872,2756,3973,-8615,-13893,-1080,0,0
-4904,1767,4575,-5117,-10863,615,0,0
-3441,330,5369,-3134,-6119,1802,0,0
-2952,2097,5461,-695,-3598,1763,0,0
-3248,3239,4623,310,-2045,2743,0,0
-2936,1844,3624,-55,-2313,1928,0,0
-3091,758,3110,64,-3456,1924,0,0
-3285,-466,2980,787,-4005,3246,0,0
-1731,-3353,3921,990,-3416,3077,0,0
499,-3437,4554,2267,-1818,1873,0,0
1246,-508,3007,7699,2387,-1056,0,0
1056,807,268,15491,7429,-7708,0,0
1046,916,-2275,11532,7144,-6394,0,0
1893,2066,-5126,6340,2808,-4213,0,0
2418,280,-6478,3052,-2940,-2894,0,0
1984,709,-6727,-531,-6794,796,0,0
2162,3032,-6077,-2580,-7348,2606,0,0
3217,3245,-4787,-2098,-5861,2534,0,0
4193,1382,-3355,-1827,-6427,1266,0,0
4581,-940,-2277,-3558,-6281,1040,0,0
5202,-2000,-1774,-3955,-5635,-772,0,0
5674,-2131,-1257,-3652,-8237,-2551,0,0
5594,-1843,-1307,-3390,-14330,-104,0,0
5191,-2701,-3096,-5387,-14699,-2896,0,0
4409,-2114,-3239,-6201,-7166,-5038,0,0
3713,495,-1759,-3703,-6958,-2648,0,0
2433,107,-436,-4546,-9743,-394,0,0
-989,294,-228,-2118,-4756,-2216,0,0
-842,1343,-669,-1398,-6428,3007,0,0
-809,2338,-435,-1281,-2515,2038,0,0
-751,2376,208,1354,-2365,1519,0,0
159,-684,360,-1303,-3808,2219,0,0
417,21,-38,-2912,-4453,2300,0,0
1163,407,20,-1057,-4462,-47,0,0
1512,-624,675,-1676,-4009,-5190,0,0
-239,-454,1305,-3030,-3111,-5831,0,0
-1741,266,1856,-3419,-4793,-3292,0,0
-2296,-940,3282,-7380,-10423,-4620,0,0
-3121,-1238,4439,-9818,-14375,-1561,0,0
-3376,1551,4771,-11132,-14841,879,0,0
-3763,4308,4519,-8130,-12287,1710,0,0
-3351,4283,4153,-5426,-7735,2137,0,0
-3234,4325,3934,-2385,-4514,1442,0,0
-3501,3942,3909,-3,-2598,2051,0,0
-3562,2874,3371,-629,-1972,1255,0,0
-4082,2191,2405,-468,-2948,577,0,0
-4755,628,1698,-378,-4512,1734,0,0
-4624,-1091,1759,173,-5438,3118,0,0
-2741,-3452,3221,865,-3960,3470,0,0
-368,-3021,4385,3767,-883,2769,0,0
929,182,2969,11114,8210,-167,0,0
2098,763,-93,16241,11041,-8309,0,0
1751,1903,-3945,8886,5785,-6201,0,0
2626,593,-5964,3659,-1323,-2737,0,0
2367,132,-6070,489,-5903,191,0,0
1711,4696,-5741,-475,-6299,1435,0,0
2808,5509,-4453,-679,-5198,721,0,0
3964,1664,-3048,-1475,-4576,653,0,0
4218,-997,-2424,-1518,-5571,447,0,0
4164,-2396,-2221,-2648,-5438,-273,0,0
4324,-2118,-1646,-4699,-5098,-3285,0,0
4307,-72,-700,-2439,-7034,-2336,0,0
5229,-2052,-697,-1122,-14765,35,0,0
5406,-575,-3304,-6590,-9610,-5338,0,0
4205,-1583,-3298,-3304,-6099,-2795,0,0
3575,-312,-1777,-3592,-6740,-1736,0,0
3578,-784,-1064,-3984,-8803,-3368,0,0
2252,-1613,-737,-5707,-13688,-11546,0,0
-456,600,226,-3404,-2814,-716,0,0
-403,2931,945,702,-2295,2396,0,0
-75,1859,434,645,-1845,2192,0,0
169,405,-63,-359,-4162,2131,0,0
113,776,-378,-756,-4796,1734,0,0
623,460,-37,-881,-5260,-1460,0,0
503,-864,470,-1149,-4630,-3076,0,0
-99,-293,550,-1672,-3328,-2283,0,0
-764,-675,952,-2690,-3419,-2307,0,0
-1840,72,1732,-3441,-3886,-4060,0,0
-2864,-825,2577,-5703,-8864,-4510,0,0
-3441,-2176,3912,-7918,-13942,-2428,0,0
-2897,-815,4716,-11162,-13799,605,0,0
-2470,2670,4610,-10688,-14285,3473,0,0
-2018,3704,5792,-6633,-10179,2890,0,0
-1908,4390,6510,-1757,-4712,13,0,0
-2893,5284,5307,1150,-2373,1319,0,0
-3412,3065,3412,852,-2776,703,0,0
-3850,1078,2407,-965,-3745,967,0,0
-5001,1732,1787,-871,-5208,2182,0,0
-4906,-836,1645,248,-7315,3249,0,0
-2403,-257,3677,-159,-4697,4298,0,0
-108,-1864,4925,3726,-1500,3768,0,0
1165,204,3557,11766,6419,853,0,0
2504,-66,863,16003,10455,-9696,0,0
737,2153,-3531,10957,5421,-7237,0,0
1899,1135,-5714,5228,1018,-3620,0,0
2192,741,-5734,1959,-2482,-2478,0,0
1870,2275,-5759,580,-5321,696,0,0
2757,3907,-5909,-686,-7473,1557,0,0
3702,3842,-5525,-1681,-7469,1253,0,0
4428,2035,-4011,-2873,-7080,1019,0,0
4684,664,-2381,-2918,-6383,874,0,0
5062,-827,-1206,-3135,-5106,-398,0,0
5925,-3049,-503,-4001,-7481,-2126,0,0
5832,-2009,-843,-3866,-11203,-1477,0,0
5260,-1843,-2040,-3175,-16026,-719,0,0
5081,-3044,-3329,-6233,-9632,-4219,0,0
4716,148,-2131,-4409,-8157,-3471,0,0
2434,1042,615,-3889,-11224,-1421,0,0
-1623,1706,160,1288,-3974,-92,0,0
-131,-1246,42,-1495,-6876,4536,0,0
-382,1517,-1037,-1624,-1180,2699,0,0
140,2198,-57,356,-2856,1441,0,0
886,78,297,-801,-4259,1698,0,0
971,57,195,-706,-5663,-346,0,0
139,-528,326,-322,-6085,-3915,0,0
-458,323,118,-454,-3747,-357,0,0
284,-436,218,-3328,-4193,-858,0,0
-454,-483,503,-2487,-4548,-1794,0,0
-1734,165,1007,-2518,-4206,-2911,0,0
-2309,-571,1690,-3063,-4470,-4125,0,0
-2796,-1282,2950,-4811,-6287,-3849,0,0
-3272,-897,3612,-6872,-10576,-3866,0,0
-3692,-723,3757,-8226,-14245,-3019,0,0
-3933,185,4209,-8474,-12997,-613,0,0
-3665,1077,4806,-5028,-8795,492,0,0
-2530,1401,4637,-3067,-4356,1266,0,0
-1943,2327,4346,-1870,-2196,1348,0,0
-2141,2991,4050,-779,-1570,1687,0,0
-2174,2246,3535,-770,-1609,1611,0,0
-2364,1482,3350,-1115,-2519,1614,0,0
-3112,1023,3358,-592,-3873,2382,0,0
-2605,-1597,3801,-86,-4508,2955,0,0
-341,-1747,4731,1836,-3051,1679,0,0
897,-1847,3878,6528,2086,-1057,0,0
1533,12,1176,14219,6691,-8106,0,0
1171,852,-1760,10376,6450,-9803,0,0
1469,854,-4696,6989,3856,-4710,0,0
2718,486,-6312,2445,-3446,-3749,0,0
1684,1010,-6156,-600,-6649,-265,0,0
1673,1282,-5015,-1814,-5912,1951,0,0
2071,2177,-4449,-2758,-4056,1703,0,0
2752,1746,-3726,-2511,-4159,844,0,0
3336,-177,-2613,-2537,-4259,657,0,0
3734,-1248,-1943,-2971,-3990,444,0,0
4809,-2546,-1510,-3115,-6168,-625,0,0
5154,-2566,-1862,-2983,-11424,-822,0,0
5282,-3538,-3483,-4599,-15885,1159,0,0
5014,-3505,-4323,-9347,-9620,-5086,0,0
4003,-257,-2204,-4129,-7703,-3948,0,0
3870,-1796,-667,-7527,-9204,-9069,0,0
315,-884,-278,-4968,-7481,-9382,0,0
-1302,2350,-1076,-2066,-6092,2666,0,0
-1179,2968,-2,-922,-2840,2711,0,0
-750,2146,553,1222,-1643,1413,0,0
381,-863,560,-1565,-3504,2027,0,0
679,247,-98,-986,-4156,2351,0,0
1344,1063,-349,-1510,-4852,759,0,0
1849,259,363,-1626,-4583,-3564,0,0
265,-59,962,-2259,-3431,-7024,0,0
-1803,830,1453,-3192,-3252,-3917,0,0
-2450,-785,2900,-5395,-8040,-4317,0,0
-3321,-1604,3645,-8733,-12473,-3317,0,0
-3739,-579,3636,-9468,-14860,-768,0,0
-4231,1096,4207,-6489,-13137,97,0,0
-4029,1449,4177,-4247,-7842,1497,0,0
-2811,1551,3720,-3672,-3558,668,0,0
-2422,2521,3525,-2544,-3429,1638,0,0
-2885,3258,3636,-2271,-4103,2234,0,0
-3363,2708,3815,-1441,-4087,2008,0,0
-3272,811,3998,-1274,-4158,2334,0,0
-2708,-481,4194,-916,-4690,2521,0,0
-1571,-1711,4505,388,-4108,2357,0,0
-128,-1973,4726,5027,80,1051,0,0
1055,131,3286,12321,8407,-3803,0,0
1253,712,-548,16447,7148,-11339,0,0
796,1651,-4344,5860,3218,-4610,0,0
1908,2584,-5694,3421,-1310,-3427,0,0
1981,1652,-5909,1368,-5027,-485,0,0
1592,3306,-5582,-531,-5819,748,0,0
2093,3289,-4980,-1912,-5153,1328,0,0
3076,1356,-4244,-2468,-4752,1406,0,0
3607,59,-3188,-2490,-5574,749,0,0
3915,-1418,-2124,-3671,-4309,481,0,0
4905,-2343,-1106,-4167,-4812,-1622,0,0
5234,-1517,-534,-3257,-9033,-1377,0,0
5540,-2462,-1271,-2409,-15006,429,0,0
5677,-3793,-3624,-6384,-10901,-3311,0,0
4801,-844,-3442,-4774,-7790,-3431,0,0
4217,295,-1809,-5127,-8876,-5715,0,0
1520,-155,-276,-6536,-10327,-13471,0,0
-1510,1259,-491,-2338,-5775,2876,0,0
-888,3132,-264,-904,-5639,3747,0,0
-511,3060,344,1849,-408,1516,0,0
811,-750,806,-446,-2954,1501,0,0
819,-481,142,-881,-3348,2302,0,0
1044,362,-328,-1158,-5182,-479,0,0
769,-1135,-24,-1926,-5804,-4991,0,0
-55,-112,947,-3718,-2660,-2655,0,0
-865,777,1682,-2593,-3111,-3060,0,0
-2007,554,2469,-5539,-5644,-3942,0,0
-2928,-360,3415,-8640,-12804,-3322,0,0
-3203,-171,4045,-11399,-14704,-1857,0,0
-3617,3084,4354,-10325,-12631,310,0,0
-3789,4021,4335,-6915,-9477,1680,0,0
-3218,2718,4630,-3175,-5194,2172,0,0
-2940,3373,4528,-965,-2958,2519,0,0
-2967,3399,3707,-595,-2183,1740,0,0
-2881,1353,3016,-1288,-2750,799,0,0
-3173,215,2919,-1259,-3910,1381,0,0
-3381,-497,3166,-1340,-5404,1843,0,0
-2216,-2552,3907,-231,-4777,2274,0,0
-69,-2929,4407,3583,-646,1109,0,0
634,1098,2707,9923,5634,-1822,0,0
431,2727,-665,15942,5982,-7605,0,0
793,798,-3083,9324,5172,-3493,0,0
2796,590,-5608,4108,249,-2917,0,0
3285,2062,-7202,1658,-6913,-1485,0,0
3251,2268,-6646,-1948,-9118,318,0,0
3090,2611,-5371,-1892,-6464,952,0,0
3545,631,-4256,-2610,-5722,632,0,0
3679,-801,-3152,-3403,-5236,365,0,0
3865,-1168,-2101,-3433,-4616,-707,0,0
4236,-1893,-1428,-4297,-6441,-1967,0,0
4317,-1505,-877,-3544,-7989,-1565,0,0
4715,-1879,-1509,-2360,-14849,-325,0,0
4596,-2992,-3207,-7383,-9747,-4912,0,0
3843,-741,-1297,-3131,-8132,-3572,0,0
3680,-1489,1446,-4956,-5903,-4295,0,0
2310,110,607,-4339,-5649,-9345,0,0
-185,-682,-270,-3780,-5416,-3408,0,0
-1340,2510,263,-1268,-5446,2089,0,0
-1079,3171,217,3456,-1366,5351,0,0
1077,-268,-573,-710,-1476,4036,0,0
1585,-2466,-835,-3275,-7661,-5238,0,0
-438,-1445,-313,-2216,-5614,-706,0,0
0,1049,74,-604,-3623,1900,0,0
116,956,-440,-243,-3026,953,0,0
-20,71,-374,-677,-3956,643,0,0
69,-764,-35,-930,-4233,310,0,0
150,-377,35,-1217,-3989,166,0,0
215,439,26,-1195,-2873,-957,0,0
329,-57,271,-2214,-1820,-2756,0,0
-201,-755,870,-5373,-3666,-4788,0,0
-2030,-580,2011,-8343,-10160,-5217,0,0
-2992,-704,3516,-11142,-16336,-1306,0,0
-3610,3214,4613,-10866,-17999,208,0,0
-3928,4802,4743,-8158,-16227,1450,0,0
-3754,2817,5245,-6229,-11011,2500,0,0
-3536,2822,5568,-3264,-5581,2270,0,0
-3930,4972,4929,-1284,-3399,2708,0,0
-4775,5194,3510,-340,-3083,2706,0,0
-5145,2243,2292,-969,-4783,2120,0,0
-5365,-350,2095,-928,-7908,4249,0,0
-3285,-4478,4148,490,-7495,5155,0,0
-6,-4196,6245,3331,-5663,4291,0,0
1153,-991,4527,10401,-4725,-8297,0,0
-1846,3467,406,15036,4265,-3039,0,0
1037,1700,-3633,11525,7784,-315,0,0
1721,3295,-5477,10911,6847,-4019,0,0
1996,304,-7177,3553,-453,-1176,0,0
3990,-465,-8267,-711,-9960,593,0,0
4462,1675,-6087,-4221,-11001,2925,0,0
4959,660,-4261,-3113,-8333,2027,0,0
6116,2580,-3066,-2240,-7503,30,0,0
6079,-1910,-2331,-3189,-7643,790,0,0
5356,-2829,-2423,-4641,-8017,-614,0,0
4906,-2909,-1801,-4788,-7664,-2056,0,0
4878,-2457,-1047,-4841,-10432,-3123,0,0
3740,-2500,-1661,-3373,-17709,556,0,0
3152,-531,-3309,-8745,-11613,-1924,0,0
3388,-1590,-473,-7305,-6758,-14626,0,0
201,1992,1217,-970,-1898,-5920,0,0
-1348,2048,22,-1239,-1474,2449,0,0
-1639,981,-81,-563,-3574,4261,0,0
-1550,1575,-929,-342,-6635,2842,0,0
-617,2031,-1445,-1680,-5490,1620,0,0
979,1372,93,-541,-3675,827,0,0
1886,-124,1050,-1073,-4319,1088,0,0
1667,221,884,-1041,-4150,-1038,0,0
341,138,-46,2006,-4361,-4331,0,0
-258,-99,-430,-1679,-3448,-529,0,0
181,-196,-116,-1994,-3643,-688,0,0
-422,77,759,-2431,-3776,-1142,0,0
-1402,1629,1143,-2866,-4201,-2046,0,0
-1715,1078,2136,-3220,-6917,-5388,0,0
-2610,-1276,3589,-7578,-11793,-5446,0,0
-3890,-1117,4159,-10146,-13896,-2061,0,0
-3902,1099,3865,-10982,-12802,-96,0,0
-3809,4075,3527,-8370,-10838,1656,0,0
-3581,4233,3830,-4580,-6484,1844,0,0
-3470,3993,4256,-1079,-3520,1617,0,0
-3956,3767,3702,-726,-2330,2066,0,0
-4127,2514,2744,-1323,-2818,2232,0,0
-4389,1306,2345,-1397,-4338,2381,0,0
-4257,-879,3212,-1690,-5823,3621,0,0
-2554,-3321,4507,204,-5354,3722,0,0
2,-3317,4723,4508,-2495,2224,0,0
573,269,1974,14918,3360,-6296,0,0
-8,784,-1265,15755,5771,-5935,0,0
1592,2023,-3237,8454,6060,-3249,0,0
3187,2127,-6297,4836,-774,-3750,0,0
3776,1234,-7761,857,-8715,-350,0,0
3796,1883,-6635,-3698,-10172,1119,0,0
3848,2123,-4141,-3973,-6795,1851,0,0
4597,-996,-1945,-3582,-4940,-63,0,0
4507,-2417,-1530,-3676,-4467,204,0,0
4649,-3201,-1360,-4316,-6521,-400,0,0
5136,-2898,-1507,-4391,-10778,-1569,0,0
5034,-3140,-2292,-3552,-17342,588,0,0
4596,-4578,-3596,-7900,-12070,-2427,0,0
4309,-1776,-1874,-5528,-9489,-11023,0,0
1030,-2143,-222,-3915,-4192,-9783,0,0
-1434,1521,-440,-2807,-884,4868,0,0
-794,2036,-1200,-600,-6313,5214,0,0
71,1493,-738,-1177,-5590,1806,0,0
275,594,616,2306,-4219,-3081,0,0
-703,742,-300,-228,-4136,587,0,0
-347,376,-241,-1510,-5162,2000,0,0
-73,1054,188,-1255,-4861,971,0,0
-209,1909,314,-34,-4238,-6,0,0
-315,1820,287,243,-3770,-357,0,0
-283,1262,290,-456,-4234,388,0,0
-235,1210,104,-273,-4371,548,0,0
-81,989,-50,-18,-4349,244,0,0
108,374,-32,-80,-3983,17,0,0
274,-248,6,-408,-4010,-53,0,0
263,-377,-26,-700,-4326,73,0,0
205,-318,-110,-858,-4362,148,0,0
211,-206,-34,-858,-4350,-17,0,0
149,-1,86,-689,-4407,-24,0,0
53,159,126,-706,-4336,259,0,0
27,200,135,-577,-4237,406,0,0
96,-33,161,-612,-4143,291,0,0
129,-29,172,-726,-4167,340,0,0
95,292,93,-601,-4275,426,0,0
136,373,32,-576,-4289,511,0,0
260,341,-23,-641,-4267,552,0,0
318,432,-137,-599,-4168,385,0,0
272,311,-191,-812,-4321,563,0,0
162,257,-214,-910,-4519,513,0,0
28,127,-161,-744,-4469,369,0,0
-52,-127,78,-798,-4378,407,0,0
-74,-126,242,-900,-4257,578,0,0
-62,-19,282,-765,-4133,585,0,0
-23,22,266,-817,-4069,688,0,0
48,211,124,-920,-4048,839,0,0
133,364,-57,-903,-4179,647,0,0
106,385,-162,-909,-4434,543,0,0
35,284,-84,-824,-4465,540,0,0
-13,198,15,-675,-4365,426,0,0
-28,34,1,-582,-4379,422,0,0
-31,-142,-38,-833,-4438,556,0,0
-24,-161,-38,-997,-4455,604,0,0
-19,-58,-69,-1082,-4350,520,0,0
-28,88,-77,-937,-4184,338,0,0
-126,205,-90,-700,-4339,214,0,0
-293,159,-155,-542,-4545,281,0,0
-376,-3,-172,-602,-4648,498,0,0
-359,-11,-154,-526,-4435,336,0,0
-322,-35,-123,-362,-4261,119,0,0
-325,-73,-144,-389,-4129,131,0,0
-327,-78,-192,-492,-4053,252,0,0
-279,-118,-174,-580,-3939,142,0,0
-216,-235,-62,-669,-4032,49,0,0
-193,-131,74,-777,-4362,215,0,0
-133,105,128,-531,-4665,261,0,0
23,107,72,-292,-4739,11,0,0
101,234,-50,7,-4407,-522,0,0
56,63,-64,-89,-3878,-491,0,0
-36,67,45,-603,-4010,54,0,0
-195,657,-164,15,-4560,125,0,0
-201,534,-432,283,-4717,60,0,0
51,-16,-304,-381,-4378,91,0,0
259,-108,-3,-674,-4163,325,0,0
349,-123,182,-557,-3649,142,0,0
347,-238,178,-368,-3621,98,0,0
261,168,-111,-199,-4665,178,0,0
182,275,-343,-238,-4769,116,0,0
226,-150,-62,-426,-4339,-23,0,0
126,-216,226,-408,-4328,249,0,0
0,-184,259,-326,-4438,553,0,0
26,-453,145,-444,-4226,611,0,0
133,-398,31,-496,-4082,398,0,0
139,-41,-100,-178,-4354,39,0,0
38,-256,-116,-331,-4674,17,0,0
-74,-440,14,-640,-4620,184,0,0
-134,-412,181,-587,-4437,248,0,0
-170,-323,258,-408,-4330,237,0,0
-190,-257,212,-379,-4266,253,0,0
-163,-217,94,-412,-4216,224,0,0
-102,-220,0,-547,-4356,180,0,0
-81,-173,-28,-651,-4399,117,0,0
-108,-54,27,-622,-4385,58,0,0
-161,87,76,-521,-4377,40,0,0
-197,37,122,-422,-4349,31,0,0
-191,-105,145,-521,-4305,61,0,0
-152,-162,139,-602,-4282,15,0,0
-125,-116,147,-695,-4273,7,0,0
-131,14,158,-678,-4198,18,0,0
-108,44,178,-700,-4168,50,0,0
-56,74,178,-727,-4198,92,0,0
4,86,148,-703,-4255,55,0,0
52,88,114,-709,-4264,46,0,0
81,185,70,-738,-4295,79,0,0
100,329,36,-679,-4283,63,0,0
125,358,12,-703,-4300,117,0,0
146,382,-8,-696,-4322,141,0,0
158,307,-14,-624,-4356,126,0,0
119,268,-6,-563,-4338,56,0,0
52,241,7,-558,-4345,118,0,0
66,31,27,-576,-4345,154,0,0
102,-195,2,-749,-4343,141,0,0
114,-169,-34,-863,-4284,133,0,0
97,-63,-22,-941,-4341,126,0,0
25,98,17,-849,-4354,119,0,0
-40,178,49,-723,-4369,162,0,0
-61,154,61,-708,-4357,243,0,0
-53,123,68,-618,-4326,213,0,0
-32,45,46,-607,-4257,171,0,0
-15,-80,21,-730,-4253,180,0,0
-17,-54,7,-819,-4324,189,0,0
-24,2,0,-778,-4354,120,0,0
-36,16,16,-749,-4354,105,0,0
-48,15,19,-717,-4311,124,0,0
-46,-16,6,-681,-4264,106,0,0
-36,-98,-17,-774,-4320,107,0,0
-39,-40,-22,-789,-4314,118,0,0
-34,21,-17,-712,-4299,112,0,0
-15,8,-35,-689,-4243,102,0,0
5,-49,-36,-723,-4229,137,0,0
23,-47,-37,-723,-4259,151,0,0
39,-74,-47,-709,-4273,117,0,0
58,-121,-50,-756,-4288,82,0,0
57,-79,-48,-788,-4329,92,0,0
35,-7,-35,-735,-4295,102,0,0
26,0,-23,-718,-4297,100,0,0
15,3,-12,-728,-4334,123,0,0
-4,27,8,-695,-4368,155,0,0
-12,49,15,-639,-4332,142,0,0
-9,34,9,-647,-4329,146,0,0
-10,65,11,-690,-4326,174,0,0
-11,108,8,-614,-4319,149,0,0
-11,65,0,-646,-4326,175,0,0
-10,55,-8,-648,-4341,174,0,0
-6,20,14,-600,-4292,112,0,0
-5,-29,11,-661,-4341,100,0,0
-16,-4,-14,-749,-4377,127,0,0
-19,45,4,-742,-4328,135,0,0
-17,82,24,-684,-4270,87,0,0
-37,88,15,-664,-4347,103,0,0
-78,73,5,-634,-4308,100,0,0
-59,-9,31,-732,-4267,152,0,0
-13,30,41,-702,-4248,144,0,0
2,58,21,-667,-4264,125,0,0
12,10,14,-687,-4290,115,0,0
18,-15,13,-719,-4275,80,0,0
11,46,8,-714,-4305,90,0,0
3,89,-10,-695,-4378,57,0,0
-9,57,-4,-685,-4339,37,0,0
-32,14,18,-669,-4288,38,0,0
-45,-21,17,-702,-4281,91,0,0
-36,-40,14,-732,-4261,80,0,0
-39,-32,10,-697,-4273,40,0,0
-52,6,-13,-725,-4317,71,0,0
-35,-1,-2,-681,-4292,41,0,0
-36,-75,21,-722,-4264,81,0,0
-49,-77,29,-714,-4319,112,0,0
-43,-104,24,-687,-4317,72,0,0
-31,-131,16,-712,-4317,28,0,0
-31,-94,28,-700,-4326,47,0,0
-30,-47,39,-646,-4322,110,0,0
3,-35,-7,-614,-4334,87,0,0
29,-93,-45,-679,-4298,37,0,0
20,-92,-39,-766,-4283,73,0,0
9,-46,-48,-706,-4258,36,0,0
6,-98,-42,-783,-4288,18,0,0
-18,-84,-6,-811,-4338,43,0,0
-41,-56,55,-729,-4347,45,0,0
-41,-58,78,-664,-4345,65,0,0
-40,-100,78,-746,-4306,125,0,0
-36,-24,27,-757,-4333,25,0,0
-14,-210,67,-609,-4175,-126,0,0
-9,-438,164,-781,-4225,-87,0,0
-37,-289,134,-940,-4274,-55,0,0
-80,-63,137,-965,-4290,-34,0,0
-97,-14,177,-878,-4339,64,0,0
-74,23,165,-838,-4331,72,0,0
-44,121,69,-727,-4334,15,0,0
-19,133,0,-797,-4301,-9,0,0
-9,151,8,-850,-4289,52,0,0
-14,246,19,-819,-4254,78,0,0
-13,308,5,-753,-4296,62,0,0
15,237,2,-759,-4296,33,0,0
51,139,6,-808,-4370,43,0,0
60,132,-12,-823,-4289,-7,0,0
55,110,-15,-851,-4289,-77,0,0
15,82,-15,-935,-4390,-35,0,0
-37,113,0,-944,-4434,-83,0,0
-59,58,82,-962,-4405,-71,0,0
-40,35,148,-986,-4411,-71,0,0
-43,82,174,-930,-4337,-3,0,0
-44,174,191,-951,-4268,112,0,0
-15,379,149,-756,-4209,34,0,0
-9,110,175,-718,-4122,-49,0,0
-33,-247,167,-832,-4177,-13,0,0
-78,-378,95,-895,-4215,42,0,0
-94,-528,71,-922,-4167,182,0,0
6,-603,42,-1010,-4157,171,0,0
151,-584,-40,-1056,-4260,-109,0,0
186,-595,-64,-1231,-4144,-324,0,0
80,-245,-38,-1406,-4090,-264,0,0
-63,373,-41,-1353,-4203,-218,0,0
-234,747,-72,-1326,-4469,-37,0,0
-368,896,-29,-1119,-4177,-7,0,0
-317,622,116,-962,-4181,-97,0,0
-227,258,174,-1037,-4255,-57,0,0
-194,112,129,-1054,-4488,28,0,0
-173,65,106,-1059,-4344,-44,0,0
-78,3,181,-1030,-4172,-156,0,0
22,1,223,-1046,-4119,-153,0,0
51,86,132,-1048,-4143,-137,0,0
57,167,1,-1062,-4132,-238,0,0
52,180,-64,-1054,-4158,-225,0,0
65,73,-72,-1032,-4086,-236,0,0
87,-34,-75,-1094,-4127,-228,0,0
83,13,-113,-1144,-4178,-210,0,0
59,115,-150,-1174,-4231,-256,0,0
-3,159,-141,-1157,-4260,-303,0,0
-62,8,-3,-1071,-4176,-387,0,0
-59,-308,132,-1087,-4366,-325,0,0
-37,-377,129,-1158,-4291,-307,0,0
-16,-155,70,-1150,-4178,-324,0,0
-2,2,5,-1149,-4202,-358,0,0
-18,73,-69,-1199,-4225,-380,0,0
-53,132,-93,-1234,-4258,-360,0,0
-97,166,-47,-1226,-4302,-376,0,0
-144,108,34,-1189,-4326,-354,0,0
-177,-32,127,-1147,-4304,-301,0,0
-186,-138,196,-1103,-4243,-236,0,0
-152,-189,222,-1061,-4167,-206,0,0
-83,-185,201,-1089,-4082,-184,0,0
-12,-63,131,-1086,-4092,-210,0,0
33,43,49,-1076,-4151,-263,0,0
55,43,-10,-1109,-4210,-332,0,0
61,3,-23,-1159,-4223,-388,0,0
52,2,-29,-1202,-4233,-423,0,0
29,38,-41,-1226,-4240,-414,0,0
7,69,-53,-1225,-4217,-393,0,0
0,78,-41,-1227,-4213,-354,0,0
1,86,-35,-1227,-4232,-331,0,0
0,84,-34,-1227,-4212,-323,0,0
-3,79,-20,-1217,-4254,-330,0,0
-10,31,21,-1179,-4270,-323,0,0
-9,-26,52,-1163,-4231,-313,0,0
2,-17,52,-1122,-4146,-324,0,0
11,-10,29,-1122,-4155,-359,0,0
-1,11,-24,-1137,-4233,-382,0,0
-23,-3,-57,-1181,-4361,-357,0,0
-28,-22,-39,-1143,-4256,-394,0,0
-17,-37,-8,-1159,-4157,-389,0,0
-23,-2,-19,-1140,-4117,-416,0,0
-42,-9,-51,-1172,-4174,-391,0,0
-49,-15,-58,-1185,-4207,-375,0,0
-31,0,-32,-1186,-4241,-357,0,0
-6,33,-18,-1181,-4195,-373,0,0
-4,57,-19,-1134,-4215,-350,0,0
-20,-20,-11,-1089,-4178,-266,0,0
3,-72,-5,-1127,-4249,-124,0,0
64,16,-39,-1041,-4238,-19,0,0
180,-55,-30,-975,-4111,-144,0,0
308,-316,-42,-3064,-4164,-311,0,0
365,-900,-114,-968,-4235,-680,0,0
414,-1783,-119,-972,-4429,-337,0,0
313,-1537,-51,-1563,-4300,17,0,0
49,-126,-17,-1250,-3952,-22,0,0
81,168,9,-824,-3562,275,0,0
376,-271,56,-986,-3081,-380,0,0
314,-313,245,-1479,-2424,-3386,0,0
-649,422,687,-1818,-2307,-6022,0,0
-2178,-127,812,-4793,-7352,-9201,0,0
-3865,-1252,1882,-8839,-14126,-7392,0,0
-5383,1978,2702,-10985,-16944,-5432,0,0
-6707,3863,2349,-8509,-17704,-3760,0,0
-6748,630,2644,-7069,-15173,-1423,0,0
-5985,-191,4189,-4786,-9863,892,0,0
-4812,882,5203,-1459,-5006,1810,0,0
-3836,1490,4967,-39,-2832,2926,0,0
-3249,1231,4027,242,-2776,3295,0,0
-2867,231,3414,371,-4119,2986,0,0
-2184,-1565,3866,1929,-4587,3136,0,0
-903,-2887,4604,3568,-4132,2703,0,0
417,-1516,3872,6068,-2327,752,0,0
64,-713,1336,8647,-3420,-4972,0,0
-1109,1850,-724,4466,1720,-4,0,0
-24,2758,-3949,8968,5163,-1197,0,0
1152,1205,-5237,6683,6632,-3588,0,0
1938,-8,-5321,3020,5094,-3051,0,0
3662,-144,-6863,-531,-4828,-1417,0,0
4571,1278,-7020,-1782,-11495,1762,0,0
5115,3873,-5755,-5272,-9083,2763,0,0
5653,2020,-3080,-1241,-7257,272,0,0
6094,1287,-804,-1502,-6588,-768,0,0
5783,-2816,-550,-1935,-5540,-540,0,0
4963,-4024,-1068,-3560,-6612,-1591,0,0
3951,-2668,-1174,-4645,-8015,-3194,0,0
3322,-1808,-590,-3024,-12490,-2167,0,0
3160,-3835,-771,-3615,-15376,-1538,0,0
3236,-3267,-1401,-7774,-9849,-5925,0,0
1525,573,934,-1463,-4936,-13061,0,0
-1148,1335,720,705,802,19,0,0
-522,-558,319,-855,-1390,3425,0,0
-104,-1233,-84,-1064,-4667,3121,0,0
-627,1628,-1000,-729,-8867,2390,0,0
174,1827,-849,-762,-3790,-38,0,0
1603,-90,710,116,-3036,-1267,0,0
1444,-1121,1067,-1617,-3897,-2508,0,0
-843,458,586,-661,-2119,-7129,0,0
-3094,-566,-642,89,-1380,-4789,0,0
-2771,-1688,449,-6580,-8782,-3228,0,0
-3429,-1702,2394,-8853,-15370,-4797,0,0
-3628,-864,4172,-9099,-17242,-2972,0,0
-3661,531,5045,-7761,-16221,-1386,0,0
-3539,1079,5270,-4294,-11131,-893,0,0
-2706,582,5398,-2009,-6125,463,0,0
-2583,1842,5064,-1357,-3790,1330,0,0
-3423,3499,4155,-653,-3834,1988,0,0
1258,-1011,-1448,-3016,5101,876,0,0
531,615,3485,9994,3468,-1186,0,0
74,959,106,15896,7999,-5283,0,0
563,146,-2090,11634,7920,-3325,0,0
2707,947,-4574,5654,4171,-3099,0,0
3767,930,-7009,1456,-4887,-1595,0,0
3550,966,-6696,-1170,-9564,708,0,0
3042,1531,-4848,-3074,-7485,1589,0,0
3245,1790,-3497,-2434,-4843,953,0,0
3678,335,-2683,-1953,-4555,484,0,0
3539,-859,-2185,-2211,-4852,1486,0,0
4055,-2547,-2280,-3766,-6113,1153,0,0
5243,-2742,-2546,-5319,-9062,-2656,0,0
4888,-238,-1967,-3353,-12685,-3126,0,0
4484,-1854,-1627,-4167,-15721,-2134,0,0
3935,-3505,-2265,-5783,-8678,-5567,0,0
3713,-1774,-1395,-4833,-4539,-4106,0,0
2810,270,-275,-4738,-5223,-8919,0,0
-87,-380,1,-2466,-2479,-4781,0,0
-1640,81,-877,-1771,-7042,2592,0,0
-1106,406,-1266,-3441,-7093,3449,0,0
-606,2389,574,-122,-1950,409,0,0
72,1423,1454,429,-3285,-510,0,0
352,-1281,1183,-2031,-3121,-200,0,0
53,-1308,567,-2853,-3268,-1349,0,0
-793,194,934,-4069,-3375,-2795,0,0
-1602,1385,1923,-4732,-4698,-4565,0,0
-2537,1093,3083,-5991,-8727,-5112,0,0
-3558,832,4503,-8696,-14012,-4212,0,0
-4342,1676,4930,-8945,-10739,-2186,0,0
-3561,1026,3940,-9146,-8109,-705,0,0
-2538,362,3413,-7220,-5593,227,0,0
-1937,1599,3681,-4684,-2901,73,0,0
-2430,3983,3568,-1792,-2261,995,0,0
-3111,3712,3012,-967,-2508,1727,0,0
-3256,1971,2477,-1014,-2431,1674,0,0
-3535,771,2390,-1121,-3576,1734,0,0
-3796,83,2404,-1113,-6061,3124,0,0
-1860,-2670,4038,360,-6765,2268,0,0
-258,-1176,5446,7476,-71,619,0,0
265,1524,2452,12633,7521,-1062,0,0
1482,496,-700,15901,9386,-4341,0,0
2607,1079,-4135,8376,4658,-3203,0,0
4023,899,-6455,3788,-4270,-2208,0,0
3721,551,-6200,97,-8606,-358,0,0
2978,1151,-4905,-2111,-7406,1056,0,0
3096,1365,-4039,-1947,-5199,1246,0,0
3640,6,-3622,-2492,-5582,954,0,0
3838,-1351,-3016,-3184,-5321,512,0,0
3905,-2115,-2612,-4164,-4433,-730,0,0
4070,-2336,-2356,-5560,-6560,-1956,0,0
4197,-945,-2029,-5095,-10201,-2354,0,0
4444,-1747,-2207,-3733,-14976,-494,0,0
4551,-239,-3076,-8316,-8594,-4066,0,0
4102,-996,-1820,-5571,-5150,-3489,0,0
3698,1799,59,-4747,-6902,-6984,0,0
736,3119,978,-1489,-6274,-10440,0,0
-1003,1712,-1298,1513,-5014,343,0,0
-315,-1935,-783,-4461,-7155,2219,0,0
-1442,3158,-512,-290,-1797,1553,0,0
-478,1935,568,1315,-3422,539,0,0
235,-1407,710,-1357,-4014,946,0,0
247,-957,-141,-1466,-4031,1415,0,0
516,-25,-697,-1644,-3690,427,0,0
811,-2592,-401,-2136,-4281,-1718,0,0
118,-761,545,-3666,-4461,-2911,0,0
-1173,435,1450,-3100,-3767,-4421,0,0
-1850,-341,2500,-3436,-4036,-4931,0,0
-2255,-951,3338,-6427,-7780,-3781,0,0
-2971,582,3366,-8667,-11880,-3093,0,0
-3553,1219,3529,-9785,-13812,-1307,0,0
-3426,1420,3885,-8774,-10965,-200,0,0
-2701,1517,4374,-5289,-6928,700,0,0
-2033,2146,4452,-2425,-3664,545,0,0
-2268,3407,4201,-944,-2769,1112,0,0
-2839,3590,3493,-336,-2289,1771,0,0
-2883,1763,2859,-209,-2080,1172,0,0
-3041,435,2728,-791,-2693,1493,0,0
-3388,361,2689,-297,-3797,2495,0,0
-2462,-2232,3259,979,-4160,2153,0,0
-663,-3775,3736,3441,-701,1416,0,0
628,-1122,2276,8607,6190,-2356,0,0
1238,853,-128,13125,8222,-8533,0,0
1272,1702,-3242,8036,6156,-6436,0,0
2390,989,-5982,3233,-931,-3372,0,0
2434,668,-6887,95,-6907,-915,0,0
1554,2110,-6150,-1427,-7412,222,0,0
1593,1738,-4697,-1831,-5020,1204,0,0
2276,625,-3764,-2871,-4496,1327,0,0
2783,669,-3037,-2206,-4215,431,0,0
3375,-551,-2481,-2597,-3972,449,0,0
4226,-1824,-2261,-4118,-5938,-1545,0,0
4489,-1161,-2259,-3716,-9228,-1740,0,0
4864,-1116,-2900,-3291,-14471,-218,0,0
4845,-2225,-3637,-7857,-9195,-5152,0,0
3841,-759,-1616,-2827,-6556,-4541,0,0
3645,-3087,99,-5126,-7225,-2918,0,0
1987,-3090,194,-7288,-8910,-12660,0,0
-756,1065,-283,-3056,-3911,-304,0,0
-785,2789,-224,-1156,-4292,1811,0,0
-1063,2689,327,55,-3278,1753,0,0
-422,798,461,-208,-3413,1178,0,0
89,-386,186,-1247,-3701,748,0,0
348,-80,-176,-1465,-3511,562,0,0
803,-40,-79,-1727,-3086,-801,0,0
511,799,634,-2940,-2747,-868,0,0
-297,3509,1007,-1969,-1925,-1728,0,0
-560,2717,1067,-1794,-4959,-5090,0,0
-1748,-32,1363,-4434,-9879,-5899,0,0
-2823,-1614,1788,-7177,-14164,-6449,0,0
-3442,-1356,2706,-8363,-14000,-3354,0,0
-4069,3055,2532,-8123,-10580,-1855,0,0
-4830,4328,1704,-5895,-7971,-1306,0,0
-4722,1365,2695,-3631,-5636,977,0,0
-4464,1040,3592,-1571,-5001,1620,0,0
-4498,1700,3464,-611,-4733,1747,0,0
-4299,1032,3082,-666,-4853,1851,0,0
-4104,-89,3031,-258,-5588,1979,0,0
-3566,-1813,3669,485,-5335,2409,0,0
-1956,-3480,4923,1093,-4153,2324,0,0
-604,-2181,4806,7059,2215,1191,0,0
231,524,1745,12993,11589,-3446,0,0
578,1806,-1327,13013,8414,-6269,0,0
1268,887,-3635,6148,3913,-2263,0,0
2897,-751,-5455,1594,-2200,-489,0,0
2593,2751,-5770,-169,-5674,429,0,0
2520,1026,-4457,6,-5662,312,0,0
3529,1789,-3242,-1011,-5042,1236,0,0
3922,-223,-2905,-1477,-5012,1067,0,0
3984,-1068,-2650,-2372,-5468,613,0,0
4037,-1499,-2323,-2819,-4712,-292,0,0
4559,-1640,-1977,-4898,-6533,-3906,0,0
4217,367,-1218,-1227,-10135,-509,0,0
5498,-3008,-1931,-3137,-15612,-487,0,0
5385,-4423,-3159,-8239,-7488,-5352,0,0
3995,-616,-2048,-2390,-6577,-2234,0,0
3805,-1889,-953,-5080,-7694,-3919,0,0
1756,-837,-476,-5245,-11514,-12452,0,0
-925,-1422,-283,-5696,-5036,2652,0,0
-842,5101,123,-1372,-4044,2225,0,0
-953,4121,1011,2173,-2490,668,0,0
-72,-909,1051,-774,-3133,1276,0,0
-349,-573,319,-1215,-3735,1668,0,0
-263,729,-291,-1060,-3753,759,0,0
454,216,-186,-1351,-3409,-1382,0,0
662,-874,839,-2638,-3077,-3014,0,0
-155,248,1842,-3375,-3381,-3899,0,0
-1186,885,2262,-4576,-6701,-4187,0,0
-2241,563,2540,-6473,-12203,-2792,0,0
-2939,-30,2569,-7749,-12279,-1542,0,0
-3403,1374,2689,-9053,-12160,-251,0,0
-3960,3772,3297,-5939,-9880,73,0,0
-3234,2421,4107,-4010,-4436,605,0,0
-2733,2252,4242,-3090,-1769,1456,0,0
-2763,3230,3691,-1783,-2591,1669,0,0
-2761,2395,3135,-657,-2486,980,0,0
-2522,689,2923,-1556,-2279,974,0,0
-3002,1306,2651,-1281,-4196,554,0,0
-3761,-36,2617,6,-5933,1042,0,0
-2627,-3816,3709,2277,-2573,1539,0,0
-836,-2550,3307,5298,4547,416,0,0
217,1485,1312,13358,9503,-4577,0,0
1429,1198,-1741,10342,6872,-5546,0,0
2374,2034,-4603,4372,-155,-2314,0,0
3416,1204,-5921,1828,-5739,-263,0,0
3150,2377,-5626,-508,-7106,424,0,0
2925,4035,-4346,-810,-5845,247,0,0
3707,1873,-3281,-1329,-5240,464,0,0
3979,-221,-2941,-1486,-5423,12,0,0
4072,-2201,-2443,-2572,-5714,-116,0,0
4492,-2874,-1950,-4237,-7414,-1628,0,0
4516,-884,-1665,-4321,-10279,-3949,0,0
4585,-1335,-1418,-1658,-14409,-756,0,0
4805,-584,-2131,-5914,-8675,-3728,0,0
4463,-2274,-1934,-3829,-5947,-3126,0,0
3898,-511,-1298,-3422,-6468,-1152,0,0
2787,-1901,-975,-2376,-9728,-10904,0,0
43,-609,-1158,-4883,-7340,-2890,0,0
-965,1925,245,-4423,-4093,3199,0,0
-1005,1081,1263,1848,-3482,807,0,0
-524,1116,1264,716,-2772,1168,0,0
-341,-722,486,-1487,-3656,1773,0,0
-310,410,-143,-1222,-3608,1200,0,0
398,438,51,-1395,-4011,-411,0,0
772,-369,1008,-3144,-4088,-2705,0,0
-663,1870,1501,-2309,-2569,-4258,0,0
-1881,2343,1619,-1770,-3714,-6338,0,0
-2721,69,1761,-5283,-9657,-5673,0,0
-4052,643,1700,-7368,-13695,-3429,0,0
-5184,1740,2029,-7678,-15201,-2790,0,0
-5198,1198,3249,-6395,-12838,-2295,0,0
-4086,200,4149,-4679,-8690,-896,0,0
-2989,156,4616,-2516,-4764,485,0,0
-2375,1194,4595,-1527,-2446,916,0,0
-2395,2099,4102,-858,-1974,1154,0,0
-2388,1535,3652,-567,-2453,1443,0,0
-2129,519,3522,-720,-2996,1584,0,0
-1976,272,3537,-566,-3724,1684,0,0
-1485,-1134,4100,-109,-4689,1419,0,0
-518,-2483,4986,2774,-2887,268,0,0
-604,138,2989,10447,3388,-4076,0,0
-1447,1453,-572,14322,6193,-5664,0,0
330,616,-2372,9557,7320,-2291,0,0
2663,630,-4872,4177,2123,-1885,0,0
3312,1725,-6742,2296,-5333,-352,0,0
3570,1769,-6437,-954,-8377,882,0,0
3269,3095,-5180,-2619,-6795,883,0,0
3671,2364,-3721,-1585,-5410,873,0,0
4058,344,-2744,-1700,-5709,261,0,0
4173,-1899,-2179,-3014,-5645,268,0,0
4596,-2714,-1811,-4112,-6084,-1562,0,0
4930,-1768,-1442,-2930,-10069,-1363,0,0
5327,-2555,-1819,-2603,-16211,411,0,0
5047,-4110,-3313,-6548,-11499,-4937,0,0
4090,-3052,-2218,-3624,-6552,-4246,0,0
3661,-2761,-902,-6430,-7095,-5323,0,0
1664,-3469,-323,-5956,-7913,-11419,0,0
-1344,755,-485,-3625,-5215,1296,0,0
-1555,3964,-474,-2196,-6082,3021,0,0
-1276,4200,642,491,-3007,1995,0,0
-435,2057,1197,1106,-2943,969,0,0
32,-210,850,-124,-3828,1729,0,0
349,-276,189,-561,-3731,2456,0,0
837,936,-261,-834,-4244,1238,0,0
1234,1191,-108,-506,-4524,-822,0,0
1158,-813,476,-6,-5224,-5791,0,0
-311,-792,842,-2929,-4586,-4342,0,0
-1521,487,948,-2957,-4617,-3607,0,0
-2535,474,1599,-3502,-5010,-5611,0,0
-3660,-1100,2680,-5726,-9177,-4028,0,0
-4117,-1207,3588,-7959,-12655,-1729,0,0
-4479,1265,4247,-8896,-13648,-1552,0,0
-4695,2359,4351,-7124,-12142,-692,0,0
-3466,816,4650,-5781,-7774,-571,0,0
-2559,1112,4722,-3414,-4896,559,0,0
-2136,1896,4664,-1091,-2462,900,0,0
-2070,2552,4396,-28,-1116,1475,0,0
-1683,1448,3706,387,-257,1978,0,0
-1095,322,3119,-625,-1754,1839,0,0
-1251,774,2905,-108,-2883,2049,0,0
-883,-673,3526,94,-4646,1211,0,0
-235,-1420,4271,4581,-2334,-143,0,0
-1009,-1433,1779,10074,-1206,-7566,0,0
-651,1993,-1213,8601,4285,-1451,0,0
-40,1408,-2931,10884,8204,-1251,0,0
2496,1004,-5554,5155,3632,-2829,0,0
3595,2206,-7932,1491,-6488,-1810,0,0
3894,989,-7341,-603,-10530,-2096,0,0
3032,-1116,-4974,-1805,-6983,452,0,0
2377,-1591,-3838,-2517,-5933,1596,0,0
2164,-33,-4483,-4187,-4897,757,0,0
2401,18,-3947,-2926,-4775,342,0,0
3422,-1225,-2930,-4611,-5410,-599,0,0
3435,-92,-2386,-4095,-7863,-1706,0,0
3598,-775,-2386,-1907,-13949,1404,0,0
4778,-1310,-3569,-8250,-10994,-3088,0,0
3877,-333,-2432,-5054,-6236,-3242,0,0
3668,919,-511,-2775,-6977,-1277,0,0
2788,-1732,704,-4180,-9801,-1115,0,0
-1138,603,-426,-942,-3112,-1638,0,0
-378,1055,-856,-2768,-6121,2487,0,0
-1108,3241,-221,-514,-3288,1717,0,0
-745,1881,319,812,-3273,1355,0,0
-14,-178,132,-767,-3403,1477,0,0
341,-99,-129,-870,-3557,1872,0,0
765,345,-214,-1399,-4858,1844,0,0
935,846,-55,-1505,-5247,1384,0,0
1023,1072,533,-1021,-5029,135,0,0
425,326,962,969,-4999,-4765,0,0
-611,-231,404,520,-2734,-1807,0,0
-128,-1794,266,-1952,-2903,-2507,0,0
-1318,-468,929,-3382,-2953,-5341,0,0
-3648,599,1280,-2887,-6192,-8013,0,0
-4736,-3399,1541,-6943,-14756,-3488,0,0
-4552,-1783,3442,-10117,-16298,-3535,0,0
-4845,2266,4788,-7286,-15555,-3237,0,0
-4529,1719,4913,-6591,-11739,-578,0,0
-3848,783,5118,-4054,-7425,-21,0,0
-3214,807,4930,-1853,-5134,1044,0,0
-3317,2331,4670,-466,-3912,2336,0,0
-3174,2271,3898,-143,-2492,2119,0,0
-2881,739,3232,-555,-4030,1469,0,0
-2892,-788,3350,384,-4794,2839,0,0
-1678,-2671,4304,619,-4793,3093,0,0
-20,-2659,5030,4031,-3421,1995,0,0
57,-355,2681,11882,637,-4309,0,0
-1006,1332,-491,12030,5912,-3142,0,0
381,3171,-2983,13021,10203,-1797,0,0
2197,1594,-5801,6408,3747,-1556,0,0
3164,-40,-7015,1796,-4834,79,0,0
3643,247,-6301,-164,-9802,155,0,0
3460,1975,-5274,-2120,-8858,934,0,0
4083,2595,-3940,-2446,-6490,1130,0,0
4565,1825,-3191,-1384,-6930,43,0,0
4705,-1270,-2853,-2966,-6482,-686,0,0
4448,-2489,-2669,-5404,-6623,-2237,0,0
4168,-216,-2271,-5401,-8363,-3058,0,0
4253,-178,-1806,-2614,-15278,-998,0,0
4552,-4347,-2685,-5738,-11213,-3303,0,0
4241,-3034,-2236,-6694,-5073,-3344,0,0
3807,1767,-471,-3943,-5632,-1051,0,0
3039,3273,1106,-3704,-8696,-10883,0,0
-947,5144,557,2848,-4878,-4830,0,0
-639,-1157,-1170,-915,-6403,1960,0,0
-602,-626,-133,-3714,-4272,2267,0,0
-1311,141,0,1790,-2305,1867,0,0
-259,1366,466,55,-4108,1293,0,0
349,-555,-2,-1665,-4334,1805,0,0
1399,442,204,-779,-4630,-1188,0,0
746,-1608,60,563,-5028,-4286,0,0
-281,-886,-28,-1788,-3818,-1159,0,0
-433,8,-138,-2171,-4113,-1843,0,0
-1587,705,204,-2350,-4109,-3148,0,0
-2942,823,902,-1893,-4200,-5197,0,0
-3514,-1829,1841,-3458,-6826,-4889,0,0
-3435,-2938,3000,-8051,-12069,-3148,0,0
-4004,131,4056,-8229,-13596,-2618,0,0
-4098,1187,4238,-7582,-12063,-1942,0,0
-3457,483,4332,-5856,-9636,-82,0,0
-2553,523,4803,-3462,-5925,264,0,0
-1679,1534,4833,-2069,-2700,182,0,0
-1794,2852,4419,-1401,-2016,1261,0,0
-2289,2931,3831,-193,-1844,1601,0,0
-2133,950,3464,-458,-2100,1193,0,0
-2247,300,3218,-467,-3434,1861,0,0
-1879,-826,3222,128,-4649,2005,0,0
-331,-3068,4194,1690,-4433,513,0,0
348,-1339,3672,7309,1619,-2489,0,0
-963,2379,-118,14282,4480,-7543,0,0
-625,2769,-2379,11802,7468,-2252,0,0
2363,731,-5021,6148,4155,-1447,0,0
3591,625,-7647,1999,-5696,-1417,0,0
3460,863,-7595,-235,-10918,-54,0,0
3097,1445,-6099,-3032,-8590,1085,0,0
3404,3156,-4463,-2206,-6009,1021,0,0
4099,1923,-3359,-1475,-6244,-516,0,0
4246,-1792,-2682,-3208,-5879,-163,0,0
4107,-3004,-2634,-5624,-5653,-994,0,0
4080,-1343,-1927,-5014,-8211,-1831,0,0
4497,-1469,-1048,-2614,-14786,-108,0,0
4937,-4292,-2219,-5818,-14742,-1182,0,0
4970,-3486,-2112,-6411,-5908,-3074,0,0
4467,538,-444,-6055,-8831,-10136,0,0
258,3150,1529,-3069,-4008,-10534,0,0
-1457,1655,-710,1977,-2088,896,0,0
-613,-538,-816,-4216,-9265,3561,0,0
-2831,4714,-1911,-1180,-3436,2608,0,0
-1808,5378,-833,1578,-2667,1688,0,0
-118,2016,273,-19,-4173,703,0,0
490,307,406,-380,-4603,1169,0,0
892,-977,174,-570,-4374,1559,0,0
1409,-1374,312,-1630,-4105,1170,0,0
1653,-199,536,-1167,-4189,58,0,0
1721,-592,914,-600,-4573,-2889,0,0
528,-1958,1073,-1093,-4163,-6377,0,0
-1168,-179,1282,-3353,-2801,-4188,0,0
-1899,419,1753,-3626,-4634,-4307,0,0
-3266,70,2487,-6652,-9961,-4972,0,0
-4468,-579,2751,-7672,-15888,-2421,0,0
-4044,-1077,3692,-9752,-16586,-1049,0,0
-4252,2115,4608,-7280,-13796,50,0,0
-3847,2817,5027,-4977,-8626,567,0,0
-3464,2399,4771,-2297,-4908,1211,0,0
-3931,3102,4270,-1028,-2568,2486,0,0
-4456,3335,3265,-693,-2042,3338,0,0
-3808,892,2658,-855,-3893,2827,0,0
-2863,-1033,2928,-5,-4448,3338,0,0
-1207,-3003,4287,959,-4332,2973,0,0
1089,-3735,5562,1801,-3874,1681,0,0
1525,254,3911,7200,381,-1802,0,0
-463,2556,-219,15252,2441,-8393,0,0
-762,1479,-1906,11219,6843,-2271,0,0
2392,1228,-4331,7071,5185,-1696,0,0
4196,1559,-7376,3643,-4251,-1018,0,0
4796,1728,-7391,-47,-11210,843,0,0
4567,2423,-5782,-3489,-10210,1669,0,0
4828,2662,-6472,-3181,-8130,1304,0,0
5221,285,-2855,-2580,-7367,164,0,0
5227,-2365,-1877,-3071,-7273,-761,0,0
5287,-4086,-1715,-4496,-7391,-1097,0,0
5265,-3676,-1682,-5602,-10390,-1888,0,0
4540,-1589,-1504,-2933,-17164,820,0,0
4234,-3932,-2153,-6523,-13098,-2417,0,0
4375,-3250,-1043,-7341,-6578,-10084,0,0
1415,44,1094,-6315,-6015,-13152,0,0
-1441,876,98,506,-1574,701,0,0
-1092,937,-700,-2962,-6277,2258,0,0
-2280,3148,-1432,-1002,-5440,2126,0,0
-2155,3895,-1226,-84,-2867,1626,0,0
-929,2379,-304,-3,-3871,1159,0,0
168,448,611,-401,-4618,1392,0,0
968,-312,821,-770,-4523,1331,0,0
1463,20,675,-1376,-3968,674,0,0
1728,207,708,-881,-4188,-771,0,0
1419,-528,1447,-2917,-4973,-4215,0,0
-394,2472,1989,-2346,-4401,-7690,0,0
-2963,1517,1681,-163,-4913,-8083,0,0
-4360,2065,1196,936,-8469,-8267,0,0
-4971,-4534,1307,-6413,-14083,-5263,0,0
-5192,-3137,2722,-11082,-14340,-1798,0,0
-5177,228,3371,-7991,-13345,-1820,0,0
-4059,-286,3736,-6873,-9639,-356,0,0
-3628,2634,4121,-5178,-6532,213,0,0
-4411,4869,4265,-1571,-4172,692,0,0
-5234,3432,3947,-487,-3226,2791,0,0
-5318,973,2954,252,-3739,4229,0,0
-4014,-1687,3103,153,-5023,4015,0,0
-2058,-3360,4194,1763,-5085,3936,0,0
532,-3851,5178,3415,-3841,2328,0,0
842,-333,2955,11203,-1269,-4452,0,0
-1478,1190,-831,10652,1792,-3504,0,0
-1592,85,-4656,8234,7182,2206,0,0
1279,1827,-5963,7608,6885,-378,0,0
2395,1568,-5913,3080,1559,-650,0,0
4374,-84,-6090,1654,-6339,371,0,0
5569,-1366,-5919,919,-12311,1752,0,0
4902,2240,-6232,-2893,-12505,2202,0,0
5222,1550,-5592,-1670,-10235,1057,0,0
5970,1955,-3924,-469,-10071,-547,0,0
5678,-3097,-3307,-3321,-10063,-1185,0,0
4615,-3572,-3219,-6596,-9025,-3609,0,0
3903,-1663,-2119,-5447,-12042,-1996,0,0
4376,-1521,-925,-5074,-19006,401,0,0
4962,-888,-660,-7771,-10151,-6082,0,0
2884,2926,1603,-2215,-5600,-15835,0,0
-1289,4807,751,3160,-224,-2394,0,0
-647,-418,1162,-3157,-2717,1580,0,0
-1904,-316,292,-699,-4985,3297,0,0
-2403,1337,-1067,487,-5667,2776,0,0
-1546,2053,-1740,-1571,-3615,1525,0,0
-320,3011,-1084,-219,-3714,907,0,0
772,1728,234,410,-4906,903,0,0
1481,-396,945,-825,-4963,844,0,0
1757,-769,720,-1421,-4073,352,0,0
1783,-213,356,-1404,-3649,-387,0,0
1402,295,545,-2467,-4544,-3392,0,0
-93,70,1469,-2028,-4117,-6434,0,0
-1505,-386,2364,-1566,-3316,-4401,0,0
-2294,-1958,3075,-4713,-6425,-4953,0,0
-3470,-3372,3179,-4875,-11230,-5539,0,0
-2632,-4090,2755,-11386,-14483,3552,0,0
-3218,3463,3843,-12750,-15100,2243,0,0
-4034,4025,5428,-9169,-12028,2558,0,0
-2934,2525,6453,-6438,-7930,2645,0,0
-3252,4550,6186,-1279,-5373,1879,0,0
-4131,5186,4849,637,-3529,2250,0,0
-4384,2769,3533,-108,-2685,2243,0,0
-4472,768,2578,-790,-4526,2132,0,0
-4243,-741,2076,53,-6794,4133,0,0
-1712,-4313,3469,978,-5449,4086,0,0
1266,-4065,5104,3606,-4010,3238,0,0
2315,-98,3249,11959,1853,-4175,0,0
-135,2468,-624,15994,6597,-8472,0,0
137,1791,-3074,10994,6356,-799,0,0
2656,-1468,-5137,6973,2378,-1150,0,0
2780,-541,-7076,2240,-4730,509,0,0
3441,2097,-7968,880,-11715,1714,0,0
4614,3088,-7397,-2052,-13263,2139,0,0
5359,3841,-5734,-3321,-11633,1342,0,0
5939,1878,-3905,-3110,-10011,2,0,0
5852,-1907,-2784,-3645,-8840,-870,0,0
5456,-4403,-2129,-5895,-8458,-2139,0,0
4991,-2660,-1707,-5539,-10717,-2877,0,0
4136,-1786,-1342,-4512,-17387,145,0,0
3434,-3493,-2225,-6593,-11577,-3431,0,0
3885,-2199,-855,-6231,-5275,-8676,0,0
1660,-119,456,-2977,-5720,-12024,0,0
-1457,2457,113,-1531,-864,-421,0,0
-1748,1473,-309,-2085,-6387,2663,0,0
-2474,2368,-1051,-514,-6313,2577,0,0
-1895,1937,-935,9,-2991,1715,0,0
-428,1215,28,-273,-3573,1532,0,0
614,372,756,77,-4549,1894,0,0
1184,-562,829,-511,-4446,1570,0,0
1537,-442,600,-1407,-3601,656,0,0
1884,8,514,-1459,-3276,-1420,0,0
1502,232,1388,-3997,-3827,-4695,0,0
-504,1992,2012,-2600,-3345,-7147,0,0
-2290,191,2209,-4378,-6774,-6665,0,0
-3287,-3509,3692,-9341,-13080,-3556,0,0
-2977,-2135,4962,-13980,-17906,1231,0,0
-2568,2602,6551,-12130,-16293,2973,0,0
-2447,4063,6859,-8941,-10197,3500,0,0
-2705,4522,6484,-4305,-6064,2832,0,0
-3470,5868,5517,-330,-3720,2780,0,0
-3833,5764,3697,-515,-2305,3168,0,0
-3649,3580,1802,-1179,-3230,2540,0,0
-3665,1541,1136,-1946,-5259,3147,0,0
-2978,-473,1870,-3048,-7413,4259,0,0
-1391,-2121,4179,321,-6836,4723,0,0
359,-2239,5559,8076,-1804,2531,0,0
-218,-58,1264,17149,1739,-6958,0,0
-701,1104,-2114,11805,6031,382,0,0
2155,2304,-3303,12623,8008,-2422,0,0
3454,268,-6026,6411,1056,-887,0,0
4513,1418,-7988,1396,-10165,1433,0,0
4907,3549,-6366,-2076,-13570,523,0,0
5864,2079,-4335,-3673,-10058,799,0,0
6541,695,-3855,-2960,-8923,-137,0,0
6255,-1748,-3467,-2771,-8982,9,0,0
5509,-3535,-3626,-4821,-8308,-963,0,0
4894,-3501,-3078,-5580,-8162,-2572,0,0
4305,-2384,-1646,-7768,-11181,-2944,0,0
3691,-2371,-1034,-4199,-17177,217,0,0
3790,-3381,-1913,-7486,-9666,-2999,0,0
3498,666,-290,-7428,-8070,-13991,0,0
-1098,4184,560,2620,-3246,-6220,0,0
-1213,-418,1139,-1396,-2737,1840,0,0
-1163,-758,1562,-1799,-3361,2768,0,0
-1636,1424,548,1459,-3997,2114,0,0
-733,151,-793,-1487,-4840,2442,0,0
126,1054,-1028,-1488,-3795,1657,0,0
962,1351,-165,-640,-4479,980,0,0
1558,139,698,-1049,-4413,787,0,0
1829,-234,781,-948,-4364,528,0,0
2023,-64,292,-1088,-4417,-116,0,0
1230,219,183,-2484,-5697,-5609,0,0
-749,1457,70,800,-2615,-3208,0,0
133,-3248,133,-1359,-3022,-1244,0,0
6,-3227,2045,-6391,-4317,-3656,0,0
-2511,758,2792,-5967,-7555,-4735,0,0
-4004,-1100,3310,-7593,-14357,-2827,0,0
-4026,-1212,4953,-10436,-15502,1573,0,0
-3195,205,6633,-11173,-12958,4003,0,0
-2412,3375,6493,-7183,-7620,2135,0,0
-1951,3818,5922,-3447,-2290,1440,0,0
-2081,3835,5011,-962,-1114,1841,0,0
-2284,3301,3619,-1044,-2756,1864,0,0
-2711,3488,2558,-1557,-3150,1764,0,0
-3400,3424,1935,-2296,-5541,1813,0,0
-3939,680,2671,-2090,-7548,2889,0,0
-2375,-3764,4695,-855,-5359,3392,0,0
447,-4329,5775,2328,-3963,2021,0,0
987,-375,4029,11761,2643,-1853,0,0
708,-867,455,19404,7389,-10267,0,0
1054,2459,-3183,13013,7177,-3141,0,0
3761,2027,-6352,6018,-292,-3500,0,0
3049,1705,-7481,3341,-6143,-2348,0,0
2998,1050,-6937,-2440,-9228,1295,0,0
3269,3604,-6061,-2101,-8452,1224,0,0
4054,3538,-4786,-1735,-7470,820,0,0
4612,766,-3555,-2503,-7644,352,0,0
4816,-2113,-2504,-3476,-7143,649,0,0
5033,-2936,-2153,-4886,-6049,-371,0,0
5311,-1483,-3752,-5140,-9450,-2480,0,0
5335,-240,-976,-3026,-15593,-1134,0,0
5349,-3101,-2066,-5590,-15428,-2916,0,0
5060,-3732,-1995,-8247,-7748,-4166,0,0
3748,-103,171,-3913,-10558,-252,0,0
-295,-287,945,-965,-1661,-5585,0,0
-1330,89,241,-3803,-4395,1830,0,0
-1959,2180,-852,-2267,-6113,2997,0,0
-2411,3472,-1229,-45,-3253,1057,0,0
-1738,2481,-887,-249,-3155,1568,0,0
-522,1130,-403,-523,-4349,1894,0,0
572,150,136,-777,-4674,1925,0,0
1323,102,616,-1023,-3983,1227,0,0
1966,10,1032,-1372,-3703,556,0,0
2248,-5,1157,-1220,-3535,-454,0,0
2174,-483,1331,-2535,-3350,-2439,0,0
927,886,2092,-2778,-3444,-6407,0,0
-905,1413,1668,-910,-4688,-7206,0,0
-2043,-2235,2356,-8580,-13009,-4285,0,0
-3394,-766,3037,-11955,-15708,-686,0,0
-3800,3455,4069,-15130,-17071,1054,0,0
-3919,4515,6411,-11264,-14010,2798,0,0
-4226,5199,7001,-4754,-8206,2626,0,0
-4512,5374,5615,493,-4688,2695,0,0
-4422,3542,3695,7,-3060,2421,0,0
-4331,2991,1866,-905,-3769,2338,0,0
-4400,3069,508,-1104,-4956,2198,0,0
-3939,555,757,-2089,-7443,2858,0,0
-3119,-1764,2713,-162,-6178,3724,0,0
-1658,-2716,4300,4776,-2979,3773,0,0
-819,-841,2789,12458,5384,101,0,0
-465,333,-275,16333,9943,-1594,0,0
1854,926,-3696,11588,7669,861,0,0
4100,1078,-6279,5172,-52,-1576,0,0
4041,2144,-7271,1708,-7227,890,0,0
4896,3254,-6858,-152,-11753,1719,0,0
5392,3941,-4969,-1609,-10090,795,0,0
5917,2016,-3299,-2367,-8586,1142,0,0
5868,-12,-2535,-2787,-8346,-218,0,0
5509,-3175,-2110,-3532,-8129,-704,0,0
5287,-4583,-1834,-6670,-8070,-1492,0,0
5125,-878,-1199,-5343,-11885,-2403,0,0
4824,-745,-711,-2686,-19295,527,0,0
4854,-1946,-1768,-8337,-11407,-4724,0,0
3814,-1762,-97,-3747,-8336,-253,0,0
-232,-826,1031,-442,-1852,-5348,0,0
-1370,1691,692,-3479,-1968,866,0,0
-1797,2791,-499,-1586,-4714,1464,0,0
-2418,2281,-2275,-353,-6827,1166,0,0
-2391,1584,-2649,-2384,-4567,1686,0,0
-1366,2254,-1114,-665,-2921,1687,0,0
149,1048,955,-439,-4475,1169,0,0
944,-278,1952,-323,-5318,1293,0,0
1527,-1127,1860,-1115,-4680,812,0,0
1956,-602,1175,-1460,-3862,508,0,0
2118,53,627,-637,-4311,-35,0,0
2058,-55,495,-1155,-5053,-2873,0,0
94,489,366,794,-6010,-6808,0,0
-910,218,-351,389,-2906,-2543,0,0
-872,-2487,117,-2110,-3939,-2867,0,0
-2295,-678,732,-3490,-2993,-4692,0,0
-3504,-732,1349,-3815,-6640,-5258,0,0
-3753,-3058,2399,-7215,-11904,-2661,0,0
-3324,-1983,3965,-9568,-13056,-907,0,0
-3226,1259,4720,-8380,-11563,-792,0,0
-2989,1630,4554,-7177,-10610,-283,0,0
-2351,1002,4938,-4988,-7038,855,0,0
-1721,2531,4919,-2684,-4549,713,0,0
-2006,4036,4582,-694,-3157,713,0,0
-2330,2713,4198,-284,-2069,1225,0,0
-2260,1148,3802,-697,-2569,1606,0,0
-2678,1490,3603,-379,-3461,2046,0,0
-2756,305,3643,361,-4543,2593,0,0
-1377,-2621,4434,1801,-4430,2722,0,0
-316,-1375,3712,9558,-1927,-2252,0,0
-1232,80,676,12962,2123,-4726,0,0
-459,1734,-1715,14354,8785,594,0,0
2735,1133,-5038,8889,4381,-2085,0,0
3455,-93,-7576,3160,-4773,-193,0,0
4380,-165,-8064,-38,-12581,1429,0,0
4258,1329,-7117,-4047,-11951,484,0,0
4394,1438,-5304,-2810,-7464,1727,0,0
4823,231,-3933,-2106,-8014,1473,0,0
4852,-1404,-3357,-4467,-8077,210,0,0
4816,-2680,-2864,-5238,-6405,-383,0,0
4834,-2186,-2244,-5528,-10260,-1435,0,0
4385,-1415,-1734,-3969,-15752,674,0,0
4446,-2341,-2436,-6474,-16302,-1019,0,0
4207,-1102,-1338,-7148,-10282,-13146,0,0
474,740,758,-608,-2898,-9078,0,0
-546,31,821,-2665,-1489,1275,0,0
-1058,1449,450,-2396,-3606,1941,0,0
-2643,2846,-797,919,-4818,1733,0,0
-2599,1011,-2196,-921,-5664,2718,0,0
-1362,1535,-1820,-1750,-3459,2231,0,0
41,2801,-60,10,-4345,1256,0,0
1155,765,1687,239,-5375,955,0,0
1893,-1546,2237,-960,-5241,584,0,0
2281,-1526,1593,-1603,-4014,213,0,0
2286,-394,802,-2041,-4179,-1904,0,0
469,2191,915,-1202,-4871,-7696,0,0
-1416,1671,-75,1215,-2824,-5364,0,0
-1823,-740,966,-3464,-4413,-4296,0,0
-3236,-638,1637,-5660,-6055,-5318,0,0
-4252,-148,2588,-7580,-12305,-3558,0,0
-4427,-334,3646,-9735,-14034,-1788,0,0
-3968,286,4300,-8946,-12116,-36,0,0
-3416,1307,4266,-7610,-9735,631,0,0
-2653,1998,4395,-4805,-7152,821,0,0
-1830,2085,5147,-1962,-4270,-468,0,0
-1889,2696,5524,-456,-3113,598,0,0
-2184,2949,4726,414,-2558,1633,0,0
-2188,2002,3908,493,-2340,1133,0,0
-2730,1991,3154,121,-2789,1418,0,0
-3570,1414,2298,864,-4474,1847,0,0
-3038,-2041,2617,2322,-4227,3106,0,0
-1752,-2365,2554,8039,-740,589,0,0
-1983,2000,-961,14416,6648,1109,0,0
1058,2348,-2916,13458,9580,1777,0,0
3839,1930,-4707,7860,2127,-475,0,0
4925,-384,-6780,1533,-7861,3094,0,0
5592,2422,-7886,208,-15040,1535,0,0
6119,3289,-5610,-3693,-12293,-271,0,0
6285,2243,-3415,-2288,-8825,415,0,0
6310,-1323,-2712,-2269,-9989,-29,0,0
5525,-3768,-3000,-5372,-8481,-1953,0,0
5398,-2652,-2354,-5958,-9894,-2023,0,0
5067,-398,-1403,-4636,-13343,-2000,0,0
4704,-1827,-1239,-3447,-18440,-734,0,0
4665,-2519,-1612,-7343,-9477,-7744,0,0
2454,-1580,1021,-1616,-6675,-16686,0,0
-973,584,810,-626,-210,-285,0,0
-813,536,97,-3527,-3724,2242,0,0
-2155,3011,-1194,-983,-4771,2009,0,0
