15,3,5,1039,3678,-430,0,0
6,21,3,1034,3680,-414,0,0
-5,47,6,1020,3665,-418,0,0
-21,59,1,1041,3660,-448,0,0
-31,53,-9,1094,3693,-485,0,0
-30,28,-2,1121,3710,-511,0,0
-28,-3,16,1114,3679,-505,0,0
-22,-50,14,1084,3678,-484,0,0
-8,-68,8,1062,3689,-431,0,0
-2,-56,11,1056,3686,-392,0,0
-7,-51,12,1034,3683,-370,0,0
-23,-45,5,1037,3688,-391,0,0
-35,-48,-2,1043,3681,-437,0,0
-22,-44,0,1056,3694,-454,0,0
0,-36,5,1049,3693,-411,0,0
5,-18,16,1033,3680,-370,0,0
-8,-12,11,1020,3681,-377,0,0
-18,3,5,1027,3686,-407,0,0
-14,18,7,1037,3707,-438,0,0
-5,28,4,1057,3712,-452,0,0
3,27,5,1060,3703,-441,0,0
8,11,6,1046,3691,-426,0,0
10,17,1,1048,3684,-417,0,0
10,28,4,1054,3683,-412,0,0
5,30,6,1056,3690,-429,0,0
-5,28,2,1065,3703,-454,0,0
-10,10,5,1062,3697,-475,0,0
-8,-10,-5,1067,3685,-462,0,0
-5,-17,-8,1082,3679,-425,0,0
-9,-28,-1,1062,3673,-400,0,0
-19,-34,-2,1034,3674,-406,0,0
-18,-14,-1,1047,3686,-428,0,0
-9,-13,5,1047,3699,-436,0,0
-4,-15,4,1050,3712,-431,0,0
-5,-12,4,1049,3707,-427,0,0
-5,-15,9,1028,3669,-417,0,0
-5,-8,10,1031,3670,-413,0,0
0,1,3,1055,3675,-415,0,0
1,0,9,1065,3680,-400,0,0
-3,-7,15,1047,3698,-402,0,0
-5,-4,16,1024,3697,-424,0,0
1,17,24,1010,3689,-432,0,0
5,38,22,1025,3693,-420,0,0
0,43,13,1073,3688,-422,0,0
-11,15,10,1080,3674,-419,0,0
-15,-6,8,1072,3693,-436,0,0
-9,0,10,1076,3700,-428,0,0
-10,-10,16,1058,3693,-426,0,0
-13,-12,17,1038,3685,-436,0,0
-10,-10,7,1079,3692,-448,0,0
-5,-22,6,1099,3699,-438,0,0
-3,-41,9,1072,3684,-423,0,0
-2,-43,10,1047,3674,-410,0,0
0,-31,9,1041,3691,-390,0,0
-4,-11,9,1040,3696,-399,0,0
-12,-1,6,1045,3692,-415,0,0
-12,3,3,1048,3687,-431,0,0
-6,5,1,1057,3678,-447,0,0
-2,6,0,1072,3706,-458,0,0
-6,0,6,1058,3710,-494,0,0
-24,-34,12,1027,3690,-573,0,0
-14,-85,3,944,3721,-587,0,0
15,-58,14,883,3753,-508,0,0
12,20,35,902,3725,-444,0,0
-5,17,37,859,3695,-397,0,0
-24,48,29,768,3619,-428,0,0
-26,164,27,778,3600,-476,0,0
-15,259,5,912,3677,-542,0,0
-9,317,-19,1048,3702,-587,0,0
-1,333,22,1158,3599,-599,0,0
-15,160,88,1132,3419,-511,0,0
-65,-18,48,1081,3421,-445,0,0
-102,-1,-94,1276,3659,-367,0,0
-163,-103,-262,1386,3534,-362,0,0
-208,-221,-281,1422,3538,-372,0,0
-164,-197,-217,1490,3769,-424,0,0
-94,-113,-146,1373,3567,-396,0,0
-84,91,11,1365,3380,-369,0,0
-118,152,103,1441,3360,-435,0,0
-153,69,56,1476,3387,-466,0,0
-151,-226,-76,1351,3394,-417,0,0
-27,-110,-96,1220,3389,-395,0,0
12,99,-66,1197,3287,-420,0,0
-44,61,-75,963,3194,-547,0,0
-23,191,-172,1080,3327,-610,0,0
-39,256,-328,1152,3254,-580,0,0
-116,291,-410,1001,2898,-545,0,0
-200,333,-487,969,2833,-458,0,0
-253,209,-604,882,3354,-85,0,0
-349,251,-684,607,3740,360,0,0
-457,442,-599,425,3856,526,0,0
-403,292,-286,-42,3845,878,0,0
-345,518,74,-655,3625,1031,0,0
-311,686,172,-494,3957,637,0,0
-209,40,-58,-457,3961,558,0,0
-123,-271,-191,-487,4269,542,0,0
-79,-160,-211,-345,4238,694,0,0
-63,61,-262,-41,4526,866,0,0
-112,138,-179,-72,4274,817,0,0
-130,122,-150,-115,4466,815,0,0
-88,88,-213,-46,4471,861,0,0
-110,-234,-246,-170,4893,854,0,0
-120,-273,-240,-525,5011,812,0,0
-57,172,-150,-445,4984,776,0,0
7,306,-181,-168,5264,847,0,0
-13,352,-142,-62,4807,732,0,0
51,234,-120,-15,5042,600,0,0
195,406,-30,-140,4674,728,0,0
236,756,123,109,4620,391,0,0
282,630,278,178,4536,472,0,0
242,351,487,8,4248,619,0,0
143,111,618,-166,3917,598,0,0
84,-47,642,-323,3720,690,0,0
32,-181,593,-390,3757,789,0,0
-5,-293,550,-463,3753,846,0,0
12,-448,531,-570,3848,883,0,0
52,-283,608,-689,3519,802,0,0
84,53,640,-510,3351,608,0,0
121,37,522,-302,3238,482,0,0
111,-175,423,-107,2978,344,0,0
106,-364,387,150,2860,217,0,0
176,-451,294,497,3101,212,0,0
271,-318,122,657,3392,221,0,0
277,225,21,1036,3797,186,0,0
207,543,-224,1515,4608,35,0,0
234,650,-719,1834,4670,-60,0,0
164,817,-918,1859,3815,-381,0,0
-18,465,-657,1820,3314,-647,0,0
-141,-315,-349,1625,3028,-484,0,0
-183,-645,-78,1289,2724,-188,0,0
-148,-477,99,1174,2857,-43,0,0
-13,-217,73,1190,3178,70,0,0
141,71,-61,1229,3392,144,0,0
205,340,-139,1313,3586,129,0,0
140,414,-79,1304,3711,30,0,0
19,396,177,1145,3639,-29,0,0
-99,325,431,1240,3927,-84,0,0
-69,-111,313,1193,4863,-14,0,0
1,-258,82,686,4046,-126,0,0
37,-52,195,675,3271,-493,0,0
168,-443,323,544,3716,-474,0,0
418,-625,274,159,3985,-195,0,0
576,265,284,324,3847,-316,0,0
548,872,296,1001,4038,-522,0,0
406,235,206,1067,4100,-620,0,0
372,-67,261,813,3932,-679,0,0
429,482,378,1089,3606,-786,0,0
445,437,334,1189,3203,-704,0,0
378,0,141,1101,3083,-568,0,0
283,-24,-61,1158,3146,-714,0,0
215,1,-201,1204,3353,-825,0,0
172,-91,-222,1230,3456,-897,0,0
160,-101,-120,1170,3333,-949,0,0
150,99,13,1107,3039,-984,0,0
111,181,80,1154,2902,-964,0,0
62,21,2,1178,3112,-928,0,0
-1,24,-145,1156,3111,-963,0,0
-79,75,-204,1240,3057,-1061,0,0
-134,-140,-267,1269,3471,-1097,0,0
-147,-278,-294,1049,3427,-1033,0,0
-157,52,-138,837,2917,-1000,0,0
-157,326,42,716,2649,-895,0,0
-170,257,26,708,2747,-837,0,0
-155,133,-145,480,2786,-657,0,0
-167,455,-178,373,2626,-342,0,0
-161,542,-250,473,3507,-73,0,0
-98,95,-390,424,4104,461,0,0
-196,-320,-477,513,4304,385,0,0
-331,-323,-451,483,4132,182,0,0
-371,167,-238,642,4251,273,0,0
-324,282,-49,617,4384,221,0,0
-212,251,168,460,4384,137,0,0
-139,56,314,628,4723,-41,0,0
-118,-140,317,449,4804,40,0,0
-42,371,364,517,5131,172,0,0
-7,688,381,837,4942,132,0,0
24,214,338,742,5174,157,0,0
34,97,327,531,4977,328,0,0
-9,442,299,742,5063,186,0,0
19,313,140,810,5407,239,0,0
20,107,54,832,5129,305,0,0
-8,-31,2,865,5196,141,0,0
48,-82,-58,807,4915,233,0,0
112,-7,-57,834,4918,287,0,0
140,-10,-15,612,4526,369,0,0
98,32,107,495,4130,321,0,0
116,-129,203,355,3869,322,0,0
183,-344,253,201,3579,322,0,0
301,-354,202,0,3798,345,0,0
343,51,161,213,3812,312,0,0
215,80,96,379,3338,-193,0,0
130,-273,59,632,2765,-532,0,0
67,-483,-50,744,2522,-633,0,0
-70,77,-101,1114,2463,-915,0,0
-18,334,-190,1574,2740,-1211,0,0
209,61,-371,1484,2798,-899,0,0
264,242,-406,1436,2945,-884,0,0
210,366,-367,1547,2870,-865,0,0
82,-21,-411,1522,2778,-867,0,0
13,-482,-390,1300,2924,-765,0,0
-16,-513,-294,1155,3350,-648,0,0
-87,-384,-251,1105,3741,-650,0,0
-215,-437,-151,935,3554,-759,0,0
-320,-541,76,748,3340,-747,0,0
-330,-513,233,507,3408,-621,0,0
-329,-413,226,572,3524,-555,0,0
-353,-539,105,631,3964,-589,0,0
-347,-683,-1,638,4404,-557,0,0
-318,-520,55,577,3949,-565,0,0
-300,-310,235,679,3421,-656,0,0
-249,-429,322,827,3506,-639,0,0
-170,-539,307,800,3483,-500,0,0
-114,-409,319,955,3560,-396,0,0
-97,-487,240,1135,3867,-325,0,0
-95,-642,63,1147,3916,-238,0,0
-79,-534,-69,1137,3957,-253,0,0
-34,-192,-109,1150,3802,-283,0,0
-49,105,-37,1177,3455,-399,0,0
-105,129,93,1211,3342,-469,0,0
-113,46,108,1251,3399,-451,0,0
-47,-22,-24,1230,3485,-422,0,0
31,79,-162,1201,3451,-422,0,0
47,220,-182,1248,3353,-481,0,0
35,308,-116,1193,3245,-529,0,0
32,436,-32,1294,3023,-588,0,0
13,231,-26,1257,2819,-625,0,0
13,109,-67,1132,2652,-563,0,0
27,201,-119,1121,2443,-526,0,0
58,177,-153,1048,2700,-302,0,0
113,224,-230,733,3644,15,0,0
37,692,-235,586,3875,215,0,0
-74,245,-317,790,4174,-147,0,0
-63,-813,-204,-16,3625,240,0,0
-55,-381,134,-122,4016,244,0,0
14,126,182,230,4562,197,0,0
60,-245,60,-6,4848,335,0,0
87,-232,68,-222,5112,295,0,0
48,135,207,-59,4616,194,0,0
38,27,202,83,4895,34,0,0
80,-86,82,47,4486,91,0,0
136,-37,-27,313,5042,91,0,0
185,-92,-154,232,5204,203,0,0
140,120,-101,351,5243,31,0,0
74,160,-49,405,5203,45,0,0
31,79,-53,393,4969,67,0,0
3,60,-64,368,4819,81,0,0
-28,75,-33,344,4649,137,0,0
-15,28,45,177,4533,176,0,0
20,75,198,60,4353,193,0,0
60,120,343,-61,4318,205,0,0
104,191,430,-169,4131,188,0,0
109,225,414,-67,4065,51,0,0
82,25,290,82,4009,48,0,0
-23,-246,159,374,3887,-39,0,0
-172,-640,52,433,3473,-118,0,0
-312,-692,120,277,2505,-71,0,0
-394,-276,189,579,2453,-143,0,0
-355,-135,-213,1031,3066,-183,0,0
-313,-203,-821,1026,2805,-335,0,0
-328,42,-941,986,2876,-569,0,0
-367,367,-748,1206,3288,-703,0,0
-366,271,-571,1340,3214,-804,0,0
-248,31,-417,1336,3484,-760,0,0
-54,78,-358,1398,3897,-729,0,0
162,235,-253,1241,3818,-562,0,0
265,621,99,1124,3594,-418,0,0
197,810,493,1266,3265,-495,0,0
147,346,635,1361,3772,-432,0,0
264,-199,463,1298,4859,-171,0,0
378,-133,254,956,4296,-66,0,0
315,315,550,641,3081,-329,0,0
268,233,962,672,3167,-433,0,0
385,-177,908,302,3634,-47,0,0
568,239,516,304,4333,63,0,0
608,983,41,797,4194,-245,0,0
458,992,-171,907,3499,-656,0,0
301,378,-93,832,3362,-788,0,0
260,-282,-52,689,3555,-617,0,0
318,-185,-116,581,3847,-518,0,0
295,394,-239,876,4314,-701,0,0
140,491,-323,1014,3966,-862,0,0
-16,247,-295,1085,3288,-978,0,0
-40,-59,-279,1083,3115,-900,0,0
-22,-131,-329,1088,3189,-810,0,0
-30,-52,-348,1068,3325,-870,0,0
-78,26,-251,1125,3336,-900,0,0
-145,-35,-120,1067,3206,-998,0,0
-153,-48,-5,1008,3004,-989,0,0
-103,-43,25,1002,3028,-876,0,0
-64,-47,27,937,2983,-743,0,0
-98,25,39,938,3001,-741,0,0
-160,37,33,912,2978,-700,0,0
-229,-7,-10,991,3189,-767,0,0
-280,-72,-48,741,3085,-883,0,0
-262,169,61,579,2529,-920,0,0
-157,204,153,701,2996,-816,0,0
-11,-9,73,533,3777,-471,0,0
97,120,27,531,4185,-120,0,0
154,97,104,423,4459,119,0,0
98,306,241,206,3829,184,0,0
102,719,266,366,4013,57,0,0
105,615,179,541,3988,183,0,0
-26,304,156,502,3589,152,0,0
-72,285,169,624,4083,25,0,0
20,378,114,683,4493,218,0,0
-9,353,103,893,4661,132,0,0
-132,24,-19,964,5349,21,0,0
-293,-49,-160,1024,5051,-26,0,0
-318,-234,-172,913,5360,-112,0,0
-180,-184,-163,768,5834,34,0,0
-102,178,-182,711,5627,15,0,0
-169,297,-104,715,5351,-191,0,0
-219,-219,-87,697,5043,-227,0,0
-117,-810,-182,403,4877,-24,0,0
60,-579,-211,324,4606,149,0,0
189,-180,-115,384,4247,257,0,0
271,-193,9,309,4144,368,0,0
354,-155,160,52,3849,607,0,0
354,212,283,-42,3795,618,0,0
313,457,264,69,3976,590,0,0
229,402,171,118,4051,475,0,0
87,377,94,119,3779,201,0,0
-92,436,-12,354,3099,-310,0,0
-178,79,-169,505,2459,-770,0,0
-140,-141,-301,722,2232,-788,0,0
-127,-122,-470,1119,2606,-918,0,0
-62,-372,-687,1308,3275,-814,0,0
-32,-442,-822,1262,3617,-719,0,0
-61,-246,-726,1272,3540,-961,0,0
-65,-245,-392,1161,3168,-1068,0,0
-37,-401,38,1020,3215,-1023,0,0
31,-409,322,924,3443,-818,0,0
47,-327,360,945,3446,-731,0,0
33,-511,295,919,3512,-605,0,0
16,-761,286,762,3835,-459,0,0
19,-735,353,626,4411,-268,0,0
-28,-476,450,584,4332,-262,0,0
-115,-433,579,406,3314,-320,0,0
-144,-548,699,254,3036,-284,0,0
-59,-505,626,259,3595,-85,0,0
-44,-151,405,512,4086,-3,0,0
-218,10,158,806,3951,-304,0,0
-435,-509,3,836,3458,-379,0,0
-541,-1030,-28,627,3130,-265,0,0
-475,-975,-42,644,3237,-220,0,0
-311,-616,-147,821,3701,-176,0,0
-174,-190,-288,1028,4040,-215,0,0
-126,80,-393,1234,4138,-372,0,0
-123,64,-409,1310,4115,-552,0,0
-101,84,-277,1201,3838,-589,0,0
-117,288,-38,1118,3474,-639,0,0
-117,354,139,1281,3335,-713,0,0
-52,140,97,1315,3351,-698,0,0
48,-18,-78,1238,3267,-627,0,0
152,38,-182,1160,3257,-532,0,0
201,70,-175,1138,3365,-532,0,0
193,15,-98,1046,3371,-491,0,0
157,104,17,1049,3384,-465,0,0
115,178,54,1021,3208,-528,0,0
72,330,41,956,2664,-531,0,0
-7,340,-4,1058,2534,-620,0,0
2,32,-174,993,3516,-397,0,0
-14,82,-328,652,4064,-108,0,0
-100,198,-272,850,4474,-245,0,0
-71,-489,-78,381,4491,93,0,0
-117,-520,351,-250,3298,190,0,0
-114,172,650,-132,3037,173,0,0
-39,264,470,188,3454,330,0,0
18,-326,81,140,4037,448,0,0
55,-636,-132,-11,4688,561,0,0
10,-340,33,-208,4475,628,0,0
-33,-23,224,6,4877,470,0,0
-10,25,135,-61,4848,332,0,0
12,186,54,132,4853,265,0,0
43,68,-100,290,5485,290,0,0
60,1,-251,418,5692,287,0,0
62,78,-315,510,5698,134,0,0
33,131,-240,520,5387,71,0,0
32,135,-103,424,5117,79,0,0
36,180,49,376,4704,31,0,0
84,152,118,269,4396,68,0,0
140,164,204,161,4034,173,0,0
236,195,305,54,4048,248,0,0
307,383,405,49,3970,379,0,0
264,566,462,311,4145,261,0,0
151,324,365,544,4123,154,0,0
-29,-20,223,596,3693,-62,0,0
-210,-101,180,614,2950,-198,0,0
-368,-36,124,859,2556,-339,0,0
-409,-329,-132,1059,2685,-459,0,0
-348,-616,-391,1003,2704,-345,0,0
-312,-359,-420,906,2715,-332,0,0
-318,32,-274,1063,2789,-437,0,0
-289,-56,-220,1215,2980,-367,0,0
-190,-269,-274,1102,3225,-301,0,0
-5,-22,-272,1046,3516,-259,0,0
195,439,-228,1127,3925,-168,0,0
320,711,-181,1208,4315,-117,0,0
316,783,-88,1180,4025,-189,0,0
227,715,80,1272,3818,-243,0,0
142,405,93,1250,3935,-265,0,0
46,165,140,1040,3244,-321,0,0
-34,64,388,1060,2994,-418,0,0
-12,-256,462,1152,3419,-325,0,0
98,-384,263,1034,3943,-141,0,0
171,-116,11,1079,4244,-207,0,0
159,-13,-46,1064,3950,-400,0,0
158,-96,242,926,3673,-418,0,0
232,-135,566,840,3703,-410,0,0
389,31,632,763,3756,-363,0,0
551,348,470,700,3736,-388,0,0
597,615,374,662,3224,-504,0,0
524,639,395,943,3330,-573,0,0
388,203,173,1069,3832,-616,0,0
259,-95,-224,1091,3889,-722,0,0
158,-43,-509,1178,3612,-905,0,0
112,-15,-576,1236,3319,-1063,0,0
151,-63,-486,1161,3230,-1063,0,0
181,119,-327,1102,3205,-1054,0,0
166,404,-166,1250,3165,-1046,0,0
110,270,-81,1266,3003,-1078,0,0
94,98,-47,1205,3117,-957,0,0
67,124,-68,1232,3272,-933,0,0
-8,138,-46,1125,2889,-973,0,0
-55,153,47,1286,2947,-944,0,0
-72,-106,-7,1188,3381,-905,0,0
-90,24,-55,988,3221,-959,0,0
-109,317,51,923,2787,-1086,0,0
-76,224,188,790,2689,-1032,0,0
25,79,174,457,3026,-821,0,0
94,182,17,541,3263,-728,0,0
174,49,-173,478,3680,-467,0,0
227,156,-186,475,4220,-212,0,0
205,328,-123,448,3959,-216,0,0
158,390,-47,473,3828,-212,0,0
132,342,-48,338,3984,-142,0,0
61,537,-69,459,3896,-157,0,0
-28,468,-157,608,4217,-379,0,0
-76,289,-258,691,4483,-390,0,0
-149,278,-337,962,4911,-473,0,0
-242,-15,-359,1082,5024,-584,0,0
-248,-105,-288,1010,4934,-521,0,0
-205,190,-151,1071,5094,-428,0,0
-202,282,-12,1065,5362,-271,0,0
-269,336,81,1025,5505,-247,0,0
-323,230,165,968,5454,-360,0,0
-333,-153,294,685,5032,-493,0,0
-231,-223,426,390,4734,-450,0,0
-93,-101,434,355,4564,-414,0,0
36,-176,299,222,4323,-153,0,0
87,-224,201,171,4245,112,0,0
73,-376,145,125,4148,332,0,0
2,-504,30,142,4079,371,0,0
-40,-293,-111,170,4086,278,0,0
-37,236,-173,463,3822,171,0,0
-127,346,-204,780,3226,-322,0,0
-193,96,-151,890,2543,-644,0,0
-218,-99,-110,1093,2464,-729,0,0
-253,-446,-231,1184,2629,-779,0,0
-284,-662,-422,1184,2499,-729,0,0
-222,-664,-569,1189,2890,-770,0,0
-54,-542,-573,1185,3162,-680,0,0
67,-362,-381,1033,3554,-633,0,0
29,-120,107,938,3480,-671,0,0
-136,-215,535,1115,3482,-741,0,0
-288,-734,637,1071,3585,-514,0,0
-405,-1198,488,987,3568,-465,0,0
-433,-1305,341,783,3461,-336,0,0
-428,-985,313,858,3592,-337,0,0
-295,-881,223,889,4001,-331,0,0
-94,-688,199,594,3622,-277,0,0
46,-111,449,629,3324,-305,0,0
141,195,598,797,3864,-274,0,0
183,273,474,806,4042,-188,0,0
83,364,250,942,3621,-405,0,0
-67,80,48,1083,3276,-511,0,0
-165,-450,-168,1101,3187,-383,0,0
-200,-743,-400,1072,3178,-363,0,0
-177,-762,-584,1141,3404,-319,0,0
-123,-740,-780,1266,3866,-310,0,0
-50,-714,-932,1217,4097,-303,0,0
11,-389,-838,1138,4307,-276,0,0
-9,148,-507,1143,4134,-417,0,0
-55,546,-40,1119,3574,-496,0,0
-123,573,344,1262,3249,-544,0,0
-159,210,461,1184,3053,-573,0,0
-77,80,379,1056,2919,-461,0,0
41,229,159,1121,2905,-502,0,0
158,236,-31,991,2944,-332,0,0
186,375,-41,940,3290,-225,0,0
159,572,-41,1011,3536,-238,0,0
40,634,-110,1000,3099,-351,0,0
-82,570,-81,923,2841,-465,0,0
-6,467,-47,869,3732,-251,0,0
30,442,-187,881,4075,-290,0,0
72,47,-390,818,4682,-498,0,0
111,-489,-277,317,4274,-254,0,0
17,-448,251,-157,3043,-249,0,0
90,9,577,119,2963,-42,0,0
251,230,366,314,3352,215,0,0
323,161,18,385,3816,284,0,0
293,-52,-234,431,5022,362,0,0
77,-347,-226,243,5379,218,0,0
-88,-532,74,-17,5159,-30,0,0
-53,-346,314,-70,4659,-57,0,0
83,62,293,-62,4498,-38,0,0
169,284,110,122,4785,-180,0,0
166,189,-141,315,5271,-157,0,0
41,1,-302,497,5392,-151,0,0
-38,-258,-377,452,5402,-136,0,0
0,-175,-331,241,5213,-74,0,0
19,172,-173,259,5081,-145,0,0
-26,124,-46,199,4738,-182,0,0
-60,-87,59,-8,4392,-129,0,0
-21,-43,187,-113,4233,-41,0,0
41,103,255,-80,4044,-19,0,0
25,95,237,15,3825,-62,0,0
-72,-80,176,44,3821,-52,0,0
-208,-231,89,189,3639,-87,0,0
-340,-479,22,294,3057,-170,0,0
-405,-623,54,284,2442,-158,0,0
-384,-340,3,578,2670,-133,0,0
-338,-122,-288,858,3085,-145,0,0
-363,-1,-503,979,2881,-263,0,0
-389,6,-433,1049,3035,-480,0,0
-295,38,-258,1093,3280,-420,0,0
-188,254,-138,1117,3365,-378,0,0
-86,431,-18,1212,3415,-472,0,0
30,412,84,1318,3671,-465,0,0
144,375,169,1217,3861,-312,0,0
187,506,320,1206,3840,-304,0,0
172,484,481,1222,3654,-389,0,0
208,279,569,1138,3697,-267,0,0
273,259,567,1019,3843,-168,0,0
267,419,543,988,3658,-159,0,0
203,407,499,1046,3777,-183,0,0
131,129,398,992,3870,-175,0,0
78,-121,281,933,3856,-162,0,0
78,-242,88,861,3823,-308,0,0
150,-242,-55,722,3515,-389,0,0
259,-108,-72,663,3502,-393,0,0
385,99,-62,590,3567,-364,0,0
455,441,-36,706,3491,-441,0,0
436,553,-37,926,3660,-594,0,0
391,475,-106,1091,3911,-567,0,0
279,399,-240,1264,3924,-722,0,0
187,125,-308,1261,3398,-904,0,0
184,-62,-222,1165,3095,-863,0,0
198,99,-111,1139,3170,-833,0,0
175,296,-72,1231,3233,-898,0,0
82,261,-82,1288,3212,-933,0,0
-53,56,-76,1307,3114,-1016,0,0
-116,-166,-53,1190,3132,-998,0,0
-116,-188,-39,1133,3112,-975,0,0
-112,-137,-3,1012,2833,-998,0,0
-104,-88,67,976,2728,-988,0,0
-71,-112,18,852,2689,-1035,0,0
-3,-59,-14,661,2676,-959,0,0
110,147,23,537,3309,-750,0,0
196,383,26,538,3796,-480,0,0
224,245,-22,675,4023,-498,0,0
352,224,35,288,4133,30,0,0
391,909,175,414,4032,138,0,0
298,985,222,488,3578,38,0,0
154,680,244,496,3667,-168,0,0
149,526,242,341,4114,92,0,0
122,750,199,575,4402,110,0,0
-65,536,4,893,4787,-280,0,0
-267,75,-271,1016,4958,-483,0,0
-312,-181,-417,1075,5102,-536,0,0
-215,-212,-444,1061,5394,-592,0,0
-119,-17,-407,1017,5479,-491,0,0
-129,89,-277,966,5453,-383,0,0
-186,-24,-153,903,5416,-406,0,0
-175,-232,-119,697,5049,-298,0,0
-125,-237,-86,607,4730,-325,0,0
-67,-260,-32,635,4721,-257,0,0
-11,-347,52,446,4504,26,0,0
29,-405,175,368,4347,34,0,0
129,-469,276,136,4227,196,0,0
200,-34,417,74,4038,284,0,0
174,285,477,154,3896,194,0,0
115,177,376,196,3711,101,0,0
47,181,206,387,3434,-33,0,0
-82,143,4,775,3053,-351,0,0
-199,-291,-143,827,2550,-710,0,0
-217,-449,-187,906,2586,-763,0,0
-213,-253,-284,1080,3225,-887,0,0
-269,-100,-445,1216,3211,-1080,0,0
-312,-273,-558,1354,3065,-1179,0,0
-212,-546,-551,1215,3062,-1042,0,0
-80,-351,-366,1071,2873,-961,0,0
-1,-39,-68,1147,2991,-883,0,0
-16,-141,84,1317,3375,-806,0,0
-73,-565,27,1242,3658,-751,0,0
-133,-687,13,1103,3481,-749,0,0
-145,-587,155,1138,3522,-779,0,0
-101,-619,313,1051,4027,-653,0,0
-78,-594,417,970,4208,-700,0,0
-19,-560,538,796,3999,-620,0,0
22,-467,784,568,3170,-2568,0,0
95,-341,1032,514,3196,-396,0,0
176,-131,987,618,3679,-166,0,0
144,53,623,869,3902,-197,0,0
18,-57,226,936,3360,-402,0,0
-88,-249,60,948,3063,-489,0,0
-77,-192,11,953,3193,-367,0,0
-53,229,-180,1263,3544,-413,0,0
-44,519,-536,1603,3899,-564,0,0
-48,387,-802,1862,3964,-661,0,0
-101,-5,-736,1718,3580,-751,0,0
-143,-89,-412,1605,3250,-774,0,0
-102,-17,-118,1646,3179,-706,0,0
-13,-50,-44,1590,3225,-645,0,0
76,-1,-87,1517,3116,-583,0,0
102,83,-52,1493,2983,-547,0,0
80,86,96,1395,2932,-529,0,0
56,163,256,1420,2936,-522,0,0
27,118,283,1478,2953,-648,0,0
41,146,223,1489,2788,-700,0,0
46,203,173,1607,2702,-761,0,0
85,65,82,1530,3096,-663,0,0
50,108,7,1375,3093,-570,0,0
-23,-131,35,1454,3668,-624,0,0
107,-567,101,992,3981,-333,0,0
315,114,485,615,3687,-180,0,0
495,1113,907,901,3647,-42,0,0
461,871,817,1043,3407,-111,0,0
357,225,519,837,3736,-167,0,0
212,256,321,1129,4412,-164,0,0
76,157,256,1241,4838,24,0,0
-83,296,470,1038,4771,-41,0,0
-192,342,539,1354,4593,-374,0,0
-126,-23,262,1476,4801,-332,0,0
-119,-176,-29,1676,4950,-291,0,0
-229,-192,-171,1891,5010,-408,0,0
-318,-254,-256,1966,4898,-368,0,0
-317,-309,-350,1557,5143,-159,0,0
-249,363,-276,1062,5220,250,0,0
-314,846,-351,1348,5193,-145,0,0
-377,-47,-551,934,4441,-71,0,0
-472,-586,-582,644,4005,-80,0,0
-381,-572,-653,668,3998,-15,0,0
-204,-424,-625,629,3851,184,0,0
-79,-223,-450,789,3840,126,0,0
24,-227,-297,885,3762,92,0,0
30,-297,-159,899,3691,48,0,0
-94,-391,-50,942,3587,-45,0,0
-286,-583,73,886,3309,-142,0,0
-407,-705,215,888,3010,-198,0,0
-444,-712,239,854,2625,-158,0,0
-446,-552,32,927,2698,-178,0,0
-428,-518,-450,1216,2912,-277,0,0
-370,-640,-887,1159,2864,-481,0,0
-233,-704,-927,1052,2918,-576,0,0
-51,-474,-691,998,3212,-499,0,0
123,-7,-481,1062,3540,-414,0,0
283,454,-341,1156,3839,-416,0,0
365,798,-258,1293,3999,-464,0,0
378,930,-157,1240,3634,-448,0,0
358,992,48,1302,3613,-373,0,0
289,842,115,1448,4099,-399,0,0
209,384,10,1365,4035,-412,0,0
150,117,48,1061,3366,-421,0,0
127,64,333,1124,3168,-479,0,0
221,-310,470,978,3916,-421,0,0
420,-168,389,462,4124,-382,0,0
582,756,288,322,3282,-595,0,0
601,1275,341,583,3110,-753,0,0
430,666,283,952,3938,-911,0,0
250,-236,34,778,3862,-862,0,0
145,-150,-117,904,3713,-833,0,0
37,89,-190,1192,3477,-1158,0,0
51,-59,-176,1078,2977,-1056,0,0
94,99,-121,1051,2854,-1048,0,0
133,231,-122,1178,3023,-1078,0,0
95,182,-149,1184,3050,-1131,0,0
34,138,-105,1190,2967,-1171,0,0
16,-12,-90,1233,3218,-1146,0,0
17,-185,-108,1093,3363,-1140,0,0
4,-44,-34,1008,3234,-1190,0,0
6,229,113,755,2792,-1134,0,0
26,575,257,622,2679,-1052,0,0
44,630,226,297,2909,-726,0,0
43,726,73,229,3397,-338,0,0
28,721,-86,156,3875,35,0,0
-90,414,-223,168,3963,158,0,0
-205,-36,-372,118,4409,143,0,0
-243,243,-412,120,3977,270,0,0
-289,561,-344,446,3878,147,0,0
-348,-89,-290,276,4203,220,0,0
-338,-332,-334,35,4550,158,0,0
-298,32,-423,97,4784,-201,0,0
-211,-107,-551,72,5061,-495,0,0
-69,-258,-2640,-4,5548,-465,0,0
22,-69,-546,20,5910,-467,0,0
71,14,-424,69,5962,-392,0,0
89,-142,-399,113,5847,-437,0,0
68,-548,-407,-10,5217,-401,0,0
152,-584,-321,-331,5211,1,0,0
177,-24,-208,-190,4793,-73,0,0
109,-403,-143,-198,4202,-194,0,0
148,-856,-71,-644,3894,182,0,0
240,-424,80,-525,3488,237,0,0
379,-466,198,-568,3530,539,0,0
384,-319,358,-706,3304,817,0,0
252,-24,526,-626,3440,718,0,0
138,-81,535,-455,3770,667,0,0
45,-66,507,-533,3812,400,0,0
-35,290,553,-350,3270,-351,0,0
-11,253,421,-41,3013,-789,0,0
-45,-21,204,153,3039,-976,0,0
-150,44,152,404,3006,-1316,0,0
-177,125,121,623,3175,-1353,0,0
-133,189,-7,790,3465,-1211,0,0
-129,136,-86,926,3574,-1289,0,0
-106,52,-25,881,3532,-1203,0,0
-76,142,115,881,3384,-1100,0,0
-58,96,238,825,3393,-981,0,0
-77,73,298,802,3434,-924,0,0
-121,-56,275,865,3657,-961,0,0
-143,-322,269,722,3678,-870,0,0
-160,-348,347,684,3634,-890,0,0
-146,-421,380,740,3850,-813,0,0
-122,-546,334,677,3968,-605,0,0
-129,-512,302,600,3555,-535,0,0
-106,-451,292,590,3232,-446,0,0
-68,-331,241,755,3172,-364,0,0
-82,-351,152,934,3233,-320,0,0
-86,-337,56,1113,3836,-181,0,0
-79,-164,-128,1335,4249,-152,0,0
-117,-206,-275,1359,3869,-210,0,0
-216,-237,-165,1088,3285,-322,0,0
-344,9,120,1134,2963,-412,0,0
-428,-67,221,1332,3259,-498,0,0
-386,-274,40,1312,3457,-475,0,0
-268,-76,-151,1270,3349,-472,0,0
-179,202,-154,1350,3301,-605,0,0
-126,298,-41,1312,3204,-659,0,0
-117,466,93,1418,2909,-761,0,0
-71,318,153,1491,2559,-786,0,0
65,50,122,1318,2415,-523,0,0
185,205,40,1269,2940,-309,0,0
202,324,-2,1231,3166,-30,0,0
118,-121,-20,1341,4090,61,0,0
116,-749,-62,824,4418,168,0,0
109,-456,298,262,3875,248,0,0
165,276,800,347,4264,234,0,0
195,275,926,501,4009,206,0,0
191,-275,787,371,4392,386,0,0
125,-311,531,435,4854,358,0,0
96,106,328,477,4711,331,0,0
98,210,194,935,5092,287,0,0
75,-231,-43,1006,5161,209,0,0
30,-302,-236,976,5398,95,0,0
34,57,-383,996,5760,99,0,0
54,371,-400,957,5566,83,0,0
-9,387,-301,933,5120,-101,0,0
-81,95,-239,1001,4916,-218,0,0
-43,-119,-261,835,4504,-139,0,0
29,-13,-216,721,4160,-104,0,0
73,131,-106,682,4081,-2,0,0
95,107,7,695,4124,60,0,0
116,-51,150,546,4092,150,0,0
74,54,291,505,4023,137,0,0
-45,115,282,662,3729,-70,0,0
-194,-67,163,703,3106,-267,0,0
-300,-251,112,658,2508,-322,0,0
-301,-207,6,819,2443,-258,0,0
-286,-129,-391,1074,2646,-290,0,0
-261,-172,-926,1244,3004,-299,0,0
-228,-143,-1310,1227,3250,-458,0,0
-168,-1,-1215,1206,3042,-559,0,0
-109,105,-802,1286,3026,-571,0,0
-7,60,-454,1307,3421,-578,0,0
170,178,-265,1298,3800,-483,0,0
320,509,-156,1287,3883,-378,0,0
344,729,19,1284,3611,-417,0,0
284,641,258,1257,3475,-466,0,0
265,389,413,1173,3615,-392,0,0
286,272,431,1002,3565,-367,0,0
299,290,401,909,3503,-351,0,0
287,235,322,897,3660,-397,0,0
269,91,244,787,3591,-489,0,0
238,-44,325,701,3605,-716,0,0
250,-88,449,582,3761,-706,0,0
200,263,493,706,3953,-713,0,0
55,465,352,986,3851,-852,0,0
-98,165,103,1040,3297,-975,0,0
-143,-125,-77,1019,3078,-994,0,0
-115,-237,-184,989,3096,-982,0,0
-77,-106,-203,987,3105,-952,0,0
-87,-18,-162,1091,3148,-1036,0,0
-122,-131,-112,988,2992,-1038,0,0
-109,-167,-93,946,2944,-943,0,0
-74,-227,-147,899,3055,-797,0,0
-52,-83,-185,762,3256,-625,0,0
-106,238,-190,842,3257,-671,0,0
-188,247,-225,736,2944,-799,0,0
-169,295,-236,675,2938,-775,0,0
-84,344,-245,559,3206,-654,0,0
-13,352,-213,498,3132,-526,0,0
86,354,-171,476,3555,-184,0,0
106,170,-152,626,3974,0,0,0
104,-215,-116,321,4050,209,0,0
105,7,107,214,4424,456,0,0
68,163,261,284,4804,511,0,0
-28,-21,307,177,4558,405,0,0
-91,40,344,170,4892,257,0,0
-78,221,264,227,5349,185,0,0
-45,333,146,396,5802,141,0,0
-108,120,14,537,6097,-30,0,0
-152,-118,-77,470,5987,-152,0,0
-127,-120,-71,452,5661,-140,0,0
-71,-184,-68,375,5348,-37,0,0
-36,-134,-50,268,5217,-10,0,0
20,-63,31,306,4839,18,0,0
152,-477,123,220,4673,161,0,0
313,-555,266,-154,4389,426,0,0
400,99,412,14,4125,385,0,0
370,336,368,358,3891,230,0,0
211,113,223,492,3461,-16,0,0
33,-18,88,582,3185,-342,0,0
-62,96,-16,726,2780,-546,0,0
-176,149,-92,822,2418,-740,0,0
-316,-39,-143,989,2404,-1013,0,0
-364,-370,-285,1159,2558,-1048,0,0
-310,-601,-479,1271,3144,-1036,0,0
-250,-536,-582,1218,3515,-1137,0,0
-195,-300,-432,1076,3407,-1084,0,0
-176,-181,-57,1012,3102,-946,0,0
-212,-276,288,886,3086,-827,0,0
-252,-434,471,911,3188,-665,0,0
-285,-646,483,1005,3291,-517,0,0
-282,-793,336,969,3455,-372,0,0
-237,-618,147,943,3488,-368,0,0
-140,-426,28,1018,3764,-345,0,0
-33,-388,-3,1056,4223,-281,0,0
38,-401,40,1043,3887,-353,0,0
106,-412,284,907,3367,-289,0,0
145,-391,552,960,3628,-195,0,0
105,-333,579,930,3754,-194,0,0
-31,-136,459,992,3413,-269,0,0
-201,-212,205,1327,3612,-457,0,0
-245,-909,-231,1403,3816,-482,0,0
-132,-1373,-418,1014,3649,-360,0,0
38,-913,-199,746,3794,-252,0,0
167,75,84,889,4003,-298,0,0
198,611,217,1076,3819,-428,0,0
128,478,227,1167,3532,-512,0,0
54,61,152,1096,3420,-473,0,0
33,-107,48,980,3504,-363,0,0
30,50,-65,1054,3621,-399,0,0
19,88,-166,1132,3643,-416,0,0
-4,6,-188,1110,3634,-407,0,0
-9,-31,-111,1081,3679,-391,0,0
9,25,-10,1041,3689,-347,0,0
26,150,59,1048,3626,-336,0,0
23,189,73,1091,3667,-334,0,0
-8,122,40,1076,3753,-329,0,0
-47,97,32,1052,3794,-348,0,0
-82,96,62,1039,3778,-426,0,0
-94,83,85,1014,3743,-485,0,0
-80,74,100,981,3718,-528,0,0
-48,69,97,945,3697,-545,0,0
3,90,69,928,3702,-534,0,0
55,130,13,934,3732,-507,0,0
78,156,-48,968,3716,-495,0,0
75,165,-70,1033,3658,-486,0,0
64,115,-61,1070,3618,-499,0,0
58,63,-54,1085,3622,-510,0,0
60,48,-49,1117,3661,-505,0,0
62,22,-45,1128,3691,-484,0,0
45,-11,-24,1123,3637,-479,0,0
20,-37,18,1122,3630,-460,0,0
0,-88,37,1109,3638,-460,0,0
-8,-104,43,1108,3654,-449,0,0
-19,-121,48,1094,3686,-455,0,0
-26,-144,59,1081,3705,-470,0,0
-23,-154,67,1060,3720,-491,0,0
-7,-143,84,1037,3723,-471,0,0
14,-112,97,1017,3711,-465,0,0
27,-84,88,1017,3706,-445,0,0
24,-88,65,1015,3709,-445,0,0
16,-96,38,1016,3684,-454,0,0
16,-78,20,1041,3650,-466,0,0
24,-59,14,1063,3648,-451,0,0
24,-34,13,1084,3649,-435,0,0
10,-26,10,1095,3644,-419,0,0
-9,-22,5,1078,3638,-413,0,0
-26,-5,2,1058,3684,-408,0,0
-45,35,4,1054,3693,-420,0,0
-61,58,11,1036,3668,-449,0,0
-59,90,7,1032,3656,-458,0,0
-54,122,-6,1077,3690,-479,0,0
-56,98,-23,1118,3708,-518,0,0
-45,80,-24,1156,3685,-559,0,0
-22,60,-15,1160,3664,-562,0,0
1,44,-18,1161,3642,-556,0,0
23,29,-21,1172,3650,-531,0,0
38,18,-13,1155,3671,-492,0,0
39,25,8,1130,3659,-451,0,0
20,16,14,1107,3652,-442,0,0
-7,-4,-6,1097,3652,-449,0,0
-32,-26,-25,1089,3669,-456,0,0
-50,-24,-25,1107,3666,-480,0,0
-40,-27,-12,1082,3650,-493,0,0
-26,-19,-9,1084,3666,-495,0,0
-13,-17,-12,1090,3686,-481,0,0
-4,-21,-2,1094,3702,-465,0,0
-1,-37,7,1073,3689,-474,0,0
10,-29,14,1051,3647,-471,0,0
24,-5,17,1063,3651,-472,0,0
29,-2,7,1093,3682,-483,0,0
28,-11,11,1092,3671,-463,0,0
19,-15,25,1084,3656,-451,0,0
3,-23,14,1091,3642,-448,0,0
-12,-33,-2,1106,3628,-435,0,0
-25,-44,2,1116,3638,-435,0,0
-31,-44,10,1114,3675,-435,0,0
-34,-38,18,1104,3689,-441,0,0
-38,-45,27,1071,3674,-450,0,0
-30,-38,34,1050,3663,-451,0,0
-10,-16,25,1058,3677,-458,0,0
4,6,24,1071,3685,-442,0,0
0,1,23,1099,3680,-445,0,0
-7,-17,13,1093,3667,-434,0,0
-8,-11,10,1094,3673,-440,0,0
-7,-8,8,1077,3681,-441,0,0
-6,9,10,1076,3688,-431,0,0
-4,13,12,1064,3701,-437,0,0
-4,25,9,1047,3695,-438,0,0
-3,42,3,1058,3691,-445,0,0
-2,43,-4,1087,3673,-478,0,0
4,35,-2,1116,3665,-459,0,0
13,38,7,1113,3679,-449,0,0
15,60,15,1147,3659,-488,0,0
4,7,7,1105,3645,-494,0,0
-1,-19,-5,1088,3669,-495,0,0
7,-16,-8,1082,3684,-468,0,0
12,-4,2,1064,3682,-443,0,0
5,5,0,1057,3660,-436,0,0
-4,16,-5,1090,3644,-431,0,0
-12,7,-2,1123,3653,-443,0,0
-14,-5,8,1126,3651,-459,0,0
-12,-25,24,1114,3665,-480,0,0
-6,-44,26,1094,3694,-501,0,0
12,-43,33,1089,3707,-481,0,0
30,-57,45,1070,3706,-459,0,0
37,-57,45,1040,3665,-423,0,0
28,-5,41,1058,3658,-422,0,0
6,8,14,1107,3651,-461,0,0
-9,4,7,1139,3648,-455,0,0
-15,-4,12,1151,3666,-494,0,0
-12,-12,10,1135,3659,-504,0,0
-5,0,15,1126,3643,-498,0,0
-9,-9,-1,1131,3651,-504,0,0
-18,-25,-18,1150,3656,-476,0,0
-23,-38,-13,1132,3651,-463,0,0
-30,-26,-9,1119,3636,-447,0,0
-58,-15,-23,1129,3646,-442,0,0
-80,-40,-30,1131,3662,-496,0,0
-50,-55,-9,1096,3678,-493,0,0
-27,-39,2,1078,3686,-452,0,0
-12,-35,0,1077,3678,-460,0,0
3,-49,-6,1081,3672,-442,0,0
10,-31,-3,1086,3657,-441,0,0
3,-6,6,1086,3651,-443,0,0
-1,11,5,1101,3680,-464,0,0
-5,7,7,1062,3673,-440,0,0
-11,19,7,1039,3679,-440,0,0
-18,33,-16,1064,3680,-465,0,0
-24,43,-19,1098,3665,-453,0,0
-27,34,-9,1103,3669,-460,0,0
-24,32,-12,1114,3679,-465,0,0
-22,17,-12,1122,3669,-482,0,0
-10,12,13,1102,3656,-489,0,0
6,12,13,1110,3659,-496,0,0
9,-8,10,1110,3642,-477,0,0
3,-34,14,1124,3647,-474,0,0
4,-46,17,1149,3708,-441,0,0
-8,-69,26,1147,3739,-481,0,0
-8,-91,47,1070,3693,-503,0,0
24,-76,43,993,3645,-491,0,0
54,-22,18,1009,3646,-422,0,0
54,10,-3,1055,3657,-372,0,0
34,23,3,1066,3691,-334,0,0
1,23,18,1063,3682,-362,0,0
-24,26,14,1069,3675,-428,0,0
-23,29,1,1095,3679,-496,0,0
-5,13,-5,1110,3694,-529,0,0
17,11,-4,1113,3694,-512,0,0
32,6,0,1083,3673,-465,0,0
26,-14,-5,1066,3661,-448,0,0
15,-2,-14,1047,3655,-424,0,0
7,16,-16,1048,3645,-439,0,0
1,43,-15,1032,3651,-423,0,0
-7,84,-9,1064,3684,-441,0,0
-27,56,-17,1048,3699,-455,0,0
-44,52,-26,1065,3709,-494,0,0
-48,33,-31,1070,3700,-536,0,0
-33,26,-35,1070,3682,-545,0,0
-11,33,-32,1093,3684,-530,0,0
0,16,-27,1089,3667,-495,0,0
-2,-2,-21,1065,3661,-451,0,0
-12,-23,-20,1067,3674,-447,0,0
-20,-38,-20,1067,3667,-455,0,0
-21,-38,-13,1072,3654,-466,0,0
-13,-44,-6,1071,3674,-476,0,0
-1,-37,1,1070,3688,-459,0,0
3,-51,6,1020,3663,-459,0,0
16,-42,14,990,3660,-437,0,0
31,1,22,978,3664,-394,0,0
23,58,27,992,3677,-382,0,0
-5,69,20,1023,3699,-378,0,0
-51,43,2,1063,3725,-429,0,0
-84,-5,-26,1145,3723,-520,0,0
-87,-74,-36,1165,3697,-569,0,0
-67,-129,-18,1105,3658,-588,0,0
-11,-131,-3,1034,3651,-543,0,0
56,-56,22,977,3710,-367,0,0
65,43,40,996,3724,-304,0,0
8,13,31,1006,3681,-299,0,0
-52,-67,8,947,3682,-341,0,0
-51,-15,-11,932,3684,-401,0,0
-25,83,3,987,3717,-447,0,0
-16,85,6,1005,3712,-479,0,0
-15,77,-1,1051,3697,-505,0,0
-11,28,-13,1091,3693,-517,0,0
6,-11,-10,1097,3689,-482,0,0
24,-22,10,1068,3674,-438,0,0
33,-22,24,1038,3679,-413,0,0
33,-5,22,1042,3702,-404,0,0
27,-11,28,1033,3726,-383,0,0
6,-13,43,1011,3694,-389,0,0
-14,-28,42,987,3653,-405,0,0
-10,-28,19,985,3688,-410,0,0
0,6,13,1017,3722,-421,0,0
-3,12,18,1038,3717,-420,0,0
-12,-13,10,1009,3683,-433,0,0
-10,5,4,1026,3673,-429,0,0
-5,15,-3,1059,3694,-430,0,0
-6,8,4,1071,3701,-429,0,0
-9,-5,11,1059,3695,-434,0,0
-9,-4,6,1044,3681,-428,0,0
-9,4,5,1050,3683,-439,0,0
-9,0,6,1057,3683,-447,0,0
-8,-7,5,1063,3692,-454,0,0
-6,-19,3,1058,3693,-448,0,0
-2,-17,6,1055,3690,-435,0,0
0,-15,8,1050,3688,-422,0,0
-4,-14,8,1045,3683,-416,0,0
-8,-19,7,1025,3686,-412,0,0
-9,-12,2,1035,3707,-424,0,0
-14,-7,-2,1043,3705,-431,0,0
-13,-15,5,1044,3669,-457,0,0
1,-24,12,1015,3672,-429,0,0
7,-4,5,1033,3701,-414,0,0
2,0,2,1049,3696,-416,0,0
-8,-14,13,1028,3676,-423,0,0
-13,-17,7,1021,3678,-436,0,0
-7,4,-1,1045,3695,-425,0,0
-7,2,9,1044,3688,-436,0,0
-10,-3,16,1034,3678,-440,0,0
-18,-12,7,1076,3720,-472,0,0
-30,-51,7,1059,3678,-496,0,0
-17,-47,16,1059,3649,-501,0,0
10,-31,13,1069,3673,-464,0,0
17,-20,20,1092,3699,-435,0,0
3,-37,39,1090,3692,-433,0,0
-1,-41,52,1058,3671,-447,0,0
7,-20,57,1063,3688,-457,0,0
7,-36,45,1058,3693,-468,0,0
12,-40,28,1061,3702,-464,0,0
22,-33,28,1065,3705,-456,0,0
26,-36,29,1051,3680,-452,0,0
36,-20,24,1051,3668,-440,0,0
43,-13,16,1058,3669,-445,0,0
35,-4,8,1072,3678,-433,0,0
20,-11,2,1085,3678,-446,0,0
11,-18,-1,1073,3664,-462,0,0
7,-9,-4,1077,3664,-465,0,0
4,-9,-11,1092,3694,-491,0,0
2,-8,-6,1075,3677,-513,0,0
10,28,17,1063,3627,-539,0,0
12,10,6,1058,3631,-540,0,0
17,-14,-36,1090,3682,-505,0,0
20,-22,-39,1105,3715,-488,0,0
10,-4,7,1089,3709,-497,0,0
0,5,38,1062,3665,-527,0,0
2,-2,22,1029,3642,-539,0,0
4,-3,-1,1045,3676,-545,0,0
-3,-21,-11,1054,3691,-556,0,0
-9,-33,-12,1057,3664,-575,0,0
-2,-56,-25,1063,3649,-590,0,0
19,-64,-36,1065,3678,-569,0,0
35,-37,-29,1088,3696,-558,0,0
35,-30,-9,1075,3656,-526,0,0
35,-21,11,1064,3646,-501,0,0
29,-23,9,1046,3666,-497,0,0
8,-7,9,1054,3670,-514,0,0
-12,-11,23,1042,3656,-534,0,0
-29,-27,17,1027,3650,-573,0,0
-33,-36,-3,1034,3685,-594,0,0
-18,-37,-5,1035,3696,-612,0,0
9,-32,-1,1037,3698,-617,0,0
32,-20,4,1029,3669,-595,0,0
48,-16,13,1029,3643,-576,0,0
54,-26,6,1026,3649,-547,0,0
49,-15,3,1033,3660,-526,0,0
29,-12,5,1040,3658,-531,0,0
7,-18,5,1029,3648,-535,0,0
-5,-16,2,1028,3650,-552,0,0
-13,-15,-3,1026,3651,-568,0,0
-22,-4,-2,1037,3663,-579,0,0
-24,-5,-2,1021,3643,-587,0,0
-27,-5,-5,1022,3671,-586,0,0
-32,-2,-12,1017,3673,-589,0,0
-31,13,-7,1023,3668,-585,0,0
-31,11,-10,1014,3669,-578,0,0
-40,9,-22,1014,3672,-579,0,0
-49,-6,-31,1024,3654,-587,0,0
-47,-28,-37,1026,3665,-576,0,0
-37,-30,-37,1032,3671,-565,0,0
-23,-12,-24,1052,3694,-551,0,0
-14,-5,-1,1032,3662,-547,0,0
1,27,31,1039,3663,-535,0,0
7,24,34,1017,3665,-528,0,0
-3,22,27,1018,3674,-515,0,0
-15,13,34,1002,3686,-506,0,0
-23,20,39,984,3681,-522,0,0
-28,37,31,980,3674,-523,0,0
-31,34,18,988,3684,-536,0,0
-34,28,3,988,3695,-533,0,0
-36,27,-7,1004,3695,-540,0,0
-25,26,-12,1012,3682,-527,0,0
-13,38,-13,1035,3680,-515,0,0
-14,30,-10,1045,3685,-499,0,0
-18,23,-2,1040,3686,-473,0,0
-33,21,6,1049,3695,-489,0,0
-47,4,9,1042,3684,-500,0,0
-39,-4,17,1036,3698,-529,0,0
-9,-3,19,1020,3778,-529,0,0
39,46,23,973,3742,-493,0,0
69,133,61,960,3621,-472,0,0
71,158,70,961,3557,-424,0,0
63,169,41,1001,3696,-398,0,0
23,209,53,1050,3795,-454,0,0
-35,209,91,1095,3695,-511,0,0
-57,101,65,1086,3642,-552,0,0
-43,36,-4,1108,3635,-551,0,0
-16,21,-49,1155,3633,-528,0,0
7,-2,-46,1155,3673,-510,0,0
15,-5,-20,1134,3649,-469,0,0
7,-7,3,1124,3622,-445,0,0
-9,-42,-4,1116,3655,-438,0,0
-11,-47,-15,1109,3692,-456,0,0
-3,-26,13,1091,3683,-458,0,0
-9,-13,41,1077,3668,-468,0,0
-19,-32,30,1071,3664,-450,0,0
-23,-48,20,1075,3684,-448,0,0
-20,-43,25,1066,3701,-449,0,0
-13,-21,29,1056,3693,-447,0,0
-9,-7,34,1055,3681,-441,0,0
-16,-18,23,1062,3674,-451,0,0
-16,-14,10,1098,3667,-441,0,0
-9,-8,18,1132,3676,-433,0,0
-3,-8,30,1115,3661,-418,0,0
0,16,39,1121,3626,-439,0,0
2,18,36,1127,3632,-416,0,0
-8,0,23,1120,3656,-403,0,0
-21,15,23,1133,3657,-418,0,0
-18,33,40,1150,3687,-414,0,0
-10,44,51,1117,3695,-424,0,0
-10,65,49,1109,3668,-436,0,0
-16,48,28,1119,3667,-458,0,0
-16,27,-2,1154,3686,-481,0,0
-7,22,-14,1183,3686,-492,0,0
5,10,-6,1179,3671,-486,0,0
9,-7,-3,1154,3645,-462,0,0
9,-10,-11,1151,3662,-426,0,0
3,-26,-20,1136,3672,-409,0,0
-7,-36,-23,1113,3668,-406,0,0
-11,-41,-29,1088,3683,-404,0,0
-8,-25,-35,1079,3707,-409,0,0
-9,-2,-27,1072,3700,-441,0,0
-5,16,-15,1056,3650,-460,0,0
8,32,-18,1063,3653,-450,0,0
15,33,-33,1097,3664,-426,0,0
5,25,-36,1115,3655,-413,0,0
-8,13,-20,1110,3649,-416,0,0
-15,11,-12,1095,3647,-427,0,0
-20,19,-5,1102,3656,-444,0,0
-29,1,1,1104,3652,-460,0,0
-35,-17,4,1103,3642,-473,0,0
-33,-27,2,1128,3654,-457,0,0
-28,-43,4,1137,3660,-424,0,0
-26,-46,22,1116,3661,-392,0,0
-29,-56,32,1082,3680,-370,0,0
-37,-54,30,1051,3701,-351,0,0
-48,-51,27,1032,3696,-370,0,0
-55,-41,17,1034,3684,-398,0,0
-44,-26,8,1077,3690,-416,0,0
-29,-26,9,1099,3729,-391,0,0
-32,-33,14,1098,3714,-408,0,0
-28,-34,23,1080,3671,-383,0,0
-12,-19,21,1073,3657,-369,0,0
-2,-13,11,1076,3667,-343,0,0
-6,-23,0,1072,3699,-319,0,0
-11,-15,6,1065,3701,-329,0,0
-16,-6,15,1031,3696,-340,0,0
-24,17,11,1014,3703,-361,0,0
-35,19,3,1017,3682,-385,0,0
-40,14,-6,1020,3680,-372,0,0
-38,27,-15,1057,3692,-361,0,0
-41,23,-15,1078,3679,-353,0,0
-43,17,-2,1066,3665,-347,0,0
-38,33,12,1060,3669,-344,0,0
-39,28,11,1060,3685,-325,0,0
-42,20,-3,1087,3694,-319,0,0
-51,6,4,1104,3681,-315,0,0
-61,-12,18,1092,3679,-325,0,0
-63,-31,14,1096,3681,-336,0,0
-56,-32,21,1105,3693,-319,0,0
-54,-24,39,1102,3680,-323,0,0
-63,-51,42,1109,3651,-330,0,0
-62,-77,33,1122,3669,-300,0,0
-63,-76,40,1130,3684,-298,0,0
-67,-65,69,1131,3680,-285,0,0
-63,-70,82,1112,3658,-267,0,0
-60,-65,73,1103,3653,-230,0,0
-75,-32,75,1194,3633,-178,0,0
-106,-28,108,1253,3603,-158,0,0
-133,-69,124,1279,3578,-144,0,0
-146,-193,92,1268,3634,-130,0,0
-131,-168,65,1240,3680,-100,0,0
-100,21,78,1283,3671,-110,0,0
-78,72,76,1351,3705,-89,0,0
-56,30,18,1383,3724,-57,0,0
-22,74,-28,1381,3665,-37,0,0
12,108,-11,1381,3618,-68,0,0
55,121,11,1365,3566,-123,0,0
88,87,13,1359,3543,-162,0,0
100,-11,-48,1372,3676,-160,0,0
119,-22,-136,1423,3821,-181,0,0
148,-10,-167,1383,3868,-209,0,0
127,-22,-123,1175,3677,-298,0,0
85,-43,-52,1006,3519,-369,0,0
66,-80,-56,984,3572,-322,0,0
66,-96,-112,1018,3696,-207,0,0
53,-67,-142,1094,3756,-197,0,0
20,-67,-107,1111,3692,-253,0,0
-9,-132,-34,1073,3618,-305,0,0
3,-197,-8,961,3589,-290,0,0
32,-127,-8,952,3630,-231,0,0
24,-81,-14,987,3727,-216,0,0
-8,-87,-21,996,3751,-261,0,0
-31,-118,-9,978,3744,-332,0,0
-25,-130,4,949,3752,-348,0,0
0,-95,8,933,3746,-322,0,0
28,-27,27,938,3755,-273,0,0
35,20,39,918,3730,-273,0,0
28,65,38,885,3672,-243,0,0
11,107,27,902,3678,-258,0,0
-14,97,-17,930,3711,-285,0,0
-30,101,-47,997,3744,-328,0,0
-32,102,-31,1017,3736,-365,0,0
-22,109,-13,1028,3706,-389,0,0
-5,98,-17,1041,3705,-387,0,0
8,73,-24,1037,3710,-349,0,0
9,71,-20,1025,3696,-304,0,0
0,70,-20,1027,3690,-297,0,0
-12,60,-31,1030,3692,-304,0,0
-18,53,-32,1048,3708,-326,0,0
-13,50,-21,1043,3705,-348,0,0
-1,54,-15,1051,3715,-367,0,0
8,34,-6,1033,3697,-366,0,0
17,25,-9,1040,3698,-348,0,0
20,6,-8,1032,3711,-308,0,0
15,1,-2,1023,3704,-301,0,0
8,-5,1,1012,3701,-293,0,0
4,-13,0,1001,3697,-294,0,0
2,-17,3,1009,3713,-307,0,0
1,-21,5,1011,3713,-322,0,0
3,-27,8,1003,3696,-337,0,0
8,-34,9,989,3676,-313,0,0
11,-16,11,995,3707,-273,0,0
-4,-24,7,1019,3741,-278,0,0
-22,-52,13,1014,3711,-303,0,0
-16,-61,22,974,3701,-315,0,0
-1,-40,18,963,3708,-318,0,0
6,-26,15,981,3714,-310,0,0
8,-25,18,991,3728,-309,0,0
9,-16,29,984,3724,-289,0,0
7,-6,29,976,3712,-288,0,0
2,3,21,972,3706,-283,0,0
-3,13,15,980,3728,-289,0,0
0,34,10,980,3725,-288,0,0
3,74,16,967,3688,-263,0,0
-22,79,4,978,3630,-267,0,0
-66,36,-34,1041,3671,-291,0,0
-89,-24,-60,1117,3725,-373,0,0
-69,-42,-28,1148,3758,-433,0,0
-23,-50,25,1088,3735,-419,0,0
12,-63,35,999,3698,-319,0,0
19,-51,27,1011,3711,-272,0,0
17,-57,30,1010,3721,-245,0,0
16,-39,37,1010,3711,-242,0,0
7,-35,37,1015,3723,-232,0,0
-5,-54,26,998,3723,-246,0,0
-8,-34,22,963,3703,-246,0,0
-8,2,17,974,3712,-254,0,0
-21,9,-3,996,3727,-271,0,0
-33,5,-7,1016,3726,-296,0,0
-27,7,-4,1001,3723,-311,0,0
-12,21,-10,999,3733,-310,0,0
0,29,-12,1005,3737,-298,0,0
7,36,-8,987,3726,-282,0,0
4,47,-9,985,3707,-286,0,0
-8,26,-26,999,3695,-287,0,0
-13,12,-39,1016,3697,-301,0,0
-5,13,-29,1038,3695,-309,0,0
9,21,-9,1043,3699,-302,0,0
14,21,6,1050,3704,-296,0,0
8,-8,11,1033,3689,-297,0,0
-2,-26,13,1002,3699,-290,0,0
-10,-33,16,978,3717,-304,0,0
-9,-25,13,974,3727,-320,0,0
-5,-10,11,983,3723,-304,0,0
-7,-17,8,990,3719,-293,0,0
-9,-18,6,995,3715,-282,0,0
-9,-12,9,1004,3705,-282,0,0
-14,-27,4,995,3716,-285,0,0
-16,-26,5,996,3722,-283,0,0
-14,-20,15,973,3722,-275,0,0
-9,-6,15,976,3719,-280,0,0
-11,-1,11,969,3706,-289,0,0
-6,9,7,1001,3713,-297,0,0
-1,9,5,1024,3726,-282,0,0
-2,3,9,1021,3720,-279,0,0
-7,-11,9,1000,3721,-284,0,0
-6,-3,8,980,3712,-277,0,0
-5,10,8,983,3718,-282,0,0
-11,7,-5,1003,3721,-286,0,0
-13,-3,-6,1019,3719,-292,0,0
-10,-8,0,1004,3706,-286,0,0
-10,-7,-1,1008,3710,-279,0,0
-13,-16,-3,1018,3723,-282,0,0
-15,-29,1,1008,3724,-305,0,0
-9,-30,7,992,3714,-306,0,0
-4,-30,6,989,3713,-299,0,0
-7,-37,2,988,3712,-290,0,0
-7,-34,2,1004,3718,-292,0,0
-5,-33,8,994,3717,-271,0,0
-8,-31,8,983,3711,-272,0,0
-19,-38,0,987,3712,-280,0,0
-25,-43,-1,985,3713,-291,0,0
-20,-35,5,975,3715,-289,0,0
-17,-26,10,971,3731,-297,0,0
-19,-33,10,986,3728,-292,0,0
-12,-53,-6,974,3724,-269,0,0
-5,-29,-2,996,3740,-247,0,0
-11,-37,9,955,3714,-244,0,0
-19,-17,1,949,3704,-261,0,0
-24,-16,-15,974,3729,-275,0,0
-22,-6,-12,990,3734,-277,0,0
-23,-8,4,985,3709,-291,0,0
-18,-24,0,979,3714,-298,0,0
-3,-17,4,978,3730,-268,0,0
5,-5,27,955,3724,-250,0,0
0,3,31,959,3708,-248,0,0
-12,-14,16,954,3713,-233,0,0
-22,-8,13,975,3740,-263,0,0
-30,-13,19,974,3736,-285,0,0
-22,-20,14,973,3721,-282,0,0
-6,-10,10,978,3730,-259,0,0
6,6,23,991,3727,-225,0,0
11,11,29,984,3725,-199,0,0
4,8,24,980,3743,-189,0,0
-6,4,24,946,3736,-202,0,0
-11,15,18,931,3727,-242,0,0
-6,35,6,982,3717,-289,0,0
9,32,7,1024,3727,-310,0,0
27,26,15,1036,3732,-299,0,0
33,22,19,1044,3713,-293,0,0
27,1,32,1025,3684,-282,0,0
25,-8,34,997,3710,-280,0,0
24,7,20,1031,3747,-292,0,0
12,-6,19,1035,3708,-321,0,0
8,-31,20,1010,3692,-338,0,0
19,-34,5,1025,3706,-332,0,0
31,-12,10,1043,3705,-301,0,0
30,-4,28,1028,3686,-289,0,0
21,-7,27,1015,3674,-281,0,0
7,-1,15,1031,3695,-285,0,0
-6,-4,18,1023,3696,-290,0,0
-5,17,22,1019,3687,-311,0,0
-4,19,13,1037,3710,-318,0,0
-11,4,5,1053,3717,-320,0,0
-14,-7,10,1055,3702,-338,0,0
-5,-12,16,1040,3697,-337,0,0
4,-12,14,1058,3711,-331,0,0
1,-27,14,1056,3713,-319,0,0
5,-26,19,1036,3718,-300,0,0
11,-1,21,1033,3685,-288,0,0
2,-11,12,1043,3684,-297,0,0
-4,-31,8,1043,3716,-284,0,0
-3,-24,22,1013,3718,-294,0,0
-9,-4,22,1010,3712,-315,0,0
-19,-31,-3,991,3687,-331,0,0
-13,-24,-13,1014,3704,-354,0,0
1,-9,-7,1036,3730,-340,0,0
11,11,7,1049,3703,-330,0,0
15,9,13,1047,3673,-331,0,0
7,6,15,1049,3649,-327,0,0
-10,-20,-7,1098,3681,-368,0,0
-28,-79,-30,1154,3692,-388,0,0
-27,-117,1,1136,3694,-392,0,0
5,-81,43,1093,3691,-376,0,0
36,-17,73,1093,3683,-358,0,0
47,-4,93,1055,3670,-310,0,0
36,-7,93,1023,3658,-287,0,0
11,-22,60,1018,3690,-276,0,0
-11,-33,25,1016,3713,-290,0,0
-17,-9,30,1019,3720,-328,0,0
-11,19,34,1022,3718,-354,0,0
-4,28,12,1035,3700,-384,0,0
-2,17,-13,1049,3692,-388,0,0
-5,-2,-27,1072,3696,-391,0,0
-1,-10,-34,1089,3693,-400,0,0
12,2,-29,1110,3685,-386,0,0
23,9,-15,1108,3667,-379,0,0
30,17,-3,1105,3661,-351,0,0
28,19,4,1095,3661,-321,0,0
15,20,10,1085,3671,-301,0,0
-4,16,15,1064,3673,-303,0,0
-23,17,15,1065,3679,-327,0,0
-34,8,5,1044,3674,-352,0,0
-26,30,9,1050,3691,-379,0,0
-16,31,5,1055,3706,-386,0,0
-12,35,-4,1064,3698,-381,0,0
-10,32,-3,1066,3681,-372,0,0
-8,26,-8,1062,3670,-349,0,0
-10,25,-29,1084,3687,-337,0,0
-16,18,-18,1094,3684,-344,0,0
-18,26,1,1100,3682,-349,0,0
-18,21,4,1096,3679,-349,0,0
-17,17,4,1091,3683,-349,0,0
-14,19,14,1096,3695,-360,0,0
-11,2,18,1067,3682,-358,0,0
-9,3,10,1069,3690,-357,0,0
-10,-12,5,1070,3697,-349,0,0
-4,-17,7,1063,3709,-350,0,0
7,-4,12,1060,3700,-332,0,0
10,-8,10,1064,3693,-317,0,0
4,-21,0,1062,3700,-308,0,0
-3,-22,4,1060,3687,-307,0,0
0,-11,11,1043,3684,-301,0,0
4,7,8,1048,3692,-302,0,0
-2,7,4,1051,3704,-303,0,0
-11,5,2,1049,3701,-303,0,0
-17,1,-4,1047,3689,-315,0,0
-12,1,-13,1055,3697,-310,0,0
-5,8,-11,1061,3704,-301,0,0
-5,15,-7,1062,3687,-306,0,0
-11,7,-7,1058,3676,-313,0,0
-14,-2,-13,1070,3690,-338,0,0
-8,-4,-14,1068,3702,-329,0,0
0,5,-4,1074,3708,-336,0,0
2,-3,-6,1066,3686,-338,0,0
3,-5,-5,1072,3696,-334,0,0
2,-18,-4,1060,3705,-339,0,0
1,-18,-2,1048,3703,-337,0,0
2,-29,2,1033,3700,-331,0,0
2,-22,-2,1024,3704,-323,0,0
1,-10,-6,1037,3699,-319,0,0
-1,-15,-4,1027,3688,-315,0,0
-1,-8,-4,1027,3696,-316,0,0
1,4,-4,1035,3694,-310,0,0
-3,5,1,1036,3688,-326,0,0
-5,15,5,1045,3692,-336,0,0
-3,10,6,1050,3713,-348,0,0
-3,10,19,1043,3700,-353,0,0
-7,-7,16,1035,3687,-368,0,0
-7,-20,2,1034,3693,-370,0,0
-1,-23,4,1045,3700,-348,0,0
1,-22,8,1056,3712,-336,0,0
-4,-29,8,1059,3714,-339,0,0
-6,-35,19,1042,3690,-346,0,0
2,-26,28,1028,3683,-342,0,0
7,-24,23,1024,3707,-340,0,0
7,-23,20,1030,3708,-340,0,0
2,-27,21,1021,3709,-341,0,0
3,-19,18,1014,3701,-337,0,0
2,-16,9,1016,3690,-351,0,0
3,-8,4,1032,3680,-354,0,0
15,-2,5,1052,3696,-344,0,0
20,4,11,1056,3696,-336,0,0
12,15,18,1063,3688,-345,0,0
8,11,24,1048,3685,-358,0,0
7,14,25,1040,3681,-371,0,0
7,21,16,1051,3689,-382,0,0
9,20,12,1052,3699,-385,0,0
7,15,12,1060,3694,-394,0,0
4,6,6,1067,3689,-400,0,0
6,1,3,1076,3681,-401,0,0
8,-4,6,1078,3668,-397,0,0
8,-8,8,1076,3670,-377,0,0
7,-4,6,1084,3695,-357,0,0
-4,-6,15,1062,3672,-343,0,0
-11,4,24,1052,3675,-346,0,0
-11,1,8,1035,3699,-342,0,0
-19,20,4,1052,3690,-357,0,0
-30,5,11,1043,3676,-371,0,0
-26,2,0,1037,3685,-377,0,0
-19,10,-13,1060,3691,-386,0,0
-15,14,-5,1074,3687,-375,0,0
-7,13,4,1073,3694,-360,0,0
-3,17,4,1068,3681,-349,0,0
-1,31,14,1083,3683,-341,0,0
0,31,20,1062,3690,-332,0,0
-5,35,15,1056,3689,-328,0,0
-18,24,10,1057,3684,-340,0,0
-27,5,4,1058,3693,-367,0,0
-21,3,-1,1063,3695,-386,0,0
1,11,0,1077,3709,-401,0,0
26,32,11,1086,3697,-376,0,0
29,20,12,1089,3687,-355,0,0
16,-4,5,1080,3677,-326,0,0
1,-14,5,1073,3675,-318,0,0
-8,-10,6,1072,3692,-316,0,0
-18,-10,8,1068,3691,-333,0,0
-25,-11,15,1055,3690,-345,0,0
-23,-13,8,1050,3692,-364,0,0
-19,-9,2,1070,3700,-370,0,0
-14,-16,2,1067,3698,-371,0,0
-9,-20,1,1066,3699,-355,0,0
-5,-19,0,1064,3692,-331,0,0
-7,-18,1,1054,3683,-319,0,0
-6,-26,0,1053,3687,-316,0,0
-8,-25,-4,1058,3702,-325,0,0
-12,-1,2,1061,3702,-315,0,0
-19,3,6,1045,3694,-327,0,0
-25,-4,2,1035,3697,-330,0,0
-23,1,0,1031,3701,-342,0,0
-20,6,-2,1039,3696,-352,0,0
-19,0,-8,1044,3699,-344,0,0
-15,-8,-11,1050,3698,-347,0,0
-12,-13,-10,1048,3695,-335,0,0
-10,-14,-9,1060,3691,-329,0,0
-11,-17,-2,1069,3698,-328,0,0
-16,-21,8,1065,3692,-324,0,0
-20,-32,14,1039,3693,-330,0,0
-18,-30,13,1020,3701,-321,0,0
-20,-28,6,1012,3721,-325,0,0
-27,-25,4,1021,3716,-359,0,0
-28,-40,1,1013,3712,-388,0,0
-24,-58,-5,1008,3724,-393,0,0
-18,-59,-8,984,3718,-392,0,0
-10,-31,6,973,3698,-377,0,0
-12,-37,9,961,3708,-372,0,0
-22,-40,3,945,3713,-376,0,0
-28,-46,6,966,3717,-390,0,0
-16,-56,12,974,3717,-404,0,0
8,-40,36,976,3642,-414,0,0
33,-37,53,990,3601,-404,0,0
41,-52,41,1062,3621,-379,0,0
16,-358,53,1411,3642,-461,0,0
-23,-1221,93,1189,3530,-337,0,0
-52,-832,178,893,3491,-247,0,0
-44,98,179,1219,3626,-434,0,0
-27,169,15,1354,3712,-549,0,0
-33,106,-49,1316,3653,-633,0,0
-18,265,9,1281,3606,-749,0,0
34,385,1,1324,3575,-793,0,0
44,280,-30,1260,3408,-639,0,0
45,426,-5,1324,3443,-626,0,0
76,385,-60,1372,3415,-619,0,0
107,212,-158,1247,3237,-546,0,0
106,385,-184,1276,3111,-534,0,0
76,445,-172,1433,3053,-593,0,0
16,117,-177,1384,2847,-602,0,0
-50,83,-155,1415,2776,-668,0,0
-76,58,-185,1597,2959,-745,0,0
-88,-54,-258,1478,2894,-732,0,0
-134,181,-236,1377,2703,-747,0,0
-167,301,-190,1196,2503,-581,0,0
-144,216,-246,1035,3287,-304,0,0
-186,143,-370,691,3560,-45,0,0
-258,-79,-329,654,3901,-96,0,0
-217,-946,-367,106,4418,439,0,0
-281,-832,-297,-762,3791,508,0,0
-219,-21,-242,-505,4137,391,0,0
-140,-12,-340,-97,4665,603,0,0
-168,-399,-321,-286,4780,739,0,0
-212,-208,-196,-336,4797,729,0,0
-236,112,-91,-186,4385,670,0,0
-188,22,-78,78,4952,668,0,0
-140,-185,-209,17,5314,776,0,0
-132,-2,-166,33,5680,756,0,0
-31,207,-65,-170,5561,930,0,0
9,508,68,-169,5229,833,0,0
-13,485,22,-89,5211,725,0,0
-5,485,23,-178,4824,728,0,0
45,696,123,-130,4374,615,0,0
103,680,151,89,4078,524,0,0
88,205,206,19,3887,576,0,0
129,38,344,-275,4206,756,0,0
236,455,455,-303,4138,633,0,0
246,623,515,-151,4167,502,0,0
155,334,496,63,3920,476,0,0
52,-253,449,194,3737,316,0,0
6,-540,425,115,3337,43,0,0
83,-58,469,194,2739,-70,0,0
109,516,348,717,2914,-214,0,0
87,337,-162,1226,3422,-337,0,0
26,-254,-775,1240,3562,-249,0,0
-141,-348,-984,1083,3555,-501,0,0
-181,-42,-775,1092,3339,-682,0,0
-72,233,-521,1251,3034,-604,0,0
37,202,-384,1267,3052,-577,0,0
180,144,-300,1249,3407,-526,0,0
307,203,-222,1167,3689,-331,0,0
304,360,-58,1130,3556,-179,0,0
142,263,170,1073,3293,-219,0,0
15,-20,302,991,3486,-91,0,0
-76,-183,292,779,3325,-50,0,0
-89,-212,232,703,3447,-94,0,0
26,-249,114,579,3863,-34,0,0
134,-184,25,297,3886,-70,0,0
179,10,57,190,3805,-301,0,0
221,174,208,222,3917,-459,0,0
230,370,352,374,3952,-590,0,0
257,562,341,374,4010,-824,0,0
288,799,224,669,3763,-875,0,0
265,659,160,776,3510,-907,0,0
279,397,150,659,3405,-700,0,0
308,521,110,787,3339,-563,0,0
220,453,69,823,3197,-545,0,0
81,476,90,943,3123,-631,0,0
-6,364,19,1211,3137,-916,0,0
-14,-18,-128,1152,3014,-903,0,0
-13,-33,-143,1156,2950,-791,0,0
-23,21,-116,1209,3093,-812,0,0
-42,-36,-131,1273,3153,-891,0,0
-82,-229,-123,1258,3196,-1014,0,0
-77,-253,-56,914,3198,-987,0,0
-34,155,45,686,3336,-911,0,0
34,211,39,381,3340,-536,0,0
25,171,9,48,3223,-162,0,0
-3,60,-51,-74,3573,-113,0,0
11,-91,-287,154,4407,267,0,0
-48,-593,-482,120,5185,591,0,0
-143,-698,-360,-349,5010,916,0,0
-144,-65,-135,-331,5288,704,0,0
-158,123,-19,-357,4993,439,0,0
-193,230,82,-432,4767,256,0,0
-127,433,53,-154,4850,197,0,0
-122,-11,-34,158,5205,247,0,0
-143,-339,-73,146,5468,439,0,0
-138,29,14,106,5438,446,0,0
-150,320,118,38,5145,274,0,0
-107,10,66,-93,5030,148,0,0
-7,-227,94,-265,4841,303,0,0
71,229,311,-58,4632,296,0,0
162,404,511,327,4396,345,0,0
244,2,620,538,4314,439,0,0
269,-361,636,499,4207,297,0,0
238,-334,561,493,4067,3,0,0
160,-327,427,380,3612,-218,0,0
40,-561,244,310,3092,-520,0,0
0,-526,70,453,2718,-744,0,0
-52,-260,-43,738,2752,-851,0,0
-122,-188,-191,993,3066,-804,0,0
-202,-229,-343,1107,3124,-880,0,0
-219,-228,-316,997,2815,-913,0,0
-185,-60,-170,1033,2713,-880,0,0
-144,-5,-86,1049,2768,-823,0,0
-108,5,-83,1043,2811,-763,0,0
-105,-65,-105,1101,3166,-726,0,0
-106,-211,-108,916,3662,-606,0,0
-105,-170,-108,774,3828,-709,0,0
-82,-109,-34,666,3671,-726,0,0
-94,-98,142,738,3632,-761,0,0
-77,-303,238,755,4013,-603,0,0
-38,-389,202,790,4229,-471,0,0
-27,-342,149,785,3698,-391,0,0
-49,-295,214,650,2834,-396,0,0
29,-65,343,779,2827,-178,0,0
159,91,156,1201,3964,-19,0,0
199,-79,-374,1316,4484,-1,0,0
86,-129,-642,1182,4090,-139,0,0
-88,74,-379,1188,3883,-371,0,0
-227,71,35,1144,3435,-470,0,0
-310,-70,313,1049,3118,-492,0,0
-299,-80,302,1114,3187,-506,0,0
-225,-103,8,1096,3160,-462,0,0
-152,32,-231,1045,3139,-446,0,0
-111,256,-260,1210,3246,-504,0,0
-107,276,-215,1285,3248,-555,0,0
-119,293,-175,1376,3212,-639,0,0
-115,313,-181,1443,3016,-648,0,0
-95,217,-180,1295,2723,-623,0,0
-58,242,-97,1013,2562,-490,0,0
60,379,-58,591,3476,65,0,0
4,632,-167,521,3578,170,0,0
-65,-56,-373,552,4712,-25,0,0
-88,-680,-360,-137,4117,318,0,0
-175,-147,28,-488,3157,285,0,0
-128,169,77,-47,3781,331,0,0
-88,-687,-239,-51,4327,640,0,0
-16,-917,-241,-570,4870,1009,0,0
-30,-146,116,-719,4436,944,0,0
-53,147,350,-821,4481,870,0,0
-52,263,257,-683,4366,580,0,0
68,729,103,-325,4578,336,0,0
194,1063,51,300,5139,210,0,0
165,761,45,423,5199,50,0,0
109,206,-13,394,5591,102,0,0
71,-139,-7,100,5414,308,0,0
82,-55,35,-51,5388,482,0,0
54,168,24,-107,5049,493,0,0
-14,148,34,-98,4839,392,0,0
-34,86,26,-184,4432,323,0,0
-11,76,48,15,4170,250,0,0
47,-193,111,-101,4269,512,0,0
47,-124,332,-270,3930,587,0,0
-12,123,538,-71,3893,420,0,0
-91,-38,476,366,4060,234,0,0
-189,-705,260,696,4083,-9,0,0
-230,-1390,226,557,3331,-150,0,0
-186,-1295,421,387,2798,-14,0,0
-179,-536,416,756,2935,-152,0,0
-176,-289,122,1031,2742,-190,0,0
-213,-391,-191,1092,2602,-192,0,0
-268,-531,-371,1224,2632,-333,0,0
-235,-818,-420,1205,2714,-331,0,0
-102,-873,-354,1136,3000,-288,0,0
101,-573,-228,1070,3434,-215,0,0
314,110,-83,1060,3868,-114,0,0
457,835,50,1224,4203,-84,0,0
451,1129,143,1301,3992,-122,0,0
331,1010,222,1298,3596,-203,0,0
186,673,266,1229,3363,-232,0,0
65,389,242,1250,3230,-305,0,0
30,99,112,1292,3434,-388,0,0
151,-32,-105,1207,3895,-304,0,0
285,261,-243,1202,4079,-307,0,0
385,612,-259,1141,4099,-376,0,0
387,856,-147,1090,3416,-501,0,0
316,493,-8,950,3156,-660,0,0
283,-79,22,814,3574,-568,0,0
281,-162,-58,761,4019,-621,0,0
299,10,-84,634,4017,-733,0,0
255,306,48,578,3787,-880,0,0
172,497,178,544,3275,-976,0,0
161,569,135,664,3092,-1020,0,0
195,381,-116,792,3068,-888,0,0
143,188,-327,814,3125,-804,0,0
19,212,-313,1002,3178,-856,0,0
-126,-18,-267,1099,2909,-959,0,0
-209,-268,-227,898,2502,-983,0,0
-174,-229,-224,1016,2657,-927,0,0
-125,-381,-298,1116,3199,-895,0,0
-129,-477,-253,955,3341,-880,0,0
-169,-126,-78,863,3314,-967,0,0
-182,121,26,807,3144,-1120,0,0
-160,132,40,734,2821,-1069,0,0
-63,55,-6,450,3194,-729,0,0
17,254,51,148,3200,-266,0,0
93,375,91,71,4408,148,0,0
43,23,29,-166,4708,364,0,0
-10,-412,-123,-410,5034,324,0,0
-14,-163,-118,-566,5143,578,0,0
-25,233,-28,-294,5064,628,0,0
-58,-99,-41,-393,5265,530,0,0
-173,-97,-51,-441,5031,183,0,0
-120,238,-119,-149,5228,205,0,0
-105,137,-155,167,5295,142,0,0
-119,-406,-75,-57,5488,297,0,0
-92,-197,45,-181,5276,390,0,0
-34,-5,82,-164,5148,428,0,0
-17,62,113,-102,4755,387,0,0
-47,-159,167,15,4675,352,0,0
-6,-407,191,-303,4727,635,0,0
87,31,292,-331,4443,615,0,0
102,171,369,-55,4313,480,0,0
55,-64,294,-34,4286,406,0,0
17,101,218,219,4149,206,0,0
-81,189,143,416,3635,-326,0,0
-161,318,192,436,2827,-768,0,0
-203,316,255,748,2752,-1130,0,0
-157,89,133,961,3098,-1116,0,0
-102,70,-164,1156,3212,-1001,0,0
-74,-21,-401,1234,3253,-897,0,0
-55,-152,-429,1150,3329,-821,0,0
-41,-141,-281,1003,3124,-808,0,0
7,-30,-108,1016,3036,-766,0,0
80,-83,-87,1030,3174,-782,0,0
141,-239,-74,900,3068,-676,0,0
185,-204,37,756,2947,-599,0,0
262,-100,144,645,3249,-434,0,0
279,27,146,793,4066,-361,0,0
166,-104,69,819,4427,-352,0,0
-41,-335,146,690,3829,-518,0,0
-150,-536,353,503,3395,-622,0,0
-81,-539,425,417,3534,-579,0,0
38,-255,325,562,3825,-477,0,0
29,-110,244,700,3703,-527,0,0
-47,-293,223,671,3469,-557,0,0
-98,-383,212,651,3130,-579,0,0
-61,-251,182,883,3248,-493,0,0
-15,-254,-21,1267,3966,-393,0,0
-27,-357,-316,1112,3979,-473,0,0
-35,-30,-337,1123,3828,-565,0,0
-77,233,-139,1227,3557,-659,0,0
-148,184,91,1148,3186,-693,0,0
-164,158,178,1223,3116,-711,0,0
-104,54,4,1264,3069,-694,0,0
-6,53,-178,1175,2951,-626,0,0
66,260,-111,1176,2836,-543,0,0
54,225,23,1283,3047,-562,0,0
12,13,-21,1274,3296,-548,0,0
-16,78,-100,1206,3218,-522,0,0
-51,228,-56,1175,2955,-590,0,0
-72,290,45,1190,2859,-663,0,0
-60,315,52,1349,3191,-631,0,0
-39,203,-90,1199,3481,-493,0,0
-53,-2,-80,1097,3750,-337,0,0
23,-293,-37,672,4518,39,0,0
3,-177,191,267,4119,148,0,0
-74,-169,463,213,4232,74,0,0
1,-407,386,71,4862,320,0,0
33,-364,331,-316,4657,422,0,0
63,-63,345,-304,4858,414,0,0
69,156,240,-171,4713,434,0,0
-9,-50,12,100,5020,302,0,0
-74,-326,-206,130,4924,286,0,0
-68,-224,-299,288,5197,210,0,0
0,4,-365,384,5405,242,0,0
20,173,-396,528,5524,122,0,0
45,46,-365,359,5489,264,0,0
21,95,-197,278,5043,229,0,0
-5,85,-38,216,4662,194,0,0
44,128,21,164,4391,280,0,0
97,176,82,193,4174,253,0,0
132,78,172,82,4142,337,0,0
122,111,284,66,4084,324,0,0
30,19,357,203,4003,228,0,0
-79,-286,292,311,3797,62,0,0
-147,-389,197,196,3146,-151,0,0
-208,-17,243,251,2435,-387,0,0
-205,363,188,606,2421,-492,0,0
-211,470,-174,1114,2800,-415,0,0
-330,175,-735,1392,3190,-578,0,0
-415,-204,-1080,1342,3212,-644,0,0
-336,-178,-976,1258,3114,-633,0,0
-181,-18,-635,1272,3182,-569,0,0
-24,161,-286,1273,3513,-524,0,0
105,349,6,1331,3801,-488,0,0
184,473,240,1269,3789,-382,0,0
187,554,421,1235,3563,-365,0,0
142,442,509,1221,3428,-408,0,0
123,263,503,1080,3477,-361,0,0
156,214,418,1109,3757,-328,0,0
243,99,173,1163,4200,-272,0,0
305,49,-16,837,3882,-213,0,0
260,257,130,689,3353,-337,0,0
216,77,211,535,3368,-405,0,0
215,-143,69,390,3500,-326,0,0
230,-38,-79,534,3972,-378,0,0
196,113,-123,683,3964,-567,0,0
148,289,-39,890,3787,-667,0,0
68,244,-6,1041,3778,-874,0,0
43,2,-29,997,3452,-907,0,0
87,104,-34,972,3346,-909,0,0
100,244,-19,972,3237,-944,0,0
59,238,35,980,3052,-919,0,0
-5,16,26,986,2897,-884,0,0
-26,-186,-12,884,2858,-816,0,0
-18,-185,-18,929,2995,-812,0,0
-3,-293,-37,883,3191,-771,0,0
1,-254,-30,755,3327,-749,0,0
-44,5,-2,764,3161,-955,0,0
-88,73,49,700,2671,-1063,0,0
-31,103,65,527,2661,-977,0,0
141,131,-69,369,3299,-721,0,0
178,296,-167,354,3009,-415,0,0
158,18,-221,500,4353,-280,0,0
128,-272,-282,297,4315,133,0,0
72,-46,-223,388,4442,224,0,0
53,-59,-58,192,4502,432,0,0
45,74,73,28,4913,390,0,0
-30,161,56,-26,5039,58,0,0
-131,134,148,-5,5230,-54,0,0
-114,108,170,52,5618,-29,0,0
-138,192,156,244,5248,-183,0,0
-135,27,52,410,5815,0,0,0
-168,-63,-91,309,5228,45,0,0
-198,-42,-41,306,5027,-63,0,0
-178,190,-21,265,4876,123,0,0
-196,276,-41,412,4500,-125,0,0
-132,-324,-83,388,4795,-79,0,0
18,-369,-7,124,4711,177,0,0
113,111,238,91,4388,44,0,0
157,308,358,113,4269,54,0,0
162,252,318,258,3944,95,0,0
97,-85,218,515,3955,15,0,0
-13,-470,100,535,3679,8,0,0
-149,-479,84,517,2774,-192,0,0
-194,-551,110,734,2575,-577,0,0
-106,-760,53,730,2878,-554,0,0
-93,-478,11,781,3196,-755,0,0
-101,-9,37,933,3280,-922,0,0
-108,118,-12,1180,3316,-987,0,0
-118,-297,-138,1107,3483,-1068,0,0
-90,-430,-136,905,3190,-1054,0,0
-31,-274,10,846,2998,-1028,0,0
10,-286,111,853,3057,-1011,0,0
67,-400,56,852,3418,-887,0,0
120,-356,-38,809,3696,-776,0,0
133,-178,42,674,3475,-696,0,0
109,-7,224,616,3258,-639,0,0
88,-27,247,680,3583,-553,0,0
70,-184,122,665,3948,-484,0,0
6,-152,110,637,3871,-540,0,0
-69,-136,225,637,3667,-649,0,0
-61,-163,292,539,3386,-667,0,0
13,-76,264,612,3276,-696,0,0
109,-54,195,770,3789,-617,0,0
145,17,132,846,4089,-546,0,0
54,133,144,805,3333,-568,0,0
-28,110,210,917,2976,-533,0,0
-19,-79,34,1044,3451,-409,0,0
-29,-65,-304,1152,3660,-410,0,0
-89,122,-542,1333,3888,-559,0,0
-124,272,-622,1486,4087,-765,0,0
-138,273,-516,1456,3689,-877,0,0
-164,232,-197,1401,3450,-947,0,0
-133,142,34,1394,3409,-898,0,0
-55,43,51,1334,3337,-818,0,0
44,64,-24,1296,3389,-802,0,0
135,139,-76,1301,3523,-742,0,0
164,202,-28,1284,3471,-732,0,0
141,217,114,1211,3138,-746,0,0
102,174,254,1219,2957,-755,0,0
69,57,227,1289,2986,-766,0,0
49,0,96,1280,2801,-786,0,0
29,25,29,1324,2730,-779,0,0
13,-29,-36,1329,2776,-779,0,0
8,-29,-132,1374,3001,-708,0,0
-35,-84,-235,1453,3637,-655,0,0
-179,-253,-197,1158,3491,-588,0,0
-211,-382,36,989,3963,-444,0,0
-102,-421,159,524,3981,-209,0,0
-80,-223,384,366,3401,-193,0,0
19,-141,579,232,3646,19,0,0
118,77,564,293,3981,258,0,0
122,-36,387,239,4929,191,0,0
68,-53,205,250,5375,210,0,0
-2,-29,110,-53,5113,217,0,0
-47,155,267,-129,4743,182,0,0
-81,400,263,174,4531,11,0,0
-73,101,-155,513,4861,-141,0,0
-19,-327,-581,678,5416,-94,0,0
-30,-289,-645,690,5675,-192,0,0
-25,71,-488,713,5733,-328,0,0
23,300,-369,721,5335,-460,0,0
68,149,-271,566,4831,-456,0,0
120,170,-113,440,4478,-214,0,0
123,251,50,497,4182,-125,0,0
140,99,168,356,3912,91,0,0
167,113,206,295,3807,94,0,0
176,83,186,291,3973,84,0,0
74,54,294,253,3999,100,0,0
-129,0,372,397,3900,-76,0,0
-323,-342,209,407,3273,-372,0,0
-419,-553,77,311,2488,-450,0,0
-402,-390,-38,565,2547,-430,0,0
-355,-278,-374,904,3063,-419,0,0
-344,-160,-770,1112,3477,-2512,0,0
-419,-62,-976,1186,3360,-682,0,0
-445,-62,-842,1203,3254,-742,0,0
-373,12,-487,1105,3119,-727,0,0
-246,275,-59,1143,2992,-766,0,0
-98,349,185,1181,3278,-643,0,0
49,401,158,1224,3669,-373,0,0
114,539,26,1192,3735,-273,0,0
87,591,19,1245,3459,-371,0,0
51,287,137,1255,3350,-365,0,0
104,-26,280,1050,3749,-181,0,0
235,208,335,962,4292,-116,0,0
364,613,285,893,4009,-162,0,0
401,629,320,824,3576,-321,0,0
414,342,375,591,3522,-418,0,0
471,373,378,396,3338,-488,0,0
490,623,369,625,3528,-593,0,0
405,476,242,939,4832,-750,0,0
212,62,79,924,4890,-1057,0,0
74,47,114,794,3578,-1360,0,0
103,79,189,1071,2852,-1318,0,0
214,-303,16,1109,2715,-1037,0,0
274,-335,-2288,1152,2858,-905,0,0
263,-207,-444,1340,3342,-848,0,0
169,-273,-529,1316,3609,-850,0,0
23,-268,-300,1216,3133,-970,0,0
-65,-229,92,1091,2862,-958,0,0
-70,-240,281,1060,2972,-882,0,0
-54,-106,239,963,3033,-875,0,0
-89,177,152,994,2967,-947,0,0
-176,169,114,1100,2994,-1038,0,0
-236,-121,59,954,3064,-1091,0,0
-233,-58,62,812,2979,-1076,0,0
-212,325,95,669,2635,-1056,0,0
-197,457,95,890,3013,-959,0,0
-86,149,-114,572,4148,-686,0,0
-13,623,-141,474,3814,-2440,0,0
41,610,-38,609,4348,-238,0,0
85,279,6,280,4032,180,0,0
67,329,17,391,3886,159,0,0
17,-19,-84,546,3774,50,0,0
-8,-217,-191,530,4239,242,0,0
-24,-31,-230,528,4471,372,0,0
-124,84,-148,708,4221,86,0,0
-155,-178,-52,673,4534,111,0,0
-100,-161,8,606,4816,165,0,0
-32,55,65,631,5300,198,0,0
-59,101,124,638,5343,174,0,0
-89,-15,112,623,5585,118,0,0
-98,10,46,514,5482,105,0,0
-111,159,19,522,5176,-16,0,0
-108,129,-16,606,5166,-158,0,0
-31,-24,-33,665,5043,-91,0,0
67,-54,53,612,4732,90,0,0
121,25,173,634,4566,8,0,0
224,-50,182,474,4413,135,0,0
280,117,260,378,4114,230,0,0
234,261,354,428,4087,140,0,0
125,127,317,583,3812,23,0,0
-30,-200,154,689,3215,-347,0,0
-124,-523,10,712,2627,-664,0,0
-127,-550,-55,717,2347,-791,0,0
-147,-251,-140,927,2326,-955,0,0
-135,-213,-364,1080,2778,-1014,0,0
-82,-204,-601,1117,3286,-960,0,0
-73,-37,-652,1128,3319,-1134,0,0
-69,-11,-401,1055,3204,-1074,0,0
-84,-107,-63,1063,3211,-1015,0,0
-62,-264,64,881,3177,-943,0,0
-22,-169,11,854,3227,-866,0,0
0,-208,-90,885,3454,-815,0,0
18,-300,-81,755,3604,-709,0,0
-21,-204,73,791,3627,-769,0,0
-83,-312,225,770,3524,-818,0,0
-116,-466,357,607,3262,-774,0,0
-98,-463,428,609,3373,-699,0,0
-52,-492,305,758,3955,-558,0,0
-49,-583,139,813,4036,-533,0,0
-29,-572,171,730,3800,-473,0,0
-1,-370,361,661,3446,-445,0,0
1,-216,478,678,3159,-475,0,0
8,-141,367,808,3258,-409,0,0
-25,-104,88,973,3480,-364,0,0
-131,-144,-183,1172,3744,-433,0,0
-215,-294,-409,1304,4168,-485,0,0
-222,-258,-522,1156,4143,-496,0,0
-268,107,-314,1056,3519,-620,0,0
-347,236,30,1174,3272,-710,0,0
-376,-24,84,1197,3341,-737,0,0
-295,-211,-177,1208,3442,-780,0,0
-139,-67,-444,1255,3558,-753,0,0
8,97,-495,1235,3532,-684,0,0
64,189,-299,1141,3341,-631,0,0
42,247,-6,1104,3176,-583,0,0
22,174,111,1039,2991,-565,0,0
53,190,79,958,2872,-492,0,0
109,212,-39,1154,3234,-584,0,0
132,196,-219,1150,3182,-577,0,0
62,411,-214,1121,3075,-596,0,0
-37,283,-103,1074,3432,-441,0,0
-177,-90,-28,560,3303,-166,0,0
-140,-6,41,187,3895,305,0,0
-103,526,109,-134,3618,640,0,0
-157,781,102,-379,3611,598,0,0
-231,900,3,-673,4022,675,0,0
-377,913,-103,-611,4358,566,0,0
-361,900,-98,-654,4420,505,0,0
-218,1394,-3,-224,4804,445,0,0
-152,1161,-23,119,4964,277,0,0
-158,415,-117,236,5046,270,0,0
-135,-179,-118,230,5277,432,0,0
-62,-511,-65,111,5362,404,0,0
71,-729,-88,158,5749,448,0,0
152,-868,-99,-50,5871,552,0,0
145,-540,110,-323,5395,549,0,0
146,80,278,-184,4971,563,0,0
150,305,223,-27,4550,447,0,0
157,58,112,-150,4335,496,0,0
115,36,93,-10,4161,493,0,0
124,-90,125,-70,4159,590,0,0
145,-95,269,-83,4098,569,0,0
143,-46,413,13,4002,388,0,0
118,-156,496,142,3907,304,0,0
75,-475,419,421,3983,137,0,0
64,-1051,330,461,3580,43,0,0
46,-1254,487,170,2676,54,0,0
-28,-616,628,301,2549,-30,0,0
-94,2,376,772,2758,-189,0,0
-131,2,-221,1133,2807,-200,0,0
-227,-263,-814,1198,2999,-445,0,0
-262,-600,-1090,1221,3180,-604,0,0
-208,-692,-1089,1127,3348,-565,0,0
-117,-416,-898,1141,3562,-611,0,0
19,36,-624,1189,3813,-732,0,0
172,402,-304,1181,3803,-639,0,0
255,670,31,1178,3645,-555,0,0
260,771,261,1216,3435,-572,0,0
247,644,333,1294,3719,-494,0,0
201,330,224,1268,3684,-519,0,0
151,22,219,908,2902,-516,0,0
185,69,490,813,3016,-413,0,0
313,9,525,993,4241,-250,0,0
403,-44,251,696,4443,-294,0,0
389,424,313,544,3509,-657,0,0
333,561,715,560,3378,-781,0,0
271,76,856,475,3997,-683,0,0
247,-76,563,506,4200,-738,0,0
167,222,150,764,3654,-946,0,0
0,215,-85,1163,3140,-1130,0,0
-66,-440,-247,1175,3055,-1069,0,0
-11,-687,-351,1012,3073,-955,0,0
24,-238,-347,1109,3068,-1094,0,0
36,32,-293,1340,3330,-1172,0,0
35,-91,-272,1253,3509,-1117,0,0
10,-15,-158,1096,3141,-1144,0,0
20,126,41,1146,3027,-1096,0,0
47,20,90,1073,3178,-940,0,0
19,36,73,921,2966,-888,0,0
-28,173,81,870,2950,-818,0,0
-92,228,61,841,3004,-828,0,0
-156,195,15,735,2989,-924,0,0
-192,389,17,576,2769,-911,0,0
-160,621,17,795,3396,-875,0,0
-38,428,-199,633,4285,-540,0,0
-69,578,-285,600,3985,-364,0,0
-76,368,-175,565,4280,-273,0,0
-38,86,-3,198,3768,95,0,0
13,371,80,226,3696,75,0,0
-4,273,-61,639,3709,-24,0,0
-55,-345,-254,600,3967,165,0,0
-74,-370,-252,394,4374,427,0,0
-110,27,-105,669,4837,252,0,0
-110,-204,23,415,4934,296,0,0
-107,-34,223,366,5055,267,0,0
-60,169,259,516,5693,310,0,0
-64,98,111,463,5697,236,0,0
-95,-45,14,435,5792,113,0,0
-120,-13,23,376,5537,61,0,0
-81,-42,23,389,5204,-96,0,0
9,-199,2,250,5025,13,0,0
92,-48,2,273,4907,49,0,0
165,-48,-11,292,4666,103,0,0
243,-185,19,240,4304,191,0,0
268,-194,87,364,4047,131,0,0
249,-302,129,435,4041,131,0,0
158,-198,250,350,3523,-33,0,0
45,131,378,588,3083,-473,0,0
-23,16,287,751,2487,-627,0,0
-77,-229,144,849,2279,-674,0,0
-107,-271,-57,1003,2737,-782,0,0
-140,-89,-358,1109,3079,-929,0,0
-210,68,-538,1297,3272,-1144,0,0
-260,-184,-548,1349,3631,-1344,0,0
-246,-505,-389,1132,3541,-1375,0,0
-217,-469,-141,983,3122,-1278,0,0
-149,-412,-11,995,3039,-1189,0,0
-25,-527,-9,821,3017,-970,0,0
131,-441,-6,652,3158,-769,0,0
265,-108,98,568,3425,-582,0,0
283,191,237,529,3580,-503,0,0
156,257,339,452,3250,-516,0,0
-31,106,326,509,3325,-494,0,0
-184,-261,23,743,3878,-526,0,0
-298,-652,-250,695,3968,-580,0,0
-362,-695,-142,640,3717,-693,0,0
-280,-583,147,541,3773,-647,0,0
-108,-203,287,584,3958,-642,0,0
-7,49,294,698,3614,-801,0,0
61,-49,373,651,3548,-731,0,0
172,-7,427,595,3790,-553,0,0
247,266,352,687,3663,-519,0,0
191,375,257,816,3188,-532,0,0
96,174,155,902,3126,-430,0,0
43,-33,-63,1042,3663,-289,0,0
-15,-47,-377,1186,4015,-282,0,0
-108,59,-594,1276,4131,-368,0,0
-232,144,-578,1264,3937,-507,0,0
-362,135,-329,1257,3505,-635,0,0
-434,-4,-83,1242,3323,-698,0,0
-441,-145,-62,1228,3297,-688,0,0
-314,-166,-212,1311,3298,-808,0,0
-114,-81,-356,1279,3296,-812,0,0
45,36,-353,1231,3321,-728,0,0
122,115,-157,1156,3259,-665,0,0
121,200,112,1104,3088,-653,0,0
102,177,255,1152,2990,-611,0,0
109,102,230,1203,3152,-612,0,0
148,102,67,1233,3222,-592,0,0
146,150,-63,1156,2978,-609,0,0
108,129,-66,1334,3631,-666,0,0
43,-85,-101,987,4019,-492,0,0
-82,-110,128,834,3529,-483,0,0
16,-390,406,527,3789,-152,0,0
139,-128,630,399,3237,37,0,0
185,-15,799,571,3547,-25,0,0
286,-13,748,428,4006,316,0,0
238,211,654,365,4448,347,0,0
124,98,600,297,5106,210,0,0
42,69,572,157,5030,364,0,0
-69,235,480,182,5018,188,0,0
-166,236,322,321,4622,4,0,0
-181,-60,84,733,4941,-33,0,0
-83,-363,-283,886,5431,36,0,0
-47,-5,-533,1025,5644,-25,0,0
-49,371,-626,915,5863,-83,0,0
-14,499,-605,731,5620,-56,0,0
-8,540,-483,467,5119,83,0,0
-58,523,-459,557,4882,-12,0,0
-69,239,-512,555,4441,54,0,0
-87,-94,-391,501,3996,107,0,0
-12,-251,-171,283,3942,270,0,0
71,65,51,273,3723,214,0,0
75,206,192,388,3750,65,0,0
22,-1,224,555,3849,29,0,0
-84,-418,192,765,3540,-154,0,0
-193,-844,259,632,2703,-250,0,0
-251,-719,430,594,2337,-300,0,0
-254,-84,305,1024,2689,-270,0,0
-320,101,-333,1478,3046,-471,0,0
-384,-326,-874,1370,3148,-704,0,0
-322,-462,-805,1270,3227,-724,0,0
-167,-296,-423,1116,3240,-629,0,0
-1,146,-23,1057,3146,-610,0,0
134,597,236,1241,3246,-591,0,0
220,536,215,1412,3536,-497,0,0
270,154,17,1316,3716,-343,0,0
264,87,-114,1213,3697,-291,0,0
199,179,-84,1271,3576,-328,0,0
124,-4,13,1221,3551,-356,0,0
120,-126,124,1092,3662,-307,0,0
200,-12,179,1084,3978,-241,0,0
264,161,170,931,3738,-213,0,0
214,327,271,821,3210,-361,0,0
181,163,286,850,3582,-524,0,0
269,-98,9,723,4093,-421,0,0
279,154,-215,683,3595,-522,0,0
154,218,-149,873,3181,-843,0,0
132,-331,-37,798,3819,-754,0,0
163,-375,18,602,3870,-648,0,0
100,253,65,864,3771,-831,0,0
6,365,-19,1109,3622,-1044,0,0
-69,-8,-153,1004,3175,-1107,0,0
-74,-119,-182,926,3037,-1096,0,0
-33,-10,-166,933,2901,-1056,0,0
1,51,-116,897,2772,-999,0,0
19,67,-34,962,2888,-939,0,0
0,-36,-28,1003,3130,-909,0,0
-42,-108,-28,891,3112,-932,0,0
-45,49,22,962,3425,-895,0,0
-87,12,-30,1032,3584,-1055,0,0
-148,-154,-59,868,3308,-1175,0,0
-159,-30,-14,838,3119,-1253,0,0
-127,65,-37,835,2922,-1247,0,0
-39,59,-150,753,3166,-891,0,0
40,277,-240,438,3274,-439,0,0
71,561,-63,221,3433,-53,0,0
120,399,31,-67,4358,205,0,0
61,341,-33,-308,4195,303,0,0
4,334,-194,-123,4842,188,0,0
-46,-88,-371,-110,4970,360,0,0
-114,-364,-402,-291,5023,301,0,0
-135,-100,-330,-457,5309,76,0,0
-168,73,-362,-284,5290,-264,0,0
-146,-324,-507,-239,5650,-195,0,0
-147,-562,-551,-211,5555,-145,0,0
-72,-500,-373,-341,5282,103,0,0
70,-142,-140,-330,5170,330,0,0
161,25,81,-297,4900,417,0,0
74,-254,179,-379,4575,284,0,0
2,-338,215,-515,4352,395,0,0
34,-110,306,-425,4228,525,0,0
98,-163,414,-494,4097,568,0,0
127,-141,496,-580,4037,582,0,0
114,131,520,-456,3967,476,0,0
83,271,499,-252,3879,296,0,0
-29,263,420,68,3619,-181,0,0
-140,107,270,337,3296,-555,0,0
-219,72,138,575,2979,-865,0,0
-312,104,132,831,2949,-1256,0,0
-289,-82,71,994,3399,-1309,0,0
-191,-65,-118,1004,3588,-1284,0,0
-109,109,-198,1053,3376,-1280,0,0
-21,149,-132,1024,3370,-1129,0,0
57,187,-60,1010,3309,-993,0,0
110,220,-20,994,3386,-815,0,0
112,185,-18,1047,3631,-722,0,0
93,-12,-28,966,3589,-607,0,0
63,-72,80,808,3343,-562,0,0
30,2,244,699,3258,-478,0,0
-32,-17,301,723,3300,-475,0,0
-84,-308,212,882,3718,-510,0,0
-123,-733,105,832,3819,-399,0,0
-158,-863,189,685,3482,-321,0,0
-147,-740,352,654,3504,-223,0,0
-140,-527,370,831,3926,-94,0,0
-183,-435,218,944,3950,-177,0,0
-236,-561,148,904,3401,-258,0,0
-231,-709,263,839,3406,-215,0,0
-168,-579,349,781,3601,-120,0,0
-127,-186,301,859,3484,-141,0,0
-143,-69,127,1166,3661,-221,0,0
-119,-511,-208,1333,4255,-249,0,0
13,-906,-474,1086,4184,-230,0,0
185,-555,-324,809,4090,-162,0,0
244,306,61,892,4289,-276,0,0
163,771,395,972,3822,-424,0,0
-12,637,614,1000,3195,-521,0,0
-184,127,625,1108,3089,-562,0,0
-221,-512,324,1076,3319,-449,0,0
-150,-725,-132,1023,3595,-372,0,0
-40,-357,-440,977,3746,-381,0,0
26,47,-461,1075,3719,-442,0,0
28,-38,-261,1091,3744,-479,0,0
43,-219,31,978,3935,-395,0,0
110,-69,248,910,3968,-314,0,0
183,220,342,922,3784,-275,0,0
195,325,367,976,3601,-301,0,0
172,197,335,962,3491,-319,0,0
161,103,278,917,3513,-268,0,0
142,145,192,968,3628,-282,0,0
92,154,67,1021,3714,-339,0,0
13,106,-41,1049,3691,-381,0,0
-67,21,-94,1073,3634,-437,0,0
-117,-50,-114,1058,3581,-440,0,0
-126,-31,-151,1078,3660,-422,0,0
-103,27,-213,1103,3737,-456,0,0
-71,95,-227,1115,3771,-472,0,0
-59,117,-172,1117,3819,-484,0,0
-58,115,-79,1098,3811,-507,0,0
-54,95,15,1055,3743,-528,0,0
-43,40,51,994,3679,-497,0,0
-21,36,18,983,3653,-479,0,0
8,51,-27,994,3630,-448,0,0
27,44,-40,1025,3662,-429,0,0
36,18,-47,1041,3739,-399,0,0
51,32,-45,1041,3739,-390,0,0
65,62,-8,1030,3740,-367,0,0
56,63,33,1021,3712,-359,0,0
33,47,47,1016,3660,-368,0,0
15,22,41,1029,3622,-400,0,0
8,-7,22,1046,3640,-404,0,0
0,-32,-7,1063,3694,-407,0,0
-14,-57,-18,1079,3707,-399,0,0
-28,-76,3,1058,3687,-392,0,0
-32,-90,28,1028,3675,-394,0,0
-25,-76,29,1009,3689,-368,0,0
-23,-49,30,1019,3699,-346,0,0
-44,-67,26,1011,3707,-356,0,0
-67,-88,16,1019,3705,-368,0,0
-67,-90,17,1022,3685,-406,0,0
-51,-74,27,1036,3683,-427,0,0
-37,-83,24,1058,3695,-424,0,0
-35,-118,12,1064,3711,-416,0,0
-32,-138,13,1058,3711,-403,0,0
-19,-134,29,1040,3702,-375,0,0
-8,-115,40,1032,3687,-366,0,0
-11,-118,30,1026,3672,-336,0,0
-26,-127,15,1041,3662,-333,0,0
-33,-131,3,1056,3704,-350,0,0
-25,-118,0,1054,3750,-346,0,0
-15,-88,25,1044,3756,-326,0,0
-22,-87,53,1024,3727,-364,0,0
-12,-70,59,972,3643,-335,0,0
10,-3,51,979,3665,-315,0,0
2,-3,7,987,3730,-310,0,0
-30,-9,-26,987,3691,-322,0,0
-44,-2,-21,979,3680,-350,0,0
-35,30,-35,990,3687,-379,0,0
-15,72,-57,1010,3696,-357,0,0
-9,109,-46,1035,3719,-356,0,0
-22,94,-36,1045,3749,-375,0,0
-31,74,-40,1032,3706,-401,0,0
-12,79,-27,1028,3684,-429,0,0
23,90,-14,1026,3694,-418,0,0
43,104,-2,1044,3732,-383,0,0
35,71,0,1029,3728,-392,0,0
16,38,-7,1019,3718,-424,0,0
26,16,-18,993,3720,-415,0,0
52,56,-12,964,3690,-375,0,0
45,72,-14,981,3715,-350,0,0
20,45,-34,991,3692,-352,0,0
8,33,-34,996,3682,-361,0,0
2,37,-26,1000,3679,-359,0,0
-7,22,-27,1004,3707,-364,0,0
-10,11,-18,1013,3755,-363,0,0
-12,-21,-16,1000,3850,-422,0,0
0,-57,-23,954,3723,-479,0,0
47,-51,4,906,3670,-453,0,0
105,27,23,883,3735,-380,0,0
109,110,11,932,3715,-382,0,0
61,77,-1,957,3634,-394,0,0
14,22,1,959,3628,-428,0,0
-3,2,-14,989,3675,-459,0,0
-1,6,-20,1021,3719,-470,0,0
4,8,11,1033,3716,-461,0,0
-4,-15,48,1004,3685,-461,0,0
-14,-33,56,976,3665,-445,0,0
-16,-37,46,982,3694,-440,0,0
-18,-46,33,990,3722,-430,0,0
-22,-45,34,986,3716,-425,0,0
-27,-45,44,979,3691,-437,0,0
-21,-48,38,978,3700,-419,0,0
-14,-49,31,981,3734,-389,0,0
-21,-47,27,969,3736,-380,0,0
-37,-37,20,975,3696,-384,0,0
-49,-65,1,981,3683,-409,0,0
-48,-79,-27,997,3700,-403,0,0
-36,-67,-36,1024,3725,-403,0,0
-24,-61,-21,1030,3732,-406,0,0
-17,-47,6,1022,3723,-395,0,0
-19,-45,31,1003,3711,-414,0,0
-20,-49,34,984,3711,-421,0,0
-15,-49,30,965,3706,-407,0,0
-5,-40,24,938,3689,-415,0,0
8,0,22,930,3687,-409,0,0
23,32,27,924,3625,-382,0,0
34,53,24,930,3572,-383,0,0
42,98,8,994,3601,-384,0,0
34,121,-14,1075,3752,-423,0,0
0,101,0,1120,3782,-450,0,0
-38,37,48,1125,3745,-494,0,0
-47,-31,56,1076,3738,-501,0,0
-24,-32,34,1049,3686,-470,0,0
7,-25,27,1036,3697,-430,0,0
20,-21,25,1030,3713,-387,0,0
9,-28,14,1014,3715,-360,0,0
-9,-38,6,1003,3706,-348,0,0
-23,-44,7,971,3692,-358,0,0
-29,-21,1,961,3713,-369,0,0
-27,-12,-11,974,3769,-398,0,0
-20,14,-2,961,3796,-403,0,0
-22,33,12,928,3718,-419,0,0
-31,21,-13,936,3643,-438,0,0
-24,-16,-71,964,3657,-439,0,0
-3,-27,-113,995,3706,-424,0,0
12,-11,-102,1026,3731,-403,0,0
19,-7,-55,1039,3728,-394,0,0
22,-9,-10,1019,3683,-395,0,0
26,9,9,1026,3651,-395,0,0
24,-11,1,1022,3674,-370,0,0
9,-19,4,1028,3687,-375,0,0
-12,-39,27,1016,3689,-387,0,0
-10,-37,40,1004,3709,-407,0,0
5,-12,52,999,3735,-425,0,0
10,15,74,984,3737,-442,0,0
5,11,86,964,3706,-462,0,0
0,-14,75,946,3680,-481,0,0
8,-25,39,946,3687,-478,0,0
25,-14,11,967,3680,-448,0,0
27,-12,10,1000,3666,-442,0,0
17,-7,12,1014,3659,-412,0,0
4,20,23,1039,3673,-401,0,0
-24,20,36,1064,3703,-428,0,0
-47,-19,36,1052,3723,-430,0,0
-49,-16,38,1036,3692,-460,0,0
-41,2,50,988,3616,-427,0,0
-25,47,52,1016,3651,-401,0,0
-21,52,42,1051,3732,-371,0,0
-46,30,37,1070,3761,-396,0,0
-75,-1,38,1056,3739,-408,0,0
-79,-23,35,1037,3694,-457,0,0
-52,-17,16,1031,3696,-443,0,0
-26,1,-7,1056,3725,-419,0,0
-15,-12,-21,1054,3718,-385,0,0
-17,-19,-20,1049,3687,-385,0,0
-15,-22,-19,1046,3664,-357,0,0
-9,-17,-33,1064,3658,-349,0,0
-16,-26,-37,1089,3685,-330,0,0
-34,-48,-36,1094,3690,-348,0,0
-38,-53,-19,1093,3669,-357,0,0
-26,-47,10,1100,3682,-365,0,0
-17,-68,21,1083,3704,-344,0,0
-13,-53,38,1074,3698,-335,0,0
-11,-54,60,1053,3684,-345,0,0
-10,-64,58,1027,3697,-338,0,0
-6,-53,46,1023,3700,-325,0,0
-7,-63,33,1011,3727,-324,0,0
-12,-72,11,1006,3726,-329,0,0
-11,-64,0,993,3695,-339,0,0
3,-33,1,975,3663,-312,0,0
18,19,-6,987,3669,-296,0,0
12,45,-22,1008,3710,-284,0,0
-12,44,-31,1018,3724,-298,0,0
-28,64,-16,1013,3692,-325,0,0
-36,72,-12,1009,3691,-351,0,0
-42,64,-43,1035,3709,-391,0,0
-53,52,-54,1076,3723,-444,0,0
-55,10,-35,1085,3694,-489,0,0
-23,-19,-30,1072,3668,-471,0,0
19,-8,-29,1089,3670,-410,0,0
38,-15,-13,1096,3683,-348,0,0
33,-31,10,1068,3670,-300,0,0
28,-10,36,1062,3678,-266,0,0
19,2,53,1040,3688,-257,0,0
1,15,63,1018,3707,-257,0,0
-27,23,70,990,3717,-303,0,0
-54,6,60,958,3708,-366,0,0
-55,1,25,978,3708,-409,0,0
-31,5,-4,1019,3728,-420,0,0
-6,0,-15,1031,3720,-400,0,0
12,1,-22,1042,3706,-369,0,0
25,-3,-21,1035,3694,-321,0,0
30,8,-18,1052,3699,-289,0,0
27,21,-11,1045,3706,-273,0,0
17,42,11,1029,3699,-256,0,0
1,38,16,1008,3701,-276,0,0
-9,53,5,1001,3717,-288,0,0
-19,74,6,1023,3733,-340,0,0
-26,63,12,1015,3705,-384,0,0
-26,54,9,1027,3690,-421,0,0
-10,25,-10,1042,3686,-430,0,0
11,11,-29,1067,3710,-408,0,0
21,1,-28,1084,3716,-367,0,0
18,-22,-16,1081,3686,-335,0,0
12,-36,-3,1052,3672,-317,0,0
4,-35,4,1039,3679,-292,0,0
-6,-32,10,1046,3705,-284,0,0
-17,-35,16,1033,3710,-295,0,0
-28,-39,20,1015,3709,-306,0,0
-30,-37,20,999,3708,-315,0,0
-21,-30,17,989,3709,-322,0,0
-11,-18,15,983,3721,-317,0,0
-8,-11,10,987,3720,-313,0,0
-10,-13,7,1001,3709,-319,0,0
-5,-21,-4,1027,3716,-325,0,0
3,-24,-5,1034,3721,-307,0,0
11,-16,7,1031,3706,-307,0,0
11,-14,13,1019,3689,-290,0,0
7,-7,14,1028,3693,-297,0,0
5,-11,8,1027,3720,-307,0,0
3,4,16,1022,3717,-317,0,0
-2,10,32,1012,3689,-332,0,0
-6,-2,18,999,3687,-338,0,0
-4,-1,-5,1022,3690,-340,0,0
-3,-10,-13,1025,3696,-339,0,0
-2,-2,-8,1037,3699,-335,0,0
-7,-9,-9,1041,3710,-350,0,0
-4,-1,1,1044,3694,-371,0,0
9,-5,15,1045,3729,-368,0,0
13,-9,9,1031,3751,-361,0,0
4,-3,16,1024,3696,-386,0,0
2,-19,27,992,3679,-380,0,0
12,-7,13,995,3693,-377,0,0
11,-9,-3,1016,3699,-366,0,0
3,-24,-3,1024,3694,-357,0,0
-2,-29,-4,1030,3678,-359,0,0
-6,-33,-7,1039,3673,-357,0,0
-3,-34,-8,1047,3690,-338,0,0
-2,-29,3,1040,3705,-317,0,0
-11,-13,26,1041,3710,-327,0,0
-17,-10,40,1013,3684,-342,0,0
-8,12,46,1012,3686,-357,0,0
-2,9,32,997,3718,-348,0,0
-10,17,17,1008,3708,-358,0,0
-19,4,12,1012,3690,-369,0,0
-17,-2,-1,1015,3692,-376,0,0
-8,5,-17,1038,3693,-381,0,0
-2,10,-13,1051,3698,-365,0,0
0,15,-2,1053,3697,-349,0,0
-5,18,3,1058,3694,-342,0,0
-18,12,9,1057,3699,-356,0,0
-32,3,21,1038,3692,-383,0,0
-29,-4,16,1018,3693,-384,0,0
-16,-7,-5,1032,3699,-395,0,0
1,-6,-14,1058,3702,-388,0,0
18,-13,-12,1067,3721,-365,0,0
26,-8,4,1076,3714,-346,0,0
24,-14,19,1064,3689,-345,0,0
22,-12,31,1044,3672,-333,0,0
20,-12,34,1043,3687,-330,0,0
11,-6,31,1032,3692,-331,0,0
6,2,35,1023,3691,-333,0,0
1,6,32,1008,3698,-338,0,0
-5,19,20,1007,3689,-348,0,0
-6,23,8,1021,3701,-351,0,0
-9,12,-15,1028,3714,-353,0,0
-15,19,-11,1042,3695,-362,0,0
-13,17,-9,1060,3687,-377,0,0
0,18,-11,1065,3695,-379,0,0
11,31,-5,1079,3708,-352,0,0
5,21,6,1085,3690,-353,0,0
-8,0,10,1060,3666,-339,0,0
-11,2,11,1056,3682,-354,0,0
-14,3,7,1051,3702,-364,0,0
-18,3,9,1045,3695,-369,0,0
-19,-10,6,1035,3694,-367,0,0
-18,-8,-1,1049,3697,-373,0,0
-14,-12,-4,1056,3694,-365,0,0
-10,-18,-2,1051,3706,-360,0,0
-9,-19,-1,1049,3707,-346,0,0
-12,-19,0,1029,3698,-350,0,0
-10,-11,3,1034,3693,-354,0,0
0,-9,-1,1042,3712,-339,0,0
1,-9,3,1046,3725,-321,0,0
-14,-19,4,1028,3693,-336,0,0
-20,-33,0,1015,3685,-351,0,0
-10,-25,-8,1027,3702,-351,0,0
-2,-9,-3,1037,3708,-335,0,0
0,-7,9,1034,3697,-335,0,0
-1,-11,9,1030,3687,-333,0,0
-3,-10,1,1039,3686,-349,0,0
-6,-20,4,1050,3682,-342,0,0
-6,-30,10,1040,3692,-336,0,0
-6,-22,15,1048,3708,-338,0,0
-7,-25,22,1039,3702,-349,0,0
1,-13,36,1038,3694,-370,0,0
10,-3,38,1024,3708,-353,0,0
6,-4,24,1020,3710,-347,0,0
-7,-12,15,1022,3696,-357,0,0
-13,-21,9,1010,3692,-361,0,0
-11,-12,-6,1023,3697,-359,0,0
-10,-11,-14,1037,3702,-357,0,0
-8,-11,-11,1039,3698,-348,0,0
-8,-5,-10,1048,3686,-347,0,0
-9,-4,-9,1053,3682,-344,0,0
-13,-8,-8,1050,3691,-341,0,0
-17,-4,-3,1044,3695,-327,0,0
-21,-4,1,1041,3693,-348,0,0
-18,3,8,1035,3677,-362,0,0
-7,10,12,1034,3699,-353,0,0
-4,6,9,1034,3713,-343,0,0
-13,4,10,1040,3699,-353,0,0
-16,-7,14,1024,3686,-365,0,0
-7,-1,11,1012,3697,-357,0,0
2,11,2,1033,3717,-351,0,0
4,8,7,1033,3714,-334,0,0
2,3,11,1034,3702,-330,0,0
-2,-1,5,1033,3689,-333,0,0
-3,-3,4,1041,3685,-321,0,0
-2,-9,7,1040,3701,-322,0,0
-3,0,11,1035,3705,-316,0,0
-11,0,17,1017,3690,-330,0,0
-10,2,11,1028,3698,-337,0,0
0,10,7,1036,3710,-335,0,0
8,25,18,1030,3705,-312,0,0
1,26,13,1028,3691,-321,0,0
-7,22,7,1040,3693,-333,0,0
-6,21,4,1046,3701,-336,0,0
-3,24,1,1060,3700,-341,0,0
-2,23,4,1063,3698,-337,0,0
-4,14,9,1061,3687,-337,0,0
-7,12,6,1060,3688,-341,0,0
-6,9,5,1065,3690,-338,0,0
-8,0,8,1062,3699,-338,0,0
-11,2,9,1070,3695,-343,0,0
-14,-9,9,1058,3687,-353,0,0
-10,-16,5,1063,3699,-356,0,0
2,-20,4,1065,3713,-343,0,0
3,-20,12,1042,3702,-324,0,0
-3,-23,9,1030,3697,-323,0,0
-4,-18,4,1019,3698,-321,0,0
-4,-7,2,1036,3707,-339,0,0
-4,-8,1,1044,3699,-337,0,0
0,-14,6,1045,3694,-337,0,0
3,-5,8,1046,3704,-325,0,0
0,-14,10,1045,3687,-330,0,0
2,-21,14,1034,3677,-317,0,0
4,-18,10,1035,3704,-313,0,0
3,-8,11,1036,3714,-302,0,0
1,-4,19,1030,3703,-320,0,0
8,6,21,1021,3703,-351,0,0
24,31,21,1024,3715,-353,0,0
30,41,27,1032,3709,-349,0,0
13,17,10,1033,3684,-365,0,0
1,4,-1,1058,3676,-382,0,0
4,-15,-2,1073,3675,-391,0,0
9,-6,-4,1091,3688,-369,0,0
10,-11,4,1085,3696,-364,0,0
4,-16,16,1072,3687,-361,0,0
1,-12,21,1072,3678,-365,0,0
0,-21,21,1054,3676,-367,0,0
-4,-29,15,1048,3689,-370,0,0
-9,-23,11,1048,3698,-358,0,0
-17,-27,4,1047,3686,-390,0,0
-16,-21,2,1052,3676,-396,0,0
-5,-23,-4,1057,3690,-378,0,0
-4,-23,-12,1058,3698,-370,0,0
-10,-15,-5,1080,3684,-370,0,0
-12,-24,4,1065,3671,-362,0,0
-10,-9,5,1058,3681,-365,0,0
-9,2,10,1066,3669,-362,0,0
-6,5,18,1058,3682,-346,0,0
-9,8,15,1065,3698,-348,0,0
-18,4,15,1061,3692,-356,0,0
-20,4,19,1048,3685,-362,0,0
-17,4,14,1045,3690,-372,0,0
-15,12,8,1052,3703,-360,0,0
-16,5,2,1046,3690,-367,0,0
-10,11,2,1056,3684,-367,0,0
0,11,-1,1064,3696,-348,0,0
0,12,-2,1066,3699,-327,0,0
-7,11,5,1072,3684,-331,0,0
-9,7,9,1055,3679,-330,0,0
-5,17,7,1063,3698,-334,0,0
-9,10,3,1073,3697,-340,0,0
-12,2,7,1069,3693,-342,0,0
-8,1,11,1051,3691,-344,0,0
-5,8,8,1052,3693,-333,0,0
-5,7,6,1058,3696,-332,0,0
-8,3,8,1054,3696,-339,0,0
-10,3,4,1052,3691,-337,0,0
-13,1,-4,1061,3680,-352,0,0
-8,-4,-6,1077,3694,-355,0,0
4,4,-1,1080,3707,-347,0,0
10,16,13,1066,3694,-335,0,0
4,7,10,1060,3681,-339,0,0
0,0,3,1059,3680,-344,0,0
-1,5,3,1058,3692,-336,0,0
-3,7,1,1072,3695,-346,0,0
-3,1,3,1067,3692,-356,0,0
0,-1,5,1061,3691,-345,0,0
0,6,5,1071,3690,-351,0,0
0,-7,8,1065,3682,-343,0,0
-1,-11,7,1061,3687,-350,0,0
-4,-13,4,1060,3682,-341,0,0
-8,-18,3,1056,3681,-340,0,0
-8,-15,4,1065,3687,-342,0,0
0,-9,8,1067,3701,-330,0,0
0,-5,20,1052,3706,-320,0,0
-8,-12,20,1044,3709,-333,0,0
-10,-14,17,1026,3695,-339,0,0
-4,2,19,1033,3701,-345,0,0
3,9,13,1050,3696,-354,0,0
5,7,9,1063,3684,-355,0,0
5,-7,1,1071,3677,-343,0,0
5,-13,-6,1092,3678,-339,0,0
0,-19,-4,1107,3687,-330,0,0
-10,-28,6,1092,3692,-333,0,0
-15,-27,15,1069,3688,-341,0,0
-19,-30,14,1061,3694,-365,0,0
-16,-39,9,1043,3694,-373,0,0
0,-24,11,1057,3706,-377,0,0
14,-22,13,1051,3719,-370,0,0
14,-14,11,1057,3697,-374,0,0
11,-21,11,1047,3681,-364,0,0
19,-9,7,1032,3667,-356,0,0
27,17,2,1047,3658,-349,0,0
21,21,1,1073,3673,-326,0,0
10,11,2,1084,3687,-301,0,0
-9,4,5,1077,3704,-312,0,0
-22,5,18,1052,3685,-345,0,0
-15,24,26,1040,3686,-397,0,0
0,34,20,1031,3707,-414,0,0
6,33,9,1047,3710,-438,0,0
10,13,-6,1039,3684,-446,0,0
31,12,-21,1063,3691,-423,0,0
47,8,-31,1083,3706,-400,0,0
37,15,-17,1110,3685,-374,0,0
18,-9,-5,1095,3663,-363,0,0
5,-30,-10,1083,3668,-365,0,0
-7,-27,-5,1090,3675,-375,0,0
-11,-40,7,1076,3697,-377,0,0
-12,-37,19,1046,3707,-387,0,0
-15,-30,34,1020,3699,-405,0,0
-13,-36,35,982,3684,-411,0,0
-9,-30,20,956,3670,-397,0,0
-11,-30,0,947,3683,-354,0,0
-21,-30,-26,968,3685,-345,0,0
-35,-26,-30,977,3663,-342,0,0
-43,-11,-21,994,3671,-329,0,0
-51,7,-25,1014,3702,-314,0,0
-70,29,-25,1023,3645,-328,0,0
-79,53,-8,1025,3611,-310,0,0
-75,67,-24,1049,3683,-280,0,0
-84,63,-50,1093,3722,-248,0,0
-91,63,-33,1096,3747,-231,0,0
-86,84,1,1058,3713,-240,0,0
-80,117,15,1048,3680,-280,0,0
-68,111,-10,1073,3682,-338,0,0
-38,87,-37,1123,3704,-371,0,0
8,76,-36,1136,3740,-359,0,0
54,106,-22,1139,3717,-314,0,0
83,111,-12,1149,3764,-261,0,0
79,77,-12,1124,3781,-236,0,0
52,31,6,1088,3779,-232,0,0
28,-26,26,1007,3760,-260,0,0
17,-40,24,948,3740,-286,0,0
5,-42,10,922,3719,-336,0,0
-5,-62,-9,926,3688,-370,0,0
-1,-99,-47,955,3688,-389,0,0
17,-120,-83,987,3726,-361,0,0
32,-118,-78,1002,3724,-340,0,0
37,-116,-46,1016,3702,-336,0,0
43,-125,-23,1022,3707,-355,0,0
55,-118,-1,1011,3679,-352,0,0
67,-81,49,991,3631,-363,0,0
79,-61,84,950,3634,-368,0,0
76,-34,82,966,3668,-353,0,0
49,-45,76,966,3710,-371,0,0
20,-31,71,933,3749,-504,0,0
59,29,71,915,3739,-679,0,0
112,37,54,987,3720,-612,0,0
117,-29,47,1025,3674,-452,0,0
90,-57,40,1021,3672,-322,0,0
41,-8,5,1039,3737,-275,0,0
-39,-21,-23,1044,3623,-360,0,0
-87,-82,-22,1003,3623,-407,0,0
-76,-86,-34,924,3732,-419,0,0
-58,10,-31,907,3780,-417,0,0
-71,41,-12,895,3813,-460,0,0
-84,7,-15,845,3751,-465,0,0
-85,39,-39,888,3661,-406,0,0
-102,30,-70,988,3696,-357,0,0
-133,-34,-100,994,3727,-320,0,0
-158,-33,-80,990,3712,-328,0,0
-164,-37,-46,965,3702,-317,0,0
-153,-41,-31,937,3735,-292,0,0
-131,-24,-18,900,3770,-277,0,0
-110,14,9,889,3783,-297,0,0
-90,30,26,869,3764,-314,0,0
-66,29,9,886,3745,-332,0,0
-38,10,-25,941,3758,-328,0,0
-18,-37,-44,954,3780,-326,0,0
1,-49,-32,966,3758,-332,0,0
33,-44,-9,989,3757,-336,0,0
60,-56,9,969,3772,-303,0,0
68,-46,31,957,3740,-301,0,0
69,-55,50,939,3719,-292,0,0
74,-54,52,928,3715,-293,0,0
74,-51,50,932,3711,-311,0,0
77,-47,56,928,3725,-307,0,0
84,-32,62,921,3742,-311,0,0
78,-7,67,909,3723,-301,0,0
57,-7,63,898,3691,-297,0,0
36,-10,39,880,3712,-281,0,0
14,-2,6,901,3722,-319,0,0
5,22,-3,904,3670,-355,0,0
20,69,8,932,3676,-373,0,0
29,81,-16,959,3715,-362,0,0
4,66,-40,1004,3724,-369,0,0
-24,30,-29,1019,3722,-400,0,0
-29,13,-7,1028,3710,-457,0,0
-4,20,14,1032,3707,-474,0,0
42,59,56,1026,3666,-472,0,0
76,80,87,1022,3680,-435,0,0
72,57,75,1031,3684,-420,0,0
58,27,75,1023,3686,-373,0,0
54,32,85,1020,3715,-366,0,0
38,49,98,1002,3695,-375,0,0
26,70,114,1014,3708,-403,0,0
30,52,100,1006,3719,-451,0,0
46,44,75,1030,3710,-464,0,0
65,22,66,1048,3725,-452,0,0
76,-2,65,1052,3738,-447,0,0
81,-21,60,1048,3694,-433,0,0
94,-14,56,1018,3667,-402,0,0
86,14,42,1026,3639,-394,0,0
50,19,12,1020,3626,-338,0,0
-21,61,-19,1095,3703,-358,0,0
-98,32,-50,1175,3671,-405,0,0
-126,-42,-64,1154,3602,-448,0,0
-124,-42,-64,1129,3590,-471,0,0
-116,-15,-66,1136,3612,-459,0,0
-107,-30,-63,1169,3674,-473,0,0
-97,-73,-54,1134,3705,-476,0,0
-73,-50,-6,1116,3706,-460,0,0
-42,-44,29,1069,3699,-453,0,0
-17,-39,29,1049,3698,-424,0,0
-2,-39,33,1037,3697,-404,0,0
3,-38,34,1021,3683,-392,0,0
6,-20,30,1020,3685,-373,0,0
5,-4,24,1021,3679,-365,0,0
-9,2,16,1034,3684,-369,0,0
-20,-6,4,1056,3688,-385,0,0
-18,-8,-2,1060,3690,-397,0,0
-14,12,2,1078,3683,-415,0,0
-13,5,3,1086,3679,-415,0,0
-7,-10,-4,1100,3683,-426,0,0
5,-13,-2,1100,3689,-421,0,0
18,-12,13,1101,3699,-415,0,0
22,-13,23,1078,3683,-408,0,0
21,-10,25,1066,3681,-403,0,0
20,-9,23,1057,3686,-403,0,0
18,14,20,1029,3670,-368,0,0
-6,34,12,1025,3657,-357,0,0
-53,4,-25,1029,3681,-380,0,0
-84,-13,-59,1055,3699,-429,0,0
-87,-17,-65,1065,3711,-462,0,0
-74,-5,-56,1071,3701,-461,0,0
-57,-10,-41,1064,3671,-462,0,0
-31,-24,-33,1078,3685,-452,0,0
12,-34,-33,1070,3697,-408,0,0
48,-7,1,1092,3711,-364,0,0
51,-28,25,1080,3713,-342,0,0
50,-25,48,1051,3680,-313,0,0
48,-20,71,1028,3683,-323,0,0
36,-18,66,994,3666,-315,0,0
21,6,63,1004,3665,-313,0,0
-3,-11,47,977,3654,-319,0,0
-33,4,24,993,3675,-330,0,0
-56,-16,-2,1004,3711,-350,0,0
-65,-6,-10,1004,3701,-373,0,0
-73,5,-11,1032,3713,-399,0,0
-79,-33,-34,1028,3698,-433,0,0
-63,-37,-42,1061,3696,-435,0,0
-35,-48,-35,1081,3735,-416,0,0
-19,-44,-26,1084,3732,-389,0,0
-15,-43,0,1076,3700,-384,0,0
-8,-56,14,1033,3684,-372,0,0
8,-34,13,1028,3676,-352,0,0
19,-16,19,1019,3691,-330,0,0
19,-5,21,1001,3691,-310,0,0
9,9,18,997,3693,-295,0,0
-5,10,14,992,3686,-296,0,0
-20,6,4,984,3694,-309,0,0
-29,20,-4,993,3703,-313,0,0
-44,13,-16,1000,3681,-350,0,0
-42,10,-23,1014,3671,-364,0,0
-22,13,-27,1051,3713,-363,0,0
-12,19,-25,1069,3727,-346,0,0
-9,28,-3,1075,3705,-349,0,0
-3,27,22,1044,3699,-359,0,0
9,44,32,1032,3691,-352,0,0
15,47,29,1039,3706,-345,0,0
13,25,25,1034,3713,-337,0,0
9,9,22,1017,3704,-347,0,0
5,-7,16,1020,3701,-345,0,0
7,-13,11,1018,3706,-334,0,0
14,-1,15,1008,3713,-311,0,0
13,15,20,999,3693,-304,0,0
7,25,20,991,3666,-297,0,0
0,30,3,1025,3690,-301,0,0
-12,15,-12,1026,3714,-292,0,0
-23,24,-11,1043,3709,-324,0,0
-26,22,1,1036,3688,-347,0,0
-16,32,-4,1051,3703,-356,0,0
-8,26,-5,1056,3725,-368,0,0
-4,21,4,1054,3708,-376,0,0
0,6,6,1041,3693,-374,0,0
2,-15,-3,1037,3691,-350,0,0
3,-8,-2,1055,3688,-335,0,0
2,-21,-3,1042,3698,-314,0,0
-2,-15,-2,1046,3686,-314,0,0
-10,-15,7,1048,3668,-320,0,0
-10,-19,7,1052,3689,-330,0,0
-6,-18,10,1052,3708,-322,0,0
-10,-21,23,1034,3704,-331,0,0
-8,-13,25,1021,3694,-334,0,0
-2,-6,24,1021,3702,-337,0,0
0,-3,18,1019,3707,-341,0,0
0,-1,11,1043,3711,-344,0,0
-2,-15,12,1045,3723,-355,0,0
-1,-25,10,1052,3713,-355,0,0
5,-34,8,1051,3696,-343,0,0
11,-40,11,1046,3702,-323,0,0
13,-28,18,1038,3704,-306,0,0
9,-24,20,1028,3692,-323,0,0
6,-27,13,1021,3683,-341,0,0
10,-20,4,1035,3691,-347,0,0
12,-23,1,1032,3700,-337,0,0
6,-16,1,1041,3692,-346,0,0
1,-14,3,1044,3681,-349,0,0
3,-9,5,1037,3688,-373,0,0
6,-9,5,1044,3691,-377,0,0
4,-8,3,1050,3686,-383,0,0
-1,-21,-1,1052,3680,-392,0,0
3,-21,0,1060,3679,-396,0,0
12,-18,6,1068,3689,-385,0,0
13,-17,12,1056,3693,-362,0,0
3,-15,20,1058,3689,-372,0,0
-5,-29,20,1033,3676,-392,0,0
3,-11,20,1036,3681,-400,0,0
8,-16,13,1035,3711,-389,0,0
-1,-12,10,1036,3691,-387,0,0
-7,-20,12,1032,3666,-391,0,0
1,-28,1,1023,3672,-385,0,0
11,12,-4,1056,3692,-382,0,0
6,6,2,1054,3696,-376,0,0
-5,0,8,1041,3680,-366,0,0
-8,5,5,1036,3679,-374,0,0
-9,13,3,1037,3690,-377,0,0
-12,14,6,1032,3690,-389,0,0
-17,14,8,1023,3687,-385,0,0
-16,23,1,1021,3657,-401,0,0
-1,44,0,1032,3666,-391,0,0
14,54,1,1047,3705,-369,0,0
6,51,9,1055,3715,-361,0,0
-11,34,18,1047,3699,-375,0,0
-14,22,17,1031,3691,-402,0,0
-8,24,10,1034,3707,-413,0,0
-5,17,4,1043,3712,-411,0,0
-5,2,3,1036,3688,-399,0,0
-4,-6,-3,1049,3682,-388,0,0
-2,-11,-11,1053,3681,-375,0,0
0,-4,-6,1077,3687,-370,0,0
-4,-15,-1,1093,3703,-366,0,0
-11,-35,6,1078,3707,-384,0,0
-8,-36,20,1050,3691,-409,0,0
7,-32,23,1029,3707,-411,0,0
22,-13,20,1026,3721,-386,0,0
25,-8,18,1013,3700,-387,0,0
21,-10,8,987,3689,-376,0,0
16,0,-8,993,3685,-373,0,0
12,12,-16,1013,3681,-368,0,0
3,20,-15,1032,3680,-383,0,0
-5,11,-16,1042,3680,-394,0,0
-9,0,-19,1054,3679,-404,0,0
-4,-8,-14,1080,3692,-424,0,0
4,-16,2,1126,3759,-471,0,0
13,-43,21,1179,3790,-535,0,0
35,-77,70,1175,3661,-598,0,0
81,-128,112,1153,3615,-617,0,0
145,-151,110,1099,3643,-570,0,0
206,-42,125,1119,3694,-526,0,0
221,22,156,1119,3651,-501,0,0
195,13,171,1083,3609,-470,0,0
167,15,153,1065,3611,-469,0,0
130,28,124,1082,3607,-480,0,0
85,17,100,1095,3594,-501,0,0
48,3,75,1088,3597,-501,0,0
12,-2,37,1111,3616,-517,0,0
-29,-20,2,1143,3616,-537,0,0
-59,-40,-13,1159,3621,-560,0,0
-80,-55,-29,1162,3605,-574,0,0
-96,-63,-44,1184,3610,-591,0,0
-105,-83,-58,1190,3623,-603,0,0
-105,-83,-62,1184,3626,-609,0,0
-102,-76,-63,1187,3638,-612,0,0
-93,-78,-62,1173,3640,-606,0,0
-76,-68,-49,1164,3658,-608,0,0
-48,-50,-38,1137,3667,-601,0,0
-20,-6,-18,1100,3610,-576,0,0
-8,16,-12,1066,3567,-548,0,0
-22,5,-39,1017,3512,-494,0,0
-44,6,-71,1032,3567,-439,0,0
-74,-19,-119,1085,3673,-409,0,0
-119,-60,-154,1142,3714,-440,0,0
-146,-68,-119,1210,3690,-509,0,0
-130,-77,-49,1216,3633,-585,0,0
-64,-25,19,1186,3610,-617,0,0
13,84,80,1201,3661,-607,0,0
41,93,109,1190,3719,-589,0,0
12,10,112,1091,3719,-549,0,0
-38,-44,112,995,3720,-592,0,0
-42,-85,83,794,3698,-752,0,0
19,-27,35,745,3641,-729,0,0
45,59,54,854,3547,-550,0,0
22,106,95,1005,3725,-534,0,0
13,67,65,1053,3748,-696,0,0
28,34,41,1067,3517,-722,0,0
0,-30,38,1091,3236,-727,0,0
-18,-125,55,1126,3107,-605,0,0
2,-230,-41,1236,3593,-455,0,0
45,-143,-286,1241,3872,-364,0,0
63,239,-285,1374,3759,-389,0,0
-10,418,-91,1384,3745,-610,0,0
-78,578,34,1166,3367,-861,0,0
3,943,75,1433,3141,-1027,0,0
50,346,-117,1595,3140,-780,0,0
29,-165,-311,1391,3209,-603,0,0
62,36,-268,1381,3230,-556,0,0
50,233,-150,1416,3082,-591,0,0
-27,190,-76,1360,2906,-679,0,0
-55,220,-69,1376,2880,-787,0,0
-48,235,-152,1510,3008,-835,0,0
-81,155,-256,1547,2943,-793,0,0
-169,64,-250,1432,2636,-798,0,0
-218,-14,-178,1285,2842,-657,0,0
-179,-114,-224,1070,3381,-521,0,0
-106,105,-204,624,3336,-197,0,0
-70,233,-70,754,3847,63,0,0
-71,-608,-236,340,4589,447,0,0
-77,-628,-170,-387,4311,813,0,0
-155,76,63,-269,4625,653,0,0
-262,-66,25,-239,4582,725,0,0
-370,-333,-153,-265,4889,619,0,0
-325,-114,-297,-102,5289,650,0,0
-258,-116,-346,86,5688,634,0,0
-259,-320,-324,-78,5647,611,0,0
-247,-245,-279,-145,5684,699,0,0
-92,-47,-221,-277,5456,930,0,0
64,277,-130,-170,5191,851,0,0
60,219,-101,-100,4799,745,0,0
-15,18,-66,-248,4447,728,0,0
28,35,8,-371,4212,760,0,0
143,25,108,-378,4038,716,0,0
211,-34,174,-447,3938,768,0,0
213,76,251,-373,3915,761,0,0
183,24,272,-218,3866,683,0,0
99,-180,238,-45,3846,510,0,0
53,-330,193,110,3602,250,0,0
90,-22,288,-71,3056,91,0,0
54,727,366,395,2909,-230,0,0
-55,719,52,995,3202,-394,0,0
-178,321,-404,1243,3372,-438,0,0
-329,89,-604,1268,3231,-685,0,0
-322,29,-468,1308,3121,-729,0,0
-186,-11,-231,1269,3067,-670,0,0
-5,96,18,1154,3057,-621,0,0
188,374,217,1220,3426,-530,0,0
324,462,267,1283,3847,-343,0,0
326,422,253,1141,3696,-245,0,0
216,436,328,1095,3436,-228,0,0
70,237,392,1126,3551,-231,0,0
10,-168,320,1153,3952,-253,0,0
97,-970,156,1376,4100,-328,0,0
198,-2180,-4,865,3998,-149,0,0
143,-1699,-72,135,3267,-314,0,0
192,-99,91,397,3085,-559,0,0
251,-48,-30,801,3712,-647,0,0
289,-305,-330,474,3890,-599,0,0
389,572,-314,418,3560,-529,0,0
432,1303,-10,591,3643,-659,0,0
391,1119,185,874,4177,-815,0,0
294,572,141,655,3717,-943,0,0
215,580,171,493,3076,-1075,0,0
182,684,247,705,2881,-1173,0,0
195,316,185,785,2931,-989,0,0
158,123,20,864,3193,-865,0,0
18,51,-78,905,3142,-970,0,0
-77,42,-10,883,3047,-1137,0,0
-31,43,2,942,3322,-1306,0,0
49,42,-81,887,3412,-1298,0,0
107,367,-38,950,3331,-1314,0,0
79,357,5,1026,3292,-1403,0,0
58,169,-88,707,3154,-1272,0,0
86,566,-160,823,3068,-1183,0,0
70,391,-232,846,3242,-1008,0,0
62,233,-291,548,3601,-577,0,0
42,518,-239,538,3615,-72,0,0
-75,177,-146,550,4012,70,0,0
-162,-122,-155,187,3866,311,0,0
-151,121,-153,332,4082,393,0,0
-197,-12,-49,332,4054,357,0,0
-245,31,68,327,4530,330,0,0
-259,11,96,331,5142,302,0,0
-301,-19,217,163,5262,284,0,0
-249,276,367,134,5404,297,0,0
-220,206,350,316,5431,103,0,0
-241,-173,123,96,5496,185,0,0
-240,58,-29,145,5348,189,0,0
-189,51,-65,288,5360,233,0,0
-174,-162,-98,142,4949,310,0,0
-131,-12,-104,158,4715,268,0,0
25,-170,-117,232,4735,349,0,0
161,-369,-42,-40,4267,533,0,0
263,175,137,-98,4147,588,0,0
296,482,260,104,3941,528,0,0
262,178,249,144,3763,454,0,0
219,-10,112,356,3912,294,0,0
147,-125,-81,633,3649,-56,0,0
19,-86,-153,520,3198,-569,0,0
-120,-59,-163,827,3107,-1113,0,0
-168,-409,-254,1010,3134,-1336,0,0
-95,-571,-383,1077,3300,-1399,0,0
26,-268,-452,1119,3366,-1271,0,0
75,66,-432,1211,3487,-1187,0,0
51,-6,-345,1029,3353,-1137,0,0
14,-93,-178,834,3249,-1027,0,0
-13,-82,-83,758,3235,-923,0,0
-39,-72,-57,696,3075,-832,0,0
-25,-137,-43,630,2991,-736,0,0
21,-214,7,548,3027,-612,0,0
74,-179,100,498,3350,-487,0,0
85,-10,215,405,3531,-427,0,0
30,139,357,393,3625,-490,0,0
-56,79,450,422,4201,-501,0,0
-136,-73,366,540,4669,-515,0,0
-262,-196,207,427,3112,-643,0,0
-301,-307,287,552,2435,-680,0,0
-168,-567,294,961,3594,-488,0,0
-44,-699,-21,1076,4391,-262,0,0
-61,-428,-287,1044,4066,-366,0,0
-152,-90,-197,1188,3850,-514,0,0
-222,-194,-42,1174,3861,-579,0,0
-251,-206,33,925,3396,-671,0,0
-240,-56,83,988,3098,-795,0,0
-150,-260,19,950,3156,-668,0,0
-18,-299,-93,823,3215,-493,0,0
75,-54,-104,789,3066,-427,0,0
103,176,-19,856,3027,-340,0,0
76,285,33,945,3249,-273,0,0
9,365,-22,1192,3434,-367,0,0
-76,296,-129,1287,3162,-583,0,0
-87,266,-137,1182,2713,-675,0,0
-7,430,-55,1059,3061,-576,0,0
112,559,-115,994,4116,-289,0,0
63,584,-222,684,4057,62,0,0
-167,244,-164,638,4445,-74,0,0
-362,-443,-90,219,3840,-177,0,0
-343,-436,100,-122,3211,-92,0,0
-119,-162,181,-63,3633,251,0,0
32,-440,76,-187,4365,545,0,0
33,-465,90,-481,5021,743,0,0
-21,-59,233,-639,5086,950,0,0
-59,188,279,-561,5045,875,0,0
-64,221,154,-312,5344,694,0,0
-99,144,9,-181,5291,609,0,0
-74,131,-58,-38,5580,652,0,0
17,266,-88,86,5509,714,0,0
-18,249,-57,208,5279,493,0,0
-62,96,-8,85,5011,457,0,0
-19,146,54,-64,4723,380,0,0
90,150,82,-135,4676,367,0,0
156,-74,159,-197,4417,396,0,0
202,-221,312,-413,4114,557,0,0
268,34,405,-350,4044,632,0,0
277,89,304,-61,3966,576,0,0
164,-227,165,224,3625,316,0,0
16,-447,123,287,2881,-10,0,0
-64,-252,185,340,2293,-148,0,0
-76,-37,53,811,2821,-296,0,0
-105,-204,-407,1123,3295,-380,0,0
-197,-161,-742,1198,3365,-551,0,0
-238,36,-742,1325,3417,-719,0,0
-150,23,-650,1459,3493,-650,0,0
-18,-77,-524,1331,3497,-635,0,0
107,197,-266,1319,3588,-668,0,0
192,412,5,1389,3589,-597,0,0
206,329,206,1273,3363,-530,0,0
176,264,335,1219,3294,-497,0,0
131,168,385,1156,3318,-432,0,0
98,68,385,1099,3736,-388,0,0
98,20,271,1065,4001,-388,0,0
124,26,140,800,3707,-355,0,0
127,114,188,600,3124,-465,0,0
166,-14,255,426,3183,-446,0,0
232,-40,210,237,3338,-376,0,0
322,245,100,325,4021,-358,0,0
292,535,29,586,4342,-491,0,0
136,588,57,633,4039,-695,0,0
39,636,88,778,3670,-763,0,0
10,550,-4,941,3268,-840,0,0
10,295,-133,964,3217,-869,0,0
-12,223,-215,1060,3313,-849,0,0
-71,194,-230,1073,3232,-903,0,0
-125,106,-206,1073,3042,-1009,0,0
-116,-58,-195,1108,2975,-1009,0,0
-50,-232,-182,1025,3088,-945,0,0
16,-228,-145,960,3169,-900,0,0
28,-136,-95,1030,3415,-901,0,0
-8,-192,-75,971,3673,-891,0,0
-69,-55,-20,869,3496,-988,0,0
-86,169,59,590,2927,-1005,0,0
-2,316,124,503,3136,-769,0,0
110,215,18,198,3494,-273,0,0
97,256,-15,9,3580,66,0,0
86,165,4,-114,3927,328,0,0
102,112,-20,-168,4122,650,0,0
86,402,-28,-219,4302,769,0,0
-78,321,-45,-9,4238,557,0,0
-177,6,-167,-19,4482,579,0,0
-277,36,-209,160,4725,314,0,0
-302,-186,-176,180,5324,300,0,0
-228,-168,-122,61,5544,386,0,0
-175,82,12,20,5677,300,0,0
-166,141,96,28,5779,226,0,0
-136,118,112,-10,5600,292,0,0
-99,-145,100,90,5410,292,0,0
-18,-388,31,33,5157,428,0,0
40,-248,77,153,4846,407,0,0
119,-214,197,21,4700,608,0,0
186,131,380,-74,4431,674,0,0
234,119,494,-152,4235,712,0,0
218,6,536,-274,4175,748,0,0
166,161,459,-126,4006,518,0,0
69,28,248,267,3652,121,0,0
-82,-565,-47,383,3139,-374,0,0
-155,-703,-211,508,2489,-624,0,0
-163,-499,-296,889,2940,-920,0,0
-123,-529,-434,1017,3414,-950,0,0
-135,-213,-403,1022,3245,-1061,0,0
-140,-92,-227,981,3276,-1160,0,0
-93,-238,-67,711,2919,-1160,0,0
-41,-101,71,501,2233,-1026,0,0
27,4,-19,675,2614,-782,0,0
45,-192,-315,788,3389,-515,0,0
-56,-380,-491,797,3527,-364,0,0
-210,-399,-428,725,3719,-301,0,0
-324,-333,-278,776,3907,-404,0,0
-329,-400,-143,575,3709,-316,0,0
-275,-238,89,427,3736,-258,0,0
-216,-19,287,429,4017,-180,0,0
-201,22,346,490,4265,-212,0,0
-234,-219,371,452,3937,-342,0,0
-236,-406,477,495,3886,-448,0,0
-163,-305,573,654,3576,-421,0,0
-72,-172,618,959,3156,-401,0,0
135,-382,415,1248,3943,-274,0,0
350,-526,1,1017,4103,-106,0,0
426,28,-66,804,3586,-158,0,0
319,605,240,1005,3375,-341,0,0
157,389,413,1151,3282,-332,0,0
61,-53,270,1068,3308,-333,0,0
80,-24,-60,1143,3440,-354,0,0
122,125,-391,1249,3470,-444,0,0
139,145,-496,1248,3531,-518,0,0
125,213,-392,1277,3535,-574,0,0
93,283,-198,1275,3358,-623,0,0
88,350,-40,1265,3225,-645,0,0
105,454,-25,1272,3046,-674,0,0
75,489,-78,1299,2726,-657,0,0
-8,350,-149,1272,2653,-636,0,0
-7,189,-276,1133,3082,-494,0,0
30,366,-367,733,3226,-231,0,0
-34,629,-252,768,3378,-103,0,0
-92,-7,-298,731,4224,-57,0,0
-83,-683,-280,149,4073,317,0,0
-123,-676,143,-107,3511,66,0,0
-73,-426,503,-250,3918,99,0,0
7,-359,485,-384,4285,441,0,0
108,-332,426,-573,4373,620,0,0
195,-37,401,-534,4824,611,0,0
238,301,312,-324,5119,467,0,0
151,293,157,-64,5350,188,0,0
66,110,-99,94,5930,184,0,0
4,133,-298,97,5981,226,0,0
7,378,-326,43,6020,280,0,0
-23,585,-287,183,5525,120,0,0
-99,255,-272,182,5113,-26,0,0
-119,106,-336,75,4657,85,0,0
-128,256,-359,212,4240,34,0,0
-131,-107,-299,77,3994,83,0,0
-118,-251,-59,-83,3692,192,0,0
-31,-139,199,-179,3700,289,0,0
92,84,430,-236,3713,449,0,0
106,358,583,-121,3640,302,0,0
17,244,593,47,3471,99,0,0
-151,-36,511,239,2731,-126,0,0
-247,-343,347,516,2677,-176,0,0
-203,-488,1,909,3441,-114,0,0
-170,-327,-450,1043,3666,-120,0,0
-255,165,-599,1095,3463,-198,0,0
-396,325,-514,1501,3545,-527,0,0
-367,-281,-515,1486,3439,-512,0,0
-232,-535,-422,1174,3234,-409,0,0
-53,-81,-122,1062,3160,-393,0,0
134,298,166,1169,3330,-278,0,0
277,347,273,1155,3720,-144,0,0
366,376,240,1095,3937,-53,0,0
393,420,214,1024,3757,-13,0,0
378,368,269,979,3611,-41,0,0
381,245,347,863,3481,-55,0,0
439,225,371,767,3762,-36,0,0
480,291,226,682,3925,-169,0,0
461,325,47,606,3624,-364,0,0
388,210,-67,756,3722,-554,0,0
246,-164,-185,835,3725,-696,0,0
107,-390,-129,721,3432,-816,0,0
59,-161,3,825,3651,-890,0,0
98,-5,-31,1060,3789,-933,0,0
48,-180,-162,962,3365,-1069,0,0
10,-183,-164,857,3214,-1159,0,0
21,-76,-106,870,3283,-1133,0,0
9,-54,-45,807,3011,-1170,0,0
-50,-105,6,830,2680,-1207,0,0
-104,-353,-30,780,2654,-1078,0,0
-112,-405,-88,655,2501,-973,0,0
-85,-285,-123,868,2807,-883,0,0
-113,-391,-216,828,3186,-835,0,0
-186,-130,-131,679,2900,-845,0,0
-187,39,-7,636,2958,-892,0,0
-131,-15,-32,323,3409,-694,0,0
-75,317,-80,251,3569,-547,0,0
28,536,-29,59,3880,-136,0,0
131,469,83,-73,4466,116,0,0
142,406,77,-493,4178,355,0,0
92,786,-28,-173,4566,279,0,0
-19,551,-236,82,4903,329,0,0
-149,19,-387,154,5158,311,0,0
-222,-197,-367,19,5327,226,0,0
-288,5,-180,65,5202,-15,0,0
-251,82,-78,130,5480,-20,0,0
-179,30,-63,103,5482,-17,0,0
-49,-209,-5,61,5912,81,0,0
13,-279,86,-235,5751,263,0,0
-32,-79,232,-269,5287,97,0,0
-31,-195,212,-375,4962,174,0,0
48,-173,104,-290,4600,167,0,0
149,-439,59,-134,4652,219,0,0
209,-618,107,-249,4375,320,0,0
329,-302,217,-225,4230,319,0,0
435,77,350,-139,4327,406,0,0
367,386,463,-126,3956,137,0,0
177,261,531,-69,2798,-478,0,0
121,-56,518,305,2130,-732,0,0
71,-55,379,694,2223,-659,0,0
-39,-33,99,1036,2643,-936,0,0
-106,-99,-212,1065,2728,-1082,0,0
-162,47,-284,1073,2892,-1046,0,0
-225,91,-205,1170,3408,-1160,0,0
-259,-115,-122,1047,3388,-1209,0,0
-264,-118,50,843,3132,-1105,0,0
-239,73,166,909,3073,-997,0,0
-231,-43,132,945,3072,-901,0,0
-207,-273,69,868,3278,-778,0,0
-155,-244,71,858,3498,-666,0,0
-123,-166,164,901,3673,-703,0,0
-101,-238,339,975,3984,-727,0,0
-26,-356,448,1005,4465,-614,0,0
78,-318,427,931,4051,-507,0,0
128,-212,492,875,2886,-513,0,0
164,-273,598,971,2849,-388,0,0
170,-476,430,1069,3388,-242,0,0
146,-507,48,1099,3979,-113,0,0
17,-175,-261,1147,3951,-226,0,0
-109,-5,-279,1307,3852,-280,0,0
-202,-258,-181,1285,4009,-337,0,0
-301,-294,-90,1071,3711,-489,0,0
-396,149,43,1099,3078,-607,0,0
-451,271,56,1332,2880,-717,0,0
-417,17,-194,1438,2981,-748,0,0
-303,-93,-527,1458,3229,-826,0,0
-114,94,-657,1553,3461,-818,0,0
32,264,-544,1573,3555,-748,0,0
45,211,-326,1516,3493,-766,0,0
19,38,-122,1461,3355,-777,0,0
52,63,-6,1342,3104,-697,0,0
103,233,7,1326,2815,-646,0,0
120,244,-34,1238,2467,-599,0,0
113,175,-48,1086,2628,-438,0,0
139,257,-105,908,3645,-169,0,0
50,394,-92,793,3670,-62,0,0
-27,-49,65,599,3933,43,0,0
-18,-396,319,134,3699,249,0,0
24,5,607,44,3563,244,0,0
75,191,627,230,4262,193,0,0
67,-135,459,23,4557,253,0,0
9,-238,412,-240,4555,256,0,0
-43,-66,460,-106,4394,233,0,0
-28,-62,277,42,4481,147,0,0
-7,-10,-60,367,4649,95,0,0
-15,-81,-415,727,5599,232,0,0
-107,-348,-602,601,5677,325,0,0
-164,-249,-468,391,5741,378,0,0
-105,213,-282,487,5753,429,0,0
-37,471,-225,501,5561,410,0,0
-40,446,-183,381,5256,355,0,0
-121,335,-104,314,4801,212,0,0
-193,153,-23,323,4475,123,0,0
-171,-77,72,295,4200,130,0,0
-62,-190,228,184,3925,191,0,0
96,-25,411,80,3757,222,0,0
204,240,516,241,3766,224,0,0
163,154,482,475,3663,105,0,0
29,-155,394,626,3164,-59,0,0
-102,-366,372,620,2578,-133,0,0
-135,-258,313,696,2625,-82,0,0
-172,-46,-55,1016,2945,-188,0,0
-275,-118,-569,1139,2839,-279,0,0
-405,-179,-835,1220,3084,-430,0,0
-456,-289,-888,1388,3310,-594,0,0
-370,-532,-853,1362,3285,-549,0,0
-233,-527,-707,1307,3551,-582,0,0
-46,-193,-473,1287,3705,-580,0,0
129,194,-170,1239,3797,-479,0,0
252,476,171,1223,3929,-322,0,0
280,583,382,1177,3857,-226,0,0
251,546,449,1121,3547,-210,0,0
234,358,450,1113,3429,-179,0,0
284,104,337,1064,3906,-40,0,0
333,149,189,831,3855,4,0,0
259,438,296,784,3210,-158,0,0
175,244,491,957,3409,-248,0,0
198,-684,358,1106,4077,-212,0,0
244,-1287,-8,608,3948,-178,0,0
181,-237,-99,646,3595,-509,0,0
163,425,9,966,3546,-723,0,0
265,91,15,789,3496,-535,0,0
392,253,-49,609,3576,-402,0,0
430,755,-137,697,3564,-415,0,0
376,777,-162,638,3324,-309,0,0
266,598,-98,627,3624,-297,0,0
141,498,-143,645,4169,-349,0,0
-48,544,-265,678,3984,-545,0,0
-250,526,-325,923,3419,-887,0,0
-286,18,-430,1087,3188,-1128,0,0
-142,-354,-501,971,3321,-1076,0,0
-21,-103,-480,932,3528,-1103,0,0
-2,371,-313,1022,3283,-1162,0,0
-44,303,-74,1075,3042,-1163,0,0
-65,-108,23,909,3010,-973,0,0
-38,-98,25,783,2897,-867,0,0
-11,28,43,942,3116,-827,0,0
-52,-172,41,884,3252,-818,0,0
-107,-91,98,622,2771,-843,0,0
-98,322,182,540,2440,-843,0,0
-50,347,153,459,3046,-681,0,0
42,200,-57,145,3807,-383,0,0
64,597,-73,15,3633,6,0,0
5,286,-2,135,4309,-116,0,0
26,-222,-33,-589,4220,323,0,0
74,552,-44,-285,4206,240,0,0
115,358,-253,312,4904,204,0,0
11,-303,-436,197,4929,447,0,0
-86,-183,-346,114,5167,361,0,0
-118,240,-70,75,4807,299,0,0
-160,159,143,131,4734,167,0,0
-206,-120,131,23,5115,230,0,0
-262,-114,-14,250,5748,127,0,0
-290,-449,-112,180,5932,193,0,0
-250,-587,-30,33,5647,157,0,0
-113,-536,59,-134,5564,168,0,0
-6,-273,140,-224,4785,136,0,0
126,-233,189,-332,4740,275,0,0
283,-124,183,-339,4555,458,0,0
364,-70,190,-246,4299,519,0,0
391,-125,217,-275,4365,708,0,0
322,178,241,-152,4031,599,0,0
150,243,197,153,3773,207,0,0
-24,24,55,288,3213,-235,0,0
-115,-72,-62,562,2577,-614,0,0
-156,-300,-167,778,2605,-838,0,0
-201,-345,-215,853,2686,-1077,0,0
-170,-166,-201,1037,2961,-1104,0,0
-94,-137,-222,1177,3773,-938,0,0
-79,-200,-190,1028,3836,-971,0,0
-38,-70,125,669,3315,-892,0,0
9,123,527,515,3148,-702,0,0
-46,86,599,475,3106,-719,0,0
-100,-225,311,587,2895,-742,0,0
-117,-553,-18,597,3168,-650,0,0
-118,-568,-180,619,3582,-590,0,0
-112,-398,-131,681,3619,-603,0,0
-81,-431,-15,716,3881,-635,0,0
-25,-567,22,663,4684,-488,0,0
-52,-515,43,558,4198,-452,0,0
-131,-630,197,459,2796,-592,0,0
-18,-897,385,281,3133,-378,0,0
165,-459,363,542,3928,-48,0,0
207,303,177,640,3732,-39,0,0
64,801,116,814,3064,-359,0,0
-98,538,169,943,2937,-478,0,0
-116,15,94,987,3353,-258,0,0
-1,-16,-167,1164,4315,-195,0,0
99,180,-419,1257,4652,-253,0,0
50,392,-366,1199,4238,-566,0,0
-81,534,69,1166,3629,-769,0,0
-209,256,439,1305,3227,-871,0,0
-204,-290,488,1070,2965,-784,0,0
-113,-272,245,1074,3143,-760,0,0
23,-56,-206,1267,3361,-782,0,0
117,32,-540,1291,3333,-684,0,0
104,112,-530,1390,3286,-785,0,0
73,61,-347,1476,3367,-811,0,0
24,46,-219,1571,3195,-836,0,0
3,3,-188,1461,2817,-810,0,0
-7,42,-139,1389,2541,-769,0,0
17,3,-81,1365,3216,-581,0,0
49,7,-55,781,3340,-203,0,0
-41,382,233,470,3170,43,0,0
-90,161,388,607,4261,7,0,0
-62,-615,318,90,3936,328,0,0
-94,-522,526,-304,3581,443,0,0
-102,-60,754,-52,4317,250,0,0
-60,-145,670,-292,4468,161,0,0
43,-35,509,-423,4664,69,0,0
84,153,408,-78,4843,21,0,0
44,-254,305,71,5131,1,0,0
17,-411,198,37,4705,17,0,0
24,23,49,355,4546,60,0,0
37,133,-290,721,4954,156,0,0
-28,-200,-693,790,5345,133,0,0
-63,-202,-860,582,5721,255,0,0
-88,116,-696,475,5789,235,0,0
-98,240,-451,400,5377,-20,0,0
-105,192,-178,379,4826,-97,0,0
-58,137,-20,305,4618,47,0,0
-19,150,103,293,4231,57,0,0
18,89,225,258,4087,69,0,0
72,68,362,158,4034,221,0,0
51,216,471,229,3919,73,0,0
-28,129,419,466,3655,-174,0,0
-90,-201,294,609,3182,-310,0,0
-133,-413,254,543,2717,-315,0,0
-131,-151,227,635,2633,-240,0,0
-170,205,2,1002,2630,-302,0,0
-278,-13,-389,1222,2694,-328,0,0
-404,-400,-720,1208,2898,-412,0,0
-393,-579,-787,1119,2977,-397,0,0
-255,-515,-625,1038,3094,-307,0,0
-79,-207,-407,1026,3436,-197,0,0
111,308,-236,1120,3883,-148,0,0
214,729,-128,1217,3975,-153,0,0
158,873,29,1248,3745,-196,0,0
21,704,213,1255,3454,-290,0,0
-82,351,319,1211,3208,-304,0,0
-88,75,336,1099,3486,-265,0,0
30,104,264,1141,4166,-177,0,0
206,217,46,1218,4783,-82,0,0
256,345,-75,994,4159,-113,0,0
110,441,283,979,3239,-388,0,0
19,31,733,1054,3376,-425,0,0
134,-487,784,914,3830,-207,0,0
387,-286,430,766,4114,-18,0,0
499,340,25,859,3798,-112,0,0
370,429,-58,991,3452,-425,0,0
229,-86,62,892,3479,-502,0,0
253,-305,159,679,3447,-416,0,0
340,66,133,731,3449,-468,0,0
334,278,-16,957,3715,-658,0,0
223,117,-157,1043,3870,-738,0,0
71,-39,-239,1137,3785,-879,0,0
-13,-198,-272,1131,3228,-971,0,0
4,-224,-238,1005,2664,-995,0,0
66,-80,-137,1024,2486,-948,0,0
109,-46,-127,1190,3119,-824,0,0
39,-134,-265,1091,3261,-901,0,0
-56,12,-163,995,2594,-1021,0,0
-54,-5,54,1148,3046,-937,0,0
5,-187,0,877,3542,-801,0,0
29,266,-66,835,3407,-832,0,0
-8,526,-83,1013,3654,-991,0,0
-47,215,-144,897,3703,-1092,0,0
-40,317,-140,737,3412,-1055,0,0
-98,638,-92,956,3190,-1207,0,0
-129,270,-147,728,3125,-1033,0,0
-91,281,-221,607,3209,-718,0,0
-39,307,-299,588,3566,-313,0,0
-18,106,-284,337,4036,-6,0,0
72,405,-145,150,4250,284,0,0
53,535,42,136,3729,329,0,0
-38,222,109,-14,4117,267,0,0
-170,129,-34,170,4245,182,0,0
-277,-119,-233,244,4406,176,0,0
-371,-423,-261,231,4559,24,0,0
-293,-425,-99,120,4911,143,0,0
-193,-20,63,120,4876,165,0,0
-142,23,99,284,5343,106,0,0
-119,-262,73,181,5718,402,0,0
-160,-209,124,61,5528,318,0,0
-123,-42,139,25,5363,274,0,0
-71,128,77,132,5120,215,0,0
-51,93,13,129,4992,320,0,0
-59,-65,-30,165,4716,315,0,0
-11,-343,-52,189,4671,393,0,0
95,-362,-7,84,4574,507,0,0
193,17,162,-166,4395,560,0,0
234,363,353,-138,4422,611,0,0
181,327,397,-73,4190,414,0,0
39,40,241,370,3526,20,0,0
-243,-988,20,608,2678,-335,0,0
-438,-1915,-131,7,2337,-382,0,0
-321,-737,-371,466,2708,-739,0,0
-221,178,-693,1064,3303,-990,0,0
-233,-48,-748,1192,3713,-1027,0,0
-181,-106,-561,924,3697,-878,0,0
-162,100,-254,895,3522,-940,0,0
-147,-87,38,811,3262,-944,0,0
-91,-257,176,702,3084,-865,0,0
24,-297,135,656,3256,-811,0,0
142,-260,82,649,3398,-706,0,0
244,-176,143,538,3616,-564,0,0
290,42,341,311,3419,-448,0,0
254,323,511,282,3147,-480,0,0
207,273,461,491,3503,-473,0,0
174,-157,237,688,4413,-325,0,0
84,-413,73,697,4651,-378,0,0
-70,-420,209,648,3353,-568,0,0
-79,-584,494,550,2749,-567,0,0
99,-610,519,495,2861,-374,0,0
236,-268,349,649,3140,-200,0,0
208,-81,174,988,3872,-247,0,0
166,-156,-64,1217,4631,-159,0,0
139,-102,-316,1140,4523,-137,0,0
12,275,-269,1010,3792,-338,0,0
-231,522,49,1122,3163,-667,0,0
-383,168,262,1123,2876,-705,0,0
-372,-205,162,1060,2893,-666,0,0
-255,-55,-132,1149,3210,-594,0,0
-162,488,-334,1470,3518,-569,0,0
-140,516,-297,1691,3453,-566,0,0
-172,139,-117,1361,3083,-581,0,0
-249,255,72,1336,2843,-720,0,0
-282,152,14,1442,2746,-714,0,0
-248,-21,-210,1301,2501,-642,0,0
-185,81,-291,1231,2558,-504,0,0
-112,131,-281,1088,3142,-181,0,0
-112,8,-223,945,3263,-68,0,0
17,-130,-132,698,4156,229,0,0
116,5,45,403,4426,440,0,0
58,61,409,56,4094,470,0,0
8,-90,690,-113,4448,500,0,0
133,-142,720,-579,4690,809,0,0
280,383,586,-370,5033,704,0,0
298,588,386,17,5017,560,0,0
142,84,188,226,5255,443,0,0
64,-261,-83,166,5625,372,0,0
122,78,-322,441,5985,316,0,0
131,119,-578,562,6237,130,0,0
-6,-188,-617,508,5900,-55,0,0
-108,-389,-484,266,5404,-78,0,0
-46,-109,-419,181,4585,52,0,0
44,198,-514,311,4160,123,0,0
43,3,-602,399,4184,123,0,0
27,-466,-543,129,3950,164,0,0
135,-382,-201,-150,3754,282,0,0
332,-15,171,-246,3789,279,0,0
441,178,493,-352,3554,216,0,0
405,99,648,-417,3242,38,0,0
395,-107,607,-415,2931,83,0,0
416,-95,597,-185,2990,224,0,0
360,-152,601,124,3014,136,0,0
228,-278,561,233,2535,-64,0,0
71,-234,556,396,2471,-372,0,0
-21,-126,373,863,3318,-578,0,0
-91,-74,-293,1350,4420,-432,0,0
-348,-29,-1009,1552,4299,-795,0,0
-604,-138,-1158,1672,4302,-1183,0,0
-754,-532,-851,1506,3827,-1176,0,0
-768,-565,-336,1190,3122,-1044,0,0
-649,-239,70,1189,2951,-1015,0,0
-436,-116,168,1204,3063,-850,0,0
-188,-7,73,1102,3384,-691,0,0
17,360,61,1008,3312,-540,0,0
105,656,230,1170,3503,-522,0,0
140,409,308,1188,3764,-450,0,0
143,159,335,985,3494,-355,0,0
137,263,403,1016,3668,-363,0,0
238,259,265,1198,4874,-172,0,0
250,252,3,857,3956,-274,0,0
134,375,301,667,2419,-609,0,0
230,60,683,595,2826,-466,0,0
490,-112,536,402,3806,-48,0,0
621,547,116,700,4514,-219,0,0
463,1080,-108,1080,4466,-729,0,0
144,756,-21,1370,4425,-1054,0,0
-86,-375,39,1199,3644,-1152,0,0
-32,-730,122,841,2676,-970,0,0
72,-49,119,993,2608,-992,0,0
99,137,-45,1271,2571,-971,0,0
92,-108,-194,1351,2718,-949,0,0
122,-148,-253,1303,3229,-867,0,0
102,46,-243,1284,3322,-979,0,0
47,86,-60,1129,2990,-1055,0,0
29,47,186,1089,3050,-1015,0,0
63,0,232,889,3060,-965,0,0
120,187,144,813,3021,-954,0,0
123,375,66,771,2865,-1009,0,0
85,395,73,676,2852,-989,0,0
81,398,23,467,3234,-736,0,0
71,580,-93,331,3388,-375,0,0
80,463,-254,472,3951,-261,0,0
152,128,-374,195,4374,187,0,0
108,427,-295,69,4135,326,0,0
41,608,-276,279,4615,274,0,0
-65,378,-483,406,4698,258,0,0
-186,62,-668,336,5209,223,0,0
-361,-7,-640,325,5240,-2,0,0
-394,-126,-499,301,5423,-72,0,0
-336,-213,-379,258,5453,-5,0,0
-313,-238,-227,327,5459,-121,0,0
-204,-364,-107,237,5677,62,0,0
-23,-148,30,170,5264,208,0,0
67,-75,184,261,5141,132,0,0
83,-251,292,51,4865,255,0,0
109,-186,428,-102,4564,277,0,0
232,-162,495,-317,4626,382,0,0
363,281,583,-278,4507,468,0,0
366,458,634,48,4352,324,0,0
299,64,563,236,4261,278,0,0
206,-96,421,516,3985,139,0,0
59,-225,314,766,3179,-368,0,0
-26,-378,302,892,2566,-846,0,0
-31,-387,322,1031,2388,-1109,0,0
-75,-309,328,1162,2334,-1326,0,0
-73,-311,314,1287,2475,-1223,0,0
-36,-413,136,1336,2708,-999,0,0
-29,-473,-138,1312,3339,-933,0,0
-63,-303,-226,1163,3574,-950,0,0
-93,45,2,1137,3383,-1065,0,0
-107,47,231,1118,3296,-1202,0,0
-62,-112,210,965,3060,-1148,0,0
22,-52,22,1010,3041,-1025,0,0
82,-50,-170,1060,3117,-869,0,0
104,-47,-247,1095,3335,-692,0,0
60,3,-263,1141,3563,-589,0,0
-53,-31,-253,1221,3968,-557,0,0
-186,-217,-240,1188,4150,-551,0,0
-338,-382,-102,1043,3218,-600,0,0
-424,-590,152,1001,2916,-622,0,0
-397,-747,194,1057,3374,-518,0,0
