{
  "original_frozen_test_previously_opened": true,
  "test_used_for_current_weight_selection": false,
  "ensemble_weights_selected_on_validation": {
    "base": 0.85,
    "masked": 0.15
  },
  "decision_mode_selected_on_validation": "causal_cumulative_bout",
  "feature_dim": 297,
  "base_test": {
    "file_count": 29,
    "window_count": 5634,
    "sample_stats": {
      "too_short": 0,
      "rest_filtered": 413,
      "kept_windows": 5634,
      "files_without_valid_window": 0,
      "motion_edge_trimmed_points": 157
    },
    "single_window": {
      "accuracy": 0.9433794817181399,
      "macro_f1_present_classes": 0.9291146822643863,
      "class_recalls": {
        "good_morning": 0.958,
        "jumping_jack": 0.9506781750924784,
        "jumping_lunge": 0.9208494208494209,
        "jumping_squat": 0.7108843537414966,
        "lunge": 0.9856733524355301,
        "sit": 0.9971550497866287,
        "squat": 0.857429718875502,
        "trot": 1.0,
        "tuck_jump": 0.8746666666666667,
        "walk": 0.9909638554216867,
        "wave": 0.9948119325551232
      },
      "class_support": {
        "good_morning": 500,
        "jumping_jack": 811,
        "jumping_lunge": 518,
        "jumping_squat": 294,
        "lunge": 349,
        "sit": 703,
        "squat": 498,
        "trot": 483,
        "tuck_jump": 375,
        "walk": 332,
        "wave": 771
      },
      "confusion_matrix": [
        [
          479,
          0,
          7,
          7,
          1,
          1,
          0,
          0,
          2,
          0,
          3
        ],
        [
          0,
          771,
          16,
          5,
          1,
          4,
          1,
          0,
          13,
          0,
          0
        ],
        [
          7,
          1,
          477,
          12,
          3,
          4,
          1,
          0,
          12,
          1,
          0
        ],
        [
          0,
          20,
          6,
          209,
          0,
          0,
          0,
          0,
          59,
          0,
          0
        ],
        [
          0,
          0,
          0,
          0,
          344,
          0,
          0,
          0,
          4,
          1,
          0
        ],
        [
          1,
          0,
          0,
          1,
          0,
          701,
          0,
          0,
          0,
          0,
          0
        ],
        [
          1,
          0,
          0,
          60,
          0,
          0,
          427,
          0,
          10,
          0,
          0
        ],
        [
          0,
          0,
          0,
          0,
          0,
          0,
          0,
          483,
          0,
          0,
          0
        ],
        [
          0,
          1,
          11,
          34,
          0,
          0,
          0,
          0,
          328,
          1,
          0
        ],
        [
          0,
          1,
          0,
          0,
          1,
          0,
          0,
          0,
          1,
          329,
          0
        ],
        [
          0,
          0,
          0,
          0,
          0,
          0,
          4,
          0,
          0,
          0,
          767
        ]
      ]
    },
    "cumulative_bout": {
      "accuracy": 0.9929002484913028,
      "macro_f1_present_classes": 0.9896279056393392,
      "class_recalls": {
        "good_morning": 0.996,
        "jumping_jack": 1.0,
        "jumping_lunge": 0.9980694980694981,
        "jumping_squat": 0.891156462585034,
        "lunge": 1.0,
        "sit": 1.0,
        "squat": 0.9979919678714859,
        "trot": 1.0,
        "tuck_jump": 1.0,
        "walk": 0.9909638554216867,
        "wave": 0.9987029831387808
      },
      "class_support": {
        "good_morning": 500,
        "jumping_jack": 811,
        "jumping_lunge": 518,
        "jumping_squat": 294,
        "lunge": 349,
        "sit": 703,
        "squat": 498,
        "trot": 483,
        "tuck_jump": 375,
        "walk": 332,
        "wave": 771
      },
      "confusion_matrix": [
        [
          498,
          0,
          0,
          0,
          0,
          0,
          0,
          0,
          0,
          0,
          2
        ],
        [
          0,
          811,
          0,
          0,
          0,
          0,
          0,
          0,
          0,
          0,
          0
        ],
        [
          0,
          1,
          517,
          0,
          0,
          0,
          0,
          0,
          0,
          0,
          0
        ],
        [
          0,
          0,
          0,
          262,
          0,
          0,
          0,
          0,
          32,
          0,
          0
        ],
        [
          0,
          0,
          0,
          0,
          349,
          0,
          0,
          0,
          0,
          0,
          0
        ],
        [
          0,
          0,
          0,
          0,
          0,
          703,
          0,
          0,
          0,
          0,
          0
        ],
        [
          1,
          0,
          0,
          0,
          0,
          0,
          497,
          0,
          0,
          0,
          0
        ],
        [
          0,
          0,
          0,
          0,
          0,
          0,
          0,
          483,
          0,
          0,
          0
        ],
        [
          0,
          0,
          0,
          0,
          0,
          0,
          0,
          0,
          375,
          0,
          0
        ],
        [
          0,
          1,
          2,
          0,
          0,
          0,
          0,
          0,
          0,
          329,
          0
        ],
        [
          0,
          0,
          0,
          0,
          0,
          0,
          1,
          0,
          0,
          0,
          770
        ]
      ]
    }
  },
  "base_test_target_recalls": {
    "jumping_squat": 0.891156462585034,
    "squat": 0.9979919678714859,
    "tuck_jump": 1.0
  },
  "base_test_target_gate_passed": true,
  "external_holdout": {
    "file_count": 3,
    "window_count": 425,
    "sample_stats": {
      "too_short": 0,
      "rest_filtered": 145,
      "kept_windows": 425,
      "files_without_valid_window": 0,
      "motion_edge_trimmed_points": 1914
    },
    "single_window": {
      "accuracy": 0.4611764705882353,
      "macro_f1_present_classes": 0.18328726101814233,
      "class_recalls": {
        "jumping_jack": 0.44776119402985076,
        "jumping_lunge": 0.556390977443609,
        "jumping_squat": 0.3924050632911392
      },
      "class_support": {
        "jumping_jack": 134,
        "jumping_lunge": 133,
        "jumping_squat": 158
      },